NUMBER, DRIVER_NUMBER, LAP_NUMBER, LAP_TIME, LAP_IMPROVEMENT, CROSSING_FINISH_LINE_IN_PIT, S1, S1_IMPROVEMENT, S2, S2_IMPROVEMENT, S3, S3_IMPROVEMENT, KPH, ELAPSED, HOUR,S1_LARGE,S2_LARGE,S3_LARGE,TOP_SPEED,DRIVER_NAME,PIT_TIME,CLASS,GROUP,TEAM,MANUFACTURER,FLAG_AT_FL,S1_SECONDS,S2_SECONDS,S3_SECONDS,
10,3,1,1:53.680,0,,34.595,0,34.348,0,44.737,0,134.8,1:53.680,15:31:53.680,0:34.595,0:34.348,0:44.737,137.4,Gabriel AUBRY,0:00:09.927,LMP2,,Vector Sport,Oreca,GF,34.595,34.348,44.737,
10,3,2,1:42.413,0,,24.692,0,30.964,0,46.757,0,160.4,3:36.093,15:33:36.093,0:24.692,0:30.964,0:46.757,266.7,Gabriel AUBRY,,LMP2,,Vector Sport,Oreca,GF,24.692,30.964,46.757,
10,3,3,1:36.327,0,,23.909,0,30.621,0,41.797,0,170.5,5:12.420,15:35:12.420,0:23.909,0:30.621,0:41.797,277.6,Gabriel AUBRY,,LMP2,,Vector Sport,Oreca,GF,23.909,30.621,41.797,
10,3,4,1:34.955,0,,23.335,0,30.262,0,41.358,2,173.0,6:47.375,15:36:47.375,0:23.335,0:30.262,0:41.358,290.3,Gabriel AUBRY,,LMP2,,Vector Sport,Oreca,GF,23.335,30.262,41.358,
10,3,5,1:34.491,2,,23.213,2,29.886,0,41.392,0,173.8,8:21.866,15:38:21.866,0:23.213,0:29.886,0:41.392,295.1,Gabriel AUBRY,,LMP2,,Vector Sport,Oreca,GF,23.213,29.886,41.392,
10,3,6,1:38.457,0,,23.268,0,29.814,0,45.375,0,166.8,10:00.323,15:40:00.323,0:23.268,0:29.814,0:45.375,290.3,Gabriel AUBRY,,LMP2,,Vector Sport,Oreca,GF,23.268,29.814,45.375,
10,3,7,1:34.802,0,,23.665,0,29.663,0,41.474,0,173.3,11:35.125,15:41:35.125,0:23.665,0:29.663,0:41.474,291.1,Gabriel AUBRY,,LMP2,,Vector Sport,Oreca,GF,23.665,29.663,41.474,
10,3,8,1:42.131,0,B,23.510,0,29.517,2,49.104,0,160.8,13:17.256,15:43:17.256,0:23.510,0:29.517,0:49.104,291.9,Gabriel AUBRY,,LMP2,,Vector Sport,Oreca,GF,23.510,29.517,49.104,
10,1,9,3:23.611,0,,2:10.817,0,30.909,0,41.885,0,80.7,16:40.867,15:46:40.867,2:10.817,0:30.909,0:41.885,145.6,Ryan CULLEN,0:01:51.238,LMP2,,Vector Sport,Oreca,GF,130.817,30.909,41.885,
10,1,10,1:35.597,0,,23.807,0,29.926,0,41.864,0,171.8,18:16.464,15:48:16.464,0:23.807,0:29.926,0:41.864,284.2,Ryan CULLEN,,LMP2,,Vector Sport,Oreca,GF,23.807,29.926,41.864,
10,1,11,1:35.644,0,,23.793,0,29.811,0,42.040,0,171.7,19:52.108,15:49:52.108,0:23.793,0:29.811,0:42.040,279.8,Ryan CULLEN,,LMP2,,Vector Sport,Oreca,GF,23.793,29.811,42.040,
10,1,12,1:37.525,0,,23.643,0,31.372,0,42.510,0,168.4,21:29.633,15:51:29.633,0:23.643,0:31.372,0:42.510,285.0,Ryan CULLEN,,LMP2,,Vector Sport,Oreca,GF,23.643,31.372,42.510,
10,1,13,1:35.314,0,,23.582,0,29.870,0,41.862,0,172.3,23:04.947,15:53:04.947,0:23.582,0:29.870,0:41.862,286.5,Ryan CULLEN,,LMP2,,Vector Sport,Oreca,GF,23.582,29.870,41.862,
10,1,14,1:35.410,0,,23.737,0,29.865,0,41.808,0,172.2,24:40.357,15:54:40.357,0:23.737,0:29.865,0:41.808,288.8,Ryan CULLEN,,LMP2,,Vector Sport,Oreca,GF,23.737,29.865,41.808,
10,1,15,1:36.710,0,,23.725,0,30.216,0,42.769,0,169.9,26:17.067,15:56:17.067,0:23.725,0:30.216,0:42.769,284.2,Ryan CULLEN,,LMP2,,Vector Sport,Oreca,GF,23.725,30.216,42.769,
10,1,16,1:43.005,0,B,23.885,0,30.449,0,48.671,0,159.5,28:00.072,15:58:00.072,0:23.885,0:30.449,0:48.671,277.6,Ryan CULLEN,,LMP2,,Vector Sport,Oreca,GF,23.885,30.449,48.671,
10,1,17,4:28.779,0,,3:12.195,0,33.323,0,43.261,0,61.1,32:28.851,16:02:28.851,3:12.195,0:33.323,0:43.261,138.8,Ryan CULLEN,0:02:49.943,LMP2,,Vector Sport,Oreca,GF,192.195,33.323,43.261,
10,1,18,1:39.964,0,,24.051,0,31.366,0,44.547,0,164.3,34:08.815,16:04:08.815,0:24.051,0:31.366,0:44.547,283.5,Ryan CULLEN,,LMP2,,Vector Sport,Oreca,GF,24.051,31.366,44.547,
10,1,19,1:36.955,0,,24.000,0,30.923,0,42.032,0,169.4,35:45.770,16:05:45.770,0:24.000,0:30.923,0:42.032,285.7,Ryan CULLEN,,LMP2,,Vector Sport,Oreca,GF,24.000,30.923,42.032,
10,1,20,1:35.511,0,,23.658,0,29.954,0,41.899,0,172.0,37:21.281,16:07:21.281,0:23.658,0:29.954,0:41.899,281.2,Ryan CULLEN,,LMP2,,Vector Sport,Oreca,GF,23.658,29.954,41.899,
10,1,21,1:34.721,0,,23.422,0,29.669,1,41.630,0,173.4,38:56.002,16:08:56.002,0:23.422,0:29.669,0:41.630,288.8,Ryan CULLEN,,LMP2,,Vector Sport,Oreca,GF,23.422,29.669,41.630,
10,1,22,1:34.815,0,,23.476,1,29.802,0,41.537,0,173.3,40:30.817,16:10:30.817,0:23.476,0:29.802,0:41.537,288.0,Ryan CULLEN,,LMP2,,Vector Sport,Oreca,GF,23.476,29.802,41.537,
10,1,23,1:35.010,0,,23.535,0,29.869,0,41.606,1,172.9,42:05.827,16:12:05.827,0:23.535,0:29.869,0:41.606,289.5,Ryan CULLEN,,LMP2,,Vector Sport,Oreca,GF,23.535,29.869,41.606,
10,1,24,1:42.530,0,B,23.951,0,30.171,0,48.408,0,160.2,43:48.357,16:13:48.357,0:23.951,0:30.171,0:48.408,270.0,Ryan CULLEN,,LMP2,,Vector Sport,Oreca,GF,23.951,30.171,48.408,
10,2,25,3:13.197,0,,1:59.439,0,31.066,0,42.692,0,85.0,47:01.554,16:17:01.554,1:59.439,0:31.066,0:42.692,145.2,Matthias KAISER,0:01:39.602,LMP2,,Vector Sport,Oreca,GF,119.439,31.066,42.692,
10,2,26,1:37.855,0,,23.921,0,31.135,0,42.799,0,167.9,48:39.409,16:18:39.409,0:23.921,0:31.135,0:42.799,288.0,Matthias KAISER,,LMP2,,Vector Sport,Oreca,GF,23.921,31.135,42.799,
10,2,27,1:36.971,0,,23.897,0,30.566,0,42.508,0,169.4,50:16.380,16:20:16.380,0:23.897,0:30.566,0:42.508,287.2,Matthias KAISER,,LMP2,,Vector Sport,Oreca,GF,23.897,30.566,42.508,
10,2,28,1:36.883,0,,23.814,0,30.447,0,42.622,0,169.6,51:53.263,16:21:53.263,0:23.814,0:30.447,0:42.622,288.8,Matthias KAISER,,LMP2,,Vector Sport,Oreca,GF,23.814,30.447,42.622,
10,2,29,1:37.944,0,,24.301,0,31.323,0,42.320,0,167.7,53:31.207,16:23:31.207,0:24.301,0:31.323,0:42.320,262.1,Matthias KAISER,,LMP2,,Vector Sport,Oreca,GF,24.301,31.323,42.320,
10,2,30,1:36.661,0,,23.768,0,30.516,0,42.377,0,169.9,55:07.868,16:25:07.868,0:23.768,0:30.516,0:42.377,289.5,Matthias KAISER,,LMP2,,Vector Sport,Oreca,GF,23.768,30.516,42.377,
10,2,31,1:38.923,0,,23.864,0,30.990,0,44.069,0,166.1,56:46.791,16:26:46.791,0:23.864,0:30.990,0:44.069,285.7,Matthias KAISER,,LMP2,,Vector Sport,Oreca,GF,23.864,30.990,44.069,
10,2,32,1:36.480,0,,23.729,0,30.199,0,42.552,0,170.3,58:23.271,16:28:23.271,0:23.729,0:30.199,0:42.552,288.0,Matthias KAISER,,LMP2,,Vector Sport,Oreca,GF,23.729,30.199,42.552,
10,2,33,1:42.966,0,B,24.020,0,30.117,0,48.829,0,159.5,1:00:06.237,16:30:06.237,0:24.020,0:30.117,0:48.829,289.5,Matthias KAISER,,LMP2,,Vector Sport,Oreca,GF,24.020,30.117,48.829,
10,2,34,7:39.273,0,,6:25.058,0,31.450,0,42.765,0,35.8,1:07:45.510,16:37:45.510,6:25.058,0:31.450,0:42.765,143.8,Matthias KAISER,0:06:04.906,LMP2,,Vector Sport,Oreca,GF,385.058,31.450,42.765,
10,2,35,1:37.106,0,,24.277,0,30.423,0,42.406,0,169.2,1:09:22.616,16:39:22.616,0:24.277,0:30.423,0:42.406,268.0,Matthias KAISER,,LMP2,,Vector Sport,Oreca,GF,24.277,30.423,42.406,
10,2,36,1:36.576,0,,23.830,0,30.736,0,42.010,0,170.1,1:10:59.192,16:40:59.192,0:23.830,0:30.736,0:42.010,284.2,Matthias KAISER,,LMP2,,Vector Sport,Oreca,GF,23.830,30.736,42.010,
10,2,37,1:35.808,0,,23.686,0,30.177,0,41.945,0,171.5,1:12:35.000,16:42:35.000,0:23.686,0:30.177,0:41.945,286.5,Matthias KAISER,,LMP2,,Vector Sport,Oreca,GF,23.686,30.177,41.945,
10,2,38,1:37.158,0,,23.598,0,30.508,0,43.052,0,169.1,1:14:12.158,16:44:12.158,0:23.598,0:30.508,0:43.052,289.5,Matthias KAISER,,LMP2,,Vector Sport,Oreca,GF,23.598,30.508,43.052,
10,2,39,1:36.498,0,,23.563,1,30.612,0,42.323,0,170.2,1:15:48.656,16:45:48.656,0:23.563,0:30.612,0:42.323,292.7,Matthias KAISER,,LMP2,,Vector Sport,Oreca,GF,23.563,30.612,42.323,
10,2,40,1:35.543,0,,23.759,0,29.843,1,41.941,1,171.9,1:17:24.199,16:47:24.199,0:23.759,0:29.843,0:41.941,289.5,Matthias KAISER,,LMP2,,Vector Sport,Oreca,GF,23.759,29.843,41.941,
10,2,41,1:41.086,0,B,23.730,0,29.846,0,47.510,0,162.5,1:19:05.285,16:49:05.285,0:23.730,0:29.846,0:47.510,289.5,Matthias KAISER,,LMP2,,Vector Sport,Oreca,GF,23.730,29.846,47.510,
10,3,42,3:10.478,0,,1:58.531,0,30.277,0,41.670,0,86.2,1:22:15.763,16:52:15.763,1:58.531,0:30.277,0:41.670,147.3,Gabriel AUBRY,0:01:38.538,LMP2,,Vector Sport,Oreca,GF,118.531,30.277,41.670,
10,3,43,1:35.110,0,,23.659,0,29.766,0,41.685,0,172.7,1:23:50.873,16:53:50.873,0:23.659,0:29.766,0:41.685,291.1,Gabriel AUBRY,,LMP2,,Vector Sport,Oreca,GF,23.659,29.766,41.685,
10,3,44,1:35.557,0,,23.497,0,30.123,0,41.937,0,171.9,1:25:26.430,16:55:26.430,0:23.497,0:30.123,0:41.937,291.9,Gabriel AUBRY,,LMP2,,Vector Sport,Oreca,GF,23.497,30.123,41.937,
10,3,45,1:36.918,0,,23.621,0,30.314,0,42.983,0,169.5,1:27:03.348,16:57:03.348,0:23.621,0:30.314,0:42.983,291.9,Gabriel AUBRY,,LMP2,,Vector Sport,Oreca,GF,23.621,30.314,42.983,
10,3,46,1:36.413,0,,23.522,0,30.503,0,42.388,0,170.4,1:28:39.761,16:58:39.761,0:23.522,0:30.503,0:42.388,290.3,Gabriel AUBRY,,LMP2,,Vector Sport,Oreca,GF,23.522,30.503,42.388,
10,3,47,1:35.280,0,,23.573,0,29.827,0,41.880,0,172.4,1:30:15.041,17:00:15.041,0:23.573,0:29.827,0:41.880,291.9,Gabriel AUBRY,,LMP2,,Vector Sport,Oreca,FF,23.573,29.827,41.880,
2,1,1,2:17.261,0,,57.608,0,35.190,0,44.463,0,111.6,2:17.261,15:32:17.261,0:57.608,0:35.190,0:44.463,114.6,Earl BAMBER,0:00:30.638,HYPERCAR,H,Cadillac Racing,Cadillac,GF,57.608,35.190,44.463,
2,1,2,1:34.722,0,,23.882,0,30.148,0,40.692,0,173.4,3:51.983,15:33:51.983,0:23.882,0:30.148,0:40.692,257.1,Earl BAMBER,,HYPERCAR,H,Cadillac Racing,Cadillac,GF,23.882,30.148,40.692,
2,1,3,1:32.889,0,,22.550,0,28.582,0,41.757,0,176.8,5:24.872,15:35:24.872,0:22.550,0:28.582,0:41.757,294.3,Earl BAMBER,,HYPERCAR,H,Cadillac Racing,Cadillac,GF,22.550,28.582,41.757,
2,1,4,1:32.827,0,,22.314,1,28.591,0,41.922,0,177.0,6:57.699,15:36:57.699,0:22.314,0:28.591,0:41.922,303.4,Earl BAMBER,,HYPERCAR,H,Cadillac Racing,Cadillac,GF,22.314,28.591,41.922,
2,1,5,1:32.755,0,,22.441,0,29.938,0,40.376,0,177.1,8:30.454,15:38:30.454,0:22.441,0:29.938,0:40.376,305.9,Earl BAMBER,,HYPERCAR,H,Cadillac Racing,Cadillac,GF,22.441,29.938,40.376,
2,1,6,1:32.928,0,,22.780,0,29.252,0,40.896,0,176.8,10:03.382,15:40:03.382,0:22.780,0:29.252,0:40.896,307.7,Earl BAMBER,,HYPERCAR,H,Cadillac Racing,Cadillac,GF,22.780,29.252,40.896,
2,1,7,1:31.591,2,,22.446,0,28.561,2,40.584,1,179.3,11:34.973,15:41:34.973,0:22.446,0:28.561,0:40.584,307.7,Earl BAMBER,,HYPERCAR,H,Cadillac Racing,Cadillac,GF,22.446,28.561,40.584,
2,1,8,1:37.306,0,B,22.653,0,28.859,0,45.794,0,168.8,13:12.279,15:43:12.279,0:22.653,0:28.859,0:45.794,303.4,Earl BAMBER,,HYPERCAR,H,Cadillac Racing,Cadillac,GF,22.653,28.859,45.794,
2,1,9,6:52.704,0,,5:42.327,0,29.396,0,40.981,0,39.8,20:04.983,15:50:04.983,5:42.327,0:29.396,0:40.981,158.8,Earl BAMBER,0:05:23.807,HYPERCAR,H,Cadillac Racing,Cadillac,GF,342.327,29.396,40.981,
2,1,10,1:32.534,0,,22.789,0,29.121,0,40.624,0,177.5,21:37.517,15:51:37.517,0:22.789,0:29.121,0:40.624,290.3,Earl BAMBER,,HYPERCAR,H,Cadillac Racing,Cadillac,GF,22.789,29.121,40.624,
2,1,11,1:32.007,0,,22.591,0,28.715,0,40.701,0,178.5,23:09.524,15:53:09.524,0:22.591,0:28.715,0:40.701,302.5,Earl BAMBER,,HYPERCAR,H,Cadillac Racing,Cadillac,GF,22.591,28.715,40.701,
2,1,12,1:32.728,0,,22.732,0,28.998,0,40.998,0,177.2,24:42.252,15:54:42.252,0:22.732,0:28.998,0:40.998,296.7,Earl BAMBER,,HYPERCAR,H,Cadillac Racing,Cadillac,GF,22.732,28.998,40.998,
2,1,13,1:33.313,0,,22.485,0,29.162,0,41.666,0,176.0,26:15.565,15:56:15.565,0:22.485,0:29.162,0:41.666,304.2,Earl BAMBER,,HYPERCAR,H,Cadillac Racing,Cadillac,GF,22.485,29.162,41.666,
2,1,14,1:33.071,0,,22.513,0,28.851,0,41.707,0,176.5,27:48.636,15:57:48.636,0:22.513,0:28.851,0:41.707,305.9,Earl BAMBER,,HYPERCAR,H,Cadillac Racing,Cadillac,GF,22.513,28.851,41.707,
2,1,15,1:32.759,0,,22.471,0,29.213,0,41.075,0,177.1,29:21.395,15:59:21.395,0:22.471,0:29.213,0:41.075,305.1,Earl BAMBER,,HYPERCAR,H,Cadillac Racing,Cadillac,GF,22.471,29.213,41.075,
2,1,16,1:37.509,0,B,22.498,0,28.883,0,46.128,0,168.5,30:58.904,16:00:58.904,0:22.498,0:28.883,0:46.128,305.9,Earl BAMBER,,HYPERCAR,H,Cadillac Racing,Cadillac,GF,22.498,28.883,46.128,
2,3,17,7:10.901,0,,5:59.104,0,30.393,0,41.404,0,38.1,38:09.805,16:08:09.805,5:59.104,0:30.393,0:41.404,157.4,Richard WESTBROOK,0:05:39.835,HYPERCAR,H,Cadillac Racing,Cadillac,GF,359.104,30.393,41.404,
2,3,18,1:34.596,0,,23.077,0,30.125,0,41.394,0,173.7,39:44.401,16:09:44.401,0:23.077,0:30.125,0:41.394,274.1,Richard WESTBROOK,,HYPERCAR,H,Cadillac Racing,Cadillac,GF,23.077,30.125,41.394,
2,3,19,1:34.162,0,,22.956,0,30.029,0,41.177,0,174.5,41:18.563,16:11:18.563,0:22.956,0:30.029,0:41.177,296.7,Richard WESTBROOK,,HYPERCAR,H,Cadillac Racing,Cadillac,GF,22.956,30.029,41.177,
2,3,20,1:34.923,0,,22.783,0,29.701,0,42.439,0,173.1,42:53.486,16:12:53.486,0:22.783,0:29.701,0:42.439,300.0,Richard WESTBROOK,,HYPERCAR,H,Cadillac Racing,Cadillac,GF,22.783,29.701,42.439,
2,3,21,1:33.562,0,,22.749,0,29.729,0,41.084,0,175.6,44:27.048,16:14:27.048,0:22.749,0:29.729,0:41.084,297.5,Richard WESTBROOK,,HYPERCAR,H,Cadillac Racing,Cadillac,GF,22.749,29.729,41.084,
2,3,22,1:34.276,0,,23.184,0,29.912,0,41.180,0,174.2,46:01.324,16:16:01.324,0:23.184,0:29.912,0:41.180,274.1,Richard WESTBROOK,,HYPERCAR,H,Cadillac Racing,Cadillac,GF,23.184,29.912,41.180,
2,3,23,1:33.324,0,,22.704,0,29.613,0,41.007,0,176.0,47:34.648,16:17:34.648,0:22.704,0:29.613,0:41.007,296.7,Richard WESTBROOK,,HYPERCAR,H,Cadillac Racing,Cadillac,GF,22.704,29.613,41.007,
2,3,24,1:34.274,0,,22.768,0,29.456,0,42.050,0,174.2,49:08.922,16:19:08.922,0:22.768,0:29.456,0:42.050,299.2,Richard WESTBROOK,,HYPERCAR,H,Cadillac Racing,Cadillac,GF,22.768,29.456,42.050,
2,3,25,1:33.064,0,,22.641,0,29.417,0,41.006,0,176.5,50:41.986,16:20:41.986,0:22.641,0:29.417,0:41.006,305.1,Richard WESTBROOK,,HYPERCAR,H,Cadillac Racing,Cadillac,GF,22.641,29.417,41.006,
2,3,26,1:34.323,0,,22.743,0,30.275,0,41.305,0,174.2,52:16.309,16:22:16.309,0:22.743,0:30.275,0:41.305,304.2,Richard WESTBROOK,,HYPERCAR,H,Cadillac Racing,Cadillac,GF,22.743,30.275,41.305,
2,3,27,1:33.347,0,,22.663,0,29.498,0,41.186,0,176.0,53:49.656,16:23:49.656,0:22.663,0:29.498,0:41.186,304.2,Richard WESTBROOK,,HYPERCAR,H,Cadillac Racing,Cadillac,GF,22.663,29.498,41.186,
2,3,28,1:33.534,0,,22.666,0,29.378,0,41.490,0,175.6,55:23.190,16:25:23.190,0:22.666,0:29.378,0:41.490,305.1,Richard WESTBROOK,,HYPERCAR,H,Cadillac Racing,Cadillac,GF,22.666,29.378,41.490,
2,3,29,1:33.265,0,,22.859,0,29.321,0,41.085,0,176.1,56:56.455,16:26:56.455,0:22.859,0:29.321,0:41.085,293.5,Richard WESTBROOK,,HYPERCAR,H,Cadillac Racing,Cadillac,GF,22.859,29.321,41.085,
2,3,30,1:34.741,0,,22.670,0,30.167,0,41.904,0,173.4,58:31.196,16:28:31.196,0:22.670,0:30.167,0:41.904,304.2,Richard WESTBROOK,,HYPERCAR,H,Cadillac Racing,Cadillac,GF,22.670,30.167,41.904,
2,3,31,1:33.429,0,,22.595,0,29.522,0,41.312,0,175.8,1:00:04.625,16:30:04.625,0:22.595,0:29.522,0:41.312,304.2,Richard WESTBROOK,,HYPERCAR,H,Cadillac Racing,Cadillac,GF,22.595,29.522,41.312,
2,3,32,1:35.514,0,,22.562,0,29.169,1,43.783,0,172.0,1:01:40.139,16:31:40.139,0:22.562,0:29.169,0:43.783,305.1,Richard WESTBROOK,,HYPERCAR,H,Cadillac Racing,Cadillac,GF,22.562,29.169,43.783,
2,3,33,2:50.890,0,,26.202,0,1:07.732,0,1:16.956,0,96.1,1:04:31.029,16:34:31.029,0:26.202,1:07.732,1:16.956,305.1,Richard WESTBROOK,,HYPERCAR,H,Cadillac Racing,Cadillac,FCY,26.202,67.732,76.956,
2,3,34,2:28.056,0,,58.475,0,47.652,0,41.929,0,110.9,1:06:59.085,16:36:59.085,0:58.475,0:47.652,0:41.929,79.9,Richard WESTBROOK,,HYPERCAR,H,Cadillac Racing,Cadillac,GF,58.475,47.652,41.929,
2,3,35,1:32.908,0,,22.667,0,29.398,0,40.843,1,176.8,1:08:31.993,16:38:31.993,0:22.667,0:29.398,0:40.843,299.2,Richard WESTBROOK,,HYPERCAR,H,Cadillac Racing,Cadillac,GF,22.667,29.398,40.843,
2,3,36,1:32.794,0,,22.541,0,29.361,0,40.892,0,177.0,1:10:04.787,16:40:04.787,0:22.541,0:29.361,0:40.892,302.5,Richard WESTBROOK,,HYPERCAR,H,Cadillac Racing,Cadillac,GF,22.541,29.361,40.892,
2,3,37,1:34.514,0,,22.538,1,29.389,0,42.587,0,173.8,1:11:39.301,16:41:39.301,0:22.538,0:29.389,0:42.587,304.2,Richard WESTBROOK,,HYPERCAR,H,Cadillac Racing,Cadillac,GF,22.538,29.389,42.587,
2,3,38,1:35.323,0,,22.571,0,29.800,0,42.952,0,172.3,1:13:14.624,16:43:14.624,0:22.571,0:29.800,0:42.952,304.2,Richard WESTBROOK,,HYPERCAR,H,Cadillac Racing,Cadillac,GF,22.571,29.800,42.952,
2,3,39,1:36.267,0,,22.765,0,29.755,0,43.747,0,170.6,1:14:50.891,16:44:50.891,0:22.765,0:29.755,0:43.747,302.5,Richard WESTBROOK,,HYPERCAR,H,Cadillac Racing,Cadillac,GF,22.765,29.755,43.747,
2,3,40,1:39.871,0,B,22.772,0,29.492,0,47.607,0,164.5,1:16:30.762,16:46:30.762,0:22.772,0:29.492,0:47.607,305.1,Richard WESTBROOK,,HYPERCAR,H,Cadillac Racing,Cadillac,GF,22.772,29.492,47.607,
2,2,41,3:13.744,0,,1:47.195,0,38.473,0,48.076,0,84.8,1:19:44.506,16:49:44.506,1:47.195,0:38.473,0:48.076,113.6,Alex LYNN,0:01:21.790,HYPERCAR,H,Cadillac Racing,Cadillac,GF,107.195,38.473,48.076,
2,2,42,1:39.993,0,,24.444,0,32.956,0,42.593,0,164.3,1:21:24.499,16:51:24.499,0:24.444,0:32.956,0:42.593,252.9,Alex LYNN,,HYPERCAR,H,Cadillac Racing,Cadillac,GF,24.444,32.956,42.593,
2,2,43,1:33.467,0,,22.922,0,29.751,0,40.794,0,175.7,1:22:57.966,16:52:57.966,0:22.922,0:29.751,0:40.794,285.7,Alex LYNN,,HYPERCAR,H,Cadillac Racing,Cadillac,GF,22.922,29.751,40.794,
2,2,44,1:31.620,0,,22.723,0,28.968,0,39.929,2,179.3,1:24:29.586,16:54:29.586,0:22.723,0:28.968,0:39.929,308.6,Alex LYNN,,HYPERCAR,H,Cadillac Racing,Cadillac,GF,22.723,28.968,39.929,
2,2,45,1:32.489,0,,22.428,0,28.847,1,41.214,0,177.6,1:26:02.075,16:56:02.075,0:22.428,0:28.847,0:41.214,308.6,Alex LYNN,,HYPERCAR,H,Cadillac Racing,Cadillac,GF,22.428,28.847,41.214,
2,2,46,1:32.046,0,,22.279,2,29.123,0,40.644,0,178.5,1:27:34.121,16:57:34.121,0:22.279,0:29.123,0:40.644,308.6,Alex LYNN,,HYPERCAR,H,Cadillac Racing,Cadillac,GF,22.279,29.123,40.644,
2,2,47,1:32.389,0,,22.487,0,29.551,0,40.351,0,177.8,1:29:06.510,16:59:06.510,0:22.487,0:29.551,0:40.351,309.5,Alex LYNN,,HYPERCAR,H,Cadillac Racing,Cadillac,GF,22.487,29.551,40.351,
2,2,48,1:32.741,0,,22.581,0,29.644,0,40.516,0,177.1,1:30:39.251,17:00:39.251,0:22.581,0:29.644,0:40.516,306.8,Alex LYNN,,HYPERCAR,H,Cadillac Racing,Cadillac,FF,22.581,29.644,40.516,
21,3,1,3:02.503,0,,1:41.915,0,35.058,0,45.530,0,84.0,3:02.503,15:33:02.503,1:41.915,0:35.058,0:45.530,124.9,Kei COZZOLINO,0:01:15.819,LMGTE Am,,AF Corse,Ferrari,GF,101.915,35.058,45.530,
21,3,2,1:41.208,0,,25.674,0,32.006,0,43.528,0,162.3,4:43.711,15:34:43.711,0:25.674,0:32.006,0:43.528,255.3,Kei COZZOLINO,,LMGTE Am,,AF Corse,Ferrari,GF,25.674,32.006,43.528,
21,3,3,1:39.759,0,,24.913,0,31.768,0,43.078,0,164.7,6:23.470,15:36:23.470,0:24.913,0:31.768,0:43.078,260.2,Kei COZZOLINO,,LMGTE Am,,AF Corse,Ferrari,GF,24.913,31.768,43.078,
21,3,4,1:38.850,0,,24.762,0,31.139,2,42.949,0,166.2,8:02.320,15:38:02.320,0:24.762,0:31.139,0:42.949,264.1,Kei COZZOLINO,,LMGTE Am,,AF Corse,Ferrari,GF,24.762,31.139,42.949,
21,3,5,1:38.718,2,,24.647,0,31.232,0,42.839,2,166.4,9:41.038,15:39:41.038,0:24.647,0:31.232,0:42.839,264.7,Kei COZZOLINO,,LMGTE Am,,AF Corse,Ferrari,GF,24.647,31.232,42.839,
21,3,6,1:44.330,0,B,24.638,2,31.338,0,48.354,0,157.5,11:25.368,15:41:25.368,0:24.638,0:31.338,0:48.354,266.0,Kei COZZOLINO,,LMGTE Am,,AF Corse,Ferrari,GF,24.638,31.338,48.354,
21,2,7,3:45.700,0,,2:28.917,0,32.348,0,44.435,0,72.8,15:11.068,15:45:11.068,2:28.917,0:32.348,0:44.435,136.0,Simon MANN,0:02:08.614,LMGTE Am,,AF Corse,Ferrari,GF,148.917,32.348,44.435,
21,2,8,1:41.470,0,,25.110,0,31.989,0,44.371,0,161.9,16:52.538,15:46:52.538,0:25.110,0:31.989,0:44.371,264.1,Simon MANN,,LMGTE Am,,AF Corse,Ferrari,GF,25.110,31.989,44.371,
21,2,9,1:42.432,0,,25.074,0,32.894,0,44.464,0,160.4,18:34.970,15:48:34.970,0:25.074,0:32.894,0:44.464,265.4,Simon MANN,,LMGTE Am,,AF Corse,Ferrari,GF,25.074,32.894,44.464,
21,2,10,1:41.114,0,,25.221,0,31.894,0,43.999,0,162.5,20:16.084,15:50:16.084,0:25.221,0:31.894,0:43.999,262.1,Simon MANN,,LMGTE Am,,AF Corse,Ferrari,GF,25.221,31.894,43.999,
21,2,11,1:40.681,0,,24.926,0,31.766,0,43.989,0,163.2,21:56.765,15:51:56.765,0:24.926,0:31.766,0:43.989,264.7,Simon MANN,,LMGTE Am,,AF Corse,Ferrari,GF,24.926,31.766,43.989,
21,2,12,1:41.446,0,,25.389,0,31.715,0,44.342,0,161.9,23:38.211,15:53:38.211,0:25.389,0:31.715,0:44.342,264.1,Simon MANN,,LMGTE Am,,AF Corse,Ferrari,GF,25.389,31.715,44.342,
21,2,13,1:40.947,0,,24.861,0,31.857,0,44.229,0,162.7,25:19.158,15:55:19.158,0:24.861,0:31.857,0:44.229,263.4,Simon MANN,,LMGTE Am,,AF Corse,Ferrari,GF,24.861,31.857,44.229,
21,2,14,1:40.289,0,,24.899,0,31.464,1,43.926,0,163.8,26:59.447,15:56:59.447,0:24.899,0:31.464,0:43.926,265.4,Simon MANN,,LMGTE Am,,AF Corse,Ferrari,GF,24.899,31.464,43.926,
21,2,15,1:42.199,0,,25.408,0,32.460,0,44.331,0,160.7,28:41.646,15:58:41.646,0:25.408,0:32.460,0:44.331,262.1,Simon MANN,,LMGTE Am,,AF Corse,Ferrari,GF,25.408,32.460,44.331,
21,2,16,1:41.265,0,,25.136,0,31.914,0,44.215,0,162.2,30:22.911,16:00:22.911,0:25.136,0:31.914,0:44.215,262.1,Simon MANN,,LMGTE Am,,AF Corse,Ferrari,GF,25.136,31.914,44.215,
21,2,17,1:40.721,0,,24.948,0,31.877,0,43.896,0,163.1,32:03.632,16:02:03.632,0:24.948,0:31.877,0:43.896,265.4,Simon MANN,,LMGTE Am,,AF Corse,Ferrari,GF,24.948,31.877,43.896,
21,2,18,1:41.115,0,,25.205,0,31.555,0,44.355,0,162.5,33:44.747,16:03:44.747,0:25.205,0:31.555,0:44.355,264.7,Simon MANN,,LMGTE Am,,AF Corse,Ferrari,GF,25.205,31.555,44.355,
21,2,19,1:43.012,0,,25.242,0,33.588,0,44.182,0,159.5,35:27.759,16:05:27.759,0:25.242,0:33.588,0:44.182,263.4,Simon MANN,,LMGTE Am,,AF Corse,Ferrari,GF,25.242,33.588,44.182,
21,2,20,1:40.264,0,,24.934,0,31.620,0,43.710,0,163.8,37:08.023,16:07:08.023,0:24.934,0:31.620,0:43.710,264.7,Simon MANN,,LMGTE Am,,AF Corse,Ferrari,GF,24.934,31.620,43.710,
21,2,21,1:41.195,0,,24.834,0,31.906,0,44.455,0,162.3,38:49.218,16:08:49.218,0:24.834,0:31.906,0:44.455,264.7,Simon MANN,,LMGTE Am,,AF Corse,Ferrari,GF,24.834,31.906,44.455,
21,2,22,1:41.837,0,,25.559,0,32.207,0,44.071,0,161.3,40:31.055,16:10:31.055,0:25.559,0:32.207,0:44.071,267.3,Simon MANN,,LMGTE Am,,AF Corse,Ferrari,GF,25.559,32.207,44.071,
21,2,23,1:40.855,0,,25.046,0,31.931,0,43.878,0,162.9,42:11.910,16:12:11.910,0:25.046,0:31.931,0:43.878,266.7,Simon MANN,,LMGTE Am,,AF Corse,Ferrari,GF,25.046,31.931,43.878,
21,2,24,1:40.145,0,,24.811,1,31.667,0,43.667,0,164.0,43:52.055,16:13:52.055,0:24.811,0:31.667,0:43.667,266.7,Simon MANN,,LMGTE Am,,AF Corse,Ferrari,GF,24.811,31.667,43.667,
21,2,25,1:47.042,0,B,25.368,0,32.370,0,49.304,0,153.5,45:39.097,16:15:39.097,0:25.368,0:32.370,0:49.304,259.6,Simon MANN,,LMGTE Am,,AF Corse,Ferrari,GF,25.368,32.370,49.304,
21,1,26,3:32.063,0,,2:11.125,0,34.552,0,46.386,0,77.5,49:11.160,16:19:11.160,2:11.125,0:34.552,0:46.386,127.1,Hiroshi KOIZUMI,0:01:48.165,LMGTE Am,,AF Corse,Ferrari,GF,131.125,34.552,46.386,
21,1,27,1:50.522,0,,31.535,0,34.315,0,44.672,0,148.6,51:01.682,16:21:01.682,0:31.535,0:34.315,0:44.672,266.0,Hiroshi KOIZUMI,,LMGTE Am,,AF Corse,Ferrari,GF,31.535,34.315,44.672,
21,1,28,1:43.341,0,,25.936,0,32.728,0,44.677,0,159.0,52:45.023,16:22:45.023,0:25.936,0:32.728,0:44.677,264.7,Hiroshi KOIZUMI,,LMGTE Am,,AF Corse,Ferrari,GF,25.936,32.728,44.677,
21,1,29,1:43.519,0,,25.374,0,32.941,0,45.204,0,158.7,54:28.542,16:24:28.542,0:25.374,0:32.941,0:45.204,265.4,Hiroshi KOIZUMI,,LMGTE Am,,AF Corse,Ferrari,GF,25.374,32.941,45.204,
21,1,30,1:42.631,0,,25.017,0,32.858,0,44.756,0,160.1,56:11.173,16:26:11.173,0:25.017,0:32.858,0:44.756,265.4,Hiroshi KOIZUMI,,LMGTE Am,,AF Corse,Ferrari,GF,25.017,32.858,44.756,
21,1,31,1:43.846,0,,25.282,0,32.797,0,45.767,0,158.2,57:55.019,16:27:55.019,0:25.282,0:32.797,0:45.767,264.1,Hiroshi KOIZUMI,,LMGTE Am,,AF Corse,Ferrari,GF,25.282,32.797,45.767,
21,1,32,1:42.664,0,,25.497,0,32.666,0,44.501,0,160.0,59:37.683,16:29:37.683,0:25.497,0:32.666,0:44.501,263.4,Hiroshi KOIZUMI,,LMGTE Am,,AF Corse,Ferrari,GF,25.497,32.666,44.501,
21,1,33,1:43.355,0,,25.127,0,32.509,0,45.719,0,158.9,1:01:21.038,16:31:21.038,0:25.127,0:32.509,0:45.719,266.0,Hiroshi KOIZUMI,,LMGTE Am,,AF Corse,Ferrari,GF,25.127,32.509,45.719,
21,1,34,2:36.850,0,,25.426,0,53.789,0,1:17.635,0,104.7,1:03:57.888,16:33:57.888,0:25.426,0:53.789,1:17.635,264.7,Hiroshi KOIZUMI,,LMGTE Am,,AF Corse,Ferrari,FCY,25.426,53.789,77.635,
21,1,35,2:51.600,0,,58.742,0,1:07.518,0,45.340,0,95.7,1:06:49.488,16:36:49.488,0:58.742,1:07.518,0:45.340,79.8,Hiroshi KOIZUMI,,LMGTE Am,,AF Corse,Ferrari,GF,58.742,67.518,45.340,
21,1,36,1:44.604,0,,25.713,0,33.630,0,45.261,0,157.0,1:08:34.092,16:38:34.092,0:25.713,0:33.630,0:45.261,257.8,Hiroshi KOIZUMI,,LMGTE Am,,AF Corse,Ferrari,GF,25.713,33.630,45.261,
21,1,37,1:54.623,0,B,26.107,0,35.245,0,53.271,0,143.3,1:10:28.715,16:40:28.715,0:26.107,0:35.245,0:53.271,262.1,Hiroshi KOIZUMI,,LMGTE Am,,AF Corse,Ferrari,GF,26.107,35.245,53.271,
21,1,38,2:56.322,0,,1:30.614,0,37.351,0,48.357,0,93.2,1:13:25.037,16:43:25.037,1:30.614,0:37.351,0:48.357,101.1,Hiroshi KOIZUMI,0:01:01.957,LMGTE Am,,AF Corse,Ferrari,GF,90.614,37.351,48.357,
21,1,39,1:45.844,0,,26.525,0,33.628,0,45.691,0,155.2,1:15:10.881,16:45:10.881,0:26.525,0:33.628,0:45.691,230.3,Hiroshi KOIZUMI,,LMGTE Am,,AF Corse,Ferrari,GF,26.525,33.628,45.691,
21,1,40,1:43.136,0,,25.760,0,32.720,0,44.656,0,159.3,1:16:54.017,16:46:54.017,0:25.760,0:32.720,0:44.656,266.0,Hiroshi KOIZUMI,,LMGTE Am,,AF Corse,Ferrari,GF,25.760,32.720,44.656,
21,1,41,1:43.085,0,,25.347,0,32.265,1,45.473,0,159.4,1:18:37.102,16:48:37.102,0:25.347,0:32.265,0:45.473,264.7,Hiroshi KOIZUMI,,LMGTE Am,,AF Corse,Ferrari,GF,25.347,32.265,45.473,
21,1,42,1:41.292,0,,24.993,1,32.306,0,43.993,0,162.2,1:20:18.394,16:50:18.394,0:24.993,0:32.306,0:43.993,268.0,Hiroshi KOIZUMI,,LMGTE Am,,AF Corse,Ferrari,GF,24.993,32.306,43.993,
21,1,43,1:41.466,0,,25.165,0,32.372,0,43.929,1,161.9,1:21:59.860,16:51:59.860,0:25.165,0:32.372,0:43.929,266.0,Hiroshi KOIZUMI,,LMGTE Am,,AF Corse,Ferrari,GF,25.165,32.372,43.929,
21,1,44,1:50.537,0,B,25.183,0,32.561,0,52.793,0,148.6,1:23:50.397,16:53:50.397,0:25.183,0:32.561,0:52.793,266.7,Hiroshi KOIZUMI,,LMGTE Am,,AF Corse,Ferrari,GF,25.183,32.561,52.793,
21,2,45,2:57.002,0,,1:40.611,0,32.264,0,44.127,0,92.8,1:26:47.399,16:56:47.399,1:40.611,0:32.264,0:44.127,136.4,Simon MANN,0:01:20.367,LMGTE Am,,AF Corse,Ferrari,GF,100.611,32.264,44.127,
21,2,46,1:40.017,0,,24.836,0,31.649,0,43.532,0,164.2,1:28:27.416,16:58:27.416,0:24.836,0:31.649,0:43.532,261.5,Simon MANN,,LMGTE Am,,AF Corse,Ferrari,GF,24.836,31.649,43.532,
21,2,47,1:40.158,0,,25.159,0,31.560,0,43.439,1,164.0,1:30:07.574,17:00:07.574,0:25.159,0:31.560,0:43.439,257.1,Simon MANN,,LMGTE Am,,AF Corse,Ferrari,FF,25.159,31.560,43.439,
22,2,1,2:13.779,0,,54.707,0,34.440,0,44.632,0,114.5,2:13.779,15:32:13.779,0:54.707,0:34.440,0:44.632,132.2,Philip HANSON,0:00:29.246,LMP2,,United Autosports,Oreca,GF,54.707,34.440,44.632,
22,2,2,1:38.376,0,,25.182,0,31.020,0,42.174,0,167.0,3:52.155,15:33:52.155,0:25.182,0:31.020,0:42.174,235.3,Philip HANSON,,LMP2,,United Autosports,Oreca,GF,25.182,31.020,42.174,
22,2,3,1:41.426,0,,24.052,0,30.091,0,47.283,0,162.0,5:33.581,15:35:33.581,0:24.052,0:30.091,0:47.283,275.5,Philip HANSON,,LMP2,,United Autosports,Oreca,GF,24.052,30.091,47.283,
22,2,4,1:34.552,0,,23.458,0,29.722,0,41.372,0,173.7,7:08.133,15:37:08.133,0:23.458,0:29.722,0:41.372,290.3,Philip HANSON,,LMP2,,United Autosports,Oreca,GF,23.458,29.722,41.372,
22,2,5,1:36.227,0,,23.585,0,30.387,0,42.255,0,170.7,8:44.360,15:38:44.360,0:23.585,0:30.387,0:42.255,290.3,Philip HANSON,,LMP2,,United Autosports,Oreca,GF,23.585,30.387,42.255,
22,2,6,1:34.207,2,,23.379,0,29.550,0,41.278,2,174.4,10:18.567,15:40:18.567,0:23.379,0:29.550,0:41.278,289.5,Philip HANSON,,LMP2,,United Autosports,Oreca,GF,23.379,29.550,41.278,
22,2,7,1:43.542,0,,23.451,0,29.942,0,50.149,0,158.6,12:02.109,15:42:02.109,0:23.451,0:29.942,0:50.149,291.1,Philip HANSON,,LMP2,,United Autosports,Oreca,GF,23.451,29.942,50.149,
22,2,8,1:34.639,0,,23.591,0,29.497,0,41.551,0,173.6,13:36.748,15:43:36.748,0:23.591,0:29.497,0:41.551,288.0,Philip HANSON,,LMP2,,United Autosports,Oreca,GF,23.591,29.497,41.551,
22,2,9,1:40.327,0,B,23.347,1,29.445,2,47.535,0,163.7,15:17.075,15:45:17.075,0:23.347,0:29.445,0:47.535,291.1,Philip HANSON,,LMP2,,United Autosports,Oreca,GF,23.347,29.445,47.535,
22,1,10,8:43.359,0,,7:29.999,0,30.953,0,42.407,0,31.4,24:00.434,15:54:00.434,7:29.999,0:30.953,0:42.407,140.8,Frederick LUBIN,0:07:09.806,LMP2,,United Autosports,Oreca,GF,449.999,30.953,42.407,
22,1,11,1:35.972,0,,23.965,0,29.959,0,42.048,0,171.2,25:36.406,15:55:36.406,0:23.965,0:29.959,0:42.048,268.7,Frederick LUBIN,,LMP2,,United Autosports,Oreca,GF,23.965,29.959,42.048,
22,1,12,1:35.626,0,,23.752,0,29.693,0,42.181,0,171.8,27:12.032,15:57:12.032,0:23.752,0:29.693,0:42.181,272.7,Frederick LUBIN,,LMP2,,United Autosports,Oreca,GF,23.752,29.693,42.181,
22,1,13,1:35.838,0,,23.625,0,30.145,0,42.068,0,171.4,28:47.870,15:58:47.870,0:23.625,0:30.145,0:42.068,279.8,Frederick LUBIN,,LMP2,,United Autosports,Oreca,GF,23.625,30.145,42.068,
22,1,14,1:36.916,0,,24.008,0,30.563,0,42.345,0,169.5,30:24.786,16:00:24.786,0:24.008,0:30.563,0:42.345,276.9,Frederick LUBIN,,LMP2,,United Autosports,Oreca,GF,24.008,30.563,42.345,
22,1,15,1:36.262,0,,23.862,0,30.435,0,41.965,0,170.6,32:01.048,16:02:01.048,0:23.862,0:30.435,0:41.965,279.8,Frederick LUBIN,,LMP2,,United Autosports,Oreca,GF,23.862,30.435,41.965,
22,1,16,1:35.500,0,,23.694,0,29.975,0,41.831,0,172.0,33:36.548,16:03:36.548,0:23.694,0:29.975,0:41.831,280.5,Frederick LUBIN,,LMP2,,United Autosports,Oreca,GF,23.694,29.975,41.831,
22,1,17,1:35.793,0,,23.740,0,30.032,0,42.021,0,171.5,35:12.341,16:05:12.341,0:23.740,0:30.032,0:42.021,281.2,Frederick LUBIN,,LMP2,,United Autosports,Oreca,GF,23.740,30.032,42.021,
22,1,18,1:35.221,0,,23.646,0,29.864,0,41.711,1,172.5,36:47.562,16:06:47.562,0:23.646,0:29.864,0:41.711,285.7,Frederick LUBIN,,LMP2,,United Autosports,Oreca,GF,23.646,29.864,41.711,
22,1,19,1:37.350,0,,24.373,0,31.200,0,41.777,0,168.7,38:24.912,16:08:24.912,0:24.373,0:31.200,0:41.777,277.6,Frederick LUBIN,,LMP2,,United Autosports,Oreca,GF,24.373,31.200,41.777,
22,1,20,1:35.821,0,,23.673,0,29.965,0,42.183,0,171.4,40:00.733,16:10:00.733,0:23.673,0:29.965,0:42.183,285.0,Frederick LUBIN,,LMP2,,United Autosports,Oreca,GF,23.673,29.965,42.183,
22,1,21,1:35.222,0,,23.827,0,29.668,1,41.727,0,172.5,41:35.955,16:11:35.955,0:23.827,0:29.668,0:41.727,288.8,Frederick LUBIN,,LMP2,,United Autosports,Oreca,GF,23.827,29.668,41.727,
22,1,22,1:36.771,0,,23.825,0,31.142,0,41.804,0,169.7,43:12.726,16:13:12.726,0:23.825,0:31.142,0:41.804,285.0,Frederick LUBIN,,LMP2,,United Autosports,Oreca,GF,23.825,31.142,41.804,
22,1,23,1:35.501,0,,23.573,1,29.754,0,42.174,0,172.0,44:48.227,16:14:48.227,0:23.573,0:29.754,0:42.174,286.5,Frederick LUBIN,,LMP2,,United Autosports,Oreca,GF,23.573,29.754,42.174,
22,1,24,1:42.589,0,,26.154,0,32.146,0,44.289,0,160.1,46:30.816,16:16:30.816,0:26.154,0:32.146,0:44.289,256.5,Frederick LUBIN,,LMP2,,United Autosports,Oreca,GF,26.154,32.146,44.289,
22,1,25,1:43.238,0,B,23.716,0,29.970,0,49.552,0,159.1,48:14.054,16:18:14.054,0:23.716,0:29.970,0:49.552,280.5,Frederick LUBIN,,LMP2,,United Autosports,Oreca,GF,23.716,29.970,49.552,
22,3,26,4:10.642,0,,2:48.772,0,33.614,0,48.256,0,65.5,52:24.696,16:22:24.696,2:48.772,0:33.614,0:48.256,145.4,Filipe ALBUQUERQUE,0:02:28.109,LMP2,,United Autosports,Oreca,GF,168.772,33.614,48.256,
22,3,27,1:36.893,0,,23.712,0,30.950,0,42.231,0,169.5,54:01.589,16:24:01.589,0:23.712,0:30.950,0:42.231,287.2,Filipe ALBUQUERQUE,,LMP2,,United Autosports,Oreca,GF,23.712,30.950,42.231,
22,3,28,1:35.984,0,,23.735,0,30.082,0,42.167,0,171.1,55:37.573,16:25:37.573,0:23.735,0:30.082,0:42.167,289.5,Filipe ALBUQUERQUE,,LMP2,,United Autosports,Oreca,GF,23.735,30.082,42.167,
22,3,29,1:36.233,0,,23.827,0,30.229,0,42.177,0,170.7,57:13.806,16:27:13.806,0:23.827,0:30.229,0:42.177,290.3,Filipe ALBUQUERQUE,,LMP2,,United Autosports,Oreca,GF,23.827,30.229,42.177,
22,3,30,1:35.656,0,,23.615,0,30.069,0,41.972,0,171.7,58:49.462,16:28:49.462,0:23.615,0:30.069,0:41.972,288.8,Filipe ALBUQUERQUE,,LMP2,,United Autosports,Oreca,GF,23.615,30.069,41.972,
22,3,31,1:35.578,0,,23.531,0,30.059,0,41.988,0,171.9,1:00:25.040,16:30:25.040,0:23.531,0:30.059,0:41.988,288.0,Filipe ALBUQUERQUE,,LMP2,,United Autosports,Oreca,GF,23.531,30.059,41.988,
22,3,32,1:43.639,0,B,23.836,0,30.718,0,49.085,0,158.5,1:02:08.679,16:32:08.679,0:23.836,0:30.718,0:49.085,288.8,Filipe ALBUQUERQUE,,LMP2,,United Autosports,Oreca,FCY,23.836,30.718,49.085,
22,3,33,9:37.240,0,,8:23.885,0,30.969,0,42.386,0,28.5,1:11:45.919,16:41:45.919,8:23.885,0:30.969,0:42.386,145.7,Filipe ALBUQUERQUE,0:08:03.594,LMP2,,United Autosports,Oreca,GF,503.885,30.969,42.386,
22,3,34,1:36.914,0,,23.892,0,30.346,0,42.676,0,169.5,1:13:22.833,16:43:22.833,0:23.892,0:30.346,0:42.676,285.7,Filipe ALBUQUERQUE,,LMP2,,United Autosports,Oreca,GF,23.892,30.346,42.676,
22,3,35,1:35.758,0,,23.603,0,30.054,0,42.101,0,171.5,1:14:58.591,16:44:58.591,0:23.603,0:30.054,0:42.101,289.5,Filipe ALBUQUERQUE,,LMP2,,United Autosports,Oreca,GF,23.603,30.054,42.101,
22,3,36,1:35.720,0,,23.589,0,30.070,0,42.061,0,171.6,1:16:34.311,16:46:34.311,0:23.589,0:30.070,0:42.061,288.0,Filipe ALBUQUERQUE,,LMP2,,United Autosports,Oreca,GF,23.589,30.070,42.061,
22,3,37,1:35.004,0,,23.396,0,29.766,0,41.842,0,172.9,1:18:09.315,16:48:09.315,0:23.396,0:29.766,0:41.842,288.8,Filipe ALBUQUERQUE,,LMP2,,United Autosports,Oreca,GF,23.396,29.766,41.842,
22,3,38,1:37.207,0,,23.454,0,30.494,0,43.259,0,169.0,1:19:46.522,16:49:46.522,0:23.454,0:30.494,0:43.259,289.5,Filipe ALBUQUERQUE,,LMP2,,United Autosports,Oreca,GF,23.454,30.494,43.259,
22,3,39,1:39.782,0,,23.524,0,31.694,0,44.564,0,164.6,1:21:26.304,16:51:26.304,0:23.524,0:31.694,0:44.564,289.5,Filipe ALBUQUERQUE,,LMP2,,United Autosports,Oreca,GF,23.524,31.694,44.564,
22,3,40,1:35.440,0,,23.532,0,30.074,0,41.834,0,172.1,1:23:01.744,16:53:01.744,0:23.532,0:30.074,0:41.834,289.5,Filipe ALBUQUERQUE,,LMP2,,United Autosports,Oreca,GF,23.532,30.074,41.834,
22,3,41,1:34.639,0,,23.419,0,29.789,0,41.431,0,173.6,1:24:36.383,16:54:36.383,0:23.419,0:29.789,0:41.431,289.5,Filipe ALBUQUERQUE,,LMP2,,United Autosports,Oreca,GF,23.419,29.789,41.431,
22,3,42,1:34.537,0,,23.467,0,29.643,1,41.427,1,173.8,1:26:10.920,16:56:10.920,0:23.467,0:29.643,0:41.427,286.5,Filipe ALBUQUERQUE,,LMP2,,United Autosports,Oreca,GF,23.467,29.643,41.427,
22,3,43,1:35.184,0,,23.398,0,29.918,0,41.868,0,172.6,1:27:46.104,16:57:46.104,0:23.398,0:29.918,0:41.868,289.5,Filipe ALBUQUERQUE,,LMP2,,United Autosports,Oreca,GF,23.398,29.918,41.868,
22,3,44,1:42.502,0,,23.437,0,30.139,0,48.926,0,160.3,1:29:28.606,16:59:28.606,0:23.437,0:30.139,0:48.926,289.5,Filipe ALBUQUERQUE,,LMP2,,United Autosports,Oreca,GF,23.437,30.139,48.926,
22,3,45,1:45.922,0,B,23.304,2,31.957,0,50.661,0,155.1,1:31:14.528,17:01:14.528,0:23.304,0:31.957,0:50.661,288.8,Filipe ALBUQUERQUE,,LMP2,,United Autosports,Oreca,FF,23.304,31.957,50.661,
23,3,1,2:06.977,0,,49.295,0,33.733,0,43.949,0,120.7,2:06.977,15:32:06.977,0:49.295,0:33.733,0:43.949,136.7,Oliver JARVIS,0:00:24.563,LMP2,,United Autosports,Oreca,GF,49.295,33.733,43.949,
23,3,2,1:38.955,0,,24.177,0,31.008,0,43.770,0,166.0,3:45.932,15:33:45.932,0:24.177,0:31.008,0:43.770,266.0,Oliver JARVIS,,LMP2,,United Autosports,Oreca,GF,24.177,31.008,43.770,
23,3,3,1:40.516,0,,24.597,0,31.079,0,44.840,0,163.4,5:26.448,15:35:26.448,0:24.597,0:31.079,0:44.840,254.7,Oliver JARVIS,,LMP2,,United Autosports,Oreca,GF,24.597,31.079,44.840,
23,3,4,1:34.797,0,,23.665,0,29.553,0,41.579,0,173.3,7:01.245,15:37:01.245,0:23.665,0:29.553,0:41.579,288.0,Oliver JARVIS,,LMP2,,United Autosports,Oreca,GF,23.665,29.553,41.579,
23,3,5,1:33.625,2,,23.164,2,29.286,0,41.175,2,175.5,8:34.870,15:38:34.870,0:23.164,0:29.286,0:41.175,292.7,Oliver JARVIS,,LMP2,,United Autosports,Oreca,GF,23.164,29.286,41.175,
23,3,6,1:42.408,0,,23.199,0,29.614,0,49.595,0,160.4,10:17.278,15:40:17.278,0:23.199,0:29.614,0:49.595,288.8,Oliver JARVIS,,LMP2,,United Autosports,Oreca,GF,23.199,29.614,49.595,
23,3,7,1:45.261,0,B,23.708,0,32.630,0,48.923,0,156.1,12:02.539,15:42:02.539,0:23.708,0:32.630,0:48.923,290.3,Oliver JARVIS,,LMP2,,United Autosports,Oreca,GF,23.708,32.630,48.923,
23,3,8,7:37.385,0,,6:25.282,0,30.128,0,41.975,0,35.9,19:39.924,15:49:39.924,6:25.282,0:30.128,0:41.975,143.8,Oliver JARVIS,0:06:05.515,LMP2,,United Autosports,Oreca,GF,385.282,30.128,41.975,
23,3,9,1:35.698,0,,23.645,0,30.175,0,41.878,0,171.7,21:15.622,15:51:15.622,0:23.645,0:30.175,0:41.878,276.9,Oliver JARVIS,,LMP2,,United Autosports,Oreca,GF,23.645,30.175,41.878,
23,3,10,1:37.714,0,,23.527,0,30.514,0,43.673,0,168.1,22:53.336,15:52:53.336,0:23.527,0:30.514,0:43.673,287.2,Oliver JARVIS,,LMP2,,United Autosports,Oreca,GF,23.527,30.514,43.673,
23,3,11,1:35.370,0,,23.762,0,29.772,0,41.836,0,172.2,24:28.706,15:54:28.706,0:23.762,0:29.772,0:41.836,289.5,Oliver JARVIS,,LMP2,,United Autosports,Oreca,GF,23.762,29.772,41.836,
23,3,12,1:34.709,0,,23.503,0,29.647,0,41.559,0,173.4,26:03.415,15:56:03.415,0:23.503,0:29.647,0:41.559,289.5,Oliver JARVIS,,LMP2,,United Autosports,Oreca,GF,23.503,29.647,41.559,
23,3,13,1:34.564,0,,23.489,0,29.404,0,41.671,0,173.7,27:37.979,15:57:37.979,0:23.489,0:29.404,0:41.671,289.5,Oliver JARVIS,,LMP2,,United Autosports,Oreca,GF,23.489,29.404,41.671,
23,3,14,1:39.923,0,B,23.505,0,29.146,2,47.272,0,164.4,29:17.902,15:59:17.902,0:23.505,0:29.146,0:47.272,288.0,Oliver JARVIS,,LMP2,,United Autosports,Oreca,GF,23.505,29.146,47.272,
23,2,15,5:14.819,0,,4:01.387,0,30.921,0,42.511,0,52.2,34:32.721,16:04:32.721,4:01.387,0:30.921,0:42.511,145.7,Ben HANLEY,0:03:41.670,LMP2,,United Autosports,Oreca,GF,241.387,30.921,42.511,
23,2,16,1:37.401,0,,23.849,0,30.235,0,43.317,0,168.7,36:10.122,16:06:10.122,0:23.849,0:30.235,0:43.317,281.2,Ben HANLEY,,LMP2,,United Autosports,Oreca,GF,23.849,30.235,43.317,
23,2,17,1:37.075,0,,24.256,0,30.582,0,42.237,0,169.2,37:47.197,16:07:47.197,0:24.256,0:30.582,0:42.237,286.5,Ben HANLEY,,LMP2,,United Autosports,Oreca,GF,24.256,30.582,42.237,
23,2,18,1:35.651,0,,23.879,0,29.781,0,41.991,0,171.7,39:22.848,16:09:22.848,0:23.879,0:29.781,0:41.991,288.8,Ben HANLEY,,LMP2,,United Autosports,Oreca,GF,23.879,29.781,41.991,
23,2,19,1:35.100,0,,23.580,0,29.689,0,41.831,0,172.7,40:57.948,16:10:57.948,0:23.580,0:29.689,0:41.831,288.8,Ben HANLEY,,LMP2,,United Autosports,Oreca,GF,23.580,29.689,41.831,
23,2,20,1:36.681,0,,23.513,0,29.694,0,43.474,0,169.9,42:34.629,16:12:34.629,0:23.513,0:29.694,0:43.474,288.8,Ben HANLEY,,LMP2,,United Autosports,Oreca,GF,23.513,29.694,43.474,
23,2,21,1:35.550,0,,23.600,0,29.930,0,42.020,0,171.9,44:10.179,16:14:10.179,0:23.600,0:29.930,0:42.020,289.5,Ben HANLEY,,LMP2,,United Autosports,Oreca,GF,23.600,29.930,42.020,
23,2,22,1:34.882,0,,23.471,1,29.561,1,41.850,0,173.1,45:45.061,16:15:45.061,0:23.471,0:29.561,0:41.850,288.8,Ben HANLEY,,LMP2,,United Autosports,Oreca,GF,23.471,29.561,41.850,
23,2,23,1:37.399,0,,24.894,0,30.522,0,41.983,0,168.7,47:22.460,16:17:22.460,0:24.894,0:30.522,0:41.983,289.5,Ben HANLEY,,LMP2,,United Autosports,Oreca,GF,24.894,30.522,41.983,
23,2,24,1:40.545,0,B,23.613,0,29.932,0,47.000,0,163.4,49:03.005,16:19:03.005,0:23.613,0:29.932,0:47.000,288.0,Ben HANLEY,,LMP2,,United Autosports,Oreca,GF,23.613,29.932,47.000,
23,2,25,3:53.265,0,,2:40.716,0,30.626,0,41.923,0,70.4,52:56.270,16:22:56.270,2:40.716,0:30.626,0:41.923,145.6,Ben HANLEY,0:02:21.035,LMP2,,United Autosports,Oreca,GF,160.716,30.626,41.923,
23,2,26,1:36.084,0,,23.787,0,30.275,0,42.022,0,171.0,54:32.354,16:24:32.354,0:23.787,0:30.275,0:42.022,288.8,Ben HANLEY,,LMP2,,United Autosports,Oreca,GF,23.787,30.275,42.022,
23,2,27,1:35.072,0,,23.726,0,29.608,0,41.738,1,172.8,56:07.426,16:26:07.426,0:23.726,0:29.608,0:41.738,288.0,Ben HANLEY,,LMP2,,United Autosports,Oreca,GF,23.726,29.608,41.738,
23,2,28,1:41.087,0,B,23.560,0,30.388,0,47.139,0,162.5,57:48.513,16:27:48.513,0:23.560,0:30.388,0:47.139,288.0,Ben HANLEY,,LMP2,,United Autosports,Oreca,GF,23.560,30.388,47.139,
23,1,29,2:52.044,0,,1:38.631,0,30.655,0,42.758,0,95.5,1:00:40.557,16:30:40.557,1:38.631,0:30.655,0:42.758,144.8,Joshua PIERSON,0:01:18.557,LMP2,,United Autosports,Oreca,GF,98.631,30.655,42.758,
23,1,30,2:00.100,0,,23.710,0,30.409,0,1:05.981,0,136.8,1:02:40.657,16:32:40.657,0:23.710,0:30.409,1:05.981,285.7,Joshua PIERSON,,LMP2,,United Autosports,Oreca,FCY,23.710,30.409,65.981,
23,1,31,3:21.992,0,,57.998,0,1:07.085,0,1:16.909,0,81.3,1:06:02.649,16:36:02.649,0:57.998,1:07.085,1:16.909,80.7,Joshua PIERSON,,LMP2,,United Autosports,Oreca,GF,57.998,67.085,76.909,
23,1,32,1:40.648,0,,26.936,0,31.154,0,42.558,0,163.2,1:07:43.297,16:37:43.297,0:26.936,0:31.154,0:42.558,234.3,Joshua PIERSON,,LMP2,,United Autosports,Oreca,GF,26.936,31.154,42.558,
23,1,33,1:36.489,0,,23.732,0,30.367,0,42.390,0,170.2,1:09:19.786,16:39:19.786,0:23.732,0:30.367,0:42.390,287.2,Joshua PIERSON,,LMP2,,United Autosports,Oreca,GF,23.732,30.367,42.390,
23,1,34,1:36.366,0,,23.832,0,30.205,0,42.329,0,170.5,1:10:56.152,16:40:56.152,0:23.832,0:30.205,0:42.329,285.0,Joshua PIERSON,,LMP2,,United Autosports,Oreca,GF,23.832,30.205,42.329,
23,1,35,1:35.665,0,,23.594,0,29.942,0,42.129,0,171.7,1:12:31.817,16:42:31.817,0:23.594,0:29.942,0:42.129,290.3,Joshua PIERSON,,LMP2,,United Autosports,Oreca,GF,23.594,29.942,42.129,
23,1,36,1:36.147,0,,23.709,0,30.129,0,42.309,0,170.9,1:14:07.964,16:44:07.964,0:23.709,0:30.129,0:42.309,289.5,Joshua PIERSON,,LMP2,,United Autosports,Oreca,GF,23.709,30.129,42.309,
23,1,37,1:35.567,0,,23.548,0,29.893,0,42.126,0,171.9,1:15:43.531,16:45:43.531,0:23.548,0:29.893,0:42.126,289.5,Joshua PIERSON,,LMP2,,United Autosports,Oreca,GF,23.548,29.893,42.126,
23,1,38,1:35.520,0,,23.612,0,29.839,0,42.069,0,172.0,1:17:19.051,16:47:19.051,0:23.612,0:29.839,0:42.069,289.5,Joshua PIERSON,,LMP2,,United Autosports,Oreca,GF,23.612,29.839,42.069,
23,1,39,1:35.374,0,,23.552,0,29.902,0,41.920,0,172.2,1:18:54.425,16:48:54.425,0:23.552,0:29.902,0:41.920,290.3,Joshua PIERSON,,LMP2,,United Autosports,Oreca,GF,23.552,29.902,41.920,
23,1,40,1:35.168,0,,23.567,0,29.704,1,41.897,0,172.6,1:20:29.593,16:50:29.593,0:23.567,0:29.704,0:41.897,291.1,Joshua PIERSON,,LMP2,,United Autosports,Oreca,GF,23.567,29.704,41.897,
23,1,41,1:35.464,0,,23.516,1,29.872,0,42.076,0,172.1,1:22:05.057,16:52:05.057,0:23.516,0:29.872,0:42.076,291.9,Joshua PIERSON,,LMP2,,United Autosports,Oreca,GF,23.516,29.872,42.076,
23,1,42,1:36.412,0,,23.579,0,30.004,0,42.829,0,170.4,1:23:41.469,16:53:41.469,0:23.579,0:30.004,0:42.829,290.3,Joshua PIERSON,,LMP2,,United Autosports,Oreca,GF,23.579,30.004,42.829,
23,1,43,1:35.188,0,,23.532,0,29.815,0,41.841,1,172.6,1:25:16.657,16:55:16.657,0:23.532,0:29.815,0:41.841,290.3,Joshua PIERSON,,LMP2,,United Autosports,Oreca,GF,23.532,29.815,41.841,
23,1,44,1:35.759,0,,23.524,0,30.208,0,42.027,0,171.5,1:26:52.416,16:56:52.416,0:23.524,0:30.208,0:42.027,289.5,Joshua PIERSON,,LMP2,,United Autosports,Oreca,GF,23.524,30.208,42.027,
23,1,45,1:35.573,0,,23.525,0,30.012,0,42.036,0,171.9,1:28:27.989,16:58:27.989,0:23.525,0:30.012,0:42.036,289.5,Joshua PIERSON,,LMP2,,United Autosports,Oreca,GF,23.525,30.012,42.036,
23,1,46,1:35.905,0,,23.894,0,30.000,0,42.011,0,171.3,1:30:03.894,17:00:03.894,0:23.894,0:30.000,0:42.011,287.2,Joshua PIERSON,,LMP2,,United Autosports,Oreca,FF,23.894,30.000,42.011,
25,3,1,3:18.335,0,,1:55.508,0,36.522,0,46.305,0,77.3,3:18.335,15:33:18.335,1:55.508,0:36.522,0:46.305,125.0,Charlie EASTWOOD,0:01:29.465,LMGTE Am,,ORT by TF,Aston Martin,GF,115.508,36.522,46.305,
25,3,2,1:43.763,0,,26.698,0,33.121,0,43.944,0,158.3,5:02.098,15:35:02.098,0:26.698,0:33.121,0:43.944,231.8,Charlie EASTWOOD,,LMGTE Am,,ORT by TF,Aston Martin,GF,26.698,33.121,43.944,
25,3,3,1:40.632,0,,25.300,0,32.092,0,43.240,0,163.2,6:42.730,15:36:42.730,0:25.300,0:32.092,0:43.240,261.5,Charlie EASTWOOD,,LMGTE Am,,ORT by TF,Aston Martin,GF,25.300,32.092,43.240,
25,3,4,1:39.915,2,,24.907,1,31.899,0,43.109,2,164.4,8:22.645,15:38:22.645,0:24.907,0:31.899,0:43.109,264.1,Charlie EASTWOOD,,LMGTE Am,,ORT by TF,Aston Martin,GF,24.907,31.899,43.109,
25,3,5,1:40.147,0,,25.032,0,31.865,0,43.250,0,164.0,10:02.792,15:40:02.792,0:25.032,0:31.865,0:43.250,262.8,Charlie EASTWOOD,,LMGTE Am,,ORT by TF,Aston Martin,GF,25.032,31.865,43.250,
25,3,6,1:39.962,0,,25.122,0,31.605,1,43.235,0,164.3,11:42.754,15:41:42.754,0:25.122,0:31.605,0:43.235,263.4,Charlie EASTWOOD,,LMGTE Am,,ORT by TF,Aston Martin,GF,25.122,31.605,43.235,
25,3,7,1:40.201,0,,25.079,0,31.662,0,43.460,0,163.9,13:22.955,15:43:22.955,0:25.079,0:31.662,0:43.460,263.4,Charlie EASTWOOD,,LMGTE Am,,ORT by TF,Aston Martin,GF,25.079,31.662,43.460,
25,3,8,1:47.745,0,B,25.337,0,31.662,0,50.746,0,152.5,15:10.700,15:45:10.700,0:25.337,0:31.662,0:50.746,250.6,Charlie EASTWOOD,,LMGTE Am,,ORT by TF,Aston Martin,GF,25.337,31.662,50.746,
25,3,9,4:11.309,0,,2:54.108,0,32.908,0,44.293,0,65.4,19:22.009,15:49:22.009,2:54.108,0:32.908,0:44.293,129.7,Charlie EASTWOOD,0:02:32.294,LMGTE Am,,ORT by TF,Aston Martin,GF,174.108,32.908,44.293,
25,3,10,1:40.581,0,,25.113,0,31.931,0,43.537,0,163.3,21:02.590,15:51:02.590,0:25.113,0:31.931,0:43.537,262.8,Charlie EASTWOOD,,LMGTE Am,,ORT by TF,Aston Martin,GF,25.113,31.931,43.537,
25,3,11,1:40.202,0,,24.917,0,31.755,0,43.530,0,163.9,22:42.792,15:52:42.792,0:24.917,0:31.755,0:43.530,262.1,Charlie EASTWOOD,,LMGTE Am,,ORT by TF,Aston Martin,GF,24.917,31.755,43.530,
25,3,12,1:40.039,0,,24.919,0,31.667,0,43.453,0,164.2,24:22.831,15:54:22.831,0:24.919,0:31.667,0:43.453,262.1,Charlie EASTWOOD,,LMGTE Am,,ORT by TF,Aston Martin,GF,24.919,31.667,43.453,
25,3,13,1:40.365,0,,25.091,0,31.809,0,43.465,0,163.7,26:03.196,15:56:03.196,0:25.091,0:31.809,0:43.465,266.0,Charlie EASTWOOD,,LMGTE Am,,ORT by TF,Aston Martin,GF,25.091,31.809,43.465,
25,3,14,1:40.249,0,,25.087,0,31.679,0,43.483,0,163.9,27:43.445,15:57:43.445,0:25.087,0:31.679,0:43.483,263.4,Charlie EASTWOOD,,LMGTE Am,,ORT by TF,Aston Martin,GF,25.087,31.679,43.483,
25,3,15,1:48.724,0,B,25.116,0,32.718,0,50.890,0,151.1,29:32.169,15:59:32.169,0:25.116,0:32.718,0:50.890,262.8,Charlie EASTWOOD,,LMGTE Am,,ORT by TF,Aston Martin,GF,25.116,32.718,50.890,
25,2,16,3:42.782,0,,2:24.406,0,33.001,0,45.375,0,73.7,33:14.951,16:03:14.951,2:24.406,0:33.001,0:45.375,138.1,Michael DINAN,0:02:03.403,LMGTE Am,,ORT by TF,Aston Martin,GF,144.406,33.001,45.375,
25,2,17,1:48.888,0,,29.919,0,34.138,0,44.831,0,150.9,35:03.839,16:05:03.839,0:29.919,0:34.138,0:44.831,262.1,Michael DINAN,,LMGTE Am,,ORT by TF,Aston Martin,GF,29.919,34.138,44.831,
25,2,18,1:42.511,0,,25.412,0,32.602,0,44.497,0,160.2,36:46.350,16:06:46.350,0:25.412,0:32.602,0:44.497,262.1,Michael DINAN,,LMGTE Am,,ORT by TF,Aston Martin,GF,25.412,32.602,44.497,
25,2,19,1:42.123,0,,25.237,0,32.652,0,44.234,0,160.9,38:28.473,16:08:28.473,0:25.237,0:32.652,0:44.234,262.8,Michael DINAN,,LMGTE Am,,ORT by TF,Aston Martin,GF,25.237,32.652,44.234,
25,2,20,1:42.326,0,,25.507,0,32.617,0,44.202,0,160.5,40:10.799,16:10:10.799,0:25.507,0:32.617,0:44.202,264.1,Michael DINAN,,LMGTE Am,,ORT by TF,Aston Martin,GF,25.507,32.617,44.202,
25,2,21,1:41.875,0,,25.616,0,32.352,0,43.907,0,161.2,41:52.674,16:11:52.674,0:25.616,0:32.352,0:43.907,264.7,Michael DINAN,,LMGTE Am,,ORT by TF,Aston Martin,GF,25.616,32.352,43.907,
25,2,22,1:47.819,0,B,25.040,0,32.079,0,50.700,0,152.4,43:40.493,16:13:40.493,0:25.040,0:32.079,0:50.700,268.0,Michael DINAN,,LMGTE Am,,ORT by TF,Aston Martin,GF,25.040,32.079,50.700,
25,1,23,4:18.059,0,,2:58.551,0,33.952,0,45.556,0,63.7,47:58.552,16:17:58.552,2:58.551,0:33.952,0:45.556,131.7,Ahmad AL HARTHY,0:02:35.495,LMGTE Am,,ORT by TF,Aston Martin,GF,178.551,33.952,45.556,
25,1,24,1:43.339,0,,26.486,0,32.503,0,44.350,0,159.0,49:41.891,16:19:41.891,0:26.486,0:32.503,0:44.350,226.4,Ahmad AL HARTHY,,LMGTE Am,,ORT by TF,Aston Martin,GF,26.486,32.503,44.350,
25,1,25,1:42.321,0,,25.546,0,32.324,0,44.451,0,160.5,51:24.212,16:21:24.212,0:25.546,0:32.324,0:44.451,259.6,Ahmad AL HARTHY,,LMGTE Am,,ORT by TF,Aston Martin,GF,25.546,32.324,44.451,
25,1,26,1:41.423,0,,25.322,0,32.233,0,43.868,0,162.0,53:05.635,16:23:05.635,0:25.322,0:32.233,0:43.868,263.4,Ahmad AL HARTHY,,LMGTE Am,,ORT by TF,Aston Martin,GF,25.322,32.233,43.868,
25,1,27,1:50.176,0,B,25.195,0,32.495,0,52.486,0,149.1,54:55.811,16:24:55.811,0:25.195,0:32.495,0:52.486,265.4,Ahmad AL HARTHY,,LMGTE Am,,ORT by TF,Aston Martin,GF,25.195,32.495,52.486,
25,1,28,2:52.044,0,,1:24.877,0,37.929,0,49.238,0,95.5,57:47.855,16:27:47.855,1:24.877,0:37.929,0:49.238,132.7,Ahmad AL HARTHY,0:01:01.682,LMGTE Am,,ORT by TF,Aston Martin,GF,84.877,37.929,49.238,
25,1,29,1:47.575,0,,27.208,0,33.357,0,47.010,0,152.7,59:35.430,16:29:35.430,0:27.208,0:33.357,0:47.010,218.6,Ahmad AL HARTHY,,LMGTE Am,,ORT by TF,Aston Martin,GF,27.208,33.357,47.010,
25,1,30,1:46.969,0,,25.512,0,32.751,0,48.706,0,153.6,1:01:22.399,16:31:22.399,0:25.512,0:32.751,0:48.706,242.7,Ahmad AL HARTHY,,LMGTE Am,,ORT by TF,Aston Martin,GF,25.512,32.751,48.706,
25,1,31,2:42.315,0,,26.172,0,58.788,0,1:17.355,0,101.2,1:04:04.714,16:34:04.714,0:26.172,0:58.788,1:17.355,254.7,Ahmad AL HARTHY,,LMGTE Am,,ORT by TF,Aston Martin,FCY,26.172,58.788,77.355,
25,1,32,2:48.192,0,,58.488,0,1:04.923,0,44.781,0,97.7,1:06:52.906,16:36:52.906,0:58.488,1:04.923,0:44.781,79.8,Ahmad AL HARTHY,,LMGTE Am,,ORT by TF,Aston Martin,GF,58.488,64.923,44.781,
25,1,33,1:42.998,0,,26.214,0,32.807,0,43.977,0,159.5,1:08:35.904,16:38:35.904,0:26.214,0:32.807,0:43.977,241.1,Ahmad AL HARTHY,,LMGTE Am,,ORT by TF,Aston Martin,GF,26.214,32.807,43.977,
25,1,34,1:42.554,0,,25.187,0,33.003,0,44.364,0,160.2,1:10:18.458,16:40:18.458,0:25.187,0:33.003,0:44.364,262.1,Ahmad AL HARTHY,,LMGTE Am,,ORT by TF,Aston Martin,GF,25.187,33.003,44.364,
25,1,35,1:40.087,0,,25.009,0,31.542,2,43.536,1,164.1,1:11:58.545,16:41:58.545,0:25.009,0:31.542,0:43.536,264.1,Ahmad AL HARTHY,,LMGTE Am,,ORT by TF,Aston Martin,GF,25.009,31.542,43.536,
25,1,36,1:40.511,0,,25.000,0,31.740,0,43.771,0,163.4,1:13:39.056,16:43:39.056,0:25.000,0:31.740,0:43.771,263.4,Ahmad AL HARTHY,,LMGTE Am,,ORT by TF,Aston Martin,GF,25.000,31.740,43.771,
25,1,37,1:48.938,0,B,24.941,1,31.722,0,52.275,0,150.8,1:15:27.994,16:45:27.994,0:24.941,0:31.722,0:52.275,266.0,Ahmad AL HARTHY,,LMGTE Am,,ORT by TF,Aston Martin,GF,24.941,31.722,52.275,
25,2,38,3:16.552,0,,1:59.394,0,33.236,0,43.922,0,83.6,1:18:44.546,16:48:44.546,1:59.394,0:33.236,0:43.922,140.4,Michael DINAN,0:01:38.094,LMGTE Am,,ORT by TF,Aston Martin,GF,119.394,33.236,43.922,
25,2,39,1:41.319,0,,24.981,0,32.236,0,44.102,0,162.1,1:20:25.865,16:50:25.865,0:24.981,0:32.236,0:44.102,267.3,Michael DINAN,,LMGTE Am,,ORT by TF,Aston Martin,GF,24.981,32.236,44.102,
25,2,40,1:44.753,0,,25.049,0,35.256,0,44.448,0,156.8,1:22:10.618,16:52:10.618,0:25.049,0:35.256,0:44.448,266.0,Michael DINAN,,LMGTE Am,,ORT by TF,Aston Martin,GF,25.049,35.256,44.448,
25,2,41,1:40.913,0,,25.084,0,31.671,0,44.158,0,162.8,1:23:51.531,16:53:51.531,0:25.084,0:31.671,0:44.158,266.0,Michael DINAN,,LMGTE Am,,ORT by TF,Aston Martin,GF,25.084,31.671,44.158,
25,2,42,1:40.661,0,,25.024,0,31.683,0,43.954,0,163.2,1:25:32.192,16:55:32.192,0:25.024,0:31.683,0:43.954,266.0,Michael DINAN,,LMGTE Am,,ORT by TF,Aston Martin,GF,25.024,31.683,43.954,
25,2,43,1:40.402,0,,25.019,0,31.542,1,43.841,1,163.6,1:27:12.594,16:57:12.594,0:25.019,0:31.542,0:43.841,269.3,Michael DINAN,,LMGTE Am,,ORT by TF,Aston Martin,GF,25.019,31.542,43.841,
25,2,44,1:41.250,0,,24.827,2,32.474,0,43.949,0,162.2,1:28:53.844,16:58:53.844,0:24.827,0:32.474,0:43.949,268.0,Michael DINAN,,LMGTE Am,,ORT by TF,Aston Martin,GF,24.827,32.474,43.949,
25,2,45,1:41.565,0,,25.296,0,31.802,0,44.467,0,161.7,1:30:35.409,17:00:35.409,0:25.296,0:31.802,0:44.467,268.0,Michael DINAN,,LMGTE Am,,ORT by TF,Aston Martin,FF,25.296,31.802,44.467,
28,2,1,1:58.906,0,,41.836,0,33.343,0,43.727,0,128.9,1:58.906,15:31:58.906,0:41.836,0:33.343,0:43.727,137.6,Pietro FITTIPALDI,0:00:18.064,LMP2,,JOTA,Oreca,GF,41.836,33.343,43.727,
28,2,2,1:38.254,0,,24.497,0,31.392,0,42.365,0,167.2,3:37.160,15:33:37.160,0:24.497,0:31.392,0:42.365,258.4,Pietro FITTIPALDI,,LMP2,,JOTA,Oreca,GF,24.497,31.392,42.365,
28,2,3,1:37.258,0,,23.863,0,31.194,0,42.201,0,168.9,5:14.418,15:35:14.418,0:23.863,0:31.194,0:42.201,286.5,Pietro FITTIPALDI,,LMP2,,JOTA,Oreca,GF,23.863,31.194,42.201,
28,2,4,1:34.543,0,,23.465,0,29.724,0,41.354,0,173.7,6:48.961,15:36:48.961,0:23.465,0:29.724,0:41.354,282.7,Pietro FITTIPALDI,,LMP2,,JOTA,Oreca,GF,23.465,29.724,41.354,
28,2,5,1:34.930,0,,23.336,0,29.666,0,41.928,0,173.0,8:23.891,15:38:23.891,0:23.336,0:29.666,0:41.928,288.8,Pietro FITTIPALDI,,LMP2,,JOTA,Oreca,GF,23.336,29.666,41.928,
28,2,6,1:35.091,0,,23.618,0,29.917,0,41.556,0,172.7,9:58.982,15:39:58.982,0:23.618,0:29.917,0:41.556,279.8,Pietro FITTIPALDI,,LMP2,,JOTA,Oreca,GF,23.618,29.917,41.556,
28,2,7,1:40.130,0,B,23.405,0,29.129,2,47.596,0,164.1,11:39.112,15:41:39.112,0:23.405,0:29.129,0:47.596,290.3,Pietro FITTIPALDI,,LMP2,,JOTA,Oreca,GF,23.405,29.129,47.596,
28,2,8,4:03.341,0,,2:46.014,0,32.907,0,44.420,0,67.5,15:42.453,15:45:42.453,2:46.014,0:32.907,0:44.420,126.0,Pietro FITTIPALDI,0:02:22.919,LMP2,,JOTA,Oreca,GF,166.014,32.907,44.420,
28,2,9,1:38.342,0,,24.447,0,30.192,0,43.703,0,167.0,17:20.795,15:47:20.795,0:24.447,0:30.192,0:43.703,264.1,Pietro FITTIPALDI,,LMP2,,JOTA,Oreca,GF,24.447,30.192,43.703,
28,2,10,1:34.841,0,,23.488,0,29.685,0,41.668,0,173.2,18:55.636,15:48:55.636,0:23.488,0:29.685,0:41.668,289.5,Pietro FITTIPALDI,,LMP2,,JOTA,Oreca,GF,23.488,29.685,41.668,
28,2,11,1:34.196,0,,23.550,0,29.449,0,41.197,0,174.4,20:29.832,15:50:29.832,0:23.550,0:29.449,0:41.197,283.5,Pietro FITTIPALDI,,LMP2,,JOTA,Oreca,GF,23.550,29.449,41.197,
28,2,12,1:33.620,2,,23.260,2,29.303,0,41.057,2,175.5,22:03.452,15:52:03.452,0:23.260,0:29.303,0:41.057,291.1,Pietro FITTIPALDI,,LMP2,,JOTA,Oreca,GF,23.260,29.303,41.057,
28,2,13,1:34.156,0,,23.344,0,29.247,0,41.565,0,174.5,23:37.608,15:53:37.608,0:23.344,0:29.247,0:41.565,288.8,Pietro FITTIPALDI,,LMP2,,JOTA,Oreca,GF,23.344,29.247,41.565,
28,2,14,1:39.583,0,B,23.333,0,29.475,0,46.775,0,165.0,25:17.191,15:55:17.191,0:23.333,0:29.475,0:46.775,287.2,Pietro FITTIPALDI,,LMP2,,JOTA,Oreca,GF,23.333,29.475,46.775,
28,1,15,7:39.801,0,,6:25.645,0,30.964,0,43.192,0,35.7,32:56.992,16:02:56.992,6:25.645,0:30.964,0:43.192,148.1,David HEINEMEIER-HANSSON,0:06:04.891,LMP2,,JOTA,Oreca,GF,385.645,30.964,43.192,
28,1,16,1:37.996,0,,24.239,0,30.921,0,42.836,0,167.6,34:34.988,16:04:34.988,0:24.239,0:30.921,0:42.836,283.5,David HEINEMEIER-HANSSON,,LMP2,,JOTA,Oreca,GF,24.239,30.921,42.836,
28,1,17,1:37.744,0,,24.177,0,31.041,0,42.526,0,168.1,36:12.732,16:06:12.732,0:24.177,0:31.041,0:42.526,286.5,David HEINEMEIER-HANSSON,,LMP2,,JOTA,Oreca,GF,24.177,31.041,42.526,
28,1,18,1:38.293,0,,23.787,0,30.662,0,43.844,0,167.1,37:51.025,16:07:51.025,0:23.787,0:30.662,0:43.844,288.8,David HEINEMEIER-HANSSON,,LMP2,,JOTA,Oreca,GF,23.787,30.662,43.844,
28,1,19,1:37.020,0,,23.795,0,30.693,0,42.532,0,169.3,39:28.045,16:09:28.045,0:23.795,0:30.693,0:42.532,289.5,David HEINEMEIER-HANSSON,,LMP2,,JOTA,Oreca,GF,23.795,30.693,42.532,
28,1,20,1:36.573,0,,23.739,0,30.488,0,42.346,0,170.1,41:04.618,16:11:04.618,0:23.739,0:30.488,0:42.346,289.5,David HEINEMEIER-HANSSON,,LMP2,,JOTA,Oreca,GF,23.739,30.488,42.346,
28,1,21,1:36.389,0,,23.786,0,30.239,0,42.364,0,170.4,42:41.007,16:12:41.007,0:23.786,0:30.239,0:42.364,291.1,David HEINEMEIER-HANSSON,,LMP2,,JOTA,Oreca,GF,23.786,30.239,42.364,
28,1,22,1:36.704,0,,23.710,0,30.521,0,42.473,0,169.9,44:17.711,16:14:17.711,0:23.710,0:30.521,0:42.473,291.1,David HEINEMEIER-HANSSON,,LMP2,,JOTA,Oreca,GF,23.710,30.521,42.473,
28,1,23,1:36.222,0,,23.732,1,30.201,0,42.289,0,170.7,45:53.933,16:15:53.933,0:23.732,0:30.201,0:42.289,288.0,David HEINEMEIER-HANSSON,,LMP2,,JOTA,Oreca,GF,23.732,30.201,42.289,
28,1,24,1:36.892,0,,23.796,0,30.555,0,42.541,0,169.5,47:30.825,16:17:30.825,0:23.796,0:30.555,0:42.541,285.0,David HEINEMEIER-HANSSON,,LMP2,,JOTA,Oreca,GF,23.796,30.555,42.541,
28,1,25,1:37.807,0,,23.890,0,30.565,0,43.352,0,168.0,49:08.632,16:19:08.632,0:23.890,0:30.565,0:43.352,288.8,David HEINEMEIER-HANSSON,,LMP2,,JOTA,Oreca,GF,23.890,30.565,43.352,
28,1,26,1:36.138,0,,24.095,0,30.079,0,41.964,0,170.9,50:44.770,16:20:44.770,0:24.095,0:30.079,0:41.964,279.1,David HEINEMEIER-HANSSON,,LMP2,,JOTA,Oreca,GF,24.095,30.079,41.964,
28,1,27,1:36.057,0,,23.741,0,30.202,0,42.114,1,171.0,52:20.827,16:22:20.827,0:23.741,0:30.202,0:42.114,291.1,David HEINEMEIER-HANSSON,,LMP2,,JOTA,Oreca,GF,23.741,30.202,42.114,
28,1,28,1:43.255,0,B,24.009,0,29.948,1,49.298,0,159.1,54:04.082,16:24:04.082,0:24.009,0:29.948,0:49.298,288.8,David HEINEMEIER-HANSSON,,LMP2,,JOTA,Oreca,GF,24.009,29.948,49.298,
28,3,29,4:28.970,0,,3:14.435,0,30.607,0,43.928,0,61.1,58:33.052,16:28:33.052,3:14.435,0:30.607,0:43.928,149.4,Oliver RASMUSSEN,0:02:54.400,LMP2,,JOTA,Oreca,GF,194.435,30.607,43.928,
28,3,30,1:36.150,0,,23.858,0,30.122,0,42.170,0,170.8,1:00:09.202,16:30:09.202,0:23.858,0:30.122,0:42.170,285.7,Oliver RASMUSSEN,,LMP2,,JOTA,Oreca,GF,23.858,30.122,42.170,
28,3,31,1:35.702,0,,23.739,0,29.738,0,42.225,0,171.6,1:01:44.904,16:31:44.904,0:23.739,0:29.738,0:42.225,289.5,Oliver RASMUSSEN,,LMP2,,JOTA,Oreca,GF,23.739,29.738,42.225,
28,3,32,3:02.533,0,B,35.658,0,1:07.625,0,1:19.250,0,90.0,1:04:47.437,16:34:47.437,0:35.658,1:07.625,1:19.250,281.2,Oliver RASMUSSEN,,LMP2,,JOTA,Oreca,FCY,35.658,67.625,79.250,
28,3,33,5:04.045,0,,3:51.820,0,30.244,0,41.981,0,54.0,1:09:51.482,16:39:51.482,3:51.820,0:30.244,0:41.981,148.1,Oliver RASMUSSEN,0:03:32.683,LMP2,,JOTA,Oreca,GF,231.820,30.244,41.981,
28,3,34,1:35.126,0,,23.769,0,29.670,0,41.687,1,172.7,1:11:26.608,16:41:26.608,0:23.769,0:29.670,0:41.687,285.7,Oliver RASMUSSEN,,LMP2,,JOTA,Oreca,GF,23.769,29.670,41.687,
28,3,35,1:35.850,0,,24.013,0,29.977,0,41.860,0,171.4,1:13:02.458,16:43:02.458,0:24.013,0:29.977,0:41.860,288.0,Oliver RASMUSSEN,,LMP2,,JOTA,Oreca,GF,24.013,29.977,41.860,
28,3,36,1:34.948,0,,23.618,1,29.435,1,41.895,0,173.0,1:14:37.406,16:44:37.406,0:23.618,0:29.435,0:41.895,289.5,Oliver RASMUSSEN,,LMP2,,JOTA,Oreca,GF,23.618,29.435,41.895,
28,3,37,1:36.033,0,,23.811,0,29.908,0,42.314,0,171.1,1:16:13.439,16:46:13.439,0:23.811,0:29.908,0:42.314,291.9,Oliver RASMUSSEN,,LMP2,,JOTA,Oreca,GF,23.811,29.908,42.314,
28,3,38,1:35.016,0,,23.672,0,29.591,0,41.753,0,172.9,1:17:48.455,16:47:48.455,0:23.672,0:29.591,0:41.753,285.7,Oliver RASMUSSEN,,LMP2,,JOTA,Oreca,GF,23.672,29.591,41.753,
28,3,39,1:35.679,0,,23.637,0,29.772,0,42.270,0,171.7,1:19:24.134,16:49:24.134,0:23.637,0:29.772,0:42.270,280.5,Oliver RASMUSSEN,,LMP2,,JOTA,Oreca,GF,23.637,29.772,42.270,
28,3,40,1:35.593,0,,23.890,0,29.677,0,42.026,0,171.8,1:20:59.727,16:50:59.727,0:23.890,0:29.677,0:42.026,274.1,Oliver RASMUSSEN,,LMP2,,JOTA,Oreca,GF,23.890,29.677,42.026,
28,3,41,1:40.160,0,B,23.664,0,29.620,0,46.876,0,164.0,1:22:39.887,16:52:39.887,0:23.664,0:29.620,0:46.876,283.5,Oliver RASMUSSEN,,LMP2,,JOTA,Oreca,GF,23.664,29.620,46.876,
28,2,42,5:54.824,0,,4:42.033,0,30.468,0,42.323,0,46.3,1:28:34.711,16:58:34.711,4:42.033,0:30.468,0:42.323,149.8,Pietro FITTIPALDI,0:04:22.837,LMP2,,JOTA,Oreca,GF,282.033,30.468,42.323,
28,2,43,1:36.437,0,,23.903,0,30.005,0,42.529,0,170.3,1:30:11.148,17:00:11.148,0:23.903,0:30.005,0:42.529,283.5,Pietro FITTIPALDI,,LMP2,,JOTA,Oreca,FF,23.903,30.005,42.529,
31,2,1,1:52.991,0,,31.187,0,36.926,0,44.878,0,135.6,1:52.991,15:31:52.991,0:31.187,0:36.926,0:44.878,128.4,Ferdinand HABSBURG,0:00:05.404,LMP2,,Team WRT,Oreca,GF,31.187,36.926,44.878,
31,2,2,1:38.429,0,,24.883,0,31.103,0,42.443,0,166.9,3:31.420,15:33:31.420,0:24.883,0:31.103,0:42.443,270.0,Ferdinand HABSBURG,,LMP2,,Team WRT,Oreca,GF,24.883,31.103,42.443,
31,2,3,1:36.191,0,,23.843,0,30.248,0,42.100,0,170.8,5:07.611,15:35:07.611,0:23.843,0:30.248,0:42.100,288.0,Ferdinand HABSBURG,,LMP2,,Team WRT,Oreca,GF,23.843,30.248,42.100,
31,2,4,1:34.787,0,,23.169,2,30.155,0,41.463,0,173.3,6:42.398,15:36:42.398,0:23.169,0:30.155,0:41.463,288.0,Ferdinand HABSBURG,,LMP2,,Team WRT,Oreca,GF,23.169,30.155,41.463,
31,2,5,1:33.711,2,,23.238,0,29.240,0,41.233,0,175.3,8:16.109,15:38:16.109,0:23.238,0:29.240,0:41.233,291.1,Ferdinand HABSBURG,,LMP2,,Team WRT,Oreca,GF,23.238,29.240,41.233,
31,2,6,1:36.493,0,,23.631,0,29.871,0,42.991,0,170.2,9:52.602,15:39:52.602,0:23.631,0:29.871,0:42.991,282.0,Ferdinand HABSBURG,,LMP2,,Team WRT,Oreca,GF,23.631,29.871,42.991,
31,2,7,1:33.712,0,,23.221,0,29.020,2,41.471,0,175.3,11:26.314,15:41:26.314,0:23.221,0:29.020,0:41.471,291.1,Ferdinand HABSBURG,,LMP2,,Team WRT,Oreca,GF,23.221,29.020,41.471,
31,2,8,1:39.618,0,B,23.280,0,29.511,0,46.827,0,164.9,13:05.932,15:43:05.932,0:23.280,0:29.511,0:46.827,289.5,Ferdinand HABSBURG,,LMP2,,Team WRT,Oreca,GF,23.280,29.511,46.827,
31,2,9,3:39.172,0,,2:26.967,0,30.350,0,41.855,0,74.9,16:45.104,15:46:45.104,2:26.967,0:30.350,0:41.855,144.8,Ferdinand HABSBURG,0:02:07.520,LMP2,,Team WRT,Oreca,GF,146.967,30.350,41.855,
31,2,10,1:35.079,0,,23.739,0,29.695,0,41.645,0,172.8,18:20.183,15:48:20.183,0:23.739,0:29.695,0:41.645,287.2,Ferdinand HABSBURG,,LMP2,,Team WRT,Oreca,GF,23.739,29.695,41.645,
31,2,11,1:34.798,0,,23.434,0,29.597,0,41.767,0,173.3,19:54.981,15:49:54.981,0:23.434,0:29.597,0:41.767,288.8,Ferdinand HABSBURG,,LMP2,,Team WRT,Oreca,GF,23.434,29.597,41.767,
31,2,12,1:35.367,0,,23.802,0,29.804,0,41.761,0,172.2,21:30.348,15:51:30.348,0:23.802,0:29.804,0:41.761,287.2,Ferdinand HABSBURG,,LMP2,,Team WRT,Oreca,GF,23.802,29.804,41.761,
31,2,13,1:36.414,0,,23.611,0,29.811,0,42.992,0,170.4,23:06.762,15:53:06.762,0:23.611,0:29.811,0:42.992,290.3,Ferdinand HABSBURG,,LMP2,,Team WRT,Oreca,GF,23.611,29.811,42.992,
31,2,14,1:38.826,0,B,23.414,0,29.696,0,45.716,0,166.2,24:45.588,15:54:45.588,0:23.414,0:29.696,0:45.716,289.5,Ferdinand HABSBURG,,LMP2,,Team WRT,Oreca,GF,23.414,29.696,45.716,
31,1,15,4:38.292,0,,3:23.430,0,31.451,0,43.411,0,59.0,29:23.880,15:59:23.880,3:23.430,0:31.451,0:43.411,144.4,Sean GELAEL,0:03:03.000,LMP2,,Team WRT,Oreca,GF,203.430,31.451,43.411,
31,1,16,1:37.036,0,,23.965,0,30.573,0,42.498,0,169.3,31:00.916,16:01:00.916,0:23.965,0:30.573,0:42.498,284.2,Sean GELAEL,,LMP2,,Team WRT,Oreca,GF,23.965,30.573,42.498,
31,1,17,1:36.336,0,,23.810,0,30.357,0,42.169,0,170.5,32:37.252,16:02:37.252,0:23.810,0:30.357,0:42.169,288.8,Sean GELAEL,,LMP2,,Team WRT,Oreca,GF,23.810,30.357,42.169,
31,1,18,1:35.966,0,,23.667,0,30.119,0,42.180,0,171.2,34:13.218,16:04:13.218,0:23.667,0:30.119,0:42.180,291.1,Sean GELAEL,,LMP2,,Team WRT,Oreca,GF,23.667,30.119,42.180,
31,1,19,1:35.741,0,,23.621,0,30.126,0,41.994,1,171.6,35:48.959,16:05:48.959,0:23.621,0:30.126,0:41.994,288.8,Sean GELAEL,,LMP2,,Team WRT,Oreca,GF,23.621,30.126,41.994,
31,1,20,1:35.479,0,,23.477,1,29.951,0,42.051,0,172.0,37:24.438,16:07:24.438,0:23.477,0:29.951,0:42.051,290.3,Sean GELAEL,,LMP2,,Team WRT,Oreca,GF,23.477,29.951,42.051,
31,1,21,1:36.007,0,,23.606,0,30.073,0,42.328,0,171.1,39:00.445,16:09:00.445,0:23.606,0:30.073,0:42.328,290.3,Sean GELAEL,,LMP2,,Team WRT,Oreca,GF,23.606,30.073,42.328,
31,1,22,1:36.215,0,,23.708,0,30.300,0,42.207,0,170.7,40:36.660,16:10:36.660,0:23.708,0:30.300,0:42.207,290.3,Sean GELAEL,,LMP2,,Team WRT,Oreca,GF,23.708,30.300,42.207,
31,1,23,1:43.209,0,B,23.590,0,30.494,0,49.125,0,159.2,42:19.869,16:12:19.869,0:23.590,0:30.494,0:49.125,289.5,Sean GELAEL,,LMP2,,Team WRT,Oreca,GF,23.590,30.494,49.125,
31,1,24,3:50.259,0,,2:37.313,0,30.549,0,42.397,0,71.3,46:10.128,16:16:10.128,2:37.313,0:30.549,0:42.397,145.0,Sean GELAEL,0:02:17.957,LMP2,,Team WRT,Oreca,GF,157.313,30.549,42.397,
31,1,25,1:36.551,0,,23.866,0,30.374,0,42.311,0,170.1,47:46.679,16:17:46.679,0:23.866,0:30.374,0:42.311,285.0,Sean GELAEL,,LMP2,,Team WRT,Oreca,GF,23.866,30.374,42.311,
31,1,26,1:35.753,0,,23.691,0,29.936,0,42.126,0,171.6,49:22.432,16:19:22.432,0:23.691,0:29.936,0:42.126,288.0,Sean GELAEL,,LMP2,,Team WRT,Oreca,GF,23.691,29.936,42.126,
31,1,27,1:36.049,0,,23.717,0,30.192,0,42.140,0,171.0,50:58.481,16:20:58.481,0:23.717,0:30.192,0:42.140,288.8,Sean GELAEL,,LMP2,,Team WRT,Oreca,GF,23.717,30.192,42.140,
31,1,28,1:38.363,0,,24.583,0,30.856,0,42.924,0,167.0,52:36.844,16:22:36.844,0:24.583,0:30.856,0:42.924,290.3,Sean GELAEL,,LMP2,,Team WRT,Oreca,GF,24.583,30.856,42.924,
31,1,29,1:36.260,0,,23.959,0,30.304,0,41.997,0,170.7,54:13.104,16:24:13.104,0:23.959,0:30.304,0:41.997,289.5,Sean GELAEL,,LMP2,,Team WRT,Oreca,GF,23.959,30.304,41.997,
31,1,30,1:36.155,0,,23.558,0,29.935,1,42.662,0,170.8,55:49.259,16:25:49.259,0:23.558,0:29.935,0:42.662,290.3,Sean GELAEL,,LMP2,,Team WRT,Oreca,GF,23.558,29.935,42.662,
31,1,31,1:37.701,0,,24.101,0,31.053,0,42.547,0,168.1,57:26.960,16:27:26.960,0:24.101,0:31.053,0:42.547,291.1,Sean GELAEL,,LMP2,,Team WRT,Oreca,GF,24.101,31.053,42.547,
31,1,32,1:41.438,0,B,23.747,0,30.185,0,47.506,0,161.9,59:08.398,16:29:08.398,0:23.747,0:30.185,0:47.506,285.0,Sean GELAEL,,LMP2,,Team WRT,Oreca,GF,23.747,30.185,47.506,
31,3,33,3:36.536,0,,1:59.510,0,30.456,0,1:06.570,0,75.9,1:02:44.934,16:32:44.934,1:59.510,0:30.456,1:06.570,130.0,Robin FRIJNS,0:01:38.976,LMP2,,Team WRT,Oreca,FCY,119.510,30.456,66.570,
31,3,34,3:19.654,0,,58.076,0,1:07.013,0,1:14.565,0,82.3,1:06:04.588,16:36:04.588,0:58.076,1:07.013,1:14.565,80.4,Robin FRIJNS,,LMP2,,Team WRT,Oreca,GF,58.076,67.013,74.565,
31,3,35,1:40.153,0,,26.166,0,30.775,0,43.212,0,164.0,1:07:44.741,16:37:44.741,0:26.166,0:30.775,0:43.212,252.3,Robin FRIJNS,,LMP2,,Team WRT,Oreca,GF,26.166,30.775,43.212,
31,3,36,1:37.144,0,,23.883,0,29.485,0,43.776,0,169.1,1:09:21.885,16:39:21.885,0:23.883,0:29.485,0:43.776,291.1,Robin FRIJNS,,LMP2,,Team WRT,Oreca,GF,23.883,29.485,43.776,
31,3,37,1:35.276,0,,23.643,0,29.851,0,41.782,1,172.4,1:10:57.161,16:40:57.161,0:23.643,0:29.851,0:41.782,291.1,Robin FRIJNS,,LMP2,,Team WRT,Oreca,GF,23.643,29.851,41.782,
31,3,38,1:35.247,0,,23.529,1,29.767,0,41.951,0,172.5,1:12:32.408,16:42:32.408,0:23.529,0:29.767,0:41.951,291.1,Robin FRIJNS,,LMP2,,Team WRT,Oreca,GF,23.529,29.767,41.951,
31,3,39,1:38.698,0,,23.747,0,30.516,0,44.435,0,166.4,1:14:11.106,16:44:11.106,0:23.747,0:30.516,0:44.435,291.1,Robin FRIJNS,,LMP2,,Team WRT,Oreca,GF,23.747,30.516,44.435,
31,3,40,1:35.634,0,,23.695,0,29.737,0,42.202,0,171.8,1:15:46.740,16:45:46.740,0:23.695,0:29.737,0:42.202,291.1,Robin FRIJNS,,LMP2,,Team WRT,Oreca,GF,23.695,29.737,42.202,
31,3,41,1:35.115,0,,23.691,0,29.473,0,41.951,0,172.7,1:17:21.855,16:47:21.855,0:23.691,0:29.473,0:41.951,291.1,Robin FRIJNS,,LMP2,,Team WRT,Oreca,GF,23.691,29.473,41.951,
31,3,42,1:34.844,0,,23.552,0,29.322,1,41.970,0,173.2,1:18:56.699,16:48:56.699,0:23.552,0:29.322,0:41.970,291.9,Robin FRIJNS,,LMP2,,Team WRT,Oreca,GF,23.552,29.322,41.970,
31,3,43,1:39.133,0,B,23.565,0,29.429,0,46.139,0,165.7,1:20:35.832,16:50:35.832,0:23.565,0:29.429,0:46.139,291.1,Robin FRIJNS,,LMP2,,Team WRT,Oreca,GF,23.565,29.429,46.139,
31,2,44,3:24.613,0,,2:07.201,0,34.020,0,43.392,0,80.3,1:24:00.445,16:54:00.445,2:07.201,0:34.020,0:43.392,116.4,Ferdinand HABSBURG,0:01:42.869,LMP2,,Team WRT,Oreca,GF,127.201,34.020,43.392,
31,2,45,1:40.391,0,,24.980,0,31.247,0,44.164,0,163.6,1:25:40.836,16:55:40.836,0:24.980,0:31.247,0:44.164,279.1,Ferdinand HABSBURG,,LMP2,,Team WRT,Oreca,GF,24.980,31.247,44.164,
31,2,46,1:34.399,0,,23.475,0,29.905,0,41.019,2,174.0,1:27:15.235,16:57:15.235,0:23.475,0:29.905,0:41.019,291.9,Ferdinand HABSBURG,,LMP2,,Team WRT,Oreca,GF,23.475,29.905,41.019,
31,2,47,1:36.655,0,,23.381,0,30.014,0,43.260,0,170.0,1:28:51.890,16:58:51.890,0:23.381,0:30.014,0:43.260,290.3,Ferdinand HABSBURG,,LMP2,,Team WRT,Oreca,GF,23.381,30.014,43.260,
31,2,48,1:35.088,0,,23.332,0,29.607,0,42.149,0,172.8,1:30:26.978,17:00:26.978,0:23.332,0:29.607,0:42.149,289.5,Ferdinand HABSBURG,,LMP2,,Team WRT,Oreca,FF,23.332,29.607,42.149,
33,3,1,2:22.833,0,,59.897,0,36.746,0,46.190,0,107.3,2:22.833,15:32:22.833,0:59.897,0:36.746,0:46.190,108.2,Nicky CATSBURG,0:00:32.799,LMGTE Am,,Corvette Racing,Chevrolet,GF,59.897,36.746,46.190,
33,3,2,1:42.294,0,,25.926,0,32.491,0,43.877,0,160.6,4:05.127,15:34:05.127,0:25.926,0:32.491,0:43.877,240.0,Nicky CATSBURG,,LMGTE Am,,Corvette Racing,Chevrolet,GF,25.926,32.491,43.877,
33,3,3,1:42.505,0,,25.149,0,33.476,0,43.880,0,160.3,5:47.632,15:35:47.632,0:25.149,0:33.476,0:43.880,265.4,Nicky CATSBURG,,LMGTE Am,,Corvette Racing,Chevrolet,GF,25.149,33.476,43.880,
33,3,4,1:39.862,0,,24.951,0,31.777,0,43.134,0,164.5,7:27.494,15:37:27.494,0:24.951,0:31.777,0:43.134,266.7,Nicky CATSBURG,,LMGTE Am,,Corvette Racing,Chevrolet,GF,24.951,31.777,43.134,
33,3,5,1:39.557,0,,24.615,0,31.854,0,43.088,1,165.0,9:07.051,15:39:07.051,0:24.615,0:31.854,0:43.088,266.0,Nicky CATSBURG,,LMGTE Am,,Corvette Racing,Chevrolet,GF,24.615,31.854,43.088,
33,3,6,1:39.369,0,,24.886,0,31.192,2,43.291,0,165.3,10:46.420,15:40:46.420,0:24.886,0:31.192,0:43.291,266.7,Nicky CATSBURG,,LMGTE Am,,Corvette Racing,Chevrolet,GF,24.886,31.192,43.291,
33,3,7,1:43.238,0,,27.132,0,32.133,0,43.973,0,159.1,12:29.658,15:42:29.658,0:27.132,0:32.133,0:43.973,267.3,Nicky CATSBURG,,LMGTE Am,,Corvette Racing,Chevrolet,GF,27.132,32.133,43.973,
33,3,8,1:39.228,0,,24.629,0,31.172,0,43.427,0,165.5,14:08.886,15:44:08.886,0:24.629,0:31.172,0:43.427,266.7,Nicky CATSBURG,,LMGTE Am,,Corvette Racing,Chevrolet,GF,24.629,31.172,43.427,
33,3,9,1:39.031,0,,24.500,2,31.356,0,43.175,0,165.9,15:47.917,15:45:47.917,0:24.500,0:31.356,0:43.175,267.3,Nicky CATSBURG,,LMGTE Am,,Corvette Racing,Chevrolet,GF,24.500,31.356,43.175,
33,3,10,1:44.994,0,B,24.544,0,31.581,0,48.869,0,156.5,17:32.911,15:47:32.911,0:24.544,0:31.581,0:48.869,270.0,Nicky CATSBURG,,LMGTE Am,,Corvette Racing,Chevrolet,GF,24.544,31.581,48.869,
33,3,11,6:13.531,0,,4:58.309,0,31.749,0,43.473,0,44.0,23:46.442,15:53:46.442,4:58.309,0:31.749,0:43.473,138.5,Nicky CATSBURG,0:04:38.291,LMGTE Am,,Corvette Racing,Chevrolet,GF,298.309,31.749,43.473,
33,3,12,1:40.492,0,,24.679,0,32.276,0,43.537,0,163.5,25:26.934,15:55:26.934,0:24.679,0:32.276,0:43.537,266.7,Nicky CATSBURG,,LMGTE Am,,Corvette Racing,Chevrolet,GF,24.679,32.276,43.537,
33,3,13,1:39.869,0,,24.835,0,31.443,0,43.591,0,164.5,27:06.803,15:57:06.803,0:24.835,0:31.443,0:43.591,268.0,Nicky CATSBURG,,LMGTE Am,,Corvette Racing,Chevrolet,GF,24.835,31.443,43.591,
33,3,14,1:39.369,0,,24.825,0,31.369,0,43.175,0,165.3,28:46.172,15:58:46.172,0:24.825,0:31.369,0:43.175,263.4,Nicky CATSBURG,,LMGTE Am,,Corvette Racing,Chevrolet,GF,24.825,31.369,43.175,
33,3,15,1:40.230,0,,24.769,0,32.058,0,43.403,0,163.9,30:26.402,16:00:26.402,0:24.769,0:32.058,0:43.403,268.7,Nicky CATSBURG,,LMGTE Am,,Corvette Racing,Chevrolet,GF,24.769,32.058,43.403,
33,3,16,1:47.104,0,B,24.851,0,32.898,0,49.355,0,153.4,32:13.506,16:02:13.506,0:24.851,0:32.898,0:49.355,270.0,Nicky CATSBURG,,LMGTE Am,,Corvette Racing,Chevrolet,GF,24.851,32.898,49.355,
33,2,17,3:55.183,0,,2:38.844,0,32.426,0,43.913,0,69.8,36:08.689,16:06:08.689,2:38.844,0:32.426,0:43.913,137.4,Nicolas VARRONE,0:02:18.620,LMGTE Am,,Corvette Racing,Chevrolet,GF,158.844,32.426,43.913,
33,2,18,1:43.991,0,,25.231,0,32.237,0,46.523,0,158.0,37:52.680,16:07:52.680,0:25.231,0:32.237,0:46.523,268.0,Nicolas VARRONE,,LMGTE Am,,Corvette Racing,Chevrolet,GF,25.231,32.237,46.523,
33,2,19,1:40.939,0,,24.883,0,32.075,0,43.981,0,162.7,39:33.619,16:09:33.619,0:24.883,0:32.075,0:43.981,266.0,Nicolas VARRONE,,LMGTE Am,,Corvette Racing,Chevrolet,GF,24.883,32.075,43.981,
33,2,20,1:40.589,0,,25.219,0,31.823,0,43.547,0,163.3,41:14.208,16:11:14.208,0:25.219,0:31.823,0:43.547,267.3,Nicolas VARRONE,,LMGTE Am,,Corvette Racing,Chevrolet,GF,25.219,31.823,43.547,
33,2,21,1:40.015,0,,24.763,0,31.775,0,43.477,0,164.2,42:54.223,16:12:54.223,0:24.763,0:31.775,0:43.477,270.7,Nicolas VARRONE,,LMGTE Am,,Corvette Racing,Chevrolet,GF,24.763,31.775,43.477,
33,2,22,1:41.010,0,,25.084,0,31.969,0,43.957,0,162.6,44:35.233,16:14:35.233,0:25.084,0:31.969,0:43.957,268.7,Nicolas VARRONE,,LMGTE Am,,Corvette Racing,Chevrolet,GF,25.084,31.969,43.957,
33,2,23,1:40.033,0,,24.878,0,31.763,0,43.392,0,164.2,46:15.266,16:16:15.266,0:24.878,0:31.763,0:43.392,265.4,Nicolas VARRONE,,LMGTE Am,,Corvette Racing,Chevrolet,GF,24.878,31.763,43.392,
33,2,24,1:40.637,0,,24.716,0,31.995,0,43.926,0,163.2,47:55.903,16:17:55.903,0:24.716,0:31.995,0:43.926,268.7,Nicolas VARRONE,,LMGTE Am,,Corvette Racing,Chevrolet,GF,24.716,31.995,43.926,
33,2,25,1:39.743,0,,24.822,0,31.656,0,43.265,0,164.7,49:35.646,16:19:35.646,0:24.822,0:31.656,0:43.265,267.3,Nicolas VARRONE,,LMGTE Am,,Corvette Racing,Chevrolet,GF,24.822,31.656,43.265,
33,2,26,1:39.829,0,,24.678,0,31.448,0,43.703,0,164.5,51:15.475,16:21:15.475,0:24.678,0:31.448,0:43.703,268.7,Nicolas VARRONE,,LMGTE Am,,Corvette Racing,Chevrolet,GF,24.678,31.448,43.703,
33,2,27,1:39.271,2,,24.793,0,31.445,0,43.033,2,165.5,52:54.746,16:22:54.746,0:24.793,0:31.445,0:43.033,270.0,Nicolas VARRONE,,LMGTE Am,,Corvette Racing,Chevrolet,GF,24.793,31.445,43.033,
33,2,28,1:39.287,0,,24.737,0,31.383,0,43.167,0,165.4,54:34.033,16:24:34.033,0:24.737,0:31.383,0:43.167,270.0,Nicolas VARRONE,,LMGTE Am,,Corvette Racing,Chevrolet,GF,24.737,31.383,43.167,
33,2,29,1:39.400,0,,24.538,1,31.371,1,43.491,0,165.3,56:13.433,16:26:13.433,0:24.538,0:31.371,0:43.491,271.4,Nicolas VARRONE,,LMGTE Am,,Corvette Racing,Chevrolet,GF,24.538,31.371,43.491,
33,2,30,1:40.285,0,,24.688,0,31.606,0,43.991,0,163.8,57:53.718,16:27:53.718,0:24.688,0:31.606,0:43.991,269.3,Nicolas VARRONE,,LMGTE Am,,Corvette Racing,Chevrolet,GF,24.688,31.606,43.991,
33,2,31,1:45.003,0,B,24.814,0,31.560,0,48.629,0,156.4,59:38.721,16:29:38.721,0:24.814,0:31.560,0:48.629,269.3,Nicolas VARRONE,,LMGTE Am,,Corvette Racing,Chevrolet,GF,24.814,31.560,48.629,
33,1,32,3:56.480,0,,1:52.388,0,46.889,0,1:17.203,0,69.5,1:03:35.201,16:33:35.201,1:52.388,0:46.889,1:17.203,139.9,Ben KEATING,0:01:32.092,LMGTE Am,,Corvette Racing,Chevrolet,FCY,112.388,46.889,77.203,
33,1,33,2:57.002,0,,58.903,0,1:07.739,0,50.360,0,92.8,1:06:32.203,16:36:32.203,0:58.903,1:07.739,0:50.360,79.9,Ben KEATING,,LMGTE Am,,Corvette Racing,Chevrolet,GF,58.903,67.739,50.360,
33,1,34,1:42.697,0,,25.160,0,33.048,0,44.489,0,160.0,1:08:14.900,16:38:14.900,0:25.160,0:33.048,0:44.489,268.0,Ben KEATING,,LMGTE Am,,Corvette Racing,Chevrolet,GF,25.160,33.048,44.489,
33,1,35,1:41.439,0,,25.255,0,32.220,0,43.964,1,161.9,1:09:56.339,16:39:56.339,0:25.255,0:32.220,0:43.964,267.3,Ben KEATING,,LMGTE Am,,Corvette Racing,Chevrolet,GF,25.255,32.220,43.964,
33,1,36,1:44.874,0,,26.495,0,32.933,0,45.446,0,156.6,1:11:41.213,16:41:41.213,0:26.495,0:32.933,0:45.446,268.7,Ben KEATING,,LMGTE Am,,Corvette Racing,Chevrolet,GF,26.495,32.933,45.446,
33,1,37,1:41.660,0,,25.069,0,32.076,0,44.515,0,161.6,1:13:22.873,16:43:22.873,0:25.069,0:32.076,0:44.515,270.7,Ben KEATING,,LMGTE Am,,Corvette Racing,Chevrolet,GF,25.069,32.076,44.515,
33,1,38,1:41.960,0,,24.838,0,31.816,1,45.306,0,161.1,1:15:04.833,16:45:04.833,0:24.838,0:31.816,0:45.306,272.0,Ben KEATING,,LMGTE Am,,Corvette Racing,Chevrolet,GF,24.838,31.816,45.306,
33,1,39,1:48.998,0,B,26.122,0,32.073,0,50.803,0,150.7,1:16:53.831,16:46:53.831,0:26.122,0:32.073,0:50.803,270.7,Ben KEATING,,LMGTE Am,,Corvette Racing,Chevrolet,GF,26.122,32.073,50.803,
33,1,40,2:40.416,0,,1:23.185,0,32.871,0,44.360,0,102.4,1:19:34.247,16:49:34.247,1:23.185,0:32.871,0:44.360,115.9,Ben KEATING,0:00:59.508,LMGTE Am,,Corvette Racing,Chevrolet,GF,83.185,32.871,44.360,
33,1,41,1:41.158,0,,24.794,1,32.021,0,44.343,0,162.4,1:21:15.405,16:51:15.405,0:24.794,0:32.021,0:44.343,271.4,Ben KEATING,,LMGTE Am,,Corvette Racing,Chevrolet,GF,24.794,32.021,44.343,
33,1,42,1:46.975,0,B,25.016,0,31.951,0,50.008,0,153.6,1:23:02.380,16:53:02.380,0:25.016,0:31.951,0:50.008,270.7,Ben KEATING,,LMGTE Am,,Corvette Racing,Chevrolet,GF,25.016,31.951,50.008,
33,1,43,2:20.630,0,,1:04.186,0,32.288,0,44.156,0,116.8,1:25:23.010,16:55:23.010,1:04.186,0:32.288,0:44.156,140.4,Ben KEATING,0:00:43.148,LMGTE Am,,Corvette Racing,Chevrolet,GF,64.186,32.288,44.156,
33,1,44,1:41.275,0,,24.918,0,32.056,0,44.301,0,162.2,1:27:04.285,16:57:04.285,0:24.918,0:32.056,0:44.301,272.0,Ben KEATING,,LMGTE Am,,Corvette Racing,Chevrolet,GF,24.918,32.056,44.301,
33,1,45,1:40.998,0,,24.820,0,32.086,0,44.092,0,162.6,1:28:45.283,16:58:45.283,0:24.820,0:32.086,0:44.092,270.7,Ben KEATING,,LMGTE Am,,Corvette Racing,Chevrolet,GF,24.820,32.086,44.092,
33,1,46,1:42.266,0,,25.101,0,32.524,0,44.641,0,160.6,1:30:27.549,17:00:27.549,0:25.101,0:32.524,0:44.641,270.7,Ben KEATING,,LMGTE Am,,Corvette Racing,Chevrolet,FF,25.101,32.524,44.641,
34,3,1,7:16.260,0,,5:54.517,0,36.216,0,45.527,0,35.1,7:16.260,15:37:16.260,5:54.517,0:36.216,0:45.527,130.6,Albert COSTA,0:05:27.247,LMP2,,Inter Europol Competition,Oreca,GF,354.517,36.216,45.527,
34,3,2,1:45.008,0,,27.759,0,33.473,0,43.776,0,156.4,9:01.268,15:39:01.268,0:27.759,0:33.473,0:43.776,231.3,Albert COSTA,,LMP2,,Inter Europol Competition,Oreca,GF,27.759,33.473,43.776,
34,3,3,1:35.927,0,,24.039,0,29.852,0,42.036,0,171.2,10:37.195,15:40:37.195,0:24.039,0:29.852,0:42.036,275.5,Albert COSTA,,LMP2,,Inter Europol Competition,Oreca,GF,24.039,29.852,42.036,
34,3,4,1:35.710,0,,23.438,0,30.609,0,41.663,0,171.6,12:12.905,15:42:12.905,0:23.438,0:30.609,0:41.663,280.5,Albert COSTA,,LMP2,,Inter Europol Competition,Oreca,GF,23.438,30.609,41.663,
34,3,5,1:34.856,0,,23.633,0,29.547,0,41.676,0,173.2,13:47.761,15:43:47.761,0:23.633,0:29.547,0:41.676,276.2,Albert COSTA,,LMP2,,Inter Europol Competition,Oreca,GF,23.633,29.547,41.676,
34,3,6,1:35.010,0,,23.473,0,29.754,0,41.783,0,172.9,15:22.771,15:45:22.771,0:23.473,0:29.754,0:41.783,277.6,Albert COSTA,,LMP2,,Inter Europol Competition,Oreca,GF,23.473,29.754,41.783,
34,3,7,1:35.067,0,,23.512,0,29.680,0,41.875,0,172.8,16:57.838,15:46:57.838,0:23.512,0:29.680,0:41.875,282.0,Albert COSTA,,LMP2,,Inter Europol Competition,Oreca,GF,23.512,29.680,41.875,
34,3,8,1:35.540,0,,23.619,0,29.543,0,42.378,0,171.9,18:33.378,15:48:33.378,0:23.619,0:29.543,0:42.378,270.7,Albert COSTA,,LMP2,,Inter Europol Competition,Oreca,GF,23.619,29.543,42.378,
34,3,9,1:34.894,0,,23.502,0,29.412,0,41.980,0,173.1,20:08.272,15:50:08.272,0:23.502,0:29.412,0:41.980,282.0,Albert COSTA,,LMP2,,Inter Europol Competition,Oreca,GF,23.502,29.412,41.980,
34,3,10,1:35.385,0,,23.755,0,29.947,0,41.683,0,172.2,21:43.657,15:51:43.657,0:23.755,0:29.947,0:41.683,272.0,Albert COSTA,,LMP2,,Inter Europol Competition,Oreca,GF,23.755,29.947,41.683,
34,3,11,1:33.986,2,,23.452,0,29.183,2,41.351,2,174.8,23:17.643,15:53:17.643,0:23.452,0:29.183,0:41.351,280.5,Albert COSTA,,LMP2,,Inter Europol Competition,Oreca,GF,23.452,29.183,41.351,
34,3,12,1:34.714,0,,23.564,0,29.584,0,41.566,0,173.4,24:52.357,15:54:52.357,0:23.564,0:29.584,0:41.566,270.0,Albert COSTA,,LMP2,,Inter Europol Competition,Oreca,GF,23.564,29.584,41.566,
34,3,13,1:35.712,0,,23.542,0,30.336,0,41.834,0,171.6,26:28.069,15:56:28.069,0:23.542,0:30.336,0:41.834,282.0,Albert COSTA,,LMP2,,Inter Europol Competition,Oreca,GF,23.542,30.336,41.834,
34,3,14,1:34.313,0,,23.442,0,29.421,0,41.450,0,174.2,28:02.382,15:58:02.382,0:23.442,0:29.421,0:41.450,279.1,Albert COSTA,,LMP2,,Inter Europol Competition,Oreca,GF,23.442,29.421,41.450,
34,3,15,1:34.362,0,,23.411,2,29.291,0,41.660,0,174.1,29:36.744,15:59:36.744,0:23.411,0:29.291,0:41.660,278.4,Albert COSTA,,LMP2,,Inter Europol Competition,Oreca,GF,23.411,29.291,41.660,
34,3,16,1:40.783,0,B,23.494,0,29.551,0,47.738,0,163.0,31:17.527,16:01:17.527,0:23.494,0:29.551,0:47.738,279.8,Albert COSTA,,LMP2,,Inter Europol Competition,Oreca,GF,23.494,29.551,47.738,
34,1,17,3:06.191,0,,1:51.940,0,31.335,0,42.916,0,88.2,34:23.718,16:04:23.718,1:51.940,0:31.335,0:42.916,142.1,Jakub SMIECHOWSKI,0:01:31.397,LMP2,,Inter Europol Competition,Oreca,GF,111.940,31.335,42.916,
34,1,18,1:37.742,0,,24.280,0,30.646,0,42.816,0,168.1,36:01.460,16:06:01.460,0:24.280,0:30.646,0:42.816,263.4,Jakub SMIECHOWSKI,,LMP2,,Inter Europol Competition,Oreca,GF,24.280,30.646,42.816,
34,1,19,1:37.678,0,,24.273,0,30.940,0,42.465,0,168.2,37:39.138,16:07:39.138,0:24.273,0:30.940,0:42.465,266.0,Jakub SMIECHOWSKI,,LMP2,,Inter Europol Competition,Oreca,GF,24.273,30.940,42.465,
34,1,20,1:38.825,0,,24.076,0,31.261,0,43.488,0,166.2,39:17.963,16:09:17.963,0:24.076,0:31.261,0:43.488,262.8,Jakub SMIECHOWSKI,,LMP2,,Inter Europol Competition,Oreca,GF,24.076,31.261,43.488,
34,1,21,1:37.261,0,,24.104,0,30.635,0,42.522,0,168.9,40:55.224,16:10:55.224,0:24.104,0:30.635,0:42.522,268.7,Jakub SMIECHOWSKI,,LMP2,,Inter Europol Competition,Oreca,GF,24.104,30.635,42.522,
34,1,22,1:37.833,0,,24.119,0,30.873,0,42.841,0,167.9,42:33.057,16:12:33.057,0:24.119,0:30.873,0:42.841,276.2,Jakub SMIECHOWSKI,,LMP2,,Inter Europol Competition,Oreca,GF,24.119,30.873,42.841,
34,1,23,1:37.246,0,,24.085,0,30.494,0,42.667,0,168.9,44:10.303,16:14:10.303,0:24.085,0:30.494,0:42.667,272.0,Jakub SMIECHOWSKI,,LMP2,,Inter Europol Competition,Oreca,GF,24.085,30.494,42.667,
34,1,24,1:37.744,0,,24.138,0,31.150,0,42.456,0,168.1,45:48.047,16:15:48.047,0:24.138,0:31.150,0:42.456,242.2,Jakub SMIECHOWSKI,,LMP2,,Inter Europol Competition,Oreca,GF,24.138,31.150,42.456,
34,1,25,1:36.364,0,,23.907,1,30.193,0,42.264,1,170.5,47:24.411,16:17:24.411,0:23.907,0:30.193,0:42.264,266.0,Jakub SMIECHOWSKI,,LMP2,,Inter Europol Competition,Oreca,GF,23.907,30.193,42.264,
34,1,26,1:36.563,0,,24.000,0,30.052,1,42.511,0,170.1,49:00.974,16:19:00.974,0:24.000,0:30.052,0:42.511,268.0,Jakub SMIECHOWSKI,,LMP2,,Inter Europol Competition,Oreca,GF,24.000,30.052,42.511,
34,1,27,1:37.062,0,,24.359,0,30.365,0,42.338,0,169.2,50:38.036,16:20:38.036,0:24.359,0:30.365,0:42.338,250.0,Jakub SMIECHOWSKI,,LMP2,,Inter Europol Competition,Oreca,GF,24.359,30.365,42.338,
34,1,28,1:43.250,0,B,23.959,0,30.289,0,49.002,0,159.1,52:21.286,16:22:21.286,0:23.959,0:30.289,0:49.002,272.0,Jakub SMIECHOWSKI,,LMP2,,Inter Europol Competition,Oreca,GF,23.959,30.289,49.002,
34,2,29,15:31.903,0,,14:15.023,0,32.856,0,44.024,0,17.6,1:07:53.189,16:37:53.189,14:15.023,0:32.856,0:44.024,140.4,Fabio SCHERER,0:13:53.932,LMP2,,Inter Europol Competition,Oreca,GF,855.023,32.856,44.024,
34,2,30,1:43.569,0,,28.381,0,32.164,0,43.024,0,158.6,1:09:36.758,16:39:36.758,0:28.381,0:32.164,0:43.024,217.7,Fabio SCHERER,,LMP2,,Inter Europol Competition,Oreca,GF,28.381,32.164,43.024,
34,2,31,1:36.865,0,,24.064,0,30.594,0,42.207,0,169.6,1:11:13.623,16:41:13.623,0:24.064,0:30.594,0:42.207,272.0,Fabio SCHERER,,LMP2,,Inter Europol Competition,Oreca,GF,24.064,30.594,42.207,
34,2,32,1:36.348,0,,24.008,0,30.297,0,42.043,0,170.5,1:12:49.971,16:42:49.971,0:24.008,0:30.297,0:42.043,281.2,Fabio SCHERER,,LMP2,,Inter Europol Competition,Oreca,GF,24.008,30.297,42.043,
34,2,33,1:36.101,0,,23.767,0,29.996,0,42.338,0,170.9,1:14:26.072,16:44:26.072,0:23.767,0:29.996,0:42.338,276.9,Fabio SCHERER,,LMP2,,Inter Europol Competition,Oreca,GF,23.767,29.996,42.338,
34,2,34,1:36.110,0,,23.906,0,30.169,0,42.035,0,170.9,1:16:02.182,16:46:02.182,0:23.906,0:30.169,0:42.035,283.5,Fabio SCHERER,,LMP2,,Inter Europol Competition,Oreca,GF,23.906,30.169,42.035,
34,2,35,1:36.081,0,,23.649,0,29.900,0,42.532,0,171.0,1:17:38.263,16:47:38.263,0:23.649,0:29.900,0:42.532,284.2,Fabio SCHERER,,LMP2,,Inter Europol Competition,Oreca,GF,23.649,29.900,42.532,
34,2,36,1:35.069,0,,23.614,1,29.639,0,41.816,0,172.8,1:19:13.332,16:49:13.332,0:23.614,0:29.639,0:41.816,285.7,Fabio SCHERER,,LMP2,,Inter Europol Competition,Oreca,GF,23.614,29.639,41.816,
34,2,37,1:35.797,0,,23.659,0,30.186,0,41.952,0,171.5,1:20:49.129,16:50:49.129,0:23.659,0:30.186,0:41.952,280.5,Fabio SCHERER,,LMP2,,Inter Europol Competition,Oreca,GF,23.659,30.186,41.952,
34,2,38,1:34.934,0,,23.700,0,29.482,1,41.752,1,173.0,1:22:24.063,16:52:24.063,0:23.700,0:29.482,0:41.752,284.2,Fabio SCHERER,,LMP2,,Inter Europol Competition,Oreca,GF,23.700,29.482,41.752,
34,2,39,1:36.858,0,,23.615,0,29.948,0,43.295,0,169.6,1:24:00.921,16:54:00.921,0:23.615,0:29.948,0:43.295,283.5,Fabio SCHERER,,LMP2,,Inter Europol Competition,Oreca,GF,23.615,29.948,43.295,
34,2,40,1:35.924,0,,23.830,0,30.255,0,41.839,0,171.2,1:25:36.845,16:55:36.845,0:23.830,0:30.255,0:41.839,280.5,Fabio SCHERER,,LMP2,,Inter Europol Competition,Oreca,GF,23.830,30.255,41.839,
34,2,41,1:35.403,0,,23.702,0,29.778,0,41.923,0,172.2,1:27:12.248,16:57:12.248,0:23.702,0:29.778,0:41.923,279.1,Fabio SCHERER,,LMP2,,Inter Europol Competition,Oreca,GF,23.702,29.778,41.923,
34,2,42,1:35.627,0,,23.830,0,29.856,0,41.941,0,171.8,1:28:47.875,16:58:47.875,0:23.830,0:29.856,0:41.941,279.1,Fabio SCHERER,,LMP2,,Inter Europol Competition,Oreca,GF,23.830,29.856,41.941,
34,2,43,1:35.736,0,,23.616,0,29.980,0,42.140,0,171.6,1:30:23.611,17:00:23.611,0:23.616,0:29.980,0:42.140,284.2,Fabio SCHERER,,LMP2,,Inter Europol Competition,Oreca,FF,23.616,29.980,42.140,
35,1,1,2:26.336,0,,1:04.297,0,36.315,0,45.724,0,104.7,2:26.336,15:32:26.336,1:04.297,0:36.315,0:45.724,121.8,André NEGRÃO,0:00:37.051,LMP2,,Alpine Elf Team,Oreca,GF,64.297,36.315,45.724,
35,1,2,1:41.640,0,,26.233,0,33.075,0,42.332,0,161.6,4:07.976,15:34:07.976,0:26.233,0:33.075,0:42.332,231.3,André NEGRÃO,,LMP2,,Alpine Elf Team,Oreca,GF,26.233,33.075,42.332,
35,1,3,1:36.149,0,,24.012,0,30.501,0,41.636,0,170.8,5:44.125,15:35:44.125,0:24.012,0:30.501,0:41.636,275.5,André NEGRÃO,,LMP2,,Alpine Elf Team,Oreca,GF,24.012,30.501,41.636,
35,1,4,1:34.813,2,,23.623,0,29.682,1,41.508,2,173.3,7:18.938,15:37:18.938,0:23.623,0:29.682,0:41.508,286.5,André NEGRÃO,,LMP2,,Alpine Elf Team,Oreca,GF,23.623,29.682,41.508,
35,1,5,1:36.440,0,,23.505,1,29.951,0,42.984,0,170.3,8:55.378,15:38:55.378,0:23.505,0:29.951,0:42.984,286.5,André NEGRÃO,,LMP2,,Alpine Elf Team,Oreca,GF,23.505,29.951,42.984,
35,1,6,1:41.954,0,B,23.782,0,30.016,0,48.156,0,161.1,10:37.332,15:40:37.332,0:23.782,0:30.016,0:48.156,286.5,André NEGRÃO,,LMP2,,Alpine Elf Team,Oreca,GF,23.782,30.016,48.156,
35,1,7,9:47.094,0,,8:29.841,0,32.589,0,44.664,0,28.0,20:24.426,15:50:24.426,8:29.841,0:32.589,0:44.664,141.7,André NEGRÃO,0:08:09.987,LMP2,,Alpine Elf Team,Oreca,GF,509.841,32.589,44.664,
35,1,8,1:35.258,0,,23.702,0,29.883,0,41.673,0,172.4,21:59.684,15:51:59.684,0:23.702,0:29.883,0:41.673,285.7,André NEGRÃO,,LMP2,,Alpine Elf Team,Oreca,GF,23.702,29.883,41.673,
35,1,9,1:35.197,0,,23.647,0,29.877,0,41.673,0,172.6,23:34.881,15:53:34.881,0:23.647,0:29.877,0:41.673,288.0,André NEGRÃO,,LMP2,,Alpine Elf Team,Oreca,GF,23.647,29.877,41.673,
35,1,10,1:35.272,0,,23.589,0,29.911,0,41.772,0,172.4,25:10.153,15:55:10.153,0:23.589,0:29.911,0:41.772,285.7,André NEGRÃO,,LMP2,,Alpine Elf Team,Oreca,GF,23.589,29.911,41.772,
35,1,11,1:40.361,0,B,23.602,0,29.872,0,46.887,0,163.7,26:50.514,15:56:50.514,0:23.602,0:29.872,0:46.887,285.7,André NEGRÃO,,LMP2,,Alpine Elf Team,Oreca,GF,23.602,29.872,46.887,
35,2,12,2:47.436,0,,1:30.882,0,32.664,0,43.890,0,98.1,29:37.950,15:59:37.950,1:30.882,0:32.664,0:43.890,145.4,Memo ROJAS,0:01:10.415,LMP2,,Alpine Elf Team,Oreca,GF,90.882,32.664,43.890,
35,2,13,1:38.774,0,,24.344,0,31.087,0,43.343,0,166.3,31:16.724,16:01:16.724,0:24.344,0:31.087,0:43.343,273.4,Memo ROJAS,,LMP2,,Alpine Elf Team,Oreca,GF,24.344,31.087,43.343,
35,2,14,1:37.394,0,,24.407,0,30.690,0,42.297,0,168.7,32:54.118,16:02:54.118,0:24.407,0:30.690,0:42.297,279.8,Memo ROJAS,,LMP2,,Alpine Elf Team,Oreca,GF,24.407,30.690,42.297,
35,2,15,1:39.383,0,,24.334,0,31.766,0,43.283,0,165.3,34:33.501,16:04:33.501,0:24.334,0:31.766,0:43.283,275.5,Memo ROJAS,,LMP2,,Alpine Elf Team,Oreca,GF,24.334,31.766,43.283,
35,2,16,1:38.346,0,,24.337,0,31.243,0,42.766,0,167.0,36:11.847,16:06:11.847,0:24.337,0:31.243,0:42.766,285.7,Memo ROJAS,,LMP2,,Alpine Elf Team,Oreca,GF,24.337,31.243,42.766,
35,2,17,1:37.719,0,,23.885,0,30.744,0,43.090,0,168.1,37:49.566,16:07:49.566,0:23.885,0:30.744,0:43.090,288.0,Memo ROJAS,,LMP2,,Alpine Elf Team,Oreca,GF,23.885,30.744,43.090,
35,2,18,1:44.601,0,,23.803,0,31.186,0,49.612,0,157.0,39:34.167,16:09:34.167,0:23.803,0:31.186,0:49.612,288.0,Memo ROJAS,,LMP2,,Alpine Elf Team,Oreca,GF,23.803,31.186,49.612,
35,2,19,1:37.673,0,,24.258,0,30.706,0,42.709,0,168.2,41:11.840,16:11:11.840,0:24.258,0:30.706,0:42.709,286.5,Memo ROJAS,,LMP2,,Alpine Elf Team,Oreca,GF,24.258,30.706,42.709,
35,2,20,1:37.406,0,,23.758,0,30.667,0,42.981,0,168.6,42:49.246,16:12:49.246,0:23.758,0:30.667,0:42.981,288.0,Memo ROJAS,,LMP2,,Alpine Elf Team,Oreca,GF,23.758,30.667,42.981,
35,2,21,1:37.037,0,,24.221,0,30.423,0,42.393,0,169.3,44:26.283,16:14:26.283,0:24.221,0:30.423,0:42.393,288.8,Memo ROJAS,,LMP2,,Alpine Elf Team,Oreca,GF,24.221,30.423,42.393,
35,2,22,1:45.526,0,B,24.459,0,31.478,0,49.589,0,155.7,46:11.809,16:16:11.809,0:24.459,0:31.478,0:49.589,285.0,Memo ROJAS,,LMP2,,Alpine Elf Team,Oreca,GF,24.459,31.478,49.589,
35,3,23,5:52.503,0,,4:36.397,0,31.957,0,44.149,0,46.6,52:04.312,16:22:04.312,4:36.397,0:31.957,0:44.149,134.0,Olli CALDWELL,0:04:15.588,LMP2,,Alpine Elf Team,Oreca,GF,276.397,31.957,44.149,
35,3,24,1:41.157,0,,24.260,0,32.820,0,44.077,0,162.4,53:45.469,16:23:45.469,0:24.260,0:32.820,0:44.077,276.2,Olli CALDWELL,,LMP2,,Alpine Elf Team,Oreca,GF,24.260,32.820,44.077,
35,3,25,1:38.146,0,,24.269,0,30.811,0,43.066,0,167.4,55:23.615,16:25:23.615,0:24.269,0:30.811,0:43.066,278.4,Olli CALDWELL,,LMP2,,Alpine Elf Team,Oreca,GF,24.269,30.811,43.066,
35,3,26,1:38.861,0,,24.807,0,31.048,0,43.006,0,166.2,57:02.476,16:27:02.476,0:24.807,0:31.048,0:43.006,276.9,Olli CALDWELL,,LMP2,,Alpine Elf Team,Oreca,GF,24.807,31.048,43.006,
35,3,27,1:36.837,0,,24.071,0,30.210,0,42.556,0,169.6,58:39.313,16:28:39.313,0:24.071,0:30.210,0:42.556,283.5,Olli CALDWELL,,LMP2,,Alpine Elf Team,Oreca,GF,24.071,30.210,42.556,
35,3,28,1:36.829,0,,23.935,0,30.407,0,42.487,0,169.6,1:00:16.142,16:30:16.142,0:23.935,0:30.407,0:42.487,285.7,Olli CALDWELL,,LMP2,,Alpine Elf Team,Oreca,GF,23.935,30.407,42.487,
35,3,29,1:37.153,0,,23.900,0,29.980,0,43.273,0,169.1,1:01:53.295,16:31:53.295,0:23.900,0:29.980,0:43.273,285.0,Olli CALDWELL,,LMP2,,Alpine Elf Team,Oreca,GF,23.900,29.980,43.273,
35,3,30,3:03.737,0,B,37.342,0,1:07.344,0,1:19.051,0,89.4,1:04:57.032,16:34:57.032,0:37.342,1:07.344,1:19.051,259.0,Olli CALDWELL,,LMP2,,Alpine Elf Team,Oreca,FCY,37.342,67.344,79.051,
35,3,31,5:19.963,0,,3:55.884,0,36.338,0,47.741,0,51.3,1:10:16.995,16:40:16.995,3:55.884,0:36.338,0:47.741,109.9,Olli CALDWELL,0:03:31.229,LMP2,,Alpine Elf Team,Oreca,GF,235.884,36.338,47.741,
35,3,32,1:43.824,0,,27.361,0,33.023,0,43.440,0,158.2,1:12:00.819,16:42:00.819,0:27.361,0:33.023,0:43.440,255.3,Olli CALDWELL,,LMP2,,Alpine Elf Team,Oreca,GF,27.361,33.023,43.440,
35,3,33,1:38.197,0,,23.865,0,31.131,0,43.201,0,167.3,1:13:39.016,16:43:39.016,0:23.865,0:31.131,0:43.201,283.5,Olli CALDWELL,,LMP2,,Alpine Elf Team,Oreca,GF,23.865,31.131,43.201,
35,3,34,1:35.369,0,,23.608,0,29.676,2,42.085,0,172.2,1:15:14.385,16:45:14.385,0:23.608,0:29.676,0:42.085,289.5,Olli CALDWELL,,LMP2,,Alpine Elf Team,Oreca,GF,23.608,29.676,42.085,
35,3,35,1:36.488,0,,23.566,1,30.042,0,42.880,0,170.2,1:16:50.873,16:46:50.873,0:23.566,0:30.042,0:42.880,289.5,Olli CALDWELL,,LMP2,,Alpine Elf Team,Oreca,GF,23.566,30.042,42.880,
35,3,36,1:35.444,0,,23.728,0,29.677,0,42.039,1,172.1,1:18:26.317,16:48:26.317,0:23.728,0:29.677,0:42.039,289.5,Olli CALDWELL,,LMP2,,Alpine Elf Team,Oreca,GF,23.728,29.677,42.039,
35,3,37,1:41.683,0,B,23.568,0,29.860,0,48.255,0,161.5,1:20:08.000,16:50:08.000,0:23.568,0:29.860,0:48.255,288.0,Olli CALDWELL,,LMP2,,Alpine Elf Team,Oreca,GF,23.568,29.860,48.255,
35,2,38,2:42.922,0,,1:29.216,0,30.890,0,42.816,0,100.8,1:22:50.922,16:52:50.922,1:29.216,0:30.890,0:42.816,146.7,Memo ROJAS,0:01:09.293,LMP2,,Alpine Elf Team,Oreca,GF,89.216,30.890,42.816,
35,2,39,1:36.211,0,,23.932,0,30.320,0,41.959,0,170.7,1:24:27.133,16:54:27.133,0:23.932,0:30.320,0:41.959,287.2,Memo ROJAS,,LMP2,,Alpine Elf Team,Oreca,GF,23.932,30.320,41.959,
35,2,40,1:36.548,0,,23.744,0,30.477,0,42.327,0,170.1,1:26:03.681,16:56:03.681,0:23.744,0:30.477,0:42.327,290.3,Memo ROJAS,,LMP2,,Alpine Elf Team,Oreca,GF,23.744,30.477,42.327,
35,2,41,1:36.288,0,,23.880,0,30.318,0,42.090,0,170.6,1:27:39.969,16:57:39.969,0:23.880,0:30.318,0:42.090,289.5,Memo ROJAS,,LMP2,,Alpine Elf Team,Oreca,GF,23.880,30.318,42.090,
35,2,42,1:36.443,0,,23.921,0,30.280,0,42.242,0,170.3,1:29:16.412,16:59:16.412,0:23.921,0:30.280,0:42.242,290.3,Memo ROJAS,,LMP2,,Alpine Elf Team,Oreca,GF,23.921,30.280,42.242,
35,2,43,1:35.522,0,,23.501,2,30.112,1,41.909,1,172.0,1:30:51.934,17:00:51.934,0:23.501,0:30.112,0:41.909,290.3,Memo ROJAS,,LMP2,,Alpine Elf Team,Oreca,FF,23.501,30.112,41.909,
36,2,1,2:36.830,0,,1:14.144,0,36.357,0,46.329,0,97.7,2:36.830,15:32:36.830,1:14.144,0:36.357,0:46.329,120.4,Julien CANAL,0:00:47.576,LMP2,,Alpine Elf Team,Oreca,GF,74.144,36.357,46.329,
36,2,2,1:40.822,0,,25.563,0,32.116,0,43.143,0,162.9,4:17.652,15:34:17.652,0:25.563,0:32.116,0:43.143,229.8,Julien CANAL,,LMP2,,Alpine Elf Team,Oreca,GF,25.563,32.116,43.143,
36,2,3,1:36.349,0,,24.119,0,30.319,0,41.911,0,170.5,5:54.001,15:35:54.001,0:24.119,0:30.319,0:41.911,279.8,Julien CANAL,,LMP2,,Alpine Elf Team,Oreca,GF,24.119,30.319,41.911,
36,2,4,1:35.372,0,,23.761,0,29.857,0,41.754,0,172.2,7:29.373,15:37:29.373,0:23.761,0:29.857,0:41.754,285.0,Julien CANAL,,LMP2,,Alpine Elf Team,Oreca,GF,23.761,29.857,41.754,
36,2,5,1:36.083,0,,23.564,0,30.292,0,42.227,0,171.0,9:05.456,15:39:05.456,0:23.564,0:30.292,0:42.227,287.2,Julien CANAL,,LMP2,,Alpine Elf Team,Oreca,GF,23.564,30.292,42.227,
36,2,6,1:35.751,0,,23.780,0,29.881,0,42.090,0,171.6,10:41.207,15:40:41.207,0:23.780,0:29.881,0:42.090,286.5,Julien CANAL,,LMP2,,Alpine Elf Team,Oreca,GF,23.780,29.881,42.090,
36,2,7,1:35.494,0,,23.647,0,29.895,0,41.952,0,172.0,12:16.701,15:42:16.701,0:23.647,0:29.895,0:41.952,286.5,Julien CANAL,,LMP2,,Alpine Elf Team,Oreca,GF,23.647,29.895,41.952,
36,2,8,1:36.902,0,,23.859,0,30.338,0,42.705,0,169.5,13:53.603,15:43:53.603,0:23.859,0:30.338,0:42.705,287.2,Julien CANAL,,LMP2,,Alpine Elf Team,Oreca,GF,23.859,30.338,42.705,
36,2,9,1:35.941,0,,23.788,0,29.530,1,42.623,0,171.2,15:29.544,15:45:29.544,0:23.788,0:29.530,0:42.623,287.2,Julien CANAL,,LMP2,,Alpine Elf Team,Oreca,GF,23.788,29.530,42.623,
36,2,10,1:35.555,0,,23.530,1,29.934,0,42.091,0,171.9,17:05.099,15:47:05.099,0:23.530,0:29.934,0:42.091,287.2,Julien CANAL,,LMP2,,Alpine Elf Team,Oreca,GF,23.530,29.934,42.091,
36,2,11,1:35.317,0,,23.636,0,29.795,0,41.886,0,172.3,18:40.416,15:48:40.416,0:23.636,0:29.795,0:41.886,288.0,Julien CANAL,,LMP2,,Alpine Elf Team,Oreca,GF,23.636,29.795,41.886,
36,2,12,1:35.719,0,,23.571,0,29.996,0,42.152,0,171.6,20:16.135,15:50:16.135,0:23.571,0:29.996,0:42.152,286.5,Julien CANAL,,LMP2,,Alpine Elf Team,Oreca,GF,23.571,29.996,42.152,
36,2,13,1:50.859,0,B,28.199,0,32.108,0,50.552,0,148.2,22:06.994,15:52:06.994,0:28.199,0:32.108,0:50.552,291.1,Julien CANAL,,LMP2,,Alpine Elf Team,Oreca,GF,28.199,32.108,50.552,
36,3,14,4:52.422,0,,3:39.802,0,30.316,0,42.304,0,56.2,26:59.416,15:56:59.416,3:39.802,0:30.316,0:42.304,144.6,Charles MILESI,0:03:19.961,LMP2,,Alpine Elf Team,Oreca,GF,219.802,30.316,42.304,
36,3,15,1:35.234,0,,23.778,0,29.623,0,41.833,0,172.5,28:34.650,15:58:34.650,0:23.778,0:29.623,0:41.833,289.5,Charles MILESI,,LMP2,,Alpine Elf Team,Oreca,GF,23.778,29.623,41.833,
36,3,16,1:34.815,0,,23.589,0,29.692,0,41.534,0,173.3,30:09.465,16:00:09.465,0:23.589,0:29.692,0:41.534,286.5,Charles MILESI,,LMP2,,Alpine Elf Team,Oreca,GF,23.589,29.692,41.534,
36,3,17,1:35.047,0,,23.675,0,29.709,0,41.663,0,172.8,31:44.512,16:01:44.512,0:23.675,0:29.709,0:41.663,286.5,Charles MILESI,,LMP2,,Alpine Elf Team,Oreca,GF,23.675,29.709,41.663,
36,3,18,1:34.987,0,,23.580,0,29.553,1,41.854,0,172.9,33:19.499,16:03:19.499,0:23.580,0:29.553,0:41.854,288.0,Charles MILESI,,LMP2,,Alpine Elf Team,Oreca,GF,23.580,29.553,41.854,
36,3,19,1:38.686,0,,25.965,0,30.658,0,42.063,0,166.5,34:58.185,16:04:58.185,0:25.965,0:30.658,0:42.063,288.8,Charles MILESI,,LMP2,,Alpine Elf Team,Oreca,GF,25.965,30.658,42.063,
36,3,20,1:34.751,0,,23.678,0,29.619,0,41.454,1,173.4,36:32.936,16:06:32.936,0:23.678,0:29.619,0:41.454,285.7,Charles MILESI,,LMP2,,Alpine Elf Team,Oreca,GF,23.678,29.619,41.454,
36,3,21,1:36.002,0,,23.515,0,30.362,0,42.125,0,171.1,38:08.938,16:08:08.938,0:23.515,0:30.362,0:42.125,287.2,Charles MILESI,,LMP2,,Alpine Elf Team,Oreca,GF,23.515,30.362,42.125,
36,3,22,1:34.863,0,,23.466,2,29.837,0,41.560,0,173.2,39:43.801,16:09:43.801,0:23.466,0:29.837,0:41.560,288.8,Charles MILESI,,LMP2,,Alpine Elf Team,Oreca,GF,23.466,29.837,41.560,
36,3,23,1:41.986,0,B,24.241,0,30.393,0,47.352,0,161.1,41:25.787,16:11:25.787,0:24.241,0:30.393,0:47.352,288.0,Charles MILESI,,LMP2,,Alpine Elf Team,Oreca,GF,24.241,30.393,47.352,
36,1,24,8:01.952,0,,6:48.531,0,30.585,0,42.836,0,34.1,49:27.739,16:19:27.739,6:48.531,0:30.585,0:42.836,145.7,Matthieu VAXIVIERE,0:06:28.760,LMP2,,Alpine Elf Team,Oreca,GF,408.531,30.585,42.836,
36,1,25,1:35.970,0,,23.765,0,29.770,0,42.435,0,171.2,51:03.709,16:21:03.709,0:23.765,0:29.770,0:42.435,284.2,Matthieu VAXIVIERE,,LMP2,,Alpine Elf Team,Oreca,GF,23.765,29.770,42.435,
36,1,26,1:41.240,0,,27.789,0,30.797,0,42.654,0,162.3,52:44.949,16:22:44.949,0:27.789,0:30.797,0:42.654,288.8,Matthieu VAXIVIERE,,LMP2,,Alpine Elf Team,Oreca,GF,27.789,30.797,42.654,
36,1,27,1:36.098,0,,23.849,0,29.870,0,42.379,0,170.9,54:21.047,16:24:21.047,0:23.849,0:29.870,0:42.379,285.7,Matthieu VAXIVIERE,,LMP2,,Alpine Elf Team,Oreca,GF,23.849,29.870,42.379,
36,1,28,1:38.208,0,,23.709,0,30.484,0,44.015,0,167.3,55:59.255,16:25:59.255,0:23.709,0:30.484,0:44.015,288.8,Matthieu VAXIVIERE,,LMP2,,Alpine Elf Team,Oreca,GF,23.709,30.484,44.015,
36,1,29,1:38.642,0,,25.271,0,30.559,0,42.812,0,166.5,57:37.897,16:27:37.897,0:25.271,0:30.559,0:42.812,288.8,Matthieu VAXIVIERE,,LMP2,,Alpine Elf Team,Oreca,GF,25.271,30.559,42.812,
36,1,30,1:44.331,0,B,23.839,0,29.881,0,50.611,0,157.4,59:22.228,16:29:22.228,0:23.839,0:29.881,0:50.611,286.5,Matthieu VAXIVIERE,,LMP2,,Alpine Elf Team,Oreca,GF,23.839,29.881,50.611,
36,1,31,10:42.714,0,,9:23.449,0,33.890,0,45.375,0,25.6,1:10:04.942,16:40:04.942,9:23.449,0:33.890,0:45.375,125.1,Matthieu VAXIVIERE,0:09:00.583,LMP2,,Alpine Elf Team,Oreca,GF,563.449,33.890,45.375,
36,1,32,1:49.442,0,,25.391,0,34.813,0,49.238,0,150.1,1:11:54.384,16:41:54.384,0:25.391,0:34.813,0:49.238,257.8,Matthieu VAXIVIERE,,LMP2,,Alpine Elf Team,Oreca,GF,25.391,34.813,49.238,
36,1,33,1:39.771,0,,25.654,0,31.680,0,42.437,0,164.6,1:13:34.155,16:43:34.155,0:25.654,0:31.680,0:42.437,286.5,Matthieu VAXIVIERE,,LMP2,,Alpine Elf Team,Oreca,GF,25.654,31.680,42.437,
36,1,34,1:34.648,2,,23.952,0,29.321,0,41.375,2,173.6,1:15:08.803,16:45:08.803,0:23.952,0:29.321,0:41.375,288.8,Matthieu VAXIVIERE,,LMP2,,Alpine Elf Team,Oreca,GF,23.952,29.321,41.375,
36,1,35,1:36.286,0,,23.511,0,29.412,0,43.363,0,170.6,1:16:45.089,16:46:45.089,0:23.511,0:29.412,0:43.363,288.8,Matthieu VAXIVIERE,,LMP2,,Alpine Elf Team,Oreca,GF,23.511,29.412,43.363,
36,1,36,1:42.496,0,B,23.503,1,29.117,2,49.876,0,160.3,1:18:27.585,16:48:27.585,0:23.503,0:29.117,0:49.876,289.5,Matthieu VAXIVIERE,,LMP2,,Alpine Elf Team,Oreca,GF,23.503,29.117,49.876,
36,2,37,7:08.272,0,,5:56.134,0,30.466,0,41.672,1,38.4,1:25:35.857,16:55:35.857,5:56.134,0:30.466,0:41.672,145.6,Julien CANAL,0:05:36.633,LMP2,,Alpine Elf Team,Oreca,GF,356.134,30.466,41.672,
36,2,38,1:36.084,0,,23.620,0,29.867,0,42.597,0,171.0,1:27:11.941,16:57:11.941,0:23.620,0:29.867,0:42.597,290.3,Julien CANAL,,LMP2,,Alpine Elf Team,Oreca,GF,23.620,29.867,42.597,
36,2,39,1:35.282,0,,23.593,0,29.922,0,41.767,0,172.4,1:28:47.223,16:58:47.223,0:23.593,0:29.922,0:41.767,289.5,Julien CANAL,,LMP2,,Alpine Elf Team,Oreca,GF,23.593,29.922,41.767,
36,2,40,1:35.416,0,,23.724,0,29.811,0,41.881,0,172.2,1:30:22.639,17:00:22.639,0:23.724,0:29.811,0:41.881,289.5,Julien CANAL,,LMP2,,Alpine Elf Team,Oreca,FF,23.724,29.811,41.881,
38,1,1,1:50.422,0,,32.540,0,34.444,0,43.438,0,138.8,1:50.422,15:31:50.422,0:32.540,0:34.444,0:43.438,114.2,Antonio Felix DA COSTA,0:00:06.623,HYPERCAR,H,Hertz Team JOTA,Porsche,GF,32.540,34.444,43.438,
38,1,2,1:39.306,0,,24.885,0,31.355,0,43.066,0,165.4,3:29.728,15:33:29.728,0:24.885,0:31.355,0:43.066,247.1,Antonio Felix DA COSTA,,HYPERCAR,H,Hertz Team JOTA,Porsche,GF,24.885,31.355,43.066,
38,1,3,1:32.059,0,,22.682,0,29.188,0,40.189,0,178.4,5:01.787,15:35:01.787,0:22.682,0:29.188,0:40.189,302.5,Antonio Felix DA COSTA,,HYPERCAR,H,Hertz Team JOTA,Porsche,GF,22.682,29.188,40.189,
38,1,4,1:33.068,0,,23.125,0,30.230,0,39.713,2,176.5,6:34.855,15:36:34.855,0:23.125,0:30.230,0:39.713,291.9,Antonio Felix DA COSTA,,HYPERCAR,H,Hertz Team JOTA,Porsche,GF,23.125,30.230,39.713,
38,1,5,1:30.584,2,,22.106,0,28.736,0,39.742,0,181.3,8:05.439,15:38:05.439,0:22.106,0:28.736,0:39.742,312.1,Antonio Felix DA COSTA,,HYPERCAR,H,Hertz Team JOTA,Porsche,GF,22.106,28.736,39.742,
38,1,6,1:32.303,0,,22.105,2,29.305,0,40.893,0,178.0,9:37.742,15:39:37.742,0:22.105,0:29.305,0:40.893,312.1,Antonio Felix DA COSTA,,HYPERCAR,H,Hertz Team JOTA,Porsche,GF,22.105,29.305,40.893,
38,1,7,1:37.235,0,B,22.478,0,28.635,0,46.122,0,168.9,11:14.977,15:41:14.977,0:22.478,0:28.635,0:46.122,311.2,Antonio Felix DA COSTA,,HYPERCAR,H,Hertz Team JOTA,Porsche,GF,22.478,28.635,46.122,
38,1,8,2:58.619,0,,1:41.295,0,33.691,0,43.633,0,92.0,14:13.596,15:44:13.596,1:41.295,0:33.691,0:43.633,135.5,Antonio Felix DA COSTA,0:01:19.543,HYPERCAR,H,Hertz Team JOTA,Porsche,GF,101.295,33.691,43.633,
38,1,9,1:36.177,0,,23.766,0,31.359,0,41.052,0,170.8,15:49.773,15:45:49.773,0:23.766,0:31.359,0:41.052,266.0,Antonio Felix DA COSTA,,HYPERCAR,H,Hertz Team JOTA,Porsche,GF,23.766,31.359,41.052,
38,1,10,1:34.256,0,,23.232,0,30.399,0,40.625,0,174.3,17:24.029,15:47:24.029,0:23.232,0:30.399,0:40.625,289.5,Antonio Felix DA COSTA,,HYPERCAR,H,Hertz Team JOTA,Porsche,GF,23.232,30.399,40.625,
38,1,11,1:31.998,0,,22.556,0,29.175,0,40.267,0,178.6,18:56.027,15:48:56.027,0:22.556,0:29.175,0:40.267,305.9,Antonio Felix DA COSTA,,HYPERCAR,H,Hertz Team JOTA,Porsche,GF,22.556,29.175,40.267,
38,1,12,1:31.805,0,,22.443,0,29.053,0,40.309,0,178.9,20:27.832,15:50:27.832,0:22.443,0:29.053,0:40.309,311.2,Antonio Felix DA COSTA,,HYPERCAR,H,Hertz Team JOTA,Porsche,GF,22.443,29.053,40.309,
38,1,13,1:31.311,0,,22.426,0,28.613,0,40.272,0,179.9,21:59.143,15:51:59.143,0:22.426,0:28.613,0:40.272,311.2,Antonio Felix DA COSTA,,HYPERCAR,H,Hertz Team JOTA,Porsche,GF,22.426,28.613,40.272,
38,1,14,1:31.411,0,,22.297,0,28.644,0,40.470,0,179.7,23:30.554,15:53:30.554,0:22.297,0:28.644,0:40.470,310.3,Antonio Felix DA COSTA,,HYPERCAR,H,Hertz Team JOTA,Porsche,GF,22.297,28.644,40.470,
38,1,15,1:31.084,0,,22.412,0,28.398,2,40.274,0,180.3,25:01.638,15:55:01.638,0:22.412,0:28.398,0:40.274,309.5,Antonio Felix DA COSTA,,HYPERCAR,H,Hertz Team JOTA,Porsche,GF,22.412,28.398,40.274,
38,1,16,1:40.182,0,B,22.420,0,29.610,0,48.152,0,164.0,26:41.820,15:56:41.820,0:22.420,0:29.610,0:48.152,309.5,Antonio Felix DA COSTA,,HYPERCAR,H,Hertz Team JOTA,Porsche,GF,22.420,29.610,48.152,
38,2,17,2:47.575,0,,1:33.334,0,32.115,0,42.126,0,98.0,29:29.395,15:59:29.395,1:33.334,0:32.115,0:42.126,146.1,William STEVENS,0:01:13.851,HYPERCAR,H,Hertz Team JOTA,Porsche,GF,93.334,32.115,42.126,
38,2,18,1:33.085,0,,22.873,0,29.441,0,40.771,0,176.5,31:02.480,16:01:02.480,0:22.873,0:29.441,0:40.771,296.7,William STEVENS,,HYPERCAR,H,Hertz Team JOTA,Porsche,GF,22.873,29.441,40.771,
38,2,19,1:32.520,0,,22.661,0,29.391,0,40.468,0,177.5,32:35.000,16:02:35.000,0:22.661,0:29.391,0:40.468,299.2,William STEVENS,,HYPERCAR,H,Hertz Team JOTA,Porsche,GF,22.661,29.391,40.468,
38,2,20,1:32.183,0,,22.607,0,29.075,0,40.501,0,178.2,34:07.183,16:04:07.183,0:22.607,0:29.075,0:40.501,300.8,William STEVENS,,HYPERCAR,H,Hertz Team JOTA,Porsche,GF,22.607,29.075,40.501,
38,2,21,1:32.821,0,,22.567,0,29.287,0,40.967,0,177.0,35:40.004,16:05:40.004,0:22.567,0:29.287,0:40.967,309.5,William STEVENS,,HYPERCAR,H,Hertz Team JOTA,Porsche,GF,22.567,29.287,40.967,
38,2,22,1:32.933,0,,22.505,0,28.895,0,41.533,0,176.8,37:12.937,16:07:12.937,0:22.505,0:28.895,0:41.533,308.6,William STEVENS,,HYPERCAR,H,Hertz Team JOTA,Porsche,GF,22.505,28.895,41.533,
38,2,23,1:31.777,0,,22.545,0,28.772,0,40.460,0,179.0,38:44.714,16:08:44.714,0:22.545,0:28.772,0:40.460,310.3,William STEVENS,,HYPERCAR,H,Hertz Team JOTA,Porsche,GF,22.545,28.772,40.460,
38,2,24,1:31.403,0,,22.264,1,28.705,1,40.434,1,179.7,40:16.117,16:10:16.117,0:22.264,0:28.705,0:40.434,313.0,William STEVENS,,HYPERCAR,H,Hertz Team JOTA,Porsche,GF,22.264,28.705,40.434,
38,2,25,1:32.254,0,,22.366,0,29.133,0,40.755,0,178.1,41:48.371,16:11:48.371,0:22.366,0:29.133,0:40.755,314.0,William STEVENS,,HYPERCAR,H,Hertz Team JOTA,Porsche,GF,22.366,29.133,40.755,
38,2,26,1:37.983,0,B,22.454,0,29.184,0,46.345,0,167.6,43:26.354,16:13:26.354,0:22.454,0:29.184,0:46.345,314.0,William STEVENS,,HYPERCAR,H,Hertz Team JOTA,Porsche,GF,22.454,29.184,46.345,
38,2,27,2:30.419,0,,1:16.060,0,32.295,0,42.064,0,109.2,45:56.773,16:15:56.773,1:16.060,0:32.295,0:42.064,147.9,William STEVENS,0:00:55.539,HYPERCAR,H,Hertz Team JOTA,Porsche,GF,76.060,32.295,42.064,
38,2,28,1:33.883,0,,23.081,0,29.729,0,41.073,0,175.0,47:30.656,16:17:30.656,0:23.081,0:29.729,0:41.073,284.2,William STEVENS,,HYPERCAR,H,Hertz Team JOTA,Porsche,GF,23.081,29.729,41.073,
38,2,29,1:33.456,0,,22.815,0,29.684,0,40.957,0,175.8,49:04.112,16:19:04.112,0:22.815,0:29.684,0:40.957,295.9,William STEVENS,,HYPERCAR,H,Hertz Team JOTA,Porsche,GF,22.815,29.684,40.957,
38,2,30,1:33.331,0,,22.659,0,29.536,0,41.136,0,176.0,50:37.443,16:20:37.443,0:22.659,0:29.536,0:41.136,309.5,William STEVENS,,HYPERCAR,H,Hertz Team JOTA,Porsche,GF,22.659,29.536,41.136,
38,2,31,1:33.077,0,,22.587,0,29.731,0,40.759,0,176.5,52:10.520,16:22:10.520,0:22.587,0:29.731,0:40.759,308.6,William STEVENS,,HYPERCAR,H,Hertz Team JOTA,Porsche,GF,22.587,29.731,40.759,
38,2,32,1:32.400,0,,22.358,0,29.139,0,40.903,0,177.8,53:42.920,16:23:42.920,0:22.358,0:29.139,0:40.903,311.2,William STEVENS,,HYPERCAR,H,Hertz Team JOTA,Porsche,GF,22.358,29.139,40.903,
38,2,33,1:32.388,0,,22.376,0,28.847,0,41.165,0,177.8,55:15.308,16:25:15.308,0:22.376,0:28.847,0:41.165,310.3,William STEVENS,,HYPERCAR,H,Hertz Team JOTA,Porsche,GF,22.376,28.847,41.165,
38,2,34,1:32.965,0,,22.377,0,28.896,0,41.692,0,176.7,56:48.273,16:26:48.273,0:22.377,0:28.896,0:41.692,311.2,William STEVENS,,HYPERCAR,H,Hertz Team JOTA,Porsche,GF,22.377,28.896,41.692,
38,2,35,1:32.995,0,,22.569,0,29.597,0,40.829,0,176.6,58:21.268,16:28:21.268,0:22.569,0:29.597,0:40.829,309.5,William STEVENS,,HYPERCAR,H,Hertz Team JOTA,Porsche,GF,22.569,29.597,40.829,
38,2,36,1:31.921,0,,22.416,0,28.768,0,40.737,0,178.7,59:53.189,16:29:53.189,0:22.416,0:28.768,0:40.737,312.1,William STEVENS,,HYPERCAR,H,Hertz Team JOTA,Porsche,GF,22.416,28.768,40.737,
38,2,37,1:40.910,0,B,22.505,0,29.294,0,49.111,0,162.8,1:01:34.099,16:31:34.099,0:22.505,0:29.294,0:49.111,310.3,William STEVENS,,HYPERCAR,H,Hertz Team JOTA,Porsche,GF,22.505,29.294,49.111,
38,3,38,4:34.366,0,,2:17.758,0,1:07.413,0,1:09.195,0,59.9,1:06:08.465,16:36:08.465,2:17.758,1:07.413,1:09.195,80.4,Yifei YE,0:01:41.628,HYPERCAR,H,Hertz Team JOTA,Porsche,GF,137.758,67.413,69.195,
38,3,39,1:37.680,0,,25.043,0,30.941,0,41.696,0,168.2,1:07:46.145,16:37:46.145,0:25.043,0:30.941,0:41.696,239.5,Yifei YE,,HYPERCAR,H,Hertz Team JOTA,Porsche,GF,25.043,30.941,41.696,
38,3,40,1:33.921,0,,23.286,0,29.669,0,40.966,0,174.9,1:09:20.066,16:39:20.066,0:23.286,0:29.669,0:40.966,256.5,Yifei YE,,HYPERCAR,H,Hertz Team JOTA,Porsche,GF,23.286,29.669,40.966,
38,3,41,1:33.280,0,,22.531,0,29.957,0,40.792,0,176.1,1:10:53.346,16:40:53.346,0:22.531,0:29.957,0:40.792,305.1,Yifei YE,,HYPERCAR,H,Hertz Team JOTA,Porsche,GF,22.531,29.957,40.792,
38,3,42,1:32.297,0,,22.533,0,29.107,0,40.657,0,178.0,1:12:25.643,16:42:25.643,0:22.533,0:29.107,0:40.657,311.2,Yifei YE,,HYPERCAR,H,Hertz Team JOTA,Porsche,GF,22.533,29.107,40.657,
38,3,43,1:32.132,0,,22.507,0,29.053,0,40.572,0,178.3,1:13:57.775,16:43:57.775,0:22.507,0:29.053,0:40.572,311.2,Yifei YE,,HYPERCAR,H,Hertz Team JOTA,Porsche,GF,22.507,29.053,40.572,
38,3,44,1:32.293,0,,22.442,0,29.118,0,40.733,0,178.0,1:15:30.068,16:45:30.068,0:22.442,0:29.118,0:40.733,313.0,Yifei YE,,HYPERCAR,H,Hertz Team JOTA,Porsche,GF,22.442,29.118,40.733,
38,3,45,1:32.281,0,,22.313,1,28.980,1,40.988,0,178.0,1:17:02.349,16:47:02.349,0:22.313,0:28.980,0:40.988,314.9,Yifei YE,,HYPERCAR,H,Hertz Team JOTA,Porsche,GF,22.313,28.980,40.988,
38,3,46,1:32.824,0,,22.533,0,29.015,0,41.276,0,177.0,1:18:35.173,16:48:35.173,0:22.533,0:29.015,0:41.276,312.1,Yifei YE,,HYPERCAR,H,Hertz Team JOTA,Porsche,GF,22.533,29.015,41.276,
38,3,47,1:32.272,0,,22.439,0,29.152,0,40.681,0,178.0,1:20:07.445,16:50:07.445,0:22.439,0:29.152,0:40.681,314.9,Yifei YE,,HYPERCAR,H,Hertz Team JOTA,Porsche,GF,22.439,29.152,40.681,
38,3,48,1:31.924,0,,22.417,0,29.148,0,40.359,1,178.7,1:21:39.369,16:51:39.369,0:22.417,0:29.148,0:40.359,313.0,Yifei YE,,HYPERCAR,H,Hertz Team JOTA,Porsche,GF,22.417,29.148,40.359,
38,3,49,1:43.355,0,B,26.304,0,30.075,0,46.976,0,158.9,1:23:22.724,16:53:22.724,0:26.304,0:30.075,0:46.976,314.0,Yifei YE,,HYPERCAR,H,Hertz Team JOTA,Porsche,GF,26.304,30.075,46.976,
38,3,50,2:00.575,0,,47.881,0,30.134,0,42.560,0,136.2,1:25:23.299,16:55:23.299,0:47.881,0:30.134,0:42.560,158.8,Yifei YE,0:00:29.298,HYPERCAR,H,Hertz Team JOTA,Porsche,GF,47.881,30.134,42.560,
38,3,51,1:32.586,0,,22.526,0,29.401,0,40.659,0,177.4,1:26:55.885,16:56:55.885,0:22.526,0:29.401,0:40.659,311.2,Yifei YE,,HYPERCAR,H,Hertz Team JOTA,Porsche,GF,22.526,29.401,40.659,
38,3,52,1:32.481,0,,22.620,0,29.165,0,40.696,0,177.6,1:28:28.366,16:58:28.366,0:22.620,0:29.165,0:40.696,309.5,Yifei YE,,HYPERCAR,H,Hertz Team JOTA,Porsche,GF,22.620,29.165,40.696,
38,3,53,1:32.651,0,,22.816,0,29.336,0,40.499,0,177.3,1:30:01.017,17:00:01.017,0:22.816,0:29.336,0:40.499,289.5,Yifei YE,,HYPERCAR,H,Hertz Team JOTA,Porsche,FF,22.816,29.336,40.499,
4,2,1,2:27.371,0,,1:05.244,0,36.258,0,45.869,0,104.0,2:27.371,15:32:27.371,1:05.244,0:36.258,0:45.869,116.3,Tristan VAUTIER,0:00:38.298,HYPERCAR,,Floyd Vanwall Racing Team,Vanwall,GF,65.244,36.258,45.869,
4,2,2,1:37.108,0,,24.601,0,31.589,0,40.918,0,169.2,4:04.479,15:34:04.479,0:24.601,0:31.589,0:40.918,233.8,Tristan VAUTIER,,HYPERCAR,,Floyd Vanwall Racing Team,Vanwall,GF,24.601,31.589,40.918,
4,2,3,1:33.055,0,,23.041,0,29.082,0,40.932,0,176.5,5:37.534,15:35:37.534,0:23.041,0:29.082,0:40.932,272.0,Tristan VAUTIER,,HYPERCAR,,Floyd Vanwall Racing Team,Vanwall,GF,23.041,29.082,40.932,
4,2,4,1:31.425,2,,22.575,0,28.585,2,40.265,2,179.7,7:08.959,15:37:08.959,0:22.575,0:28.585,0:40.265,305.1,Tristan VAUTIER,,HYPERCAR,,Floyd Vanwall Racing Team,Vanwall,GF,22.575,28.585,40.265,
4,2,5,1:32.619,0,,22.554,0,29.310,0,40.755,0,177.4,8:41.578,15:38:41.578,0:22.554,0:29.310,0:40.755,284.2,Tristan VAUTIER,,HYPERCAR,,Floyd Vanwall Racing Team,Vanwall,GF,22.554,29.310,40.755,
4,2,6,1:33.029,0,,22.435,1,28.911,0,41.683,0,176.6,10:14.607,15:40:14.607,0:22.435,0:28.911,0:41.683,305.9,Tristan VAUTIER,,HYPERCAR,,Floyd Vanwall Racing Team,Vanwall,GF,22.435,28.911,41.683,
4,2,7,1:35.286,0,,24.222,0,29.156,0,41.908,0,172.4,11:49.893,15:41:49.893,0:24.222,0:29.156,0:41.908,308.6,Tristan VAUTIER,,HYPERCAR,,Floyd Vanwall Racing Team,Vanwall,GF,24.222,29.156,41.908,
4,2,8,1:33.824,0,,22.710,0,29.391,0,41.723,0,175.1,13:23.717,15:43:23.717,0:22.710,0:29.391,0:41.723,305.9,Tristan VAUTIER,,HYPERCAR,,Floyd Vanwall Racing Team,Vanwall,GF,22.710,29.391,41.723,
4,2,9,1:44.277,0,B,22.809,0,29.766,0,51.702,0,157.5,15:07.994,15:45:07.994,0:22.809,0:29.766,0:51.702,288.0,Tristan VAUTIER,,HYPERCAR,,Floyd Vanwall Racing Team,Vanwall,GF,22.809,29.766,51.702,
4,2,10,8:51.181,0,B,7:07.322,0,30.139,0,1:13.720,0,30.9,23:59.175,15:53:59.175,7:07.322,0:30.139,1:13.720,147.7,Tristan VAUTIER,0:06:50.285,HYPERCAR,,Floyd Vanwall Racing Team,Vanwall,GF,427.322,30.139,73.720,
4,3,11,18:46.057,0,,17:32.101,0,32.171,0,41.785,0,14.6,42:45.232,16:12:45.232,17:32.101,0:32.171,0:41.785,116.8,Joao Paulo DE OLIVEIRA,0:17:10.038,HYPERCAR,,Floyd Vanwall Racing Team,Vanwall,GF,1052.101,32.171,41.785,
4,3,12,1:35.535,0,,23.170,0,29.663,0,42.702,0,171.9,44:20.767,16:14:20.767,0:23.170,0:29.663,0:42.702,277.6,Joao Paulo DE OLIVEIRA,,HYPERCAR,,Floyd Vanwall Racing Team,Vanwall,GF,23.170,29.663,42.702,
4,3,13,1:33.207,0,,22.916,0,29.216,0,41.075,0,176.2,45:53.974,16:15:53.974,0:22.916,0:29.216,0:41.075,283.5,Joao Paulo DE OLIVEIRA,,HYPERCAR,,Floyd Vanwall Racing Team,Vanwall,GF,22.916,29.216,41.075,
4,3,14,1:32.836,0,,22.679,0,29.245,0,40.912,0,176.9,47:26.810,16:17:26.810,0:22.679,0:29.245,0:40.912,299.2,Joao Paulo DE OLIVEIRA,,HYPERCAR,,Floyd Vanwall Racing Team,Vanwall,GF,22.679,29.245,40.912,
4,3,15,1:34.354,0,,23.171,0,29.849,0,41.334,0,174.1,49:01.164,16:19:01.164,0:23.171,0:29.849,0:41.334,282.7,Joao Paulo DE OLIVEIRA,,HYPERCAR,,Floyd Vanwall Racing Team,Vanwall,GF,23.171,29.849,41.334,
4,3,16,1:32.657,0,,22.778,0,28.943,0,40.936,0,177.3,50:33.821,16:20:33.821,0:22.778,0:28.943,0:40.936,290.3,Joao Paulo DE OLIVEIRA,,HYPERCAR,,Floyd Vanwall Racing Team,Vanwall,GF,22.778,28.943,40.936,
4,3,17,1:31.966,0,,22.462,0,28.744,0,40.760,0,178.6,52:05.787,16:22:05.787,0:22.462,0:28.744,0:40.760,301.7,Joao Paulo DE OLIVEIRA,,HYPERCAR,,Floyd Vanwall Racing Team,Vanwall,GF,22.462,28.744,40.760,
4,3,18,1:40.899,0,B,23.134,0,29.687,0,48.078,0,162.8,53:46.686,16:23:46.686,0:23.134,0:29.687,0:48.078,278.4,Joao Paulo DE OLIVEIRA,,HYPERCAR,,Floyd Vanwall Racing Team,Vanwall,GF,23.134,29.687,48.078,
4,3,19,7:46.334,0,B,6:18.455,0,33.159,0,54.720,0,35.2,1:01:33.020,16:31:33.020,6:18.455,0:33.159,0:54.720,128.0,Joao Paulo DE OLIVEIRA,0:05:55.145,HYPERCAR,,Floyd Vanwall Racing Team,Vanwall,GF,378.455,33.159,54.720,
4,3,20,7:40.954,0,,6:28.293,0,30.983,0,41.678,0,35.6,1:09:13.974,16:39:13.974,6:28.293,0:30.983,0:41.678,138.5,Joao Paulo DE OLIVEIRA,0:06:05.901,HYPERCAR,,Floyd Vanwall Racing Team,Vanwall,GF,388.293,30.983,41.678,
4,3,21,1:33.136,0,,23.466,0,29.132,0,40.538,0,176.4,1:10:47.110,16:40:47.110,0:23.466,0:29.132,0:40.538,283.5,Joao Paulo DE OLIVEIRA,,HYPERCAR,,Floyd Vanwall Racing Team,Vanwall,GF,23.466,29.132,40.538,
4,3,22,1:36.963,0,,22.775,0,30.024,0,44.164,0,169.4,1:12:24.073,16:42:24.073,0:22.775,0:30.024,0:44.164,297.5,Joao Paulo DE OLIVEIRA,,HYPERCAR,,Floyd Vanwall Racing Team,Vanwall,GF,22.775,30.024,44.164,
4,3,23,1:31.900,0,,22.543,0,28.707,0,40.650,0,178.7,1:13:55.973,16:43:55.973,0:22.543,0:28.707,0:40.650,302.5,Joao Paulo DE OLIVEIRA,,HYPERCAR,,Floyd Vanwall Racing Team,Vanwall,GF,22.543,28.707,40.650,
4,3,24,1:31.557,0,,22.348,2,28.707,0,40.502,1,179.4,1:15:27.530,16:45:27.530,0:22.348,0:28.707,0:40.502,304.2,Joao Paulo DE OLIVEIRA,,HYPERCAR,,Floyd Vanwall Racing Team,Vanwall,GF,22.348,28.707,40.502,
4,3,25,1:33.786,0,,23.063,0,29.412,0,41.311,0,175.2,1:17:01.316,16:47:01.316,0:23.063,0:29.412,0:41.311,279.8,Joao Paulo DE OLIVEIRA,,HYPERCAR,,Floyd Vanwall Racing Team,Vanwall,GF,23.063,29.412,41.311,
4,3,26,1:32.037,0,,22.501,0,28.598,1,40.938,0,178.5,1:18:33.353,16:48:33.353,0:22.501,0:28.598,0:40.938,301.7,Joao Paulo DE OLIVEIRA,,HYPERCAR,,Floyd Vanwall Racing Team,Vanwall,GF,22.501,28.598,40.938,
4,3,27,1:40.104,0,B,22.592,0,29.037,0,48.475,0,164.1,1:20:13.457,16:50:13.457,0:22.592,0:29.037,0:48.475,308.6,Joao Paulo DE OLIVEIRA,,HYPERCAR,,Floyd Vanwall Racing Team,Vanwall,GF,22.592,29.037,48.475,
4,1,28,3:56.370,0,,2:40.215,0,32.582,0,43.573,0,69.5,1:24:09.827,16:54:09.827,2:40.215,0:32.582,0:43.573,153.8,Esteban GUERRIERI,0:02:19.078,HYPERCAR,,Floyd Vanwall Racing Team,Vanwall,GF,160.215,32.582,43.573,
4,1,29,1:34.671,0,,22.921,0,30.143,0,41.607,0,173.5,1:25:44.498,16:55:44.498,0:22.921,0:30.143,0:41.607,306.8,Esteban GUERRIERI,,HYPERCAR,,Floyd Vanwall Racing Team,Vanwall,GF,22.921,30.143,41.607,
4,1,30,1:33.682,0,,22.855,1,29.630,0,41.197,1,175.3,1:27:18.180,16:57:18.180,0:22.855,0:29.630,0:41.197,311.2,Esteban GUERRIERI,,HYPERCAR,,Floyd Vanwall Racing Team,Vanwall,GF,22.855,29.630,41.197,
4,1,31,1:34.434,0,,22.941,0,29.577,1,41.916,0,174.0,1:28:52.614,16:58:52.614,0:22.941,0:29.577,0:41.916,302.5,Esteban GUERRIERI,,HYPERCAR,,Floyd Vanwall Racing Team,Vanwall,GF,22.941,29.577,41.916,
4,1,32,1:34.144,0,,23.077,0,29.658,0,41.409,0,174.5,1:30:26.758,17:00:26.758,0:23.077,0:29.658,0:41.409,264.1,Esteban GUERRIERI,,HYPERCAR,,Floyd Vanwall Racing Team,Vanwall,FF,23.077,29.658,41.409,
41,2,1,3:35.467,0,,2:14.171,0,35.665,0,45.631,0,71.1,3:35.467,15:33:35.467,2:14.171,0:35.665,0:45.631,125.4,Robert KUBICA,0:01:47.876,LMP2,,Team WRT,Oreca,GF,134.171,35.665,45.631,
41,2,2,1:41.010,0,,24.952,0,33.506,0,42.552,0,162.6,5:16.477,15:35:16.477,0:24.952,0:33.506,0:42.552,272.7,Robert KUBICA,,LMP2,,Team WRT,Oreca,GF,24.952,33.506,42.552,
41,2,3,1:37.979,0,,23.674,0,31.214,0,43.091,0,167.7,6:54.456,15:36:54.456,0:23.674,0:31.214,0:43.091,276.2,Robert KUBICA,,LMP2,,Team WRT,Oreca,GF,23.674,31.214,43.091,
41,2,4,1:34.903,0,,23.699,0,29.394,0,41.810,0,173.1,8:29.359,15:38:29.359,0:23.699,0:29.394,0:41.810,272.0,Robert KUBICA,,LMP2,,Team WRT,Oreca,GF,23.699,29.394,41.810,
41,2,5,1:44.688,0,,23.386,0,29.401,0,51.901,0,156.9,10:14.047,15:40:14.047,0:23.386,0:29.401,0:51.901,288.8,Robert KUBICA,,LMP2,,Team WRT,Oreca,GF,23.386,29.401,51.901,
41,2,6,1:34.548,0,,23.594,0,29.383,0,41.571,0,173.7,11:48.595,15:41:48.595,0:23.594,0:29.383,0:41.571,289.5,Robert KUBICA,,LMP2,,Team WRT,Oreca,GF,23.594,29.383,41.571,
41,2,7,1:34.326,0,,23.417,0,29.548,0,41.361,0,174.1,13:22.921,15:43:22.921,0:23.417,0:29.548,0:41.361,291.1,Robert KUBICA,,LMP2,,Team WRT,Oreca,GF,23.417,29.548,41.361,
41,2,8,1:34.337,0,,23.266,0,29.183,0,41.888,0,174.1,14:57.258,15:44:57.258,0:23.266,0:29.183,0:41.888,288.0,Robert KUBICA,,LMP2,,Team WRT,Oreca,GF,23.266,29.183,41.888,
41,2,9,1:34.115,0,,23.255,1,29.608,0,41.252,1,174.5,16:31.373,15:46:31.373,0:23.255,0:29.608,0:41.252,288.0,Robert KUBICA,,LMP2,,Team WRT,Oreca,GF,23.255,29.608,41.252,
41,2,10,1:39.411,0,,23.329,0,29.099,1,46.983,0,165.2,18:10.784,15:48:10.784,0:23.329,0:29.099,0:46.983,289.5,Robert KUBICA,,LMP2,,Team WRT,Oreca,GF,23.329,29.099,46.983,
41,2,11,1:39.049,0,B,23.590,0,29.394,0,46.065,0,165.8,19:49.833,15:49:49.833,0:23.590,0:29.394,0:46.065,288.8,Robert KUBICA,,LMP2,,Team WRT,Oreca,GF,23.590,29.394,46.065,
41,3,12,4:07.312,0,,2:54.679,0,30.719,0,41.914,0,66.4,23:57.145,15:53:57.145,2:54.679,0:30.719,0:41.914,145.7,Louis DELÉTRAZ,0:02:34.638,LMP2,,Team WRT,Oreca,GF,174.679,30.719,41.914,
41,3,13,1:35.324,0,,23.452,0,30.082,0,41.790,0,172.3,25:32.469,15:55:32.469,0:23.452,0:30.082,0:41.790,289.5,Louis DELÉTRAZ,,LMP2,,Team WRT,Oreca,GF,23.452,30.082,41.790,
41,3,14,1:34.839,0,,23.816,0,29.401,0,41.622,0,173.2,27:07.308,15:57:07.308,0:23.816,0:29.401,0:41.622,290.3,Louis DELÉTRAZ,,LMP2,,Team WRT,Oreca,GF,23.816,29.401,41.622,
41,3,15,1:34.623,0,,23.514,0,29.391,0,41.718,0,173.6,28:41.931,15:58:41.931,0:23.514,0:29.391,0:41.718,288.8,Louis DELÉTRAZ,,LMP2,,Team WRT,Oreca,GF,23.514,29.391,41.718,
41,3,16,1:34.401,0,,23.523,0,29.136,0,41.742,0,174.0,30:16.332,16:00:16.332,0:23.523,0:29.136,0:41.742,288.0,Louis DELÉTRAZ,,LMP2,,Team WRT,Oreca,GF,23.523,29.136,41.742,
41,3,17,1:34.270,0,,23.405,0,29.189,0,41.676,0,174.3,31:50.602,16:01:50.602,0:23.405,0:29.189,0:41.676,288.8,Louis DELÉTRAZ,,LMP2,,Team WRT,Oreca,GF,23.405,29.189,41.676,
41,3,18,1:33.997,0,,23.371,0,29.005,0,41.621,0,174.8,33:24.599,16:03:24.599,0:23.371,0:29.005,0:41.621,290.3,Louis DELÉTRAZ,,LMP2,,Team WRT,Oreca,GF,23.371,29.005,41.621,
41,3,19,1:41.014,0,B,23.453,0,29.783,0,47.778,0,162.6,35:05.613,16:05:05.613,0:23.453,0:29.783,0:47.778,288.0,Louis DELÉTRAZ,,LMP2,,Team WRT,Oreca,GF,23.453,29.783,47.778,
41,3,20,4:37.322,0,,3:19.772,0,30.123,0,47.427,0,59.2,39:42.935,16:09:42.935,3:19.772,0:30.123,0:47.427,144.8,Louis DELÉTRAZ,0:03:00.554,LMP2,,Team WRT,Oreca,GF,199.772,30.123,47.427,
41,3,21,1:35.567,0,,23.560,0,29.910,0,42.097,0,171.9,41:18.502,16:11:18.502,0:23.560,0:29.910,0:42.097,288.0,Louis DELÉTRAZ,,LMP2,,Team WRT,Oreca,GF,23.560,29.910,42.097,
41,3,22,1:36.419,0,,23.896,0,29.944,0,42.579,0,170.4,42:54.921,16:12:54.921,0:23.896,0:29.944,0:42.579,276.9,Louis DELÉTRAZ,,LMP2,,Team WRT,Oreca,GF,23.896,29.944,42.579,
41,3,23,1:36.556,0,,23.968,0,30.311,0,42.277,0,170.1,44:31.477,16:14:31.477,0:23.968,0:30.311,0:42.277,279.8,Louis DELÉTRAZ,,LMP2,,Team WRT,Oreca,GF,23.968,30.311,42.277,
41,3,24,1:41.284,0,B,23.491,0,29.945,0,47.848,0,162.2,46:12.761,16:16:12.761,0:23.491,0:29.945,0:47.848,288.8,Louis DELÉTRAZ,,LMP2,,Team WRT,Oreca,GF,23.491,29.945,47.848,
41,1,25,4:27.049,0,,3:12.985,0,31.438,0,42.626,0,61.5,50:39.810,16:20:39.810,3:12.985,0:31.438,0:42.626,145.4,Rui ANDRADE,0:02:52.933,LMP2,,Team WRT,Oreca,GF,192.985,31.438,42.626,
41,1,26,1:38.691,0,,23.964,0,31.674,0,43.053,0,166.4,52:18.501,16:22:18.501,0:23.964,0:31.674,0:43.053,288.0,Rui ANDRADE,,LMP2,,Team WRT,Oreca,GF,23.964,31.674,43.053,
41,1,27,1:37.125,0,,23.876,0,30.736,0,42.513,0,169.1,53:55.626,16:23:55.626,0:23.876,0:30.736,0:42.513,288.0,Rui ANDRADE,,LMP2,,Team WRT,Oreca,GF,23.876,30.736,42.513,
41,1,28,1:37.334,0,,23.750,0,30.845,0,42.739,0,168.8,55:32.960,16:25:32.960,0:23.750,0:30.845,0:42.739,291.1,Rui ANDRADE,,LMP2,,Team WRT,Oreca,GF,23.750,30.845,42.739,
41,1,29,1:36.856,0,,23.802,0,30.465,0,42.589,0,169.6,57:09.816,16:27:09.816,0:23.802,0:30.465,0:42.589,291.1,Rui ANDRADE,,LMP2,,Team WRT,Oreca,GF,23.802,30.465,42.589,
41,1,30,1:36.984,0,,23.863,0,30.741,0,42.380,0,169.4,58:46.800,16:28:46.800,0:23.863,0:30.741,0:42.380,286.5,Rui ANDRADE,,LMP2,,Team WRT,Oreca,GF,23.863,30.741,42.380,
41,1,31,1:37.232,0,,23.856,0,30.857,0,42.519,0,168.9,1:00:24.032,16:30:24.032,0:23.856,0:30.857,0:42.519,288.8,Rui ANDRADE,,LMP2,,Team WRT,Oreca,GF,23.856,30.857,42.519,
41,1,32,1:36.550,0,,23.800,0,30.488,0,42.262,0,170.1,1:02:00.582,16:32:00.582,0:23.800,0:30.488,0:42.262,285.7,Rui ANDRADE,,LMP2,,Team WRT,Oreca,FCY,23.800,30.488,42.262,
41,1,33,3:21.043,0,,56.672,0,1:07.335,0,1:17.036,0,81.7,1:05:21.625,16:35:21.625,0:56.672,1:07.335,1:17.036,78.3,Rui ANDRADE,,LMP2,,Team WRT,Oreca,FCY,56.672,67.335,77.036,
41,1,34,2:02.170,0,,49.114,0,31.068,0,41.988,1,134.5,1:07:23.795,16:37:23.795,0:49.114,0:31.068,0:41.988,80.5,Rui ANDRADE,,LMP2,,Team WRT,Oreca,GF,49.114,31.068,41.988,
41,1,35,1:37.671,0,,23.737,0,30.964,0,42.970,0,168.2,1:09:01.466,16:39:01.466,0:23.737,0:30.964,0:42.970,288.8,Rui ANDRADE,,LMP2,,Team WRT,Oreca,GF,23.737,30.964,42.970,
41,1,36,1:35.977,0,,23.732,0,30.078,0,42.167,0,171.2,1:10:37.443,16:40:37.443,0:23.732,0:30.078,0:42.167,289.5,Rui ANDRADE,,LMP2,,Team WRT,Oreca,GF,23.732,30.078,42.167,
41,1,37,1:35.788,0,,23.673,0,30.169,0,41.946,0,171.5,1:12:13.231,16:42:13.231,0:23.673,0:30.169,0:41.946,290.3,Rui ANDRADE,,LMP2,,Team WRT,Oreca,GF,23.673,30.169,41.946,
41,1,38,1:36.116,0,,23.832,0,30.184,0,42.100,0,170.9,1:13:49.347,16:43:49.347,0:23.832,0:30.184,0:42.100,288.8,Rui ANDRADE,,LMP2,,Team WRT,Oreca,GF,23.832,30.184,42.100,
41,1,39,1:35.561,0,,23.607,1,29.836,1,42.118,0,171.9,1:15:24.908,16:45:24.908,0:23.607,0:29.836,0:42.118,291.1,Rui ANDRADE,,LMP2,,Team WRT,Oreca,GF,23.607,29.836,42.118,
41,1,40,1:42.483,0,B,23.820,0,30.464,0,48.199,0,160.3,1:17:07.391,16:47:07.391,0:23.820,0:30.464,0:48.199,284.2,Rui ANDRADE,,LMP2,,Team WRT,Oreca,GF,23.820,30.464,48.199,
41,3,41,3:19.240,0,,1:57.748,0,35.202,0,46.290,0,82.4,1:20:26.631,16:50:26.631,1:57.748,0:35.202,0:46.290,137.6,Louis DELÉTRAZ,0:01:35.845,LMP2,,Team WRT,Oreca,GF,117.748,35.202,46.290,
41,3,42,1:37.429,0,,24.709,0,30.981,0,41.739,0,168.6,1:22:04.060,16:52:04.060,0:24.709,0:30.981,0:41.739,248.3,Louis DELÉTRAZ,,LMP2,,Team WRT,Oreca,GF,24.709,30.981,41.739,
41,3,43,1:35.860,0,,23.595,0,30.364,0,41.901,0,171.4,1:23:39.920,16:53:39.920,0:23.595,0:30.364,0:41.901,290.3,Louis DELÉTRAZ,,LMP2,,Team WRT,Oreca,GF,23.595,30.364,41.901,
41,3,44,1:34.188,0,,23.521,0,29.594,0,41.073,0,174.4,1:25:14.108,16:55:14.108,0:23.521,0:29.594,0:41.073,291.1,Louis DELÉTRAZ,,LMP2,,Team WRT,Oreca,GF,23.521,29.594,41.073,
41,3,45,1:33.630,0,,23.589,0,29.060,0,40.981,2,175.4,1:26:47.738,16:56:47.738,0:23.589,0:29.060,0:40.981,291.1,Louis DELÉTRAZ,,LMP2,,Team WRT,Oreca,GF,23.589,29.060,40.981,
41,3,46,1:33.131,2,,23.176,2,28.930,2,41.025,0,176.4,1:28:20.869,16:58:20.869,0:23.176,0:28.930,0:41.025,291.1,Louis DELÉTRAZ,,LMP2,,Team WRT,Oreca,GF,23.176,28.930,41.025,
41,3,47,1:33.830,0,,23.321,0,28.951,0,41.558,0,175.1,1:29:54.699,16:59:54.699,0:23.321,0:28.951,0:41.558,291.1,Louis DELÉTRAZ,,LMP2,,Team WRT,Oreca,GF,23.321,28.951,41.558,
41,3,48,1:34.864,0,,23.703,0,29.431,0,41.730,0,173.2,1:31:29.563,17:01:29.563,0:23.703,0:29.431,0:41.730,272.7,Louis DELÉTRAZ,,LMP2,,Team WRT,Oreca,FF,23.703,29.431,41.730,
5,2,1,1:57.407,0,,38.972,0,35.048,0,43.387,0,130.5,1:57.407,15:31:57.407,0:38.972,0:35.048,0:43.387,122.9,Michael CHRISTENSEN,0:00:13.865,HYPERCAR,H,Porsche Penske Motorsport,Porsche,GF,38.972,35.048,43.387,
5,2,2,1:43.616,0,B,23.972,0,31.299,0,48.345,0,158.5,3:41.023,15:33:41.023,0:23.972,0:31.299,0:48.345,269.3,Michael CHRISTENSEN,,HYPERCAR,H,Porsche Penske Motorsport,Porsche,GF,23.972,31.299,48.345,
5,2,3,2:29.588,0,,1:19.826,0,29.862,0,39.900,0,109.8,6:10.611,15:36:10.611,1:19.826,0:29.862,0:39.900,154.7,Michael CHRISTENSEN,0:01:00.910,HYPERCAR,H,Porsche Penske Motorsport,Porsche,GF,79.826,29.862,39.900,
5,2,4,1:31.707,0,,22.681,0,29.074,0,39.952,0,179.1,7:42.318,15:37:42.318,0:22.681,0:29.074,0:39.952,286.5,Michael CHRISTENSEN,,HYPERCAR,H,Porsche Penske Motorsport,Porsche,GF,22.681,29.074,39.952,
5,2,5,1:30.734,2,,22.331,0,28.601,0,39.802,2,181.0,9:13.052,15:39:13.052,0:22.331,0:28.601,0:39.802,304.2,Michael CHRISTENSEN,,HYPERCAR,H,Porsche Penske Motorsport,Porsche,GF,22.331,28.601,39.802,
5,2,6,1:31.757,0,,22.267,0,28.874,0,40.616,0,179.0,10:44.809,15:40:44.809,0:22.267,0:28.874,0:40.616,300.8,Michael CHRISTENSEN,,HYPERCAR,H,Porsche Penske Motorsport,Porsche,GF,22.267,28.874,40.616,
5,2,7,1:31.319,0,,22.395,0,28.611,0,40.313,0,179.9,12:16.128,15:42:16.128,0:22.395,0:28.611,0:40.313,305.1,Michael CHRISTENSEN,,HYPERCAR,H,Porsche Penske Motorsport,Porsche,GF,22.395,28.611,40.313,
5,2,8,1:32.912,0,,22.370,0,29.283,0,41.259,0,176.8,13:49.040,15:43:49.040,0:22.370,0:29.283,0:41.259,306.8,Michael CHRISTENSEN,,HYPERCAR,H,Porsche Penske Motorsport,Porsche,GF,22.370,29.283,41.259,
5,2,9,1:32.331,0,,22.495,0,29.083,0,40.753,0,177.9,15:21.371,15:45:21.371,0:22.495,0:29.083,0:40.753,307.7,Michael CHRISTENSEN,,HYPERCAR,H,Porsche Penske Motorsport,Porsche,GF,22.495,29.083,40.753,
5,2,10,1:31.662,0,,22.238,2,28.580,2,40.844,0,179.2,16:53.033,15:46:53.033,0:22.238,0:28.580,0:40.844,309.5,Michael CHRISTENSEN,,HYPERCAR,H,Porsche Penske Motorsport,Porsche,GF,22.238,28.580,40.844,
5,2,11,1:31.992,0,,22.374,0,28.728,0,40.890,0,178.6,18:25.025,15:48:25.025,0:22.374,0:28.728,0:40.890,311.2,Michael CHRISTENSEN,,HYPERCAR,H,Porsche Penske Motorsport,Porsche,GF,22.374,28.728,40.890,
5,2,12,1:32.264,0,,22.301,0,28.916,0,41.047,0,178.0,19:57.289,15:49:57.289,0:22.301,0:28.916,0:41.047,310.3,Michael CHRISTENSEN,,HYPERCAR,H,Porsche Penske Motorsport,Porsche,GF,22.301,28.916,41.047,
5,2,13,1:33.994,0,,22.416,0,29.086,0,42.492,0,174.8,21:31.283,15:51:31.283,0:22.416,0:29.086,0:42.492,312.1,Michael CHRISTENSEN,,HYPERCAR,H,Porsche Penske Motorsport,Porsche,GF,22.416,29.086,42.492,
5,2,14,1:39.352,0,B,22.821,0,29.843,0,46.688,0,165.3,23:10.635,15:53:10.635,0:22.821,0:29.843,0:46.688,294.3,Michael CHRISTENSEN,,HYPERCAR,H,Porsche Penske Motorsport,Porsche,GF,22.821,29.843,46.688,
5,1,15,3:13.711,0,,2:03.241,0,29.569,0,40.901,0,84.8,26:24.346,15:56:24.346,2:03.241,0:29.569,0:40.901,159.5,Dane CAMERON,0:01:44.214,HYPERCAR,H,Porsche Penske Motorsport,Porsche,GF,123.241,29.569,40.901,
5,1,16,1:33.508,0,,23.146,0,29.070,0,41.292,0,175.7,27:57.854,15:57:57.854,0:23.146,0:29.070,0:41.292,262.1,Dane CAMERON,,HYPERCAR,H,Porsche Penske Motorsport,Porsche,GF,23.146,29.070,41.292,
5,1,17,1:33.824,0,,22.642,0,29.479,0,41.703,0,175.1,29:31.678,15:59:31.678,0:22.642,0:29.479,0:41.703,294.3,Dane CAMERON,,HYPERCAR,H,Porsche Penske Motorsport,Porsche,GF,22.642,29.479,41.703,
5,1,18,1:32.377,0,,22.581,0,28.948,0,40.848,0,177.8,31:04.055,16:01:04.055,0:22.581,0:28.948,0:40.848,295.9,Dane CAMERON,,HYPERCAR,H,Porsche Penske Motorsport,Porsche,GF,22.581,28.948,40.848,
5,1,19,1:32.538,0,,22.402,0,29.037,0,41.099,0,177.5,32:36.593,16:02:36.593,0:22.402,0:29.037,0:41.099,302.5,Dane CAMERON,,HYPERCAR,H,Porsche Penske Motorsport,Porsche,GF,22.402,29.037,41.099,
5,1,20,1:32.642,0,,22.534,0,29.284,0,40.824,0,177.3,34:09.235,16:04:09.235,0:22.534,0:29.284,0:40.824,304.2,Dane CAMERON,,HYPERCAR,H,Porsche Penske Motorsport,Porsche,GF,22.534,29.284,40.824,
5,1,21,1:32.551,0,,22.459,0,29.389,0,40.703,0,177.5,35:41.786,16:05:41.786,0:22.459,0:29.389,0:40.703,303.4,Dane CAMERON,,HYPERCAR,H,Porsche Penske Motorsport,Porsche,GF,22.459,29.389,40.703,
5,1,22,1:32.764,0,,22.387,0,29.313,0,41.064,0,177.1,37:14.550,16:07:14.550,0:22.387,0:29.313,0:41.064,303.4,Dane CAMERON,,HYPERCAR,H,Porsche Penske Motorsport,Porsche,GF,22.387,29.313,41.064,
5,1,23,1:32.535,0,,22.510,0,29.290,0,40.735,0,177.5,38:47.085,16:08:47.085,0:22.510,0:29.290,0:40.735,300.8,Dane CAMERON,,HYPERCAR,H,Porsche Penske Motorsport,Porsche,GF,22.510,29.290,40.735,
5,1,24,1:37.335,0,,22.711,0,34.064,0,40.560,0,168.8,40:24.420,16:10:24.420,0:22.711,0:34.064,0:40.560,299.2,Dane CAMERON,,HYPERCAR,H,Porsche Penske Motorsport,Porsche,GF,22.711,34.064,40.560,
5,1,25,1:32.032,0,,22.316,0,29.017,0,40.699,0,178.5,41:56.452,16:11:56.452,0:22.316,0:29.017,0:40.699,304.2,Dane CAMERON,,HYPERCAR,H,Porsche Penske Motorsport,Porsche,GF,22.316,29.017,40.699,
5,1,26,1:32.909,0,,22.259,1,29.695,0,40.955,0,176.8,43:29.361,16:13:29.361,0:22.259,0:29.695,0:40.955,301.7,Dane CAMERON,,HYPERCAR,H,Porsche Penske Motorsport,Porsche,GF,22.259,29.695,40.955,
5,1,27,1:33.170,0,,22.360,0,30.223,0,40.587,0,176.3,45:02.531,16:15:02.531,0:22.360,0:30.223,0:40.587,301.7,Dane CAMERON,,HYPERCAR,H,Porsche Penske Motorsport,Porsche,GF,22.360,30.223,40.587,
5,1,28,1:33.061,0,,22.577,0,29.843,0,40.641,0,176.5,46:35.592,16:16:35.592,0:22.577,0:29.843,0:40.641,294.3,Dane CAMERON,,HYPERCAR,H,Porsche Penske Motorsport,Porsche,GF,22.577,29.843,40.641,
5,1,29,1:31.828,0,,22.541,0,28.917,1,40.370,1,178.9,48:07.420,16:18:07.420,0:22.541,0:28.917,0:40.370,300.8,Dane CAMERON,,HYPERCAR,H,Porsche Penske Motorsport,Porsche,GF,22.541,28.917,40.370,
5,1,30,1:42.303,0,B,23.068,0,29.767,0,49.468,0,160.6,49:49.723,16:19:49.723,0:23.068,0:29.767,0:49.468,279.8,Dane CAMERON,,HYPERCAR,H,Porsche Penske Motorsport,Porsche,GF,23.068,29.767,49.468,
5,3,31,5:37.218,0,,4:27.410,0,29.116,0,40.692,0,48.7,55:26.941,16:25:26.941,4:27.410,0:29.116,0:40.692,157.4,Frédéric MAKOWIECKI,0:04:08.188,HYPERCAR,H,Porsche Penske Motorsport,Porsche,GF,267.410,29.116,40.692,
5,3,32,1:32.879,0,,22.509,0,29.639,0,40.731,0,176.9,56:59.820,16:26:59.820,0:22.509,0:29.639,0:40.731,305.1,Frédéric MAKOWIECKI,,HYPERCAR,H,Porsche Penske Motorsport,Porsche,GF,22.509,29.639,40.731,
5,3,33,1:32.989,0,,22.329,0,29.121,0,41.539,0,176.7,58:32.809,16:28:32.809,0:22.329,0:29.121,0:41.539,312.1,Frédéric MAKOWIECKI,,HYPERCAR,H,Porsche Penske Motorsport,Porsche,GF,22.329,29.121,41.539,
5,3,34,1:32.659,0,,22.505,0,28.835,0,41.319,0,177.3,1:00:05.468,16:30:05.468,0:22.505,0:28.835,0:41.319,314.0,Frédéric MAKOWIECKI,,HYPERCAR,H,Porsche Penske Motorsport,Porsche,GF,22.505,28.835,41.319,
5,3,35,1:38.803,0,B,22.246,1,28.699,0,47.858,0,166.3,1:01:44.271,16:31:44.271,0:22.246,0:28.699,0:47.858,314.9,Frédéric MAKOWIECKI,,HYPERCAR,H,Porsche Penske Motorsport,Porsche,GF,22.246,28.699,47.858,
5,3,36,9:58.818,0,,8:48.753,0,29.526,0,40.539,0,27.4,1:11:43.089,16:41:43.089,8:48.753,0:29.526,0:40.539,157.9,Frédéric MAKOWIECKI,0:08:29.685,HYPERCAR,H,Porsche Penske Motorsport,Porsche,GF,528.753,29.526,40.539,
5,3,37,1:32.323,0,,22.583,0,29.403,0,40.337,1,177.9,1:13:15.412,16:43:15.412,0:22.583,0:29.403,0:40.337,305.1,Frédéric MAKOWIECKI,,HYPERCAR,H,Porsche Penske Motorsport,Porsche,GF,22.583,29.403,40.337,
5,3,38,1:32.261,0,,22.502,0,29.104,0,40.655,0,178.0,1:14:47.673,16:44:47.673,0:22.502,0:29.104,0:40.655,312.1,Frédéric MAKOWIECKI,,HYPERCAR,H,Porsche Penske Motorsport,Porsche,GF,22.502,29.104,40.655,
5,3,39,1:31.907,0,,22.382,0,28.963,0,40.562,0,178.7,1:16:19.580,16:46:19.580,0:22.382,0:28.963,0:40.562,312.1,Frédéric MAKOWIECKI,,HYPERCAR,H,Porsche Penske Motorsport,Porsche,GF,22.382,28.963,40.562,
5,3,40,1:32.546,0,,22.437,0,29.283,0,40.826,0,177.5,1:17:52.126,16:47:52.126,0:22.437,0:29.283,0:40.826,314.9,Frédéric MAKOWIECKI,,HYPERCAR,H,Porsche Penske Motorsport,Porsche,GF,22.437,29.283,40.826,
5,3,41,1:31.928,0,,22.522,0,28.708,0,40.698,0,178.7,1:19:24.054,16:49:24.054,0:22.522,0:28.708,0:40.698,299.2,Frédéric MAKOWIECKI,,HYPERCAR,H,Porsche Penske Motorsport,Porsche,GF,22.522,28.708,40.698,
5,3,42,1:32.352,0,,22.605,0,28.980,0,40.767,0,177.9,1:20:56.406,16:50:56.406,0:22.605,0:28.980,0:40.767,312.1,Frédéric MAKOWIECKI,,HYPERCAR,H,Porsche Penske Motorsport,Porsche,GF,22.605,28.980,40.767,
5,3,43,1:32.442,0,,22.406,0,29.406,0,40.630,0,177.7,1:22:28.848,16:52:28.848,0:22.406,0:29.406,0:40.630,314.0,Frédéric MAKOWIECKI,,HYPERCAR,H,Porsche Penske Motorsport,Porsche,GF,22.406,29.406,40.630,
5,3,44,1:31.815,0,,22.457,0,28.724,0,40.634,0,178.9,1:24:00.663,16:54:00.663,0:22.457,0:28.724,0:40.634,310.3,Frédéric MAKOWIECKI,,HYPERCAR,H,Porsche Penske Motorsport,Porsche,GF,22.457,28.724,40.634,
5,3,45,1:31.849,0,,22.536,0,28.717,0,40.596,0,178.8,1:25:32.512,16:55:32.512,0:22.536,0:28.717,0:40.596,310.3,Frédéric MAKOWIECKI,,HYPERCAR,H,Porsche Penske Motorsport,Porsche,GF,22.536,28.717,40.596,
5,3,46,1:37.316,0,B,22.343,0,28.580,1,46.393,0,168.8,1:27:09.828,16:57:09.828,0:22.343,0:28.580,0:46.393,313.0,Frédéric MAKOWIECKI,,HYPERCAR,H,Porsche Penske Motorsport,Porsche,GF,22.343,28.580,46.393,
5,3,47,2:43.395,0,,1:33.064,0,29.169,0,41.162,0,100.5,1:29:53.223,16:59:53.223,1:33.064,0:29.169,0:41.162,157.2,Frédéric MAKOWIECKI,0:01:14.699,HYPERCAR,H,Porsche Penske Motorsport,Porsche,GF,93.064,29.169,41.162,
5,3,48,1:33.261,0,,22.771,0,29.720,0,40.770,0,176.1,1:31:26.484,17:01:26.484,0:22.771,0:29.720,0:40.770,296.7,Frédéric MAKOWIECKI,,HYPERCAR,H,Porsche Penske Motorsport,Porsche,FF,22.771,29.720,40.770,
50,3,1,2:18.348,0,,1:00.490,0,34.513,0,43.345,0,110.7,2:18.348,15:32:18.348,1:00.490,0:34.513,0:43.345,120.0,Nicklas NIELSEN,0:00:34.305,HYPERCAR,H,Ferrari AF Corse,Ferrari,GF,60.490,34.513,43.345,
50,3,2,1:35.229,0,,23.683,0,30.579,0,40.967,0,172.5,3:53.577,15:33:53.577,0:23.683,0:30.579,0:40.967,241.6,Nicklas NIELSEN,,HYPERCAR,H,Ferrari AF Corse,Ferrari,GF,23.683,30.579,40.967,
50,3,3,1:32.934,0,,22.903,0,29.373,0,40.658,0,176.8,5:26.511,15:35:26.511,0:22.903,0:29.373,0:40.658,289.5,Nicklas NIELSEN,,HYPERCAR,H,Ferrari AF Corse,Ferrari,GF,22.903,29.373,40.658,
50,3,4,1:33.378,0,,22.312,0,28.949,0,42.117,0,175.9,6:59.889,15:36:59.889,0:22.312,0:28.949,0:42.117,306.8,Nicklas NIELSEN,,HYPERCAR,H,Ferrari AF Corse,Ferrari,GF,22.312,28.949,42.117,
50,3,5,1:30.877,2,,22.201,2,28.526,0,40.150,1,180.8,8:30.766,15:38:30.766,0:22.201,0:28.526,0:40.150,311.2,Nicklas NIELSEN,,HYPERCAR,H,Ferrari AF Corse,Ferrari,GF,22.201,28.526,40.150,
50,3,6,1:41.042,0,,22.962,0,35.922,0,42.158,0,162.6,10:11.808,15:40:11.808,0:22.962,0:35.922,0:42.158,274.1,Nicklas NIELSEN,,HYPERCAR,H,Ferrari AF Corse,Ferrari,GF,22.962,35.922,42.158,
50,3,7,1:31.382,0,,22.343,0,28.845,0,40.194,0,179.8,11:43.190,15:41:43.190,0:22.343,0:28.845,0:40.194,305.9,Nicklas NIELSEN,,HYPERCAR,H,Ferrari AF Corse,Ferrari,GF,22.343,28.845,40.194,
50,3,8,1:36.234,0,B,22.248,0,28.480,1,45.506,0,170.7,13:19.424,15:43:19.424,0:22.248,0:28.480,0:45.506,303.4,Nicklas NIELSEN,,HYPERCAR,H,Ferrari AF Corse,Ferrari,GF,22.248,28.480,45.506,
50,2,9,3:30.969,0,,2:19.827,0,29.620,0,41.522,0,77.9,16:50.393,15:46:50.393,2:19.827,0:29.620,0:41.522,157.2,Miguel MOLINA,0:02:01.305,HYPERCAR,H,Ferrari AF Corse,Ferrari,GF,139.827,29.620,41.522,
50,2,10,1:32.933,0,,22.807,0,29.225,0,40.901,0,176.8,18:23.326,15:48:23.326,0:22.807,0:29.225,0:40.901,268.0,Miguel MOLINA,,HYPERCAR,H,Ferrari AF Corse,Ferrari,GF,22.807,29.225,40.901,
50,2,11,1:31.834,0,,22.432,0,28.985,0,40.417,1,178.9,19:55.160,15:49:55.160,0:22.432,0:28.985,0:40.417,295.1,Miguel MOLINA,,HYPERCAR,H,Ferrari AF Corse,Ferrari,GF,22.432,28.985,40.417,
50,2,12,1:32.010,0,,22.600,0,28.787,1,40.623,0,178.5,21:27.170,15:51:27.170,0:22.600,0:28.787,0:40.623,306.8,Miguel MOLINA,,HYPERCAR,H,Ferrari AF Corse,Ferrari,GF,22.600,28.787,40.623,
50,2,13,1:31.656,0,,22.427,0,28.792,0,40.437,0,179.2,22:58.826,15:52:58.826,0:22.427,0:28.792,0:40.437,297.5,Miguel MOLINA,,HYPERCAR,H,Ferrari AF Corse,Ferrari,GF,22.427,28.792,40.437,
50,2,14,1:33.166,0,,22.223,1,29.529,0,41.414,0,176.3,24:31.992,15:54:31.992,0:22.223,0:29.529,0:41.414,314.0,Miguel MOLINA,,HYPERCAR,H,Ferrari AF Corse,Ferrari,GF,22.223,29.529,41.414,
50,2,15,1:50.275,0,B,23.241,0,33.116,0,53.918,0,149.0,26:22.267,15:56:22.267,0:23.241,0:33.116,0:53.918,289.5,Miguel MOLINA,,HYPERCAR,H,Ferrari AF Corse,Ferrari,GF,23.241,33.116,53.918,
50,2,16,6:10.947,0,,4:58.169,0,31.951,0,40.827,0,44.3,32:33.214,16:02:33.214,4:58.169,0:31.951,0:40.827,153.0,Miguel MOLINA,0:04:38.215,HYPERCAR,H,Ferrari AF Corse,Ferrari,GF,298.169,31.951,40.827,
50,2,17,1:33.388,0,,23.226,0,29.279,0,40.883,0,175.9,34:06.602,16:04:06.602,0:23.226,0:29.279,0:40.883,251.7,Miguel MOLINA,,HYPERCAR,H,Ferrari AF Corse,Ferrari,GF,23.226,29.279,40.883,
50,2,18,1:34.103,0,,23.728,0,29.498,0,40.877,0,174.6,35:40.705,16:05:40.705,0:23.728,0:29.498,0:40.877,244.3,Miguel MOLINA,,HYPERCAR,H,Ferrari AF Corse,Ferrari,GF,23.728,29.498,40.877,
50,2,19,1:33.207,0,,22.655,0,29.228,0,41.324,0,176.2,37:13.912,16:07:13.912,0:22.655,0:29.228,0:41.324,303.4,Miguel MOLINA,,HYPERCAR,H,Ferrari AF Corse,Ferrari,GF,22.655,29.228,41.324,
50,2,20,1:32.641,0,,22.683,0,29.196,0,40.762,0,177.3,38:46.553,16:08:46.553,0:22.683,0:29.196,0:40.762,305.9,Miguel MOLINA,,HYPERCAR,H,Ferrari AF Corse,Ferrari,GF,22.683,29.196,40.762,
50,2,21,1:32.492,0,,22.626,0,29.262,0,40.604,0,177.6,40:19.045,16:10:19.045,0:22.626,0:29.262,0:40.604,292.7,Miguel MOLINA,,HYPERCAR,H,Ferrari AF Corse,Ferrari,GF,22.626,29.262,40.604,
50,2,22,1:33.354,0,,22.859,0,29.608,0,40.887,0,176.0,41:52.399,16:11:52.399,0:22.859,0:29.608,0:40.887,294.3,Miguel MOLINA,,HYPERCAR,H,Ferrari AF Corse,Ferrari,GF,22.859,29.608,40.887,
50,2,23,1:38.202,0,B,22.774,0,29.091,0,46.337,0,167.3,43:30.601,16:13:30.601,0:22.774,0:29.091,0:46.337,290.3,Miguel MOLINA,,HYPERCAR,H,Ferrari AF Corse,Ferrari,GF,22.774,29.091,46.337,
50,1,24,5:23.451,0,,4:12.542,0,29.362,0,41.547,0,50.8,48:54.052,16:18:54.052,4:12.542,0:29.362,0:41.547,156.3,Antonio FUOCO,0:03:53.122,HYPERCAR,H,Ferrari AF Corse,Ferrari,GF,252.542,29.362,41.547,
50,1,25,1:33.961,0,,23.415,0,29.522,0,41.024,0,174.8,50:28.013,16:20:28.013,0:23.415,0:29.522,0:41.024,293.5,Antonio FUOCO,,HYPERCAR,H,Ferrari AF Corse,Ferrari,GF,23.415,29.522,41.024,
50,1,26,1:33.170,0,,22.905,0,29.083,0,41.182,0,176.3,52:01.183,16:22:01.183,0:22.905,0:29.083,0:41.182,304.2,Antonio FUOCO,,HYPERCAR,H,Ferrari AF Corse,Ferrari,GF,22.905,29.083,41.182,
50,1,27,1:31.968,0,,22.379,1,28.979,0,40.610,0,178.6,53:33.151,16:23:33.151,0:22.379,0:28.979,0:40.610,310.3,Antonio FUOCO,,HYPERCAR,H,Ferrari AF Corse,Ferrari,GF,22.379,28.979,40.610,
50,1,28,1:32.417,0,,22.657,0,28.884,0,40.876,0,177.7,55:05.568,16:25:05.568,0:22.657,0:28.884,0:40.876,310.3,Antonio FUOCO,,HYPERCAR,H,Ferrari AF Corse,Ferrari,GF,22.657,28.884,40.876,
50,1,29,1:33.447,0,,22.790,0,29.508,0,41.149,0,175.8,56:39.015,16:26:39.015,0:22.790,0:29.508,0:41.149,292.7,Antonio FUOCO,,HYPERCAR,H,Ferrari AF Corse,Ferrari,GF,22.790,29.508,41.149,
50,1,30,1:32.242,0,,22.780,0,29.006,0,40.456,0,178.1,58:11.257,16:28:11.257,0:22.780,0:29.006,0:40.456,276.9,Antonio FUOCO,,HYPERCAR,H,Ferrari AF Corse,Ferrari,GF,22.780,29.006,40.456,
50,1,31,1:32.949,0,,23.058,0,29.319,0,40.572,0,176.7,59:44.206,16:29:44.206,0:23.058,0:29.319,0:40.572,277.6,Antonio FUOCO,,HYPERCAR,H,Ferrari AF Corse,Ferrari,GF,23.058,29.319,40.572,
50,1,32,1:33.557,0,,22.493,0,28.804,0,42.260,0,175.6,1:01:17.763,16:31:17.763,0:22.493,0:28.804,0:42.260,295.9,Antonio FUOCO,,HYPERCAR,H,Ferrari AF Corse,Ferrari,GF,22.493,28.804,42.260,
50,1,33,2:18.826,0,,22.542,0,40.153,0,1:16.131,0,118.3,1:03:36.589,16:33:36.589,0:22.542,0:40.153,1:16.131,291.1,Antonio FUOCO,,HYPERCAR,H,Ferrari AF Corse,Ferrari,FCY,22.542,40.153,76.131,
50,1,34,2:53.434,0,,58.073,0,1:07.501,0,47.860,0,94.7,1:06:30.023,16:36:30.023,0:58.073,1:07.501,0:47.860,80.4,Antonio FUOCO,,HYPERCAR,H,Ferrari AF Corse,Ferrari,GF,58.073,67.501,47.860,
50,1,35,1:31.817,0,,22.887,0,28.851,0,40.079,0,178.9,1:08:01.840,16:38:01.840,0:22.887,0:28.851,0:40.079,288.8,Antonio FUOCO,,HYPERCAR,H,Ferrari AF Corse,Ferrari,GF,22.887,28.851,40.079,
50,1,36,1:31.358,0,,22.509,0,28.794,0,40.055,2,179.8,1:09:33.198,16:39:33.198,0:22.509,0:28.794,0:40.055,298.3,Antonio FUOCO,,HYPERCAR,H,Ferrari AF Corse,Ferrari,GF,22.509,28.794,40.055,
50,1,37,1:31.721,0,,22.624,0,28.453,2,40.644,0,179.1,1:11:04.919,16:41:04.919,0:22.624,0:28.453,0:40.644,295.9,Antonio FUOCO,,HYPERCAR,H,Ferrari AF Corse,Ferrari,GF,22.624,28.453,40.644,
50,1,38,1:36.468,0,B,22.434,0,28.671,0,45.363,0,170.3,1:12:41.387,16:42:41.387,0:22.434,0:28.671,0:45.363,308.6,Antonio FUOCO,,HYPERCAR,H,Ferrari AF Corse,Ferrari,GF,22.434,28.671,45.363,
50,3,39,2:42.844,0,,1:32.289,0,29.650,0,40.905,0,100.9,1:15:24.231,16:45:24.231,1:32.289,0:29.650,0:40.905,157.0,Nicklas NIELSEN,0:01:12.748,HYPERCAR,H,Ferrari AF Corse,Ferrari,GF,92.289,29.650,40.905,
50,3,40,1:31.819,0,,22.441,0,28.892,0,40.486,0,178.9,1:16:56.050,16:46:56.050,0:22.441,0:28.892,0:40.486,308.6,Nicklas NIELSEN,,HYPERCAR,H,Ferrari AF Corse,Ferrari,GF,22.441,28.892,40.486,
50,3,41,1:35.682,0,,22.731,0,28.737,0,44.214,0,171.7,1:18:31.732,16:48:31.732,0:22.731,0:28.737,0:44.214,284.2,Nicklas NIELSEN,,HYPERCAR,H,Ferrari AF Corse,Ferrari,GF,22.731,28.737,44.214,
50,3,42,1:31.751,0,,22.576,0,28.618,0,40.557,0,179.0,1:20:03.483,16:50:03.483,0:22.576,0:28.618,0:40.557,309.5,Nicklas NIELSEN,,HYPERCAR,H,Ferrari AF Corse,Ferrari,GF,22.576,28.618,40.557,
50,3,43,1:32.272,0,,22.860,0,28.761,0,40.651,0,178.0,1:21:35.755,16:51:35.755,0:22.860,0:28.761,0:40.651,300.8,Nicklas NIELSEN,,HYPERCAR,H,Ferrari AF Corse,Ferrari,GF,22.860,28.761,40.651,
50,3,44,1:32.824,0,,22.603,0,28.692,0,41.529,0,177.0,1:23:08.579,16:53:08.579,0:22.603,0:28.692,0:41.529,296.7,Nicklas NIELSEN,,HYPERCAR,H,Ferrari AF Corse,Ferrari,GF,22.603,28.692,41.529,
50,3,45,1:32.200,0,,22.479,0,29.165,0,40.556,0,178.2,1:24:40.779,16:54:40.779,0:22.479,0:29.165,0:40.556,306.8,Nicklas NIELSEN,,HYPERCAR,H,Ferrari AF Corse,Ferrari,GF,22.479,29.165,40.556,
50,3,46,1:31.465,0,,22.443,0,28.647,0,40.375,0,179.6,1:26:12.244,16:56:12.244,0:22.443,0:28.647,0:40.375,307.7,Nicklas NIELSEN,,HYPERCAR,H,Ferrari AF Corse,Ferrari,GF,22.443,28.647,40.375,
50,3,47,1:32.397,0,,22.456,0,29.101,0,40.840,0,177.8,1:27:44.641,16:57:44.641,0:22.456,0:29.101,0:40.840,304.2,Nicklas NIELSEN,,HYPERCAR,H,Ferrari AF Corse,Ferrari,GF,22.456,29.101,40.840,
50,3,48,1:45.220,0,,23.535,0,32.503,0,49.182,0,156.1,1:29:29.861,16:59:29.861,0:23.535,0:32.503,0:49.182,314.0,Nicklas NIELSEN,,HYPERCAR,H,Ferrari AF Corse,Ferrari,GF,23.535,32.503,49.182,
50,3,49,1:32.516,0,,22.440,0,29.043,0,41.033,0,177.6,1:31:02.377,17:01:02.377,0:22.440,0:29.043,0:41.033,301.7,Nicklas NIELSEN,,HYPERCAR,H,Ferrari AF Corse,Ferrari,FF,22.440,29.043,41.033,
51,1,1,2:10.995,0,,52.666,0,34.788,0,43.541,0,117.0,2:10.995,15:32:10.995,0:52.666,0:34.788,0:43.541,139.2,Alessandro PIER GUIDI,0:00:27.650,HYPERCAR,H,Ferrari AF Corse,Ferrari,GF,52.666,34.788,43.541,
51,1,2,1:34.692,0,,23.937,0,30.418,0,40.337,0,173.5,3:45.687,15:33:45.687,0:23.937,0:30.418,0:40.337,246.0,Alessandro PIER GUIDI,,HYPERCAR,H,Ferrari AF Corse,Ferrari,GF,23.937,30.418,40.337,
51,1,3,1:30.618,2,,22.424,0,28.614,0,39.580,2,181.3,5:16.305,15:35:16.305,0:22.424,0:28.614,0:39.580,300.0,Alessandro PIER GUIDI,,HYPERCAR,H,Ferrari AF Corse,Ferrari,GF,22.424,28.614,39.580,
51,1,4,1:30.761,0,,22.273,0,28.543,0,39.945,0,181.0,6:47.066,15:36:47.066,0:22.273,0:28.543,0:39.945,308.6,Alessandro PIER GUIDI,,HYPERCAR,H,Ferrari AF Corse,Ferrari,GF,22.273,28.543,39.945,
51,1,5,1:31.876,0,,22.324,0,28.902,0,40.650,0,178.8,8:18.942,15:38:18.942,0:22.324,0:28.902,0:40.650,316.7,Alessandro PIER GUIDI,,HYPERCAR,H,Ferrari AF Corse,Ferrari,GF,22.324,28.902,40.650,
51,1,6,1:32.158,0,,22.181,1,28.248,2,41.729,0,178.2,9:51.100,15:39:51.100,0:22.181,0:28.248,0:41.729,311.2,Alessandro PIER GUIDI,,HYPERCAR,H,Ferrari AF Corse,Ferrari,GF,22.181,28.248,41.729,
51,1,7,1:31.430,0,,22.255,0,28.739,0,40.436,0,179.7,11:22.530,15:41:22.530,0:22.255,0:28.739,0:40.436,313.0,Alessandro PIER GUIDI,,HYPERCAR,H,Ferrari AF Corse,Ferrari,GF,22.255,28.739,40.436,
51,1,8,1:31.578,0,,22.256,0,28.711,0,40.611,0,179.4,12:54.108,15:42:54.108,0:22.256,0:28.711,0:40.611,310.3,Alessandro PIER GUIDI,,HYPERCAR,H,Ferrari AF Corse,Ferrari,GF,22.256,28.711,40.611,
51,1,9,1:31.359,0,,22.233,0,28.577,0,40.549,0,179.8,14:25.467,15:44:25.467,0:22.233,0:28.577,0:40.549,314.0,Alessandro PIER GUIDI,,HYPERCAR,H,Ferrari AF Corse,Ferrari,GF,22.233,28.577,40.549,
51,1,10,1:32.369,0,,22.384,0,28.974,0,41.011,0,177.8,15:57.836,15:45:57.836,0:22.384,0:28.974,0:41.011,303.4,Alessandro PIER GUIDI,,HYPERCAR,H,Ferrari AF Corse,Ferrari,GF,22.384,28.974,41.011,
51,1,11,1:32.666,0,,22.277,0,29.168,0,41.221,0,177.3,17:30.502,15:47:30.502,0:22.277,0:29.168,0:41.221,294.3,Alessandro PIER GUIDI,,HYPERCAR,H,Ferrari AF Corse,Ferrari,GF,22.277,29.168,41.221,
51,1,12,1:31.720,0,,22.389,0,28.755,0,40.576,0,179.1,19:02.222,15:49:02.222,0:22.389,0:28.755,0:40.576,300.0,Alessandro PIER GUIDI,,HYPERCAR,H,Ferrari AF Corse,Ferrari,GF,22.389,28.755,40.576,
51,1,13,1:40.517,0,B,22.486,0,28.930,0,49.101,0,163.4,20:42.739,15:50:42.739,0:22.486,0:28.930,0:49.101,288.0,Alessandro PIER GUIDI,,HYPERCAR,H,Ferrari AF Corse,Ferrari,GF,22.486,28.930,49.101,
51,2,14,3:08.464,0,,1:57.092,0,29.966,0,41.406,0,87.2,23:51.203,15:53:51.203,1:57.092,0:29.966,0:41.406,157.2,James CALADO,0:01:37.647,HYPERCAR,H,Ferrari AF Corse,Ferrari,GF,117.092,29.966,41.406,
51,2,15,1:32.452,0,,22.561,0,29.167,0,40.724,0,177.7,25:23.655,15:55:23.655,0:22.561,0:29.167,0:40.724,309.5,James CALADO,,HYPERCAR,H,Ferrari AF Corse,Ferrari,GF,22.561,29.167,40.724,
51,2,16,1:32.529,0,,22.456,0,28.757,0,41.316,0,177.5,26:56.184,15:56:56.184,0:22.456,0:28.757,0:41.316,307.7,James CALADO,,HYPERCAR,H,Ferrari AF Corse,Ferrari,GF,22.456,28.757,41.316,
51,2,17,1:31.594,0,,22.314,0,28.711,0,40.569,0,179.3,28:27.778,15:58:27.778,0:22.314,0:28.711,0:40.569,309.5,James CALADO,,HYPERCAR,H,Ferrari AF Corse,Ferrari,GF,22.314,28.711,40.569,
51,2,18,1:31.545,0,,22.305,1,28.722,0,40.518,0,179.4,29:59.323,15:59:59.323,0:22.305,0:28.722,0:40.518,310.3,James CALADO,,HYPERCAR,H,Ferrari AF Corse,Ferrari,GF,22.305,28.722,40.518,
51,2,19,1:31.560,0,,22.402,0,28.646,0,40.512,0,179.4,31:30.883,16:01:30.883,0:22.402,0:28.646,0:40.512,311.2,James CALADO,,HYPERCAR,H,Ferrari AF Corse,Ferrari,GF,22.402,28.646,40.512,
51,2,20,1:32.289,0,,22.450,0,29.227,0,40.612,0,178.0,33:03.172,16:03:03.172,0:22.450,0:29.227,0:40.612,317.6,James CALADO,,HYPERCAR,H,Ferrari AF Corse,Ferrari,GF,22.450,29.227,40.612,
51,2,21,1:31.812,0,,22.491,0,28.702,0,40.619,0,178.9,34:34.984,16:04:34.984,0:22.491,0:28.702,0:40.619,305.1,James CALADO,,HYPERCAR,H,Ferrari AF Corse,Ferrari,GF,22.491,28.702,40.619,
51,2,22,1:33.635,0,,23.021,0,29.510,0,41.104,0,175.4,36:08.619,16:06:08.619,0:23.021,0:29.510,0:41.104,286.5,James CALADO,,HYPERCAR,H,Ferrari AF Corse,Ferrari,GF,23.021,29.510,41.104,
51,2,23,1:32.290,0,,22.442,0,28.966,0,40.882,0,178.0,37:40.909,16:07:40.909,0:22.442,0:28.966,0:40.882,314.9,James CALADO,,HYPERCAR,H,Ferrari AF Corse,Ferrari,GF,22.442,28.966,40.882,
51,2,24,1:33.701,0,,22.685,0,29.831,0,41.185,0,175.3,39:14.610,16:09:14.610,0:22.685,0:29.831,0:41.185,295.9,James CALADO,,HYPERCAR,H,Ferrari AF Corse,Ferrari,GF,22.685,29.831,41.185,
51,2,25,1:31.706,0,,22.349,0,28.819,0,40.538,0,179.1,40:46.316,16:10:46.316,0:22.349,0:28.819,0:40.538,308.6,James CALADO,,HYPERCAR,H,Ferrari AF Corse,Ferrari,GF,22.349,28.819,40.538,
51,2,26,1:39.180,0,B,22.342,0,28.776,0,48.062,0,165.6,42:25.496,16:12:25.496,0:22.342,0:28.776,0:48.062,313.0,James CALADO,,HYPERCAR,H,Ferrari AF Corse,Ferrari,GF,22.342,28.776,48.062,
51,2,27,6:51.999,0,,5:40.163,0,29.907,0,41.929,0,39.9,49:17.495,16:19:17.495,5:40.163,0:29.907,0:41.929,155.6,James CALADO,0:05:21.145,HYPERCAR,H,Ferrari AF Corse,Ferrari,GF,340.163,29.907,41.929,
51,2,28,1:31.986,0,,22.556,0,28.980,0,40.450,1,178.6,50:49.481,16:20:49.481,0:22.556,0:28.980,0:40.450,307.7,James CALADO,,HYPERCAR,H,Ferrari AF Corse,Ferrari,GF,22.556,28.980,40.450,
51,2,29,1:31.869,0,,22.455,0,28.543,0,40.871,0,178.8,52:21.350,16:22:21.350,0:22.455,0:28.543,0:40.871,311.2,James CALADO,,HYPERCAR,H,Ferrari AF Corse,Ferrari,GF,22.455,28.543,40.871,
51,2,30,1:31.877,0,,22.647,0,28.602,0,40.628,0,178.8,53:53.227,16:23:53.227,0:22.647,0:28.602,0:40.628,304.2,James CALADO,,HYPERCAR,H,Ferrari AF Corse,Ferrari,GF,22.647,28.602,40.628,
51,2,31,1:31.425,0,,22.400,0,28.493,1,40.532,0,179.7,55:24.652,16:25:24.652,0:22.400,0:28.493,0:40.532,298.3,James CALADO,,HYPERCAR,H,Ferrari AF Corse,Ferrari,GF,22.400,28.493,40.532,
51,2,32,1:34.246,0,,23.084,0,29.559,0,41.603,0,174.3,56:58.898,16:26:58.898,0:23.084,0:29.559,0:41.603,281.2,James CALADO,,HYPERCAR,H,Ferrari AF Corse,Ferrari,GF,23.084,29.559,41.603,
51,2,33,1:33.244,0,,22.388,0,29.363,0,41.493,0,176.2,58:32.142,16:28:32.142,0:22.388,0:29.363,0:41.493,301.7,James CALADO,,HYPERCAR,H,Ferrari AF Corse,Ferrari,GF,22.388,29.363,41.493,
51,2,34,1:39.538,0,B,22.477,0,29.033,0,48.028,0,165.0,1:00:11.680,16:30:11.680,0:22.477,0:29.033,0:48.028,308.6,James CALADO,,HYPERCAR,H,Ferrari AF Corse,Ferrari,GF,22.477,29.033,48.028,
51,3,35,4:12.715,0,,1:49.237,0,1:07.224,0,1:16.254,0,65.0,1:04:24.395,16:34:24.395,1:49.237,1:07.224,1:16.254,78.3,Antonio GIOVINAZZI,0:01:24.451,HYPERCAR,H,Ferrari AF Corse,Ferrari,FCY,109.237,67.224,76.254,
51,3,36,2:31.310,0,,58.250,0,51.597,0,41.463,0,108.6,1:06:55.705,16:36:55.705,0:58.250,0:51.597,0:41.463,80.2,Antonio GIOVINAZZI,,HYPERCAR,H,Ferrari AF Corse,Ferrari,GF,58.250,51.597,41.463,
51,3,37,1:32.312,0,,22.628,0,29.157,0,40.527,0,177.9,1:08:28.017,16:38:28.017,0:22.628,0:29.157,0:40.527,297.5,Antonio GIOVINAZZI,,HYPERCAR,H,Ferrari AF Corse,Ferrari,GF,22.628,29.157,40.527,
51,3,38,1:32.331,0,,22.497,0,29.041,0,40.793,0,177.9,1:10:00.348,16:40:00.348,0:22.497,0:29.041,0:40.793,311.2,Antonio GIOVINAZZI,,HYPERCAR,H,Ferrari AF Corse,Ferrari,GF,22.497,29.041,40.793,
51,3,39,1:32.554,0,,22.789,0,28.975,0,40.790,0,177.5,1:11:32.902,16:41:32.902,0:22.789,0:28.975,0:40.790,311.2,Antonio GIOVINAZZI,,HYPERCAR,H,Ferrari AF Corse,Ferrari,GF,22.789,28.975,40.790,
51,3,40,1:32.770,0,,22.637,0,28.991,0,41.142,0,177.1,1:13:05.672,16:43:05.672,0:22.637,0:28.991,0:41.142,304.2,Antonio GIOVINAZZI,,HYPERCAR,H,Ferrari AF Corse,Ferrari,GF,22.637,28.991,41.142,
51,3,41,1:32.783,0,,22.756,0,29.202,0,40.825,0,177.0,1:14:38.455,16:44:38.455,0:22.756,0:29.202,0:40.825,298.3,Antonio GIOVINAZZI,,HYPERCAR,H,Ferrari AF Corse,Ferrari,GF,22.756,29.202,40.825,
51,3,42,1:33.306,0,,22.455,0,28.890,0,41.961,0,176.1,1:16:11.761,16:46:11.761,0:22.455,0:28.890,0:41.961,303.4,Antonio GIOVINAZZI,,HYPERCAR,H,Ferrari AF Corse,Ferrari,GF,22.455,28.890,41.961,
51,3,43,1:37.948,0,B,22.624,0,28.701,0,46.623,0,167.7,1:17:49.709,16:47:49.709,0:22.624,0:28.701,0:46.623,303.4,Antonio GIOVINAZZI,,HYPERCAR,H,Ferrari AF Corse,Ferrari,GF,22.624,28.701,46.623,
51,3,44,2:55.421,0,,1:39.671,0,33.264,0,42.486,0,93.6,1:20:45.130,16:50:45.130,1:39.671,0:33.264,0:42.486,137.9,Antonio GIOVINAZZI,0:01:17.685,HYPERCAR,H,Ferrari AF Corse,Ferrari,GF,99.671,33.264,42.486,
51,3,45,1:33.743,0,,23.065,0,29.778,0,40.900,0,175.2,1:22:18.873,16:52:18.873,0:23.065,0:29.778,0:40.900,290.3,Antonio GIOVINAZZI,,HYPERCAR,H,Ferrari AF Corse,Ferrari,GF,23.065,29.778,40.900,
51,3,46,1:31.652,0,,22.220,0,29.089,0,40.343,0,179.2,1:23:50.525,16:53:50.525,0:22.220,0:29.089,0:40.343,309.5,Antonio GIOVINAZZI,,HYPERCAR,H,Ferrari AF Corse,Ferrari,GF,22.220,29.089,40.343,
51,3,47,1:31.043,0,,22.231,0,28.528,0,40.284,1,180.4,1:25:21.568,16:55:21.568,0:22.231,0:28.528,0:40.284,310.3,Antonio GIOVINAZZI,,HYPERCAR,H,Ferrari AF Corse,Ferrari,GF,22.231,28.528,40.284,
51,3,48,1:31.030,0,,22.161,0,28.552,0,40.317,0,180.5,1:26:52.598,16:56:52.598,0:22.161,0:28.552,0:40.317,310.3,Antonio GIOVINAZZI,,HYPERCAR,H,Ferrari AF Corse,Ferrari,GF,22.161,28.552,40.317,
51,3,49,1:30.745,0,,22.136,2,28.312,1,40.297,0,181.0,1:28:23.343,16:58:23.343,0:22.136,0:28.312,0:40.297,316.7,Antonio GIOVINAZZI,,HYPERCAR,H,Ferrari AF Corse,Ferrari,GF,22.136,28.312,40.297,
51,3,50,1:31.752,0,,22.328,0,28.641,0,40.783,0,179.0,1:29:55.095,16:59:55.095,0:22.328,0:28.641,0:40.783,313.0,Antonio GIOVINAZZI,,HYPERCAR,H,Ferrari AF Corse,Ferrari,GF,22.328,28.641,40.783,
51,3,51,1:32.310,0,,22.281,0,29.243,0,40.786,0,178.0,1:31:27.405,17:01:27.405,0:22.281,0:29.243,0:40.786,302.5,Antonio GIOVINAZZI,,HYPERCAR,H,Ferrari AF Corse,Ferrari,FF,22.281,29.243,40.786,
54,2,1,2:54.136,0,,1:31.776,0,36.491,0,45.869,0,88.0,2:54.136,15:32:54.136,1:31.776,0:36.491,0:45.869,115.5,Francesco CASTELLACCI,0:01:05.628,LMGTE Am,,AF Corse,Ferrari,GF,91.776,36.491,45.869,
54,2,2,1:43.828,0,,26.357,0,32.878,0,44.593,0,158.2,4:37.964,15:34:37.964,0:26.357,0:32.878,0:44.593,219.5,Francesco CASTELLACCI,,LMGTE Am,,AF Corse,Ferrari,GF,26.357,32.878,44.593,
54,2,3,1:41.178,0,,25.489,0,32.278,0,43.411,0,162.4,6:19.142,15:36:19.142,0:25.489,0:32.278,0:43.411,245.5,Francesco CASTELLACCI,,LMGTE Am,,AF Corse,Ferrari,GF,25.489,32.278,43.411,
54,2,4,1:40.685,0,,25.008,0,31.745,0,43.932,0,163.2,7:59.827,15:37:59.827,0:25.008,0:31.745,0:43.932,264.7,Francesco CASTELLACCI,,LMGTE Am,,AF Corse,Ferrari,GF,25.008,31.745,43.932,
54,2,5,1:39.552,0,,24.969,0,31.332,0,43.251,0,165.0,9:39.379,15:39:39.379,0:24.969,0:31.332,0:43.251,265.4,Francesco CASTELLACCI,,LMGTE Am,,AF Corse,Ferrari,GF,24.969,31.332,43.251,
54,2,6,1:41.923,0,,24.854,0,32.065,0,45.004,0,161.2,11:21.302,15:41:21.302,0:24.854,0:32.065,0:45.004,266.0,Francesco CASTELLACCI,,LMGTE Am,,AF Corse,Ferrari,GF,24.854,32.065,45.004,
54,2,7,1:40.187,0,,24.967,0,31.607,0,43.613,0,164.0,13:01.489,15:43:01.489,0:24.967,0:31.607,0:43.613,260.9,Francesco CASTELLACCI,,LMGTE Am,,AF Corse,Ferrari,GF,24.967,31.607,43.613,
54,2,8,1:40.179,0,,24.795,0,31.666,0,43.718,0,164.0,14:41.668,15:44:41.668,0:24.795,0:31.666,0:43.718,264.7,Francesco CASTELLACCI,,LMGTE Am,,AF Corse,Ferrari,GF,24.795,31.666,43.718,
54,2,9,1:39.279,0,,24.795,0,31.310,0,43.174,0,165.5,16:20.947,15:46:20.947,0:24.795,0:31.310,0:43.174,265.4,Francesco CASTELLACCI,,LMGTE Am,,AF Corse,Ferrari,GF,24.795,31.310,43.174,
54,2,10,1:39.550,0,,24.735,0,31.481,0,43.334,0,165.0,18:00.497,15:48:00.497,0:24.735,0:31.481,0:43.334,265.4,Francesco CASTELLACCI,,LMGTE Am,,AF Corse,Ferrari,GF,24.735,31.481,43.334,
54,2,11,1:39.314,0,,24.751,0,31.415,0,43.148,0,165.4,19:39.811,15:49:39.811,0:24.751,0:31.415,0:43.148,266.0,Francesco CASTELLACCI,,LMGTE Am,,AF Corse,Ferrari,GF,24.751,31.415,43.148,
54,2,12,1:42.509,0,,24.718,0,31.561,0,46.230,0,160.2,21:22.320,15:51:22.320,0:24.718,0:31.561,0:46.230,253.5,Francesco CASTELLACCI,,LMGTE Am,,AF Corse,Ferrari,GF,24.718,31.561,46.230,
54,2,13,1:45.459,0,,25.169,0,32.991,0,47.299,0,155.8,23:07.779,15:53:07.779,0:25.169,0:32.991,0:47.299,267.3,Francesco CASTELLACCI,,LMGTE Am,,AF Corse,Ferrari,GF,25.169,32.991,47.299,
54,2,14,1:42.115,0,,25.308,0,32.778,0,44.029,0,160.9,24:49.894,15:54:49.894,0:25.308,0:32.778,0:44.029,266.7,Francesco CASTELLACCI,,LMGTE Am,,AF Corse,Ferrari,GF,25.308,32.778,44.029,
54,2,15,1:40.351,0,,25.048,0,31.989,0,43.314,0,163.7,26:30.245,15:56:30.245,0:25.048,0:31.989,0:43.314,264.1,Francesco CASTELLACCI,,LMGTE Am,,AF Corse,Ferrari,GF,25.048,31.989,43.314,
54,2,16,1:39.525,0,,24.821,0,31.447,0,43.257,0,165.1,28:09.770,15:58:09.770,0:24.821,0:31.447,0:43.257,264.7,Francesco CASTELLACCI,,LMGTE Am,,AF Corse,Ferrari,GF,24.821,31.447,43.257,
54,2,17,1:39.095,0,,24.668,1,31.346,0,43.081,1,165.8,29:48.865,15:59:48.865,0:24.668,0:31.346,0:43.081,265.4,Francesco CASTELLACCI,,LMGTE Am,,AF Corse,Ferrari,GF,24.668,31.346,43.081,
54,2,18,1:39.246,0,,25.014,0,31.014,2,43.218,0,165.5,31:28.111,16:01:28.111,0:25.014,0:31.014,0:43.218,262.8,Francesco CASTELLACCI,,LMGTE Am,,AF Corse,Ferrari,GF,25.014,31.014,43.218,
54,2,19,1:44.942,0,B,24.719,0,31.316,0,48.907,0,156.5,33:13.053,16:03:13.053,0:24.719,0:31.316,0:48.907,266.7,Francesco CASTELLACCI,,LMGTE Am,,AF Corse,Ferrari,GF,24.719,31.316,48.907,
54,1,20,3:23.979,0,,2:05.878,0,33.319,0,44.782,0,80.5,36:37.032,16:06:37.032,2:05.878,0:33.319,0:44.782,135.8,Thomas FLOHR,0:01:45.067,LMGTE Am,,AF Corse,Ferrari,GF,125.878,33.319,44.782,
54,1,21,1:42.913,0,,25.208,0,33.044,0,44.661,0,159.6,38:19.945,16:08:19.945,0:25.208,0:33.044,0:44.661,264.7,Thomas FLOHR,,LMGTE Am,,AF Corse,Ferrari,GF,25.208,33.044,44.661,
54,1,22,1:42.760,0,,25.437,0,32.597,0,44.726,0,159.9,40:02.705,16:10:02.705,0:25.437,0:32.597,0:44.726,266.0,Thomas FLOHR,,LMGTE Am,,AF Corse,Ferrari,GF,25.437,32.597,44.726,
54,1,23,1:42.235,0,,25.060,0,32.651,0,44.524,0,160.7,41:44.940,16:11:44.940,0:25.060,0:32.651,0:44.524,267.3,Thomas FLOHR,,LMGTE Am,,AF Corse,Ferrari,GF,25.060,32.651,44.524,
54,1,24,1:42.290,0,,24.941,0,32.844,0,44.505,0,160.6,43:27.230,16:13:27.230,0:24.941,0:32.844,0:44.505,267.3,Thomas FLOHR,,LMGTE Am,,AF Corse,Ferrari,GF,24.941,32.844,44.505,
54,1,25,1:41.922,0,,25.512,0,32.627,0,43.783,0,161.2,45:09.152,16:15:09.152,0:25.512,0:32.627,0:43.783,266.7,Thomas FLOHR,,LMGTE Am,,AF Corse,Ferrari,GF,25.512,32.627,43.783,
54,1,26,1:41.127,0,,25.032,0,32.079,0,44.016,0,162.4,46:50.279,16:16:50.279,0:25.032,0:32.079,0:44.016,266.7,Thomas FLOHR,,LMGTE Am,,AF Corse,Ferrari,GF,25.032,32.079,44.016,
54,1,27,1:40.611,0,,24.958,0,31.833,0,43.820,0,163.3,48:30.890,16:18:30.890,0:24.958,0:31.833,0:43.820,268.0,Thomas FLOHR,,LMGTE Am,,AF Corse,Ferrari,GF,24.958,31.833,43.820,
54,1,28,1:40.467,0,,24.825,0,32.195,0,43.447,0,163.5,50:11.357,16:20:11.357,0:24.825,0:32.195,0:43.447,266.7,Thomas FLOHR,,LMGTE Am,,AF Corse,Ferrari,GF,24.825,32.195,43.447,
54,1,29,1:41.021,0,,25.102,0,32.133,0,43.786,0,162.6,51:52.378,16:21:52.378,0:25.102,0:32.133,0:43.786,266.0,Thomas FLOHR,,LMGTE Am,,AF Corse,Ferrari,GF,25.102,32.133,43.786,
54,1,30,1:40.851,0,,24.904,0,32.047,0,43.900,0,162.9,53:33.229,16:23:33.229,0:24.904,0:32.047,0:43.900,268.0,Thomas FLOHR,,LMGTE Am,,AF Corse,Ferrari,GF,24.904,32.047,43.900,
54,1,31,1:51.137,0,B,25.736,0,34.138,0,51.263,0,147.8,55:24.366,16:25:24.366,0:25.736,0:34.138,0:51.263,262.1,Thomas FLOHR,,LMGTE Am,,AF Corse,Ferrari,GF,25.736,34.138,51.263,
54,1,32,2:43.902,0,,1:22.300,0,35.631,0,45.971,0,100.2,58:08.268,16:28:08.268,1:22.300,0:35.631,0:45.971,109.2,Thomas FLOHR,0:00:49.258,LMGTE Am,,AF Corse,Ferrari,GF,82.300,35.631,45.971,
54,1,33,1:45.708,0,,25.836,0,35.531,0,44.341,0,155.4,59:53.976,16:29:53.976,0:25.836,0:35.531,0:44.341,251.7,Thomas FLOHR,,LMGTE Am,,AF Corse,Ferrari,GF,25.836,35.531,44.341,
54,1,34,1:48.150,0,B,24.996,0,32.505,0,50.649,0,151.9,1:01:42.126,16:31:42.126,0:24.996,0:32.505,0:50.649,258.4,Thomas FLOHR,,LMGTE Am,,AF Corse,Ferrari,GF,24.996,32.505,50.649,
54,1,35,6:08.310,0,,4:42.905,0,37.132,0,48.273,0,44.6,1:07:50.436,16:37:50.436,4:42.905,0:37.132,0:48.273,128.7,Thomas FLOHR,0:04:21.886,LMGTE Am,,AF Corse,Ferrari,GF,282.905,37.132,48.273,
54,1,36,1:40.706,0,,25.018,0,32.334,0,43.354,1,163.1,1:09:31.142,16:39:31.142,0:25.018,0:32.334,0:43.354,267.3,Thomas FLOHR,,LMGTE Am,,AF Corse,Ferrari,GF,25.018,32.334,43.354,
54,1,37,1:40.739,0,,25.025,0,31.815,0,43.899,0,163.1,1:11:11.881,16:41:11.881,0:25.025,0:31.815,0:43.899,266.0,Thomas FLOHR,,LMGTE Am,,AF Corse,Ferrari,GF,25.025,31.815,43.899,
54,1,38,1:40.282,0,,24.857,0,31.961,0,43.464,0,163.8,1:12:52.163,16:42:52.163,0:24.857,0:31.961,0:43.464,265.4,Thomas FLOHR,,LMGTE Am,,AF Corse,Ferrari,GF,24.857,31.961,43.464,
54,1,39,1:39.735,0,,24.772,1,31.599,1,43.364,0,164.7,1:14:31.898,16:44:31.898,0:24.772,0:31.599,0:43.364,266.7,Thomas FLOHR,,LMGTE Am,,AF Corse,Ferrari,GF,24.772,31.599,43.364,
54,1,40,1:40.715,0,,24.807,0,31.958,0,43.950,0,163.1,1:16:12.613,16:46:12.613,0:24.807,0:31.958,0:43.950,266.7,Thomas FLOHR,,LMGTE Am,,AF Corse,Ferrari,GF,24.807,31.958,43.950,
54,1,41,1:46.555,0,B,25.263,0,31.676,0,49.616,0,154.2,1:17:59.168,16:47:59.168,0:25.263,0:31.676,0:49.616,268.7,Thomas FLOHR,,LMGTE Am,,AF Corse,Ferrari,GF,25.263,31.676,49.616,
54,3,42,3:04.789,0,,1:46.966,0,32.198,0,45.625,0,88.9,1:21:03.957,16:51:03.957,1:46.966,0:32.198,0:45.625,141.4,Davide RIGON,0:01:27.251,LMGTE Am,,AF Corse,Ferrari,GF,106.966,32.198,45.625,
54,3,43,1:39.081,0,,24.822,0,31.424,0,42.835,0,165.8,1:22:43.038,16:52:43.038,0:24.822,0:31.424,0:42.835,268.7,Davide RIGON,,LMGTE Am,,AF Corse,Ferrari,GF,24.822,31.424,42.835,
54,3,44,1:38.239,2,,24.598,0,31.147,1,42.494,2,167.2,1:24:21.277,16:54:21.277,0:24.598,0:31.147,0:42.494,268.0,Davide RIGON,,LMGTE Am,,AF Corse,Ferrari,GF,24.598,31.147,42.494,
54,3,45,1:38.721,0,,24.861,0,31.306,0,42.554,0,166.4,1:25:59.998,16:55:59.998,0:24.861,0:31.306,0:42.554,269.3,Davide RIGON,,LMGTE Am,,AF Corse,Ferrari,GF,24.861,31.306,42.554,
54,3,46,1:39.209,0,,24.708,0,31.286,0,43.215,0,165.6,1:27:39.207,16:57:39.207,0:24.708,0:31.286,0:43.215,268.0,Davide RIGON,,LMGTE Am,,AF Corse,Ferrari,GF,24.708,31.286,43.215,
54,3,47,1:39.275,0,,24.829,0,31.697,0,42.749,0,165.5,1:29:18.482,16:59:18.482,0:24.829,0:31.697,0:42.749,268.0,Davide RIGON,,LMGTE Am,,AF Corse,Ferrari,GF,24.829,31.697,42.749,
54,3,48,1:38.818,0,,24.589,2,31.207,0,43.022,0,166.2,1:30:57.300,17:00:57.300,0:24.589,0:31.207,0:43.022,265.4,Davide RIGON,,LMGTE Am,,AF Corse,Ferrari,FF,24.589,31.207,43.022,
56,3,1,2:04.451,0,,46.747,0,33.267,0,44.437,0,123.1,2:04.451,15:32:04.451,0:46.747,0:33.267,0:44.437,127.1,Matteo CAIROLI,0:00:22.355,LMGTE Am,,Project 1 - AO,Porsche,GF,46.747,33.267,44.437,
56,3,2,1:42.750,0,,24.909,0,31.436,0,46.405,0,159.9,3:47.201,15:33:47.201,0:24.909,0:31.436,0:46.405,262.8,Matteo CAIROLI,,LMGTE Am,,Project 1 - AO,Porsche,GF,24.909,31.436,46.405,
56,3,3,1:39.950,0,,24.975,0,31.080,0,43.895,0,164.4,5:27.151,15:35:27.151,0:24.975,0:31.080,0:43.895,268.7,Matteo CAIROLI,,LMGTE Am,,Project 1 - AO,Porsche,GF,24.975,31.080,43.895,
56,3,4,1:38.866,2,,24.635,0,30.677,2,43.554,0,166.2,7:06.017,15:37:06.017,0:24.635,0:30.677,0:43.554,267.3,Matteo CAIROLI,,LMGTE Am,,Project 1 - AO,Porsche,GF,24.635,30.677,43.554,
56,3,5,1:38.643,0,,24.603,2,30.993,0,43.047,0,166.5,8:44.660,15:38:44.660,0:24.603,0:30.993,0:43.047,267.3,Matteo CAIROLI,,LMGTE Am,,Project 1 - AO,Porsche,GF,24.603,30.993,43.047,
56,3,6,1:43.871,0,B,24.641,0,30.974,0,48.256,0,158.1,10:28.531,15:40:28.531,0:24.641,0:30.974,0:48.256,266.7,Matteo CAIROLI,,LMGTE Am,,Project 1 - AO,Porsche,GF,24.641,30.974,48.256,
56,3,7,5:13.731,0,,3:58.020,0,31.839,0,43.872,0,52.4,15:42.262,15:45:42.262,3:58.020,0:31.839,0:43.872,139.5,Matteo CAIROLI,0:03:38.368,LMGTE Am,,Project 1 - AO,Porsche,GF,238.020,31.839,43.872,
56,3,8,1:40.035,0,,24.906,0,31.405,0,43.724,0,164.2,17:22.297,15:47:22.297,0:24.906,0:31.405,0:43.724,266.7,Matteo CAIROLI,,LMGTE Am,,Project 1 - AO,Porsche,GF,24.906,31.405,43.724,
56,3,9,1:44.170,0,B,24.794,0,31.557,0,47.819,0,157.7,19:06.467,15:49:06.467,0:24.794,0:31.557,0:47.819,266.0,Matteo CAIROLI,,LMGTE Am,,Project 1 - AO,Porsche,GF,24.794,31.557,47.819,
56,3,10,4:10.329,0,,2:55.518,0,31.224,0,43.587,0,65.6,23:16.796,15:53:16.796,2:55.518,0:31.224,0:43.587,139.7,Matteo CAIROLI,0:02:35.262,LMGTE Am,,Project 1 - AO,Porsche,GF,175.518,31.224,43.587,
56,3,11,1:39.446,0,,24.649,0,31.463,0,43.334,0,165.2,24:56.242,15:54:56.242,0:24.649,0:31.463,0:43.334,268.0,Matteo CAIROLI,,LMGTE Am,,Project 1 - AO,Porsche,GF,24.649,31.463,43.334,
56,3,12,1:42.551,0,,25.345,0,32.009,0,45.197,0,160.2,26:38.793,15:56:38.793,0:25.345,0:32.009,0:45.197,266.0,Matteo CAIROLI,,LMGTE Am,,Project 1 - AO,Porsche,GF,25.345,32.009,45.197,
56,3,13,1:45.022,0,B,24.868,0,31.743,0,48.411,0,156.4,28:23.815,15:58:23.815,0:24.868,0:31.743,0:48.411,264.7,Matteo CAIROLI,,LMGTE Am,,Project 1 - AO,Porsche,GF,24.868,31.743,48.411,
56,3,14,2:48.511,0,,1:29.459,0,34.219,0,44.833,0,97.5,31:12.326,16:01:12.326,1:29.459,0:34.219,0:44.833,133.2,Matteo CAIROLI,0:01:06.224,LMGTE Am,,Project 1 - AO,Porsche,GF,89.459,34.219,44.833,
56,3,15,1:40.847,0,,25.114,0,31.873,0,43.860,0,162.9,32:53.173,16:02:53.173,0:25.114,0:31.873,0:43.860,264.7,Matteo CAIROLI,,LMGTE Am,,Project 1 - AO,Porsche,GF,25.114,31.873,43.860,
56,3,16,1:44.700,0,,25.044,0,32.540,0,47.116,0,156.9,34:37.873,16:04:37.873,0:25.044,0:32.540,0:47.116,264.7,Matteo CAIROLI,,LMGTE Am,,Project 1 - AO,Porsche,GF,25.044,32.540,47.116,
56,3,17,1:39.970,0,,24.981,0,31.679,0,43.310,2,164.3,36:17.843,16:06:17.843,0:24.981,0:31.679,0:43.310,266.0,Matteo CAIROLI,,LMGTE Am,,Project 1 - AO,Porsche,GF,24.981,31.679,43.310,
56,3,18,1:39.992,0,,24.699,0,31.532,0,43.761,0,164.3,37:57.835,16:07:57.835,0:24.699,0:31.532,0:43.761,265.4,Matteo CAIROLI,,LMGTE Am,,Project 1 - AO,Porsche,GF,24.699,31.532,43.761,
56,3,19,1:44.793,0,B,24.826,0,31.778,0,48.189,0,156.8,39:42.628,16:09:42.628,0:24.826,0:31.778,0:48.189,265.4,Matteo CAIROLI,,LMGTE Am,,Project 1 - AO,Porsche,GF,24.826,31.778,48.189,
56,2,20,5:16.217,0,,3:59.750,0,32.042,0,44.425,0,51.9,44:58.845,16:14:58.845,3:59.750,0:32.042,0:44.425,137.8,Gunnar JEANNETTE,0:03:38.012,LMGTE Am,,Project 1 - AO,Porsche,GF,239.750,32.042,44.425,
56,2,21,1:41.912,0,,25.496,0,32.649,0,43.767,0,161.2,46:40.757,16:16:40.757,0:25.496,0:32.649,0:43.767,257.1,Gunnar JEANNETTE,,LMGTE Am,,Project 1 - AO,Porsche,GF,25.496,32.649,43.767,
56,2,22,1:41.394,0,,25.258,0,32.313,0,43.823,0,162.0,48:22.151,16:18:22.151,0:25.258,0:32.313,0:43.823,262.1,Gunnar JEANNETTE,,LMGTE Am,,Project 1 - AO,Porsche,GF,25.258,32.313,43.823,
56,2,23,1:43.296,0,,25.067,0,31.995,0,46.234,0,159.0,50:05.447,16:20:05.447,0:25.067,0:31.995,0:46.234,264.7,Gunnar JEANNETTE,,LMGTE Am,,Project 1 - AO,Porsche,GF,25.067,31.995,46.234,
56,2,24,1:40.975,0,,25.111,0,31.984,0,43.880,0,162.7,51:46.422,16:21:46.422,0:25.111,0:31.984,0:43.880,266.0,Gunnar JEANNETTE,,LMGTE Am,,Project 1 - AO,Porsche,GF,25.111,31.984,43.880,
56,2,25,1:40.978,0,,25.100,0,31.858,0,44.020,1,162.7,53:27.400,16:23:27.400,0:25.100,0:31.858,0:44.020,267.3,Gunnar JEANNETTE,,LMGTE Am,,Project 1 - AO,Porsche,GF,25.100,31.858,44.020,
56,2,26,1:41.280,0,,25.077,0,31.843,1,44.360,0,162.2,55:08.680,16:25:08.680,0:25.077,0:31.843,0:44.360,265.4,Gunnar JEANNETTE,,LMGTE Am,,Project 1 - AO,Porsche,GF,25.077,31.843,44.360,
56,2,27,1:41.700,0,,25.049,1,31.949,0,44.702,0,161.5,56:50.380,16:26:50.380,0:25.049,0:31.949,0:44.702,266.7,Gunnar JEANNETTE,,LMGTE Am,,Project 1 - AO,Porsche,GF,25.049,31.949,44.702,
56,2,28,1:49.551,0,B,25.279,0,33.169,0,51.103,0,149.9,58:39.931,16:28:39.931,0:25.279,0:33.169,0:51.103,265.4,Gunnar JEANNETTE,,LMGTE Am,,Project 1 - AO,Porsche,GF,25.279,33.169,51.103,
56,1,29,6:19.436,0,,3:53.969,0,1:07.630,0,1:17.837,0,43.3,1:04:59.367,16:34:59.367,3:53.969,1:07.630,1:17.837,120.1,PJ HYETT,0:03:18.807,LMGTE Am,,Project 1 - AO,Porsche,FCY,233.969,67.630,77.837,
56,1,30,2:19.388,0,,58.719,0,36.124,0,44.545,0,117.8,1:07:18.755,16:37:18.755,0:58.719,0:36.124,0:44.545,79.8,PJ HYETT,,LMGTE Am,,Project 1 - AO,Porsche,GF,58.719,36.124,44.545,
56,1,31,1:44.799,0,,25.600,0,33.445,0,45.754,0,156.7,1:09:03.554,16:39:03.554,0:25.600,0:33.445,0:45.754,261.5,PJ HYETT,,LMGTE Am,,Project 1 - AO,Porsche,GF,25.600,33.445,45.754,
56,1,32,1:44.103,0,,25.782,0,33.742,0,44.579,0,157.8,1:10:47.657,16:40:47.657,0:25.782,0:33.742,0:44.579,264.1,PJ HYETT,,LMGTE Am,,Project 1 - AO,Porsche,GF,25.782,33.742,44.579,
56,1,33,1:42.575,0,,25.475,0,32.819,0,44.281,0,160.1,1:12:30.232,16:42:30.232,0:25.475,0:32.819,0:44.281,262.8,PJ HYETT,,LMGTE Am,,Project 1 - AO,Porsche,GF,25.475,32.819,44.281,
56,1,34,1:44.081,0,,25.405,0,33.158,0,45.518,0,157.8,1:14:14.313,16:44:14.313,0:25.405,0:33.158,0:45.518,264.7,PJ HYETT,,LMGTE Am,,Project 1 - AO,Porsche,GF,25.405,33.158,45.518,
56,1,35,1:42.426,0,,25.329,0,32.466,1,44.631,0,160.4,1:15:56.739,16:45:56.739,0:25.329,0:32.466,0:44.631,265.4,PJ HYETT,,LMGTE Am,,Project 1 - AO,Porsche,GF,25.329,32.466,44.631,
56,1,36,1:43.508,0,,25.354,0,32.744,0,45.410,0,158.7,1:17:40.247,16:47:40.247,0:25.354,0:32.744,0:45.410,264.7,PJ HYETT,,LMGTE Am,,Project 1 - AO,Porsche,GF,25.354,32.744,45.410,
56,1,37,1:42.862,0,,25.329,0,32.722,0,44.811,0,159.7,1:19:23.109,16:49:23.109,0:25.329,0:32.722,0:44.811,266.0,PJ HYETT,,LMGTE Am,,Project 1 - AO,Porsche,GF,25.329,32.722,44.811,
56,1,38,1:43.846,0,,25.512,0,33.501,0,44.833,0,158.2,1:21:06.955,16:51:06.955,0:25.512,0:33.501,0:44.833,265.4,PJ HYETT,,LMGTE Am,,Project 1 - AO,Porsche,GF,25.512,33.501,44.833,
56,1,39,1:42.284,0,,25.391,0,32.489,0,44.404,0,160.6,1:22:49.239,16:52:49.239,0:25.391,0:32.489,0:44.404,265.4,PJ HYETT,,LMGTE Am,,Project 1 - AO,Porsche,GF,25.391,32.489,44.404,
56,1,40,1:42.745,0,,25.311,0,33.012,0,44.422,0,159.9,1:24:31.984,16:54:31.984,0:25.311,0:33.012,0:44.422,266.0,PJ HYETT,,LMGTE Am,,Project 1 - AO,Porsche,GF,25.311,33.012,44.422,
56,1,41,1:42.550,0,,25.208,0,32.862,0,44.480,0,160.2,1:26:14.534,16:56:14.534,0:25.208,0:32.862,0:44.480,266.7,PJ HYETT,,LMGTE Am,,Project 1 - AO,Porsche,GF,25.208,32.862,44.480,
56,1,42,1:42.758,0,,25.334,0,33.157,0,44.267,1,159.9,1:27:57.292,16:57:57.292,0:25.334,0:33.157,0:44.267,266.0,PJ HYETT,,LMGTE Am,,Project 1 - AO,Porsche,GF,25.334,33.157,44.267,
56,1,43,1:42.016,0,,25.181,1,32.527,0,44.308,0,161.0,1:29:39.308,16:59:39.308,0:25.181,0:32.527,0:44.308,264.7,PJ HYETT,,LMGTE Am,,Project 1 - AO,Porsche,GF,25.181,32.527,44.308,
56,1,44,1:44.436,0,,27.254,0,32.748,0,44.434,0,157.3,1:31:23.744,17:01:23.744,0:27.254,0:32.748,0:44.434,266.7,PJ HYETT,,LMGTE Am,,Project 1 - AO,Porsche,FF,27.254,32.748,44.434,
57,3,1,3:23.600,0,,2:02.713,0,35.490,0,45.397,0,75.3,3:23.600,15:33:23.600,2:02.713,0:35.490,0:45.397,112.5,Ritomo MIYATA,0:01:35.909,LMGTE Am,,Kessel Racing,Ferrari,GF,122.713,35.490,45.397,
57,3,2,1:41.716,0,,25.713,0,32.795,0,43.208,0,161.5,5:05.316,15:35:05.316,0:25.713,0:32.795,0:43.208,243.8,Ritomo MIYATA,,LMGTE Am,,Kessel Racing,Ferrari,GF,25.713,32.795,43.208,
57,3,3,1:39.497,2,,24.838,0,31.933,0,42.726,2,165.1,6:44.813,15:36:44.813,0:24.838,0:31.933,0:42.726,266.7,Ritomo MIYATA,,LMGTE Am,,Kessel Racing,Ferrari,GF,24.838,31.933,42.726,
57,3,4,1:40.709,0,,24.889,0,31.907,0,43.913,0,163.1,8:25.522,15:38:25.522,0:24.889,0:31.907,0:43.913,260.2,Ritomo MIYATA,,LMGTE Am,,Kessel Racing,Ferrari,GF,24.889,31.907,43.913,
57,3,5,1:39.684,0,,24.736,2,31.625,1,43.323,0,164.8,10:05.206,15:40:05.206,0:24.736,0:31.625,0:43.323,260.2,Ritomo MIYATA,,LMGTE Am,,Kessel Racing,Ferrari,GF,24.736,31.625,43.323,
57,3,6,1:39.947,0,,24.741,0,31.739,0,43.467,0,164.4,11:45.153,15:41:45.153,0:24.741,0:31.739,0:43.467,257.8,Ritomo MIYATA,,LMGTE Am,,Kessel Racing,Ferrari,GF,24.741,31.739,43.467,
57,3,7,1:41.066,0,,24.745,0,32.383,0,43.938,0,162.5,13:26.219,15:43:26.219,0:24.745,0:32.383,0:43.938,260.9,Ritomo MIYATA,,LMGTE Am,,Kessel Racing,Ferrari,GF,24.745,32.383,43.938,
57,3,8,1:40.584,0,,24.837,0,32.094,0,43.653,0,163.3,15:06.803,15:45:06.803,0:24.837,0:32.094,0:43.653,256.5,Ritomo MIYATA,,LMGTE Am,,Kessel Racing,Ferrari,GF,24.837,32.094,43.653,
57,3,9,1:40.638,0,,24.955,0,31.983,0,43.700,0,163.2,16:47.441,15:46:47.441,0:24.955,0:31.983,0:43.700,255.9,Ritomo MIYATA,,LMGTE Am,,Kessel Racing,Ferrari,GF,24.955,31.983,43.700,
57,3,10,1:40.807,0,,24.811,0,32.278,0,43.718,0,163.0,18:28.248,15:48:28.248,0:24.811,0:32.278,0:43.718,255.3,Ritomo MIYATA,,LMGTE Am,,Kessel Racing,Ferrari,GF,24.811,32.278,43.718,
57,3,11,1:40.516,0,,24.856,0,31.981,0,43.679,0,163.4,20:08.764,15:50:08.764,0:24.856,0:31.981,0:43.679,255.9,Ritomo MIYATA,,LMGTE Am,,Kessel Racing,Ferrari,GF,24.856,31.981,43.679,
57,3,12,1:40.329,0,,24.946,0,31.834,0,43.549,0,163.7,21:49.093,15:51:49.093,0:24.946,0:31.834,0:43.549,254.7,Ritomo MIYATA,,LMGTE Am,,Kessel Racing,Ferrari,GF,24.946,31.834,43.549,
57,3,13,1:45.576,0,B,24.845,0,31.965,0,48.766,0,155.6,23:34.669,15:53:34.669,0:24.845,0:31.965,0:48.766,259.6,Ritomo MIYATA,,LMGTE Am,,Kessel Racing,Ferrari,GF,24.845,31.965,48.766,
57,2,14,3:00.227,0,,1:43.006,0,32.229,0,44.992,0,91.1,26:34.896,15:56:34.896,1:43.006,0:32.229,0:44.992,135.7,Scott HUFFAKER,0:01:22.117,LMGTE Am,,Kessel Racing,Ferrari,GF,103.006,32.229,44.992,
57,2,15,1:41.925,0,,25.372,0,32.315,0,44.238,0,161.2,28:16.821,15:58:16.821,0:25.372,0:32.315,0:44.238,253.5,Scott HUFFAKER,,LMGTE Am,,Kessel Racing,Ferrari,GF,25.372,32.315,44.238,
57,2,16,1:41.368,0,,25.163,0,32.215,0,43.990,0,162.1,29:58.189,15:59:58.189,0:25.163,0:32.215,0:43.990,260.9,Scott HUFFAKER,,LMGTE Am,,Kessel Racing,Ferrari,GF,25.163,32.215,43.990,
57,2,17,1:40.500,0,,25.147,0,31.756,0,43.597,0,163.5,31:38.689,16:01:38.689,0:25.147,0:31.756,0:43.597,262.1,Scott HUFFAKER,,LMGTE Am,,Kessel Racing,Ferrari,GF,25.147,31.756,43.597,
57,2,18,1:40.300,0,,24.995,0,31.726,0,43.579,0,163.8,33:18.989,16:03:18.989,0:24.995,0:31.726,0:43.579,264.1,Scott HUFFAKER,,LMGTE Am,,Kessel Racing,Ferrari,GF,24.995,31.726,43.579,
57,2,19,1:40.158,0,,24.970,0,31.563,0,43.625,0,164.0,34:59.147,16:04:59.147,0:24.970,0:31.563,0:43.625,261.5,Scott HUFFAKER,,LMGTE Am,,Kessel Racing,Ferrari,GF,24.970,31.563,43.625,
57,2,20,1:39.890,0,,24.977,0,31.412,2,43.501,0,164.4,36:39.037,16:06:39.037,0:24.977,0:31.412,0:43.501,261.5,Scott HUFFAKER,,LMGTE Am,,Kessel Racing,Ferrari,GF,24.977,31.412,43.501,
57,2,21,1:41.009,0,,24.860,0,31.897,0,44.252,0,162.6,38:20.046,16:08:20.046,0:24.860,0:31.897,0:44.252,263.4,Scott HUFFAKER,,LMGTE Am,,Kessel Racing,Ferrari,GF,24.860,31.897,44.252,
57,2,22,1:40.259,0,,24.881,0,31.632,0,43.746,0,163.8,40:00.305,16:10:00.305,0:24.881,0:31.632,0:43.746,266.7,Scott HUFFAKER,,LMGTE Am,,Kessel Racing,Ferrari,GF,24.881,31.632,43.746,
57,2,23,1:46.106,0,B,25.174,0,31.615,0,49.317,0,154.8,41:46.411,16:11:46.411,0:25.174,0:31.615,0:49.317,261.5,Scott HUFFAKER,,LMGTE Am,,Kessel Racing,Ferrari,GF,25.174,31.615,49.317,
57,2,24,3:21.741,0,,2:05.940,0,32.125,0,43.676,0,81.4,45:08.152,16:15:08.152,2:05.940,0:32.125,0:43.676,136.7,Scott HUFFAKER,0:01:45.272,LMGTE Am,,Kessel Racing,Ferrari,GF,125.940,32.125,43.676,
57,2,25,1:40.106,0,,24.972,0,31.545,0,43.589,0,164.1,46:48.258,16:16:48.258,0:24.972,0:31.545,0:43.589,261.5,Scott HUFFAKER,,LMGTE Am,,Kessel Racing,Ferrari,GF,24.972,31.545,43.589,
57,2,26,1:39.510,0,,24.857,1,31.467,0,43.186,1,165.1,48:27.768,16:18:27.768,0:24.857,0:31.467,0:43.186,264.1,Scott HUFFAKER,,LMGTE Am,,Kessel Racing,Ferrari,GF,24.857,31.467,43.186,
57,2,27,1:39.799,0,,24.867,0,31.559,0,43.373,0,164.6,50:07.567,16:20:07.567,0:24.867,0:31.559,0:43.373,262.8,Scott HUFFAKER,,LMGTE Am,,Kessel Racing,Ferrari,GF,24.867,31.559,43.373,
57,2,28,1:45.720,0,B,25.269,0,31.830,0,48.621,0,155.4,51:53.287,16:21:53.287,0:25.269,0:31.830,0:48.621,263.4,Scott HUFFAKER,,LMGTE Am,,Kessel Racing,Ferrari,GF,25.269,31.830,48.621,
57,1,29,3:27.546,0,,2:04.196,0,37.492,0,45.858,0,79.1,55:20.833,16:25:20.833,2:04.196,0:37.492,0:45.858,81.9,Takeshi KIMURA,0:01:36.956,LMGTE Am,,Kessel Racing,Ferrari,GF,124.196,37.492,45.858,
57,1,30,1:46.997,0,,27.292,0,34.688,0,45.017,0,153.5,57:07.830,16:27:07.830,0:27.292,0:34.688,0:45.017,244.9,Takeshi KIMURA,,LMGTE Am,,Kessel Racing,Ferrari,GF,27.292,34.688,45.017,
57,1,31,1:41.576,0,,24.968,0,32.849,0,43.759,0,161.7,58:49.406,16:28:49.406,0:24.968,0:32.849,0:43.759,266.0,Takeshi KIMURA,,LMGTE Am,,Kessel Racing,Ferrari,GF,24.968,32.849,43.759,
57,1,32,1:40.459,0,,24.828,0,31.936,1,43.695,1,163.5,1:00:29.865,16:30:29.865,0:24.828,0:31.936,0:43.695,267.3,Takeshi KIMURA,,LMGTE Am,,Kessel Racing,Ferrari,GF,24.828,31.936,43.695,
57,1,33,1:55.078,0,,24.752,1,32.327,0,57.999,0,142.7,1:02:24.943,16:32:24.943,0:24.752,0:32.327,0:57.999,268.0,Takeshi KIMURA,,LMGTE Am,,Kessel Racing,Ferrari,FCY,24.752,32.327,57.999,
57,1,34,3:26.533,0,B,58.631,0,1:07.342,0,1:20.560,0,79.5,1:05:51.476,16:35:51.476,0:58.631,1:07.342,1:20.560,80.1,Takeshi KIMURA,,LMGTE Am,,Kessel Racing,Ferrari,FCY,58.631,67.342,80.560,
57,1,35,3:48.801,0,,2:32.018,0,32.814,0,43.969,0,71.8,1:09:40.277,16:39:40.277,2:32.018,0:32.814,0:43.969,138.1,Takeshi KIMURA,0:02:07.147,LMGTE Am,,Kessel Racing,Ferrari,GF,152.018,32.814,43.969,
57,1,36,1:41.365,0,,25.248,0,32.294,0,43.823,0,162.1,1:11:21.642,16:41:21.642,0:25.248,0:32.294,0:43.823,265.4,Takeshi KIMURA,,LMGTE Am,,Kessel Racing,Ferrari,GF,25.248,32.294,43.823,
57,1,37,1:41.333,0,,25.192,0,32.253,0,43.888,0,162.1,1:13:02.975,16:43:02.975,0:25.192,0:32.253,0:43.888,264.7,Takeshi KIMURA,,LMGTE Am,,Kessel Racing,Ferrari,GF,25.192,32.253,43.888,
57,1,38,1:40.980,0,,25.077,0,32.264,0,43.639,0,162.7,1:14:43.955,16:44:43.955,0:25.077,0:32.264,0:43.639,266.0,Takeshi KIMURA,,LMGTE Am,,Kessel Racing,Ferrari,GF,25.077,32.264,43.639,
57,1,39,1:41.441,0,,25.291,0,32.221,0,43.929,0,161.9,1:16:25.396,16:46:25.396,0:25.291,0:32.221,0:43.929,262.8,Takeshi KIMURA,,LMGTE Am,,Kessel Racing,Ferrari,GF,25.291,32.221,43.929,
57,1,40,1:41.036,0,,24.942,0,32.046,0,44.048,0,162.6,1:18:06.432,16:48:06.432,0:24.942,0:32.046,0:44.048,267.3,Takeshi KIMURA,,LMGTE Am,,Kessel Racing,Ferrari,GF,24.942,32.046,44.048,
57,1,41,1:41.363,0,,24.981,0,32.478,0,43.904,0,162.1,1:19:47.795,16:49:47.795,0:24.981,0:32.478,0:43.904,266.0,Takeshi KIMURA,,LMGTE Am,,Kessel Racing,Ferrari,GF,24.981,32.478,43.904,
57,1,42,1:41.503,0,,24.935,0,32.346,0,44.222,0,161.8,1:21:29.298,16:51:29.298,0:24.935,0:32.346,0:44.222,268.7,Takeshi KIMURA,,LMGTE Am,,Kessel Racing,Ferrari,GF,24.935,32.346,44.222,
57,1,43,1:41.298,0,,25.274,0,32.122,0,43.902,0,162.2,1:23:10.596,16:53:10.596,0:25.274,0:32.122,0:43.902,268.7,Takeshi KIMURA,,LMGTE Am,,Kessel Racing,Ferrari,GF,25.274,32.122,43.902,
57,1,44,1:40.771,0,,25.081,0,31.953,0,43.737,0,163.0,1:24:51.367,16:54:51.367,0:25.081,0:31.953,0:43.737,267.3,Takeshi KIMURA,,LMGTE Am,,Kessel Racing,Ferrari,GF,25.081,31.953,43.737,
57,1,45,1:40.677,0,,24.844,0,32.051,0,43.782,0,163.2,1:26:32.044,16:56:32.044,0:24.844,0:32.051,0:43.782,266.7,Takeshi KIMURA,,LMGTE Am,,Kessel Racing,Ferrari,GF,24.844,32.051,43.782,
57,1,46,1:41.098,0,,25.197,0,32.031,0,43.870,0,162.5,1:28:13.142,16:58:13.142,0:25.197,0:32.031,0:43.870,268.0,Takeshi KIMURA,,LMGTE Am,,Kessel Racing,Ferrari,GF,25.197,32.031,43.870,
57,1,47,1:44.268,0,,24.957,0,33.630,0,45.681,0,157.5,1:29:57.410,16:59:57.410,0:24.957,0:33.630,0:45.681,267.3,Takeshi KIMURA,,LMGTE Am,,Kessel Racing,Ferrari,GF,24.957,33.630,45.681,
57,1,48,1:41.764,0,,25.003,0,32.346,0,44.415,0,161.4,1:31:39.174,17:01:39.174,0:25.003,0:32.346,0:44.415,268.7,Takeshi KIMURA,,LMGTE Am,,Kessel Racing,Ferrari,FF,25.003,32.346,44.415,
6,3,1,1:59.060,0,,44.900,0,32.229,0,41.931,0,128.7,1:59.060,15:31:59.060,0:44.900,0:32.229,0:41.931,148.8,Laurens VANTHOOR,0:00:20.957,HYPERCAR,H,Porsche Penske Motorsport,Porsche,GF,44.900,32.229,41.931,
6,3,2,1:33.723,0,,22.860,0,29.922,0,40.941,0,175.3,3:32.783,15:33:32.783,0:22.860,0:29.922,0:40.941,270.0,Laurens VANTHOOR,,HYPERCAR,H,Porsche Penske Motorsport,Porsche,GF,22.860,29.922,40.941,
6,3,3,1:32.509,0,,22.756,0,29.316,0,40.437,0,177.6,5:05.292,15:35:05.292,0:22.756,0:29.316,0:40.437,284.2,Laurens VANTHOOR,,HYPERCAR,H,Porsche Penske Motorsport,Porsche,GF,22.756,29.316,40.437,
6,3,4,1:31.627,0,,22.574,0,28.918,0,40.135,1,179.3,6:36.919,15:36:36.919,0:22.574,0:28.918,0:40.135,296.7,Laurens VANTHOOR,,HYPERCAR,H,Porsche Penske Motorsport,Porsche,GF,22.574,28.918,40.135,
6,3,5,1:31.443,0,,22.298,0,28.867,0,40.278,0,179.6,8:08.362,15:38:08.362,0:22.298,0:28.867,0:40.278,301.7,Laurens VANTHOOR,,HYPERCAR,H,Porsche Penske Motorsport,Porsche,GF,22.298,28.867,40.278,
6,3,6,1:31.666,0,,22.386,0,28.557,2,40.723,0,179.2,9:40.028,15:39:40.028,0:22.386,0:28.557,0:40.723,305.9,Laurens VANTHOOR,,HYPERCAR,H,Porsche Penske Motorsport,Porsche,GF,22.386,28.557,40.723,
6,3,7,1:31.531,0,,22.248,2,28.663,0,40.620,0,179.5,11:11.559,15:41:11.559,0:22.248,0:28.663,0:40.620,308.6,Laurens VANTHOOR,,HYPERCAR,H,Porsche Penske Motorsport,Porsche,GF,22.248,28.663,40.620,
6,3,8,1:31.643,0,,22.365,0,28.902,0,40.376,0,179.2,12:43.202,15:42:43.202,0:22.365,0:28.902,0:40.376,288.8,Laurens VANTHOOR,,HYPERCAR,H,Porsche Penske Motorsport,Porsche,GF,22.365,28.902,40.376,
6,3,9,1:32.481,0,,22.790,0,28.832,0,40.859,0,177.6,14:15.683,15:44:15.683,0:22.790,0:28.832,0:40.859,283.5,Laurens VANTHOOR,,HYPERCAR,H,Porsche Penske Motorsport,Porsche,GF,22.790,28.832,40.859,
6,3,10,1:31.737,0,,22.369,0,28.741,0,40.627,0,179.1,15:47.420,15:45:47.420,0:22.369,0:28.741,0:40.627,290.3,Laurens VANTHOOR,,HYPERCAR,H,Porsche Penske Motorsport,Porsche,GF,22.369,28.741,40.627,
6,3,11,1:31.978,0,,22.352,0,28.573,0,41.053,0,178.6,17:19.398,15:47:19.398,0:22.352,0:28.573,0:41.053,288.0,Laurens VANTHOOR,,HYPERCAR,H,Porsche Penske Motorsport,Porsche,GF,22.352,28.573,41.053,
6,3,12,1:38.421,0,B,22.494,0,28.920,0,47.007,0,166.9,18:57.819,15:48:57.819,0:22.494,0:28.920,0:47.007,286.5,Laurens VANTHOOR,,HYPERCAR,H,Porsche Penske Motorsport,Porsche,GF,22.494,28.920,47.007,
6,3,13,17:13.129,0,,16:02.343,0,29.509,0,41.277,0,15.9,36:10.948,16:06:10.948,16:02.343,0:29.509,0:41.277,153.6,Laurens VANTHOOR,0:15:43.001,HYPERCAR,H,Porsche Penske Motorsport,Porsche,GF,962.343,29.509,41.277,
6,3,14,1:33.195,0,,23.253,0,29.590,0,40.352,0,176.3,37:44.143,16:07:44.143,0:23.253,0:29.590,0:40.352,281.2,Laurens VANTHOOR,,HYPERCAR,H,Porsche Penske Motorsport,Porsche,GF,23.253,29.590,40.352,
6,3,15,1:32.103,0,,22.434,0,28.953,0,40.716,0,178.4,39:16.246,16:09:16.246,0:22.434,0:28.953,0:40.716,289.5,Laurens VANTHOOR,,HYPERCAR,H,Porsche Penske Motorsport,Porsche,GF,22.434,28.953,40.716,
6,3,16,1:32.353,0,,22.526,0,28.900,0,40.927,0,177.9,40:48.599,16:10:48.599,0:22.526,0:28.900,0:40.927,290.3,Laurens VANTHOOR,,HYPERCAR,H,Porsche Penske Motorsport,Porsche,GF,22.526,28.900,40.927,
6,3,17,1:39.378,0,B,22.329,0,28.832,0,48.217,0,165.3,42:27.977,16:12:27.977,0:22.329,0:28.832,0:48.217,295.1,Laurens VANTHOOR,,HYPERCAR,H,Porsche Penske Motorsport,Porsche,GF,22.329,28.832,48.217,
6,3,18,10:16.923,0,,9:07.172,0,29.320,0,40.431,0,26.6,52:44.900,16:22:44.900,9:07.172,0:29.320,0:40.431,151.7,Laurens VANTHOOR,0:08:48.322,HYPERCAR,H,Porsche Penske Motorsport,Porsche,GF,547.172,29.320,40.431,
6,3,19,1:32.883,0,,22.592,0,29.083,0,41.208,0,176.9,54:17.783,16:24:17.783,0:22.592,0:29.083,0:41.208,288.0,Laurens VANTHOOR,,HYPERCAR,H,Porsche Penske Motorsport,Porsche,GF,22.592,29.083,41.208,
6,3,20,1:32.073,0,,22.491,0,28.956,0,40.626,0,178.4,55:49.856,16:25:49.856,0:22.491,0:28.956,0:40.626,289.5,Laurens VANTHOOR,,HYPERCAR,H,Porsche Penske Motorsport,Porsche,GF,22.491,28.956,40.626,
6,3,21,1:39.847,0,B,23.270,0,29.357,0,47.220,0,164.5,57:29.703,16:27:29.703,0:23.270,0:29.357,0:47.220,306.8,Laurens VANTHOOR,,HYPERCAR,H,Porsche Penske Motorsport,Porsche,GF,23.270,29.357,47.220,
6,1,22,2:53.597,0,,1:42.719,0,29.682,0,41.196,0,94.6,1:00:23.300,16:30:23.300,1:42.719,0:29.682,0:41.196,156.1,Kévin ESTRE,0:01:24.238,HYPERCAR,H,Porsche Penske Motorsport,Porsche,GF,102.719,29.682,41.196,
6,1,23,1:32.039,0,,22.756,0,28.811,0,40.472,0,178.5,1:01:55.339,16:31:55.339,0:22.756,0:28.811,0:40.472,310.3,Kévin ESTRE,,HYPERCAR,H,Porsche Penske Motorsport,Porsche,GF,22.756,28.811,40.472,
6,1,24,3:06.567,0,,43.337,0,1:07.115,0,1:16.115,0,88.0,1:05:01.906,16:35:01.906,0:43.337,1:07.115,1:16.115,80.5,Kévin ESTRE,,HYPERCAR,H,Porsche Penske Motorsport,Porsche,FCY,43.337,67.115,76.115,
6,1,25,2:10.807,0,,58.256,0,31.764,0,40.787,0,125.6,1:07:12.713,16:37:12.713,0:58.256,0:31.764,0:40.787,80.1,Kévin ESTRE,,HYPERCAR,H,Porsche Penske Motorsport,Porsche,GF,58.256,31.764,40.787,
6,1,26,1:31.236,2,,22.546,0,28.572,1,40.118,2,180.0,1:08:43.949,16:38:43.949,0:22.546,0:28.572,0:40.118,308.6,Kévin ESTRE,,HYPERCAR,H,Porsche Penske Motorsport,Porsche,GF,22.546,28.572,40.118,
6,1,27,1:31.723,0,,22.372,1,28.628,0,40.723,0,179.1,1:10:15.672,16:40:15.672,0:22.372,0:28.628,0:40.723,313.0,Kévin ESTRE,,HYPERCAR,H,Porsche Penske Motorsport,Porsche,GF,22.372,28.628,40.723,
6,1,28,1:31.632,0,,22.389,0,28.610,0,40.633,0,179.3,1:11:47.304,16:41:47.304,0:22.389,0:28.610,0:40.633,300.8,Kévin ESTRE,,HYPERCAR,H,Porsche Penske Motorsport,Porsche,GF,22.389,28.610,40.633,
6,1,29,1:33.514,0,,22.775,0,29.103,0,41.636,0,175.7,1:13:20.818,16:43:20.818,0:22.775,0:29.103,0:41.636,296.7,Kévin ESTRE,,HYPERCAR,H,Porsche Penske Motorsport,Porsche,GF,22.775,29.103,41.636,
6,1,30,1:34.830,0,,22.493,0,29.120,0,43.217,0,173.2,1:14:55.648,16:44:55.648,0:22.493,0:29.120,0:43.217,301.7,Kévin ESTRE,,HYPERCAR,H,Porsche Penske Motorsport,Porsche,GF,22.493,29.120,43.217,
6,1,31,1:37.862,0,B,22.628,0,29.031,0,46.203,0,167.9,1:16:33.510,16:46:33.510,0:22.628,0:29.031,0:46.203,308.6,Kévin ESTRE,,HYPERCAR,H,Porsche Penske Motorsport,Porsche,GF,22.628,29.031,46.203,
6,2,32,2:46.860,0,,1:35.381,0,30.134,0,41.345,0,98.4,1:19:20.370,16:49:20.370,1:35.381,0:30.134,0:41.345,157.0,André LOTTERER,0:01:16.052,HYPERCAR,H,Porsche Penske Motorsport,Porsche,GF,95.381,30.134,41.345,
6,2,33,1:32.441,0,,22.624,0,29.130,0,40.687,0,177.7,1:20:52.811,16:50:52.811,0:22.624,0:29.130,0:40.687,281.2,André LOTTERER,,HYPERCAR,H,Porsche Penske Motorsport,Porsche,GF,22.624,29.130,40.687,
6,2,34,1:32.181,0,,22.495,0,28.966,0,40.720,0,178.2,1:22:24.992,16:52:24.992,0:22.495,0:28.966,0:40.720,305.9,André LOTTERER,,HYPERCAR,H,Porsche Penske Motorsport,Porsche,GF,22.495,28.966,40.720,
6,2,35,1:34.803,0,,22.962,0,30.033,0,41.808,0,173.3,1:23:59.795,16:53:59.795,0:22.962,0:30.033,0:41.808,270.0,André LOTTERER,,HYPERCAR,H,Porsche Penske Motorsport,Porsche,GF,22.962,30.033,41.808,
6,2,36,1:32.117,0,,22.726,0,28.995,0,40.396,1,178.3,1:25:31.912,16:55:31.912,0:22.726,0:28.995,0:40.396,301.7,André LOTTERER,,HYPERCAR,H,Porsche Penske Motorsport,Porsche,GF,22.726,28.995,40.396,
6,2,37,1:33.354,0,,22.287,1,29.852,0,41.215,0,176.0,1:27:05.266,16:57:05.266,0:22.287,0:29.852,0:41.215,312.1,André LOTTERER,,HYPERCAR,H,Porsche Penske Motorsport,Porsche,GF,22.287,29.852,41.215,
6,2,38,1:32.127,0,,22.502,0,29.015,0,40.610,0,178.3,1:28:37.393,16:58:37.393,0:22.502,0:29.015,0:40.610,310.3,André LOTTERER,,HYPERCAR,H,Porsche Penske Motorsport,Porsche,GF,22.502,29.015,40.610,
6,2,39,1:32.172,0,,22.365,0,28.792,1,41.015,0,178.2,1:30:09.565,17:00:09.565,0:22.365,0:28.792,0:41.015,311.2,André LOTTERER,,HYPERCAR,H,Porsche Penske Motorsport,Porsche,FF,22.365,28.792,41.015,
60,3,1,2:46.786,0,,1:24.336,0,35.956,0,46.494,0,91.9,2:46.786,15:32:46.786,1:24.336,0:35.956,0:46.494,122.4,Alessio PICARIELLO,0:00:58.620,LMGTE Am,,Iron Lynx,Porsche,GF,84.336,35.956,46.494,
60,3,2,1:41.455,0,,25.694,0,32.107,0,43.654,0,161.9,4:28.241,15:34:28.241,0:25.694,0:32.107,0:43.654,248.3,Alessio PICARIELLO,,LMGTE Am,,Iron Lynx,Porsche,GF,25.694,32.107,43.654,
60,3,3,1:39.816,0,,25.027,0,31.399,0,43.390,0,164.6,6:08.057,15:36:08.057,0:25.027,0:31.399,0:43.390,264.1,Alessio PICARIELLO,,LMGTE Am,,Iron Lynx,Porsche,GF,25.027,31.399,43.390,
60,3,4,1:39.925,0,,24.829,0,31.357,0,43.739,0,164.4,7:47.982,15:37:47.982,0:24.829,0:31.357,0:43.739,262.8,Alessio PICARIELLO,,LMGTE Am,,Iron Lynx,Porsche,GF,24.829,31.357,43.739,
60,3,5,1:39.751,0,,24.740,0,31.377,0,43.634,0,164.7,9:27.733,15:39:27.733,0:24.740,0:31.377,0:43.634,262.8,Alessio PICARIELLO,,LMGTE Am,,Iron Lynx,Porsche,GF,24.740,31.377,43.634,
60,3,6,1:45.716,0,B,24.890,0,31.351,0,49.475,0,155.4,11:13.449,15:41:13.449,0:24.890,0:31.351,0:49.475,264.1,Alessio PICARIELLO,,LMGTE Am,,Iron Lynx,Porsche,GF,24.890,31.351,49.475,
60,3,7,2:38.123,0,,1:20.299,0,33.068,0,44.756,0,103.9,13:51.572,15:43:51.572,1:20.299,0:33.068,0:44.756,136.2,Alessio PICARIELLO,0:00:58.265,LMGTE Am,,Iron Lynx,Porsche,GF,80.299,33.068,44.756,
60,3,8,1:41.487,0,,24.675,2,33.078,0,43.734,0,161.9,15:33.059,15:45:33.059,0:24.675,0:33.078,0:43.734,265.4,Alessio PICARIELLO,,LMGTE Am,,Iron Lynx,Porsche,GF,24.675,33.078,43.734,
60,3,9,1:39.554,0,,24.742,0,31.348,0,43.464,0,165.0,17:12.613,15:47:12.613,0:24.742,0:31.348,0:43.464,265.4,Alessio PICARIELLO,,LMGTE Am,,Iron Lynx,Porsche,GF,24.742,31.348,43.464,
60,3,10,1:39.552,0,,24.745,0,31.269,0,43.538,0,165.0,18:52.165,15:48:52.165,0:24.745,0:31.269,0:43.538,262.8,Alessio PICARIELLO,,LMGTE Am,,Iron Lynx,Porsche,GF,24.745,31.269,43.538,
60,3,11,1:40.531,0,,25.148,0,31.520,0,43.863,0,163.4,20:32.696,15:50:32.696,0:25.148,0:31.520,0:43.863,262.1,Alessio PICARIELLO,,LMGTE Am,,Iron Lynx,Porsche,GF,25.148,31.520,43.863,
60,3,12,1:39.615,0,,24.736,0,31.259,2,43.620,0,164.9,22:12.311,15:52:12.311,0:24.736,0:31.259,0:43.620,264.1,Alessio PICARIELLO,,LMGTE Am,,Iron Lynx,Porsche,GF,24.736,31.259,43.620,
60,3,13,1:47.450,0,B,25.142,0,31.518,0,50.790,0,152.9,23:59.761,15:53:59.761,0:25.142,0:31.518,0:50.790,254.7,Alessio PICARIELLO,,LMGTE Am,,Iron Lynx,Porsche,GF,25.142,31.518,50.790,
60,3,14,7:30.859,0,,6:14.842,0,32.319,0,43.698,0,36.4,31:30.620,16:01:30.620,6:14.842,0:32.319,0:43.698,138.3,Alessio PICARIELLO,0:05:54.582,LMGTE Am,,Iron Lynx,Porsche,GF,374.842,32.319,43.698,
60,3,15,1:40.027,0,,24.896,0,31.451,0,43.680,0,164.2,33:10.647,16:03:10.647,0:24.896,0:31.451,0:43.680,265.4,Alessio PICARIELLO,,LMGTE Am,,Iron Lynx,Porsche,GF,24.896,31.451,43.680,
60,3,16,1:39.344,2,,24.745,0,31.301,0,43.298,2,165.4,34:49.991,16:04:49.991,0:24.745,0:31.301,0:43.298,264.1,Alessio PICARIELLO,,LMGTE Am,,Iron Lynx,Porsche,GF,24.745,31.301,43.298,
60,3,17,1:39.850,0,,24.843,0,31.319,0,43.688,0,164.5,36:29.841,16:06:29.841,0:24.843,0:31.319,0:43.688,263.4,Alessio PICARIELLO,,LMGTE Am,,Iron Lynx,Porsche,GF,24.843,31.319,43.688,
60,3,18,1:45.774,0,B,24.751,0,31.351,0,49.672,0,155.3,38:15.615,16:08:15.615,0:24.751,0:31.351,0:49.672,264.7,Alessio PICARIELLO,,LMGTE Am,,Iron Lynx,Porsche,GF,24.751,31.351,49.672,
60,1,19,4:21.569,0,,2:59.910,0,35.027,0,46.632,0,62.8,42:37.184,16:12:37.184,2:59.910,0:35.027,0:46.632,133.0,Claudio SCHIAVONI,0:02:37.988,LMGTE Am,,Iron Lynx,Porsche,GF,179.910,35.027,46.632,
60,1,20,1:46.958,0,,25.963,0,33.535,0,47.460,0,153.6,44:24.142,16:14:24.142,0:25.963,0:33.535,0:47.460,258.4,Claudio SCHIAVONI,,LMGTE Am,,Iron Lynx,Porsche,GF,25.963,33.535,47.460,
60,1,21,1:47.576,0,,26.275,0,35.188,0,46.113,0,152.7,46:11.718,16:16:11.718,0:26.275,0:35.188,0:46.113,255.3,Claudio SCHIAVONI,,LMGTE Am,,Iron Lynx,Porsche,GF,26.275,35.188,46.113,
60,1,22,1:46.885,0,,26.028,0,33.792,0,47.065,0,153.7,47:58.603,16:17:58.603,0:26.028,0:33.792,0:47.065,260.2,Claudio SCHIAVONI,,LMGTE Am,,Iron Lynx,Porsche,GF,26.028,33.792,47.065,
60,1,23,1:47.645,0,,27.476,0,33.817,0,46.352,0,152.6,49:46.248,16:19:46.248,0:27.476,0:33.817,0:46.352,211.4,Claudio SCHIAVONI,,LMGTE Am,,Iron Lynx,Porsche,GF,27.476,33.817,46.352,
60,1,24,1:45.822,0,,26.642,0,33.518,0,45.662,0,155.2,51:32.070,16:21:32.070,0:26.642,0:33.518,0:45.662,235.8,Claudio SCHIAVONI,,LMGTE Am,,Iron Lynx,Porsche,GF,26.642,33.518,45.662,
60,1,25,1:44.907,0,,25.732,0,33.514,1,45.661,0,156.6,53:16.977,16:23:16.977,0:25.732,0:33.514,0:45.661,262.8,Claudio SCHIAVONI,,LMGTE Am,,Iron Lynx,Porsche,GF,25.732,33.514,45.661,
60,1,26,1:45.039,0,,25.764,0,33.760,0,45.515,1,156.4,55:02.016,16:25:02.016,0:25.764,0:33.760,0:45.515,260.2,Claudio SCHIAVONI,,LMGTE Am,,Iron Lynx,Porsche,GF,25.764,33.760,45.515,
60,1,27,1:47.704,0,,25.646,0,34.448,0,47.610,0,152.5,56:49.720,16:26:49.720,0:25.646,0:34.448,0:47.610,262.1,Claudio SCHIAVONI,,LMGTE Am,,Iron Lynx,Porsche,GF,25.646,34.448,47.610,
60,1,28,1:46.829,0,,25.576,1,34.895,0,46.358,0,153.8,58:36.549,16:28:36.549,0:25.576,0:34.895,0:46.358,264.1,Claudio SCHIAVONI,,LMGTE Am,,Iron Lynx,Porsche,GF,25.576,34.895,46.358,
60,1,29,1:45.736,0,,25.865,0,33.876,0,45.995,0,155.4,1:00:22.285,16:30:22.285,0:25.865,0:33.876,0:45.995,263.4,Claudio SCHIAVONI,,LMGTE Am,,Iron Lynx,Porsche,GF,25.865,33.876,45.995,
60,1,30,2:01.501,0,,26.243,0,35.234,0,1:00.024,0,135.2,1:02:23.786,16:32:23.786,0:26.243,0:35.234,1:00.024,261.5,Claudio SCHIAVONI,,LMGTE Am,,Iron Lynx,Porsche,FCY,26.243,35.234,60.024,
60,1,31,3:25.718,0,B,58.594,0,1:07.380,0,1:19.744,0,79.9,1:05:49.504,16:35:49.504,0:58.594,1:07.380,1:19.744,79.9,Claudio SCHIAVONI,,LMGTE Am,,Iron Lynx,Porsche,FCY,58.594,67.380,79.744,
60,2,32,5:25.061,0,,4:09.122,0,32.194,0,43.745,0,50.5,1:11:14.565,16:41:14.565,4:09.122,0:32.194,0:43.745,133.8,Matteo CRESSONI,0:03:47.873,LMGTE Am,,Iron Lynx,Porsche,GF,249.122,32.194,43.745,
60,2,33,1:40.103,0,,24.951,0,31.770,0,43.382,0,164.1,1:12:54.668,16:42:54.668,0:24.951,0:31.770,0:43.382,266.0,Matteo CRESSONI,,LMGTE Am,,Iron Lynx,Porsche,GF,24.951,31.770,43.382,
60,2,34,1:39.631,0,,24.793,0,31.323,1,43.515,0,164.9,1:14:34.299,16:44:34.299,0:24.793,0:31.323,0:43.515,266.7,Matteo CRESSONI,,LMGTE Am,,Iron Lynx,Porsche,GF,24.793,31.323,43.515,
60,2,35,1:40.057,0,,24.754,1,31.460,0,43.843,0,164.2,1:16:14.356,16:46:14.356,0:24.754,0:31.460,0:43.843,266.0,Matteo CRESSONI,,LMGTE Am,,Iron Lynx,Porsche,GF,24.754,31.460,43.843,
60,2,36,1:41.220,0,,25.210,0,32.177,0,43.833,0,162.3,1:17:55.576,16:47:55.576,0:25.210,0:32.177,0:43.833,252.3,Matteo CRESSONI,,LMGTE Am,,Iron Lynx,Porsche,GF,25.210,32.177,43.833,
60,2,37,1:46.628,0,B,24.807,0,31.644,0,50.177,0,154.1,1:19:42.204,16:49:42.204,0:24.807,0:31.644,0:50.177,266.7,Matteo CRESSONI,,LMGTE Am,,Iron Lynx,Porsche,GF,24.807,31.644,50.177,
60,2,38,4:21.793,0,,3:06.174,0,31.832,0,43.787,0,62.7,1:24:03.997,16:54:03.997,3:06.174,0:31.832,0:43.787,140.6,Matteo CRESSONI,0:02:45.753,LMGTE Am,,Iron Lynx,Porsche,GF,186.174,31.832,43.787,
60,2,39,1:39.793,0,,24.780,0,31.553,0,43.460,0,164.6,1:25:43.790,16:55:43.790,0:24.780,0:31.553,0:43.460,269.3,Matteo CRESSONI,,LMGTE Am,,Iron Lynx,Porsche,GF,24.780,31.553,43.460,
60,2,40,1:39.804,0,,24.806,0,31.664,0,43.334,1,164.6,1:27:23.594,16:57:23.594,0:24.806,0:31.664,0:43.334,269.3,Matteo CRESSONI,,LMGTE Am,,Iron Lynx,Porsche,GF,24.806,31.664,43.334,
60,2,41,1:39.873,0,,24.768,0,31.463,0,43.642,0,164.5,1:29:03.467,16:59:03.467,0:24.768,0:31.463,0:43.642,266.0,Matteo CRESSONI,,LMGTE Am,,Iron Lynx,Porsche,GF,24.768,31.463,43.642,
60,2,42,1:40.259,0,,24.913,0,31.545,0,43.801,0,163.8,1:30:43.726,17:00:43.726,0:24.913,0:31.545,0:43.801,257.1,Matteo CRESSONI,,LMGTE Am,,Iron Lynx,Porsche,FF,24.913,31.545,43.801,
63,2,1,2:28.814,0,,1:06.869,0,36.135,0,45.810,0,103.0,2:28.814,15:32:28.814,1:06.869,0:36.135,0:45.810,118.2,Andrea CALDARELLI,0:00:40.350,LMP2,,Prema Racing,Oreca,GF,66.869,36.135,45.810,
63,2,2,1:42.070,0,,25.553,0,32.039,0,44.478,0,160.9,4:10.884,15:34:10.884,0:25.553,0:32.039,0:44.478,233.3,Andrea CALDARELLI,,LMP2,,Prema Racing,Oreca,GF,25.553,32.039,44.478,
63,2,3,1:35.480,0,,24.093,0,29.761,0,41.626,0,172.0,5:46.364,15:35:46.364,0:24.093,0:29.761,0:41.626,276.2,Andrea CALDARELLI,,LMP2,,Prema Racing,Oreca,GF,24.093,29.761,41.626,
63,2,4,1:35.275,0,,23.769,0,29.910,0,41.596,2,172.4,7:21.639,15:37:21.639,0:23.769,0:29.910,0:41.596,282.7,Andrea CALDARELLI,,LMP2,,Prema Racing,Oreca,GF,23.769,29.910,41.596,
63,2,5,1:35.474,0,,23.560,0,30.272,0,41.642,0,172.1,8:57.113,15:38:57.113,0:23.560,0:30.272,0:41.642,284.2,Andrea CALDARELLI,,LMP2,,Prema Racing,Oreca,GF,23.560,30.272,41.642,
63,2,6,1:36.154,0,,23.557,2,29.729,0,42.868,0,170.8,10:33.267,15:40:33.267,0:23.557,0:29.729,0:42.868,282.7,Andrea CALDARELLI,,LMP2,,Prema Racing,Oreca,GF,23.557,29.729,42.868,
63,2,7,1:34.935,0,,23.974,0,29.589,1,41.372,0,173.0,12:08.202,15:42:08.202,0:23.974,0:29.589,0:41.372,282.0,Andrea CALDARELLI,,LMP2,,Prema Racing,Oreca,GF,23.974,29.589,41.372,
63,2,8,1:41.259,0,B,23.721,0,29.797,0,47.741,0,162.2,13:49.461,15:43:49.461,0:23.721,0:29.797,0:47.741,282.0,Andrea CALDARELLI,,LMP2,,Prema Racing,Oreca,GF,23.721,29.797,47.741,
63,3,9,3:04.382,0,,1:48.725,0,32.523,0,43.134,0,89.1,16:53.843,15:46:53.843,1:48.725,0:32.523,0:43.134,140.4,Daniil KVYAT,0:01:28.460,LMP2,,Prema Racing,Oreca,GF,108.725,32.523,43.134,
63,3,10,1:38.351,0,,24.143,0,31.549,0,42.659,0,167.0,18:32.194,15:48:32.194,0:24.143,0:31.549,0:42.659,283.5,Daniil KVYAT,,LMP2,,Prema Racing,Oreca,GF,24.143,31.549,42.659,
63,3,11,1:37.093,0,,24.060,0,30.362,0,42.671,0,169.2,20:09.287,15:50:09.287,0:24.060,0:30.362,0:42.671,282.0,Daniil KVYAT,,LMP2,,Prema Racing,Oreca,GF,24.060,30.362,42.671,
63,3,12,1:35.847,0,,23.858,0,30.151,0,41.838,0,171.4,21:45.134,15:51:45.134,0:23.858,0:30.151,0:41.838,285.0,Daniil KVYAT,,LMP2,,Prema Racing,Oreca,GF,23.858,30.151,41.838,
63,3,13,1:35.809,0,,23.678,0,29.758,0,42.373,0,171.5,23:20.943,15:53:20.943,0:23.678,0:29.758,0:42.373,283.5,Daniil KVYAT,,LMP2,,Prema Racing,Oreca,GF,23.678,29.758,42.373,
63,3,14,1:35.934,0,,23.874,0,30.061,0,41.999,0,171.2,24:56.877,15:54:56.877,0:23.874,0:30.061,0:41.999,282.7,Daniil KVYAT,,LMP2,,Prema Racing,Oreca,GF,23.874,30.061,41.999,
63,3,15,1:40.411,0,,24.497,0,31.764,0,44.150,0,163.6,26:37.288,15:56:37.288,0:24.497,0:31.764,0:44.150,283.5,Daniil KVYAT,,LMP2,,Prema Racing,Oreca,GF,24.497,31.764,44.150,
63,3,16,1:37.991,0,,24.012,0,30.557,0,43.422,0,167.6,28:15.279,15:58:15.279,0:24.012,0:30.557,0:43.422,282.7,Daniil KVYAT,,LMP2,,Prema Racing,Oreca,GF,24.012,30.557,43.422,
63,3,17,1:35.743,0,,23.808,0,29.913,0,42.022,0,171.6,29:51.022,15:59:51.022,0:23.808,0:29.913,0:42.022,281.2,Daniil KVYAT,,LMP2,,Prema Racing,Oreca,GF,23.808,29.913,42.022,
63,3,18,1:42.679,0,B,23.928,0,30.535,0,48.216,0,160.0,31:33.701,16:01:33.701,0:23.928,0:30.535,0:48.216,283.5,Daniil KVYAT,,LMP2,,Prema Racing,Oreca,GF,23.928,30.535,48.216,
63,1,19,4:10.737,0,,2:56.362,0,31.743,0,42.632,0,65.5,35:44.438,16:05:44.438,2:56.362,0:31.743,0:42.632,146.1,Doriane PIN,0:02:35.765,LMP2,,Prema Racing,Oreca,GF,176.362,31.743,42.632,
63,1,20,1:38.664,0,,24.516,0,31.777,0,42.371,0,166.5,37:23.102,16:07:23.102,0:24.516,0:31.777,0:42.371,256.5,Doriane PIN,,LMP2,,Prema Racing,Oreca,GF,24.516,31.777,42.371,
63,1,21,1:37.968,0,,24.059,0,30.979,0,42.930,0,167.7,39:01.070,16:09:01.070,0:24.059,0:30.979,0:42.930,274.8,Doriane PIN,,LMP2,,Prema Racing,Oreca,GF,24.059,30.979,42.930,
63,1,22,1:37.162,0,,23.995,0,30.886,0,42.281,0,169.1,40:38.232,16:10:38.232,0:23.995,0:30.886,0:42.281,282.7,Doriane PIN,,LMP2,,Prema Racing,Oreca,GF,23.995,30.886,42.281,
63,1,23,1:37.392,0,,23.909,0,30.797,0,42.686,0,168.7,42:15.624,16:12:15.624,0:23.909,0:30.797,0:42.686,283.5,Doriane PIN,,LMP2,,Prema Racing,Oreca,GF,23.909,30.797,42.686,
63,1,24,1:37.023,0,,23.985,0,30.585,0,42.453,0,169.3,43:52.647,16:13:52.647,0:23.985,0:30.585,0:42.453,285.0,Doriane PIN,,LMP2,,Prema Racing,Oreca,GF,23.985,30.585,42.453,
63,1,25,1:37.506,0,,24.488,0,30.825,0,42.193,0,168.5,45:30.153,16:15:30.153,0:24.488,0:30.825,0:42.193,287.2,Doriane PIN,,LMP2,,Prema Racing,Oreca,GF,24.488,30.825,42.193,
63,1,26,1:36.308,0,,24.084,0,30.253,0,41.971,0,170.6,47:06.461,16:17:06.461,0:24.084,0:30.253,0:41.971,284.2,Doriane PIN,,LMP2,,Prema Racing,Oreca,GF,24.084,30.253,41.971,
63,1,27,1:36.006,0,,23.749,1,30.178,0,42.079,0,171.1,48:42.467,16:18:42.467,0:23.749,0:30.178,0:42.079,285.7,Doriane PIN,,LMP2,,Prema Racing,Oreca,GF,23.749,30.178,42.079,
63,1,28,1:43.269,0,B,24.041,0,30.900,0,48.328,0,159.1,50:25.736,16:20:25.736,0:24.041,0:30.900,0:48.328,284.2,Doriane PIN,,LMP2,,Prema Racing,Oreca,GF,24.041,30.900,48.328,
63,1,29,5:31.136,0,,4:18.607,0,30.406,0,42.123,0,49.6,55:56.872,16:25:56.872,4:18.607,0:30.406,0:42.123,146.9,Doriane PIN,0:03:59.539,LMP2,,Prema Racing,Oreca,GF,258.607,30.406,42.123,
63,1,30,1:37.183,0,,24.214,0,31.075,0,41.894,0,169.0,57:34.055,16:27:34.055,0:24.214,0:31.075,0:41.894,283.5,Doriane PIN,,LMP2,,Prema Racing,Oreca,GF,24.214,31.075,41.894,
63,1,31,1:36.370,0,,23.774,0,30.766,0,41.830,1,170.5,59:10.425,16:29:10.425,0:23.774,0:30.766,0:41.830,283.5,Doriane PIN,,LMP2,,Prema Racing,Oreca,GF,23.774,30.766,41.830,
63,1,32,1:36.227,0,,24.142,0,29.964,0,42.121,0,170.7,1:00:46.652,16:30:46.652,0:24.142,0:29.964,0:42.121,283.5,Doriane PIN,,LMP2,,Prema Racing,Oreca,GF,24.142,29.964,42.121,
63,1,33,2:03.160,0,,23.843,0,29.984,0,1:09.333,0,133.4,1:02:49.812,16:32:49.812,0:23.843,0:29.984,1:09.333,286.5,Doriane PIN,,LMP2,,Prema Racing,Oreca,FCY,23.843,29.984,69.333,
63,1,34,3:17.727,0,,58.450,0,1:07.802,0,1:11.475,0,83.1,1:06:07.539,16:36:07.539,0:58.450,1:07.802,1:11.475,79.9,Doriane PIN,,LMP2,,Prema Racing,Oreca,GF,58.450,67.802,71.475,
63,1,35,1:41.783,0,,26.821,0,31.049,0,43.913,0,161.4,1:07:49.322,16:37:49.322,0:26.821,0:31.049,0:43.913,219.1,Doriane PIN,,LMP2,,Prema Racing,Oreca,GF,26.821,31.049,43.913,
63,1,36,1:41.663,0,B,23.935,0,29.892,1,47.836,0,161.6,1:09:30.985,16:39:30.985,0:23.935,0:29.892,0:47.836,283.5,Doriane PIN,,LMP2,,Prema Racing,Oreca,GF,23.935,29.892,47.836,
63,3,37,7:09.305,0,,5:47.767,0,35.749,0,45.789,0,38.3,1:16:40.290,16:46:40.290,5:47.767,0:35.749,0:45.789,120.3,Daniil KVYAT,0:05:23.455,LMP2,,Prema Racing,Oreca,GF,347.767,35.749,45.789,
63,3,38,1:44.851,0,,25.202,0,31.755,0,47.894,0,156.7,1:18:25.141,16:48:25.141,0:25.202,0:31.755,0:47.894,264.1,Daniil KVYAT,,LMP2,,Prema Racing,Oreca,GF,25.202,31.755,47.894,
63,3,39,1:35.632,0,,23.739,0,30.134,0,41.759,0,171.8,1:20:00.773,16:50:00.773,0:23.739,0:30.134,0:41.759,285.0,Daniil KVYAT,,LMP2,,Prema Racing,Oreca,GF,23.739,30.134,41.759,
63,3,40,1:35.049,0,,23.590,1,29.823,0,41.636,1,172.8,1:21:35.822,16:51:35.822,0:23.590,0:29.823,0:41.636,285.0,Daniil KVYAT,,LMP2,,Prema Racing,Oreca,GF,23.590,29.823,41.636,
63,3,41,1:46.928,0,,23.936,0,33.523,0,49.469,0,153.6,1:23:22.750,16:53:22.750,0:23.936,0:33.523,0:49.469,288.0,Daniil KVYAT,,LMP2,,Prema Racing,Oreca,GF,23.936,33.523,49.469,
63,3,42,1:35.193,0,,23.643,0,29.816,0,41.734,0,172.6,1:24:57.943,16:54:57.943,0:23.643,0:29.816,0:41.734,285.7,Daniil KVYAT,,LMP2,,Prema Racing,Oreca,GF,23.643,29.816,41.734,
63,3,43,1:34.659,2,,23.593,0,29.418,2,41.648,0,173.5,1:26:32.602,16:56:32.602,0:23.593,0:29.418,0:41.648,287.2,Daniil KVYAT,,LMP2,,Prema Racing,Oreca,GF,23.593,29.418,41.648,
63,3,44,1:44.038,0,,24.169,0,29.723,0,50.146,0,157.9,1:28:16.640,16:58:16.640,0:24.169,0:29.723,0:50.146,289.5,Daniil KVYAT,,LMP2,,Prema Racing,Oreca,GF,24.169,29.723,50.146,
63,3,45,1:35.354,0,,23.700,0,29.792,0,41.862,0,172.3,1:29:51.994,16:59:51.994,0:23.700,0:29.792,0:41.862,285.7,Daniil KVYAT,,LMP2,,Prema Racing,Oreca,GF,23.700,29.792,41.862,
63,3,46,1:36.604,0,,23.771,0,30.397,0,42.436,0,170.0,1:31:28.598,17:01:28.598,0:23.771,0:30.397,0:42.436,286.5,Daniil KVYAT,,LMP2,,Prema Racing,Oreca,FF,23.771,30.397,42.436,
7,2,1,1:52.641,0,,37.228,0,32.773,0,42.640,0,136.0,1:52.641,15:31:52.641,0:37.228,0:32.773,0:42.640,121.5,Kamui KOBAYASHI,0:00:11.795,HYPERCAR,H,Toyota Gazoo Racing,Toyota,GF,37.228,32.773,42.640,
7,2,2,1:35.566,0,,23.669,0,29.931,0,41.966,0,171.9,3:28.207,15:33:28.207,0:23.669,0:29.931,0:41.966,272.7,Kamui KOBAYASHI,,HYPERCAR,H,Toyota Gazoo Racing,Toyota,GF,23.669,29.931,41.966,
7,2,3,1:33.189,0,,22.230,0,29.389,0,41.570,0,176.3,5:01.396,15:35:01.396,0:22.230,0:29.389,0:41.570,305.9,Kamui KOBAYASHI,,HYPERCAR,H,Toyota Gazoo Racing,Toyota,GF,22.230,29.389,41.570,
7,2,4,1:30.120,2,,22.024,3,28.231,0,39.865,1,182.3,6:31.516,15:36:31.516,0:22.024,0:28.231,0:39.865,311.2,Kamui KOBAYASHI,,HYPERCAR,H,Toyota Gazoo Racing,Toyota,GF,22.024,28.231,39.865,
7,2,5,1:30.430,0,,22.254,0,28.122,2,40.054,0,181.7,8:01.946,15:38:01.946,0:22.254,0:28.122,0:40.054,296.7,Kamui KOBAYASHI,,HYPERCAR,H,Toyota Gazoo Racing,Toyota,GF,22.254,28.122,40.054,
7,2,6,1:31.370,0,,22.372,0,28.543,0,40.455,0,179.8,9:33.316,15:39:33.316,0:22.372,0:28.543,0:40.455,295.9,Kamui KOBAYASHI,,HYPERCAR,H,Toyota Gazoo Racing,Toyota,GF,22.372,28.543,40.455,
7,2,7,1:31.662,0,,22.383,0,28.847,0,40.432,0,179.2,11:04.978,15:41:04.978,0:22.383,0:28.847,0:40.432,293.5,Kamui KOBAYASHI,,HYPERCAR,H,Toyota Gazoo Racing,Toyota,GF,22.383,28.847,40.432,
7,2,8,1:40.351,0,B,22.510,0,28.844,0,48.997,0,163.7,12:45.329,15:42:45.329,0:22.510,0:28.844,0:48.997,293.5,Kamui KOBAYASHI,,HYPERCAR,H,Toyota Gazoo Racing,Toyota,GF,22.510,28.844,48.997,
7,2,9,7:04.849,0,,5:53.950,0,29.292,0,41.607,0,38.7,19:50.178,15:49:50.178,5:53.950,0:29.292,0:41.607,144.2,Kamui KOBAYASHI,0:05:34.578,HYPERCAR,H,Toyota Gazoo Racing,Toyota,GF,353.950,29.292,41.607,
7,2,10,1:31.416,0,,22.439,0,28.583,0,40.394,0,179.7,21:21.594,15:51:21.594,0:22.439,0:28.583,0:40.394,292.7,Kamui KOBAYASHI,,HYPERCAR,H,Toyota Gazoo Racing,Toyota,GF,22.439,28.583,40.394,
7,2,11,1:31.842,0,,22.417,0,28.720,0,40.705,0,178.9,22:53.436,15:52:53.436,0:22.417,0:28.720,0:40.705,292.7,Kamui KOBAYASHI,,HYPERCAR,H,Toyota Gazoo Racing,Toyota,GF,22.417,28.720,40.705,
7,2,12,1:31.285,0,,22.378,0,28.501,0,40.406,0,180.0,24:24.721,15:54:24.721,0:22.378,0:28.501,0:40.406,295.9,Kamui KOBAYASHI,,HYPERCAR,H,Toyota Gazoo Racing,Toyota,GF,22.378,28.501,40.406,
7,2,13,1:31.640,0,,22.513,0,28.640,0,40.487,0,179.3,25:56.361,15:55:56.361,0:22.513,0:28.640,0:40.487,296.7,Kamui KOBAYASHI,,HYPERCAR,H,Toyota Gazoo Racing,Toyota,GF,22.513,28.640,40.487,
7,2,14,1:31.654,0,,22.409,0,28.542,0,40.703,0,179.2,27:28.015,15:57:28.015,0:22.409,0:28.542,0:40.703,295.9,Kamui KOBAYASHI,,HYPERCAR,H,Toyota Gazoo Racing,Toyota,GF,22.409,28.542,40.703,
7,2,15,1:32.021,0,,22.418,0,28.958,0,40.645,0,178.5,29:00.036,15:59:00.036,0:22.418,0:28.958,0:40.645,297.5,Kamui KOBAYASHI,,HYPERCAR,H,Toyota Gazoo Racing,Toyota,GF,22.418,28.958,40.645,
7,2,16,1:36.984,0,B,22.454,0,28.808,0,45.722,0,169.4,30:37.020,16:00:37.020,0:22.454,0:28.808,0:45.722,296.7,Kamui KOBAYASHI,,HYPERCAR,H,Toyota Gazoo Racing,Toyota,GF,22.454,28.808,45.722,
7,1,17,3:00.972,0,,1:50.938,0,29.242,0,40.792,0,90.8,33:37.992,16:03:37.992,1:50.938,0:29.242,0:40.792,162.7,Mike CONWAY,0:01:32.750,HYPERCAR,H,Toyota Gazoo Racing,Toyota,GF,110.938,29.242,40.792,
7,1,18,1:32.353,0,,22.714,0,29.075,0,40.564,0,177.9,35:10.345,16:05:10.345,0:22.714,0:29.075,0:40.564,293.5,Mike CONWAY,,HYPERCAR,H,Toyota Gazoo Racing,Toyota,GF,22.714,29.075,40.564,
7,1,19,1:31.826,0,,22.639,0,28.634,0,40.553,0,178.9,36:42.171,16:06:42.171,0:22.639,0:28.634,0:40.553,295.1,Mike CONWAY,,HYPERCAR,H,Toyota Gazoo Racing,Toyota,GF,22.639,28.634,40.553,
7,1,20,1:32.275,0,,22.477,0,29.124,0,40.674,0,178.0,38:14.446,16:08:14.446,0:22.477,0:29.124,0:40.674,295.9,Mike CONWAY,,HYPERCAR,H,Toyota Gazoo Racing,Toyota,GF,22.477,29.124,40.674,
7,1,21,1:32.018,0,,22.467,1,29.033,0,40.518,0,178.5,39:46.464,16:09:46.464,0:22.467,0:29.033,0:40.518,297.5,Mike CONWAY,,HYPERCAR,H,Toyota Gazoo Racing,Toyota,GF,22.467,29.033,40.518,
7,1,22,1:32.380,0,,22.689,0,28.830,0,40.861,0,177.8,41:18.844,16:11:18.844,0:22.689,0:28.830,0:40.861,289.5,Mike CONWAY,,HYPERCAR,H,Toyota Gazoo Racing,Toyota,GF,22.689,28.830,40.861,
7,1,23,1:33.967,0,,22.816,0,29.533,0,41.618,0,174.8,42:52.811,16:12:52.811,0:22.816,0:29.533,0:41.618,292.7,Mike CONWAY,,HYPERCAR,H,Toyota Gazoo Racing,Toyota,GF,22.816,29.533,41.618,
7,1,24,1:37.472,0,B,22.572,0,29.192,0,45.708,0,168.5,44:30.283,16:14:30.283,0:22.572,0:29.192,0:45.708,290.3,Mike CONWAY,,HYPERCAR,H,Toyota Gazoo Racing,Toyota,GF,22.572,29.192,45.708,
7,1,25,7:12.701,0,,6:01.819,0,29.626,0,41.256,0,38.0,51:42.984,16:21:42.984,6:01.819,0:29.626,0:41.256,160.5,Mike CONWAY,0:05:41.356,HYPERCAR,H,Toyota Gazoo Racing,Toyota,GF,361.819,29.626,41.256,
7,1,26,1:32.247,0,,22.716,0,28.898,0,40.633,0,178.1,53:15.231,16:23:15.231,0:22.716,0:28.898,0:40.633,286.5,Mike CONWAY,,HYPERCAR,H,Toyota Gazoo Racing,Toyota,GF,22.716,28.898,40.633,
7,1,27,1:32.052,0,,22.668,0,28.811,0,40.573,0,178.5,54:47.283,16:24:47.283,0:22.668,0:28.811,0:40.573,285.0,Mike CONWAY,,HYPERCAR,H,Toyota Gazoo Racing,Toyota,GF,22.668,28.811,40.573,
7,1,28,1:31.380,0,,22.498,0,28.552,1,40.330,1,179.8,56:18.663,16:26:18.663,0:22.498,0:28.552,0:40.330,286.5,Mike CONWAY,,HYPERCAR,H,Toyota Gazoo Racing,Toyota,GF,22.498,28.552,40.330,
7,1,29,1:32.429,0,,22.602,0,28.910,0,40.917,0,177.7,57:51.092,16:27:51.092,0:22.602,0:28.910,0:40.917,282.7,Mike CONWAY,,HYPERCAR,H,Toyota Gazoo Racing,Toyota,GF,22.602,28.910,40.917,
7,1,30,1:32.513,0,,22.578,0,29.415,0,40.520,0,177.6,59:23.605,16:29:23.605,0:22.578,0:29.415,0:40.520,285.0,Mike CONWAY,,HYPERCAR,H,Toyota Gazoo Racing,Toyota,GF,22.578,29.415,40.520,
7,1,31,1:31.779,0,,22.576,0,28.790,0,40.413,0,179.0,1:00:55.384,16:30:55.384,0:22.576,0:28.790,0:40.413,283.5,Mike CONWAY,,HYPERCAR,H,Toyota Gazoo Racing,Toyota,GF,22.576,28.790,40.413,
7,1,32,2:02.106,0,B,22.700,0,28.721,0,1:10.685,0,134.5,1:02:57.490,16:32:57.490,0:22.700,0:28.721,1:10.685,285.0,Mike CONWAY,,HYPERCAR,H,Toyota Gazoo Racing,Toyota,FCY,22.700,28.721,70.685,
7,3,33,4:06.354,0,,2:41.342,0,44.143,0,40.869,0,66.7,1:07:03.844,16:37:03.844,2:41.342,0:44.143,0:40.869,79.8,Jose Maria LOPEZ,0:02:05.108,HYPERCAR,H,Toyota Gazoo Racing,Toyota,GF,161.342,44.143,40.869,
7,3,34,1:32.488,0,,22.618,0,29.452,0,40.418,0,177.6,1:08:36.332,16:38:36.332,0:22.618,0:29.452,0:40.418,298.3,Jose Maria LOPEZ,,HYPERCAR,H,Toyota Gazoo Racing,Toyota,GF,22.618,29.452,40.418,
7,3,35,1:31.828,0,,22.743,0,28.813,0,40.272,0,178.9,1:10:08.160,16:40:08.160,0:22.743,0:28.813,0:40.272,285.0,Jose Maria LOPEZ,,HYPERCAR,H,Toyota Gazoo Racing,Toyota,GF,22.743,28.813,40.272,
7,3,36,1:32.316,0,,22.660,0,29.149,0,40.507,0,177.9,1:11:40.476,16:41:40.476,0:22.660,0:29.149,0:40.507,286.5,Jose Maria LOPEZ,,HYPERCAR,H,Toyota Gazoo Racing,Toyota,GF,22.660,29.149,40.507,
7,3,37,1:32.441,0,,22.482,0,29.102,0,40.857,0,177.7,1:13:12.917,16:43:12.917,0:22.482,0:29.102,0:40.857,287.2,Jose Maria LOPEZ,,HYPERCAR,H,Toyota Gazoo Racing,Toyota,GF,22.482,29.102,40.857,
7,3,38,1:37.227,0,B,22.472,0,29.022,0,45.733,0,169.0,1:14:50.144,16:44:50.144,0:22.472,0:29.022,0:45.733,288.0,Jose Maria LOPEZ,,HYPERCAR,H,Toyota Gazoo Racing,Toyota,GF,22.472,29.022,45.733,
7,3,39,2:40.372,0,,1:24.941,0,32.819,0,42.612,0,102.4,1:17:30.516,16:47:30.516,1:24.941,0:32.819,0:42.612,123.9,Jose Maria LOPEZ,0:01:02.389,HYPERCAR,H,Toyota Gazoo Racing,Toyota,GF,84.941,32.819,42.612,
7,3,40,1:32.776,0,,23.341,0,29.324,0,40.111,0,177.1,1:19:03.292,16:49:03.292,0:23.341,0:29.324,0:40.111,277.6,Jose Maria LOPEZ,,HYPERCAR,H,Toyota Gazoo Racing,Toyota,GF,23.341,29.324,40.111,
7,3,41,1:30.992,0,,22.438,0,28.706,0,39.848,0,180.5,1:20:34.284,16:50:34.284,0:22.438,0:28.706,0:39.848,285.0,Jose Maria LOPEZ,,HYPERCAR,H,Toyota Gazoo Racing,Toyota,GF,22.438,28.706,39.848,
7,3,42,1:30.829,0,,22.365,0,28.466,0,39.998,0,180.9,1:22:05.113,16:52:05.113,0:22.365,0:28.466,0:39.998,285.7,Jose Maria LOPEZ,,HYPERCAR,H,Toyota Gazoo Racing,Toyota,GF,22.365,28.466,39.998,
7,3,43,1:30.861,0,,22.318,0,28.676,0,39.867,0,180.8,1:23:35.974,16:53:35.974,0:22.318,0:28.676,0:39.867,288.8,Jose Maria LOPEZ,,HYPERCAR,H,Toyota Gazoo Racing,Toyota,GF,22.318,28.676,39.867,
7,3,44,1:30.466,0,,22.411,0,28.230,0,39.825,2,181.6,1:25:06.440,16:55:06.440,0:22.411,0:28.230,0:39.825,288.8,Jose Maria LOPEZ,,HYPERCAR,H,Toyota Gazoo Racing,Toyota,GF,22.411,28.230,39.825,
7,3,45,1:30.733,0,,22.277,0,28.352,0,40.104,0,181.0,1:26:37.173,16:56:37.173,0:22.277,0:28.352,0:40.104,288.8,Jose Maria LOPEZ,,HYPERCAR,H,Toyota Gazoo Racing,Toyota,GF,22.277,28.352,40.104,
7,3,46,1:30.702,0,,22.216,0,28.539,0,39.947,0,181.1,1:28:07.875,16:58:07.875,0:22.216,0:28.539,0:39.947,290.3,Jose Maria LOPEZ,,HYPERCAR,H,Toyota Gazoo Racing,Toyota,GF,22.216,28.539,39.947,
7,3,47,1:30.298,0,,22.169,1,28.194,1,39.935,0,181.9,1:29:38.173,16:59:38.173,0:22.169,0:28.194,0:39.935,289.5,Jose Maria LOPEZ,,HYPERCAR,H,Toyota Gazoo Racing,Toyota,GF,22.169,28.194,39.935,
7,3,48,1:30.839,0,,22.250,0,28.439,0,40.150,0,180.8,1:31:09.012,17:01:09.012,0:22.250,0:28.439,0:40.150,291.1,Jose Maria LOPEZ,,HYPERCAR,H,Toyota Gazoo Racing,Toyota,FF,22.250,28.439,40.150,
77,3,1,2:40.949,0,,1:16.162,0,37.000,0,47.787,0,95.2,2:40.949,15:32:40.949,1:16.162,0:37.000,0:47.787,128.6,Julien ANDLAUER,0:00:49.366,LMGTE Am,,Dempsey - Proton Racing,Porsche,GF,76.162,37.000,47.787,
77,3,2,1:42.790,0,,25.865,0,32.907,0,44.018,0,159.8,4:23.739,15:34:23.739,0:25.865,0:32.907,0:44.018,246.6,Julien ANDLAUER,,LMGTE Am,,Dempsey - Proton Racing,Porsche,GF,25.865,32.907,44.018,
77,3,3,1:40.273,0,,25.151,0,31.829,0,43.293,0,163.8,6:04.012,15:36:04.012,0:25.151,0:31.829,0:43.293,261.5,Julien ANDLAUER,,LMGTE Am,,Dempsey - Proton Racing,Porsche,GF,25.151,31.829,43.293,
77,3,4,1:39.522,0,,24.908,0,31.590,0,43.024,2,165.1,7:43.534,15:37:43.534,0:24.908,0:31.590,0:43.024,263.4,Julien ANDLAUER,,LMGTE Am,,Dempsey - Proton Racing,Porsche,GF,24.908,31.590,43.024,
77,3,5,1:38.932,0,,24.613,2,31.214,0,43.105,0,166.0,9:22.466,15:39:22.466,0:24.613,0:31.214,0:43.105,264.1,Julien ANDLAUER,,LMGTE Am,,Dempsey - Proton Racing,Porsche,GF,24.613,31.214,43.105,
77,3,6,1:39.157,0,,24.785,0,31.159,0,43.213,0,165.7,11:01.623,15:41:01.623,0:24.785,0:31.159,0:43.213,263.4,Julien ANDLAUER,,LMGTE Am,,Dempsey - Proton Racing,Porsche,GF,24.785,31.159,43.213,
77,3,7,1:39.233,0,,24.670,0,31.230,0,43.333,0,165.5,12:40.856,15:42:40.856,0:24.670,0:31.230,0:43.333,264.1,Julien ANDLAUER,,LMGTE Am,,Dempsey - Proton Racing,Porsche,GF,24.670,31.230,43.333,
77,3,8,1:39.600,0,,24.764,0,31.514,0,43.322,0,164.9,14:20.456,15:44:20.456,0:24.764,0:31.514,0:43.322,263.4,Julien ANDLAUER,,LMGTE Am,,Dempsey - Proton Racing,Porsche,GF,24.764,31.514,43.322,
77,3,9,1:38.864,2,,24.702,0,31.021,2,43.141,0,166.2,15:59.320,15:45:59.320,0:24.702,0:31.021,0:43.141,265.4,Julien ANDLAUER,,LMGTE Am,,Dempsey - Proton Racing,Porsche,GF,24.702,31.021,43.141,
77,3,10,1:46.218,0,B,24.764,0,31.549,0,49.905,0,154.7,17:45.538,15:47:45.538,0:24.764,0:31.549,0:49.905,265.4,Julien ANDLAUER,,LMGTE Am,,Dempsey - Proton Racing,Porsche,GF,24.764,31.549,49.905,
77,1,11,4:03.626,0,,2:44.994,0,33.422,0,45.210,0,67.4,21:49.164,15:51:49.164,2:44.994,0:33.422,0:45.210,138.6,Christian RIED,0:02:21.997,LMGTE Am,,Dempsey - Proton Racing,Porsche,GF,164.994,33.422,45.210,
77,1,12,1:42.572,0,,25.524,0,32.586,0,44.462,0,160.1,23:31.736,15:53:31.736,0:25.524,0:32.586,0:44.462,242.7,Christian RIED,,LMGTE Am,,Dempsey - Proton Racing,Porsche,GF,25.524,32.586,44.462,
77,1,13,1:43.263,0,,25.471,0,32.827,0,44.965,0,159.1,25:14.999,15:55:14.999,0:25.471,0:32.827,0:44.965,263.4,Christian RIED,,LMGTE Am,,Dempsey - Proton Racing,Porsche,GF,25.471,32.827,44.965,
77,1,14,1:43.755,0,,25.363,0,32.611,0,45.781,0,158.3,26:58.754,15:56:58.754,0:25.363,0:32.611,0:45.781,261.5,Christian RIED,,LMGTE Am,,Dempsey - Proton Racing,Porsche,GF,25.363,32.611,45.781,
77,1,15,1:44.013,0,,25.787,0,32.971,0,45.255,0,157.9,28:42.767,15:58:42.767,0:25.787,0:32.971,0:45.255,259.0,Christian RIED,,LMGTE Am,,Dempsey - Proton Racing,Porsche,GF,25.787,32.971,45.255,
77,1,16,1:42.687,0,,25.435,0,32.770,0,44.482,0,160.0,30:25.454,16:00:25.454,0:25.435,0:32.770,0:44.482,260.9,Christian RIED,,LMGTE Am,,Dempsey - Proton Racing,Porsche,GF,25.435,32.770,44.482,
77,1,17,1:42.261,0,,25.286,0,32.353,0,44.622,0,160.6,32:07.715,16:02:07.715,0:25.286,0:32.353,0:44.622,264.7,Christian RIED,,LMGTE Am,,Dempsey - Proton Racing,Porsche,GF,25.286,32.353,44.622,
77,1,18,1:42.096,0,,25.363,0,32.391,0,44.342,0,160.9,33:49.811,16:03:49.811,0:25.363,0:32.391,0:44.342,262.8,Christian RIED,,LMGTE Am,,Dempsey - Proton Racing,Porsche,GF,25.363,32.391,44.342,
77,1,19,1:41.958,0,,25.214,0,32.294,0,44.450,0,161.1,35:31.769,16:05:31.769,0:25.214,0:32.294,0:44.450,262.8,Christian RIED,,LMGTE Am,,Dempsey - Proton Racing,Porsche,GF,25.214,32.294,44.450,
77,1,20,1:53.053,0,B,25.657,0,34.281,0,53.115,0,145.3,37:24.822,16:07:24.822,0:25.657,0:34.281,0:53.115,263.4,Christian RIED,,LMGTE Am,,Dempsey - Proton Racing,Porsche,GF,25.657,34.281,53.115,
77,2,21,5:55.211,0,,4:38.536,0,32.411,0,44.264,0,46.2,43:20.033,16:13:20.033,4:38.536,0:32.411,0:44.264,137.6,Mikkel PEDERSEN,0:04:18.220,LMGTE Am,,Dempsey - Proton Racing,Porsche,GF,278.536,32.411,44.264,
77,2,22,1:40.768,0,,25.030,0,31.867,0,43.871,0,163.0,45:00.801,16:15:00.801,0:25.030,0:31.867,0:43.871,266.0,Mikkel PEDERSEN,,LMGTE Am,,Dempsey - Proton Racing,Porsche,GF,25.030,31.867,43.871,
77,2,23,1:40.639,0,,24.841,1,31.961,0,43.837,0,163.2,46:41.440,16:16:41.440,0:24.841,0:31.961,0:43.837,264.1,Mikkel PEDERSEN,,LMGTE Am,,Dempsey - Proton Racing,Porsche,GF,24.841,31.961,43.837,
77,2,24,1:42.958,0,,24.973,0,32.370,0,45.615,0,159.5,48:24.398,16:18:24.398,0:24.973,0:32.370,0:45.615,264.7,Mikkel PEDERSEN,,LMGTE Am,,Dempsey - Proton Racing,Porsche,GF,24.973,32.370,45.615,
77,2,25,1:40.080,0,,24.948,0,31.597,1,43.535,0,164.1,50:04.478,16:20:04.478,0:24.948,0:31.597,0:43.535,263.4,Mikkel PEDERSEN,,LMGTE Am,,Dempsey - Proton Racing,Porsche,GF,24.948,31.597,43.535,
77,2,26,1:40.712,0,,24.907,0,31.753,0,44.052,0,163.1,51:45.190,16:21:45.190,0:24.907,0:31.753,0:44.052,264.7,Mikkel PEDERSEN,,LMGTE Am,,Dempsey - Proton Racing,Porsche,GF,24.907,31.753,44.052,
77,2,27,1:40.672,0,,24.875,0,32.142,0,43.655,1,163.2,53:25.862,16:23:25.862,0:24.875,0:32.142,0:43.655,267.3,Mikkel PEDERSEN,,LMGTE Am,,Dempsey - Proton Racing,Porsche,GF,24.875,32.142,43.655,
77,2,28,1:40.628,0,,25.042,0,31.852,0,43.734,0,163.2,55:06.490,16:25:06.490,0:25.042,0:31.852,0:43.734,263.4,Mikkel PEDERSEN,,LMGTE Am,,Dempsey - Proton Racing,Porsche,GF,25.042,31.852,43.734,
77,2,29,1:41.816,0,,24.910,0,31.663,0,45.243,0,161.3,56:48.306,16:26:48.306,0:24.910,0:31.663,0:45.243,265.4,Mikkel PEDERSEN,,LMGTE Am,,Dempsey - Proton Racing,Porsche,GF,24.910,31.663,45.243,
77,2,30,1:46.158,0,B,24.948,0,31.787,0,49.423,0,154.7,58:34.464,16:28:34.464,0:24.948,0:31.787,0:49.423,265.4,Mikkel PEDERSEN,,LMGTE Am,,Dempsey - Proton Racing,Porsche,GF,24.948,31.787,49.423,
77,1,31,3:21.378,0,,1:58.048,0,36.329,0,47.001,0,81.6,1:01:55.842,16:31:55.842,1:58.048,0:36.329,0:47.001,134.2,Christian RIED,0:01:36.348,LMGTE Am,,Dempsey - Proton Racing,Porsche,GF,118.048,36.329,47.001,
77,1,32,3:08.841,0,,45.287,0,1:07.349,0,1:16.205,0,87.0,1:05:04.683,16:35:04.683,0:45.287,1:07.349,1:16.205,78.5,Christian RIED,,LMGTE Am,,Dempsey - Proton Racing,Porsche,FCY,45.287,67.349,76.205,
77,1,33,2:15.080,0,,58.097,0,32.815,0,44.168,0,121.6,1:07:19.763,16:37:19.763,0:58.097,0:32.815,0:44.168,79.6,Christian RIED,,LMGTE Am,,Dempsey - Proton Racing,Porsche,GF,58.097,32.815,44.168,
77,1,34,1:42.125,0,,25.196,0,32.708,0,44.221,0,160.8,1:09:01.888,16:39:01.888,0:25.196,0:32.708,0:44.221,263.4,Christian RIED,,LMGTE Am,,Dempsey - Proton Racing,Porsche,GF,25.196,32.708,44.221,
77,1,35,1:40.843,0,,25.006,0,31.925,0,43.912,0,162.9,1:10:42.731,16:40:42.731,0:25.006,0:31.925,0:43.912,265.4,Christian RIED,,LMGTE Am,,Dempsey - Proton Racing,Porsche,GF,25.006,31.925,43.912,
77,1,36,1:43.846,0,,25.273,0,31.755,0,46.818,0,158.2,1:12:26.577,16:42:26.577,0:25.273,0:31.755,0:46.818,261.5,Christian RIED,,LMGTE Am,,Dempsey - Proton Racing,Porsche,GF,25.273,31.755,46.818,
77,1,37,1:41.111,0,,25.215,0,31.799,0,44.097,0,162.5,1:14:07.688,16:44:07.688,0:25.215,0:31.799,0:44.097,264.1,Christian RIED,,LMGTE Am,,Dempsey - Proton Racing,Porsche,GF,25.215,31.799,44.097,
77,1,38,1:41.194,0,,25.180,0,32.008,0,44.006,0,162.3,1:15:48.882,16:45:48.882,0:25.180,0:32.008,0:44.006,264.7,Christian RIED,,LMGTE Am,,Dempsey - Proton Racing,Porsche,GF,25.180,32.008,44.006,
77,1,39,1:40.917,0,,25.330,0,31.819,0,43.768,0,162.8,1:17:29.799,16:47:29.799,0:25.330,0:31.819,0:43.768,266.7,Christian RIED,,LMGTE Am,,Dempsey - Proton Racing,Porsche,GF,25.330,31.819,43.768,
77,1,40,1:40.969,0,,25.260,0,31.631,1,44.078,0,162.7,1:19:10.768,16:49:10.768,0:25.260,0:31.631,0:44.078,261.5,Christian RIED,,LMGTE Am,,Dempsey - Proton Racing,Porsche,GF,25.260,31.631,44.078,
77,1,41,1:40.792,0,,25.176,0,31.650,0,43.966,0,163.0,1:20:51.560,16:50:51.560,0:25.176,0:31.650,0:43.966,265.4,Christian RIED,,LMGTE Am,,Dempsey - Proton Racing,Porsche,GF,25.176,31.650,43.966,
77,1,42,1:41.211,0,,25.171,0,31.958,0,44.082,0,162.3,1:22:32.771,16:52:32.771,0:25.171,0:31.958,0:44.082,265.4,Christian RIED,,LMGTE Am,,Dempsey - Proton Racing,Porsche,GF,25.171,31.958,44.082,
77,1,43,1:41.699,0,,25.787,0,32.209,0,43.703,1,161.5,1:24:14.470,16:54:14.470,0:25.787,0:32.209,0:43.703,266.7,Christian RIED,,LMGTE Am,,Dempsey - Proton Racing,Porsche,GF,25.787,32.209,43.703,
77,1,44,1:40.395,0,,24.913,1,31.762,0,43.720,0,163.6,1:25:54.865,16:55:54.865,0:24.913,0:31.762,0:43.720,267.3,Christian RIED,,LMGTE Am,,Dempsey - Proton Racing,Porsche,GF,24.913,31.762,43.720,
77,1,45,1:40.469,0,,24.940,0,31.744,0,43.785,0,163.5,1:27:35.334,16:57:35.334,0:24.940,0:31.744,0:43.785,266.7,Christian RIED,,LMGTE Am,,Dempsey - Proton Racing,Porsche,GF,24.940,31.744,43.785,
77,1,46,1:40.908,0,,25.116,0,31.935,0,43.857,0,162.8,1:29:16.242,16:59:16.242,0:25.116,0:31.935,0:43.857,266.7,Christian RIED,,LMGTE Am,,Dempsey - Proton Racing,Porsche,GF,25.116,31.935,43.857,
77,1,47,1:52.329,0,B,26.016,0,33.991,0,52.322,0,146.2,1:31:08.571,17:01:08.571,0:26.016,0:33.991,0:52.322,266.7,Christian RIED,,LMGTE Am,,Dempsey - Proton Racing,Porsche,FF,26.016,33.991,52.322,
777,3,1,5:13.499,0,,3:43.308,0,40.780,0,49.411,0,48.9,5:13.499,15:35:13.499,3:43.308,0:40.780,0:49.411,102.3,Tomonobu FUJII,0:03:15.099,LMGTE Am,,D'Station Racing,Aston Martin,GF,223.308,40.780,49.411,
777,3,2,1:50.945,0,,28.663,0,34.685,0,47.597,0,148.1,7:04.444,15:37:04.444,0:28.663,0:34.685,0:47.597,197.8,Tomonobu FUJII,,LMGTE Am,,D'Station Racing,Aston Martin,GF,28.663,34.685,47.597,
777,3,3,1:46.890,0,,27.881,0,33.282,0,45.727,0,153.7,8:51.334,15:38:51.334,0:27.881,0:33.282,0:45.727,244.9,Tomonobu FUJII,,LMGTE Am,,D'Station Racing,Aston Martin,GF,27.881,33.282,45.727,
777,3,4,1:43.292,0,,25.513,0,31.765,0,46.014,0,159.0,10:34.626,15:40:34.626,0:25.513,0:31.765,0:46.014,254.7,Tomonobu FUJII,,LMGTE Am,,D'Station Racing,Aston Martin,GF,25.513,31.765,46.014,
777,3,5,1:42.302,0,,25.263,0,31.995,0,45.044,0,160.6,12:16.928,15:42:16.928,0:25.263,0:31.995,0:45.044,260.2,Tomonobu FUJII,,LMGTE Am,,D'Station Racing,Aston Martin,GF,25.263,31.995,45.044,
777,3,6,1:39.789,0,,24.958,0,31.365,0,43.466,0,164.6,13:56.717,15:43:56.717,0:24.958,0:31.365,0:43.466,262.1,Tomonobu FUJII,,LMGTE Am,,D'Station Racing,Aston Martin,GF,24.958,31.365,43.466,
777,3,7,1:39.492,0,,24.864,0,31.290,0,43.338,0,165.1,15:36.209,15:45:36.209,0:24.864,0:31.290,0:43.338,262.8,Tomonobu FUJII,,LMGTE Am,,D'Station Racing,Aston Martin,GF,24.864,31.290,43.338,
777,3,8,1:39.406,0,,24.820,0,31.427,0,43.159,0,165.2,17:15.615,15:47:15.615,0:24.820,0:31.427,0:43.159,264.7,Tomonobu FUJII,,LMGTE Am,,D'Station Racing,Aston Martin,GF,24.820,31.427,43.159,
777,3,9,1:39.354,0,,24.803,0,31.264,0,43.287,0,165.3,18:54.969,15:48:54.969,0:24.803,0:31.264,0:43.287,264.1,Tomonobu FUJII,,LMGTE Am,,D'Station Racing,Aston Martin,GF,24.803,31.264,43.287,
777,3,10,1:46.571,0,B,25.542,0,31.417,0,49.612,0,154.1,20:41.540,15:50:41.540,0:25.542,0:31.417,0:49.612,237.4,Tomonobu FUJII,,LMGTE Am,,D'Station Racing,Aston Martin,GF,25.542,31.417,49.612,
777,2,11,3:25.623,0,,2:09.861,0,31.938,0,43.824,0,79.9,24:07.163,15:54:07.163,2:09.861,0:31.938,0:43.824,136.5,Casper STEVENSON,0:01:49.386,LMGTE Am,,D'Station Racing,Aston Martin,GF,129.861,31.938,43.824,
777,2,12,1:39.679,0,,24.855,0,31.472,0,43.352,0,164.8,25:46.842,15:55:46.842,0:24.855,0:31.472,0:43.352,264.1,Casper STEVENSON,,LMGTE Am,,D'Station Racing,Aston Martin,GF,24.855,31.472,43.352,
777,2,13,1:40.454,0,,25.487,0,31.560,0,43.407,0,163.5,27:27.296,15:57:27.296,0:25.487,0:31.560,0:43.407,264.7,Casper STEVENSON,,LMGTE Am,,D'Station Racing,Aston Martin,GF,25.487,31.560,43.407,
777,2,14,1:39.277,0,,24.869,0,31.140,0,43.268,0,165.5,29:06.573,15:59:06.573,0:24.869,0:31.140,0:43.268,266.0,Casper STEVENSON,,LMGTE Am,,D'Station Racing,Aston Martin,GF,24.869,31.140,43.268,
777,2,15,1:39.319,0,,24.660,0,31.202,0,43.457,0,165.4,30:45.892,16:00:45.892,0:24.660,0:31.202,0:43.457,264.7,Casper STEVENSON,,LMGTE Am,,D'Station Racing,Aston Martin,GF,24.660,31.202,43.457,
777,2,16,1:46.980,0,,26.887,0,33.579,0,46.514,0,153.6,32:32.872,16:02:32.872,0:26.887,0:33.579,0:46.514,265.4,Casper STEVENSON,,LMGTE Am,,D'Station Racing,Aston Martin,GF,26.887,33.579,46.514,
777,2,17,1:40.025,0,,25.028,0,31.518,0,43.479,0,164.2,34:12.897,16:04:12.897,0:25.028,0:31.518,0:43.479,261.5,Casper STEVENSON,,LMGTE Am,,D'Station Racing,Aston Martin,GF,25.028,31.518,43.479,
777,2,18,1:39.151,0,,24.869,0,31.187,0,43.095,0,165.7,35:52.048,16:05:52.048,0:24.869,0:31.187,0:43.095,267.3,Casper STEVENSON,,LMGTE Am,,D'Station Racing,Aston Martin,GF,24.869,31.187,43.095,
777,2,19,1:43.958,0,B,24.701,0,31.265,0,47.992,0,158.0,37:36.006,16:07:36.006,0:24.701,0:31.265,0:47.992,266.0,Casper STEVENSON,,LMGTE Am,,D'Station Racing,Aston Martin,GF,24.701,31.265,47.992,
777,1,20,3:35.508,0,,2:17.422,0,33.186,0,44.900,0,76.2,41:11.514,16:11:11.514,2:17.422,0:33.186,0:44.900,137.9,Satoshi HOSHINO,0:01:55.979,LMGTE Am,,D'Station Racing,Aston Martin,GF,137.422,33.186,44.900,
777,1,21,1:41.823,0,,25.275,0,32.206,0,44.342,0,161.3,42:53.337,16:12:53.337,0:25.275,0:32.206,0:44.342,261.5,Satoshi HOSHINO,,LMGTE Am,,D'Station Racing,Aston Martin,GF,25.275,32.206,44.342,
777,1,22,1:41.608,0,,25.173,0,32.310,0,44.125,0,161.7,44:34.945,16:14:34.945,0:25.173,0:32.310,0:44.125,266.7,Satoshi HOSHINO,,LMGTE Am,,D'Station Racing,Aston Martin,GF,25.173,32.310,44.125,
777,1,23,1:42.368,0,,25.662,0,32.268,0,44.438,0,160.5,46:17.313,16:16:17.313,0:25.662,0:32.268,0:44.438,252.3,Satoshi HOSHINO,,LMGTE Am,,D'Station Racing,Aston Martin,GF,25.662,32.268,44.438,
777,1,24,1:41.394,0,,25.079,0,32.014,0,44.301,0,162.0,47:58.707,16:17:58.707,0:25.079,0:32.014,0:44.301,264.1,Satoshi HOSHINO,,LMGTE Am,,D'Station Racing,Aston Martin,GF,25.079,32.014,44.301,
777,1,25,1:50.236,0,B,25.485,0,32.466,0,52.285,0,149.0,49:48.943,16:19:48.943,0:25.485,0:32.466,0:52.285,261.5,Satoshi HOSHINO,,LMGTE Am,,D'Station Racing,Aston Martin,GF,25.485,32.466,52.285,
777,1,26,3:15.080,0,,1:53.657,0,35.222,0,46.201,0,84.2,53:04.023,16:23:04.023,1:53.657,0:35.222,0:46.201,122.7,Satoshi HOSHINO,0:01:30.027,LMGTE Am,,D'Station Racing,Aston Martin,GF,113.657,35.222,46.201,
777,1,27,1:43.522,0,,25.724,0,32.757,0,45.041,0,158.7,54:47.545,16:24:47.545,0:25.724,0:32.757,0:45.041,257.1,Satoshi HOSHINO,,LMGTE Am,,D'Station Racing,Aston Martin,GF,25.724,32.757,45.041,
777,1,28,1:42.979,0,,25.215,0,32.095,0,45.669,0,159.5,56:30.524,16:26:30.524,0:25.215,0:32.095,0:45.669,263.4,Satoshi HOSHINO,,LMGTE Am,,D'Station Racing,Aston Martin,GF,25.215,32.095,45.669,
777,1,29,1:40.591,0,,25.069,0,31.864,1,43.658,1,163.3,58:11.115,16:28:11.115,0:25.069,0:31.864,0:43.658,264.7,Satoshi HOSHINO,,LMGTE Am,,D'Station Racing,Aston Martin,GF,25.069,31.864,43.658,
777,1,30,1:41.801,0,,24.798,1,32.755,0,44.248,0,161.4,59:52.916,16:29:52.916,0:24.798,0:32.755,0:44.248,267.3,Satoshi HOSHINO,,LMGTE Am,,D'Station Racing,Aston Martin,GF,24.798,32.755,44.248,
777,1,31,1:41.061,0,,24.982,0,31.882,0,44.197,0,162.5,1:01:33.977,16:31:33.977,0:24.982,0:31.882,0:44.197,264.1,Satoshi HOSHINO,,LMGTE Am,,D'Station Racing,Aston Martin,GF,24.982,31.882,44.197,
777,1,32,2:53.128,0,B,25.595,0,1:06.588,0,1:20.945,0,94.9,1:04:27.105,16:34:27.105,0:25.595,1:06.588,1:20.945,263.4,Satoshi HOSHINO,,LMGTE Am,,D'Station Racing,Aston Martin,FCY,25.595,66.588,80.945,
777,3,33,4:15.321,0,,2:57.949,0,33.523,0,43.849,0,64.3,1:08:42.426,16:38:42.426,2:57.949,0:33.523,0:43.849,93.3,Tomonobu FUJII,0:02:26.623,LMGTE Am,,D'Station Racing,Aston Martin,GF,177.949,33.523,43.849,
777,3,34,1:40.588,0,,25.198,0,31.805,0,43.585,0,163.3,1:10:23.014,16:40:23.014,0:25.198,0:31.805,0:43.585,262.8,Tomonobu FUJII,,LMGTE Am,,D'Station Racing,Aston Martin,GF,25.198,31.805,43.585,
777,3,35,1:41.413,0,,24.682,0,33.176,0,43.555,0,162.0,1:12:04.427,16:42:04.427,0:24.682,0:33.176,0:43.555,263.4,Tomonobu FUJII,,LMGTE Am,,D'Station Racing,Aston Martin,GF,24.682,33.176,43.555,
777,3,36,1:39.223,0,,24.785,0,31.257,1,43.181,0,165.6,1:13:43.650,16:43:43.650,0:24.785,0:31.257,0:43.181,264.1,Tomonobu FUJII,,LMGTE Am,,D'Station Racing,Aston Martin,GF,24.785,31.257,43.181,
777,3,37,1:39.631,0,,24.897,0,31.519,0,43.215,0,164.9,1:15:23.281,16:45:23.281,0:24.897,0:31.519,0:43.215,266.7,Tomonobu FUJII,,LMGTE Am,,D'Station Racing,Aston Martin,GF,24.897,31.519,43.215,
777,3,38,1:40.504,0,,24.799,0,31.468,0,44.237,0,163.4,1:17:03.785,16:47:03.785,0:24.799,0:31.468,0:44.237,266.0,Tomonobu FUJII,,LMGTE Am,,D'Station Racing,Aston Martin,GF,24.799,31.468,44.237,
777,3,39,1:38.964,0,,24.655,1,31.273,0,43.036,1,166.0,1:18:42.749,16:48:42.749,0:24.655,0:31.273,0:43.036,268.7,Tomonobu FUJII,,LMGTE Am,,D'Station Racing,Aston Martin,GF,24.655,31.273,43.036,
777,3,40,1:47.081,0,B,24.772,0,32.128,0,50.181,0,153.4,1:20:29.830,16:50:29.830,0:24.772,0:32.128,0:50.181,268.0,Tomonobu FUJII,,LMGTE Am,,D'Station Racing,Aston Martin,GF,24.772,32.128,50.181,
777,2,41,3:43.627,0,,2:28.355,0,31.745,0,43.527,0,73.5,1:24:13.457,16:54:13.457,2:28.355,0:31.745,0:43.527,139.0,Casper STEVENSON,0:02:07.615,LMGTE Am,,D'Station Racing,Aston Martin,GF,148.355,31.745,43.527,
777,2,42,1:38.931,0,,24.715,0,31.233,0,42.983,2,166.0,1:25:52.388,16:55:52.388,0:24.715,0:31.233,0:42.983,268.0,Casper STEVENSON,,LMGTE Am,,D'Station Racing,Aston Martin,GF,24.715,31.233,42.983,
777,2,43,1:38.901,2,,24.695,0,31.127,2,43.079,0,166.1,1:27:31.289,16:57:31.289,0:24.695,0:31.127,0:43.079,268.7,Casper STEVENSON,,LMGTE Am,,D'Station Racing,Aston Martin,GF,24.695,31.127,43.079,
777,2,44,1:39.529,0,,24.602,2,31.215,0,43.712,0,165.0,1:29:10.818,16:59:10.818,0:24.602,0:31.215,0:43.712,268.7,Casper STEVENSON,,LMGTE Am,,D'Station Racing,Aston Martin,GF,24.602,31.215,43.712,
777,2,45,1:39.086,0,,24.690,0,31.151,0,43.245,0,165.8,1:30:49.904,17:00:49.904,0:24.690,0:31.151,0:43.245,268.7,Casper STEVENSON,,LMGTE Am,,D'Station Racing,Aston Martin,FF,24.690,31.151,43.245,
8,1,1,1:50.941,0,,32.862,0,34.620,0,43.459,0,138.1,1:50.941,15:31:50.941,0:32.862,0:34.620,0:43.459,124.1,Sébastien BUEMI,0:00:07.891,HYPERCAR,H,Toyota Gazoo Racing,Toyota,GF,32.862,34.620,43.459,
8,1,2,1:34.188,0,,24.075,0,30.069,0,40.044,0,174.4,3:25.129,15:33:25.129,0:24.075,0:30.069,0:40.044,242.7,Sébastien BUEMI,,HYPERCAR,H,Toyota Gazoo Racing,Toyota,GF,24.075,30.069,40.044,
8,1,3,1:30.568,0,,22.487,0,28.750,0,39.331,0,181.4,4:55.697,15:34:55.697,0:22.487,0:28.750,0:39.331,298.3,Sébastien BUEMI,,HYPERCAR,H,Toyota Gazoo Racing,Toyota,GF,22.487,28.750,39.331,
8,1,4,1:29.523,3,,22.110,2,28.090,3,39.323,3,183.5,6:25.220,15:36:25.220,0:22.110,0:28.090,0:39.323,307.7,Sébastien BUEMI,,HYPERCAR,H,Toyota Gazoo Racing,Toyota,GF,22.110,28.090,39.323,
8,1,5,1:30.732,0,,22.470,0,28.217,0,40.045,0,181.0,7:55.952,15:37:55.952,0:22.470,0:28.217,0:40.045,284.2,Sébastien BUEMI,,HYPERCAR,H,Toyota Gazoo Racing,Toyota,GF,22.470,28.217,40.045,
8,1,6,1:30.832,0,,22.423,0,28.334,0,40.075,0,180.8,9:26.784,15:39:26.784,0:22.423,0:28.334,0:40.075,286.5,Sébastien BUEMI,,HYPERCAR,H,Toyota Gazoo Racing,Toyota,GF,22.423,28.334,40.075,
8,1,7,1:31.321,0,,22.519,0,28.669,0,40.133,0,179.9,10:58.105,15:40:58.105,0:22.519,0:28.669,0:40.133,285.7,Sébastien BUEMI,,HYPERCAR,H,Toyota Gazoo Racing,Toyota,GF,22.519,28.669,40.133,
8,1,8,1:31.170,0,,22.440,0,28.607,0,40.123,0,180.2,12:29.275,15:42:29.275,0:22.440,0:28.607,0:40.123,285.0,Sébastien BUEMI,,HYPERCAR,H,Toyota Gazoo Racing,Toyota,GF,22.440,28.607,40.123,
8,1,9,1:31.126,0,,22.389,0,28.551,0,40.186,0,180.3,14:00.401,15:44:00.401,0:22.389,0:28.551,0:40.186,292.7,Sébastien BUEMI,,HYPERCAR,H,Toyota Gazoo Racing,Toyota,GF,22.389,28.551,40.186,
8,1,10,1:32.415,0,,22.641,0,28.773,0,41.001,0,177.8,15:32.816,15:45:32.816,0:22.641,0:28.773,0:41.001,293.5,Sébastien BUEMI,,HYPERCAR,H,Toyota Gazoo Racing,Toyota,GF,22.641,28.773,41.001,
8,1,11,1:31.959,0,,22.434,0,28.849,0,40.676,0,178.6,17:04.775,15:47:04.775,0:22.434,0:28.849,0:40.676,291.9,Sébastien BUEMI,,HYPERCAR,H,Toyota Gazoo Racing,Toyota,GF,22.434,28.849,40.676,
8,1,12,1:31.599,0,,22.544,0,28.822,0,40.233,0,179.3,18:36.374,15:48:36.374,0:22.544,0:28.822,0:40.233,284.2,Sébastien BUEMI,,HYPERCAR,H,Toyota Gazoo Racing,Toyota,GF,22.544,28.822,40.233,
8,1,13,1:32.487,0,,22.652,0,29.138,0,40.697,0,177.6,20:08.861,15:50:08.861,0:22.652,0:29.138,0:40.697,297.5,Sébastien BUEMI,,HYPERCAR,H,Toyota Gazoo Racing,Toyota,GF,22.652,29.138,40.697,
8,1,14,1:33.108,0,,22.674,0,29.485,0,40.949,0,176.4,21:41.969,15:51:41.969,0:22.674,0:29.485,0:40.949,294.3,Sébastien BUEMI,,HYPERCAR,H,Toyota Gazoo Racing,Toyota,GF,22.674,29.485,40.949,
8,1,15,1:31.728,0,,22.551,0,28.582,0,40.595,0,179.1,23:13.697,15:53:13.697,0:22.551,0:28.582,0:40.595,285.7,Sébastien BUEMI,,HYPERCAR,H,Toyota Gazoo Racing,Toyota,GF,22.551,28.582,40.595,
8,1,16,1:44.163,0,B,22.965,0,29.878,0,51.320,0,157.7,24:57.860,15:54:57.860,0:22.965,0:29.878,0:51.320,273.4,Sébastien BUEMI,,HYPERCAR,H,Toyota Gazoo Racing,Toyota,GF,22.965,29.878,51.320,
8,3,17,2:55.874,0,,1:44.936,0,29.944,0,40.994,0,93.4,27:53.734,15:57:53.734,1:44.936,0:29.944,0:40.994,158.6,Ryo HIRAKAWA,0:01:25.671,HYPERCAR,H,Toyota Gazoo Racing,Toyota,GF,104.936,29.944,40.994,
8,3,18,1:33.394,0,,22.893,0,29.772,0,40.729,0,175.9,29:27.128,15:59:27.128,0:22.893,0:29.772,0:40.729,281.2,Ryo HIRAKAWA,,HYPERCAR,H,Toyota Gazoo Racing,Toyota,GF,22.893,29.772,40.729,
8,3,19,1:32.553,0,,22.719,0,29.150,0,40.684,0,177.5,30:59.681,16:00:59.681,0:22.719,0:29.150,0:40.684,282.7,Ryo HIRAKAWA,,HYPERCAR,H,Toyota Gazoo Racing,Toyota,GF,22.719,29.150,40.684,
8,3,20,1:32.027,0,,22.572,0,28.950,0,40.505,0,178.5,32:31.708,16:02:31.708,0:22.572,0:28.950,0:40.505,284.2,Ryo HIRAKAWA,,HYPERCAR,H,Toyota Gazoo Racing,Toyota,GF,22.572,28.950,40.505,
8,3,21,1:32.086,0,,22.579,0,29.055,0,40.452,0,178.4,34:03.794,16:04:03.794,0:22.579,0:29.055,0:40.452,286.5,Ryo HIRAKAWA,,HYPERCAR,H,Toyota Gazoo Racing,Toyota,GF,22.579,29.055,40.452,
8,3,22,1:32.354,0,,22.690,0,29.144,0,40.520,0,177.9,35:36.148,16:05:36.148,0:22.690,0:29.144,0:40.520,284.2,Ryo HIRAKAWA,,HYPERCAR,H,Toyota Gazoo Racing,Toyota,GF,22.690,29.144,40.520,
8,3,23,1:37.671,0,B,22.521,0,29.814,0,45.336,0,168.2,37:13.819,16:07:13.819,0:22.521,0:29.814,0:45.336,285.0,Ryo HIRAKAWA,,HYPERCAR,H,Toyota Gazoo Racing,Toyota,GF,22.521,29.814,45.336,
8,3,24,8:17.749,0,,7:07.004,0,29.871,0,40.874,0,33.0,45:31.568,16:15:31.568,7:07.004,0:29.871,0:40.874,157.2,Ryo HIRAKAWA,0:06:48.310,HYPERCAR,H,Toyota Gazoo Racing,Toyota,GF,427.004,29.871,40.874,
8,3,25,1:32.783,0,,22.932,0,29.472,0,40.379,0,177.0,47:04.351,16:17:04.351,0:22.932,0:29.472,0:40.379,285.0,Ryo HIRAKAWA,,HYPERCAR,H,Toyota Gazoo Racing,Toyota,GF,22.932,29.472,40.379,
8,3,26,1:32.034,0,,22.594,0,28.958,0,40.482,0,178.5,48:36.385,16:18:36.385,0:22.594,0:28.958,0:40.482,286.5,Ryo HIRAKAWA,,HYPERCAR,H,Toyota Gazoo Racing,Toyota,GF,22.594,28.958,40.482,
8,3,27,1:31.001,0,,22.346,0,28.597,1,40.058,1,180.5,50:07.386,16:20:07.386,0:22.346,0:28.597,0:40.058,291.9,Ryo HIRAKAWA,,HYPERCAR,H,Toyota Gazoo Racing,Toyota,GF,22.346,28.597,40.058,
8,3,28,1:31.936,0,,22.551,0,29.145,0,40.240,0,178.7,51:39.322,16:21:39.322,0:22.551,0:29.145,0:40.240,295.1,Ryo HIRAKAWA,,HYPERCAR,H,Toyota Gazoo Racing,Toyota,GF,22.551,29.145,40.240,
8,3,29,1:31.476,0,,22.409,0,28.728,0,40.339,0,179.6,53:10.798,16:23:10.798,0:22.409,0:28.728,0:40.339,294.3,Ryo HIRAKAWA,,HYPERCAR,H,Toyota Gazoo Racing,Toyota,GF,22.409,28.728,40.339,
8,3,30,1:32.310,0,,22.414,0,29.192,0,40.704,0,178.0,54:43.108,16:24:43.108,0:22.414,0:29.192,0:40.704,295.9,Ryo HIRAKAWA,,HYPERCAR,H,Toyota Gazoo Racing,Toyota,GF,22.414,29.192,40.704,
8,3,31,1:36.022,0,B,22.341,1,28.756,0,44.925,0,171.1,56:19.130,16:26:19.130,0:22.341,0:28.756,0:44.925,295.1,Ryo HIRAKAWA,,HYPERCAR,H,Toyota Gazoo Racing,Toyota,GF,22.341,28.756,44.925,
8,2,32,2:51.301,0,,1:41.096,0,29.420,0,40.785,0,95.9,59:10.431,16:29:10.431,1:41.096,0:29.420,0:40.785,160.7,Brendon HARTLEY,0:01:22.793,HYPERCAR,H,Toyota Gazoo Racing,Toyota,GF,101.096,29.420,40.785,
8,2,33,1:32.556,0,,22.549,0,29.060,0,40.947,0,177.5,1:00:42.987,16:30:42.987,0:22.549,0:29.060,0:40.947,293.5,Brendon HARTLEY,,HYPERCAR,H,Toyota Gazoo Racing,Toyota,GF,22.549,29.060,40.947,
8,2,34,1:56.363,0,,22.522,0,28.970,0,1:04.871,0,141.2,1:02:39.350,16:32:39.350,0:22.522,0:28.970,1:04.871,292.7,Brendon HARTLEY,,HYPERCAR,H,Toyota Gazoo Racing,Toyota,FCY,22.522,28.970,64.871,
8,2,35,3:21.956,0,,58.409,0,1:07.165,0,1:16.382,0,81.3,1:06:01.306,16:36:01.306,0:58.409,1:07.165,1:16.382,79.9,Brendon HARTLEY,,HYPERCAR,H,Toyota Gazoo Racing,Toyota,GF,58.409,67.165,76.382,
8,2,36,1:36.704,0,,26.710,0,29.521,0,40.473,0,169.9,1:07:38.010,16:37:38.010,0:26.710,0:29.521,0:40.473,250.6,Brendon HARTLEY,,HYPERCAR,H,Toyota Gazoo Racing,Toyota,GF,26.710,29.521,40.473,
8,2,37,1:31.730,0,,22.462,0,28.987,0,40.281,1,179.1,1:09:09.740,16:39:09.740,0:22.462,0:28.987,0:40.281,289.5,Brendon HARTLEY,,HYPERCAR,H,Toyota Gazoo Racing,Toyota,GF,22.462,28.987,40.281,
8,2,38,1:32.739,0,,22.406,0,29.182,0,41.151,0,177.1,1:10:42.479,16:40:42.479,0:22.406,0:29.182,0:41.151,293.5,Brendon HARTLEY,,HYPERCAR,H,Toyota Gazoo Racing,Toyota,GF,22.406,29.182,41.151,
8,2,39,1:31.601,0,,22.569,0,28.744,0,40.288,0,179.3,1:12:14.080,16:42:14.080,0:22.569,0:28.744,0:40.288,286.5,Brendon HARTLEY,,HYPERCAR,H,Toyota Gazoo Racing,Toyota,GF,22.569,28.744,40.288,
8,2,40,1:31.808,0,,22.597,0,28.734,0,40.477,0,178.9,1:13:45.888,16:43:45.888,0:22.597,0:28.734,0:40.477,290.3,Brendon HARTLEY,,HYPERCAR,H,Toyota Gazoo Racing,Toyota,GF,22.597,28.734,40.477,
8,2,41,1:32.341,0,,22.468,0,29.138,0,40.735,0,177.9,1:15:18.229,16:45:18.229,0:22.468,0:29.138,0:40.735,289.5,Brendon HARTLEY,,HYPERCAR,H,Toyota Gazoo Racing,Toyota,GF,22.468,29.138,40.735,
8,2,42,1:32.407,0,,22.553,0,29.097,0,40.757,0,177.8,1:16:50.636,16:46:50.636,0:22.553,0:29.097,0:40.757,287.2,Brendon HARTLEY,,HYPERCAR,H,Toyota Gazoo Racing,Toyota,GF,22.553,29.097,40.757,
8,2,43,1:31.593,0,,22.537,0,28.643,0,40.413,0,179.3,1:18:22.229,16:48:22.229,0:22.537,0:28.643,0:40.413,287.2,Brendon HARTLEY,,HYPERCAR,H,Toyota Gazoo Racing,Toyota,GF,22.537,28.643,40.413,
8,2,44,1:31.414,0,,22.364,0,28.576,1,40.474,0,179.7,1:19:53.643,16:49:53.643,0:22.364,0:28.576,0:40.474,308.6,Brendon HARTLEY,,HYPERCAR,H,Toyota Gazoo Racing,Toyota,GF,22.364,28.576,40.474,
8,2,45,1:31.946,0,,22.345,1,28.961,0,40.640,0,178.7,1:21:25.589,16:51:25.589,0:22.345,0:28.961,0:40.640,312.1,Brendon HARTLEY,,HYPERCAR,H,Toyota Gazoo Racing,Toyota,GF,22.345,28.961,40.640,
8,2,46,1:32.793,0,,22.764,0,29.434,0,40.595,0,177.0,1:22:58.382,16:52:58.382,0:22.764,0:29.434,0:40.595,305.9,Brendon HARTLEY,,HYPERCAR,H,Toyota Gazoo Racing,Toyota,GF,22.764,29.434,40.595,
8,2,47,1:32.964,0,,22.620,0,29.284,0,41.060,0,176.7,1:24:31.346,16:54:31.346,0:22.620,0:29.284,0:41.060,310.3,Brendon HARTLEY,,HYPERCAR,H,Toyota Gazoo Racing,Toyota,GF,22.620,29.284,41.060,
8,2,48,1:32.126,0,,22.473,0,29.178,0,40.475,0,178.3,1:26:03.472,16:56:03.472,0:22.473,0:29.178,0:40.475,297.5,Brendon HARTLEY,,HYPERCAR,H,Toyota Gazoo Racing,Toyota,GF,22.473,29.178,40.475,
8,2,49,1:32.527,0,,22.458,0,29.254,0,40.815,0,177.5,1:27:35.999,16:57:35.999,0:22.458,0:29.254,0:40.815,299.2,Brendon HARTLEY,,HYPERCAR,H,Toyota Gazoo Racing,Toyota,GF,22.458,29.254,40.815,
8,2,50,1:32.782,0,,22.405,0,29.335,0,41.042,0,177.0,1:29:08.781,16:59:08.781,0:22.405,0:29.335,0:41.042,297.5,Brendon HARTLEY,,HYPERCAR,H,Toyota Gazoo Racing,Toyota,GF,22.405,29.335,41.042,
8,2,51,1:33.296,0,,22.350,0,29.344,0,41.602,0,176.1,1:30:42.077,17:00:42.077,0:22.350,0:29.344,0:41.602,296.7,Brendon HARTLEY,,HYPERCAR,H,Toyota Gazoo Racing,Toyota,FF,22.350,29.344,41.602,
83,3,1,2:47.761,0,,1:15.183,0,42.448,0,50.130,0,91.3,2:47.761,15:32:47.761,1:15.183,0:42.448,0:50.130,115.0,Alessio ROVERA,0:00:46.005,LMGTE Am,,Richard Mille AF Corse,Ferrari,GF,75.183,42.448,50.130,
83,3,2,1:46.075,0,,26.489,0,34.270,0,45.316,0,154.9,4:33.836,15:34:33.836,0:26.489,0:34.270,0:45.316,225.5,Alessio ROVERA,,LMGTE Am,,Richard Mille AF Corse,Ferrari,GF,26.489,34.270,45.316,
83,3,3,1:42.051,0,,25.530,0,33.033,0,43.488,0,161.0,6:15.887,15:36:15.887,0:25.530,0:33.033,0:43.488,251.2,Alessio ROVERA,,LMGTE Am,,Richard Mille AF Corse,Ferrari,GF,25.530,33.033,43.488,
83,3,4,1:39.948,0,,25.053,0,31.459,0,43.436,0,164.4,7:55.835,15:37:55.835,0:25.053,0:31.459,0:43.436,262.1,Alessio ROVERA,,LMGTE Am,,Richard Mille AF Corse,Ferrari,GF,25.053,31.459,43.436,
83,3,5,1:39.323,0,,24.890,0,31.469,0,42.964,2,165.4,9:35.158,15:39:35.158,0:24.890,0:31.469,0:42.964,265.4,Alessio ROVERA,,LMGTE Am,,Richard Mille AF Corse,Ferrari,GF,24.890,31.469,42.964,
83,3,6,1:39.578,0,,24.726,0,31.503,0,43.349,0,165.0,11:14.736,15:41:14.736,0:24.726,0:31.503,0:43.349,265.4,Alessio ROVERA,,LMGTE Am,,Richard Mille AF Corse,Ferrari,GF,24.726,31.503,43.349,
83,3,7,1:39.238,0,,24.654,1,31.282,0,43.302,0,165.5,12:53.974,15:42:53.974,0:24.654,0:31.282,0:43.302,266.0,Alessio ROVERA,,LMGTE Am,,Richard Mille AF Corse,Ferrari,GF,24.654,31.282,43.302,
83,3,8,1:38.724,2,,24.696,0,31.022,2,43.006,0,166.4,14:32.698,15:44:32.698,0:24.696,0:31.022,0:43.006,266.0,Alessio ROVERA,,LMGTE Am,,Richard Mille AF Corse,Ferrari,GF,24.696,31.022,43.006,
83,3,9,1:48.775,0,B,24.806,0,32.866,0,51.103,0,151.0,16:21.473,15:46:21.473,0:24.806,0:32.866,0:51.103,265.4,Alessio ROVERA,,LMGTE Am,,Richard Mille AF Corse,Ferrari,GF,24.806,32.866,51.103,
83,3,10,3:40.968,0,,2:23.131,0,33.956,0,43.881,0,74.3,20:02.441,15:50:02.441,2:23.131,0:33.956,0:43.881,134.2,Alessio ROVERA,0:02:00.698,LMGTE Am,,Richard Mille AF Corse,Ferrari,GF,143.131,33.956,43.881,
83,3,11,1:48.984,0,,24.786,0,32.658,0,51.540,0,150.7,21:51.425,15:51:51.425,0:24.786,0:32.658,0:51.540,266.0,Alessio ROVERA,,LMGTE Am,,Richard Mille AF Corse,Ferrari,GF,24.786,32.658,51.540,
83,3,12,1:45.761,0,,24.917,0,31.833,0,49.011,0,155.3,23:37.186,15:53:37.186,0:24.917,0:31.833,0:49.011,266.7,Alessio ROVERA,,LMGTE Am,,Richard Mille AF Corse,Ferrari,GF,24.917,31.833,49.011,
83,3,13,1:40.383,0,,24.887,0,31.566,0,43.930,0,163.6,25:17.569,15:55:17.569,0:24.887,0:31.566,0:43.930,264.7,Alessio ROVERA,,LMGTE Am,,Richard Mille AF Corse,Ferrari,GF,24.887,31.566,43.930,
83,3,14,1:39.416,0,,24.762,0,31.254,0,43.400,0,165.2,26:56.985,15:56:56.985,0:24.762,0:31.254,0:43.400,265.4,Alessio ROVERA,,LMGTE Am,,Richard Mille AF Corse,Ferrari,GF,24.762,31.254,43.400,
83,3,15,1:40.119,0,,24.750,0,31.139,0,44.230,0,164.1,28:37.104,15:58:37.104,0:24.750,0:31.139,0:44.230,267.3,Alessio ROVERA,,LMGTE Am,,Richard Mille AF Corse,Ferrari,GF,24.750,31.139,44.230,
83,3,16,1:45.299,0,B,24.789,0,31.338,0,49.172,0,156.0,30:22.403,16:00:22.403,0:24.789,0:31.338,0:49.172,265.4,Alessio ROVERA,,LMGTE Am,,Richard Mille AF Corse,Ferrari,GF,24.789,31.338,49.172,
83,2,17,3:28.988,0,,2:11.743,0,33.065,0,44.180,0,78.6,33:51.391,16:03:51.391,2:11.743,0:33.065,0:44.180,139.0,Lilou WADOUX,0:01:51.233,LMGTE Am,,Richard Mille AF Corse,Ferrari,GF,131.743,33.065,44.180,
83,2,18,1:41.351,0,,24.909,0,32.293,0,44.149,0,162.1,35:32.742,16:05:32.742,0:24.909,0:32.293,0:44.149,266.7,Lilou WADOUX,,LMGTE Am,,Richard Mille AF Corse,Ferrari,GF,24.909,32.293,44.149,
83,2,19,1:41.952,0,,25.146,0,32.705,0,44.101,0,161.1,37:14.694,16:07:14.694,0:25.146,0:32.705,0:44.101,268.0,Lilou WADOUX,,LMGTE Am,,Richard Mille AF Corse,Ferrari,GF,25.146,32.705,44.101,
83,2,20,1:41.254,0,,24.717,0,32.771,0,43.766,0,162.2,38:55.948,16:08:55.948,0:24.717,0:32.771,0:43.766,268.7,Lilou WADOUX,,LMGTE Am,,Richard Mille AF Corse,Ferrari,GF,24.717,32.771,43.766,
83,2,21,1:40.420,0,,24.956,0,31.834,0,43.630,0,163.6,40:36.368,16:10:36.368,0:24.956,0:31.834,0:43.630,269.3,Lilou WADOUX,,LMGTE Am,,Richard Mille AF Corse,Ferrari,GF,24.956,31.834,43.630,
83,2,22,1:39.605,0,,24.673,0,31.537,0,43.395,1,164.9,42:15.973,16:12:15.973,0:24.673,0:31.537,0:43.395,266.7,Lilou WADOUX,,LMGTE Am,,Richard Mille AF Corse,Ferrari,GF,24.673,31.537,43.395,
83,2,23,1:39.600,0,,24.493,2,31.620,0,43.487,0,164.9,43:55.573,16:13:55.573,0:24.493,0:31.620,0:43.487,269.3,Lilou WADOUX,,LMGTE Am,,Richard Mille AF Corse,Ferrari,GF,24.493,31.620,43.487,
83,2,24,1:39.898,0,,24.709,0,31.485,0,43.704,0,164.4,45:35.471,16:15:35.471,0:24.709,0:31.485,0:43.704,270.0,Lilou WADOUX,,LMGTE Am,,Richard Mille AF Corse,Ferrari,GF,24.709,31.485,43.704,
83,2,25,1:40.132,0,,24.717,0,31.465,0,43.950,0,164.1,47:15.603,16:17:15.603,0:24.717,0:31.465,0:43.950,267.3,Lilou WADOUX,,LMGTE Am,,Richard Mille AF Corse,Ferrari,GF,24.717,31.465,43.950,
83,2,26,1:39.582,0,,24.567,0,31.546,0,43.469,0,165.0,48:55.185,16:18:55.185,0:24.567,0:31.546,0:43.469,267.3,Lilou WADOUX,,LMGTE Am,,Richard Mille AF Corse,Ferrari,GF,24.567,31.546,43.469,
83,2,27,1:39.534,0,,24.618,0,31.458,1,43.458,0,165.0,50:34.719,16:20:34.719,0:24.618,0:31.458,0:43.458,267.3,Lilou WADOUX,,LMGTE Am,,Richard Mille AF Corse,Ferrari,GF,24.618,31.458,43.458,
83,2,28,1:45.201,0,B,24.691,0,31.600,0,48.910,0,156.1,52:19.920,16:22:19.920,0:24.691,0:31.600,0:48.910,268.7,Lilou WADOUX,,LMGTE Am,,Richard Mille AF Corse,Ferrari,GF,24.691,31.600,48.910,
83,1,29,3:24.028,0,,2:06.508,0,33.090,0,44.430,0,80.5,55:43.948,16:25:43.948,2:06.508,0:33.090,0:44.430,136.0,Luis PEREZ COMPANC,0:01:44.270,LMGTE Am,,Richard Mille AF Corse,Ferrari,GF,126.508,33.090,44.430,
83,1,30,1:42.448,0,,25.038,0,32.866,0,44.544,0,160.3,57:26.396,16:27:26.396,0:25.038,0:32.866,0:44.544,266.7,Luis PEREZ COMPANC,,LMGTE Am,,Richard Mille AF Corse,Ferrari,GF,25.038,32.866,44.544,
83,1,31,1:43.429,0,,25.242,0,32.994,0,45.193,0,158.8,59:09.825,16:29:09.825,0:25.242,0:32.994,0:45.193,267.3,Luis PEREZ COMPANC,,LMGTE Am,,Richard Mille AF Corse,Ferrari,GF,25.242,32.994,45.193,
83,1,32,1:43.695,0,,25.545,0,32.604,0,45.546,0,158.4,1:00:53.520,16:30:53.520,0:25.545,0:32.604,0:45.546,267.3,Luis PEREZ COMPANC,,LMGTE Am,,Richard Mille AF Corse,Ferrari,GF,25.545,32.604,45.546,
83,1,33,2:13.283,0,,25.279,0,32.637,0,1:15.367,0,123.2,1:03:06.803,16:33:06.803,0:25.279,0:32.637,1:15.367,264.7,Luis PEREZ COMPANC,,LMGTE Am,,Richard Mille AF Corse,Ferrari,FCY,25.279,32.637,75.367,
83,1,34,3:08.809,0,,59.071,0,1:07.649,0,1:02.089,0,87.0,1:06:15.612,16:36:15.612,0:59.071,1:07.649,1:02.089,79.8,Luis PEREZ COMPANC,,LMGTE Am,,Richard Mille AF Corse,Ferrari,GF,59.071,67.649,62.089,
83,1,35,1:44.145,0,,25.903,0,33.259,0,44.983,0,157.7,1:07:59.757,16:37:59.757,0:25.903,0:33.259,0:44.983,260.2,Luis PEREZ COMPANC,,LMGTE Am,,Richard Mille AF Corse,Ferrari,GF,25.903,33.259,44.983,
83,1,36,1:42.704,0,,25.315,0,32.898,0,44.491,0,159.9,1:09:42.461,16:39:42.461,0:25.315,0:32.898,0:44.491,265.4,Luis PEREZ COMPANC,,LMGTE Am,,Richard Mille AF Corse,Ferrari,GF,25.315,32.898,44.491,
83,1,37,1:42.476,0,,25.038,0,32.724,0,44.714,0,160.3,1:11:24.937,16:41:24.937,0:25.038,0:32.724,0:44.714,268.0,Luis PEREZ COMPANC,,LMGTE Am,,Richard Mille AF Corse,Ferrari,GF,25.038,32.724,44.714,
83,1,38,1:50.556,0,B,25.356,0,32.662,0,52.538,0,148.6,1:13:15.493,16:43:15.493,0:25.356,0:32.662,0:52.538,267.3,Luis PEREZ COMPANC,,LMGTE Am,,Richard Mille AF Corse,Ferrari,GF,25.356,32.662,52.538,
83,1,39,2:58.307,0,,1:35.121,0,35.831,0,47.355,0,92.1,1:16:13.800,16:46:13.800,1:35.121,0:35.831,0:47.355,108.2,Luis PEREZ COMPANC,0:01:09.297,LMGTE Am,,Richard Mille AF Corse,Ferrari,GF,95.121,35.831,47.355,
83,1,40,1:43.299,0,,25.485,0,33.503,0,44.311,0,159.0,1:17:57.099,16:47:57.099,0:25.485,0:33.503,0:44.311,266.7,Luis PEREZ COMPANC,,LMGTE Am,,Richard Mille AF Corse,Ferrari,GF,25.485,33.503,44.311,
83,1,41,1:43.269,0,,25.202,0,33.074,0,44.993,0,159.1,1:19:40.368,16:49:40.368,0:25.202,0:33.074,0:44.993,268.0,Luis PEREZ COMPANC,,LMGTE Am,,Richard Mille AF Corse,Ferrari,GF,25.202,33.074,44.993,
83,1,42,1:42.460,0,,25.429,0,32.793,0,44.238,0,160.3,1:21:22.828,16:51:22.828,0:25.429,0:32.793,0:44.238,266.7,Luis PEREZ COMPANC,,LMGTE Am,,Richard Mille AF Corse,Ferrari,GF,25.429,32.793,44.238,
83,1,43,1:41.827,0,,25.289,0,32.405,0,44.133,1,161.3,1:23:04.655,16:53:04.655,0:25.289,0:32.405,0:44.133,267.3,Luis PEREZ COMPANC,,LMGTE Am,,Richard Mille AF Corse,Ferrari,GF,25.289,32.405,44.133,
83,1,44,1:41.491,0,,24.946,0,32.417,0,44.128,0,161.9,1:24:46.146,16:54:46.146,0:24.946,0:32.417,0:44.128,268.0,Luis PEREZ COMPANC,,LMGTE Am,,Richard Mille AF Corse,Ferrari,GF,24.946,32.417,44.128,
83,1,45,1:40.909,0,,24.887,0,32.115,0,43.907,0,162.8,1:26:27.055,16:56:27.055,0:24.887,0:32.115,0:43.907,268.0,Luis PEREZ COMPANC,,LMGTE Am,,Richard Mille AF Corse,Ferrari,GF,24.887,32.115,43.907,
83,1,46,1:41.249,0,,24.912,0,31.980,1,44.357,0,162.2,1:28:08.304,16:58:08.304,0:24.912,0:31.980,0:44.357,267.3,Luis PEREZ COMPANC,,LMGTE Am,,Richard Mille AF Corse,Ferrari,GF,24.912,31.980,44.357,
83,1,47,1:42.223,0,,24.868,1,32.953,0,44.402,0,160.7,1:29:50.527,16:59:50.527,0:24.868,0:32.953,0:44.402,268.0,Luis PEREZ COMPANC,,LMGTE Am,,Richard Mille AF Corse,Ferrari,GF,24.868,32.953,44.402,
83,1,48,1:42.315,0,,24.951,0,32.976,0,44.388,0,160.6,1:31:32.842,17:01:32.842,0:24.951,0:32.976,0:44.388,266.7,Luis PEREZ COMPANC,,LMGTE Am,,Richard Mille AF Corse,Ferrari,FF,24.951,32.976,44.388,
85,2,1,3:07.162,0,,1:41.463,0,38.588,0,47.111,0,81.9,3:07.162,15:33:07.162,1:41.463,0:38.588,0:47.111,115.4,Michelle GATTING,0:01:14.288,LMGTE Am,,Iron Dames,Porsche,GF,101.463,38.588,47.111,
85,2,2,1:43.083,0,,25.700,0,33.636,0,43.747,0,159.4,4:50.245,15:34:50.245,0:25.700,0:33.636,0:43.747,237.4,Michelle GATTING,,LMGTE Am,,Iron Dames,Porsche,GF,25.700,33.636,43.747,
85,2,3,1:39.712,0,,24.943,0,31.527,0,43.242,0,164.7,6:29.957,15:36:29.957,0:24.943,0:31.527,0:43.242,261.5,Michelle GATTING,,LMGTE Am,,Iron Dames,Porsche,GF,24.943,31.527,43.242,
85,2,4,1:39.643,0,,25.136,0,31.417,0,43.090,0,164.9,8:09.600,15:38:09.600,0:25.136,0:31.417,0:43.090,265.4,Michelle GATTING,,LMGTE Am,,Iron Dames,Porsche,GF,25.136,31.417,43.090,
85,2,5,1:39.323,0,,24.764,0,31.209,2,43.350,0,165.4,9:48.923,15:39:48.923,0:24.764,0:31.209,0:43.350,266.0,Michelle GATTING,,LMGTE Am,,Iron Dames,Porsche,GF,24.764,31.209,43.350,
85,2,6,1:40.089,0,,24.858,0,31.606,0,43.625,0,164.1,11:29.012,15:41:29.012,0:24.858,0:31.606,0:43.625,264.7,Michelle GATTING,,LMGTE Am,,Iron Dames,Porsche,GF,24.858,31.606,43.625,
85,2,7,1:46.076,0,B,24.710,0,31.467,0,49.899,0,154.9,13:15.088,15:43:15.088,0:24.710,0:31.467,0:49.899,264.7,Michelle GATTING,,LMGTE Am,,Iron Dames,Porsche,GF,24.710,31.467,49.899,
85,2,8,4:43.624,0,,3:24.097,0,34.805,0,44.722,0,57.9,17:58.712,15:47:58.712,3:24.097,0:34.805,0:44.722,122.0,Michelle GATTING,0:03:01.031,LMGTE Am,,Iron Dames,Porsche,GF,204.097,34.805,44.722,
85,2,9,1:40.121,0,,24.924,0,32.030,0,43.167,2,164.1,19:38.833,15:49:38.833,0:24.924,0:32.030,0:43.167,264.1,Michelle GATTING,,LMGTE Am,,Iron Dames,Porsche,GF,24.924,32.030,43.167,
85,2,10,1:40.008,0,,25.136,0,31.578,0,43.294,0,164.3,21:18.841,15:51:18.841,0:25.136,0:31.578,0:43.294,264.7,Michelle GATTING,,LMGTE Am,,Iron Dames,Porsche,GF,25.136,31.578,43.294,
85,2,11,1:39.423,0,,24.756,0,31.362,0,43.305,0,165.2,22:58.264,15:52:58.264,0:24.756,0:31.362,0:43.305,263.4,Michelle GATTING,,LMGTE Am,,Iron Dames,Porsche,GF,24.756,31.362,43.305,
85,2,12,1:39.253,2,,24.681,2,31.210,0,43.362,0,165.5,24:37.517,15:54:37.517,0:24.681,0:31.210,0:43.362,265.4,Michelle GATTING,,LMGTE Am,,Iron Dames,Porsche,GF,24.681,31.210,43.362,
85,2,13,1:39.999,0,,24.767,0,31.292,0,43.940,0,164.3,26:17.516,15:56:17.516,0:24.767,0:31.292,0:43.940,264.1,Michelle GATTING,,LMGTE Am,,Iron Dames,Porsche,GF,24.767,31.292,43.940,
85,2,14,1:46.720,0,B,24.792,0,31.998,0,49.930,0,153.9,28:04.236,15:58:04.236,0:24.792,0:31.998,0:49.930,264.7,Michelle GATTING,,LMGTE Am,,Iron Dames,Porsche,GF,24.792,31.998,49.930,
85,1,15,3:47.199,0,,2:29.321,0,33.642,0,44.236,0,72.3,31:51.435,16:01:51.435,2:29.321,0:33.642,0:44.236,139.4,Sarah BOVY,0:02:08.494,LMGTE Am,,Iron Dames,Porsche,GF,149.321,33.642,44.236,
85,1,16,1:41.482,0,,25.275,0,32.281,0,43.926,0,161.9,33:32.917,16:03:32.917,0:25.275,0:32.281,0:43.926,264.1,Sarah BOVY,,LMGTE Am,,Iron Dames,Porsche,GF,25.275,32.281,43.926,
85,1,17,1:41.867,0,,25.344,0,32.359,0,44.164,0,161.3,35:14.784,16:05:14.784,0:25.344,0:32.359,0:44.164,262.1,Sarah BOVY,,LMGTE Am,,Iron Dames,Porsche,GF,25.344,32.359,44.164,
85,1,18,1:40.622,0,,25.021,0,31.931,0,43.670,0,163.3,36:55.406,16:06:55.406,0:25.021,0:31.931,0:43.670,264.7,Sarah BOVY,,LMGTE Am,,Iron Dames,Porsche,GF,25.021,31.931,43.670,
85,1,19,1:40.532,0,,24.921,1,32.041,0,43.570,0,163.4,38:35.938,16:08:35.938,0:24.921,0:32.041,0:43.570,264.1,Sarah BOVY,,LMGTE Am,,Iron Dames,Porsche,GF,24.921,32.041,43.570,
85,1,20,1:40.534,0,,24.982,0,32.083,0,43.469,0,163.4,40:16.472,16:10:16.472,0:24.982,0:32.083,0:43.469,264.7,Sarah BOVY,,LMGTE Am,,Iron Dames,Porsche,GF,24.982,32.083,43.469,
85,1,21,1:41.181,0,,25.102,0,32.356,0,43.723,0,162.4,41:57.653,16:11:57.653,0:25.102,0:32.356,0:43.723,268.7,Sarah BOVY,,LMGTE Am,,Iron Dames,Porsche,GF,25.102,32.356,43.723,
85,1,22,1:47.313,0,B,25.150,0,31.949,0,50.214,0,153.1,43:44.966,16:13:44.966,0:25.150,0:31.949,0:50.214,264.7,Sarah BOVY,,LMGTE Am,,Iron Dames,Porsche,GF,25.150,31.949,50.214,
85,1,23,4:19.797,0,,3:02.239,0,33.354,0,44.204,0,63.2,48:04.763,16:18:04.763,3:02.239,0:33.354,0:44.204,133.0,Sarah BOVY,0:02:40.261,LMGTE Am,,Iron Dames,Porsche,GF,182.239,33.354,44.204,
85,1,24,1:41.603,0,,25.328,0,32.400,0,43.875,0,161.7,49:46.366,16:19:46.366,0:25.328,0:32.400,0:43.875,258.4,Sarah BOVY,,LMGTE Am,,Iron Dames,Porsche,GF,25.328,32.400,43.875,
85,1,25,1:41.192,0,,24.981,0,31.954,0,44.257,0,162.3,51:27.558,16:21:27.558,0:24.981,0:31.954,0:44.257,264.1,Sarah BOVY,,LMGTE Am,,Iron Dames,Porsche,GF,24.981,31.954,44.257,
85,1,26,1:40.881,0,,25.041,0,31.999,0,43.841,0,162.8,53:08.439,16:23:08.439,0:25.041,0:31.999,0:43.841,265.4,Sarah BOVY,,LMGTE Am,,Iron Dames,Porsche,GF,25.041,31.999,43.841,
85,1,27,1:40.875,0,,25.002,0,32.083,0,43.790,0,162.8,54:49.314,16:24:49.314,0:25.002,0:32.083,0:43.790,266.0,Sarah BOVY,,LMGTE Am,,Iron Dames,Porsche,GF,25.002,32.083,43.790,
85,1,28,1:40.264,0,,24.937,0,31.641,1,43.686,0,163.8,56:29.578,16:26:29.578,0:24.937,0:31.641,0:43.686,265.4,Sarah BOVY,,LMGTE Am,,Iron Dames,Porsche,GF,24.937,31.641,43.686,
85,1,29,1:40.092,0,,24.952,0,31.679,0,43.461,1,164.1,58:09.670,16:28:09.670,0:24.952,0:31.679,0:43.461,262.8,Sarah BOVY,,LMGTE Am,,Iron Dames,Porsche,GF,24.952,31.679,43.461,
85,1,30,1:47.247,0,B,24.944,0,32.817,0,49.486,0,153.2,59:56.917,16:29:56.917,0:24.944,0:32.817,0:49.486,266.0,Sarah BOVY,,LMGTE Am,,Iron Dames,Porsche,GF,24.944,32.817,49.486,
85,3,31,7:42.198,0,,6:25.002,0,33.247,0,43.949,0,35.5,1:07:39.115,16:37:39.115,6:25.002,0:33.247,0:43.949,91.1,Rahel FREY,0:06:01.942,LMGTE Am,,Iron Dames,Porsche,GF,385.002,33.247,43.949,
85,3,32,1:39.882,0,,24.988,0,31.565,0,43.329,1,164.5,1:09:18.997,16:39:18.997,0:24.988,0:31.565,0:43.329,262.1,Rahel FREY,,LMGTE Am,,Iron Dames,Porsche,GF,24.988,31.565,43.329,
85,3,33,1:44.964,0,,25.765,0,34.623,0,44.576,0,156.5,1:11:03.961,16:41:03.961,0:25.765,0:34.623,0:44.576,238.9,Rahel FREY,,LMGTE Am,,Iron Dames,Porsche,GF,25.765,34.623,44.576,
85,3,34,1:40.127,0,,24.987,0,31.520,1,43.620,0,164.1,1:12:44.088,16:42:44.088,0:24.987,0:31.520,0:43.620,259.6,Rahel FREY,,LMGTE Am,,Iron Dames,Porsche,GF,24.987,31.520,43.620,
85,3,35,1:40.302,0,,24.952,0,31.597,0,43.753,0,163.8,1:14:24.390,16:44:24.390,0:24.952,0:31.597,0:43.753,265.4,Rahel FREY,,LMGTE Am,,Iron Dames,Porsche,GF,24.952,31.597,43.753,
85,3,36,1:46.658,0,B,25.048,0,32.881,0,48.729,0,154.0,1:16:11.048,16:46:11.048,0:25.048,0:32.881,0:48.729,266.7,Rahel FREY,,LMGTE Am,,Iron Dames,Porsche,GF,25.048,32.881,48.729,
85,3,37,3:13.755,0,,1:57.509,0,32.644,0,43.602,0,84.8,1:19:24.803,16:49:24.803,1:57.509,0:32.644,0:43.602,138.6,Rahel FREY,0:01:36.781,LMGTE Am,,Iron Dames,Porsche,GF,117.509,32.644,43.602,
85,3,38,1:40.811,0,,25.275,0,31.705,0,43.831,0,162.9,1:21:05.614,16:51:05.614,0:25.275,0:31.705,0:43.831,253.5,Rahel FREY,,LMGTE Am,,Iron Dames,Porsche,GF,25.275,31.705,43.831,
85,3,39,1:40.287,0,,24.867,0,31.632,0,43.788,0,163.8,1:22:45.901,16:52:45.901,0:24.867,0:31.632,0:43.788,268.0,Rahel FREY,,LMGTE Am,,Iron Dames,Porsche,GF,24.867,31.632,43.788,
85,3,40,1:45.761,0,B,25.012,0,31.809,0,48.940,0,155.3,1:24:31.662,16:54:31.662,0:25.012,0:31.809,0:48.940,266.0,Rahel FREY,,LMGTE Am,,Iron Dames,Porsche,GF,25.012,31.809,48.940,
85,3,41,2:24.202,0,,1:07.842,0,32.352,0,44.008,0,113.9,1:26:55.864,16:56:55.864,1:07.842,0:32.352,0:44.008,136.9,Rahel FREY,0:00:46.649,LMGTE Am,,Iron Dames,Porsche,GF,67.842,32.352,44.008,
85,3,42,1:41.060,0,,24.833,1,31.562,0,44.665,0,162.5,1:28:36.924,16:58:36.924,0:24.833,0:31.562,0:44.665,268.7,Rahel FREY,,LMGTE Am,,Iron Dames,Porsche,GF,24.833,31.562,44.665,
85,3,43,1:40.322,0,,24.954,0,31.720,0,43.648,0,163.7,1:30:17.246,17:00:17.246,0:24.954,0:31.720,0:43.648,266.7,Rahel FREY,,LMGTE Am,,Iron Dames,Porsche,FF,24.954,31.720,43.648,
86,2,1,2:13.978,0,,48.864,0,37.303,0,47.811,0,114.4,2:13.978,15:32:13.978,0:48.864,0:37.303,0:47.811,122.9,Riccardo PERA,0:00:23.189,LMGTE Am,,GR Racing,Porsche,GF,48.864,37.303,47.811,
86,2,2,1:44.783,0,,26.332,0,34.462,0,43.989,0,156.8,3:58.761,15:33:58.761,0:26.332,0:34.462,0:43.989,234.8,Riccardo PERA,,LMGTE Am,,GR Racing,Porsche,GF,26.332,34.462,43.989,
86,2,3,1:40.393,0,,25.116,0,31.858,0,43.419,0,163.6,5:39.154,15:35:39.154,0:25.116,0:31.858,0:43.419,263.4,Riccardo PERA,,LMGTE Am,,GR Racing,Porsche,GF,25.116,31.858,43.419,
86,2,4,1:39.432,0,,24.712,0,31.115,0,43.605,0,165.2,7:18.586,15:37:18.586,0:24.712,0:31.115,0:43.605,264.7,Riccardo PERA,,LMGTE Am,,GR Racing,Porsche,GF,24.712,31.115,43.605,
86,2,5,1:39.035,0,,24.923,0,31.262,0,42.850,2,165.9,8:57.621,15:38:57.621,0:24.923,0:31.262,0:42.850,264.1,Riccardo PERA,,LMGTE Am,,GR Racing,Porsche,GF,24.923,31.262,42.850,
86,2,6,1:39.268,0,,24.647,0,31.420,0,43.201,0,165.5,10:36.889,15:40:36.889,0:24.647,0:31.420,0:43.201,265.4,Riccardo PERA,,LMGTE Am,,GR Racing,Porsche,GF,24.647,31.420,43.201,
86,2,7,1:39.011,2,,24.823,0,31.118,0,43.070,0,165.9,12:15.900,15:42:15.900,0:24.823,0:31.118,0:43.070,265.4,Riccardo PERA,,LMGTE Am,,GR Racing,Porsche,GF,24.823,31.118,43.070,
86,2,8,1:40.030,0,,24.913,0,31.447,0,43.670,0,164.2,13:55.930,15:43:55.930,0:24.913,0:31.447,0:43.670,264.7,Riccardo PERA,,LMGTE Am,,GR Racing,Porsche,GF,24.913,31.447,43.670,
86,2,9,1:39.816,0,,24.645,1,31.304,0,43.867,0,164.6,15:35.746,15:45:35.746,0:24.645,0:31.304,0:43.867,266.0,Riccardo PERA,,LMGTE Am,,GR Racing,Porsche,GF,24.645,31.304,43.867,
86,2,10,1:39.198,0,,24.762,0,31.117,0,43.319,0,165.6,17:14.944,15:47:14.944,0:24.762,0:31.117,0:43.319,264.7,Riccardo PERA,,LMGTE Am,,GR Racing,Porsche,GF,24.762,31.117,43.319,
86,2,11,1:41.357,0,,24.692,0,31.515,0,45.150,0,162.1,18:56.301,15:48:56.301,0:24.692,0:31.515,0:45.150,265.4,Riccardo PERA,,LMGTE Am,,GR Racing,Porsche,GF,24.692,31.515,45.150,
86,2,12,1:47.413,0,B,24.964,0,31.904,0,50.545,0,152.9,20:43.714,15:50:43.714,0:24.964,0:31.904,0:50.545,266.0,Riccardo PERA,,LMGTE Am,,GR Racing,Porsche,GF,24.964,31.904,50.545,
86,2,13,3:21.111,0,,2:00.543,0,36.219,0,44.349,0,81.7,24:04.825,15:54:04.825,2:00.543,0:36.219,0:44.349,133.0,Riccardo PERA,0:01:38.469,LMGTE Am,,GR Racing,Porsche,GF,120.543,36.219,44.349,
86,2,14,1:40.361,0,,25.612,0,31.787,0,42.962,0,163.7,25:45.186,15:55:45.186,0:25.612,0:31.787,0:42.962,243.2,Riccardo PERA,,LMGTE Am,,GR Racing,Porsche,GF,25.612,31.787,42.962,
86,2,15,1:39.434,0,,24.713,0,31.462,0,43.259,0,165.2,27:24.620,15:57:24.620,0:24.713,0:31.462,0:43.259,263.4,Riccardo PERA,,LMGTE Am,,GR Racing,Porsche,GF,24.713,31.462,43.259,
86,2,16,1:39.319,0,,24.737,0,31.473,0,43.109,0,165.4,29:03.939,15:59:03.939,0:24.737,0:31.473,0:43.109,263.4,Riccardo PERA,,LMGTE Am,,GR Racing,Porsche,GF,24.737,31.473,43.109,
86,2,17,1:39.265,0,,24.781,0,31.099,2,43.385,0,165.5,30:43.204,16:00:43.204,0:24.781,0:31.099,0:43.385,264.1,Riccardo PERA,,LMGTE Am,,GR Racing,Porsche,GF,24.781,31.099,43.385,
86,2,18,1:39.052,0,,24.690,0,31.103,0,43.259,0,165.8,32:22.256,16:02:22.256,0:24.690,0:31.103,0:43.259,264.1,Riccardo PERA,,LMGTE Am,,GR Racing,Porsche,GF,24.690,31.103,43.259,
86,2,19,1:39.427,0,,24.785,0,31.276,0,43.366,0,165.2,34:01.683,16:04:01.683,0:24.785,0:31.276,0:43.366,262.8,Riccardo PERA,,LMGTE Am,,GR Racing,Porsche,GF,24.785,31.276,43.366,
86,2,20,1:40.245,0,,25.044,0,31.647,0,43.554,0,163.9,35:41.928,16:05:41.928,0:25.044,0:31.647,0:43.554,263.4,Riccardo PERA,,LMGTE Am,,GR Racing,Porsche,GF,25.044,31.647,43.554,
86,2,21,1:39.463,0,,24.748,0,31.263,0,43.452,0,165.2,37:21.391,16:07:21.391,0:24.748,0:31.263,0:43.452,267.3,Riccardo PERA,,LMGTE Am,,GR Racing,Porsche,GF,24.748,31.263,43.452,
86,2,22,1:39.419,0,,24.729,0,31.177,0,43.513,0,165.2,39:00.810,16:09:00.810,0:24.729,0:31.177,0:43.513,266.0,Riccardo PERA,,LMGTE Am,,GR Racing,Porsche,GF,24.729,31.177,43.513,
86,2,23,1:40.120,0,,24.994,0,31.447,0,43.679,0,164.1,40:40.930,16:10:40.930,0:24.994,0:31.447,0:43.679,267.3,Riccardo PERA,,LMGTE Am,,GR Racing,Porsche,GF,24.994,31.447,43.679,
86,2,24,1:45.952,0,B,24.785,0,31.359,0,49.808,0,155.0,42:26.882,16:12:26.882,0:24.785,0:31.359,0:49.808,266.0,Riccardo PERA,,LMGTE Am,,GR Racing,Porsche,GF,24.785,31.359,49.808,
86,1,25,6:44.679,0,,5:24.596,0,34.282,0,45.801,0,40.6,49:11.561,16:19:11.561,5:24.596,0:34.282,0:45.801,134.7,Michael WAINWRIGHT,0:05:01.734,LMGTE Am,,GR Racing,Porsche,GF,324.596,34.282,45.801,
86,1,26,1:43.250,0,,25.964,0,32.673,0,44.613,0,159.1,50:54.811,16:20:54.811,0:25.964,0:32.673,0:44.613,243.2,Michael WAINWRIGHT,,LMGTE Am,,GR Racing,Porsche,GF,25.964,32.673,44.613,
86,1,27,1:42.708,0,,25.318,0,32.717,0,44.673,0,159.9,52:37.519,16:22:37.519,0:25.318,0:32.717,0:44.673,263.4,Michael WAINWRIGHT,,LMGTE Am,,GR Racing,Porsche,GF,25.318,32.717,44.673,
86,1,28,1:43.926,0,,26.111,0,32.608,0,45.207,0,158.1,54:21.445,16:24:21.445,0:26.111,0:32.608,0:45.207,264.1,Michael WAINWRIGHT,,LMGTE Am,,GR Racing,Porsche,GF,26.111,32.608,45.207,
86,1,29,1:42.710,0,,25.304,1,32.795,0,44.611,1,159.9,56:04.155,16:26:04.155,0:25.304,0:32.795,0:44.611,264.7,Michael WAINWRIGHT,,LMGTE Am,,GR Racing,Porsche,GF,25.304,32.795,44.611,
86,1,30,1:42.914,0,,25.666,0,32.572,1,44.676,0,159.6,57:47.069,16:27:47.069,0:25.666,0:32.572,0:44.676,259.6,Michael WAINWRIGHT,,LMGTE Am,,GR Racing,Porsche,GF,25.666,32.572,44.676,
86,1,31,1:43.114,0,,25.330,0,32.924,0,44.860,0,159.3,59:30.183,16:29:30.183,0:25.330,0:32.924,0:44.860,261.5,Michael WAINWRIGHT,,LMGTE Am,,GR Racing,Porsche,GF,25.330,32.924,44.860,
86,1,32,1:42.968,0,,25.349,0,32.781,0,44.838,0,159.5,1:01:13.151,16:31:13.151,0:25.349,0:32.781,0:44.838,262.1,Michael WAINWRIGHT,,LMGTE Am,,GR Racing,Porsche,GF,25.349,32.781,44.838,
86,1,33,2:32.041,0,B,25.353,0,47.955,0,1:18.733,0,108.0,1:03:45.192,16:33:45.192,0:25.353,0:47.955,1:18.733,262.8,Michael WAINWRIGHT,,LMGTE Am,,GR Racing,Porsche,FCY,25.353,47.955,78.733,
86,3,34,4:00.787,0,,2:42.028,0,33.835,0,44.924,0,68.2,1:07:45.979,16:37:45.979,2:42.028,0:33.835,0:44.924,131.2,Benjamin BARKER,0:02:19.986,LMGTE Am,,GR Racing,Porsche,GF,162.028,33.835,44.924,
86,3,35,1:41.474,0,,25.137,0,32.134,0,44.203,0,161.9,1:09:27.453,16:39:27.453,0:25.137,0:32.134,0:44.203,257.1,Benjamin BARKER,,LMGTE Am,,GR Racing,Porsche,GF,25.137,32.134,44.203,
86,3,36,1:39.832,0,,24.780,0,31.407,0,43.645,0,164.5,1:11:07.285,16:41:07.285,0:24.780,0:31.407,0:43.645,266.7,Benjamin BARKER,,LMGTE Am,,GR Racing,Porsche,GF,24.780,31.407,43.645,
86,3,37,1:39.857,0,,24.874,0,31.342,0,43.641,0,164.5,1:12:47.142,16:42:47.142,0:24.874,0:31.342,0:43.641,266.7,Benjamin BARKER,,LMGTE Am,,GR Racing,Porsche,GF,24.874,31.342,43.641,
86,3,38,1:39.395,0,,24.664,0,31.450,0,43.281,0,165.3,1:14:26.537,16:44:26.537,0:24.664,0:31.450,0:43.281,265.4,Benjamin BARKER,,LMGTE Am,,GR Racing,Porsche,GF,24.664,31.450,43.281,
86,3,39,1:45.648,0,B,24.832,0,31.810,0,49.006,0,155.5,1:16:12.185,16:46:12.185,0:24.832,0:31.810,0:49.006,266.7,Benjamin BARKER,,LMGTE Am,,GR Racing,Porsche,GF,24.832,31.810,49.006,
86,3,40,5:17.309,0,,4:01.200,0,32.298,0,43.811,0,51.8,1:21:29.494,16:51:29.494,4:01.200,0:32.298,0:43.811,138.5,Benjamin BARKER,0:03:41.249,LMGTE Am,,GR Racing,Porsche,GF,241.200,32.298,43.811,
86,3,41,1:39.478,0,,24.710,0,31.471,0,43.297,0,165.1,1:23:08.972,16:53:08.972,0:24.710,0:31.471,0:43.297,270.7,Benjamin BARKER,,LMGTE Am,,GR Racing,Porsche,GF,24.710,31.471,43.297,
86,3,42,1:39.272,0,,24.580,2,31.479,0,43.213,1,165.5,1:24:48.244,16:54:48.244,0:24.580,0:31.479,0:43.213,268.0,Benjamin BARKER,,LMGTE Am,,GR Racing,Porsche,GF,24.580,31.479,43.213,
86,3,43,1:40.618,0,,24.656,0,31.140,1,44.822,0,163.3,1:26:28.862,16:56:28.862,0:24.656,0:31.140,0:44.822,266.7,Benjamin BARKER,,LMGTE Am,,GR Racing,Porsche,GF,24.656,31.140,44.822,
86,3,44,1:39.810,0,,24.816,0,31.304,0,43.690,0,164.6,1:28:08.672,16:58:08.672,0:24.816,0:31.304,0:43.690,267.3,Benjamin BARKER,,LMGTE Am,,GR Racing,Porsche,GF,24.816,31.304,43.690,
86,3,45,1:45.253,0,B,24.831,0,32.147,0,48.275,0,156.1,1:29:53.925,16:59:53.925,0:24.831,0:32.147,0:48.275,266.0,Benjamin BARKER,,LMGTE Am,,GR Racing,Porsche,GF,24.831,32.147,48.275,
9,2,1,2:30.072,0,,1:07.943,0,36.308,0,45.821,0,102.1,2:30.072,15:32:30.072,1:07.943,0:36.308,0:45.821,128.9,Bent VISCAAL,0:00:41.599,LMP2,,Prema Racing,Oreca,GF,67.943,36.308,45.821,
9,2,2,1:44.666,0,,25.574,0,31.937,0,47.155,0,156.9,4:14.738,15:34:14.738,0:25.574,0:31.937,0:47.155,244.3,Bent VISCAAL,,LMP2,,Prema Racing,Oreca,GF,25.574,31.937,47.155,
9,2,3,1:35.516,0,,24.152,0,29.781,0,41.583,0,172.0,5:50.254,15:35:50.254,0:24.152,0:29.781,0:41.583,283.5,Bent VISCAAL,,LMP2,,Prema Racing,Oreca,GF,24.152,29.781,41.583,
9,2,4,1:34.557,0,,23.650,0,29.560,0,41.347,0,173.7,7:24.811,15:37:24.811,0:23.650,0:29.560,0:41.347,288.0,Bent VISCAAL,,LMP2,,Prema Racing,Oreca,GF,23.650,29.560,41.347,
9,2,5,1:34.979,0,,23.624,0,29.584,0,41.771,0,173.0,8:59.790,15:38:59.790,0:23.624,0:29.584,0:41.771,287.2,Bent VISCAAL,,LMP2,,Prema Racing,Oreca,GF,23.624,29.584,41.771,
9,2,6,1:35.021,0,,23.675,0,29.729,0,41.617,0,172.9,10:34.811,15:40:34.811,0:23.675,0:29.729,0:41.617,286.5,Bent VISCAAL,,LMP2,,Prema Racing,Oreca,GF,23.675,29.729,41.617,
9,2,7,1:34.438,2,,23.560,0,29.518,2,41.360,0,173.9,12:09.249,15:42:09.249,0:23.560,0:29.518,0:41.360,287.2,Bent VISCAAL,,LMP2,,Prema Racing,Oreca,GF,23.560,29.518,41.360,
9,2,8,1:41.200,0,B,23.525,0,29.774,0,47.901,0,162.3,13:50.449,15:43:50.449,0:23.525,0:29.774,0:47.901,287.2,Bent VISCAAL,,LMP2,,Prema Racing,Oreca,GF,23.525,29.774,47.901,
9,3,9,3:42.074,0,,2:27.227,0,31.144,0,43.703,0,74.0,17:32.523,15:47:32.523,2:27.227,0:31.144,0:43.703,147.3,Juan Manuel CORREA,0:02:07.112,LMP2,,Prema Racing,Oreca,GF,147.227,31.144,43.703,
9,3,10,1:36.269,0,,23.850,0,30.273,0,42.146,0,170.6,19:08.792,15:49:08.792,0:23.850,0:30.273,0:42.146,287.2,Juan Manuel CORREA,,LMP2,,Prema Racing,Oreca,GF,23.850,30.273,42.146,
9,3,11,1:36.296,0,,23.949,0,30.203,0,42.144,0,170.6,20:45.088,15:50:45.088,0:23.949,0:30.203,0:42.144,273.4,Juan Manuel CORREA,,LMP2,,Prema Racing,Oreca,GF,23.949,30.203,42.144,
9,3,12,1:35.516,0,,23.774,0,29.972,0,41.770,0,172.0,22:20.604,15:52:20.604,0:23.774,0:29.972,0:41.770,286.5,Juan Manuel CORREA,,LMP2,,Prema Racing,Oreca,GF,23.774,29.972,41.770,
9,3,13,1:37.383,0,,24.424,0,30.930,0,42.029,0,168.7,23:57.987,15:53:57.987,0:24.424,0:30.930,0:42.029,284.2,Juan Manuel CORREA,,LMP2,,Prema Racing,Oreca,GF,24.424,30.930,42.029,
9,3,14,1:36.016,0,,23.735,0,30.341,0,41.940,0,171.1,25:34.003,15:55:34.003,0:23.735,0:30.341,0:41.940,287.2,Juan Manuel CORREA,,LMP2,,Prema Racing,Oreca,GF,23.735,30.341,41.940,
9,3,15,1:35.958,0,,23.640,1,30.084,0,42.234,0,171.2,27:09.961,15:57:09.961,0:23.640,0:30.084,0:42.234,286.5,Juan Manuel CORREA,,LMP2,,Prema Racing,Oreca,GF,23.640,30.084,42.234,
9,3,16,1:36.160,0,,23.860,0,29.939,1,42.361,0,170.8,28:46.121,15:58:46.121,0:23.860,0:29.939,0:42.361,287.2,Juan Manuel CORREA,,LMP2,,Prema Racing,Oreca,GF,23.860,29.939,42.361,
9,3,17,1:36.496,0,,23.914,0,30.273,0,42.309,0,170.2,30:22.617,16:00:22.617,0:23.914,0:30.273,0:42.309,286.5,Juan Manuel CORREA,,LMP2,,Prema Racing,Oreca,GF,23.914,30.273,42.309,
9,3,18,1:35.652,0,,23.652,0,30.086,0,41.914,0,171.7,31:58.269,16:01:58.269,0:23.652,0:30.086,0:41.914,285.7,Juan Manuel CORREA,,LMP2,,Prema Racing,Oreca,GF,23.652,30.086,41.914,
9,3,19,1:35.833,0,,23.821,0,29.987,0,42.025,0,171.4,33:34.102,16:03:34.102,0:23.821,0:29.987,0:42.025,286.5,Juan Manuel CORREA,,LMP2,,Prema Racing,Oreca,GF,23.821,29.987,42.025,
9,3,20,1:35.772,0,,23.948,0,30.071,0,41.753,1,171.5,35:09.874,16:05:09.874,0:23.948,0:30.071,0:41.753,272.7,Juan Manuel CORREA,,LMP2,,Prema Racing,Oreca,GF,23.948,30.071,41.753,
9,3,21,1:43.738,0,B,24.068,0,30.507,0,49.163,0,158.3,36:53.612,16:06:53.612,0:24.068,0:30.507,0:49.163,259.6,Juan Manuel CORREA,,LMP2,,Prema Racing,Oreca,GF,24.068,30.507,49.163,
9,1,22,3:02.985,0,,1:49.250,0,30.753,0,42.982,0,89.8,39:56.597,16:09:56.597,1:49.250,0:30.753,0:42.982,146.3,Filip UGRAN,0:01:30.112,LMP2,,Prema Racing,Oreca,GF,109.250,30.753,42.982,
9,1,23,1:37.169,0,,23.885,0,30.519,0,42.765,0,169.1,41:33.766,16:11:33.766,0:23.885,0:30.519,0:42.765,286.5,Filip UGRAN,,LMP2,,Prema Racing,Oreca,GF,23.885,30.519,42.765,
9,1,24,1:37.072,0,,23.833,0,30.552,0,42.687,0,169.2,43:10.838,16:13:10.838,0:23.833,0:30.552,0:42.687,289.5,Filip UGRAN,,LMP2,,Prema Racing,Oreca,GF,23.833,30.552,42.687,
9,1,25,1:36.972,0,,23.892,0,30.660,0,42.420,0,169.4,44:47.810,16:14:47.810,0:23.892,0:30.660,0:42.420,286.5,Filip UGRAN,,LMP2,,Prema Racing,Oreca,GF,23.892,30.660,42.420,
9,1,26,1:35.997,0,,23.635,0,30.273,0,42.089,0,171.1,46:23.807,16:16:23.807,0:23.635,0:30.273,0:42.089,287.2,Filip UGRAN,,LMP2,,Prema Racing,Oreca,GF,23.635,30.273,42.089,
9,1,27,1:36.402,0,,23.835,0,30.438,0,42.129,0,170.4,48:00.209,16:18:00.209,0:23.835,0:30.438,0:42.129,288.0,Filip UGRAN,,LMP2,,Prema Racing,Oreca,GF,23.835,30.438,42.129,
9,1,28,1:37.627,0,,24.310,0,30.903,0,42.414,0,168.3,49:37.836,16:19:37.836,0:24.310,0:30.903,0:42.414,288.8,Filip UGRAN,,LMP2,,Prema Racing,Oreca,GF,24.310,30.903,42.414,
9,1,29,1:36.102,0,,23.815,0,30.006,0,42.281,0,170.9,51:13.938,16:21:13.938,0:23.815,0:30.006,0:42.281,288.8,Filip UGRAN,,LMP2,,Prema Racing,Oreca,GF,23.815,30.006,42.281,
9,1,30,1:35.670,0,,23.734,0,29.957,0,41.979,0,171.7,52:49.608,16:22:49.608,0:23.734,0:29.957,0:41.979,287.2,Filip UGRAN,,LMP2,,Prema Racing,Oreca,GF,23.734,29.957,41.979,
9,1,31,1:37.354,0,,23.830,0,30.386,0,43.138,0,168.7,54:26.962,16:24:26.962,0:23.830,0:30.386,0:43.138,289.5,Filip UGRAN,,LMP2,,Prema Racing,Oreca,GF,23.830,30.386,43.138,
9,1,32,1:36.337,0,,23.559,1,30.529,0,42.249,0,170.5,56:03.299,16:26:03.299,0:23.559,0:30.529,0:42.249,289.5,Filip UGRAN,,LMP2,,Prema Racing,Oreca,GF,23.559,30.529,42.249,
9,1,33,1:35.499,0,,23.665,0,29.911,0,41.923,1,172.0,57:38.798,16:27:38.798,0:23.665,0:29.911,0:41.923,288.0,Filip UGRAN,,LMP2,,Prema Racing,Oreca,GF,23.665,29.911,41.923,
9,1,34,1:42.606,0,B,23.758,0,29.909,1,48.939,0,160.1,59:21.404,16:29:21.404,0:23.758,0:29.909,0:48.939,288.8,Filip UGRAN,,LMP2,,Prema Racing,Oreca,GF,23.758,29.909,48.939,
9,2,35,8:09.021,0,,6:56.223,0,30.569,0,42.229,0,33.6,1:07:30.425,16:37:30.425,6:56.223,0:30.569,0:42.229,79.7,Bent VISCAAL,0:06:31.473,LMP2,,Prema Racing,Oreca,GF,416.223,30.569,42.229,
9,2,36,1:35.595,0,,23.799,0,30.020,0,41.776,0,171.8,1:09:06.020,16:39:06.020,0:23.799,0:30.020,0:41.776,287.2,Bent VISCAAL,,LMP2,,Prema Racing,Oreca,GF,23.799,30.020,41.776,
9,2,37,1:37.099,0,,24.206,0,30.568,0,42.325,0,169.2,1:10:43.119,16:40:43.119,0:24.206,0:30.568,0:42.325,288.0,Bent VISCAAL,,LMP2,,Prema Racing,Oreca,GF,24.206,30.568,42.325,
9,2,38,1:35.757,0,,23.742,0,30.158,0,41.857,0,171.5,1:12:18.876,16:42:18.876,0:23.742,0:30.158,0:41.857,288.0,Bent VISCAAL,,LMP2,,Prema Racing,Oreca,GF,23.742,30.158,41.857,
9,2,39,1:36.867,0,,23.641,0,30.324,0,42.902,0,169.6,1:13:55.743,16:43:55.743,0:23.641,0:30.324,0:42.902,288.0,Bent VISCAAL,,LMP2,,Prema Racing,Oreca,GF,23.641,30.324,42.902,
9,2,40,1:41.974,0,B,23.756,0,30.117,0,48.101,0,161.1,1:15:37.717,16:45:37.717,0:23.756,0:30.117,0:48.101,287.2,Bent VISCAAL,,LMP2,,Prema Racing,Oreca,GF,23.756,30.117,48.101,
9,2,41,3:34.705,0,,2:13.394,0,36.116,0,45.195,0,76.5,1:19:12.422,16:49:12.422,2:13.394,0:36.116,0:45.195,138.3,Bent VISCAAL,0:01:49.153,LMP2,,Prema Racing,Oreca,GF,133.394,36.116,45.195,
9,2,42,1:42.410,0,,25.625,0,31.269,0,45.516,0,160.4,1:20:54.832,16:50:54.832,0:25.625,0:31.269,0:45.516,214.7,Bent VISCAAL,,LMP2,,Prema Racing,Oreca,GF,25.625,31.269,45.516,
9,2,43,1:37.365,0,,23.624,0,30.904,0,42.837,0,168.7,1:22:32.197,16:52:32.197,0:23.624,0:30.904,0:42.837,290.3,Bent VISCAAL,,LMP2,,Prema Racing,Oreca,GF,23.624,30.904,42.837,
9,2,44,1:34.583,0,,23.591,0,29.895,0,41.097,2,173.7,1:24:06.780,16:54:06.780,0:23.591,0:29.895,0:41.097,288.8,Bent VISCAAL,,LMP2,,Prema Racing,Oreca,GF,23.591,29.895,41.097,
9,2,45,1:34.482,0,,23.645,0,29.554,0,41.283,0,173.9,1:25:41.262,16:55:41.262,0:23.645,0:29.554,0:41.283,290.3,Bent VISCAAL,,LMP2,,Prema Racing,Oreca,GF,23.645,29.554,41.283,
9,2,46,1:47.937,0,,23.481,0,38.838,0,45.618,0,152.2,1:27:29.199,16:57:29.199,0:23.481,0:38.838,0:45.618,288.0,Bent VISCAAL,,LMP2,,Prema Racing,Oreca,GF,23.481,38.838,45.618,
9,2,47,1:34.736,0,,23.429,2,30.043,0,41.264,0,173.4,1:29:03.935,16:59:03.935,0:23.429,0:30.043,0:41.264,288.8,Bent VISCAAL,,LMP2,,Prema Racing,Oreca,GF,23.429,30.043,41.264,
9,2,48,1:34.490,0,,23.786,0,29.561,0,41.143,0,173.8,1:30:38.425,17:00:38.425,0:23.786,0:29.561,0:41.143,290.3,Bent VISCAAL,,LMP2,,Prema Racing,Oreca,FF,23.786,29.561,41.143,
93,3,1,3:39.981,0,,2:22.674,0,34.792,0,42.515,0,69.6,3:39.981,15:33:39.981,2:22.674,0:34.792,0:42.515,130.8,Jean-Éric VERGNE,0:01:57.216,HYPERCAR,H,Peugeot TotalEnergies,Peugeot,GF,142.674,34.792,42.515,
93,3,2,1:33.522,0,,23.271,0,29.538,0,40.713,0,175.6,5:13.503,15:35:13.503,0:23.271,0:29.538,0:40.713,266.7,Jean-Éric VERGNE,,HYPERCAR,H,Peugeot TotalEnergies,Peugeot,GF,23.271,29.538,40.713,
93,3,3,1:31.642,0,,22.805,0,29.012,0,39.825,2,179.2,6:45.145,15:36:45.145,0:22.805,0:29.012,0:39.825,292.7,Jean-Éric VERGNE,,HYPERCAR,H,Peugeot TotalEnergies,Peugeot,GF,22.805,29.012,39.825,
93,3,4,1:31.373,0,,22.720,0,28.689,0,39.964,0,179.8,8:16.518,15:38:16.518,0:22.720,0:28.689,0:39.964,286.5,Jean-Éric VERGNE,,HYPERCAR,H,Peugeot TotalEnergies,Peugeot,GF,22.720,28.689,39.964,
93,3,5,1:31.069,2,,22.198,2,28.387,2,40.484,0,180.4,9:47.587,15:39:47.587,0:22.198,0:28.387,0:40.484,300.8,Jean-Éric VERGNE,,HYPERCAR,H,Peugeot TotalEnergies,Peugeot,GF,22.198,28.387,40.484,
93,3,6,1:31.721,0,,22.255,0,28.606,0,40.860,0,179.1,11:19.308,15:41:19.308,0:22.255,0:28.606,0:40.860,302.5,Jean-Éric VERGNE,,HYPERCAR,H,Peugeot TotalEnergies,Peugeot,GF,22.255,28.606,40.860,
93,3,7,1:31.639,0,,22.493,0,28.551,0,40.595,0,179.3,12:50.947,15:42:50.947,0:22.493,0:28.551,0:40.595,305.1,Jean-Éric VERGNE,,HYPERCAR,H,Peugeot TotalEnergies,Peugeot,GF,22.493,28.551,40.595,
93,3,8,1:38.923,0,B,22.328,0,28.456,0,48.139,0,166.1,14:29.870,15:44:29.870,0:22.328,0:28.456,0:48.139,300.8,Jean-Éric VERGNE,,HYPERCAR,H,Peugeot TotalEnergies,Peugeot,GF,22.328,28.456,48.139,
93,3,9,8:20.394,0,,7:10.132,0,29.221,0,41.041,0,32.8,22:50.264,15:52:50.264,7:10.132,0:29.221,0:41.041,155.8,Jean-Éric VERGNE,0:06:50.699,HYPERCAR,H,Peugeot TotalEnergies,Peugeot,GF,430.132,29.221,41.041,
93,3,10,1:32.010,0,,22.521,0,28.852,0,40.637,0,178.5,24:22.274,15:54:22.274,0:22.521,0:28.852,0:40.637,298.3,Jean-Éric VERGNE,,HYPERCAR,H,Peugeot TotalEnergies,Peugeot,GF,22.521,28.852,40.637,
93,3,11,1:31.559,0,,22.421,0,28.495,0,40.643,0,179.4,25:53.833,15:55:53.833,0:22.421,0:28.495,0:40.643,295.1,Jean-Éric VERGNE,,HYPERCAR,H,Peugeot TotalEnergies,Peugeot,GF,22.421,28.495,40.643,
93,3,12,1:32.450,0,,22.701,0,28.580,0,41.169,0,177.7,27:26.283,15:57:26.283,0:22.701,0:28.580,0:41.169,295.1,Jean-Éric VERGNE,,HYPERCAR,H,Peugeot TotalEnergies,Peugeot,GF,22.701,28.580,41.169,
93,3,13,1:32.381,0,,22.611,0,28.588,0,41.182,0,177.8,28:58.664,15:58:58.664,0:22.611,0:28.588,0:41.182,282.7,Jean-Éric VERGNE,,HYPERCAR,H,Peugeot TotalEnergies,Peugeot,GF,22.611,28.588,41.182,
93,3,14,1:31.818,0,,22.410,0,28.602,0,40.806,0,178.9,30:30.482,16:00:30.482,0:22.410,0:28.602,0:40.806,296.7,Jean-Éric VERGNE,,HYPERCAR,H,Peugeot TotalEnergies,Peugeot,GF,22.410,28.602,40.806,
93,3,15,1:38.347,0,B,22.455,0,29.186,0,46.706,0,167.0,32:08.829,16:02:08.829,0:22.455,0:29.186,0:46.706,300.8,Jean-Éric VERGNE,,HYPERCAR,H,Peugeot TotalEnergies,Peugeot,GF,22.455,29.186,46.706,
93,1,16,5:19.128,0,,4:08.749,0,29.531,0,40.848,0,51.5,37:27.957,16:07:27.957,4:08.749,0:29.531,0:40.848,154.3,Paul DI RESTA,0:03:50.304,HYPERCAR,H,Peugeot TotalEnergies,Peugeot,GF,248.749,29.531,40.848,
93,1,17,1:32.674,0,,22.697,0,28.905,0,41.072,0,177.3,39:00.631,16:09:00.631,0:22.697,0:28.905,0:41.072,302.5,Paul DI RESTA,,HYPERCAR,H,Peugeot TotalEnergies,Peugeot,GF,22.697,28.905,41.072,
93,1,18,1:32.252,0,,22.571,0,28.941,0,40.740,1,178.1,40:32.883,16:10:32.883,0:22.571,0:28.941,0:40.740,305.1,Paul DI RESTA,,HYPERCAR,H,Peugeot TotalEnergies,Peugeot,GF,22.571,28.941,40.740,
93,1,19,1:32.702,0,,22.721,0,29.111,0,40.870,0,177.2,42:05.585,16:12:05.585,0:22.721,0:29.111,0:40.870,295.9,Paul DI RESTA,,HYPERCAR,H,Peugeot TotalEnergies,Peugeot,GF,22.721,29.111,40.870,
93,1,20,1:32.486,0,,22.608,0,28.983,0,40.895,0,177.6,43:38.071,16:13:38.071,0:22.608,0:28.983,0:40.895,306.8,Paul DI RESTA,,HYPERCAR,H,Peugeot TotalEnergies,Peugeot,GF,22.608,28.983,40.895,
93,1,21,1:32.221,0,,22.451,1,28.787,1,40.983,0,178.1,45:10.292,16:15:10.292,0:22.451,0:28.787,0:40.983,300.0,Paul DI RESTA,,HYPERCAR,H,Peugeot TotalEnergies,Peugeot,GF,22.451,28.787,40.983,
93,1,22,1:32.515,0,,22.451,0,29.179,0,40.885,0,177.6,46:42.807,16:16:42.807,0:22.451,0:29.179,0:40.885,300.0,Paul DI RESTA,,HYPERCAR,H,Peugeot TotalEnergies,Peugeot,GF,22.451,29.179,40.885,
93,1,23,1:38.847,0,B,22.985,0,29.618,0,46.244,0,166.2,48:21.654,16:18:21.654,0:22.985,0:29.618,0:46.244,269.3,Paul DI RESTA,,HYPERCAR,H,Peugeot TotalEnergies,Peugeot,GF,22.985,29.618,46.244,
93,1,24,7:09.296,0,,5:58.767,0,29.432,0,41.097,0,38.3,55:30.950,16:25:30.950,5:58.767,0:29.432,0:41.097,154.3,Paul DI RESTA,0:05:39.824,HYPERCAR,H,Peugeot TotalEnergies,Peugeot,GF,358.767,29.432,41.097,
93,1,25,1:35.406,0,,24.849,0,29.259,0,41.298,0,172.2,57:06.356,16:27:06.356,0:24.849,0:29.259,0:41.298,295.9,Paul DI RESTA,,HYPERCAR,H,Peugeot TotalEnergies,Peugeot,GF,24.849,29.259,41.298,
93,1,26,1:32.912,0,,22.970,0,28.984,0,40.958,0,176.8,58:39.268,16:28:39.268,0:22.970,0:28.984,0:40.958,296.7,Paul DI RESTA,,HYPERCAR,H,Peugeot TotalEnergies,Peugeot,GF,22.970,28.984,40.958,
93,1,27,1:33.092,0,,22.831,0,29.244,0,41.017,0,176.5,1:00:12.360,16:30:12.360,0:22.831,0:29.244,0:41.017,288.8,Paul DI RESTA,,HYPERCAR,H,Peugeot TotalEnergies,Peugeot,GF,22.831,29.244,41.017,
93,1,28,1:32.778,0,,22.711,0,28.993,0,41.074,0,177.1,1:01:45.138,16:31:45.138,0:22.711,0:28.993,0:41.074,287.2,Paul DI RESTA,,HYPERCAR,H,Peugeot TotalEnergies,Peugeot,GF,22.711,28.993,41.074,
93,1,29,2:56.215,0,B,30.765,0,1:07.319,0,1:18.131,0,93.2,1:04:41.353,16:34:41.353,0:30.765,1:07.319,1:18.131,294.3,Paul DI RESTA,,HYPERCAR,H,Peugeot TotalEnergies,Peugeot,FCY,30.765,67.319,78.131,
93,2,30,5:59.984,0,,4:48.433,0,29.943,0,41.608,0,45.6,1:10:41.337,16:40:41.337,4:48.433,0:29.943,0:41.608,150.2,Mikkel JENSEN,0:04:27.612,HYPERCAR,H,Peugeot TotalEnergies,Peugeot,GF,288.433,29.943,41.608,
93,2,31,1:38.933,0,,27.356,0,30.277,0,41.300,0,166.0,1:12:20.270,16:42:20.270,0:27.356,0:30.277,0:41.300,295.1,Mikkel JENSEN,,HYPERCAR,H,Peugeot TotalEnergies,Peugeot,GF,27.356,30.277,41.300,
93,2,32,1:38.691,0,B,23.099,0,29.308,0,46.284,0,166.4,1:13:58.961,16:43:58.961,0:23.099,0:29.308,0:46.284,285.0,Mikkel JENSEN,,HYPERCAR,H,Peugeot TotalEnergies,Peugeot,GF,23.099,29.308,46.284,
93,2,33,3:17.466,0,,2:02.172,0,32.828,0,42.466,0,83.2,1:17:16.427,16:47:16.427,2:02.172,0:32.828,0:42.466,121.8,Mikkel JENSEN,0:01:39.320,HYPERCAR,H,Peugeot TotalEnergies,Peugeot,GF,122.172,32.828,42.466,
93,2,34,1:32.997,0,,23.358,0,29.189,0,40.450,0,176.6,1:18:49.424,16:48:49.424,0:23.358,0:29.189,0:40.450,272.7,Mikkel JENSEN,,HYPERCAR,H,Peugeot TotalEnergies,Peugeot,GF,23.358,29.189,40.450,
93,2,35,1:32.659,0,,22.623,0,29.018,0,41.018,0,177.3,1:20:22.083,16:50:22.083,0:22.623,0:29.018,0:41.018,286.5,Mikkel JENSEN,,HYPERCAR,H,Peugeot TotalEnergies,Peugeot,GF,22.623,29.018,41.018,
93,2,36,1:31.531,0,,22.509,0,28.808,0,40.214,0,179.5,1:21:53.614,16:51:53.614,0:22.509,0:28.808,0:40.214,298.3,Mikkel JENSEN,,HYPERCAR,H,Peugeot TotalEnergies,Peugeot,GF,22.509,28.808,40.214,
93,2,37,1:31.128,0,,22.565,0,28.466,1,40.097,1,180.3,1:23:24.742,16:53:24.742,0:22.565,0:28.466,0:40.097,305.9,Mikkel JENSEN,,HYPERCAR,H,Peugeot TotalEnergies,Peugeot,GF,22.565,28.466,40.097,
93,2,38,1:31.351,0,,22.417,0,28.631,0,40.303,0,179.8,1:24:56.093,16:54:56.093,0:22.417,0:28.631,0:40.303,307.7,Mikkel JENSEN,,HYPERCAR,H,Peugeot TotalEnergies,Peugeot,GF,22.417,28.631,40.303,
93,2,39,1:31.881,0,,22.412,0,28.842,0,40.627,0,178.8,1:26:27.974,16:56:27.974,0:22.412,0:28.842,0:40.627,298.3,Mikkel JENSEN,,HYPERCAR,H,Peugeot TotalEnergies,Peugeot,GF,22.412,28.842,40.627,
93,2,40,1:31.319,0,,22.373,1,28.479,0,40.467,0,179.9,1:27:59.293,16:57:59.293,0:22.373,0:28.479,0:40.467,301.7,Mikkel JENSEN,,HYPERCAR,H,Peugeot TotalEnergies,Peugeot,GF,22.373,28.479,40.467,
93,2,41,1:31.455,0,,22.387,0,28.580,0,40.488,0,179.6,1:29:30.748,16:59:30.748,0:22.387,0:28.580,0:40.488,295.1,Mikkel JENSEN,,HYPERCAR,H,Peugeot TotalEnergies,Peugeot,GF,22.387,28.580,40.488,
93,2,42,1:32.575,0,,22.583,0,29.020,0,40.972,0,177.4,1:31:03.323,17:01:03.323,0:22.583,0:29.020,0:40.972,302.5,Mikkel JENSEN,,HYPERCAR,H,Peugeot TotalEnergies,Peugeot,FF,22.583,29.020,40.972,
94,1,1,3:38.941,0,,2:16.512,0,36.885,0,45.544,0,70.0,3:38.941,15:33:38.941,2:16.512,0:36.885,0:45.544,132.8,Loïc DUVAL,0:01:49.369,HYPERCAR,H,Peugeot TotalEnergies,Peugeot,GF,136.512,36.885,45.544,
94,1,2,1:44.555,0,,28.554,0,30.611,0,45.390,0,157.1,5:23.496,15:35:23.496,0:28.554,0:30.611,0:45.390,259.6,Loïc DUVAL,,HYPERCAR,H,Peugeot TotalEnergies,Peugeot,GF,28.554,30.611,45.390,
94,1,3,1:31.412,0,,22.646,0,28.984,0,39.782,2,179.7,6:54.908,15:36:54.908,0:22.646,0:28.984,0:39.782,296.7,Loïc DUVAL,,HYPERCAR,H,Peugeot TotalEnergies,Peugeot,GF,22.646,28.984,39.782,
94,1,4,1:31.216,2,,22.246,0,28.754,0,40.216,0,180.1,8:26.124,15:38:26.124,0:22.246,0:28.754,0:40.216,305.1,Loïc DUVAL,,HYPERCAR,H,Peugeot TotalEnergies,Peugeot,GF,22.246,28.754,40.216,
94,1,5,1:31.344,0,,22.275,0,28.710,0,40.359,0,179.8,9:57.468,15:39:57.468,0:22.275,0:28.710,0:40.359,304.2,Loïc DUVAL,,HYPERCAR,H,Peugeot TotalEnergies,Peugeot,GF,22.275,28.710,40.359,
94,1,6,1:31.688,0,,22.486,0,28.630,0,40.572,0,179.2,11:29.156,15:41:29.156,0:22.486,0:28.630,0:40.572,288.0,Loïc DUVAL,,HYPERCAR,H,Peugeot TotalEnergies,Peugeot,GF,22.486,28.630,40.572,
94,1,7,1:31.896,0,,22.498,0,28.645,0,40.753,0,178.8,13:01.052,15:43:01.052,0:22.498,0:28.645,0:40.753,305.1,Loïc DUVAL,,HYPERCAR,H,Peugeot TotalEnergies,Peugeot,GF,22.498,28.645,40.753,
94,1,8,1:31.849,0,,22.379,0,28.684,0,40.786,0,178.8,14:32.901,15:44:32.901,0:22.379,0:28.684,0:40.786,301.7,Loïc DUVAL,,HYPERCAR,H,Peugeot TotalEnergies,Peugeot,GF,22.379,28.684,40.786,
94,1,9,1:31.670,0,,22.245,2,28.815,0,40.610,0,179.2,16:04.571,15:46:04.571,0:22.245,0:28.815,0:40.610,308.6,Loïc DUVAL,,HYPERCAR,H,Peugeot TotalEnergies,Peugeot,GF,22.245,28.815,40.610,
94,1,10,1:32.601,0,,22.470,0,28.981,0,41.150,0,177.4,17:37.172,15:47:37.172,0:22.470,0:28.981,0:41.150,300.0,Loïc DUVAL,,HYPERCAR,H,Peugeot TotalEnergies,Peugeot,GF,22.470,28.981,41.150,
94,1,11,1:31.944,0,,22.444,0,28.943,0,40.557,0,178.7,19:09.116,15:49:09.116,0:22.444,0:28.943,0:40.557,303.4,Loïc DUVAL,,HYPERCAR,H,Peugeot TotalEnergies,Peugeot,GF,22.444,28.943,40.557,
94,1,12,1:31.983,0,,22.531,0,28.641,0,40.811,0,178.6,20:41.099,15:50:41.099,0:22.531,0:28.641,0:40.811,296.7,Loïc DUVAL,,HYPERCAR,H,Peugeot TotalEnergies,Peugeot,GF,22.531,28.641,40.811,
94,1,13,1:32.206,0,,22.481,0,28.986,0,40.739,0,178.2,22:13.305,15:52:13.305,0:22.481,0:28.986,0:40.739,303.4,Loïc DUVAL,,HYPERCAR,H,Peugeot TotalEnergies,Peugeot,GF,22.481,28.986,40.739,
94,1,14,1:42.590,0,B,22.533,0,28.604,2,51.453,0,160.1,23:55.895,15:53:55.895,0:22.533,0:28.604,0:51.453,304.2,Loïc DUVAL,,HYPERCAR,H,Peugeot TotalEnergies,Peugeot,GF,22.533,28.604,51.453,
94,2,15,4:24.895,0,,3:14.319,0,29.622,0,40.954,0,62.0,28:20.790,15:58:20.790,3:14.319,0:29.622,0:40.954,154.9,Gustavo MENEZES,0:02:55.684,HYPERCAR,H,Peugeot TotalEnergies,Peugeot,GF,194.319,29.622,40.954,
94,2,16,1:33.548,0,,22.934,0,29.373,0,41.241,0,175.6,29:54.338,15:59:54.338,0:22.934,0:29.373,0:41.241,283.5,Gustavo MENEZES,,HYPERCAR,H,Peugeot TotalEnergies,Peugeot,GF,22.934,29.373,41.241,
94,2,17,1:33.362,0,,22.667,0,29.256,0,41.439,0,175.9,31:27.700,16:01:27.700,0:22.667,0:29.256,0:41.439,294.3,Gustavo MENEZES,,HYPERCAR,H,Peugeot TotalEnergies,Peugeot,GF,22.667,29.256,41.439,
94,2,18,1:32.690,0,,22.554,0,29.207,0,40.929,1,177.2,33:00.390,16:03:00.390,0:22.554,0:29.207,0:40.929,300.0,Gustavo MENEZES,,HYPERCAR,H,Peugeot TotalEnergies,Peugeot,GF,22.554,29.207,40.929,
94,2,19,1:33.819,0,,22.496,0,29.647,0,41.676,0,175.1,34:34.209,16:04:34.209,0:22.496,0:29.647,0:41.676,299.2,Gustavo MENEZES,,HYPERCAR,H,Peugeot TotalEnergies,Peugeot,GF,22.496,29.647,41.676,
94,2,20,1:33.655,0,,22.846,0,29.405,0,41.404,0,175.4,36:07.864,16:06:07.864,0:22.846,0:29.405,0:41.404,295.9,Gustavo MENEZES,,HYPERCAR,H,Peugeot TotalEnergies,Peugeot,GF,22.846,29.405,41.404,
94,2,21,1:32.968,0,,22.485,0,29.328,0,41.155,0,176.7,37:40.832,16:07:40.832,0:22.485,0:29.328,0:41.155,,Gustavo MENEZES,,HYPERCAR,H,Peugeot TotalEnergies,Peugeot,GF,22.485,29.328,41.155,
94,2,22,1:34.365,0,,23.021,0,29.999,0,41.345,0,174.1,39:15.197,16:09:15.197,0:23.021,0:29.999,0:41.345,279.8,Gustavo MENEZES,,HYPERCAR,H,Peugeot TotalEnergies,Peugeot,GF,23.021,29.999,41.345,
94,2,23,1:33.329,0,,22.465,1,29.367,0,41.497,0,176.0,40:48.526,16:10:48.526,0:22.465,0:29.367,0:41.497,300.8,Gustavo MENEZES,,HYPERCAR,H,Peugeot TotalEnergies,Peugeot,GF,22.465,29.367,41.497,
94,2,24,1:33.375,0,,22.897,0,29.135,0,41.343,0,175.9,42:21.901,16:12:21.901,0:22.897,0:29.135,0:41.343,280.5,Gustavo MENEZES,,HYPERCAR,H,Peugeot TotalEnergies,Peugeot,GF,22.897,29.135,41.343,
94,2,25,1:33.385,0,,22.592,0,29.366,0,41.427,0,175.9,43:55.286,16:13:55.286,0:22.592,0:29.366,0:41.427,297.5,Gustavo MENEZES,,HYPERCAR,H,Peugeot TotalEnergies,Peugeot,GF,22.592,29.366,41.427,
94,2,26,1:33.360,0,,22.670,0,29.522,0,41.168,0,176.0,45:28.646,16:15:28.646,0:22.670,0:29.522,0:41.168,298.3,Gustavo MENEZES,,HYPERCAR,H,Peugeot TotalEnergies,Peugeot,GF,22.670,29.522,41.168,
94,2,27,1:32.770,0,,22.680,0,29.012,0,41.078,0,177.1,47:01.416,16:17:01.416,0:22.680,0:29.012,0:41.078,297.5,Gustavo MENEZES,,HYPERCAR,H,Peugeot TotalEnergies,Peugeot,GF,22.680,29.012,41.078,
94,2,28,1:38.239,0,B,22.589,0,28.947,1,46.703,0,167.2,48:39.655,16:18:39.655,0:22.589,0:28.947,0:46.703,299.2,Gustavo MENEZES,,HYPERCAR,H,Peugeot TotalEnergies,Peugeot,GF,22.589,28.947,46.703,
94,3,29,5:34.354,0,,4:23.463,0,29.712,0,41.179,0,49.1,54:14.009,16:24:14.009,4:23.463,0:29.712,0:41.179,147.9,Stoffel VANDOORNE,0:04:02.553,HYPERCAR,H,Peugeot TotalEnergies,Peugeot,GF,263.463,29.712,41.179,
94,3,30,1:33.850,0,,23.091,0,29.414,0,41.345,0,175.0,55:47.859,16:25:47.859,0:23.091,0:29.414,0:41.345,279.1,Stoffel VANDOORNE,,HYPERCAR,H,Peugeot TotalEnergies,Peugeot,GF,23.091,29.414,41.345,
94,3,31,1:33.723,0,,22.932,0,29.588,0,41.203,0,175.3,57:21.582,16:27:21.582,0:22.932,0:29.588,0:41.203,300.8,Stoffel VANDOORNE,,HYPERCAR,H,Peugeot TotalEnergies,Peugeot,GF,22.932,29.588,41.203,
94,3,32,1:33.254,0,,22.765,0,29.470,0,41.019,0,176.2,58:54.836,16:28:54.836,0:22.765,0:29.470,0:41.019,307.7,Stoffel VANDOORNE,,HYPERCAR,H,Peugeot TotalEnergies,Peugeot,GF,22.765,29.470,41.019,
94,3,33,1:33.546,0,,22.606,1,29.427,0,41.513,0,175.6,1:00:28.382,16:30:28.382,0:22.606,0:29.427,0:41.513,308.6,Stoffel VANDOORNE,,HYPERCAR,H,Peugeot TotalEnergies,Peugeot,GF,22.606,29.427,41.513,
94,3,34,1:33.358,0,,22.658,0,29.421,0,41.279,0,176.0,1:02:01.740,16:32:01.740,0:22.658,0:29.421,0:41.279,306.8,Stoffel VANDOORNE,,HYPERCAR,H,Peugeot TotalEnergies,Peugeot,FCY,22.658,29.421,41.279,
94,3,35,3:19.935,0,B,54.690,0,1:07.504,0,1:17.741,0,82.2,1:05:21.675,16:35:21.675,0:54.690,1:07.504,1:17.741,79.5,Stoffel VANDOORNE,,HYPERCAR,H,Peugeot TotalEnergies,Peugeot,FCY,54.690,67.504,77.741,
94,3,36,6:16.064,0,,5:03.013,0,29.824,0,43.227,0,43.7,1:11:37.739,16:41:37.739,5:03.013,0:29.824,0:43.227,130.4,Stoffel VANDOORNE,0:04:41.664,HYPERCAR,H,Peugeot TotalEnergies,Peugeot,GF,303.013,29.824,43.227,
94,3,37,1:33.906,0,,23.053,0,29.776,0,41.077,0,174.9,1:13:11.645,16:43:11.645,0:23.053,0:29.776,0:41.077,281.2,Stoffel VANDOORNE,,HYPERCAR,H,Peugeot TotalEnergies,Peugeot,GF,23.053,29.776,41.077,
94,3,38,1:33.282,0,,22.985,0,29.247,1,41.050,0,176.1,1:14:44.927,16:44:44.927,0:22.985,0:29.247,0:41.050,,Stoffel VANDOORNE,,HYPERCAR,H,Peugeot TotalEnergies,Peugeot,GF,22.985,29.247,41.050,
94,3,39,1:33.115,0,,22.738,0,29.373,0,41.004,0,176.4,1:16:18.042,16:46:18.042,0:22.738,0:29.373,0:41.004,294.3,Stoffel VANDOORNE,,HYPERCAR,H,Peugeot TotalEnergies,Peugeot,GF,22.738,29.373,41.004,
94,3,40,1:33.911,0,,22.791,0,29.864,0,41.256,0,174.9,1:17:51.953,16:47:51.953,0:22.791,0:29.864,0:41.256,302.5,Stoffel VANDOORNE,,HYPERCAR,H,Peugeot TotalEnergies,Peugeot,GF,22.791,29.864,41.256,
94,3,41,1:33.858,0,,23.308,0,29.637,0,40.913,1,175.0,1:19:25.811,16:49:25.811,0:23.308,0:29.637,0:40.913,300.0,Stoffel VANDOORNE,,HYPERCAR,H,Peugeot TotalEnergies,Peugeot,GF,23.308,29.637,40.913,
94,3,42,1:34.854,0,,23.178,0,30.068,0,41.608,0,173.2,1:21:00.665,16:51:00.665,0:23.178,0:30.068,0:41.608,279.1,Stoffel VANDOORNE,,HYPERCAR,H,Peugeot TotalEnergies,Peugeot,GF,23.178,30.068,41.608,
94,3,43,1:34.024,0,,23.183,0,29.623,0,41.218,0,174.7,1:22:34.689,16:52:34.689,0:23.183,0:29.623,0:41.218,260.9,Stoffel VANDOORNE,,HYPERCAR,H,Peugeot TotalEnergies,Peugeot,GF,23.183,29.623,41.218,
94,3,44,1:33.782,0,,22.943,0,29.303,0,41.536,0,175.2,1:24:08.471,16:54:08.471,0:22.943,0:29.303,0:41.536,291.1,Stoffel VANDOORNE,,HYPERCAR,H,Peugeot TotalEnergies,Peugeot,GF,22.943,29.303,41.536,
94,3,45,1:33.832,0,,22.781,0,29.589,0,41.462,0,175.1,1:25:42.303,16:55:42.303,0:22.781,0:29.589,0:41.462,297.5,Stoffel VANDOORNE,,HYPERCAR,H,Peugeot TotalEnergies,Peugeot,GF,22.781,29.589,41.462,
94,3,46,1:33.577,0,,22.894,0,29.725,0,40.958,0,175.5,1:27:15.880,16:57:15.880,0:22.894,0:29.725,0:40.958,294.3,Stoffel VANDOORNE,,HYPERCAR,H,Peugeot TotalEnergies,Peugeot,GF,22.894,29.725,40.958,
94,3,47,1:33.685,0,,23.082,0,29.371,0,41.232,0,175.3,1:28:49.565,16:58:49.565,0:23.082,0:29.371,0:41.232,292.7,Stoffel VANDOORNE,,HYPERCAR,H,Peugeot TotalEnergies,Peugeot,GF,23.082,29.371,41.232,
94,3,48,1:33.583,0,,22.845,0,29.521,0,41.217,0,175.5,1:30:23.148,17:00:23.148,0:22.845,0:29.521,0:41.217,296.7,Stoffel VANDOORNE,,HYPERCAR,H,Peugeot TotalEnergies,Peugeot,FF,22.845,29.521,41.217,
98,2,1,2:34.525,0,,1:10.333,0,37.755,0,46.437,0,99.2,2:34.525,15:32:34.525,1:10.333,0:37.755,0:46.437,120.3,Daniel MANCINELLI,0:00:43.193,LMGTE Am,,NorthWest AMR,Aston Martin,GF,70.333,37.755,46.437,
98,2,2,1:44.450,0,,26.710,0,34.010,0,43.730,0,157.3,4:18.975,15:34:18.975,0:26.710,0:34.010,0:43.730,199.3,Daniel MANCINELLI,,LMGTE Am,,NorthWest AMR,Aston Martin,GF,26.710,34.010,43.730,
98,2,3,1:41.012,0,,25.517,0,32.278,0,43.217,0,162.6,5:59.987,15:35:59.987,0:25.517,0:32.278,0:43.217,236.8,Daniel MANCINELLI,,LMGTE Am,,NorthWest AMR,Aston Martin,GF,25.517,32.278,43.217,
98,2,4,1:39.851,0,,25.036,0,31.549,0,43.266,0,164.5,7:39.838,15:37:39.838,0:25.036,0:31.549,0:43.266,260.9,Daniel MANCINELLI,,LMGTE Am,,NorthWest AMR,Aston Martin,GF,25.036,31.549,43.266,
98,2,5,1:39.721,0,,25.023,0,31.641,0,43.057,0,164.7,9:19.559,15:39:19.559,0:25.023,0:31.641,0:43.057,261.5,Daniel MANCINELLI,,LMGTE Am,,NorthWest AMR,Aston Martin,GF,25.023,31.641,43.057,
98,2,6,1:39.282,0,,24.956,0,31.375,0,42.951,2,165.5,10:58.841,15:40:58.841,0:24.956,0:31.375,0:42.951,260.9,Daniel MANCINELLI,,LMGTE Am,,NorthWest AMR,Aston Martin,GF,24.956,31.375,42.951,
98,2,7,1:40.328,0,,24.806,0,31.144,0,44.378,0,163.7,12:39.169,15:42:39.169,0:24.806,0:31.144,0:44.378,262.8,Daniel MANCINELLI,,LMGTE Am,,NorthWest AMR,Aston Martin,GF,24.806,31.144,44.378,
98,2,8,1:39.769,0,,24.961,0,31.264,0,43.544,0,164.6,14:18.938,15:44:18.938,0:24.961,0:31.264,0:43.544,261.5,Daniel MANCINELLI,,LMGTE Am,,NorthWest AMR,Aston Martin,GF,24.961,31.264,43.544,
98,2,9,1:39.227,0,,24.837,0,31.295,0,43.095,0,165.5,15:58.165,15:45:58.165,0:24.837,0:31.295,0:43.095,264.7,Daniel MANCINELLI,,LMGTE Am,,NorthWest AMR,Aston Martin,GF,24.837,31.295,43.095,
98,2,10,1:39.352,0,,24.797,0,31.432,0,43.123,0,165.3,17:37.517,15:47:37.517,0:24.797,0:31.432,0:43.123,266.0,Daniel MANCINELLI,,LMGTE Am,,NorthWest AMR,Aston Martin,GF,24.797,31.432,43.123,
98,2,11,1:39.227,0,,24.757,0,31.358,0,43.112,0,165.5,19:16.744,15:49:16.744,0:24.757,0:31.358,0:43.112,265.4,Daniel MANCINELLI,,LMGTE Am,,NorthWest AMR,Aston Martin,GF,24.757,31.358,43.112,
98,2,12,1:39.238,0,,24.630,2,31.329,0,43.279,0,165.5,20:55.982,15:50:55.982,0:24.630,0:31.329,0:43.279,264.1,Daniel MANCINELLI,,LMGTE Am,,NorthWest AMR,Aston Martin,GF,24.630,31.329,43.279,
98,2,13,1:39.326,0,,24.821,0,31.240,0,43.265,0,165.4,22:35.308,15:52:35.308,0:24.821,0:31.240,0:43.265,264.1,Daniel MANCINELLI,,LMGTE Am,,NorthWest AMR,Aston Martin,GF,24.821,31.240,43.265,
98,2,14,1:39.135,2,,24.806,0,30.997,2,43.332,0,165.7,24:14.443,15:54:14.443,0:24.806,0:30.997,0:43.332,263.4,Daniel MANCINELLI,,LMGTE Am,,NorthWest AMR,Aston Martin,GF,24.806,30.997,43.332,
98,2,15,1:46.352,0,B,24.816,0,31.431,0,50.105,0,154.5,26:00.795,15:56:00.795,0:24.816,0:31.431,0:50.105,264.1,Daniel MANCINELLI,,LMGTE Am,,NorthWest AMR,Aston Martin,GF,24.816,31.431,50.105,
98,1,16,3:33.513,0,,2:13.397,0,35.044,0,45.072,0,76.9,29:34.308,15:59:34.308,2:13.397,0:35.044,0:45.072,135.8,Ian JAMES,0:01:51.287,LMGTE Am,,NorthWest AMR,Aston Martin,GF,133.397,35.044,45.072,
98,1,17,1:43.134,0,,25.491,0,32.819,0,44.824,0,159.3,31:17.442,16:01:17.442,0:25.491,0:32.819,0:44.824,251.7,Ian JAMES,,LMGTE Am,,NorthWest AMR,Aston Martin,GF,25.491,32.819,44.824,
98,1,18,1:43.566,0,,25.855,0,33.131,0,44.580,0,158.6,33:01.008,16:03:01.008,0:25.855,0:33.131,0:44.580,255.9,Ian JAMES,,LMGTE Am,,NorthWest AMR,Aston Martin,GF,25.855,33.131,44.580,
98,1,19,1:43.196,0,,25.672,0,33.074,0,44.450,0,159.2,34:44.204,16:04:44.204,0:25.672,0:33.074,0:44.450,256.5,Ian JAMES,,LMGTE Am,,NorthWest AMR,Aston Martin,GF,25.672,33.074,44.450,
98,1,20,1:42.801,0,,25.391,0,32.816,0,44.594,0,159.8,36:27.005,16:06:27.005,0:25.391,0:32.816,0:44.594,256.5,Ian JAMES,,LMGTE Am,,NorthWest AMR,Aston Martin,GF,25.391,32.816,44.594,
98,1,21,1:42.217,0,,25.334,0,32.665,0,44.218,0,160.7,38:09.222,16:08:09.222,0:25.334,0:32.665,0:44.218,259.0,Ian JAMES,,LMGTE Am,,NorthWest AMR,Aston Martin,GF,25.334,32.665,44.218,
98,1,22,1:42.555,0,,25.534,0,32.627,0,44.394,0,160.2,39:51.777,16:09:51.777,0:25.534,0:32.627,0:44.394,245.5,Ian JAMES,,LMGTE Am,,NorthWest AMR,Aston Martin,GF,25.534,32.627,44.394,
98,1,23,1:41.855,0,,25.215,0,32.448,0,44.192,0,161.3,41:33.632,16:11:33.632,0:25.215,0:32.448,0:44.192,259.0,Ian JAMES,,LMGTE Am,,NorthWest AMR,Aston Martin,GF,25.215,32.448,44.192,
98,1,24,1:42.359,0,,25.259,0,32.709,0,44.391,0,160.5,43:15.991,16:13:15.991,0:25.259,0:32.709,0:44.391,260.2,Ian JAMES,,LMGTE Am,,NorthWest AMR,Aston Martin,GF,25.259,32.709,44.391,
98,1,25,1:42.157,0,,25.395,0,32.410,0,44.352,0,160.8,44:58.148,16:14:58.148,0:25.395,0:32.410,0:44.352,259.0,Ian JAMES,,LMGTE Am,,NorthWest AMR,Aston Martin,GF,25.395,32.410,44.352,
98,1,26,1:41.521,0,,25.175,0,32.236,0,44.110,0,161.8,46:39.669,16:16:39.669,0:25.175,0:32.236,0:44.110,257.1,Ian JAMES,,LMGTE Am,,NorthWest AMR,Aston Martin,GF,25.175,32.236,44.110,
98,1,27,1:41.783,0,,25.067,1,32.423,0,44.293,0,161.4,48:21.452,16:18:21.452,0:25.067,0:32.423,0:44.293,263.4,Ian JAMES,,LMGTE Am,,NorthWest AMR,Aston Martin,GF,25.067,32.423,44.293,
98,1,28,1:41.305,0,,25.192,0,32.181,1,43.932,1,162.2,50:02.757,16:20:02.757,0:25.192,0:32.181,0:43.932,261.5,Ian JAMES,,LMGTE Am,,NorthWest AMR,Aston Martin,GF,25.192,32.181,43.932,
98,1,29,1:41.561,0,,25.235,0,32.311,0,44.015,0,161.7,51:44.318,16:21:44.318,0:25.235,0:32.311,0:44.015,259.0,Ian JAMES,,LMGTE Am,,NorthWest AMR,Aston Martin,GF,25.235,32.311,44.015,
98,1,30,1:52.984,0,B,25.269,0,34.063,0,53.652,0,145.4,53:37.302,16:23:37.302,0:25.269,0:34.063,0:53.652,262.1,Ian JAMES,,LMGTE Am,,NorthWest AMR,Aston Martin,GF,25.269,34.063,53.652,
98,3,31,3:46.557,0,,2:28.954,0,32.735,0,44.868,0,72.5,57:23.859,16:27:23.859,2:28.954,0:32.735,0:44.868,135.7,Alex RIBERAS,0:02:08.332,LMGTE Am,,NorthWest AMR,Aston Martin,GF,148.954,32.735,44.868,
98,3,32,1:41.511,0,,25.286,0,32.313,0,43.912,0,161.8,59:05.370,16:29:05.370,0:25.286,0:32.313,0:43.912,263.4,Alex RIBERAS,,LMGTE Am,,NorthWest AMR,Aston Martin,GF,25.286,32.313,43.912,
98,3,33,1:40.707,0,,25.065,0,31.983,0,43.659,0,163.1,1:00:46.077,16:30:46.077,0:25.065,0:31.983,0:43.659,264.1,Alex RIBERAS,,LMGTE Am,,NorthWest AMR,Aston Martin,GF,25.065,31.983,43.659,
98,3,34,2:09.808,0,B,25.241,0,31.816,0,1:12.751,0,126.5,1:02:55.885,16:32:55.885,0:25.241,0:31.816,1:12.751,254.1,Alex RIBERAS,,LMGTE Am,,NorthWest AMR,Aston Martin,FCY,25.241,31.816,72.751,
98,3,35,6:20.741,0,,5:01.085,0,34.162,0,45.494,0,43.1,1:09:16.626,16:39:16.626,5:01.085,0:34.162,0:45.494,132.8,Alex RIBERAS,0:04:38.618,LMGTE Am,,NorthWest AMR,Aston Martin,GF,301.085,34.162,45.494,
98,3,36,1:43.984,0,,25.312,0,32.561,0,46.111,0,158.0,1:11:00.610,16:41:00.610,0:25.312,0:32.561,0:46.111,255.3,Alex RIBERAS,,LMGTE Am,,NorthWest AMR,Aston Martin,GF,25.312,32.561,46.111,
98,3,37,1:39.516,0,,24.905,0,31.548,0,43.063,1,165.1,1:12:40.126,16:42:40.126,0:24.905,0:31.548,0:43.063,264.1,Alex RIBERAS,,LMGTE Am,,NorthWest AMR,Aston Martin,GF,24.905,31.548,43.063,
98,3,38,1:39.187,0,,24.847,0,31.360,0,42.980,0,165.6,1:14:19.313,16:44:19.313,0:24.847,0:31.360,0:42.980,264.7,Alex RIBERAS,,LMGTE Am,,NorthWest AMR,Aston Martin,GF,24.847,31.360,42.980,
98,3,39,1:39.373,0,,24.764,0,31.348,0,43.261,0,165.3,1:15:58.686,16:45:58.686,0:24.764,0:31.348,0:43.261,266.0,Alex RIBERAS,,LMGTE Am,,NorthWest AMR,Aston Martin,GF,24.764,31.348,43.261,
98,3,40,1:40.653,0,,24.837,0,31.775,0,44.041,0,163.2,1:17:39.339,16:47:39.339,0:24.837,0:31.775,0:44.041,267.3,Alex RIBERAS,,LMGTE Am,,NorthWest AMR,Aston Martin,GF,24.837,31.775,44.041,
98,3,41,1:39.378,0,,24.831,0,31.165,1,43.382,0,165.3,1:19:18.717,16:49:18.717,0:24.831,0:31.165,0:43.382,267.3,Alex RIBERAS,,LMGTE Am,,NorthWest AMR,Aston Martin,GF,24.831,31.165,43.382,
98,3,42,1:40.619,0,,24.887,0,31.450,0,44.282,0,163.3,1:20:59.336,16:50:59.336,0:24.887,0:31.450,0:44.282,268.0,Alex RIBERAS,,LMGTE Am,,NorthWest AMR,Aston Martin,GF,24.887,31.450,44.282,
98,3,43,1:40.221,0,,24.977,0,31.840,0,43.404,0,163.9,1:22:39.557,16:52:39.557,0:24.977,0:31.840,0:43.404,258.4,Alex RIBERAS,,LMGTE Am,,NorthWest AMR,Aston Martin,GF,24.977,31.840,43.404,
98,3,44,1:39.514,0,,24.925,0,31.471,0,43.118,0,165.1,1:24:19.071,16:54:19.071,0:24.925,0:31.471,0:43.118,267.3,Alex RIBERAS,,LMGTE Am,,NorthWest AMR,Aston Martin,GF,24.925,31.471,43.118,
98,3,45,1:39.227,0,,24.813,0,31.211,0,43.203,0,165.5,1:25:58.298,16:55:58.298,0:24.813,0:31.211,0:43.203,268.0,Alex RIBERAS,,LMGTE Am,,NorthWest AMR,Aston Martin,GF,24.813,31.211,43.203,
98,3,46,1:43.738,0,,24.670,1,32.355,0,46.713,0,158.3,1:27:42.036,16:57:42.036,0:24.670,0:32.355,0:46.713,269.3,Alex RIBERAS,,LMGTE Am,,NorthWest AMR,Aston Martin,GF,24.670,32.355,46.713,
98,3,47,1:40.400,0,,24.972,0,32.081,0,43.347,0,163.6,1:29:22.436,16:59:22.436,0:24.972,0:32.081,0:43.347,268.7,Alex RIBERAS,,LMGTE Am,,NorthWest AMR,Aston Martin,GF,24.972,32.081,43.347,
98,3,48,1:39.738,0,,25.063,0,31.520,0,43.155,0,164.7,1:31:02.174,17:01:02.174,0:25.063,0:31.520,0:43.155,268.7,Alex RIBERAS,,LMGTE Am,,NorthWest AMR,Aston Martin,FF,25.063,31.520,43.155,
99,1,1,30:56.111,0,,29:35.463,0,35.407,0,45.241,0,8.3,30:56.111,16:00:56.111,29:35.463,0:35.407,0:45.241,112.9,Neel JANI,0:29:08.173,HYPERCAR,H,Proton Competition,Porsche,GF,1775.463,35.407,45.241,
99,1,2,1:34.175,0,,23.709,0,29.916,0,40.550,0,174.4,32:30.286,16:02:30.286,0:23.709,0:29.916,0:40.550,246.6,Neel JANI,,HYPERCAR,H,Proton Competition,Porsche,GF,23.709,29.916,40.550,
99,1,3,1:34.741,0,,22.980,0,29.534,0,42.227,0,173.4,34:05.027,16:04:05.027,0:22.980,0:29.534,0:42.227,281.2,Neel JANI,,HYPERCAR,H,Proton Competition,Porsche,GF,22.980,29.534,42.227,
99,1,4,1:32.925,0,,22.874,0,29.475,0,40.576,0,176.8,35:37.952,16:05:37.952,0:22.874,0:29.475,0:40.576,288.0,Neel JANI,,HYPERCAR,H,Proton Competition,Porsche,GF,22.874,29.475,40.576,
99,1,5,1:32.602,0,,22.692,0,29.095,0,40.815,0,177.4,37:10.554,16:07:10.554,0:22.692,0:29.095,0:40.815,306.8,Neel JANI,,HYPERCAR,H,Proton Competition,Porsche,GF,22.692,29.095,40.815,
99,1,6,1:32.046,0,,22.663,0,28.923,0,40.460,2,178.5,38:42.600,16:08:42.600,0:22.663,0:28.923,0:40.460,304.2,Neel JANI,,HYPERCAR,H,Proton Competition,Porsche,GF,22.663,28.923,40.460,
99,1,7,1:32.544,0,,22.419,0,29.284,0,40.841,0,177.5,40:15.144,16:10:15.144,0:22.419,0:29.284,0:40.841,305.9,Neel JANI,,HYPERCAR,H,Proton Competition,Porsche,GF,22.419,29.284,40.841,
99,1,8,1:39.653,0,B,22.379,0,28.716,0,48.558,0,164.8,41:54.797,16:11:54.797,0:22.379,0:28.716,0:48.558,307.7,Neel JANI,,HYPERCAR,H,Proton Competition,Porsche,GF,22.379,28.716,48.558,
99,1,9,3:45.390,0,,2:29.983,0,33.003,0,42.404,0,72.9,45:40.187,16:15:40.187,2:29.983,0:33.003,0:42.404,152.1,Neel JANI,0:02:10.596,HYPERCAR,H,Proton Competition,Porsche,GF,149.983,33.003,42.404,
99,1,10,1:32.122,0,,22.279,0,28.956,0,40.887,0,178.3,47:12.309,16:17:12.309,0:22.279,0:28.956,0:40.887,305.1,Neel JANI,,HYPERCAR,H,Proton Competition,Porsche,GF,22.279,28.956,40.887,
99,1,11,1:31.403,2,,22.217,2,28.676,2,40.510,0,179.7,48:43.712,16:18:43.712,0:22.217,0:28.676,0:40.510,308.6,Neel JANI,,HYPERCAR,H,Proton Competition,Porsche,GF,22.217,28.676,40.510,
99,1,12,1:35.313,0,,22.646,0,29.062,0,43.605,0,172.3,50:19.025,16:20:19.025,0:22.646,0:29.062,0:43.605,304.2,Neel JANI,,HYPERCAR,H,Proton Competition,Porsche,GF,22.646,29.062,43.605,
99,1,13,1:39.771,0,,22.498,0,29.521,0,47.752,0,164.6,51:58.796,16:21:58.796,0:22.498,0:29.521,0:47.752,310.3,Neel JANI,,HYPERCAR,H,Proton Competition,Porsche,GF,22.498,29.521,47.752,
99,1,14,1:41.853,0,B,22.523,0,29.109,0,50.221,0,161.3,53:40.649,16:23:40.649,0:22.523,0:29.109,0:50.221,310.3,Neel JANI,,HYPERCAR,H,Proton Competition,Porsche,GF,22.523,29.109,50.221,
99,3,15,3:29.935,0,,2:18.987,0,29.809,0,41.139,0,78.2,57:10.584,16:27:10.584,2:18.987,0:29.809,0:41.139,154.7,Harry TINCKNELL,0:02:00.016,HYPERCAR,H,Proton Competition,Porsche,GF,138.987,29.809,41.139,
99,3,16,1:33.964,0,,23.554,0,29.495,0,40.915,0,174.8,58:44.548,16:28:44.548,0:23.554,0:29.495,0:40.915,280.5,Harry TINCKNELL,,HYPERCAR,H,Proton Competition,Porsche,GF,23.554,29.495,40.915,
99,3,17,1:33.761,0,,22.790,0,29.748,0,41.223,0,175.2,1:00:18.309,16:30:18.309,0:22.790,0:29.748,0:41.223,303.4,Harry TINCKNELL,,HYPERCAR,H,Proton Competition,Porsche,GF,22.790,29.748,41.223,
99,3,18,1:39.927,0,B,22.678,0,29.412,0,47.837,0,164.4,1:01:58.236,16:31:58.236,0:22.678,0:29.412,0:47.837,301.7,Harry TINCKNELL,,HYPERCAR,H,Proton Competition,Porsche,GF,22.678,29.412,47.837,
99,3,19,6:43.104,0,,5:33.243,0,29.043,0,40.818,1,40.8,1:08:41.340,16:38:41.340,5:33.243,0:29.043,0:40.818,157.7,Harry TINCKNELL,0:05:14.876,HYPERCAR,H,Proton Competition,Porsche,GF,333.243,29.043,40.818,
99,3,20,1:33.204,0,,22.747,0,29.525,0,40.932,0,176.2,1:10:14.544,16:40:14.544,0:22.747,0:29.525,0:40.932,307.7,Harry TINCKNELL,,HYPERCAR,H,Proton Competition,Porsche,GF,22.747,29.525,40.932,
99,3,21,1:32.273,0,,22.600,0,28.811,0,40.862,0,178.0,1:11:46.817,16:41:46.817,0:22.600,0:28.811,0:40.862,305.9,Harry TINCKNELL,,HYPERCAR,H,Proton Competition,Porsche,GF,22.600,28.811,40.862,
99,3,22,1:33.363,0,,22.623,0,29.399,0,41.341,0,175.9,1:13:20.180,16:43:20.180,0:22.623,0:29.399,0:41.341,307.7,Harry TINCKNELL,,HYPERCAR,H,Proton Competition,Porsche,GF,22.623,29.399,41.341,
99,3,23,1:32.232,0,,22.602,0,28.747,1,40.883,0,178.1,1:14:52.412,16:44:52.412,0:22.602,0:28.747,0:40.883,307.7,Harry TINCKNELL,,HYPERCAR,H,Proton Competition,Porsche,GF,22.602,28.747,40.883,
99,3,24,1:32.723,0,,22.459,1,28.803,0,41.461,0,177.2,1:16:25.135,16:46:25.135,0:22.459,0:28.803,0:41.461,310.3,Harry TINCKNELL,,HYPERCAR,H,Proton Competition,Porsche,GF,22.459,28.803,41.461,
99,3,25,1:40.139,0,B,22.691,0,29.032,0,48.416,0,164.0,1:18:05.274,16:48:05.274,0:22.691,0:29.032,0:48.416,308.6,Harry TINCKNELL,,HYPERCAR,H,Proton Competition,Porsche,GF,22.691,29.032,48.416,
99,2,26,7:37.881,0,,6:26.783,0,30.032,0,41.066,0,35.9,1:25:43.155,16:55:43.155,6:26.783,0:30.032,0:41.066,158.1,Gianmaria BRUNI,0:06:07.181,HYPERCAR,H,Proton Competition,Porsche,GF,386.783,30.032,41.066,
99,2,27,1:33.616,0,,23.116,0,29.656,1,40.844,1,175.5,1:27:16.771,16:57:16.771,0:23.116,0:29.656,0:40.844,283.5,Gianmaria BRUNI,,HYPERCAR,H,Proton Competition,Porsche,GF,23.116,29.656,40.844,
99,2,28,1:33.642,0,,22.745,0,29.853,0,41.044,0,175.4,1:28:50.413,16:58:50.413,0:22.745,0:29.853,0:41.044,300.8,Gianmaria BRUNI,,HYPERCAR,H,Proton Competition,Porsche,GF,22.745,29.853,41.044,
99,2,29,1:35.268,0,,22.709,1,30.069,0,42.490,0,172.4,1:30:25.681,17:00:25.681,0:22.709,0:30.069,0:42.490,302.5,Gianmaria BRUNI,,HYPERCAR,H,Proton Competition,Porsche,FF,22.709,30.069,42.490,
