NUMBER, DRIVER_NUMBER, LAP_NUMBER, LAP_TIME, LAP_IMPROVEMENT, CROSSING_FINISH_LINE_IN_PIT, S1, S1_IMPROVEMENT, S2, S2_IMPROVEMENT, S3, S3_IMPROVEMENT, KPH, ELAPSED, HOUR,S1_LARGE,S2_LARGE,S3_LARGE,TOP_SPEED,DRIVER_NAME,PIT_TIME,CLASS,GROUP,TEAM,MANUFACTURER,FLAG_AT_FL,
10,2,1,2:03.201,0,,58.820,0,37.192,0,27.189,0,92.5,2:03.201,09:02:03.201,0:58.820,0:37.192,0:27.189,175.7,Filipe Albuquerque,0:00:27.296,GTP,,Cadillac Wayne Taylor Racing,Cadillac,GF,
10,2,2,1:34.517,0,B,27.570,0,30.654,0,36.293,0,120.6,3:37.718,09:03:37.718,0:27.570,0:30.654,0:36.293,195.7,Filipe Albuquerque,,GTP,,Cadillac Wayne Taylor Racing,Cadillac,GF,
10,1,3,7:00.435,0,,6:03.991,0,31.766,0,24.678,0,27.1,10:38.153,09:10:38.153,6:03.991,0:31.766,0:24.678,182.5,Ricky Taylor,0:05:50.285,GTP,,Cadillac Wayne Taylor Racing,Cadillac,GF,
10,1,4,1:20.665,0,,26.901,0,29.601,0,24.163,0,141.3,11:58.818,09:11:58.818,0:26.901,0:29.601,0:24.163,198.9,Ricky Taylor,,GTP,,Cadillac Wayne Taylor Racing,Cadillac,GF,
10,1,5,1:19.177,0,,25.490,0,29.873,0,23.814,0,144.0,13:17.995,09:13:17.995,0:25.490,0:29.873,0:23.814,212.6,Ricky Taylor,,GTP,,Cadillac Wayne Taylor Racing,Cadillac,GF,
10,1,6,1:15.999,0,,25.155,0,28.321,0,22.523,0,150.0,14:33.994,09:14:33.994,0:25.155,0:28.321,0:22.523,234.1,Ricky Taylor,,GTP,,Cadillac Wayne Taylor Racing,Cadillac,GF,
10,1,7,1:17.575,0,,24.924,0,29.075,0,23.576,0,147.0,15:51.569,09:15:51.569,0:24.924,0:29.075,0:23.576,228.4,Ricky Taylor,,GTP,,Cadillac Wayne Taylor Racing,Cadillac,GF,
10,1,8,1:15.483,0,,24.463,0,28.209,0,22.811,0,151.1,17:07.052,09:17:07.052,0:24.463,0:28.209,0:22.811,214.4,Ricky Taylor,,GTP,,Cadillac Wayne Taylor Racing,Cadillac,GF,
10,1,9,1:16.377,0,,24.855,0,28.175,0,23.347,0,149.3,18:23.429,09:18:23.429,0:24.855,0:28.175,0:23.347,226.5,Ricky Taylor,,GTP,,Cadillac Wayne Taylor Racing,Cadillac,GF,
10,1,10,1:15.143,0,,24.317,0,27.681,1,23.145,0,151.7,19:38.572,09:19:38.572,0:24.317,0:27.681,0:23.145,228.4,Ricky Taylor,,GTP,,Cadillac Wayne Taylor Racing,Cadillac,GF,
10,1,11,1:14.325,0,,24.373,0,27.808,0,22.144,0,153.4,20:52.897,09:20:52.897,0:24.373,0:27.808,0:22.144,242.6,Ricky Taylor,,GTP,,Cadillac Wayne Taylor Racing,Cadillac,GF,
10,1,12,1:14.771,0,,24.289,0,28.353,0,22.129,0,152.5,22:07.668,09:22:07.668,0:24.289,0:28.353,0:22.129,242.6,Ricky Taylor,,GTP,,Cadillac Wayne Taylor Racing,Cadillac,GF,
10,1,13,1:16.348,0,,25.942,0,28.319,0,22.087,0,149.3,23:24.016,09:23:24.016,0:25.942,0:28.319,0:22.087,240.9,Ricky Taylor,,GTP,,Cadillac Wayne Taylor Racing,Cadillac,GF,
10,1,14,1:13.985,0,,24.168,1,27.800,0,22.017,1,154.1,24:38.001,09:24:38.001,0:24.168,0:27.800,0:22.017,243.1,Ricky Taylor,,GTP,,Cadillac Wayne Taylor Racing,Cadillac,GF,
10,1,15,1:16.993,0,,24.496,0,28.446,0,24.051,0,148.1,25:54.994,09:25:54.994,0:24.496,0:28.446,0:24.051,234.9,Ricky Taylor,,GTP,,Cadillac Wayne Taylor Racing,Cadillac,GF,
10,1,16,1:29.194,0,B,25.451,0,28.866,0,34.877,0,127.8,27:24.188,09:27:24.188,0:25.451,0:28.866,0:34.877,224.2,Ricky Taylor,,GTP,,Cadillac Wayne Taylor Racing,Cadillac,GF,
10,2,17,8:08.348,0,,7:15.314,0,30.079,0,22.955,0,23.3,35:32.536,09:35:32.536,7:15.314,0:30.079,0:22.955,212.3,Filipe Albuquerque,0:07:04.441,GTP,,Cadillac Wayne Taylor Racing,Cadillac,GF,
10,2,18,1:17.240,0,,25.417,0,28.804,0,23.019,0,147.6,36:49.776,09:36:49.776,0:25.417,0:28.804,0:23.019,219.3,Filipe Albuquerque,,GTP,,Cadillac Wayne Taylor Racing,Cadillac,GF,
10,2,19,1:15.240,0,,24.669,0,28.434,0,22.137,0,151.5,38:05.016,09:38:05.016,0:24.669,0:28.434,0:22.137,228.0,Filipe Albuquerque,,GTP,,Cadillac Wayne Taylor Racing,Cadillac,GF,
10,2,20,1:14.903,0,,24.564,0,28.252,0,22.087,0,152.2,39:19.919,09:39:19.919,0:24.564,0:28.252,0:22.087,235.7,Filipe Albuquerque,,GTP,,Cadillac Wayne Taylor Racing,Cadillac,GF,
10,2,21,1:14.633,0,,24.404,0,28.155,0,22.074,0,152.8,40:34.552,09:40:34.552,0:24.404,0:28.155,0:22.074,234.9,Filipe Albuquerque,,GTP,,Cadillac Wayne Taylor Racing,Cadillac,GF,
10,2,22,1:14.717,0,,24.322,0,28.133,0,22.262,0,152.6,41:49.269,09:41:49.269,0:24.322,0:28.133,0:22.262,236.6,Filipe Albuquerque,,GTP,,Cadillac Wayne Taylor Racing,Cadillac,GF,
10,2,23,1:14.076,0,,24.167,0,28.024,0,21.885,0,153.9,43:03.345,09:43:03.345,0:24.167,0:28.024,0:21.885,246.7,Filipe Albuquerque,,GTP,,Cadillac Wayne Taylor Racing,Cadillac,GF,
10,2,24,1:14.953,0,,24.364,0,28.189,0,22.400,0,152.1,44:18.298,09:44:18.298,0:24.364,0:28.189,0:22.400,240.9,Filipe Albuquerque,,GTP,,Cadillac Wayne Taylor Racing,Cadillac,GF,
10,2,25,1:15.068,0,,24.334,0,27.894,0,22.840,0,151.9,45:33.366,09:45:33.366,0:24.334,0:27.894,0:22.840,232.0,Filipe Albuquerque,,GTP,,Cadillac Wayne Taylor Racing,Cadillac,GF,
10,2,26,1:13.819,0,,24.115,0,27.739,0,21.965,0,154.5,46:47.185,09:46:47.185,0:24.115,0:27.739,0:21.965,247.6,Filipe Albuquerque,,GTP,,Cadillac Wayne Taylor Racing,Cadillac,GF,
10,2,27,1:17.056,0,,24.139,0,29.201,0,23.716,0,148.0,48:04.241,09:48:04.241,0:24.139,0:29.201,0:23.716,210.6,Filipe Albuquerque,,GTP,,Cadillac Wayne Taylor Racing,Cadillac,GF,
10,2,28,1:13.402,2,,24.023,2,27.613,2,21.766,2,155.3,49:17.643,09:49:17.643,0:24.023,0:27.613,0:21.766,249.5,Filipe Albuquerque,,GTP,,Cadillac Wayne Taylor Racing,Cadillac,GF,
10,2,29,1:30.021,0,B,25.009,0,29.262,0,35.750,0,126.7,50:47.664,09:50:47.664,0:25.009,0:29.262,0:35.750,194.5,Filipe Albuquerque,,GTP,,Cadillac Wayne Taylor Racing,Cadillac,GF,
10,2,30,5:04.115,0,,4:12.386,0,29.065,0,22.664,0,37.5,55:51.779,09:55:51.779,4:12.386,0:29.065,0:22.664,215.8,Filipe Albuquerque,0:04:04.212,GTP,,Cadillac Wayne Taylor Racing,Cadillac,GF,
10,2,31,1:18.288,0,,26.294,0,29.103,0,22.891,0,145.6,57:10.067,09:57:10.067,0:26.294,0:29.103,0:22.891,202.6,Filipe Albuquerque,,GTP,,Cadillac Wayne Taylor Racing,Cadillac,GF,
10,2,32,1:17.309,0,,25.037,0,28.187,0,24.085,0,147.5,58:27.376,09:58:27.376,0:25.037,0:28.187,0:24.085,242.2,Filipe Albuquerque,,GTP,,Cadillac Wayne Taylor Racing,Cadillac,GF,
10,2,33,1:18.181,0,,24.335,0,31.362,0,22.484,0,145.8,59:45.557,09:59:45.557,0:24.335,0:31.362,0:22.484,232.0,Filipe Albuquerque,,GTP,,Cadillac Wayne Taylor Racing,Cadillac,GF,
10,2,34,1:15.220,0,,25.022,0,28.136,0,22.062,0,151.6,1:01:00.777,10:01:00.777,0:25.022,0:28.136,0:22.062,245.8,Filipe Albuquerque,,GTP,,Cadillac Wayne Taylor Racing,Cadillac,FF,
12,1,1,2:10.367,0,B,51.616,0,38.748,0,40.003,0,87.5,2:10.367,09:02:10.367,0:51.616,0:38.748,0:40.003,172.1,Aaron Telitz,0:00:20.689,GTD,,Vasser Sullivan Racing,Lexus,GF,
12,1,2,4:39.512,0,,3:34.476,0,36.088,0,28.948,0,40.8,6:49.879,09:06:49.879,3:34.476,0:36.088,0:28.948,157.3,Aaron Telitz,0:03:20.369,GTD,,Vasser Sullivan Racing,Lexus,GF,
12,1,3,1:31.291,0,,29.610,0,34.138,0,27.543,0,124.9,8:21.170,09:08:21.170,0:29.610,0:34.138,0:27.543,152.8,Aaron Telitz,,GTD,,Vasser Sullivan Racing,Lexus,GF,
12,1,4,1:27.920,0,,28.151,0,33.277,0,26.492,0,129.7,9:49.090,09:09:49.090,0:28.151,0:33.277,0:26.492,204.1,Aaron Telitz,,GTD,,Vasser Sullivan Racing,Lexus,GF,
12,1,5,1:30.368,0,,29.616,0,33.976,0,26.776,0,126.2,11:19.458,09:11:19.458,0:29.616,0:33.976,0:26.776,108.3,Aaron Telitz,,GTD,,Vasser Sullivan Racing,Lexus,GF,
12,1,6,1:21.115,0,,26.622,0,30.420,0,24.073,0,140.6,12:40.573,09:12:40.573,0:26.622,0:30.420,0:24.073,214.4,Aaron Telitz,,GTD,,Vasser Sullivan Racing,Lexus,GF,
12,1,7,1:19.915,0,,25.903,0,30.210,0,23.802,0,142.7,14:00.488,09:14:00.488,0:25.903,0:30.210,0:23.802,214.0,Aaron Telitz,,GTD,,Vasser Sullivan Racing,Lexus,GF,
12,1,8,1:19.917,0,,26.005,0,30.102,0,23.810,0,142.7,15:20.405,09:15:20.405,0:26.005,0:30.102,0:23.810,213.7,Aaron Telitz,,GTD,,Vasser Sullivan Racing,Lexus,GF,
12,1,9,1:20.347,0,,26.401,0,30.162,0,23.784,0,141.9,16:40.752,09:16:40.752,0:26.401,0:30.162,0:23.784,213.7,Aaron Telitz,,GTD,,Vasser Sullivan Racing,Lexus,GF,
12,1,10,1:21.254,0,,26.917,0,30.415,0,23.922,0,140.3,18:02.006,09:18:02.006,0:26.917,0:30.415,0:23.922,208.3,Aaron Telitz,,GTD,,Vasser Sullivan Racing,Lexus,GF,
12,1,11,1:19.915,0,,26.223,0,30.047,0,23.645,1,142.7,19:21.921,09:19:21.921,0:26.223,0:30.047,0:23.645,210.3,Aaron Telitz,,GTD,,Vasser Sullivan Racing,Lexus,GF,
12,1,12,1:19.676,2,,25.995,0,29.975,2,23.706,0,143.1,20:41.597,09:20:41.597,0:25.995,0:29.975,0:23.706,203.2,Aaron Telitz,,GTD,,Vasser Sullivan Racing,Lexus,GF,
12,1,13,1:20.340,0,,25.865,2,30.803,0,23.672,0,141.9,22:01.937,09:22:01.937,0:25.865,0:30.803,0:23.672,213.0,Aaron Telitz,,GTD,,Vasser Sullivan Racing,Lexus,GF,
12,1,14,1:31.752,0,B,25.986,0,30.536,0,35.230,0,124.3,23:33.689,09:23:33.689,0:25.986,0:30.536,0:35.230,214.0,Aaron Telitz,,GTD,,Vasser Sullivan Racing,Lexus,GF,
12,2,15,10:25.082,0,,9:27.561,0,32.692,0,24.829,0,18.2,33:58.771,09:33:58.771,9:27.561,0:32.692,0:24.829,210.3,Benjamin Pedersen,0:09:15.182,GTD,,Vasser Sullivan Racing,Lexus,GF,
12,2,16,1:22.146,0,,27.018,0,31.028,0,24.100,0,138.8,35:20.917,09:35:20.917,0:27.018,0:31.028,0:24.100,211.3,Benjamin Pedersen,,GTD,,Vasser Sullivan Racing,Lexus,GF,
12,2,17,1:21.595,0,,27.065,0,30.614,0,23.916,0,139.7,36:42.512,09:36:42.512,0:27.065,0:30.614,0:23.916,212.6,Benjamin Pedersen,,GTD,,Vasser Sullivan Racing,Lexus,GF,
12,2,18,1:20.332,0,,26.202,0,30.431,0,23.699,0,141.9,38:02.844,09:38:02.844,0:26.202,0:30.431,0:23.699,212.0,Benjamin Pedersen,,GTD,,Vasser Sullivan Racing,Lexus,GF,
12,2,19,1:20.812,0,,26.111,0,30.965,0,23.736,0,141.1,39:23.656,09:39:23.656,0:26.111,0:30.965,0:23.736,213.7,Benjamin Pedersen,,GTD,,Vasser Sullivan Racing,Lexus,GF,
12,2,20,1:20.078,0,,26.135,0,30.328,0,23.615,0,142.4,40:43.734,09:40:43.734,0:26.135,0:30.328,0:23.615,213.7,Benjamin Pedersen,,GTD,,Vasser Sullivan Racing,Lexus,GF,
12,2,21,1:20.084,0,,26.120,0,30.253,0,23.711,0,142.4,42:03.818,09:42:03.818,0:26.120,0:30.253,0:23.711,213.3,Benjamin Pedersen,,GTD,,Vasser Sullivan Racing,Lexus,GF,
12,2,22,1:20.102,0,,26.121,0,30.327,0,23.654,0,142.3,43:23.920,09:43:23.920,0:26.121,0:30.327,0:23.654,213.3,Benjamin Pedersen,,GTD,,Vasser Sullivan Racing,Lexus,GF,
12,2,23,1:21.987,0,,26.318,0,30.625,0,25.044,0,139.1,44:45.907,09:44:45.907,0:26.318,0:30.625,0:25.044,213.3,Benjamin Pedersen,,GTD,,Vasser Sullivan Racing,Lexus,GF,
12,2,24,1:19.937,0,,26.056,0,30.282,0,23.599,0,142.6,46:05.844,09:46:05.844,0:26.056,0:30.282,0:23.599,213.3,Benjamin Pedersen,,GTD,,Vasser Sullivan Racing,Lexus,GF,
12,2,25,1:19.761,0,,26.018,0,30.235,0,23.508,2,143.0,47:25.605,09:47:25.605,0:26.018,0:30.235,0:23.508,213.0,Benjamin Pedersen,,GTD,,Vasser Sullivan Racing,Lexus,GF,
12,2,26,1:19.952,0,,26.036,0,30.197,1,23.719,0,142.6,48:45.557,09:48:45.557,0:26.036,0:30.197,0:23.719,213.3,Benjamin Pedersen,,GTD,,Vasser Sullivan Racing,Lexus,GF,
12,2,27,1:19.827,0,,25.988,0,30.289,0,23.550,0,142.8,50:05.384,09:50:05.384,0:25.988,0:30.289,0:23.550,213.3,Benjamin Pedersen,,GTD,,Vasser Sullivan Racing,Lexus,GF,
12,2,28,1:20.602,0,,25.959,1,30.370,0,24.273,0,141.5,51:25.986,09:51:25.986,0:25.959,0:30.370,0:24.273,212.0,Benjamin Pedersen,,GTD,,Vasser Sullivan Racing,Lexus,GF,
12,2,29,1:33.749,0,B,26.354,0,31.437,0,35.958,0,121.6,52:59.735,09:52:59.735,0:26.354,0:31.437,0:35.958,212.3,Benjamin Pedersen,,GTD,,Vasser Sullivan Racing,Lexus,GF,
12,2,30,5:09.839,0,,4:13.286,0,32.462,0,24.091,0,36.8,58:09.574,09:58:09.574,4:13.286,0:32.462,0:24.091,203.5,Benjamin Pedersen,0:04:02.311,GTD,,Vasser Sullivan Racing,Lexus,GF,
12,2,31,1:20.535,0,,26.296,0,30.613,0,23.626,0,141.6,59:30.109,09:59:30.109,0:26.296,0:30.613,0:23.626,212.6,Benjamin Pedersen,,GTD,,Vasser Sullivan Racing,Lexus,GF,
12,2,32,1:31.192,0,B,26.220,0,30.298,0,34.674,0,125.0,1:01:01.301,10:01:01.301,0:26.220,0:30.298,0:34.674,213.7,Benjamin Pedersen,,GTD,,Vasser Sullivan Racing,Lexus,FF,
120,1,1,2:15.372,0,,1:04.237,0,42.455,0,28.680,0,84.2,2:15.372,09:02:15.372,1:04.237,0:42.455,0:28.680,153.3,Adam Adelson,0:00:31.288,GTD,,Wright Motorsports,Porsche,GF,
120,1,2,1:31.437,0,,30.101,0,34.830,0,26.506,0,124.7,3:46.809,09:03:46.809,0:30.101,0:34.830,0:26.506,193.4,Adam Adelson,,GTD,,Wright Motorsports,Porsche,GF,
120,1,3,1:26.676,0,,29.007,0,32.487,0,25.182,0,131.5,5:13.485,09:05:13.485,0:29.007,0:32.487,0:25.182,204.4,Adam Adelson,,GTD,,Wright Motorsports,Porsche,GF,
120,1,4,1:25.210,0,,27.820,0,32.564,0,24.826,0,133.8,6:38.695,09:06:38.695,0:27.820,0:32.564,0:24.826,204.8,Adam Adelson,,GTD,,Wright Motorsports,Porsche,GF,
120,1,5,1:22.512,0,,26.848,0,31.126,0,24.538,0,138.2,8:01.207,09:08:01.207,0:26.848,0:31.126,0:24.538,206.7,Adam Adelson,,GTD,,Wright Motorsports,Porsche,GF,
120,1,6,1:21.351,0,,26.531,0,30.863,0,23.957,0,140.2,9:22.558,09:09:22.558,0:26.531,0:30.863,0:23.957,207.0,Adam Adelson,,GTD,,Wright Motorsports,Porsche,GF,
120,1,7,1:21.224,0,,26.555,0,30.772,0,23.897,1,140.4,10:43.782,09:10:43.782,0:26.555,0:30.772,0:23.897,208.0,Adam Adelson,,GTD,,Wright Motorsports,Porsche,GF,
120,1,8,1:23.374,0,,26.378,0,31.140,0,25.856,0,136.8,12:07.156,09:12:07.156,0:26.378,0:31.140,0:25.856,205.1,Adam Adelson,,GTD,,Wright Motorsports,Porsche,GF,
120,1,9,1:21.428,0,,26.520,0,31.008,0,23.900,0,140.0,13:28.584,09:13:28.584,0:26.520,0:31.008,0:23.900,208.3,Adam Adelson,,GTD,,Wright Motorsports,Porsche,GF,
120,1,10,1:21.073,0,,26.325,1,30.703,1,24.045,0,140.6,14:49.657,09:14:49.657,0:26.325,0:30.703,0:24.045,207.0,Adam Adelson,,GTD,,Wright Motorsports,Porsche,GF,
120,1,11,1:32.816,0,B,26.334,0,30.938,0,35.544,0,122.8,16:22.473,09:16:22.473,0:26.334,0:30.938,0:35.544,208.3,Adam Adelson,,GTD,,Wright Motorsports,Porsche,GF,
120,1,12,7:35.384,0,,6:39.595,0,31.516,0,24.273,0,25.0,23:57.857,09:23:57.857,6:39.595,0:31.516,0:24.273,206.7,Adam Adelson,0:06:30.031,GTD,,Wright Motorsports,Porsche,GF,
120,1,13,1:22.052,0,,26.624,0,31.057,0,24.371,0,139.0,25:19.909,09:25:19.909,0:26.624,0:31.057,0:24.371,205.7,Adam Adelson,,GTD,,Wright Motorsports,Porsche,GF,
120,1,14,1:21.471,0,,26.574,0,30.966,0,23.931,0,140.0,26:41.380,09:26:41.380,0:26.574,0:30.966,0:23.931,206.7,Adam Adelson,,GTD,,Wright Motorsports,Porsche,GF,
120,1,15,1:21.477,0,,26.505,0,31.028,0,23.944,0,139.9,28:02.857,09:28:02.857,0:26.505,0:31.028,0:23.944,207.0,Adam Adelson,,GTD,,Wright Motorsports,Porsche,GF,
120,1,16,1:21.889,0,,26.520,0,31.236,0,24.133,0,139.2,29:24.746,09:29:24.746,0:26.520,0:31.236,0:24.133,207.6,Adam Adelson,,GTD,,Wright Motorsports,Porsche,GF,
120,1,17,1:21.625,0,,26.552,0,31.060,0,24.013,0,139.7,30:46.371,09:30:46.371,0:26.552,0:31.060,0:24.013,206.7,Adam Adelson,,GTD,,Wright Motorsports,Porsche,GF,
120,1,18,1:21.963,0,,26.730,0,31.143,0,24.090,0,139.1,32:08.334,09:32:08.334,0:26.730,0:31.143,0:24.090,206.0,Adam Adelson,,GTD,,Wright Motorsports,Porsche,GF,
120,1,19,1:32.649,0,B,26.508,0,30.852,0,35.289,0,123.1,33:40.983,09:33:40.983,0:26.508,0:30.852,0:35.289,206.4,Adam Adelson,,GTD,,Wright Motorsports,Porsche,GF,
120,2,20,3:06.089,0,,2:08.499,0,32.497,0,25.093,0,61.3,36:47.072,09:36:47.072,2:08.499,0:32.497,0:25.093,207.6,Callum Ilott,0:01:57.248,GTD,,Wright Motorsports,Porsche,GF,
120,2,21,1:22.196,0,,26.585,0,31.357,0,24.254,0,138.7,38:09.268,09:38:09.268,0:26.585,0:31.357,0:24.254,208.3,Callum Ilott,,GTD,,Wright Motorsports,Porsche,GF,
120,2,22,1:21.320,0,,26.389,0,30.973,0,23.958,0,140.2,39:30.588,09:39:30.588,0:26.389,0:30.973,0:23.958,208.6,Callum Ilott,,GTD,,Wright Motorsports,Porsche,GF,
120,2,23,1:21.148,0,,26.337,0,30.606,0,24.205,0,140.5,40:51.736,09:40:51.736,0:26.337,0:30.606,0:24.205,208.6,Callum Ilott,,GTD,,Wright Motorsports,Porsche,GF,
120,2,24,1:22.738,0,,26.413,0,30.980,0,25.345,0,137.8,42:14.474,09:42:14.474,0:26.413,0:30.980,0:25.345,199.5,Callum Ilott,,GTD,,Wright Motorsports,Porsche,GF,
120,2,25,1:21.611,0,,26.409,0,30.873,0,24.329,0,139.7,43:36.085,09:43:36.085,0:26.409,0:30.873,0:24.329,208.6,Callum Ilott,,GTD,,Wright Motorsports,Porsche,GF,
120,2,26,1:22.134,0,,26.618,0,30.925,0,24.591,0,138.8,44:58.219,09:44:58.219,0:26.618,0:30.925,0:24.591,208.0,Callum Ilott,,GTD,,Wright Motorsports,Porsche,GF,
120,2,27,1:21.066,0,,26.331,0,30.748,0,23.987,0,140.6,46:19.285,09:46:19.285,0:26.331,0:30.748,0:23.987,207.6,Callum Ilott,,GTD,,Wright Motorsports,Porsche,GF,
120,2,28,1:21.900,0,,26.421,0,31.157,0,24.322,0,139.2,47:41.185,09:47:41.185,0:26.421,0:31.157,0:24.322,208.0,Callum Ilott,,GTD,,Wright Motorsports,Porsche,GF,
120,2,29,1:33.323,0,B,26.594,0,30.712,0,36.017,0,122.2,49:14.508,09:49:14.508,0:26.594,0:30.712,0:36.017,203.5,Callum Ilott,,GTD,,Wright Motorsports,Porsche,GF,
120,2,30,4:01.184,0,,3:05.814,0,31.339,0,24.031,0,47.3,53:15.692,09:53:15.692,3:05.814,0:31.339,0:24.031,210.3,Callum Ilott,0:02:56.932,GTD,,Wright Motorsports,Porsche,GF,
120,2,31,1:20.296,2,,26.081,0,30.388,2,23.827,2,142.0,54:35.988,09:54:35.988,0:26.081,0:30.388,0:23.827,209.3,Callum Ilott,,GTD,,Wright Motorsports,Porsche,GF,
120,2,32,1:22.524,0,,26.016,2,30.795,0,25.713,0,138.2,55:58.512,09:55:58.512,0:26.016,0:30.795,0:25.713,209.6,Callum Ilott,,GTD,,Wright Motorsports,Porsche,GF,
120,2,33,1:32.144,0,B,26.260,0,30.832,0,35.052,0,123.7,57:30.656,09:57:30.656,0:26.260,0:30.832,0:35.052,209.3,Callum Ilott,,GTD,,Wright Motorsports,Porsche,GF,
120,2,34,2:38.639,0,B,1:29.768,0,31.978,0,36.893,0,71.9,1:00:09.295,10:00:09.295,1:29.768,0:31.978,0:36.893,199.8,Callum Ilott,0:01:19.854,GTD,,Wright Motorsports,Porsche,FF,
13,1,1,2:06.818,0,B,48.248,0,37.350,0,41.220,0,89.9,2:06.818,09:02:06.818,0:48.248,0:37.350,0:41.220,191.2,Orey Fidani,0:00:16.733,GTD,B,13 Autosport,Chevrolet,GF,
13,1,2,3:45.730,0,,2:45.598,0,33.973,0,26.159,0,50.5,5:52.548,09:05:52.548,2:45.598,0:33.973,0:26.159,205.7,Orey Fidani,0:02:33.409,GTD,B,13 Autosport,Chevrolet,GF,
13,1,3,1:24.587,0,,27.677,0,31.967,0,24.943,0,134.8,7:17.135,09:07:17.135,0:27.677,0:31.967,0:24.943,211.0,Orey Fidani,,GTD,B,13 Autosport,Chevrolet,GF,
13,1,4,1:23.020,0,,27.066,0,31.580,0,24.374,0,137.3,8:40.155,09:08:40.155,0:27.066,0:31.580,0:24.374,211.3,Orey Fidani,,GTD,B,13 Autosport,Chevrolet,GF,
13,1,5,1:23.436,0,,27.843,0,31.250,0,24.343,0,136.7,10:03.591,09:10:03.591,0:27.843,0:31.250,0:24.343,212.0,Orey Fidani,,GTD,B,13 Autosport,Chevrolet,GF,
13,1,6,1:22.263,0,,26.913,0,30.974,0,24.376,0,138.6,11:25.854,09:11:25.854,0:26.913,0:30.974,0:24.376,213.3,Orey Fidani,,GTD,B,13 Autosport,Chevrolet,GF,
13,1,7,1:21.859,0,,26.704,0,30.907,0,24.248,0,139.3,12:47.713,09:12:47.713,0:26.704,0:30.907,0:24.248,212.6,Orey Fidani,,GTD,B,13 Autosport,Chevrolet,GF,
13,1,8,1:22.271,0,,26.393,0,30.829,0,25.049,0,138.6,14:09.984,09:14:09.984,0:26.393,0:30.829,0:25.049,206.0,Orey Fidani,,GTD,B,13 Autosport,Chevrolet,GF,
13,1,9,1:21.562,0,,26.441,0,30.957,0,24.164,0,139.8,15:31.546,09:15:31.546,0:26.441,0:30.957,0:24.164,212.6,Orey Fidani,,GTD,B,13 Autosport,Chevrolet,GF,
13,1,10,1:25.473,0,,28.106,0,33.280,0,24.087,0,133.4,16:57.019,09:16:57.019,0:28.106,0:33.280,0:24.087,214.0,Orey Fidani,,GTD,B,13 Autosport,Chevrolet,GF,
13,1,11,1:21.053,0,,26.373,0,30.813,0,23.867,1,140.7,18:18.072,09:18:18.072,0:26.373,0:30.813,0:23.867,207.6,Orey Fidani,,GTD,B,13 Autosport,Chevrolet,GF,
13,1,12,1:20.790,0,,26.217,1,30.678,0,23.895,0,141.1,19:38.862,09:19:38.862,0:26.217,0:30.678,0:23.895,215.1,Orey Fidani,,GTD,B,13 Autosport,Chevrolet,GF,
13,1,13,1:20.845,0,,26.258,0,30.673,0,23.914,0,141.0,20:59.707,09:20:59.707,0:26.258,0:30.673,0:23.914,215.8,Orey Fidani,,GTD,B,13 Autosport,Chevrolet,GF,
13,1,14,1:32.733,0,B,26.526,0,30.381,1,35.826,0,123.0,22:32.440,09:22:32.440,0:26.526,0:30.381,0:35.826,215.1,Orey Fidani,,GTD,B,13 Autosport,Chevrolet,GF,
13,2,15,3:21.244,0,,2:23.884,0,32.309,0,25.051,0,56.7,25:53.684,09:25:53.684,2:23.884,0:32.309,0:25.051,209.0,Matthew Bell,0:02:14.621,GTD,B,13 Autosport,Chevrolet,GF,
13,2,16,1:21.882,0,,26.503,0,30.991,0,24.388,0,139.2,27:15.566,09:27:15.566,0:26.503,0:30.991,0:24.388,215.1,Matthew Bell,,GTD,B,13 Autosport,Chevrolet,GF,
13,2,17,1:20.733,0,,26.370,0,30.534,0,23.829,0,141.2,28:36.299,09:28:36.299,0:26.370,0:30.534,0:23.829,212.6,Matthew Bell,,GTD,B,13 Autosport,Chevrolet,GF,
13,2,18,1:20.741,0,,26.042,0,30.699,0,24.000,0,141.2,29:57.040,09:29:57.040,0:26.042,0:30.699,0:24.000,212.6,Matthew Bell,,GTD,B,13 Autosport,Chevrolet,GF,
13,2,19,1:21.050,0,,26.149,0,30.392,0,24.509,0,140.7,31:18.090,09:31:18.090,0:26.149,0:30.392,0:24.509,215.1,Matthew Bell,,GTD,B,13 Autosport,Chevrolet,GF,
13,2,20,1:20.774,0,,26.121,0,30.798,0,23.855,0,141.2,32:38.864,09:32:38.864,0:26.121,0:30.798,0:23.855,213.7,Matthew Bell,,GTD,B,13 Autosport,Chevrolet,GF,
13,2,21,1:31.820,0,B,26.180,0,30.461,0,35.179,0,124.2,34:10.684,09:34:10.684,0:26.180,0:30.461,0:35.179,214.4,Matthew Bell,,GTD,B,13 Autosport,Chevrolet,GF,
13,2,22,9:21.271,0,,8:26.723,0,30.814,0,23.734,0,20.3,43:31.955,09:43:31.955,8:26.723,0:30.814,0:23.734,214.0,Matthew Bell,0:08:17.981,GTD,B,13 Autosport,Chevrolet,GF,
13,2,23,1:20.310,0,,26.279,0,30.334,0,23.697,0,142.0,44:52.265,09:44:52.265,0:26.279,0:30.334,0:23.697,214.4,Matthew Bell,,GTD,B,13 Autosport,Chevrolet,GF,
13,2,24,1:19.865,0,,25.931,0,30.163,0,23.771,0,142.8,46:12.130,09:46:12.130,0:25.931,0:30.163,0:23.771,214.7,Matthew Bell,,GTD,B,13 Autosport,Chevrolet,GF,
13,2,25,1:19.905,0,,26.069,0,30.350,0,23.486,2,142.7,47:32.035,09:47:32.035,0:26.069,0:30.350,0:23.486,215.1,Matthew Bell,,GTD,B,13 Autosport,Chevrolet,GF,
13,2,26,1:19.675,0,,25.916,0,30.119,0,23.640,0,143.1,48:51.710,09:48:51.710,0:25.916,0:30.119,0:23.640,215.8,Matthew Bell,,GTD,B,13 Autosport,Chevrolet,GF,
13,2,27,1:32.434,0,B,26.159,0,30.975,0,35.300,0,123.4,50:24.144,09:50:24.144,0:26.159,0:30.975,0:35.300,216.5,Matthew Bell,,GTD,B,13 Autosport,Chevrolet,GF,
13,2,28,2:46.860,0,,1:48.580,0,31.840,0,26.440,0,68.3,53:11.004,09:53:11.004,1:48.580,0:31.840,0:26.440,211.0,Matthew Bell,0:01:39.405,GTD,B,13 Autosport,Chevrolet,GF,
13,2,29,1:19.824,0,,25.841,0,30.280,0,23.703,0,142.8,54:30.828,09:54:30.828,0:25.841,0:30.280,0:23.703,216.1,Matthew Bell,,GTD,B,13 Autosport,Chevrolet,GF,
13,2,30,1:23.611,0,,26.373,0,32.417,0,24.821,0,136.4,55:54.439,09:55:54.439,0:26.373,0:32.417,0:24.821,189.5,Matthew Bell,,GTD,B,13 Autosport,Chevrolet,GF,
13,2,31,1:22.615,0,,26.151,0,30.339,0,26.125,0,138.0,57:17.054,09:57:17.054,0:26.151,0:30.339,0:26.125,215.4,Matthew Bell,,GTD,B,13 Autosport,Chevrolet,GF,
13,2,32,1:19.613,0,,25.888,0,30.005,2,23.720,0,143.2,58:36.667,09:58:36.667,0:25.888,0:30.005,0:23.720,215.4,Matthew Bell,,GTD,B,13 Autosport,Chevrolet,GF,
13,2,33,1:21.574,0,,26.426,0,30.222,0,24.926,0,139.8,59:58.241,09:59:58.241,0:26.426,0:30.222,0:24.926,213.7,Matthew Bell,,GTD,B,13 Autosport,Chevrolet,GF,
13,2,34,1:19.226,2,,25.694,2,30.029,0,23.503,0,143.9,1:01:17.467,10:01:17.467,0:25.694,0:30.029,0:23.503,215.4,Matthew Bell,,GTD,B,13 Autosport,Chevrolet,FF,
16,2,1,2:30.920,0,B,1:15.194,0,35.798,0,39.928,0,75.5,2:30.920,09:02:30.920,1:15.194,0:35.798,0:39.928,170.7,Felipe Fraga,0:00:44.362,GTD,B,Myers Riley Motorsports,Ford,GF,
16,2,2,3:19.763,0,,2:18.673,0,33.572,0,27.518,0,57.1,5:50.683,09:05:50.683,2:18.673,0:33.572,0:27.518,187.4,Felipe Fraga,0:02:07.146,GTD,B,Myers Riley Motorsports,Ford,GF,
16,2,3,1:25.404,0,,27.986,0,31.603,0,25.815,0,133.5,7:16.087,09:07:16.087,0:27.986,0:31.603,0:25.815,206.4,Felipe Fraga,,GTD,B,Myers Riley Motorsports,Ford,GF,
16,2,4,1:22.230,0,,27.030,0,30.807,0,24.393,0,138.7,8:38.317,09:08:38.317,0:27.030,0:30.807,0:24.393,212.0,Felipe Fraga,,GTD,B,Myers Riley Motorsports,Ford,GF,
16,2,5,1:20.695,0,,26.475,0,30.420,0,23.800,0,141.3,9:59.012,09:09:59.012,0:26.475,0:30.420,0:23.800,213.3,Felipe Fraga,,GTD,B,Myers Riley Motorsports,Ford,GF,
16,2,6,1:23.783,0,,27.972,0,30.572,0,25.239,0,136.1,11:22.795,09:11:22.795,0:27.972,0:30.572,0:25.239,213.7,Felipe Fraga,,GTD,B,Myers Riley Motorsports,Ford,GF,
16,2,7,1:21.331,0,,26.559,0,30.309,0,24.463,0,140.2,12:44.126,09:12:44.126,0:26.559,0:30.309,0:24.463,214.7,Felipe Fraga,,GTD,B,Myers Riley Motorsports,Ford,GF,
16,2,8,1:20.997,0,,26.344,0,30.737,0,23.916,0,140.8,14:05.123,09:14:05.123,0:26.344,0:30.737,0:23.916,213.3,Felipe Fraga,,GTD,B,Myers Riley Motorsports,Ford,GF,
16,2,9,1:20.450,0,,26.270,0,30.371,0,23.809,0,141.7,15:25.573,09:15:25.573,0:26.270,0:30.371,0:23.809,213.7,Felipe Fraga,,GTD,B,Myers Riley Motorsports,Ford,GF,
16,2,10,1:20.442,0,,26.411,0,30.257,2,23.774,0,141.7,16:46.015,09:16:46.015,0:26.411,0:30.257,0:23.774,214.4,Felipe Fraga,,GTD,B,Myers Riley Motorsports,Ford,GF,
16,2,11,1:20.634,0,,26.408,0,30.280,0,23.946,0,141.4,18:06.649,09:18:06.649,0:26.408,0:30.280,0:23.946,214.7,Felipe Fraga,,GTD,B,Myers Riley Motorsports,Ford,GF,
16,2,12,1:20.368,0,,26.255,0,30.296,0,23.817,0,141.9,19:27.017,09:19:27.017,0:26.255,0:30.296,0:23.817,213.0,Felipe Fraga,,GTD,B,Myers Riley Motorsports,Ford,GF,
16,2,13,1:22.647,0,,26.221,0,31.700,0,24.726,0,138.0,20:49.664,09:20:49.664,0:26.221,0:31.700,0:24.726,206.0,Felipe Fraga,,GTD,B,Myers Riley Motorsports,Ford,GF,
16,2,14,1:21.065,0,,26.368,0,30.707,0,23.990,0,140.7,22:10.729,09:22:10.729,0:26.368,0:30.707,0:23.990,213.7,Felipe Fraga,,GTD,B,Myers Riley Motorsports,Ford,GF,
16,2,15,1:20.378,0,,26.155,0,30.420,0,23.803,0,141.9,23:31.107,09:23:31.107,0:26.155,0:30.420,0:23.803,214.4,Felipe Fraga,,GTD,B,Myers Riley Motorsports,Ford,GF,
16,2,16,1:32.273,0,B,26.353,0,30.371,0,35.549,0,123.6,25:03.380,09:25:03.380,0:26.353,0:30.371,0:35.549,213.3,Felipe Fraga,,GTD,B,Myers Riley Motorsports,Ford,GF,
16,2,17,4:17.096,0,,3:22.487,0,30.789,0,23.820,0,44.3,29:20.476,09:29:20.476,3:22.487,0:30.789,0:23.820,213.7,Felipe Fraga,0:03:13.906,GTD,B,Myers Riley Motorsports,Ford,GF,
16,2,18,1:20.857,0,,26.359,0,30.665,0,23.833,0,141.0,30:41.333,09:30:41.333,0:26.359,0:30.665,0:23.833,213.0,Felipe Fraga,,GTD,B,Myers Riley Motorsports,Ford,GF,
16,2,19,1:20.230,0,,26.147,0,30.372,0,23.711,0,142.1,32:01.563,09:32:01.563,0:26.147,0:30.372,0:23.711,213.3,Felipe Fraga,,GTD,B,Myers Riley Motorsports,Ford,GF,
16,2,20,1:20.181,2,,26.129,2,30.443,0,23.609,2,142.2,33:21.744,09:33:21.744,0:26.129,0:30.443,0:23.609,213.3,Felipe Fraga,,GTD,B,Myers Riley Motorsports,Ford,GF,
16,2,21,1:32.000,0,B,26.203,0,30.512,0,35.285,0,123.9,34:53.744,09:34:53.744,0:26.203,0:30.512,0:35.285,212.3,Felipe Fraga,,GTD,B,Myers Riley Motorsports,Ford,GF,
16,1,22,3:30.419,0,,2:31.301,0,33.223,0,25.895,0,54.2,38:24.163,09:38:24.163,2:31.301,0:33.223,0:25.895,210.3,Sheena Monk,0:02:18.729,GTD,B,Myers Riley Motorsports,Ford,GF,
16,1,23,1:24.201,0,,27.731,0,31.748,0,24.722,0,135.4,39:48.364,09:39:48.364,0:27.731,0:31.748,0:24.722,212.3,Sheena Monk,,GTD,B,Myers Riley Motorsports,Ford,GF,
16,1,24,1:23.030,0,,27.110,0,31.442,0,24.478,0,137.3,41:11.394,09:41:11.394,0:27.110,0:31.442,0:24.478,213.0,Sheena Monk,,GTD,B,Myers Riley Motorsports,Ford,GF,
16,1,25,1:23.199,0,,27.196,0,31.259,0,24.744,0,137.0,42:34.593,09:42:34.593,0:27.196,0:31.259,0:24.744,211.6,Sheena Monk,,GTD,B,Myers Riley Motorsports,Ford,GF,
16,1,26,1:23.124,0,,27.276,0,31.619,0,24.229,0,137.2,43:57.717,09:43:57.717,0:27.276,0:31.619,0:24.229,214.0,Sheena Monk,,GTD,B,Myers Riley Motorsports,Ford,GF,
16,1,27,1:22.713,0,,26.984,0,31.307,0,24.422,0,137.8,45:20.430,09:45:20.430,0:26.984,0:31.307,0:24.422,214.7,Sheena Monk,,GTD,B,Myers Riley Motorsports,Ford,GF,
16,1,28,1:21.900,0,,26.864,0,30.934,1,24.102,1,139.2,46:42.330,09:46:42.330,0:26.864,0:30.934,0:24.102,213.7,Sheena Monk,,GTD,B,Myers Riley Motorsports,Ford,GF,
16,1,29,1:22.584,0,,26.791,0,31.078,0,24.715,0,138.1,48:04.914,09:48:04.914,0:26.791,0:31.078,0:24.715,213.3,Sheena Monk,,GTD,B,Myers Riley Motorsports,Ford,GF,
16,1,30,1:22.253,0,,26.942,0,31.025,0,24.286,0,138.6,49:27.167,09:49:27.167,0:26.942,0:31.025,0:24.286,213.0,Sheena Monk,,GTD,B,Myers Riley Motorsports,Ford,GF,
16,1,31,1:26.529,0,,27.178,0,32.998,0,26.353,0,131.8,50:53.696,09:50:53.696,0:27.178,0:32.998,0:26.353,146.9,Sheena Monk,,GTD,B,Myers Riley Motorsports,Ford,GF,
16,1,32,1:22.966,0,,27.337,0,31.170,0,24.459,0,137.4,52:16.662,09:52:16.662,0:27.337,0:31.170,0:24.459,213.0,Sheena Monk,,GTD,B,Myers Riley Motorsports,Ford,GF,
16,1,33,1:22.418,0,,26.966,0,31.110,0,24.342,0,138.3,53:39.080,09:53:39.080,0:26.966,0:31.110,0:24.342,212.3,Sheena Monk,,GTD,B,Myers Riley Motorsports,Ford,GF,
16,1,34,1:22.608,0,,26.987,0,31.062,0,24.559,0,138.0,55:01.688,09:55:01.688,0:26.987,0:31.062,0:24.559,205.7,Sheena Monk,,GTD,B,Myers Riley Motorsports,Ford,GF,
16,1,35,1:22.562,0,,26.860,0,31.108,0,24.594,0,138.1,56:24.250,09:56:24.250,0:26.860,0:31.108,0:24.594,212.6,Sheena Monk,,GTD,B,Myers Riley Motorsports,Ford,GF,
16,1,36,1:22.318,0,,26.754,0,31.018,0,24.546,0,138.5,57:46.568,09:57:46.568,0:26.754,0:31.018,0:24.546,213.7,Sheena Monk,,GTD,B,Myers Riley Motorsports,Ford,GF,
16,1,37,1:21.898,0,,26.614,1,31.041,0,24.243,0,139.2,59:08.466,09:59:08.466,0:26.614,0:31.041,0:24.243,212.6,Sheena Monk,,GTD,B,Myers Riley Motorsports,Ford,GF,
16,1,38,1:22.205,0,,26.746,0,31.063,0,24.396,0,138.7,1:00:30.671,10:00:30.671,0:26.746,0:31.063,0:24.396,214.4,Sheena Monk,,GTD,B,Myers Riley Motorsports,Ford,FF,
177,1,1,2:39.659,0,B,1:20.617,0,36.596,0,42.446,0,71.4,2:39.659,09:02:39.659,1:20.617,0:36.596,0:42.446,157.0,Harry King,0:00:50.832,GTD,,AO Racing,Porsche,GF,
177,1,2,2:19.320,0,,1:21.380,0,32.921,0,25.019,0,81.8,4:58.979,09:04:58.979,1:21.380,0:32.921,0:25.019,196.6,Harry King,0:01:10.475,GTD,,AO Racing,Porsche,GF,
177,1,3,1:23.931,0,,27.317,0,31.970,0,24.644,0,135.8,6:22.910,09:06:22.910,0:27.317,0:31.970,0:24.644,206.7,Harry King,,GTD,,AO Racing,Porsche,GF,
177,1,4,1:21.639,0,,26.633,0,31.045,0,23.961,0,139.7,7:44.549,09:07:44.549,0:26.633,0:31.045,0:23.961,205.4,Harry King,,GTD,,AO Racing,Porsche,GF,
177,1,5,1:23.037,0,,26.533,0,32.614,0,23.890,0,137.3,9:07.586,09:09:07.586,0:26.533,0:32.614,0:23.890,206.7,Harry King,,GTD,,AO Racing,Porsche,GF,
177,1,6,1:21.932,0,,26.413,0,30.800,0,24.719,0,139.2,10:29.518,09:10:29.518,0:26.413,0:30.800,0:24.719,206.4,Harry King,,GTD,,AO Racing,Porsche,GF,
177,1,7,1:20.965,0,,26.306,0,30.792,0,23.867,0,140.8,11:50.483,09:11:50.483,0:26.306,0:30.792,0:23.867,206.4,Harry King,,GTD,,AO Racing,Porsche,GF,
177,1,8,1:22.334,0,,26.315,0,30.858,0,25.161,0,138.5,13:12.817,09:13:12.817,0:26.315,0:30.858,0:25.161,207.0,Harry King,,GTD,,AO Racing,Porsche,GF,
177,1,9,1:20.462,0,,26.108,0,30.639,0,23.715,2,141.7,14:33.279,09:14:33.279,0:26.108,0:30.639,0:23.715,207.0,Harry King,,GTD,,AO Racing,Porsche,GF,
177,1,10,1:24.173,0,,26.455,0,30.664,0,27.054,0,135.5,15:57.452,09:15:57.452,0:26.455,0:30.664,0:27.054,204.4,Harry King,,GTD,,AO Racing,Porsche,GF,
177,1,11,1:20.319,0,,26.058,1,30.360,0,23.901,0,142.0,17:17.771,09:17:17.771,0:26.058,0:30.360,0:23.901,207.3,Harry King,,GTD,,AO Racing,Porsche,GF,
177,1,12,1:20.136,2,,26.071,0,30.340,2,23.725,0,142.3,18:37.907,09:18:37.907,0:26.071,0:30.340,0:23.725,207.3,Harry King,,GTD,,AO Racing,Porsche,GF,
177,1,13,1:31.263,0,B,26.083,0,30.787,0,34.393,0,124.9,20:09.170,09:20:09.170,0:26.083,0:30.787,0:34.393,206.4,Harry King,,GTD,,AO Racing,Porsche,GF,
177,1,14,8:55.446,0,,8:00.048,0,31.533,0,23.865,0,21.3,29:04.616,09:29:04.616,8:00.048,0:31.533,0:23.865,204.1,Harry King,0:07:50.840,GTD,,AO Racing,Porsche,GF,
177,1,15,1:20.783,0,,26.290,0,30.572,0,23.921,0,141.1,30:25.399,09:30:25.399,0:26.290,0:30.572,0:23.921,207.3,Harry King,,GTD,,AO Racing,Porsche,GF,
177,1,16,1:21.836,0,,27.155,0,30.857,0,23.824,0,139.3,31:47.235,09:31:47.235,0:27.155,0:30.857,0:23.824,207.0,Harry King,,GTD,,AO Racing,Porsche,GF,
177,1,17,1:20.565,0,,26.109,0,30.486,0,23.970,0,141.5,33:07.800,09:33:07.800,0:26.109,0:30.486,0:23.970,208.3,Harry King,,GTD,,AO Racing,Porsche,GF,
177,1,18,1:20.544,0,,26.191,0,30.428,0,23.925,0,141.6,34:28.344,09:34:28.344,0:26.191,0:30.428,0:23.925,208.3,Harry King,,GTD,,AO Racing,Porsche,GF,
177,1,19,1:32.131,0,B,26.389,0,30.675,0,35.067,0,123.8,36:00.475,09:36:00.475,0:26.389,0:30.675,0:35.067,208.3,Harry King,,GTD,,AO Racing,Porsche,GF,
177,2,20,3:28.463,0,,2:31.753,0,31.952,0,24.758,0,54.7,39:28.938,09:39:28.938,2:31.753,0:31.952,0:24.758,206.0,Mikkel Pedersen,0:02:22.121,GTD,,AO Racing,Porsche,GF,
177,2,21,1:22.190,0,,26.789,0,30.960,0,24.441,0,138.7,40:51.128,09:40:51.128,0:26.789,0:30.960,0:24.441,207.0,Mikkel Pedersen,,GTD,,AO Racing,Porsche,GF,
177,2,22,1:22.886,0,,26.491,0,30.960,0,25.435,0,137.6,42:14.014,09:42:14.014,0:26.491,0:30.960,0:25.435,194.5,Mikkel Pedersen,,GTD,,AO Racing,Porsche,GF,
177,2,23,1:21.567,0,,26.500,0,30.848,0,24.219,0,139.8,43:35.581,09:43:35.581,0:26.500,0:30.848,0:24.219,207.6,Mikkel Pedersen,,GTD,,AO Racing,Porsche,GF,
177,2,24,1:21.412,0,,26.371,0,30.979,0,24.062,0,140.1,44:56.993,09:44:56.993,0:26.371,0:30.979,0:24.062,207.0,Mikkel Pedersen,,GTD,,AO Racing,Porsche,GF,
177,2,25,1:21.143,0,,26.225,0,30.918,0,24.000,0,140.5,46:18.136,09:46:18.136,0:26.225,0:30.918,0:24.000,208.0,Mikkel Pedersen,,GTD,,AO Racing,Porsche,GF,
177,2,26,1:22.545,0,,26.187,0,31.228,0,25.130,0,138.1,47:40.681,09:47:40.681,0:26.187,0:31.228,0:25.130,198.6,Mikkel Pedersen,,GTD,,AO Racing,Porsche,GF,
177,2,27,1:21.626,0,,26.572,0,30.775,0,24.279,0,139.7,49:02.307,09:49:02.307,0:26.572,0:30.775,0:24.279,208.6,Mikkel Pedersen,,GTD,,AO Racing,Porsche,GF,
177,2,28,1:20.811,0,,26.139,0,30.714,0,23.958,0,141.1,50:23.118,09:50:23.118,0:26.139,0:30.714,0:23.958,208.3,Mikkel Pedersen,,GTD,,AO Racing,Porsche,GF,
177,2,29,1:20.817,0,,26.283,0,30.504,1,24.030,0,141.1,51:43.935,09:51:43.935,0:26.283,0:30.504,0:24.030,208.3,Mikkel Pedersen,,GTD,,AO Racing,Porsche,GF,
177,2,30,1:20.636,0,,26.096,0,30.600,0,23.940,1,141.4,53:04.571,09:53:04.571,0:26.096,0:30.600,0:23.940,208.6,Mikkel Pedersen,,GTD,,AO Racing,Porsche,GF,
177,2,31,1:20.862,0,,26.145,0,30.640,0,24.077,0,141.0,54:25.433,09:54:25.433,0:26.145,0:30.640,0:24.077,209.6,Mikkel Pedersen,,GTD,,AO Racing,Porsche,GF,
177,2,32,1:21.638,0,,26.614,0,30.741,0,24.283,0,139.7,55:47.071,09:55:47.071,0:26.614,0:30.741,0:24.283,207.6,Mikkel Pedersen,,GTD,,AO Racing,Porsche,GF,
177,2,33,1:21.226,0,,26.391,0,30.720,0,24.115,0,140.4,57:08.297,09:57:08.297,0:26.391,0:30.720,0:24.115,207.6,Mikkel Pedersen,,GTD,,AO Racing,Porsche,GF,
177,2,34,1:21.325,0,,26.374,0,30.898,0,24.053,0,140.2,58:29.622,09:58:29.622,0:26.374,0:30.898,0:24.053,205.4,Mikkel Pedersen,,GTD,,AO Racing,Porsche,GF,
177,2,35,1:21.719,0,,26.227,0,30.610,0,24.882,0,139.5,59:51.341,09:59:51.341,0:26.227,0:30.610,0:24.882,205.7,Mikkel Pedersen,,GTD,,AO Racing,Porsche,GF,
177,2,36,1:20.524,0,,26.055,2,30.511,0,23.958,0,141.6,1:01:11.865,10:01:11.865,0:26.055,0:30.511,0:23.958,207.6,Mikkel Pedersen,,GTD,,AO Racing,Porsche,FF,
19,1,1,2:39.060,0,B,1:17.317,0,38.256,0,43.487,0,71.7,2:39.060,09:02:39.060,1:17.317,0:38.256,0:43.487,148.0,Valentin Hasse Clot,0:00:45.492,GTD,,van der Steur Racing,Aston Martin,GF,
19,1,2,3:26.172,0,,2:26.077,0,33.719,0,26.376,0,55.3,6:05.232,09:06:05.232,2:26.077,0:33.719,0:26.376,203.8,Valentin Hasse Clot,0:02:14.574,GTD,,van der Steur Racing,Aston Martin,GF,
19,1,3,1:25.239,0,,27.935,0,31.956,0,25.348,0,133.8,7:30.471,09:07:30.471,0:27.935,0:31.956,0:25.348,207.0,Valentin Hasse Clot,,GTD,,van der Steur Racing,Aston Martin,GF,
19,1,4,1:24.409,0,,27.021,0,31.363,0,26.025,0,135.1,8:54.880,09:08:54.880,0:27.021,0:31.363,0:26.025,208.0,Valentin Hasse Clot,,GTD,,van der Steur Racing,Aston Martin,GF,
19,1,5,1:23.193,0,,26.855,0,31.300,0,25.038,0,137.1,10:18.073,09:10:18.073,0:26.855,0:31.300,0:25.038,212.0,Valentin Hasse Clot,,GTD,,van der Steur Racing,Aston Martin,GF,
19,1,6,1:31.167,0,,31.137,0,34.225,0,25.805,0,125.1,11:49.240,09:11:49.240,0:31.137,0:34.225,0:25.805,166.9,Valentin Hasse Clot,,GTD,,van der Steur Racing,Aston Martin,GF,
19,1,7,1:21.464,0,,26.724,0,30.609,0,24.131,0,140.0,13:10.704,09:13:10.704,0:26.724,0:30.609,0:24.131,212.0,Valentin Hasse Clot,,GTD,,van der Steur Racing,Aston Martin,GF,
19,1,8,1:20.876,0,,26.445,0,30.398,0,24.033,0,141.0,14:31.580,09:14:31.580,0:26.445,0:30.398,0:24.033,213.0,Valentin Hasse Clot,,GTD,,van der Steur Racing,Aston Martin,GF,
19,1,9,1:22.090,0,,26.378,0,31.478,0,24.234,0,138.9,15:53.670,09:15:53.670,0:26.378,0:31.478,0:24.234,212.0,Valentin Hasse Clot,,GTD,,van der Steur Racing,Aston Martin,GF,
19,1,10,1:21.129,0,,26.280,0,30.742,0,24.107,0,140.5,17:14.799,09:17:14.799,0:26.280,0:30.742,0:24.107,212.3,Valentin Hasse Clot,,GTD,,van der Steur Racing,Aston Martin,GF,
19,1,11,1:32.386,0,B,26.549,0,30.466,0,35.371,0,123.4,18:47.185,09:18:47.185,0:26.549,0:30.466,0:35.371,211.6,Valentin Hasse Clot,,GTD,,van der Steur Racing,Aston Martin,GF,
19,2,12,3:16.864,0,,2:18.131,0,33.096,0,25.637,0,57.9,22:04.049,09:22:04.049,2:18.131,0:33.096,0:25.637,205.1,Rory van der Steur,0:02:07.497,GTD,,van der Steur Racing,Aston Martin,GF,
19,2,13,1:23.441,0,,26.971,0,31.788,0,24.682,0,136.6,23:27.490,09:23:27.490,0:26.971,0:31.788,0:24.682,209.6,Rory van der Steur,,GTD,,van der Steur Racing,Aston Martin,GF,
19,2,14,1:22.598,0,,26.617,0,31.329,0,24.652,0,138.0,24:50.088,09:24:50.088,0:26.617,0:31.329,0:24.652,209.6,Rory van der Steur,,GTD,,van der Steur Racing,Aston Martin,GF,
19,2,15,1:22.108,0,,26.711,0,30.895,0,24.502,0,138.9,26:12.196,09:26:12.196,0:26.711,0:30.895,0:24.502,210.3,Rory van der Steur,,GTD,,van der Steur Racing,Aston Martin,GF,
19,2,16,1:22.585,0,,26.640,0,31.207,0,24.738,0,138.1,27:34.781,09:27:34.781,0:26.640,0:31.207,0:24.738,209.6,Rory van der Steur,,GTD,,van der Steur Racing,Aston Martin,GF,
19,2,17,1:22.372,0,,26.801,0,31.004,0,24.567,0,138.4,28:57.153,09:28:57.153,0:26.801,0:31.004,0:24.567,211.6,Rory van der Steur,,GTD,,van der Steur Racing,Aston Martin,GF,
19,2,18,1:22.083,0,,26.473,0,31.042,0,24.568,0,138.9,30:19.236,09:30:19.236,0:26.473,0:31.042,0:24.568,212.3,Rory van der Steur,,GTD,,van der Steur Racing,Aston Martin,GF,
19,2,19,1:21.724,0,,26.508,0,30.805,0,24.411,0,139.5,31:40.960,09:31:40.960,0:26.508,0:30.805,0:24.411,211.6,Rory van der Steur,,GTD,,van der Steur Racing,Aston Martin,GF,
19,2,20,1:22.390,0,,26.974,0,31.048,0,24.368,0,138.4,33:03.350,09:33:03.350,0:26.974,0:31.048,0:24.368,211.3,Rory van der Steur,,GTD,,van der Steur Racing,Aston Martin,GF,
19,2,21,1:22.421,0,,26.628,0,31.309,0,24.484,0,138.3,34:25.771,09:34:25.771,0:26.628,0:31.309,0:24.484,210.0,Rory van der Steur,,GTD,,van der Steur Racing,Aston Martin,GF,
19,2,22,1:34.228,0,B,26.623,0,31.231,0,36.374,0,121.0,35:59.999,09:35:59.999,0:26.623,0:31.231,0:36.374,210.0,Rory van der Steur,,GTD,,van der Steur Racing,Aston Martin,GF,
19,1,23,4:27.863,0,,3:30.054,0,33.129,0,24.680,0,42.6,40:27.862,09:40:27.862,3:30.054,0:33.129,0:24.680,212.0,Valentin Hasse Clot,0:03:19.896,GTD,,van der Steur Racing,Aston Martin,GF,
19,1,24,1:21.366,0,,26.565,0,30.817,0,23.984,0,140.1,41:49.228,09:41:49.228,0:26.565,0:30.817,0:23.984,212.0,Valentin Hasse Clot,,GTD,,van der Steur Racing,Aston Martin,GF,
19,1,25,1:21.710,0,,27.327,0,30.563,0,23.820,0,139.5,43:10.938,09:43:10.938,0:27.327,0:30.563,0:23.820,212.6,Valentin Hasse Clot,,GTD,,van der Steur Racing,Aston Martin,GF,
19,1,26,1:20.812,0,,26.470,0,30.369,0,23.973,0,141.1,44:31.750,09:44:31.750,0:26.470,0:30.369,0:23.973,212.6,Valentin Hasse Clot,,GTD,,van der Steur Racing,Aston Martin,GF,
19,1,27,1:21.380,0,,26.362,0,30.326,0,24.692,0,140.1,45:53.130,09:45:53.130,0:26.362,0:30.326,0:24.692,198.9,Valentin Hasse Clot,,GTD,,van der Steur Racing,Aston Martin,GF,
19,1,28,1:20.168,2,,26.296,0,30.144,2,23.728,2,142.2,47:13.298,09:47:13.298,0:26.296,0:30.144,0:23.728,214.0,Valentin Hasse Clot,,GTD,,van der Steur Racing,Aston Martin,GF,
19,1,29,1:20.439,0,,26.157,2,30.490,0,23.792,0,141.7,48:33.737,09:48:33.737,0:26.157,0:30.490,0:23.792,211.6,Valentin Hasse Clot,,GTD,,van der Steur Racing,Aston Martin,GF,
19,1,30,1:33.656,0,B,27.120,0,30.671,0,35.865,0,121.7,50:07.393,09:50:07.393,0:27.120,0:30.671,0:35.865,212.0,Valentin Hasse Clot,,GTD,,van der Steur Racing,Aston Martin,GF,
19,2,31,3:01.598,0,,2:05.004,0,31.894,0,24.700,0,62.8,53:08.991,09:53:08.991,2:05.004,0:31.894,0:24.700,212.0,Rory van der Steur,0:01:54.716,GTD,,van der Steur Racing,Aston Martin,GF,
19,2,32,1:21.514,0,,26.409,0,31.078,0,24.027,1,139.9,54:30.505,09:54:30.505,0:26.409,0:31.078,0:24.027,212.6,Rory van der Steur,,GTD,,van der Steur Racing,Aston Martin,GF,
19,2,33,1:21.152,0,,26.222,1,30.821,0,24.109,0,140.5,55:51.657,09:55:51.657,0:26.222,0:30.821,0:24.109,212.6,Rory van der Steur,,GTD,,van der Steur Racing,Aston Martin,GF,
19,2,34,1:23.436,0,,26.285,0,32.723,0,24.428,0,136.7,57:15.093,09:57:15.093,0:26.285,0:32.723,0:24.428,212.0,Rory van der Steur,,GTD,,van der Steur Racing,Aston Martin,GF,
19,2,35,1:21.341,0,,26.462,0,30.731,1,24.148,0,140.2,58:36.434,09:58:36.434,0:26.462,0:30.731,0:24.148,212.3,Rory van der Steur,,GTD,,van der Steur Racing,Aston Martin,GF,
19,2,36,1:25.250,0,,27.373,0,32.937,0,24.940,0,133.7,1:00:01.684,10:00:01.684,0:27.373,0:32.937,0:24.940,210.0,Rory van der Steur,,GTD,,van der Steur Racing,Aston Martin,FF,
23,2,1,2:22.649,0,,1:18.581,0,35.965,0,28.103,0,79.9,2:22.649,09:02:22.649,1:18.581,0:35.965,0:28.103,142.9,Roman de Angelis,0:00:48.439,GTP,,ASTON MARTIN THOR Team,Aston Martin,GF,
23,2,2,1:37.078,0,B,28.183,0,31.320,0,37.575,0,117.5,3:59.727,09:03:59.727,0:28.183,0:31.320,0:37.575,202.9,Roman de Angelis,,GTP,,ASTON MARTIN THOR Team,Aston Martin,GF,
23,2,3,4:47.829,0,,3:53.506,0,30.787,0,23.536,0,39.6,8:47.556,09:08:47.556,3:53.506,0:30.787,0:23.536,216.1,Roman de Angelis,0:03:43.670,GTP,,ASTON MARTIN THOR Team,Aston Martin,GF,
23,2,4,1:16.964,0,,25.248,0,28.722,0,22.994,0,148.1,10:04.520,09:10:04.520,0:25.248,0:28.722,0:22.994,234.1,Roman de Angelis,,GTP,,ASTON MARTIN THOR Team,Aston Martin,GF,
23,2,5,1:15.814,0,,24.758,0,28.321,0,22.735,0,150.4,11:20.334,09:11:20.334,0:24.758,0:28.321,0:22.735,241.8,Roman de Angelis,,GTP,,ASTON MARTIN THOR Team,Aston Martin,GF,
23,2,6,1:15.523,0,,24.515,0,28.197,0,22.811,0,151.0,12:35.857,09:12:35.857,0:24.515,0:28.197,0:22.811,238.3,Roman de Angelis,,GTP,,ASTON MARTIN THOR Team,Aston Martin,GF,
23,2,7,1:15.075,0,,24.456,0,28.156,0,22.463,0,151.9,13:50.932,09:13:50.932,0:24.456,0:28.156,0:22.463,240.0,Roman de Angelis,,GTP,,ASTON MARTIN THOR Team,Aston Martin,GF,
23,2,8,1:14.810,0,,24.238,0,28.132,0,22.440,0,152.4,15:05.742,09:15:05.742,0:24.238,0:28.132,0:22.440,244.9,Roman de Angelis,,GTP,,ASTON MARTIN THOR Team,Aston Martin,GF,
23,2,9,1:15.176,0,,24.497,0,28.106,0,22.573,0,151.7,16:20.918,09:16:20.918,0:24.497,0:28.106,0:22.573,244.9,Roman de Angelis,,GTP,,ASTON MARTIN THOR Team,Aston Martin,GF,
23,2,10,1:28.361,0,B,24.291,0,28.145,0,35.925,0,129.0,17:49.279,09:17:49.279,0:24.291,0:28.145,0:35.925,245.8,Roman de Angelis,,GTP,,ASTON MARTIN THOR Team,Aston Martin,GF,
23,2,11,8:15.552,0,,7:20.913,0,30.644,0,23.995,0,23.0,26:04.831,09:26:04.831,7:20.913,0:30.644,0:23.995,211.3,Roman de Angelis,0:07:09.845,GTP,,ASTON MARTIN THOR Team,Aston Martin,GF,
23,2,12,1:18.845,0,,26.534,0,29.057,0,23.254,0,144.6,27:23.676,09:27:23.676,0:26.534,0:29.057,0:23.254,230.0,Roman de Angelis,,GTP,,ASTON MARTIN THOR Team,Aston Martin,GF,
23,2,13,1:16.339,0,,25.267,0,28.497,0,22.575,0,149.4,28:40.015,09:28:40.015,0:25.267,0:28.497,0:22.575,236.1,Roman de Angelis,,GTP,,ASTON MARTIN THOR Team,Aston Martin,GF,
23,2,14,1:15.073,0,,24.746,0,28.085,0,22.242,0,151.9,29:55.088,09:29:55.088,0:24.746,0:28.085,0:22.242,240.4,Roman de Angelis,,GTP,,ASTON MARTIN THOR Team,Aston Martin,GF,
23,2,15,1:17.300,0,,24.687,0,28.909,0,23.704,0,147.5,31:12.388,09:31:12.388,0:24.687,0:28.909,0:23.704,237.8,Roman de Angelis,,GTP,,ASTON MARTIN THOR Team,Aston Martin,GF,
23,2,16,1:14.734,0,,24.490,0,28.060,0,22.184,0,152.6,32:27.122,09:32:27.122,0:24.490,0:28.060,0:22.184,246.7,Roman de Angelis,,GTP,,ASTON MARTIN THOR Team,Aston Martin,GF,
23,2,17,1:15.879,0,,24.392,0,28.001,0,23.486,0,150.3,33:43.001,09:33:43.001,0:24.392,0:28.001,0:23.486,222.3,Roman de Angelis,,GTP,,ASTON MARTIN THOR Team,Aston Martin,GF,
23,2,18,1:14.665,0,,24.603,0,27.896,0,22.166,0,152.7,34:57.666,09:34:57.666,0:24.603,0:27.896,0:22.166,244.0,Roman de Angelis,,GTP,,ASTON MARTIN THOR Team,Aston Martin,GF,
23,2,19,1:14.243,0,,24.368,0,27.855,0,22.020,0,153.6,36:11.909,09:36:11.909,0:24.368,0:27.855,0:22.020,248.1,Roman de Angelis,,GTP,,ASTON MARTIN THOR Team,Aston Martin,GF,
23,2,20,1:14.103,0,,24.238,0,27.857,0,22.008,0,153.9,37:26.012,09:37:26.012,0:24.238,0:27.857,0:22.008,243.5,Roman de Angelis,,GTP,,ASTON MARTIN THOR Team,Aston Martin,GF,
23,2,21,1:14.006,0,,24.323,0,27.651,2,22.032,0,154.1,38:40.018,09:38:40.018,0:24.323,0:27.651,0:22.032,246.2,Roman de Angelis,,GTP,,ASTON MARTIN THOR Team,Aston Martin,GF,
23,2,22,1:31.018,0,B,24.954,0,29.663,0,36.401,0,125.3,40:11.036,09:40:11.036,0:24.954,0:29.663,0:36.401,205.7,Roman de Angelis,,GTP,,ASTON MARTIN THOR Team,Aston Martin,GF,
23,2,23,5:39.930,0,,4:48.659,0,28.675,0,22.596,0,33.5,45:50.966,09:45:50.966,4:48.659,0:28.675,0:22.596,230.0,Roman de Angelis,0:04:39.300,GTP,,ASTON MARTIN THOR Team,Aston Martin,GF,
23,2,24,1:14.803,0,,24.502,0,27.816,0,22.485,0,152.4,47:05.769,09:47:05.769,0:24.502,0:27.816,0:22.485,238.7,Roman de Angelis,,GTP,,ASTON MARTIN THOR Team,Aston Martin,GF,
23,2,25,1:14.371,0,,24.421,0,27.817,0,22.133,0,153.3,48:20.140,09:48:20.140,0:24.421,0:27.817,0:22.133,248.1,Roman de Angelis,,GTP,,ASTON MARTIN THOR Team,Aston Martin,GF,
23,2,26,1:13.795,2,,24.201,0,27.670,0,21.924,2,154.5,49:33.935,09:49:33.935,0:24.201,0:27.670,0:21.924,248.6,Roman de Angelis,,GTP,,ASTON MARTIN THOR Team,Aston Martin,GF,
23,2,27,1:29.197,0,B,24.895,0,28.734,0,35.568,0,127.8,51:03.132,09:51:03.132,0:24.895,0:28.734,0:35.568,200.1,Roman de Angelis,,GTP,,ASTON MARTIN THOR Team,Aston Martin,GF,
23,2,28,3:21.908,0,B,2:17.666,0,28.578,0,35.664,0,56.5,54:25.040,09:54:25.040,2:17.666,0:28.578,0:35.664,234.1,Roman de Angelis,0:02:07.831,GTP,,ASTON MARTIN THOR Team,Aston Martin,GF,
23,2,29,1:43.912,0,,49.900,0,31.083,0,22.929,0,109.7,56:08.952,09:56:08.952,0:49.900,0:31.083,0:22.929,232.4,Roman de Angelis,0:00:42.199,GTP,,ASTON MARTIN THOR Team,Aston Martin,GF,
23,2,30,1:15.510,0,,24.341,0,27.827,0,23.342,0,151.0,57:24.462,09:57:24.462,0:24.341,0:27.827,0:23.342,243.5,Roman de Angelis,,GTP,,ASTON MARTIN THOR Team,Aston Martin,GF,
23,2,31,1:14.302,0,,24.276,0,27.866,0,22.160,0,153.5,58:38.764,09:58:38.764,0:24.276,0:27.866,0:22.160,250.0,Roman de Angelis,,GTP,,ASTON MARTIN THOR Team,Aston Martin,GF,
23,2,32,1:17.599,0,,25.312,0,28.673,0,23.614,0,146.9,59:56.363,09:59:56.363,0:25.312,0:28.673,0:23.614,218.6,Roman de Angelis,,GTP,,ASTON MARTIN THOR Team,Aston Martin,GF,
23,2,33,1:14.848,0,,24.096,2,27.740,0,23.012,0,152.3,1:01:11.211,10:01:11.211,0:24.096,0:27.740,0:23.012,230.0,Roman de Angelis,,GTP,,ASTON MARTIN THOR Team,Aston Martin,FF,
24,2,1,1:53.471,0,B,38.058,0,35.972,0,39.441,0,100.5,1:53.471,09:01:53.471,0:38.058,0:35.972,0:39.441,136.7,Dries Vanthoor,0:00:07.791,GTP,,BMW M Team WRT,BMW,GF,
24,2,2,1:48.316,0,,53.149,0,30.793,0,24.374,0,105.3,3:41.787,09:03:41.787,0:53.149,0:30.793,0:24.374,202.9,Dries Vanthoor,0:00:42.036,GTP,,BMW M Team WRT,BMW,GF,
24,2,3,1:18.853,0,,26.145,0,29.432,0,23.276,0,144.6,5:00.640,09:05:00.640,0:26.145,0:29.432,0:23.276,215.4,Dries Vanthoor,,GTP,,BMW M Team WRT,BMW,GF,
24,2,4,1:19.089,0,,26.109,0,29.302,0,23.678,0,144.2,6:19.729,09:06:19.729,0:26.109,0:29.302,0:23.678,229.6,Dries Vanthoor,,GTP,,BMW M Team WRT,BMW,GF,
24,2,5,1:14.790,0,,24.519,0,27.961,0,22.310,0,152.5,7:34.519,09:07:34.519,0:24.519,0:27.961,0:22.310,238.3,Dries Vanthoor,,GTP,,BMW M Team WRT,BMW,GF,
24,2,6,1:18.435,0,,25.167,0,28.572,0,24.696,0,145.4,8:52.954,09:08:52.954,0:25.167,0:28.572,0:24.696,216.1,Dries Vanthoor,,GTP,,BMW M Team WRT,BMW,GF,
24,2,7,1:14.854,0,,24.344,0,28.140,0,22.370,0,152.3,10:07.808,09:10:07.808,0:24.344,0:28.140,0:22.370,240.9,Dries Vanthoor,,GTP,,BMW M Team WRT,BMW,GF,
24,2,8,1:15.679,0,,24.566,0,28.571,0,22.542,0,150.7,11:23.487,09:11:23.487,0:24.566,0:28.571,0:22.542,232.8,Dries Vanthoor,,GTP,,BMW M Team WRT,BMW,GF,
24,2,9,1:14.319,0,,24.255,0,28.107,0,21.957,1,153.4,12:37.806,09:12:37.806,0:24.255,0:28.107,0:21.957,248.6,Dries Vanthoor,,GTP,,BMW M Team WRT,BMW,GF,
24,2,10,1:17.862,0,,25.977,0,28.441,0,23.444,0,146.4,13:55.668,09:13:55.668,0:25.977,0:28.441,0:23.444,233.2,Dries Vanthoor,,GTP,,BMW M Team WRT,BMW,GF,
24,2,11,1:14.305,0,,24.160,0,28.135,0,22.010,0,153.4,15:09.973,09:15:09.973,0:24.160,0:28.135,0:22.010,246.7,Dries Vanthoor,,GTP,,BMW M Team WRT,BMW,GF,
24,2,12,1:26.223,0,B,24.125,1,27.756,2,34.342,0,132.2,16:36.196,09:16:36.196,0:24.125,0:27.756,0:34.342,244.4,Dries Vanthoor,,GTP,,BMW M Team WRT,BMW,GF,
24,1,13,5:06.179,0,,4:11.902,0,30.781,0,23.496,0,37.2,21:42.375,09:21:42.375,4:11.902,0:30.781,0:23.496,217.9,Sheldon van der Linde,0:04:00.815,GTP,,BMW M Team WRT,BMW,GF,
24,1,14,1:19.826,0,,27.497,0,29.592,0,22.737,0,142.8,23:02.201,09:23:02.201,0:27.497,0:29.592,0:22.737,227.6,Sheldon van der Linde,,GTP,,BMW M Team WRT,BMW,GF,
24,1,15,1:32.325,0,B,25.605,0,30.153,0,36.567,0,123.5,24:34.526,09:24:34.526,0:25.605,0:30.153,0:36.567,221.9,Sheldon van der Linde,,GTP,,BMW M Team WRT,BMW,GF,
24,1,16,5:12.987,0,,4:19.406,0,28.971,0,24.610,0,36.4,29:47.513,09:29:47.513,4:19.406,0:28.971,0:24.610,212.0,Sheldon van der Linde,0:04:10.763,GTP,,BMW M Team WRT,BMW,GF,
24,1,17,1:15.100,0,,24.798,0,28.195,0,22.107,0,151.8,31:02.613,09:31:02.613,0:24.798,0:28.195,0:22.107,235.3,Sheldon van der Linde,,GTP,,BMW M Team WRT,BMW,GF,
24,1,18,1:15.474,0,,24.438,0,28.832,0,22.204,0,151.1,32:18.087,09:32:18.087,0:24.438,0:28.832,0:22.204,242.6,Sheldon van der Linde,,GTP,,BMW M Team WRT,BMW,GF,
24,1,19,1:14.675,0,,24.289,0,28.019,0,22.367,0,152.7,33:32.762,09:33:32.762,0:24.289,0:28.019,0:22.367,245.3,Sheldon van der Linde,,GTP,,BMW M Team WRT,BMW,GF,
24,1,20,1:14.380,0,,24.335,0,27.936,0,22.109,0,153.3,34:47.142,09:34:47.142,0:24.335,0:27.936,0:22.109,246.7,Sheldon van der Linde,,GTP,,BMW M Team WRT,BMW,GF,
24,1,21,2:21.797,0,,1:19.230,0,37.293,0,25.274,0,80.4,37:08.939,09:37:08.939,1:19.230,0:37.293,0:25.274,235.7,Sheldon van der Linde,,GTP,,BMW M Team WRT,BMW,GF,
24,1,22,1:14.854,0,,24.209,0,27.785,0,22.860,0,152.3,38:23.793,09:38:23.793,0:24.209,0:27.785,0:22.860,247.6,Sheldon van der Linde,,GTP,,BMW M Team WRT,BMW,GF,
24,1,23,1:14.116,0,,23.961,2,27.986,0,22.169,0,153.8,39:37.909,09:39:37.909,0:23.961,0:27.986,0:22.169,249.5,Sheldon van der Linde,,GTP,,BMW M Team WRT,BMW,GF,
24,1,24,1:15.782,0,,25.150,0,28.172,0,22.460,0,150.5,40:53.691,09:40:53.691,0:25.150,0:28.172,0:22.460,231.2,Sheldon van der Linde,,GTP,,BMW M Team WRT,BMW,GF,
24,1,25,1:16.997,0,,25.393,0,29.389,0,22.215,0,148.1,42:10.688,09:42:10.688,0:25.393,0:29.389,0:22.215,245.8,Sheldon van der Linde,,GTP,,BMW M Team WRT,BMW,GF,
24,1,26,1:14.114,0,,24.146,0,27.938,0,22.030,0,153.8,43:24.802,09:43:24.802,0:24.146,0:27.938,0:22.030,245.8,Sheldon van der Linde,,GTP,,BMW M Team WRT,BMW,GF,
24,1,27,1:14.772,0,,24.166,0,28.666,0,21.940,0,152.5,44:39.574,09:44:39.574,0:24.166,0:28.666,0:21.940,247.6,Sheldon van der Linde,,GTP,,BMW M Team WRT,BMW,GF,
24,1,28,1:13.813,2,,23.982,0,27.797,1,22.034,0,154.5,45:53.387,09:45:53.387,0:23.982,0:27.797,0:22.034,248.1,Sheldon van der Linde,,GTP,,BMW M Team WRT,BMW,GF,
24,1,29,1:29.378,0,B,24.804,0,28.767,0,35.807,0,127.6,47:22.765,09:47:22.765,0:24.804,0:28.767,0:35.807,243.1,Sheldon van der Linde,,GTP,,BMW M Team WRT,BMW,GF,
24,1,30,3:52.424,0,,3:01.356,0,28.870,0,22.198,0,49.1,51:15.189,09:51:15.189,3:01.356,0:28.870,0:22.198,233.7,Sheldon van der Linde,0:02:53.252,GTP,,BMW M Team WRT,BMW,GF,
24,1,31,1:14.768,0,,24.327,0,28.059,0,22.382,0,152.5,52:29.957,09:52:29.957,0:24.327,0:28.059,0:22.382,237.4,Sheldon van der Linde,,GTP,,BMW M Team WRT,BMW,GF,
24,1,32,1:14.602,0,,24.669,0,28.009,0,21.924,2,152.8,53:44.559,09:53:44.559,0:24.669,0:28.009,0:21.924,247.2,Sheldon van der Linde,,GTP,,BMW M Team WRT,BMW,GF,
24,1,33,1:27.058,0,B,24.055,0,28.301,0,34.702,0,131.0,55:11.617,09:55:11.617,0:24.055,0:28.301,0:34.702,245.8,Sheldon van der Linde,,GTP,,BMW M Team WRT,BMW,GF,
24,1,34,2:17.136,0,B,1:11.799,0,30.318,0,35.019,0,83.1,57:28.753,09:57:28.753,1:11.799,0:30.318,0:35.019,231.2,Sheldon van der Linde,0:01:03.060,GTP,,BMW M Team WRT,BMW,GF,
24,1,35,2:34.228,0,B,1:20.069,0,36.368,0,37.791,0,73.9,1:00:02.981,10:00:02.981,1:20.069,0:36.368,0:37.791,173.6,Sheldon van der Linde,0:01:10.469,GTP,,BMW M Team WRT,BMW,FF,
25,2,1,1:40.236,0,,37.141,0,36.242,0,26.853,0,113.8,1:40.236,09:01:40.236,0:37.141,0:36.242,0:26.853,175.9,Marco Wittmann,0:00:06.142,GTP,,BMW M Team WRT,BMW,GF,
25,2,2,1:26.495,0,,29.391,0,32.183,0,24.921,0,131.8,3:06.731,09:03:06.731,0:29.391,0:32.183,0:24.921,186.9,Marco Wittmann,,GTP,,BMW M Team WRT,BMW,GF,
25,2,3,1:20.263,0,,26.481,0,29.945,0,23.837,0,142.1,4:26.994,09:04:26.994,0:26.481,0:29.945,0:23.837,225.7,Marco Wittmann,,GTP,,BMW M Team WRT,BMW,GF,
25,2,4,1:18.849,0,,25.726,0,29.962,0,23.161,0,144.6,5:45.843,09:05:45.843,0:25.726,0:29.962,0:23.161,240.0,Marco Wittmann,,GTP,,BMW M Team WRT,BMW,GF,
25,2,5,1:16.901,0,,24.841,0,28.698,0,23.362,0,148.3,7:02.744,09:07:02.744,0:24.841,0:28.698,0:23.362,234.1,Marco Wittmann,,GTP,,BMW M Team WRT,BMW,GF,
25,2,6,1:17.321,0,,24.591,0,28.886,0,23.844,0,147.5,8:20.065,09:08:20.065,0:24.591,0:28.886,0:23.844,242.2,Marco Wittmann,,GTP,,BMW M Team WRT,BMW,GF,
25,2,7,1:14.569,0,,24.343,0,28.014,0,22.212,0,152.9,9:34.634,09:09:34.634,0:24.343,0:28.014,0:22.212,247.2,Marco Wittmann,,GTP,,BMW M Team WRT,BMW,GF,
25,2,8,1:14.140,0,,24.133,0,27.860,0,22.147,0,153.8,10:48.774,09:10:48.774,0:24.133,0:27.860,0:22.147,250.0,Marco Wittmann,,GTP,,BMW M Team WRT,BMW,GF,
25,2,9,1:16.484,0,,24.266,0,27.931,0,24.287,0,149.1,12:05.258,09:12:05.258,0:24.266,0:27.931,0:24.287,230.8,Marco Wittmann,,GTP,,BMW M Team WRT,BMW,GF,
25,2,10,1:18.843,0,,23.970,2,28.123,0,26.750,0,144.6,13:24.101,09:13:24.101,0:23.970,0:28.123,0:26.750,251.4,Marco Wittmann,,GTP,,BMW M Team WRT,BMW,GF,
25,2,11,1:16.219,0,,24.078,0,27.789,2,24.352,0,149.6,14:40.320,09:14:40.320,0:24.078,0:27.789,0:24.352,244.4,Marco Wittmann,,GTP,,BMW M Team WRT,BMW,GF,
25,2,12,1:20.930,0,,26.037,0,30.744,0,24.149,0,140.9,16:01.250,09:16:01.250,0:26.037,0:30.744,0:24.149,210.3,Marco Wittmann,,GTP,,BMW M Team WRT,BMW,GF,
25,2,13,1:13.885,2,,24.021,0,27.947,0,21.917,2,154.3,17:15.135,09:17:15.135,0:24.021,0:27.947,0:21.917,250.0,Marco Wittmann,,GTP,,BMW M Team WRT,BMW,GF,
25,2,14,1:28.762,0,B,24.567,0,28.455,0,35.740,0,128.5,18:43.897,09:18:43.897,0:24.567,0:28.455,0:35.740,230.4,Marco Wittmann,,GTP,,BMW M Team WRT,BMW,GF,
25,1,15,6:42.302,0,,5:50.243,0,29.205,0,22.854,0,28.3,25:26.199,09:25:26.199,5:50.243,0:29.205,0:22.854,221.9,Philipp Eng,0:05:40.875,GTP,,BMW M Team WRT,BMW,GF,
25,1,16,1:15.312,0,,24.654,0,28.358,0,22.300,0,151.4,26:41.511,09:26:41.511,0:24.654,0:28.358,0:22.300,236.1,Philipp Eng,,GTP,,BMW M Team WRT,BMW,GF,
25,1,17,1:14.737,0,,24.419,0,27.909,0,22.409,0,152.6,27:56.248,09:27:56.248,0:24.419,0:27.909,0:22.409,242.6,Philipp Eng,,GTP,,BMW M Team WRT,BMW,GF,
25,1,18,1:15.669,0,,24.731,0,28.670,0,22.268,0,150.7,29:11.917,09:29:11.917,0:24.731,0:28.670,0:22.268,246.7,Philipp Eng,,GTP,,BMW M Team WRT,BMW,GF,
25,1,19,1:14.633,0,,24.246,1,28.189,0,22.198,0,152.8,30:26.550,09:30:26.550,0:24.246,0:28.189,0:22.198,249.0,Philipp Eng,,GTP,,BMW M Team WRT,BMW,GF,
25,1,20,1:15.592,0,,25.044,0,28.346,0,22.202,0,150.8,31:42.142,09:31:42.142,0:25.044,0:28.346,0:22.202,244.0,Philipp Eng,,GTP,,BMW M Team WRT,BMW,GF,
25,1,21,1:14.484,0,,24.409,0,27.945,0,22.130,0,153.1,32:56.626,09:32:56.626,0:24.409,0:27.945,0:22.130,235.3,Philipp Eng,,GTP,,BMW M Team WRT,BMW,GF,
25,1,22,1:15.177,0,,24.409,0,28.538,0,22.230,0,151.7,34:11.803,09:34:11.803,0:24.409,0:28.538,0:22.230,243.1,Philipp Eng,,GTP,,BMW M Team WRT,BMW,GF,
25,1,23,1:15.055,0,,24.397,0,28.211,0,22.447,0,151.9,35:26.858,09:35:26.858,0:24.397,0:28.211,0:22.447,238.7,Philipp Eng,,GTP,,BMW M Team WRT,BMW,GF,
25,1,24,1:28.242,0,B,24.449,0,28.632,0,35.161,0,129.2,36:55.100,09:36:55.100,0:24.449,0:28.632,0:35.161,235.7,Philipp Eng,,GTP,,BMW M Team WRT,BMW,GF,
25,1,25,13:43.344,0,,12:51.811,0,29.123,0,22.410,0,13.8,50:38.444,09:50:38.444,12:51.811,0:29.123,0:22.410,233.2,Philipp Eng,0:12:43.138,GTP,,BMW M Team WRT,BMW,GF,
25,1,26,1:15.105,0,,24.614,0,28.444,0,22.047,1,151.8,51:53.549,09:51:53.549,0:24.614,0:28.444,0:22.047,246.7,Philipp Eng,,GTP,,BMW M Team WRT,BMW,GF,
25,1,27,1:17.228,0,,25.609,0,29.033,0,22.586,0,147.6,53:10.777,09:53:10.777,0:25.609,0:29.033,0:22.586,235.7,Philipp Eng,,GTP,,BMW M Team WRT,BMW,GF,
25,1,28,1:15.968,0,,24.818,0,28.866,0,22.284,0,150.1,54:26.745,09:54:26.745,0:24.818,0:28.866,0:22.284,241.3,Philipp Eng,,GTP,,BMW M Team WRT,BMW,GF,
25,1,29,1:14.378,0,,24.265,0,28.009,0,22.104,0,153.3,55:41.123,09:55:41.123,0:24.265,0:28.009,0:22.104,247.6,Philipp Eng,,GTP,,BMW M Team WRT,BMW,GF,
25,1,30,1:28.143,0,B,25.413,0,27.826,1,34.904,0,129.4,57:09.266,09:57:09.266,0:25.413,0:27.826,0:34.904,243.5,Philipp Eng,,GTP,,BMW M Team WRT,BMW,GF,
25,2,31,2:52.946,0,B,1:42.113,0,33.381,0,37.452,0,65.9,1:00:02.212,10:00:02.212,1:42.113,0:33.381,0:37.452,183.7,Marco Wittmann,0:01:31.443,GTP,,BMW M Team WRT,BMW,FF,
27,1,1,2:27.153,0,,1:19.602,0,36.734,0,30.817,0,77.5,2:27.153,09:02:27.153,1:19.602,0:36.734,0:30.817,155.1,Dudu Barrichello,0:00:49.564,GTD,,Heart of Racing Team,Aston Martin,GF,
27,1,2,1:26.894,0,,28.379,0,32.685,0,25.830,0,131.2,3:54.047,09:03:54.047,0:28.379,0:32.685,0:25.830,207.3,Dudu Barrichello,,GTD,,Heart of Racing Team,Aston Martin,GF,
27,1,3,1:24.161,0,,27.438,0,31.734,0,24.989,0,135.5,5:18.208,09:05:18.208,0:27.438,0:31.734,0:24.989,207.3,Dudu Barrichello,,GTD,,Heart of Racing Team,Aston Martin,GF,
27,1,4,1:25.151,0,,27.174,0,32.269,0,25.708,0,133.9,6:43.359,09:06:43.359,0:27.174,0:32.269,0:25.708,197.4,Dudu Barrichello,,GTD,,Heart of Racing Team,Aston Martin,GF,
27,1,5,1:21.594,0,,26.619,0,30.940,0,24.035,0,139.7,8:04.953,09:08:04.953,0:26.619,0:30.940,0:24.035,211.0,Dudu Barrichello,,GTD,,Heart of Racing Team,Aston Martin,GF,
27,1,6,1:21.552,0,,26.538,0,30.749,0,24.265,0,139.8,9:26.505,09:09:26.505,0:26.538,0:30.749,0:24.265,211.3,Dudu Barrichello,,GTD,,Heart of Racing Team,Aston Martin,GF,
27,1,7,1:21.237,0,,26.546,0,30.810,0,23.881,0,140.4,10:47.742,09:10:47.742,0:26.546,0:30.810,0:23.881,212.0,Dudu Barrichello,,GTD,,Heart of Racing Team,Aston Martin,GF,
27,1,8,1:24.705,0,,27.522,0,32.730,0,24.453,0,134.6,12:12.447,09:12:12.447,0:27.522,0:32.730,0:24.453,212.3,Dudu Barrichello,,GTD,,Heart of Racing Team,Aston Martin,GF,
27,1,9,1:20.576,0,,26.513,0,30.415,0,23.648,1,141.5,13:33.023,09:13:33.023,0:26.513,0:30.415,0:23.648,212.0,Dudu Barrichello,,GTD,,Heart of Racing Team,Aston Martin,GF,
27,1,10,1:20.482,0,,26.333,0,30.265,1,23.884,0,141.7,14:53.505,09:14:53.505,0:26.333,0:30.265,0:23.884,212.0,Dudu Barrichello,,GTD,,Heart of Racing Team,Aston Martin,GF,
27,1,11,1:38.630,0,B,27.496,0,33.197,0,37.937,0,115.6,16:32.135,09:16:32.135,0:27.496,0:33.197,0:37.937,170.1,Dudu Barrichello,,GTD,,Heart of Racing Team,Aston Martin,GF,
27,1,12,5:14.750,0,,4:17.952,0,31.828,0,24.970,0,36.2,21:46.885,09:21:46.885,4:17.952,0:31.828,0:24.970,196.8,Dudu Barrichello,0:04:07.302,GTD,,Heart of Racing Team,Aston Martin,GF,
27,1,13,1:21.542,0,,26.629,0,30.843,0,24.070,0,139.8,23:08.427,09:23:08.427,0:26.629,0:30.843,0:24.070,212.0,Dudu Barrichello,,GTD,,Heart of Racing Team,Aston Martin,GF,
27,1,14,1:20.518,0,,26.330,1,30.355,0,23.833,0,141.6,24:28.945,09:24:28.945,0:26.330,0:30.355,0:23.833,212.3,Dudu Barrichello,,GTD,,Heart of Racing Team,Aston Martin,GF,
27,1,15,1:33.511,0,,28.045,0,35.908,0,29.558,0,121.9,26:02.456,09:26:02.456,0:28.045,0:35.908,0:29.558,178.5,Dudu Barrichello,,GTD,,Heart of Racing Team,Aston Martin,GF,
27,1,16,1:26.012,0,,26.438,0,32.384,0,27.190,0,132.6,27:28.468,09:27:28.468,0:26.438,0:32.384,0:27.190,168.3,Dudu Barrichello,,GTD,,Heart of Racing Team,Aston Martin,GF,
27,1,17,1:23.374,0,,26.331,0,30.444,0,26.599,0,136.8,28:51.842,09:28:51.842,0:26.331,0:30.444,0:26.599,212.0,Dudu Barrichello,,GTD,,Heart of Racing Team,Aston Martin,GF,
27,1,18,1:34.586,0,B,26.427,0,31.660,0,36.499,0,120.5,30:26.428,09:30:26.428,0:26.427,0:31.660,0:36.499,212.0,Dudu Barrichello,,GTD,,Heart of Racing Team,Aston Martin,GF,
27,2,19,3:41.387,0,,2:44.380,0,32.321,0,24.686,0,51.5,34:07.815,09:34:07.815,2:44.380,0:32.321,0:24.686,206.7,Spencer Pumpelly,0:02:31.868,GTD,,Heart of Racing Team,Aston Martin,GF,
27,2,20,1:23.279,0,,26.915,0,31.930,0,24.434,0,136.9,35:31.094,09:35:31.094,0:26.915,0:31.930,0:24.434,209.3,Spencer Pumpelly,,GTD,,Heart of Racing Team,Aston Martin,GF,
27,2,21,1:21.427,0,,26.610,0,31.002,0,23.815,0,140.0,36:52.521,09:36:52.521,0:26.610,0:31.002,0:23.815,212.0,Spencer Pumpelly,,GTD,,Heart of Racing Team,Aston Martin,GF,
27,2,22,1:21.251,0,,26.708,0,30.816,0,23.727,0,140.3,38:13.772,09:38:13.772,0:26.708,0:30.816,0:23.727,213.0,Spencer Pumpelly,,GTD,,Heart of Racing Team,Aston Martin,GF,
27,2,23,1:22.815,0,,26.534,0,31.289,0,24.992,0,137.7,39:36.587,09:39:36.587,0:26.534,0:31.289,0:24.992,210.0,Spencer Pumpelly,,GTD,,Heart of Racing Team,Aston Martin,GF,
27,2,24,1:21.860,0,,27.478,0,30.535,0,23.847,0,139.3,40:58.447,09:40:58.447,0:27.478,0:30.535,0:23.847,213.0,Spencer Pumpelly,,GTD,,Heart of Racing Team,Aston Martin,GF,
27,2,25,1:20.270,0,,26.104,2,30.444,0,23.722,0,142.0,42:18.717,09:42:18.717,0:26.104,0:30.444,0:23.722,211.6,Spencer Pumpelly,,GTD,,Heart of Racing Team,Aston Martin,GF,
27,2,26,1:20.420,0,,26.537,0,30.373,0,23.510,2,141.8,43:39.137,09:43:39.137,0:26.537,0:30.373,0:23.510,213.0,Spencer Pumpelly,,GTD,,Heart of Racing Team,Aston Martin,GF,
27,2,27,1:19.990,2,,26.232,0,30.121,2,23.637,0,142.5,44:59.127,09:44:59.127,0:26.232,0:30.121,0:23.637,212.6,Spencer Pumpelly,,GTD,,Heart of Racing Team,Aston Martin,GF,
27,2,28,1:30.752,0,,27.726,0,34.717,0,28.309,0,125.6,46:29.879,09:46:29.879,0:27.726,0:34.717,0:28.309,158.1,Spencer Pumpelly,,GTD,,Heart of Racing Team,Aston Martin,GF,
27,2,29,1:34.707,0,B,26.558,0,31.558,0,36.591,0,120.4,48:04.586,09:48:04.586,0:26.558,0:31.558,0:36.591,213.0,Spencer Pumpelly,,GTD,,Heart of Racing Team,Aston Martin,GF,
27,2,30,4:47.622,0,,3:44.673,0,35.053,0,27.896,0,39.6,52:52.208,09:52:52.208,3:44.673,0:35.053,0:27.896,187.9,Spencer Pumpelly,0:03:33.402,GTD,,Heart of Racing Team,Aston Martin,GF,
27,2,31,1:26.742,0,,29.879,0,32.558,0,24.305,0,131.4,54:18.950,09:54:18.950,0:29.879,0:32.558,0:24.305,212.3,Spencer Pumpelly,,GTD,,Heart of Racing Team,Aston Martin,GF,
27,2,32,1:20.374,0,,26.426,0,30.345,0,23.603,0,141.9,55:39.324,09:55:39.324,0:26.426,0:30.345,0:23.603,212.6,Spencer Pumpelly,,GTD,,Heart of Racing Team,Aston Martin,GF,
27,2,33,1:22.677,0,,28.022,0,30.769,0,23.886,0,137.9,57:02.001,09:57:02.001,0:28.022,0:30.769,0:23.886,213.0,Spencer Pumpelly,,GTD,,Heart of Racing Team,Aston Martin,GF,
27,2,34,1:20.490,0,,26.488,0,30.330,0,23.672,0,141.7,58:22.491,09:58:22.491,0:26.488,0:30.330,0:23.672,212.6,Spencer Pumpelly,,GTD,,Heart of Racing Team,Aston Martin,GF,
27,2,35,1:22.413,0,,27.030,0,31.693,0,23.690,0,138.4,59:44.904,09:59:44.904,0:27.030,0:31.693,0:23.690,212.3,Spencer Pumpelly,,GTD,,Heart of Racing Team,Aston Martin,GF,
27,2,36,1:20.957,0,,26.943,0,30.496,0,23.518,0,140.8,1:01:05.861,10:01:05.861,0:26.943,0:30.496,0:23.518,213.7,Spencer Pumpelly,,GTD,,Heart of Racing Team,Aston Martin,FF,
31,2,1,1:54.916,0,B,40.244,0,35.496,0,39.176,0,99.2,1:54.916,09:01:54.916,0:40.244,0:35.496,0:39.176,163.4,Jack Aitken,0:00:10.479,GTP,,Cadillac Whelen,Cadillac,GF,
31,1,2,2:23.062,0,,1:23.185,0,33.769,0,26.108,0,79.7,4:17.978,09:04:17.978,1:23.185,0:33.769,0:26.108,173.9,Frederik Vesti,0:01:10.717,GTP,,Cadillac Whelen,Cadillac,GF,
31,1,3,1:21.097,0,,26.757,0,30.252,0,24.088,0,140.6,5:39.075,09:05:39.075,0:26.757,0:30.252,0:24.088,213.7,Frederik Vesti,,GTP,,Cadillac Whelen,Cadillac,GF,
31,1,4,1:17.160,0,,25.451,0,28.794,0,22.915,0,147.8,6:56.235,09:06:56.235,0:25.451,0:28.794,0:22.915,226.1,Frederik Vesti,,GTP,,Cadillac Whelen,Cadillac,GF,
31,1,5,1:17.718,0,,24.947,0,29.842,0,22.929,0,146.7,8:13.953,09:08:13.953,0:24.947,0:29.842,0:22.929,233.2,Frederik Vesti,,GTP,,Cadillac Whelen,Cadillac,GF,
31,1,6,1:15.068,0,,24.541,0,27.967,0,22.560,0,151.9,9:29.021,09:09:29.021,0:24.541,0:27.967,0:22.560,243.1,Frederik Vesti,,GTP,,Cadillac Whelen,Cadillac,GF,
31,1,7,1:14.669,0,,24.588,0,27.941,0,22.140,0,152.7,10:43.690,09:10:43.690,0:24.588,0:27.941,0:22.140,246.2,Frederik Vesti,,GTP,,Cadillac Whelen,Cadillac,GF,
31,1,8,1:14.431,0,,24.205,0,27.840,0,22.386,0,153.2,11:58.121,09:11:58.121,0:24.205,0:27.840,0:22.386,238.7,Frederik Vesti,,GTP,,Cadillac Whelen,Cadillac,GF,
31,1,9,1:18.369,0,,24.781,0,29.224,0,24.364,0,145.5,13:16.490,09:13:16.490,0:24.781,0:29.224,0:24.364,207.6,Frederik Vesti,,GTP,,Cadillac Whelen,Cadillac,GF,
31,1,10,1:16.541,0,,24.377,0,29.004,0,23.160,0,149.0,14:33.031,09:14:33.031,0:24.377,0:29.004,0:23.160,209.6,Frederik Vesti,,GTP,,Cadillac Whelen,Cadillac,GF,
31,1,11,1:16.856,0,,25.409,0,28.661,0,22.786,0,148.4,15:49.887,09:15:49.887,0:25.409,0:28.661,0:22.786,227.6,Frederik Vesti,,GTP,,Cadillac Whelen,Cadillac,GF,
31,1,12,1:16.557,0,,24.840,0,28.808,0,22.909,0,148.9,17:06.444,09:17:06.444,0:24.840,0:28.808,0:22.909,213.7,Frederik Vesti,,GTP,,Cadillac Whelen,Cadillac,GF,
31,1,13,1:15.574,0,,24.659,0,28.443,0,22.472,0,150.9,18:22.018,09:18:22.018,0:24.659,0:28.443,0:22.472,225.3,Frederik Vesti,,GTP,,Cadillac Whelen,Cadillac,GF,
31,1,14,1:14.266,0,,24.313,0,28.007,0,21.946,0,153.5,19:36.284,09:19:36.284,0:24.313,0:28.007,0:21.946,244.9,Frederik Vesti,,GTP,,Cadillac Whelen,Cadillac,GF,
31,1,15,1:13.717,0,,24.193,0,27.666,1,21.858,0,154.7,20:50.001,09:20:50.001,0:24.193,0:27.666,0:21.858,246.2,Frederik Vesti,,GTP,,Cadillac Whelen,Cadillac,GF,
31,1,16,1:14.063,0,,24.364,0,27.676,0,22.023,0,153.9,22:04.064,09:22:04.064,0:24.364,0:27.676,0:22.023,244.0,Frederik Vesti,,GTP,,Cadillac Whelen,Cadillac,GF,
31,1,17,1:16.915,0,,24.448,0,28.581,0,23.886,0,148.2,23:20.979,09:23:20.979,0:24.448,0:28.581,0:23.886,179.3,Frederik Vesti,,GTP,,Cadillac Whelen,Cadillac,GF,
31,1,18,1:13.733,0,,24.150,0,27.744,0,21.839,1,154.6,24:34.712,09:24:34.712,0:24.150,0:27.744,0:21.839,248.1,Frederik Vesti,,GTP,,Cadillac Whelen,Cadillac,GF,
31,1,19,1:29.453,0,B,24.828,0,29.138,0,35.487,0,127.5,26:04.165,09:26:04.165,0:24.828,0:29.138,0:35.487,230.8,Frederik Vesti,,GTP,,Cadillac Whelen,Cadillac,GF,
31,2,20,4:07.885,0,,3:12.971,0,30.167,0,24.747,0,46.0,30:12.050,09:30:12.050,3:12.971,0:30.167,0:24.747,207.0,Jack Aitken,0:03:03.743,GTP,,Cadillac Whelen,Cadillac,GF,
31,2,21,1:15.233,0,,24.804,0,28.422,0,22.007,0,151.6,31:27.283,09:31:27.283,0:24.804,0:28.422,0:22.007,243.5,Jack Aitken,,GTP,,Cadillac Whelen,Cadillac,GF,
31,2,22,1:14.469,0,,24.413,0,27.921,0,22.135,0,153.1,32:41.752,09:32:41.752,0:24.413,0:27.921,0:22.135,243.1,Jack Aitken,,GTP,,Cadillac Whelen,Cadillac,GF,
31,2,23,1:17.200,0,,25.822,0,28.434,0,22.944,0,147.7,33:58.952,09:33:58.952,0:25.822,0:28.434,0:22.944,238.3,Jack Aitken,,GTP,,Cadillac Whelen,Cadillac,GF,
31,2,24,1:13.887,0,,24.245,0,27.779,0,21.863,0,154.3,35:12.839,09:35:12.839,0:24.245,0:27.779,0:21.863,247.6,Jack Aitken,,GTP,,Cadillac Whelen,Cadillac,GF,
31,2,25,1:15.672,0,,25.472,0,28.256,0,21.944,0,150.7,36:28.511,09:36:28.511,0:25.472,0:28.256,0:21.944,246.2,Jack Aitken,,GTP,,Cadillac Whelen,Cadillac,GF,
31,2,26,1:14.287,0,,24.212,0,27.643,0,22.432,0,153.5,37:42.798,09:37:42.798,0:24.212,0:27.643,0:22.432,248.6,Jack Aitken,,GTP,,Cadillac Whelen,Cadillac,GF,
31,2,27,1:13.462,2,,24.152,0,27.541,0,21.769,0,155.2,38:56.260,09:38:56.260,0:24.152,0:27.541,0:21.769,250.4,Jack Aitken,,GTP,,Cadillac Whelen,Cadillac,GF,
31,2,28,1:13.844,0,,24.061,0,27.447,4,22.336,0,154.4,40:10.104,09:40:10.104,0:24.061,0:27.447,0:22.336,249.0,Jack Aitken,,GTP,,Cadillac Whelen,Cadillac,GF,
31,2,29,1:13.573,0,,23.995,0,27.745,0,21.833,0,155.0,41:23.677,09:41:23.677,0:23.995,0:27.745,0:21.833,250.0,Jack Aitken,,GTP,,Cadillac Whelen,Cadillac,GF,
31,2,30,1:13.535,0,,23.991,0,27.916,0,21.628,2,155.1,42:37.212,09:42:37.212,0:23.991,0:27.916,0:21.628,250.0,Jack Aitken,,GTP,,Cadillac Whelen,Cadillac,GF,
31,2,31,1:14.738,0,,24.713,0,28.143,0,21.882,0,152.6,43:51.950,09:43:51.950,0:24.713,0:28.143,0:21.882,248.1,Jack Aitken,,GTP,,Cadillac Whelen,Cadillac,GF,
31,2,32,1:13.842,0,,23.889,2,27.891,0,22.062,0,154.4,45:05.792,09:45:05.792,0:23.889,0:27.891,0:22.062,249.5,Jack Aitken,,GTP,,Cadillac Whelen,Cadillac,GF,
31,2,33,1:15.913,0,,24.862,0,28.664,0,22.387,0,150.2,46:21.705,09:46:21.705,0:24.862,0:28.664,0:22.387,248.6,Jack Aitken,,GTP,,Cadillac Whelen,Cadillac,GF,
31,2,34,1:16.769,0,,24.765,0,28.752,0,23.252,0,148.5,47:38.474,09:47:38.474,0:24.765,0:28.752,0:23.252,241.3,Jack Aitken,,GTP,,Cadillac Whelen,Cadillac,GF,
31,2,35,1:17.343,0,,24.159,0,28.403,0,24.781,0,147.4,48:55.817,09:48:55.817,0:24.159,0:28.403,0:24.781,242.2,Jack Aitken,,GTP,,Cadillac Whelen,Cadillac,GF,
31,2,36,1:13.945,0,,23.973,0,27.763,0,22.209,0,154.2,50:09.762,09:50:09.762,0:23.973,0:27.763,0:22.209,250.0,Jack Aitken,,GTP,,Cadillac Whelen,Cadillac,GF,
31,2,37,1:19.896,0,,24.792,0,29.101,0,26.003,0,142.7,51:29.658,09:51:29.658,0:24.792,0:29.101,0:26.003,149.7,Jack Aitken,,GTP,,Cadillac Whelen,Cadillac,GF,
31,2,38,1:38.595,0,,23.937,0,51.924,0,22.734,0,115.6,53:08.253,09:53:08.253,0:23.937,0:51.924,0:22.734,236.1,Jack Aitken,,GTP,,Cadillac Whelen,Cadillac,GF,
31,2,39,1:26.826,0,B,24.190,0,28.039,0,34.597,0,131.3,54:35.079,09:54:35.079,0:24.190,0:28.039,0:34.597,249.0,Jack Aitken,,GTP,,Cadillac Whelen,Cadillac,GF,
31,1,40,2:07.623,0,,1:13.600,0,30.417,0,23.606,0,89.3,56:42.702,09:56:42.702,1:13.600,0:30.417,0:23.606,215.8,Frederik Vesti,0:01:01.122,GTP,,Cadillac Whelen,Cadillac,GF,
31,1,41,1:14.664,0,,24.200,0,27.718,0,22.746,0,152.7,57:57.366,09:57:57.366,0:24.200,0:27.718,0:22.746,241.3,Frederik Vesti,,GTP,,Cadillac Whelen,Cadillac,GF,
31,1,42,1:13.814,0,,24.117,1,27.710,0,21.987,0,154.5,59:11.180,09:59:11.180,0:24.117,0:27.710,0:21.987,243.5,Frederik Vesti,,GTP,,Cadillac Whelen,Cadillac,GF,
31,1,43,1:16.585,0,,24.380,0,28.437,0,23.768,0,148.9,1:00:27.765,10:00:27.765,0:24.380,0:28.437,0:23.768,245.8,Frederik Vesti,,GTP,,Cadillac Whelen,Cadillac,FF,
34,2,1,2:19.010,0,B,1:01.853,0,37.344,0,39.813,0,82.0,2:19.010,09:02:19.010,1:01.853,0:37.344,0:39.813,158.7,Albert Costa,0:00:29.573,GTD,,Conquest Racing,Ferrari,GF,
34,2,2,4:06.504,0,,3:06.250,0,34.572,0,25.682,0,46.3,6:25.514,09:06:25.514,3:06.250,0:34.572,0:25.682,190.1,Albert Costa,0:02:54.021,GTD,,Conquest Racing,Ferrari,GF,
34,2,3,1:24.023,0,,27.441,0,31.997,0,24.585,0,135.7,7:49.537,09:07:49.537,0:27.441,0:31.997,0:24.585,209.3,Albert Costa,,GTD,,Conquest Racing,Ferrari,GF,
34,2,4,1:22.121,0,,26.763,0,31.120,0,24.238,0,138.8,9:11.658,09:09:11.658,0:26.763,0:31.120,0:24.238,210.0,Albert Costa,,GTD,,Conquest Racing,Ferrari,GF,
34,2,5,1:20.974,0,,26.543,0,30.688,0,23.743,0,140.8,10:32.632,09:10:32.632,0:26.543,0:30.688,0:23.743,211.3,Albert Costa,,GTD,,Conquest Racing,Ferrari,GF,
34,2,6,1:20.330,0,,26.227,0,30.514,0,23.589,0,141.9,11:52.962,09:11:52.962,0:26.227,0:30.514,0:23.589,211.6,Albert Costa,,GTD,,Conquest Racing,Ferrari,GF,
34,2,7,1:20.384,0,,26.097,0,30.300,0,23.987,0,141.8,13:13.346,09:13:13.346,0:26.097,0:30.300,0:23.987,212.3,Albert Costa,,GTD,,Conquest Racing,Ferrari,GF,
34,2,8,1:28.738,0,,26.100,0,34.859,0,27.779,0,128.5,14:42.084,09:14:42.084,0:26.100,0:34.859,0:27.779,146.9,Albert Costa,,GTD,,Conquest Racing,Ferrari,GF,
34,2,9,1:20.716,0,,26.242,0,30.278,0,24.196,0,141.3,16:02.800,09:16:02.800,0:26.242,0:30.278,0:24.196,212.6,Albert Costa,,GTD,,Conquest Racing,Ferrari,GF,
34,2,10,1:20.727,0,,26.111,0,30.443,0,24.173,0,141.2,17:23.527,09:17:23.527,0:26.111,0:30.443,0:24.173,209.6,Albert Costa,,GTD,,Conquest Racing,Ferrari,GF,
34,2,11,1:19.624,2,,25.993,0,30.143,2,23.488,2,143.2,18:43.151,09:18:43.151,0:25.993,0:30.143,0:23.488,212.3,Albert Costa,,GTD,,Conquest Racing,Ferrari,GF,
34,2,12,1:32.549,0,B,26.072,0,30.267,0,36.210,0,123.2,20:15.700,09:20:15.700,0:26.072,0:30.267,0:36.210,212.0,Albert Costa,,GTD,,Conquest Racing,Ferrari,GF,
34,2,13,5:43.166,0,,4:46.705,0,32.279,0,24.182,0,33.2,25:58.866,09:25:58.866,4:46.705,0:32.279,0:24.182,208.0,Albert Costa,0:04:37.444,GTD,,Conquest Racing,Ferrari,GF,
34,2,14,1:20.871,0,,26.309,0,30.884,0,23.678,0,141.0,27:19.737,09:27:19.737,0:26.309,0:30.884,0:23.678,211.0,Albert Costa,,GTD,,Conquest Racing,Ferrari,GF,
34,2,15,1:20.266,0,,26.187,0,30.396,0,23.683,0,142.1,28:40.003,09:28:40.003,0:26.187,0:30.396,0:23.683,212.0,Albert Costa,,GTD,,Conquest Racing,Ferrari,GF,
34,2,16,1:19.956,0,,26.237,0,30.195,0,23.524,0,142.6,29:59.959,09:29:59.959,0:26.237,0:30.195,0:23.524,213.0,Albert Costa,,GTD,,Conquest Racing,Ferrari,GF,
34,2,17,1:19.800,0,,25.949,2,30.263,0,23.588,0,142.9,31:19.759,09:31:19.759,0:25.949,0:30.263,0:23.588,212.6,Albert Costa,,GTD,,Conquest Racing,Ferrari,GF,
34,2,18,1:21.258,0,,26.023,0,30.308,0,24.927,0,140.3,32:41.017,09:32:41.017,0:26.023,0:30.308,0:24.927,213.0,Albert Costa,,GTD,,Conquest Racing,Ferrari,GF,
34,2,19,1:22.095,0,,27.062,0,31.244,0,23.789,0,138.9,34:03.112,09:34:03.112,0:27.062,0:31.244,0:23.789,210.6,Albert Costa,,GTD,,Conquest Racing,Ferrari,GF,
34,2,20,1:20.458,0,,26.079,0,30.768,0,23.611,0,141.7,35:23.570,09:35:23.570,0:26.079,0:30.768,0:23.611,212.0,Albert Costa,,GTD,,Conquest Racing,Ferrari,GF,
34,2,21,1:32.248,0,B,26.199,0,30.819,0,35.230,0,123.6,36:55.818,09:36:55.818,0:26.199,0:30.819,0:35.230,212.3,Albert Costa,,GTD,,Conquest Racing,Ferrari,GF,
34,1,22,3:00.575,0,,2:01.777,0,33.524,0,25.274,0,63.1,39:56.393,09:39:56.393,2:01.777,0:33.524,0:25.274,208.3,Manny Franco,0:01:50.060,GTD,,Conquest Racing,Ferrari,GF,
34,1,23,1:23.408,0,,27.073,0,31.541,0,24.794,0,136.7,41:19.801,09:41:19.801,0:27.073,0:31.541,0:24.794,206.4,Manny Franco,,GTD,,Conquest Racing,Ferrari,GF,
34,1,24,1:22.410,0,,26.721,0,31.516,0,24.173,0,138.4,42:42.211,09:42:42.211,0:26.721,0:31.516,0:24.173,210.6,Manny Franco,,GTD,,Conquest Racing,Ferrari,GF,
34,1,25,1:21.972,0,,26.639,0,31.309,0,24.024,0,139.1,44:04.183,09:44:04.183,0:26.639,0:31.309,0:24.024,211.3,Manny Franco,,GTD,,Conquest Racing,Ferrari,GF,
34,1,26,1:22.122,0,,26.842,0,31.143,0,24.137,0,138.8,45:26.305,09:45:26.305,0:26.842,0:31.143,0:24.137,210.6,Manny Franco,,GTD,,Conquest Racing,Ferrari,GF,
34,1,27,1:21.075,0,,26.356,0,30.795,0,23.924,0,140.6,46:47.380,09:46:47.380,0:26.356,0:30.795,0:23.924,210.3,Manny Franco,,GTD,,Conquest Racing,Ferrari,GF,
34,1,28,1:21.155,0,,26.307,0,30.873,0,23.975,0,140.5,48:08.535,09:48:08.535,0:26.307,0:30.873,0:23.975,211.3,Manny Franco,,GTD,,Conquest Racing,Ferrari,GF,
34,1,29,1:20.919,0,,26.285,0,30.847,0,23.787,1,140.9,49:29.454,09:49:29.454,0:26.285,0:30.847,0:23.787,211.3,Manny Franco,,GTD,,Conquest Racing,Ferrari,GF,
34,1,30,1:21.151,0,,26.180,1,30.868,0,24.103,0,140.5,50:50.605,09:50:50.605,0:26.180,0:30.868,0:24.103,211.6,Manny Franco,,GTD,,Conquest Racing,Ferrari,GF,
34,1,31,1:20.837,0,,26.269,0,30.753,0,23.815,0,141.0,52:11.442,09:52:11.442,0:26.269,0:30.753,0:23.815,210.6,Manny Franco,,GTD,,Conquest Racing,Ferrari,GF,
34,1,32,1:20.972,0,,26.271,0,30.676,0,24.025,0,140.8,53:32.414,09:53:32.414,0:26.271,0:30.676,0:24.025,210.3,Manny Franco,,GTD,,Conquest Racing,Ferrari,GF,
34,1,33,1:22.606,0,,26.320,0,31.127,0,25.159,0,138.0,54:55.020,09:54:55.020,0:26.320,0:31.127,0:25.159,212.0,Manny Franco,,GTD,,Conquest Racing,Ferrari,GF,
34,1,34,1:22.348,0,,26.358,0,30.671,0,25.319,0,138.5,56:17.368,09:56:17.368,0:26.358,0:30.671,0:25.319,211.6,Manny Franco,,GTD,,Conquest Racing,Ferrari,GF,
34,1,35,1:20.761,0,,26.313,0,30.575,1,23.873,0,141.2,57:38.129,09:57:38.129,0:26.313,0:30.575,0:23.873,211.3,Manny Franco,,GTD,,Conquest Racing,Ferrari,GF,
34,1,36,1:21.024,0,,26.184,0,30.851,0,23.989,0,140.7,58:59.153,09:58:59.153,0:26.184,0:30.851,0:23.989,212.6,Manny Franco,,GTD,,Conquest Racing,Ferrari,GF,
34,1,37,1:22.883,0,,26.227,0,31.693,0,24.963,0,137.6,1:00:22.036,10:00:22.036,0:26.227,0:31.693,0:24.963,199.8,Manny Franco,,GTD,,Conquest Racing,Ferrari,FF,
36,2,1,2:41.839,0,B,1:14.674,0,40.403,0,46.762,0,70.5,2:41.839,09:02:41.839,1:14.674,0:40.403,0:46.762,96.8,Robert Wickens,0:00:41.099,GTD,,DXDT Racing,Chevrolet,GF,
36,1,2,4:07.078,0,,2:58.917,0,36.432,0,31.729,0,46.1,6:48.917,09:06:48.917,2:58.917,0:36.432,0:31.729,187.6,Mason Filippi,0:02:41.666,GTD,,DXDT Racing,Chevrolet,GF,
36,1,3,1:31.246,0,,29.799,0,33.499,0,27.948,0,125.0,8:20.163,09:08:20.163,0:29.799,0:33.499,0:27.948,197.7,Mason Filippi,,GTD,,DXDT Racing,Chevrolet,GF,
36,1,4,1:27.343,0,,28.700,0,32.568,0,26.075,0,130.5,9:47.506,09:09:47.506,0:28.700,0:32.568,0:26.075,209.0,Mason Filippi,,GTD,,DXDT Racing,Chevrolet,GF,
36,1,5,1:25.714,0,,27.599,0,32.421,0,25.694,0,133.0,11:13.220,09:11:13.220,0:27.599,0:32.421,0:25.694,194.0,Mason Filippi,,GTD,,DXDT Racing,Chevrolet,GF,
36,1,6,1:23.121,0,,27.220,0,31.165,0,24.736,0,137.2,12:36.341,09:12:36.341,0:27.220,0:31.165,0:24.736,209.6,Mason Filippi,,GTD,,DXDT Racing,Chevrolet,GF,
36,1,7,1:22.412,0,,27.092,0,31.117,0,24.203,0,138.4,13:58.753,09:13:58.753,0:27.092,0:31.117,0:24.203,210.3,Mason Filippi,,GTD,,DXDT Racing,Chevrolet,GF,
36,1,8,1:21.367,0,,26.685,0,30.729,0,23.953,0,140.1,15:20.120,09:15:20.120,0:26.685,0:30.729,0:23.953,209.3,Mason Filippi,,GTD,,DXDT Racing,Chevrolet,GF,
36,1,9,1:22.435,0,,27.316,0,30.876,0,24.243,0,138.3,16:42.555,09:16:42.555,0:27.316,0:30.876,0:24.243,210.6,Mason Filippi,,GTD,,DXDT Racing,Chevrolet,GF,
36,1,10,1:34.594,0,B,26.578,0,30.845,0,37.171,0,120.5,18:17.149,09:18:17.149,0:26.578,0:30.845,0:37.171,209.6,Mason Filippi,,GTD,,DXDT Racing,Chevrolet,GF,
36,2,11,3:12.932,0,,2:14.644,0,33.047,0,25.241,0,59.1,21:30.081,09:21:30.081,2:14.644,0:33.047,0:25.241,205.1,Robert Wickens,0:02:01.616,GTD,,DXDT Racing,Chevrolet,GF,
36,2,12,1:24.523,0,,28.121,0,31.263,0,25.139,0,134.9,22:54.604,09:22:54.604,0:28.121,0:31.263,0:25.139,209.0,Robert Wickens,,GTD,,DXDT Racing,Chevrolet,GF,
36,2,13,1:22.389,0,,27.151,0,30.945,0,24.293,0,138.4,24:16.993,09:24:16.993,0:27.151,0:30.945,0:24.293,208.3,Robert Wickens,,GTD,,DXDT Racing,Chevrolet,GF,
36,2,14,1:20.835,0,,26.433,0,30.555,0,23.847,0,141.1,25:37.828,09:25:37.828,0:26.433,0:30.555,0:23.847,208.3,Robert Wickens,,GTD,,DXDT Racing,Chevrolet,GF,
36,2,15,1:21.241,0,,26.383,0,30.881,0,23.977,0,140.3,26:59.069,09:26:59.069,0:26.383,0:30.881,0:23.977,208.3,Robert Wickens,,GTD,,DXDT Racing,Chevrolet,GF,
36,2,16,1:20.549,0,,26.331,0,30.426,0,23.792,0,141.6,28:19.618,09:28:19.618,0:26.331,0:30.426,0:23.792,209.3,Robert Wickens,,GTD,,DXDT Racing,Chevrolet,GF,
36,2,17,1:22.750,0,,27.409,0,31.402,0,23.939,0,137.8,29:42.368,09:29:42.368,0:27.409,0:31.402,0:23.939,208.0,Robert Wickens,,GTD,,DXDT Racing,Chevrolet,GF,
36,2,18,1:20.207,0,,26.220,0,30.440,0,23.547,2,142.2,31:02.575,09:31:02.575,0:26.220,0:30.440,0:23.547,209.6,Robert Wickens,,GTD,,DXDT Racing,Chevrolet,GF,
36,2,19,1:33.304,0,B,26.766,0,31.089,0,35.449,0,122.2,32:35.879,09:32:35.879,0:26.766,0:31.089,0:35.449,202.9,Robert Wickens,,GTD,,DXDT Racing,Chevrolet,GF,
36,2,20,6:55.794,0,,5:58.627,0,32.466,0,24.701,0,27.4,39:31.673,09:39:31.673,5:58.627,0:32.466,0:24.701,193.4,Robert Wickens,0:05:48.904,GTD,,DXDT Racing,Chevrolet,GF,
36,2,21,1:22.307,0,,26.403,0,30.693,0,25.211,0,138.5,40:53.980,09:40:53.980,0:26.403,0:30.693,0:25.211,209.3,Robert Wickens,,GTD,,DXDT Racing,Chevrolet,GF,
36,2,22,1:21.136,0,,26.300,0,30.731,0,24.105,0,140.5,42:15.116,09:42:15.116,0:26.300,0:30.731,0:24.105,209.6,Robert Wickens,,GTD,,DXDT Racing,Chevrolet,GF,
36,2,23,1:23.038,0,,26.894,0,30.918,0,25.226,0,137.3,43:38.154,09:43:38.154,0:26.894,0:30.918,0:25.226,202.3,Robert Wickens,,GTD,,DXDT Racing,Chevrolet,GF,
36,2,24,1:20.442,0,,26.178,1,30.331,1,23.933,0,141.7,44:58.596,09:44:58.596,0:26.178,0:30.331,0:23.933,209.3,Robert Wickens,,GTD,,DXDT Racing,Chevrolet,GF,
36,2,25,1:33.484,0,B,26.641,0,31.756,0,35.087,0,122.0,46:32.080,09:46:32.080,0:26.641,0:31.756,0:35.087,209.3,Robert Wickens,,GTD,,DXDT Racing,Chevrolet,GF,
36,1,26,2:42.175,0,,1:46.552,0,31.505,0,24.118,0,70.3,49:14.255,09:49:14.255,1:46.552,0:31.505,0:24.118,209.0,Mason Filippi,0:01:36.847,GTD,,DXDT Racing,Chevrolet,GF,
36,1,27,1:21.418,0,,26.630,0,30.706,0,24.082,0,140.0,50:35.673,09:50:35.673,0:26.630,0:30.706,0:24.082,209.3,Mason Filippi,,GTD,,DXDT Racing,Chevrolet,GF,
36,1,28,1:21.932,0,,26.603,0,31.465,0,23.864,0,139.2,51:57.605,09:51:57.605,0:26.603,0:31.465,0:23.864,209.6,Mason Filippi,,GTD,,DXDT Racing,Chevrolet,GF,
36,1,29,1:20.467,0,,26.280,0,30.567,0,23.620,1,141.7,53:18.072,09:53:18.072,0:26.280,0:30.567,0:23.620,210.6,Mason Filippi,,GTD,,DXDT Racing,Chevrolet,GF,
36,1,30,1:20.753,0,,26.153,0,30.665,0,23.935,0,141.2,54:38.825,09:54:38.825,0:26.153,0:30.665,0:23.935,210.3,Mason Filippi,,GTD,,DXDT Racing,Chevrolet,GF,
36,1,31,1:20.252,0,,26.190,0,30.308,2,23.754,0,142.1,55:59.077,09:55:59.077,0:26.190,0:30.308,0:23.754,212.0,Mason Filippi,,GTD,,DXDT Racing,Chevrolet,GF,
36,1,32,1:27.126,0,,28.527,0,32.054,0,26.545,0,130.9,57:26.203,09:57:26.203,0:28.527,0:32.054,0:26.545,186.1,Mason Filippi,,GTD,,DXDT Racing,Chevrolet,GF,
36,1,33,1:20.166,2,,26.091,2,30.339,0,23.736,0,142.2,58:46.369,09:58:46.369,0:26.091,0:30.339,0:23.736,211.3,Mason Filippi,,GTD,,DXDT Racing,Chevrolet,GF,
36,1,34,1:20.839,0,,26.314,0,30.753,0,23.772,0,141.0,1:00:07.208,10:00:07.208,0:26.314,0:30.753,0:23.772,210.6,Mason Filippi,,GTD,,DXDT Racing,Chevrolet,FF,
40,2,1,2:04.063,0,,58.301,0,38.054,0,27.708,0,91.9,2:04.063,09:02:04.063,0:58.301,0:38.054,0:27.708,155.5,Louis Deletraz,0:00:25.555,GTP,,Cadillac Wayne Taylor Racing,Cadillac,GF,
40,2,2,1:25.739,0,,28.783,0,31.996,0,24.960,0,133.0,3:29.802,09:03:29.802,0:28.783,0:31.996,0:24.960,177.6,Louis Deletraz,,GTP,,Cadillac Wayne Taylor Racing,Cadillac,GF,
40,2,3,1:35.689,0,B,27.231,0,30.733,0,37.725,0,119.2,5:05.491,09:05:05.491,0:27.231,0:30.733,0:37.725,186.9,Louis Deletraz,,GTP,,Cadillac Wayne Taylor Racing,Cadillac,GF,
40,2,4,8:19.547,0,,7:21.012,0,32.213,0,26.322,0,22.8,13:25.038,09:13:25.038,7:21.012,0:32.213,0:26.322,191.7,Louis Deletraz,0:07:06.979,GTP,,Cadillac Wayne Taylor Racing,Cadillac,GF,
40,2,5,1:19.672,0,,26.871,0,29.627,0,23.174,0,143.1,14:44.710,09:14:44.710,0:26.871,0:29.627,0:23.174,209.3,Louis Deletraz,,GTP,,Cadillac Wayne Taylor Racing,Cadillac,GF,
40,2,6,1:19.498,0,,25.634,0,29.465,0,24.399,0,143.4,16:04.208,09:16:04.208,0:25.634,0:29.465,0:24.399,167.1,Louis Deletraz,,GTP,,Cadillac Wayne Taylor Racing,Cadillac,GF,
40,2,7,1:17.337,0,,25.405,0,29.109,0,22.823,0,147.4,17:21.545,09:17:21.545,0:25.405,0:29.109,0:22.823,211.0,Louis Deletraz,,GTP,,Cadillac Wayne Taylor Racing,Cadillac,GF,
40,2,8,1:15.725,0,,24.873,0,28.255,0,22.597,0,150.6,18:37.270,09:18:37.270,0:24.873,0:28.255,0:22.597,213.0,Louis Deletraz,,GTP,,Cadillac Wayne Taylor Racing,Cadillac,GF,
40,2,9,1:14.839,0,,24.581,0,28.065,0,22.193,0,152.4,19:52.109,09:19:52.109,0:24.581,0:28.065,0:22.193,240.0,Louis Deletraz,,GTP,,Cadillac Wayne Taylor Racing,Cadillac,GF,
40,2,10,1:15.069,0,,24.644,0,28.211,0,22.214,0,151.9,21:07.178,09:21:07.178,0:24.644,0:28.211,0:22.214,241.8,Louis Deletraz,,GTP,,Cadillac Wayne Taylor Racing,Cadillac,GF,
40,2,11,1:15.316,0,,24.878,0,28.315,0,22.123,0,151.4,22:22.494,09:22:22.494,0:24.878,0:28.315,0:22.123,247.2,Louis Deletraz,,GTP,,Cadillac Wayne Taylor Racing,Cadillac,GF,
40,2,12,1:14.251,0,,24.397,0,27.895,0,21.959,0,153.6,23:36.745,09:23:36.745,0:24.397,0:27.895,0:21.959,248.6,Louis Deletraz,,GTP,,Cadillac Wayne Taylor Racing,Cadillac,GF,
40,2,13,1:14.357,0,,24.272,0,27.781,0,22.304,0,153.3,24:51.102,09:24:51.102,0:24.272,0:27.781,0:22.304,245.3,Louis Deletraz,,GTP,,Cadillac Wayne Taylor Racing,Cadillac,GF,
40,2,14,1:14.014,0,,24.264,0,27.741,0,22.009,0,154.1,26:05.116,09:26:05.116,0:24.264,0:27.741,0:22.009,249.5,Louis Deletraz,,GTP,,Cadillac Wayne Taylor Racing,Cadillac,GF,
40,2,15,1:17.214,0,,24.460,0,28.280,0,24.474,0,147.7,27:22.330,09:27:22.330,0:24.460,0:28.280,0:24.474,228.0,Louis Deletraz,,GTP,,Cadillac Wayne Taylor Racing,Cadillac,GF,
40,2,16,1:15.592,0,,24.506,0,28.918,0,22.168,0,150.8,28:37.922,09:28:37.922,0:24.506,0:28.918,0:22.168,239.1,Louis Deletraz,,GTP,,Cadillac Wayne Taylor Racing,Cadillac,GF,
40,2,17,1:15.482,0,,25.024,0,28.334,0,22.124,0,151.1,29:53.404,09:29:53.404,0:25.024,0:28.334,0:22.124,246.2,Louis Deletraz,,GTP,,Cadillac Wayne Taylor Racing,Cadillac,GF,
40,2,18,1:28.974,0,B,25.393,0,28.899,0,34.682,0,128.1,31:22.378,09:31:22.378,0:25.393,0:28.899,0:34.682,231.6,Louis Deletraz,,GTP,,Cadillac Wayne Taylor Racing,Cadillac,GF,
40,2,19,7:11.458,0,,6:19.074,0,29.317,0,23.067,0,26.4,38:33.836,09:38:33.836,6:19.074,0:29.317,0:23.067,222.3,Louis Deletraz,0:06:10.392,GTP,,Cadillac Wayne Taylor Racing,Cadillac,GF,
40,2,20,1:15.501,0,,25.486,0,27.902,0,22.113,0,151.0,39:49.337,09:39:49.337,0:25.486,0:27.902,0:22.113,236.6,Louis Deletraz,,GTP,,Cadillac Wayne Taylor Racing,Cadillac,GF,
40,2,21,1:13.736,2,,24.261,1,27.645,2,21.830,2,154.6,41:03.073,09:41:03.073,0:24.261,0:27.645,0:21.830,249.0,Louis Deletraz,,GTP,,Cadillac Wayne Taylor Racing,Cadillac,GF,
40,2,22,1:41.090,0,,25.226,0,53.149,0,22.715,0,112.8,42:44.163,09:42:44.163,0:25.226,0:53.149,0:22.715,225.3,Louis Deletraz,,GTP,,Cadillac Wayne Taylor Racing,Cadillac,GF,
40,2,23,1:15.767,0,,25.194,0,28.357,0,22.216,0,150.5,43:59.930,09:43:59.930,0:25.194,0:28.357,0:22.216,241.8,Louis Deletraz,,GTP,,Cadillac Wayne Taylor Racing,Cadillac,GF,
40,2,24,1:28.497,0,B,25.264,0,28.288,0,34.945,0,128.8,45:28.427,09:45:28.427,0:25.264,0:28.288,0:34.945,239.6,Louis Deletraz,,GTP,,Cadillac Wayne Taylor Racing,Cadillac,GF,
40,1,25,2:08.165,0,,1:15.348,0,29.498,0,23.319,0,89.0,47:36.592,09:47:36.592,1:15.348,0:29.498,0:23.319,216.1,Jordan Taylor,0:01:03.015,GTP,,Cadillac Wayne Taylor Racing,Cadillac,GF,
40,1,26,1:24.220,0,,25.124,0,34.162,0,24.934,0,135.4,49:00.812,09:49:00.812,0:25.124,0:34.162,0:24.934,212.3,Jordan Taylor,,GTP,,Cadillac Wayne Taylor Racing,Cadillac,GF,
40,1,27,1:18.212,0,,24.802,0,28.409,0,25.001,0,145.8,50:19.024,09:50:19.024,0:24.802,0:28.409,0:25.001,229.2,Jordan Taylor,,GTP,,Cadillac Wayne Taylor Racing,Cadillac,GF,
40,1,28,1:15.775,0,,24.628,0,28.155,0,22.992,0,150.5,51:34.799,09:51:34.799,0:24.628,0:28.155,0:22.992,225.3,Jordan Taylor,,GTP,,Cadillac Wayne Taylor Racing,Cadillac,GF,
40,1,29,1:14.801,0,,24.452,0,27.982,0,22.367,0,152.4,52:49.600,09:52:49.600,0:24.452,0:27.982,0:22.367,236.6,Jordan Taylor,,GTP,,Cadillac Wayne Taylor Racing,Cadillac,GF,
40,1,30,1:15.665,0,,25.684,0,27.979,0,22.002,1,150.7,54:05.265,09:54:05.265,0:25.684,0:27.979,0:22.002,243.5,Jordan Taylor,,GTP,,Cadillac Wayne Taylor Racing,Cadillac,GF,
40,1,31,1:15.292,0,,24.343,0,28.224,0,22.725,0,151.4,55:20.557,09:55:20.557,0:24.343,0:28.224,0:22.725,229.6,Jordan Taylor,,GTP,,Cadillac Wayne Taylor Racing,Cadillac,GF,
40,1,32,1:15.607,0,,24.402,0,27.920,0,23.285,0,150.8,56:36.164,09:56:36.164,0:24.402,0:27.920,0:23.285,224.2,Jordan Taylor,,GTP,,Cadillac Wayne Taylor Racing,Cadillac,GF,
40,1,33,1:14.204,0,,24.291,0,27.905,0,22.008,0,153.7,57:50.368,09:57:50.368,0:24.291,0:27.905,0:22.008,246.2,Jordan Taylor,,GTP,,Cadillac Wayne Taylor Racing,Cadillac,GF,
40,1,34,1:14.615,0,,24.314,0,28.132,0,22.169,0,152.8,59:04.983,09:59:04.983,0:24.314,0:28.132,0:22.169,243.5,Jordan Taylor,,GTP,,Cadillac Wayne Taylor Racing,Cadillac,GF,
40,1,35,1:13.917,0,,24.153,2,27.720,1,22.044,0,154.3,1:00:18.900,10:00:18.900,0:24.153,0:27.720,0:22.044,240.0,Jordan Taylor,,GTP,,Cadillac Wayne Taylor Racing,Cadillac,FF,
45,1,1,2:28.797,0,B,1:09.647,0,38.374,0,40.776,0,76.6,2:28.797,09:02:28.797,1:09.647,0:38.374,0:40.776,147.0,Danny Formal,0:00:37.360,GTD,,Wayne Taylor Racing,Lamborghini,GF,
45,1,2,3:34.034,0,,2:31.569,0,35.487,0,26.978,0,53.3,6:02.831,09:06:02.831,2:31.569,0:35.487,0:26.978,180.5,Danny Formal,0:02:17.079,GTD,,Wayne Taylor Racing,Lamborghini,GF,
45,1,3,1:29.077,0,,29.432,0,33.867,0,25.778,0,128.0,7:31.908,09:07:31.908,0:29.432,0:33.867,0:25.778,196.8,Danny Formal,,GTD,,Wayne Taylor Racing,Lamborghini,GF,
45,1,4,1:24.842,0,,27.480,0,32.062,0,25.300,0,134.4,8:56.750,09:08:56.750,0:27.480,0:32.062,0:25.300,210.0,Danny Formal,,GTD,,Wayne Taylor Racing,Lamborghini,GF,
45,1,5,1:22.570,0,,27.201,0,31.074,0,24.295,0,138.1,10:19.320,09:10:19.320,0:27.201,0:31.074,0:24.295,211.0,Danny Formal,,GTD,,Wayne Taylor Racing,Lamborghini,GF,
45,1,6,1:23.181,0,,26.929,0,30.766,0,25.486,0,137.1,11:42.501,09:11:42.501,0:26.929,0:30.766,0:25.486,211.3,Danny Formal,,GTD,,Wayne Taylor Racing,Lamborghini,GF,
45,1,7,1:21.452,0,,26.555,0,30.772,0,24.125,0,140.0,13:03.953,09:13:03.953,0:26.555,0:30.772,0:24.125,211.0,Danny Formal,,GTD,,Wayne Taylor Racing,Lamborghini,GF,
45,1,8,1:20.446,0,,26.167,0,30.578,0,23.701,0,141.7,14:24.399,09:14:24.399,0:26.167,0:30.578,0:23.701,210.0,Danny Formal,,GTD,,Wayne Taylor Racing,Lamborghini,GF,
45,1,9,1:20.232,0,,26.234,0,30.355,0,23.643,0,142.1,15:44.631,09:15:44.631,0:26.234,0:30.355,0:23.643,209.6,Danny Formal,,GTD,,Wayne Taylor Racing,Lamborghini,GF,
45,1,10,1:22.179,0,,27.272,0,31.042,0,23.865,0,138.7,17:06.810,09:17:06.810,0:27.272,0:31.042,0:23.865,211.0,Danny Formal,,GTD,,Wayne Taylor Racing,Lamborghini,GF,
45,1,11,1:34.124,0,B,27.283,0,30.778,0,36.063,0,121.1,18:40.934,09:18:40.934,0:27.283,0:30.778,0:36.063,198.9,Danny Formal,,GTD,,Wayne Taylor Racing,Lamborghini,GF,
45,1,12,3:46.181,0,,2:50.872,0,31.352,0,23.957,0,50.4,22:27.115,09:22:27.115,2:50.872,0:31.352,0:23.957,209.6,Danny Formal,0:02:41.269,GTD,,Wayne Taylor Racing,Lamborghini,GF,
45,1,13,1:20.338,0,,26.143,0,30.491,0,23.704,0,141.9,23:47.453,09:23:47.453,0:26.143,0:30.491,0:23.704,209.6,Danny Formal,,GTD,,Wayne Taylor Racing,Lamborghini,GF,
45,1,14,1:19.948,0,,26.143,0,30.234,2,23.571,0,142.6,25:07.401,09:25:07.401,0:26.143,0:30.234,0:23.571,209.6,Danny Formal,,GTD,,Wayne Taylor Racing,Lamborghini,GF,
45,1,15,1:21.384,0,,26.214,0,31.347,0,23.823,0,140.1,26:28.785,09:26:28.785,0:26.214,0:31.347,0:23.823,210.3,Danny Formal,,GTD,,Wayne Taylor Racing,Lamborghini,GF,
45,1,16,1:19.913,2,,26.119,0,30.250,0,23.544,0,142.7,27:48.698,09:27:48.698,0:26.119,0:30.250,0:23.544,209.6,Danny Formal,,GTD,,Wayne Taylor Racing,Lamborghini,GF,
45,1,17,1:19.945,0,,26.207,0,30.252,0,23.486,2,142.6,29:08.643,09:29:08.643,0:26.207,0:30.252,0:23.486,210.0,Danny Formal,,GTD,,Wayne Taylor Racing,Lamborghini,GF,
45,1,18,1:32.706,0,B,26.088,2,30.330,0,36.288,0,123.0,30:41.349,09:30:41.349,0:26.088,0:30.330,0:36.288,210.6,Danny Formal,,GTD,,Wayne Taylor Racing,Lamborghini,GF,
45,2,19,4:29.330,0,,3:32.188,0,32.431,0,24.711,0,42.3,35:10.679,09:35:10.679,3:32.188,0:32.431,0:24.711,206.4,Trent Hindman,0:03:21.493,GTD,,Wayne Taylor Racing,Lamborghini,GF,
45,2,20,1:23.317,0,,27.393,0,31.836,0,24.088,0,136.8,36:33.996,09:36:33.996,0:27.393,0:31.836,0:24.088,208.3,Trent Hindman,,GTD,,Wayne Taylor Racing,Lamborghini,GF,
45,2,21,1:21.991,0,,26.684,0,31.352,0,23.955,0,139.1,37:55.987,09:37:55.987,0:26.684,0:31.352,0:23.955,208.6,Trent Hindman,,GTD,,Wayne Taylor Racing,Lamborghini,GF,
45,2,22,1:21.351,0,,26.457,0,30.961,0,23.933,0,140.2,39:17.338,09:39:17.338,0:26.457,0:30.961,0:23.933,209.6,Trent Hindman,,GTD,,Wayne Taylor Racing,Lamborghini,GF,
45,2,23,1:21.773,0,,26.496,0,31.263,0,24.014,0,139.4,40:39.111,09:40:39.111,0:26.496,0:31.263,0:24.014,209.3,Trent Hindman,,GTD,,Wayne Taylor Racing,Lamborghini,GF,
45,2,24,1:21.157,0,,26.439,0,30.811,0,23.907,0,140.5,42:00.268,09:42:00.268,0:26.439,0:30.811,0:23.907,209.6,Trent Hindman,,GTD,,Wayne Taylor Racing,Lamborghini,GF,
45,2,25,1:20.926,0,,26.439,0,30.670,0,23.817,0,140.9,43:21.194,09:43:21.194,0:26.439,0:30.670,0:23.817,210.0,Trent Hindman,,GTD,,Wayne Taylor Racing,Lamborghini,GF,
45,2,26,1:21.181,0,,26.431,0,30.800,0,23.950,0,140.5,44:42.375,09:44:42.375,0:26.431,0:30.800,0:23.950,209.6,Trent Hindman,,GTD,,Wayne Taylor Racing,Lamborghini,GF,
45,2,27,1:32.505,0,B,26.340,0,30.625,0,35.540,0,123.3,46:14.880,09:46:14.880,0:26.340,0:30.625,0:35.540,210.0,Trent Hindman,,GTD,,Wayne Taylor Racing,Lamborghini,GF,
45,2,28,5:27.293,0,,4:31.584,0,31.483,0,24.226,0,34.8,51:42.173,09:51:42.173,4:31.584,0:31.483,0:24.226,209.0,Trent Hindman,0:04:21.452,GTD,,Wayne Taylor Racing,Lamborghini,GF,
45,2,29,1:25.457,0,,26.586,0,33.122,0,25.749,0,133.4,53:07.630,09:53:07.630,0:26.586,0:33.122,0:25.749,134.6,Trent Hindman,,GTD,,Wayne Taylor Racing,Lamborghini,GF,
45,2,30,1:21.683,0,,26.385,0,31.365,0,23.933,0,139.6,54:29.313,09:54:29.313,0:26.385,0:31.365,0:23.933,210.6,Trent Hindman,,GTD,,Wayne Taylor Racing,Lamborghini,GF,
45,2,31,1:20.734,0,,26.276,0,30.627,0,23.831,0,141.2,55:50.047,09:55:50.047,0:26.276,0:30.627,0:23.831,211.3,Trent Hindman,,GTD,,Wayne Taylor Racing,Lamborghini,GF,
45,2,32,1:20.692,0,,26.325,0,30.569,0,23.798,0,141.3,57:10.739,09:57:10.739,0:26.325,0:30.569,0:23.798,211.0,Trent Hindman,,GTD,,Wayne Taylor Racing,Lamborghini,GF,
45,2,33,1:20.415,0,,26.316,0,30.426,1,23.673,1,141.8,58:31.154,09:58:31.154,0:26.316,0:30.426,0:23.673,211.0,Trent Hindman,,GTD,,Wayne Taylor Racing,Lamborghini,GF,
45,2,34,1:20.856,0,,26.272,1,30.489,0,24.095,0,141.0,59:52.010,09:59:52.010,0:26.272,0:30.489,0:24.095,212.0,Trent Hindman,,GTD,,Wayne Taylor Racing,Lamborghini,GF,
45,2,35,1:20.835,0,,26.305,0,30.446,0,24.084,0,141.1,1:01:12.845,10:01:12.845,0:26.305,0:30.446,0:24.084,211.6,Trent Hindman,,GTD,,Wayne Taylor Racing,Lamborghini,FF,
46,2,1,2:32.047,0,,1:25.131,0,38.336,0,28.580,0,75.0,2:32.047,09:02:32.047,1:25.131,0:38.336,0:28.580,167.9,Zachary Vanier,0:00:54.129,GTD,,Pfaff Motorsports,Lamborghini,GF,
46,2,2,1:30.012,0,,29.319,0,34.334,0,26.359,0,126.7,4:02.059,09:04:02.059,0:29.319,0:34.334,0:26.359,174.3,Zachary Vanier,,GTD,,Pfaff Motorsports,Lamborghini,GF,
46,2,3,1:25.992,0,,28.152,0,32.383,0,25.457,0,132.6,5:28.051,09:05:28.051,0:28.152,0:32.383,0:25.457,205.4,Zachary Vanier,,GTD,,Pfaff Motorsports,Lamborghini,GF,
46,2,4,1:25.114,0,,27.780,0,31.762,0,25.572,0,134.0,6:53.165,09:06:53.165,0:27.780,0:31.762,0:25.572,205.1,Zachary Vanier,,GTD,,Pfaff Motorsports,Lamborghini,GF,
46,2,5,1:25.948,0,,27.509,0,32.538,0,25.901,0,132.7,8:19.113,09:08:19.113,0:27.509,0:32.538,0:25.901,200.4,Zachary Vanier,,GTD,,Pfaff Motorsports,Lamborghini,GF,
46,2,6,1:23.582,0,,27.436,0,31.494,0,24.652,0,136.4,9:42.695,09:09:42.695,0:27.436,0:31.494,0:24.652,209.3,Zachary Vanier,,GTD,,Pfaff Motorsports,Lamborghini,GF,
46,2,7,1:22.315,0,,26.895,1,31.115,0,24.305,1,138.5,11:05.010,09:11:05.010,0:26.895,0:31.115,0:24.305,209.6,Zachary Vanier,,GTD,,Pfaff Motorsports,Lamborghini,GF,
46,2,8,1:34.776,0,B,26.985,0,31.071,1,36.720,0,120.3,12:39.786,09:12:39.786,0:26.985,0:31.071,0:36.720,209.0,Zachary Vanier,,GTD,,Pfaff Motorsports,Lamborghini,GF,
46,1,9,8:53.548,0,,7:51.436,0,34.085,0,28.027,0,21.4,21:33.334,09:21:33.334,7:51.436,0:34.085,0:28.027,189.0,Andrea Caldarelli,0:07:37.785,GTD,,Pfaff Motorsports,Lamborghini,GF,
46,1,10,1:25.257,0,,27.926,0,31.644,0,25.687,0,133.7,22:58.591,09:22:58.591,0:27.926,0:31.644,0:25.687,207.6,Andrea Caldarelli,,GTD,,Pfaff Motorsports,Lamborghini,GF,
46,1,11,1:24.552,0,,28.020,0,32.019,0,24.513,0,134.9,24:23.143,09:24:23.143,0:28.020,0:32.019,0:24.513,208.6,Andrea Caldarelli,,GTD,,Pfaff Motorsports,Lamborghini,GF,
46,1,12,1:22.155,0,,26.920,0,30.883,0,24.352,0,138.8,25:45.298,09:25:45.298,0:26.920,0:30.883,0:24.352,210.3,Andrea Caldarelli,,GTD,,Pfaff Motorsports,Lamborghini,GF,
46,1,13,1:21.679,0,,26.709,0,30.728,0,24.242,0,139.6,27:06.977,09:27:06.977,0:26.709,0:30.728,0:24.242,210.6,Andrea Caldarelli,,GTD,,Pfaff Motorsports,Lamborghini,GF,
46,1,14,1:23.214,0,,26.640,0,32.292,0,24.282,0,137.0,28:30.191,09:28:30.191,0:26.640,0:32.292,0:24.282,210.0,Andrea Caldarelli,,GTD,,Pfaff Motorsports,Lamborghini,GF,
46,1,15,1:21.404,0,,26.499,0,30.734,0,24.171,0,140.1,29:51.595,09:29:51.595,0:26.499,0:30.734,0:24.171,211.0,Andrea Caldarelli,,GTD,,Pfaff Motorsports,Lamborghini,GF,
46,1,16,1:40.611,0,B,26.900,0,33.456,0,40.255,0,113.3,31:32.206,09:31:32.206,0:26.900,0:33.456,0:40.255,211.6,Andrea Caldarelli,,GTD,,Pfaff Motorsports,Lamborghini,GF,
46,1,17,7:23.402,0,,6:25.235,0,32.414,0,25.753,0,25.7,38:55.608,09:38:55.608,6:25.235,0:32.414,0:25.753,193.1,Andrea Caldarelli,0:06:14.257,GTD,,Pfaff Motorsports,Lamborghini,GF,
46,1,18,1:21.631,0,,26.754,0,30.971,0,23.906,0,139.7,40:17.239,09:40:17.239,0:26.754,0:30.971,0:23.906,209.3,Andrea Caldarelli,,GTD,,Pfaff Motorsports,Lamborghini,GF,
46,1,19,1:21.172,0,,26.488,0,30.648,0,24.036,0,140.5,41:38.411,09:41:38.411,0:26.488,0:30.648,0:24.036,208.6,Andrea Caldarelli,,GTD,,Pfaff Motorsports,Lamborghini,GF,
46,1,20,1:20.707,0,,26.216,0,30.613,0,23.878,0,141.3,42:59.118,09:42:59.118,0:26.216,0:30.613,0:23.878,209.3,Andrea Caldarelli,,GTD,,Pfaff Motorsports,Lamborghini,GF,
46,1,21,1:26.683,0,,26.410,0,32.402,0,27.871,0,131.5,44:25.801,09:44:25.801,0:26.410,0:32.402,0:27.871,85.7,Andrea Caldarelli,,GTD,,Pfaff Motorsports,Lamborghini,GF,
46,1,22,1:20.480,0,,26.282,0,30.548,0,23.650,0,141.7,45:46.281,09:45:46.281,0:26.282,0:30.548,0:23.650,209.6,Andrea Caldarelli,,GTD,,Pfaff Motorsports,Lamborghini,GF,
46,1,23,1:23.644,0,,26.323,0,30.557,0,26.764,0,136.3,47:09.925,09:47:09.925,0:26.323,0:30.557,0:26.764,210.3,Andrea Caldarelli,,GTD,,Pfaff Motorsports,Lamborghini,GF,
46,1,24,1:20.332,0,,26.253,0,30.387,0,23.692,0,141.9,48:30.257,09:48:30.257,0:26.253,0:30.387,0:23.692,211.0,Andrea Caldarelli,,GTD,,Pfaff Motorsports,Lamborghini,GF,
46,1,25,1:23.272,0,,26.236,0,33.157,0,23.879,0,136.9,49:53.529,09:49:53.529,0:26.236,0:33.157,0:23.879,194.0,Andrea Caldarelli,,GTD,,Pfaff Motorsports,Lamborghini,GF,
46,1,26,1:20.679,0,,26.270,0,30.668,0,23.741,0,141.3,51:14.208,09:51:14.208,0:26.270,0:30.668,0:23.741,212.0,Andrea Caldarelli,,GTD,,Pfaff Motorsports,Lamborghini,GF,
46,1,27,1:20.501,0,,26.351,0,30.363,0,23.787,0,141.6,52:34.709,09:52:34.709,0:26.351,0:30.363,0:23.787,211.3,Andrea Caldarelli,,GTD,,Pfaff Motorsports,Lamborghini,GF,
46,1,28,1:25.077,0,,26.417,0,32.780,0,25.880,0,134.0,53:59.786,09:53:59.786,0:26.417,0:32.780,0:25.880,181.5,Andrea Caldarelli,,GTD,,Pfaff Motorsports,Lamborghini,GF,
46,1,29,1:21.282,0,,26.370,0,30.943,0,23.969,0,140.3,55:21.068,09:55:21.068,0:26.370,0:30.943,0:23.969,210.6,Andrea Caldarelli,,GTD,,Pfaff Motorsports,Lamborghini,GF,
46,1,30,1:28.824,0,,27.943,0,35.626,0,25.255,0,128.4,56:49.892,09:56:49.892,0:27.943,0:35.626,0:25.255,153.7,Andrea Caldarelli,,GTD,,Pfaff Motorsports,Lamborghini,GF,
46,1,31,1:25.399,0,,26.241,0,34.275,0,24.883,0,133.5,58:15.291,09:58:15.291,0:26.241,0:34.275,0:24.883,151.4,Andrea Caldarelli,,GTD,,Pfaff Motorsports,Lamborghini,GF,
46,1,32,1:20.122,0,,26.174,0,30.346,2,23.602,0,142.3,59:35.413,09:59:35.413,0:26.174,0:30.346,0:23.602,211.0,Andrea Caldarelli,,GTD,,Pfaff Motorsports,Lamborghini,GF,
46,1,33,1:20.073,2,,26.083,2,30.409,0,23.581,2,142.4,1:00:55.486,10:00:55.486,0:26.083,0:30.409,0:23.581,209.6,Andrea Caldarelli,,GTD,,Pfaff Motorsports,Lamborghini,FF,
5,1,1,2:21.088,0,,1:15.637,0,37.701,0,27.750,0,80.8,2:21.088,09:02:21.088,1:15.637,0:37.701,0:27.750,156.4,Tijmen van der Helm,0:00:42.849,GTP,,JDC-Miller MotorSports,Porsche,GF,
5,1,2,1:26.652,0,,29.310,0,31.536,0,25.806,0,131.6,3:47.740,09:03:47.740,0:29.310,0:31.536,0:25.806,189.0,Tijmen van der Helm,,GTP,,JDC-Miller MotorSports,Porsche,GF,
5,1,3,1:21.406,0,,27.321,0,30.164,0,23.921,0,140.1,5:09.146,09:05:09.146,0:27.321,0:30.164,0:23.921,201.3,Tijmen van der Helm,,GTP,,JDC-Miller MotorSports,Porsche,GF,
5,1,4,1:18.171,0,,25.685,0,29.097,0,23.389,0,145.9,6:27.317,09:06:27.317,0:25.685,0:29.097,0:23.389,213.0,Tijmen van der Helm,,GTP,,JDC-Miller MotorSports,Porsche,GF,
5,1,5,1:18.878,0,,25.962,0,29.525,0,23.391,0,144.6,7:46.195,09:07:46.195,0:25.962,0:29.525,0:23.391,216.1,Tijmen van der Helm,,GTP,,JDC-Miller MotorSports,Porsche,GF,
5,1,6,1:17.731,0,,25.378,0,29.455,0,22.898,0,146.7,9:03.926,09:09:03.926,0:25.378,0:29.455,0:22.898,224.5,Tijmen van der Helm,,GTP,,JDC-Miller MotorSports,Porsche,GF,
5,1,7,1:15.255,0,,24.551,0,28.206,0,22.498,0,151.5,10:19.181,09:10:19.181,0:24.551,0:28.206,0:22.498,230.0,Tijmen van der Helm,,GTP,,JDC-Miller MotorSports,Porsche,GF,
5,1,8,1:17.869,0,,25.267,0,29.719,0,22.883,0,146.4,11:37.050,09:11:37.050,0:25.267,0:29.719,0:22.883,215.8,Tijmen van der Helm,,GTP,,JDC-Miller MotorSports,Porsche,GF,
5,1,9,1:14.629,0,,24.318,0,28.081,0,22.230,0,152.8,12:51.679,09:12:51.679,0:24.318,0:28.081,0:22.230,234.9,Tijmen van der Helm,,GTP,,JDC-Miller MotorSports,Porsche,GF,
5,1,10,1:16.897,0,,24.500,0,28.713,0,23.684,0,148.3,14:08.576,09:14:08.576,0:24.500,0:28.713,0:23.684,226.8,Tijmen van der Helm,,GTP,,JDC-Miller MotorSports,Porsche,GF,
5,1,11,1:16.915,0,,24.542,0,28.828,0,23.545,0,148.2,15:25.491,09:15:25.491,0:24.542,0:28.828,0:23.545,236.6,Tijmen van der Helm,,GTP,,JDC-Miller MotorSports,Porsche,GF,
5,1,12,1:16.554,0,,24.527,0,28.535,0,23.492,0,148.9,16:42.045,09:16:42.045,0:24.527,0:28.535,0:23.492,224.2,Tijmen van der Helm,,GTP,,JDC-Miller MotorSports,Porsche,GF,
5,1,13,1:16.882,0,,24.831,0,28.994,0,23.057,0,148.3,17:58.927,09:17:58.927,0:24.831,0:28.994,0:23.057,219.7,Tijmen van der Helm,,GTP,,JDC-Miller MotorSports,Porsche,GF,
5,1,14,1:15.730,0,,24.820,0,28.700,0,22.210,1,150.6,19:14.657,09:19:14.657,0:24.820,0:28.700,0:22.210,239.1,Tijmen van der Helm,,GTP,,JDC-Miller MotorSports,Porsche,GF,
5,1,15,1:14.527,0,,24.286,1,28.022,1,22.219,0,153.0,20:29.184,09:20:29.184,0:24.286,0:28.022,0:22.219,245.8,Tijmen van der Helm,,GTP,,JDC-Miller MotorSports,Porsche,GF,
5,1,16,1:30.809,0,B,24.511,0,28.561,0,37.737,0,125.6,21:59.993,09:21:59.993,0:24.511,0:28.561,0:37.737,205.1,Tijmen van der Helm,,GTP,,JDC-Miller MotorSports,Porsche,GF,
5,2,17,5:09.629,0,,4:16.661,0,29.774,0,23.194,0,36.8,27:09.622,09:27:09.622,4:16.661,0:29.774,0:23.194,224.2,Laurin Heinrich,0:04:05.946,GTP,,JDC-Miller MotorSports,Porsche,GF,
5,2,18,1:16.410,0,,24.674,0,29.417,0,22.319,0,149.2,28:26.032,09:28:26.032,0:24.674,0:29.417,0:22.319,239.6,Laurin Heinrich,,GTP,,JDC-Miller MotorSports,Porsche,GF,
5,2,19,1:15.779,0,,24.413,0,28.778,0,22.588,0,150.5,29:41.811,09:29:41.811,0:24.413,0:28.778,0:22.588,237.0,Laurin Heinrich,,GTP,,JDC-Miller MotorSports,Porsche,GF,
5,2,20,1:16.030,0,,24.158,0,28.175,0,23.697,0,150.0,30:57.841,09:30:57.841,0:24.158,0:28.175,0:23.697,225.7,Laurin Heinrich,,GTP,,JDC-Miller MotorSports,Porsche,GF,
5,2,21,1:14.348,0,,24.149,0,28.205,0,21.994,0,153.4,32:12.189,09:32:12.189,0:24.149,0:28.205,0:21.994,241.3,Laurin Heinrich,,GTP,,JDC-Miller MotorSports,Porsche,GF,
5,2,22,1:14.697,0,,24.061,0,28.564,0,22.072,0,152.6,33:26.886,09:33:26.886,0:24.061,0:28.564,0:22.072,244.4,Laurin Heinrich,,GTP,,JDC-Miller MotorSports,Porsche,GF,
5,2,23,1:15.567,0,,24.609,0,28.132,0,22.826,0,150.9,34:42.453,09:34:42.453,0:24.609,0:28.132,0:22.826,227.6,Laurin Heinrich,,GTP,,JDC-Miller MotorSports,Porsche,GF,
5,2,24,1:13.480,0,,23.930,0,27.752,0,21.798,0,155.2,35:55.933,09:35:55.933,0:23.930,0:27.752,0:21.798,248.1,Laurin Heinrich,,GTP,,JDC-Miller MotorSports,Porsche,GF,
5,2,25,1:15.148,0,,23.840,0,27.805,0,23.503,0,151.7,37:11.081,09:37:11.081,0:23.840,0:27.805,0:23.503,239.6,Laurin Heinrich,,GTP,,JDC-Miller MotorSports,Porsche,GF,
5,2,26,1:13.550,0,,23.944,0,27.781,0,21.825,0,155.0,38:24.631,09:38:24.631,0:23.944,0:27.781,0:21.825,249.5,Laurin Heinrich,,GTP,,JDC-Miller MotorSports,Porsche,GF,
5,2,27,1:15.093,0,,24.808,0,28.050,0,22.235,0,151.8,39:39.724,09:39:39.724,0:24.808,0:28.050,0:22.235,244.0,Laurin Heinrich,,GTP,,JDC-Miller MotorSports,Porsche,GF,
5,2,28,1:16.878,0,,25.472,0,28.801,0,22.605,0,148.3,40:56.602,09:40:56.602,0:25.472,0:28.801,0:22.605,245.8,Laurin Heinrich,,GTP,,JDC-Miller MotorSports,Porsche,GF,
5,2,29,1:15.731,0,,24.052,0,28.374,0,23.305,0,150.6,42:12.333,09:42:12.333,0:24.052,0:28.374,0:23.305,242.6,Laurin Heinrich,,GTP,,JDC-Miller MotorSports,Porsche,GF,
5,2,30,1:27.747,0,B,25.391,0,28.320,0,34.036,0,129.9,43:40.080,09:43:40.080,0:25.391,0:28.320,0:34.036,249.0,Laurin Heinrich,,GTP,,JDC-Miller MotorSports,Porsche,GF,
5,2,31,3:58.941,0,,3:04.983,0,30.185,0,23.773,0,47.7,47:39.021,09:47:39.021,3:04.983,0:30.185,0:23.773,201.3,Laurin Heinrich,0:02:55.497,GTP,,JDC-Miller MotorSports,Porsche,GF,
5,2,32,1:17.549,0,,24.302,0,28.093,0,25.154,0,147.0,48:56.570,09:48:56.570,0:24.302,0:28.093,0:25.154,237.8,Laurin Heinrich,,GTP,,JDC-Miller MotorSports,Porsche,GF,
5,2,33,1:14.440,0,,23.905,0,27.939,0,22.596,0,153.2,50:11.010,09:50:11.010,0:23.905,0:27.939,0:22.596,247.6,Laurin Heinrich,,GTP,,JDC-Miller MotorSports,Porsche,GF,
5,2,34,1:15.861,0,,24.502,0,28.023,0,23.336,0,150.3,51:26.871,09:51:26.871,0:24.502,0:28.023,0:23.336,240.4,Laurin Heinrich,,GTP,,JDC-Miller MotorSports,Porsche,GF,
5,2,35,1:16.553,0,,24.120,0,28.416,0,24.017,0,148.9,52:43.424,09:52:43.424,0:24.120,0:28.416,0:24.017,249.5,Laurin Heinrich,,GTP,,JDC-Miller MotorSports,Porsche,GF,
5,2,36,1:14.432,0,,23.981,0,27.698,2,22.753,0,153.2,53:57.856,09:53:57.856,0:23.981,0:27.698,0:22.753,247.2,Laurin Heinrich,,GTP,,JDC-Miller MotorSports,Porsche,GF,
5,2,37,1:14.389,0,,24.079,0,28.325,0,21.985,0,153.3,55:12.245,09:55:12.245,0:24.079,0:28.325,0:21.985,249.5,Laurin Heinrich,,GTP,,JDC-Miller MotorSports,Porsche,GF,
5,2,38,1:14.002,0,,24.176,0,27.889,0,21.937,0,154.1,56:26.247,09:56:26.247,0:24.176,0:27.889,0:21.937,249.5,Laurin Heinrich,,GTP,,JDC-Miller MotorSports,Porsche,GF,
5,2,39,1:14.877,0,,25.094,0,28.116,0,21.667,0,152.3,57:41.124,09:57:41.124,0:25.094,0:28.116,0:21.667,250.0,Laurin Heinrich,,GTP,,JDC-Miller MotorSports,Porsche,GF,
5,2,40,1:13.240,4,,23.896,0,27.772,0,21.572,4,155.7,58:54.364,09:58:54.364,0:23.896,0:27.772,0:21.572,249.5,Laurin Heinrich,,GTP,,JDC-Miller MotorSports,Porsche,GF,
5,2,41,1:27.054,0,B,23.819,4,27.792,0,35.443,0,131.0,1:00:21.418,10:00:21.418,0:23.819,0:27.792,0:35.443,234.5,Laurin Heinrich,,GTP,,JDC-Miller MotorSports,Porsche,FF,
57,2,1,2:35.426,0,,1:26.525,0,41.297,0,27.604,0,73.4,2:35.426,09:02:35.426,1:26.525,0:41.297,0:27.604,183.0,Philip Ellis,0:00:55.662,GTD,,WINWARD RACING,Mercedes-AMG,GF,
57,2,2,1:25.235,0,,27.993,0,32.093,0,25.149,0,133.8,4:00.661,09:04:00.661,0:27.993,0:32.093,0:25.149,211.3,Philip Ellis,,GTD,,WINWARD RACING,Mercedes-AMG,GF,
57,2,3,1:22.945,0,,26.954,0,31.891,0,24.100,0,137.5,5:23.606,09:05:23.606,0:26.954,0:31.891,0:24.100,211.3,Philip Ellis,,GTD,,WINWARD RACING,Mercedes-AMG,GF,
57,2,4,1:23.180,0,,26.260,0,30.240,0,26.680,0,137.1,6:46.786,09:06:46.786,0:26.260,0:30.240,0:26.680,213.7,Philip Ellis,,GTD,,WINWARD RACING,Mercedes-AMG,GF,
57,2,5,1:20.043,0,,26.197,0,30.218,0,23.628,0,142.4,8:06.829,09:08:06.829,0:26.197,0:30.218,0:23.628,213.3,Philip Ellis,,GTD,,WINWARD RACING,Mercedes-AMG,GF,
57,2,6,1:24.106,0,,25.880,0,29.886,0,28.340,0,135.6,9:30.935,09:09:30.935,0:25.880,0:29.886,0:28.340,214.4,Philip Ellis,,GTD,,WINWARD RACING,Mercedes-AMG,GF,
57,2,7,1:19.345,0,,25.942,0,29.835,2,23.568,0,143.7,10:50.280,09:10:50.280,0:25.942,0:29.835,0:23.568,214.4,Philip Ellis,,GTD,,WINWARD RACING,Mercedes-AMG,GF,
57,2,8,1:32.583,0,B,25.839,2,30.005,0,36.739,0,123.2,12:22.863,09:12:22.863,0:25.839,0:30.005,0:36.739,213.7,Philip Ellis,,GTD,,WINWARD RACING,Mercedes-AMG,GF,
57,1,9,4:43.005,0,,3:48.539,0,30.748,0,23.718,0,40.3,17:05.868,09:17:05.868,3:48.539,0:30.748,0:23.718,212.3,Russell Ward,0:03:37.830,GTD,,WINWARD RACING,Mercedes-AMG,GF,
57,1,10,1:21.729,0,,27.090,0,30.812,0,23.827,0,139.5,18:27.597,09:18:27.597,0:27.090,0:30.812,0:23.827,212.0,Russell Ward,,GTD,,WINWARD RACING,Mercedes-AMG,GF,
57,1,11,1:20.182,0,,26.354,0,30.246,0,23.582,0,142.2,19:47.779,09:19:47.779,0:26.354,0:30.246,0:23.582,213.0,Russell Ward,,GTD,,WINWARD RACING,Mercedes-AMG,GF,
57,1,12,1:19.487,0,,25.878,1,30.035,1,23.574,1,143.4,21:07.266,09:21:07.266,0:25.878,0:30.035,0:23.574,213.0,Russell Ward,,GTD,,WINWARD RACING,Mercedes-AMG,GF,
57,1,13,1:21.760,0,,26.092,0,30.202,0,25.466,0,139.5,22:29.026,09:22:29.026,0:26.092,0:30.202,0:25.466,213.7,Russell Ward,,GTD,,WINWARD RACING,Mercedes-AMG,GF,
57,1,14,1:19.882,0,,26.152,0,30.105,0,23.625,0,142.7,23:48.908,09:23:48.908,0:26.152,0:30.105,0:23.625,213.3,Russell Ward,,GTD,,WINWARD RACING,Mercedes-AMG,GF,
57,1,15,1:19.958,0,,26.000,0,30.286,0,23.672,0,142.6,25:08.866,09:25:08.866,0:26.000,0:30.286,0:23.672,212.0,Russell Ward,,GTD,,WINWARD RACING,Mercedes-AMG,GF,
57,1,16,1:20.428,0,,26.118,0,30.235,0,24.075,0,141.8,26:29.294,09:26:29.294,0:26.118,0:30.235,0:24.075,205.4,Russell Ward,,GTD,,WINWARD RACING,Mercedes-AMG,GF,
57,1,17,1:31.359,0,B,26.256,0,30.250,0,34.853,0,124.8,28:00.653,09:28:00.653,0:26.256,0:30.250,0:34.853,213.0,Russell Ward,,GTD,,WINWARD RACING,Mercedes-AMG,GF,
57,1,18,4:52.806,0,,3:57.569,0,31.462,0,23.775,0,38.9,32:53.459,09:32:53.459,3:57.569,0:31.462,0:23.775,210.6,Russell Ward,0:03:48.210,GTD,,WINWARD RACING,Mercedes-AMG,GF,
57,1,19,1:21.324,0,,26.363,0,31.242,0,23.719,0,140.2,34:14.783,09:34:14.783,0:26.363,0:31.242,0:23.719,210.3,Russell Ward,,GTD,,WINWARD RACING,Mercedes-AMG,GF,
57,1,20,1:20.321,0,,26.311,0,30.343,0,23.667,0,142.0,35:35.104,09:35:35.104,0:26.311,0:30.343,0:23.667,211.6,Russell Ward,,GTD,,WINWARD RACING,Mercedes-AMG,GF,
57,1,21,1:20.211,0,,26.214,0,30.327,0,23.670,0,142.1,36:55.315,09:36:55.315,0:26.214,0:30.327,0:23.670,211.3,Russell Ward,,GTD,,WINWARD RACING,Mercedes-AMG,GF,
57,1,22,1:20.042,0,,26.119,0,30.235,0,23.688,0,142.4,38:15.357,09:38:15.357,0:26.119,0:30.235,0:23.688,212.6,Russell Ward,,GTD,,WINWARD RACING,Mercedes-AMG,GF,
57,1,23,1:24.055,0,,26.320,0,30.224,0,27.511,0,135.6,39:39.412,09:39:39.412,0:26.320,0:30.224,0:27.511,189.8,Russell Ward,,GTD,,WINWARD RACING,Mercedes-AMG,GF,
57,1,24,1:21.192,0,,26.335,0,30.629,0,24.228,0,140.4,41:00.604,09:41:00.604,0:26.335,0:30.629,0:24.228,208.0,Russell Ward,,GTD,,WINWARD RACING,Mercedes-AMG,GF,
57,1,25,1:22.848,0,,27.455,0,31.628,0,23.765,0,137.6,42:23.452,09:42:23.452,0:27.455,0:31.628,0:23.765,212.0,Russell Ward,,GTD,,WINWARD RACING,Mercedes-AMG,GF,
57,1,26,1:20.250,0,,26.175,0,30.325,0,23.750,0,142.1,43:43.702,09:43:43.702,0:26.175,0:30.325,0:23.750,213.0,Russell Ward,,GTD,,WINWARD RACING,Mercedes-AMG,GF,
57,1,27,1:19.947,0,,26.090,0,30.172,0,23.685,0,142.6,45:03.649,09:45:03.649,0:26.090,0:30.172,0:23.685,213.7,Russell Ward,,GTD,,WINWARD RACING,Mercedes-AMG,GF,
57,1,28,1:31.516,0,B,26.362,0,30.982,0,34.172,0,124.6,46:35.165,09:46:35.165,0:26.362,0:30.982,0:34.172,213.3,Russell Ward,,GTD,,WINWARD RACING,Mercedes-AMG,GF,
57,2,29,4:25.048,0,B,3:07.930,0,37.670,0,39.448,0,43.0,51:00.213,09:51:00.213,3:07.930,0:37.670,0:39.448,158.3,Philip Ellis,0:02:52.887,GTD,,WINWARD RACING,Mercedes-AMG,GF,
57,2,30,4:02.243,0,B,2:55.733,0,31.182,0,35.328,0,47.1,55:02.456,09:55:02.456,2:55.733,0:31.182,0:35.328,211.0,Philip Ellis,0:02:46.983,GTD,,WINWARD RACING,Mercedes-AMG,GF,
57,2,31,1:44.340,0,,50.263,0,30.421,0,23.656,0,109.3,56:46.796,09:56:46.796,0:50.263,0:30.421,0:23.656,212.0,Philip Ellis,0:00:42.319,GTD,,WINWARD RACING,Mercedes-AMG,GF,
57,2,32,1:20.800,0,,26.342,0,30.853,0,23.605,0,141.1,58:07.596,09:58:07.596,0:26.342,0:30.853,0:23.605,213.3,Philip Ellis,,GTD,,WINWARD RACING,Mercedes-AMG,GF,
57,2,33,1:19.739,0,,26.126,0,30.203,0,23.410,2,143.0,59:27.335,09:59:27.335,0:26.126,0:30.203,0:23.410,212.6,Philip Ellis,,GTD,,WINWARD RACING,Mercedes-AMG,GF,
57,2,34,1:19.338,2,,25.949,0,29.967,0,23.422,0,143.7,1:00:46.673,10:00:46.673,0:25.949,0:29.967,0:23.422,212.6,Philip Ellis,,GTD,,WINWARD RACING,Mercedes-AMG,FF,
6,1,1,1:46.956,0,,44.175,0,36.908,0,25.873,0,106.6,1:46.956,09:01:46.956,0:44.175,0:36.908,0:25.873,156.4,Laurens Vanthoor,0:00:14.673,GTP,,Porsche Penske Motorsport,Porsche,GF,
6,1,2,1:25.052,0,,27.621,0,33.015,0,24.416,0,134.1,3:12.008,09:03:12.008,0:27.621,0:33.015,0:24.416,204.1,Laurens Vanthoor,,GTP,,Porsche Penske Motorsport,Porsche,GF,
6,1,3,1:16.962,0,,25.039,0,29.180,0,22.743,0,148.1,4:28.970,09:04:28.970,0:25.039,0:29.180,0:22.743,242.6,Laurens Vanthoor,,GTP,,Porsche Penske Motorsport,Porsche,GF,
6,1,4,1:19.703,0,,25.244,0,29.267,0,25.192,0,143.1,5:48.673,09:05:48.673,0:25.244,0:29.267,0:25.192,222.7,Laurens Vanthoor,,GTP,,Porsche Penske Motorsport,Porsche,GF,
6,1,5,1:15.126,0,,24.606,0,28.265,0,22.255,0,151.8,7:03.799,09:07:03.799,0:24.606,0:28.265,0:22.255,243.5,Laurens Vanthoor,,GTP,,Porsche Penske Motorsport,Porsche,GF,
6,1,6,1:16.767,0,,24.564,0,28.139,0,24.064,0,148.5,8:20.566,09:08:20.566,0:24.564,0:28.139,0:24.064,214.0,Laurens Vanthoor,,GTP,,Porsche Penske Motorsport,Porsche,GF,
6,1,7,1:18.258,0,,24.661,0,31.096,0,22.501,0,145.7,9:38.824,09:09:38.824,0:24.661,0:31.096,0:22.501,234.5,Laurens Vanthoor,,GTP,,Porsche Penske Motorsport,Porsche,GF,
6,1,8,1:14.057,0,,24.251,0,27.733,0,22.073,0,154.0,10:52.881,09:10:52.881,0:24.251,0:27.733,0:22.073,248.1,Laurens Vanthoor,,GTP,,Porsche Penske Motorsport,Porsche,GF,
6,1,9,1:15.835,0,,24.619,0,28.488,0,22.728,0,150.4,12:08.716,09:12:08.716,0:24.619,0:28.488,0:22.728,233.7,Laurens Vanthoor,,GTP,,Porsche Penske Motorsport,Porsche,GF,
6,1,10,1:17.282,0,,25.366,0,28.496,0,23.420,0,147.5,13:25.998,09:13:25.998,0:25.366,0:28.496,0:23.420,247.6,Laurens Vanthoor,,GTP,,Porsche Penske Motorsport,Porsche,GF,
6,1,11,1:16.612,0,,25.420,0,27.988,0,23.204,0,148.8,14:42.610,09:14:42.610,0:25.420,0:27.988,0:23.204,248.1,Laurens Vanthoor,,GTP,,Porsche Penske Motorsport,Porsche,GF,
6,1,12,1:14.551,0,,24.367,0,27.890,0,22.294,0,152.9,15:57.161,09:15:57.161,0:24.367,0:27.890,0:22.294,241.8,Laurens Vanthoor,,GTP,,Porsche Penske Motorsport,Porsche,GF,
6,1,13,1:14.008,0,,24.144,0,27.772,0,22.092,0,154.1,17:11.169,09:17:11.169,0:24.144,0:27.772,0:22.092,249.0,Laurens Vanthoor,,GTP,,Porsche Penske Motorsport,Porsche,GF,
6,1,14,1:16.319,0,,24.267,0,28.814,0,23.238,0,149.4,18:27.488,09:18:27.488,0:24.267,0:28.814,0:23.238,229.2,Laurens Vanthoor,,GTP,,Porsche Penske Motorsport,Porsche,GF,
6,1,15,1:13.826,0,,23.971,0,27.969,0,21.886,2,154.4,19:41.314,09:19:41.314,0:23.971,0:27.969,0:21.886,250.4,Laurens Vanthoor,,GTP,,Porsche Penske Motorsport,Porsche,GF,
6,1,16,1:15.407,0,,24.433,0,27.933,0,23.041,0,151.2,20:56.721,09:20:56.721,0:24.433,0:27.933,0:23.041,246.2,Laurens Vanthoor,,GTP,,Porsche Penske Motorsport,Porsche,GF,
6,1,17,1:13.436,2,,23.884,2,27.597,2,21.955,0,155.3,22:10.157,09:22:10.157,0:23.884,0:27.597,0:21.955,251.4,Laurens Vanthoor,,GTP,,Porsche Penske Motorsport,Porsche,GF,
6,1,18,1:29.627,0,B,24.647,0,28.461,0,36.519,0,127.2,23:39.784,09:23:39.784,0:24.647,0:28.461,0:36.519,213.3,Laurens Vanthoor,,GTP,,Porsche Penske Motorsport,Porsche,GF,
6,2,19,6:37.313,0,,5:45.007,0,29.372,0,22.934,0,28.7,30:17.097,09:30:17.097,5:45.007,0:29.372,0:22.934,226.5,Kevin Estre,0:05:35.582,GTP,,Porsche Penske Motorsport,Porsche,GF,
6,2,20,1:16.495,0,,24.657,0,28.759,0,23.079,0,149.1,31:33.592,09:31:33.592,0:24.657,0:28.759,0:23.079,232.0,Kevin Estre,,GTP,,Porsche Penske Motorsport,Porsche,GF,
6,2,21,1:16.500,0,,24.924,0,29.151,0,22.425,0,149.0,32:50.092,09:32:50.092,0:24.924,0:29.151,0:22.425,228.0,Kevin Estre,,GTP,,Porsche Penske Motorsport,Porsche,GF,
6,2,22,1:15.074,0,,24.372,0,28.405,0,22.297,0,151.9,34:05.166,09:34:05.166,0:24.372,0:28.405,0:22.297,240.4,Kevin Estre,,GTP,,Porsche Penske Motorsport,Porsche,GF,
6,2,23,1:15.772,0,,24.520,0,28.647,0,22.605,0,150.5,35:20.938,09:35:20.938,0:24.520,0:28.647,0:22.605,226.1,Kevin Estre,,GTP,,Porsche Penske Motorsport,Porsche,GF,
6,2,24,1:15.837,0,,25.601,0,28.024,0,22.212,0,150.3,36:36.775,09:36:36.775,0:25.601,0:28.024,0:22.212,236.1,Kevin Estre,,GTP,,Porsche Penske Motorsport,Porsche,GF,
6,2,25,1:14.503,0,,24.215,0,28.174,0,22.114,0,153.0,37:51.278,09:37:51.278,0:24.215,0:28.174,0:22.114,242.2,Kevin Estre,,GTP,,Porsche Penske Motorsport,Porsche,GF,
6,2,26,1:14.656,0,,24.499,0,28.086,0,22.071,0,152.7,39:05.934,09:39:05.934,0:24.499,0:28.086,0:22.071,234.9,Kevin Estre,,GTP,,Porsche Penske Motorsport,Porsche,GF,
6,2,27,1:16.078,0,,24.704,0,28.883,0,22.491,0,149.9,40:22.012,09:40:22.012,0:24.704,0:28.883,0:22.491,237.4,Kevin Estre,,GTP,,Porsche Penske Motorsport,Porsche,GF,
6,2,28,1:14.394,0,,24.140,0,28.119,0,22.135,0,153.3,41:36.406,09:41:36.406,0:24.140,0:28.119,0:22.135,239.6,Kevin Estre,,GTP,,Porsche Penske Motorsport,Porsche,GF,
6,2,29,1:14.997,0,,24.042,0,27.987,0,22.968,0,152.0,42:51.403,09:42:51.403,0:24.042,0:27.987,0:22.968,230.0,Kevin Estre,,GTP,,Porsche Penske Motorsport,Porsche,GF,
6,2,30,1:13.798,0,,23.961,0,27.747,1,22.090,0,154.5,44:05.201,09:44:05.201,0:23.961,0:27.747,0:22.090,245.8,Kevin Estre,,GTP,,Porsche Penske Motorsport,Porsche,GF,
6,2,31,1:14.690,0,,23.972,0,27.837,0,22.881,0,152.7,45:19.891,09:45:19.891,0:23.972,0:27.837,0:22.881,246.7,Kevin Estre,,GTP,,Porsche Penske Motorsport,Porsche,GF,
6,2,32,1:13.862,0,,24.029,0,27.806,0,22.027,1,154.4,46:33.753,09:46:33.753,0:24.029,0:27.806,0:22.027,247.6,Kevin Estre,,GTP,,Porsche Penske Motorsport,Porsche,GF,
6,2,33,1:14.754,0,,24.100,0,28.374,0,22.280,0,152.5,47:48.507,09:47:48.507,0:24.100,0:28.374,0:22.280,246.7,Kevin Estre,,GTP,,Porsche Penske Motorsport,Porsche,GF,
6,2,34,1:14.117,0,,23.949,0,27.960,0,22.208,0,153.8,49:02.624,09:49:02.624,0:23.949,0:27.960,0:22.208,246.7,Kevin Estre,,GTP,,Porsche Penske Motorsport,Porsche,GF,
6,2,35,1:14.277,0,,24.031,0,28.054,0,22.192,0,153.5,50:16.901,09:50:16.901,0:24.031,0:28.054,0:22.192,249.0,Kevin Estre,,GTP,,Porsche Penske Motorsport,Porsche,GF,
6,2,36,1:16.951,0,,24.000,0,28.409,0,24.542,0,148.2,51:33.852,09:51:33.852,0:24.000,0:28.409,0:24.542,205.4,Kevin Estre,,GTP,,Porsche Penske Motorsport,Porsche,GF,
6,2,37,1:14.744,0,,23.944,1,27.936,0,22.864,0,152.5,52:48.596,09:52:48.596,0:23.944,0:27.936,0:22.864,248.6,Kevin Estre,,GTP,,Porsche Penske Motorsport,Porsche,GF,
60,1,1,2:15.347,0,B,57.535,0,37.974,0,39.838,0,84.2,2:15.347,09:02:15.347,0:57.535,0:37.974,0:39.838,177.8,Thomas Blomqvist,0:00:24.359,GTP,,Acura Meyer Shank Racing w/Curb Agajanian,Acura,GF,
60,1,2,6:53.856,0,,5:55.281,0,33.595,0,24.980,0,27.6,9:09.203,09:09:09.203,5:55.281,0:33.595,0:24.980,199.5,Thomas Blomqvist,0:05:43.244,GTP,,Acura Meyer Shank Racing w/Curb Agajanian,Acura,GF,
60,1,3,1:18.576,0,,26.341,0,29.179,0,23.056,0,145.1,10:27.779,09:10:27.779,0:26.341,0:29.179,0:23.056,230.0,Thomas Blomqvist,,GTP,,Acura Meyer Shank Racing w/Curb Agajanian,Acura,GF,
60,1,4,1:17.911,0,,24.967,0,29.905,0,23.039,0,146.3,11:45.690,09:11:45.690,0:24.967,0:29.905,0:23.039,228.0,Thomas Blomqvist,,GTP,,Acura Meyer Shank Racing w/Curb Agajanian,Acura,GF,
60,1,5,1:16.579,0,,24.566,0,28.849,0,23.164,0,148.9,13:02.269,09:13:02.269,0:24.566,0:28.849,0:23.164,229.2,Thomas Blomqvist,,GTP,,Acura Meyer Shank Racing w/Curb Agajanian,Acura,GF,
60,1,6,1:14.018,0,,24.328,0,27.662,0,22.028,0,154.0,14:16.287,09:14:16.287,0:24.328,0:27.662,0:22.028,243.5,Thomas Blomqvist,,GTP,,Acura Meyer Shank Racing w/Curb Agajanian,Acura,GF,
60,1,7,1:15.050,0,,24.138,0,27.586,0,23.326,0,151.9,15:31.337,09:15:31.337,0:24.138,0:27.586,0:23.326,236.1,Thomas Blomqvist,,GTP,,Acura Meyer Shank Racing w/Curb Agajanian,Acura,GF,
60,1,8,1:14.404,0,,23.993,0,27.552,0,22.859,0,153.2,16:45.741,09:16:45.741,0:23.993,0:27.552,0:22.859,246.2,Thomas Blomqvist,,GTP,,Acura Meyer Shank Racing w/Curb Agajanian,Acura,GF,
60,1,9,1:17.053,0,,24.625,0,29.127,0,23.301,0,148.0,18:02.794,09:18:02.794,0:24.625,0:29.127,0:23.301,221.2,Thomas Blomqvist,,GTP,,Acura Meyer Shank Racing w/Curb Agajanian,Acura,GF,
60,1,10,1:13.335,2,,23.979,2,27.464,2,21.892,2,155.5,19:16.129,09:19:16.129,0:23.979,0:27.464,0:21.892,247.2,Thomas Blomqvist,,GTP,,Acura Meyer Shank Racing w/Curb Agajanian,Acura,GF,
60,1,11,1:15.916,0,,24.391,0,28.064,0,23.461,0,150.2,20:32.045,09:20:32.045,0:24.391,0:28.064,0:23.461,210.3,Thomas Blomqvist,,GTP,,Acura Meyer Shank Racing w/Curb Agajanian,Acura,GF,
60,1,12,1:28.773,0,B,24.265,0,27.713,0,36.795,0,128.4,22:00.818,09:22:00.818,0:24.265,0:27.713,0:36.795,238.7,Thomas Blomqvist,,GTP,,Acura Meyer Shank Racing w/Curb Agajanian,Acura,GF,
60,2,13,5:22.359,0,,4:26.284,0,29.688,0,26.387,0,35.4,27:23.177,09:27:23.177,4:26.284,0:29.688,0:26.387,204.1,Colin Braun,0:04:16.276,GTP,,Acura Meyer Shank Racing w/Curb Agajanian,Acura,GF,
60,2,14,1:17.424,0,,26.183,0,28.724,0,22.517,0,147.3,28:40.601,09:28:40.601,0:26.183,0:28.724,0:22.517,241.3,Colin Braun,,GTP,,Acura Meyer Shank Racing w/Curb Agajanian,Acura,GF,
60,2,15,1:16.161,0,,24.729,0,28.982,0,22.450,0,149.7,29:56.762,09:29:56.762,0:24.729,0:28.982,0:22.450,244.0,Colin Braun,,GTP,,Acura Meyer Shank Racing w/Curb Agajanian,Acura,GF,
60,2,16,1:17.818,0,,24.598,0,29.068,0,24.152,0,146.5,31:14.580,09:31:14.580,0:24.598,0:29.068,0:24.152,239.1,Colin Braun,,GTP,,Acura Meyer Shank Racing w/Curb Agajanian,Acura,GF,
60,2,17,1:14.197,0,,24.275,0,27.752,1,22.170,0,153.7,32:28.777,09:32:28.777,0:24.275,0:27.752,0:22.170,247.6,Colin Braun,,GTP,,Acura Meyer Shank Racing w/Curb Agajanian,Acura,GF,
60,2,18,1:14.865,0,,24.232,0,27.832,0,22.801,0,152.3,33:43.642,09:33:43.642,0:24.232,0:27.832,0:22.801,249.0,Colin Braun,,GTP,,Acura Meyer Shank Racing w/Curb Agajanian,Acura,GF,
60,2,19,1:15.961,0,,25.207,0,28.527,0,22.227,0,150.1,34:59.603,09:34:59.603,0:25.207,0:28.527,0:22.227,247.6,Colin Braun,,GTP,,Acura Meyer Shank Racing w/Curb Agajanian,Acura,GF,
60,2,20,1:15.942,0,,25.125,0,28.381,0,22.436,0,150.1,36:15.545,09:36:15.545,0:25.125,0:28.381,0:22.436,245.3,Colin Braun,,GTP,,Acura Meyer Shank Racing w/Curb Agajanian,Acura,GF,
60,2,21,1:14.298,0,,24.163,1,27.914,0,22.221,0,153.5,37:29.843,09:37:29.843,0:24.163,0:27.914,0:22.221,242.2,Colin Braun,,GTP,,Acura Meyer Shank Racing w/Curb Agajanian,Acura,GF,
60,2,22,1:15.132,0,,25.016,0,27.770,0,22.346,0,151.8,38:44.975,09:38:44.975,0:25.016,0:27.770,0:22.346,248.1,Colin Braun,,GTP,,Acura Meyer Shank Racing w/Curb Agajanian,Acura,GF,
60,2,23,1:17.277,0,,24.455,0,28.078,0,24.744,0,147.5,40:02.252,09:40:02.252,0:24.455,0:28.078,0:24.744,237.0,Colin Braun,,GTP,,Acura Meyer Shank Racing w/Curb Agajanian,Acura,GF,
60,2,24,1:15.373,0,,24.667,0,28.094,0,22.612,0,151.3,41:17.625,09:41:17.625,0:24.667,0:28.094,0:22.612,240.0,Colin Braun,,GTP,,Acura Meyer Shank Racing w/Curb Agajanian,Acura,GF,
60,2,25,1:16.471,0,,24.727,0,28.197,0,23.547,0,149.1,42:34.096,09:42:34.096,0:24.727,0:28.197,0:23.547,243.1,Colin Braun,,GTP,,Acura Meyer Shank Racing w/Curb Agajanian,Acura,GF,
60,2,26,1:14.916,0,,24.592,0,28.072,0,22.252,0,152.2,43:49.012,09:43:49.012,0:24.592,0:28.072,0:22.252,228.8,Colin Braun,,GTP,,Acura Meyer Shank Racing w/Curb Agajanian,Acura,GF,
60,2,27,1:16.322,0,,25.187,0,28.600,0,22.535,0,149.4,45:05.334,09:45:05.334,0:25.187,0:28.600,0:22.535,231.6,Colin Braun,,GTP,,Acura Meyer Shank Racing w/Curb Agajanian,Acura,GF,
60,2,28,1:15.909,0,,25.004,0,28.553,0,22.352,0,150.2,46:21.243,09:46:21.243,0:25.004,0:28.553,0:22.352,232.4,Colin Braun,,GTP,,Acura Meyer Shank Racing w/Curb Agajanian,Acura,GF,
60,2,29,1:16.122,0,,24.889,0,28.828,0,22.405,0,149.8,47:37.365,09:47:37.365,0:24.889,0:28.828,0:22.405,237.0,Colin Braun,,GTP,,Acura Meyer Shank Racing w/Curb Agajanian,Acura,GF,
60,2,30,1:15.637,0,,24.842,0,28.509,0,22.286,0,150.7,48:53.002,09:48:53.002,0:24.842,0:28.509,0:22.286,226.1,Colin Braun,,GTP,,Acura Meyer Shank Racing w/Curb Agajanian,Acura,GF,
60,2,31,1:16.298,0,,25.238,0,28.769,0,22.291,0,149.4,50:09.300,09:50:09.300,0:25.238,0:28.769,0:22.291,227.2,Colin Braun,,GTP,,Acura Meyer Shank Racing w/Curb Agajanian,Acura,GF,
60,2,32,1:16.262,0,,24.966,0,28.278,0,23.018,0,149.5,51:25.562,09:51:25.562,0:24.966,0:28.278,0:23.018,221.5,Colin Braun,,GTP,,Acura Meyer Shank Racing w/Curb Agajanian,Acura,GF,
60,2,33,1:15.068,0,,24.599,0,28.350,0,22.119,1,151.9,52:40.630,09:52:40.630,0:24.599,0:28.350,0:22.119,223.8,Colin Braun,,GTP,,Acura Meyer Shank Racing w/Curb Agajanian,Acura,GF,
60,2,34,1:14.686,0,,24.434,0,28.019,0,22.233,0,152.7,53:55.316,09:53:55.316,0:24.434,0:28.019,0:22.233,220.1,Colin Braun,,GTP,,Acura Meyer Shank Racing w/Curb Agajanian,Acura,GF,
60,2,35,1:15.523,0,,25.024,0,28.351,0,22.148,0,151.0,55:10.839,09:55:10.839,0:25.024,0:28.351,0:22.148,221.5,Colin Braun,,GTP,,Acura Meyer Shank Racing w/Curb Agajanian,Acura,GF,
60,2,36,1:27.144,0,B,24.429,0,28.099,0,34.616,0,130.8,56:37.983,09:56:37.983,0:24.429,0:28.099,0:34.616,223.0,Colin Braun,,GTP,,Acura Meyer Shank Racing w/Curb Agajanian,Acura,GF,
66,2,1,2:37.946,0,B,1:11.633,0,41.650,0,44.663,0,72.2,2:37.946,09:02:37.946,1:11.633,0:41.650,0:44.663,129.1,Corey Lewis,0:00:38.775,GTD,,Gradient Racing,Ford,GF,
66,2,2,3:31.460,0,,2:30.835,0,34.170,0,26.455,0,53.9,6:09.406,09:06:09.406,2:30.835,0:34.170,0:26.455,199.8,Corey Lewis,0:02:18.129,GTD,,Gradient Racing,Ford,GF,
66,2,3,1:24.096,0,,27.827,0,31.664,0,24.605,0,135.6,7:33.502,09:07:33.502,0:27.827,0:31.664,0:24.605,210.3,Corey Lewis,,GTD,,Gradient Racing,Ford,GF,
66,2,4,1:22.550,0,,27.176,0,30.934,0,24.440,0,138.1,8:56.052,09:08:56.052,0:27.176,0:30.934,0:24.440,213.3,Corey Lewis,,GTD,,Gradient Racing,Ford,GF,
66,2,5,1:22.418,0,,26.684,0,30.698,0,25.036,0,138.3,10:18.470,09:10:18.470,0:26.684,0:30.698,0:25.036,212.0,Corey Lewis,,GTD,,Gradient Racing,Ford,GF,
66,2,6,1:21.841,0,,26.840,0,30.604,0,24.397,0,139.3,11:40.311,09:11:40.311,0:26.840,0:30.604,0:24.397,213.7,Corey Lewis,,GTD,,Gradient Racing,Ford,GF,
66,2,7,1:21.309,0,,26.496,0,30.949,0,23.864,0,140.2,13:01.620,09:13:01.620,0:26.496,0:30.949,0:23.864,211.0,Corey Lewis,,GTD,,Gradient Racing,Ford,GF,
66,2,8,1:20.463,0,,26.352,0,30.416,2,23.695,2,141.7,14:22.083,09:14:22.083,0:26.352,0:30.416,0:23.695,211.3,Corey Lewis,,GTD,,Gradient Racing,Ford,GF,
66,2,9,1:20.427,2,,26.243,2,30.421,0,23.763,0,141.8,15:42.510,09:15:42.510,0:26.243,0:30.421,0:23.763,211.0,Corey Lewis,,GTD,,Gradient Racing,Ford,GF,
66,2,10,1:20.848,0,,26.411,0,30.425,0,24.012,0,141.0,17:03.358,09:17:03.358,0:26.411,0:30.425,0:24.012,210.0,Corey Lewis,,GTD,,Gradient Racing,Ford,GF,
66,2,11,1:34.682,0,B,26.352,0,31.188,0,37.142,0,120.4,18:38.040,09:18:38.040,0:26.352,0:31.188,0:37.142,211.3,Corey Lewis,,GTD,,Gradient Racing,Ford,GF,
66,2,12,4:31.565,0,,3:32.941,0,33.424,0,25.200,0,42.0,23:09.605,09:23:09.605,3:32.941,0:33.424,0:25.200,175.0,Corey Lewis,0:03:22.762,GTD,,Gradient Racing,Ford,GF,
66,2,13,1:21.342,0,,26.751,0,30.648,0,23.943,0,140.2,24:30.947,09:24:30.947,0:26.751,0:30.648,0:23.943,211.0,Corey Lewis,,GTD,,Gradient Racing,Ford,GF,
66,2,14,1:38.103,0,B,26.782,0,31.833,0,39.488,0,116.2,26:09.050,09:26:09.050,0:26.782,0:31.833,0:39.488,198.9,Corey Lewis,,GTD,,Gradient Racing,Ford,GF,
66,1,15,3:38.850,0,,2:38.823,0,34.176,0,25.851,0,52.1,29:47.900,09:29:47.900,2:38.823,0:34.176,0:25.851,178.8,Jake Walker,0:02:26.299,GTD,,Gradient Racing,Ford,GF,
66,1,16,1:27.312,0,,28.270,0,33.078,0,25.964,0,130.6,31:15.212,09:31:15.212,0:28.270,0:33.078,0:25.964,191.2,Jake Walker,,GTD,,Gradient Racing,Ford,GF,
66,1,17,1:24.908,0,,27.539,0,32.287,0,25.082,0,134.3,32:40.120,09:32:40.120,0:27.539,0:32.287,0:25.082,188.4,Jake Walker,,GTD,,Gradient Racing,Ford,GF,
66,1,18,1:24.440,0,,27.198,0,32.669,0,24.573,0,135.0,34:04.560,09:34:04.560,0:27.198,0:32.669,0:24.573,210.6,Jake Walker,,GTD,,Gradient Racing,Ford,GF,
66,1,19,1:22.901,0,,27.130,0,31.476,0,24.295,0,137.5,35:27.461,09:35:27.461,0:27.130,0:31.476,0:24.295,210.6,Jake Walker,,GTD,,Gradient Racing,Ford,GF,
66,1,20,1:22.249,0,,26.837,0,31.276,0,24.136,0,138.6,36:49.710,09:36:49.710,0:26.837,0:31.276,0:24.136,211.0,Jake Walker,,GTD,,Gradient Racing,Ford,GF,
66,1,21,1:23.276,0,,26.980,0,31.009,0,25.287,0,136.9,38:12.986,09:38:12.986,0:26.980,0:31.009,0:25.287,212.3,Jake Walker,,GTD,,Gradient Racing,Ford,GF,
66,1,22,1:23.987,0,,26.758,0,31.760,0,25.469,0,135.8,39:36.973,09:39:36.973,0:26.758,0:31.760,0:25.469,207.3,Jake Walker,,GTD,,Gradient Racing,Ford,GF,
66,1,23,1:23.194,0,,27.875,0,31.312,0,24.007,0,137.1,41:00.167,09:41:00.167,0:27.875,0:31.312,0:24.007,213.3,Jake Walker,,GTD,,Gradient Racing,Ford,GF,
66,1,24,1:24.880,0,,27.571,0,32.967,0,24.342,0,134.3,42:25.047,09:42:25.047,0:27.571,0:32.967,0:24.342,212.0,Jake Walker,,GTD,,Gradient Racing,Ford,GF,
66,1,25,1:22.142,0,,26.874,0,31.267,0,24.001,0,138.8,43:47.189,09:43:47.189,0:26.874,0:31.267,0:24.001,212.6,Jake Walker,,GTD,,Gradient Racing,Ford,GF,
66,1,26,1:35.133,0,B,26.621,0,31.573,0,36.939,0,119.9,45:22.322,09:45:22.322,0:26.621,0:31.573,0:36.939,212.3,Jake Walker,,GTD,,Gradient Racing,Ford,GF,
66,1,27,3:03.174,0,,2:07.285,0,31.578,0,24.311,0,62.2,48:25.496,09:48:25.496,2:07.285,0:31.578,0:24.311,212.0,Jake Walker,0:01:57.910,GTD,,Gradient Racing,Ford,GF,
66,1,28,1:22.256,0,,26.494,0,31.449,0,24.313,0,138.6,49:47.752,09:49:47.752,0:26.494,0:31.449,0:24.313,210.6,Jake Walker,,GTD,,Gradient Racing,Ford,GF,
66,1,29,1:22.194,0,,26.859,0,31.142,0,24.193,0,138.7,51:09.946,09:51:09.946,0:26.859,0:31.142,0:24.193,211.3,Jake Walker,,GTD,,Gradient Racing,Ford,GF,
66,1,30,1:22.026,0,,26.596,0,30.873,0,24.557,0,139.0,52:31.972,09:52:31.972,0:26.596,0:30.873,0:24.557,211.3,Jake Walker,,GTD,,Gradient Racing,Ford,GF,
66,1,31,1:21.452,0,,26.728,0,30.665,0,24.059,0,140.0,53:53.424,09:53:53.424,0:26.728,0:30.665,0:24.059,212.0,Jake Walker,,GTD,,Gradient Racing,Ford,GF,
66,1,32,1:21.692,0,,26.611,0,31.035,0,24.046,0,139.6,55:15.116,09:55:15.116,0:26.611,0:31.035,0:24.046,213.0,Jake Walker,,GTD,,Gradient Racing,Ford,GF,
66,1,33,1:21.544,0,,26.588,0,30.855,0,24.101,0,139.8,56:36.660,09:56:36.660,0:26.588,0:30.855,0:24.101,212.3,Jake Walker,,GTD,,Gradient Racing,Ford,GF,
66,1,34,1:21.169,0,,26.483,1,30.622,0,24.064,0,140.5,57:57.829,09:57:57.829,0:26.483,0:30.622,0:24.064,212.3,Jake Walker,,GTD,,Gradient Racing,Ford,GF,
66,1,35,1:20.968,0,,26.526,0,30.588,1,23.854,1,140.8,59:18.797,09:59:18.797,0:26.526,0:30.588,0:23.854,212.3,Jake Walker,,GTD,,Gradient Racing,Ford,GF,
66,1,36,1:21.771,0,,26.783,0,30.865,0,24.123,0,139.4,1:00:40.568,10:00:40.568,0:26.783,0:30.865,0:24.123,212.6,Jake Walker,,GTD,,Gradient Racing,Ford,FF,
7,1,1,1:43.196,0,,42.591,0,34.220,0,26.385,0,110.5,1:43.196,09:01:43.196,0:42.591,0:34.220,0:26.385,173.0,Felipe Nasr,0:00:13.771,GTP,,Porsche Penske Motorsport,Porsche,GF,
7,1,2,1:21.986,0,,27.422,0,30.594,0,23.970,0,139.1,3:05.182,09:03:05.182,0:27.422,0:30.594,0:23.970,197.7,Felipe Nasr,,GTP,,Porsche Penske Motorsport,Porsche,GF,
7,1,3,1:17.387,0,,25.343,0,28.943,0,23.101,0,147.3,4:22.569,09:04:22.569,0:25.343,0:28.943,0:23.101,215.1,Felipe Nasr,,GTP,,Porsche Penske Motorsport,Porsche,GF,
7,1,4,1:19.111,0,,26.237,0,29.360,0,23.514,0,144.1,5:41.680,09:05:41.680,0:26.237,0:29.360,0:23.514,223.4,Felipe Nasr,,GTP,,Porsche Penske Motorsport,Porsche,GF,
7,1,5,1:15.949,0,,24.675,0,28.640,0,22.634,0,150.1,6:57.629,09:06:57.629,0:24.675,0:28.640,0:22.634,245.3,Felipe Nasr,,GTP,,Porsche Penske Motorsport,Porsche,GF,
7,1,6,1:19.505,0,,24.774,0,29.615,0,25.116,0,143.4,8:17.134,09:08:17.134,0:24.774,0:29.615,0:25.116,228.8,Felipe Nasr,,GTP,,Porsche Penske Motorsport,Porsche,GF,
7,1,7,1:14.400,0,,24.308,0,28.000,0,22.092,0,153.3,9:31.534,09:09:31.534,0:24.308,0:28.000,0:22.092,244.9,Felipe Nasr,,GTP,,Porsche Penske Motorsport,Porsche,GF,
7,1,8,1:16.067,0,,24.614,0,28.412,0,23.041,0,149.9,10:47.601,09:10:47.601,0:24.614,0:28.412,0:23.041,223.4,Felipe Nasr,,GTP,,Porsche Penske Motorsport,Porsche,GF,
7,1,9,1:15.618,0,,24.247,0,28.484,0,22.887,0,150.8,12:03.219,09:12:03.219,0:24.247,0:28.484,0:22.887,238.3,Felipe Nasr,,GTP,,Porsche Penske Motorsport,Porsche,GF,
7,1,10,1:17.829,0,,24.152,0,28.420,0,25.257,0,146.5,13:21.048,09:13:21.048,0:24.152,0:28.420,0:25.257,243.5,Felipe Nasr,,GTP,,Porsche Penske Motorsport,Porsche,GF,
7,1,11,1:14.303,0,,24.167,0,28.009,0,22.127,0,153.5,14:35.351,09:14:35.351,0:24.167,0:28.009,0:22.127,244.9,Felipe Nasr,,GTP,,Porsche Penske Motorsport,Porsche,GF,
7,1,12,1:30.081,0,B,25.268,0,29.223,0,35.590,0,126.6,16:05.432,09:16:05.432,0:25.268,0:29.223,0:35.590,211.3,Felipe Nasr,,GTP,,Porsche Penske Motorsport,Porsche,GF,
7,1,13,10:46.121,0,,9:54.036,0,29.394,0,22.691,0,17.6,26:51.553,09:26:51.553,9:54.036,0:29.394,0:22.691,213.0,Felipe Nasr,0:09:44.996,GTP,,Porsche Penske Motorsport,Porsche,GF,
7,1,14,1:15.622,0,,24.554,0,28.685,0,22.383,0,150.8,28:07.175,09:28:07.175,0:24.554,0:28.685,0:22.383,220.8,Felipe Nasr,,GTP,,Porsche Penske Motorsport,Porsche,GF,
7,1,15,1:15.256,0,,24.144,0,28.711,0,22.401,0,151.5,29:22.431,09:29:22.431,0:24.144,0:28.711,0:22.401,223.4,Felipe Nasr,,GTP,,Porsche Penske Motorsport,Porsche,GF,
7,1,16,1:15.309,0,,24.709,0,28.288,0,22.312,0,151.4,30:37.740,09:30:37.740,0:24.709,0:28.288,0:22.312,235.3,Felipe Nasr,,GTP,,Porsche Penske Motorsport,Porsche,GF,
7,1,17,1:13.827,0,,24.015,0,27.834,2,21.978,0,154.4,31:51.567,09:31:51.567,0:24.015,0:27.834,0:21.978,244.0,Felipe Nasr,,GTP,,Porsche Penske Motorsport,Porsche,GF,
7,1,18,1:13.748,2,,23.938,2,27.839,0,21.971,1,154.6,33:05.315,09:33:05.315,0:23.938,0:27.839,0:21.971,244.4,Felipe Nasr,,GTP,,Porsche Penske Motorsport,Porsche,GF,
7,1,19,1:29.918,0,B,25.119,0,28.882,0,35.917,0,126.8,34:35.233,09:34:35.233,0:25.119,0:28.882,0:35.917,224.2,Felipe Nasr,,GTP,,Porsche Penske Motorsport,Porsche,GF,
7,2,20,4:18.232,0,,3:23.199,0,31.305,0,23.728,0,44.2,38:53.465,09:38:53.465,3:23.199,0:31.305,0:23.728,220.8,Julien Andlauer,0:03:13.702,GTP,,Porsche Penske Motorsport,Porsche,GF,
7,2,21,1:17.560,0,,25.169,0,28.638,0,23.753,0,147.0,40:11.025,09:40:11.025,0:25.169,0:28.638,0:23.753,232.0,Julien Andlauer,,GTP,,Porsche Penske Motorsport,Porsche,GF,
7,2,22,1:15.261,0,,24.655,0,28.179,0,22.427,0,151.5,41:26.286,09:41:26.286,0:24.655,0:28.179,0:22.427,244.9,Julien Andlauer,,GTP,,Porsche Penske Motorsport,Porsche,GF,
7,2,23,1:16.051,0,,24.551,0,28.964,0,22.536,0,149.9,42:42.337,09:42:42.337,0:24.551,0:28.964,0:22.536,238.3,Julien Andlauer,,GTP,,Porsche Penske Motorsport,Porsche,GF,
7,2,24,1:15.083,0,,24.787,0,28.040,0,22.256,0,151.9,43:57.420,09:43:57.420,0:24.787,0:28.040,0:22.256,246.2,Julien Andlauer,,GTP,,Porsche Penske Motorsport,Porsche,GF,
7,2,25,1:14.578,0,,24.323,0,28.073,0,22.182,0,152.9,45:11.998,09:45:11.998,0:24.323,0:28.073,0:22.182,248.1,Julien Andlauer,,GTP,,Porsche Penske Motorsport,Porsche,GF,
7,2,26,1:15.215,0,,24.370,0,27.973,0,22.872,0,151.6,46:27.213,09:46:27.213,0:24.370,0:27.973,0:22.872,249.0,Julien Andlauer,,GTP,,Porsche Penske Motorsport,Porsche,GF,
7,2,27,1:14.638,0,,24.365,0,28.024,0,22.249,0,152.8,47:41.851,09:47:41.851,0:24.365,0:28.024,0:22.249,248.1,Julien Andlauer,,GTP,,Porsche Penske Motorsport,Porsche,GF,
7,2,28,1:17.305,0,,24.459,0,28.143,0,24.703,0,147.5,48:59.156,09:48:59.156,0:24.459,0:28.143,0:24.703,249.0,Julien Andlauer,,GTP,,Porsche Penske Motorsport,Porsche,GF,
7,2,29,1:14.113,0,,24.192,0,27.894,0,22.027,0,153.8,50:13.269,09:50:13.269,0:24.192,0:27.894,0:22.027,249.5,Julien Andlauer,,GTP,,Porsche Penske Motorsport,Porsche,GF,
7,2,30,1:17.900,0,,24.220,0,27.867,1,25.813,0,146.4,51:31.169,09:51:31.169,0:24.220,0:27.867,0:25.813,234.9,Julien Andlauer,,GTP,,Porsche Penske Motorsport,Porsche,GF,
7,2,31,1:14.138,0,,24.065,0,28.157,0,21.916,2,153.8,52:45.307,09:52:45.307,0:24.065,0:28.157,0:21.916,247.6,Julien Andlauer,,GTP,,Porsche Penske Motorsport,Porsche,GF,
7,2,32,1:14.395,0,,24.228,0,27.981,0,22.186,0,153.3,53:59.702,09:53:59.702,0:24.228,0:27.981,0:22.186,246.7,Julien Andlauer,,GTP,,Porsche Penske Motorsport,Porsche,GF,
7,2,33,1:15.405,0,,24.344,0,28.056,0,23.005,0,151.2,55:15.107,09:55:15.107,0:24.344,0:28.056,0:23.005,249.0,Julien Andlauer,,GTP,,Porsche Penske Motorsport,Porsche,GF,
7,2,34,1:13.856,0,,24.048,1,27.887,0,21.921,0,154.4,56:28.963,09:56:28.963,0:24.048,0:27.887,0:21.921,248.6,Julien Andlauer,,GTP,,Porsche Penske Motorsport,Porsche,GF,
7,2,35,1:14.815,0,,24.135,0,28.426,0,22.254,0,152.4,57:43.778,09:57:43.778,0:24.135,0:28.426,0:22.254,247.6,Julien Andlauer,,GTP,,Porsche Penske Motorsport,Porsche,GF,
7,2,36,1:15.163,0,,24.096,0,28.065,0,23.002,0,151.7,58:58.941,09:58:58.941,0:24.096,0:28.065,0:23.002,245.8,Julien Andlauer,,GTP,,Porsche Penske Motorsport,Porsche,GF,
7,2,37,1:14.002,0,,24.065,0,27.960,0,21.977,0,154.1,1:00:12.943,10:00:12.943,0:24.065,0:27.960,0:21.977,248.6,Julien Andlauer,,GTP,,Porsche Penske Motorsport,Porsche,FF,
70,2,1,2:43.126,0,B,1:18.097,0,39.770,0,45.259,0,69.9,2:43.126,09:02:43.126,1:18.097,0:39.770,0:45.259,121.1,Frederik Schandorff,0:00:46.645,GTD,B,Inception Racing,Ferrari,GF,
70,2,2,2:54.421,0,,1:52.271,0,35.560,0,26.590,0,65.4,5:37.547,09:05:37.547,1:52.271,0:35.560,0:26.590,189.3,Frederik Schandorff,0:01:40.230,GTD,B,Inception Racing,Ferrari,GF,
70,2,3,1:25.693,0,,28.277,0,32.795,0,24.621,0,133.1,7:03.240,09:07:03.240,0:28.277,0:32.795,0:24.621,206.7,Frederik Schandorff,,GTD,B,Inception Racing,Ferrari,GF,
70,2,4,1:23.374,0,,26.862,0,32.158,0,24.354,0,136.8,8:26.614,09:08:26.614,0:26.862,0:32.158,0:24.354,203.8,Frederik Schandorff,,GTD,B,Inception Racing,Ferrari,GF,
70,2,5,1:21.981,0,,26.537,0,30.728,0,24.716,0,139.1,9:48.595,09:09:48.595,0:26.537,0:30.728,0:24.716,211.3,Frederik Schandorff,,GTD,B,Inception Racing,Ferrari,GF,
70,2,6,1:23.595,0,,27.101,0,31.752,0,24.742,0,136.4,11:12.190,09:11:12.190,0:27.101,0:31.752,0:24.742,207.3,Frederik Schandorff,,GTD,B,Inception Racing,Ferrari,GF,
70,2,7,1:23.284,0,,26.365,0,30.555,0,26.364,0,136.9,12:35.474,09:12:35.474,0:26.365,0:30.555,0:26.364,210.3,Frederik Schandorff,,GTD,B,Inception Racing,Ferrari,GF,
70,2,8,1:20.661,0,,26.101,0,30.470,0,24.090,0,141.4,13:56.135,09:13:56.135,0:26.101,0:30.470,0:24.090,209.6,Frederik Schandorff,,GTD,B,Inception Racing,Ferrari,GF,
70,2,9,1:20.197,0,,26.283,0,30.325,0,23.589,0,142.2,15:16.332,09:15:16.332,0:26.283,0:30.325,0:23.589,210.6,Frederik Schandorff,,GTD,B,Inception Racing,Ferrari,GF,
70,2,10,1:20.158,0,,26.067,0,30.390,0,23.701,0,142.2,16:36.490,09:16:36.490,0:26.067,0:30.390,0:23.701,210.3,Frederik Schandorff,,GTD,B,Inception Racing,Ferrari,GF,
70,2,11,1:32.188,0,B,26.081,0,30.842,0,35.265,0,123.7,18:08.678,09:18:08.678,0:26.081,0:30.842,0:35.265,209.3,Frederik Schandorff,,GTD,B,Inception Racing,Ferrari,GF,
70,2,12,5:45.621,0,,4:50.937,0,30.721,0,23.963,0,33.0,23:54.299,09:23:54.299,4:50.937,0:30.721,0:23.963,210.3,Frederik Schandorff,0:04:42.361,GTD,B,Inception Racing,Ferrari,GF,
70,2,13,1:20.626,0,,26.350,0,30.569,0,23.707,0,141.4,25:14.925,09:25:14.925,0:26.350,0:30.569,0:23.707,210.0,Frederik Schandorff,,GTD,B,Inception Racing,Ferrari,GF,
70,2,14,1:19.677,2,,26.028,0,30.155,0,23.494,2,143.1,26:34.602,09:26:34.602,0:26.028,0:30.155,0:23.494,211.0,Frederik Schandorff,,GTD,B,Inception Racing,Ferrari,GF,
70,2,15,1:19.716,0,,26.044,0,30.174,0,23.498,0,143.0,27:54.318,09:27:54.318,0:26.044,0:30.174,0:23.498,211.3,Frederik Schandorff,,GTD,B,Inception Racing,Ferrari,GF,
70,2,16,1:32.478,0,B,26.134,0,31.401,0,34.943,0,123.3,29:26.796,09:29:26.796,0:26.134,0:31.401,0:34.943,211.3,Frederik Schandorff,,GTD,B,Inception Racing,Ferrari,GF,
70,1,17,4:16.645,0,,3:19.111,0,33.015,0,24.519,0,44.4,33:43.441,09:33:43.441,3:19.111,0:33.015,0:24.519,210.0,Brendan Iribe,0:03:08.495,GTD,B,Inception Racing,Ferrari,GF,
70,1,18,1:21.968,0,,26.749,0,30.984,0,24.235,0,139.1,35:05.409,09:35:05.409,0:26.749,0:30.984,0:24.235,209.6,Brendan Iribe,,GTD,B,Inception Racing,Ferrari,GF,
70,1,19,1:21.704,0,,26.561,0,30.985,0,24.158,0,139.6,36:27.113,09:36:27.113,0:26.561,0:30.985,0:24.158,209.3,Brendan Iribe,,GTD,B,Inception Racing,Ferrari,GF,
70,1,20,1:21.880,0,,26.685,0,30.971,0,24.224,0,139.3,37:48.993,09:37:48.993,0:26.685,0:30.971,0:24.224,208.6,Brendan Iribe,,GTD,B,Inception Racing,Ferrari,GF,
70,1,21,1:21.680,0,,26.443,0,31.177,0,24.060,0,139.6,39:10.673,09:39:10.673,0:26.443,0:31.177,0:24.060,209.0,Brendan Iribe,,GTD,B,Inception Racing,Ferrari,GF,
70,1,22,1:21.031,0,,26.448,0,30.625,0,23.958,0,140.7,40:31.704,09:40:31.704,0:26.448,0:30.625,0:23.958,210.3,Brendan Iribe,,GTD,B,Inception Racing,Ferrari,GF,
70,1,23,1:21.282,0,,26.269,0,31.116,0,23.897,0,140.3,41:52.986,09:41:52.986,0:26.269,0:31.116,0:23.897,211.3,Brendan Iribe,,GTD,B,Inception Racing,Ferrari,GF,
70,1,24,2:24.914,0,,1:29.709,0,31.111,0,24.094,0,78.7,44:17.900,09:44:17.900,1:29.709,0:31.111,0:24.094,210.3,Brendan Iribe,,GTD,B,Inception Racing,Ferrari,GF,
70,1,25,1:21.056,0,,26.453,0,30.621,0,23.982,0,140.7,45:38.956,09:45:38.956,0:26.453,0:30.621,0:23.982,210.3,Brendan Iribe,,GTD,B,Inception Racing,Ferrari,GF,
70,1,26,1:20.512,0,,26.100,1,30.599,0,23.813,1,141.6,46:59.468,09:46:59.468,0:26.100,0:30.599,0:23.813,210.3,Brendan Iribe,,GTD,B,Inception Racing,Ferrari,GF,
70,1,27,1:20.521,0,,26.263,0,30.400,0,23.858,0,141.6,48:19.989,09:48:19.989,0:26.263,0:30.400,0:23.858,211.0,Brendan Iribe,,GTD,B,Inception Racing,Ferrari,GF,
70,1,28,1:20.498,0,,26.213,0,30.278,1,24.007,0,141.6,49:40.487,09:49:40.487,0:26.213,0:30.278,0:24.007,211.3,Brendan Iribe,,GTD,B,Inception Racing,Ferrari,GF,
70,1,29,1:32.298,0,B,26.260,0,30.448,0,35.590,0,123.5,51:12.785,09:51:12.785,0:26.260,0:30.448,0:35.590,211.3,Brendan Iribe,,GTD,B,Inception Racing,Ferrari,GF,
70,2,30,4:11.125,0,,3:13.018,0,31.984,0,26.123,0,45.4,55:23.910,09:55:23.910,3:13.018,0:31.984,0:26.123,180.2,Frederik Schandorff,0:03:04.198,GTD,B,Inception Racing,Ferrari,GF,
70,2,31,1:21.160,0,,25.986,2,31.101,0,24.073,0,140.5,56:45.070,09:56:45.070,0:25.986,0:31.101,0:24.073,210.6,Frederik Schandorff,,GTD,B,Inception Racing,Ferrari,GF,
70,2,32,1:20.741,0,,26.870,0,30.135,0,23.736,0,141.2,58:05.811,09:58:05.811,0:26.870,0:30.135,0:23.736,211.6,Frederik Schandorff,,GTD,B,Inception Racing,Ferrari,GF,
70,2,33,1:30.709,0,B,26.090,0,30.121,2,34.498,0,125.7,59:36.520,09:59:36.520,0:26.090,0:30.121,0:34.498,211.6,Frederik Schandorff,,GTD,B,Inception Racing,Ferrari,GF,
81,2,1,2:22.157,0,B,1:05.614,0,37.205,0,39.338,0,80.2,2:22.157,09:02:22.157,1:05.614,0:37.205,0:39.338,179.5,Giacomo Altoe,0:00:34.268,GTD,B,DragonSpeed,Chevrolet,GF,
81,2,2,4:10.083,0,B,2:59.231,0,33.005,0,37.847,0,45.6,6:32.240,09:06:32.240,2:59.231,0:33.005,0:37.847,203.5,Giacomo Altoe,0:02:47.368,GTD,B,DragonSpeed,Chevrolet,GF,
81,2,3,1:50.691,0,,53.129,0,31.770,0,25.792,0,103.0,8:22.931,09:08:22.931,0:53.129,0:31.770,0:25.792,202.9,Giacomo Altoe,0:00:42.442,GTD,B,DragonSpeed,Chevrolet,GF,
81,2,4,1:24.909,0,,26.940,0,31.710,0,26.259,0,134.3,9:47.840,09:09:47.840,0:26.940,0:31.710,0:26.259,207.6,Giacomo Altoe,,GTD,B,DragonSpeed,Chevrolet,GF,
81,2,5,1:24.001,0,,27.523,0,31.600,0,24.878,0,135.7,11:11.841,09:11:11.841,0:27.523,0:31.600,0:24.878,209.0,Giacomo Altoe,,GTD,B,DragonSpeed,Chevrolet,GF,
81,2,6,1:20.493,0,,26.347,0,30.349,0,23.797,0,141.7,12:32.334,09:12:32.334,0:26.347,0:30.349,0:23.797,211.0,Giacomo Altoe,,GTD,B,DragonSpeed,Chevrolet,GF,
81,2,7,1:20.281,0,,25.950,0,30.336,0,23.995,0,142.0,13:52.615,09:13:52.615,0:25.950,0:30.336,0:23.995,210.3,Giacomo Altoe,,GTD,B,DragonSpeed,Chevrolet,GF,
81,2,8,1:20.589,0,,25.860,0,30.796,0,23.933,0,141.5,15:13.204,09:15:13.204,0:25.860,0:30.796,0:23.933,212.3,Giacomo Altoe,,GTD,B,DragonSpeed,Chevrolet,GF,
81,2,9,1:20.027,0,,25.919,0,30.336,0,23.772,0,142.5,16:33.231,09:16:33.231,0:25.919,0:30.336,0:23.772,210.6,Giacomo Altoe,,GTD,B,DragonSpeed,Chevrolet,GF,
81,2,10,1:19.923,0,,25.939,0,30.326,0,23.658,0,142.7,17:53.154,09:17:53.154,0:25.939,0:30.326,0:23.658,211.0,Giacomo Altoe,,GTD,B,DragonSpeed,Chevrolet,GF,
81,2,11,1:31.868,0,B,26.082,0,30.370,0,35.416,0,124.1,19:25.022,09:19:25.022,0:26.082,0:30.370,0:35.416,210.0,Giacomo Altoe,,GTD,B,DragonSpeed,Chevrolet,GF,
81,1,12,3:32.494,0,,2:26.944,0,35.860,0,29.690,0,53.7,22:57.516,09:22:57.516,2:26.944,0:35.860,0:29.690,153.2,Henrik Hedman,0:02:12.143,GTD,B,DragonSpeed,Chevrolet,GF,
81,1,13,1:30.214,0,,28.782,0,34.894,0,26.538,0,126.4,24:27.730,09:24:27.730,0:28.782,0:34.894,0:26.538,199.5,Henrik Hedman,,GTD,B,DragonSpeed,Chevrolet,GF,
81,1,14,1:28.341,0,,28.080,0,33.414,0,26.847,0,129.1,25:56.071,09:25:56.071,0:28.080,0:33.414,0:26.847,201.6,Henrik Hedman,,GTD,B,DragonSpeed,Chevrolet,GF,
81,1,15,1:27.087,0,,27.381,0,32.474,0,27.232,0,130.9,27:23.158,09:27:23.158,0:27.381,0:32.474,0:27.232,175.9,Henrik Hedman,,GTD,B,DragonSpeed,Chevrolet,GF,
81,1,16,1:25.175,0,,27.752,0,32.122,0,25.301,0,133.9,28:48.333,09:28:48.333,0:27.752,0:32.122,0:25.301,208.0,Henrik Hedman,,GTD,B,DragonSpeed,Chevrolet,GF,
81,1,17,1:24.080,0,,27.025,0,31.668,0,25.387,0,135.6,30:12.413,09:30:12.413,0:27.025,0:31.668,0:25.387,206.0,Henrik Hedman,,GTD,B,DragonSpeed,Chevrolet,GF,
81,1,18,1:23.900,0,,27.395,0,31.428,1,25.077,0,135.9,31:36.313,09:31:36.313,0:27.395,0:31.428,0:25.077,209.3,Henrik Hedman,,GTD,B,DragonSpeed,Chevrolet,GF,
81,1,19,1:23.631,0,,26.952,0,31.463,0,25.216,0,136.3,32:59.944,09:32:59.944,0:26.952,0:31.463,0:25.216,203.5,Henrik Hedman,,GTD,B,DragonSpeed,Chevrolet,GF,
81,1,20,1:23.903,0,,27.127,0,31.660,0,25.116,0,135.9,34:23.847,09:34:23.847,0:27.127,0:31.660,0:25.116,209.6,Henrik Hedman,,GTD,B,DragonSpeed,Chevrolet,GF,
81,1,21,1:23.965,0,,27.109,0,31.794,0,25.062,0,135.8,35:47.812,09:35:47.812,0:27.109,0:31.794,0:25.062,209.0,Henrik Hedman,,GTD,B,DragonSpeed,Chevrolet,GF,
81,1,22,1:23.532,0,,26.938,0,31.670,0,24.924,0,136.5,37:11.344,09:37:11.344,0:26.938,0:31.670,0:24.924,208.6,Henrik Hedman,,GTD,B,DragonSpeed,Chevrolet,GF,
81,1,23,1:23.197,0,,26.920,1,31.595,0,24.682,1,137.0,38:34.541,09:38:34.541,0:26.920,0:31.595,0:24.682,209.3,Henrik Hedman,,GTD,B,DragonSpeed,Chevrolet,GF,
81,1,24,1:42.010,0,B,28.097,0,33.797,0,40.116,0,111.8,40:16.551,09:40:16.551,0:28.097,0:33.797,0:40.116,209.0,Henrik Hedman,,GTD,B,DragonSpeed,Chevrolet,GF,
81,2,25,2:35.385,0,,1:39.815,0,31.209,0,24.361,0,73.4,42:51.936,09:42:51.936,1:39.815,0:31.209,0:24.361,209.3,Giacomo Altoe,0:01:31.044,GTD,B,DragonSpeed,Chevrolet,GF,
81,2,26,1:21.355,0,,26.723,0,30.684,0,23.948,0,140.1,44:13.291,09:44:13.291,0:26.723,0:30.684,0:23.948,210.6,Giacomo Altoe,,GTD,B,DragonSpeed,Chevrolet,GF,
81,2,27,1:20.428,0,,26.172,0,30.479,0,23.777,0,141.8,45:33.719,09:45:33.719,0:26.172,0:30.479,0:23.777,210.3,Giacomo Altoe,,GTD,B,DragonSpeed,Chevrolet,GF,
81,2,28,1:20.127,0,,26.142,0,30.302,0,23.683,0,142.3,46:53.846,09:46:53.846,0:26.142,0:30.302,0:23.683,211.0,Giacomo Altoe,,GTD,B,DragonSpeed,Chevrolet,GF,
81,2,29,1:19.694,0,,25.970,0,30.249,0,23.475,0,143.1,48:13.540,09:48:13.540,0:25.970,0:30.249,0:23.475,211.3,Giacomo Altoe,,GTD,B,DragonSpeed,Chevrolet,GF,
81,2,30,1:31.425,0,B,26.051,0,30.286,0,35.088,0,124.7,49:44.965,09:49:44.965,0:26.051,0:30.286,0:35.088,211.6,Giacomo Altoe,,GTD,B,DragonSpeed,Chevrolet,GF,
81,2,31,3:18.033,0,,2:22.484,0,31.124,0,24.425,0,57.6,53:02.998,09:53:02.998,2:22.484,0:31.124,0:24.425,211.6,Giacomo Altoe,0:02:12.435,GTD,B,DragonSpeed,Chevrolet,GF,
81,2,32,1:20.542,0,,25.999,0,30.831,0,23.712,0,141.6,54:23.540,09:54:23.540,0:25.999,0:30.831,0:23.712,211.6,Giacomo Altoe,,GTD,B,DragonSpeed,Chevrolet,GF,
81,2,33,1:19.565,0,,25.949,0,30.170,0,23.446,2,143.3,55:43.105,09:55:43.105,0:25.949,0:30.170,0:23.446,211.3,Giacomo Altoe,,GTD,B,DragonSpeed,Chevrolet,GF,
81,2,34,1:19.420,2,,25.849,2,30.027,2,23.544,0,143.6,57:02.525,09:57:02.525,0:25.849,0:30.027,0:23.544,213.0,Giacomo Altoe,,GTD,B,DragonSpeed,Chevrolet,GF,
81,2,35,1:20.388,0,,26.249,0,30.361,0,23.778,0,141.8,58:22.913,09:58:22.913,0:26.249,0:30.361,0:23.778,213.7,Giacomo Altoe,,GTD,B,DragonSpeed,Chevrolet,GF,
81,2,36,1:21.129,0,,26.864,0,30.512,0,23.753,0,140.5,59:44.042,09:59:44.042,0:26.864,0:30.512,0:23.753,211.6,Giacomo Altoe,,GTD,B,DragonSpeed,Chevrolet,GF,
81,2,37,1:20.108,0,,26.133,0,30.502,0,23.473,0,142.3,1:01:04.150,10:01:04.150,0:26.133,0:30.502,0:23.473,212.6,Giacomo Altoe,,GTD,B,DragonSpeed,Chevrolet,FF,
89,1,1,2:11.292,0,B,53.401,0,37.467,0,40.424,0,86.8,2:11.292,09:02:11.292,0:53.401,0:37.467,0:40.424,153.0,Jack Hawksworth,0:00:21.914,GTD,,Vasser Sullivan Racing,Lexus,GF,
89,1,2,6:42.355,0,,5:41.690,0,34.722,0,25.943,0,28.3,8:53.647,09:08:53.647,5:41.690,0:34.722,0:25.943,206.7,Jack Hawksworth,0:05:29.359,GTD,,Vasser Sullivan Racing,Lexus,GF,
89,1,3,1:23.681,0,,27.521,0,31.661,0,24.499,0,136.3,10:17.328,09:10:17.328,0:27.521,0:31.661,0:24.499,211.0,Jack Hawksworth,,GTD,,Vasser Sullivan Racing,Lexus,GF,
89,1,4,1:24.597,0,,26.735,0,31.608,0,26.254,0,134.8,11:41.925,09:11:41.925,0:26.735,0:31.608,0:26.254,212.6,Jack Hawksworth,,GTD,,Vasser Sullivan Racing,Lexus,GF,
89,1,5,1:20.638,0,,26.284,0,30.432,0,23.922,0,141.4,13:02.563,09:13:02.563,0:26.284,0:30.432,0:23.922,213.7,Jack Hawksworth,,GTD,,Vasser Sullivan Racing,Lexus,GF,
89,1,6,1:25.441,0,,26.358,0,33.322,0,25.761,0,133.4,14:28.004,09:14:28.004,0:26.358,0:33.322,0:25.761,179.5,Jack Hawksworth,,GTD,,Vasser Sullivan Racing,Lexus,GF,
89,1,7,1:19.772,0,,26.040,0,30.140,0,23.592,0,142.9,15:47.776,09:15:47.776,0:26.040,0:30.140,0:23.592,213.3,Jack Hawksworth,,GTD,,Vasser Sullivan Racing,Lexus,GF,
89,1,8,1:23.331,0,,25.997,0,30.229,0,27.105,0,136.8,17:11.107,09:17:11.107,0:25.997,0:30.229,0:27.105,195.7,Jack Hawksworth,,GTD,,Vasser Sullivan Racing,Lexus,GF,
89,1,9,1:19.813,0,,26.013,0,30.023,0,23.777,0,142.9,18:30.920,09:18:30.920,0:26.013,0:30.023,0:23.777,214.0,Jack Hawksworth,,GTD,,Vasser Sullivan Racing,Lexus,GF,
89,1,10,1:19.450,0,,25.991,0,29.997,0,23.462,2,143.5,19:50.370,09:19:50.370,0:25.991,0:29.997,0:23.462,213.3,Jack Hawksworth,,GTD,,Vasser Sullivan Racing,Lexus,GF,
89,1,11,1:21.430,0,,25.900,0,31.060,0,24.470,0,140.0,21:11.800,09:21:11.800,0:25.900,0:31.060,0:24.470,196.8,Jack Hawksworth,,GTD,,Vasser Sullivan Racing,Lexus,GF,
89,1,12,1:19.330,2,,25.803,2,29.982,2,23.545,0,143.7,22:31.130,09:22:31.130,0:25.803,0:29.982,0:23.545,213.3,Jack Hawksworth,,GTD,,Vasser Sullivan Racing,Lexus,GF,
89,1,13,1:31.882,0,B,26.012,0,30.403,0,35.467,0,124.1,24:03.012,09:24:03.012,0:26.012,0:30.403,0:35.467,213.7,Jack Hawksworth,,GTD,,Vasser Sullivan Racing,Lexus,GF,
89,2,14,6:56.508,0,,5:58.959,0,31.688,0,25.861,0,27.4,30:59.520,09:30:59.520,5:58.959,0:31.688,0:25.861,206.4,Frankie Montecalvo,0:05:48.960,GTD,,Vasser Sullivan Racing,Lexus,GF,
89,2,15,1:21.637,0,,26.525,0,31.039,0,24.073,0,139.7,32:21.157,09:32:21.157,0:26.525,0:31.039,0:24.073,212.6,Frankie Montecalvo,,GTD,,Vasser Sullivan Racing,Lexus,GF,
89,2,16,1:20.645,0,,26.163,0,30.662,0,23.820,0,141.4,33:41.802,09:33:41.802,0:26.163,0:30.662,0:23.820,212.3,Frankie Montecalvo,,GTD,,Vasser Sullivan Racing,Lexus,GF,
89,2,17,1:21.258,0,,26.769,0,30.598,0,23.891,0,140.3,35:03.060,09:35:03.060,0:26.769,0:30.598,0:23.891,213.7,Frankie Montecalvo,,GTD,,Vasser Sullivan Racing,Lexus,GF,
89,2,18,1:20.074,0,,25.993,0,30.182,0,23.899,0,142.4,36:23.134,09:36:23.134,0:25.993,0:30.182,0:23.899,210.3,Frankie Montecalvo,,GTD,,Vasser Sullivan Racing,Lexus,GF,
89,2,19,1:20.109,0,,26.129,0,30.252,0,23.728,0,142.3,37:43.243,09:37:43.243,0:26.129,0:30.252,0:23.728,211.3,Frankie Montecalvo,,GTD,,Vasser Sullivan Racing,Lexus,GF,
89,2,20,1:19.813,0,,26.041,0,30.128,0,23.644,0,142.9,39:03.056,09:39:03.056,0:26.041,0:30.128,0:23.644,213.3,Frankie Montecalvo,,GTD,,Vasser Sullivan Racing,Lexus,GF,
89,2,21,1:34.416,0,B,27.111,0,31.256,0,36.049,0,120.8,40:37.472,09:40:37.472,0:27.111,0:31.256,0:36.049,214.0,Frankie Montecalvo,,GTD,,Vasser Sullivan Racing,Lexus,GF,
89,2,22,8:13.451,0,,7:19.098,0,30.579,0,23.774,0,23.1,48:50.923,09:48:50.923,7:19.098,0:30.579,0:23.774,213.0,Frankie Montecalvo,0:07:09.734,GTD,,Vasser Sullivan Racing,Lexus,GF,
89,2,23,1:21.443,0,,26.231,0,30.357,0,24.855,0,140.0,50:12.366,09:50:12.366,0:26.231,0:30.357,0:24.855,212.6,Frankie Montecalvo,,GTD,,Vasser Sullivan Racing,Lexus,GF,
89,2,24,1:21.499,0,,26.186,0,30.325,0,24.988,0,139.9,51:33.865,09:51:33.865,0:26.186,0:30.325,0:24.988,213.0,Frankie Montecalvo,,GTD,,Vasser Sullivan Racing,Lexus,GF,
89,2,25,1:20.576,0,,26.532,0,30.259,0,23.785,0,141.5,52:54.441,09:52:54.441,0:26.532,0:30.259,0:23.785,214.0,Frankie Montecalvo,,GTD,,Vasser Sullivan Racing,Lexus,GF,
89,2,26,1:22.900,0,,28.595,0,30.595,0,23.710,0,137.5,54:17.341,09:54:17.341,0:28.595,0:30.595,0:23.710,213.7,Frankie Montecalvo,,GTD,,Vasser Sullivan Racing,Lexus,GF,
89,2,27,1:20.233,0,,26.132,0,30.224,0,23.877,0,142.1,55:37.574,09:55:37.574,0:26.132,0:30.224,0:23.877,214.0,Frankie Montecalvo,,GTD,,Vasser Sullivan Racing,Lexus,GF,
89,2,28,1:20.017,0,,26.114,0,30.157,0,23.746,0,142.5,56:57.591,09:56:57.591,0:26.114,0:30.157,0:23.746,213.0,Frankie Montecalvo,,GTD,,Vasser Sullivan Racing,Lexus,GF,
89,2,29,1:19.609,0,,25.937,1,30.002,1,23.670,0,143.2,58:17.200,09:58:17.200,0:25.937,0:30.002,0:23.670,213.3,Frankie Montecalvo,,GTD,,Vasser Sullivan Racing,Lexus,GF,
89,2,30,1:19.640,0,,26.010,0,30.023,0,23.607,1,143.2,59:36.840,09:59:36.840,0:26.010,0:30.023,0:23.607,214.4,Frankie Montecalvo,,GTD,,Vasser Sullivan Racing,Lexus,GF,
89,2,31,1:20.566,0,,26.246,0,30.436,0,23.884,0,141.5,1:00:57.406,10:00:57.406,0:26.246,0:30.436,0:23.884,211.0,Frankie Montecalvo,,GTD,,Vasser Sullivan Racing,Lexus,FF,
93,2,1,2:17.990,0,B,56.546,0,39.056,0,42.388,0,82.6,2:17.990,09:02:17.990,0:56.546,0:39.056,0:42.388,155.9,Nicholas Yelloly,0:00:23.377,GTP,,Acura Meyer Shank Racing w/Curb Agajanian,Acura,GF,
93,2,2,5:54.490,0,B,4:42.267,0,34.195,0,38.028,0,32.2,8:12.480,09:08:12.480,4:42.267,0:34.195,0:38.028,184.5,Nicholas Yelloly,0:04:27.836,GTP,,Acura Meyer Shank Racing w/Curb Agajanian,Acura,GF,
93,2,3,2:06.795,0,B,57.853,0,32.628,0,36.314,0,89.9,10:19.275,09:10:19.275,0:57.853,0:32.628,0:36.314,207.3,Nicholas Yelloly,0:00:42.415,GTP,,Acura Meyer Shank Racing w/Curb Agajanian,Acura,GF,
93,2,4,6:03.810,0,,5:08.565,0,31.814,0,23.431,0,31.3,16:23.085,09:16:23.085,5:08.565,0:31.814,0:23.431,213.3,Nicholas Yelloly,0:04:57.382,GTP,,Acura Meyer Shank Racing w/Curb Agajanian,Acura,GF,
93,2,5,1:17.213,0,,25.678,0,28.895,0,22.640,0,147.7,17:40.298,09:17:40.298,0:25.678,0:28.895,0:22.640,232.8,Nicholas Yelloly,,GTP,,Acura Meyer Shank Racing w/Curb Agajanian,Acura,GF,
93,2,6,1:14.862,0,,24.626,0,28.146,0,22.090,0,152.3,18:55.160,09:18:55.160,0:24.626,0:28.146,0:22.090,244.4,Nicholas Yelloly,,GTP,,Acura Meyer Shank Racing w/Curb Agajanian,Acura,GF,
93,2,7,1:14.150,0,,24.205,0,27.994,0,21.951,0,153.8,20:09.310,09:20:09.310,0:24.205,0:27.994,0:21.951,245.3,Nicholas Yelloly,,GTP,,Acura Meyer Shank Racing w/Curb Agajanian,Acura,GF,
93,2,8,1:17.780,0,,24.680,0,30.014,0,23.086,0,146.6,21:27.090,09:21:27.090,0:24.680,0:30.014,0:23.086,238.7,Nicholas Yelloly,,GTP,,Acura Meyer Shank Racing w/Curb Agajanian,Acura,GF,
93,2,9,1:14.268,0,,24.531,0,27.864,0,21.873,0,153.5,22:41.358,09:22:41.358,0:24.531,0:27.864,0:21.873,246.2,Nicholas Yelloly,,GTP,,Acura Meyer Shank Racing w/Curb Agajanian,Acura,GF,
93,2,10,1:13.922,0,,24.160,0,27.772,0,21.990,0,154.2,23:55.280,09:23:55.280,0:24.160,0:27.772,0:21.990,247.2,Nicholas Yelloly,,GTP,,Acura Meyer Shank Racing w/Curb Agajanian,Acura,GF,
93,2,11,1:13.773,0,,24.121,0,27.737,0,21.915,0,154.6,25:09.053,09:25:09.053,0:24.121,0:27.737,0:21.915,248.6,Nicholas Yelloly,,GTP,,Acura Meyer Shank Racing w/Curb Agajanian,Acura,GF,
93,2,12,1:17.337,0,,25.205,0,28.489,0,23.643,0,147.4,26:26.390,09:26:26.390,0:25.205,0:28.489,0:23.643,225.7,Nicholas Yelloly,,GTP,,Acura Meyer Shank Racing w/Curb Agajanian,Acura,GF,
93,2,13,1:13.588,2,,24.067,2,27.711,1,21.810,2,154.9,27:39.978,09:27:39.978,0:24.067,0:27.711,0:21.810,248.6,Nicholas Yelloly,,GTP,,Acura Meyer Shank Racing w/Curb Agajanian,Acura,GF,
93,2,14,1:14.782,0,,24.247,0,27.909,0,22.626,0,152.5,28:54.760,09:28:54.760,0:24.247,0:27.909,0:22.626,240.4,Nicholas Yelloly,,GTP,,Acura Meyer Shank Racing w/Curb Agajanian,Acura,GF,
93,2,15,1:18.313,0,,24.315,0,28.700,0,25.298,0,145.6,30:13.073,09:30:13.073,0:24.315,0:28.700,0:25.298,199.5,Nicholas Yelloly,,GTP,,Acura Meyer Shank Racing w/Curb Agajanian,Acura,GF,
93,2,16,1:29.317,0,B,25.338,0,28.083,0,35.896,0,127.7,31:42.390,09:31:42.390,0:25.338,0:28.083,0:35.896,221.2,Nicholas Yelloly,,GTP,,Acura Meyer Shank Racing w/Curb Agajanian,Acura,GF,
93,1,17,8:13.917,0,,7:20.608,0,29.861,0,23.448,0,23.1,39:56.307,09:39:56.307,7:20.608,0:29.861,0:23.448,223.0,Renger van der Zande,0:07:09.571,GTP,,Acura Meyer Shank Racing w/Curb Agajanian,Acura,GF,
93,1,18,1:15.595,0,,24.791,0,28.482,0,22.322,0,150.8,41:11.902,09:41:11.902,0:24.791,0:28.482,0:22.322,228.8,Renger van der Zande,,GTP,,Acura Meyer Shank Racing w/Curb Agajanian,Acura,GF,
93,1,19,1:14.910,0,,24.688,0,28.088,0,22.134,0,152.2,42:26.812,09:42:26.812,0:24.688,0:28.088,0:22.134,236.1,Renger van der Zande,,GTP,,Acura Meyer Shank Racing w/Curb Agajanian,Acura,GF,
93,1,20,1:16.382,0,,25.450,0,28.225,0,22.707,0,149.3,43:43.194,09:43:43.194,0:25.450,0:28.225,0:22.707,232.8,Renger van der Zande,,GTP,,Acura Meyer Shank Racing w/Curb Agajanian,Acura,GF,
93,1,21,1:15.589,0,,24.682,0,28.429,0,22.478,0,150.8,44:58.783,09:44:58.783,0:24.682,0:28.429,0:22.478,237.0,Renger van der Zande,,GTP,,Acura Meyer Shank Racing w/Curb Agajanian,Acura,GF,
93,1,22,1:15.114,0,,24.928,0,28.065,0,22.121,0,151.8,46:13.897,09:46:13.897,0:24.928,0:28.065,0:22.121,243.5,Renger van der Zande,,GTP,,Acura Meyer Shank Racing w/Curb Agajanian,Acura,GF,
93,1,23,1:14.730,0,,24.688,0,27.936,0,22.106,0,152.6,47:28.627,09:47:28.627,0:24.688,0:27.936,0:22.106,242.2,Renger van der Zande,,GTP,,Acura Meyer Shank Racing w/Curb Agajanian,Acura,GF,
93,1,24,1:14.717,0,,24.390,0,28.127,0,22.200,0,152.6,48:43.344,09:48:43.344,0:24.390,0:28.127,0:22.200,247.2,Renger van der Zande,,GTP,,Acura Meyer Shank Racing w/Curb Agajanian,Acura,GF,
93,1,25,1:13.719,0,,24.122,0,27.630,0,21.967,1,154.7,49:57.063,09:49:57.063,0:24.122,0:27.630,0:21.967,248.6,Renger van der Zande,,GTP,,Acura Meyer Shank Racing w/Curb Agajanian,Acura,GF,
93,1,26,1:43.523,0,,24.424,0,28.346,0,50.753,0,110.1,51:40.586,09:51:40.586,0:24.424,0:28.346,0:50.753,249.0,Renger van der Zande,,GTP,,Acura Meyer Shank Racing w/Curb Agajanian,Acura,GF,
93,1,27,1:20.643,0,,25.422,0,30.479,0,24.742,0,141.4,53:01.229,09:53:01.229,0:25.422,0:30.479,0:24.742,182.7,Renger van der Zande,,GTP,,Acura Meyer Shank Racing w/Curb Agajanian,Acura,GF,
93,1,28,1:18.283,0,,26.575,0,29.641,0,22.067,0,145.6,54:19.512,09:54:19.512,0:26.575,0:29.641,0:22.067,244.4,Renger van der Zande,,GTP,,Acura Meyer Shank Racing w/Curb Agajanian,Acura,GF,
93,1,29,1:16.123,0,,24.910,0,28.712,0,22.501,0,149.8,55:35.635,09:55:35.635,0:24.910,0:28.712,0:22.501,244.9,Renger van der Zande,,GTP,,Acura Meyer Shank Racing w/Curb Agajanian,Acura,GF,
93,1,30,1:13.735,0,,24.074,1,27.579,2,22.082,0,154.6,56:49.370,09:56:49.370,0:24.074,0:27.579,0:22.082,246.7,Renger van der Zande,,GTP,,Acura Meyer Shank Racing w/Curb Agajanian,Acura,GF,
93,1,31,1:15.859,0,,24.400,0,28.927,0,22.532,0,150.3,58:05.229,09:58:05.229,0:24.400,0:28.927,0:22.532,218.6,Renger van der Zande,,GTP,,Acura Meyer Shank Racing w/Curb Agajanian,Acura,GF,
93,1,32,1:14.569,0,,24.569,0,27.786,0,22.214,0,152.9,59:19.798,09:59:19.798,0:24.569,0:27.786,0:22.214,227.6,Renger van der Zande,,GTP,,Acura Meyer Shank Racing w/Curb Agajanian,Acura,GF,
93,1,33,1:14.442,0,,24.496,0,27.885,0,22.061,0,153.2,1:00:34.240,10:00:34.240,0:24.496,0:27.885,0:22.061,229.2,Renger van der Zande,,GTP,,Acura Meyer Shank Racing w/Curb Agajanian,Acura,FF,
96,2,1,2:01.263,0,,50.011,0,41.412,0,29.840,0,94.0,2:01.263,09:02:01.263,0:50.011,0:41.412,0:29.840,130.8,Robby Foley,0:00:17.771,GTD,,Turner Motorsport,BMW,GF,
96,2,2,1:45.250,0,,35.254,0,38.293,0,31.703,0,108.3,3:46.513,09:03:46.513,0:35.254,0:38.293,0:31.703,166.4,Robby Foley,,GTD,,Turner Motorsport,BMW,GF,
96,2,3,1:39.151,0,,32.312,0,37.518,0,29.321,0,115.0,5:25.664,09:05:25.664,0:32.312,0:37.518,0:29.321,126.3,Robby Foley,,GTD,,Turner Motorsport,BMW,GF,
96,2,4,1:47.252,0,B,32.150,0,34.748,0,40.354,0,106.3,7:12.916,09:07:12.916,0:32.150,0:34.748,0:40.354,102.9,Robby Foley,,GTD,,Turner Motorsport,BMW,GF,
96,2,5,7:20.213,0,,6:20.087,0,32.981,0,27.145,0,25.9,14:33.129,09:14:33.129,6:20.087,0:32.981,0:27.145,176.4,Robby Foley,0:06:04.578,GTD,,Turner Motorsport,BMW,GF,
96,2,6,1:31.104,0,,29.887,0,34.459,0,26.758,0,125.2,16:04.233,09:16:04.233,0:29.887,0:34.459,0:26.758,104.2,Robby Foley,,GTD,,Turner Motorsport,BMW,GF,
96,2,7,1:21.942,0,,26.824,0,30.984,0,24.134,0,139.1,17:26.175,09:17:26.175,0:26.824,0:30.984,0:24.134,212.3,Robby Foley,,GTD,,Turner Motorsport,BMW,GF,
96,2,8,1:20.715,0,,26.327,0,30.653,0,23.735,0,141.3,18:46.890,09:18:46.890,0:26.327,0:30.653,0:23.735,212.6,Robby Foley,,GTD,,Turner Motorsport,BMW,GF,
96,2,9,1:20.386,0,,26.178,0,30.508,0,23.700,0,141.8,20:07.276,09:20:07.276,0:26.178,0:30.508,0:23.700,213.0,Robby Foley,,GTD,,Turner Motorsport,BMW,GF,
96,2,10,1:23.027,0,,26.121,0,31.982,0,24.924,0,137.3,21:30.303,09:21:30.303,0:26.121,0:31.982,0:24.924,207.3,Robby Foley,,GTD,,Turner Motorsport,BMW,GF,
96,2,11,1:21.316,0,,26.749,0,30.424,0,24.143,0,140.2,22:51.619,09:22:51.619,0:26.749,0:30.424,0:24.143,212.0,Robby Foley,,GTD,,Turner Motorsport,BMW,GF,
96,2,12,1:19.898,0,,26.160,0,30.252,0,23.486,2,142.7,24:11.517,09:24:11.517,0:26.160,0:30.252,0:23.486,212.6,Robby Foley,,GTD,,Turner Motorsport,BMW,GF,
96,2,13,1:19.788,0,,26.086,0,30.189,0,23.513,0,142.9,25:31.305,09:25:31.305,0:26.086,0:30.189,0:23.513,212.6,Robby Foley,,GTD,,Turner Motorsport,BMW,GF,
96,2,14,1:19.608,0,,25.970,2,30.134,0,23.504,0,143.2,26:50.913,09:26:50.913,0:25.970,0:30.134,0:23.504,213.0,Robby Foley,,GTD,,Turner Motorsport,BMW,GF,
96,2,15,1:20.680,0,,26.115,0,30.191,0,24.374,0,141.3,28:11.593,09:28:11.593,0:26.115,0:30.191,0:24.374,213.0,Robby Foley,,GTD,,Turner Motorsport,BMW,GF,
96,2,16,1:19.553,2,,25.974,0,30.079,2,23.500,0,143.3,29:31.146,09:29:31.146,0:25.974,0:30.079,0:23.500,213.3,Robby Foley,,GTD,,Turner Motorsport,BMW,GF,
96,2,17,1:31.987,0,B,26.014,0,30.326,0,35.647,0,124.0,31:03.133,09:31:03.133,0:26.014,0:30.326,0:35.647,211.3,Robby Foley,,GTD,,Turner Motorsport,BMW,GF,
96,1,18,4:26.225,0,,3:30.382,0,31.226,0,24.617,0,42.8,35:29.358,09:35:29.358,3:30.382,0:31.226,0:24.617,210.6,Patrick Gallagher,0:03:20.566,GTD,,Turner Motorsport,BMW,GF,
96,1,19,1:20.924,0,,26.511,0,30.490,0,23.923,0,140.9,36:50.282,09:36:50.282,0:26.511,0:30.490,0:23.923,213.3,Patrick Gallagher,,GTD,,Turner Motorsport,BMW,GF,
96,1,20,1:21.924,0,,26.727,0,30.833,0,24.364,0,139.2,38:12.206,09:38:12.206,0:26.727,0:30.833,0:24.364,212.3,Patrick Gallagher,,GTD,,Turner Motorsport,BMW,GF,
96,1,21,1:20.303,0,,26.223,0,30.308,0,23.772,0,142.0,39:32.509,09:39:32.509,0:26.223,0:30.308,0:23.772,212.3,Patrick Gallagher,,GTD,,Turner Motorsport,BMW,GF,
96,1,22,1:24.438,0,,26.176,0,32.621,0,25.641,0,135.0,40:56.947,09:40:56.947,0:26.176,0:32.621,0:25.641,155.1,Patrick Gallagher,,GTD,,Turner Motorsport,BMW,GF,
96,1,23,1:19.946,0,,26.001,1,30.145,0,23.800,0,142.6,42:16.893,09:42:16.893,0:26.001,0:30.145,0:23.800,213.0,Patrick Gallagher,,GTD,,Turner Motorsport,BMW,GF,
96,1,24,1:25.874,0,,27.597,0,34.501,0,23.776,0,132.8,43:42.767,09:43:42.767,0:27.597,0:34.501,0:23.776,212.6,Patrick Gallagher,,GTD,,Turner Motorsport,BMW,GF,
96,1,25,1:20.154,0,,26.298,0,30.223,0,23.633,0,142.2,45:02.921,09:45:02.921,0:26.298,0:30.223,0:23.633,213.3,Patrick Gallagher,,GTD,,Turner Motorsport,BMW,GF,
96,1,26,1:20.470,0,,26.082,0,30.173,0,24.215,0,141.7,46:23.391,09:46:23.391,0:26.082,0:30.173,0:24.215,212.0,Patrick Gallagher,,GTD,,Turner Motorsport,BMW,GF,
96,1,27,1:31.433,0,B,26.025,0,30.222,0,35.186,0,124.7,47:54.824,09:47:54.824,0:26.025,0:30.222,0:35.186,213.7,Patrick Gallagher,,GTD,,Turner Motorsport,BMW,GF,
96,1,28,5:19.774,0,,4:24.133,0,31.957,0,23.684,0,35.7,53:14.598,09:53:14.598,4:24.133,0:31.957,0:23.684,213.3,Patrick Gallagher,0:04:15.396,GTD,,Turner Motorsport,BMW,GF,
96,1,29,1:19.888,0,,26.028,0,30.258,0,23.602,0,142.7,54:34.486,09:54:34.486,0:26.028,0:30.258,0:23.602,214.4,Patrick Gallagher,,GTD,,Turner Motorsport,BMW,GF,
96,1,30,1:22.971,0,,26.342,0,31.257,0,25.372,0,137.4,55:57.457,09:55:57.457,0:26.342,0:31.257,0:25.372,198.9,Patrick Gallagher,,GTD,,Turner Motorsport,BMW,GF,
96,1,31,1:21.303,0,,26.543,0,30.822,0,23.938,0,140.2,57:18.760,09:57:18.760,0:26.543,0:30.822,0:23.938,214.0,Patrick Gallagher,,GTD,,Turner Motorsport,BMW,GF,
96,1,32,1:19.836,0,,26.104,0,30.136,1,23.596,1,142.8,58:38.596,09:58:38.596,0:26.104,0:30.136,0:23.596,214.4,Patrick Gallagher,,GTD,,Turner Motorsport,BMW,GF,
96,1,33,1:22.124,0,,26.066,0,30.600,0,25.458,0,138.8,1:00:00.720,10:00:00.720,0:26.066,0:30.600,0:25.458,183.0,Patrick Gallagher,,GTD,,Turner Motorsport,BMW,FF,
