NUMBER, DRIVER_NUMBER, LAP_NUMBER, LAP_TIME, LAP_IMPROVEMENT, CROSSING_FINISH_LINE_IN_PIT, S1, S1_IMPROVEMENT, S2, S2_IMPROVEMENT, S3, S3_IMPROVEMENT, KPH, ELAPSED, HOUR,S1_LARGE,S2_LARGE,S3_LARGE,TOP_SPEED,DRIVER_NAME,PIT_TIME,CLASS,GROUP,TEAM,MANUFACTURER,FLAG_AT_FL,S1_SECONDS,S2_SECONDS,S3_SECONDS,
10,3,1,2:09.888,0,,47.914,0,40.931,0,41.043,0,121.5,2:09.888,11:52:09.888,0:47.914,0:40.931,0:41.043,,Felipe DRUGOVICH,0:00:09.200,LMP2,,Vector Sport,Oreca,GF,47.914,40.931,41.043,
10,3,2,1:50.939,0,,35.921,0,36.658,0,38.360,0,151.0,4:00.827,11:54:00.827,0:35.921,0:36.658,0:38.360,216.9,Felipe DRUGOVICH,,LMP2,,Vector Sport,Oreca,GF,35.921,36.658,38.360,
10,3,3,1:50.106,0,,31.616,0,32.380,0,46.110,0,152.1,5:50.933,11:55:50.933,0:31.616,0:32.380,0:46.110,257.8,Felipe DRUGOVICH,,LMP2,,Vector Sport,Oreca,GF,31.616,32.380,46.110,
10,3,4,1:35.123,0,,28.866,0,30.359,0,35.898,0,176.1,7:26.056,11:57:26.056,0:28.866,0:30.359,0:35.898,292.7,Felipe DRUGOVICH,,LMP2,,Vector Sport,Oreca,GF,28.866,30.359,35.898,
10,3,5,1:32.715,2,,28.427,2,30.222,2,34.066,0,180.7,8:58.771,11:58:58.771,0:28.427,0:30.222,0:34.066,293.5,Felipe DRUGOVICH,,LMP2,,Vector Sport,Oreca,GF,28.427,30.222,34.066,
10,3,6,1:33.066,0,,28.453,0,30.709,0,33.904,2,180.0,10:31.837,12:00:31.837,0:28.453,0:30.709,0:33.904,292.7,Felipe DRUGOVICH,,LMP2,,Vector Sport,Oreca,GF,28.453,30.709,33.904,
10,3,7,1:39.020,0,B,28.710,0,30.624,0,39.686,0,169.2,12:10.857,12:02:10.857,0:28.710,0:30.624,0:39.686,295.1,Felipe DRUGOVICH,,LMP2,,Vector Sport,Oreca,GF,28.710,30.624,39.686,
10,1,8,3:22.221,0,,2:14.541,0,31.740,0,35.940,0,82.8,15:33.078,12:05:33.078,2:14.541,0:31.740,0:35.940,,Ryan CULLEN,0:01:48.616,LMP2,,Vector Sport,Oreca,GF,134.541,31.740,35.940,
10,1,9,1:35.361,0,,29.498,0,30.783,1,35.080,0,175.7,17:08.439,12:07:08.439,0:29.498,0:30.783,0:35.080,286.5,Ryan CULLEN,,LMP2,,Vector Sport,Oreca,GF,29.498,30.783,35.080,
10,1,10,1:37.839,0,,30.323,0,31.580,0,35.936,0,171.2,18:46.278,12:08:46.278,0:30.323,0:31.580,0:35.936,291.9,Ryan CULLEN,,LMP2,,Vector Sport,Oreca,GF,30.323,31.580,35.936,
10,1,11,1:36.260,0,,29.653,0,31.525,0,35.082,0,174.0,20:22.538,12:10:22.538,0:29.653,0:31.525,0:35.082,289.5,Ryan CULLEN,,LMP2,,Vector Sport,Oreca,GF,29.653,31.525,35.082,
10,1,12,1:37.249,0,,30.100,0,31.886,0,35.263,0,172.2,21:59.787,12:11:59.787,0:30.100,0:31.886,0:35.263,291.9,Ryan CULLEN,,LMP2,,Vector Sport,Oreca,GF,30.100,31.886,35.263,
10,1,13,1:35.015,0,,28.963,0,31.293,0,34.759,0,176.3,23:34.802,12:13:34.802,0:28.963,0:31.293,0:34.759,292.7,Ryan CULLEN,,LMP2,,Vector Sport,Oreca,GF,28.963,31.293,34.759,
10,1,14,1:34.830,0,,29.115,0,31.053,0,34.662,1,176.6,25:09.632,12:15:09.632,0:29.115,0:31.053,0:34.662,295.1,Ryan CULLEN,,LMP2,,Vector Sport,Oreca,GF,29.115,31.053,34.662,
10,1,15,1:35.769,0,,28.883,0,31.354,0,35.532,0,174.9,26:45.401,12:16:45.401,0:28.883,0:31.354,0:35.532,295.9,Ryan CULLEN,,LMP2,,Vector Sport,Oreca,GF,28.883,31.354,35.532,
10,1,16,1:36.063,0,,29.247,0,31.298,0,35.518,0,174.4,28:21.464,12:18:21.464,0:29.247,0:31.298,0:35.518,293.5,Ryan CULLEN,,LMP2,,Vector Sport,Oreca,GF,29.247,31.298,35.518,
10,1,17,1:35.188,0,,29.390,0,30.852,0,34.946,0,176.0,29:56.652,12:19:56.652,0:29.390,0:30.852,0:34.946,291.9,Ryan CULLEN,,LMP2,,Vector Sport,Oreca,GF,29.390,30.852,34.946,
10,1,18,1:42.466,0,B,29.632,0,30.792,0,42.042,0,163.5,31:39.118,12:21:39.118,0:29.632,0:30.792,0:42.042,296.7,Ryan CULLEN,,LMP2,,Vector Sport,Oreca,GF,29.632,30.792,42.042,
10,1,19,4:06.496,0,,2:59.825,0,31.306,0,35.365,0,68.0,35:45.614,12:25:45.614,2:59.825,0:31.306,0:35.365,,Ryan CULLEN,0:02:34.032,LMP2,,Vector Sport,Oreca,GF,179.825,31.306,35.365,
10,1,20,1:35.028,0,,28.888,0,30.997,0,35.143,0,176.3,37:20.642,12:27:20.642,0:28.888,0:30.997,0:35.143,292.7,Ryan CULLEN,,LMP2,,Vector Sport,Oreca,GF,28.888,30.997,35.143,
10,1,21,1:40.895,0,B,28.805,1,31.155,0,40.935,0,166.0,39:01.537,12:29:01.537,0:28.805,0:31.155,0:40.935,291.9,Ryan CULLEN,,LMP2,,Vector Sport,Oreca,GF,28.805,31.155,40.935,
10,1,22,2:58.793,0,,1:51.357,0,31.795,0,35.641,0,93.7,42:00.330,12:32:00.330,1:51.357,0:31.795,0:35.641,,Ryan CULLEN,0:01:26.303,LMP2,,Vector Sport,Oreca,GF,111.357,31.795,35.641,
10,1,23,1:37.089,0,,29.571,0,31.211,0,36.307,0,172.5,43:37.419,12:33:37.419,0:29.571,0:31.211,0:36.307,289.5,Ryan CULLEN,,LMP2,,Vector Sport,Oreca,GF,29.571,31.211,36.307,
10,1,24,1:36.904,0,,29.773,0,31.663,0,35.468,0,172.9,45:14.323,12:35:14.323,0:29.773,0:31.663,0:35.468,291.1,Ryan CULLEN,,LMP2,,Vector Sport,Oreca,GF,29.773,31.663,35.468,
10,1,25,1:35.713,0,,29.495,0,31.155,0,35.063,0,175.0,46:50.036,12:36:50.036,0:29.495,0:31.155,0:35.063,291.1,Ryan CULLEN,,LMP2,,Vector Sport,Oreca,GF,29.495,31.155,35.063,
10,1,26,1:41.937,0,B,29.106,0,31.146,0,41.685,0,164.3,48:31.973,12:38:31.973,0:29.106,0:31.146,0:41.685,291.1,Ryan CULLEN,,LMP2,,Vector Sport,Oreca,GF,29.106,31.146,41.685,
10,2,27,3:05.802,0,,1:57.396,0,32.393,0,36.013,0,90.2,51:37.775,12:41:37.775,1:57.396,0:32.393,0:36.013,,Stéphane RICHELMI,0:01:30.404,LMP2,,Vector Sport,Oreca,GF,117.396,32.393,36.013,
10,2,28,1:36.175,0,,29.454,0,31.524,0,35.197,0,174.2,53:13.950,12:43:13.950,0:29.454,0:31.524,0:35.197,290.3,Stéphane RICHELMI,,LMP2,,Vector Sport,Oreca,GF,29.454,31.524,35.197,
10,2,29,1:38.356,0,,29.645,0,31.164,0,37.547,0,170.3,54:52.306,12:44:52.306,0:29.645,0:31.164,0:37.547,291.1,Stéphane RICHELMI,,LMP2,,Vector Sport,Oreca,GF,29.645,31.164,37.547,
10,2,30,1:37.422,0,,29.331,0,32.292,0,35.799,0,171.9,56:29.728,12:46:29.728,0:29.331,0:32.292,0:35.799,292.7,Stéphane RICHELMI,,LMP2,,Vector Sport,Oreca,GF,29.331,32.292,35.799,
10,2,31,1:35.825,0,,29.428,0,31.466,0,34.931,0,174.8,58:05.553,12:48:05.553,0:29.428,0:31.466,0:34.931,288.8,Stéphane RICHELMI,,LMP2,,Vector Sport,Oreca,GF,29.428,31.466,34.931,
10,2,32,1:36.086,0,,28.936,0,31.824,0,35.326,0,174.3,59:41.639,12:49:41.639,0:28.936,0:31.824,0:35.326,292.7,Stéphane RICHELMI,,LMP2,,Vector Sport,Oreca,GF,28.936,31.824,35.326,
10,2,33,1:34.816,0,,28.910,1,31.156,1,34.750,1,176.7,1:01:16.455,12:51:16.455,0:28.910,0:31.156,0:34.750,291.9,Stéphane RICHELMI,,LMP2,,Vector Sport,Oreca,GF,28.910,31.156,34.750,
10,2,34,1:35.327,0,,29.046,0,31.367,0,34.914,0,175.7,1:02:51.782,12:52:51.782,0:29.046,0:31.367,0:34.914,293.5,Stéphane RICHELMI,,LMP2,,Vector Sport,Oreca,GF,29.046,31.367,34.914,
10,2,35,1:35.349,0,,28.828,0,31.274,0,35.247,0,175.7,1:04:27.131,12:54:27.131,0:28.828,0:31.274,0:35.247,294.3,Stéphane RICHELMI,,LMP2,,Vector Sport,Oreca,GF,28.828,31.274,35.247,
10,2,36,1:36.048,0,,29.134,0,31.518,0,35.396,0,174.4,1:06:03.179,12:56:03.179,0:29.134,0:31.518,0:35.396,292.7,Stéphane RICHELMI,,LMP2,,Vector Sport,Oreca,GF,29.134,31.518,35.396,
10,2,37,1:35.545,0,,29.154,0,31.264,0,35.127,0,175.3,1:07:38.724,12:57:38.724,0:29.154,0:31.264,0:35.127,292.7,Stéphane RICHELMI,,LMP2,,Vector Sport,Oreca,GF,29.154,31.264,35.127,
10,2,38,1:44.639,0,B,29.269,0,31.370,0,44.000,0,160.1,1:09:23.363,12:59:23.363,0:29.269,0:31.370,0:44.000,291.1,Stéphane RICHELMI,,LMP2,,Vector Sport,Oreca,GF,29.269,31.370,44.000,
10,2,39,9:14.486,0,,8:05.947,0,32.645,0,35.894,0,30.2,1:18:37.849,13:08:37.849,8:05.947,0:32.645,0:35.894,,Stéphane RICHELMI,0:07:36.537,LMP2,,Vector Sport,Oreca,GF,485.947,32.645,35.894,
10,2,40,1:36.741,0,,28.978,0,32.055,0,35.708,0,173.2,1:20:14.590,13:10:14.590,0:28.978,0:32.055,0:35.708,289.5,Stéphane RICHELMI,,LMP2,,Vector Sport,Oreca,GF,28.978,32.055,35.708,
10,2,41,1:43.104,0,B,29.204,0,32.345,0,41.555,0,162.5,1:21:57.694,13:11:57.694,0:29.204,0:32.345,0:41.555,291.9,Stéphane RICHELMI,,LMP2,,Vector Sport,Oreca,GF,29.204,32.345,41.555,
10,3,42,2:41.353,0,,1:33.673,0,31.636,0,36.044,0,103.8,1:24:39.047,13:14:39.047,1:33.673,0:31.636,0:36.044,,Felipe DRUGOVICH,0:01:06.361,LMP2,,Vector Sport,Oreca,GF,93.673,31.636,36.044,
10,3,43,1:35.597,0,,29.696,0,31.016,0,34.885,0,175.2,1:26:14.644,13:16:14.644,0:29.696,0:31.016,0:34.885,284.2,Felipe DRUGOVICH,,LMP2,,Vector Sport,Oreca,GF,29.696,31.016,34.885,
10,3,44,1:34.754,0,,29.055,0,30.901,0,34.798,0,176.8,1:27:49.398,13:17:49.398,0:29.055,0:30.901,0:34.798,289.5,Felipe DRUGOVICH,,LMP2,,Vector Sport,Oreca,GF,29.055,30.901,34.798,
10,3,45,1:34.474,0,,28.956,0,30.988,0,34.530,0,177.3,1:29:23.872,13:19:23.872,0:28.956,0:30.988,0:34.530,290.3,Felipe DRUGOVICH,,LMP2,,Vector Sport,Oreca,GF,28.956,30.988,34.530,
10,3,46,1:34.316,0,,28.724,0,30.909,0,34.683,0,177.6,1:30:58.188,13:20:58.188,0:28.724,0:30.909,0:34.683,295.1,Felipe DRUGOVICH,,LMP2,,Vector Sport,Oreca,FF,28.724,30.909,34.683,
11,2,1,3:08.734,0,,1:29.056,0,58.332,0,41.346,0,83.6,3:08.734,11:53:08.734,1:29.056,0:58.332,0:41.346,,Adam ALI,0:00:52.878,LMP3,,Eurointernational,Ligier,GF,89.056,58.332,41.346,
11,2,2,1:53.445,0,B,33.286,0,34.716,0,45.443,0,147.7,5:02.179,11:55:02.179,0:33.286,0:34.716,0:45.443,251.7,Adam ALI,,LMP3,,Eurointernational,Ligier,GF,33.286,34.716,45.443,
11,2,3,7:31.700,0,,6:20.348,0,33.784,0,37.568,0,37.1,12:33.879,12:02:33.879,6:20.348,0:33.784,0:37.568,,Adam ALI,0:05:51.905,LMP3,,Eurointernational,Ligier,GF,380.348,33.784,37.568,
11,2,4,1:43.832,0,,31.554,0,32.954,0,39.324,0,161.3,14:17.711,12:04:17.711,0:31.554,0:32.954,0:39.324,262.1,Adam ALI,,LMP3,,Eurointernational,Ligier,GF,31.554,32.954,39.324,
11,2,5,1:43.500,0,,31.705,0,33.171,0,38.624,0,161.8,16:01.211,12:06:01.211,0:31.705,0:33.171,0:38.624,255.9,Adam ALI,,LMP3,,Eurointernational,Ligier,GF,31.705,33.171,38.624,
11,2,6,1:41.249,0,,31.316,0,32.592,0,37.341,0,165.4,17:42.460,12:07:42.460,0:31.316,0:32.592,0:37.341,257.1,Adam ALI,,LMP3,,Eurointernational,Ligier,GF,31.316,32.592,37.341,
11,2,7,1:41.468,0,,31.230,0,32.587,0,37.651,0,165.1,19:23.928,12:09:23.928,0:31.230,0:32.587,0:37.651,260.2,Adam ALI,,LMP3,,Eurointernational,Ligier,GF,31.230,32.587,37.651,
11,2,8,1:40.673,0,,31.095,0,32.440,0,37.138,0,166.4,21:04.601,12:11:04.601,0:31.095,0:32.440,0:37.138,261.5,Adam ALI,,LMP3,,Eurointernational,Ligier,GF,31.095,32.440,37.138,
11,2,9,1:43.378,0,,32.632,0,33.256,0,37.490,0,162.0,22:47.979,12:12:47.979,0:32.632,0:33.256,0:37.490,260.9,Adam ALI,,LMP3,,Eurointernational,Ligier,GF,32.632,33.256,37.490,
11,2,10,1:40.345,2,,31.129,0,32.305,2,36.911,2,166.9,24:28.324,12:14:28.324,0:31.129,0:32.305,0:36.911,260.9,Adam ALI,,LMP3,,Eurointernational,Ligier,GF,31.129,32.305,36.911,
11,2,11,1:40.896,0,,31.018,2,32.735,0,37.143,0,166.0,26:09.220,12:16:09.220,0:31.018,0:32.735,0:37.143,264.1,Adam ALI,,LMP3,,Eurointernational,Ligier,GF,31.018,32.735,37.143,
11,2,12,1:40.928,0,,31.028,0,32.390,0,37.510,0,166.0,27:50.148,12:17:50.148,0:31.028,0:32.390,0:37.510,261.5,Adam ALI,,LMP3,,Eurointernational,Ligier,GF,31.028,32.390,37.510,
11,2,13,1:47.041,0,B,31.065,0,32.533,0,43.443,0,156.5,29:37.189,12:19:37.189,0:31.065,0:32.533,0:43.443,261.5,Adam ALI,,LMP3,,Eurointernational,Ligier,GF,31.065,32.533,43.443,
11,1,14,3:42.945,0,,2:30.441,0,34.193,0,38.311,0,75.1,33:20.134,12:23:20.134,2:30.441,0:34.193,0:38.311,,Matthew Richard BELL,0:02:01.276,LMP3,,Eurointernational,Ligier,GF,150.441,34.193,38.311,
11,1,15,1:43.085,0,,32.077,0,33.398,0,37.610,0,162.5,35:03.219,12:25:03.219,0:32.077,0:33.398,0:37.610,260.9,Matthew Richard BELL,,LMP3,,Eurointernational,Ligier,GF,32.077,33.398,37.610,
11,1,16,1:42.631,0,,31.736,0,33.345,0,37.550,0,163.2,36:45.850,12:26:45.850,0:31.736,0:33.345,0:37.550,264.1,Matthew Richard BELL,,LMP3,,Eurointernational,Ligier,GF,31.736,33.345,37.550,
11,1,17,1:44.431,0,,32.554,0,33.732,0,38.145,0,160.4,38:30.281,12:28:30.281,0:32.554,0:33.732,0:38.145,266.7,Matthew Richard BELL,,LMP3,,Eurointernational,Ligier,GF,32.554,33.732,38.145,
11,1,18,1:43.655,0,,31.985,0,33.876,0,37.794,0,161.6,40:13.936,12:30:13.936,0:31.985,0:33.876,0:37.794,260.2,Matthew Richard BELL,,LMP3,,Eurointernational,Ligier,GF,31.985,33.876,37.794,
11,1,19,1:45.802,0,,33.708,0,33.715,0,38.379,0,158.3,41:59.738,12:31:59.738,0:33.708,0:33.715,0:38.379,262.8,Matthew Richard BELL,,LMP3,,Eurointernational,Ligier,GF,33.708,33.715,38.379,
11,1,20,1:43.236,0,,32.218,0,33.478,0,37.540,0,162.3,43:42.974,12:33:42.974,0:32.218,0:33.478,0:37.540,261.5,Matthew Richard BELL,,LMP3,,Eurointernational,Ligier,GF,32.218,33.478,37.540,
11,1,21,1:42.448,0,,31.549,0,33.072,0,37.827,0,163.5,45:25.422,12:35:25.422,0:31.549,0:33.072,0:37.827,261.5,Matthew Richard BELL,,LMP3,,Eurointernational,Ligier,GF,31.549,33.072,37.827,
11,1,22,1:44.075,0,,31.513,0,34.578,0,37.984,0,160.9,47:09.497,12:37:09.497,0:31.513,0:34.578,0:37.984,259.0,Matthew Richard BELL,,LMP3,,Eurointernational,Ligier,GF,31.513,34.578,37.984,
11,1,23,1:42.616,0,,31.995,0,33.073,0,37.548,0,163.2,48:52.113,12:38:52.113,0:31.995,0:33.073,0:37.548,264.1,Matthew Richard BELL,,LMP3,,Eurointernational,Ligier,GF,31.995,33.073,37.548,
11,1,24,1:41.748,0,,31.345,1,32.994,1,37.409,1,164.6,50:33.861,12:40:33.861,0:31.345,0:32.994,0:37.409,263.4,Matthew Richard BELL,,LMP3,,Eurointernational,Ligier,GF,31.345,32.994,37.409,
11,1,25,1:49.262,0,B,31.499,0,33.309,0,44.454,0,153.3,52:23.123,12:42:23.123,0:31.499,0:33.309,0:44.454,262.8,Matthew Richard BELL,,LMP3,,Eurointernational,Ligier,GF,31.499,33.309,44.454,
11,2,26,12:57.335,0,,11:44.874,0,33.890,0,38.571,0,21.5,1:05:20.458,12:55:20.458,11:44.874,0:33.890,0:38.571,,Adam ALI,0:11:15.100,LMP3,,Eurointernational,Ligier,GF,704.874,33.890,38.571,
11,2,27,1:42.651,0,,31.700,0,33.462,0,37.489,0,163.2,1:07:03.109,12:57:03.109,0:31.700,0:33.462,0:37.489,255.9,Adam ALI,,LMP3,,Eurointernational,Ligier,GF,31.700,33.462,37.489,
11,2,28,1:43.013,0,,31.350,0,33.628,0,38.035,0,162.6,1:08:46.122,12:58:46.122,0:31.350,0:33.628,0:38.035,259.6,Adam ALI,,LMP3,,Eurointernational,Ligier,GF,31.350,33.628,38.035,
11,2,29,2:09.538,0,,31.377,0,32.970,0,1:05.191,0,129.3,1:10:55.660,13:00:55.660,0:31.377,0:32.970,1:05.191,262.1,Adam ALI,,LMP3,,Eurointernational,Ligier,FCY,31.377,32.970,65.191,
11,2,30,3:26.840,0,,1:11.105,0,1:02.029,0,1:13.706,0,81.0,1:14:22.500,13:04:22.500,1:11.105,1:02.029,1:13.706,79.5,Adam ALI,,LMP3,,Eurointernational,Ligier,FCY,71.105,62.029,73.706,
11,2,31,2:08.100,0,,57.189,0,33.496,0,37.415,0,130.8,1:16:30.600,13:06:30.600,0:57.189,0:33.496,0:37.415,79.4,Adam ALI,,LMP3,,Eurointernational,Ligier,GF,57.189,33.496,37.415,
11,2,32,1:42.038,0,,31.591,0,33.252,0,37.195,0,164.2,1:18:12.638,13:08:12.638,0:31.591,0:33.252,0:37.195,255.3,Adam ALI,,LMP3,,Eurointernational,Ligier,GF,31.591,33.252,37.195,
11,2,33,1:41.751,0,,31.279,0,32.873,0,37.599,0,164.6,1:19:54.389,13:09:54.389,0:31.279,0:32.873,0:37.599,257.8,Adam ALI,,LMP3,,Eurointernational,Ligier,GF,31.279,32.873,37.599,
11,2,34,1:42.163,0,,31.541,0,32.971,0,37.651,0,164.0,1:21:36.552,13:11:36.552,0:31.541,0:32.971,0:37.651,259.6,Adam ALI,,LMP3,,Eurointernational,Ligier,GF,31.541,32.971,37.651,
11,2,35,1:41.743,0,,31.271,0,33.060,0,37.412,0,164.6,1:23:18.295,13:13:18.295,0:31.271,0:33.060,0:37.412,259.6,Adam ALI,,LMP3,,Eurointernational,Ligier,GF,31.271,33.060,37.412,
11,2,36,1:41.658,0,,31.292,0,32.809,0,37.557,0,164.8,1:24:59.953,13:14:59.953,0:31.292,0:32.809,0:37.557,258.4,Adam ALI,,LMP3,,Eurointernational,Ligier,GF,31.292,32.809,37.557,
11,2,37,1:42.078,0,,31.262,0,33.254,0,37.562,0,164.1,1:26:42.031,13:16:42.031,0:31.262,0:33.254,0:37.562,259.0,Adam ALI,,LMP3,,Eurointernational,Ligier,GF,31.262,33.254,37.562,
11,2,38,1:42.414,0,,31.778,0,32.893,0,37.743,0,163.6,1:28:24.445,13:18:24.445,0:31.778,0:32.893,0:37.743,264.1,Adam ALI,,LMP3,,Eurointernational,Ligier,GF,31.778,32.893,37.743,
11,2,39,1:42.317,0,,31.221,0,33.109,0,37.987,0,163.7,1:30:06.762,13:20:06.762,0:31.221,0:33.109,0:37.987,263.4,Adam ALI,,LMP3,,Eurointernational,Ligier,FF,31.221,33.109,37.987,
12,3,1,4:24.017,0,,3:08.440,0,37.083,0,38.494,0,59.8,4:24.017,11:54:24.017,3:08.440,0:37.083,0:38.494,,Oscar TUNJO,0:02:31.214,LMP3,,WTM by Rinaldi Racing,Duqueine,GF,188.440,37.083,38.494,
12,3,2,1:41.713,0,,32.098,0,32.677,0,36.938,0,164.7,6:05.730,11:56:05.730,0:32.098,0:32.677,0:36.938,260.9,Oscar TUNJO,,LMP3,,WTM by Rinaldi Racing,Duqueine,GF,32.098,32.677,36.938,
12,3,3,1:40.932,0,,30.671,0,32.847,0,37.414,0,166.0,7:46.662,11:57:46.662,0:30.671,0:32.847,0:37.414,264.7,Oscar TUNJO,,LMP3,,WTM by Rinaldi Racing,Duqueine,GF,30.671,32.847,37.414,
12,3,4,1:39.172,0,,30.610,0,31.847,2,36.715,0,168.9,9:25.834,11:59:25.834,0:30.610,0:31.847,0:36.715,264.7,Oscar TUNJO,,LMP3,,WTM by Rinaldi Racing,Duqueine,GF,30.610,31.847,36.715,
12,3,5,1:39.031,2,,30.570,2,31.958,0,36.503,2,169.1,11:04.865,12:01:04.865,0:30.570,0:31.958,0:36.503,267.3,Oscar TUNJO,,LMP3,,WTM by Rinaldi Racing,Duqueine,GF,30.570,31.958,36.503,
12,3,6,1:39.644,0,,30.655,0,32.024,0,36.965,0,168.1,12:44.509,12:02:44.509,0:30.655,0:32.024,0:36.965,267.3,Oscar TUNJO,,LMP3,,WTM by Rinaldi Racing,Duqueine,GF,30.655,32.024,36.965,
12,3,7,1:46.979,0,B,30.674,0,32.321,0,43.984,0,156.6,14:31.488,12:04:31.488,0:30.674,0:32.321,0:43.984,266.0,Oscar TUNJO,,LMP3,,WTM by Rinaldi Racing,Duqueine,GF,30.674,32.321,43.984,
12,2,8,10:06.389,0,,8:55.638,0,33.569,0,37.182,0,27.6,24:37.877,12:14:37.877,8:55.638,0:33.569,0:37.182,,Leonard WEISS,0:08:28.760,LMP3,,WTM by Rinaldi Racing,Duqueine,GF,535.638,33.569,37.182,
12,2,9,1:41.522,0,,31.345,0,32.950,0,37.227,0,165.0,26:19.399,12:16:19.399,0:31.345,0:32.950,0:37.227,264.7,Leonard WEISS,,LMP3,,WTM by Rinaldi Racing,Duqueine,GF,31.345,32.950,37.227,
12,2,10,1:42.740,0,,31.414,0,33.146,0,38.180,0,163.0,28:02.139,12:18:02.139,0:31.414,0:33.146,0:38.180,265.4,Leonard WEISS,,LMP3,,WTM by Rinaldi Racing,Duqueine,GF,31.414,33.146,38.180,
12,2,11,1:42.088,0,,31.596,0,32.926,0,37.566,0,164.1,29:44.227,12:19:44.227,0:31.596,0:32.926,0:37.566,263.4,Leonard WEISS,,LMP3,,WTM by Rinaldi Racing,Duqueine,GF,31.596,32.926,37.566,
12,2,12,1:41.156,0,,31.202,0,32.814,0,37.140,1,165.6,31:25.383,12:21:25.383,0:31.202,0:32.814,0:37.140,266.0,Leonard WEISS,,LMP3,,WTM by Rinaldi Racing,Duqueine,GF,31.202,32.814,37.140,
12,2,13,1:41.388,0,,31.388,0,32.841,0,37.159,0,165.2,33:06.771,12:23:06.771,0:31.388,0:32.841,0:37.159,265.4,Leonard WEISS,,LMP3,,WTM by Rinaldi Racing,Duqueine,GF,31.388,32.841,37.159,
12,2,14,1:42.667,0,,31.273,0,32.683,1,38.711,0,163.2,34:49.438,12:24:49.438,0:31.273,0:32.683,0:38.711,266.0,Leonard WEISS,,LMP3,,WTM by Rinaldi Racing,Duqueine,GF,31.273,32.683,38.711,
12,2,15,1:42.040,0,,31.182,1,33.271,0,37.587,0,164.2,36:31.478,12:26:31.478,0:31.182,0:33.271,0:37.587,267.3,Leonard WEISS,,LMP3,,WTM by Rinaldi Racing,Duqueine,GF,31.182,33.271,37.587,
12,2,16,1:42.532,0,,31.423,0,32.875,0,38.234,0,163.4,38:14.010,12:28:14.010,0:31.423,0:32.875,0:38.234,266.7,Leonard WEISS,,LMP3,,WTM by Rinaldi Racing,Duqueine,GF,31.423,32.875,38.234,
12,2,17,1:44.740,0,,31.453,0,33.521,0,39.766,0,159.9,39:58.750,12:29:58.750,0:31.453,0:33.521,0:39.766,264.7,Leonard WEISS,,LMP3,,WTM by Rinaldi Racing,Duqueine,GF,31.453,33.521,39.766,
12,2,18,1:42.797,0,,31.517,0,32.796,0,38.484,0,163.0,41:41.547,12:31:41.547,0:31.517,0:32.796,0:38.484,263.4,Leonard WEISS,,LMP3,,WTM by Rinaldi Racing,Duqueine,GF,31.517,32.796,38.484,
12,2,19,1:47.689,0,B,31.275,0,32.916,0,43.498,0,155.5,43:29.236,12:33:29.236,0:31.275,0:32.916,0:43.498,262.8,Leonard WEISS,,LMP3,,WTM by Rinaldi Racing,Duqueine,GF,31.275,32.916,43.498,
12,1,20,3:39.337,0,,2:26.394,0,33.989,0,38.954,0,76.4,47:08.573,12:37:08.573,2:26.394,0:33.989,0:38.954,,Torsten KRATZ,0:01:58.280,LMP3,,WTM by Rinaldi Racing,Duqueine,GF,146.394,33.989,38.954,
12,1,21,1:42.532,0,,31.891,0,33.092,0,37.549,0,163.4,48:51.105,12:38:51.105,0:31.891,0:33.092,0:37.549,264.1,Torsten KRATZ,,LMP3,,WTM by Rinaldi Racing,Duqueine,GF,31.891,33.092,37.549,
12,1,22,1:41.990,0,,31.493,0,33.162,0,37.335,0,164.2,50:33.095,12:40:33.095,0:31.493,0:33.162,0:37.335,266.0,Torsten KRATZ,,LMP3,,WTM by Rinaldi Racing,Duqueine,GF,31.493,33.162,37.335,
12,1,23,1:42.264,0,,31.662,0,33.208,0,37.394,0,163.8,52:15.359,12:42:15.359,0:31.662,0:33.208,0:37.394,267.3,Torsten KRATZ,,LMP3,,WTM by Rinaldi Racing,Duqueine,GF,31.662,33.208,37.394,
12,1,24,1:42.654,0,,31.877,0,33.227,0,37.550,0,163.2,53:58.013,12:43:58.013,0:31.877,0:33.227,0:37.550,266.7,Torsten KRATZ,,LMP3,,WTM by Rinaldi Racing,Duqueine,GF,31.877,33.227,37.550,
12,1,25,1:43.845,0,,32.280,0,33.504,0,38.061,0,161.3,55:41.858,12:45:41.858,0:32.280,0:33.504,0:38.061,268.0,Torsten KRATZ,,LMP3,,WTM by Rinaldi Racing,Duqueine,GF,32.280,33.504,38.061,
12,1,26,1:43.892,0,,32.425,0,33.925,0,37.542,0,161.2,57:25.750,12:47:25.750,0:32.425,0:33.925,0:37.542,266.7,Torsten KRATZ,,LMP3,,WTM by Rinaldi Racing,Duqueine,GF,32.425,33.925,37.542,
12,1,27,1:41.874,0,,31.379,0,33.085,0,37.410,0,164.4,59:07.624,12:49:07.624,0:31.379,0:33.085,0:37.410,266.7,Torsten KRATZ,,LMP3,,WTM by Rinaldi Racing,Duqueine,GF,31.379,33.085,37.410,
12,1,28,1:42.197,0,,31.843,0,33.118,0,37.236,0,163.9,1:00:49.821,12:50:49.821,0:31.843,0:33.118,0:37.236,265.4,Torsten KRATZ,,LMP3,,WTM by Rinaldi Racing,Duqueine,GF,31.843,33.118,37.236,
12,1,29,1:41.347,0,,31.294,1,32.985,1,37.068,1,165.3,1:02:31.168,12:52:31.168,0:31.294,0:32.985,0:37.068,266.0,Torsten KRATZ,,LMP3,,WTM by Rinaldi Racing,Duqueine,GF,31.294,32.985,37.068,
12,1,30,1:49.571,0,B,31.537,0,33.985,0,44.049,0,152.9,1:04:20.739,12:54:20.739,0:31.537,0:33.985,0:44.049,266.0,Torsten KRATZ,,LMP3,,WTM by Rinaldi Racing,Duqueine,GF,31.537,33.985,44.049,
12,3,31,3:31.247,0,,2:18.722,0,33.771,0,38.754,0,79.3,1:07:51.986,12:57:51.986,2:18.722,0:33.771,0:38.754,,Oscar TUNJO,0:01:50.845,LMP3,,WTM by Rinaldi Racing,Duqueine,GF,138.722,33.771,38.754,
12,3,32,1:41.585,0,,30.988,0,33.178,0,37.419,0,164.9,1:09:33.571,12:59:33.571,0:30.988,0:33.178,0:37.419,264.7,Oscar TUNJO,,LMP3,,WTM by Rinaldi Racing,Duqueine,GF,30.988,33.178,37.419,
12,3,33,2:55.038,0,,37.423,0,1:02.994,0,1:14.621,0,95.7,1:12:28.609,13:02:28.609,0:37.423,1:02.994,1:14.621,264.1,Oscar TUNJO,,LMP3,,WTM by Rinaldi Racing,Duqueine,FCY,37.423,62.994,74.621,
12,3,34,3:01.092,0,,1:11.965,0,1:02.842,0,46.285,0,92.5,1:15:29.701,13:05:29.701,1:11.965,1:02.842,0:46.285,78.7,Oscar TUNJO,,LMP3,,WTM by Rinaldi Racing,Duqueine,GF,71.965,62.842,46.285,
12,3,35,1:42.165,0,,31.289,0,33.349,0,37.527,0,164.0,1:17:11.866,13:07:11.866,0:31.289,0:33.349,0:37.527,262.8,Oscar TUNJO,,LMP3,,WTM by Rinaldi Racing,Duqueine,GF,31.289,33.349,37.527,
12,3,36,1:43.749,0,,31.935,0,33.657,0,38.157,0,161.5,1:18:55.615,13:08:55.615,0:31.935,0:33.657,0:38.157,260.9,Oscar TUNJO,,LMP3,,WTM by Rinaldi Racing,Duqueine,GF,31.935,33.657,38.157,
12,3,37,1:41.370,0,,31.446,0,32.780,0,37.144,0,165.2,1:20:36.985,13:10:36.985,0:31.446,0:32.780,0:37.144,260.2,Oscar TUNJO,,LMP3,,WTM by Rinaldi Racing,Duqueine,GF,31.446,32.780,37.144,
12,3,38,1:40.396,0,,30.921,0,32.453,0,37.022,0,166.8,1:22:17.381,13:12:17.381,0:30.921,0:32.453,0:37.022,265.4,Oscar TUNJO,,LMP3,,WTM by Rinaldi Racing,Duqueine,GF,30.921,32.453,37.022,
12,3,39,1:40.247,0,,30.759,0,32.370,0,37.118,0,167.1,1:23:57.628,13:13:57.628,0:30.759,0:32.370,0:37.118,264.1,Oscar TUNJO,,LMP3,,WTM by Rinaldi Racing,Duqueine,GF,30.759,32.370,37.118,
12,3,40,1:40.239,0,,30.803,0,32.478,0,36.958,0,167.1,1:25:37.867,13:15:37.867,0:30.803,0:32.478,0:36.958,264.7,Oscar TUNJO,,LMP3,,WTM by Rinaldi Racing,Duqueine,GF,30.803,32.478,36.958,
12,3,41,1:41.152,0,,31.126,0,32.816,0,37.210,0,165.6,1:27:19.019,13:17:19.019,0:31.126,0:32.816,0:37.210,265.4,Oscar TUNJO,,LMP3,,WTM by Rinaldi Racing,Duqueine,GF,31.126,32.816,37.210,
12,3,42,1:47.913,0,B,31.345,0,33.099,0,43.469,0,155.2,1:29:06.932,13:19:06.932,0:31.345,0:33.099,0:43.469,266.7,Oscar TUNJO,,LMP3,,WTM by Rinaldi Racing,Duqueine,GF,31.345,33.099,43.469,
14,2,1,2:04.496,0,,49.789,0,37.278,0,37.429,0,126.8,2:04.496,11:52:04.496,0:49.789,0:37.278,0:37.429,,Louis DELÉTRAZ,0:00:15.389,LMP2,,AO by TF,Oreca,GF,49.789,37.278,37.429,
14,2,2,1:42.060,0,,31.979,0,32.976,0,37.105,0,164.1,3:46.556,11:53:46.556,0:31.979,0:32.976,0:37.105,281.2,Louis DELÉTRAZ,,LMP2,,AO by TF,Oreca,GF,31.979,32.976,37.105,
14,2,3,1:37.492,0,,28.646,0,30.727,0,38.119,0,171.8,5:24.048,11:55:24.048,0:28.646,0:30.727,0:38.119,291.9,Louis DELÉTRAZ,,LMP2,,AO by TF,Oreca,GF,28.646,30.727,38.119,
14,2,4,1:32.814,0,,28.410,0,30.412,0,33.992,2,180.5,6:56.862,11:56:56.862,0:28.410,0:30.412,0:33.992,292.7,Louis DELÉTRAZ,,LMP2,,AO by TF,Oreca,GF,28.410,30.412,33.992,
14,2,5,1:34.809,0,,28.558,0,30.057,2,36.194,0,176.7,8:31.671,11:58:31.671,0:28.558,0:30.057,0:36.194,295.1,Louis DELÉTRAZ,,LMP2,,AO by TF,Oreca,GF,28.558,30.057,36.194,
14,2,6,1:39.807,0,B,28.353,2,30.274,0,41.180,0,167.8,10:11.478,12:00:11.478,0:28.353,0:30.274,0:41.180,296.7,Louis DELÉTRAZ,,LMP2,,AO by TF,Oreca,GF,28.353,30.274,41.180,
14,3,7,6:53.743,0,,5:47.508,0,31.233,0,35.002,0,40.5,17:05.221,12:07:05.221,5:47.508,0:31.233,0:35.002,,Robert KUBICA,0:05:22.748,LMP2,,AO by TF,Oreca,GF,347.508,31.233,35.002,
14,3,8,1:34.622,0,,29.251,0,30.786,0,34.585,0,177.0,18:39.843,12:08:39.843,0:29.251,0:30.786,0:34.585,288.0,Robert KUBICA,,LMP2,,AO by TF,Oreca,GF,29.251,30.786,34.585,
14,3,9,2:14.946,0,B,28.889,0,38.827,0,1:07.230,0,124.1,20:54.789,12:10:54.789,0:28.889,0:38.827,1:07.230,291.1,Robert KUBICA,,LMP2,,AO by TF,Oreca,GF,28.889,38.827,67.230,
14,3,10,7:18.982,0,,6:09.712,0,33.305,0,35.965,0,38.2,28:13.771,12:18:13.771,6:09.712,0:33.305,0:35.965,,Robert KUBICA,0:05:39.861,LMP2,,AO by TF,Oreca,GF,369.712,33.305,35.965,
14,3,11,1:37.386,0,,29.898,0,31.895,0,35.593,0,172.0,29:51.157,12:19:51.157,0:29.898,0:31.895,0:35.593,284.2,Robert KUBICA,,LMP2,,AO by TF,Oreca,GF,29.898,31.895,35.593,
14,3,12,1:34.593,0,,29.244,0,30.741,0,34.608,0,177.1,31:25.750,12:21:25.750,0:29.244,0:30.741,0:34.608,291.1,Robert KUBICA,,LMP2,,AO by TF,Oreca,GF,29.244,30.741,34.608,
14,3,13,1:34.607,0,,28.700,0,31.157,0,34.750,0,177.1,33:00.357,12:23:00.357,0:28.700,0:31.157,0:34.750,291.9,Robert KUBICA,,LMP2,,AO by TF,Oreca,GF,28.700,31.157,34.750,
14,3,14,1:36.242,0,,28.636,1,31.577,0,36.029,0,174.0,34:36.599,12:24:36.599,0:28.636,0:31.577,0:36.029,291.9,Robert KUBICA,,LMP2,,AO by TF,Oreca,GF,28.636,31.577,36.029,
14,3,15,1:36.314,0,,29.477,0,31.770,0,35.067,0,173.9,36:12.913,12:26:12.913,0:29.477,0:31.770,0:35.067,291.1,Robert KUBICA,,LMP2,,AO by TF,Oreca,GF,29.477,31.770,35.067,
14,3,16,1:41.569,0,B,28.819,0,31.565,0,41.185,0,164.9,37:54.482,12:27:54.482,0:28.819,0:31.565,0:41.185,290.3,Robert KUBICA,,LMP2,,AO by TF,Oreca,GF,28.819,31.565,41.185,
14,3,17,3:44.558,0,,2:34.638,0,31.894,0,38.026,0,74.6,41:39.040,12:31:39.040,2:34.638,0:31.894,0:38.026,,Robert KUBICA,0:02:09.337,LMP2,,AO by TF,Oreca,GF,154.638,31.894,38.026,
14,3,18,1:34.796,0,,29.086,0,30.978,0,34.732,0,176.7,43:13.836,12:33:13.836,0:29.086,0:30.978,0:34.732,286.5,Robert KUBICA,,LMP2,,AO by TF,Oreca,GF,29.086,30.978,34.732,
14,3,19,1:35.103,0,,29.367,0,31.170,0,34.566,0,176.1,44:48.939,12:34:48.939,0:29.367,0:31.170,0:34.566,290.3,Robert KUBICA,,LMP2,,AO by TF,Oreca,GF,29.367,31.170,34.566,
14,3,20,1:33.886,2,,28.730,0,30.730,0,34.426,1,178.4,46:22.825,12:36:22.825,0:28.730,0:30.730,0:34.426,293.5,Robert KUBICA,,LMP2,,AO by TF,Oreca,GF,28.730,30.730,34.426,
14,3,21,1:34.219,0,,28.905,0,30.693,1,34.621,0,177.8,47:57.044,12:37:57.044,0:28.905,0:30.693,0:34.621,291.9,Robert KUBICA,,LMP2,,AO by TF,Oreca,GF,28.905,30.693,34.621,
14,3,22,1:34.695,0,,28.878,0,30.874,0,34.943,0,176.9,49:31.739,12:39:31.739,0:28.878,0:30.874,0:34.943,294.3,Robert KUBICA,,LMP2,,AO by TF,Oreca,GF,28.878,30.874,34.943,
14,3,23,1:41.863,0,B,28.905,0,32.069,0,40.889,0,164.4,51:13.602,12:41:13.602,0:28.905,0:32.069,0:40.889,293.5,Robert KUBICA,,LMP2,,AO by TF,Oreca,GF,28.905,32.069,40.889,
14,1,24,3:44.880,0,,2:38.397,0,31.316,0,35.167,0,74.5,54:58.482,12:44:58.482,2:38.397,0:31.316,0:35.167,,Jonny EDGAR,0:02:13.351,LMP2,,AO by TF,Oreca,GF,158.397,31.316,35.167,
14,1,25,1:35.663,0,,29.225,0,31.243,0,35.195,0,175.1,56:34.145,12:46:34.145,0:29.225,0:31.243,0:35.195,294.3,Jonny EDGAR,,LMP2,,AO by TF,Oreca,GF,29.225,31.243,35.195,
14,1,26,1:39.141,0,,29.232,0,32.569,0,37.340,0,169.0,58:13.286,12:48:13.286,0:29.232,0:32.569,0:37.340,292.7,Jonny EDGAR,,LMP2,,AO by TF,Oreca,GF,29.232,32.569,37.340,
14,1,27,1:34.658,0,,28.983,0,30.947,1,34.728,0,177.0,59:47.944,12:49:47.944,0:28.983,0:30.947,0:34.728,293.5,Jonny EDGAR,,LMP2,,AO by TF,Oreca,GF,28.983,30.947,34.728,
14,1,28,1:34.789,0,,28.874,1,31.254,0,34.661,1,176.7,1:01:22.733,12:51:22.733,0:28.874,0:31.254,0:34.661,292.7,Jonny EDGAR,,LMP2,,AO by TF,Oreca,GF,28.874,31.254,34.661,
14,1,29,2:01.450,0,B,33.757,0,37.110,0,50.583,0,137.9,1:03:24.183,12:53:24.183,0:33.757,0:37.110,0:50.583,291.9,Jonny EDGAR,,LMP2,,AO by TF,Oreca,GF,33.757,37.110,50.583,
15,2,1,3:03.186,0,,1:39.240,0,40.917,0,43.029,0,86.2,3:03.186,11:53:03.186,1:39.240,0:40.917,0:43.029,,Nick ADCOCK,0:01:00.373,LMP3,,RLR M Sport,Ligier,GF,99.240,40.917,43.029,
15,2,2,1:50.251,0,,34.697,0,35.751,0,39.803,0,151.9,4:53.437,11:54:53.437,0:34.697,0:35.751,0:39.803,252.9,Nick ADCOCK,,LMP3,,RLR M Sport,Ligier,GF,34.697,35.751,39.803,
15,2,3,1:44.303,0,,32.605,0,33.775,0,37.923,0,160.6,6:37.740,11:56:37.740,0:32.605,0:33.775,0:37.923,259.0,Nick ADCOCK,,LMP3,,RLR M Sport,Ligier,GF,32.605,33.775,37.923,
15,2,4,1:42.334,0,,31.673,0,33.099,1,37.562,0,163.7,8:20.074,11:58:20.074,0:31.673,0:33.099,0:37.562,260.9,Nick ADCOCK,,LMP3,,RLR M Sport,Ligier,GF,31.673,33.099,37.562,
15,2,5,1:42.899,0,,31.636,0,33.642,0,37.621,0,162.8,10:02.973,12:00:02.973,0:31.636,0:33.642,0:37.621,262.1,Nick ADCOCK,,LMP3,,RLR M Sport,Ligier,GF,31.636,33.642,37.621,
15,2,6,1:41.682,0,,31.344,0,33.238,0,37.100,1,164.7,11:44.655,12:01:44.655,0:31.344,0:33.238,0:37.100,264.7,Nick ADCOCK,,LMP3,,RLR M Sport,Ligier,GF,31.344,33.238,37.100,
15,2,7,1:50.225,0,B,31.134,1,33.506,0,45.585,0,152.0,13:34.880,12:03:34.880,0:31.134,0:33.506,0:45.585,265.4,Nick ADCOCK,,LMP3,,RLR M Sport,Ligier,GF,31.134,33.506,45.585,
15,3,8,3:29.555,0,,2:17.458,0,33.507,0,38.590,0,79.9,17:04.435,12:07:04.435,2:17.458,0:33.507,0:38.590,,Gael JULIEN,0:01:50.941,LMP3,,RLR M Sport,Ligier,GF,137.458,33.507,38.590,
15,3,9,1:40.651,0,,31.433,0,32.211,0,37.007,0,166.4,18:45.086,12:08:45.086,0:31.433,0:32.211,0:37.007,263.4,Gael JULIEN,,LMP3,,RLR M Sport,Ligier,GF,31.433,32.211,37.007,
15,3,10,1:39.843,0,,30.753,0,32.611,0,36.479,2,167.8,20:24.929,12:10:24.929,0:30.753,0:32.611,0:36.479,264.1,Gael JULIEN,,LMP3,,RLR M Sport,Ligier,GF,30.753,32.611,36.479,
15,3,11,1:40.813,0,,30.630,0,32.595,0,37.588,0,166.2,22:05.742,12:12:05.742,0:30.630,0:32.595,0:37.588,264.7,Gael JULIEN,,LMP3,,RLR M Sport,Ligier,GF,30.630,32.595,37.588,
15,3,12,1:40.650,0,,31.447,0,32.271,0,36.932,0,166.4,23:46.392,12:13:46.392,0:31.447,0:32.271,0:36.932,267.3,Gael JULIEN,,LMP3,,RLR M Sport,Ligier,GF,31.447,32.271,36.932,
15,3,13,1:39.177,2,,30.588,2,31.984,2,36.605,0,168.9,25:25.569,12:15:25.569,0:30.588,0:31.984,0:36.605,268.0,Gael JULIEN,,LMP3,,RLR M Sport,Ligier,GF,30.588,31.984,36.605,
15,3,14,1:50.010,0,B,32.758,0,33.321,0,43.931,0,152.3,27:15.579,12:17:15.579,0:32.758,0:33.321,0:43.931,270.7,Gael JULIEN,,LMP3,,RLR M Sport,Ligier,GF,32.758,33.321,43.931,
15,1,15,4:01.688,0,,2:47.221,0,35.279,0,39.188,0,69.3,31:17.267,12:21:17.267,2:47.221,0:35.279,0:39.188,,Michael JENSEN,0:02:18.874,LMP3,,RLR M Sport,Ligier,GF,167.221,35.279,39.188,
15,1,16,1:45.077,0,,32.262,0,34.187,0,38.628,0,159.4,33:02.344,12:23:02.344,0:32.262,0:34.187,0:38.628,260.2,Michael JENSEN,,LMP3,,RLR M Sport,Ligier,GF,32.262,34.187,38.628,
15,1,17,1:44.483,0,,32.252,0,33.969,0,38.262,0,160.3,34:46.827,12:24:46.827,0:32.252,0:33.969,0:38.262,264.1,Michael JENSEN,,LMP3,,RLR M Sport,Ligier,GF,32.252,33.969,38.262,
15,1,18,1:46.370,0,,32.661,0,34.030,0,39.679,0,157.5,36:33.197,12:26:33.197,0:32.661,0:34.030,0:39.679,264.7,Michael JENSEN,,LMP3,,RLR M Sport,Ligier,GF,32.661,34.030,39.679,
15,1,19,1:43.772,0,,31.950,0,33.640,0,38.182,0,161.4,38:16.969,12:28:16.969,0:31.950,0:33.640,0:38.182,260.2,Michael JENSEN,,LMP3,,RLR M Sport,Ligier,GF,31.950,33.640,38.182,
15,1,20,1:44.413,0,,31.886,0,33.942,0,38.585,0,160.4,40:01.382,12:30:01.382,0:31.886,0:33.942,0:38.585,264.7,Michael JENSEN,,LMP3,,RLR M Sport,Ligier,GF,31.886,33.942,38.585,
15,1,21,1:52.305,0,B,32.112,0,34.337,0,45.856,0,149.2,41:53.687,12:31:53.687,0:32.112,0:34.337,0:45.856,261.5,Michael JENSEN,,LMP3,,RLR M Sport,Ligier,GF,32.112,34.337,45.856,
15,1,22,2:08.896,0,,55.558,0,35.208,0,38.130,0,130.0,44:02.583,12:34:02.583,0:55.558,0:35.208,0:38.130,,Michael JENSEN,0:00:28.761,LMP3,,RLR M Sport,Ligier,GF,55.558,35.208,38.130,
15,1,23,1:44.497,0,,32.578,0,33.943,0,37.976,0,160.3,45:47.080,12:35:47.080,0:32.578,0:33.943,0:37.976,261.5,Michael JENSEN,,LMP3,,RLR M Sport,Ligier,GF,32.578,33.943,37.976,
15,1,24,1:43.139,0,,31.877,0,33.414,0,37.848,0,162.4,47:30.219,12:37:30.219,0:31.877,0:33.414,0:37.848,261.5,Michael JENSEN,,LMP3,,RLR M Sport,Ligier,GF,31.877,33.414,37.848,
15,1,25,1:43.241,0,,31.777,0,33.468,0,37.996,0,162.2,49:13.460,12:39:13.460,0:31.777,0:33.468,0:37.996,263.4,Michael JENSEN,,LMP3,,RLR M Sport,Ligier,GF,31.777,33.468,37.996,
15,1,26,1:43.462,0,,32.225,0,33.571,0,37.666,1,161.9,50:56.922,12:40:56.922,0:32.225,0:33.571,0:37.666,264.1,Michael JENSEN,,LMP3,,RLR M Sport,Ligier,GF,32.225,33.571,37.666,
15,1,27,1:43.209,0,,31.800,0,33.364,1,38.045,0,162.3,52:40.131,12:42:40.131,0:31.800,0:33.364,0:38.045,264.7,Michael JENSEN,,LMP3,,RLR M Sport,Ligier,GF,31.800,33.364,38.045,
15,1,28,1:44.680,0,,31.901,0,33.690,0,39.089,0,160.0,54:24.811,12:44:24.811,0:31.901,0:33.690,0:39.089,262.8,Michael JENSEN,,LMP3,,RLR M Sport,Ligier,GF,31.901,33.690,39.089,
15,1,29,1:49.618,0,B,31.551,1,33.653,0,44.414,0,152.8,56:14.429,12:46:14.429,0:31.551,0:33.653,0:44.414,264.1,Michael JENSEN,,LMP3,,RLR M Sport,Ligier,GF,31.551,33.653,44.414,
15,3,30,5:19.835,0,,4:07.498,0,33.518,0,38.819,0,52.4,1:01:34.264,12:51:34.264,4:07.498,0:33.518,0:38.819,,Gael JULIEN,0:03:41.114,LMP3,,RLR M Sport,Ligier,GF,247.498,33.518,38.819,
15,3,31,1:40.899,0,,31.372,0,32.574,0,36.953,0,166.0,1:03:15.163,12:53:15.163,0:31.372,0:32.574,0:36.953,259.6,Gael JULIEN,,LMP3,,RLR M Sport,Ligier,GF,31.372,32.574,36.953,
15,3,32,1:40.310,0,,30.985,0,32.499,0,36.826,0,167.0,1:04:55.473,12:54:55.473,0:30.985,0:32.499,0:36.826,265.4,Gael JULIEN,,LMP3,,RLR M Sport,Ligier,GF,30.985,32.499,36.826,
15,3,33,1:42.759,0,,32.248,0,33.035,0,37.476,0,163.0,1:06:38.232,12:56:38.232,0:32.248,0:33.035,0:37.476,264.7,Gael JULIEN,,LMP3,,RLR M Sport,Ligier,GF,32.248,33.035,37.476,
15,3,34,1:47.070,0,B,30.946,0,32.351,0,43.773,0,156.4,1:08:25.302,12:58:25.302,0:30.946,0:32.351,0:43.773,262.8,Gael JULIEN,,LMP3,,RLR M Sport,Ligier,GF,30.946,32.351,43.773,
15,2,35,6:59.140,0,,5:07.851,0,1:02.987,0,48.302,0,40.0,1:15:24.442,13:05:24.442,5:07.851,1:02.987,0:48.302,,Nick ADCOCK,0:04:17.881,LMP3,,RLR M Sport,Ligier,GF,307.851,62.987,48.302,
15,2,36,1:45.607,0,,32.083,0,33.692,0,39.832,0,158.6,1:17:10.049,13:07:10.049,0:32.083,0:33.692,0:39.832,257.1,Nick ADCOCK,,LMP3,,RLR M Sport,Ligier,GF,32.083,33.692,39.832,
15,2,37,1:45.530,0,,32.850,0,33.971,0,38.709,0,158.7,1:18:55.579,13:08:55.579,0:32.850,0:33.971,0:38.709,259.6,Nick ADCOCK,,LMP3,,RLR M Sport,Ligier,GF,32.850,33.971,38.709,
15,2,38,1:45.748,0,,32.433,0,34.748,0,38.567,0,158.4,1:20:41.327,13:10:41.327,0:32.433,0:34.748,0:38.567,260.2,Nick ADCOCK,,LMP3,,RLR M Sport,Ligier,GF,32.433,34.748,38.567,
15,2,39,1:43.301,0,,31.929,0,33.698,0,37.674,0,162.2,1:22:24.628,13:12:24.628,0:31.929,0:33.698,0:37.674,260.2,Nick ADCOCK,,LMP3,,RLR M Sport,Ligier,GF,31.929,33.698,37.674,
15,2,40,1:44.303,0,,32.502,0,33.754,0,38.047,0,160.6,1:24:08.931,13:14:08.931,0:32.502,0:33.754,0:38.047,261.5,Nick ADCOCK,,LMP3,,RLR M Sport,Ligier,GF,32.502,33.754,38.047,
15,2,41,1:43.052,0,,31.583,0,33.609,0,37.860,0,162.5,1:25:51.983,13:15:51.983,0:31.583,0:33.609,0:37.860,261.5,Nick ADCOCK,,LMP3,,RLR M Sport,Ligier,GF,31.583,33.609,37.860,
15,2,42,1:55.894,0,B,33.900,0,34.378,0,47.616,0,144.5,1:27:47.877,13:17:47.877,0:33.900,0:34.378,0:47.616,263.4,Nick ADCOCK,,LMP3,,RLR M Sport,Ligier,GF,33.900,34.378,47.616,
17,2,1,2:25.495,0,,1:10.731,0,36.179,0,38.585,0,108.5,2:25.495,11:52:25.495,1:10.731,0:36.179,0:38.585,,Manuel ESPIRITO SANTO,0:00:33.547,LMP3,,COOL Racing,Ligier,GF,70.731,36.179,38.585,
17,2,2,1:45.844,0,,32.975,0,34.748,0,38.121,0,158.3,4:11.339,11:54:11.339,0:32.975,0:34.748,0:38.121,242.2,Manuel ESPIRITO SANTO,,LMP3,,COOL Racing,Ligier,GF,32.975,34.748,38.121,
17,2,3,1:45.933,0,,32.090,0,34.343,0,39.500,0,158.1,5:57.272,11:55:57.272,0:32.090,0:34.343,0:39.500,264.7,Manuel ESPIRITO SANTO,,LMP3,,COOL Racing,Ligier,GF,32.090,34.343,39.500,
17,2,4,1:46.836,0,,31.780,0,37.269,0,37.787,0,156.8,7:44.108,11:57:44.108,0:31.780,0:37.269,0:37.787,266.7,Manuel ESPIRITO SANTO,,LMP3,,COOL Racing,Ligier,GF,31.780,37.269,37.787,
17,2,5,1:38.524,0,,30.618,0,31.915,2,35.991,0,170.0,9:22.632,11:59:22.632,0:30.618,0:31.915,0:35.991,264.7,Manuel ESPIRITO SANTO,,LMP3,,COOL Racing,Ligier,GF,30.618,31.915,35.991,
17,2,6,1:38.227,2,,30.367,2,31.923,0,35.937,2,170.5,11:00.859,12:01:00.859,0:30.367,0:31.923,0:35.937,264.7,Manuel ESPIRITO SANTO,,LMP3,,COOL Racing,Ligier,GF,30.367,31.923,35.937,
17,2,7,1:45.092,0,B,30.361,0,32.045,0,42.686,0,159.4,12:45.951,12:02:45.951,0:30.361,0:32.045,0:42.686,266.7,Manuel ESPIRITO SANTO,,LMP3,,COOL Racing,Ligier,GF,30.361,32.045,42.686,
17,1,8,11:18.996,0,,10:03.255,0,35.479,0,40.262,0,24.7,24:04.947,12:14:04.947,10:03.255,0:35.479,0:40.262,,Miguel CRISTÓVÃO,0:09:34.252,LMP3,,COOL Racing,Ligier,GF,603.255,35.479,40.262,
17,1,9,1:43.007,0,,31.927,0,33.375,0,37.705,0,162.6,25:47.954,12:15:47.954,0:31.927,0:33.375,0:37.705,261.5,Miguel CRISTÓVÃO,,LMP3,,COOL Racing,Ligier,GF,31.927,33.375,37.705,
17,1,10,1:43.448,0,,32.153,0,33.384,0,37.911,0,161.9,27:31.402,12:17:31.402,0:32.153,0:33.384,0:37.911,262.1,Miguel CRISTÓVÃO,,LMP3,,COOL Racing,Ligier,GF,32.153,33.384,37.911,
17,1,11,1:43.389,0,,31.909,0,33.225,0,38.255,0,162.0,29:14.791,12:19:14.791,0:31.909,0:33.225,0:38.255,261.5,Miguel CRISTÓVÃO,,LMP3,,COOL Racing,Ligier,GF,31.909,33.225,38.255,
17,1,12,1:42.339,0,,32.073,0,32.954,0,37.312,0,163.7,30:57.130,12:20:57.130,0:32.073,0:32.954,0:37.312,260.9,Miguel CRISTÓVÃO,,LMP3,,COOL Racing,Ligier,GF,32.073,32.954,37.312,
17,1,13,1:42.345,0,,31.906,0,33.082,0,37.357,0,163.7,32:39.475,12:22:39.475,0:31.906,0:33.082,0:37.357,262.8,Miguel CRISTÓVÃO,,LMP3,,COOL Racing,Ligier,GF,31.906,33.082,37.357,
17,1,14,1:41.917,0,,31.435,0,33.050,0,37.432,0,164.4,34:21.392,12:24:21.392,0:31.435,0:33.050,0:37.432,265.4,Miguel CRISTÓVÃO,,LMP3,,COOL Racing,Ligier,GF,31.435,33.050,37.432,
17,1,15,1:43.602,0,,31.533,0,34.228,0,37.841,0,161.7,36:04.994,12:26:04.994,0:31.533,0:34.228,0:37.841,264.7,Miguel CRISTÓVÃO,,LMP3,,COOL Racing,Ligier,GF,31.533,34.228,37.841,
17,1,16,1:46.253,0,,31.872,0,33.233,0,41.148,0,157.7,37:51.247,12:27:51.247,0:31.872,0:33.233,0:41.148,262.1,Miguel CRISTÓVÃO,,LMP3,,COOL Racing,Ligier,GF,31.872,33.233,41.148,
17,1,17,1:42.175,0,,31.848,0,32.833,1,37.494,0,163.9,39:33.422,12:29:33.422,0:31.848,0:32.833,0:37.494,260.9,Miguel CRISTÓVÃO,,LMP3,,COOL Racing,Ligier,GF,31.848,32.833,37.494,
17,1,18,1:50.127,0,B,31.763,0,34.076,0,44.288,0,152.1,41:23.549,12:31:23.549,0:31.763,0:34.076,0:44.288,261.5,Miguel CRISTÓVÃO,,LMP3,,COOL Racing,Ligier,GF,31.763,34.076,44.288,
17,2,19,3:30.607,0,,2:19.932,0,33.532,0,37.143,0,79.5,44:54.156,12:34:54.156,2:19.932,0:33.532,0:37.143,,Manuel ESPIRITO SANTO,0:01:53.326,LMP3,,COOL Racing,Ligier,GF,139.932,33.532,37.143,
17,2,20,1:41.443,0,,30.984,0,32.710,0,37.749,0,165.1,46:35.599,12:36:35.599,0:30.984,0:32.710,0:37.749,261.5,Manuel ESPIRITO SANTO,,LMP3,,COOL Racing,Ligier,GF,30.984,32.710,37.749,
17,2,21,1:40.848,0,,31.015,0,32.813,0,37.020,0,166.1,48:16.447,12:38:16.447,0:31.015,0:32.813,0:37.020,263.4,Manuel ESPIRITO SANTO,,LMP3,,COOL Racing,Ligier,GF,31.015,32.813,37.020,
17,2,22,1:40.531,0,,31.273,0,32.445,0,36.813,0,166.6,49:56.978,12:39:56.978,0:31.273,0:32.445,0:36.813,267.3,Manuel ESPIRITO SANTO,,LMP3,,COOL Racing,Ligier,GF,31.273,32.445,36.813,
17,2,23,1:40.791,0,,31.404,0,32.631,0,36.756,0,166.2,51:37.769,12:41:37.769,0:31.404,0:32.631,0:36.756,266.0,Manuel ESPIRITO SANTO,,LMP3,,COOL Racing,Ligier,GF,31.404,32.631,36.756,
17,2,24,1:40.207,0,,31.016,0,32.484,0,36.707,0,167.2,53:17.976,12:43:17.976,0:31.016,0:32.484,0:36.707,265.4,Manuel ESPIRITO SANTO,,LMP3,,COOL Racing,Ligier,GF,31.016,32.484,36.707,
17,2,25,1:40.316,0,,30.986,0,32.559,0,36.771,0,167.0,54:58.292,12:44:58.292,0:30.986,0:32.559,0:36.771,264.7,Manuel ESPIRITO SANTO,,LMP3,,COOL Racing,Ligier,GF,30.986,32.559,36.771,
17,2,26,1:40.509,0,,31.209,0,32.584,0,36.716,0,166.7,56:38.801,12:46:38.801,0:31.209,0:32.584,0:36.716,266.0,Manuel ESPIRITO SANTO,,LMP3,,COOL Racing,Ligier,GF,31.209,32.584,36.716,
17,2,27,1:40.990,0,,30.834,0,32.555,0,37.601,0,165.9,58:19.791,12:48:19.791,0:30.834,0:32.555,0:37.601,266.7,Manuel ESPIRITO SANTO,,LMP3,,COOL Racing,Ligier,GF,30.834,32.555,37.601,
17,2,28,1:53.360,0,B,32.380,0,33.340,0,47.640,0,147.8,1:00:13.151,12:50:13.151,0:32.380,0:33.340,0:47.640,265.4,Manuel ESPIRITO SANTO,,LMP3,,COOL Racing,Ligier,GF,32.380,33.340,47.640,
17,1,29,3:50.826,0,,2:38.409,0,34.026,0,38.391,0,72.6,1:04:03.977,12:54:03.977,2:38.409,0:34.026,0:38.391,,Miguel CRISTÓVÃO,0:02:10.872,LMP3,,COOL Racing,Ligier,GF,158.409,34.026,38.391,
17,1,30,1:43.712,0,,32.177,0,33.256,0,38.279,0,161.5,1:05:47.689,12:55:47.689,0:32.177,0:33.256,0:38.279,259.0,Miguel CRISTÓVÃO,,LMP3,,COOL Racing,Ligier,GF,32.177,33.256,38.279,
17,1,31,1:43.600,0,,31.758,0,33.523,0,38.319,0,161.7,1:07:31.289,12:57:31.289,0:31.758,0:33.523,0:38.319,262.8,Miguel CRISTÓVÃO,,LMP3,,COOL Racing,Ligier,GF,31.758,33.523,38.319,
17,1,32,1:46.643,0,,32.810,0,34.006,0,39.827,0,157.1,1:09:17.932,12:59:17.932,0:32.810,0:34.006,0:39.827,264.7,Miguel CRISTÓVÃO,,LMP3,,COOL Racing,Ligier,GF,32.810,34.006,39.827,
17,1,33,2:38.400,0,,31.751,0,53.249,0,1:13.400,0,105.8,1:11:56.332,13:01:56.332,0:31.751,0:53.249,1:13.400,260.9,Miguel CRISTÓVÃO,,LMP3,,COOL Racing,Ligier,FCY,31.751,53.249,73.400,
17,1,34,3:16.963,0,,1:11.117,0,1:02.191,0,1:03.655,0,85.0,1:15:13.295,13:05:13.295,1:11.117,1:02.191,1:03.655,79.9,Miguel CRISTÓVÃO,,LMP3,,COOL Racing,Ligier,GF,71.117,62.191,63.655,
17,1,35,1:47.689,0,,32.991,0,33.479,0,41.219,0,155.5,1:17:00.984,13:07:00.984,0:32.991,0:33.479,0:41.219,250.6,Miguel CRISTÓVÃO,,LMP3,,COOL Racing,Ligier,GF,32.991,33.479,41.219,
17,1,36,1:42.171,0,,31.585,0,33.356,0,37.230,1,163.9,1:18:43.155,13:08:43.155,0:31.585,0:33.356,0:37.230,259.6,Miguel CRISTÓVÃO,,LMP3,,COOL Racing,Ligier,GF,31.585,33.356,37.230,
17,1,37,1:44.486,0,,31.966,0,33.251,0,39.269,0,160.3,1:20:27.641,13:10:27.641,0:31.966,0:33.251,0:39.269,264.7,Miguel CRISTÓVÃO,,LMP3,,COOL Racing,Ligier,GF,31.966,33.251,39.269,
17,1,38,1:42.249,0,,31.806,0,33.060,0,37.383,0,163.8,1:22:09.890,13:12:09.890,0:31.806,0:33.060,0:37.383,262.1,Miguel CRISTÓVÃO,,LMP3,,COOL Racing,Ligier,GF,31.806,33.060,37.383,
17,1,39,1:42.536,0,,31.605,0,33.193,0,37.738,0,163.4,1:23:52.426,13:13:52.426,0:31.605,0:33.193,0:37.738,262.8,Miguel CRISTÓVÃO,,LMP3,,COOL Racing,Ligier,GF,31.605,33.193,37.738,
17,1,40,1:42.183,0,,31.357,1,33.247,0,37.579,0,163.9,1:25:34.609,13:15:34.609,0:31.357,0:33.247,0:37.579,263.4,Miguel CRISTÓVÃO,,LMP3,,COOL Racing,Ligier,GF,31.357,33.247,37.579,
17,1,41,1:45.355,0,,32.029,0,34.071,0,39.255,0,159.0,1:27:19.964,13:17:19.964,0:32.029,0:34.071,0:39.255,265.4,Miguel CRISTÓVÃO,,LMP3,,COOL Racing,Ligier,GF,32.029,34.071,39.255,
17,1,42,1:42.595,0,,31.708,0,33.366,0,37.521,0,163.3,1:29:02.559,13:19:02.559,0:31.708,0:33.366,0:37.521,264.7,Miguel CRISTÓVÃO,,LMP3,,COOL Racing,Ligier,GF,31.708,33.366,37.521,
17,1,43,1:42.033,0,,31.396,0,32.996,0,37.641,0,164.2,1:30:44.592,13:20:44.592,0:31.396,0:32.996,0:37.641,264.1,Miguel CRISTÓVÃO,,LMP3,,COOL Racing,Ligier,FF,31.396,32.996,37.641,
19,3,1,2:11.538,0,,55.288,0,37.372,0,38.878,0,120.0,2:11.538,11:52:11.538,0:55.288,0:37.372,0:38.878,,Tristan VAUTIER,0:00:18.310,LMP2 Pro/Am,,Team Virage,Oreca,GF,55.288,37.372,38.878,
19,3,2,1:48.418,0,,32.431,0,34.555,0,41.432,0,154.5,3:59.956,11:53:59.956,0:32.431,0:34.555,0:41.432,282.0,Tristan VAUTIER,,LMP2 Pro/Am,,Team Virage,Oreca,GF,32.431,34.555,41.432,
19,3,3,1:36.404,0,,30.074,0,31.736,0,34.594,0,173.8,5:36.360,11:55:36.360,0:30.074,0:31.736,0:34.594,288.0,Tristan VAUTIER,,LMP2 Pro/Am,,Team Virage,Oreca,GF,30.074,31.736,34.594,
19,3,4,1:33.352,2,,28.927,0,30.345,2,34.080,2,179.4,7:09.712,11:57:09.712,0:28.927,0:30.345,0:34.080,291.9,Tristan VAUTIER,,LMP2 Pro/Am,,Team Virage,Oreca,GF,28.927,30.345,34.080,
19,3,5,1:37.854,0,,28.466,2,30.381,0,39.007,0,171.2,8:47.566,11:58:47.566,0:28.466,0:30.381,0:39.007,292.7,Tristan VAUTIER,,LMP2 Pro/Am,,Team Virage,Oreca,GF,28.466,30.381,39.007,
19,3,6,1:49.272,0,,28.480,0,33.126,0,47.666,0,153.3,10:36.838,12:00:36.838,0:28.480,0:33.126,0:47.666,293.5,Tristan VAUTIER,,LMP2 Pro/Am,,Team Virage,Oreca,GF,28.480,33.126,47.666,
19,3,7,1:36.988,0,,28.559,0,30.661,0,37.768,0,172.7,12:13.826,12:02:13.826,0:28.559,0:30.661,0:37.768,293.5,Tristan VAUTIER,,LMP2 Pro/Am,,Team Virage,Oreca,GF,28.559,30.661,37.768,
19,3,8,1:33.359,0,,28.569,0,30.498,0,34.292,0,179.4,13:47.185,12:03:47.185,0:28.569,0:30.498,0:34.292,293.5,Tristan VAUTIER,,LMP2 Pro/Am,,Team Virage,Oreca,GF,28.569,30.498,34.292,
19,3,9,1:40.512,0,,32.301,0,32.520,0,35.691,0,166.7,15:27.697,12:05:27.697,0:32.301,0:32.520,0:35.691,282.0,Tristan VAUTIER,,LMP2 Pro/Am,,Team Virage,Oreca,GF,32.301,32.520,35.691,
19,3,10,1:44.492,0,B,28.471,0,30.374,0,45.647,0,160.3,17:12.189,12:07:12.189,0:28.471,0:30.374,0:45.647,291.9,Tristan VAUTIER,,LMP2 Pro/Am,,Team Virage,Oreca,GF,28.471,30.374,45.647,
19,1,11,4:33.319,0,,3:24.424,0,32.115,0,36.780,0,61.3,21:45.508,12:11:45.508,3:24.424,0:32.115,0:36.780,,Georgios KOLOVOS,0:02:55.751,LMP2 Pro/Am,,Team Virage,Oreca,GF,204.424,32.115,36.780,
19,1,12,1:39.768,0,,30.498,0,33.561,0,35.709,0,167.9,23:25.276,12:13:25.276,0:30.498,0:33.561,0:35.709,287.2,Georgios KOLOVOS,,LMP2 Pro/Am,,Team Virage,Oreca,GF,30.498,33.561,35.709,
19,1,13,1:37.070,0,,29.787,0,31.550,0,35.733,0,172.6,25:02.346,12:15:02.346,0:29.787,0:31.550,0:35.733,288.0,Georgios KOLOVOS,,LMP2 Pro/Am,,Team Virage,Oreca,GF,29.787,31.550,35.733,
19,1,14,1:38.889,0,,31.380,0,31.813,1,35.696,0,169.4,26:41.235,12:16:41.235,0:31.380,0:31.813,0:35.696,291.9,Georgios KOLOVOS,,LMP2 Pro/Am,,Team Virage,Oreca,GF,31.380,31.813,35.696,
19,1,15,1:42.342,0,,30.746,0,34.991,0,36.605,0,163.7,28:23.577,12:18:23.577,0:30.746,0:34.991,0:36.605,281.2,Georgios KOLOVOS,,LMP2 Pro/Am,,Team Virage,Oreca,GF,30.746,34.991,36.605,
19,1,16,1:39.224,0,,30.148,0,32.563,0,36.513,0,168.8,30:02.801,12:20:02.801,0:30.148,0:32.563,0:36.513,291.1,Georgios KOLOVOS,,LMP2 Pro/Am,,Team Virage,Oreca,GF,30.148,32.563,36.513,
19,1,17,1:39.323,0,,29.709,1,34.027,0,35.587,0,168.6,31:42.124,12:21:42.124,0:29.709,0:34.027,0:35.587,289.5,Georgios KOLOVOS,,LMP2 Pro/Am,,Team Virage,Oreca,GF,29.709,34.027,35.587,
19,1,18,1:49.406,0,B,30.266,0,33.282,0,45.858,0,153.1,33:31.530,12:23:31.530,0:30.266,0:33.282,0:45.858,290.3,Georgios KOLOVOS,,LMP2 Pro/Am,,Team Virage,Oreca,GF,30.266,33.282,45.858,
19,1,19,3:28.826,0,,2:20.296,0,33.024,0,35.506,0,80.2,37:00.356,12:27:00.356,2:20.296,0:33.024,0:35.506,,Georgios KOLOVOS,0:01:54.030,LMP2 Pro/Am,,Team Virage,Oreca,GF,140.296,33.024,35.506,
19,1,20,1:37.254,0,,29.989,0,31.881,0,35.384,1,172.2,38:37.610,12:28:37.610,0:29.989,0:31.881,0:35.384,288.0,Georgios KOLOVOS,,LMP2 Pro/Am,,Team Virage,Oreca,GF,29.989,31.881,35.384,
19,1,21,1:40.014,0,,30.257,0,34.203,0,35.554,0,167.5,40:17.624,12:30:17.624,0:30.257,0:34.203,0:35.554,288.8,Georgios KOLOVOS,,LMP2 Pro/Am,,Team Virage,Oreca,GF,30.257,34.203,35.554,
19,1,22,1:40.195,0,,30.692,0,33.472,0,36.031,0,167.2,41:57.819,12:31:57.819,0:30.692,0:33.472,0:36.031,289.5,Georgios KOLOVOS,,LMP2 Pro/Am,,Team Virage,Oreca,GF,30.692,33.472,36.031,
19,1,23,1:39.429,0,,30.075,0,32.126,0,37.228,0,168.5,43:37.248,12:33:37.248,0:30.075,0:32.126,0:37.228,288.8,Georgios KOLOVOS,,LMP2 Pro/Am,,Team Virage,Oreca,GF,30.075,32.126,37.228,
19,1,24,1:39.239,0,,30.534,0,32.582,0,36.123,0,168.8,45:16.487,12:35:16.487,0:30.534,0:32.582,0:36.123,285.0,Georgios KOLOVOS,,LMP2 Pro/Am,,Team Virage,Oreca,GF,30.534,32.582,36.123,
19,1,25,1:46.619,0,B,31.153,0,31.922,0,43.544,0,157.1,47:03.106,12:37:03.106,0:31.153,0:31.922,0:43.544,288.8,Georgios KOLOVOS,,LMP2 Pro/Am,,Team Virage,Oreca,GF,31.153,31.922,43.544,
19,2,26,8:38.753,0,,7:29.757,0,32.118,0,36.878,0,32.3,55:41.859,12:45:41.859,7:29.757,0:32.118,0:36.878,,Raphaël NARAC,0:07:02.400,LMP2 Pro/Am,,Team Virage,Oreca,GF,449.757,32.118,36.878,
19,2,27,1:36.919,0,,30.200,0,31.520,0,35.199,0,172.8,57:18.778,12:47:18.778,0:30.200,0:31.520,0:35.199,282.0,Raphaël NARAC,,LMP2 Pro/Am,,Team Virage,Oreca,GF,30.200,31.520,35.199,
19,2,28,1:35.337,0,,29.315,0,31.235,0,34.787,1,175.7,58:54.115,12:48:54.115,0:29.315,0:31.235,0:34.787,286.5,Raphaël NARAC,,LMP2 Pro/Am,,Team Virage,Oreca,GF,29.315,31.235,34.787,
19,2,29,1:34.956,0,,29.116,0,30.854,1,34.986,0,176.4,1:00:29.071,12:50:29.071,0:29.116,0:30.854,0:34.986,288.8,Raphaël NARAC,,LMP2 Pro/Am,,Team Virage,Oreca,GF,29.116,30.854,34.986,
19,2,30,1:35.245,0,,28.975,1,31.160,0,35.110,0,175.9,1:02:04.316,12:52:04.316,0:28.975,0:31.160,0:35.110,289.5,Raphaël NARAC,,LMP2 Pro/Am,,Team Virage,Oreca,GF,28.975,31.160,35.110,
19,2,31,1:37.290,0,,30.021,0,31.982,0,35.287,0,172.2,1:03:41.606,12:53:41.606,0:30.021,0:31.982,0:35.287,289.5,Raphaël NARAC,,LMP2 Pro/Am,,Team Virage,Oreca,GF,30.021,31.982,35.287,
19,2,32,1:36.019,0,,29.753,0,31.222,0,35.044,0,174.5,1:05:17.625,12:55:17.625,0:29.753,0:31.222,0:35.044,290.3,Raphaël NARAC,,LMP2 Pro/Am,,Team Virage,Oreca,GF,29.753,31.222,35.044,
19,2,33,1:35.962,0,,29.920,0,31.002,0,35.040,0,174.6,1:06:53.587,12:56:53.587,0:29.920,0:31.002,0:35.040,291.1,Raphaël NARAC,,LMP2 Pro/Am,,Team Virage,Oreca,GF,29.920,31.002,35.040,
19,2,34,1:35.003,0,,29.041,0,30.901,0,35.061,0,176.3,1:08:28.590,12:58:28.590,0:29.041,0:30.901,0:35.061,289.5,Raphaël NARAC,,LMP2 Pro/Am,,Team Virage,Oreca,GF,29.041,30.901,35.061,
19,2,35,1:47.361,0,,29.081,0,31.114,0,47.166,0,156.0,1:10:15.951,13:00:15.951,0:29.081,0:31.114,0:47.166,290.3,Raphaël NARAC,,LMP2 Pro/Am,,Team Virage,Oreca,FCY,29.081,31.114,47.166,
19,2,36,3:32.464,0,B,1:11.566,0,1:03.063,0,1:17.835,0,78.8,1:13:48.415,13:03:48.415,1:11.566,1:03.063,1:17.835,79.5,Raphaël NARAC,,LMP2 Pro/Am,,Team Virage,Oreca,FCY,71.566,63.063,77.835,
19,3,37,3:10.369,0,,2:02.700,0,32.345,0,35.324,0,88.0,1:16:58.784,13:06:58.784,2:02.700,0:32.345,0:35.324,,Tristan VAUTIER,0:01:36.251,LMP2 Pro/Am,,Team Virage,Oreca,GF,122.700,32.345,35.324,
19,3,38,1:35.411,0,,28.977,0,31.402,0,35.032,0,175.6,1:18:34.195,13:08:34.195,0:28.977,0:31.402,0:35.032,288.0,Tristan VAUTIER,,LMP2 Pro/Am,,Team Virage,Oreca,GF,28.977,31.402,35.032,
19,3,39,1:36.598,0,,29.341,0,31.147,0,36.110,0,173.4,1:20:10.793,13:10:10.793,0:29.341,0:31.147,0:36.110,288.8,Tristan VAUTIER,,LMP2 Pro/Am,,Team Virage,Oreca,GF,29.341,31.147,36.110,
19,3,40,1:34.213,0,,28.795,0,30.721,0,34.697,0,177.8,1:21:45.006,13:11:45.006,0:28.795,0:30.721,0:34.697,286.5,Tristan VAUTIER,,LMP2 Pro/Am,,Team Virage,Oreca,GF,28.795,30.721,34.697,
19,3,41,1:33.909,0,,28.700,0,30.689,0,34.520,0,178.4,1:23:18.915,13:13:18.915,0:28.700,0:30.689,0:34.520,288.8,Tristan VAUTIER,,LMP2 Pro/Am,,Team Virage,Oreca,GF,28.700,30.689,34.520,
19,3,42,1:34.452,0,,28.707,0,30.559,0,35.186,0,177.3,1:24:53.367,13:14:53.367,0:28.707,0:30.559,0:35.186,291.1,Tristan VAUTIER,,LMP2 Pro/Am,,Team Virage,Oreca,GF,28.707,30.559,35.186,
19,3,43,1:34.743,0,,29.059,0,30.759,0,34.925,0,176.8,1:26:28.110,13:16:28.110,0:29.059,0:30.759,0:34.925,289.5,Tristan VAUTIER,,LMP2 Pro/Am,,Team Virage,Oreca,GF,29.059,30.759,34.925,
19,3,44,1:34.306,0,,28.832,0,30.760,0,34.714,0,177.6,1:28:02.416,13:18:02.416,0:28.832,0:30.760,0:34.714,291.9,Tristan VAUTIER,,LMP2 Pro/Am,,Team Virage,Oreca,GF,28.832,30.760,34.714,
19,3,45,1:36.012,0,,28.809,0,31.774,0,35.429,0,174.5,1:29:38.428,13:19:38.428,0:28.809,0:31.774,0:35.429,291.9,Tristan VAUTIER,,LMP2 Pro/Am,,Team Virage,Oreca,GF,28.809,31.774,35.429,
19,3,46,1:34.908,0,,29.171,0,30.932,0,34.805,0,176.5,1:31:13.336,13:21:13.336,0:29.171,0:30.932,0:34.805,291.1,Tristan VAUTIER,,LMP2 Pro/Am,,Team Virage,Oreca,FF,29.171,30.932,34.805,
20,3,1,2:03.924,0,,48.526,0,37.094,0,38.304,0,127.4,2:03.924,11:52:03.924,0:48.526,0:37.094,0:38.304,,Alex QUINN,0:00:12.702,LMP2 Pro/Am,,Algarve Pro Racing,Oreca,GF,48.526,37.094,38.304,
20,3,2,1:40.124,0,,32.209,0,32.086,0,35.829,0,167.3,3:44.048,11:53:44.048,0:32.209,0:32.086,0:35.829,276.9,Alex QUINN,,LMP2 Pro/Am,,Algarve Pro Racing,Oreca,GF,32.209,32.086,35.829,
20,3,3,1:37.510,0,,29.250,0,30.914,0,37.346,0,171.8,5:21.558,11:55:21.558,0:29.250,0:30.914,0:37.346,288.8,Alex QUINN,,LMP2 Pro/Am,,Algarve Pro Racing,Oreca,GF,29.250,30.914,37.346,
20,3,4,1:33.192,2,,28.673,0,30.391,2,34.128,2,179.7,6:54.750,11:56:54.750,0:28.673,0:30.391,0:34.128,295.1,Alex QUINN,,LMP2 Pro/Am,,Algarve Pro Racing,Oreca,GF,28.673,30.391,34.128,
20,3,5,1:34.378,0,,28.351,0,30.516,0,35.511,0,177.5,8:29.128,11:58:29.128,0:28.351,0:30.516,0:35.511,294.3,Alex QUINN,,LMP2 Pro/Am,,Algarve Pro Racing,Oreca,GF,28.351,30.516,35.511,
20,3,6,1:33.378,0,,28.371,2,30.534,0,34.473,0,179.4,10:02.506,12:00:02.506,0:28.371,0:30.534,0:34.473,295.9,Alex QUINN,,LMP2 Pro/Am,,Algarve Pro Racing,Oreca,GF,28.371,30.534,34.473,
20,3,7,1:40.623,0,B,28.488,0,31.199,0,40.936,0,166.5,11:43.129,12:01:43.129,0:28.488,0:31.199,0:40.936,294.3,Alex QUINN,,LMP2 Pro/Am,,Algarve Pro Racing,Oreca,GF,28.488,31.199,40.936,
20,1,8,4:04.416,0,,2:54.828,0,33.434,0,36.154,0,68.5,15:47.545,12:05:47.545,2:54.828,0:33.434,0:36.154,,Kriton LENTOUDIS,0:02:25.501,LMP2 Pro/Am,,Algarve Pro Racing,Oreca,GF,174.828,33.434,36.154,
20,1,9,1:38.332,0,,30.112,0,32.608,0,35.612,1,170.3,17:25.877,12:07:25.877,0:30.112,0:32.608,0:35.612,289.5,Kriton LENTOUDIS,,LMP2 Pro/Am,,Algarve Pro Racing,Oreca,GF,30.112,32.608,35.612,
20,1,10,2:28.741,0,B,30.056,0,32.692,0,1:25.993,0,112.6,19:54.618,12:09:54.618,0:30.056,0:32.692,1:25.993,289.5,Kriton LENTOUDIS,,LMP2 Pro/Am,,Algarve Pro Racing,Oreca,GF,30.056,32.692,85.993,
20,1,11,4:16.100,0,,3:04.217,0,33.402,0,38.481,0,65.4,24:10.718,12:14:10.718,3:04.217,0:33.402,0:38.481,,Kriton LENTOUDIS,0:02:37.766,LMP2 Pro/Am,,Algarve Pro Racing,Oreca,GF,184.217,33.402,38.481,
20,1,12,1:40.084,0,,30.967,0,31.913,0,37.204,0,167.4,25:50.802,12:15:50.802,0:30.967,0:31.913,0:37.204,286.5,Kriton LENTOUDIS,,LMP2 Pro/Am,,Algarve Pro Racing,Oreca,GF,30.967,31.913,37.204,
20,1,13,1:40.480,0,,30.289,0,32.915,0,37.276,0,166.7,27:31.282,12:17:31.282,0:30.289,0:32.915,0:37.276,288.8,Kriton LENTOUDIS,,LMP2 Pro/Am,,Algarve Pro Racing,Oreca,GF,30.289,32.915,37.276,
20,1,14,1:39.854,0,,30.824,0,32.850,0,36.180,0,167.8,29:11.136,12:19:11.136,0:30.824,0:32.850,0:36.180,285.0,Kriton LENTOUDIS,,LMP2 Pro/Am,,Algarve Pro Racing,Oreca,GF,30.824,32.850,36.180,
20,1,15,1:39.811,0,,30.062,0,33.314,0,36.435,0,167.8,30:50.947,12:20:50.947,0:30.062,0:33.314,0:36.435,289.5,Kriton LENTOUDIS,,LMP2 Pro/Am,,Algarve Pro Racing,Oreca,GF,30.062,33.314,36.435,
20,1,16,1:38.235,0,,30.534,0,31.867,0,35.834,0,170.5,32:29.182,12:22:29.182,0:30.534,0:31.867,0:35.834,286.5,Kriton LENTOUDIS,,LMP2 Pro/Am,,Algarve Pro Racing,Oreca,GF,30.534,31.867,35.834,
20,1,17,1:37.617,0,,30.021,1,31.942,0,35.654,0,171.6,34:06.799,12:24:06.799,0:30.021,0:31.942,0:35.654,290.3,Kriton LENTOUDIS,,LMP2 Pro/Am,,Algarve Pro Racing,Oreca,GF,30.021,31.942,35.654,
20,1,18,1:39.746,0,,31.402,0,31.755,0,36.589,0,167.9,35:46.545,12:25:46.545,0:31.402,0:31.755,0:36.589,291.9,Kriton LENTOUDIS,,LMP2 Pro/Am,,Algarve Pro Racing,Oreca,GF,31.402,31.755,36.589,
20,1,19,1:38.419,0,,30.312,0,31.688,1,36.419,0,170.2,37:24.964,12:27:24.964,0:30.312,0:31.688,0:36.419,290.3,Kriton LENTOUDIS,,LMP2 Pro/Am,,Algarve Pro Racing,Oreca,GF,30.312,31.688,36.419,
20,1,20,1:39.191,0,,30.428,0,32.357,0,36.406,0,168.9,39:04.155,12:29:04.155,0:30.428,0:32.357,0:36.406,286.5,Kriton LENTOUDIS,,LMP2 Pro/Am,,Algarve Pro Racing,Oreca,GF,30.428,32.357,36.406,
20,1,21,1:47.412,0,B,30.180,0,32.898,0,44.334,0,155.9,40:51.567,12:30:51.567,0:30.180,0:32.898,0:44.334,288.0,Kriton LENTOUDIS,,LMP2 Pro/Am,,Algarve Pro Racing,Oreca,GF,30.180,32.898,44.334,
20,2,22,4:11.041,0,,3:03.175,0,32.690,0,35.176,0,66.7,45:02.608,12:35:02.608,3:03.175,0:32.690,0:35.176,,Richard BRADLEY,0:02:37.179,LMP2 Pro/Am,,Algarve Pro Racing,Oreca,GF,183.175,32.690,35.176,
20,2,23,1:35.097,0,,28.923,0,30.968,0,35.206,0,176.1,46:37.705,12:36:37.705,0:28.923,0:30.968,0:35.206,288.8,Richard BRADLEY,,LMP2 Pro/Am,,Algarve Pro Racing,Oreca,GF,28.923,30.968,35.206,
20,2,24,1:34.633,0,,28.942,0,30.751,0,34.940,0,177.0,48:12.338,12:38:12.338,0:28.942,0:30.751,0:34.940,290.3,Richard BRADLEY,,LMP2 Pro/Am,,Algarve Pro Racing,Oreca,GF,28.942,30.751,34.940,
20,2,25,1:34.029,0,,28.724,0,30.698,0,34.607,1,178.1,49:46.367,12:39:46.367,0:28.724,0:30.698,0:34.607,292.7,Richard BRADLEY,,LMP2 Pro/Am,,Algarve Pro Racing,Oreca,GF,28.724,30.698,34.607,
20,2,26,1:34.083,0,,28.802,1,30.618,1,34.663,0,178.0,51:20.450,12:41:20.450,0:28.802,0:30.618,0:34.663,292.7,Richard BRADLEY,,LMP2 Pro/Am,,Algarve Pro Racing,Oreca,GF,28.802,30.618,34.663,
20,2,27,1:35.580,0,,29.626,0,30.956,0,34.998,0,175.3,52:56.030,12:42:56.030,0:29.626,0:30.956,0:34.998,296.7,Richard BRADLEY,,LMP2 Pro/Am,,Algarve Pro Racing,Oreca,GF,29.626,30.956,34.998,
20,2,28,1:36.595,0,,29.272,0,32.126,0,35.197,0,173.4,54:32.625,12:44:32.625,0:29.272,0:32.126,0:35.197,295.1,Richard BRADLEY,,LMP2 Pro/Am,,Algarve Pro Racing,Oreca,GF,29.272,32.126,35.197,
20,2,29,1:42.813,0,B,29.163,0,30.890,0,42.760,0,162.9,56:15.438,12:46:15.438,0:29.163,0:30.890,0:42.760,292.7,Richard BRADLEY,,LMP2 Pro/Am,,Algarve Pro Racing,Oreca,GF,29.163,30.890,42.760,
20,2,30,3:23.047,0,,2:16.134,0,31.868,0,35.045,0,82.5,59:38.485,12:49:38.485,2:16.134,0:31.868,0:35.045,,Richard BRADLEY,0:01:51.662,LMP2 Pro/Am,,Algarve Pro Racing,Oreca,GF,136.134,31.868,35.045,
20,2,31,1:34.509,0,,28.909,0,30.720,0,34.880,0,177.2,1:01:12.994,12:51:12.994,0:28.909,0:30.720,0:34.880,290.3,Richard BRADLEY,,LMP2 Pro/Am,,Algarve Pro Racing,Oreca,GF,28.909,30.720,34.880,
20,2,32,1:34.346,0,,28.845,0,30.679,0,34.822,0,177.5,1:02:47.340,12:52:47.340,0:28.845,0:30.679,0:34.822,293.5,Richard BRADLEY,,LMP2 Pro/Am,,Algarve Pro Racing,Oreca,GF,28.845,30.679,34.822,
20,2,33,1:35.387,0,,29.132,0,31.111,0,35.144,0,175.6,1:04:22.727,12:54:22.727,0:29.132,0:31.111,0:35.144,293.5,Richard BRADLEY,,LMP2 Pro/Am,,Algarve Pro Racing,Oreca,GF,29.132,31.111,35.144,
20,2,34,1:35.080,0,,28.967,0,30.913,0,35.200,0,176.2,1:05:57.807,12:55:57.807,0:28.967,0:30.913,0:35.200,293.5,Richard BRADLEY,,LMP2 Pro/Am,,Algarve Pro Racing,Oreca,GF,28.967,30.913,35.200,
20,2,35,1:35.674,0,,29.502,0,30.728,0,35.444,0,175.1,1:07:33.481,12:57:33.481,0:29.502,0:30.728,0:35.444,289.5,Richard BRADLEY,,LMP2 Pro/Am,,Algarve Pro Racing,Oreca,GF,29.502,30.728,35.444,
20,2,36,1:43.066,0,B,30.066,0,31.576,0,41.424,0,162.5,1:09:16.547,12:59:16.547,0:30.066,0:31.576,0:41.424,291.9,Richard BRADLEY,,LMP2 Pro/Am,,Algarve Pro Racing,Oreca,GF,30.066,31.576,41.424,
20,3,37,5:39.752,0,,3:21.147,0,1:03.079,0,1:15.526,0,49.3,1:14:56.299,13:04:56.299,3:21.147,1:03.079,1:15.526,,Alex QUINN,0:02:31.576,LMP2 Pro/Am,,Algarve Pro Racing,Oreca,FCY,201.147,63.079,75.526,
20,3,38,1:43.486,0,,36.438,0,31.599,0,35.449,0,161.9,1:16:39.785,13:06:39.785,0:36.438,0:31.599,0:35.449,222.7,Alex QUINN,,LMP2 Pro/Am,,Algarve Pro Racing,Oreca,GF,36.438,31.599,35.449,
20,3,39,1:34.596,0,,28.832,0,30.746,0,35.018,0,177.1,1:18:14.381,13:08:14.381,0:28.832,0:30.746,0:35.018,288.8,Alex QUINN,,LMP2 Pro/Am,,Algarve Pro Racing,Oreca,GF,28.832,30.746,35.018,
20,3,40,1:35.036,0,,29.222,0,30.804,0,35.010,0,176.3,1:19:49.417,13:09:49.417,0:29.222,0:30.804,0:35.010,290.3,Alex QUINN,,LMP2 Pro/Am,,Algarve Pro Racing,Oreca,GF,29.222,30.804,35.010,
20,3,41,1:35.311,0,,28.636,0,31.052,0,35.623,0,175.7,1:21:24.728,13:11:24.728,0:28.636,0:31.052,0:35.623,289.5,Alex QUINN,,LMP2 Pro/Am,,Algarve Pro Racing,Oreca,GF,28.636,31.052,35.623,
20,3,42,1:33.854,0,,28.624,0,30.803,0,34.427,0,178.5,1:22:58.582,13:12:58.582,0:28.624,0:30.803,0:34.427,288.8,Alex QUINN,,LMP2 Pro/Am,,Algarve Pro Racing,Oreca,GF,28.624,30.803,34.427,
20,3,43,1:35.362,0,,29.419,0,31.108,0,34.835,0,175.7,1:24:33.944,13:14:33.944,0:29.419,0:31.108,0:34.835,293.5,Alex QUINN,,LMP2 Pro/Am,,Algarve Pro Racing,Oreca,GF,29.419,31.108,34.835,
20,3,44,1:34.982,0,,29.618,0,30.638,0,34.726,0,176.4,1:26:08.926,13:16:08.926,0:29.618,0:30.638,0:34.726,291.9,Alex QUINN,,LMP2 Pro/Am,,Algarve Pro Racing,Oreca,GF,29.618,30.638,34.726,
20,3,45,1:34.617,0,,29.136,0,31.072,0,34.409,0,177.0,1:27:43.543,13:17:43.543,0:29.136,0:31.072,0:34.409,292.7,Alex QUINN,,LMP2 Pro/Am,,Algarve Pro Racing,Oreca,GF,29.136,31.072,34.409,
20,3,46,1:33.261,0,,28.417,0,30.587,0,34.257,0,179.6,1:29:16.804,13:19:16.804,0:28.417,0:30.587,0:34.257,291.9,Alex QUINN,,LMP2 Pro/Am,,Algarve Pro Racing,Oreca,GF,28.417,30.587,34.257,
20,3,47,1:35.867,0,,28.711,0,31.026,0,36.130,0,174.7,1:30:52.671,13:20:52.671,0:28.711,0:31.026,0:36.130,292.7,Alex QUINN,,LMP2 Pro/Am,,Algarve Pro Racing,Oreca,FF,28.711,31.026,36.130,
21,3,1,2:17.978,0,,1:04.480,0,35.934,0,37.564,0,114.4,2:17.978,11:52:17.978,1:04.480,0:35.934,0:37.564,,Oliver JARVIS,0:00:27.160,LMP2 Pro/Am,,United Autosports,Oreca,GF,64.480,35.934,37.564,
21,3,2,1:44.833,0,,31.367,0,35.115,0,38.351,0,159.8,4:02.811,11:54:02.811,0:31.367,0:35.115,0:38.351,271.4,Oliver JARVIS,,LMP2 Pro/Am,,United Autosports,Oreca,GF,31.367,35.115,38.351,
21,3,3,1:46.061,0,,29.917,0,33.356,0,42.788,0,157.9,5:48.872,11:55:48.872,0:29.917,0:33.356,0:42.788,289.5,Oliver JARVIS,,LMP2 Pro/Am,,United Autosports,Oreca,GF,29.917,33.356,42.788,
21,3,4,1:33.833,0,,28.692,0,30.583,0,34.558,0,178.5,7:22.705,11:57:22.705,0:28.692,0:30.583,0:34.558,291.1,Oliver JARVIS,,LMP2 Pro/Am,,United Autosports,Oreca,GF,28.692,30.583,34.558,
21,3,5,1:33.903,0,,28.677,0,30.787,0,34.439,0,178.4,8:56.608,11:58:56.608,0:28.677,0:30.787,0:34.439,291.9,Oliver JARVIS,,LMP2 Pro/Am,,United Autosports,Oreca,GF,28.677,30.787,34.439,
21,3,6,1:33.651,2,,28.474,2,30.818,0,34.359,2,178.9,10:30.259,12:00:30.259,0:28.474,0:30.818,0:34.359,294.3,Oliver JARVIS,,LMP2 Pro/Am,,United Autosports,Oreca,GF,28.474,30.818,34.359,
21,3,7,1:37.805,0,,28.739,0,30.689,0,38.377,0,171.3,12:08.064,12:02:08.064,0:28.739,0:30.689,0:38.377,293.5,Oliver JARVIS,,LMP2 Pro/Am,,United Autosports,Oreca,GF,28.739,30.689,38.377,
21,3,8,1:33.701,0,,28.544,0,30.505,2,34.652,0,178.8,13:41.765,12:03:41.765,0:28.544,0:30.505,0:34.652,293.5,Oliver JARVIS,,LMP2 Pro/Am,,United Autosports,Oreca,GF,28.544,30.505,34.652,
21,3,9,1:41.796,0,B,28.444,0,30.559,0,42.793,0,164.6,15:23.561,12:05:23.561,0:28.444,0:30.559,0:42.793,291.9,Oliver JARVIS,,LMP2 Pro/Am,,United Autosports,Oreca,GF,28.444,30.559,42.793,
21,3,10,8:59.512,0,,7:40.900,0,36.027,0,42.585,0,31.0,24:23.073,12:14:23.073,7:40.900,0:36.027,0:42.585,,Oliver JARVIS,0:07:12.864,LMP2 Pro/Am,,United Autosports,Oreca,GF,460.900,36.027,42.585,
21,3,11,1:39.762,0,,28.983,0,30.808,0,39.971,0,167.9,26:02.835,12:16:02.835,0:28.983,0:30.808,0:39.971,288.0,Oliver JARVIS,,LMP2 Pro/Am,,United Autosports,Oreca,GF,28.983,30.808,39.971,
21,3,12,1:34.300,0,,28.853,0,30.863,0,34.584,0,177.6,27:37.135,12:17:37.135,0:28.853,0:30.863,0:34.584,288.0,Oliver JARVIS,,LMP2 Pro/Am,,United Autosports,Oreca,GF,28.853,30.863,34.584,
21,3,13,1:42.517,0,B,28.787,0,31.069,0,42.661,0,163.4,29:19.652,12:19:19.652,0:28.787,0:31.069,0:42.661,289.5,Oliver JARVIS,,LMP2 Pro/Am,,United Autosports,Oreca,GF,28.787,31.069,42.661,
21,1,14,6:58.016,0,,5:48.532,0,32.602,0,36.882,0,40.1,36:17.668,12:26:17.668,5:48.532,0:32.602,0:36.882,,Daniel SCHNEIDER,0:05:19.666,LMP2 Pro/Am,,United Autosports,Oreca,GF,348.532,32.602,36.882,
21,1,15,1:38.197,0,,30.144,0,31.463,1,36.590,0,170.6,37:55.865,12:27:55.865,0:30.144,0:31.463,0:36.590,285.7,Daniel SCHNEIDER,,LMP2 Pro/Am,,United Autosports,Oreca,GF,30.144,31.463,36.590,
21,1,16,1:39.191,0,,30.123,0,31.741,0,37.327,0,168.9,39:35.056,12:29:35.056,0:30.123,0:31.741,0:37.327,281.2,Daniel SCHNEIDER,,LMP2 Pro/Am,,United Autosports,Oreca,GF,30.123,31.741,37.327,
21,1,17,1:39.525,0,,30.287,0,32.163,0,37.075,0,168.3,41:14.581,12:31:14.581,0:30.287,0:32.163,0:37.075,285.0,Daniel SCHNEIDER,,LMP2 Pro/Am,,United Autosports,Oreca,GF,30.287,32.163,37.075,
21,1,18,1:38.228,0,,29.885,0,31.728,0,36.615,0,170.5,42:52.809,12:32:52.809,0:29.885,0:31.728,0:36.615,282.0,Daniel SCHNEIDER,,LMP2 Pro/Am,,United Autosports,Oreca,GF,29.885,31.728,36.615,
21,1,19,1:39.452,0,,31.384,0,31.869,0,36.199,0,168.4,44:32.261,12:34:32.261,0:31.384,0:31.869,0:36.199,284.2,Daniel SCHNEIDER,,LMP2 Pro/Am,,United Autosports,Oreca,GF,31.384,31.869,36.199,
21,1,20,1:38.477,0,,29.857,0,31.547,0,37.073,0,170.1,46:10.738,12:36:10.738,0:29.857,0:31.547,0:37.073,286.5,Daniel SCHNEIDER,,LMP2 Pro/Am,,United Autosports,Oreca,GF,29.857,31.547,37.073,
21,1,21,1:40.101,0,,29.946,0,31.767,0,38.388,0,167.3,47:50.839,12:37:50.839,0:29.946,0:31.767,0:38.388,287.2,Daniel SCHNEIDER,,LMP2 Pro/Am,,United Autosports,Oreca,GF,29.946,31.767,38.388,
21,1,22,1:39.477,0,,31.531,0,31.895,0,36.051,0,168.4,49:30.316,12:39:30.316,0:31.531,0:31.895,0:36.051,282.0,Daniel SCHNEIDER,,LMP2 Pro/Am,,United Autosports,Oreca,GF,31.531,31.895,36.051,
21,1,23,1:40.373,0,,29.747,0,32.385,0,38.241,0,166.9,51:10.689,12:41:10.689,0:29.747,0:32.385,0:38.241,288.0,Daniel SCHNEIDER,,LMP2 Pro/Am,,United Autosports,Oreca,GF,29.747,32.385,38.241,
21,1,24,1:42.410,0,,30.623,0,34.102,0,37.685,0,163.6,52:53.099,12:42:53.099,0:30.623,0:34.102,0:37.685,284.2,Daniel SCHNEIDER,,LMP2 Pro/Am,,United Autosports,Oreca,GF,30.623,34.102,37.685,
21,1,25,1:42.953,0,,31.159,0,,0,,0,162.7,54:36.052,12:44:36.052,0:31.159,,,288.8,Daniel SCHNEIDER,,LMP2 Pro/Am,,United Autosports,Oreca,GF,31.159,,,
21,1,26,1:38.304,0,,29.900,0,31.937,0,36.467,0,170.4,56:14.356,12:46:14.356,0:29.900,0:31.937,0:36.467,286.5,Daniel SCHNEIDER,,LMP2 Pro/Am,,United Autosports,Oreca,GF,29.900,31.937,36.467,
21,1,27,1:38.326,0,,29.701,1,31.802,0,36.823,0,170.4,57:52.682,12:47:52.682,0:29.701,0:31.802,0:36.823,286.5,Daniel SCHNEIDER,,LMP2 Pro/Am,,United Autosports,Oreca,GF,29.701,31.802,36.823,
21,1,28,1:36.985,0,,29.774,0,31.672,0,35.539,1,172.7,59:29.667,12:49:29.667,0:29.774,0:31.672,0:35.539,285.0,Daniel SCHNEIDER,,LMP2 Pro/Am,,United Autosports,Oreca,GF,29.774,31.672,35.539,
21,1,29,1:46.654,0,B,29.773,0,32.480,0,44.401,0,157.1,1:01:16.321,12:51:16.321,0:29.773,0:32.480,0:44.401,288.8,Daniel SCHNEIDER,,LMP2 Pro/Am,,United Autosports,Oreca,GF,29.773,32.480,44.401,
21,2,30,4:35.383,0,,3:26.963,0,32.220,0,36.200,0,60.8,1:05:51.704,12:55:51.704,3:26.963,0:32.220,0:36.200,,Andrew MEYRICK,0:03:01.931,LMP2 Pro/Am,,United Autosports,Oreca,GF,206.963,32.220,36.200,
21,2,31,1:37.684,0,,29.430,0,32.295,0,35.959,0,171.5,1:07:29.388,12:57:29.388,0:29.430,0:32.295,0:35.959,288.8,Andrew MEYRICK,,LMP2 Pro/Am,,United Autosports,Oreca,GF,29.430,32.295,35.959,
21,2,32,1:36.586,0,,29.729,0,31.379,0,35.478,0,173.4,1:09:05.974,12:59:05.974,0:29.729,0:31.379,0:35.478,285.0,Andrew MEYRICK,,LMP2 Pro/Am,,United Autosports,Oreca,GF,29.729,31.379,35.478,
21,2,33,2:27.682,0,B,29.821,0,40.909,0,1:16.952,0,113.4,1:11:33.656,13:01:33.656,0:29.821,0:40.909,1:16.952,289.5,Andrew MEYRICK,,LMP2 Pro/Am,,United Autosports,Oreca,FCY,29.821,40.909,76.952,
21,2,34,3:45.647,0,,1:54.392,0,1:03.046,0,48.209,0,74.2,1:15:19.303,13:05:19.303,1:54.392,1:03.046,0:48.209,,Andrew MEYRICK,0:01:05.221,LMP2 Pro/Am,,United Autosports,Oreca,GF,114.392,63.046,48.209,
21,2,35,1:38.464,0,,30.532,0,32.604,0,35.328,0,170.1,1:16:57.767,13:06:57.767,0:30.532,0:32.604,0:35.328,285.7,Andrew MEYRICK,,LMP2 Pro/Am,,United Autosports,Oreca,GF,30.532,32.604,35.328,
21,2,36,1:36.134,0,,29.432,0,31.487,0,35.215,0,174.2,1:18:33.901,13:08:33.901,0:29.432,0:31.487,0:35.215,288.8,Andrew MEYRICK,,LMP2 Pro/Am,,United Autosports,Oreca,GF,29.432,31.487,35.215,
21,2,37,1:38.155,0,,29.246,0,31.242,0,37.667,0,170.7,1:20:12.056,13:10:12.056,0:29.246,0:31.242,0:37.667,288.8,Andrew MEYRICK,,LMP2 Pro/Am,,United Autosports,Oreca,GF,29.246,31.242,37.667,
21,2,38,1:37.850,0,,30.902,0,31.692,0,35.256,0,171.2,1:21:49.906,13:11:49.906,0:30.902,0:31.692,0:35.256,282.7,Andrew MEYRICK,,LMP2 Pro/Am,,United Autosports,Oreca,GF,30.902,31.692,35.256,
21,2,39,1:37.056,0,,30.411,0,31.479,0,35.166,0,172.6,1:23:26.962,13:13:26.962,0:30.411,0:31.479,0:35.166,290.3,Andrew MEYRICK,,LMP2 Pro/Am,,United Autosports,Oreca,GF,30.411,31.479,35.166,
21,2,40,1:35.569,0,,29.219,0,31.211,1,35.139,0,175.3,1:25:02.531,13:15:02.531,0:29.219,0:31.211,0:35.139,288.8,Andrew MEYRICK,,LMP2 Pro/Am,,United Autosports,Oreca,GF,29.219,31.211,35.139,
21,2,41,1:35.635,0,,29.093,1,31.530,0,35.012,1,175.2,1:26:38.166,13:16:38.166,0:29.093,0:31.530,0:35.012,290.3,Andrew MEYRICK,,LMP2 Pro/Am,,United Autosports,Oreca,GF,29.093,31.530,35.012,
21,2,42,1:36.888,0,,29.367,0,32.051,0,35.470,0,172.9,1:28:15.054,13:18:15.054,0:29.367,0:32.051,0:35.470,291.9,Andrew MEYRICK,,LMP2 Pro/Am,,United Autosports,Oreca,GF,29.367,32.051,35.470,
21,2,43,1:36.893,0,,30.035,0,31.363,0,35.495,0,172.9,1:29:51.947,13:19:51.947,0:30.035,0:31.363,0:35.495,293.5,Andrew MEYRICK,,LMP2 Pro/Am,,United Autosports,Oreca,GF,30.035,31.363,35.495,
21,2,44,1:37.046,0,,29.380,0,31.296,0,36.370,0,172.6,1:31:28.993,13:21:28.993,0:29.380,0:31.296,0:36.370,290.3,Andrew MEYRICK,,LMP2 Pro/Am,,United Autosports,Oreca,FF,29.380,31.296,36.370,
22,3,1,2:13.443,0,,1:00.373,0,35.924,0,37.146,0,118.3,2:13.443,11:52:13.443,1:00.373,0:35.924,0:37.146,,Benjamin HANLEY,0:00:25.696,LMP2,,United Autosports,Oreca,GF,60.373,35.924,37.146,
22,3,2,1:44.200,0,,31.906,0,34.782,0,37.512,0,160.8,3:57.643,11:53:57.643,0:31.906,0:34.782,0:37.512,270.0,Benjamin HANLEY,,LMP2,,United Autosports,Oreca,GF,31.906,34.782,37.512,
22,3,3,1:33.892,0,,28.643,0,30.504,0,34.745,0,178.4,5:31.535,11:55:31.535,0:28.643,0:30.504,0:34.745,291.9,Benjamin HANLEY,,LMP2,,United Autosports,Oreca,GF,28.643,30.504,34.745,
22,3,4,1:33.141,0,,28.531,0,30.304,2,34.306,2,179.8,7:04.676,11:57:04.676,0:28.531,0:30.304,0:34.306,293.5,Benjamin HANLEY,,LMP2,,United Autosports,Oreca,GF,28.531,30.304,34.306,
22,3,5,1:33.959,0,,28.436,2,30.563,0,34.960,0,178.3,8:38.635,11:58:38.635,0:28.436,0:30.563,0:34.960,294.3,Benjamin HANLEY,,LMP2,,United Autosports,Oreca,GF,28.436,30.563,34.960,
22,3,6,1:40.328,0,B,28.661,0,30.318,0,41.349,0,167.0,10:18.963,12:00:18.963,0:28.661,0:30.318,0:41.349,295.1,Benjamin HANLEY,,LMP2,,United Autosports,Oreca,GF,28.661,30.318,41.349,
22,2,7,6:44.965,0,,5:38.521,0,31.071,0,35.373,0,41.4,17:03.928,12:07:03.928,5:38.521,0:31.071,0:35.373,,Marino SATO,0:05:13.432,LMP2,,United Autosports,Oreca,GF,338.521,31.071,35.373,
22,2,8,1:34.444,0,,28.984,0,30.763,0,34.697,0,177.4,18:38.372,12:08:38.372,0:28.984,0:30.763,0:34.697,286.5,Marino SATO,,LMP2,,United Autosports,Oreca,GF,28.984,30.763,34.697,
22,2,9,1:33.830,2,,28.590,1,30.863,0,34.377,1,178.5,20:12.202,12:10:12.202,0:28.590,0:30.863,0:34.377,291.9,Marino SATO,,LMP2,,United Autosports,Oreca,GF,28.590,30.863,34.377,
22,2,10,1:34.432,0,,29.380,0,30.542,1,34.510,0,177.4,21:46.634,12:11:46.634,0:29.380,0:30.542,0:34.510,291.9,Marino SATO,,LMP2,,United Autosports,Oreca,GF,29.380,30.542,34.510,
22,2,11,1:34.918,0,,29.361,0,31.153,0,34.404,0,176.5,23:21.552,12:13:21.552,0:29.361,0:31.153,0:34.404,291.1,Marino SATO,,LMP2,,United Autosports,Oreca,GF,29.361,31.153,34.404,
22,2,12,1:34.780,0,,28.845,0,31.280,0,34.655,0,176.7,24:56.332,12:14:56.332,0:28.845,0:31.280,0:34.655,291.9,Marino SATO,,LMP2,,United Autosports,Oreca,GF,28.845,31.280,34.655,
22,2,13,1:34.315,0,,28.806,0,30.797,0,34.712,0,177.6,26:30.647,12:16:30.647,0:28.806,0:30.797,0:34.712,294.3,Marino SATO,,LMP2,,United Autosports,Oreca,GF,28.806,30.797,34.712,
22,2,14,1:35.363,0,,29.347,0,30.981,0,35.035,0,175.7,28:06.010,12:18:06.010,0:29.347,0:30.981,0:35.035,293.5,Marino SATO,,LMP2,,United Autosports,Oreca,GF,29.347,30.981,35.035,
22,2,15,1:36.113,0,,30.572,0,30.947,0,34.594,0,174.3,29:42.123,12:19:42.123,0:30.572,0:30.947,0:34.594,294.3,Marino SATO,,LMP2,,United Autosports,Oreca,GF,30.572,30.947,34.594,
22,2,16,1:34.520,0,,28.920,0,30.968,0,34.632,0,177.2,31:16.643,12:21:16.643,0:28.920,0:30.968,0:34.632,291.9,Marino SATO,,LMP2,,United Autosports,Oreca,GF,28.920,30.968,34.632,
22,2,17,1:34.711,0,,29.331,0,30.776,0,34.604,0,176.9,32:51.354,12:22:51.354,0:29.331,0:30.776,0:34.604,291.1,Marino SATO,,LMP2,,United Autosports,Oreca,GF,29.331,30.776,34.604,
22,2,18,1:34.893,0,,29.151,0,31.189,0,34.553,0,176.5,34:26.247,12:24:26.247,0:29.151,0:31.189,0:34.553,295.1,Marino SATO,,LMP2,,United Autosports,Oreca,GF,29.151,31.189,34.553,
22,2,19,1:35.849,0,,28.761,0,32.081,0,35.007,0,174.8,36:02.096,12:26:02.096,0:28.761,0:32.081,0:35.007,294.3,Marino SATO,,LMP2,,United Autosports,Oreca,GF,28.761,32.081,35.007,
22,2,20,1:34.691,0,,29.150,0,30.974,0,34.567,0,176.9,37:36.787,12:27:36.787,0:29.150,0:30.974,0:34.567,290.3,Marino SATO,,LMP2,,United Autosports,Oreca,GF,29.150,30.974,34.567,
22,2,21,1:34.143,0,,28.713,0,30.841,0,34.589,0,177.9,39:10.930,12:29:10.930,0:28.713,0:30.841,0:34.589,291.1,Marino SATO,,LMP2,,United Autosports,Oreca,GF,28.713,30.841,34.589,
22,2,22,1:35.544,0,,28.719,0,30.832,0,35.993,0,175.3,40:46.474,12:30:46.474,0:28.719,0:30.832,0:35.993,292.7,Marino SATO,,LMP2,,United Autosports,Oreca,GF,28.719,30.832,35.993,
22,2,23,1:35.448,0,,29.196,0,31.232,0,35.020,0,175.5,42:21.922,12:32:21.922,0:29.196,0:31.232,0:35.020,291.1,Marino SATO,,LMP2,,United Autosports,Oreca,GF,29.196,31.232,35.020,
22,2,24,1:35.860,0,,28.755,0,32.024,0,35.081,0,174.7,43:57.782,12:33:57.782,0:28.755,0:32.024,0:35.081,291.1,Marino SATO,,LMP2,,United Autosports,Oreca,GF,28.755,32.024,35.081,
22,2,25,1:35.348,0,,29.530,0,30.916,0,34.902,0,175.7,45:33.130,12:35:33.130,0:29.530,0:30.916,0:34.902,293.5,Marino SATO,,LMP2,,United Autosports,Oreca,GF,29.530,30.916,34.902,
22,2,26,1:35.952,0,,28.792,0,31.288,0,35.872,0,174.6,47:09.082,12:37:09.082,0:28.792,0:31.288,0:35.872,292.7,Marino SATO,,LMP2,,United Autosports,Oreca,GF,28.792,31.288,35.872,
22,2,27,1:34.497,0,,29.045,0,30.741,0,34.711,0,177.3,48:43.579,12:38:43.579,0:29.045,0:30.741,0:34.711,292.7,Marino SATO,,LMP2,,United Autosports,Oreca,GF,29.045,30.741,34.711,
22,2,28,1:34.114,0,,28.573,0,30.988,0,34.553,0,178.0,50:17.693,12:40:17.693,0:28.573,0:30.988,0:34.553,293.5,Marino SATO,,LMP2,,United Autosports,Oreca,GF,28.573,30.988,34.553,
22,2,29,1:34.562,0,,28.927,0,30.745,0,34.890,0,177.1,51:52.255,12:41:52.255,0:28.927,0:30.745,0:34.890,294.3,Marino SATO,,LMP2,,United Autosports,Oreca,GF,28.927,30.745,34.890,
22,2,30,1:35.616,0,,29.106,0,31.035,0,35.475,0,175.2,53:27.871,12:43:27.871,0:29.106,0:31.035,0:35.475,293.5,Marino SATO,,LMP2,,United Autosports,Oreca,GF,29.106,31.035,35.475,
22,2,31,1:34.396,0,,29.049,0,30.785,0,34.562,0,177.5,55:02.267,12:45:02.267,0:29.049,0:30.785,0:34.562,293.5,Marino SATO,,LMP2,,United Autosports,Oreca,GF,29.049,30.785,34.562,
22,2,32,1:41.740,0,B,29.254,0,31.180,0,41.306,0,164.6,56:44.007,12:46:44.007,0:29.254,0:31.180,0:41.306,294.3,Marino SATO,,LMP2,,United Autosports,Oreca,GF,29.254,31.180,41.306,
22,1,33,3:10.746,0,,2:02.394,0,32.477,0,35.875,0,87.8,59:54.753,12:49:54.753,2:02.394,0:32.477,0:35.875,,Filip UGRAN,0:01:37.173,LMP2,,United Autosports,Oreca,GF,122.394,32.477,35.875,
22,1,34,1:38.696,0,,29.424,0,32.248,0,37.024,0,169.7,1:01:33.449,12:51:33.449,0:29.424,0:32.248,0:37.024,291.1,Filip UGRAN,,LMP2,,United Autosports,Oreca,GF,29.424,32.248,37.024,
22,1,35,1:36.921,0,,29.616,0,31.999,0,35.306,0,172.8,1:03:10.370,12:53:10.370,0:29.616,0:31.999,0:35.306,288.8,Filip UGRAN,,LMP2,,United Autosports,Oreca,GF,29.616,31.999,35.306,
22,1,36,1:36.110,0,,29.350,0,31.504,0,35.256,0,174.3,1:04:46.480,12:54:46.480,0:29.350,0:31.504,0:35.256,290.3,Filip UGRAN,,LMP2,,United Autosports,Oreca,GF,29.350,31.504,35.256,
22,1,37,1:36.856,0,,30.423,0,31.356,0,35.077,0,172.9,1:06:23.336,12:56:23.336,0:30.423,0:31.356,0:35.077,290.3,Filip UGRAN,,LMP2,,United Autosports,Oreca,GF,30.423,31.356,35.077,
22,1,38,1:36.278,0,,29.113,0,31.328,0,35.837,0,174.0,1:07:59.614,12:57:59.614,0:29.113,0:31.328,0:35.837,291.9,Filip UGRAN,,LMP2,,United Autosports,Oreca,GF,29.113,31.328,35.837,
22,1,39,1:36.980,0,,29.389,0,31.585,0,36.006,0,172.7,1:09:36.594,12:59:36.594,0:29.389,0:31.585,0:36.006,290.3,Filip UGRAN,,LMP2,,United Autosports,Oreca,GF,29.389,31.585,36.006,
22,1,40,2:52.890,0,,34.808,0,1:03.306,0,1:14.776,0,96.9,1:12:29.484,13:02:29.484,0:34.808,1:03.306,1:14.776,288.8,Filip UGRAN,,LMP2,,United Autosports,Oreca,FCY,34.808,63.306,74.776,
22,1,41,2:59.974,0,,1:11.795,0,1:03.112,0,45.067,0,93.1,1:15:29.458,13:05:29.458,1:11.795,1:03.112,0:45.067,78.5,Filip UGRAN,,LMP2,,United Autosports,Oreca,GF,71.795,63.112,45.067,
22,1,42,1:38.534,0,,30.169,0,32.062,0,36.303,0,170.0,1:17:07.992,13:07:07.992,0:30.169,0:32.062,0:36.303,286.5,Filip UGRAN,,LMP2,,United Autosports,Oreca,GF,30.169,32.062,36.303,
22,1,43,1:36.517,0,,29.456,0,32.016,0,35.045,1,173.6,1:18:44.509,13:08:44.509,0:29.456,0:32.016,0:35.045,289.5,Filip UGRAN,,LMP2,,United Autosports,Oreca,GF,29.456,32.016,35.045,
22,1,44,1:36.865,0,,29.645,0,31.207,0,36.013,0,172.9,1:20:21.374,13:10:21.374,0:29.645,0:31.207,0:36.013,292.7,Filip UGRAN,,LMP2,,United Autosports,Oreca,GF,29.645,31.207,36.013,
22,1,45,1:36.683,0,,29.918,0,31.302,0,35.463,0,173.3,1:21:58.057,13:11:58.057,0:29.918,0:31.302,0:35.463,285.0,Filip UGRAN,,LMP2,,United Autosports,Oreca,GF,29.918,31.302,35.463,
22,1,46,1:36.656,0,,29.902,0,31.169,0,35.585,0,173.3,1:23:34.713,13:13:34.713,0:29.902,0:31.169,0:35.585,290.3,Filip UGRAN,,LMP2,,United Autosports,Oreca,GF,29.902,31.169,35.585,
22,1,47,1:35.541,0,,29.130,0,31.203,0,35.208,0,175.3,1:25:10.254,13:15:10.254,0:29.130,0:31.203,0:35.208,291.9,Filip UGRAN,,LMP2,,United Autosports,Oreca,GF,29.130,31.203,35.208,
22,1,48,1:35.371,0,,29.084,0,31.107,0,35.180,0,175.6,1:26:45.625,13:16:45.625,0:29.084,0:31.107,0:35.180,290.3,Filip UGRAN,,LMP2,,United Autosports,Oreca,GF,29.084,31.107,35.180,
22,1,49,1:36.652,0,,29.003,1,31.801,0,35.848,0,173.3,1:28:22.277,13:18:22.277,0:29.003,0:31.801,0:35.848,292.7,Filip UGRAN,,LMP2,,United Autosports,Oreca,GF,29.003,31.801,35.848,
22,1,50,1:37.513,0,,29.880,0,31.313,0,36.320,0,171.8,1:29:59.790,13:19:59.790,0:29.880,0:31.313,0:36.320,289.5,Filip UGRAN,,LMP2,,United Autosports,Oreca,GF,29.880,31.313,36.320,
22,1,51,1:35.474,0,,29.258,0,30.824,1,35.392,0,175.4,1:31:35.264,13:21:35.264,0:29.258,0:30.824,0:35.392,285.0,Filip UGRAN,,LMP2,,United Autosports,Oreca,FF,29.258,30.824,35.392,
23,3,1,3:29.513,0,,2:16.267,0,35.814,0,37.432,0,75.3,3:29.513,11:53:29.513,2:16.267,0:35.814,0:37.432,,Paul DI RESTA,0:01:40.478,LMP2,,United Autosports,Oreca,GF,136.267,35.814,37.432,
23,3,2,1:42.441,0,,30.848,0,32.022,0,39.571,0,163.5,5:11.954,11:55:11.954,0:30.848,0:32.022,0:39.571,285.0,Paul DI RESTA,,LMP2,,United Autosports,Oreca,GF,30.848,32.022,39.571,
23,3,3,1:39.432,0,,30.403,0,33.007,0,36.022,0,168.5,6:51.386,11:56:51.386,0:30.403,0:33.007,0:36.022,288.8,Paul DI RESTA,,LMP2,,United Autosports,Oreca,GF,30.403,33.007,36.022,
23,3,4,1:33.010,2,,28.619,0,30.389,0,34.002,2,180.1,8:24.396,11:58:24.396,0:28.619,0:30.389,0:34.002,295.1,Paul DI RESTA,,LMP2,,United Autosports,Oreca,GF,28.619,30.389,34.002,
23,3,5,1:36.539,0,,28.407,0,31.430,0,36.702,0,173.5,10:00.935,12:00:00.935,0:28.407,0:31.430,0:36.702,295.1,Paul DI RESTA,,LMP2,,United Autosports,Oreca,GF,28.407,31.430,36.702,
23,3,6,1:35.760,0,,28.356,0,31.532,0,35.872,0,174.9,11:36.695,12:01:36.695,0:28.356,0:31.532,0:35.872,291.1,Paul DI RESTA,,LMP2,,United Autosports,Oreca,GF,28.356,31.532,35.872,
23,3,7,1:39.358,0,,30.597,0,32.439,0,36.322,0,168.6,13:16.053,12:03:16.053,0:30.597,0:32.439,0:36.322,290.3,Paul DI RESTA,,LMP2,,United Autosports,Oreca,GF,30.597,32.439,36.322,
23,3,8,1:33.151,0,,28.367,0,30.639,0,34.145,0,179.8,14:49.204,12:04:49.204,0:28.367,0:30.639,0:34.145,291.1,Paul DI RESTA,,LMP2,,United Autosports,Oreca,GF,28.367,30.639,34.145,
23,3,9,1:32.694,0,,28.289,0,30.236,2,34.169,0,180.7,16:21.898,12:06:21.898,0:28.289,0:30.236,0:34.169,290.3,Paul DI RESTA,,LMP2,,United Autosports,Oreca,GF,28.289,30.236,34.169,
23,3,10,1:40.062,0,B,28.257,2,31.425,0,40.380,0,167.4,18:01.960,12:08:01.960,0:28.257,0:31.425,0:40.380,291.9,Paul DI RESTA,,LMP2,,United Autosports,Oreca,GF,28.257,31.425,40.380,
23,2,11,5:18.554,0,,4:12.683,0,31.048,0,34.823,0,52.6,23:20.514,12:13:20.514,4:12.683,0:31.048,0:34.823,,Fabio SCHERER,0:03:48.258,LMP2,,United Autosports,Oreca,GF,252.683,31.048,34.823,
23,2,12,1:34.527,0,,29.305,0,30.690,0,34.532,0,177.2,24:55.041,12:14:55.041,0:29.305,0:30.690,0:34.532,290.3,Fabio SCHERER,,LMP2,,United Autosports,Oreca,GF,29.305,30.690,34.532,
23,2,13,1:34.755,0,,29.357,0,30.753,0,34.645,0,176.8,26:29.796,12:16:29.796,0:29.357,0:30.753,0:34.645,293.5,Fabio SCHERER,,LMP2,,United Autosports,Oreca,GF,29.357,30.753,34.645,
23,2,14,1:34.947,0,,29.012,0,30.890,0,35.045,0,176.4,28:04.743,12:18:04.743,0:29.012,0:30.890,0:35.045,291.1,Fabio SCHERER,,LMP2,,United Autosports,Oreca,GF,29.012,30.890,35.045,
23,2,15,1:35.947,0,,30.377,0,30.938,0,34.632,0,174.6,29:40.690,12:19:40.690,0:30.377,0:30.938,0:34.632,292.7,Fabio SCHERER,,LMP2,,United Autosports,Oreca,GF,30.377,30.938,34.632,
23,2,16,1:34.259,0,,28.925,0,30.703,0,34.631,0,177.7,31:14.949,12:21:14.949,0:28.925,0:30.703,0:34.631,290.3,Fabio SCHERER,,LMP2,,United Autosports,Oreca,GF,28.925,30.703,34.631,
23,2,17,1:34.963,0,,29.275,0,30.806,0,34.882,0,176.4,32:49.912,12:22:49.912,0:29.275,0:30.806,0:34.882,294.3,Fabio SCHERER,,LMP2,,United Autosports,Oreca,GF,29.275,30.806,34.882,
23,2,18,1:34.677,0,,28.875,0,30.819,0,34.983,0,176.9,34:24.589,12:24:24.589,0:28.875,0:30.819,0:34.983,296.7,Fabio SCHERER,,LMP2,,United Autosports,Oreca,GF,28.875,30.819,34.983,
23,2,19,1:40.866,0,B,29.417,0,30.943,0,40.506,0,166.1,36:05.455,12:26:05.455,0:29.417,0:30.943,0:40.506,292.7,Fabio SCHERER,,LMP2,,United Autosports,Oreca,GF,29.417,30.943,40.506,
23,2,20,3:33.692,0,,2:27.969,0,30.909,0,34.814,0,78.4,39:39.147,12:29:39.147,2:27.969,0:30.909,0:34.814,,Fabio SCHERER,0:02:04.226,LMP2,,United Autosports,Oreca,GF,147.969,30.909,34.814,
23,2,21,1:33.914,0,,28.674,0,30.603,0,34.637,0,178.4,41:13.061,12:31:13.061,0:28.674,0:30.603,0:34.637,290.3,Fabio SCHERER,,LMP2,,United Autosports,Oreca,GF,28.674,30.603,34.637,
23,2,22,1:33.495,0,,28.647,0,30.401,1,34.447,1,179.2,42:46.556,12:32:46.556,0:28.647,0:30.401,0:34.447,289.5,Fabio SCHERER,,LMP2,,United Autosports,Oreca,GF,28.647,30.401,34.447,
23,2,23,1:33.934,0,,28.501,1,30.947,0,34.486,0,178.3,44:20.490,12:34:20.490,0:28.501,0:30.947,0:34.486,291.1,Fabio SCHERER,,LMP2,,United Autosports,Oreca,GF,28.501,30.947,34.486,
23,2,24,1:33.984,0,,28.796,0,30.576,0,34.612,0,178.2,45:54.474,12:35:54.474,0:28.796,0:30.576,0:34.612,291.9,Fabio SCHERER,,LMP2,,United Autosports,Oreca,GF,28.796,30.576,34.612,
23,2,25,1:35.393,0,,28.627,0,30.887,0,35.879,0,175.6,47:29.867,12:37:29.867,0:28.627,0:30.887,0:35.879,292.7,Fabio SCHERER,,LMP2,,United Autosports,Oreca,GF,28.627,30.887,35.879,
23,2,26,1:35.470,0,,29.881,0,30.866,0,34.723,0,175.5,49:05.337,12:39:05.337,0:29.881,0:30.866,0:34.723,291.1,Fabio SCHERER,,LMP2,,United Autosports,Oreca,GF,29.881,30.866,34.723,
23,2,27,1:42.468,0,B,28.742,0,32.899,0,40.827,0,163.5,50:47.805,12:40:47.805,0:28.742,0:32.899,0:40.827,293.5,Fabio SCHERER,,LMP2,,United Autosports,Oreca,GF,28.742,32.899,40.827,
23,1,28,3:04.917,0,,1:56.041,0,32.124,0,36.752,0,90.6,53:52.722,12:43:52.722,1:56.041,0:32.124,0:36.752,,Bijoy GARG,0:01:30.331,LMP2,,United Autosports,Oreca,GF,116.041,32.124,36.752,
23,1,29,1:36.418,0,,29.406,0,31.519,0,35.493,0,173.7,55:29.140,12:45:29.140,0:29.406,0:31.519,0:35.493,289.5,Bijoy GARG,,LMP2,,United Autosports,Oreca,GF,29.406,31.519,35.493,
23,1,30,1:37.179,0,,30.429,0,31.516,0,35.234,0,172.4,57:06.319,12:47:06.319,0:30.429,0:31.516,0:35.234,291.1,Bijoy GARG,,LMP2,,United Autosports,Oreca,GF,30.429,31.516,35.234,
23,1,31,1:36.203,0,,29.320,0,31.485,0,35.398,0,174.1,58:42.522,12:48:42.522,0:29.320,0:31.485,0:35.398,295.1,Bijoy GARG,,LMP2,,United Autosports,Oreca,GF,29.320,31.485,35.398,
23,1,32,1:44.516,0,,29.712,0,36.946,0,37.858,0,160.3,1:00:27.038,12:50:27.038,0:29.712,0:36.946,0:37.858,294.3,Bijoy GARG,,LMP2,,United Autosports,Oreca,GF,29.712,36.946,37.858,
23,1,33,1:35.900,0,,29.273,0,31.670,0,34.957,1,174.7,1:02:02.938,12:52:02.938,0:29.273,0:31.670,0:34.957,290.3,Bijoy GARG,,LMP2,,United Autosports,Oreca,GF,29.273,31.670,34.957,
23,1,34,1:43.308,0,,29.709,0,31.087,0,42.512,0,162.1,1:03:46.246,12:53:46.246,0:29.709,0:31.087,0:42.512,291.9,Bijoy GARG,,LMP2,,United Autosports,Oreca,GF,29.709,31.087,42.512,
23,1,35,1:36.556,0,,29.236,0,31.430,0,35.890,0,173.5,1:05:22.802,12:55:22.802,0:29.236,0:31.430,0:35.890,293.5,Bijoy GARG,,LMP2,,United Autosports,Oreca,GF,29.236,31.430,35.890,
23,1,36,1:35.585,0,,29.075,0,31.338,0,35.172,0,175.2,1:06:58.387,12:56:58.387,0:29.075,0:31.338,0:35.172,292.7,Bijoy GARG,,LMP2,,United Autosports,Oreca,GF,29.075,31.338,35.172,
23,1,37,1:36.343,0,,29.456,0,31.283,0,35.604,0,173.9,1:08:34.730,12:58:34.730,0:29.456,0:31.283,0:35.604,290.3,Bijoy GARG,,LMP2,,United Autosports,Oreca,GF,29.456,31.283,35.604,
23,1,38,1:53.524,0,,29.384,0,30.941,0,53.199,0,147.6,1:10:28.254,13:00:28.254,0:29.384,0:30.941,0:53.199,285.0,Bijoy GARG,,LMP2,,United Autosports,Oreca,FCY,29.384,30.941,53.199,
23,1,39,3:30.772,0,,1:12.433,0,1:03.102,0,1:15.237,0,79.5,1:13:59.026,13:03:59.026,1:12.433,1:03.102,1:15.237,78.0,Bijoy GARG,,LMP2,,United Autosports,Oreca,FCY,72.433,63.102,75.237,
23,1,40,2:15.465,0,,1:07.258,0,32.928,0,35.279,0,123.7,1:16:14.491,13:06:14.491,1:07.258,0:32.928,0:35.279,79.3,Bijoy GARG,,LMP2,,United Autosports,Oreca,GF,67.258,32.928,35.279,
23,1,41,1:35.008,0,,28.976,1,30.859,1,35.173,0,176.3,1:17:49.499,13:07:49.499,0:28.976,0:30.859,0:35.173,288.8,Bijoy GARG,,LMP2,,United Autosports,Oreca,GF,28.976,30.859,35.173,
23,1,42,1:37.617,0,,29.304,0,32.156,0,36.157,0,171.6,1:19:27.116,13:09:27.116,0:29.304,0:32.156,0:36.157,291.9,Bijoy GARG,,LMP2,,United Autosports,Oreca,GF,29.304,32.156,36.157,
23,1,43,1:35.563,0,,29.131,0,31.033,0,35.399,0,175.3,1:21:02.679,13:11:02.679,0:29.131,0:31.033,0:35.399,289.5,Bijoy GARG,,LMP2,,United Autosports,Oreca,GF,29.131,31.033,35.399,
23,1,44,1:38.798,0,,30.958,0,32.786,0,35.054,0,169.5,1:22:41.477,13:12:41.477,0:30.958,0:32.786,0:35.054,293.5,Bijoy GARG,,LMP2,,United Autosports,Oreca,GF,30.958,32.786,35.054,
23,1,45,1:37.548,0,,29.386,0,31.617,0,36.545,0,171.7,1:24:19.025,13:14:19.025,0:29.386,0:31.617,0:36.545,291.9,Bijoy GARG,,LMP2,,United Autosports,Oreca,GF,29.386,31.617,36.545,
23,1,46,1:35.938,0,,29.666,0,31.281,0,34.991,0,174.6,1:25:54.963,13:15:54.963,0:29.666,0:31.281,0:34.991,285.0,Bijoy GARG,,LMP2,,United Autosports,Oreca,GF,29.666,31.281,34.991,
23,1,47,1:35.964,0,,29.564,0,31.342,0,35.058,0,174.6,1:27:30.927,13:17:30.927,0:29.564,0:31.342,0:35.058,288.0,Bijoy GARG,,LMP2,,United Autosports,Oreca,GF,29.564,31.342,35.058,
23,1,48,1:36.471,0,,29.090,0,31.204,0,36.177,0,173.6,1:29:07.398,13:19:07.398,0:29.090,0:31.204,0:36.177,291.9,Bijoy GARG,,LMP2,,United Autosports,Oreca,GF,29.090,31.204,36.177,
23,1,49,1:36.470,0,,29.394,0,31.255,0,35.821,0,173.6,1:30:43.868,13:20:43.868,0:29.394,0:31.255,0:35.821,295.1,Bijoy GARG,,LMP2,,United Autosports,Oreca,FF,29.394,31.255,35.821,
24,1,1,2:03.437,0,,44.630,0,39.565,0,39.242,0,127.9,2:03.437,11:52:03.437,0:44.630,0:39.565,0:39.242,,John FALB,0:00:06.401,LMP2 Pro/Am,,Nielsen Racing,Oreca,GF,44.630,39.565,39.242,
24,1,2,1:41.314,0,,31.852,0,32.298,0,37.164,0,165.3,3:44.751,11:53:44.751,0:31.852,0:32.298,0:37.164,280.5,John FALB,,LMP2 Pro/Am,,Nielsen Racing,Oreca,GF,31.852,32.298,37.164,
24,1,3,1:41.076,0,,29.844,0,33.799,0,37.433,0,165.7,5:25.827,11:55:25.827,0:29.844,0:33.799,0:37.433,285.0,John FALB,,LMP2 Pro/Am,,Nielsen Racing,Oreca,GF,29.844,33.799,37.433,
24,1,4,1:34.919,0,,29.121,0,30.845,1,34.953,1,176.5,7:00.746,11:57:00.746,0:29.121,0:30.845,0:34.953,288.8,John FALB,,LMP2 Pro/Am,,Nielsen Racing,Oreca,GF,29.121,30.845,34.953,
24,1,5,1:35.510,0,,29.051,1,31.168,0,35.291,0,175.4,8:36.256,11:58:36.256,0:29.051,0:31.168,0:35.291,291.1,John FALB,,LMP2 Pro/Am,,Nielsen Racing,Oreca,GF,29.051,31.168,35.291,
24,1,6,1:35.229,0,,29.304,0,30.953,0,34.972,0,175.9,10:11.485,12:00:11.485,0:29.304,0:30.953,0:34.972,291.9,John FALB,,LMP2 Pro/Am,,Nielsen Racing,Oreca,GF,29.304,30.953,34.972,
24,1,7,1:38.244,0,,30.573,0,31.067,0,36.604,0,170.5,11:49.729,12:01:49.729,0:30.573,0:31.067,0:36.604,293.5,John FALB,,LMP2 Pro/Am,,Nielsen Racing,Oreca,GF,30.573,31.067,36.604,
24,1,8,1:45.963,0,B,29.076,0,31.936,0,44.951,0,158.1,13:35.692,12:03:35.692,0:29.076,0:31.936,0:44.951,291.9,John FALB,,LMP2 Pro/Am,,Nielsen Racing,Oreca,GF,29.076,31.936,44.951,
24,1,9,6:57.969,0,,5:49.880,0,31.962,0,36.127,0,40.1,20:33.661,12:10:33.661,5:49.880,0:31.962,0:36.127,,John FALB,0:05:23.337,LMP2 Pro/Am,,Nielsen Racing,Oreca,GF,349.880,31.962,36.127,
24,1,10,1:35.469,0,,29.291,0,31.138,0,35.040,0,175.5,22:09.130,12:12:09.130,0:29.291,0:31.138,0:35.040,286.5,John FALB,,LMP2 Pro/Am,,Nielsen Racing,Oreca,GF,29.291,31.138,35.040,
24,1,11,1:37.047,0,,29.320,0,31.694,0,36.033,0,172.6,23:46.177,12:13:46.177,0:29.320,0:31.694,0:36.033,288.0,John FALB,,LMP2 Pro/Am,,Nielsen Racing,Oreca,GF,29.320,31.694,36.033,
24,1,12,1:43.360,0,B,29.342,0,31.394,0,42.624,0,162.1,25:29.537,12:15:29.537,0:29.342,0:31.394,0:42.624,288.8,John FALB,,LMP2 Pro/Am,,Nielsen Racing,Oreca,GF,29.342,31.394,42.624,
24,2,13,2:54.412,0,,1:46.372,0,31.875,0,36.165,0,96.0,28:23.949,12:18:23.949,1:46.372,0:31.875,0:36.165,,Colin NOBLE,0:01:17.822,LMP2 Pro/Am,,Nielsen Racing,Oreca,GF,106.372,31.875,36.165,
24,2,14,1:36.770,0,,29.946,0,31.496,0,35.328,0,173.1,30:00.719,12:20:00.719,0:29.946,0:31.496,0:35.328,295.1,Colin NOBLE,,LMP2 Pro/Am,,Nielsen Racing,Oreca,GF,29.946,31.496,35.328,
24,2,15,1:35.824,0,,29.553,0,31.331,0,34.940,0,174.8,31:36.543,12:21:36.543,0:29.553,0:31.331,0:34.940,291.1,Colin NOBLE,,LMP2 Pro/Am,,Nielsen Racing,Oreca,GF,29.553,31.331,34.940,
24,2,16,1:35.064,0,,29.098,0,30.948,0,35.018,0,176.2,33:11.607,12:23:11.607,0:29.098,0:30.948,0:35.018,292.7,Colin NOBLE,,LMP2 Pro/Am,,Nielsen Racing,Oreca,GF,29.098,30.948,35.018,
24,2,17,1:34.890,0,,29.114,0,30.615,1,35.161,0,176.5,34:46.497,12:24:46.497,0:29.114,0:30.615,0:35.161,291.1,Colin NOBLE,,LMP2 Pro/Am,,Nielsen Racing,Oreca,GF,29.114,30.615,35.161,
24,2,18,1:36.758,0,,29.739,0,31.439,0,35.580,0,173.1,36:23.255,12:26:23.255,0:29.739,0:31.439,0:35.580,291.9,Colin NOBLE,,LMP2 Pro/Am,,Nielsen Racing,Oreca,GF,29.739,31.439,35.580,
24,2,19,1:35.483,0,,29.945,0,30.694,0,34.844,0,175.4,37:58.738,12:27:58.738,0:29.945,0:30.694,0:34.844,291.9,Colin NOBLE,,LMP2 Pro/Am,,Nielsen Racing,Oreca,GF,29.945,30.694,34.844,
24,2,20,1:35.206,0,,29.073,0,30.960,0,35.173,0,175.9,39:33.944,12:29:33.944,0:29.073,0:30.960,0:35.173,290.3,Colin NOBLE,,LMP2 Pro/Am,,Nielsen Racing,Oreca,GF,29.073,30.960,35.173,
24,2,21,1:34.515,0,,28.926,0,30.697,0,34.892,0,177.2,41:08.459,12:31:08.459,0:28.926,0:30.697,0:34.892,288.8,Colin NOBLE,,LMP2 Pro/Am,,Nielsen Racing,Oreca,GF,28.926,30.697,34.892,
24,2,22,1:34.172,0,,28.832,1,30.713,0,34.627,1,177.9,42:42.631,12:32:42.631,0:28.832,0:30.713,0:34.627,289.5,Colin NOBLE,,LMP2 Pro/Am,,Nielsen Racing,Oreca,GF,28.832,30.713,34.627,
24,2,23,1:34.977,0,,29.380,0,30.848,0,34.749,0,176.4,44:17.608,12:34:17.608,0:29.380,0:30.848,0:34.749,291.1,Colin NOBLE,,LMP2 Pro/Am,,Nielsen Racing,Oreca,GF,29.380,30.848,34.749,
24,2,24,1:43.003,0,B,29.237,0,31.365,0,42.401,0,162.6,46:00.611,12:36:00.611,0:29.237,0:31.365,0:42.401,292.7,Colin NOBLE,,LMP2 Pro/Am,,Nielsen Racing,Oreca,GF,29.237,31.365,42.401,
24,3,25,5:02.541,0,,3:54.135,0,31.924,0,36.482,0,55.4,51:03.152,12:41:03.152,3:54.135,0:31.924,0:36.482,,Nicholas YELLOLY,0:03:27.692,LMP2 Pro/Am,,Nielsen Racing,Oreca,GF,234.135,31.924,36.482,
24,3,26,1:36.895,0,,29.967,0,31.049,0,35.879,0,172.9,52:40.047,12:42:40.047,0:29.967,0:31.049,0:35.879,286.5,Nicholas YELLOLY,,LMP2 Pro/Am,,Nielsen Racing,Oreca,GF,29.967,31.049,35.879,
24,3,27,1:34.548,0,,28.669,0,30.865,0,35.014,0,177.2,54:14.595,12:44:14.595,0:28.669,0:30.865,0:35.014,289.5,Nicholas YELLOLY,,LMP2 Pro/Am,,Nielsen Racing,Oreca,GF,28.669,30.865,35.014,
24,3,28,1:34.849,0,,28.666,0,30.771,0,35.412,0,176.6,55:49.444,12:45:49.444,0:28.666,0:30.771,0:35.412,291.9,Nicholas YELLOLY,,LMP2 Pro/Am,,Nielsen Racing,Oreca,GF,28.666,30.771,35.412,
24,3,29,1:36.178,0,,28.848,0,31.363,0,35.967,0,174.2,57:25.622,12:47:25.622,0:28.848,0:31.363,0:35.967,291.9,Nicholas YELLOLY,,LMP2 Pro/Am,,Nielsen Racing,Oreca,GF,28.848,31.363,35.967,
24,3,30,1:33.646,2,,28.614,2,30.532,2,34.500,2,178.9,58:59.268,12:48:59.268,0:28.614,0:30.532,0:34.500,288.8,Nicholas YELLOLY,,LMP2 Pro/Am,,Nielsen Racing,Oreca,GF,28.614,30.532,34.500,
24,3,31,1:41.948,0,B,28.947,0,32.235,0,40.766,0,164.3,1:00:41.216,12:50:41.216,0:28.947,0:32.235,0:40.766,289.5,Nicholas YELLOLY,,LMP2 Pro/Am,,Nielsen Racing,Oreca,GF,28.947,32.235,40.766,
24,3,32,11:01.804,0,,8:58.072,0,48.981,0,1:14.751,0,25.3,1:11:43.020,13:01:43.020,8:58.072,0:48.981,1:14.751,,Nicholas YELLOLY,0:08:28.847,LMP2 Pro/Am,,Nielsen Racing,Oreca,FCY,538.072,48.981,74.751,
24,3,33,3:24.344,0,,1:11.803,0,1:03.049,0,1:09.492,0,82.0,1:15:07.364,13:05:07.364,1:11.803,1:03.049,1:09.492,79.1,Nicholas YELLOLY,,LMP2 Pro/Am,,Nielsen Racing,Oreca,GF,71.803,63.049,69.492,
24,3,34,1:38.893,0,,31.002,0,32.473,0,35.418,0,169.4,1:16:46.257,13:06:46.257,0:31.002,0:32.473,0:35.418,260.9,Nicholas YELLOLY,,LMP2 Pro/Am,,Nielsen Racing,Oreca,GF,31.002,32.473,35.418,
24,3,35,1:35.287,0,,29.239,0,31.321,0,34.727,0,175.8,1:18:21.544,13:08:21.544,0:29.239,0:31.321,0:34.727,284.2,Nicholas YELLOLY,,LMP2 Pro/Am,,Nielsen Racing,Oreca,GF,29.239,31.321,34.727,
24,3,36,1:36.219,0,,29.068,0,32.288,0,34.863,0,174.1,1:19:57.763,13:09:57.763,0:29.068,0:32.288,0:34.863,286.5,Nicholas YELLOLY,,LMP2 Pro/Am,,Nielsen Racing,Oreca,GF,29.068,32.288,34.863,
24,3,37,1:35.930,0,,29.019,0,31.383,0,35.528,0,174.6,1:21:33.693,13:11:33.693,0:29.019,0:31.383,0:35.528,286.5,Nicholas YELLOLY,,LMP2 Pro/Am,,Nielsen Racing,Oreca,GF,29.019,31.383,35.528,
24,3,38,1:35.351,0,,28.966,0,31.139,0,35.246,0,175.7,1:23:09.044,13:13:09.044,0:28.966,0:31.139,0:35.246,285.7,Nicholas YELLOLY,,LMP2 Pro/Am,,Nielsen Racing,Oreca,GF,28.966,31.139,35.246,
24,3,39,1:35.077,0,,29.007,0,31.051,0,35.019,0,176.2,1:24:44.121,13:14:44.121,0:29.007,0:31.051,0:35.019,286.5,Nicholas YELLOLY,,LMP2 Pro/Am,,Nielsen Racing,Oreca,GF,29.007,31.051,35.019,
24,3,40,1:38.324,0,,30.600,0,32.016,0,35.708,0,170.4,1:26:22.445,13:16:22.445,0:30.600,0:32.016,0:35.708,289.5,Nicholas YELLOLY,,LMP2 Pro/Am,,Nielsen Racing,Oreca,GF,30.600,32.016,35.708,
24,3,41,1:35.306,0,,28.909,0,31.448,0,34.949,0,175.8,1:27:57.751,13:17:57.751,0:28.909,0:31.448,0:34.949,288.0,Nicholas YELLOLY,,LMP2 Pro/Am,,Nielsen Racing,Oreca,GF,28.909,31.448,34.949,
24,3,42,1:34.463,0,,28.766,0,30.976,0,34.721,0,177.3,1:29:32.214,13:19:32.214,0:28.766,0:30.976,0:34.721,290.3,Nicholas YELLOLY,,LMP2 Pro/Am,,Nielsen Racing,Oreca,GF,28.766,30.976,34.721,
24,3,43,1:36.655,0,,28.846,0,32.111,0,35.698,0,173.3,1:31:08.869,13:21:08.869,0:28.846,0:32.111,0:35.698,289.5,Nicholas YELLOLY,,LMP2 Pro/Am,,Nielsen Racing,Oreca,FF,28.846,32.111,35.698,
25,3,1,2:00.879,0,,47.349,0,35.446,0,38.084,0,130.6,2:00.879,11:52:00.879,0:47.349,0:35.446,0:38.084,,Alexander LYNN,0:00:10.757,LMP2,,Algarve Pro Racing,Oreca,GF,47.349,35.446,38.084,
25,3,2,1:39.527,0,,30.767,0,32.161,0,36.599,0,168.3,3:40.406,11:53:40.406,0:30.767,0:32.161,0:36.599,266.7,Alexander LYNN,,LMP2,,Algarve Pro Racing,Oreca,GF,30.767,32.161,36.599,
25,3,3,1:35.746,0,,28.882,0,30.406,0,36.458,0,175.0,5:16.152,11:55:16.152,0:28.882,0:30.406,0:36.458,287.2,Alexander LYNN,,LMP2,,Algarve Pro Racing,Oreca,GF,28.882,30.406,36.458,
25,3,4,1:32.922,0,,28.341,0,30.438,0,34.143,0,180.3,6:49.074,11:56:49.074,0:28.341,0:30.438,0:34.143,288.8,Alexander LYNN,,LMP2,,Algarve Pro Racing,Oreca,GF,28.341,30.438,34.143,
25,3,5,1:33.699,0,,28.315,2,30.185,0,35.199,0,178.8,8:22.773,11:58:22.773,0:28.315,0:30.185,0:35.199,288.8,Alexander LYNN,,LMP2,,Algarve Pro Racing,Oreca,GF,28.315,30.185,35.199,
25,3,6,1:32.672,2,,28.653,0,30.113,2,33.906,2,180.8,9:55.445,11:59:55.445,0:28.653,0:30.113,0:33.906,287.2,Alexander LYNN,,LMP2,,Algarve Pro Racing,Oreca,GF,28.653,30.113,33.906,
25,3,7,1:43.221,0,B,29.015,0,30.671,0,43.535,0,162.3,11:38.666,12:01:38.666,0:29.015,0:30.671,0:43.535,291.1,Alexander LYNN,,LMP2,,Algarve Pro Racing,Oreca,GF,29.015,30.671,43.535,
25,2,8,3:54.911,0,,2:48.401,0,31.568,0,34.942,0,71.3,15:33.577,12:05:33.577,2:48.401,0:31.568,0:34.942,,Olli CALDWELL,0:02:22.633,LMP2,,Algarve Pro Racing,Oreca,GF,168.401,31.568,34.942,
25,2,9,1:35.637,0,,29.698,0,31.094,0,34.845,0,175.1,17:09.214,12:07:09.214,0:29.698,0:31.094,0:34.845,288.8,Olli CALDWELL,,LMP2,,Algarve Pro Racing,Oreca,GF,29.698,31.094,34.845,
25,2,10,1:36.126,0,,29.554,0,31.109,0,35.463,0,174.3,18:45.340,12:08:45.340,0:29.554,0:31.109,0:35.463,289.5,Olli CALDWELL,,LMP2,,Algarve Pro Racing,Oreca,GF,29.554,31.109,35.463,
25,2,11,1:35.083,0,,28.978,0,31.092,0,35.013,0,176.2,20:20.423,12:10:20.423,0:28.978,0:31.092,0:35.013,285.7,Olli CALDWELL,,LMP2,,Algarve Pro Racing,Oreca,GF,28.978,31.092,35.013,
25,2,12,1:37.788,0,,30.608,0,32.190,0,34.990,0,171.3,21:58.211,12:11:58.211,0:30.608,0:32.190,0:34.990,290.3,Olli CALDWELL,,LMP2,,Algarve Pro Racing,Oreca,GF,30.608,32.190,34.990,
25,2,13,1:35.447,0,,29.817,0,31.050,0,34.580,0,175.5,23:33.658,12:13:33.658,0:29.817,0:31.050,0:34.580,288.8,Olli CALDWELL,,LMP2,,Algarve Pro Racing,Oreca,GF,29.817,31.050,34.580,
25,2,14,1:34.637,0,,29.234,0,30.756,0,34.647,0,177.0,25:08.295,12:15:08.295,0:29.234,0:30.756,0:34.647,291.1,Olli CALDWELL,,LMP2,,Algarve Pro Racing,Oreca,GF,29.234,30.756,34.647,
25,2,15,1:35.339,0,,28.942,0,31.432,0,34.965,0,175.7,26:43.634,12:16:43.634,0:28.942,0:31.432,0:34.965,291.9,Olli CALDWELL,,LMP2,,Algarve Pro Racing,Oreca,GF,28.942,31.432,34.965,
25,2,16,1:35.345,0,,29.561,0,30.865,0,34.919,0,175.7,28:18.979,12:18:18.979,0:29.561,0:30.865,0:34.919,288.8,Olli CALDWELL,,LMP2,,Algarve Pro Racing,Oreca,GF,29.561,30.865,34.919,
25,2,17,1:34.877,0,,28.941,0,30.630,0,35.306,0,176.6,29:53.856,12:19:53.856,0:28.941,0:30.630,0:35.306,289.5,Olli CALDWELL,,LMP2,,Algarve Pro Racing,Oreca,GF,28.941,30.630,35.306,
25,2,18,1:41.081,0,B,29.140,0,31.600,0,40.341,0,165.7,31:34.937,12:21:34.937,0:29.140,0:31.600,0:40.341,286.5,Olli CALDWELL,,LMP2,,Algarve Pro Racing,Oreca,GF,29.140,31.600,40.341,
25,2,19,3:29.840,0,,2:23.556,0,31.420,0,34.864,0,79.8,35:04.777,12:25:04.777,2:23.556,0:31.420,0:34.864,,Olli CALDWELL,0:01:57.672,LMP2,,Algarve Pro Racing,Oreca,GF,143.556,31.420,34.864,
25,2,20,1:35.774,0,,29.845,0,31.049,0,34.880,0,174.9,36:40.551,12:26:40.551,0:29.845,0:31.049,0:34.880,291.9,Olli CALDWELL,,LMP2,,Algarve Pro Racing,Oreca,GF,29.845,31.049,34.880,
25,2,21,1:36.027,0,,29.675,0,31.474,0,34.878,0,174.4,38:16.578,12:28:16.578,0:29.675,0:31.474,0:34.878,290.3,Olli CALDWELL,,LMP2,,Algarve Pro Racing,Oreca,GF,29.675,31.474,34.878,
25,2,22,1:36.471,0,,29.152,0,32.042,0,35.277,0,173.6,39:53.049,12:29:53.049,0:29.152,0:32.042,0:35.277,288.0,Olli CALDWELL,,LMP2,,Algarve Pro Racing,Oreca,GF,29.152,32.042,35.277,
25,2,23,1:33.968,0,,28.641,0,30.598,0,34.729,0,178.3,41:27.017,12:31:27.017,0:28.641,0:30.598,0:34.729,288.0,Olli CALDWELL,,LMP2,,Algarve Pro Racing,Oreca,GF,28.641,30.598,34.729,
25,2,24,1:33.471,0,,28.528,1,30.488,0,34.455,1,179.2,43:00.488,12:33:00.488,0:28.528,0:30.488,0:34.455,288.8,Olli CALDWELL,,LMP2,,Algarve Pro Racing,Oreca,GF,28.528,30.488,34.455,
25,2,25,1:33.720,0,,28.605,0,30.480,1,34.635,0,178.7,44:34.208,12:34:34.208,0:28.605,0:30.480,0:34.635,288.8,Olli CALDWELL,,LMP2,,Algarve Pro Racing,Oreca,GF,28.605,30.480,34.635,
25,2,26,2:11.248,0,B,29.937,0,32.748,0,1:08.563,0,127.6,46:45.456,12:36:45.456,0:29.937,0:32.748,1:08.563,291.1,Olli CALDWELL,,LMP2,,Algarve Pro Racing,Oreca,GF,29.937,32.748,68.563,
25,1,27,3:24.165,0,,2:17.475,0,31.561,0,35.129,0,82.0,50:09.621,12:40:09.621,2:17.475,0:31.561,0:35.129,,Matthias KAISER,0:01:52.737,LMP2,,Algarve Pro Racing,Oreca,GF,137.475,31.561,35.129,
25,1,28,1:35.228,0,,29.277,0,31.364,0,34.587,0,175.9,51:44.849,12:41:44.849,0:29.277,0:31.364,0:34.587,288.8,Matthias KAISER,,LMP2,,Algarve Pro Racing,Oreca,GF,29.277,31.364,34.587,
25,1,29,1:35.682,0,,29.722,0,31.155,0,34.805,0,175.1,53:20.531,12:43:20.531,0:29.722,0:31.155,0:34.805,291.1,Matthias KAISER,,LMP2,,Algarve Pro Racing,Oreca,GF,29.722,31.155,34.805,
25,1,30,1:35.765,0,,28.983,0,31.691,0,35.091,0,174.9,54:56.296,12:44:56.296,0:28.983,0:31.691,0:35.091,289.5,Matthias KAISER,,LMP2,,Algarve Pro Racing,Oreca,GF,28.983,31.691,35.091,
25,1,31,1:36.521,0,,29.005,0,32.037,0,35.479,0,173.5,56:32.817,12:46:32.817,0:29.005,0:32.037,0:35.479,289.5,Matthias KAISER,,LMP2,,Algarve Pro Racing,Oreca,GF,29.005,32.037,35.479,
25,1,32,1:37.390,0,,30.355,0,32.377,0,34.658,0,172.0,58:10.207,12:48:10.207,0:30.355,0:32.377,0:34.658,291.9,Matthias KAISER,,LMP2,,Algarve Pro Racing,Oreca,GF,30.355,32.377,34.658,
25,1,33,1:34.957,0,,28.945,0,30.962,0,35.050,0,176.4,59:45.164,12:49:45.164,0:28.945,0:30.962,0:35.050,289.5,Matthias KAISER,,LMP2,,Algarve Pro Racing,Oreca,GF,28.945,30.962,35.050,
25,1,34,1:34.278,0,,29.044,0,30.624,1,34.610,0,177.7,1:01:19.442,12:51:19.442,0:29.044,0:30.624,0:34.610,290.3,Matthias KAISER,,LMP2,,Algarve Pro Racing,Oreca,GF,29.044,30.624,34.610,
25,1,35,1:34.222,0,,28.916,0,30.777,0,34.529,1,177.8,1:02:53.664,12:52:53.664,0:28.916,0:30.777,0:34.529,289.5,Matthias KAISER,,LMP2,,Algarve Pro Racing,Oreca,GF,28.916,30.777,34.529,
25,1,36,1:34.404,0,,28.842,1,30.702,0,34.860,0,177.4,1:04:28.068,12:54:28.068,0:28.842,0:30.702,0:34.860,290.3,Matthias KAISER,,LMP2,,Algarve Pro Racing,Oreca,GF,28.842,30.702,34.860,
25,1,37,1:35.642,0,,29.042,0,31.039,0,35.561,0,175.1,1:06:03.710,12:56:03.710,0:29.042,0:31.039,0:35.561,291.1,Matthias KAISER,,LMP2,,Algarve Pro Racing,Oreca,GF,29.042,31.039,35.561,
25,1,38,1:35.532,0,,29.330,0,31.311,0,34.891,0,175.3,1:07:39.242,12:57:39.242,0:29.330,0:31.311,0:34.891,291.1,Matthias KAISER,,LMP2,,Algarve Pro Racing,Oreca,GF,29.330,31.311,34.891,
25,1,39,1:36.169,0,,29.126,0,31.335,0,35.708,0,174.2,1:09:15.411,12:59:15.411,0:29.126,0:31.335,0:35.708,290.3,Matthias KAISER,,LMP2,,Algarve Pro Racing,Oreca,GF,29.126,31.335,35.708,
25,1,40,2:31.541,0,B,29.091,0,46.532,0,1:15.918,0,110.5,1:11:46.952,13:01:46.952,0:29.091,0:46.532,1:15.918,288.0,Matthias KAISER,,LMP2,,Algarve Pro Racing,Oreca,FCY,29.091,46.532,75.918,
25,3,41,3:58.547,0,,2:27.628,0,54.928,0,35.991,0,70.2,1:15:45.499,13:05:45.499,2:27.628,0:54.928,0:35.991,,Alexander LYNN,0:01:39.153,LMP2,,Algarve Pro Racing,Oreca,GF,147.628,54.928,35.991,
25,3,42,1:37.392,0,,30.772,0,31.189,0,35.431,0,172.0,1:17:22.891,13:07:22.891,0:30.772,0:31.189,0:35.431,279.8,Alexander LYNN,,LMP2,,Algarve Pro Racing,Oreca,GF,30.772,31.189,35.431,
25,3,43,1:38.182,0,,32.071,0,31.498,0,34.613,0,170.6,1:19:01.073,13:09:01.073,0:32.071,0:31.498,0:34.613,288.8,Alexander LYNN,,LMP2,,Algarve Pro Racing,Oreca,GF,32.071,31.498,34.613,
25,3,44,1:35.786,0,,29.063,0,31.142,0,35.581,0,174.9,1:20:36.859,13:10:36.859,0:29.063,0:31.142,0:35.581,285.7,Alexander LYNN,,LMP2,,Algarve Pro Racing,Oreca,GF,29.063,31.142,35.581,
25,3,45,1:33.703,0,,28.847,0,30.500,0,34.356,0,178.8,1:22:10.562,13:12:10.562,0:28.847,0:30.500,0:34.356,285.0,Alexander LYNN,,LMP2,,Algarve Pro Racing,Oreca,GF,28.847,30.500,34.356,
25,3,46,1:34.744,0,,29.062,0,31.053,0,34.629,0,176.8,1:23:45.306,13:13:45.306,0:29.062,0:31.053,0:34.629,289.5,Alexander LYNN,,LMP2,,Algarve Pro Racing,Oreca,GF,29.062,31.053,34.629,
25,3,47,1:36.678,0,,28.925,0,30.632,0,37.121,0,173.3,1:25:21.984,13:15:21.984,0:28.925,0:30.632,0:37.121,290.3,Alexander LYNN,,LMP2,,Algarve Pro Racing,Oreca,GF,28.925,30.632,37.121,
25,3,48,1:34.982,0,,29.072,0,31.175,0,34.735,0,176.4,1:26:56.966,13:16:56.966,0:29.072,0:31.175,0:34.735,279.1,Alexander LYNN,,LMP2,,Algarve Pro Racing,Oreca,GF,29.072,31.175,34.735,
25,3,49,1:33.992,0,,28.661,0,30.839,0,34.492,0,178.2,1:28:30.958,13:18:30.958,0:28.661,0:30.839,0:34.492,288.8,Alexander LYNN,,LMP2,,Algarve Pro Racing,Oreca,GF,28.661,30.839,34.492,
25,3,50,1:34.676,0,,28.607,0,30.841,0,35.228,0,176.9,1:30:05.634,13:20:05.634,0:28.607,0:30.841,0:35.228,291.1,Alexander LYNN,,LMP2,,Algarve Pro Racing,Oreca,FF,28.607,30.841,35.228,
27,2,1,2:01.299,0,,43.143,0,38.294,0,39.862,0,130.1,2:01.299,11:52:01.299,0:43.143,0:38.294,0:39.862,,William STEVENS,0:00:04.930,LMP2,,Nielsen Racing,Oreca,GF,43.143,38.294,39.862,
27,2,2,1:41.344,0,,32.080,0,32.441,0,36.823,0,165.3,3:42.643,11:53:42.643,0:32.080,0:32.441,0:36.823,268.7,William STEVENS,,LMP2,,Nielsen Racing,Oreca,GF,32.080,32.441,36.823,
27,2,3,1:35.534,0,,28.890,0,30.606,0,36.038,0,175.3,5:18.177,11:55:18.177,0:28.890,0:30.606,0:36.038,288.8,William STEVENS,,LMP2,,Nielsen Racing,Oreca,GF,28.890,30.606,36.038,
27,2,4,1:33.482,0,,28.500,0,30.508,2,34.474,0,179.2,6:51.659,11:56:51.659,0:28.500,0:30.508,0:34.474,291.1,William STEVENS,,LMP2,,Nielsen Racing,Oreca,GF,28.500,30.508,34.474,
27,2,5,1:35.363,0,,28.797,0,32.372,0,34.194,0,175.7,8:27.022,11:58:27.022,0:28.797,0:32.372,0:34.194,292.7,William STEVENS,,LMP2,,Nielsen Racing,Oreca,GF,28.797,32.372,34.194,
27,2,6,1:39.870,0,,29.306,0,33.198,0,37.366,0,167.7,10:06.892,12:00:06.892,0:29.306,0:33.198,0:37.366,294.3,William STEVENS,,LMP2,,Nielsen Racing,Oreca,GF,29.306,33.198,37.366,
27,2,7,1:35.442,0,,28.504,0,31.345,0,35.593,0,175.5,11:42.334,12:01:42.334,0:28.504,0:31.345,0:35.593,291.9,William STEVENS,,LMP2,,Nielsen Racing,Oreca,GF,28.504,31.345,35.593,
27,2,8,1:37.070,0,,28.454,0,31.665,0,36.951,0,172.6,13:19.404,12:03:19.404,0:28.454,0:31.665,0:36.951,288.8,William STEVENS,,LMP2,,Nielsen Racing,Oreca,GF,28.454,31.665,36.951,
27,2,9,1:33.049,2,,28.377,2,30.578,0,34.094,2,180.0,14:52.453,12:04:52.453,0:28.377,0:30.578,0:34.094,291.1,William STEVENS,,LMP2,,Nielsen Racing,Oreca,GF,28.377,30.578,34.094,
27,2,10,1:42.332,0,B,29.179,0,31.476,0,41.677,0,163.7,16:34.785,12:06:34.785,0:29.179,0:31.476,0:41.677,291.1,William STEVENS,,LMP2,,Nielsen Racing,Oreca,GF,29.179,31.476,41.677,
27,1,11,5:27.767,0,,4:19.282,0,32.420,0,36.065,0,51.1,22:02.552,12:12:02.552,4:19.282,0:32.420,0:36.065,,Benjamin PEDERSEN,0:03:52.582,LMP2,,Nielsen Racing,Oreca,GF,259.282,32.420,36.065,
27,1,12,1:38.340,0,,30.176,0,31.457,0,36.707,0,170.3,23:40.892,12:13:40.892,0:30.176,0:31.457,0:36.707,283.5,Benjamin PEDERSEN,,LMP2,,Nielsen Racing,Oreca,GF,30.176,31.457,36.707,
27,1,13,1:37.741,0,,29.883,0,32.324,0,35.534,0,171.4,25:18.633,12:15:18.633,0:29.883,0:32.324,0:35.534,286.5,Benjamin PEDERSEN,,LMP2,,Nielsen Racing,Oreca,GF,29.883,32.324,35.534,
27,1,14,1:35.280,0,,29.257,0,31.181,0,34.842,1,175.8,26:53.913,12:16:53.913,0:29.257,0:31.181,0:34.842,291.1,Benjamin PEDERSEN,,LMP2,,Nielsen Racing,Oreca,GF,29.257,31.181,34.842,
27,1,15,1:36.161,0,,28.925,1,31.889,0,35.347,0,174.2,28:30.074,12:18:30.074,0:28.925,0:31.889,0:35.347,291.1,Benjamin PEDERSEN,,LMP2,,Nielsen Racing,Oreca,GF,28.925,31.889,35.347,
27,1,16,1:35.160,0,,29.172,0,30.962,1,35.026,0,176.0,30:05.234,12:20:05.234,0:29.172,0:30.962,0:35.026,290.3,Benjamin PEDERSEN,,LMP2,,Nielsen Racing,Oreca,GF,29.172,30.962,35.026,
27,1,17,1:36.959,0,,29.238,0,32.338,0,35.383,0,172.8,31:42.193,12:21:42.193,0:29.238,0:32.338,0:35.383,293.5,Benjamin PEDERSEN,,LMP2,,Nielsen Racing,Oreca,GF,29.238,32.338,35.383,
27,1,18,1:41.468,0,B,29.366,0,31.440,0,40.662,0,165.1,33:23.661,12:23:23.661,0:29.366,0:31.440,0:40.662,291.9,Benjamin PEDERSEN,,LMP2,,Nielsen Racing,Oreca,GF,29.366,31.440,40.662,
27,3,19,3:30.841,0,,2:24.189,0,31.660,0,34.992,0,79.4,36:54.502,12:26:54.502,2:24.189,0:31.660,0:34.992,,Gabriel AUBRY,0:01:58.852,LMP2,,Nielsen Racing,Oreca,GF,144.189,31.660,34.992,
27,3,20,1:36.954,0,,29.556,0,31.482,0,35.916,0,172.8,38:31.456,12:28:31.456,0:29.556,0:31.482,0:35.916,289.5,Gabriel AUBRY,,LMP2,,Nielsen Racing,Oreca,GF,29.556,31.482,35.916,
27,3,21,1:36.347,0,,29.747,0,31.158,0,35.442,0,173.9,40:07.803,12:30:07.803,0:29.747,0:31.158,0:35.442,286.5,Gabriel AUBRY,,LMP2,,Nielsen Racing,Oreca,GF,29.747,31.158,35.442,
27,3,22,1:38.960,0,,29.684,0,32.398,0,36.878,0,169.3,41:46.763,12:31:46.763,0:29.684,0:32.398,0:36.878,290.3,Gabriel AUBRY,,LMP2,,Nielsen Racing,Oreca,GF,29.684,32.398,36.878,
27,3,23,1:36.341,0,,29.949,0,31.299,0,35.093,0,173.9,43:23.104,12:33:23.104,0:29.949,0:31.299,0:35.093,280.5,Gabriel AUBRY,,LMP2,,Nielsen Racing,Oreca,GF,29.949,31.299,35.093,
27,3,24,1:35.125,0,,29.273,0,31.124,0,34.728,1,176.1,44:58.229,12:34:58.229,0:29.273,0:31.124,0:34.728,288.0,Gabriel AUBRY,,LMP2,,Nielsen Racing,Oreca,GF,29.273,31.124,34.728,
27,3,25,1:35.490,0,,29.124,0,31.056,1,35.310,0,175.4,46:33.719,12:36:33.719,0:29.124,0:31.056,0:35.310,291.1,Gabriel AUBRY,,LMP2,,Nielsen Racing,Oreca,GF,29.124,31.056,35.310,
27,3,26,1:35.013,0,,28.782,1,31.443,0,34.788,0,176.3,48:08.732,12:38:08.732,0:28.782,0:31.443,0:34.788,290.3,Gabriel AUBRY,,LMP2,,Nielsen Racing,Oreca,GF,28.782,31.443,34.788,
27,3,27,1:42.611,0,B,28.878,0,31.139,0,42.594,0,163.2,49:51.343,12:39:51.343,0:28.878,0:31.139,0:42.594,291.9,Gabriel AUBRY,,LMP2,,Nielsen Racing,Oreca,GF,28.878,31.139,42.594,
27,3,28,2:50.782,0,,1:44.020,0,31.452,0,35.310,0,98.1,52:42.125,12:42:42.125,1:44.020,0:31.452,0:35.310,,Gabriel AUBRY,0:01:17.093,LMP2,,Nielsen Racing,Oreca,GF,104.020,31.452,35.310,
27,3,29,1:36.222,0,,29.632,0,31.162,0,35.428,0,174.1,54:18.347,12:44:18.347,0:29.632,0:31.162,0:35.428,289.5,Gabriel AUBRY,,LMP2,,Nielsen Racing,Oreca,GF,29.632,31.162,35.428,
27,3,30,1:36.751,0,,28.972,0,31.056,0,36.723,0,173.1,55:55.098,12:45:55.098,0:28.972,0:31.056,0:36.723,288.0,Gabriel AUBRY,,LMP2,,Nielsen Racing,Oreca,GF,28.972,31.056,36.723,
27,3,31,1:36.294,0,,29.043,0,31.339,0,35.912,0,174.0,57:31.392,12:47:31.392,0:29.043,0:31.339,0:35.912,287.2,Gabriel AUBRY,,LMP2,,Nielsen Racing,Oreca,GF,29.043,31.339,35.912,
27,3,32,1:41.912,0,B,29.204,0,31.481,0,41.227,0,164.4,59:13.304,12:49:13.304,0:29.204,0:31.481,0:41.227,287.2,Gabriel AUBRY,,LMP2,,Nielsen Racing,Oreca,GF,29.204,31.481,41.227,
27,3,33,6:42.217,0,,5:33.950,0,32.691,0,35.576,0,41.6,1:05:55.521,12:55:55.521,5:33.950,0:32.691,0:35.576,,Gabriel AUBRY,0:05:09.445,LMP2,,Nielsen Racing,Oreca,GF,333.950,32.691,35.576,
27,3,34,1:35.772,0,,29.539,0,31.175,0,35.058,0,174.9,1:07:31.293,12:57:31.293,0:29.539,0:31.175,0:35.058,288.8,Gabriel AUBRY,,LMP2,,Nielsen Racing,Oreca,GF,29.539,31.175,35.058,
27,3,35,1:43.706,0,B,31.279,0,31.375,0,41.052,0,161.5,1:09:14.999,12:59:14.999,0:31.279,0:31.375,0:41.052,282.0,Gabriel AUBRY,,LMP2,,Nielsen Racing,Oreca,GF,31.279,31.375,41.052,
27,2,36,6:53.095,0,,5:43.074,0,34.369,0,35.652,0,40.5,1:16:08.094,13:06:08.094,5:43.074,0:34.369,0:35.652,,William STEVENS,0:04:53.712,LMP2,,Nielsen Racing,Oreca,GF,343.074,34.369,35.652,
27,2,37,1:36.274,0,,29.335,0,31.383,0,35.556,0,174.0,1:17:44.368,13:07:44.368,0:29.335,0:31.383,0:35.556,286.5,William STEVENS,,LMP2,,Nielsen Racing,Oreca,GF,29.335,31.383,35.556,
27,2,38,1:35.055,0,,28.993,0,31.095,0,34.967,0,176.2,1:19:19.423,13:09:19.423,0:28.993,0:31.095,0:34.967,287.2,William STEVENS,,LMP2,,Nielsen Racing,Oreca,GF,28.993,31.095,34.967,
27,2,39,1:47.060,0,B,29.298,0,31.971,0,45.791,0,156.5,1:21:06.483,13:11:06.483,0:29.298,0:31.971,0:45.791,290.3,William STEVENS,,LMP2,,Nielsen Racing,Oreca,GF,29.298,31.971,45.791,
27,2,40,7:26.527,0,,6:18.257,0,31.146,0,37.124,0,37.5,1:28:33.010,13:18:33.010,6:18.257,0:31.146,0:37.124,,William STEVENS,0:05:54.103,LMP2,,Nielsen Racing,Oreca,GF,378.257,31.146,37.124,
27,2,41,1:35.158,0,,29.051,0,31.178,0,34.929,0,176.0,1:30:08.168,13:20:08.168,0:29.051,0:31.178,0:34.929,290.3,William STEVENS,,LMP2,,Nielsen Racing,Oreca,FF,29.051,31.178,34.929,
28,3,1,2:18.773,0,,1:05.780,0,35.386,0,37.607,0,113.7,2:18.773,11:52:18.773,1:05.780,0:35.386,0:37.607,,Job VAN UITERT,0:00:30.302,LMP2,,IDEC Sport,Oreca,GF,65.780,35.386,37.607,
28,3,2,1:42.927,0,,30.468,0,34.813,0,37.646,0,162.7,4:01.700,11:54:01.700,0:30.468,0:34.813,0:37.646,282.0,Job VAN UITERT,,LMP2,,IDEC Sport,Oreca,GF,30.468,34.813,37.646,
28,3,3,1:37.531,0,,29.494,0,31.294,0,36.743,0,171.7,5:39.231,11:55:39.231,0:29.494,0:31.294,0:36.743,292.7,Job VAN UITERT,,LMP2,,IDEC Sport,Oreca,GF,29.494,31.294,36.743,
28,3,4,1:34.065,0,,28.486,0,30.410,0,35.169,0,178.1,7:13.296,11:57:13.296,0:28.486,0:30.410,0:35.169,291.9,Job VAN UITERT,,LMP2,,IDEC Sport,Oreca,GF,28.486,30.410,35.169,
28,3,5,1:32.997,2,,28.437,2,30.107,2,34.453,2,180.1,8:46.293,11:58:46.293,0:28.437,0:30.107,0:34.453,291.9,Job VAN UITERT,,LMP2,,IDEC Sport,Oreca,GF,28.437,30.107,34.453,
28,3,6,1:37.329,0,,28.515,0,33.118,0,35.696,0,172.1,10:23.622,12:00:23.622,0:28.515,0:33.118,0:35.696,292.7,Job VAN UITERT,,LMP2,,IDEC Sport,Oreca,GF,28.515,33.118,35.696,
28,3,7,1:47.025,0,,30.471,0,34.399,0,42.155,0,156.5,12:10.647,12:02:10.647,0:30.471,0:34.399,0:42.155,294.3,Job VAN UITERT,,LMP2,,IDEC Sport,Oreca,GF,30.471,34.399,42.155,
28,3,8,1:34.146,0,,28.539,0,30.435,0,35.172,0,177.9,13:44.793,12:03:44.793,0:28.539,0:30.435,0:35.172,292.7,Job VAN UITERT,,LMP2,,IDEC Sport,Oreca,GF,28.539,30.435,35.172,
28,3,9,1:40.387,0,B,28.460,0,30.161,0,41.766,0,166.9,15:25.180,12:05:25.180,0:28.460,0:30.161,0:41.766,289.5,Job VAN UITERT,,LMP2,,IDEC Sport,Oreca,GF,28.460,30.161,41.766,
28,1,10,11:37.575,0,,10:30.449,0,32.211,0,34.915,0,24.0,27:02.755,12:17:02.755,10:30.449,0:32.211,0:34.915,,Nicolas PINO,0:10:04.559,LMP2,,IDEC Sport,Oreca,GF,630.449,32.211,34.915,
28,1,11,1:35.863,0,,29.350,0,31.000,0,35.513,0,174.7,28:38.618,12:18:38.618,0:29.350,0:31.000,0:35.513,285.7,Nicolas PINO,,LMP2,,IDEC Sport,Oreca,GF,29.350,31.000,35.513,
28,1,12,1:35.078,0,,28.995,0,31.319,0,34.764,0,176.2,30:13.696,12:20:13.696,0:28.995,0:31.319,0:34.764,287.2,Nicolas PINO,,LMP2,,IDEC Sport,Oreca,GF,28.995,31.319,34.764,
28,1,13,1:42.528,0,B,28.871,0,30.956,0,42.701,0,163.4,31:56.224,12:21:56.224,0:28.871,0:30.956,0:42.701,289.5,Nicolas PINO,,LMP2,,IDEC Sport,Oreca,GF,28.871,30.956,42.701,
28,1,14,5:35.252,0,,4:28.945,0,31.424,0,34.883,0,50.0,37:31.476,12:27:31.476,4:28.945,0:31.424,0:34.883,,Nicolas PINO,0:04:04.901,LMP2,,IDEC Sport,Oreca,GF,268.945,31.424,34.883,
28,1,15,1:34.936,0,,28.904,0,30.838,0,35.194,0,176.4,39:06.412,12:29:06.412,0:28.904,0:30.838,0:35.194,286.5,Nicolas PINO,,LMP2,,IDEC Sport,Oreca,GF,28.904,30.838,35.194,
28,1,16,1:35.233,0,,28.813,0,31.230,0,35.190,0,175.9,40:41.645,12:30:41.645,0:28.813,0:31.230,0:35.190,288.8,Nicolas PINO,,LMP2,,IDEC Sport,Oreca,GF,28.813,31.230,35.190,
28,1,17,1:35.485,0,,29.685,0,30.897,0,34.903,0,175.4,42:17.130,12:32:17.130,0:29.685,0:30.897,0:34.903,288.0,Nicolas PINO,,LMP2,,IDEC Sport,Oreca,GF,29.685,30.897,34.903,
28,1,18,1:36.000,0,,29.588,0,31.512,0,34.900,0,174.5,43:53.130,12:33:53.130,0:29.588,0:31.512,0:34.900,288.8,Nicolas PINO,,LMP2,,IDEC Sport,Oreca,GF,29.588,31.512,34.900,
28,1,19,1:35.262,0,,28.763,0,30.498,1,36.001,0,175.8,45:28.392,12:35:28.392,0:28.763,0:30.498,0:36.001,289.5,Nicolas PINO,,LMP2,,IDEC Sport,Oreca,GF,28.763,30.498,36.001,
28,1,20,1:38.105,0,,29.605,0,33.017,0,35.483,0,170.7,47:06.497,12:37:06.497,0:29.605,0:33.017,0:35.483,285.7,Nicolas PINO,,LMP2,,IDEC Sport,Oreca,GF,29.605,33.017,35.483,
28,1,21,1:34.559,0,,28.982,0,30.799,0,34.778,0,177.1,48:41.056,12:38:41.056,0:28.982,0:30.799,0:34.778,290.3,Nicolas PINO,,LMP2,,IDEC Sport,Oreca,GF,28.982,30.799,34.778,
28,1,22,1:34.102,0,,28.620,1,30.752,0,34.730,1,178.0,50:15.158,12:40:15.158,0:28.620,0:30.752,0:34.730,290.3,Nicolas PINO,,LMP2,,IDEC Sport,Oreca,GF,28.620,30.752,34.730,
28,1,23,1:34.545,0,,28.669,0,30.745,0,35.131,0,177.2,51:49.703,12:41:49.703,0:28.669,0:30.745,0:35.131,292.7,Nicolas PINO,,LMP2,,IDEC Sport,Oreca,GF,28.669,30.745,35.131,
28,1,24,1:34.791,0,,28.736,0,30.983,0,35.072,0,176.7,53:24.494,12:43:24.494,0:28.736,0:30.983,0:35.072,291.1,Nicolas PINO,,LMP2,,IDEC Sport,Oreca,GF,28.736,30.983,35.072,
28,1,25,1:40.786,0,B,29.299,0,30.857,0,40.630,0,166.2,55:05.280,12:45:05.280,0:29.299,0:30.857,0:40.630,292.7,Nicolas PINO,,LMP2,,IDEC Sport,Oreca,GF,29.299,30.857,40.630,
28,2,26,7:29.292,0,,6:22.808,0,31.553,0,34.931,0,37.3,1:02:34.572,12:52:34.572,6:22.808,0:31.553,0:34.931,,Reshad DE GERUS,0:05:57.015,LMP2,,IDEC Sport,Oreca,GF,382.808,31.553,34.931,
28,2,27,1:34.905,0,,28.940,0,31.267,0,34.698,1,176.5,1:04:09.477,12:54:09.477,0:28.940,0:31.267,0:34.698,288.8,Reshad DE GERUS,,LMP2,,IDEC Sport,Oreca,GF,28.940,31.267,34.698,
28,2,28,1:35.440,0,,28.809,1,30.771,0,35.860,0,175.5,1:05:44.917,12:55:44.917,0:28.809,0:30.771,0:35.860,290.3,Reshad DE GERUS,,LMP2,,IDEC Sport,Oreca,GF,28.809,30.771,35.860,
28,2,29,1:36.458,0,,30.478,0,30.987,0,34.993,0,173.7,1:07:21.375,12:57:21.375,0:30.478,0:30.987,0:34.993,282.0,Reshad DE GERUS,,LMP2,,IDEC Sport,Oreca,GF,30.478,30.987,34.993,
28,2,30,1:36.197,0,,29.506,0,30.743,0,35.948,0,174.1,1:08:57.572,12:58:57.572,0:29.506,0:30.743,0:35.948,290.3,Reshad DE GERUS,,LMP2,,IDEC Sport,Oreca,GF,29.506,30.743,35.948,
28,2,31,2:10.702,0,,29.172,0,30.935,0,1:10.595,0,128.2,1:11:08.274,13:01:08.274,0:29.172,0:30.935,1:10.595,285.0,Reshad DE GERUS,,LMP2,,IDEC Sport,Oreca,FCY,29.172,30.935,70.595,
28,2,32,3:29.525,0,,1:11.774,0,1:02.951,0,1:14.800,0,79.9,1:14:37.799,13:04:37.799,1:11.774,1:02.951,1:14.800,79.3,Reshad DE GERUS,,LMP2,,IDEC Sport,Oreca,FCY,71.774,62.951,74.800,
28,2,33,1:54.500,0,,47.983,0,31.698,0,34.819,0,146.3,1:16:32.299,13:06:32.299,0:47.983,0:31.698,0:34.819,78.0,Reshad DE GERUS,,LMP2,,IDEC Sport,Oreca,GF,47.983,31.698,34.819,
28,2,34,1:35.628,0,,29.618,0,31.192,0,34.818,0,175.2,1:18:07.927,13:08:07.927,0:29.618,0:31.192,0:34.818,288.8,Reshad DE GERUS,,LMP2,,IDEC Sport,Oreca,GF,29.618,31.192,34.818,
28,2,35,1:40.054,0,B,29.115,0,30.459,1,40.480,0,167.4,1:19:47.981,13:09:47.981,0:29.115,0:30.459,0:40.480,291.1,Reshad DE GERUS,,LMP2,,IDEC Sport,Oreca,GF,29.115,30.459,40.480,
28,2,36,7:38.915,0,,6:32.652,0,31.234,0,35.029,0,36.5,1:27:26.896,13:17:26.896,6:32.652,0:31.234,0:35.029,,Reshad DE GERUS,0:06:06.358,LMP2,,IDEC Sport,Oreca,GF,392.652,31.234,35.029,
28,2,37,1:35.861,0,,29.254,0,31.230,0,35.377,0,174.7,1:29:02.757,13:19:02.757,0:29.254,0:31.230,0:35.377,288.0,Reshad DE GERUS,,LMP2,,IDEC Sport,Oreca,GF,29.254,31.230,35.377,
28,2,38,1:34.519,0,,28.978,0,30.584,0,34.957,0,177.2,1:30:37.276,13:20:37.276,0:28.978,0:30.584,0:34.957,287.2,Reshad DE GERUS,,LMP2,,IDEC Sport,Oreca,FF,28.978,30.584,34.957,
29,2,1,2:21.670,0,,1:06.406,0,35.348,0,39.916,0,111.4,2:21.670,11:52:21.670,1:06.406,0:35.348,0:39.916,,Mathias BECHE,0:00:31.963,LMP2 Pro/Am,,Richard Mille by TDS,Oreca,GF,66.406,35.348,39.916,
29,2,2,1:43.618,0,,29.549,0,36.502,0,37.567,0,161.7,4:05.288,11:54:05.288,0:29.549,0:36.502,0:37.567,282.7,Mathias BECHE,,LMP2 Pro/Am,,Richard Mille by TDS,Oreca,GF,29.549,36.502,37.567,
29,2,3,1:38.946,0,,28.657,0,31.633,0,38.656,0,169.3,5:44.234,11:55:44.234,0:28.657,0:31.633,0:38.656,288.8,Mathias BECHE,,LMP2 Pro/Am,,Richard Mille by TDS,Oreca,GF,28.657,31.633,38.656,
29,2,4,1:32.760,0,,28.369,0,30.037,3,34.354,0,180.6,7:16.994,11:57:16.994,0:28.369,0:30.037,0:34.354,288.8,Mathias BECHE,,LMP2 Pro/Am,,Richard Mille by TDS,Oreca,GF,28.369,30.037,34.354,
29,2,5,1:32.246,3,,28.192,3,30.074,0,33.980,2,181.6,8:49.240,11:58:49.240,0:28.192,0:30.074,0:33.980,289.5,Mathias BECHE,,LMP2 Pro/Am,,Richard Mille by TDS,Oreca,GF,28.192,30.074,33.980,
29,2,6,1:40.026,0,,28.315,0,33.992,0,37.719,0,167.5,10:29.266,12:00:29.266,0:28.315,0:33.992,0:37.719,293.5,Mathias BECHE,,LMP2 Pro/Am,,Richard Mille by TDS,Oreca,GF,28.315,33.992,37.719,
29,2,7,1:34.376,0,,28.579,0,31.308,0,34.489,0,177.5,12:03.642,12:02:03.642,0:28.579,0:31.308,0:34.489,290.3,Mathias BECHE,,LMP2 Pro/Am,,Richard Mille by TDS,Oreca,GF,28.579,31.308,34.489,
29,2,8,1:40.695,0,B,28.447,0,31.012,0,41.236,0,166.4,13:44.337,12:03:44.337,0:28.447,0:31.012,0:41.236,291.1,Mathias BECHE,,LMP2 Pro/Am,,Richard Mille by TDS,Oreca,GF,28.447,31.012,41.236,
29,1,9,4:35.148,0,,3:27.873,0,32.158,0,35.117,0,60.9,18:19.485,12:08:19.485,3:27.873,0:32.158,0:35.117,,Rodrigo SALES,0:03:02.130,LMP2 Pro/Am,,Richard Mille by TDS,Oreca,GF,207.873,32.158,35.117,
29,1,10,1:43.031,0,,29.775,0,31.222,0,42.034,0,162.6,20:02.516,12:10:02.516,0:29.775,0:31.222,0:42.034,286.5,Rodrigo SALES,,LMP2 Pro/Am,,Richard Mille by TDS,Oreca,GF,29.775,31.222,42.034,
29,1,11,1:44.619,0,,30.889,0,31.757,0,41.973,0,160.1,21:47.135,12:11:47.135,0:30.889,0:31.757,0:41.973,277.6,Rodrigo SALES,,LMP2 Pro/Am,,Richard Mille by TDS,Oreca,GF,30.889,31.757,41.973,
29,1,12,1:39.203,0,,30.394,0,32.526,0,36.283,0,168.9,23:26.338,12:13:26.338,0:30.394,0:32.526,0:36.283,282.0,Rodrigo SALES,,LMP2 Pro/Am,,Richard Mille by TDS,Oreca,GF,30.394,32.526,36.283,
29,1,13,1:36.848,0,,29.893,0,31.271,0,35.684,0,173.0,25:03.186,12:15:03.186,0:29.893,0:31.271,0:35.684,288.0,Rodrigo SALES,,LMP2 Pro/Am,,Richard Mille by TDS,Oreca,GF,29.893,31.271,35.684,
29,1,14,1:38.805,0,,31.523,0,31.844,0,35.438,0,169.5,26:41.991,12:16:41.991,0:31.523,0:31.844,0:35.438,289.5,Rodrigo SALES,,LMP2 Pro/Am,,Richard Mille by TDS,Oreca,GF,31.523,31.844,35.438,
29,1,15,1:39.371,0,,30.274,0,33.317,0,35.780,0,168.6,28:21.362,12:18:21.362,0:30.274,0:33.317,0:35.780,289.5,Rodrigo SALES,,LMP2 Pro/Am,,Richard Mille by TDS,Oreca,GF,30.274,33.317,35.780,
29,1,16,1:36.699,0,,30.128,0,31.298,0,35.273,0,173.2,29:58.061,12:19:58.061,0:30.128,0:31.298,0:35.273,279.8,Rodrigo SALES,,LMP2 Pro/Am,,Richard Mille by TDS,Oreca,GF,30.128,31.298,35.273,
29,1,17,1:37.639,0,,30.202,0,32.216,0,35.221,0,171.6,31:35.700,12:21:35.700,0:30.202,0:32.216,0:35.221,290.3,Rodrigo SALES,,LMP2 Pro/Am,,Richard Mille by TDS,Oreca,GF,30.202,32.216,35.221,
29,1,18,1:35.730,0,,29.458,0,30.870,1,35.402,0,175.0,33:11.430,12:23:11.430,0:29.458,0:30.870,0:35.402,288.0,Rodrigo SALES,,LMP2 Pro/Am,,Richard Mille by TDS,Oreca,GF,29.458,30.870,35.402,
29,1,19,1:36.788,0,,30.384,0,30.873,0,35.531,0,173.1,34:48.218,12:24:48.218,0:30.384,0:30.873,0:35.531,281.2,Rodrigo SALES,,LMP2 Pro/Am,,Richard Mille by TDS,Oreca,GF,30.384,30.873,35.531,
29,1,20,1:38.918,0,,29.903,0,32.457,0,36.558,0,169.3,36:27.136,12:26:27.136,0:29.903,0:32.457,0:36.558,290.3,Rodrigo SALES,,LMP2 Pro/Am,,Richard Mille by TDS,Oreca,GF,29.903,32.457,36.558,
29,1,21,1:37.315,0,,29.713,0,32.159,0,35.443,0,172.1,38:04.451,12:28:04.451,0:29.713,0:32.159,0:35.443,292.7,Rodrigo SALES,,LMP2 Pro/Am,,Richard Mille by TDS,Oreca,GF,29.713,32.159,35.443,
29,1,22,1:35.749,0,,29.791,0,30.892,0,35.066,0,174.9,39:40.200,12:29:40.200,0:29.791,0:30.892,0:35.066,287.2,Rodrigo SALES,,LMP2 Pro/Am,,Richard Mille by TDS,Oreca,GF,29.791,30.892,35.066,
29,1,23,1:37.751,0,,29.143,0,31.398,0,37.210,0,171.4,41:17.951,12:31:17.951,0:29.143,0:31.398,0:37.210,288.8,Rodrigo SALES,,LMP2 Pro/Am,,Richard Mille by TDS,Oreca,GF,29.143,31.398,37.210,
29,1,24,1:35.613,0,,29.598,0,30.958,0,35.057,0,175.2,42:53.564,12:32:53.564,0:29.598,0:30.958,0:35.057,280.5,Rodrigo SALES,,LMP2 Pro/Am,,Richard Mille by TDS,Oreca,GF,29.598,30.958,35.057,
29,1,25,1:39.997,0,,31.011,0,34.024,0,34.962,1,167.5,44:33.561,12:34:33.561,0:31.011,0:34.024,0:34.962,288.8,Rodrigo SALES,,LMP2 Pro/Am,,Richard Mille by TDS,Oreca,GF,31.011,34.024,34.962,
29,1,26,1:35.729,0,,29.124,1,31.198,0,35.407,0,175.0,46:09.290,12:36:09.290,0:29.124,0:31.198,0:35.407,289.5,Rodrigo SALES,,LMP2 Pro/Am,,Richard Mille by TDS,Oreca,GF,29.124,31.198,35.407,
29,1,27,1:41.633,0,B,29.468,0,31.765,0,40.400,0,164.8,47:50.923,12:37:50.923,0:29.468,0:31.765,0:40.400,291.9,Rodrigo SALES,,LMP2 Pro/Am,,Richard Mille by TDS,Oreca,GF,29.468,31.765,40.400,
29,3,28,5:17.151,0,,4:10.570,0,31.274,0,35.307,0,52.8,53:08.074,12:43:08.074,4:10.570,0:31.274,0:35.307,,Grégoire SAUCY,0:03:45.999,LMP2 Pro/Am,,Richard Mille by TDS,Oreca,GF,250.570,31.274,35.307,
29,3,29,1:36.210,0,,29.085,0,31.821,0,35.304,0,174.1,54:44.284,12:44:44.284,0:29.085,0:31.821,0:35.304,288.0,Grégoire SAUCY,,LMP2 Pro/Am,,Richard Mille by TDS,Oreca,GF,29.085,31.821,35.304,
29,3,30,1:37.379,0,,30.810,0,31.361,0,35.208,0,172.0,56:21.663,12:46:21.663,0:30.810,0:31.361,0:35.208,288.8,Grégoire SAUCY,,LMP2 Pro/Am,,Richard Mille by TDS,Oreca,GF,30.810,31.361,35.208,
29,3,31,1:35.446,0,,29.088,0,31.243,0,35.115,0,175.5,57:57.109,12:47:57.109,0:29.088,0:31.243,0:35.115,288.0,Grégoire SAUCY,,LMP2 Pro/Am,,Richard Mille by TDS,Oreca,GF,29.088,31.243,35.115,
29,3,32,1:34.629,0,,28.856,0,30.977,0,34.796,0,177.0,59:31.738,12:49:31.738,0:28.856,0:30.977,0:34.796,289.5,Grégoire SAUCY,,LMP2 Pro/Am,,Richard Mille by TDS,Oreca,GF,28.856,30.977,34.796,
29,3,33,1:36.303,0,,29.020,0,31.681,0,35.602,0,173.9,1:01:08.041,12:51:08.041,0:29.020,0:31.681,0:35.602,288.8,Grégoire SAUCY,,LMP2 Pro/Am,,Richard Mille by TDS,Oreca,GF,29.020,31.681,35.602,
29,3,34,1:35.300,0,,28.844,1,31.214,0,35.242,0,175.8,1:02:43.341,12:52:43.341,0:28.844,0:31.214,0:35.242,289.5,Grégoire SAUCY,,LMP2 Pro/Am,,Richard Mille by TDS,Oreca,GF,28.844,31.214,35.242,
29,3,35,1:35.765,0,,29.180,0,31.475,0,35.110,0,174.9,1:04:19.106,12:54:19.106,0:29.180,0:31.475,0:35.110,285.0,Grégoire SAUCY,,LMP2 Pro/Am,,Richard Mille by TDS,Oreca,GF,29.180,31.475,35.110,
29,3,36,1:35.341,0,,28.956,0,31.177,0,35.208,0,175.7,1:05:54.447,12:55:54.447,0:28.956,0:31.177,0:35.208,288.8,Grégoire SAUCY,,LMP2 Pro/Am,,Richard Mille by TDS,Oreca,GF,28.956,31.177,35.208,
29,3,37,1:36.658,0,,29.217,0,31.278,0,36.163,0,173.3,1:07:31.105,12:57:31.105,0:29.217,0:31.278,0:36.163,288.0,Grégoire SAUCY,,LMP2 Pro/Am,,Richard Mille by TDS,Oreca,GF,29.217,31.278,36.163,
29,3,38,1:38.445,0,,31.645,0,31.631,0,35.169,0,170.2,1:09:09.550,12:59:09.550,0:31.645,0:31.631,0:35.169,285.7,Grégoire SAUCY,,LMP2 Pro/Am,,Richard Mille by TDS,Oreca,GF,31.645,31.631,35.169,
29,3,39,2:18.607,0,,28.957,0,31.771,0,1:17.879,0,120.9,1:11:28.157,13:01:28.157,0:28.957,0:31.771,1:17.879,288.0,Grégoire SAUCY,,LMP2 Pro/Am,,Richard Mille by TDS,Oreca,FCY,28.957,31.771,77.879,
29,3,40,3:31.950,0,,1:13.455,0,1:02.581,0,1:15.914,0,79.0,1:15:00.107,13:05:00.107,1:13.455,1:02.581,1:15.914,79.6,Grégoire SAUCY,,LMP2 Pro/Am,,Richard Mille by TDS,Oreca,FCY,73.455,62.581,75.914,
29,3,41,1:45.225,0,,36.876,0,31.647,0,36.702,0,159.2,1:16:45.332,13:06:45.332,0:36.876,0:31.647,0:36.702,234.8,Grégoire SAUCY,,LMP2 Pro/Am,,Richard Mille by TDS,Oreca,GF,36.876,31.647,36.702,
29,3,42,1:34.349,0,,28.958,0,30.725,1,34.666,1,177.5,1:18:19.681,13:08:19.681,0:28.958,0:30.725,0:34.666,285.7,Grégoire SAUCY,,LMP2 Pro/Am,,Richard Mille by TDS,Oreca,GF,28.958,30.725,34.666,
29,3,43,1:40.091,0,B,29.364,0,30.806,0,39.921,0,167.4,1:19:59.772,13:09:59.772,0:29.364,0:30.806,0:39.921,288.0,Grégoire SAUCY,,LMP2 Pro/Am,,Richard Mille by TDS,Oreca,GF,29.364,30.806,39.921,
29,2,44,2:40.770,0,,1:31.518,0,31.461,0,37.791,0,104.2,1:22:40.542,13:12:40.542,1:31.518,0:31.461,0:37.791,,Mathias BECHE,0:01:05.197,LMP2 Pro/Am,,Richard Mille by TDS,Oreca,GF,91.518,31.461,37.791,
29,2,45,1:36.920,0,,29.043,0,32.001,0,35.876,0,172.8,1:24:17.462,13:14:17.462,0:29.043,0:32.001,0:35.876,286.5,Mathias BECHE,,LMP2 Pro/Am,,Richard Mille by TDS,Oreca,GF,29.043,32.001,35.876,
29,2,46,1:34.834,0,,29.053,0,30.835,0,34.946,0,176.6,1:25:52.296,13:15:52.296,0:29.053,0:30.835,0:34.946,285.0,Mathias BECHE,,LMP2 Pro/Am,,Richard Mille by TDS,Oreca,GF,29.053,30.835,34.946,
29,2,47,1:35.494,0,,29.414,0,31.198,0,34.882,0,175.4,1:27:27.790,13:17:27.790,0:29.414,0:31.198,0:34.882,288.0,Mathias BECHE,,LMP2 Pro/Am,,Richard Mille by TDS,Oreca,GF,29.414,31.198,34.882,
29,2,48,1:37.116,0,,28.914,0,31.416,0,36.786,0,172.5,1:29:04.906,13:19:04.906,0:28.914,0:31.416,0:36.786,290.3,Mathias BECHE,,LMP2 Pro/Am,,Richard Mille by TDS,Oreca,GF,28.914,31.416,36.786,
29,2,49,1:34.667,0,,28.919,0,30.845,0,34.903,0,176.9,1:30:39.573,13:20:39.573,0:28.919,0:30.845,0:34.903,289.5,Mathias BECHE,,LMP2 Pro/Am,,Richard Mille by TDS,Oreca,FF,28.919,30.845,34.903,
3,3,1,2:09.739,0,,54.283,0,36.642,0,38.814,0,121.7,2:09.739,11:52:09.739,0:54.283,0:36.642,0:38.814,,Laurents HÖRR,0:00:17.224,LMP2 Pro/Am,,DKR Engineering,Oreca,GF,54.283,36.642,38.814,
3,3,2,2:07.345,0,B,31.373,0,44.178,0,51.794,0,131.5,4:17.084,11:54:17.084,0:31.373,0:44.178,0:51.794,270.0,Laurents HÖRR,,LMP2 Pro/Am,,DKR Engineering,Oreca,GF,31.373,44.178,51.794,
3,3,3,42:46.118,0,,41:33.615,0,35.438,0,37.065,0,6.5,47:03.202,12:37:03.202,41:33.615,0:35.438,0:37.065,,Laurents HÖRR,0:41:00.764,LMP2 Pro/Am,,DKR Engineering,Oreca,GF,2493.615,35.438,37.065,
3,3,4,1:36.542,0,,30.934,0,31.137,0,34.471,0,173.5,48:39.744,12:38:39.744,0:30.934,0:31.137,0:34.471,273.4,Laurents HÖRR,,LMP2 Pro/Am,,DKR Engineering,Oreca,GF,30.934,31.137,34.471,
3,3,5,1:33.476,0,,28.631,0,30.342,0,34.503,0,179.2,50:13.220,12:40:13.220,0:28.631,0:30.342,0:34.503,285.7,Laurents HÖRR,,LMP2 Pro/Am,,DKR Engineering,Oreca,GF,28.631,30.342,34.503,
3,3,6,1:32.789,2,,28.380,2,30.230,2,34.179,2,180.5,51:46.009,12:41:46.009,0:28.380,0:30.230,0:34.179,287.2,Laurents HÖRR,,LMP2 Pro/Am,,DKR Engineering,Oreca,GF,28.380,30.230,34.179,
3,3,7,1:37.746,0,,28.761,0,31.293,0,37.692,0,171.4,53:23.755,12:43:23.755,0:28.761,0:31.293,0:37.692,288.8,Laurents HÖRR,,LMP2 Pro/Am,,DKR Engineering,Oreca,GF,28.761,31.293,37.692,
3,3,8,1:34.866,0,,28.619,0,31.800,0,34.447,0,176.6,54:58.621,12:44:58.621,0:28.619,0:31.800,0:34.447,288.0,Laurents HÖRR,,LMP2 Pro/Am,,DKR Engineering,Oreca,GF,28.619,31.800,34.447,
3,3,9,1:43.068,0,B,29.249,0,31.559,0,42.260,0,162.5,56:41.689,12:46:41.689,0:29.249,0:31.559,0:42.260,287.2,Laurents HÖRR,,LMP2 Pro/Am,,DKR Engineering,Oreca,GF,29.249,31.559,42.260,
3,2,10,3:22.469,0,,2:13.294,0,32.095,0,37.080,0,82.7,1:00:04.158,12:50:04.158,2:13.294,0:32.095,0:37.080,,Cem BOLUKBASI,0:01:48.642,LMP2 Pro/Am,,DKR Engineering,Oreca,GF,133.294,32.095,37.080,
3,2,11,1:35.389,0,,29.391,0,31.174,0,34.824,1,175.6,1:01:39.547,12:51:39.547,0:29.391,0:31.174,0:34.824,287.2,Cem BOLUKBASI,,LMP2 Pro/Am,,DKR Engineering,Oreca,GF,29.391,31.174,34.824,
3,2,12,1:35.295,0,,29.551,0,30.900,0,34.844,0,175.8,1:03:14.842,12:53:14.842,0:29.551,0:30.900,0:34.844,287.2,Cem BOLUKBASI,,LMP2 Pro/Am,,DKR Engineering,Oreca,GF,29.551,30.900,34.844,
3,2,13,1:34.635,0,,28.972,0,30.698,1,34.965,0,177.0,1:04:49.477,12:54:49.477,0:28.972,0:30.698,0:34.965,287.2,Cem BOLUKBASI,,LMP2 Pro/Am,,DKR Engineering,Oreca,GF,28.972,30.698,34.965,
3,2,14,1:35.529,0,,28.872,1,31.028,0,35.629,0,175.3,1:06:25.006,12:56:25.006,0:28.872,0:31.028,0:35.629,290.3,Cem BOLUKBASI,,LMP2 Pro/Am,,DKR Engineering,Oreca,GF,28.872,31.028,35.629,
3,2,15,1:35.560,0,,29.194,0,31.358,0,35.008,0,175.3,1:08:00.566,12:58:00.566,0:29.194,0:31.358,0:35.008,288.0,Cem BOLUKBASI,,LMP2 Pro/Am,,DKR Engineering,Oreca,GF,29.194,31.358,35.008,
3,2,16,1:43.948,0,B,29.807,0,31.110,0,43.031,0,161.1,1:09:44.514,12:59:44.514,0:29.807,0:31.110,0:43.031,287.2,Cem BOLUKBASI,,LMP2 Pro/Am,,DKR Engineering,Oreca,GF,29.807,31.110,43.031,
3,1,17,5:14.532,0,,2:55.096,0,1:03.481,0,1:15.955,0,53.3,1:14:59.046,13:04:59.046,2:55.096,1:03.481,1:15.955,,Andres LATORRE CANON,0:02:05.252,LMP2 Pro/Am,,DKR Engineering,Oreca,FCY,175.096,63.481,75.955,
3,1,18,1:49.926,0,,37.841,0,34.704,0,37.381,0,152.4,1:16:48.972,13:06:48.972,0:37.841,0:34.704,0:37.381,229.8,Andres LATORRE CANON,,LMP2 Pro/Am,,DKR Engineering,Oreca,GF,37.841,34.704,37.381,
3,1,19,1:41.378,0,,31.088,0,33.157,0,37.133,0,165.2,1:18:30.350,13:08:30.350,0:31.088,0:33.157,0:37.133,288.0,Andres LATORRE CANON,,LMP2 Pro/Am,,DKR Engineering,Oreca,GF,31.088,33.157,37.133,
3,1,20,1:41.632,0,,30.882,0,32.665,1,38.085,0,164.8,1:20:11.982,13:10:11.982,0:30.882,0:32.665,0:38.085,285.7,Andres LATORRE CANON,,LMP2 Pro/Am,,DKR Engineering,Oreca,GF,30.882,32.665,38.085,
3,1,21,1:42.263,0,,30.883,0,33.202,0,38.178,0,163.8,1:21:54.245,13:11:54.245,0:30.883,0:33.202,0:38.178,286.5,Andres LATORRE CANON,,LMP2 Pro/Am,,DKR Engineering,Oreca,GF,30.883,33.202,38.178,
3,1,22,1:42.261,0,,31.342,0,33.034,0,37.885,0,163.8,1:23:36.506,13:13:36.506,0:31.342,0:33.034,0:37.885,285.7,Andres LATORRE CANON,,LMP2 Pro/Am,,DKR Engineering,Oreca,GF,31.342,33.034,37.885,
3,1,23,1:42.186,0,,31.820,0,33.139,0,37.227,0,163.9,1:25:18.692,13:15:18.692,0:31.820,0:33.139,0:37.227,287.2,Andres LATORRE CANON,,LMP2 Pro/Am,,DKR Engineering,Oreca,GF,31.820,33.139,37.227,
3,1,24,1:40.944,0,,30.939,0,32.863,0,37.142,0,165.9,1:26:59.636,13:16:59.636,0:30.939,0:32.863,0:37.142,288.0,Andres LATORRE CANON,,LMP2 Pro/Am,,DKR Engineering,Oreca,GF,30.939,32.863,37.142,
3,1,25,1:41.036,0,,30.894,0,32.794,0,37.348,0,165.8,1:28:40.672,13:18:40.672,0:30.894,0:32.794,0:37.348,288.0,Andres LATORRE CANON,,LMP2 Pro/Am,,DKR Engineering,Oreca,GF,30.894,32.794,37.348,
3,1,26,1:40.451,0,,30.814,1,32.725,0,36.912,1,166.8,1:30:21.123,13:20:21.123,0:30.814,0:32.725,0:36.912,288.0,Andres LATORRE CANON,,LMP2 Pro/Am,,DKR Engineering,Oreca,FF,30.814,32.725,36.912,
30,3,1,2:22.909,0,B,58.684,0,37.302,0,46.923,0,110.4,2:22.909,11:52:22.909,0:58.684,0:37.302,0:46.923,,James ALLEN,0:00:22.364,LMP2,,Duqueine Team,Oreca,GF,58.684,37.302,46.923,
30,3,2,3:32.629,0,,2:20.235,0,33.460,0,38.934,0,78.8,5:55.538,11:55:55.538,2:20.235,0:33.460,0:38.934,,James ALLEN,0:01:50.807,LMP2,,Duqueine Team,Oreca,GF,140.235,33.460,38.934,
30,3,3,1:38.497,0,,29.285,0,34.330,0,34.882,0,170.1,7:34.035,11:57:34.035,0:29.285,0:34.330,0:34.882,285.0,James ALLEN,,LMP2,,Duqueine Team,Oreca,GF,29.285,34.330,34.882,
30,3,4,1:32.900,2,,28.403,2,30.392,2,34.105,2,180.3,9:06.935,11:59:06.935,0:28.403,0:30.392,0:34.105,290.3,James ALLEN,,LMP2,,Duqueine Team,Oreca,GF,28.403,30.392,34.105,
30,3,5,1:34.919,0,,28.747,0,31.521,0,34.651,0,176.5,10:41.854,12:00:41.854,0:28.747,0:31.521,0:34.651,290.3,James ALLEN,,LMP2,,Duqueine Team,Oreca,GF,28.747,31.521,34.651,
30,3,6,1:37.478,0,,28.534,0,31.593,0,37.351,0,171.8,12:19.332,12:02:19.332,0:28.534,0:31.593,0:37.351,291.9,James ALLEN,,LMP2,,Duqueine Team,Oreca,GF,28.534,31.593,37.351,
30,3,7,1:35.023,0,,28.792,0,31.044,0,35.187,0,176.3,13:54.355,12:03:54.355,0:28.792,0:31.044,0:35.187,291.9,James ALLEN,,LMP2,,Duqueine Team,Oreca,GF,28.792,31.044,35.187,
30,3,8,1:43.040,0,B,30.253,0,30.945,0,41.842,0,162.6,15:37.395,12:05:37.395,0:30.253,0:30.945,0:41.842,290.3,James ALLEN,,LMP2,,Duqueine Team,Oreca,GF,30.253,30.945,41.842,
30,1,9,4:23.699,0,,3:16.690,0,31.725,0,35.284,0,63.5,20:01.094,12:10:01.094,3:16.690,0:31.725,0:35.284,,Niels KOOLEN,0:02:51.216,LMP2,,Duqueine Team,Oreca,GF,196.690,31.725,35.284,
30,1,10,1:36.643,0,,29.889,0,31.418,0,35.336,0,173.3,21:37.737,12:11:37.737,0:29.889,0:31.418,0:35.336,285.0,Niels KOOLEN,,LMP2,,Duqueine Team,Oreca,GF,29.889,31.418,35.336,
30,1,11,1:35.024,0,,29.212,0,31.216,0,34.596,0,176.3,23:12.761,12:13:12.761,0:29.212,0:31.216,0:34.596,288.8,Niels KOOLEN,,LMP2,,Duqueine Team,Oreca,GF,29.212,31.216,34.596,
30,1,12,1:36.966,0,,30.408,0,31.174,0,35.384,0,172.7,24:49.727,12:14:49.727,0:30.408,0:31.174,0:35.384,289.5,Niels KOOLEN,,LMP2,,Duqueine Team,Oreca,GF,30.408,31.174,35.384,
30,1,13,1:35.381,0,,29.190,0,31.027,0,35.164,0,175.6,26:25.108,12:16:25.108,0:29.190,0:31.027,0:35.164,290.3,Niels KOOLEN,,LMP2,,Duqueine Team,Oreca,GF,29.190,31.027,35.164,
30,1,14,1:36.643,0,,30.240,0,31.088,0,35.315,0,173.3,28:01.751,12:18:01.751,0:30.240,0:31.088,0:35.315,290.3,Niels KOOLEN,,LMP2,,Duqueine Team,Oreca,GF,30.240,31.088,35.315,
30,1,15,1:35.172,0,,29.128,0,31.124,0,34.920,0,176.0,29:36.923,12:19:36.923,0:29.128,0:31.124,0:34.920,287.2,Niels KOOLEN,,LMP2,,Duqueine Team,Oreca,GF,29.128,31.124,34.920,
30,1,16,1:35.220,0,,29.115,0,31.230,0,34.875,0,175.9,31:12.143,12:21:12.143,0:29.115,0:31.230,0:34.875,289.5,Niels KOOLEN,,LMP2,,Duqueine Team,Oreca,GF,29.115,31.230,34.875,
30,1,17,1:36.429,0,,28.861,1,31.064,0,36.504,0,173.7,32:48.572,12:22:48.572,0:28.861,0:31.064,0:36.504,290.3,Niels KOOLEN,,LMP2,,Duqueine Team,Oreca,GF,28.861,31.064,36.504,
30,1,18,1:35.332,0,,29.014,0,31.044,0,35.274,0,175.7,34:23.904,12:24:23.904,0:29.014,0:31.044,0:35.274,291.1,Niels KOOLEN,,LMP2,,Duqueine Team,Oreca,GF,29.014,31.044,35.274,
30,1,19,1:44.824,0,B,30.752,0,31.769,0,42.303,0,159.8,36:08.728,12:26:08.728,0:30.752,0:31.769,0:42.303,291.9,Niels KOOLEN,,LMP2,,Duqueine Team,Oreca,GF,30.752,31.769,42.303,
30,1,20,4:05.399,0,,2:58.165,0,31.557,0,35.677,0,68.3,40:14.127,12:30:14.127,2:58.165,0:31.557,0:35.677,,Niels KOOLEN,0:02:32.518,LMP2,,Duqueine Team,Oreca,GF,178.165,31.557,35.677,
30,1,21,1:36.915,0,,29.701,0,31.511,0,35.703,0,172.8,41:51.042,12:31:51.042,0:29.701,0:31.511,0:35.703,287.2,Niels KOOLEN,,LMP2,,Duqueine Team,Oreca,GF,29.701,31.511,35.703,
30,1,22,1:38.328,0,,30.477,0,32.603,0,35.248,0,170.4,43:29.370,12:33:29.370,0:30.477,0:32.603,0:35.248,289.5,Niels KOOLEN,,LMP2,,Duqueine Team,Oreca,GF,30.477,32.603,35.248,
30,1,23,1:35.083,0,,29.259,0,30.997,0,34.827,0,176.2,45:04.453,12:35:04.453,0:29.259,0:30.997,0:34.827,287.2,Niels KOOLEN,,LMP2,,Duqueine Team,Oreca,GF,29.259,30.997,34.827,
30,1,24,1:35.003,0,,29.149,0,30.711,1,35.143,0,176.3,46:39.456,12:36:39.456,0:29.149,0:30.711,0:35.143,288.0,Niels KOOLEN,,LMP2,,Duqueine Team,Oreca,GF,29.149,30.711,35.143,
30,1,25,1:35.704,0,,29.105,0,31.340,0,35.259,0,175.0,48:15.160,12:38:15.160,0:29.105,0:31.340,0:35.259,289.5,Niels KOOLEN,,LMP2,,Duqueine Team,Oreca,GF,29.105,31.340,35.259,
30,1,26,1:34.681,0,,29.055,0,30.915,0,34.711,0,176.9,49:49.841,12:39:49.841,0:29.055,0:30.915,0:34.711,288.8,Niels KOOLEN,,LMP2,,Duqueine Team,Oreca,GF,29.055,30.915,34.711,
30,1,27,1:34.385,0,,28.861,0,30.975,0,34.549,1,177.5,51:24.226,12:41:24.226,0:28.861,0:30.975,0:34.549,290.3,Niels KOOLEN,,LMP2,,Duqueine Team,Oreca,GF,28.861,30.975,34.549,
30,1,28,1:42.149,0,B,28.888,0,32.011,0,41.250,0,164.0,53:06.375,12:43:06.375,0:28.888,0:32.011,0:41.250,291.9,Niels KOOLEN,,LMP2,,Duqueine Team,Oreca,GF,28.888,32.011,41.250,
30,2,29,3:52.725,0,,2:45.186,0,32.265,0,35.274,0,72.0,56:59.100,12:46:59.100,2:45.186,0:32.265,0:35.274,,Jean-Baptiste SIMMENAUER,0:02:19.589,LMP2,,Duqueine Team,Oreca,GF,165.186,32.265,35.274,
30,2,30,1:36.056,0,,29.358,0,31.357,0,35.341,0,174.4,58:35.156,12:48:35.156,0:29.358,0:31.357,0:35.341,286.5,Jean-Baptiste SIMMENAUER,,LMP2,,Duqueine Team,Oreca,GF,29.358,31.357,35.341,
30,2,31,1:35.418,0,,29.029,0,31.189,0,35.200,0,175.6,1:00:10.574,12:50:10.574,0:29.029,0:31.189,0:35.200,286.5,Jean-Baptiste SIMMENAUER,,LMP2,,Duqueine Team,Oreca,GF,29.029,31.189,35.200,
30,2,32,1:37.097,0,,29.961,0,31.791,0,35.345,0,172.5,1:01:47.671,12:51:47.671,0:29.961,0:31.791,0:35.345,288.8,Jean-Baptiste SIMMENAUER,,LMP2,,Duqueine Team,Oreca,GF,29.961,31.791,35.345,
30,2,33,1:35.773,0,,29.131,0,31.195,0,35.447,0,174.9,1:03:23.444,12:53:23.444,0:29.131,0:31.195,0:35.447,287.2,Jean-Baptiste SIMMENAUER,,LMP2,,Duqueine Team,Oreca,GF,29.131,31.195,35.447,
30,2,34,1:35.352,0,,29.187,0,31.021,0,35.144,0,175.7,1:04:58.796,12:54:58.796,0:29.187,0:31.021,0:35.144,285.7,Jean-Baptiste SIMMENAUER,,LMP2,,Duqueine Team,Oreca,GF,29.187,31.021,35.144,
30,2,35,1:35.741,0,,29.198,0,31.502,0,35.041,0,175.0,1:06:34.537,12:56:34.537,0:29.198,0:31.502,0:35.041,288.8,Jean-Baptiste SIMMENAUER,,LMP2,,Duqueine Team,Oreca,GF,29.198,31.502,35.041,
30,2,36,1:34.836,0,,28.999,1,30.903,1,34.934,1,176.6,1:08:09.373,12:58:09.373,0:28.999,0:30.903,0:34.934,287.2,Jean-Baptiste SIMMENAUER,,LMP2,,Duqueine Team,Oreca,GF,28.999,30.903,34.934,
30,2,37,1:40.955,0,B,28.954,0,30.971,0,41.030,0,165.9,1:09:50.328,12:59:50.328,0:28.954,0:30.971,0:41.030,288.0,Jean-Baptiste SIMMENAUER,,LMP2,,Duqueine Team,Oreca,GF,28.954,30.971,41.030,
30,2,38,7:32.069,0,,6:25.055,0,31.440,0,35.574,0,37.1,1:17:22.397,13:07:22.397,6:25.055,0:31.440,0:35.574,,Jean-Baptiste SIMMENAUER,0:06:00.567,LMP2,,Duqueine Team,Oreca,GF,385.055,31.440,35.574,
30,2,39,1:37.272,0,,29.058,0,31.751,0,36.463,0,172.2,1:18:59.669,13:08:59.669,0:29.058,0:31.751,0:36.463,286.5,Jean-Baptiste SIMMENAUER,,LMP2,,Duqueine Team,Oreca,GF,29.058,31.751,36.463,
30,2,40,1:43.950,0,B,29.583,0,31.768,0,42.599,0,161.1,1:20:43.619,13:10:43.619,0:29.583,0:31.768,0:42.599,287.2,Jean-Baptiste SIMMENAUER,,LMP2,,Duqueine Team,Oreca,GF,29.583,31.768,42.599,
30,3,41,3:09.667,0,,2:02.697,0,31.540,0,35.430,0,88.3,1:23:53.286,13:13:53.286,2:02.697,0:31.540,0:35.430,,James ALLEN,0:01:37.096,LMP2,,Duqueine Team,Oreca,GF,122.697,31.540,35.430,
30,3,42,1:36.921,0,,30.300,0,31.562,0,35.059,0,172.8,1:25:30.207,13:15:30.207,0:30.300,0:31.562,0:35.059,288.0,James ALLEN,,LMP2,,Duqueine Team,Oreca,GF,30.300,31.562,35.059,
30,3,43,1:34.590,0,,28.997,0,30.928,0,34.665,0,177.1,1:27:04.797,13:17:04.797,0:28.997,0:30.928,0:34.665,288.8,James ALLEN,,LMP2,,Duqueine Team,Oreca,GF,28.997,30.928,34.665,
30,3,44,1:35.018,0,,28.817,0,30.826,0,35.375,0,176.3,1:28:39.815,13:18:39.815,0:28.817,0:30.826,0:35.375,288.0,James ALLEN,,LMP2,,Duqueine Team,Oreca,GF,28.817,30.826,35.375,
30,3,45,1:34.322,0,,28.882,0,30.998,0,34.442,0,177.6,1:30:14.137,13:20:14.137,0:28.882,0:30.998,0:34.442,287.2,James ALLEN,,LMP2,,Duqueine Team,Oreca,FF,28.882,30.998,34.442,
31,3,1,2:29.287,0,,1:15.619,0,35.180,0,38.488,0,105.7,2:29.287,11:52:29.287,1:15.619,0:35.180,0:38.488,,Antoine DOQUIN,0:00:40.590,LMP3,,Racing Spirit of Leman,Ligier,GF,75.619,35.180,38.488,
31,3,2,1:46.602,0,,32.496,0,33.239,0,40.867,0,157.1,4:15.889,11:54:15.889,0:32.496,0:33.239,0:40.867,257.8,Antoine DOQUIN,,LMP3,,Racing Spirit of Leman,Ligier,GF,32.496,33.239,40.867,
31,3,3,1:45.258,0,,30.817,0,31.998,0,42.443,0,159.1,6:01.147,11:56:01.147,0:30.817,0:31.998,0:42.443,261.5,Antoine DOQUIN,,LMP3,,Racing Spirit of Leman,Ligier,GF,30.817,31.998,42.443,
31,3,4,1:39.474,0,,30.712,0,31.904,0,36.858,0,168.4,7:40.621,11:57:40.621,0:30.712,0:31.904,0:36.858,263.4,Antoine DOQUIN,,LMP3,,Racing Spirit of Leman,Ligier,GF,30.712,31.904,36.858,
31,3,5,1:38.942,2,,30.679,0,31.799,2,36.464,2,169.3,9:19.563,11:59:19.563,0:30.679,0:31.799,0:36.464,264.1,Antoine DOQUIN,,LMP3,,Racing Spirit of Leman,Ligier,GF,30.679,31.799,36.464,
31,3,6,1:38.980,0,,30.599,2,31.825,0,36.556,0,169.2,10:58.543,12:00:58.543,0:30.599,0:31.825,0:36.556,264.1,Antoine DOQUIN,,LMP3,,Racing Spirit of Leman,Ligier,GF,30.599,31.825,36.556,
31,3,7,1:39.210,0,,30.731,0,31.904,0,36.575,0,168.8,12:37.753,12:02:37.753,0:30.731,0:31.904,0:36.575,264.7,Antoine DOQUIN,,LMP3,,Racing Spirit of Leman,Ligier,GF,30.731,31.904,36.575,
31,3,8,1:56.466,0,B,32.574,0,35.803,0,48.089,0,143.8,14:34.219,12:04:34.219,0:32.574,0:35.803,0:48.089,265.4,Antoine DOQUIN,,LMP3,,Racing Spirit of Leman,Ligier,GF,32.574,35.803,48.089,
31,1,9,3:50.331,0,,2:36.383,0,34.728,0,39.220,0,72.7,18:24.550,12:08:24.550,2:36.383,0:34.728,0:39.220,,Jacques WOLFF,0:02:09.656,LMP3,,Racing Spirit of Leman,Ligier,GF,156.383,34.728,39.220,
31,1,10,1:45.723,0,,33.310,0,33.906,0,38.507,0,158.4,20:10.273,12:10:10.273,0:33.310,0:33.906,0:38.507,258.4,Jacques WOLFF,,LMP3,,Racing Spirit of Leman,Ligier,GF,33.310,33.906,38.507,
31,1,11,1:45.609,0,,32.766,0,34.383,0,38.460,0,158.6,21:55.882,12:11:55.882,0:32.766,0:34.383,0:38.460,257.8,Jacques WOLFF,,LMP3,,Racing Spirit of Leman,Ligier,GF,32.766,34.383,38.460,
31,1,12,1:45.374,0,,32.423,0,34.018,0,38.933,0,159.0,23:41.256,12:13:41.256,0:32.423,0:34.018,0:38.933,259.6,Jacques WOLFF,,LMP3,,Racing Spirit of Leman,Ligier,GF,32.423,34.018,38.933,
31,1,13,1:43.826,0,,31.869,0,33.253,0,38.704,0,161.3,25:25.082,12:15:25.082,0:31.869,0:33.253,0:38.704,262.1,Jacques WOLFF,,LMP3,,Racing Spirit of Leman,Ligier,GF,31.869,33.253,38.704,
31,1,14,1:49.776,0,,32.965,0,34.466,0,42.345,0,152.6,27:14.858,12:17:14.858,0:32.965,0:34.466,0:42.345,262.1,Jacques WOLFF,,LMP3,,Racing Spirit of Leman,Ligier,GF,32.965,34.466,42.345,
31,1,15,1:42.994,0,,31.790,0,33.126,0,38.078,0,162.6,28:57.852,12:18:57.852,0:31.790,0:33.126,0:38.078,260.2,Jacques WOLFF,,LMP3,,Racing Spirit of Leman,Ligier,GF,31.790,33.126,38.078,
31,1,16,1:42.683,0,,31.913,0,33.128,0,37.642,1,163.1,30:40.535,12:20:40.535,0:31.913,0:33.128,0:37.642,260.2,Jacques WOLFF,,LMP3,,Racing Spirit of Leman,Ligier,GF,31.913,33.128,37.642,
31,1,17,1:42.919,0,,31.569,0,33.262,0,38.088,0,162.8,32:23.454,12:22:23.454,0:31.569,0:33.262,0:38.088,262.1,Jacques WOLFF,,LMP3,,Racing Spirit of Leman,Ligier,GF,31.569,33.262,38.088,
31,1,18,1:42.677,0,,31.338,1,33.125,1,38.214,0,163.1,34:06.131,12:24:06.131,0:31.338,0:33.125,0:38.214,263.4,Jacques WOLFF,,LMP3,,Racing Spirit of Leman,Ligier,GF,31.338,33.125,38.214,
31,1,19,1:51.064,0,B,33.174,0,33.666,0,44.224,0,150.8,35:57.195,12:25:57.195,0:33.174,0:33.666,0:44.224,263.4,Jacques WOLFF,,LMP3,,Racing Spirit of Leman,Ligier,GF,33.174,33.666,44.224,
31,2,20,4:32.052,0,,3:18.922,0,34.067,0,39.063,0,61.6,40:29.247,12:30:29.247,3:18.922,0:34.067,0:39.063,,Jean-Ludovic FOUBERT,0:02:52.306,LMP3,,Racing Spirit of Leman,Ligier,GF,198.922,34.067,39.063,
31,2,21,1:44.270,0,,32.141,0,33.987,0,38.142,0,160.6,42:13.517,12:32:13.517,0:32.141,0:33.987,0:38.142,259.0,Jean-Ludovic FOUBERT,,LMP3,,Racing Spirit of Leman,Ligier,GF,32.141,33.987,38.142,
31,2,22,1:43.292,0,,32.044,0,33.496,0,37.752,1,162.2,43:56.809,12:33:56.809,0:32.044,0:33.496,0:37.752,257.1,Jean-Ludovic FOUBERT,,LMP3,,Racing Spirit of Leman,Ligier,GF,32.044,33.496,37.752,
31,2,23,1:43.022,0,,32.031,0,33.200,0,37.791,0,162.6,45:39.831,12:35:39.831,0:32.031,0:33.200,0:37.791,260.2,Jean-Ludovic FOUBERT,,LMP3,,Racing Spirit of Leman,Ligier,GF,32.031,33.200,37.791,
31,2,24,1:45.695,0,,32.930,0,34.558,0,38.207,0,158.5,47:25.526,12:37:25.526,0:32.930,0:34.558,0:38.207,263.4,Jean-Ludovic FOUBERT,,LMP3,,Racing Spirit of Leman,Ligier,GF,32.930,34.558,38.207,
31,2,25,1:43.460,0,,31.742,0,33.129,0,38.589,0,161.9,49:08.986,12:39:08.986,0:31.742,0:33.129,0:38.589,261.5,Jean-Ludovic FOUBERT,,LMP3,,Racing Spirit of Leman,Ligier,GF,31.742,33.129,38.589,
31,2,26,1:43.126,0,,32.075,0,33.111,0,37.940,0,162.4,50:52.112,12:40:52.112,0:32.075,0:33.111,0:37.940,263.4,Jean-Ludovic FOUBERT,,LMP3,,Racing Spirit of Leman,Ligier,GF,32.075,33.111,37.940,
31,2,27,1:54.725,0,,31.626,0,33.186,0,49.913,0,146.0,52:46.837,12:42:46.837,0:31.626,0:33.186,0:49.913,263.4,Jean-Ludovic FOUBERT,,LMP3,,Racing Spirit of Leman,Ligier,GF,31.626,33.186,49.913,
31,2,28,1:43.161,0,,32.299,0,32.942,1,37.920,0,162.4,54:29.998,12:44:29.998,0:32.299,0:32.942,0:37.920,261.5,Jean-Ludovic FOUBERT,,LMP3,,Racing Spirit of Leman,Ligier,GF,32.299,32.942,37.920,
31,2,29,1:49.425,0,B,31.533,1,33.467,0,44.425,0,153.1,56:19.423,12:46:19.423,0:31.533,0:33.467,0:44.425,263.4,Jean-Ludovic FOUBERT,,LMP3,,Racing Spirit of Leman,Ligier,GF,31.533,33.467,44.425,
31,1,30,5:36.216,0,,4:22.953,0,34.429,0,38.834,0,49.8,1:01:55.639,12:51:55.639,4:22.953,0:34.429,0:38.834,,Jacques WOLFF,0:03:55.686,LMP3,,Racing Spirit of Leman,Ligier,GF,262.953,34.429,38.834,
31,1,31,1:44.561,0,,32.269,0,33.583,0,38.709,0,160.2,1:03:40.200,12:53:40.200,0:32.269,0:33.583,0:38.709,260.9,Jacques WOLFF,,LMP3,,Racing Spirit of Leman,Ligier,GF,32.269,33.583,38.709,
31,1,32,1:44.496,0,,32.435,0,33.450,0,38.611,0,160.3,1:05:24.696,12:55:24.696,0:32.435,0:33.450,0:38.611,260.2,Jacques WOLFF,,LMP3,,Racing Spirit of Leman,Ligier,GF,32.435,33.450,38.611,
31,1,33,1:45.791,0,,31.987,0,34.258,0,39.546,0,158.3,1:07:10.487,12:57:10.487,0:31.987,0:34.258,0:39.546,261.5,Jacques WOLFF,,LMP3,,Racing Spirit of Leman,Ligier,GF,31.987,34.258,39.546,
31,1,34,1:44.631,0,,31.963,0,33.853,0,38.815,0,160.1,1:08:55.118,12:58:55.118,0:31.963,0:33.853,0:38.815,260.9,Jacques WOLFF,,LMP3,,Racing Spirit of Leman,Ligier,GF,31.963,33.853,38.815,
31,1,35,2:22.929,0,B,31.868,0,34.148,0,1:16.913,0,117.2,1:11:18.047,13:01:18.047,0:31.868,0:34.148,1:16.913,261.5,Jacques WOLFF,,LMP3,,Racing Spirit of Leman,Ligier,FCY,31.868,34.148,76.913,
31,2,36,5:05.891,0,,3:51.259,0,36.196,0,38.436,0,54.8,1:16:23.938,13:06:23.938,3:51.259,0:36.196,0:38.436,,Jean-Ludovic FOUBERT,0:03:10.326,LMP3,,Racing Spirit of Leman,Ligier,GF,231.259,36.196,38.436,
31,2,37,1:43.297,0,,31.797,0,33.561,0,37.939,0,162.2,1:18:07.235,13:08:07.235,0:31.797,0:33.561,0:37.939,259.0,Jean-Ludovic FOUBERT,,LMP3,,Racing Spirit of Leman,Ligier,GF,31.797,33.561,37.939,
31,2,38,1:44.357,0,,32.245,0,33.439,0,38.673,0,160.5,1:19:51.592,13:09:51.592,0:32.245,0:33.439,0:38.673,257.8,Jean-Ludovic FOUBERT,,LMP3,,Racing Spirit of Leman,Ligier,GF,32.245,33.439,38.673,
31,2,39,1:50.276,0,B,31.869,0,33.627,0,44.780,0,151.9,1:21:41.868,13:11:41.868,0:31.869,0:33.627,0:44.780,259.0,Jean-Ludovic FOUBERT,,LMP3,,Racing Spirit of Leman,Ligier,GF,31.869,33.627,44.780,
31,2,40,5:42.389,0,,4:29.736,0,34.635,0,38.018,0,48.9,1:27:24.257,13:17:24.257,4:29.736,0:34.635,0:38.018,,Jean-Ludovic FOUBERT,0:04:02.464,LMP3,,Racing Spirit of Leman,Ligier,GF,269.736,34.635,38.018,
31,2,41,1:44.720,0,,31.867,0,33.713,0,39.140,0,160.0,1:29:08.977,13:19:08.977,0:31.867,0:33.713,0:39.140,261.5,Jean-Ludovic FOUBERT,,LMP3,,Racing Spirit of Leman,Ligier,GF,31.867,33.713,39.140,
31,2,42,1:50.599,0,B,31.728,0,33.323,0,45.548,0,151.5,1:30:59.576,13:20:59.576,0:31.728,0:33.323,0:45.548,262.1,Jean-Ludovic FOUBERT,,LMP3,,Racing Spirit of Leman,Ligier,FF,31.728,33.323,45.548,
34,2,1,2:26.359,0,,1:11.295,0,36.997,0,38.067,0,107.8,2:26.359,11:52:26.359,1:11.295,0:36.997,0:38.067,,Clément NOVALAK,0:00:34.985,LMP2,,Inter Europol Competition,Oreca,GF,71.295,36.997,38.067,
34,2,2,1:42.463,0,,31.884,0,33.350,0,37.229,0,163.5,4:08.822,11:54:08.822,0:31.884,0:33.350,0:37.229,240.0,Clément NOVALAK,,LMP2,,Inter Europol Competition,Oreca,GF,31.884,33.350,37.229,
34,2,3,1:45.882,0,,30.857,0,32.825,0,42.200,0,158.2,5:54.704,11:55:54.704,0:30.857,0:32.825,0:42.200,274.1,Clément NOVALAK,,LMP2,,Inter Europol Competition,Oreca,GF,30.857,32.825,42.200,
34,2,4,1:34.113,0,,28.819,0,30.606,0,34.688,0,178.0,7:28.817,11:57:28.817,0:28.819,0:30.606,0:34.688,289.5,Clément NOVALAK,,LMP2,,Inter Europol Competition,Oreca,GF,28.819,30.606,34.688,
34,2,5,1:32.827,2,,28.486,0,30.150,2,34.191,2,180.5,9:01.644,11:59:01.644,0:28.486,0:30.150,0:34.191,290.3,Clément NOVALAK,,LMP2,,Inter Europol Competition,Oreca,GF,28.486,30.150,34.191,
34,2,6,1:38.926,0,,28.281,2,32.030,0,38.615,0,169.3,10:40.570,12:00:40.570,0:28.281,0:32.030,0:38.615,288.8,Clément NOVALAK,,LMP2,,Inter Europol Competition,Oreca,GF,28.281,32.030,38.615,
34,2,7,1:33.748,0,,28.968,0,30.468,0,34.312,0,178.7,12:14.318,12:02:14.318,0:28.968,0:30.468,0:34.312,291.9,Clément NOVALAK,,LMP2,,Inter Europol Competition,Oreca,GF,28.968,30.468,34.312,
34,2,8,1:37.473,0,,28.540,0,32.845,0,36.088,0,171.9,13:51.791,12:03:51.791,0:28.540,0:32.845,0:36.088,294.3,Clément NOVALAK,,LMP2,,Inter Europol Competition,Oreca,GF,28.540,32.845,36.088,
34,2,9,1:42.756,0,B,28.407,0,33.510,0,40.839,0,163.0,15:34.547,12:05:34.547,0:28.407,0:33.510,0:40.839,290.3,Clément NOVALAK,,LMP2,,Inter Europol Competition,Oreca,GF,28.407,33.510,40.839,
34,1,10,4:09.080,0,,3:02.108,0,31.211,0,35.761,0,67.3,19:43.627,12:09:43.627,3:02.108,0:31.211,0:35.761,,Oliver GRAY,0:02:36.317,LMP2,,Inter Europol Competition,Oreca,GF,182.108,31.211,35.761,
34,1,11,1:34.664,0,,28.887,0,30.837,0,34.940,0,177.0,21:18.291,12:11:18.291,0:28.887,0:30.837,0:34.940,288.0,Oliver GRAY,,LMP2,,Inter Europol Competition,Oreca,GF,28.887,30.837,34.940,
34,1,12,1:34.680,0,,28.720,0,31.044,0,34.916,0,176.9,22:52.971,12:12:52.971,0:28.720,0:31.044,0:34.916,286.5,Oliver GRAY,,LMP2,,Inter Europol Competition,Oreca,GF,28.720,31.044,34.916,
34,1,13,1:35.122,0,,29.191,0,30.800,0,35.131,0,176.1,24:28.093,12:14:28.093,0:29.191,0:30.800,0:35.131,288.0,Oliver GRAY,,LMP2,,Inter Europol Competition,Oreca,GF,29.191,30.800,35.131,
34,1,14,1:35.437,0,,30.192,0,30.687,0,34.558,0,175.5,26:03.530,12:16:03.530,0:30.192,0:30.687,0:34.558,288.0,Oliver GRAY,,LMP2,,Inter Europol Competition,Oreca,GF,30.192,30.687,34.558,
34,1,15,1:34.058,0,,28.658,0,30.819,0,34.581,0,178.1,27:37.588,12:17:37.588,0:28.658,0:30.819,0:34.581,291.1,Oliver GRAY,,LMP2,,Inter Europol Competition,Oreca,GF,28.658,30.819,34.581,
34,1,16,1:35.199,0,,28.704,0,31.048,0,35.447,0,176.0,29:12.787,12:19:12.787,0:28.704,0:31.048,0:35.447,292.7,Oliver GRAY,,LMP2,,Inter Europol Competition,Oreca,GF,28.704,31.048,35.447,
34,1,17,1:34.972,0,,28.617,0,31.649,0,34.706,0,176.4,30:47.759,12:20:47.759,0:28.617,0:31.649,0:34.706,289.5,Oliver GRAY,,LMP2,,Inter Europol Competition,Oreca,GF,28.617,31.649,34.706,
34,1,18,1:33.975,0,,28.422,1,30.609,0,34.944,0,178.2,32:21.734,12:22:21.734,0:28.422,0:30.609,0:34.944,291.9,Oliver GRAY,,LMP2,,Inter Europol Competition,Oreca,GF,28.422,30.609,34.944,
34,1,19,1:33.477,0,,28.452,0,30.355,1,34.670,0,179.2,33:55.211,12:23:55.211,0:28.452,0:30.355,0:34.670,292.7,Oliver GRAY,,LMP2,,Inter Europol Competition,Oreca,GF,28.452,30.355,34.670,
34,1,20,1:34.673,0,,28.842,0,30.949,0,34.882,0,176.9,35:29.884,12:25:29.884,0:28.842,0:30.949,0:34.882,291.9,Oliver GRAY,,LMP2,,Inter Europol Competition,Oreca,GF,28.842,30.949,34.882,
34,1,21,1:33.544,0,,28.604,0,30.582,0,34.358,1,179.1,37:03.428,12:27:03.428,0:28.604,0:30.582,0:34.358,289.5,Oliver GRAY,,LMP2,,Inter Europol Competition,Oreca,GF,28.604,30.582,34.358,
34,1,22,1:34.673,0,,28.605,0,30.829,0,35.239,0,176.9,38:38.101,12:28:38.101,0:28.605,0:30.829,0:35.239,291.1,Oliver GRAY,,LMP2,,Inter Europol Competition,Oreca,GF,28.605,30.829,35.239,
34,1,23,1:43.438,0,B,30.215,0,32.108,0,41.115,0,161.9,40:21.539,12:30:21.539,0:30.215,0:32.108,0:41.115,292.7,Oliver GRAY,,LMP2,,Inter Europol Competition,Oreca,GF,30.215,32.108,41.115,
34,3,24,3:55.448,0,,2:48.660,0,31.533,0,35.255,0,71.1,44:16.987,12:34:16.987,2:48.660,0:31.533,0:35.255,,Luca GHIOTTO,0:02:23.562,LMP2,,Inter Europol Competition,Oreca,GF,168.660,31.533,35.255,
34,3,25,1:35.895,0,,29.251,0,31.550,0,35.094,0,174.7,45:52.882,12:35:52.882,0:29.251,0:31.550,0:35.094,288.8,Luca GHIOTTO,,LMP2,,Inter Europol Competition,Oreca,GF,29.251,31.550,35.094,
34,3,26,1:37.219,0,,29.903,0,31.042,0,36.274,0,172.3,47:30.101,12:37:30.101,0:29.903,0:31.042,0:36.274,289.5,Luca GHIOTTO,,LMP2,,Inter Europol Competition,Oreca,GF,29.903,31.042,36.274,
34,3,27,1:37.132,0,,29.853,0,31.465,0,35.814,0,172.5,49:07.233,12:39:07.233,0:29.853,0:31.465,0:35.814,290.3,Luca GHIOTTO,,LMP2,,Inter Europol Competition,Oreca,GF,29.853,31.465,35.814,
34,3,28,1:35.351,0,,29.117,0,31.009,0,35.225,0,175.7,50:42.584,12:40:42.584,0:29.117,0:31.009,0:35.225,291.1,Luca GHIOTTO,,LMP2,,Inter Europol Competition,Oreca,GF,29.117,31.009,35.225,
34,3,29,1:34.924,0,,29.222,0,30.933,0,34.769,0,176.5,52:17.508,12:42:17.508,0:29.222,0:30.933,0:34.769,291.1,Luca GHIOTTO,,LMP2,,Inter Europol Competition,Oreca,GF,29.222,30.933,34.769,
34,3,30,1:35.790,0,,29.588,0,30.968,0,35.234,0,174.9,53:53.298,12:43:53.298,0:29.588,0:30.968,0:35.234,291.9,Luca GHIOTTO,,LMP2,,Inter Europol Competition,Oreca,GF,29.588,30.968,35.234,
34,3,31,1:36.053,0,,29.150,0,31.625,0,35.278,0,174.4,55:29.351,12:45:29.351,0:29.150,0:31.625,0:35.278,291.9,Luca GHIOTTO,,LMP2,,Inter Europol Competition,Oreca,GF,29.150,31.625,35.278,
34,3,32,1:36.418,0,,29.593,0,31.147,0,35.678,0,173.7,57:05.769,12:47:05.769,0:29.593,0:31.147,0:35.678,295.1,Luca GHIOTTO,,LMP2,,Inter Europol Competition,Oreca,GF,29.593,31.147,35.678,
34,3,33,1:34.818,0,,29.106,0,31.018,0,34.694,0,176.7,58:40.587,12:48:40.587,0:29.106,0:31.018,0:34.694,290.3,Luca GHIOTTO,,LMP2,,Inter Europol Competition,Oreca,GF,29.106,31.018,34.694,
34,3,34,1:34.304,0,,28.931,0,30.790,0,34.583,1,177.6,1:00:14.891,12:50:14.891,0:28.931,0:30.790,0:34.583,290.3,Luca GHIOTTO,,LMP2,,Inter Europol Competition,Oreca,GF,28.931,30.790,34.583,
34,3,35,1:37.183,0,,29.517,0,31.318,0,36.348,0,172.4,1:01:52.074,12:51:52.074,0:29.517,0:31.318,0:36.348,291.9,Luca GHIOTTO,,LMP2,,Inter Europol Competition,Oreca,GF,29.517,31.318,36.348,
34,3,36,1:35.132,0,,29.256,0,31.112,0,34.764,0,176.1,1:03:27.206,12:53:27.206,0:29.256,0:31.112,0:34.764,285.0,Luca GHIOTTO,,LMP2,,Inter Europol Competition,Oreca,GF,29.256,31.112,34.764,
34,3,37,1:39.603,0,B,28.705,1,30.718,1,40.180,0,168.2,1:05:06.809,12:55:06.809,0:28.705,0:30.718,0:40.180,291.9,Luca GHIOTTO,,LMP2,,Inter Europol Competition,Oreca,GF,28.705,30.718,40.180,
34,2,38,3:13.304,0,,2:06.346,0,31.444,0,35.514,0,86.7,1:08:20.113,12:58:20.113,2:06.346,0:31.444,0:35.514,,Clément NOVALAK,0:01:41.448,LMP2,,Inter Europol Competition,Oreca,GF,126.346,31.444,35.514,
34,2,39,1:35.489,0,,29.096,0,31.344,0,35.049,0,175.4,1:09:55.602,12:59:55.602,0:29.096,0:31.344,0:35.049,291.1,Clément NOVALAK,,LMP2,,Inter Europol Competition,Oreca,GF,29.096,31.344,35.049,
34,2,40,3:21.867,0,,1:03.037,0,1:03.719,0,1:15.111,0,83.0,1:13:17.469,13:03:17.469,1:03.037,1:03.719,1:15.111,77.4,Clément NOVALAK,,LMP2,,Inter Europol Competition,Oreca,FCY,63.037,63.719,75.111,
34,2,41,2:35.086,0,,1:11.807,0,47.609,0,35.670,0,108.0,1:15:52.555,13:05:52.555,1:11.807,0:47.609,0:35.670,79.5,Clément NOVALAK,,LMP2,,Inter Europol Competition,Oreca,GF,71.807,47.609,35.670,
34,2,42,1:35.864,0,,29.045,0,31.047,0,35.772,0,174.7,1:17:28.419,13:07:28.419,0:29.045,0:31.047,0:35.772,286.5,Clément NOVALAK,,LMP2,,Inter Europol Competition,Oreca,GF,29.045,31.047,35.772,
34,2,43,1:35.513,0,,29.403,0,31.286,0,34.824,0,175.4,1:19:03.932,13:09:03.932,0:29.403,0:31.286,0:34.824,286.5,Clément NOVALAK,,LMP2,,Inter Europol Competition,Oreca,GF,29.403,31.286,34.824,
34,2,44,1:35.394,0,,29.055,0,31.068,0,35.271,0,175.6,1:20:39.326,13:10:39.326,0:29.055,0:31.068,0:35.271,291.1,Clément NOVALAK,,LMP2,,Inter Europol Competition,Oreca,GF,29.055,31.068,35.271,
34,2,45,1:35.776,0,,29.409,0,31.405,0,34.962,0,174.9,1:22:15.102,13:12:15.102,0:29.409,0:31.405,0:34.962,291.1,Clément NOVALAK,,LMP2,,Inter Europol Competition,Oreca,GF,29.409,31.405,34.962,
34,2,46,1:35.203,0,,29.009,0,31.049,0,35.145,0,175.9,1:23:50.305,13:13:50.305,0:29.009,0:31.049,0:35.145,288.8,Clément NOVALAK,,LMP2,,Inter Europol Competition,Oreca,GF,29.009,31.049,35.145,
34,2,47,1:35.990,0,,29.058,0,31.114,0,35.818,0,174.5,1:25:26.295,13:15:26.295,0:29.058,0:31.114,0:35.818,290.3,Clément NOVALAK,,LMP2,,Inter Europol Competition,Oreca,GF,29.058,31.114,35.818,
34,2,48,1:34.754,0,,28.941,0,30.929,0,34.884,0,176.8,1:27:01.049,13:17:01.049,0:28.941,0:30.929,0:34.884,290.3,Clément NOVALAK,,LMP2,,Inter Europol Competition,Oreca,GF,28.941,30.929,34.884,
34,2,49,1:35.436,0,,29.564,0,31.000,0,34.872,0,175.5,1:28:36.485,13:18:36.485,0:29.564,0:31.000,0:34.872,291.1,Clément NOVALAK,,LMP2,,Inter Europol Competition,Oreca,GF,29.564,31.000,34.872,
34,2,50,1:34.814,0,,28.906,0,30.821,0,35.087,0,176.7,1:30:11.299,13:20:11.299,0:28.906,0:30.821,0:35.087,292.7,Clément NOVALAK,,LMP2,,Inter Europol Competition,Oreca,FF,28.906,30.821,35.087,
35,2,1,2:13.003,0,,54.461,0,39.244,0,39.298,0,118.7,2:13.003,11:52:13.003,0:54.461,0:39.244,0:39.298,,Jean-Baptiste LAHAYE,0:00:16.427,LMP3,,Ultimate,Ligier,GF,54.461,39.244,39.298,
35,2,2,1:54.834,0,B,34.075,0,35.900,0,44.859,0,145.9,4:07.837,11:54:07.837,0:34.075,0:35.900,0:44.859,225.5,Jean-Baptiste LAHAYE,,LMP3,,Ultimate,Ligier,GF,34.075,35.900,44.859,
35,2,3,9:56.566,0,,8:41.456,0,36.381,0,38.729,0,28.1,14:04.403,12:04:04.403,8:41.456,0:36.381,0:38.729,,Jean-Baptiste LAHAYE,0:08:06.384,LMP3,,Ultimate,Ligier,GF,521.456,36.381,38.729,
35,2,4,1:44.547,0,,32.589,0,32.998,0,38.960,0,160.2,15:48.950,12:05:48.950,0:32.589,0:32.998,0:38.960,257.1,Jean-Baptiste LAHAYE,,LMP3,,Ultimate,Ligier,GF,32.589,32.998,38.960,
35,2,5,1:40.925,0,,30.984,0,32.396,0,37.545,0,166.0,17:29.875,12:07:29.875,0:30.984,0:32.396,0:37.545,262.8,Jean-Baptiste LAHAYE,,LMP3,,Ultimate,Ligier,GF,30.984,32.396,37.545,
35,2,6,1:39.251,2,,30.654,0,32.168,0,36.429,2,168.8,19:09.126,12:09:09.126,0:30.654,0:32.168,0:36.429,264.1,Jean-Baptiste LAHAYE,,LMP3,,Ultimate,Ligier,GF,30.654,32.168,36.429,
35,2,7,1:40.171,0,,31.201,0,32.475,0,36.495,0,167.2,20:49.297,12:10:49.297,0:31.201,0:32.475,0:36.495,264.7,Jean-Baptiste LAHAYE,,LMP3,,Ultimate,Ligier,GF,31.201,32.475,36.495,
35,2,8,1:39.578,0,,30.778,0,32.135,2,36.665,0,168.2,22:28.875,12:12:28.875,0:30.778,0:32.135,0:36.665,263.4,Jean-Baptiste LAHAYE,,LMP3,,Ultimate,Ligier,GF,30.778,32.135,36.665,
35,2,9,1:47.531,0,B,30.794,0,32.708,0,44.029,0,155.8,24:16.406,12:14:16.406,0:30.794,0:32.708,0:44.029,264.7,Jean-Baptiste LAHAYE,,LMP3,,Ultimate,Ligier,GF,30.794,32.708,44.029,
35,2,10,7:06.505,0,,5:54.831,0,33.269,0,38.405,0,39.3,31:22.911,12:21:22.911,5:54.831,0:33.269,0:38.405,,Jean-Baptiste LAHAYE,0:05:24.064,LMP3,,Ultimate,Ligier,GF,354.831,33.269,38.405,
35,2,11,1:40.673,0,,31.025,0,32.895,0,36.753,0,166.4,33:03.584,12:23:03.584,0:31.025,0:32.895,0:36.753,263.4,Jean-Baptiste LAHAYE,,LMP3,,Ultimate,Ligier,GF,31.025,32.895,36.753,
35,2,12,1:40.849,0,,31.131,0,32.624,0,37.094,0,166.1,34:44.433,12:24:44.433,0:31.131,0:32.624,0:37.094,266.7,Jean-Baptiste LAHAYE,,LMP3,,Ultimate,Ligier,GF,31.131,32.624,37.094,
35,2,13,1:40.574,0,,30.560,2,32.504,0,37.510,0,166.6,36:25.007,12:26:25.007,0:30.560,0:32.504,0:37.510,266.7,Jean-Baptiste LAHAYE,,LMP3,,Ultimate,Ligier,GF,30.560,32.504,37.510,
35,2,14,1:48.900,0,B,31.373,0,33.029,0,44.498,0,153.8,38:13.907,12:28:13.907,0:31.373,0:33.029,0:44.498,267.3,Jean-Baptiste LAHAYE,,LMP3,,Ultimate,Ligier,GF,31.373,33.029,44.498,
35,1,15,4:26.893,0,,3:13.159,0,34.483,0,39.251,0,62.8,42:40.800,12:32:40.800,3:13.159,0:34.483,0:39.251,,François HERIAU,0:02:46.256,LMP3,,Ultimate,Ligier,GF,193.159,34.483,39.251,
35,1,16,1:44.400,0,,32.582,0,33.727,0,38.091,0,160.4,44:25.200,12:34:25.200,0:32.582,0:33.727,0:38.091,256.5,François HERIAU,,LMP3,,Ultimate,Ligier,GF,32.582,33.727,38.091,
35,1,17,1:43.334,0,,31.421,0,33.567,0,38.346,0,162.1,46:08.534,12:36:08.534,0:31.421,0:33.567,0:38.346,261.5,François HERIAU,,LMP3,,Ultimate,Ligier,GF,31.421,33.567,38.346,
35,1,18,1:44.439,0,,32.022,0,33.938,0,38.479,0,160.4,47:52.973,12:37:52.973,0:32.022,0:33.938,0:38.479,262.1,François HERIAU,,LMP3,,Ultimate,Ligier,GF,32.022,33.938,38.479,
35,1,19,1:44.308,0,,31.688,0,34.192,0,38.428,0,160.6,49:37.281,12:39:37.281,0:31.688,0:34.192,0:38.428,264.1,François HERIAU,,LMP3,,Ultimate,Ligier,GF,31.688,34.192,38.428,
35,1,20,1:43.549,0,,31.559,0,34.111,0,37.879,0,161.8,51:20.830,12:41:20.830,0:31.559,0:34.111,0:37.879,263.4,François HERIAU,,LMP3,,Ultimate,Ligier,GF,31.559,34.111,37.879,
35,1,21,1:44.338,0,,31.760,0,34.580,0,37.998,0,160.5,53:05.168,12:43:05.168,0:31.760,0:34.580,0:37.998,267.3,François HERIAU,,LMP3,,Ultimate,Ligier,GF,31.760,34.580,37.998,
35,1,22,1:43.614,0,,31.755,0,33.994,0,37.865,0,161.7,54:48.782,12:44:48.782,0:31.755,0:33.994,0:37.865,266.7,François HERIAU,,LMP3,,Ultimate,Ligier,GF,31.755,33.994,37.865,
35,1,23,1:47.134,0,,31.969,0,36.289,0,38.876,0,156.4,56:35.916,12:46:35.916,0:31.969,0:36.289,0:38.876,266.7,François HERIAU,,LMP3,,Ultimate,Ligier,GF,31.969,36.289,38.876,
35,1,24,1:43.675,0,,31.914,0,33.649,0,38.112,0,161.6,58:19.591,12:48:19.591,0:31.914,0:33.649,0:38.112,262.8,François HERIAU,,LMP3,,Ultimate,Ligier,GF,31.914,33.649,38.112,
35,1,25,1:54.447,0,B,32.285,0,34.532,0,47.630,0,146.4,1:00:14.038,12:50:14.038,0:32.285,0:34.532,0:47.630,265.4,François HERIAU,,LMP3,,Ultimate,Ligier,GF,32.285,34.532,47.630,
35,1,26,3:34.787,0,,2:23.316,0,33.779,0,37.692,1,78.0,1:03:48.825,12:53:48.825,2:23.316,0:33.779,0:37.692,,François HERIAU,0:01:54.043,LMP3,,Ultimate,Ligier,GF,143.316,33.779,37.692,
35,1,27,1:42.439,0,,31.392,1,32.946,1,38.101,0,163.5,1:05:31.264,12:55:31.264,0:31.392,0:32.946,0:38.101,264.1,François HERIAU,,LMP3,,Ultimate,Ligier,GF,31.392,32.946,38.101,
35,1,28,1:48.965,0,B,31.830,0,33.566,0,43.569,0,153.7,1:07:20.229,12:57:20.229,0:31.830,0:33.566,0:43.569,266.0,François HERIAU,,LMP3,,Ultimate,Ligier,GF,31.830,33.566,43.569,
35,3,29,8:25.274,0,,6:48.800,0,58.254,0,38.220,0,33.2,1:15:45.503,13:05:45.503,6:48.800,0:58.254,0:38.220,,Matthieu LAHAYE,0:05:59.527,LMP3,,Ultimate,Ligier,GF,408.800,58.254,38.220,
35,3,30,1:43.233,0,,32.418,0,33.173,1,37.642,0,162.3,1:17:28.736,13:07:28.736,0:32.418,0:33.173,0:37.642,260.9,Matthieu LAHAYE,,LMP3,,Ultimate,Ligier,GF,32.418,33.173,37.642,
35,3,31,1:42.458,0,,31.652,1,33.398,0,37.408,1,163.5,1:19:11.194,13:09:11.194,0:31.652,0:33.398,0:37.408,265.4,Matthieu LAHAYE,,LMP3,,Ultimate,Ligier,GF,31.652,33.398,37.408,
35,3,32,1:53.283,0,B,31.771,0,34.490,0,47.022,0,147.9,1:21:04.477,13:11:04.477,0:31.771,0:34.490,0:47.022,266.7,Matthieu LAHAYE,,LMP3,,Ultimate,Ligier,GF,31.771,34.490,47.022,
37,2,1,2:11.655,0,,55.438,0,37.649,0,38.568,0,119.9,2:11.655,11:52:11.655,0:55.438,0:37.649,0:38.568,,Malthe JAKOBSEN,0:00:18.933,LMP2,,COOL Racing,Oreca,GF,55.438,37.649,38.568,
37,2,2,1:43.442,0,,32.858,0,33.971,0,36.613,0,161.9,3:55.097,11:53:55.097,0:32.858,0:33.971,0:36.613,256.5,Malthe JAKOBSEN,,LMP2,,COOL Racing,Oreca,GF,32.858,33.971,36.613,
37,2,3,1:35.340,0,,28.918,0,30.539,0,35.883,0,175.7,5:30.437,11:55:30.437,0:28.918,0:30.539,0:35.883,291.9,Malthe JAKOBSEN,,LMP2,,COOL Racing,Oreca,GF,28.918,30.539,35.883,
37,2,4,1:36.385,0,,28.477,0,30.675,0,37.233,0,173.8,7:06.822,11:57:06.822,0:28.477,0:30.675,0:37.233,291.9,Malthe JAKOBSEN,,LMP2,,COOL Racing,Oreca,GF,28.477,30.675,37.233,
37,2,5,1:32.596,2,,28.333,2,30.098,2,34.165,2,180.9,8:39.418,11:58:39.418,0:28.333,0:30.098,0:34.165,293.5,Malthe JAKOBSEN,,LMP2,,COOL Racing,Oreca,GF,28.333,30.098,34.165,
37,2,6,1:38.012,0,,28.518,0,32.399,0,37.095,0,170.9,10:17.430,12:00:17.430,0:28.518,0:32.399,0:37.095,295.1,Malthe JAKOBSEN,,LMP2,,COOL Racing,Oreca,GF,28.518,32.399,37.095,
37,2,7,1:40.679,0,B,28.346,0,31.168,0,41.165,0,166.4,11:58.109,12:01:58.109,0:28.346,0:31.168,0:41.165,292.7,Malthe JAKOBSEN,,LMP2,,COOL Racing,Oreca,GF,28.346,31.168,41.165,
37,3,8,9:42.463,0,,8:34.024,0,31.926,0,36.513,0,28.8,21:40.572,12:11:40.572,8:34.024,0:31.926,0:36.513,,Ritomo MIYATA,0:08:06.948,LMP2,,COOL Racing,Oreca,GF,514.024,31.926,36.513,
37,3,9,1:35.797,0,,29.366,0,31.384,0,35.047,0,174.9,23:16.369,12:13:16.369,0:29.366,0:31.384,0:35.047,282.7,Ritomo MIYATA,,LMP2,,COOL Racing,Oreca,GF,29.366,31.384,35.047,
37,3,10,1:35.552,0,,28.904,0,31.147,0,35.501,0,175.3,24:51.921,12:14:51.921,0:28.904,0:31.147,0:35.501,290.3,Ritomo MIYATA,,LMP2,,COOL Racing,Oreca,GF,28.904,31.147,35.501,
37,3,11,1:34.522,0,,28.975,0,30.800,0,34.747,0,177.2,26:26.443,12:16:26.443,0:28.975,0:30.800,0:34.747,289.5,Ritomo MIYATA,,LMP2,,COOL Racing,Oreca,GF,28.975,30.800,34.747,
37,3,12,1:35.858,0,,29.948,0,30.965,0,34.945,0,174.7,28:02.301,12:18:02.301,0:29.948,0:30.965,0:34.945,292.7,Ritomo MIYATA,,LMP2,,COOL Racing,Oreca,GF,29.948,30.965,34.945,
37,3,13,1:34.992,0,,29.135,0,30.992,0,34.865,0,176.3,29:37.293,12:19:37.293,0:29.135,0:30.992,0:34.865,291.9,Ritomo MIYATA,,LMP2,,COOL Racing,Oreca,GF,29.135,30.992,34.865,
37,3,14,1:37.326,0,,31.027,0,30.867,0,35.432,0,172.1,31:14.619,12:21:14.619,0:31.027,0:30.867,0:35.432,295.1,Ritomo MIYATA,,LMP2,,COOL Racing,Oreca,GF,31.027,30.867,35.432,
37,3,15,1:34.453,0,,29.125,0,30.619,0,34.709,0,177.3,32:49.072,12:22:49.072,0:29.125,0:30.619,0:34.709,291.9,Ritomo MIYATA,,LMP2,,COOL Racing,Oreca,GF,29.125,30.619,34.709,
37,3,16,1:35.040,0,,29.078,0,30.840,0,35.122,0,176.2,34:24.112,12:24:24.112,0:29.078,0:30.840,0:35.122,295.1,Ritomo MIYATA,,LMP2,,COOL Racing,Oreca,GF,29.078,30.840,35.122,
37,3,17,1:34.662,0,,28.919,0,31.129,0,34.614,0,177.0,35:58.774,12:25:58.774,0:28.919,0:31.129,0:34.614,297.5,Ritomo MIYATA,,LMP2,,COOL Racing,Oreca,GF,28.919,31.129,34.614,
37,3,18,1:33.760,0,,28.709,0,30.581,1,34.470,1,178.7,37:32.534,12:27:32.534,0:28.709,0:30.581,0:34.470,291.9,Ritomo MIYATA,,LMP2,,COOL Racing,Oreca,GF,28.709,30.581,34.470,
37,3,19,1:40.426,0,B,28.610,1,30.772,0,41.044,0,166.8,39:12.960,12:29:12.960,0:28.610,0:30.772,0:41.044,291.9,Ritomo MIYATA,,LMP2,,COOL Racing,Oreca,GF,28.610,30.772,41.044,
37,1,20,2:42.108,0,,1:34.440,0,31.642,0,36.026,0,103.3,41:55.068,12:31:55.068,1:34.440,0:31.642,0:36.026,,Lorenzo FLUXA,0:01:08.196,LMP2,,COOL Racing,Oreca,GF,94.440,31.642,36.026,
37,1,21,1:36.266,0,,29.549,0,31.658,0,35.059,0,174.0,43:31.334,12:33:31.334,0:29.549,0:31.658,0:35.059,286.5,Lorenzo FLUXA,,LMP2,,COOL Racing,Oreca,GF,29.549,31.658,35.059,
37,1,22,1:36.099,0,,30.314,0,30.977,0,34.808,0,174.3,45:07.433,12:35:07.433,0:30.314,0:30.977,0:34.808,289.5,Lorenzo FLUXA,,LMP2,,COOL Racing,Oreca,GF,30.314,30.977,34.808,
37,1,23,1:34.820,0,,29.028,0,30.810,0,34.982,0,176.7,46:42.253,12:36:42.253,0:29.028,0:30.810,0:34.982,291.9,Lorenzo FLUXA,,LMP2,,COOL Racing,Oreca,GF,29.028,30.810,34.982,
37,1,24,1:34.629,0,,29.137,0,30.770,0,34.722,0,177.0,48:16.882,12:38:16.882,0:29.137,0:30.770,0:34.722,294.3,Lorenzo FLUXA,,LMP2,,COOL Racing,Oreca,GF,29.137,30.770,34.722,
37,1,25,1:34.743,0,,28.921,0,30.632,1,35.190,0,176.8,49:51.625,12:39:51.625,0:28.921,0:30.632,0:35.190,294.3,Lorenzo FLUXA,,LMP2,,COOL Racing,Oreca,GF,28.921,30.632,35.190,
37,1,26,1:34.154,0,,28.774,1,30.781,0,34.599,1,177.9,51:25.779,12:41:25.779,0:28.774,0:30.781,0:34.599,293.5,Lorenzo FLUXA,,LMP2,,COOL Racing,Oreca,GF,28.774,30.781,34.599,
37,1,27,1:41.634,0,B,28.952,0,31.287,0,41.395,0,164.8,53:07.413,12:43:07.413,0:28.952,0:31.287,0:41.395,293.5,Lorenzo FLUXA,,LMP2,,COOL Racing,Oreca,GF,28.952,31.287,41.395,
37,1,28,8:04.241,0,,6:57.450,0,31.596,0,35.195,0,34.6,1:01:11.654,12:51:11.654,6:57.450,0:31.596,0:35.195,,Lorenzo FLUXA,0:06:32.391,LMP2,,COOL Racing,Oreca,GF,417.450,31.596,35.195,
37,1,29,1:35.259,0,,29.243,0,31.189,0,34.827,0,175.8,1:02:46.913,12:52:46.913,0:29.243,0:31.189,0:34.827,288.8,Lorenzo FLUXA,,LMP2,,COOL Racing,Oreca,GF,29.243,31.189,34.827,
37,1,30,1:36.332,0,,29.113,0,31.544,0,35.675,0,173.9,1:04:23.245,12:54:23.245,0:29.113,0:31.544,0:35.675,290.3,Lorenzo FLUXA,,LMP2,,COOL Racing,Oreca,GF,29.113,31.544,35.675,
37,1,31,1:35.798,0,,29.681,0,31.080,0,35.037,0,174.9,1:05:59.043,12:55:59.043,0:29.681,0:31.080,0:35.037,293.5,Lorenzo FLUXA,,LMP2,,COOL Racing,Oreca,GF,29.681,31.080,35.037,
37,1,32,1:35.611,0,,29.284,0,31.197,0,35.130,0,175.2,1:07:34.654,12:57:34.654,0:29.284,0:31.197,0:35.130,291.1,Lorenzo FLUXA,,LMP2,,COOL Racing,Oreca,GF,29.284,31.197,35.130,
37,1,33,1:36.500,0,,29.406,0,32.063,0,35.031,0,173.6,1:09:11.154,12:59:11.154,0:29.406,0:32.063,0:35.031,292.7,Lorenzo FLUXA,,LMP2,,COOL Racing,Oreca,GF,29.406,32.063,35.031,
37,1,34,2:30.849,0,B,29.058,0,45.611,0,1:16.180,0,111.0,1:11:42.003,13:01:42.003,0:29.058,0:45.611,1:16.180,291.1,Lorenzo FLUXA,,LMP2,,COOL Racing,Oreca,FCY,29.058,45.611,76.180,
37,2,35,3:51.092,0,,2:08.337,0,1:03.164,0,39.591,0,72.5,1:15:33.095,13:05:33.095,2:08.337,1:03.164,0:39.591,,Malthe JAKOBSEN,0:01:19.107,LMP2,,COOL Racing,Oreca,GF,128.337,63.164,39.591,
37,2,36,1:36.663,0,,29.273,0,31.471,0,35.919,0,173.3,1:17:09.758,13:07:09.758,0:29.273,0:31.471,0:35.919,290.3,Malthe JAKOBSEN,,LMP2,,COOL Racing,Oreca,GF,29.273,31.471,35.919,
37,2,37,1:35.602,0,,29.403,0,31.150,0,35.049,0,175.2,1:18:45.360,13:08:45.360,0:29.403,0:31.150,0:35.049,291.9,Malthe JAKOBSEN,,LMP2,,COOL Racing,Oreca,GF,29.403,31.150,35.049,
37,2,38,1:36.066,0,,29.431,0,30.985,0,35.650,0,174.4,1:20:21.426,13:10:21.426,0:29.431,0:30.985,0:35.650,291.9,Malthe JAKOBSEN,,LMP2,,COOL Racing,Oreca,GF,29.431,30.985,35.650,
37,2,39,1:35.149,0,,29.172,0,30.951,0,35.026,0,176.0,1:21:56.575,13:11:56.575,0:29.172,0:30.951,0:35.026,288.0,Malthe JAKOBSEN,,LMP2,,COOL Racing,Oreca,GF,29.172,30.951,35.026,
37,2,40,1:34.957,0,,29.055,0,30.729,0,35.173,0,176.4,1:23:31.532,13:13:31.532,0:29.055,0:30.729,0:35.173,292.7,Malthe JAKOBSEN,,LMP2,,COOL Racing,Oreca,GF,29.055,30.729,35.173,
37,2,41,1:34.782,0,,28.874,0,30.732,0,35.176,0,176.7,1:25:06.314,13:15:06.314,0:28.874,0:30.732,0:35.176,291.1,Malthe JAKOBSEN,,LMP2,,COOL Racing,Oreca,GF,28.874,30.732,35.176,
37,2,42,1:35.571,0,,28.929,0,30.908,0,35.734,0,175.3,1:26:41.885,13:16:41.885,0:28.929,0:30.908,0:35.734,292.7,Malthe JAKOBSEN,,LMP2,,COOL Racing,Oreca,GF,28.929,30.908,35.734,
37,2,43,1:36.289,0,,29.905,0,31.015,0,35.369,0,174.0,1:28:18.174,13:18:18.174,0:29.905,0:31.015,0:35.369,291.1,Malthe JAKOBSEN,,LMP2,,COOL Racing,Oreca,GF,29.905,31.015,35.369,
37,2,44,1:34.937,0,,28.963,0,31.035,0,34.939,0,176.4,1:29:53.111,13:19:53.111,0:28.963,0:31.035,0:34.939,293.5,Malthe JAKOBSEN,,LMP2,,COOL Racing,Oreca,GF,28.963,31.035,34.939,
37,2,45,1:35.915,0,,28.893,0,31.311,0,35.711,0,174.6,1:31:29.026,13:21:29.026,0:28.893,0:31.311,0:35.711,292.7,Malthe JAKOBSEN,,LMP2,,COOL Racing,Oreca,FF,28.893,31.311,35.711,
4,2,1,2:24.289,0,,1:05.969,0,38.668,0,39.652,0,109.4,2:24.289,11:52:24.289,1:05.969,0:38.668,0:39.652,,Wyatt BRICHACEK,0:00:26.478,LMP3,,DKR Engineering,Duqueine,GF,65.969,38.668,39.652,
4,2,2,1:45.800,0,,33.079,0,33.501,0,39.220,0,158.3,4:10.089,11:54:10.089,0:33.079,0:33.501,0:39.220,257.1,Wyatt BRICHACEK,,LMP3,,DKR Engineering,Duqueine,GF,33.079,33.501,39.220,
4,2,3,1:46.913,0,,31.974,0,33.300,0,41.639,0,156.7,5:57.002,11:55:57.002,0:31.974,0:33.300,0:41.639,262.1,Wyatt BRICHACEK,,LMP3,,DKR Engineering,Duqueine,GF,31.974,33.300,41.639,
4,2,4,1:39.821,0,,31.076,0,32.141,0,36.604,0,167.8,7:36.823,11:57:36.823,0:31.076,0:32.141,0:36.604,263.4,Wyatt BRICHACEK,,LMP3,,DKR Engineering,Duqueine,GF,31.076,32.141,36.604,
4,2,5,1:38.992,2,,30.573,2,32.002,2,36.417,2,169.2,9:15.815,11:59:15.815,0:30.573,0:32.002,0:36.417,268.0,Wyatt BRICHACEK,,LMP3,,DKR Engineering,Duqueine,GF,30.573,32.002,36.417,
4,2,6,1:45.156,0,B,30.577,0,32.265,0,42.314,0,159.3,11:00.971,12:01:00.971,0:30.577,0:32.265,0:42.314,267.3,Wyatt BRICHACEK,,LMP3,,DKR Engineering,Duqueine,GF,30.577,32.265,42.314,
4,2,7,9:40.879,0,,8:28.554,0,33.599,0,38.726,0,28.8,20:41.850,12:10:41.850,8:28.554,0:33.599,0:38.726,,Wyatt BRICHACEK,0:08:02.144,LMP3,,DKR Engineering,Duqueine,GF,508.554,33.599,38.726,
4,2,8,1:41.781,0,,32.112,0,32.603,0,37.066,0,164.6,22:23.631,12:12:23.631,0:32.112,0:32.603,0:37.066,249.4,Wyatt BRICHACEK,,LMP3,,DKR Engineering,Duqueine,GF,32.112,32.603,37.066,
4,2,9,1:40.226,0,,30.982,0,32.254,0,36.990,0,167.1,24:03.857,12:14:03.857,0:30.982,0:32.254,0:36.990,264.7,Wyatt BRICHACEK,,LMP3,,DKR Engineering,Duqueine,GF,30.982,32.254,36.990,
4,2,10,1:46.494,0,B,30.645,0,33.193,0,42.656,0,157.3,25:50.351,12:15:50.351,0:30.645,0:33.193,0:42.656,268.0,Wyatt BRICHACEK,,LMP3,,DKR Engineering,Duqueine,GF,30.645,33.193,42.656,
4,3,11,3:59.546,0,,2:48.575,0,33.419,0,37.552,0,69.9,29:49.897,12:19:49.897,2:48.575,0:33.419,0:37.552,,Guilherme OLIVEIRA,0:02:17.440,LMP3,,DKR Engineering,Duqueine,GF,168.575,33.419,37.552,
4,3,12,1:43.159,0,,32.014,0,33.425,0,37.720,0,162.4,31:33.056,12:21:33.056,0:32.014,0:33.425,0:37.720,264.1,Guilherme OLIVEIRA,,LMP3,,DKR Engineering,Duqueine,GF,32.014,33.425,37.720,
4,3,13,1:43.384,0,,32.307,0,33.507,0,37.570,0,162.0,33:16.440,12:23:16.440,0:32.307,0:33.507,0:37.570,265.4,Guilherme OLIVEIRA,,LMP3,,DKR Engineering,Duqueine,GF,32.307,33.507,37.570,
4,3,14,1:41.562,0,,31.237,0,32.628,0,37.697,0,164.9,34:58.002,12:24:58.002,0:31.237,0:32.628,0:37.697,268.0,Guilherme OLIVEIRA,,LMP3,,DKR Engineering,Duqueine,GF,31.237,32.628,37.697,
4,3,15,1:41.063,0,,31.304,0,32.745,0,37.014,1,165.7,36:39.065,12:26:39.065,0:31.304,0:32.745,0:37.014,264.7,Guilherme OLIVEIRA,,LMP3,,DKR Engineering,Duqueine,GF,31.304,32.745,37.014,
4,3,16,1:42.745,0,,31.397,0,32.640,0,38.708,0,163.0,38:21.810,12:28:21.810,0:31.397,0:32.640,0:38.708,266.0,Guilherme OLIVEIRA,,LMP3,,DKR Engineering,Duqueine,GF,31.397,32.640,38.708,
4,3,17,1:41.283,0,,31.286,0,32.519,1,37.478,0,165.4,40:03.093,12:30:03.093,0:31.286,0:32.519,0:37.478,266.7,Guilherme OLIVEIRA,,LMP3,,DKR Engineering,Duqueine,GF,31.286,32.519,37.478,
4,3,18,1:44.871,0,,32.995,0,33.195,0,38.681,0,159.7,41:47.964,12:31:47.964,0:32.995,0:33.195,0:38.681,264.7,Guilherme OLIVEIRA,,LMP3,,DKR Engineering,Duqueine,GF,32.995,33.195,38.681,
4,3,19,1:43.649,0,,32.856,0,33.628,0,37.165,0,161.6,43:31.613,12:33:31.613,0:32.856,0:33.628,0:37.165,265.4,Guilherme OLIVEIRA,,LMP3,,DKR Engineering,Duqueine,GF,32.856,33.628,37.165,
4,3,20,1:41.214,0,,31.322,0,32.655,0,37.237,0,165.5,45:12.827,12:35:12.827,0:31.322,0:32.655,0:37.237,266.7,Guilherme OLIVEIRA,,LMP3,,DKR Engineering,Duqueine,GF,31.322,32.655,37.237,
4,3,21,1:41.124,0,,31.076,0,32.772,0,37.276,0,165.6,46:53.951,12:36:53.951,0:31.076,0:32.772,0:37.276,266.0,Guilherme OLIVEIRA,,LMP3,,DKR Engineering,Duqueine,GF,31.076,32.772,37.276,
4,3,22,1:47.846,0,B,31.031,1,33.307,0,43.508,0,155.3,48:41.797,12:38:41.797,0:31.031,0:33.307,0:43.508,266.7,Guilherme OLIVEIRA,,LMP3,,DKR Engineering,Duqueine,GF,31.031,33.307,43.508,
4,2,23,8:49.813,0,,7:38.581,0,33.254,0,37.978,0,31.6,57:31.610,12:47:31.610,7:38.581,0:33.254,0:37.978,,Wyatt BRICHACEK,0:07:12.013,LMP3,,DKR Engineering,Duqueine,GF,458.581,33.254,37.978,
4,2,24,1:41.840,0,,31.390,0,33.303,0,37.147,0,164.5,59:13.450,12:49:13.450,0:31.390,0:33.303,0:37.147,266.7,Wyatt BRICHACEK,,LMP3,,DKR Engineering,Duqueine,GF,31.390,33.303,37.147,
4,2,25,1:47.688,0,B,31.298,0,33.286,0,43.104,0,155.5,1:01:01.138,12:51:01.138,0:31.298,0:33.286,0:43.104,266.0,Wyatt BRICHACEK,,LMP3,,DKR Engineering,Duqueine,GF,31.298,33.286,43.104,
4,2,26,5:13.278,0,,4:03.017,0,33.116,0,37.145,0,53.5,1:06:14.416,12:56:14.416,4:03.017,0:33.116,0:37.145,,Wyatt BRICHACEK,0:03:37.089,LMP3,,DKR Engineering,Duqueine,GF,243.017,33.116,37.145,
4,2,27,1:41.426,0,,31.057,0,33.230,0,37.139,0,165.2,1:07:55.842,12:57:55.842,0:31.057,0:33.230,0:37.139,263.4,Wyatt BRICHACEK,,LMP3,,DKR Engineering,Duqueine,GF,31.057,33.230,37.139,
4,2,28,1:50.049,0,B,31.085,0,33.671,0,45.293,0,152.2,1:09:45.891,12:59:45.891,0:31.085,0:33.671,0:45.293,263.4,Wyatt BRICHACEK,,LMP3,,DKR Engineering,Duqueine,GF,31.085,33.671,45.293,
4,1,29,5:15.121,0,,2:57.062,0,1:02.715,0,1:15.344,0,53.2,1:15:01.012,13:05:01.012,2:57.062,1:02.715,1:15.344,,Alexander MATTSCHULL,0:02:07.036,LMP3,,DKR Engineering,Duqueine,GF,177.062,62.715,75.344,
4,1,30,1:49.952,0,,36.913,0,34.666,0,38.373,0,152.3,1:16:50.964,13:06:50.964,0:36.913,0:34.666,0:38.373,211.8,Alexander MATTSCHULL,,LMP3,,DKR Engineering,Duqueine,GF,36.913,34.666,38.373,
4,1,31,1:43.193,0,,32.107,0,33.554,0,37.532,1,162.3,1:18:34.157,13:08:34.157,0:32.107,0:33.554,0:37.532,258.4,Alexander MATTSCHULL,,LMP3,,DKR Engineering,Duqueine,GF,32.107,33.554,37.532,
4,1,32,1:43.157,0,,31.684,1,33.569,0,37.904,0,162.4,1:20:17.314,13:10:17.314,0:31.684,0:33.569,0:37.904,260.9,Alexander MATTSCHULL,,LMP3,,DKR Engineering,Duqueine,GF,31.684,33.569,37.904,
4,1,33,1:44.148,0,,31.831,0,33.593,0,38.724,0,160.8,1:22:01.462,13:12:01.462,0:31.831,0:33.593,0:38.724,262.1,Alexander MATTSCHULL,,LMP3,,DKR Engineering,Duqueine,GF,31.831,33.593,38.724,
4,1,34,1:43.096,0,,31.750,0,33.390,0,37.956,0,162.5,1:23:44.558,13:13:44.558,0:31.750,0:33.390,0:37.956,261.5,Alexander MATTSCHULL,,LMP3,,DKR Engineering,Duqueine,GF,31.750,33.390,37.956,
4,1,35,1:44.929,0,,32.010,0,33.586,0,39.333,0,159.6,1:25:29.487,13:15:29.487,0:32.010,0:33.586,0:39.333,262.1,Alexander MATTSCHULL,,LMP3,,DKR Engineering,Duqueine,GF,32.010,33.586,39.333,
4,1,36,1:44.266,0,,32.271,0,33.556,0,38.439,0,160.7,1:27:13.753,13:17:13.753,0:32.271,0:33.556,0:38.439,260.9,Alexander MATTSCHULL,,LMP3,,DKR Engineering,Duqueine,GF,32.271,33.556,38.439,
4,1,37,1:43.080,0,,31.988,0,33.057,1,38.035,0,162.5,1:28:56.833,13:18:56.833,0:31.988,0:33.057,0:38.035,263.4,Alexander MATTSCHULL,,LMP3,,DKR Engineering,Duqueine,GF,31.988,33.057,38.035,
4,1,38,1:45.087,0,,31.836,0,33.163,0,40.088,0,159.4,1:30:41.920,13:20:41.920,0:31.836,0:33.163,0:40.088,262.1,Alexander MATTSCHULL,,LMP3,,DKR Engineering,Duqueine,FF,31.836,33.163,40.088,
43,3,1,2:51.854,0,B,1:21.347,0,39.615,0,50.892,0,91.8,2:51.854,11:52:51.854,1:21.347,0:39.615,0:50.892,,Tom DILLMANN,0:00:42.997,LMP2,,Inter Europol Competition,Oreca,GF,81.347,39.615,50.892,
43,3,2,3:57.426,0,,2:42.013,0,36.216,0,39.197,0,70.6,6:49.280,11:56:49.280,2:42.013,0:36.216,0:39.197,,Tom DILLMANN,0:02:10.954,LMP2,,Inter Europol Competition,Oreca,GF,162.013,36.216,39.197,
43,3,3,1:46.323,0,,34.315,0,35.323,0,36.685,0,157.5,8:35.603,11:58:35.603,0:34.315,0:35.323,0:36.685,245.5,Tom DILLMANN,,LMP2,,Inter Europol Competition,Oreca,GF,34.315,35.323,36.685,
43,3,4,1:44.469,0,,32.600,0,32.820,0,39.049,0,160.3,10:20.072,12:00:20.072,0:32.600,0:32.820,0:39.049,290.3,Tom DILLMANN,,LMP2,,Inter Europol Competition,Oreca,GF,32.600,32.820,39.049,
43,3,5,1:34.681,0,,28.829,0,30.324,0,35.528,0,176.9,11:54.753,12:01:54.753,0:28.829,0:30.324,0:35.528,291.9,Tom DILLMANN,,LMP2,,Inter Europol Competition,Oreca,GF,28.829,30.324,35.528,
43,3,6,1:33.328,0,,28.286,0,30.238,0,34.804,0,179.5,13:28.081,12:03:28.081,0:28.286,0:30.238,0:34.804,291.9,Tom DILLMANN,,LMP2,,Inter Europol Competition,Oreca,GF,28.286,30.238,34.804,
43,3,7,1:41.904,0,,31.538,0,36.266,0,34.100,0,164.4,15:09.985,12:05:09.985,0:31.538,0:36.266,0:34.100,294.3,Tom DILLMANN,,LMP2,,Inter Europol Competition,Oreca,GF,31.538,36.266,34.100,
43,3,8,1:32.253,2,,28.401,0,30.168,2,33.684,3,181.6,16:42.238,12:06:42.238,0:28.401,0:30.168,0:33.684,291.9,Tom DILLMANN,,LMP2,,Inter Europol Competition,Oreca,GF,28.401,30.168,33.684,
43,3,9,1:35.853,0,,28.758,0,32.487,0,34.608,0,174.8,18:18.091,12:08:18.091,0:28.758,0:32.487,0:34.608,291.9,Tom DILLMANN,,LMP2,,Inter Europol Competition,Oreca,GF,28.758,32.487,34.608,
43,3,10,1:41.151,0,B,28.270,2,30.247,0,42.634,0,165.6,19:59.242,12:09:59.242,0:28.270,0:30.247,0:42.634,291.1,Tom DILLMANN,,LMP2,,Inter Europol Competition,Oreca,GF,28.270,30.247,42.634,
43,3,11,4:15.542,0,,3:07.507,0,31.087,0,36.948,0,65.6,24:14.784,12:14:14.784,3:07.507,0:31.087,0:36.948,,Tom DILLMANN,0:02:42.246,LMP2,,Inter Europol Competition,Oreca,GF,187.507,31.087,36.948,
43,3,12,1:34.655,0,,28.912,0,30.819,0,34.924,0,177.0,25:49.439,12:15:49.439,0:28.912,0:30.819,0:34.924,290.3,Tom DILLMANN,,LMP2,,Inter Europol Competition,Oreca,GF,28.912,30.819,34.924,
43,3,13,1:34.563,0,,29.311,0,30.639,0,34.613,0,177.1,27:24.002,12:17:24.002,0:29.311,0:30.639,0:34.613,291.9,Tom DILLMANN,,LMP2,,Inter Europol Competition,Oreca,GF,29.311,30.639,34.613,
43,3,14,1:34.509,0,,29.125,0,30.976,0,34.408,0,177.2,28:58.511,12:18:58.511,0:29.125,0:30.976,0:34.408,291.1,Tom DILLMANN,,LMP2,,Inter Europol Competition,Oreca,GF,29.125,30.976,34.408,
43,3,15,1:33.170,0,,28.470,0,30.513,0,34.187,0,179.8,30:31.681,12:20:31.681,0:28.470,0:30.513,0:34.187,291.9,Tom DILLMANN,,LMP2,,Inter Europol Competition,Oreca,GF,28.470,30.513,34.187,
43,3,16,1:35.449,0,,28.920,0,31.942,0,34.587,0,175.5,32:07.130,12:22:07.130,0:28.920,0:31.942,0:34.587,292.7,Tom DILLMANN,,LMP2,,Inter Europol Competition,Oreca,GF,28.920,31.942,34.587,
43,3,17,1:33.553,0,,28.695,0,30.669,0,34.189,0,179.1,33:40.683,12:23:40.683,0:28.695,0:30.669,0:34.189,292.7,Tom DILLMANN,,LMP2,,Inter Europol Competition,Oreca,GF,28.695,30.669,34.189,
43,3,18,1:40.048,0,B,28.569,0,30.456,0,41.023,0,167.4,35:20.731,12:25:20.731,0:28.569,0:30.456,0:41.023,292.7,Tom DILLMANN,,LMP2,,Inter Europol Competition,Oreca,GF,28.569,30.456,41.023,
43,1,19,3:17.212,0,,2:10.309,0,31.442,0,35.461,0,84.9,38:37.943,12:28:37.943,2:10.309,0:31.442,0:35.461,,Sebastian ALVAREZ,0:01:44.183,LMP2,,Inter Europol Competition,Oreca,GF,130.309,31.442,35.461,
43,1,20,1:36.864,0,,30.056,0,31.420,0,35.388,0,172.9,40:14.807,12:30:14.807,0:30.056,0:31.420,0:35.388,294.3,Sebastian ALVAREZ,,LMP2,,Inter Europol Competition,Oreca,GF,30.056,31.420,35.388,
43,1,21,1:36.446,0,,30.309,0,30.997,0,35.140,0,173.7,41:51.253,12:31:51.253,0:30.309,0:30.997,0:35.140,292.7,Sebastian ALVAREZ,,LMP2,,Inter Europol Competition,Oreca,GF,30.309,30.997,35.140,
43,1,22,1:35.251,0,,29.718,0,31.076,0,34.457,1,175.9,43:26.504,12:33:26.504,0:29.718,0:31.076,0:34.457,296.7,Sebastian ALVAREZ,,LMP2,,Inter Europol Competition,Oreca,GF,29.718,31.076,34.457,
43,1,23,1:34.234,0,,28.860,0,30.638,0,34.736,0,177.8,45:00.738,12:35:00.738,0:28.860,0:30.638,0:34.736,291.1,Sebastian ALVAREZ,,LMP2,,Inter Europol Competition,Oreca,GF,28.860,30.638,34.736,
43,1,24,1:34.592,0,,28.845,0,31.176,0,34.571,0,177.1,46:35.330,12:36:35.330,0:28.845,0:31.176,0:34.571,291.9,Sebastian ALVAREZ,,LMP2,,Inter Europol Competition,Oreca,GF,28.845,31.176,34.571,
43,1,25,1:34.041,0,,28.616,1,30.790,0,34.635,0,178.1,48:09.371,12:38:09.371,0:28.616,0:30.790,0:34.635,292.7,Sebastian ALVAREZ,,LMP2,,Inter Europol Competition,Oreca,GF,28.616,30.790,34.635,
43,1,26,1:34.918,0,,28.713,0,30.781,0,35.424,0,176.5,49:44.289,12:39:44.289,0:28.713,0:30.781,0:35.424,294.3,Sebastian ALVAREZ,,LMP2,,Inter Europol Competition,Oreca,GF,28.713,30.781,35.424,
43,1,27,1:34.949,0,,28.838,0,30.771,0,35.340,0,176.4,51:19.238,12:41:19.238,0:28.838,0:30.771,0:35.340,293.5,Sebastian ALVAREZ,,LMP2,,Inter Europol Competition,Oreca,GF,28.838,30.771,35.340,
43,1,28,1:34.952,0,,28.695,0,30.777,0,35.480,0,176.4,52:54.190,12:42:54.190,0:28.695,0:30.777,0:35.480,293.5,Sebastian ALVAREZ,,LMP2,,Inter Europol Competition,Oreca,GF,28.695,30.777,35.480,
43,1,29,1:35.756,0,,29.835,0,31.112,0,34.809,0,174.9,54:29.946,12:44:29.946,0:29.835,0:31.112,0:34.809,291.9,Sebastian ALVAREZ,,LMP2,,Inter Europol Competition,Oreca,GF,29.835,31.112,34.809,
43,1,30,1:35.697,0,,28.782,0,31.237,0,35.678,0,175.0,56:05.643,12:46:05.643,0:28.782,0:31.237,0:35.678,292.7,Sebastian ALVAREZ,,LMP2,,Inter Europol Competition,Oreca,GF,28.782,31.237,35.678,
43,1,31,1:34.729,0,,29.428,0,30.618,1,34.683,0,176.8,57:40.372,12:47:40.372,0:29.428,0:30.618,0:34.683,288.8,Sebastian ALVAREZ,,LMP2,,Inter Europol Competition,Oreca,GF,29.428,30.618,34.683,
43,1,32,1:35.143,0,,29.245,0,30.918,0,34.980,0,176.1,59:15.515,12:49:15.515,0:29.245,0:30.918,0:34.980,291.1,Sebastian ALVAREZ,,LMP2,,Inter Europol Competition,Oreca,GF,29.245,30.918,34.980,
43,1,33,1:34.379,0,,28.958,0,30.915,0,34.506,0,177.5,1:00:49.894,12:50:49.894,0:28.958,0:30.915,0:34.506,292.7,Sebastian ALVAREZ,,LMP2,,Inter Europol Competition,Oreca,GF,28.958,30.915,34.506,
43,1,34,1:40.777,0,B,28.662,0,30.699,0,41.416,0,166.2,1:02:30.671,12:52:30.671,0:28.662,0:30.699,0:41.416,292.7,Sebastian ALVAREZ,,LMP2,,Inter Europol Competition,Oreca,GF,28.662,30.699,41.416,
43,2,35,3:01.128,0,,1:53.403,0,32.289,0,35.436,0,92.5,1:05:31.799,12:55:31.799,1:53.403,0:32.289,0:35.436,,Vladislav LOMKO,0:01:26.973,LMP2,,Inter Europol Competition,Oreca,GF,113.403,32.289,35.436,
43,2,36,1:36.796,0,,29.712,0,31.212,0,35.872,0,173.1,1:07:08.595,12:57:08.595,0:29.712,0:31.212,0:35.872,291.9,Vladislav LOMKO,,LMP2,,Inter Europol Competition,Oreca,GF,29.712,31.212,35.872,
43,2,37,1:35.468,0,,29.124,0,31.037,0,35.307,0,175.5,1:08:44.063,12:58:44.063,0:29.124,0:31.037,0:35.307,289.5,Vladislav LOMKO,,LMP2,,Inter Europol Competition,Oreca,GF,29.124,31.037,35.307,
43,2,38,2:02.072,0,,29.806,0,30.718,0,1:01.548,0,137.2,1:10:46.135,13:00:46.135,0:29.806,0:30.718,1:01.548,288.8,Vladislav LOMKO,,LMP2,,Inter Europol Competition,Oreca,FCY,29.806,30.718,61.548,
43,2,39,3:28.968,0,,1:11.436,0,1:02.669,0,1:14.863,0,80.2,1:14:15.103,13:04:15.103,1:11.436,1:02.669,1:14.863,79.4,Vladislav LOMKO,,LMP2,,Inter Europol Competition,Oreca,FCY,71.436,62.669,74.863,
43,2,40,2:06.604,0,,58.458,0,32.715,0,35.431,0,132.3,1:16:21.707,13:06:21.707,0:58.458,0:32.715,0:35.431,79.4,Vladislav LOMKO,,LMP2,,Inter Europol Competition,Oreca,GF,58.458,32.715,35.431,
43,2,41,1:35.501,0,,29.268,0,30.637,0,35.596,0,175.4,1:17:57.208,13:07:57.208,0:29.268,0:30.637,0:35.596,287.2,Vladislav LOMKO,,LMP2,,Inter Europol Competition,Oreca,GF,29.268,30.637,35.596,
43,2,42,1:34.580,0,,29.036,1,30.534,1,35.010,0,177.1,1:19:31.788,13:09:31.788,0:29.036,0:30.534,0:35.010,286.5,Vladislav LOMKO,,LMP2,,Inter Europol Competition,Oreca,GF,29.036,30.534,35.010,
43,2,43,1:35.702,0,,29.857,0,30.689,0,35.156,0,175.0,1:21:07.490,13:11:07.490,0:29.857,0:30.689,0:35.156,291.9,Vladislav LOMKO,,LMP2,,Inter Europol Competition,Oreca,GF,29.857,30.689,35.156,
43,2,44,1:38.179,0,,30.194,0,31.226,0,36.759,0,170.6,1:22:45.669,13:12:45.669,0:30.194,0:31.226,0:36.759,286.5,Vladislav LOMKO,,LMP2,,Inter Europol Competition,Oreca,GF,30.194,31.226,36.759,
43,2,45,1:35.445,0,,29.139,0,30.892,0,35.414,0,175.5,1:24:21.114,13:14:21.114,0:29.139,0:30.892,0:35.414,285.7,Vladislav LOMKO,,LMP2,,Inter Europol Competition,Oreca,GF,29.139,30.892,35.414,
43,2,46,1:35.939,0,,30.007,0,31.163,0,34.769,1,174.6,1:25:57.053,13:15:57.053,0:30.007,0:31.163,0:34.769,290.3,Vladislav LOMKO,,LMP2,,Inter Europol Competition,Oreca,GF,30.007,31.163,34.769,
43,2,47,1:35.093,0,,29.111,0,31.008,0,34.974,0,176.2,1:27:32.146,13:17:32.146,0:29.111,0:31.008,0:34.974,290.3,Vladislav LOMKO,,LMP2,,Inter Europol Competition,Oreca,GF,29.111,31.008,34.974,
43,2,48,1:43.605,0,,29.826,0,38.741,0,35.038,0,161.7,1:29:15.751,13:19:15.751,0:29.826,0:38.741,0:35.038,293.5,Vladislav LOMKO,,LMP2,,Inter Europol Competition,Oreca,GF,29.826,38.741,35.038,
43,2,49,1:35.591,0,,28.974,0,31.289,0,35.328,0,175.2,1:30:51.342,13:20:51.342,0:28.974,0:31.289,0:35.328,291.9,Vladislav LOMKO,,LMP2,,Inter Europol Competition,Oreca,FF,28.974,31.289,35.328,
47,3,1,2:13.008,0,,57.152,0,37.341,0,38.515,0,118.7,2:13.008,11:52:13.008,0:57.152,0:37.341,0:38.515,,Frederik VESTI,0:00:21.587,LMP2,,COOL Racing,Oreca,GF,57.152,37.341,38.515,
47,3,2,1:46.093,0,,33.306,0,34.828,0,37.959,0,157.9,3:59.101,11:53:59.101,0:33.306,0:34.828,0:37.959,234.8,Frederik VESTI,,LMP2,,COOL Racing,Oreca,GF,33.306,34.828,37.959,
47,3,3,1:34.371,0,,28.919,0,30.914,0,34.538,0,177.5,5:33.472,11:55:33.472,0:28.919,0:30.914,0:34.538,286.5,Frederik VESTI,,LMP2,,COOL Racing,Oreca,GF,28.919,30.914,34.538,
47,3,4,1:33.634,0,,28.513,0,30.420,2,34.701,0,178.9,7:07.106,11:57:07.106,0:28.513,0:30.420,0:34.701,288.8,Frederik VESTI,,LMP2,,COOL Racing,Oreca,GF,28.513,30.420,34.701,
47,3,5,1:38.579,0,,30.177,0,31.113,0,37.289,0,169.9,8:45.685,11:58:45.685,0:30.177,0:31.113,0:37.289,283.5,Frederik VESTI,,LMP2,,COOL Racing,Oreca,GF,30.177,31.113,37.289,
47,3,6,1:33.002,0,,28.289,0,30.496,0,34.217,0,180.1,10:18.687,12:00:18.687,0:28.289,0:30.496,0:34.217,289.5,Frederik VESTI,,LMP2,,COOL Racing,Oreca,GF,28.289,30.496,34.217,
47,3,7,1:32.830,2,,28.253,2,30.548,0,34.029,2,180.4,11:51.517,12:01:51.517,0:28.253,0:30.548,0:34.029,289.5,Frederik VESTI,,LMP2,,COOL Racing,Oreca,GF,28.253,30.548,34.029,
47,3,8,1:36.299,0,,28.895,0,31.160,0,36.244,0,173.9,13:27.816,12:03:27.816,0:28.895,0:31.160,0:36.244,289.5,Frederik VESTI,,LMP2,,COOL Racing,Oreca,GF,28.895,31.160,36.244,
47,3,9,1:42.991,0,B,28.401,0,32.010,0,42.580,0,162.6,15:10.807,12:05:10.807,0:28.401,0:32.010,0:42.580,288.8,Frederik VESTI,,LMP2,,COOL Racing,Oreca,GF,28.401,32.010,42.580,
47,1,10,9:41.812,0,,8:34.254,0,32.306,0,35.252,0,28.8,24:52.619,12:14:52.619,8:34.254,0:32.306,0:35.252,,Carl BENNETT,0:08:06.985,LMP2,,COOL Racing,Oreca,GF,514.254,32.306,35.252,
47,1,11,1:35.720,0,,29.824,0,31.003,0,34.893,0,175.0,26:28.339,12:16:28.339,0:29.824,0:31.003,0:34.893,285.0,Carl BENNETT,,LMP2,,COOL Racing,Oreca,GF,29.824,31.003,34.893,
47,1,12,1:37.132,0,,29.483,0,31.501,0,36.148,0,172.5,28:05.471,12:18:05.471,0:29.483,0:31.501,0:36.148,286.5,Carl BENNETT,,LMP2,,COOL Racing,Oreca,GF,29.483,31.501,36.148,
47,1,13,1:38.331,0,,32.159,0,31.133,0,35.039,0,170.4,29:43.802,12:19:43.802,0:32.159,0:31.133,0:35.039,287.2,Carl BENNETT,,LMP2,,COOL Racing,Oreca,GF,32.159,31.133,35.039,
47,1,14,1:36.766,0,,29.080,0,32.252,0,35.434,0,173.1,31:20.568,12:21:20.568,0:29.080,0:32.252,0:35.434,286.5,Carl BENNETT,,LMP2,,COOL Racing,Oreca,GF,29.080,32.252,35.434,
47,1,15,1:35.619,0,,29.126,0,31.528,0,34.965,0,175.2,32:56.187,12:22:56.187,0:29.126,0:31.528,0:34.965,287.2,Carl BENNETT,,LMP2,,COOL Racing,Oreca,GF,29.126,31.528,34.965,
47,1,16,1:35.550,0,,29.362,0,31.199,0,34.989,0,175.3,34:31.737,12:24:31.737,0:29.362,0:31.199,0:34.989,285.7,Carl BENNETT,,LMP2,,COOL Racing,Oreca,GF,29.362,31.199,34.989,
47,1,17,1:34.634,0,,29.143,0,30.810,1,34.681,1,177.0,36:06.371,12:26:06.371,0:29.143,0:30.810,0:34.681,285.7,Carl BENNETT,,LMP2,,COOL Racing,Oreca,GF,29.143,30.810,34.681,
47,1,18,1:35.684,0,,29.626,0,31.205,0,34.853,0,175.1,37:42.055,12:27:42.055,0:29.626,0:31.205,0:34.853,287.2,Carl BENNETT,,LMP2,,COOL Racing,Oreca,GF,29.626,31.205,34.853,
47,1,19,1:34.818,0,,29.130,0,30.841,0,34.847,0,176.7,39:16.873,12:29:16.873,0:29.130,0:30.841,0:34.847,288.8,Carl BENNETT,,LMP2,,COOL Racing,Oreca,GF,29.130,30.841,34.847,
47,1,20,1:34.879,0,,29.191,0,30.939,0,34.749,0,176.5,40:51.752,12:30:51.752,0:29.191,0:30.939,0:34.749,286.5,Carl BENNETT,,LMP2,,COOL Racing,Oreca,GF,29.191,30.939,34.749,
47,1,21,1:35.733,0,,29.004,1,30.991,0,35.738,0,175.0,42:27.485,12:32:27.485,0:29.004,0:30.991,0:35.738,285.7,Carl BENNETT,,LMP2,,COOL Racing,Oreca,GF,29.004,30.991,35.738,
47,1,22,1:36.918,0,,30.422,0,30.938,0,35.558,0,172.8,44:04.403,12:34:04.403,0:30.422,0:30.938,0:35.558,286.5,Carl BENNETT,,LMP2,,COOL Racing,Oreca,GF,30.422,30.938,35.558,
47,1,23,1:41.880,0,B,30.115,0,31.365,0,40.400,0,164.4,45:46.283,12:35:46.283,0:30.115,0:31.365,0:40.400,289.5,Carl BENNETT,,LMP2,,COOL Racing,Oreca,GF,30.115,31.365,40.400,
47,2,24,4:21.963,0,,3:15.373,0,31.409,0,35.181,0,63.9,50:08.246,12:40:08.246,3:15.373,0:31.409,0:35.181,,Ferdinand HABSBURG,0:02:50.384,LMP2,,COOL Racing,Oreca,GF,195.373,31.409,35.181,
47,2,25,1:34.964,0,,29.238,0,31.069,0,34.657,1,176.4,51:43.210,12:41:43.210,0:29.238,0:31.069,0:34.657,287.2,Ferdinand HABSBURG,,LMP2,,COOL Racing,Oreca,GF,29.238,31.069,34.657,
47,2,26,2:01.382,0,B,28.564,1,30.595,1,1:02.223,0,138.0,53:44.592,12:43:44.592,0:28.564,0:30.595,1:02.223,288.8,Ferdinand HABSBURG,,LMP2,,COOL Racing,Oreca,GF,28.564,30.595,62.223,
47,2,27,10:09.136,0,,9:02.530,0,31.561,0,35.045,0,27.5,1:03:53.728,12:53:53.728,9:02.530,0:31.561,0:35.045,,Ferdinand HABSBURG,0:08:36.747,LMP2,,COOL Racing,Oreca,GF,542.530,31.561,35.045,
47,2,28,1:35.841,0,,29.444,0,30.834,0,35.563,0,174.8,1:05:29.569,12:55:29.569,0:29.444,0:30.834,0:35.563,286.5,Ferdinand HABSBURG,,LMP2,,COOL Racing,Oreca,GF,29.444,30.834,35.563,
47,2,29,1:37.955,0,,29.626,0,31.241,0,37.088,0,171.0,1:07:07.524,12:57:07.524,0:29.626,0:31.241,0:37.088,289.5,Ferdinand HABSBURG,,LMP2,,COOL Racing,Oreca,GF,29.626,31.241,37.088,
47,2,30,1:34.753,0,,28.873,0,30.962,0,34.918,0,176.8,1:08:42.277,12:58:42.277,0:28.873,0:30.962,0:34.918,286.5,Ferdinand HABSBURG,,LMP2,,COOL Racing,Oreca,GF,28.873,30.962,34.918,
47,2,31,2:01.368,0,,28.680,0,30.637,0,1:02.051,0,138.0,1:10:43.645,13:00:43.645,0:28.680,0:30.637,1:02.051,287.2,Ferdinand HABSBURG,,LMP2,,COOL Racing,Oreca,FCY,28.680,30.637,62.051,
47,2,32,3:29.904,0,B,1:11.278,0,1:02.557,0,1:16.069,0,79.8,1:14:13.549,13:04:13.549,1:11.278,1:02.557,1:16.069,79.5,Ferdinand HABSBURG,,LMP2,,COOL Racing,Oreca,FCY,71.278,62.557,76.069,
47,3,33,2:54.005,0,,1:45.583,0,32.033,0,36.389,0,96.3,1:17:07.554,13:07:07.554,1:45.583,0:32.033,0:36.389,,Frederik VESTI,0:01:19.600,LMP2,,COOL Racing,Oreca,GF,105.583,32.033,36.389,
47,3,34,1:35.438,0,,29.064,0,31.102,0,35.272,0,175.5,1:18:42.992,13:08:42.992,0:29.064,0:31.102,0:35.272,288.8,Frederik VESTI,,LMP2,,COOL Racing,Oreca,GF,29.064,31.102,35.272,
47,3,35,1:34.524,0,,28.824,0,31.153,0,34.547,0,177.2,1:20:17.516,13:10:17.516,0:28.824,0:31.153,0:34.547,289.5,Frederik VESTI,,LMP2,,COOL Racing,Oreca,GF,28.824,31.153,34.547,
47,3,36,1:38.019,0,,28.594,0,30.637,0,38.788,0,170.9,1:21:55.535,13:11:55.535,0:28.594,0:30.637,0:38.788,285.7,Frederik VESTI,,LMP2,,COOL Racing,Oreca,GF,28.594,30.637,38.788,
47,3,37,1:34.538,0,,29.022,0,30.851,0,34.665,0,177.2,1:23:30.073,13:13:30.073,0:29.022,0:30.851,0:34.665,286.5,Frederik VESTI,,LMP2,,COOL Racing,Oreca,GF,29.022,30.851,34.665,
47,3,38,1:34.329,0,,28.790,0,30.564,0,34.975,0,177.6,1:25:04.402,13:15:04.402,0:28.790,0:30.564,0:34.975,285.7,Frederik VESTI,,LMP2,,COOL Racing,Oreca,GF,28.790,30.564,34.975,
47,3,39,1:34.180,0,,28.489,0,30.904,0,34.787,0,177.9,1:26:38.582,13:16:38.582,0:28.489,0:30.904,0:34.787,288.8,Frederik VESTI,,LMP2,,COOL Racing,Oreca,GF,28.489,30.904,34.787,
47,3,40,1:35.598,0,,29.093,0,31.219,0,35.286,0,175.2,1:28:14.180,13:18:14.180,0:29.093,0:31.219,0:35.286,290.3,Frederik VESTI,,LMP2,,COOL Racing,Oreca,GF,29.093,31.219,35.286,
47,3,41,1:33.945,0,,28.704,0,30.694,0,34.547,0,178.3,1:29:48.125,13:19:48.125,0:28.704,0:30.694,0:34.547,288.8,Frederik VESTI,,LMP2,,COOL Racing,Oreca,GF,28.704,30.694,34.547,
47,3,42,1:35.049,0,,29.408,0,30.871,0,34.770,0,176.2,1:31:23.174,13:21:23.174,0:29.408,0:30.871,0:34.770,284.2,Frederik VESTI,,LMP2,,COOL Racing,Oreca,FF,29.408,30.871,34.770,
5,3,1,3:13.940,0,,1:49.536,0,42.866,0,41.538,0,81.4,3:13.940,11:53:13.940,1:49.536,0:42.866,0:41.538,,Bailey VOISIN,0:01:08.338,LMP3,,RLR M Sport,Ligier,GF,109.536,42.866,41.538,
5,3,2,1:44.109,0,,32.487,0,34.093,0,37.529,0,160.9,4:58.049,11:54:58.049,0:32.487,0:34.093,0:37.529,256.5,Bailey VOISIN,,LMP3,,RLR M Sport,Ligier,GF,32.487,34.093,37.529,
5,3,3,1:44.678,0,,31.844,0,34.730,0,38.104,0,160.0,6:42.727,11:56:42.727,0:31.844,0:34.730,0:38.104,262.1,Bailey VOISIN,,LMP3,,RLR M Sport,Ligier,GF,31.844,34.730,38.104,
5,3,4,1:41.130,0,,30.639,2,32.099,0,38.392,0,165.6,8:23.857,11:58:23.857,0:30.639,0:32.099,0:38.392,264.7,Bailey VOISIN,,LMP3,,RLR M Sport,Ligier,GF,30.639,32.099,38.392,
5,3,5,1:43.230,0,,30.897,0,32.033,2,40.300,0,162.3,10:07.087,12:00:07.087,0:30.897,0:32.033,0:40.300,264.7,Bailey VOISIN,,LMP3,,RLR M Sport,Ligier,GF,30.897,32.033,40.300,
5,3,6,1:42.600,0,,30.997,0,32.389,0,39.214,0,163.3,11:49.687,12:01:49.687,0:30.997,0:32.389,0:39.214,265.4,Bailey VOISIN,,LMP3,,RLR M Sport,Ligier,GF,30.997,32.389,39.214,
5,3,7,1:41.733,0,,31.319,0,32.483,0,37.931,0,164.7,13:31.420,12:03:31.420,0:31.319,0:32.483,0:37.931,263.4,Bailey VOISIN,,LMP3,,RLR M Sport,Ligier,GF,31.319,32.483,37.931,
5,3,8,1:44.868,0,,31.843,0,33.626,0,39.399,0,159.7,15:16.288,12:05:16.288,0:31.843,0:33.626,0:39.399,260.9,Bailey VOISIN,,LMP3,,RLR M Sport,Ligier,GF,31.843,33.626,39.399,
5,3,9,1:40.613,2,,30.952,0,32.201,0,37.460,1,166.5,16:56.901,12:06:56.901,0:30.952,0:32.201,0:37.460,263.4,Bailey VOISIN,,LMP3,,RLR M Sport,Ligier,GF,30.952,32.201,37.460,
5,3,10,1:57.293,0,B,30.956,0,35.246,0,51.091,0,142.8,18:54.194,12:08:54.194,0:30.956,0:35.246,0:51.091,263.4,Bailey VOISIN,,LMP3,,RLR M Sport,Ligier,GF,30.956,35.246,51.091,
5,1,11,4:04.039,0,,2:50.295,0,34.971,0,38.773,0,68.6,22:58.233,12:12:58.233,2:50.295,0:34.971,0:38.773,,James DAYSON,0:02:20.232,LMP3,,RLR M Sport,Ligier,GF,170.295,34.971,38.773,
5,1,12,1:43.858,0,,32.508,0,33.608,0,37.742,0,161.3,24:42.091,12:14:42.091,0:32.508,0:33.608,0:37.742,260.9,James DAYSON,,LMP3,,RLR M Sport,Ligier,GF,32.508,33.608,37.742,
5,1,13,1:43.187,0,,31.983,0,33.383,1,37.821,0,162.3,26:25.278,12:16:25.278,0:31.983,0:33.383,0:37.821,264.7,James DAYSON,,LMP3,,RLR M Sport,Ligier,GF,31.983,33.383,37.821,
5,1,14,1:44.523,0,,32.465,0,34.049,0,38.009,0,160.3,28:09.801,12:18:09.801,0:32.465,0:34.049,0:38.009,263.4,James DAYSON,,LMP3,,RLR M Sport,Ligier,GF,32.465,34.049,38.009,
5,1,15,1:45.166,0,,32.202,0,34.457,0,38.507,0,159.3,29:54.967,12:19:54.967,0:32.202,0:34.457,0:38.507,263.4,James DAYSON,,LMP3,,RLR M Sport,Ligier,GF,32.202,34.457,38.507,
5,1,16,1:44.535,0,,32.619,0,34.241,0,37.675,0,160.2,31:39.502,12:21:39.502,0:32.619,0:34.241,0:37.675,262.8,James DAYSON,,LMP3,,RLR M Sport,Ligier,GF,32.619,34.241,37.675,
5,1,17,1:45.184,0,,31.903,1,33.870,0,39.411,0,159.3,33:24.686,12:23:24.686,0:31.903,0:33.870,0:39.411,264.1,James DAYSON,,LMP3,,RLR M Sport,Ligier,GF,31.903,33.870,39.411,
5,1,18,1:43.178,0,,32.030,0,33.665,0,37.483,1,162.3,35:07.864,12:25:07.864,0:32.030,0:33.665,0:37.483,260.9,James DAYSON,,LMP3,,RLR M Sport,Ligier,GF,32.030,33.665,37.483,
5,1,19,1:44.671,0,,32.355,0,33.688,0,38.628,0,160.0,36:52.535,12:26:52.535,0:32.355,0:33.688,0:38.628,266.0,James DAYSON,,LMP3,,RLR M Sport,Ligier,GF,32.355,33.688,38.628,
5,1,20,1:50.967,0,B,32.555,0,33.595,0,44.817,0,151.0,38:43.502,12:28:43.502,0:32.555,0:33.595,0:44.817,262.8,James DAYSON,,LMP3,,RLR M Sport,Ligier,GF,32.555,33.595,44.817,
5,2,21,8:58.978,0,,7:47.645,0,33.358,0,37.975,0,31.1,47:42.480,12:37:42.480,7:47.645,0:33.358,0:37.975,,Daniel ALI,0:07:19.017,LMP3,,RLR M Sport,Ligier,GF,467.645,33.358,37.975,
5,2,22,1:42.622,0,,31.578,0,33.295,0,37.749,0,163.2,49:25.102,12:39:25.102,0:31.578,0:33.295,0:37.749,266.0,Daniel ALI,,LMP3,,RLR M Sport,Ligier,GF,31.578,33.295,37.749,
5,2,23,1:43.215,0,,31.293,0,34.034,0,37.888,0,162.3,51:08.317,12:41:08.317,0:31.293,0:34.034,0:37.888,265.4,Daniel ALI,,LMP3,,RLR M Sport,Ligier,GF,31.293,34.034,37.888,
5,2,24,1:44.351,0,,31.832,0,34.472,0,38.047,0,160.5,52:52.668,12:42:52.668,0:31.832,0:34.472,0:38.047,267.3,Daniel ALI,,LMP3,,RLR M Sport,Ligier,GF,31.832,34.472,38.047,
5,2,25,1:44.742,0,,32.404,0,34.270,0,38.068,0,159.9,54:37.410,12:44:37.410,0:32.404,0:34.270,0:38.068,266.7,Daniel ALI,,LMP3,,RLR M Sport,Ligier,GF,32.404,34.270,38.068,
5,2,26,1:41.106,0,,31.142,0,32.618,0,37.346,2,165.7,56:18.516,12:46:18.516,0:31.142,0:32.618,0:37.346,265.4,Daniel ALI,,LMP3,,RLR M Sport,Ligier,GF,31.142,32.618,37.346,
5,2,27,1:41.134,0,,31.138,1,32.452,1,37.544,0,165.6,57:59.650,12:47:59.650,0:31.138,0:32.452,0:37.544,266.0,Daniel ALI,,LMP3,,RLR M Sport,Ligier,GF,31.138,32.452,37.544,
5,2,28,1:45.044,0,,31.224,0,36.196,0,37.624,0,159.5,59:44.694,12:49:44.694,0:31.224,0:36.196,0:37.624,265.4,Daniel ALI,,LMP3,,RLR M Sport,Ligier,GF,31.224,36.196,37.624,
5,2,29,1:49.284,0,B,31.507,0,33.728,0,44.049,0,153.3,1:01:33.978,12:51:33.978,0:31.507,0:33.728,0:44.049,265.4,Daniel ALI,,LMP3,,RLR M Sport,Ligier,GF,31.507,33.728,44.049,
50,1,1,2:43.467,0,,1:25.292,0,37.429,0,40.746,0,96.6,2:43.467,11:52:43.467,1:25.292,0:37.429,0:40.746,,Johnny LAURSEN,0:00:48.351,LMGT3,,Formula Racing,Ferrari,GF,85.292,37.429,40.746,
50,1,2,1:47.742,0,,33.249,0,35.221,0,39.272,0,155.5,4:31.209,11:54:31.209,0:33.249,0:35.221,0:39.272,250.0,Johnny LAURSEN,,LMGT3,,Formula Racing,Ferrari,GF,33.249,35.221,39.272,
50,1,3,1:45.373,0,,32.540,0,33.807,0,39.026,0,159.0,6:16.582,11:56:16.582,0:32.540,0:33.807,0:39.026,251.2,Johnny LAURSEN,,LMGT3,,Formula Racing,Ferrari,GF,32.540,33.807,39.026,
50,1,4,1:44.926,0,,32.615,0,33.726,0,38.585,0,159.6,8:01.508,11:58:01.508,0:32.615,0:33.726,0:38.585,251.7,Johnny LAURSEN,,LMGT3,,Formula Racing,Ferrari,GF,32.615,33.726,38.585,
50,1,5,1:44.619,0,,32.439,0,33.672,0,38.508,0,160.1,9:46.127,11:59:46.127,0:32.439,0:33.672,0:38.508,252.9,Johnny LAURSEN,,LMGT3,,Formula Racing,Ferrari,GF,32.439,33.672,38.508,
50,1,6,1:47.568,0,,32.625,0,33.507,1,41.436,0,155.7,11:33.695,12:01:33.695,0:32.625,0:33.507,0:41.436,251.7,Johnny LAURSEN,,LMGT3,,Formula Racing,Ferrari,GF,32.625,33.507,41.436,
50,1,7,1:46.442,0,,33.196,0,34.200,0,39.046,0,157.4,13:20.137,12:03:20.137,0:33.196,0:34.200,0:39.046,248.8,Johnny LAURSEN,,LMGT3,,Formula Racing,Ferrari,GF,33.196,34.200,39.046,
50,1,8,1:53.255,0,B,32.808,0,33.870,0,46.577,0,147.9,15:13.392,12:05:13.392,0:32.808,0:33.870,0:46.577,252.3,Johnny LAURSEN,,LMGT3,,Formula Racing,Ferrari,GF,32.808,33.870,46.577,
50,1,9,6:51.185,0,,5:35.277,0,35.476,0,40.432,0,40.7,22:04.577,12:12:04.577,5:35.277,0:35.476,0:40.432,,Johnny LAURSEN,0:05:05.050,LMGT3,,Formula Racing,Ferrari,GF,335.277,35.476,40.432,
50,1,10,1:48.151,0,,34.116,0,34.356,0,39.679,0,154.9,23:52.728,12:13:52.728,0:34.116,0:34.356,0:39.679,251.2,Johnny LAURSEN,,LMGT3,,Formula Racing,Ferrari,GF,34.116,34.356,39.679,
50,1,11,1:45.393,0,,32.608,0,33.753,0,39.032,0,158.9,25:38.121,12:15:38.121,0:32.608,0:33.753,0:39.032,251.7,Johnny LAURSEN,,LMGT3,,Formula Racing,Ferrari,GF,32.608,33.753,39.032,
50,1,12,1:45.848,0,,32.904,0,33.912,0,39.032,0,158.3,27:23.969,12:17:23.969,0:32.904,0:33.912,0:39.032,251.7,Johnny LAURSEN,,LMGT3,,Formula Racing,Ferrari,GF,32.904,33.912,39.032,
50,1,13,1:53.638,0,B,32.519,0,34.016,0,47.103,0,147.4,29:17.607,12:19:17.607,0:32.519,0:34.016,0:47.103,251.2,Johnny LAURSEN,,LMGT3,,Formula Racing,Ferrari,GF,32.519,34.016,47.103,
50,2,14,3:42.851,0,,2:29.893,0,34.407,0,38.551,0,75.2,33:00.458,12:23:00.458,2:29.893,0:34.407,0:38.551,,Conrad LAURSEN,0:02:01.708,LMGT3,,Formula Racing,Ferrari,GF,149.893,34.407,38.551,
50,2,15,1:43.941,0,,32.227,0,33.464,0,38.250,0,161.2,34:44.399,12:24:44.399,0:32.227,0:33.464,0:38.250,252.9,Conrad LAURSEN,,LMGT3,,Formula Racing,Ferrari,GF,32.227,33.464,38.250,
50,2,16,1:45.454,0,,32.064,0,34.823,0,38.567,0,158.8,36:29.853,12:26:29.853,0:32.064,0:34.823,0:38.567,255.9,Conrad LAURSEN,,LMGT3,,Formula Racing,Ferrari,GF,32.064,34.823,38.567,
50,2,17,1:45.926,0,,33.663,0,33.732,0,38.531,0,158.1,38:15.779,12:28:15.779,0:33.663,0:33.732,0:38.531,253.5,Conrad LAURSEN,,LMGT3,,Formula Racing,Ferrari,GF,33.663,33.732,38.531,
50,2,18,1:47.362,0,,32.320,0,33.563,0,41.479,0,156.0,40:03.141,12:30:03.141,0:32.320,0:33.563,0:41.479,252.9,Conrad LAURSEN,,LMGT3,,Formula Racing,Ferrari,GF,32.320,33.563,41.479,
50,2,19,1:46.199,0,,33.297,0,34.226,0,38.676,0,157.7,41:49.340,12:31:49.340,0:33.297,0:34.226,0:38.676,254.7,Conrad LAURSEN,,LMGT3,,Formula Racing,Ferrari,GF,33.297,34.226,38.676,
50,2,20,1:45.151,0,,32.189,0,34.148,0,38.814,0,159.3,43:34.491,12:33:34.491,0:32.189,0:34.148,0:38.814,254.1,Conrad LAURSEN,,LMGT3,,Formula Racing,Ferrari,GF,32.189,34.148,38.814,
50,2,21,1:50.490,0,B,32.403,0,34.529,0,43.558,0,151.6,45:24.981,12:35:24.981,0:32.403,0:34.529,0:43.558,252.9,Conrad LAURSEN,,LMGT3,,Formula Racing,Ferrari,GF,32.403,34.529,43.558,
50,2,22,4:59.866,0,,3:43.352,0,36.678,0,39.836,0,55.9,50:24.847,12:40:24.847,3:43.352,0:36.678,0:39.836,,Conrad LAURSEN,0:03:14.154,LMGT3,,Formula Racing,Ferrari,GF,223.352,36.678,39.836,
50,2,23,1:44.951,0,,32.742,0,33.903,0,38.306,0,159.6,52:09.798,12:42:09.798,0:32.742,0:33.903,0:38.306,247.7,Conrad LAURSEN,,LMGT3,,Formula Racing,Ferrari,GF,32.742,33.903,38.306,
50,2,24,1:47.412,0,,32.046,0,33.274,0,42.092,0,155.9,53:57.210,12:43:57.210,0:32.046,0:33.274,0:42.092,252.3,Conrad LAURSEN,,LMGT3,,Formula Racing,Ferrari,GF,32.046,33.274,42.092,
50,2,25,1:47.475,0,,31.910,0,33.740,0,41.825,0,155.9,55:44.685,12:45:44.685,0:31.910,0:33.740,0:41.825,251.2,Conrad LAURSEN,,LMGT3,,Formula Racing,Ferrari,GF,31.910,33.740,41.825,
50,2,26,1:49.415,0,,33.355,0,34.555,0,41.505,0,153.1,57:34.100,12:47:34.100,0:33.355,0:34.555,0:41.505,254.1,Conrad LAURSEN,,LMGT3,,Formula Racing,Ferrari,GF,33.355,34.555,41.505,
50,2,27,1:43.419,0,,31.970,0,33.286,0,38.163,0,162.0,59:17.519,12:49:17.519,0:31.970,0:33.286,0:38.163,252.9,Conrad LAURSEN,,LMGT3,,Formula Racing,Ferrari,GF,31.970,33.286,38.163,
50,2,28,1:43.184,0,,31.938,0,33.220,2,38.026,0,162.3,1:01:00.703,12:51:00.703,0:31.938,0:33.220,0:38.026,252.9,Conrad LAURSEN,,LMGT3,,Formula Racing,Ferrari,GF,31.938,33.220,38.026,
50,2,29,1:43.118,2,,31.785,2,33.316,0,38.017,2,162.4,1:02:43.821,12:52:43.821,0:31.785,0:33.316,0:38.017,252.9,Conrad LAURSEN,,LMGT3,,Formula Racing,Ferrari,GF,31.785,33.316,38.017,
50,2,30,1:48.367,0,B,31.926,0,33.383,0,43.058,0,154.6,1:04:32.188,12:54:32.188,0:31.926,0:33.383,0:43.058,254.1,Conrad LAURSEN,,LMGT3,,Formula Racing,Ferrari,GF,31.926,33.383,43.058,
50,1,31,3:15.863,0,,1:58.889,0,36.956,0,40.018,0,85.5,1:07:48.051,12:57:48.051,1:58.889,0:36.956,0:40.018,,Johnny LAURSEN,0:01:27.349,LMGT3,,Formula Racing,Ferrari,GF,118.889,36.956,40.018,
50,1,32,1:51.403,0,,32.700,0,34.073,0,44.630,0,150.4,1:09:39.454,12:59:39.454,0:32.700,0:34.073,0:44.630,248.8,Johnny LAURSEN,,LMGT3,,Formula Racing,Ferrari,GF,32.700,34.073,44.630,
50,1,33,3:04.376,0,,45.885,0,1:03.321,0,1:15.170,0,90.9,1:12:43.830,13:02:43.830,0:45.885,1:03.321,1:15.170,243.8,Johnny LAURSEN,,LMGT3,,Formula Racing,Ferrari,FCY,45.885,63.321,75.170,
50,1,34,2:55.581,0,,1:12.460,0,1:03.339,0,39.782,0,95.4,1:15:39.411,13:05:39.411,1:12.460,1:03.339,0:39.782,78.5,Johnny LAURSEN,,LMGT3,,Formula Racing,Ferrari,GF,72.460,63.339,39.782,
50,1,35,1:46.393,0,,32.747,0,34.011,0,39.635,0,157.4,1:17:25.804,13:07:25.804,0:32.747,0:34.011,0:39.635,246.6,Johnny LAURSEN,,LMGT3,,Formula Racing,Ferrari,GF,32.747,34.011,39.635,
50,1,36,1:44.660,0,,32.342,0,34.047,0,38.271,1,160.0,1:19:10.464,13:09:10.464,0:32.342,0:34.047,0:38.271,250.6,Johnny LAURSEN,,LMGT3,,Formula Racing,Ferrari,GF,32.342,34.047,38.271,
50,1,37,1:50.092,0,,32.289,1,,0,,0,152.2,1:21:00.556,13:11:00.556,0:32.289,,,251.2,Johnny LAURSEN,,LMGT3,,Formula Racing,Ferrari,GF,32.289,,,
50,1,38,1:45.921,0,,32.542,0,33.924,0,39.455,0,158.1,1:22:46.477,13:12:46.477,0:32.542,0:33.924,0:39.455,250.0,Johnny LAURSEN,,LMGT3,,Formula Racing,Ferrari,GF,32.542,33.924,39.455,
50,1,39,2:00.661,0,B,32.509,0,38.278,0,49.874,0,138.8,1:24:47.138,13:14:47.138,0:32.509,0:38.278,0:49.874,250.6,Johnny LAURSEN,,LMGT3,,Formula Racing,Ferrari,GF,32.509,38.278,49.874,
51,1,1,4:50.972,0,,3:30.987,0,38.927,0,41.058,0,54.2,4:50.972,11:54:50.972,3:30.987,0:38.927,0:41.058,,Charles-Henri SAMANI,0:02:53.756,LMGT3,,AF Corse,Ferrari,GF,210.987,38.927,41.058,
51,1,2,1:46.849,0,,33.002,0,34.129,0,39.718,0,156.8,6:37.821,11:56:37.821,0:33.002,0:34.129,0:39.718,249.4,Charles-Henri SAMANI,,LMGT3,,AF Corse,Ferrari,GF,33.002,34.129,39.718,
51,1,3,1:45.978,0,,32.598,0,33.890,0,39.490,0,158.1,8:23.799,11:58:23.799,0:32.598,0:33.890,0:39.490,252.3,Charles-Henri SAMANI,,LMGT3,,AF Corse,Ferrari,GF,32.598,33.890,39.490,
51,1,4,1:46.464,0,,33.020,0,34.456,0,38.988,0,157.3,10:10.263,12:00:10.263,0:33.020,0:34.456,0:38.988,251.7,Charles-Henri SAMANI,,LMGT3,,AF Corse,Ferrari,GF,33.020,34.456,38.988,
51,1,5,1:48.030,0,,33.546,0,34.386,0,40.098,0,155.1,11:58.293,12:01:58.293,0:33.546,0:34.386,0:40.098,252.9,Charles-Henri SAMANI,,LMGT3,,AF Corse,Ferrari,GF,33.546,34.386,40.098,
51,1,6,1:47.611,0,,33.234,0,34.492,0,39.885,0,155.7,13:45.904,12:03:45.904,0:33.234,0:34.492,0:39.885,252.9,Charles-Henri SAMANI,,LMGT3,,AF Corse,Ferrari,GF,33.234,34.492,39.885,
51,1,7,1:47.683,0,,33.166,0,34.900,0,39.617,0,155.6,15:33.587,12:05:33.587,0:33.166,0:34.900,0:39.617,251.7,Charles-Henri SAMANI,,LMGT3,,AF Corse,Ferrari,GF,33.166,34.900,39.617,
51,1,8,1:46.668,0,,33.412,0,33.874,2,39.382,0,157.0,17:20.255,12:07:20.255,0:33.412,0:33.874,0:39.382,251.2,Charles-Henri SAMANI,,LMGT3,,AF Corse,Ferrari,GF,33.412,33.874,39.382,
51,1,9,2:01.928,0,B,32.848,0,34.915,0,54.165,0,137.4,19:22.183,12:09:22.183,0:32.848,0:34.915,0:54.165,252.9,Charles-Henri SAMANI,,LMGT3,,AF Corse,Ferrari,GF,32.848,34.915,54.165,
51,1,10,10:14.153,0,,8:57.619,0,36.868,0,39.666,0,27.3,29:36.336,12:19:36.336,8:57.619,0:36.868,0:39.666,,Charles-Henri SAMANI,0:08:28.191,LMGT3,,AF Corse,Ferrari,GF,537.619,36.868,39.666,
51,1,11,1:49.178,0,,33.408,0,36.391,0,39.379,0,153.4,31:25.514,12:21:25.514,0:33.408,0:36.391,0:39.379,250.0,Charles-Henri SAMANI,,LMGT3,,AF Corse,Ferrari,GF,33.408,36.391,39.379,
51,1,12,1:46.421,0,,33.003,0,34.435,0,38.983,0,157.4,33:11.935,12:23:11.935,0:33.003,0:34.435,0:38.983,252.9,Charles-Henri SAMANI,,LMGT3,,AF Corse,Ferrari,GF,33.003,34.435,38.983,
51,1,13,1:46.200,0,,32.870,0,33.990,0,39.340,0,157.7,34:58.135,12:24:58.135,0:32.870,0:33.990,0:39.340,254.7,Charles-Henri SAMANI,,LMGT3,,AF Corse,Ferrari,GF,32.870,33.990,39.340,
51,1,14,1:46.814,0,,32.680,0,34.434,0,39.700,0,156.8,36:44.949,12:26:44.949,0:32.680,0:34.434,0:39.700,253.5,Charles-Henri SAMANI,,LMGT3,,AF Corse,Ferrari,GF,32.680,34.434,39.700,
51,1,15,1:48.923,0,,33.420,0,35.418,0,40.085,0,153.8,38:33.872,12:28:33.872,0:33.420,0:35.418,0:40.085,251.2,Charles-Henri SAMANI,,LMGT3,,AF Corse,Ferrari,GF,33.420,35.418,40.085,
51,1,16,1:54.615,0,B,33.292,0,35.597,0,45.726,0,146.1,40:28.487,12:30:28.487,0:33.292,0:35.597,0:45.726,251.7,Charles-Henri SAMANI,,LMGT3,,AF Corse,Ferrari,GF,33.292,35.597,45.726,
51,1,17,4:53.032,0,,3:36.745,0,35.367,0,40.920,0,57.2,45:21.519,12:35:21.519,3:36.745,0:35.367,0:40.920,,Charles-Henri SAMANI,0:03:07.350,LMGT3,,AF Corse,Ferrari,GF,216.745,35.367,40.920,
51,1,18,1:49.848,0,,33.904,0,35.633,0,40.311,0,152.5,47:11.367,12:37:11.367,0:33.904,0:35.633,0:40.311,251.2,Charles-Henri SAMANI,,LMGT3,,AF Corse,Ferrari,GF,33.904,35.633,40.311,
51,1,19,1:46.464,0,,33.365,0,34.041,0,39.058,0,157.3,48:57.831,12:38:57.831,0:33.365,0:34.041,0:39.058,252.9,Charles-Henri SAMANI,,LMGT3,,AF Corse,Ferrari,GF,33.365,34.041,39.058,
51,1,20,2:07.494,0,,33.787,0,53.113,0,40.594,0,131.4,51:05.325,12:41:05.325,0:33.787,0:53.113,0:40.594,254.7,Charles-Henri SAMANI,,LMGT3,,AF Corse,Ferrari,GF,33.787,53.113,40.594,
51,1,21,1:49.649,0,,34.360,0,34.633,0,40.656,0,152.8,52:54.974,12:42:54.974,0:34.360,0:34.633,0:40.656,241.1,Charles-Henri SAMANI,,LMGT3,,AF Corse,Ferrari,GF,34.360,34.633,40.656,
51,1,22,1:47.631,0,,33.333,0,34.878,0,39.420,0,155.6,54:42.605,12:44:42.605,0:33.333,0:34.878,0:39.420,252.9,Charles-Henri SAMANI,,LMGT3,,AF Corse,Ferrari,GF,33.333,34.878,39.420,
51,1,23,1:46.531,0,,32.975,0,34.152,0,39.404,0,157.2,56:29.136,12:46:29.136,0:32.975,0:34.152,0:39.404,252.9,Charles-Henri SAMANI,,LMGT3,,AF Corse,Ferrari,GF,32.975,34.152,39.404,
51,1,24,1:47.620,0,,32.920,0,34.831,0,39.869,0,155.6,58:16.756,12:48:16.756,0:32.920,0:34.831,0:39.869,252.3,Charles-Henri SAMANI,,LMGT3,,AF Corse,Ferrari,GF,32.920,34.831,39.869,
51,1,25,1:55.595,0,B,33.074,0,34.778,0,47.743,0,144.9,1:00:12.351,12:50:12.351,0:33.074,0:34.778,0:47.743,254.1,Charles-Henri SAMANI,,LMGT3,,AF Corse,Ferrari,GF,33.074,34.778,47.743,
51,1,26,16:16.618,0,,14:56.404,0,39.387,0,40.827,0,17.2,1:16:28.969,13:06:28.969,14:56.404,0:39.387,0:40.827,,Charles-Henri SAMANI,0:14:11.307,LMGT3,,AF Corse,Ferrari,GF,896.404,39.387,40.827,
51,1,27,1:47.740,0,,33.343,0,34.748,0,39.649,0,155.5,1:18:16.709,13:08:16.709,0:33.343,0:34.748,0:39.649,248.8,Charles-Henri SAMANI,,LMGT3,,AF Corse,Ferrari,GF,33.343,34.748,39.649,
51,1,28,1:45.856,2,,32.782,0,34.316,0,38.758,1,158.2,1:20:02.565,13:10:02.565,0:32.782,0:34.316,0:38.758,251.2,Charles-Henri SAMANI,,LMGT3,,AF Corse,Ferrari,GF,32.782,34.316,38.758,
51,1,29,1:45.880,0,,32.534,2,34.061,0,39.285,0,158.2,1:21:48.445,13:11:48.445,0:32.534,0:34.061,0:39.285,251.2,Charles-Henri SAMANI,,LMGT3,,AF Corse,Ferrari,GF,32.534,34.061,39.285,
51,1,30,1:46.563,0,,33.124,0,34.174,0,39.265,0,157.2,1:23:35.008,13:13:35.008,0:33.124,0:34.174,0:39.265,252.3,Charles-Henri SAMANI,,LMGT3,,AF Corse,Ferrari,GF,33.124,34.174,39.265,
51,1,31,1:54.616,0,B,33.187,0,34.398,0,47.031,0,146.1,1:25:29.624,13:15:29.624,0:33.187,0:34.398,0:47.031,250.6,Charles-Henri SAMANI,,LMGT3,,AF Corse,Ferrari,GF,33.187,34.398,47.031,
51,2,32,2:57.890,0,,1:45.195,0,34.072,0,38.623,0,94.2,1:28:27.514,13:18:27.514,1:45.195,0:34.072,0:38.623,,Emmanuel COLLARD,0:01:17.127,LMGT3,,AF Corse,Ferrari,GF,105.195,34.072,38.623,
51,2,33,1:44.526,0,,32.430,0,33.906,1,38.190,2,160.3,1:30:12.040,13:20:12.040,0:32.430,0:33.906,0:38.190,254.7,Emmanuel COLLARD,,LMGT3,,AF Corse,Ferrari,FF,32.430,33.906,38.190,
55,3,1,2:37.485,0,,1:21.234,0,35.841,0,40.410,0,100.2,2:37.485,11:52:37.485,1:21.234,0:35.841,0:40.410,,Matthew GRIFFIN,0:00:44.433,LMGT3,,Spirit of Race,Ferrari,GF,81.234,35.841,40.410,
55,3,2,1:45.216,0,,32.640,0,33.831,0,38.745,0,159.2,4:22.701,11:54:22.701,0:32.640,0:33.831,0:38.745,250.0,Matthew GRIFFIN,,LMGT3,,Spirit of Race,Ferrari,GF,32.640,33.831,38.745,
55,3,3,1:43.884,0,,32.034,0,33.362,0,38.488,0,161.2,6:06.585,11:56:06.585,0:32.034,0:33.362,0:38.488,252.3,Matthew GRIFFIN,,LMGT3,,Spirit of Race,Ferrari,GF,32.034,33.362,38.488,
55,3,4,1:43.924,0,,32.188,0,33.535,0,38.201,0,161.2,7:50.509,11:57:50.509,0:32.188,0:33.535,0:38.201,254.7,Matthew GRIFFIN,,LMGT3,,Spirit of Race,Ferrari,GF,32.188,33.535,38.201,
55,3,5,1:44.700,0,,32.018,0,33.730,0,38.952,0,160.0,9:35.209,11:59:35.209,0:32.018,0:33.730,0:38.952,254.7,Matthew GRIFFIN,,LMGT3,,Spirit of Race,Ferrari,GF,32.018,33.730,38.952,
55,3,6,1:44.083,0,,32.066,0,33.478,0,38.539,0,160.9,11:19.292,12:01:19.292,0:32.066,0:33.478,0:38.539,252.9,Matthew GRIFFIN,,LMGT3,,Spirit of Race,Ferrari,GF,32.066,33.478,38.539,
55,3,7,1:50.805,0,B,32.185,0,33.418,0,45.202,0,151.2,13:10.097,12:03:10.097,0:32.185,0:33.418,0:45.202,253.5,Matthew GRIFFIN,,LMGT3,,Spirit of Race,Ferrari,GF,32.185,33.418,45.202,
55,3,8,3:02.465,0,,1:47.679,0,35.483,0,39.303,0,91.8,16:12.562,12:06:12.562,1:47.679,0:35.483,0:39.303,,Matthew GRIFFIN,0:01:16.899,LMGT3,,Spirit of Race,Ferrari,GF,107.679,35.483,39.303,
55,3,9,1:44.551,0,,32.607,0,33.691,0,38.253,0,160.2,17:57.113,12:07:57.113,0:32.607,0:33.691,0:38.253,249.4,Matthew GRIFFIN,,LMGT3,,Spirit of Race,Ferrari,GF,32.607,33.691,38.253,
55,3,10,1:43.778,0,,32.011,0,33.617,0,38.150,2,161.4,19:40.891,12:09:40.891,0:32.011,0:33.617,0:38.150,251.7,Matthew GRIFFIN,,LMGT3,,Spirit of Race,Ferrari,GF,32.011,33.617,38.150,
55,3,11,1:43.594,2,,31.948,2,33.344,1,38.302,0,161.7,21:24.485,12:11:24.485,0:31.948,0:33.344,0:38.302,251.2,Matthew GRIFFIN,,LMGT3,,Spirit of Race,Ferrari,GF,31.948,33.344,38.302,
55,3,12,1:44.069,0,,32.075,0,33.574,0,38.420,0,161.0,23:08.554,12:13:08.554,0:32.075,0:33.574,0:38.420,251.2,Matthew GRIFFIN,,LMGT3,,Spirit of Race,Ferrari,GF,32.075,33.574,38.420,
55,3,13,1:44.071,0,,31.987,0,33.426,0,38.658,0,161.0,24:52.625,12:14:52.625,0:31.987,0:33.426,0:38.658,252.9,Matthew GRIFFIN,,LMGT3,,Spirit of Race,Ferrari,GF,31.987,33.426,38.658,
55,3,14,1:51.766,0,B,32.532,0,34.537,0,44.697,0,149.9,26:44.391,12:16:44.391,0:32.532,0:34.537,0:44.697,254.1,Matthew GRIFFIN,,LMGT3,,Spirit of Race,Ferrari,GF,32.532,34.537,44.697,
55,1,15,4:10.918,0,,2:53.062,0,37.649,0,40.207,0,66.8,30:55.309,12:20:55.309,2:53.062,0:37.649,0:40.207,,Duncan CAMERON,0:02:24.440,LMGT3,,Spirit of Race,Ferrari,GF,173.062,37.649,40.207,
55,1,16,1:49.371,0,,34.701,0,34.232,0,40.438,0,153.2,32:44.680,12:22:44.680,0:34.701,0:34.232,0:40.438,251.7,Duncan CAMERON,,LMGT3,,Spirit of Race,Ferrari,GF,34.701,34.232,40.438,
55,1,17,1:47.592,0,,33.320,0,34.487,0,39.785,0,155.7,34:32.272,12:24:32.272,0:33.320,0:34.487,0:39.785,251.7,Duncan CAMERON,,LMGT3,,Spirit of Race,Ferrari,GF,33.320,34.487,39.785,
55,1,18,1:48.337,0,,33.189,0,34.749,0,40.399,0,154.6,36:20.609,12:26:20.609,0:33.189,0:34.749,0:40.399,252.3,Duncan CAMERON,,LMGT3,,Spirit of Race,Ferrari,GF,33.189,34.749,40.399,
55,1,19,1:47.483,0,,33.245,0,33.982,0,40.256,0,155.8,38:08.092,12:28:08.092,0:33.245,0:33.982,0:40.256,250.6,Duncan CAMERON,,LMGT3,,Spirit of Race,Ferrari,GF,33.245,33.982,40.256,
55,1,20,1:50.703,0,,34.058,0,35.344,0,41.301,0,151.3,39:58.795,12:29:58.795,0:34.058,0:35.344,0:41.301,249.4,Duncan CAMERON,,LMGT3,,Spirit of Race,Ferrari,GF,34.058,35.344,41.301,
55,1,21,1:48.255,0,,33.767,0,34.500,0,39.988,0,154.7,41:47.050,12:31:47.050,0:33.767,0:34.500,0:39.988,248.8,Duncan CAMERON,,LMGT3,,Spirit of Race,Ferrari,GF,33.767,34.500,39.988,
55,1,22,1:50.556,0,,33.790,0,36.497,0,40.269,0,151.5,43:37.606,12:33:37.606,0:33.790,0:36.497,0:40.269,249.4,Duncan CAMERON,,LMGT3,,Spirit of Race,Ferrari,GF,33.790,36.497,40.269,
55,1,23,1:47.937,0,,33.239,0,34.262,0,40.436,0,155.2,45:25.543,12:35:25.543,0:33.239,0:34.262,0:40.436,252.3,Duncan CAMERON,,LMGT3,,Spirit of Race,Ferrari,GF,33.239,34.262,40.436,
55,1,24,1:54.745,0,B,32.947,0,34.393,0,47.405,0,146.0,47:20.288,12:37:20.288,0:32.947,0:34.393,0:47.405,251.2,Duncan CAMERON,,LMGT3,,Spirit of Race,Ferrari,GF,32.947,34.393,47.405,
55,1,25,3:50.846,0,,2:34.957,0,34.738,0,41.151,0,72.6,51:11.134,12:41:11.134,2:34.957,0:34.738,0:41.151,,Duncan CAMERON,0:02:07.265,LMGT3,,Spirit of Race,Ferrari,GF,154.957,34.738,41.151,
55,1,26,1:47.205,0,,33.150,0,34.159,0,39.896,0,156.3,52:58.339,12:42:58.339,0:33.150,0:34.159,0:39.896,251.2,Duncan CAMERON,,LMGT3,,Spirit of Race,Ferrari,GF,33.150,34.159,39.896,
55,1,27,1:46.171,0,,32.910,0,33.632,0,39.629,0,157.8,54:44.510,12:44:44.510,0:32.910,0:33.632,0:39.629,254.1,Duncan CAMERON,,LMGT3,,Spirit of Race,Ferrari,GF,32.910,33.632,39.629,
55,1,28,1:46.068,0,,32.843,0,34.026,0,39.199,0,157.9,56:30.578,12:46:30.578,0:32.843,0:34.026,0:39.199,254.1,Duncan CAMERON,,LMGT3,,Spirit of Race,Ferrari,GF,32.843,34.026,39.199,
55,1,29,1:47.277,0,,33.231,0,34.934,0,39.112,0,156.1,58:17.855,12:48:17.855,0:33.231,0:34.934,0:39.112,256.5,Duncan CAMERON,,LMGT3,,Spirit of Race,Ferrari,GF,33.231,34.934,39.112,
55,1,30,1:47.411,0,,32.883,0,34.186,0,40.342,0,156.0,1:00:05.266,12:50:05.266,0:32.883,0:34.186,0:40.342,254.7,Duncan CAMERON,,LMGT3,,Spirit of Race,Ferrari,GF,32.883,34.186,40.342,
55,1,31,1:47.238,0,,33.030,0,34.807,0,39.401,0,156.2,1:01:52.504,12:51:52.504,0:33.030,0:34.807,0:39.401,250.0,Duncan CAMERON,,LMGT3,,Spirit of Race,Ferrari,GF,33.030,34.807,39.401,
55,1,32,1:52.353,0,B,33.118,0,33.971,0,45.264,0,149.1,1:03:44.857,12:53:44.857,0:33.118,0:33.971,0:45.264,251.7,Duncan CAMERON,,LMGT3,,Spirit of Race,Ferrari,GF,33.118,33.971,45.264,
55,1,33,3:00.018,0,,1:43.395,0,36.110,0,40.513,0,93.1,1:06:44.875,12:56:44.875,1:43.395,0:36.110,0:40.513,,Duncan CAMERON,0:01:12.470,LMGT3,,Spirit of Race,Ferrari,GF,103.395,36.110,40.513,
55,1,34,1:56.383,0,B,33.063,0,34.961,0,48.359,0,143.9,1:08:41.258,12:58:41.258,0:33.063,0:34.961,0:48.359,250.0,Duncan CAMERON,,LMGT3,,Spirit of Race,Ferrari,GF,33.063,34.961,48.359,
55,1,35,8:22.076,0,,7:07.446,0,34.620,0,40.010,0,33.4,1:17:03.334,13:07:03.334,7:07.446,0:34.620,0:40.010,,Duncan CAMERON,0:06:38.285,LMGT3,,Spirit of Race,Ferrari,GF,427.446,34.620,40.010,
55,1,36,1:46.004,0,,32.875,0,34.154,0,38.975,0,158.0,1:18:49.338,13:08:49.338,0:32.875,0:34.154,0:38.975,247.7,Duncan CAMERON,,LMGT3,,Spirit of Race,Ferrari,GF,32.875,34.154,38.975,
55,1,37,2:16.680,0,,32.747,1,33.306,2,1:10.627,0,122.6,1:21:06.018,13:11:06.018,0:32.747,0:33.306,1:10.627,251.2,Duncan CAMERON,,LMGT3,,Spirit of Race,Ferrari,GF,32.747,33.306,70.627,
55,1,38,1:48.614,0,,33.378,0,34.296,0,40.940,0,154.2,1:22:54.632,13:12:54.632,0:33.378,0:34.296,0:40.940,251.7,Duncan CAMERON,,LMGT3,,Spirit of Race,Ferrari,GF,33.378,34.296,40.940,
55,1,39,1:45.817,0,,32.874,0,33.888,0,39.055,0,158.3,1:24:40.449,13:14:40.449,0:32.874,0:33.888,0:39.055,251.2,Duncan CAMERON,,LMGT3,,Spirit of Race,Ferrari,GF,32.874,33.888,39.055,
55,1,40,1:48.130,0,,34.651,0,34.655,0,38.824,1,154.9,1:26:28.579,13:16:28.579,0:34.651,0:34.655,0:38.824,254.1,Duncan CAMERON,,LMGT3,,Spirit of Race,Ferrari,GF,34.651,34.655,38.824,
55,1,41,1:45.302,0,,32.750,0,33.677,0,38.875,0,159.1,1:28:13.881,13:18:13.881,0:32.750,0:33.677,0:38.875,254.1,Duncan CAMERON,,LMGT3,,Spirit of Race,Ferrari,GF,32.750,33.677,38.875,
55,1,42,1:46.394,0,,33.182,0,34.283,0,38.929,0,157.4,1:30:00.275,13:20:00.275,0:33.182,0:34.283,0:38.929,252.9,Duncan CAMERON,,LMGT3,,Spirit of Race,Ferrari,FF,33.182,34.283,38.929,
57,3,1,2:52.131,0,,1:33.614,0,38.183,0,40.334,0,91.7,2:52.131,11:52:52.131,1:33.614,0:38.183,0:40.334,,Daniel SERRA,0:00:56.779,LMGT3,,Kessel Racing,Ferrari,GF,93.614,38.183,40.334,
57,3,2,1:50.109,0,,33.880,0,34.872,0,41.357,0,152.1,4:42.240,11:54:42.240,0:33.880,0:34.872,0:41.357,247.1,Daniel SERRA,,LMGT3,,Kessel Racing,Ferrari,GF,33.880,34.872,41.357,
57,3,3,1:43.107,0,,31.829,0,33.256,0,38.022,0,162.5,6:25.347,11:56:25.347,0:31.829,0:33.256,0:38.022,254.7,Daniel SERRA,,LMGT3,,Kessel Racing,Ferrari,GF,31.829,33.256,38.022,
57,3,4,1:42.759,2,,31.710,2,33.085,2,37.964,2,163.0,8:08.106,11:58:08.106,0:31.710,0:33.085,0:37.964,257.1,Daniel SERRA,,LMGT3,,Kessel Racing,Ferrari,GF,31.710,33.085,37.964,
57,3,5,1:46.774,0,,32.259,0,34.593,0,39.922,0,156.9,9:54.880,11:59:54.880,0:32.259,0:34.593,0:39.922,258.4,Daniel SERRA,,LMGT3,,Kessel Racing,Ferrari,GF,32.259,34.593,39.922,
57,3,6,1:44.008,0,,32.170,0,33.290,0,38.548,0,161.1,11:38.888,12:01:38.888,0:32.170,0:33.290,0:38.548,255.9,Daniel SERRA,,LMGT3,,Kessel Racing,Ferrari,GF,32.170,33.290,38.548,
57,3,7,1:43.543,0,,31.988,0,33.373,0,38.182,0,161.8,13:22.431,12:03:22.431,0:31.988,0:33.373,0:38.182,256.5,Daniel SERRA,,LMGT3,,Kessel Racing,Ferrari,GF,31.988,33.373,38.182,
57,3,8,1:44.559,0,,31.994,0,34.187,0,38.378,0,160.2,15:06.990,12:05:06.990,0:31.994,0:34.187,0:38.378,259.0,Daniel SERRA,,LMGT3,,Kessel Racing,Ferrari,GF,31.994,34.187,38.378,
57,3,9,1:43.945,0,,32.019,0,33.316,0,38.610,0,161.2,16:50.935,12:06:50.935,0:32.019,0:33.316,0:38.610,253.5,Daniel SERRA,,LMGT3,,Kessel Racing,Ferrari,GF,32.019,33.316,38.610,
57,3,10,1:43.588,0,,31.956,0,33.276,0,38.356,0,161.7,18:34.523,12:08:34.523,0:31.956,0:33.276,0:38.356,252.3,Daniel SERRA,,LMGT3,,Kessel Racing,Ferrari,GF,31.956,33.276,38.356,
57,3,11,1:43.600,0,,32.041,0,33.433,0,38.126,0,161.7,20:18.123,12:10:18.123,0:32.041,0:33.433,0:38.126,253.5,Daniel SERRA,,LMGT3,,Kessel Racing,Ferrari,GF,32.041,33.433,38.126,
57,3,12,1:44.906,0,,32.025,0,34.013,0,38.868,0,159.7,22:03.029,12:12:03.029,0:32.025,0:34.013,0:38.868,254.7,Daniel SERRA,,LMGT3,,Kessel Racing,Ferrari,GF,32.025,34.013,38.868,
57,3,13,1:52.899,0,B,32.572,0,34.052,0,46.275,0,148.4,23:55.928,12:13:55.928,0:32.572,0:34.052,0:46.275,254.7,Daniel SERRA,,LMGT3,,Kessel Racing,Ferrari,GF,32.572,34.052,46.275,
57,2,14,2:52.504,0,,1:39.606,0,34.017,0,38.881,0,97.1,26:48.432,12:16:48.432,1:39.606,0:34.017,0:38.881,,Esteban MASSON,0:01:11.315,LMGT3,,Kessel Racing,Ferrari,GF,99.606,34.017,38.881,
57,2,15,1:45.280,0,,32.580,0,33.771,0,38.929,0,159.1,28:33.712,12:18:33.712,0:32.580,0:33.771,0:38.929,253.5,Esteban MASSON,,LMGT3,,Kessel Racing,Ferrari,GF,32.580,33.771,38.929,
57,2,16,1:45.234,0,,32.320,0,34.712,0,38.202,0,159.2,30:18.946,12:20:18.946,0:32.320,0:34.712,0:38.202,253.5,Esteban MASSON,,LMGT3,,Kessel Racing,Ferrari,GF,32.320,34.712,38.202,
57,2,17,1:44.019,0,,32.059,0,33.525,0,38.435,0,161.0,32:02.965,12:22:02.965,0:32.059,0:33.525,0:38.435,254.1,Esteban MASSON,,LMGT3,,Kessel Racing,Ferrari,GF,32.059,33.525,38.435,
57,2,18,1:43.949,0,,32.028,0,33.367,1,38.554,0,161.1,33:46.914,12:23:46.914,0:32.028,0:33.367,0:38.554,255.3,Esteban MASSON,,LMGT3,,Kessel Racing,Ferrari,GF,32.028,33.367,38.554,
57,2,19,1:43.514,0,,31.956,1,33.460,0,38.098,1,161.8,35:30.428,12:25:30.428,0:31.956,0:33.460,0:38.098,255.9,Esteban MASSON,,LMGT3,,Kessel Racing,Ferrari,GF,31.956,33.460,38.098,
57,2,20,1:44.863,0,,32.175,0,33.509,0,39.179,0,159.7,37:15.291,12:27:15.291,0:32.175,0:33.509,0:39.179,255.3,Esteban MASSON,,LMGT3,,Kessel Racing,Ferrari,GF,32.175,33.509,39.179,
57,2,21,1:44.441,0,,32.362,0,33.662,0,38.417,0,160.4,38:59.732,12:28:59.732,0:32.362,0:33.662,0:38.417,250.6,Esteban MASSON,,LMGT3,,Kessel Racing,Ferrari,GF,32.362,33.662,38.417,
57,2,22,1:44.126,0,,32.205,0,33.450,0,38.471,0,160.9,40:43.858,12:30:43.858,0:32.205,0:33.450,0:38.471,254.1,Esteban MASSON,,LMGT3,,Kessel Racing,Ferrari,GF,32.205,33.450,38.471,
57,2,23,1:44.410,0,,32.178,0,33.709,0,38.523,0,160.4,42:28.268,12:32:28.268,0:32.178,0:33.709,0:38.523,253.5,Esteban MASSON,,LMGT3,,Kessel Racing,Ferrari,GF,32.178,33.709,38.523,
57,2,24,1:44.181,0,,32.144,0,33.530,0,38.507,0,160.8,44:12.449,12:34:12.449,0:32.144,0:33.530,0:38.507,254.7,Esteban MASSON,,LMGT3,,Kessel Racing,Ferrari,GF,32.144,33.530,38.507,
57,2,25,1:44.451,0,,32.192,0,33.579,0,38.680,0,160.4,45:56.900,12:35:56.900,0:32.192,0:33.579,0:38.680,254.1,Esteban MASSON,,LMGT3,,Kessel Racing,Ferrari,GF,32.192,33.579,38.680,
57,2,26,1:44.491,0,,32.634,0,33.514,0,38.343,0,160.3,47:41.391,12:37:41.391,0:32.634,0:33.514,0:38.343,255.9,Esteban MASSON,,LMGT3,,Kessel Racing,Ferrari,GF,32.634,33.514,38.343,
57,2,27,1:50.599,0,B,32.171,0,34.662,0,43.766,0,151.5,49:31.990,12:39:31.990,0:32.171,0:34.662,0:43.766,256.5,Esteban MASSON,,LMGT3,,Kessel Racing,Ferrari,GF,32.171,34.662,43.766,
57,1,28,2:59.169,0,,1:44.214,0,35.524,0,39.431,0,93.5,52:31.159,12:42:31.159,1:44.214,0:35.524,0:39.431,,Takeshi KIMURA,0:01:11.746,LMGT3,,Kessel Racing,Ferrari,GF,104.214,35.524,39.431,
57,1,29,1:48.144,0,,33.555,0,34.252,0,40.337,0,154.9,54:19.303,12:44:19.303,0:33.555,0:34.252,0:40.337,252.3,Takeshi KIMURA,,LMGT3,,Kessel Racing,Ferrari,GF,33.555,34.252,40.337,
57,1,30,1:47.144,0,,33.181,0,34.038,0,39.925,0,156.3,56:06.447,12:46:06.447,0:33.181,0:34.038,0:39.925,251.7,Takeshi KIMURA,,LMGT3,,Kessel Racing,Ferrari,GF,33.181,34.038,39.925,
57,1,31,1:46.805,0,,33.018,0,34.389,0,39.398,0,156.8,57:53.252,12:47:53.252,0:33.018,0:34.389,0:39.398,252.9,Takeshi KIMURA,,LMGT3,,Kessel Racing,Ferrari,GF,33.018,34.389,39.398,
57,1,32,1:54.960,0,,32.912,0,41.812,0,40.236,0,145.7,59:48.212,12:49:48.212,0:32.912,0:41.812,0:40.236,252.9,Takeshi KIMURA,,LMGT3,,Kessel Racing,Ferrari,GF,32.912,41.812,40.236,
57,1,33,1:49.310,0,,33.577,0,36.139,0,39.594,0,153.2,1:01:37.522,12:51:37.522,0:33.577,0:36.139,0:39.594,252.9,Takeshi KIMURA,,LMGT3,,Kessel Racing,Ferrari,GF,33.577,36.139,39.594,
57,1,34,1:46.275,0,,33.363,0,33.971,1,38.941,0,157.6,1:03:23.797,12:53:23.797,0:33.363,0:33.971,0:38.941,252.3,Takeshi KIMURA,,LMGT3,,Kessel Racing,Ferrari,GF,33.363,33.971,38.941,
57,1,35,1:45.764,0,,32.566,0,33.975,0,39.223,0,158.4,1:05:09.561,12:55:09.561,0:32.566,0:33.975,0:39.223,253.5,Takeshi KIMURA,,LMGT3,,Kessel Racing,Ferrari,GF,32.566,33.975,39.223,
57,1,36,1:46.159,0,,32.545,0,34.136,0,39.478,0,157.8,1:06:55.720,12:56:55.720,0:32.545,0:34.136,0:39.478,254.1,Takeshi KIMURA,,LMGT3,,Kessel Racing,Ferrari,GF,32.545,34.136,39.478,
57,1,37,1:46.203,0,,32.667,0,34.317,0,39.219,0,157.7,1:08:41.923,12:58:41.923,0:32.667,0:34.317,0:39.219,251.2,Takeshi KIMURA,,LMGT3,,Kessel Racing,Ferrari,GF,32.667,34.317,39.219,
57,1,38,2:24.962,0,B,36.131,0,35.342,0,1:13.489,0,115.6,1:11:06.885,13:01:06.885,0:36.131,0:35.342,1:13.489,252.9,Takeshi KIMURA,,LMGT3,,Kessel Racing,Ferrari,FCY,36.131,35.342,73.489,
57,1,39,4:08.690,0,,2:04.755,0,1:04.286,0,59.649,0,67.4,1:15:15.575,13:05:15.575,2:04.755,1:04.286,0:59.649,,Takeshi KIMURA,0:01:13.748,LMGT3,,Kessel Racing,Ferrari,GF,124.755,64.286,59.649,
57,1,40,1:55.165,0,,34.788,0,37.243,0,43.134,0,145.5,1:17:10.740,13:07:10.740,0:34.788,0:37.243,0:43.134,244.9,Takeshi KIMURA,,LMGT3,,Kessel Racing,Ferrari,GF,34.788,37.243,43.134,
57,1,41,1:49.928,0,,34.736,0,35.288,0,39.904,0,152.4,1:19:00.668,13:09:00.668,0:34.736,0:35.288,0:39.904,239.5,Takeshi KIMURA,,LMGT3,,Kessel Racing,Ferrari,GF,34.736,35.288,39.904,
57,1,42,1:48.308,0,,32.959,0,34.127,0,41.222,0,154.7,1:20:48.976,13:10:48.976,0:32.959,0:34.127,0:41.222,251.2,Takeshi KIMURA,,LMGT3,,Kessel Racing,Ferrari,GF,32.959,34.127,41.222,
57,1,43,1:45.531,0,,32.857,0,34.033,0,38.641,0,158.7,1:22:34.507,13:12:34.507,0:32.857,0:34.033,0:38.641,252.9,Takeshi KIMURA,,LMGT3,,Kessel Racing,Ferrari,GF,32.857,34.033,38.641,
57,1,44,1:49.957,0,,32.827,0,34.523,0,42.607,0,152.3,1:24:24.464,13:14:24.464,0:32.827,0:34.523,0:42.607,251.7,Takeshi KIMURA,,LMGT3,,Kessel Racing,Ferrari,GF,32.827,34.523,42.607,
57,1,45,1:46.476,0,,33.091,0,34.013,0,39.372,0,157.3,1:26:10.940,13:16:10.940,0:33.091,0:34.013,0:39.372,252.9,Takeshi KIMURA,,LMGT3,,Kessel Racing,Ferrari,GF,33.091,34.013,39.372,
57,1,46,1:46.508,0,,32.684,0,34.256,0,39.568,0,157.3,1:27:57.448,13:17:57.448,0:32.684,0:34.256,0:39.568,252.9,Takeshi KIMURA,,LMGT3,,Kessel Racing,Ferrari,GF,32.684,34.256,39.568,
57,1,47,1:45.178,0,,32.479,1,34.252,0,38.447,1,159.3,1:29:42.626,13:19:42.626,0:32.479,0:34.252,0:38.447,254.1,Takeshi KIMURA,,LMGT3,,Kessel Racing,Ferrari,GF,32.479,34.252,38.447,
57,1,48,1:46.773,0,,32.560,0,34.322,0,39.891,0,156.9,1:31:29.399,13:21:29.399,0:32.560,0:34.322,0:39.891,254.7,Takeshi KIMURA,,LMGT3,,Kessel Racing,Ferrari,FF,32.560,34.322,39.891,
59,1,1,2:38.824,0,,1:14.796,0,40.977,0,43.051,0,99.4,2:38.824,11:52:38.824,1:14.796,0:40.977,0:43.051,,Derek DEBOER,0:00:35.781,LMGT3,,Racing Spirit of Leman,Aston Martin,GF,74.796,40.977,43.051,
59,1,2,1:53.965,0,,36.953,0,35.880,0,41.132,0,147.0,4:32.789,11:54:32.789,0:36.953,0:35.880,0:41.132,208.9,Derek DEBOER,,LMGT3,,Racing Spirit of Leman,Aston Martin,GF,36.953,35.880,41.132,
59,1,3,1:46.644,0,,33.238,0,33.974,0,39.432,0,157.1,6:19.433,11:56:19.433,0:33.238,0:33.974,0:39.432,252.9,Derek DEBOER,,LMGT3,,Racing Spirit of Leman,Aston Martin,GF,33.238,33.974,39.432,
59,1,4,1:47.433,0,,33.242,0,34.293,0,39.898,0,155.9,8:06.866,11:58:06.866,0:33.242,0:34.293,0:39.898,252.3,Derek DEBOER,,LMGT3,,Racing Spirit of Leman,Aston Martin,GF,33.242,34.293,39.898,
59,1,5,1:48.832,0,,33.037,0,35.810,0,39.985,0,153.9,9:55.698,11:59:55.698,0:33.037,0:35.810,0:39.985,254.1,Derek DEBOER,,LMGT3,,Racing Spirit of Leman,Aston Martin,GF,33.037,35.810,39.985,
59,1,6,1:47.436,0,,33.155,0,34.612,0,39.669,0,155.9,11:43.134,12:01:43.134,0:33.155,0:34.612,0:39.669,255.3,Derek DEBOER,,LMGT3,,Racing Spirit of Leman,Aston Martin,GF,33.155,34.612,39.669,
59,1,7,1:48.489,0,,32.781,0,34.779,0,40.929,0,154.4,13:31.623,12:03:31.623,0:32.781,0:34.779,0:40.929,253.5,Derek DEBOER,,LMGT3,,Racing Spirit of Leman,Aston Martin,GF,32.781,34.779,40.929,
59,1,8,1:46.710,0,,32.886,0,34.161,0,39.663,0,157.0,15:18.333,12:05:18.333,0:32.886,0:34.161,0:39.663,252.3,Derek DEBOER,,LMGT3,,Racing Spirit of Leman,Aston Martin,GF,32.886,34.161,39.663,
59,1,9,1:47.330,0,,32.997,0,34.165,0,40.168,0,156.1,17:05.663,12:07:05.663,0:32.997,0:34.165,0:40.168,251.7,Derek DEBOER,,LMGT3,,Racing Spirit of Leman,Aston Martin,GF,32.997,34.165,40.168,
59,1,10,1:55.595,0,B,33.676,0,34.862,0,47.057,0,144.9,19:01.258,12:09:01.258,0:33.676,0:34.862,0:47.057,251.2,Derek DEBOER,,LMGT3,,Racing Spirit of Leman,Aston Martin,GF,33.676,34.862,47.057,
59,3,11,3:08.143,0,,1:51.947,0,35.293,0,40.903,0,89.0,22:09.401,12:12:09.401,1:51.947,0:35.293,0:40.903,,Valentin HASSE CLOT,0:01:23.940,LMGT3,,Racing Spirit of Leman,Aston Martin,GF,111.947,35.293,40.903,
59,3,12,1:44.131,0,,32.334,0,33.516,0,38.281,2,160.9,23:53.532,12:13:53.532,0:32.334,0:33.516,0:38.281,252.9,Valentin HASSE CLOT,,LMGT3,,Racing Spirit of Leman,Aston Martin,GF,32.334,33.516,38.281,
59,3,13,1:44.728,0,,32.228,0,33.645,0,38.855,0,159.9,25:38.260,12:15:38.260,0:32.228,0:33.645,0:38.855,257.8,Valentin HASSE CLOT,,LMGT3,,Racing Spirit of Leman,Aston Martin,GF,32.228,33.645,38.855,
59,3,14,1:43.884,0,,32.211,0,33.178,2,38.495,0,161.2,27:22.144,12:17:22.144,0:32.211,0:33.178,0:38.495,257.8,Valentin HASSE CLOT,,LMGT3,,Racing Spirit of Leman,Aston Martin,GF,32.211,33.178,38.495,
59,3,15,1:44.039,0,,32.393,0,33.287,0,38.359,0,161.0,29:06.183,12:19:06.183,0:32.393,0:33.287,0:38.359,252.9,Valentin HASSE CLOT,,LMGT3,,Racing Spirit of Leman,Aston Martin,GF,32.393,33.287,38.359,
59,3,16,1:44.970,0,,32.277,0,33.767,0,38.926,0,159.6,30:51.153,12:20:51.153,0:32.277,0:33.767,0:38.926,252.3,Valentin HASSE CLOT,,LMGT3,,Racing Spirit of Leman,Aston Martin,GF,32.277,33.767,38.926,
59,3,17,1:43.810,0,,32.106,0,33.335,0,38.369,0,161.4,32:34.963,12:22:34.963,0:32.106,0:33.335,0:38.369,255.9,Valentin HASSE CLOT,,LMGT3,,Racing Spirit of Leman,Aston Martin,GF,32.106,33.335,38.369,
59,3,18,1:44.060,0,,32.190,0,33.357,0,38.513,0,161.0,34:19.023,12:24:19.023,0:32.190,0:33.357,0:38.513,255.3,Valentin HASSE CLOT,,LMGT3,,Racing Spirit of Leman,Aston Martin,GF,32.190,33.357,38.513,
59,3,19,1:43.963,0,,32.090,1,33.338,0,38.535,0,161.1,36:02.986,12:26:02.986,0:32.090,0:33.338,0:38.535,254.7,Valentin HASSE CLOT,,LMGT3,,Racing Spirit of Leman,Aston Martin,GF,32.090,33.338,38.535,
59,3,20,1:50.224,0,B,32.240,0,33.373,0,44.611,0,152.0,37:53.210,12:27:53.210,0:32.240,0:33.373,0:44.611,255.3,Valentin HASSE CLOT,,LMGT3,,Racing Spirit of Leman,Aston Martin,GF,32.240,33.373,44.611,
59,2,21,4:33.033,0,,3:18.829,0,34.512,0,39.692,0,61.4,42:26.243,12:32:26.243,3:18.829,0:34.512,0:39.692,,Casper STEVENSON,0:02:51.341,LMGT3,,Racing Spirit of Leman,Aston Martin,GF,198.829,34.512,39.692,
59,2,22,1:51.224,0,B,33.142,0,33.688,0,44.394,0,150.6,44:17.467,12:34:17.467,0:33.142,0:33.688,0:44.394,251.2,Casper STEVENSON,,LMGT3,,Racing Spirit of Leman,Aston Martin,GF,33.142,33.688,44.394,
59,2,23,4:38.312,0,,3:25.725,0,33.847,0,38.740,0,60.2,48:55.779,12:38:55.779,3:25.725,0:33.847,0:38.740,,Casper STEVENSON,0:02:58.175,LMGT3,,Racing Spirit of Leman,Aston Martin,GF,205.725,33.847,38.740,
59,2,24,1:44.084,0,,32.257,0,33.427,0,38.400,0,160.9,50:39.863,12:40:39.863,0:32.257,0:33.427,0:38.400,254.1,Casper STEVENSON,,LMGT3,,Racing Spirit of Leman,Aston Martin,GF,32.257,33.427,38.400,
59,2,25,1:43.901,0,,32.116,0,33.400,0,38.385,0,161.2,52:23.764,12:42:23.764,0:32.116,0:33.400,0:38.385,254.7,Casper STEVENSON,,LMGT3,,Racing Spirit of Leman,Aston Martin,GF,32.116,33.400,38.385,
59,2,26,1:43.774,0,,32.015,0,33.296,0,38.463,0,161.4,54:07.538,12:44:07.538,0:32.015,0:33.296,0:38.463,255.3,Casper STEVENSON,,LMGT3,,Racing Spirit of Leman,Aston Martin,GF,32.015,33.296,38.463,
59,2,27,1:43.885,0,,32.165,0,33.321,0,38.399,0,161.2,55:51.423,12:45:51.423,0:32.165,0:33.321,0:38.399,255.3,Casper STEVENSON,,LMGT3,,Racing Spirit of Leman,Aston Martin,GF,32.165,33.321,38.399,
59,2,28,1:44.121,0,,32.008,0,33.526,0,38.587,0,160.9,57:35.544,12:47:35.544,0:32.008,0:33.526,0:38.587,255.3,Casper STEVENSON,,LMGT3,,Racing Spirit of Leman,Aston Martin,GF,32.008,33.526,38.587,
59,2,29,1:44.091,0,,32.131,0,33.378,0,38.582,0,160.9,59:19.635,12:49:19.635,0:32.131,0:33.378,0:38.582,255.3,Casper STEVENSON,,LMGT3,,Racing Spirit of Leman,Aston Martin,GF,32.131,33.378,38.582,
59,2,30,1:43.706,0,,31.989,0,33.258,1,38.459,0,161.5,1:01:03.341,12:51:03.341,0:31.989,0:33.258,0:38.459,255.3,Casper STEVENSON,,LMGT3,,Racing Spirit of Leman,Aston Martin,GF,31.989,33.258,38.459,
59,2,31,1:43.546,2,,31.943,2,33.258,0,38.345,1,161.8,1:02:46.887,12:52:46.887,0:31.943,0:33.258,0:38.345,255.3,Casper STEVENSON,,LMGT3,,Racing Spirit of Leman,Aston Martin,GF,31.943,33.258,38.345,
59,2,32,1:49.606,0,B,32.028,0,33.298,0,44.280,0,152.8,1:04:36.493,12:54:36.493,0:32.028,0:33.298,0:44.280,256.5,Casper STEVENSON,,LMGT3,,Racing Spirit of Leman,Aston Martin,GF,32.028,33.298,44.280,
59,1,33,3:28.826,0,,2:08.048,0,37.746,0,43.032,0,80.2,1:08:05.319,12:58:05.319,2:08.048,0:37.746,0:43.032,,Derek DEBOER,0:01:36.437,LMGT3,,Racing Spirit of Leman,Aston Martin,GF,128.048,37.746,43.032,
59,1,34,1:48.250,0,,33.398,0,34.851,0,40.001,0,154.7,1:09:53.569,12:59:53.569,0:33.398,0:34.851,0:40.001,250.0,Derek DEBOER,,LMGT3,,Racing Spirit of Leman,Aston Martin,GF,33.398,34.851,40.001,
59,1,35,3:23.132,0,,1:04.466,0,1:03.673,0,1:14.993,0,82.5,1:13:16.701,13:03:16.701,1:04.466,1:03.673,1:14.993,78.9,Derek DEBOER,,LMGT3,,Racing Spirit of Leman,Aston Martin,FCY,64.466,63.673,74.993,
59,1,36,2:41.142,0,,1:11.973,0,49.453,0,39.716,0,104.0,1:15:57.843,13:05:57.843,1:11.973,0:49.453,0:39.716,79.1,Derek DEBOER,,LMGT3,,Racing Spirit of Leman,Aston Martin,GF,71.973,49.453,39.716,
59,1,37,1:46.017,0,,32.741,0,34.272,0,39.004,1,158.0,1:17:43.860,13:07:43.860,0:32.741,0:34.272,0:39.004,249.4,Derek DEBOER,,LMGT3,,Racing Spirit of Leman,Aston Martin,GF,32.741,34.272,39.004,
59,1,38,1:46.710,0,,32.533,0,34.181,0,39.996,0,157.0,1:19:30.570,13:09:30.570,0:32.533,0:34.181,0:39.996,252.3,Derek DEBOER,,LMGT3,,Racing Spirit of Leman,Aston Martin,GF,32.533,34.181,39.996,
59,1,39,1:46.257,0,,33.331,0,33.739,1,39.187,0,157.6,1:21:16.827,13:11:16.827,0:33.331,0:33.739,0:39.187,255.3,Derek DEBOER,,LMGT3,,Racing Spirit of Leman,Aston Martin,GF,33.331,33.739,39.187,
59,1,40,1:45.643,0,,32.435,1,34.153,0,39.055,0,158.6,1:23:02.470,13:13:02.470,0:32.435,0:34.153,0:39.055,251.7,Derek DEBOER,,LMGT3,,Racing Spirit of Leman,Aston Martin,GF,32.435,34.153,39.055,
59,1,41,1:46.866,0,,32.777,0,34.779,0,39.310,0,156.7,1:24:49.336,13:14:49.336,0:32.777,0:34.779,0:39.310,252.9,Derek DEBOER,,LMGT3,,Racing Spirit of Leman,Aston Martin,GF,32.777,34.779,39.310,
59,1,42,1:45.805,0,,32.570,0,34.118,0,39.117,0,158.3,1:26:35.141,13:16:35.141,0:32.570,0:34.118,0:39.117,252.3,Derek DEBOER,,LMGT3,,Racing Spirit of Leman,Aston Martin,GF,32.570,34.118,39.117,
59,1,43,1:47.755,0,,32.698,0,34.494,0,40.563,0,155.5,1:28:22.896,13:18:22.896,0:32.698,0:34.494,0:40.563,253.5,Derek DEBOER,,LMGT3,,Racing Spirit of Leman,Aston Martin,GF,32.698,34.494,40.563,
59,1,44,1:54.575,0,B,32.900,0,34.991,0,46.684,0,146.2,1:30:17.471,13:20:17.471,0:32.900,0:34.991,0:46.684,256.5,Derek DEBOER,,LMGT3,,Racing Spirit of Leman,Aston Martin,FF,32.900,34.991,46.684,
60,2,1,2:42.105,0,,1:25.138,0,36.163,0,40.804,0,97.4,2:42.105,11:52:42.105,1:25.138,0:36.163,0:40.804,,Matteo CRESSONI,0:00:50.412,LMGT3,,Proton Competition,Porsche,GF,85.138,36.163,40.804,
60,2,2,1:45.326,0,,32.811,0,33.771,0,38.744,0,159.0,4:27.431,11:54:27.431,0:32.811,0:33.771,0:38.744,250.6,Matteo CRESSONI,,LMGT3,,Proton Competition,Porsche,GF,32.811,33.771,38.744,
60,2,3,1:43.603,0,,32.015,0,33.418,0,38.170,0,161.7,6:11.034,11:56:11.034,0:32.015,0:33.418,0:38.170,252.9,Matteo CRESSONI,,LMGT3,,Proton Competition,Porsche,GF,32.015,33.418,38.170,
60,2,4,1:43.999,0,,32.219,0,33.574,0,38.206,0,161.1,7:55.033,11:57:55.033,0:32.219,0:33.574,0:38.206,253.5,Matteo CRESSONI,,LMGT3,,Proton Competition,Porsche,GF,32.219,33.574,38.206,
60,2,5,1:43.627,0,,31.971,0,33.563,0,38.093,0,161.6,9:38.660,11:59:38.660,0:31.971,0:33.563,0:38.093,253.5,Matteo CRESSONI,,LMGT3,,Proton Competition,Porsche,GF,31.971,33.563,38.093,
60,2,6,1:43.756,0,,32.102,0,33.595,0,38.059,0,161.4,11:22.416,12:01:22.416,0:32.102,0:33.595,0:38.059,254.1,Matteo CRESSONI,,LMGT3,,Proton Competition,Porsche,GF,32.102,33.595,38.059,
60,2,7,1:44.177,0,,32.186,0,33.595,0,38.396,0,160.8,13:06.593,12:03:06.593,0:32.186,0:33.595,0:38.396,255.3,Matteo CRESSONI,,LMGT3,,Proton Competition,Porsche,GF,32.186,33.595,38.396,
60,2,8,1:52.046,0,B,32.416,0,34.125,0,45.505,0,149.5,14:58.639,12:04:58.639,0:32.416,0:34.125,0:45.505,252.3,Matteo CRESSONI,,LMGT3,,Proton Competition,Porsche,GF,32.416,34.125,45.505,
60,2,9,6:00.218,0,,4:43.792,0,36.979,0,39.447,0,46.5,20:58.857,12:10:58.857,4:43.792,0:36.979,0:39.447,,Matteo CRESSONI,0:04:10.776,LMGT3,,Proton Competition,Porsche,GF,283.792,36.979,39.447,
60,2,10,1:44.183,0,,32.341,0,33.817,0,38.025,0,160.8,22:43.040,12:12:43.040,0:32.341,0:33.817,0:38.025,247.7,Matteo CRESSONI,,LMGT3,,Proton Competition,Porsche,GF,32.341,33.817,38.025,
60,2,11,1:43.317,0,,32.071,0,33.232,0,38.014,0,162.1,24:26.357,12:14:26.357,0:32.071,0:33.232,0:38.014,250.0,Matteo CRESSONI,,LMGT3,,Proton Competition,Porsche,GF,32.071,33.232,38.014,
60,2,12,1:58.725,0,B,32.696,0,35.969,0,50.060,0,141.1,26:25.082,12:16:25.082,0:32.696,0:35.969,0:50.060,253.5,Matteo CRESSONI,,LMGT3,,Proton Competition,Porsche,GF,32.696,35.969,50.060,
60,2,13,21:50.870,0,,20:34.401,0,36.599,0,39.870,0,12.8,48:15.952,12:38:15.952,20:34.401,0:36.599,0:39.870,,Matteo CRESSONI,0:20:01.676,LMGT3,,Proton Competition,Porsche,GF,1234.401,36.599,39.870,
60,2,14,1:44.424,0,,32.679,0,33.622,0,38.123,0,160.4,50:00.376,12:40:00.376,0:32.679,0:33.622,0:38.123,252.3,Matteo CRESSONI,,LMGT3,,Proton Competition,Porsche,GF,32.679,33.622,38.123,
60,2,15,1:43.083,2,,31.963,2,33.219,2,37.901,2,162.5,51:43.459,12:41:43.459,0:31.963,0:33.219,0:37.901,253.5,Matteo CRESSONI,,LMGT3,,Proton Competition,Porsche,GF,31.963,33.219,37.901,
60,2,16,1:57.364,0,B,33.363,0,35.167,0,48.834,0,142.7,53:40.823,12:43:40.823,0:33.363,0:35.167,0:48.834,254.1,Matteo CRESSONI,,LMGT3,,Proton Competition,Porsche,GF,33.363,35.167,48.834,
60,1,17,4:15.605,0,,2:59.178,0,36.070,0,40.357,0,65.5,57:56.428,12:47:56.428,2:59.178,0:36.070,0:40.357,,Claudio SCHIAVONI,0:02:28.943,LMGT3,,Proton Competition,Porsche,GF,179.178,36.070,40.357,
60,1,18,1:51.677,0,,33.537,0,37.054,0,41.086,0,150.0,59:48.105,12:49:48.105,0:33.537,0:37.054,0:41.086,248.8,Claudio SCHIAVONI,,LMGT3,,Proton Competition,Porsche,GF,33.537,37.054,41.086,
60,1,19,1:51.771,0,,35.896,0,36.019,0,39.856,0,149.9,1:01:39.876,12:51:39.876,0:35.896,0:36.019,0:39.856,230.3,Claudio SCHIAVONI,,LMGT3,,Proton Competition,Porsche,GF,35.896,36.019,39.856,
60,1,20,1:47.424,0,,33.265,0,34.379,0,39.780,0,155.9,1:03:27.300,12:53:27.300,0:33.265,0:34.379,0:39.780,251.2,Claudio SCHIAVONI,,LMGT3,,Proton Competition,Porsche,GF,33.265,34.379,39.780,
60,1,21,1:47.335,0,,33.075,0,34.620,0,39.640,0,156.1,1:05:14.635,12:55:14.635,0:33.075,0:34.620,0:39.640,251.2,Claudio SCHIAVONI,,LMGT3,,Proton Competition,Porsche,GF,33.075,34.620,39.640,
60,1,22,1:53.656,0,,36.879,0,36.239,0,40.538,0,147.4,1:07:08.291,12:57:08.291,0:36.879,0:36.239,0:40.538,251.2,Claudio SCHIAVONI,,LMGT3,,Proton Competition,Porsche,GF,36.879,36.239,40.538,
60,1,23,1:57.557,0,B,33.144,0,34.648,0,49.765,0,142.5,1:09:05.848,12:59:05.848,0:33.144,0:34.648,0:49.765,250.0,Claudio SCHIAVONI,,LMGT3,,Proton Competition,Porsche,GF,33.144,34.648,49.765,
60,1,24,8:08.685,0,,6:42.473,0,41.193,0,45.019,0,34.3,1:17:14.533,13:07:14.533,6:42.473,0:41.193,0:45.019,,Claudio SCHIAVONI,0:06:10.305,LMGT3,,Proton Competition,Porsche,GF,402.473,41.193,45.019,
60,1,25,1:52.739,0,,34.773,0,36.405,0,41.561,0,148.6,1:19:07.272,13:09:07.272,0:34.773,0:36.405,0:41.561,246.6,Claudio SCHIAVONI,,LMGT3,,Proton Competition,Porsche,GF,34.773,36.405,41.561,
60,1,26,1:53.417,0,,33.438,0,34.736,0,45.243,0,147.7,1:21:00.689,13:11:00.689,0:33.438,0:34.736,0:45.243,248.3,Claudio SCHIAVONI,,LMGT3,,Proton Competition,Porsche,GF,33.438,34.736,45.243,
60,1,27,1:51.433,0,,35.840,0,34.902,0,40.691,0,150.3,1:22:52.122,13:12:52.122,0:35.840,0:34.902,0:40.691,241.6,Claudio SCHIAVONI,,LMGT3,,Proton Competition,Porsche,GF,35.840,34.902,40.691,
60,1,28,1:47.974,0,,33.303,0,34.788,0,39.883,0,155.1,1:24:40.096,13:14:40.096,0:33.303,0:34.788,0:39.883,247.1,Claudio SCHIAVONI,,LMGT3,,Proton Competition,Porsche,GF,33.303,34.788,39.883,
60,1,29,1:51.146,0,,36.804,0,34.599,0,39.743,0,150.7,1:26:31.242,13:16:31.242,0:36.804,0:34.599,0:39.743,248.3,Claudio SCHIAVONI,,LMGT3,,Proton Competition,Porsche,GF,36.804,34.599,39.743,
60,1,30,1:47.670,0,,33.036,0,34.326,1,40.308,0,155.6,1:28:18.912,13:18:18.912,0:33.036,0:34.326,0:40.308,250.6,Claudio SCHIAVONI,,LMGT3,,Proton Competition,Porsche,GF,33.036,34.326,40.308,
60,1,31,1:47.183,0,,32.828,1,34.894,0,39.461,1,156.3,1:30:06.095,13:20:06.095,0:32.828,0:34.894,0:39.461,251.7,Claudio SCHIAVONI,,LMGT3,,Proton Competition,Porsche,FF,32.828,34.894,39.461,
63,3,1,3:12.954,0,,1:55.718,0,36.972,0,40.264,0,81.8,3:12.954,11:53:12.954,1:55.718,0:36.972,0:40.264,,Andrea CALDARELLI,0:01:19.693,LMGT3,,Iron Lynx,Lamborghini,GF,115.718,36.972,40.264,
63,3,2,1:48.451,0,,32.912,0,37.355,0,38.184,2,154.5,5:01.405,11:55:01.405,0:32.912,0:37.355,0:38.184,250.0,Andrea CALDARELLI,,LMGT3,,Iron Lynx,Lamborghini,GF,32.912,37.355,38.184,
63,3,3,1:53.888,0,,31.895,2,32.995,0,48.998,0,147.1,6:55.293,11:56:55.293,0:31.895,0:32.995,0:48.998,251.7,Andrea CALDARELLI,,LMGT3,,Iron Lynx,Lamborghini,GF,31.895,32.995,48.998,
63,3,4,1:43.595,0,,31.991,0,33.060,0,38.544,0,161.7,8:38.888,11:58:38.888,0:31.991,0:33.060,0:38.544,253.5,Andrea CALDARELLI,,LMGT3,,Iron Lynx,Lamborghini,GF,31.991,33.060,38.544,
63,3,5,1:43.208,2,,31.941,0,32.919,2,38.348,0,162.3,10:22.096,12:00:22.096,0:31.941,0:32.919,0:38.348,254.7,Andrea CALDARELLI,,LMGT3,,Iron Lynx,Lamborghini,GF,31.941,32.919,38.348,
63,3,6,1:57.570,0,,34.607,0,37.867,0,45.096,0,142.5,12:19.666,12:02:19.666,0:34.607,0:37.867,0:45.096,252.9,Andrea CALDARELLI,,LMGT3,,Iron Lynx,Lamborghini,GF,34.607,37.867,45.096,
63,3,7,1:50.413,0,,33.585,0,35.541,0,41.287,0,151.7,14:10.079,12:04:10.079,0:33.585,0:35.541,0:41.287,253.5,Andrea CALDARELLI,,LMGT3,,Iron Lynx,Lamborghini,GF,33.585,35.541,41.287,
63,3,8,1:43.323,0,,32.034,0,33.054,0,38.235,0,162.1,15:53.402,12:05:53.402,0:32.034,0:33.054,0:38.235,252.3,Andrea CALDARELLI,,LMGT3,,Iron Lynx,Lamborghini,GF,32.034,33.054,38.235,
63,3,9,1:43.450,0,,31.935,0,33.010,0,38.505,0,161.9,17:36.852,12:07:36.852,0:31.935,0:33.010,0:38.505,254.1,Andrea CALDARELLI,,LMGT3,,Iron Lynx,Lamborghini,GF,31.935,33.010,38.505,
63,3,10,1:43.736,0,,32.049,0,33.048,0,38.639,0,161.5,19:20.588,12:09:20.588,0:32.049,0:33.048,0:38.639,252.9,Andrea CALDARELLI,,LMGT3,,Iron Lynx,Lamborghini,GF,32.049,33.048,38.639,
63,3,11,1:43.678,0,,31.982,0,33.277,0,38.419,0,161.6,21:04.266,12:11:04.266,0:31.982,0:33.277,0:38.419,252.3,Andrea CALDARELLI,,LMGT3,,Iron Lynx,Lamborghini,GF,31.982,33.277,38.419,
63,3,12,1:46.547,0,,32.977,0,33.787,0,39.783,0,157.2,22:50.813,12:12:50.813,0:32.977,0:33.787,0:39.783,251.2,Andrea CALDARELLI,,LMGT3,,Iron Lynx,Lamborghini,GF,32.977,33.787,39.783,
63,3,13,1:43.801,0,,32.331,0,33.280,0,38.190,0,161.4,24:34.614,12:14:34.614,0:32.331,0:33.280,0:38.190,252.9,Andrea CALDARELLI,,LMGT3,,Iron Lynx,Lamborghini,GF,32.331,33.280,38.190,
63,3,14,1:43.542,0,,31.957,0,33.114,0,38.471,0,161.8,26:18.156,12:16:18.156,0:31.957,0:33.114,0:38.471,254.1,Andrea CALDARELLI,,LMGT3,,Iron Lynx,Lamborghini,GF,31.957,33.114,38.471,
63,3,15,1:43.986,0,,32.153,0,33.162,0,38.671,0,161.1,28:02.142,12:18:02.142,0:32.153,0:33.162,0:38.671,251.7,Andrea CALDARELLI,,LMGT3,,Iron Lynx,Lamborghini,GF,32.153,33.162,38.671,
63,3,16,1:54.268,0,,36.498,0,34.460,0,43.310,0,146.6,29:56.410,12:19:56.410,0:36.498,0:34.460,0:43.310,253.5,Andrea CALDARELLI,,LMGT3,,Iron Lynx,Lamborghini,GF,36.498,34.460,43.310,
63,3,17,1:53.065,0,,35.413,0,35.519,0,42.133,0,148.2,31:49.475,12:21:49.475,0:35.413,0:35.519,0:42.133,254.1,Andrea CALDARELLI,,LMGT3,,Iron Lynx,Lamborghini,GF,35.413,35.519,42.133,
63,3,18,1:43.624,0,,32.143,0,33.144,0,38.337,0,161.6,33:33.099,12:23:33.099,0:32.143,0:33.144,0:38.337,253.5,Andrea CALDARELLI,,LMGT3,,Iron Lynx,Lamborghini,GF,32.143,33.144,38.337,
63,3,19,1:51.903,0,B,32.136,0,33.266,0,46.501,0,149.7,35:25.002,12:25:25.002,0:32.136,0:33.266,0:46.501,254.1,Andrea CALDARELLI,,LMGT3,,Iron Lynx,Lamborghini,GF,32.136,33.266,46.501,
63,1,20,6:51.315,0,,5:32.144,0,37.176,0,41.995,0,40.7,42:16.317,12:32:16.317,5:32.144,0:37.176,0:41.995,,Hiroshi HAMAGUCHI,0:05:00.659,LMGT3,,Iron Lynx,Lamborghini,GF,332.144,37.176,41.995,
63,1,21,1:48.863,0,,34.618,0,34.827,0,39.418,0,153.9,44:05.180,12:34:05.180,0:34.618,0:34.827,0:39.418,243.2,Hiroshi HAMAGUCHI,,LMGT3,,Iron Lynx,Lamborghini,GF,34.618,34.827,39.418,
63,1,22,1:45.745,0,,32.730,0,33.958,0,39.057,0,158.4,45:50.925,12:35:50.925,0:32.730,0:33.958,0:39.057,250.6,Hiroshi HAMAGUCHI,,LMGT3,,Iron Lynx,Lamborghini,GF,32.730,33.958,39.057,
63,1,23,1:44.715,0,,32.398,0,33.781,0,38.536,1,160.0,47:35.640,12:37:35.640,0:32.398,0:33.781,0:38.536,251.7,Hiroshi HAMAGUCHI,,LMGT3,,Iron Lynx,Lamborghini,GF,32.398,33.781,38.536,
63,1,24,1:44.373,0,,32.261,1,33.487,1,38.625,0,160.5,49:20.013,12:39:20.013,0:32.261,0:33.487,0:38.625,253.5,Hiroshi HAMAGUCHI,,LMGT3,,Iron Lynx,Lamborghini,GF,32.261,33.487,38.625,
63,1,25,1:45.477,0,,32.508,0,33.950,0,39.019,0,158.8,51:05.490,12:41:05.490,0:32.508,0:33.950,0:39.019,252.3,Hiroshi HAMAGUCHI,,LMGT3,,Iron Lynx,Lamborghini,GF,32.508,33.950,39.019,
63,1,26,1:45.925,0,,32.915,0,33.669,0,39.341,0,158.1,52:51.415,12:42:51.415,0:32.915,0:33.669,0:39.341,256.5,Hiroshi HAMAGUCHI,,LMGT3,,Iron Lynx,Lamborghini,GF,32.915,33.669,39.341,
63,1,27,1:48.397,0,,32.420,0,36.068,0,39.909,0,154.5,54:39.812,12:44:39.812,0:32.420,0:36.068,0:39.909,252.3,Hiroshi HAMAGUCHI,,LMGT3,,Iron Lynx,Lamborghini,GF,32.420,36.068,39.909,
63,1,28,1:44.851,0,,32.220,0,33.566,0,39.065,0,159.8,56:24.663,12:46:24.663,0:32.220,0:33.566,0:39.065,252.3,Hiroshi HAMAGUCHI,,LMGT3,,Iron Lynx,Lamborghini,GF,32.220,33.566,39.065,
63,1,29,1:45.104,0,,32.466,0,33.644,0,38.994,0,159.4,58:09.767,12:48:09.767,0:32.466,0:33.644,0:38.994,252.3,Hiroshi HAMAGUCHI,,LMGT3,,Iron Lynx,Lamborghini,GF,32.466,33.644,38.994,
63,1,30,1:57.047,0,B,32.575,0,35.751,0,48.721,0,143.1,1:00:06.814,12:50:06.814,0:32.575,0:35.751,0:48.721,252.9,Hiroshi HAMAGUCHI,,LMGT3,,Iron Lynx,Lamborghini,GF,32.575,35.751,48.721,
63,2,31,5:58.779,0,B,4:36.770,0,34.888,0,47.121,0,46.7,1:06:05.593,12:56:05.593,4:36.770,0:34.888,0:47.121,,Axcil JEFFERIES,0:04:08.828,LMGT3,,Iron Lynx,Lamborghini,GF,276.770,34.888,47.121,
63,2,32,8:47.442,0,,6:29.665,0,1:02.896,0,1:14.881,0,31.8,1:14:53.035,13:04:53.035,6:29.665,1:02.896,1:14.881,,Axcil JEFFERIES,0:05:40.200,LMGT3,,Iron Lynx,Lamborghini,FCY,389.665,62.896,74.881,
63,2,33,2:00.599,0,,42.439,0,37.625,0,40.535,0,138.9,1:16:53.634,13:06:53.634,0:42.439,0:37.625,0:40.535,175.6,Axcil JEFFERIES,,LMGT3,,Iron Lynx,Lamborghini,GF,42.439,37.625,40.535,
63,2,34,1:44.618,0,,32.230,0,33.459,0,38.929,0,160.1,1:18:38.252,13:08:38.252,0:32.230,0:33.459,0:38.929,250.0,Axcil JEFFERIES,,LMGT3,,Iron Lynx,Lamborghini,GF,32.230,33.459,38.929,
63,2,35,1:43.743,0,,32.079,1,33.428,0,38.236,1,161.5,1:20:21.995,13:10:21.995,0:32.079,0:33.428,0:38.236,252.3,Axcil JEFFERIES,,LMGT3,,Iron Lynx,Lamborghini,GF,32.079,33.428,38.236,
63,2,36,1:43.975,0,,32.236,0,33.286,1,38.453,0,161.1,1:22:05.970,13:12:05.970,0:32.236,0:33.286,0:38.453,255.9,Axcil JEFFERIES,,LMGT3,,Iron Lynx,Lamborghini,GF,32.236,33.286,38.453,
63,2,37,1:44.035,0,,32.146,0,33.464,0,38.425,0,161.0,1:23:50.005,13:13:50.005,0:32.146,0:33.464,0:38.425,252.3,Axcil JEFFERIES,,LMGT3,,Iron Lynx,Lamborghini,GF,32.146,33.464,38.425,
63,2,38,1:44.026,0,,32.181,0,33.459,0,38.386,0,161.0,1:25:34.031,13:15:34.031,0:32.181,0:33.459,0:38.386,252.3,Axcil JEFFERIES,,LMGT3,,Iron Lynx,Lamborghini,GF,32.181,33.459,38.386,
63,2,39,1:43.902,0,,32.220,0,33.414,0,38.268,0,161.2,1:27:17.933,13:17:17.933,0:32.220,0:33.414,0:38.268,253.5,Axcil JEFFERIES,,LMGT3,,Iron Lynx,Lamborghini,GF,32.220,33.414,38.268,
63,2,40,1:52.916,0,,32.280,0,33.924,0,46.712,0,148.3,1:29:10.849,13:19:10.849,0:32.280,0:33.924,0:46.712,252.3,Axcil JEFFERIES,,LMGT3,,Iron Lynx,Lamborghini,GF,32.280,33.924,46.712,
63,2,41,1:44.704,0,,32.362,0,33.656,0,38.686,0,160.0,1:30:55.553,13:20:55.553,0:32.362,0:33.656,0:38.686,254.1,Axcil JEFFERIES,,LMGT3,,Iron Lynx,Lamborghini,FF,32.362,33.656,38.686,
65,2,1,4:00.100,0,,2:42.744,0,37.491,0,39.865,0,65.7,4:00.100,11:54:00.100,2:42.744,0:37.491,0:39.865,,Charles MILESI,0:02:06.341,LMP2,,Panis Racing,Oreca,GF,162.744,37.491,39.865,
65,2,2,1:41.739,0,,31.455,0,32.857,0,37.427,0,164.6,5:41.839,11:55:41.839,0:31.455,0:32.857,0:37.427,252.9,Charles MILESI,,LMP2,,Panis Racing,Oreca,GF,31.455,32.857,37.427,
65,2,3,1:38.607,0,,29.380,0,30.395,0,38.832,0,169.9,7:20.446,11:57:20.446,0:29.380,0:30.395,0:38.832,290.3,Charles MILESI,,LMP2,,Panis Racing,Oreca,GF,29.380,30.395,38.832,
65,2,4,1:33.352,0,,28.603,0,30.336,0,34.413,0,179.4,8:53.798,11:58:53.798,0:28.603,0:30.336,0:34.413,291.9,Charles MILESI,,LMP2,,Panis Racing,Oreca,GF,28.603,30.336,34.413,
65,2,5,1:32.882,2,,28.490,0,30.279,2,34.113,2,180.3,10:26.680,12:00:26.680,0:28.490,0:30.279,0:34.113,291.1,Charles MILESI,,LMP2,,Panis Racing,Oreca,GF,28.490,30.279,34.113,
65,2,6,1:33.715,0,,28.427,0,30.923,0,34.365,0,178.7,12:00.395,12:02:00.395,0:28.427,0:30.923,0:34.365,292.7,Charles MILESI,,LMP2,,Panis Racing,Oreca,GF,28.427,30.923,34.365,
65,2,7,1:37.097,0,,28.674,0,30.356,0,38.067,0,172.5,13:37.492,12:03:37.492,0:28.674,0:30.356,0:38.067,292.7,Charles MILESI,,LMP2,,Panis Racing,Oreca,GF,28.674,30.356,38.067,
65,2,8,1:36.335,0,,28.372,2,31.445,0,36.518,0,173.9,15:13.827,12:05:13.827,0:28.372,0:31.445,0:36.518,291.9,Charles MILESI,,LMP2,,Panis Racing,Oreca,GF,28.372,31.445,36.518,
65,2,9,1:39.589,0,B,28.384,0,30.566,0,40.639,0,168.2,16:53.416,12:06:53.416,0:28.384,0:30.566,0:40.639,291.9,Charles MILESI,,LMP2,,Panis Racing,Oreca,GF,28.384,30.566,40.639,
65,1,10,6:47.743,0,,5:40.363,0,31.461,0,35.919,0,41.1,23:41.159,12:13:41.159,5:40.363,0:31.461,0:35.919,,Manuel MALDONADO,0:05:14.460,LMP2,,Panis Racing,Oreca,GF,340.363,31.461,35.919,
65,1,11,1:35.818,0,,29.765,0,31.226,0,34.827,0,174.8,25:16.977,12:15:16.977,0:29.765,0:31.226,0:34.827,290.3,Manuel MALDONADO,,LMP2,,Panis Racing,Oreca,GF,29.765,31.226,34.827,
65,1,12,1:34.427,0,,29.145,0,30.851,0,34.431,0,177.4,26:51.404,12:16:51.404,0:29.145,0:30.851,0:34.431,289.5,Manuel MALDONADO,,LMP2,,Panis Racing,Oreca,GF,29.145,30.851,34.431,
65,1,13,1:35.358,0,,29.102,0,31.076,0,35.180,0,175.7,28:26.762,12:18:26.762,0:29.102,0:31.076,0:35.180,289.5,Manuel MALDONADO,,LMP2,,Panis Racing,Oreca,GF,29.102,31.076,35.180,
65,1,14,1:36.366,0,,29.271,0,31.074,0,36.021,0,173.8,30:03.128,12:20:03.128,0:29.271,0:31.074,0:36.021,291.9,Manuel MALDONADO,,LMP2,,Panis Racing,Oreca,GF,29.271,31.074,36.021,
65,1,15,1:36.695,0,,29.473,0,32.337,0,34.885,0,173.2,31:39.823,12:21:39.823,0:29.473,0:32.337,0:34.885,285.7,Manuel MALDONADO,,LMP2,,Panis Racing,Oreca,GF,29.473,32.337,34.885,
65,1,16,1:34.991,0,,28.834,0,31.002,0,35.155,0,176.3,33:14.814,12:23:14.814,0:28.834,0:31.002,0:35.155,291.9,Manuel MALDONADO,,LMP2,,Panis Racing,Oreca,GF,28.834,31.002,35.155,
65,1,17,1:34.618,0,,29.351,0,30.838,0,34.429,0,177.0,34:49.432,12:24:49.432,0:29.351,0:30.838,0:34.429,295.1,Manuel MALDONADO,,LMP2,,Panis Racing,Oreca,GF,29.351,30.838,34.429,
65,1,18,1:36.723,0,,29.699,0,31.948,0,35.076,0,173.2,36:26.155,12:26:26.155,0:29.699,0:31.948,0:35.076,291.9,Manuel MALDONADO,,LMP2,,Panis Racing,Oreca,GF,29.699,31.948,35.076,
65,1,19,1:36.229,0,,29.926,0,30.993,0,35.310,0,174.1,38:02.384,12:28:02.384,0:29.926,0:30.993,0:35.310,292.7,Manuel MALDONADO,,LMP2,,Panis Racing,Oreca,GF,29.926,30.993,35.310,
65,1,20,1:41.367,0,B,29.135,0,30.873,0,41.359,0,165.2,39:43.751,12:29:43.751,0:29.135,0:30.873,0:41.359,289.5,Manuel MALDONADO,,LMP2,,Panis Racing,Oreca,GF,29.135,30.873,41.359,
65,1,21,14:16.050,0,,13:09.391,0,31.537,0,35.122,0,19.6,53:59.801,12:43:59.801,13:09.391,0:31.537,0:35.122,,Manuel MALDONADO,0:12:42.840,LMP2,,Panis Racing,Oreca,GF,789.391,31.537,35.122,
65,1,22,1:35.749,0,,29.435,0,31.883,0,34.431,0,174.9,55:35.550,12:45:35.550,0:29.435,0:31.883,0:34.431,288.8,Manuel MALDONADO,,LMP2,,Panis Racing,Oreca,GF,29.435,31.883,34.431,
65,1,23,1:33.768,0,,28.776,1,30.714,0,34.278,1,178.6,57:09.318,12:47:09.318,0:28.776,0:30.714,0:34.278,290.3,Manuel MALDONADO,,LMP2,,Panis Racing,Oreca,GF,28.776,30.714,34.278,
65,1,24,1:33.537,0,,28.574,0,30.571,1,34.392,0,179.1,58:42.855,12:48:42.855,0:28.574,0:30.571,0:34.392,291.9,Manuel MALDONADO,,LMP2,,Panis Racing,Oreca,GF,28.574,30.571,34.392,
65,1,25,1:38.988,0,,29.527,0,31.113,0,38.348,0,169.2,1:00:21.843,12:50:21.843,0:29.527,0:31.113,0:38.348,291.9,Manuel MALDONADO,,LMP2,,Panis Racing,Oreca,GF,29.527,31.113,38.348,
65,1,26,1:42.945,0,B,28.969,0,30.768,0,43.208,0,162.7,1:02:04.788,12:52:04.788,0:28.969,0:30.768,0:43.208,291.9,Manuel MALDONADO,,LMP2,,Panis Racing,Oreca,GF,28.969,30.768,43.208,
65,3,27,3:05.113,0,,1:56.668,0,32.915,0,35.530,0,90.5,1:05:09.901,12:55:09.901,1:56.668,0:32.915,0:35.530,,Arthur LECLERC,0:01:28.629,LMP2,,Panis Racing,Oreca,GF,116.668,32.915,35.530,
65,3,28,1:34.845,0,,29.025,0,31.037,0,34.783,0,176.6,1:06:44.746,12:56:44.746,0:29.025,0:31.037,0:34.783,288.0,Arthur LECLERC,,LMP2,,Panis Racing,Oreca,GF,29.025,31.037,34.783,
65,3,29,1:35.651,0,,28.841,0,31.249,0,35.561,0,175.1,1:08:20.397,12:58:20.397,0:28.841,0:31.249,0:35.561,290.3,Arthur LECLERC,,LMP2,,Panis Racing,Oreca,GF,28.841,31.249,35.561,
65,3,30,1:45.350,0,,30.951,0,33.160,0,41.239,0,159.0,1:10:05.747,13:00:05.747,0:30.951,0:33.160,0:41.239,290.3,Arthur LECLERC,,LMP2,,Panis Racing,Oreca,FCY,30.951,33.160,41.239,
65,3,31,3:35.262,0,,1:11.542,0,1:02.584,0,1:21.136,0,77.8,1:13:41.009,13:03:41.009,1:11.542,1:02.584,1:21.136,79.4,Arthur LECLERC,,LMP2,,Panis Racing,Oreca,FCY,71.542,62.584,81.136,
65,3,32,2:23.233,0,,1:11.248,0,36.550,0,35.435,0,116.9,1:16:04.242,13:06:04.242,1:11.248,0:36.550,0:35.435,79.2,Arthur LECLERC,,LMP2,,Panis Racing,Oreca,GF,71.248,36.550,35.435,
65,3,33,1:36.292,0,,29.676,0,31.428,0,35.188,0,174.0,1:17:40.534,13:07:40.534,0:29.676,0:31.428,0:35.188,285.0,Arthur LECLERC,,LMP2,,Panis Racing,Oreca,GF,29.676,31.428,35.188,
65,3,34,1:35.210,0,,28.946,0,31.163,0,35.101,0,175.9,1:19:15.744,13:09:15.744,0:28.946,0:31.163,0:35.101,287.2,Arthur LECLERC,,LMP2,,Panis Racing,Oreca,GF,28.946,31.163,35.101,
65,3,35,1:36.771,0,,28.827,1,32.201,0,35.743,0,173.1,1:20:52.515,13:10:52.515,0:28.827,0:32.201,0:35.743,289.5,Arthur LECLERC,,LMP2,,Panis Racing,Oreca,GF,28.827,32.201,35.743,
65,3,36,1:34.477,0,,28.939,0,30.843,0,34.695,1,177.3,1:22:26.992,13:12:26.992,0:28.939,0:30.843,0:34.695,288.0,Arthur LECLERC,,LMP2,,Panis Racing,Oreca,GF,28.939,30.843,34.695,
65,3,37,1:35.482,0,,29.779,0,30.685,1,35.018,0,175.4,1:24:02.474,13:14:02.474,0:29.779,0:30.685,0:35.018,290.3,Arthur LECLERC,,LMP2,,Panis Racing,Oreca,GF,29.779,30.685,35.018,
65,3,38,1:35.119,0,,28.912,0,30.976,0,35.231,0,176.1,1:25:37.593,13:15:37.593,0:28.912,0:30.976,0:35.231,289.5,Arthur LECLERC,,LMP2,,Panis Racing,Oreca,GF,28.912,30.976,35.231,
65,3,39,1:42.203,0,B,29.302,0,32.576,0,40.325,0,163.9,1:27:19.796,13:17:19.796,0:29.302,0:32.576,0:40.325,288.0,Arthur LECLERC,,LMP2,,Panis Racing,Oreca,GF,29.302,32.576,40.325,
65,2,40,2:40.270,0,,1:33.416,0,31.914,0,34.940,0,104.5,1:30:00.066,13:20:00.066,1:33.416,0:31.914,0:34.940,,Charles MILESI,0:01:08.712,LMP2,,Panis Racing,Oreca,FF,93.416,31.914,34.940,
66,2,1,2:50.524,0,,1:30.502,0,39.666,0,40.356,0,92.6,2:50.524,11:52:50.524,1:30.502,0:39.666,0:40.356,,Jason HART,0:00:55.108,LMGT3,,JMW Motorsport,Ferrari,GF,90.502,39.666,40.356,
66,2,2,1:47.628,0,,32.981,0,34.413,0,40.234,0,155.6,4:38.152,11:54:38.152,0:32.981,0:34.413,0:40.234,248.3,Jason HART,,LMGT3,,JMW Motorsport,Ferrari,GF,32.981,34.413,40.234,
66,2,3,1:44.654,0,,32.474,0,33.715,0,38.465,0,160.1,6:22.806,11:56:22.806,0:32.474,0:33.715,0:38.465,253.5,Jason HART,,LMGT3,,JMW Motorsport,Ferrari,GF,32.474,33.715,38.465,
66,2,4,1:44.311,0,,32.044,1,33.691,0,38.576,0,160.6,8:07.117,11:58:07.117,0:32.044,0:33.691,0:38.576,254.7,Jason HART,,LMGT3,,JMW Motorsport,Ferrari,GF,32.044,33.691,38.576,
66,2,5,1:45.536,0,,32.985,0,34.152,0,38.399,0,158.7,9:52.653,11:59:52.653,0:32.985,0:34.152,0:38.399,257.1,Jason HART,,LMGT3,,JMW Motorsport,Ferrari,GF,32.985,34.152,38.399,
66,2,6,1:44.736,0,,32.230,0,33.655,0,38.851,0,159.9,11:37.389,12:01:37.389,0:32.230,0:33.655,0:38.851,253.5,Jason HART,,LMGT3,,JMW Motorsport,Ferrari,GF,32.230,33.655,38.851,
66,2,7,1:44.523,0,,32.063,0,33.719,0,38.741,0,160.3,13:21.912,12:03:21.912,0:32.063,0:33.719,0:38.741,255.9,Jason HART,,LMGT3,,JMW Motorsport,Ferrari,GF,32.063,33.719,38.741,
66,2,8,1:52.713,0,B,32.261,0,35.073,0,45.379,0,148.6,15:14.625,12:05:14.625,0:32.261,0:35.073,0:45.379,254.1,Jason HART,,LMGT3,,JMW Motorsport,Ferrari,GF,32.261,35.073,45.379,
66,2,9,3:11.106,0,,1:53.602,0,36.220,0,41.284,0,87.7,18:25.731,12:08:25.731,1:53.602,0:36.220,0:41.284,,Jason HART,0:01:23.626,LMGT3,,JMW Motorsport,Ferrari,GF,113.602,36.220,41.284,
66,2,10,1:49.417,0,,33.616,0,35.394,0,40.407,0,153.1,20:15.148,12:10:15.148,0:33.616,0:35.394,0:40.407,248.3,Jason HART,,LMGT3,,JMW Motorsport,Ferrari,GF,33.616,35.394,40.407,
66,2,11,1:58.599,0,,33.293,0,41.929,0,43.377,0,141.2,22:13.747,12:12:13.747,0:33.293,0:41.929,0:43.377,251.7,Jason HART,,LMGT3,,JMW Motorsport,Ferrari,GF,33.293,41.929,43.377,
66,2,12,1:44.174,0,,32.415,0,33.540,0,38.219,1,160.8,23:57.921,12:13:57.921,0:32.415,0:33.540,0:38.219,251.7,Jason HART,,LMGT3,,JMW Motorsport,Ferrari,GF,32.415,33.540,38.219,
66,2,13,1:43.879,0,,32.162,0,33.450,1,38.267,0,161.3,25:41.800,12:15:41.800,0:32.162,0:33.450,0:38.267,254.7,Jason HART,,LMGT3,,JMW Motorsport,Ferrari,GF,32.162,33.450,38.267,
66,2,14,1:44.435,0,,32.237,0,33.553,0,38.645,0,160.4,27:26.235,12:17:26.235,0:32.237,0:33.553,0:38.645,253.5,Jason HART,,LMGT3,,JMW Motorsport,Ferrari,GF,32.237,33.553,38.645,
66,2,15,1:51.913,0,B,32.262,0,33.741,0,45.910,0,149.7,29:18.148,12:19:18.148,0:32.262,0:33.741,0:45.910,254.1,Jason HART,,LMGT3,,JMW Motorsport,Ferrari,GF,32.262,33.741,45.910,
66,1,16,3:30.679,0,,2:16.942,0,34.174,1,39.563,0,79.5,32:48.827,12:22:48.827,2:16.942,0:34.174,0:39.563,,Scott NOBLE,0:01:48.340,LMGT3,,JMW Motorsport,Ferrari,GF,136.942,34.174,39.563,
66,1,17,1:48.051,0,,33.297,0,35.084,0,39.670,0,155.0,34:36.878,12:24:36.878,0:33.297,0:35.084,0:39.670,252.9,Scott NOBLE,,LMGT3,,JMW Motorsport,Ferrari,GF,33.297,35.084,39.670,
66,1,18,1:46.127,0,,32.527,0,34.210,0,39.390,0,157.8,36:23.005,12:26:23.005,0:32.527,0:34.210,0:39.390,252.9,Scott NOBLE,,LMGT3,,JMW Motorsport,Ferrari,GF,32.527,34.210,39.390,
66,1,19,1:49.055,0,,33.206,0,35.227,0,40.622,0,153.6,38:12.060,12:28:12.060,0:33.206,0:35.227,0:40.622,251.7,Scott NOBLE,,LMGT3,,JMW Motorsport,Ferrari,GF,33.206,35.227,40.622,
66,1,20,1:49.284,0,,33.253,0,35.588,0,40.443,0,153.3,40:01.344,12:30:01.344,0:33.253,0:35.588,0:40.443,251.2,Scott NOBLE,,LMGT3,,JMW Motorsport,Ferrari,GF,33.253,35.588,40.443,
66,1,21,1:50.320,0,,34.891,0,35.820,0,39.609,0,151.8,41:51.664,12:31:51.664,0:34.891,0:35.820,0:39.609,248.8,Scott NOBLE,,LMGT3,,JMW Motorsport,Ferrari,GF,34.891,35.820,39.609,
66,1,22,1:48.401,0,,33.147,0,34.532,0,40.722,0,154.5,43:40.065,12:33:40.065,0:33.147,0:34.532,0:40.722,254.1,Scott NOBLE,,LMGT3,,JMW Motorsport,Ferrari,GF,33.147,34.532,40.722,
66,1,23,1:57.896,0,,39.304,0,37.720,0,40.872,0,142.1,45:37.961,12:35:37.961,0:39.304,0:37.720,0:40.872,251.2,Scott NOBLE,,LMGT3,,JMW Motorsport,Ferrari,GF,39.304,37.720,40.872,
66,1,24,1:49.263,0,,33.272,0,36.322,0,39.669,0,153.3,47:27.224,12:37:27.224,0:33.272,0:36.322,0:39.669,250.6,Scott NOBLE,,LMGT3,,JMW Motorsport,Ferrari,GF,33.272,36.322,39.669,
66,1,25,1:47.858,0,,33.347,0,34.234,0,40.277,0,155.3,49:15.082,12:39:15.082,0:33.347,0:34.234,0:40.277,252.3,Scott NOBLE,,LMGT3,,JMW Motorsport,Ferrari,GF,33.347,34.234,40.277,
66,1,26,1:49.674,0,,33.430,0,35.002,0,41.242,0,152.7,51:04.756,12:41:04.756,0:33.430,0:35.002,0:41.242,253.5,Scott NOBLE,,LMGT3,,JMW Motorsport,Ferrari,GF,33.430,35.002,41.242,
66,1,27,1:51.488,0,,37.097,0,34.514,0,39.877,0,150.2,52:56.244,12:42:56.244,0:37.097,0:34.514,0:39.877,243.8,Scott NOBLE,,LMGT3,,JMW Motorsport,Ferrari,GF,37.097,34.514,39.877,
66,1,28,1:47.230,0,,33.000,0,34.381,0,39.849,0,156.2,54:43.474,12:44:43.474,0:33.000,0:34.381,0:39.849,254.7,Scott NOBLE,,LMGT3,,JMW Motorsport,Ferrari,GF,33.000,34.381,39.849,
66,1,29,1:46.404,0,,32.974,1,34.303,0,39.127,1,157.4,56:29.878,12:46:29.878,0:32.974,0:34.303,0:39.127,255.9,Scott NOBLE,,LMGT3,,JMW Motorsport,Ferrari,GF,32.974,34.303,39.127,
66,1,30,1:56.215,0,B,33.549,0,35.811,0,46.855,0,144.1,58:26.093,12:48:26.093,0:33.549,0:35.811,0:46.855,253.5,Scott NOBLE,,LMGT3,,JMW Motorsport,Ferrari,GF,33.549,35.811,46.855,
66,3,31,3:34.247,0,,2:20.802,0,34.011,0,39.434,0,78.2,1:02:00.340,12:52:00.340,2:20.802,0:34.011,0:39.434,,Ben TUCK,0:01:53.226,LMGT3,,JMW Motorsport,Ferrari,GF,140.802,34.011,39.434,
66,3,32,1:45.115,0,,32.412,0,34.236,0,38.467,0,159.4,1:03:45.455,12:53:45.455,0:32.412,0:34.236,0:38.467,252.3,Ben TUCK,,LMGT3,,JMW Motorsport,Ferrari,GF,32.412,34.236,38.467,
66,3,33,1:44.227,0,,32.225,0,33.799,0,38.203,0,160.7,1:05:29.682,12:55:29.682,0:32.225,0:33.799,0:38.203,254.1,Ben TUCK,,LMGT3,,JMW Motorsport,Ferrari,GF,32.225,33.799,38.203,
66,3,34,1:44.361,0,,32.117,0,33.761,0,38.483,0,160.5,1:07:14.043,12:57:14.043,0:32.117,0:33.761,0:38.483,255.3,Ben TUCK,,LMGT3,,JMW Motorsport,Ferrari,GF,32.117,33.761,38.483,
66,3,35,1:44.610,0,,32.169,0,33.959,0,38.482,0,160.1,1:08:58.653,12:58:58.653,0:32.169,0:33.959,0:38.482,254.1,Ben TUCK,,LMGT3,,JMW Motorsport,Ferrari,GF,32.169,33.959,38.482,
66,3,36,2:25.276,0,B,32.207,0,36.657,0,1:16.412,0,115.3,1:11:23.929,13:01:23.929,0:32.207,0:36.657,1:16.412,254.1,Ben TUCK,,LMGT3,,JMW Motorsport,Ferrari,FCY,32.207,36.657,76.412,
66,3,37,4:38.338,0,,3:14.966,0,44.755,0,38.617,0,60.2,1:16:02.267,13:06:02.267,3:14.966,0:44.755,0:38.617,,Ben TUCK,0:02:24.424,LMGT3,,JMW Motorsport,Ferrari,GF,194.966,44.755,38.617,
66,3,38,1:43.702,0,,32.076,0,33.512,0,38.114,0,161.5,1:17:45.969,13:07:45.969,0:32.076,0:33.512,0:38.114,251.2,Ben TUCK,,LMGT3,,JMW Motorsport,Ferrari,GF,32.076,33.512,38.114,
66,3,39,1:44.130,0,,31.754,2,33.453,0,38.923,0,160.9,1:19:30.099,13:09:30.099,0:31.754,0:33.453,0:38.923,254.1,Ben TUCK,,LMGT3,,JMW Motorsport,Ferrari,GF,31.754,33.453,38.923,
66,3,40,1:43.299,2,,31.956,0,33.319,2,38.024,0,162.2,1:21:13.398,13:11:13.398,0:31.956,0:33.319,0:38.024,252.9,Ben TUCK,,LMGT3,,JMW Motorsport,Ferrari,GF,31.956,33.319,38.024,
66,3,41,1:43.494,0,,31.888,0,33.634,0,37.972,2,161.9,1:22:56.892,13:12:56.892,0:31.888,0:33.634,0:37.972,252.9,Ben TUCK,,LMGT3,,JMW Motorsport,Ferrari,GF,31.888,33.634,37.972,
66,3,42,1:44.276,0,,32.467,0,33.355,0,38.454,0,160.6,1:24:41.168,13:14:41.168,0:32.467,0:33.355,0:38.454,254.1,Ben TUCK,,LMGT3,,JMW Motorsport,Ferrari,GF,32.467,33.355,38.454,
66,3,43,1:46.209,0,,34.052,0,33.890,0,38.267,0,157.7,1:26:27.377,13:16:27.377,0:34.052,0:33.890,0:38.267,255.9,Ben TUCK,,LMGT3,,JMW Motorsport,Ferrari,GF,34.052,33.890,38.267,
66,3,44,1:43.860,0,,32.249,0,33.499,0,38.112,0,161.3,1:28:11.237,13:18:11.237,0:32.249,0:33.499,0:38.112,253.5,Ben TUCK,,LMGT3,,JMW Motorsport,Ferrari,GF,32.249,33.499,38.112,
66,3,45,1:49.260,0,B,31.934,0,33.511,0,43.815,0,153.3,1:30:00.497,13:20:00.497,0:31.934,0:33.511,0:43.815,254.7,Ben TUCK,,LMGT3,,JMW Motorsport,Ferrari,FF,31.934,33.511,43.815,
77,3,1,3:12.669,0,,1:57.220,0,35.889,0,39.560,0,81.9,3:12.669,11:53:12.669,1:57.220,0:35.889,0:39.560,,Bent VISCAAL,0:01:22.063,LMP2 Pro/Am,,Proton Competition,Oreca,GF,117.220,35.889,39.560,
77,3,2,1:38.033,0,,30.229,0,32.506,0,35.298,0,170.9,4:50.702,11:54:50.702,0:30.229,0:32.506,0:35.298,279.8,Bent VISCAAL,,LMP2 Pro/Am,,Proton Competition,Oreca,GF,30.229,32.506,35.298,
77,3,3,1:34.401,0,,29.146,0,30.473,1,34.782,0,177.4,6:25.103,11:56:25.103,0:29.146,0:30.473,0:34.782,287.2,Bent VISCAAL,,LMP2 Pro/Am,,Proton Competition,Oreca,GF,29.146,30.473,34.782,
77,3,4,1:35.706,0,,29.287,0,31.195,0,35.224,0,175.0,8:00.809,11:58:00.809,0:29.287,0:31.195,0:35.224,291.9,Bent VISCAAL,,LMP2 Pro/Am,,Proton Competition,Oreca,GF,29.287,31.195,35.224,
77,3,5,1:33.643,2,,28.627,1,30.619,0,34.397,2,178.9,9:34.452,11:59:34.452,0:28.627,0:30.619,0:34.397,288.8,Bent VISCAAL,,LMP2 Pro/Am,,Proton Competition,Oreca,GF,28.627,30.619,34.397,
77,3,6,1:34.089,0,,28.905,0,30.668,0,34.516,0,178.0,11:08.541,12:01:08.541,0:28.905,0:30.668,0:34.516,289.5,Bent VISCAAL,,LMP2 Pro/Am,,Proton Competition,Oreca,GF,28.905,30.668,34.516,
77,3,7,1:34.266,0,,28.881,0,30.776,0,34.609,0,177.7,12:42.807,12:02:42.807,0:28.881,0:30.776,0:34.609,290.3,Bent VISCAAL,,LMP2 Pro/Am,,Proton Competition,Oreca,GF,28.881,30.776,34.609,
77,3,8,1:34.428,0,,28.636,0,30.750,0,35.042,0,177.4,14:17.235,12:04:17.235,0:28.636,0:30.750,0:35.042,288.8,Bent VISCAAL,,LMP2 Pro/Am,,Proton Competition,Oreca,GF,28.636,30.750,35.042,
77,3,9,1:35.438,0,,29.802,0,30.884,0,34.752,0,175.5,15:52.673,12:05:52.673,0:29.802,0:30.884,0:34.752,286.5,Bent VISCAAL,,LMP2 Pro/Am,,Proton Competition,Oreca,GF,29.802,30.884,34.752,
77,3,10,1:34.448,0,,28.748,0,30.968,0,34.732,0,177.4,17:27.121,12:07:27.121,0:28.748,0:30.968,0:34.732,288.8,Bent VISCAAL,,LMP2 Pro/Am,,Proton Competition,Oreca,GF,28.748,30.968,34.732,
77,3,11,1:34.734,0,,28.846,0,30.960,0,34.928,0,176.8,19:01.855,12:09:01.855,0:28.846,0:30.960,0:34.928,291.9,Bent VISCAAL,,LMP2 Pro/Am,,Proton Competition,Oreca,GF,28.846,30.960,34.928,
77,3,12,1:34.044,0,,28.638,0,30.965,0,34.441,0,178.1,20:35.899,12:10:35.899,0:28.638,0:30.965,0:34.441,288.8,Bent VISCAAL,,LMP2 Pro/Am,,Proton Competition,Oreca,GF,28.638,30.965,34.441,
77,3,13,1:33.852,0,,28.711,0,30.628,0,34.513,0,178.5,22:09.751,12:12:09.751,0:28.711,0:30.628,0:34.513,289.5,Bent VISCAAL,,LMP2 Pro/Am,,Proton Competition,Oreca,GF,28.711,30.628,34.513,
77,3,14,1:44.704,0,B,29.343,0,31.971,0,43.390,0,160.0,23:54.455,12:13:54.455,0:29.343,0:31.971,0:43.390,291.9,Bent VISCAAL,,LMP2 Pro/Am,,Proton Competition,Oreca,GF,29.343,31.971,43.390,
77,2,15,11:14.257,0,,10:05.591,0,31.978,0,36.688,0,24.8,35:08.712,12:25:08.712,10:05.591,0:31.978,0:36.688,,René BINDER,0:09:40.143,LMP2 Pro/Am,,Proton Competition,Oreca,GF,605.591,31.978,36.688,
77,2,16,1:36.808,0,,30.419,0,31.063,0,35.326,0,173.0,36:45.520,12:26:45.520,0:30.419,0:31.063,0:35.326,290.3,René BINDER,,LMP2 Pro/Am,,Proton Competition,Oreca,GF,30.419,31.063,35.326,
77,2,17,1:36.024,0,,29.162,0,30.764,0,36.098,0,174.4,38:21.544,12:28:21.544,0:29.162,0:30.764,0:36.098,286.5,René BINDER,,LMP2 Pro/Am,,Proton Competition,Oreca,GF,29.162,30.764,36.098,
77,2,18,1:36.748,0,,29.124,0,31.073,0,36.551,0,173.1,39:58.292,12:29:58.292,0:29.124,0:31.073,0:36.551,287.2,René BINDER,,LMP2 Pro/Am,,Proton Competition,Oreca,GF,29.124,31.073,36.551,
77,2,19,1:35.879,0,,29.815,0,30.707,0,35.357,0,174.7,41:34.171,12:31:34.171,0:29.815,0:30.707,0:35.357,286.5,René BINDER,,LMP2 Pro/Am,,Proton Competition,Oreca,GF,29.815,30.707,35.357,
77,2,20,1:34.251,0,,28.703,0,30.593,0,34.955,0,177.7,43:08.422,12:33:08.422,0:28.703,0:30.593,0:34.955,288.8,René BINDER,,LMP2 Pro/Am,,Proton Competition,Oreca,GF,28.703,30.593,34.955,
77,2,21,1:34.000,0,,28.662,0,30.520,0,34.818,1,178.2,44:42.422,12:34:42.422,0:28.662,0:30.520,0:34.818,289.5,René BINDER,,LMP2 Pro/Am,,Proton Competition,Oreca,GF,28.662,30.520,34.818,
77,2,22,1:34.221,0,,28.711,0,30.431,2,35.079,0,177.8,46:16.643,12:36:16.643,0:28.711,0:30.431,0:35.079,291.9,René BINDER,,LMP2 Pro/Am,,Proton Competition,Oreca,GF,28.711,30.431,35.079,
77,2,23,1:34.181,0,,28.575,0,30.637,0,34.969,0,177.9,47:50.824,12:37:50.824,0:28.575,0:30.637,0:34.969,291.1,René BINDER,,LMP2 Pro/Am,,Proton Competition,Oreca,GF,28.575,30.637,34.969,
77,2,24,1:41.805,0,B,29.073,0,30.919,0,41.813,0,164.5,49:32.629,12:39:32.629,0:29.073,0:30.919,0:41.813,294.3,René BINDER,,LMP2 Pro/Am,,Proton Competition,Oreca,GF,29.073,30.919,41.813,
77,2,25,5:36.945,0,,4:25.039,0,36.205,0,35.701,0,49.7,55:09.574,12:45:09.574,4:25.039,0:36.205,0:35.701,,René BINDER,0:03:56.443,LMP2 Pro/Am,,Proton Competition,Oreca,GF,265.039,36.205,35.701,
77,2,26,1:34.416,0,,28.724,0,30.597,0,35.095,0,177.4,56:43.990,12:46:43.990,0:28.724,0:30.597,0:35.095,289.5,René BINDER,,LMP2 Pro/Am,,Proton Competition,Oreca,GF,28.724,30.597,35.095,
77,2,27,1:35.510,0,,28.776,0,30.933,0,35.801,0,175.4,58:19.500,12:48:19.500,0:28.776,0:30.933,0:35.801,291.9,René BINDER,,LMP2 Pro/Am,,Proton Competition,Oreca,GF,28.776,30.933,35.801,
77,2,28,1:35.971,0,,29.885,0,30.950,0,35.136,0,174.5,59:55.471,12:49:55.471,0:29.885,0:30.950,0:35.136,287.2,René BINDER,,LMP2 Pro/Am,,Proton Competition,Oreca,GF,29.885,30.950,35.136,
77,2,29,1:36.820,0,,29.043,0,32.277,0,35.500,0,173.0,1:01:32.291,12:51:32.291,0:29.043,0:32.277,0:35.500,293.5,René BINDER,,LMP2 Pro/Am,,Proton Competition,Oreca,GF,29.043,32.277,35.500,
77,2,30,1:34.641,0,,28.687,0,30.710,0,35.244,0,177.0,1:03:06.932,12:53:06.932,0:28.687,0:30.710,0:35.244,290.3,René BINDER,,LMP2 Pro/Am,,Proton Competition,Oreca,GF,28.687,30.710,35.244,
77,2,31,1:39.925,0,B,28.529,2,31.026,0,40.370,0,167.6,1:04:46.857,12:54:46.857,0:28.529,0:31.026,0:40.370,291.9,René BINDER,,LMP2 Pro/Am,,Proton Competition,Oreca,GF,28.529,31.026,40.370,
77,1,32,4:14.005,0,,3:05.433,0,32.601,0,35.971,0,65.9,1:09:00.862,12:59:00.862,3:05.433,0:32.601,0:35.971,,Giorgio RODA,0:02:37.505,LMP2 Pro/Am,,Proton Competition,Oreca,GF,185.433,32.601,35.971,
77,1,33,2:17.643,0,,29.675,0,32.903,0,1:15.065,0,121.7,1:11:18.505,13:01:18.505,0:29.675,0:32.903,1:15.065,289.5,Giorgio RODA,,LMP2 Pro/Am,,Proton Competition,Oreca,FCY,29.675,32.903,75.065,
77,1,34,3:29.703,0,,1:11.741,0,1:02.845,0,1:15.117,0,79.9,1:14:48.208,13:04:48.208,1:11.741,1:02.845,1:15.117,79.5,Giorgio RODA,,LMP2 Pro/Am,,Proton Competition,Oreca,FCY,71.741,62.845,75.117,
77,1,35,1:52.822,0,,43.286,0,32.455,0,37.081,0,148.5,1:16:41.030,13:06:41.030,0:43.286,0:32.455,0:37.081,162.9,Giorgio RODA,,LMP2 Pro/Am,,Proton Competition,Oreca,GF,43.286,32.455,37.081,
77,1,36,1:36.750,0,,29.228,0,31.636,0,35.886,0,173.1,1:18:17.780,13:08:17.780,0:29.228,0:31.636,0:35.886,288.8,Giorgio RODA,,LMP2 Pro/Am,,Proton Competition,Oreca,GF,29.228,31.636,35.886,
77,1,37,1:36.432,0,,29.560,0,31.360,0,35.512,0,173.7,1:19:54.212,13:09:54.212,0:29.560,0:31.360,0:35.512,291.1,Giorgio RODA,,LMP2 Pro/Am,,Proton Competition,Oreca,GF,29.560,31.360,35.512,
77,1,38,1:35.887,0,,29.091,0,31.446,0,35.350,0,174.7,1:21:30.099,13:11:30.099,0:29.091,0:31.446,0:35.350,288.0,Giorgio RODA,,LMP2 Pro/Am,,Proton Competition,Oreca,GF,29.091,31.446,35.350,
77,1,39,1:35.913,0,,28.937,0,31.711,0,35.265,0,174.6,1:23:06.012,13:13:06.012,0:28.937,0:31.711,0:35.265,291.1,Giorgio RODA,,LMP2 Pro/Am,,Proton Competition,Oreca,GF,28.937,31.711,35.265,
77,1,40,1:35.752,0,,29.058,0,31.440,0,35.254,0,174.9,1:24:41.764,13:14:41.764,0:29.058,0:31.440,0:35.254,291.1,Giorgio RODA,,LMP2 Pro/Am,,Proton Competition,Oreca,GF,29.058,31.440,35.254,
77,1,41,1:41.623,0,,32.680,0,31.980,0,36.963,0,164.8,1:26:23.387,13:16:23.387,0:32.680,0:31.980,0:36.963,292.7,Giorgio RODA,,LMP2 Pro/Am,,Proton Competition,Oreca,GF,32.680,31.980,36.963,
77,1,42,1:37.344,0,,29.448,0,31.512,0,36.384,0,172.1,1:28:00.731,13:18:00.731,0:29.448,0:31.512,0:36.384,290.3,Giorgio RODA,,LMP2 Pro/Am,,Proton Competition,Oreca,GF,29.448,31.512,36.384,
77,1,43,1:37.356,0,,29.439,0,31.708,0,36.209,0,172.1,1:29:38.087,13:19:38.087,0:29.439,0:31.708,0:36.209,290.3,Giorgio RODA,,LMP2 Pro/Am,,Proton Competition,Oreca,GF,29.439,31.708,36.209,
77,1,44,1:34.927,0,,28.868,1,30.928,1,35.131,1,176.5,1:31:13.014,13:21:13.014,0:28.868,0:30.928,0:35.131,291.1,Giorgio RODA,,LMP2 Pro/Am,,Proton Competition,Oreca,FF,28.868,30.928,35.131,
8,3,1,3:13.119,0,B,1:43.950,0,38.925,0,50.244,0,81.7,3:13.119,11:53:13.119,1:43.950,0:38.925,0:50.244,,Gillian HENRION,0:01:06.118,LMP3,,Team Virage,Ligier,GF,103.950,38.925,50.244,
8,3,2,3:59.060,0,,2:42.736,0,35.851,0,40.473,0,70.1,7:12.179,11:57:12.179,2:42.736,0:35.851,0:40.473,,Gillian HENRION,0:02:08.993,LMP3,,Team Virage,Ligier,GF,162.736,35.851,40.473,
8,3,3,1:43.824,0,,33.254,0,33.155,0,37.415,0,161.3,8:56.003,11:58:56.003,0:33.254,0:33.155,0:37.415,222.2,Gillian HENRION,,LMP3,,Team Virage,Ligier,GF,33.254,33.155,37.415,
8,3,4,1:47.862,0,,31.140,0,35.675,0,41.047,0,155.3,10:43.865,12:00:43.865,0:31.140,0:35.675,0:41.047,260.9,Gillian HENRION,,LMP3,,Team Virage,Ligier,GF,31.140,35.675,41.047,
8,3,5,1:39.791,0,,30.891,0,32.068,0,36.832,0,167.9,12:23.656,12:02:23.656,0:30.891,0:32.068,0:36.832,262.1,Gillian HENRION,,LMP3,,Team Virage,Ligier,GF,30.891,32.068,36.832,
8,3,6,1:39.853,0,,30.923,0,32.229,0,36.701,0,167.8,14:03.509,12:04:03.509,0:30.923,0:32.229,0:36.701,266.7,Gillian HENRION,,LMP3,,Team Virage,Ligier,GF,30.923,32.229,36.701,
8,3,7,1:40.475,0,,31.877,0,31.953,2,36.645,0,166.7,15:43.984,12:05:43.984,0:31.877,0:31.953,0:36.645,264.7,Gillian HENRION,,LMP3,,Team Virage,Ligier,GF,31.877,31.953,36.645,
8,3,8,1:39.353,2,,30.756,0,31.971,0,36.626,2,168.6,17:23.337,12:07:23.337,0:30.756,0:31.971,0:36.626,261.5,Gillian HENRION,,LMP3,,Team Virage,Ligier,GF,30.756,31.971,36.626,
8,3,9,1:39.606,0,,30.650,2,31.974,0,36.982,0,168.2,19:02.943,12:09:02.943,0:30.650,0:31.974,0:36.982,263.4,Gillian HENRION,,LMP3,,Team Virage,Ligier,GF,30.650,31.974,36.982,
8,3,10,1:48.554,0,B,30.796,0,31.986,0,45.772,0,154.3,20:51.497,12:10:51.497,0:30.796,0:31.986,0:45.772,262.8,Gillian HENRION,,LMP3,,Team Virage,Ligier,GF,30.796,31.986,45.772,
8,2,11,4:31.775,0,,3:19.786,0,33.968,0,38.021,0,61.6,25:23.272,12:15:23.272,3:19.786,0:33.968,0:38.021,,Bernardo PINHEIRO,0:02:50.571,LMP3,,Team Virage,Ligier,GF,199.786,33.968,38.021,
8,2,12,1:44.781,0,,33.569,0,33.942,0,37.270,0,159.9,27:08.053,12:17:08.053,0:33.569,0:33.942,0:37.270,262.8,Bernardo PINHEIRO,,LMP3,,Team Virage,Ligier,GF,33.569,33.942,37.270,
8,2,13,1:40.777,0,,31.194,0,32.626,0,36.957,0,166.2,28:48.830,12:18:48.830,0:31.194,0:32.626,0:36.957,260.9,Bernardo PINHEIRO,,LMP3,,Team Virage,Ligier,GF,31.194,32.626,36.957,
8,2,14,1:40.723,0,,31.303,0,32.649,0,36.771,0,166.3,30:29.553,12:20:29.553,0:31.303,0:32.649,0:36.771,261.5,Bernardo PINHEIRO,,LMP3,,Team Virage,Ligier,GF,31.303,32.649,36.771,
8,2,15,1:42.222,0,,31.328,0,33.336,0,37.558,0,163.9,32:11.775,12:22:11.775,0:31.328,0:33.336,0:37.558,264.1,Bernardo PINHEIRO,,LMP3,,Team Virage,Ligier,GF,31.328,33.336,37.558,
8,2,16,1:41.005,0,,31.166,0,32.714,0,37.125,0,165.8,33:52.780,12:23:52.780,0:31.166,0:32.714,0:37.125,262.1,Bernardo PINHEIRO,,LMP3,,Team Virage,Ligier,GF,31.166,32.714,37.125,
8,2,17,1:40.286,0,,30.931,0,32.632,0,36.723,0,167.0,35:33.066,12:25:33.066,0:30.931,0:32.632,0:36.723,264.7,Bernardo PINHEIRO,,LMP3,,Team Virage,Ligier,GF,30.931,32.632,36.723,
8,2,18,1:41.667,0,,30.887,1,32.668,0,38.112,0,164.8,37:14.733,12:27:14.733,0:30.887,0:32.668,0:38.112,266.0,Bernardo PINHEIRO,,LMP3,,Team Virage,Ligier,GF,30.887,32.668,38.112,
8,2,19,1:40.484,0,,31.228,0,32.523,0,36.733,0,166.7,38:55.217,12:28:55.217,0:31.228,0:32.523,0:36.733,259.0,Bernardo PINHEIRO,,LMP3,,Team Virage,Ligier,GF,31.228,32.523,36.733,
8,2,20,1:41.234,0,,31.200,0,32.651,0,37.383,0,165.5,40:36.451,12:30:36.451,0:31.200,0:32.651,0:37.383,263.4,Bernardo PINHEIRO,,LMP3,,Team Virage,Ligier,GF,31.200,32.651,37.383,
8,2,21,1:40.554,0,,31.136,0,32.503,0,36.915,0,166.6,42:17.005,12:32:17.005,0:31.136,0:32.503,0:36.915,262.1,Bernardo PINHEIRO,,LMP3,,Team Virage,Ligier,GF,31.136,32.503,36.915,
8,2,22,1:43.013,0,,32.488,0,33.496,0,37.029,0,162.6,44:00.018,12:34:00.018,0:32.488,0:33.496,0:37.029,264.7,Bernardo PINHEIRO,,LMP3,,Team Virage,Ligier,GF,32.488,33.496,37.029,
8,2,23,1:40.238,0,,30.999,0,32.474,0,36.765,0,167.1,45:40.256,12:35:40.256,0:30.999,0:32.474,0:36.765,263.4,Bernardo PINHEIRO,,LMP3,,Team Virage,Ligier,GF,30.999,32.474,36.765,
8,2,24,1:41.732,0,,31.505,0,33.280,0,36.947,0,164.7,47:21.988,12:37:21.988,0:31.505,0:33.280,0:36.947,266.7,Bernardo PINHEIRO,,LMP3,,Team Virage,Ligier,GF,31.505,33.280,36.947,
8,2,25,1:40.037,0,,30.950,0,32.383,1,36.704,1,167.4,49:02.025,12:39:02.025,0:30.950,0:32.383,0:36.704,264.1,Bernardo PINHEIRO,,LMP3,,Team Virage,Ligier,GF,30.950,32.383,36.704,
8,2,26,1:50.020,0,B,30.904,0,34.515,0,44.601,0,152.3,50:52.045,12:40:52.045,0:30.904,0:34.515,0:44.601,266.0,Bernardo PINHEIRO,,LMP3,,Team Virage,Ligier,GF,30.904,34.515,44.601,
8,1,27,4:49.060,0,,3:36.145,0,34.189,0,38.726,0,57.9,55:41.105,12:45:41.105,3:36.145,0:34.189,0:38.726,,Julien GERBI,0:03:04.997,LMP3,,Team Virage,Ligier,GF,216.145,34.189,38.726,
8,1,28,1:47.315,0,,34.117,0,34.587,0,38.611,0,156.1,57:28.420,12:47:28.420,0:34.117,0:34.587,0:38.611,257.8,Julien GERBI,,LMP3,,Team Virage,Ligier,GF,34.117,34.587,38.611,
8,1,29,1:43.316,0,,31.837,0,33.728,0,37.751,0,162.1,59:11.736,12:49:11.736,0:31.837,0:33.728,0:37.751,259.6,Julien GERBI,,LMP3,,Team Virage,Ligier,GF,31.837,33.728,37.751,
8,1,30,1:43.552,0,,31.875,0,33.963,0,37.714,0,161.8,1:00:55.288,12:50:55.288,0:31.875,0:33.963,0:37.714,259.6,Julien GERBI,,LMP3,,Team Virage,Ligier,GF,31.875,33.963,37.714,
8,1,31,1:44.211,0,,32.899,0,33.805,0,37.507,0,160.7,1:02:39.499,12:52:39.499,0:32.899,0:33.805,0:37.507,260.2,Julien GERBI,,LMP3,,Team Virage,Ligier,GF,32.899,33.805,37.507,
8,1,32,1:42.483,0,,31.670,1,33.177,1,37.636,0,163.4,1:04:21.982,12:54:21.982,0:31.670,0:33.177,0:37.636,260.2,Julien GERBI,,LMP3,,Team Virage,Ligier,GF,31.670,33.177,37.636,
8,1,33,1:43.909,0,,32.013,0,33.218,0,38.678,0,161.2,1:06:05.891,12:56:05.891,0:32.013,0:33.218,0:38.678,260.9,Julien GERBI,,LMP3,,Team Virage,Ligier,GF,32.013,33.218,38.678,
8,1,34,1:43.871,0,,32.964,0,33.615,0,37.292,1,161.3,1:07:49.762,12:57:49.762,0:32.964,0:33.615,0:37.292,260.9,Julien GERBI,,LMP3,,Team Virage,Ligier,GF,32.964,33.615,37.292,
8,1,35,1:51.146,0,B,31.771,0,33.890,0,45.485,0,150.7,1:09:40.908,12:59:40.908,0:31.771,0:33.890,0:45.485,261.5,Julien GERBI,,LMP3,,Team Virage,Ligier,GF,31.771,33.890,45.485,
8,3,36,5:46.891,0,,3:56.809,0,1:02.696,0,47.386,0,48.3,1:15:27.799,13:05:27.799,3:56.809,1:02.696,0:47.386,,Gillian HENRION,0:03:06.825,LMP3,,Team Virage,Ligier,GF,236.809,62.696,47.386,
8,3,37,1:43.863,0,,32.160,0,33.693,0,38.010,0,161.3,1:17:11.662,13:07:11.662,0:32.160,0:33.693,0:38.010,257.1,Gillian HENRION,,LMP3,,Team Virage,Ligier,GF,32.160,33.693,38.010,
8,3,38,1:43.141,0,,31.716,0,33.756,0,37.669,0,162.4,1:18:54.803,13:08:54.803,0:31.716,0:33.756,0:37.669,264.7,Gillian HENRION,,LMP3,,Team Virage,Ligier,GF,31.716,33.756,37.669,
8,3,39,1:43.268,0,,31.259,0,32.800,0,39.209,0,162.2,1:20:38.071,13:10:38.071,0:31.259,0:32.800,0:39.209,259.0,Gillian HENRION,,LMP3,,Team Virage,Ligier,GF,31.259,32.800,39.209,
8,3,40,1:41.427,0,,31.643,0,32.587,0,37.197,0,165.2,1:22:19.498,13:12:19.498,0:31.643,0:32.587,0:37.197,259.6,Gillian HENRION,,LMP3,,Team Virage,Ligier,GF,31.643,32.587,37.197,
8,3,41,1:40.963,0,,31.263,0,32.558,0,37.142,0,165.9,1:24:00.461,13:14:00.461,0:31.263,0:32.558,0:37.142,259.6,Gillian HENRION,,LMP3,,Team Virage,Ligier,GF,31.263,32.558,37.142,
8,3,42,1:40.827,0,,31.133,0,32.480,0,37.214,0,166.1,1:25:41.288,13:15:41.288,0:31.133,0:32.480,0:37.214,260.9,Gillian HENRION,,LMP3,,Team Virage,Ligier,GF,31.133,32.480,37.214,
8,3,43,1:41.544,0,,31.154,0,32.921,0,37.469,0,165.0,1:27:22.832,13:17:22.832,0:31.154,0:32.921,0:37.469,262.1,Gillian HENRION,,LMP3,,Team Virage,Ligier,GF,31.154,32.921,37.469,
8,3,44,1:50.675,0,B,31.155,0,32.539,0,46.981,0,151.4,1:29:13.507,13:19:13.507,0:31.155,0:32.539,0:46.981,261.5,Gillian HENRION,,LMP3,,Team Virage,Ligier,GF,31.155,32.539,46.981,
83,1,1,2:24.369,0,,1:07.078,0,38.066,0,39.225,0,109.3,2:24.369,11:52:24.369,1:07.078,0:38.066,0:39.225,,François PERRODO,0:00:28.581,LMP2 Pro/Am,,AF Corse,Oreca,GF,67.078,38.066,39.225,
83,1,2,1:43.876,0,,30.975,0,33.437,0,39.464,0,161.3,4:08.245,11:54:08.245,0:30.975,0:33.437,0:39.464,282.7,François PERRODO,,LMP2 Pro/Am,,AF Corse,Oreca,GF,30.975,33.437,39.464,
83,1,3,1:44.916,0,,29.944,0,31.124,0,43.848,0,159.7,5:53.161,11:55:53.161,0:29.944,0:31.124,0:43.848,285.7,François PERRODO,,LMP2 Pro/Am,,AF Corse,Oreca,GF,29.944,31.124,43.848,
83,1,4,1:36.473,0,,29.286,0,31.285,0,35.902,0,173.6,7:29.634,11:57:29.634,0:29.286,0:31.285,0:35.902,288.0,François PERRODO,,LMP2 Pro/Am,,AF Corse,Oreca,GF,29.286,31.285,35.902,
83,1,5,1:35.740,0,,29.421,0,31.304,0,35.015,0,175.0,9:05.374,11:59:05.374,0:29.421,0:31.304,0:35.015,287.2,François PERRODO,,LMP2 Pro/Am,,AF Corse,Oreca,GF,29.421,31.304,35.015,
83,1,6,1:42.870,0,,29.334,0,33.605,0,39.931,0,162.8,10:48.244,12:00:48.244,0:29.334,0:33.605,0:39.931,291.1,François PERRODO,,LMP2 Pro/Am,,AF Corse,Oreca,GF,29.334,33.605,39.931,
83,1,7,1:35.372,0,,29.315,0,30.961,0,35.096,0,175.6,12:23.616,12:02:23.616,0:29.315,0:30.961,0:35.096,291.1,François PERRODO,,LMP2 Pro/Am,,AF Corse,Oreca,GF,29.315,30.961,35.096,
83,1,8,1:35.617,0,,29.205,1,31.500,0,34.912,1,175.2,13:59.233,12:03:59.233,0:29.205,0:31.500,0:34.912,290.3,François PERRODO,,LMP2 Pro/Am,,AF Corse,Oreca,GF,29.205,31.500,34.912,
83,1,9,1:35.457,0,,29.437,0,31.084,0,34.936,0,175.5,15:34.690,12:05:34.690,0:29.437,0:31.084,0:34.936,290.3,François PERRODO,,LMP2 Pro/Am,,AF Corse,Oreca,GF,29.437,31.084,34.936,
83,1,10,1:43.013,0,B,29.982,0,30.772,1,42.259,0,162.6,17:17.703,12:07:17.703,0:29.982,0:30.772,0:42.259,294.3,François PERRODO,,LMP2 Pro/Am,,AF Corse,Oreca,GF,29.982,30.772,42.259,
83,3,11,4:33.320,0,,3:26.164,0,31.647,0,35.509,0,61.3,21:51.023,12:11:51.023,3:26.164,0:31.647,0:35.509,,Alessio ROVERA,0:02:59.096,LMP2 Pro/Am,,AF Corse,Oreca,GF,206.164,31.647,35.509,
83,3,12,1:35.932,0,,29.018,0,31.091,0,35.823,0,174.6,23:26.955,12:13:26.955,0:29.018,0:31.091,0:35.823,288.8,Alessio ROVERA,,LMP2 Pro/Am,,AF Corse,Oreca,GF,29.018,31.091,35.823,
83,3,13,1:40.104,0,,29.545,0,31.234,0,39.325,0,167.3,25:07.059,12:15:07.059,0:29.545,0:31.234,0:39.325,289.5,Alessio ROVERA,,LMP2 Pro/Am,,AF Corse,Oreca,GF,29.545,31.234,39.325,
83,3,14,1:44.308,0,B,29.007,0,31.818,0,43.483,0,160.6,26:51.367,12:16:51.367,0:29.007,0:31.818,0:43.483,291.1,Alessio ROVERA,,LMP2 Pro/Am,,AF Corse,Oreca,GF,29.007,31.818,43.483,
83,3,15,6:59.358,0,,5:52.345,0,31.838,0,35.175,0,39.9,33:50.725,12:23:50.725,5:52.345,0:31.838,0:35.175,,Alessio ROVERA,0:05:26.849,LMP2 Pro/Am,,AF Corse,Oreca,GF,352.345,31.838,35.175,
83,3,16,1:33.604,0,,28.675,0,30.732,0,34.197,2,179.0,35:24.329,12:25:24.329,0:28.675,0:30.732,0:34.197,290.3,Alessio ROVERA,,LMP2 Pro/Am,,AF Corse,Oreca,GF,28.675,30.732,34.197,
83,3,17,1:34.953,0,,28.670,0,30.982,0,35.301,0,176.4,36:59.282,12:26:59.282,0:28.670,0:30.982,0:35.301,291.1,Alessio ROVERA,,LMP2 Pro/Am,,AF Corse,Oreca,GF,28.670,30.982,35.301,
83,3,18,1:34.705,0,,28.559,0,30.591,0,35.555,0,176.9,38:33.987,12:28:33.987,0:28.559,0:30.591,0:35.555,290.3,Alessio ROVERA,,LMP2 Pro/Am,,AF Corse,Oreca,GF,28.559,30.591,35.555,
83,3,19,1:35.675,0,,28.588,0,30.983,0,36.104,0,175.1,40:09.662,12:30:09.662,0:28.588,0:30.983,0:36.104,288.8,Alessio ROVERA,,LMP2 Pro/Am,,AF Corse,Oreca,GF,28.588,30.983,36.104,
83,3,20,1:37.115,0,,28.847,0,31.969,0,36.299,0,172.5,41:46.777,12:31:46.777,0:28.847,0:31.969,0:36.299,291.1,Alessio ROVERA,,LMP2 Pro/Am,,AF Corse,Oreca,GF,28.847,31.969,36.299,
83,3,21,1:35.919,0,,29.301,0,31.060,0,35.558,0,174.6,43:22.696,12:33:22.696,0:29.301,0:31.060,0:35.558,282.7,Alessio ROVERA,,LMP2 Pro/Am,,AF Corse,Oreca,GF,29.301,31.060,35.558,
83,3,22,1:33.640,0,,28.546,0,30.557,0,34.537,0,178.9,44:56.336,12:34:56.336,0:28.546,0:30.557,0:34.537,288.8,Alessio ROVERA,,LMP2 Pro/Am,,AF Corse,Oreca,GF,28.546,30.557,34.537,
83,3,23,1:33.895,0,,28.600,0,30.735,0,34.560,0,178.4,46:30.231,12:36:30.231,0:28.600,0:30.735,0:34.560,291.9,Alessio ROVERA,,LMP2 Pro/Am,,AF Corse,Oreca,GF,28.600,30.735,34.560,
83,3,24,1:36.398,0,,28.569,0,30.478,2,37.351,0,173.8,48:06.629,12:38:06.629,0:28.569,0:30.478,0:37.351,291.1,Alessio ROVERA,,LMP2 Pro/Am,,AF Corse,Oreca,GF,28.569,30.478,37.351,
83,3,25,1:33.328,2,,28.429,2,30.528,0,34.371,0,179.5,49:39.957,12:39:39.957,0:28.429,0:30.528,0:34.371,291.9,Alessio ROVERA,,LMP2 Pro/Am,,AF Corse,Oreca,GF,28.429,30.528,34.371,
83,3,26,1:43.470,0,B,29.225,0,32.853,0,41.392,0,161.9,51:23.427,12:41:23.427,0:29.225,0:32.853,0:41.392,291.1,Alessio ROVERA,,LMP2 Pro/Am,,AF Corse,Oreca,GF,29.225,32.853,41.392,
83,3,27,2:47.602,0,,1:40.395,0,31.218,0,35.989,0,99.9,54:11.029,12:44:11.029,1:40.395,0:31.218,0:35.989,,Alessio ROVERA,0:01:16.085,LMP2 Pro/Am,,AF Corse,Oreca,GF,100.395,31.218,35.989,
83,3,28,1:34.727,0,,28.860,0,31.139,0,34.728,0,176.8,55:45.756,12:45:45.756,0:28.860,0:31.139,0:34.728,290.3,Alessio ROVERA,,LMP2 Pro/Am,,AF Corse,Oreca,GF,28.860,31.139,34.728,
83,3,29,1:35.427,0,,29.102,0,31.422,0,34.903,0,175.5,57:21.183,12:47:21.183,0:29.102,0:31.422,0:34.903,294.3,Alessio ROVERA,,LMP2 Pro/Am,,AF Corse,Oreca,GF,29.102,31.422,34.903,
83,3,30,1:34.734,0,,28.936,0,31.057,0,34.741,0,176.8,58:55.917,12:48:55.917,0:28.936,0:31.057,0:34.741,290.3,Alessio ROVERA,,LMP2 Pro/Am,,AF Corse,Oreca,GF,28.936,31.057,34.741,
83,3,31,1:34.415,0,,28.758,0,30.885,0,34.772,0,177.4,1:00:30.332,12:50:30.332,0:28.758,0:30.885,0:34.772,290.3,Alessio ROVERA,,LMP2 Pro/Am,,AF Corse,Oreca,GF,28.758,30.885,34.772,
83,3,32,1:42.060,0,B,28.941,0,31.245,0,41.874,0,164.1,1:02:12.392,12:52:12.392,0:28.941,0:31.245,0:41.874,291.9,Alessio ROVERA,,LMP2 Pro/Am,,AF Corse,Oreca,GF,28.941,31.245,41.874,
83,2,33,3:16.946,0,,2:08.987,0,31.993,0,35.966,0,85.1,1:05:29.338,12:55:29.338,2:08.987,0:31.993,0:35.966,,Matthieu VAXIVIERE,0:01:43.085,LMP2 Pro/Am,,AF Corse,Oreca,GF,128.987,31.993,35.966,
83,2,34,1:36.124,0,,29.251,0,31.083,0,35.790,0,174.3,1:07:05.462,12:57:05.462,0:29.251,0:31.083,0:35.790,289.5,Matthieu VAXIVIERE,,LMP2 Pro/Am,,AF Corse,Oreca,GF,29.251,31.083,35.790,
83,2,35,1:35.729,0,,29.060,0,31.205,0,35.464,0,175.0,1:08:41.191,12:58:41.191,0:29.060,0:31.205,0:35.464,289.5,Matthieu VAXIVIERE,,LMP2 Pro/Am,,AF Corse,Oreca,GF,29.060,31.205,35.464,
83,2,36,2:01.821,0,,28.994,0,30.973,0,1:01.854,0,137.5,1:10:43.012,13:00:43.012,0:28.994,0:30.973,1:01.854,286.5,Matthieu VAXIVIERE,,LMP2 Pro/Am,,AF Corse,Oreca,FCY,28.994,30.973,61.854,
83,2,37,3:28.017,0,,1:11.354,0,1:02.441,0,1:14.222,0,80.5,1:14:11.029,13:04:11.029,1:11.354,1:02.441,1:14.222,79.5,Matthieu VAXIVIERE,,LMP2 Pro/Am,,AF Corse,Oreca,FCY,71.354,62.441,74.222,
83,2,38,2:08.419,0,,1:00.093,0,32.658,0,35.668,0,130.4,1:16:19.448,13:06:19.448,1:00.093,0:32.658,0:35.668,79.4,Matthieu VAXIVIERE,,LMP2 Pro/Am,,AF Corse,Oreca,GF,60.093,32.658,35.668,
83,2,39,1:34.964,0,,28.726,0,31.257,0,34.981,0,176.4,1:17:54.412,13:07:54.412,0:28.726,0:31.257,0:34.981,287.2,Matthieu VAXIVIERE,,LMP2 Pro/Am,,AF Corse,Oreca,GF,28.726,31.257,34.981,
83,2,40,1:35.254,0,,28.663,0,30.675,0,35.916,0,175.9,1:19:29.666,13:09:29.666,0:28.663,0:30.675,0:35.916,288.8,Matthieu VAXIVIERE,,LMP2 Pro/Am,,AF Corse,Oreca,GF,28.663,30.675,35.916,
83,2,41,1:35.267,0,,28.915,0,30.917,0,35.435,0,175.8,1:21:04.933,13:11:04.933,0:28.915,0:30.917,0:35.435,285.0,Matthieu VAXIVIERE,,LMP2 Pro/Am,,AF Corse,Oreca,GF,28.915,30.917,35.435,
83,2,42,1:39.134,0,,30.079,0,32.302,0,36.753,0,169.0,1:22:44.067,13:12:44.067,0:30.079,0:32.302,0:36.753,288.0,Matthieu VAXIVIERE,,LMP2 Pro/Am,,AF Corse,Oreca,GF,30.079,32.302,36.753,
83,2,43,1:35.440,0,,28.712,0,30.836,0,35.892,0,175.5,1:24:19.507,13:14:19.507,0:28.712,0:30.836,0:35.892,288.8,Matthieu VAXIVIERE,,LMP2 Pro/Am,,AF Corse,Oreca,GF,28.712,30.836,35.892,
83,2,44,1:43.446,0,,29.711,0,34.385,0,39.350,0,161.9,1:26:02.953,13:16:02.953,0:29.711,0:34.385,0:39.350,289.5,Matthieu VAXIVIERE,,LMP2 Pro/Am,,AF Corse,Oreca,GF,29.711,34.385,39.350,
83,2,45,1:34.597,0,,28.949,0,30.631,1,35.017,0,177.1,1:27:37.550,13:17:37.550,0:28.949,0:30.631,0:35.017,288.8,Matthieu VAXIVIERE,,LMP2 Pro/Am,,AF Corse,Oreca,GF,28.949,30.631,35.017,
83,2,46,1:34.351,0,,28.661,1,30.826,0,34.864,1,177.5,1:29:11.901,13:19:11.901,0:28.661,0:30.826,0:34.864,289.5,Matthieu VAXIVIERE,,LMP2 Pro/Am,,AF Corse,Oreca,GF,28.661,30.826,34.864,
83,2,47,1:50.305,0,B,33.843,0,33.192,0,43.270,0,151.9,1:31:02.206,13:21:02.206,0:33.843,0:33.192,0:43.270,294.3,Matthieu VAXIVIERE,,LMP2 Pro/Am,,AF Corse,Oreca,FF,33.843,33.192,43.270,
85,3,1,2:47.259,0,,1:23.440,0,41.183,0,42.636,0,94.4,2:47.259,11:52:47.259,1:23.440,0:41.183,0:42.636,,Michelle GATTING,0:00:46.854,LMGT3,,Iron Dames,Porsche,GF,83.440,41.183,42.636,
85,3,2,1:44.839,0,,32.519,0,33.456,0,38.864,0,159.8,4:32.098,11:54:32.098,0:32.519,0:33.456,0:38.864,251.7,Michelle GATTING,,LMGT3,,Iron Dames,Porsche,GF,32.519,33.456,38.864,
85,3,3,1:46.169,0,,31.906,0,33.895,0,40.368,0,157.8,6:18.267,11:56:18.267,0:31.906,0:33.895,0:40.368,256.5,Michelle GATTING,,LMGT3,,Iron Dames,Porsche,GF,31.906,33.895,40.368,
85,3,4,1:45.918,0,,31.817,0,33.339,0,40.762,0,158.1,8:04.185,11:58:04.185,0:31.817,0:33.339,0:40.762,255.9,Michelle GATTING,,LMGT3,,Iron Dames,Porsche,GF,31.817,33.339,40.762,
85,3,5,1:42.906,0,,31.732,0,33.314,0,37.860,2,162.8,9:47.091,11:59:47.091,0:31.732,0:33.314,0:37.860,255.9,Michelle GATTING,,LMGT3,,Iron Dames,Porsche,GF,31.732,33.314,37.860,
85,3,6,1:50.769,0,B,32.013,0,33.619,0,45.137,0,151.2,11:37.860,12:01:37.860,0:32.013,0:33.619,0:45.137,256.5,Michelle GATTING,,LMGT3,,Iron Dames,Porsche,GF,32.013,33.619,45.137,
85,3,7,4:39.416,0,,3:24.518,0,35.731,0,39.167,0,59.9,16:17.276,12:06:17.276,3:24.518,0:35.731,0:39.167,,Michelle GATTING,0:02:57.747,LMGT3,,Iron Dames,Porsche,GF,204.518,35.731,39.167,
85,3,8,1:44.975,0,,32.374,0,34.311,0,38.290,0,159.6,18:02.251,12:08:02.251,0:32.374,0:34.311,0:38.290,252.9,Michelle GATTING,,LMGT3,,Iron Dames,Porsche,GF,32.374,34.311,38.290,
85,3,9,1:44.152,0,,31.723,2,33.238,0,39.191,0,160.8,19:46.403,12:09:46.403,0:31.723,0:33.238,0:39.191,255.3,Michelle GATTING,,LMGT3,,Iron Dames,Porsche,GF,31.723,33.238,39.191,
85,3,10,1:43.321,0,,31.811,0,33.427,0,38.083,0,162.1,21:29.724,12:11:29.724,0:31.811,0:33.427,0:38.083,253.5,Michelle GATTING,,LMGT3,,Iron Dames,Porsche,GF,31.811,33.427,38.083,
85,3,11,1:43.055,2,,31.778,0,33.212,2,38.065,0,162.5,23:12.779,12:13:12.779,0:31.778,0:33.212,0:38.065,254.1,Michelle GATTING,,LMGT3,,Iron Dames,Porsche,GF,31.778,33.212,38.065,
85,3,12,1:51.304,0,B,32.459,0,34.242,0,44.603,0,150.5,25:04.083,12:15:04.083,0:32.459,0:34.242,0:44.603,256.5,Michelle GATTING,,LMGT3,,Iron Dames,Porsche,GF,32.459,34.242,44.603,
85,3,13,3:38.494,0,,2:16.896,0,38.286,0,43.312,0,76.7,28:42.577,12:18:42.577,2:16.896,0:38.286,0:43.312,,Michelle GATTING,0:01:41.074,LMGT3,,Iron Dames,Porsche,GF,136.896,38.286,43.312,
85,3,14,1:44.962,0,,32.478,0,33.800,0,38.684,0,159.6,30:27.539,12:20:27.539,0:32.478,0:33.800,0:38.684,248.8,Michelle GATTING,,LMGT3,,Iron Dames,Porsche,GF,32.478,33.800,38.684,
85,3,15,1:45.572,0,,31.904,0,33.723,0,39.945,0,158.7,32:13.111,12:22:13.111,0:31.904,0:33.723,0:39.945,252.9,Michelle GATTING,,LMGT3,,Iron Dames,Porsche,GF,31.904,33.723,39.945,
85,3,16,1:43.943,0,,32.213,0,33.232,0,38.498,0,161.2,33:57.054,12:23:57.054,0:32.213,0:33.232,0:38.498,255.3,Michelle GATTING,,LMGT3,,Iron Dames,Porsche,GF,32.213,33.232,38.498,
85,3,17,1:43.197,0,,31.824,0,33.303,0,38.070,0,162.3,35:40.251,12:25:40.251,0:31.824,0:33.303,0:38.070,255.9,Michelle GATTING,,LMGT3,,Iron Dames,Porsche,GF,31.824,33.303,38.070,
85,3,18,1:44.955,0,,31.850,0,33.402,0,39.703,0,159.6,37:25.206,12:27:25.206,0:31.850,0:33.402,0:39.703,255.3,Michelle GATTING,,LMGT3,,Iron Dames,Porsche,GF,31.850,33.402,39.703,
85,3,19,1:50.692,0,B,32.069,0,33.556,0,45.067,0,151.3,39:15.898,12:29:15.898,0:32.069,0:33.556,0:45.067,252.9,Michelle GATTING,,LMGT3,,Iron Dames,Porsche,GF,32.069,33.556,45.067,
85,2,20,3:53.243,0,,2:39.783,0,34.164,0,39.296,0,71.8,43:09.141,12:33:09.141,2:39.783,0:34.164,0:39.296,,Rahel FREY,0:02:10.564,LMGT3,,Iron Dames,Porsche,GF,159.783,34.164,39.296,
85,2,21,1:46.407,0,,32.303,0,34.342,0,39.762,0,157.4,44:55.548,12:34:55.548,0:32.303,0:34.342,0:39.762,253.5,Rahel FREY,,LMGT3,,Iron Dames,Porsche,GF,32.303,34.342,39.762,
85,2,22,1:44.711,0,,32.391,0,33.517,0,38.803,0,160.0,46:40.259,12:36:40.259,0:32.391,0:33.517,0:38.803,254.1,Rahel FREY,,LMGT3,,Iron Dames,Porsche,GF,32.391,33.517,38.803,
85,2,23,1:44.609,0,,32.598,0,33.488,0,38.523,0,160.1,48:24.868,12:38:24.868,0:32.598,0:33.488,0:38.523,254.7,Rahel FREY,,LMGT3,,Iron Dames,Porsche,GF,32.598,33.488,38.523,
85,2,24,1:44.172,0,,31.952,0,33.465,0,38.755,0,160.8,50:09.040,12:40:09.040,0:31.952,0:33.465,0:38.755,255.3,Rahel FREY,,LMGT3,,Iron Dames,Porsche,GF,31.952,33.465,38.755,
85,2,25,1:44.588,0,,32.074,0,33.789,0,38.725,0,160.2,51:53.628,12:41:53.628,0:32.074,0:33.789,0:38.725,256.5,Rahel FREY,,LMGT3,,Iron Dames,Porsche,GF,32.074,33.789,38.725,
85,2,26,1:44.208,0,,32.120,0,33.373,1,38.715,0,160.7,53:37.836,12:43:37.836,0:32.120,0:33.373,0:38.715,255.9,Rahel FREY,,LMGT3,,Iron Dames,Porsche,GF,32.120,33.373,38.715,
85,2,27,1:43.710,0,,31.935,1,33.378,0,38.397,0,161.5,55:21.546,12:45:21.546,0:31.935,0:33.378,0:38.397,254.7,Rahel FREY,,LMGT3,,Iron Dames,Porsche,GF,31.935,33.378,38.397,
85,2,28,1:44.053,0,,32.025,0,33.398,0,38.630,0,161.0,57:05.599,12:47:05.599,0:32.025,0:33.398,0:38.630,255.3,Rahel FREY,,LMGT3,,Iron Dames,Porsche,GF,32.025,33.398,38.630,
85,2,29,1:51.302,0,B,32.216,0,33.926,0,45.160,0,150.5,58:56.901,12:48:56.901,0:32.216,0:33.926,0:45.160,255.9,Rahel FREY,,LMGT3,,Iron Dames,Porsche,GF,32.216,33.926,45.160,
85,2,30,5:57.306,0,,4:44.596,0,34.041,0,38.669,0,46.9,1:04:54.207,12:54:54.207,4:44.596,0:34.041,0:38.669,,Rahel FREY,0:04:16.235,LMGT3,,Iron Dames,Porsche,GF,284.596,34.041,38.669,
85,2,31,1:43.986,0,,31.928,0,33.678,0,38.380,1,161.1,1:06:38.193,12:56:38.193,0:31.928,0:33.678,0:38.380,254.7,Rahel FREY,,LMGT3,,Iron Dames,Porsche,GF,31.928,33.678,38.380,
85,2,32,1:45.412,0,,32.050,0,33.418,0,39.944,0,158.9,1:08:23.605,12:58:23.605,0:32.050,0:33.418,0:39.944,254.1,Rahel FREY,,LMGT3,,Iron Dames,Porsche,GF,32.050,33.418,39.944,
85,2,33,1:59.647,0,B,32.096,0,33.668,0,53.883,0,140.0,1:10:23.252,13:00:23.252,0:32.096,0:33.668,0:53.883,252.3,Rahel FREY,,LMGT3,,Iron Dames,Porsche,FCY,32.096,33.668,53.883,
85,1,34,5:20.120,0,,3:39.712,0,1:01.515,0,38.893,0,52.3,1:15:43.372,13:05:43.372,3:39.712,1:01.515,0:38.893,,Sarah BOVY,0:02:50.742,LMGT3,,Iron Dames,Porsche,GF,219.712,61.515,38.893,
85,1,35,1:47.238,0,,32.450,0,33.712,0,41.076,0,156.2,1:17:30.610,13:07:30.610,0:32.450,0:33.712,0:41.076,250.0,Sarah BOVY,,LMGT3,,Iron Dames,Porsche,GF,32.450,33.712,41.076,
85,1,36,1:44.963,0,,32.376,0,34.074,0,38.513,0,159.6,1:19:15.573,13:09:15.573,0:32.376,0:34.074,0:38.513,255.3,Sarah BOVY,,LMGT3,,Iron Dames,Porsche,GF,32.376,34.074,38.513,
85,1,37,1:45.394,0,,32.325,0,33.885,0,39.184,0,158.9,1:21:00.967,13:11:00.967,0:32.325,0:33.885,0:39.184,254.1,Sarah BOVY,,LMGT3,,Iron Dames,Porsche,GF,32.325,33.885,39.184,
85,1,38,1:45.964,0,,32.525,0,34.305,0,39.134,0,158.1,1:22:46.931,13:12:46.931,0:32.525,0:34.305,0:39.134,251.7,Sarah BOVY,,LMGT3,,Iron Dames,Porsche,GF,32.525,34.305,39.134,
85,1,39,1:45.339,0,,32.444,0,33.802,0,39.093,0,159.0,1:24:32.270,13:14:32.270,0:32.444,0:33.802,0:39.093,255.3,Sarah BOVY,,LMGT3,,Iron Dames,Porsche,GF,32.444,33.802,39.093,
85,1,40,1:45.286,0,,32.827,0,33.691,0,38.768,0,159.1,1:26:17.556,13:16:17.556,0:32.827,0:33.691,0:38.768,252.3,Sarah BOVY,,LMGT3,,Iron Dames,Porsche,GF,32.827,33.691,38.768,
85,1,41,1:44.783,0,,32.192,0,33.829,0,38.762,0,159.9,1:28:02.339,13:18:02.339,0:32.192,0:33.829,0:38.762,252.9,Sarah BOVY,,LMGT3,,Iron Dames,Porsche,GF,32.192,33.829,38.762,
85,1,42,1:44.035,0,,32.133,1,33.499,1,38.403,1,161.0,1:29:46.374,13:19:46.374,0:32.133,0:33.499,0:38.403,256.5,Sarah BOVY,,LMGT3,,Iron Dames,Porsche,GF,32.133,33.499,38.403,
85,1,43,1:45.668,0,,32.588,0,33.853,0,39.227,0,158.5,1:31:32.042,13:21:32.042,0:32.588,0:33.853,0:39.227,254.7,Sarah BOVY,,LMGT3,,Iron Dames,Porsche,FF,32.588,33.853,39.227,
86,2,1,2:32.157,0,,1:14.392,0,35.987,0,41.778,0,103.7,2:32.157,11:52:32.157,1:14.392,0:35.987,0:41.778,,Riccardo PERA,0:00:38.639,LMGT3,,GR Racing,Ferrari,GF,74.392,35.987,41.778,
86,2,2,1:46.656,0,,32.547,0,33.590,0,40.519,0,157.1,4:18.813,11:54:18.813,0:32.547,0:33.590,0:40.519,251.2,Riccardo PERA,,LMGT3,,GR Racing,Ferrari,GF,32.547,33.590,40.519,
86,2,3,1:45.146,0,,31.989,0,32.993,2,40.164,0,159.3,6:03.959,11:56:03.959,0:31.989,0:32.993,0:40.164,252.3,Riccardo PERA,,LMGT3,,GR Racing,Ferrari,GF,31.989,32.993,40.164,
86,2,4,1:43.694,0,,31.892,2,33.053,0,38.749,0,161.5,7:47.653,11:57:47.653,0:31.892,0:33.053,0:38.749,252.3,Riccardo PERA,,LMGT3,,GR Racing,Ferrari,GF,31.892,33.053,38.749,
86,2,5,1:42.806,2,,31.992,0,33.078,0,37.736,2,162.9,9:30.459,11:59:30.459,0:31.992,0:33.078,0:37.736,253.5,Riccardo PERA,,LMGT3,,GR Racing,Ferrari,GF,31.992,33.078,37.736,
86,2,6,1:43.491,0,,32.099,0,33.277,0,38.115,0,161.9,11:13.950,12:01:13.950,0:32.099,0:33.277,0:38.115,252.9,Riccardo PERA,,LMGT3,,GR Racing,Ferrari,GF,32.099,33.277,38.115,
86,2,7,1:43.825,0,,32.072,0,33.336,0,38.417,0,161.3,12:57.775,12:02:57.775,0:32.072,0:33.336,0:38.417,252.9,Riccardo PERA,,LMGT3,,GR Racing,Ferrari,GF,32.072,33.336,38.417,
86,2,8,1:48.870,0,B,32.089,0,33.311,0,43.470,0,153.9,14:46.645,12:04:46.645,0:32.089,0:33.311,0:43.470,252.3,Riccardo PERA,,LMGT3,,GR Racing,Ferrari,GF,32.089,33.311,43.470,
86,1,9,3:17.998,0,,2:02.125,0,35.749,0,40.124,0,84.6,18:04.643,12:08:04.643,2:02.125,0:35.749,0:40.124,,Michael WAINWRIGHT,0:01:33.139,LMGT3,,GR Racing,Ferrari,GF,122.125,35.749,40.124,
86,1,10,1:48.488,0,,34.088,0,34.477,0,39.923,0,154.4,19:53.131,12:09:53.131,0:34.088,0:34.477,0:39.923,251.7,Michael WAINWRIGHT,,LMGT3,,GR Racing,Ferrari,GF,34.088,34.477,39.923,
86,1,11,1:48.041,0,,33.365,0,34.650,0,40.026,0,155.0,21:41.172,12:11:41.172,0:33.365,0:34.650,0:40.026,250.0,Michael WAINWRIGHT,,LMGT3,,GR Racing,Ferrari,GF,33.365,34.650,40.026,
86,1,12,1:49.115,0,,33.488,0,35.313,0,40.314,0,153.5,23:30.287,12:13:30.287,0:33.488,0:35.313,0:40.314,250.0,Michael WAINWRIGHT,,LMGT3,,GR Racing,Ferrari,GF,33.488,35.313,40.314,
86,1,13,1:51.194,0,,34.547,0,35.538,0,41.109,0,150.6,25:21.481,12:15:21.481,0:34.547,0:35.538,0:41.109,251.2,Michael WAINWRIGHT,,LMGT3,,GR Racing,Ferrari,GF,34.547,35.538,41.109,
86,1,14,1:57.980,0,B,34.153,0,36.083,0,47.744,0,142.0,27:19.461,12:17:19.461,0:34.153,0:36.083,0:47.744,251.7,Michael WAINWRIGHT,,LMGT3,,GR Racing,Ferrari,GF,34.153,36.083,47.744,
86,1,15,3:44.328,0,,2:29.850,0,34.431,0,40.047,0,74.7,31:03.789,12:21:03.789,2:29.850,0:34.431,0:40.047,,Michael WAINWRIGHT,0:02:00.584,LMGT3,,GR Racing,Ferrari,GF,149.850,34.431,40.047,
86,1,16,1:48.885,0,,33.522,0,34.500,0,40.863,0,153.8,32:52.674,12:22:52.674,0:33.522,0:34.500,0:40.863,250.0,Michael WAINWRIGHT,,LMGT3,,GR Racing,Ferrari,GF,33.522,34.500,40.863,
86,1,17,1:48.980,0,,34.456,0,34.656,0,39.868,0,153.7,34:41.654,12:24:41.654,0:34.456,0:34.656,0:39.868,251.7,Michael WAINWRIGHT,,LMGT3,,GR Racing,Ferrari,GF,34.456,34.656,39.868,
86,1,18,1:52.789,0,,33.254,0,36.837,0,42.698,0,148.5,36:34.443,12:26:34.443,0:33.254,0:36.837,0:42.698,251.2,Michael WAINWRIGHT,,LMGT3,,GR Racing,Ferrari,GF,33.254,36.837,42.698,
86,1,19,1:49.191,0,,33.648,0,34.657,0,40.886,0,153.4,38:23.634,12:28:23.634,0:33.648,0:34.657,0:40.886,248.3,Michael WAINWRIGHT,,LMGT3,,GR Racing,Ferrari,GF,33.648,34.657,40.886,
86,1,20,1:49.436,0,,33.573,0,34.847,0,41.016,0,153.1,40:13.070,12:30:13.070,0:33.573,0:34.847,0:41.016,250.0,Michael WAINWRIGHT,,LMGT3,,GR Racing,Ferrari,GF,33.573,34.847,41.016,
86,1,21,1:59.709,0,B,34.607,0,37.519,0,47.583,0,139.9,42:12.779,12:32:12.779,0:34.607,0:37.519,0:47.583,250.0,Michael WAINWRIGHT,,LMGT3,,GR Racing,Ferrari,GF,34.607,37.519,47.583,
86,3,22,3:52.252,0,,2:38.711,0,34.213,0,39.328,0,72.1,46:05.031,12:36:05.031,2:38.711,0:34.213,0:39.328,,Davide RIGON,0:02:10.877,LMGT3,,GR Racing,Ferrari,GF,158.711,34.213,39.328,
86,3,23,1:44.842,0,,32.361,0,33.699,0,38.782,0,159.8,47:49.873,12:37:49.873,0:32.361,0:33.699,0:38.782,252.3,Davide RIGON,,LMGT3,,GR Racing,Ferrari,GF,32.361,33.699,38.782,
86,3,24,1:44.954,0,,32.610,0,33.807,0,38.537,0,159.6,49:34.827,12:39:34.827,0:32.610,0:33.807,0:38.537,253.5,Davide RIGON,,LMGT3,,GR Racing,Ferrari,GF,32.610,33.807,38.537,
86,3,25,1:44.213,0,,32.093,0,33.586,0,38.534,0,160.7,51:19.040,12:41:19.040,0:32.093,0:33.586,0:38.534,255.3,Davide RIGON,,LMGT3,,GR Racing,Ferrari,GF,32.093,33.586,38.534,
86,3,26,1:44.989,0,,32.585,0,33.418,0,38.986,0,159.5,53:04.029,12:43:04.029,0:32.585,0:33.418,0:38.986,254.7,Davide RIGON,,LMGT3,,GR Racing,Ferrari,GF,32.585,33.418,38.986,
86,3,27,1:44.179,0,,32.038,0,33.377,0,38.764,0,160.8,54:48.208,12:44:48.208,0:32.038,0:33.377,0:38.764,255.3,Davide RIGON,,LMGT3,,GR Racing,Ferrari,GF,32.038,33.377,38.764,
86,3,28,1:50.368,0,,32.239,0,37.535,0,40.594,0,151.8,56:38.576,12:46:38.576,0:32.239,0:37.535,0:40.594,255.3,Davide RIGON,,LMGT3,,GR Racing,Ferrari,GF,32.239,37.535,40.594,
86,3,29,1:50.348,0,B,32.438,0,33.272,0,44.638,0,151.8,58:28.924,12:48:28.924,0:32.438,0:33.272,0:44.638,254.1,Davide RIGON,,LMGT3,,GR Racing,Ferrari,GF,32.438,33.272,44.638,
86,1,30,3:40.832,0,,2:24.390,0,35.911,0,40.531,0,75.9,1:02:09.756,12:52:09.756,2:24.390,0:35.911,0:40.531,,Michael WAINWRIGHT,0:01:53.173,LMGT3,,GR Racing,Ferrari,GF,144.390,35.911,40.531,
86,1,31,1:46.361,0,,32.948,0,33.933,1,39.480,1,157.5,1:03:56.117,12:53:56.117,0:32.948,0:33.933,0:39.480,250.6,Michael WAINWRIGHT,,LMGT3,,GR Racing,Ferrari,GF,32.948,33.933,39.480,
86,1,32,1:47.086,0,,32.986,0,34.606,0,39.494,0,156.4,1:05:43.203,12:55:43.203,0:32.986,0:34.606,0:39.494,250.6,Michael WAINWRIGHT,,LMGT3,,GR Racing,Ferrari,GF,32.986,34.606,39.494,
86,1,33,1:46.665,0,,32.810,1,34.141,0,39.714,0,157.0,1:07:29.868,12:57:29.868,0:32.810,0:34.141,0:39.714,251.2,Michael WAINWRIGHT,,LMGT3,,GR Racing,Ferrari,GF,32.810,34.141,39.714,
86,1,34,1:47.994,0,,33.332,0,34.763,0,39.899,0,155.1,1:09:17.862,12:59:17.862,0:33.332,0:34.763,0:39.899,251.2,Michael WAINWRIGHT,,LMGT3,,GR Racing,Ferrari,GF,33.332,34.763,39.899,
86,1,35,2:47.210,0,B,33.294,0,56.300,0,1:17.616,0,100.2,1:12:05.072,13:02:05.072,0:33.294,0:56.300,1:17.616,250.0,Michael WAINWRIGHT,,LMGT3,,GR Racing,Ferrari,FCY,33.294,56.300,77.616,
86,3,36,4:09.508,0,,2:54.704,0,35.988,0,38.816,0,67.1,1:16:14.580,13:06:14.580,2:54.704,0:35.988,0:38.816,,Davide RIGON,0:02:05.569,LMGT3,,GR Racing,Ferrari,GF,174.704,35.988,38.816,
86,3,37,1:43.975,0,,32.202,0,33.268,0,38.505,0,161.1,1:17:58.555,13:07:58.555,0:32.202,0:33.268,0:38.505,250.0,Davide RIGON,,LMGT3,,GR Racing,Ferrari,GF,32.202,33.268,38.505,
86,3,38,1:43.487,0,,32.033,1,33.203,0,38.251,1,161.9,1:19:42.042,13:09:42.042,0:32.033,0:33.203,0:38.251,252.3,Davide RIGON,,LMGT3,,GR Racing,Ferrari,GF,32.033,33.203,38.251,
86,3,39,1:43.742,0,,32.075,0,33.279,0,38.388,0,161.5,1:21:25.784,13:11:25.784,0:32.075,0:33.279,0:38.388,251.7,Davide RIGON,,LMGT3,,GR Racing,Ferrari,GF,32.075,33.279,38.388,
86,3,40,1:43.982,0,,32.160,0,33.403,0,38.419,0,161.1,1:23:09.766,13:13:09.766,0:32.160,0:33.403,0:38.419,251.2,Davide RIGON,,LMGT3,,GR Racing,Ferrari,GF,32.160,33.403,38.419,
86,3,41,1:43.843,0,,32.053,0,33.052,1,38.738,0,161.3,1:24:53.609,13:14:53.609,0:32.053,0:33.052,0:38.738,252.9,Davide RIGON,,LMGT3,,GR Racing,Ferrari,GF,32.053,33.052,38.738,
86,3,42,1:44.048,0,,32.176,0,33.333,0,38.539,0,161.0,1:26:37.657,13:16:37.657,0:32.176,0:33.333,0:38.539,252.3,Davide RIGON,,LMGT3,,GR Racing,Ferrari,GF,32.176,33.333,38.539,
86,3,43,1:44.370,0,,32.333,0,33.312,0,38.725,0,160.5,1:28:22.027,13:18:22.027,0:32.333,0:33.312,0:38.725,253.5,Davide RIGON,,LMGT3,,GR Racing,Ferrari,GF,32.333,33.312,38.725,
86,3,44,1:44.381,0,,32.520,0,33.344,0,38.517,0,160.5,1:30:06.408,13:20:06.408,0:32.520,0:33.344,0:38.517,254.7,Davide RIGON,,LMGT3,,GR Racing,Ferrari,FF,32.520,33.344,38.517,
88,3,1,2:28.384,0,,1:13.840,0,36.147,0,38.397,0,106.4,2:28.384,11:52:28.384,1:13.840,0:36.147,0:38.397,,Pedro PERINO,0:00:36.874,LMP3,,Inter Europol Competition,Ligier,GF,73.840,36.147,38.397,
88,3,2,1:43.569,0,,32.585,0,33.555,0,37.429,0,161.7,4:11.953,11:54:11.953,0:32.585,0:33.555,0:37.429,251.7,Pedro PERINO,,LMP3,,Inter Europol Competition,Ligier,GF,32.585,33.555,37.429,
88,3,3,1:46.422,0,,31.781,0,34.531,0,40.110,0,157.4,5:58.375,11:55:58.375,0:31.781,0:34.531,0:40.110,263.4,Pedro PERINO,,LMP3,,Inter Europol Competition,Ligier,GF,31.781,34.531,40.110,
88,3,4,1:40.059,0,,31.169,0,32.585,0,36.305,0,167.4,7:38.434,11:57:38.434,0:31.169,0:32.585,0:36.305,263.4,Pedro PERINO,,LMP3,,Inter Europol Competition,Ligier,GF,31.169,32.585,36.305,
88,3,5,1:39.391,0,,30.886,0,32.230,0,36.275,2,168.5,9:17.825,11:59:17.825,0:30.886,0:32.230,0:36.275,264.1,Pedro PERINO,,LMP3,,Inter Europol Competition,Ligier,GF,30.886,32.230,36.275,
88,3,6,1:39.266,0,,30.773,0,32.203,0,36.290,0,168.7,10:57.091,12:00:57.091,0:30.773,0:32.203,0:36.290,264.1,Pedro PERINO,,LMP3,,Inter Europol Competition,Ligier,GF,30.773,32.203,36.290,
88,3,7,1:38.986,2,,30.555,2,32.132,0,36.299,0,169.2,12:36.077,12:02:36.077,0:30.555,0:32.132,0:36.299,263.4,Pedro PERINO,,LMP3,,Inter Europol Competition,Ligier,GF,30.555,32.132,36.299,
88,3,8,1:45.237,0,,30.760,0,32.632,0,41.845,0,159.2,14:21.314,12:04:21.314,0:30.760,0:32.632,0:41.845,264.7,Pedro PERINO,,LMP3,,Inter Europol Competition,Ligier,GF,30.760,32.632,41.845,
88,3,9,1:48.941,0,B,30.637,0,32.097,2,46.207,0,153.8,16:10.255,12:06:10.255,0:30.637,0:32.097,0:46.207,262.1,Pedro PERINO,,LMP3,,Inter Europol Competition,Ligier,GF,30.637,32.097,46.207,
88,2,10,3:44.036,0,,2:30.572,0,33.481,0,39.983,0,74.8,19:54.291,12:09:54.291,2:30.572,0:33.481,0:39.983,,Kai ASKEY,0:02:01.675,LMP3,,Inter Europol Competition,Ligier,GF,150.572,33.481,39.983,
88,2,11,1:42.577,0,,32.067,0,33.021,0,37.489,0,163.3,21:36.868,12:11:36.868,0:32.067,0:33.021,0:37.489,261.5,Kai ASKEY,,LMP3,,Inter Europol Competition,Ligier,GF,32.067,33.021,37.489,
88,2,12,1:41.939,0,,31.909,0,32.916,0,37.114,0,164.3,23:18.807,12:13:18.807,0:31.909,0:32.916,0:37.114,257.8,Kai ASKEY,,LMP3,,Inter Europol Competition,Ligier,GF,31.909,32.916,37.114,
88,2,13,1:40.986,0,,31.264,0,32.824,0,36.898,0,165.9,24:59.793,12:14:59.793,0:31.264,0:32.824,0:36.898,262.8,Kai ASKEY,,LMP3,,Inter Europol Competition,Ligier,GF,31.264,32.824,36.898,
88,2,14,1:40.680,0,,31.207,0,32.657,0,36.816,1,166.4,26:40.473,12:16:40.473,0:31.207,0:32.657,0:36.816,262.8,Kai ASKEY,,LMP3,,Inter Europol Competition,Ligier,GF,31.207,32.657,36.816,
88,2,15,1:41.086,0,,31.132,1,32.805,0,37.149,0,165.7,28:21.559,12:18:21.559,0:31.132,0:32.805,0:37.149,260.9,Kai ASKEY,,LMP3,,Inter Europol Competition,Ligier,GF,31.132,32.805,37.149,
88,2,16,1:41.270,0,,31.297,0,32.562,0,37.411,0,165.4,30:02.829,12:20:02.829,0:31.297,0:32.562,0:37.411,263.4,Kai ASKEY,,LMP3,,Inter Europol Competition,Ligier,GF,31.297,32.562,37.411,
88,2,17,1:42.848,0,,31.274,0,33.695,0,37.879,0,162.9,31:45.677,12:21:45.677,0:31.274,0:33.695,0:37.879,265.4,Kai ASKEY,,LMP3,,Inter Europol Competition,Ligier,GF,31.274,33.695,37.879,
88,2,18,1:40.606,0,,31.159,0,32.512,1,36.935,0,166.5,33:26.283,12:23:26.283,0:31.159,0:32.512,0:36.935,264.1,Kai ASKEY,,LMP3,,Inter Europol Competition,Ligier,GF,31.159,32.512,36.935,
88,2,19,1:42.084,0,,31.956,0,32.861,0,37.267,0,164.1,35:08.367,12:25:08.367,0:31.956,0:32.861,0:37.267,263.4,Kai ASKEY,,LMP3,,Inter Europol Competition,Ligier,GF,31.956,32.861,37.267,
88,2,20,1:42.833,0,,32.141,0,33.315,0,37.377,0,162.9,36:51.200,12:26:51.200,0:32.141,0:33.315,0:37.377,267.3,Kai ASKEY,,LMP3,,Inter Europol Competition,Ligier,GF,32.141,33.315,37.377,
88,2,21,1:42.222,0,,31.599,0,32.945,0,37.678,0,163.9,38:33.422,12:28:33.422,0:31.599,0:32.945,0:37.678,262.1,Kai ASKEY,,LMP3,,Inter Europol Competition,Ligier,GF,31.599,32.945,37.678,
88,2,22,1:42.618,0,,31.329,0,32.754,0,38.535,0,163.2,40:16.040,12:30:16.040,0:31.329,0:32.754,0:38.535,260.2,Kai ASKEY,,LMP3,,Inter Europol Competition,Ligier,GF,31.329,32.754,38.535,
88,2,23,1:43.863,0,,32.507,0,33.695,0,37.661,0,161.3,41:59.903,12:31:59.903,0:32.507,0:33.695,0:37.661,258.4,Kai ASKEY,,LMP3,,Inter Europol Competition,Ligier,GF,32.507,33.695,37.661,
88,2,24,1:40.947,0,,31.405,0,32.652,0,36.890,0,165.9,43:40.850,12:33:40.850,0:31.405,0:32.652,0:36.890,262.8,Kai ASKEY,,LMP3,,Inter Europol Competition,Ligier,GF,31.405,32.652,36.890,
88,2,25,1:42.454,0,,31.893,0,32.866,0,37.695,0,163.5,45:23.304,12:35:23.304,0:31.893,0:32.866,0:37.695,265.4,Kai ASKEY,,LMP3,,Inter Europol Competition,Ligier,GF,31.893,32.866,37.695,
88,2,26,1:54.459,0,B,32.759,0,36.034,0,45.666,0,146.3,47:17.763,12:37:17.763,0:32.759,0:36.034,0:45.666,262.8,Kai ASKEY,,LMP3,,Inter Europol Competition,Ligier,GF,32.759,36.034,45.666,
88,1,27,3:43.460,0,,2:30.161,0,34.533,0,38.766,0,75.0,51:01.223,12:41:01.223,2:30.161,0:34.533,0:38.766,,Alexander BUKHANTSOV,0:02:00.582,LMP3,,Inter Europol Competition,Ligier,GF,150.161,34.533,38.766,
88,1,28,1:44.578,0,,32.421,0,34.081,0,38.076,0,160.2,52:45.801,12:42:45.801,0:32.421,0:34.081,0:38.076,257.8,Alexander BUKHANTSOV,,LMP3,,Inter Europol Competition,Ligier,GF,32.421,34.081,38.076,
88,1,29,1:55.705,0,B,36.077,0,34.249,0,45.379,0,144.8,54:41.506,12:44:41.506,0:36.077,0:34.249,0:45.379,260.2,Alexander BUKHANTSOV,,LMP3,,Inter Europol Competition,Ligier,GF,36.077,34.249,45.379,
88,1,30,5:24.506,0,,4:11.717,0,33.818,0,38.971,0,51.6,1:00:06.012,12:50:06.012,4:11.717,0:33.818,0:38.971,,Alexander BUKHANTSOV,0:03:43.487,LMP3,,Inter Europol Competition,Ligier,GF,251.717,33.818,38.971,
88,1,31,1:43.796,0,,32.295,0,33.619,0,37.882,0,161.4,1:01:49.808,12:51:49.808,0:32.295,0:33.619,0:37.882,262.8,Alexander BUKHANTSOV,,LMP3,,Inter Europol Competition,Ligier,GF,32.295,33.619,37.882,
88,1,32,1:42.836,0,,31.701,0,33.586,0,37.549,0,162.9,1:03:32.644,12:53:32.644,0:31.701,0:33.586,0:37.549,260.9,Alexander BUKHANTSOV,,LMP3,,Inter Europol Competition,Ligier,GF,31.701,33.586,37.549,
88,1,33,1:42.494,0,,31.559,0,33.145,0,37.790,0,163.4,1:05:15.138,12:55:15.138,0:31.559,0:33.145,0:37.790,261.5,Alexander BUKHANTSOV,,LMP3,,Inter Europol Competition,Ligier,GF,31.559,33.145,37.790,
88,1,34,1:45.324,0,,33.034,0,33.927,0,38.363,0,159.0,1:07:00.462,12:57:00.462,0:33.034,0:33.927,0:38.363,264.7,Alexander BUKHANTSOV,,LMP3,,Inter Europol Competition,Ligier,GF,33.034,33.927,38.363,
88,1,35,1:43.419,0,,31.571,0,33.164,0,38.684,0,162.0,1:08:43.881,12:58:43.881,0:31.571,0:33.164,0:38.684,259.6,Alexander BUKHANTSOV,,LMP3,,Inter Europol Competition,Ligier,GF,31.571,33.164,38.684,
88,1,36,2:12.923,0,B,32.329,0,33.625,0,1:06.969,0,126.0,1:10:56.804,13:00:56.804,0:32.329,0:33.625,1:06.969,260.2,Alexander BUKHANTSOV,,LMP3,,Inter Europol Competition,Ligier,FCY,32.329,33.625,66.969,
88,1,37,4:47.890,0,,3:10.292,0,59.574,0,38.024,0,58.2,1:15:44.694,13:05:44.694,3:10.292,0:59.574,0:38.024,,Alexander BUKHANTSOV,0:02:20.656,LMP3,,Inter Europol Competition,Ligier,GF,190.292,59.574,38.024,
88,1,38,1:43.628,0,,32.551,0,33.351,0,37.726,0,161.6,1:17:28.322,13:07:28.322,0:32.551,0:33.351,0:37.726,257.1,Alexander BUKHANTSOV,,LMP3,,Inter Europol Competition,Ligier,GF,32.551,33.351,37.726,
88,1,39,1:42.123,0,,31.371,0,33.485,0,37.267,0,164.0,1:19:10.445,13:09:10.445,0:31.371,0:33.485,0:37.267,260.2,Alexander BUKHANTSOV,,LMP3,,Inter Europol Competition,Ligier,GF,31.371,33.485,37.267,
88,1,40,1:44.083,0,,31.456,0,33.757,0,38.870,0,160.9,1:20:54.528,13:10:54.528,0:31.456,0:33.757,0:38.870,258.4,Alexander BUKHANTSOV,,LMP3,,Inter Europol Competition,Ligier,GF,31.456,33.757,38.870,
88,1,41,1:41.812,0,,31.461,0,33.073,0,37.278,0,164.5,1:22:36.340,13:12:36.340,0:31.461,0:33.073,0:37.278,260.2,Alexander BUKHANTSOV,,LMP3,,Inter Europol Competition,Ligier,GF,31.461,33.073,37.278,
88,1,42,1:44.512,0,,31.679,0,34.756,0,38.077,0,160.3,1:24:20.852,13:14:20.852,0:31.679,0:34.756,0:38.077,261.5,Alexander BUKHANTSOV,,LMP3,,Inter Europol Competition,Ligier,GF,31.679,34.756,38.077,
88,1,43,1:44.014,0,,32.345,0,33.850,0,37.819,0,161.0,1:26:04.866,13:16:04.866,0:32.345,0:33.850,0:37.819,263.4,Alexander BUKHANTSOV,,LMP3,,Inter Europol Competition,Ligier,GF,32.345,33.850,37.819,
88,1,44,1:42.198,0,,31.619,0,33.400,0,37.179,0,163.9,1:27:47.064,13:17:47.064,0:31.619,0:33.400,0:37.179,259.6,Alexander BUKHANTSOV,,LMP3,,Inter Europol Competition,Ligier,GF,31.619,33.400,37.179,
88,1,45,1:41.516,0,,31.272,0,33.218,0,37.026,1,165.0,1:29:28.580,13:19:28.580,0:31.272,0:33.218,0:37.026,262.1,Alexander BUKHANTSOV,,LMP3,,Inter Europol Competition,Ligier,GF,31.272,33.218,37.026,
88,1,46,1:41.687,0,,31.252,1,33.011,1,37.424,0,164.7,1:31:10.267,13:21:10.267,0:31.252,0:33.011,0:37.424,262.8,Alexander BUKHANTSOV,,LMP3,,Inter Europol Competition,Ligier,FF,31.252,33.011,37.424,
9,3,1,2:13.080,0,,59.800,0,35.451,0,37.829,0,118.6,2:13.080,11:52:13.080,0:59.800,0:35.451,0:37.829,,Matteo CAIROLI,0:00:24.338,LMP2,,Iron Lynx - Proton,Oreca,GF,59.800,35.451,37.829,
9,3,2,1:40.882,0,,31.906,0,34.010,0,34.966,0,166.0,3:53.962,11:53:53.962,0:31.906,0:34.010,0:34.966,265.4,Matteo CAIROLI,,LMP2,,Iron Lynx - Proton,Oreca,GF,31.906,34.010,34.966,
9,3,3,1:33.360,0,,28.705,0,30.367,0,34.288,0,179.4,5:27.322,11:55:27.322,0:28.705,0:30.367,0:34.288,290.3,Matteo CAIROLI,,LMP2,,Iron Lynx - Proton,Oreca,GF,28.705,30.367,34.288,
9,3,4,1:37.024,0,,28.430,1,30.351,0,38.243,0,172.6,7:04.346,11:57:04.346,0:28.430,0:30.351,0:38.243,291.9,Matteo CAIROLI,,LMP2,,Iron Lynx - Proton,Oreca,GF,28.430,30.351,38.243,
9,3,5,1:32.979,2,,28.443,0,30.394,0,34.142,2,180.2,8:37.325,11:58:37.325,0:28.443,0:30.394,0:34.142,291.1,Matteo CAIROLI,,LMP2,,Iron Lynx - Proton,Oreca,GF,28.443,30.394,34.142,
9,3,6,1:40.061,0,B,28.910,0,30.617,0,40.534,0,167.4,10:17.386,12:00:17.386,0:28.910,0:30.617,0:40.534,290.3,Matteo CAIROLI,,LMP2,,Iron Lynx - Proton,Oreca,GF,28.910,30.617,40.534,
9,3,7,5:27.922,0,,4:22.220,0,30.801,0,34.901,0,51.1,15:45.308,12:05:45.308,4:22.220,0:30.801,0:34.901,,Matteo CAIROLI,0:03:58.585,LMP2,,Iron Lynx - Proton,Oreca,GF,262.220,30.801,34.901,
9,3,8,1:34.268,0,,29.201,0,30.315,2,34.752,0,177.7,17:19.576,12:07:19.576,0:29.201,0:30.315,0:34.752,290.3,Matteo CAIROLI,,LMP2,,Iron Lynx - Proton,Oreca,GF,29.201,30.315,34.752,
9,3,9,1:34.299,0,,28.578,0,30.679,0,35.042,0,177.6,18:53.875,12:08:53.875,0:28.578,0:30.679,0:35.042,288.8,Matteo CAIROLI,,LMP2,,Iron Lynx - Proton,Oreca,GF,28.578,30.679,35.042,
9,3,10,1:34.026,0,,29.294,0,30.343,0,34.389,0,178.2,20:27.901,12:10:27.901,0:29.294,0:30.343,0:34.389,285.0,Matteo CAIROLI,,LMP2,,Iron Lynx - Proton,Oreca,GF,29.294,30.343,34.389,
9,3,11,1:36.412,0,,28.798,0,31.654,0,35.960,0,173.7,22:04.313,12:12:04.313,0:28.798,0:31.654,0:35.960,290.3,Matteo CAIROLI,,LMP2,,Iron Lynx - Proton,Oreca,GF,28.798,31.654,35.960,
9,3,12,1:34.955,0,,29.447,0,30.732,0,34.776,0,176.4,23:39.268,12:13:39.268,0:29.447,0:30.732,0:34.776,292.7,Matteo CAIROLI,,LMP2,,Iron Lynx - Proton,Oreca,GF,29.447,30.732,34.776,
9,3,13,1:34.146,0,,29.047,0,30.678,0,34.421,0,177.9,25:13.414,12:15:13.414,0:29.047,0:30.678,0:34.421,291.9,Matteo CAIROLI,,LMP2,,Iron Lynx - Proton,Oreca,GF,29.047,30.678,34.421,
9,3,14,1:33.718,0,,28.545,0,30.450,0,34.723,0,178.7,26:47.132,12:16:47.132,0:28.545,0:30.450,0:34.723,293.5,Matteo CAIROLI,,LMP2,,Iron Lynx - Proton,Oreca,GF,28.545,30.450,34.723,
9,3,15,1:41.006,0,B,28.769,0,31.290,0,40.947,0,165.8,28:28.138,12:18:28.138,0:28.769,0:31.290,0:40.947,291.1,Matteo CAIROLI,,LMP2,,Iron Lynx - Proton,Oreca,GF,28.769,31.290,40.947,
9,2,16,3:41.092,0,,2:34.442,0,31.403,0,35.247,0,75.8,32:09.230,12:22:09.230,2:34.442,0:31.403,0:35.247,,Maceo CAPIETTO,0:02:09.300,LMP2,,Iron Lynx - Proton,Oreca,GF,154.442,31.403,35.247,
9,2,17,1:34.961,0,,28.821,0,30.921,0,35.219,0,176.4,33:44.191,12:23:44.191,0:28.821,0:30.921,0:35.219,291.9,Maceo CAPIETTO,,LMP2,,Iron Lynx - Proton,Oreca,GF,28.821,30.921,35.219,
9,2,18,1:34.179,0,,28.881,0,30.724,0,34.574,1,177.9,35:18.370,12:25:18.370,0:28.881,0:30.724,0:34.574,290.3,Maceo CAPIETTO,,LMP2,,Iron Lynx - Proton,Oreca,GF,28.881,30.724,34.574,
9,2,19,1:34.231,0,,28.851,0,30.692,0,34.688,0,177.8,36:52.601,12:26:52.601,0:28.851,0:30.692,0:34.688,292.7,Maceo CAPIETTO,,LMP2,,Iron Lynx - Proton,Oreca,GF,28.851,30.692,34.688,
9,2,20,1:35.865,0,,29.154,0,31.623,0,35.088,0,174.7,38:28.466,12:28:28.466,0:29.154,0:31.623,0:35.088,291.1,Maceo CAPIETTO,,LMP2,,Iron Lynx - Proton,Oreca,GF,29.154,31.623,35.088,
9,2,21,1:35.187,0,,29.309,0,31.191,0,34.687,0,176.0,40:03.653,12:30:03.653,0:29.309,0:31.191,0:34.687,290.3,Maceo CAPIETTO,,LMP2,,Iron Lynx - Proton,Oreca,GF,29.309,31.191,34.687,
9,2,22,1:36.472,0,,29.919,0,31.389,0,35.164,0,173.6,41:40.125,12:31:40.125,0:29.919,0:31.389,0:35.164,293.5,Maceo CAPIETTO,,LMP2,,Iron Lynx - Proton,Oreca,GF,29.919,31.389,35.164,
9,2,23,1:34.417,0,,28.718,0,30.927,0,34.772,0,177.4,43:14.542,12:33:14.542,0:28.718,0:30.927,0:34.772,291.1,Maceo CAPIETTO,,LMP2,,Iron Lynx - Proton,Oreca,GF,28.718,30.927,34.772,
9,2,24,1:35.811,0,,28.911,0,31.353,0,35.547,0,174.8,44:50.353,12:34:50.353,0:28.911,0:31.353,0:35.547,292.7,Maceo CAPIETTO,,LMP2,,Iron Lynx - Proton,Oreca,GF,28.911,31.353,35.547,
9,2,25,1:34.251,0,,28.776,0,30.738,0,34.737,0,177.7,46:24.604,12:36:24.604,0:28.776,0:30.738,0:34.737,291.9,Maceo CAPIETTO,,LMP2,,Iron Lynx - Proton,Oreca,GF,28.776,30.738,34.737,
9,2,26,1:34.027,0,,28.575,0,30.603,1,34.849,0,178.1,47:58.631,12:37:58.631,0:28.575,0:30.603,0:34.849,292.7,Maceo CAPIETTO,,LMP2,,Iron Lynx - Proton,Oreca,GF,28.575,30.603,34.849,
9,2,27,1:42.028,0,B,28.382,2,31.529,0,42.117,0,164.2,49:40.659,12:39:40.659,0:28.382,0:31.529,0:42.117,293.5,Maceo CAPIETTO,,LMP2,,Iron Lynx - Proton,Oreca,GF,28.382,31.529,42.117,
9,1,28,4:11.185,0,,3:02.478,0,31.986,0,36.721,0,66.7,53:51.844,12:43:51.844,3:02.478,0:31.986,0:36.721,,Jonas RIED,0:02:36.676,LMP2,,Iron Lynx - Proton,Oreca,GF,182.478,31.986,36.721,
9,1,29,1:36.838,0,,29.692,0,31.298,0,35.848,0,173.0,55:28.682,12:45:28.682,0:29.692,0:31.298,0:35.848,288.8,Jonas RIED,,LMP2,,Iron Lynx - Proton,Oreca,GF,29.692,31.298,35.848,
9,1,30,1:36.706,0,,29.484,0,31.386,0,35.836,0,173.2,57:05.388,12:47:05.388,0:29.484,0:31.386,0:35.836,289.5,Jonas RIED,,LMP2,,Iron Lynx - Proton,Oreca,GF,29.484,31.386,35.836,
9,1,31,1:36.877,0,,29.417,0,31.883,0,35.577,0,172.9,58:42.265,12:48:42.265,0:29.417,0:31.883,0:35.577,288.0,Jonas RIED,,LMP2,,Iron Lynx - Proton,Oreca,GF,29.417,31.883,35.577,
9,1,32,1:36.262,0,,29.375,0,31.250,0,35.637,0,174.0,1:00:18.527,12:50:18.527,0:29.375,0:31.250,0:35.637,290.3,Jonas RIED,,LMP2,,Iron Lynx - Proton,Oreca,GF,29.375,31.250,35.637,
9,1,33,1:45.533,0,B,30.259,0,32.140,0,43.134,0,158.7,1:02:04.060,12:52:04.060,0:30.259,0:32.140,0:43.134,291.1,Jonas RIED,,LMP2,,Iron Lynx - Proton,Oreca,GF,30.259,32.140,43.134,
9,1,34,4:20.367,0,,3:13.323,0,31.457,0,35.587,0,64.3,1:06:24.427,12:56:24.427,3:13.323,0:31.457,0:35.587,,Jonas RIED,0:02:47.187,LMP2,,Iron Lynx - Proton,Oreca,GF,193.323,31.457,35.587,
9,1,35,1:35.982,0,,29.310,0,31.256,0,35.416,1,174.5,1:08:00.409,12:58:00.409,0:29.310,0:31.256,0:35.416,290.3,Jonas RIED,,LMP2,,Iron Lynx - Proton,Oreca,GF,29.310,31.256,35.416,
9,1,36,1:37.665,0,,29.259,1,31.472,0,36.934,0,171.5,1:09:38.074,12:59:38.074,0:29.259,0:31.472,0:36.934,291.9,Jonas RIED,,LMP2,,Iron Lynx - Proton,Oreca,GF,29.259,31.472,36.934,
9,1,37,2:56.143,0,,38.410,0,1:02.889,0,1:14.844,0,95.1,1:12:34.217,13:02:34.217,0:38.410,1:02.889,1:14.844,285.0,Jonas RIED,,LMP2,,Iron Lynx - Proton,Oreca,FCY,38.410,62.889,74.844,
9,1,38,2:57.484,0,,1:11.726,0,1:03.071,0,42.687,0,94.4,1:15:31.701,13:05:31.701,1:11.726,1:03.071,0:42.687,79.4,Jonas RIED,,LMP2,,Iron Lynx - Proton,Oreca,GF,71.726,63.071,42.687,
9,1,39,1:37.908,0,,29.338,0,32.157,0,36.413,0,171.1,1:17:09.609,13:07:09.609,0:29.338,0:32.157,0:36.413,287.2,Jonas RIED,,LMP2,,Iron Lynx - Proton,Oreca,GF,29.338,32.157,36.413,
9,1,40,2:06.936,0,,30.350,0,59.991,0,36.595,0,132.0,1:19:16.545,13:09:16.545,0:30.350,0:59.991,0:36.595,285.7,Jonas RIED,,LMP2,,Iron Lynx - Proton,Oreca,GF,30.350,59.991,36.595,
9,1,41,1:42.592,0,,30.952,0,31.656,0,39.984,0,163.3,1:20:59.137,13:10:59.137,0:30.952,0:31.656,0:39.984,287.2,Jonas RIED,,LMP2,,Iron Lynx - Proton,Oreca,GF,30.952,31.656,39.984,
9,1,42,1:37.621,0,,30.638,0,31.505,0,35.478,0,171.6,1:22:36.758,13:12:36.758,0:30.638,0:31.505,0:35.478,279.8,Jonas RIED,,LMP2,,Iron Lynx - Proton,Oreca,GF,30.638,31.505,35.478,
9,1,43,1:37.867,0,,30.113,0,32.198,0,35.556,0,171.2,1:24:14.625,13:14:14.625,0:30.113,0:32.198,0:35.556,288.8,Jonas RIED,,LMP2,,Iron Lynx - Proton,Oreca,GF,30.113,32.198,35.556,
9,1,44,1:37.041,0,,29.362,0,31.219,1,36.460,0,172.6,1:25:51.666,13:15:51.666,0:29.362,0:31.219,0:36.460,287.2,Jonas RIED,,LMP2,,Iron Lynx - Proton,Oreca,GF,29.362,31.219,36.460,
9,1,45,1:37.551,0,,29.868,0,32.060,0,35.623,0,171.7,1:27:29.217,13:17:29.217,0:29.868,0:32.060,0:35.623,286.5,Jonas RIED,,LMP2,,Iron Lynx - Proton,Oreca,GF,29.868,32.060,35.623,
9,1,46,1:36.548,0,,29.325,0,31.254,0,35.969,0,173.5,1:29:05.765,13:19:05.765,0:29.325,0:31.254,0:35.969,292.7,Jonas RIED,,LMP2,,Iron Lynx - Proton,Oreca,GF,29.325,31.254,35.969,
9,1,47,1:36.596,0,,29.632,0,31.393,0,35.571,0,173.4,1:30:42.361,13:20:42.361,0:29.632,0:31.393,0:35.571,294.3,Jonas RIED,,LMP2,,Iron Lynx - Proton,Oreca,FF,29.632,31.393,35.571,
97,3,1,2:02.931,0,,48.501,0,35.441,0,38.989,0,128.4,2:02.931,11:52:02.931,0:48.501,0:35.441,0:38.989,,Jonathan ADAM,0:00:13.742,LMGT3,,Grid Motorsport by TF,Aston Martin,GF,48.501,35.441,38.989,
97,3,2,1:46.634,0,,33.340,0,34.419,0,38.875,0,157.1,3:49.565,11:53:49.565,0:33.340,0:34.419,0:38.875,251.2,Jonathan ADAM,,LMGT3,,Grid Motorsport by TF,Aston Martin,GF,33.340,34.419,38.875,
97,3,3,1:44.144,0,,32.315,0,33.688,0,38.141,0,160.8,5:33.709,11:55:33.709,0:32.315,0:33.688,0:38.141,250.6,Jonathan ADAM,,LMGT3,,Grid Motorsport by TF,Aston Martin,GF,32.315,33.688,38.141,
97,3,4,1:43.281,2,,31.955,0,33.348,0,37.978,2,162.2,7:16.990,11:57:16.990,0:31.955,0:33.348,0:37.978,253.5,Jonathan ADAM,,LMGT3,,Grid Motorsport by TF,Aston Martin,GF,31.955,33.348,37.978,
97,3,5,1:45.189,0,,32.045,0,34.313,0,38.831,0,159.2,9:02.179,11:59:02.179,0:32.045,0:34.313,0:38.831,252.9,Jonathan ADAM,,LMGT3,,Grid Motorsport by TF,Aston Martin,GF,32.045,34.313,38.831,
97,3,6,1:45.402,0,,31.923,0,33.374,0,40.105,0,158.9,10:47.581,12:00:47.581,0:31.923,0:33.374,0:40.105,254.7,Jonathan ADAM,,LMGT3,,Grid Motorsport by TF,Aston Martin,GF,31.923,33.374,40.105,
97,3,7,1:43.570,0,,32.188,0,33.314,0,38.068,0,161.7,12:31.151,12:02:31.151,0:32.188,0:33.314,0:38.068,253.5,Jonathan ADAM,,LMGT3,,Grid Motorsport by TF,Aston Martin,GF,32.188,33.314,38.068,
97,3,8,1:43.268,0,,31.842,2,33.277,2,38.149,0,162.2,14:14.419,12:04:14.419,0:31.842,0:33.277,0:38.149,254.1,Jonathan ADAM,,LMGT3,,Grid Motorsport by TF,Aston Martin,GF,31.842,33.277,38.149,
97,3,9,1:51.767,0,B,33.053,0,34.702,0,44.012,0,149.9,16:06.186,12:06:06.186,0:33.053,0:34.702,0:44.012,251.7,Jonathan ADAM,,LMGT3,,Grid Motorsport by TF,Aston Martin,GF,33.053,34.702,44.012,
97,3,10,6:47.448,0,,5:30.417,0,33.917,0,43.114,0,41.1,22:53.634,12:12:53.634,5:30.417,0:33.917,0:43.114,,Jonathan ADAM,0:05:03.983,LMGT3,,Grid Motorsport by TF,Aston Martin,GF,330.417,33.917,43.114,
97,3,11,1:46.621,0,,32.940,0,33.304,0,40.377,0,157.1,24:40.255,12:14:40.255,0:32.940,0:33.304,0:40.377,252.3,Jonathan ADAM,,LMGT3,,Grid Motorsport by TF,Aston Martin,GF,32.940,33.304,40.377,
97,3,12,1:43.310,0,,31.919,0,33.410,0,37.981,0,162.1,26:23.565,12:16:23.565,0:31.919,0:33.410,0:37.981,254.1,Jonathan ADAM,,LMGT3,,Grid Motorsport by TF,Aston Martin,GF,31.919,33.410,37.981,
97,3,13,1:45.681,0,,32.161,0,34.164,0,39.356,0,158.5,28:09.246,12:18:09.246,0:32.161,0:34.164,0:39.356,251.7,Jonathan ADAM,,LMGT3,,Grid Motorsport by TF,Aston Martin,GF,32.161,34.164,39.356,
97,3,14,1:50.692,0,B,32.282,0,34.331,0,44.079,0,151.3,29:59.938,12:19:59.938,0:32.282,0:34.331,0:44.079,252.9,Jonathan ADAM,,LMGT3,,Grid Motorsport by TF,Aston Martin,GF,32.282,34.331,44.079,
97,3,15,5:01.832,0,,3:50.110,0,33.625,0,38.097,0,55.5,35:01.770,12:25:01.770,3:50.110,0:33.625,0:38.097,,Jonathan ADAM,0:03:23.580,LMGT3,,Grid Motorsport by TF,Aston Martin,GF,230.110,33.625,38.097,
97,3,16,1:43.674,0,,32.108,0,33.499,0,38.067,0,161.6,36:45.444,12:26:45.444,0:32.108,0:33.499,0:38.067,254.7,Jonathan ADAM,,LMGT3,,Grid Motorsport by TF,Aston Martin,GF,32.108,33.499,38.067,
97,3,17,1:54.189,0,B,34.075,0,34.830,0,45.284,0,146.7,38:39.633,12:28:39.633,0:34.075,0:34.830,0:45.284,252.9,Jonathan ADAM,,LMGT3,,Grid Motorsport by TF,Aston Martin,GF,34.075,34.830,45.284,
97,2,18,3:16.180,0,,1:59.535,0,35.970,0,40.675,0,85.4,41:55.813,12:31:55.813,1:59.535,0:35.970,0:40.675,,Lorcan HANAFIN,0:01:30.154,LMGT3,,Grid Motorsport by TF,Aston Martin,GF,119.535,35.970,40.675,
97,2,19,1:49.190,0,,33.204,0,37.457,0,38.529,0,153.4,43:45.003,12:33:45.003,0:33.204,0:37.457,0:38.529,250.0,Lorcan HANAFIN,,LMGT3,,Grid Motorsport by TF,Aston Martin,GF,33.204,37.457,38.529,
97,2,20,1:43.885,0,,32.164,1,33.570,0,38.151,0,161.2,45:28.888,12:35:28.888,0:32.164,0:33.570,0:38.151,250.6,Lorcan HANAFIN,,LMGT3,,Grid Motorsport by TF,Aston Martin,GF,32.164,33.570,38.151,
97,2,21,1:45.426,0,,33.410,0,33.876,0,38.140,1,158.9,47:14.314,12:37:14.314,0:33.410,0:33.876,0:38.140,252.9,Lorcan HANAFIN,,LMGT3,,Grid Motorsport by TF,Aston Martin,GF,33.410,33.876,38.140,
97,2,22,1:43.864,0,,32.181,0,33.447,1,38.236,0,161.3,48:58.178,12:38:58.178,0:32.181,0:33.447,0:38.236,251.7,Lorcan HANAFIN,,LMGT3,,Grid Motorsport by TF,Aston Martin,GF,32.181,33.447,38.236,
97,2,23,1:44.638,0,,32.542,0,33.670,0,38.426,0,160.1,50:42.816,12:40:42.816,0:32.542,0:33.670,0:38.426,255.9,Lorcan HANAFIN,,LMGT3,,Grid Motorsport by TF,Aston Martin,GF,32.542,33.670,38.426,
97,2,24,1:44.196,0,,32.282,0,33.588,0,38.326,0,160.8,52:27.012,12:42:27.012,0:32.282,0:33.588,0:38.326,251.7,Lorcan HANAFIN,,LMGT3,,Grid Motorsport by TF,Aston Martin,GF,32.282,33.588,38.326,
97,2,25,1:44.541,0,,32.299,0,33.616,0,38.626,0,160.2,54:11.553,12:44:11.553,0:32.299,0:33.616,0:38.626,252.3,Lorcan HANAFIN,,LMGT3,,Grid Motorsport by TF,Aston Martin,GF,32.299,33.616,38.626,
97,2,26,1:44.154,0,,32.066,0,33.645,0,38.443,0,160.8,55:55.707,12:45:55.707,0:32.066,0:33.645,0:38.443,253.5,Lorcan HANAFIN,,LMGT3,,Grid Motorsport by TF,Aston Martin,GF,32.066,33.645,38.443,
97,2,27,1:44.836,0,,32.286,0,33.952,0,38.598,0,159.8,57:40.543,12:47:40.543,0:32.286,0:33.952,0:38.598,252.3,Lorcan HANAFIN,,LMGT3,,Grid Motorsport by TF,Aston Martin,GF,32.286,33.952,38.598,
97,2,28,1:44.511,0,,32.184,0,33.795,0,38.532,0,160.3,59:25.054,12:49:25.054,0:32.184,0:33.795,0:38.532,251.2,Lorcan HANAFIN,,LMGT3,,Grid Motorsport by TF,Aston Martin,GF,32.184,33.795,38.532,
97,2,29,1:52.849,0,B,32.654,0,34.422,0,45.773,0,148.4,1:01:17.903,12:51:17.903,0:32.654,0:34.422,0:45.773,251.7,Lorcan HANAFIN,,LMGT3,,Grid Motorsport by TF,Aston Martin,GF,32.654,34.422,45.773,
97,1,30,4:27.257,0,,3:10.749,0,34.636,0,41.872,0,62.7,1:05:45.160,12:55:45.160,3:10.749,0:34.636,0:41.872,,Martin BERRY,0:02:42.076,LMGT3,,Grid Motorsport by TF,Aston Martin,GF,190.749,34.636,41.872,
97,1,31,1:49.510,0,,33.439,0,35.889,0,40.182,0,153.0,1:07:34.670,12:57:34.670,0:33.439,0:35.889,0:40.182,250.6,Martin BERRY,,LMGT3,,Grid Motorsport by TF,Aston Martin,GF,33.439,35.889,40.182,
97,1,32,1:48.589,0,,34.001,0,35.036,0,39.552,0,154.3,1:09:23.259,12:59:23.259,0:34.001,0:35.036,0:39.552,250.6,Martin BERRY,,LMGT3,,Grid Motorsport by TF,Aston Martin,GF,34.001,35.036,39.552,
97,1,33,2:48.500,0,,33.438,0,1:00.774,0,1:14.288,0,99.4,1:12:11.759,13:02:11.759,0:33.438,1:00.774,1:14.288,248.8,Martin BERRY,,LMGT3,,Grid Motorsport by TF,Aston Martin,FCY,33.438,60.774,74.288,
97,1,34,3:07.479,0,,1:11.707,0,1:02.518,0,53.254,0,89.3,1:15:19.238,13:05:19.238,1:11.707,1:02.518,0:53.254,79.6,Martin BERRY,,LMGT3,,Grid Motorsport by TF,Aston Martin,GF,71.707,62.518,53.254,
97,1,35,1:49.490,0,,33.870,0,34.887,0,40.733,0,153.0,1:17:08.728,13:07:08.728,0:33.870,0:34.887,0:40.733,248.3,Martin BERRY,,LMGT3,,Grid Motorsport by TF,Aston Martin,GF,33.870,34.887,40.733,
97,1,36,1:49.828,0,,34.050,0,36.240,0,39.538,0,152.5,1:18:58.556,13:08:58.556,0:34.050,0:36.240,0:39.538,249.4,Martin BERRY,,LMGT3,,Grid Motorsport by TF,Aston Martin,GF,34.050,36.240,39.538,
97,1,37,1:47.252,0,,33.413,0,34.373,0,39.466,0,156.2,1:20:45.808,13:10:45.808,0:33.413,0:34.373,0:39.466,250.0,Martin BERRY,,LMGT3,,Grid Motorsport by TF,Aston Martin,GF,33.413,34.373,39.466,
97,1,38,1:46.819,0,,33.127,0,34.350,0,39.342,0,156.8,1:22:32.627,13:12:32.627,0:33.127,0:34.350,0:39.342,249.4,Martin BERRY,,LMGT3,,Grid Motorsport by TF,Aston Martin,GF,33.127,34.350,39.342,
97,1,39,1:46.825,0,,32.975,1,34.298,0,39.552,0,156.8,1:24:19.452,13:14:19.452,0:32.975,0:34.298,0:39.552,248.8,Martin BERRY,,LMGT3,,Grid Motorsport by TF,Aston Martin,GF,32.975,34.298,39.552,
97,1,40,1:48.171,0,,33.878,0,35.096,0,39.197,0,154.9,1:26:07.623,13:16:07.623,0:33.878,0:35.096,0:39.197,250.6,Martin BERRY,,LMGT3,,Grid Motorsport by TF,Aston Martin,GF,33.878,35.096,39.197,
97,1,41,1:46.425,0,,33.141,0,34.367,0,38.917,1,157.4,1:27:54.048,13:17:54.048,0:33.141,0:34.367,0:38.917,250.0,Martin BERRY,,LMGT3,,Grid Motorsport by TF,Aston Martin,GF,33.141,34.367,38.917,
97,1,42,1:46.679,0,,32.787,0,34.239,0,39.653,0,157.0,1:29:40.727,13:19:40.727,0:32.787,0:34.239,0:39.653,252.3,Martin BERRY,,LMGT3,,Grid Motorsport by TF,Aston Martin,GF,32.787,34.239,39.653,
97,1,43,1:46.246,0,,32.750,0,34.205,1,39.291,0,157.7,1:31:26.973,13:21:26.973,0:32.750,0:34.205,0:39.291,252.3,Martin BERRY,,LMGT3,,Grid Motorsport by TF,Aston Martin,FF,32.750,34.205,39.291,
