NUMBER, DRIVER_NUMBER, LAP_NUMBER, LAP_TIME, LAP_IMPROVEMENT, CROSSING_FINISH_LINE_IN_PIT, S1, S1_IMPROVEMENT, S2, S2_IMPROVEMENT, S3, S3_IMPROVEMENT, KPH, ELAPSED, HOUR,S1_LARGE,S2_LARGE,S3_LARGE,TOP_SPEED,DRIVER_NAME,PIT_TIME,CLASS,GROUP,TEAM,MANUFACTURER,
1,2,1,1:49.594,0,,38.036,0,34.924,0,36.634,0,144.0,1:49.594,14:01:49.594,0:38.036,0:34.924,0:36.634,,Sophia FLOERSCH,0:00:05.611,LMP2,,Richard Mille Racing Team,Oreca,
1,2,2,1:39.683,0,,31.172,0,31.846,0,36.665,0,168.0,3:29.277,14:03:29.277,0:31.172,0:31.846,0:36.665,288.8,Sophia FLOERSCH,,LMP2,,Richard Mille Racing Team,Oreca,
1,2,3,1:36.401,0,,29.875,0,30.434,0,36.092,0,173.8,5:05.678,14:05:05.678,0:29.875,0:30.434,0:36.092,291.1,Sophia FLOERSCH,,LMP2,,Richard Mille Racing Team,Oreca,
1,2,4,1:34.977,0,,30.160,0,30.247,0,34.570,0,176.4,6:40.655,14:06:40.655,0:30.160,0:30.247,0:34.570,290.3,Sophia FLOERSCH,,LMP2,,Richard Mille Racing Team,Oreca,
1,2,5,1:34.917,0,,29.462,0,30.546,0,34.909,0,176.5,8:15.572,14:08:15.572,0:29.462,0:30.546,0:34.909,293.5,Sophia FLOERSCH,,LMP2,,Richard Mille Racing Team,Oreca,
1,2,6,1:34.218,0,,29.392,0,30.220,0,34.606,0,177.8,9:49.790,14:09:49.790,0:29.392,0:30.220,0:34.606,293.5,Sophia FLOERSCH,,LMP2,,Richard Mille Racing Team,Oreca,
1,2,7,1:44.089,0,B,31.903,0,30.482,0,41.704,0,160.9,11:33.879,14:11:33.879,0:31.903,0:30.482,0:41.704,294.3,Sophia FLOERSCH,,LMP2,,Richard Mille Racing Team,Oreca,
1,2,8,7:19.627,0,,6:14.156,0,30.444,0,35.027,0,38.1,18:53.506,14:18:53.506,6:14.156,0:30.444,0:35.027,,Sophia FLOERSCH,0:05:49.439,LMP2,,Richard Mille Racing Team,Oreca,
1,2,9,1:33.356,2,,29.426,0,29.907,0,34.023,2,179.4,20:26.862,14:20:26.862,0:29.426,0:29.907,0:34.023,288.8,Sophia FLOERSCH,,LMP2,,Richard Mille Racing Team,Oreca,
1,2,10,1:33.463,0,,29.243,2,29.819,2,34.401,0,179.2,22:00.325,14:22:00.325,0:29.243,0:29.819,0:34.401,294.3,Sophia FLOERSCH,,LMP2,,Richard Mille Racing Team,Oreca,
1,2,11,1:34.601,0,,29.280,0,30.840,0,34.481,0,177.1,23:34.926,14:23:34.926,0:29.280,0:30.840,0:34.481,292.7,Sophia FLOERSCH,,LMP2,,Richard Mille Racing Team,Oreca,
1,2,12,1:43.081,0,,29.378,0,30.042,0,43.661,0,162.5,25:18.007,14:25:18.007,0:29.378,0:30.042,0:43.661,294.3,Sophia FLOERSCH,,LMP2,,Richard Mille Racing Team,Oreca,
1,2,13,1:38.332,0,,29.642,0,30.849,0,37.841,0,170.3,26:56.339,14:26:56.339,0:29.642,0:30.849,0:37.841,293.5,Sophia FLOERSCH,,LMP2,,Richard Mille Racing Team,Oreca,
1,2,14,1:41.652,0,B,30.091,0,30.488,0,41.073,0,164.8,28:37.991,14:28:37.991,0:30.091,0:30.488,0:41.073,284.2,Sophia FLOERSCH,,LMP2,,Richard Mille Racing Team,Oreca,
1,3,15,3:35.858,0,,2:28.000,0,31.511,0,36.347,0,77.6,32:13.849,14:32:13.849,2:28.000,0:31.511,0:36.347,,Beitske VISSER,0:02:01.681,LMP2,,Richard Mille Racing Team,Oreca,
1,3,16,1:36.122,0,,29.760,0,31.317,0,35.045,0,174.3,33:49.971,14:33:49.971,0:29.760,0:31.317,0:35.045,291.9,Beitske VISSER,,LMP2,,Richard Mille Racing Team,Oreca,
1,3,17,1:34.847,0,,30.050,0,30.224,1,34.573,0,176.6,35:24.818,14:35:24.818,0:30.050,0:30.224,0:34.573,291.9,Beitske VISSER,,LMP2,,Richard Mille Racing Team,Oreca,
1,3,18,1:35.590,0,,29.545,0,30.415,0,35.630,0,175.2,37:00.408,14:37:00.408,0:29.545,0:30.415,0:35.630,293.5,Beitske VISSER,,LMP2,,Richard Mille Racing Team,Oreca,
1,3,19,1:35.984,0,,30.314,0,30.465,0,35.205,0,174.5,38:36.392,14:38:36.392,0:30.314,0:30.465,0:35.205,289.5,Beitske VISSER,,LMP2,,Richard Mille Racing Team,Oreca,
1,3,20,1:34.301,0,,29.494,1,30.237,0,34.570,1,177.6,40:10.693,14:40:10.693,0:29.494,0:30.237,0:34.570,293.5,Beitske VISSER,,LMP2,,Richard Mille Racing Team,Oreca,
1,3,21,1:35.331,0,,29.721,0,30.810,0,34.800,0,175.7,41:46.024,14:41:46.024,0:29.721,0:30.810,0:34.800,293.5,Beitske VISSER,,LMP2,,Richard Mille Racing Team,Oreca,
1,3,22,1:35.287,0,,29.869,0,30.557,0,34.861,0,175.8,43:21.311,14:43:21.311,0:29.869,0:30.557,0:34.861,295.9,Beitske VISSER,,LMP2,,Richard Mille Racing Team,Oreca,
1,3,23,1:41.220,0,B,29.696,0,30.440,0,41.084,0,165.5,45:02.531,14:45:02.531,0:29.696,0:30.440,0:41.084,293.5,Beitske VISSER,,LMP2,,Richard Mille Racing Team,Oreca,
1,1,24,2:50.457,0,,1:44.484,0,31.051,0,34.922,0,98.3,47:52.988,14:47:52.988,1:44.484,0:31.051,0:34.922,,Tatiana CALDERON,0:01:18.121,LMP2,,Richard Mille Racing Team,Oreca,
1,1,25,1:34.476,0,,29.693,0,30.407,0,34.376,0,177.3,49:27.464,14:49:27.464,0:29.693,0:30.407,0:34.376,291.9,Tatiana CALDERON,,LMP2,,Richard Mille Racing Team,Oreca,
1,1,26,1:34.381,0,,29.606,0,30.375,0,34.400,0,177.5,51:01.845,14:51:01.845,0:29.606,0:30.375,0:34.400,294.3,Tatiana CALDERON,,LMP2,,Richard Mille Racing Team,Oreca,
1,1,27,1:35.447,0,,29.586,0,30.489,0,35.372,0,175.5,52:37.292,14:52:37.292,0:29.586,0:30.489,0:35.372,295.1,Tatiana CALDERON,,LMP2,,Richard Mille Racing Team,Oreca,
1,1,28,1:34.557,0,,29.820,0,30.422,0,34.315,1,177.2,54:11.849,14:54:11.849,0:29.820,0:30.422,0:34.315,291.1,Tatiana CALDERON,,LMP2,,Richard Mille Racing Team,Oreca,
1,1,29,1:34.997,0,,29.472,1,30.571,0,34.954,0,176.3,55:46.846,14:55:46.846,0:29.472,0:30.571,0:34.954,295.1,Tatiana CALDERON,,LMP2,,Richard Mille Racing Team,Oreca,
1,1,30,1:34.585,0,,29.694,0,30.501,0,34.390,0,177.1,57:21.431,14:57:21.431,0:29.694,0:30.501,0:34.390,296.7,Tatiana CALDERON,,LMP2,,Richard Mille Racing Team,Oreca,
1,1,31,1:34.701,0,,29.627,0,30.546,0,34.528,0,176.9,58:56.132,14:58:56.132,0:29.627,0:30.546,0:34.528,295.1,Tatiana CALDERON,,LMP2,,Richard Mille Racing Team,Oreca,
1,1,32,1:40.523,0,B,29.534,0,30.167,1,40.822,0,166.6,1:00:36.655,15:00:36.655,0:29.534,0:30.167,0:40.822,293.5,Tatiana CALDERON,,LMP2,,Richard Mille Racing Team,Oreca,
20,2,1,2:53.265,0,,1:39.269,0,35.102,0,38.894,0,91.1,2:53.265,14:02:53.265,1:39.269,0:35.102,0:38.894,,Anders FJORDBACH,0:01:06.778,LMP2,P/A,High Class Racing,Oreca,
20,2,2,1:36.287,0,,29.203,0,31.439,0,35.645,0,174.0,4:29.552,14:04:29.552,0:29.203,0:31.439,0:35.645,291.9,Anders FJORDBACH,,LMP2,P/A,High Class Racing,Oreca,
20,2,3,1:33.230,0,,29.048,0,30.256,0,33.926,0,179.7,6:02.782,14:06:02.782,0:29.048,0:30.256,0:33.926,295.9,Anders FJORDBACH,,LMP2,P/A,High Class Racing,Oreca,
20,2,4,1:47.845,0,,38.649,0,33.835,0,35.361,0,155.3,7:50.627,14:07:50.627,0:38.649,0:33.835,0:35.361,294.3,Anders FJORDBACH,,LMP2,P/A,High Class Racing,Oreca,
20,2,5,1:33.842,0,,28.960,0,30.402,0,34.480,0,178.5,9:24.469,14:09:24.469,0:28.960,0:30.402,0:34.480,296.7,Anders FJORDBACH,,LMP2,P/A,High Class Racing,Oreca,
20,2,6,1:33.072,0,,28.830,2,29.970,2,34.272,0,180.0,10:57.541,14:10:57.541,0:28.830,0:29.970,0:34.272,295.1,Anders FJORDBACH,,LMP2,P/A,High Class Racing,Oreca,
20,2,7,1:35.639,0,,29.265,0,30.203,0,36.171,0,175.1,12:33.180,14:12:33.180,0:29.265,0:30.203,0:36.171,297.5,Anders FJORDBACH,,LMP2,P/A,High Class Racing,Oreca,
20,2,8,1:32.827,2,,29.018,0,29.970,0,33.839,2,180.5,14:06.007,14:14:06.007,0:29.018,0:29.970,0:33.839,296.7,Anders FJORDBACH,,LMP2,P/A,High Class Racing,Oreca,
20,2,9,1:40.529,0,B,30.007,0,30.490,0,40.032,0,166.6,15:46.536,14:15:46.536,0:30.007,0:30.490,0:40.032,295.9,Anders FJORDBACH,,LMP2,P/A,High Class Racing,Oreca,
20,3,10,3:24.395,0,,2:17.946,0,31.273,0,35.176,0,82.0,19:10.931,14:19:10.931,2:17.946,0:31.273,0:35.176,,Dennis ANDERSEN,0:01:52.239,LMP2,P/A,High Class Racing,Oreca,
20,3,11,1:37.609,0,,30.543,0,32.019,0,35.047,0,171.6,20:48.540,14:20:48.540,0:30.543,0:32.019,0:35.047,294.3,Dennis ANDERSEN,,LMP2,P/A,High Class Racing,Oreca,
20,3,12,1:36.415,0,,30.114,0,31.104,0,35.197,0,173.7,22:24.955,14:22:24.955,0:30.114,0:31.104,0:35.197,293.5,Dennis ANDERSEN,,LMP2,P/A,High Class Racing,Oreca,
20,3,13,1:36.383,0,,30.101,0,31.073,0,35.209,0,173.8,24:01.338,14:24:01.338,0:30.101,0:31.073,0:35.209,295.1,Dennis ANDERSEN,,LMP2,P/A,High Class Racing,Oreca,
20,3,14,1:36.037,0,,30.111,0,30.978,0,34.948,0,174.4,25:37.375,14:25:37.375,0:30.111,0:30.978,0:34.948,292.7,Dennis ANDERSEN,,LMP2,P/A,High Class Racing,Oreca,
20,3,15,1:36.085,0,,29.958,0,30.980,0,35.147,0,174.3,27:13.460,14:27:13.460,0:29.958,0:30.980,0:35.147,295.1,Dennis ANDERSEN,,LMP2,P/A,High Class Racing,Oreca,
20,3,16,1:37.421,0,,30.415,0,32.088,0,34.918,0,171.9,28:50.881,14:28:50.881,0:30.415,0:32.088,0:34.918,295.1,Dennis ANDERSEN,,LMP2,P/A,High Class Racing,Oreca,
20,3,17,1:37.037,0,,30.678,0,,0,,0,172.6,30:27.918,14:30:27.918,0:30.678,,,293.5,Dennis ANDERSEN,,LMP2,P/A,High Class Racing,Oreca,
20,3,18,1:38.903,0,,32.165,0,31.172,0,35.566,0,169.4,32:06.821,14:32:06.821,0:32.165,0:31.172,0:35.566,294.3,Dennis ANDERSEN,,LMP2,P/A,High Class Racing,Oreca,
20,3,19,1:35.599,0,,30.035,0,30.755,1,34.809,1,175.2,33:42.420,14:33:42.420,0:30.035,0:30.755,0:34.809,292.7,Dennis ANDERSEN,,LMP2,P/A,High Class Racing,Oreca,
20,3,20,1:37.184,0,,30.071,0,30.828,0,36.285,0,172.4,35:19.604,14:35:19.604,0:30.071,0:30.828,0:36.285,293.5,Dennis ANDERSEN,,LMP2,P/A,High Class Racing,Oreca,
20,3,21,1:35.674,0,,30.034,0,30.793,0,34.847,0,175.1,36:55.278,14:36:55.278,0:30.034,0:30.793,0:34.847,290.3,Dennis ANDERSEN,,LMP2,P/A,High Class Racing,Oreca,
20,3,22,1:35.708,0,,30.101,0,30.794,0,34.813,0,175.0,38:30.986,14:38:30.986,0:30.101,0:30.794,0:34.813,294.3,Dennis ANDERSEN,,LMP2,P/A,High Class Racing,Oreca,
20,3,23,1:35.611,0,,29.856,1,30.830,0,34.925,0,175.2,40:06.597,14:40:06.597,0:29.856,0:30.830,0:34.925,295.9,Dennis ANDERSEN,,LMP2,P/A,High Class Racing,Oreca,
20,3,24,1:43.221,0,B,30.516,0,31.044,0,41.661,0,162.3,41:49.818,14:41:49.818,0:30.516,0:31.044,0:41.661,296.7,Dennis ANDERSEN,,LMP2,P/A,High Class Racing,Oreca,
20,1,25,2:51.807,0,,1:46.339,0,31.194,0,34.274,0,97.5,44:41.625,14:44:41.625,1:46.339,0:31.194,0:34.274,,Jan MAGNUSSEN,0:01:19.985,LMP2,P/A,High Class Racing,Oreca,
20,1,26,1:34.264,0,,29.608,0,30.260,0,34.396,0,177.7,46:15.889,14:46:15.889,0:29.608,0:30.260,0:34.396,294.3,Jan MAGNUSSEN,,LMP2,P/A,High Class Racing,Oreca,
20,1,27,1:35.025,0,,30.484,0,30.130,0,34.411,0,176.3,47:50.914,14:47:50.914,0:30.484,0:30.130,0:34.411,296.7,Jan MAGNUSSEN,,LMP2,P/A,High Class Racing,Oreca,
20,1,28,1:34.237,0,,29.606,0,30.194,0,34.437,0,177.8,49:25.151,14:49:25.151,0:29.606,0:30.194,0:34.437,295.1,Jan MAGNUSSEN,,LMP2,P/A,High Class Racing,Oreca,
20,1,29,1:34.227,0,,29.678,0,30.175,0,34.374,0,177.8,50:59.378,14:50:59.378,0:29.678,0:30.175,0:34.374,294.3,Jan MAGNUSSEN,,LMP2,P/A,High Class Racing,Oreca,
20,1,30,1:34.675,0,,29.604,0,30.641,0,34.430,0,176.9,52:34.053,14:52:34.053,0:29.604,0:30.641,0:34.430,295.9,Jan MAGNUSSEN,,LMP2,P/A,High Class Racing,Oreca,
20,1,31,1:34.192,0,,29.394,0,30.374,0,34.424,0,177.8,54:08.245,14:54:08.245,0:29.394,0:30.374,0:34.424,296.7,Jan MAGNUSSEN,,LMP2,P/A,High Class Racing,Oreca,
20,1,32,1:35.023,0,,29.743,0,30.956,0,34.324,0,176.3,55:43.268,14:55:43.268,0:29.743,0:30.956,0:34.324,297.5,Jan MAGNUSSEN,,LMP2,P/A,High Class Racing,Oreca,
20,1,33,1:33.555,0,,29.371,1,30.068,1,34.116,1,179.0,57:16.823,14:57:16.823,0:29.371,0:30.068,0:34.116,296.7,Jan MAGNUSSEN,,LMP2,P/A,High Class Racing,Oreca,
20,1,34,1:34.574,0,,30.137,0,30.152,0,34.285,0,177.1,58:51.397,14:58:51.397,0:30.137,0:30.152,0:34.285,297.5,Jan MAGNUSSEN,,LMP2,P/A,High Class Racing,Oreca,
20,1,35,1:34.382,0,,29.423,0,30.205,0,34.754,0,177.5,1:00:25.779,15:00:25.779,0:29.423,0:30.205,0:34.754,295.9,Jan MAGNUSSEN,,LMP2,P/A,High Class Racing,Oreca,
21,1,1,2:12.140,0,,55.360,0,34.469,0,42.311,0,119.4,2:12.140,14:02:12.140,0:55.360,0:34.469,0:42.311,,Henrik HEDMAN,0:00:19.754,LMP2,P/A,DragonSpeed USA,Oreca,
21,1,2,1:37.556,0,,30.668,0,31.438,0,35.450,0,171.7,3:49.696,14:03:49.696,0:30.668,0:31.438,0:35.450,288.8,Henrik HEDMAN,,LMP2,P/A,DragonSpeed USA,Oreca,
21,1,3,1:35.831,0,,30.135,0,30.671,1,35.025,0,174.8,5:25.527,14:05:25.527,0:30.135,0:30.671,0:35.025,293.5,Henrik HEDMAN,,LMP2,P/A,DragonSpeed USA,Oreca,
21,1,4,1:35.919,0,,29.810,0,30.932,0,35.177,0,174.6,7:01.446,14:07:01.446,0:29.810,0:30.932,0:35.177,294.3,Henrik HEDMAN,,LMP2,P/A,DragonSpeed USA,Oreca,
21,1,5,1:35.559,0,,29.688,1,30.914,0,34.957,1,175.3,8:37.005,14:08:37.005,0:29.688,0:30.914,0:34.957,296.7,Henrik HEDMAN,,LMP2,P/A,DragonSpeed USA,Oreca,
21,1,6,1:35.912,0,,29.736,0,31.089,0,35.087,0,174.6,10:12.917,14:10:12.917,0:29.736,0:31.089,0:35.087,295.9,Henrik HEDMAN,,LMP2,P/A,DragonSpeed USA,Oreca,
21,1,7,1:55.202,0,B,32.826,0,33.890,0,48.486,0,145.4,12:08.119,14:12:08.119,0:32.826,0:33.890,0:48.486,295.1,Henrik HEDMAN,,LMP2,P/A,DragonSpeed USA,Oreca,
21,3,8,5:47.401,0,,4:41.377,0,30.865,0,35.159,0,48.2,17:55.520,14:17:55.520,4:41.377,0:30.865,0:35.159,,Ben HANLEY,0:04:08.826,LMP2,P/A,DragonSpeed USA,Oreca,
21,3,9,1:35.996,0,,30.887,0,30.824,0,34.285,0,174.5,19:31.516,14:19:31.516,0:30.887,0:30.824,0:34.285,291.9,Ben HANLEY,,LMP2,P/A,DragonSpeed USA,Oreca,
21,3,10,1:34.100,0,,30.574,0,29.801,0,33.725,0,178.0,21:05.616,14:21:05.616,0:30.574,0:29.801,0:33.725,282.7,Ben HANLEY,,LMP2,P/A,DragonSpeed USA,Oreca,
21,3,11,1:32.704,0,,29.156,0,29.737,0,33.811,0,180.7,22:38.320,14:22:38.320,0:29.156,0:29.737,0:33.811,298.3,Ben HANLEY,,LMP2,P/A,DragonSpeed USA,Oreca,
21,3,12,1:32.952,0,,28.904,0,29.800,0,34.248,0,180.2,24:11.272,14:24:11.272,0:28.904,0:29.800,0:34.248,297.5,Ben HANLEY,,LMP2,P/A,DragonSpeed USA,Oreca,
21,3,13,1:32.544,0,,29.138,0,29.694,0,33.712,2,181.0,25:43.816,14:25:43.816,0:29.138,0:29.694,0:33.712,295.9,Ben HANLEY,,LMP2,P/A,DragonSpeed USA,Oreca,
21,3,14,1:40.364,0,B,28.947,0,29.641,0,41.776,0,166.9,27:24.180,14:27:24.180,0:28.947,0:29.641,0:41.776,297.5,Ben HANLEY,,LMP2,P/A,DragonSpeed USA,Oreca,
21,3,15,3:45.699,0,,2:38.620,0,30.355,0,36.724,0,74.2,31:09.879,14:31:09.879,2:38.620,0:30.355,0:36.724,,Ben HANLEY,0:02:14.114,LMP2,P/A,DragonSpeed USA,Oreca,
21,3,16,1:32.924,0,,28.996,0,30.070,0,33.858,0,180.3,32:42.803,14:32:42.803,0:28.996,0:30.070,0:33.858,295.9,Ben HANLEY,,LMP2,P/A,DragonSpeed USA,Oreca,
21,3,17,1:32.378,2,,28.808,2,29.563,2,34.007,0,181.3,34:15.181,14:34:15.181,0:28.808,0:29.563,0:34.007,296.7,Ben HANLEY,,LMP2,P/A,DragonSpeed USA,Oreca,
21,3,18,1:37.771,0,,31.467,0,30.752,0,35.552,0,171.3,35:52.952,14:35:52.952,0:31.467,0:30.752,0:35.552,296.7,Ben HANLEY,,LMP2,P/A,DragonSpeed USA,Oreca,
21,3,19,1:42.343,0,B,28.946,0,30.596,0,42.801,0,163.7,37:35.295,14:37:35.295,0:28.946,0:30.596,0:42.801,298.3,Ben HANLEY,,LMP2,P/A,DragonSpeed USA,Oreca,
21,2,20,4:08.097,0,,3:02.267,0,30.965,0,34.865,0,67.5,41:43.392,14:41:43.392,3:02.267,0:30.965,0:34.865,,Juan Pablo MONTOYA,0:02:36.885,LMP2,P/A,DragonSpeed USA,Oreca,
21,2,21,1:33.919,0,,29.376,0,30.295,0,34.248,0,178.4,43:17.311,14:43:17.311,0:29.376,0:30.295,0:34.248,291.9,Juan Pablo MONTOYA,,LMP2,P/A,DragonSpeed USA,Oreca,
21,2,22,1:35.477,0,,29.847,0,30.911,0,34.719,0,175.4,44:52.788,14:44:52.788,0:29.847,0:30.911,0:34.719,296.7,Juan Pablo MONTOYA,,LMP2,P/A,DragonSpeed USA,Oreca,
21,2,23,1:34.420,0,,29.476,0,30.328,0,34.616,0,177.4,46:27.208,14:46:27.208,0:29.476,0:30.328,0:34.616,296.7,Juan Pablo MONTOYA,,LMP2,P/A,DragonSpeed USA,Oreca,
21,2,24,1:41.159,0,B,30.116,0,30.030,0,41.013,0,165.6,48:08.367,14:48:08.367,0:30.116,0:30.030,0:41.013,294.3,Juan Pablo MONTOYA,,LMP2,P/A,DragonSpeed USA,Oreca,
21,2,25,3:18.967,0,,2:13.394,0,30.881,0,34.692,0,84.2,51:27.334,14:51:27.334,2:13.394,0:30.881,0:34.692,,Juan Pablo MONTOYA,0:01:48.990,LMP2,P/A,DragonSpeed USA,Oreca,
21,2,26,1:33.302,0,,29.175,0,29.967,0,34.160,0,179.5,53:00.636,14:53:00.636,0:29.175,0:29.967,0:34.160,296.7,Juan Pablo MONTOYA,,LMP2,P/A,DragonSpeed USA,Oreca,
21,2,27,1:33.654,0,,29.124,0,30.299,0,34.231,0,178.9,54:34.290,14:54:34.290,0:29.124,0:30.299,0:34.231,296.7,Juan Pablo MONTOYA,,LMP2,P/A,DragonSpeed USA,Oreca,
21,2,28,1:33.692,0,,29.382,0,30.060,0,34.250,0,178.8,56:07.982,14:56:07.982,0:29.382,0:30.060,0:34.250,295.9,Juan Pablo MONTOYA,,LMP2,P/A,DragonSpeed USA,Oreca,
21,2,29,1:33.082,0,,29.106,1,29.876,1,34.100,1,180.0,57:41.064,14:57:41.064,0:29.106,0:29.876,0:34.100,296.7,Juan Pablo MONTOYA,,LMP2,P/A,DragonSpeed USA,Oreca,
21,2,30,1:33.880,0,,29.208,0,30.224,0,34.448,0,178.4,59:14.944,14:59:14.944,0:29.208,0:30.224,0:34.448,295.9,Juan Pablo MONTOYA,,LMP2,P/A,DragonSpeed USA,Oreca,
21,2,31,1:40.132,0,B,29.141,0,30.375,0,40.616,0,167.3,1:00:55.076,15:00:55.076,0:29.141,0:30.375,0:40.616,297.5,Juan Pablo MONTOYA,,LMP2,P/A,DragonSpeed USA,Oreca,
22,3,1,3:36.083,0,,2:24.057,0,33.175,0,38.851,0,73.0,3:36.083,14:03:36.083,2:24.057,0:33.175,0:38.851,,Paul DI RESTA,0:01:50.335,LMP2,,United Autosports USA,Oreca,
22,3,2,1:32.348,0,,28.949,0,29.864,0,33.535,0,181.4,5:08.431,14:05:08.431,0:28.949,0:29.864,0:33.535,298.3,Paul DI RESTA,,LMP2,,United Autosports USA,Oreca,
22,3,3,1:38.841,0,,30.163,0,33.135,0,35.543,0,169.5,6:47.272,14:06:47.272,0:30.163,0:33.135,0:35.543,298.3,Paul DI RESTA,,LMP2,,United Autosports USA,Oreca,
22,3,4,1:32.674,0,,28.880,0,30.084,0,33.710,0,180.7,8:19.946,14:08:19.946,0:28.880,0:30.084,0:33.710,299.2,Paul DI RESTA,,LMP2,,United Autosports USA,Oreca,
22,3,5,1:44.541,0,B,30.481,0,32.564,0,41.496,0,160.2,10:04.487,14:10:04.487,0:30.481,0:32.564,0:41.496,300.8,Paul DI RESTA,,LMP2,,United Autosports USA,Oreca,
22,3,6,5:43.297,0,,4:33.258,0,34.127,0,35.912,0,48.8,15:47.784,14:15:47.784,4:33.258,0:34.127,0:35.912,,Paul DI RESTA,0:04:04.572,LMP2,,United Autosports USA,Oreca,
22,3,7,1:31.628,3,,28.557,3,29.744,2,33.327,2,182.8,17:19.412,14:17:19.412,0:28.557,0:29.744,0:33.327,298.3,Paul DI RESTA,,LMP2,,United Autosports USA,Oreca,
22,3,8,1:48.365,0,,34.893,0,36.983,0,36.489,0,154.6,19:07.777,14:19:07.777,0:34.893,0:36.983,0:36.489,280.5,Paul DI RESTA,,LMP2,,United Autosports USA,Oreca,
22,3,9,1:32.305,0,,28.799,0,29.994,0,33.512,0,181.5,20:40.082,14:20:40.082,0:28.799,0:29.994,0:33.512,297.5,Paul DI RESTA,,LMP2,,United Autosports USA,Oreca,
22,3,10,1:47.464,0,B,32.212,0,33.827,0,41.425,0,155.9,22:27.546,14:22:27.546,0:32.212,0:33.827,0:41.425,299.2,Paul DI RESTA,,LMP2,,United Autosports USA,Oreca,
22,1,11,3:38.143,0,,2:25.535,0,31.674,0,40.934,0,76.8,26:05.689,14:26:05.689,2:25.535,0:31.674,0:40.934,,Philip HANSON,0:02:00.035,LMP2,,United Autosports USA,Oreca,
22,1,12,1:32.909,0,,29.084,0,30.097,0,33.728,1,180.3,27:38.598,14:27:38.598,0:29.084,0:30.097,0:33.728,295.9,Philip HANSON,,LMP2,,United Autosports USA,Oreca,
22,1,13,1:36.822,0,,29.011,0,31.233,0,36.578,0,173.0,29:15.420,14:29:15.420,0:29.011,0:31.233,0:36.578,296.7,Philip HANSON,,LMP2,,United Autosports USA,Oreca,
22,1,14,1:33.020,0,,28.984,1,30.011,0,34.025,0,180.1,30:48.440,14:30:48.440,0:28.984,0:30.011,0:34.025,297.5,Philip HANSON,,LMP2,,United Autosports USA,Oreca,
22,1,15,1:33.616,0,,29.663,0,30.141,0,33.812,0,178.9,32:22.056,14:32:22.056,0:29.663,0:30.141,0:33.812,296.7,Philip HANSON,,LMP2,,United Autosports USA,Oreca,
22,1,16,1:36.271,0,,29.310,0,31.450,0,35.511,0,174.0,33:58.327,14:33:58.327,0:29.310,0:31.450,0:35.511,297.5,Philip HANSON,,LMP2,,United Autosports USA,Oreca,
22,1,17,1:33.197,0,,29.031,0,29.948,1,34.218,0,179.7,35:31.524,14:35:31.524,0:29.031,0:29.948,0:34.218,294.3,Philip HANSON,,LMP2,,United Autosports USA,Oreca,
22,1,18,1:39.231,0,B,29.029,0,30.425,0,39.777,0,168.8,37:10.755,14:37:10.755,0:29.029,0:30.425,0:39.777,298.3,Philip HANSON,,LMP2,,United Autosports USA,Oreca,
22,2,19,3:34.411,0,,2:28.831,0,30.513,0,35.067,0,78.1,40:45.166,14:40:45.166,2:28.831,0:30.513,0:35.067,,Wayne BOYD,0:02:03.277,LMP2,,United Autosports USA,Oreca,
22,2,20,1:34.881,0,,29.521,0,30.512,0,34.848,0,176.5,42:20.047,14:42:20.047,0:29.521,0:30.512,0:34.848,296.7,Wayne BOYD,,LMP2,,United Autosports USA,Oreca,
22,2,21,1:35.040,0,,29.491,0,30.861,0,34.688,0,176.2,43:55.087,14:43:55.087,0:29.491,0:30.861,0:34.688,295.1,Wayne BOYD,,LMP2,,United Autosports USA,Oreca,
22,2,22,1:33.735,0,,29.499,0,30.198,0,34.038,0,178.7,45:28.822,14:45:28.822,0:29.499,0:30.198,0:34.038,297.5,Wayne BOYD,,LMP2,,United Autosports USA,Oreca,
22,2,23,1:34.115,0,,29.798,0,30.262,0,34.055,0,178.0,47:02.937,14:47:02.937,0:29.798,0:30.262,0:34.055,298.3,Wayne BOYD,,LMP2,,United Autosports USA,Oreca,
22,2,24,1:35.123,0,,29.376,0,31.196,0,34.551,0,176.1,48:38.060,14:48:38.060,0:29.376,0:31.196,0:34.551,298.3,Wayne BOYD,,LMP2,,United Autosports USA,Oreca,
22,2,25,1:34.660,0,,29.509,0,30.886,0,34.265,0,177.0,50:12.720,14:50:12.720,0:29.509,0:30.886,0:34.265,298.3,Wayne BOYD,,LMP2,,United Autosports USA,Oreca,
22,2,26,1:41.383,0,B,29.413,0,30.268,0,41.702,0,165.2,51:54.103,14:51:54.103,0:29.413,0:30.268,0:41.702,297.5,Wayne BOYD,,LMP2,,United Autosports USA,Oreca,
22,2,27,4:18.192,0,,3:10.343,0,33.107,0,34.742,0,64.9,56:12.295,14:56:12.295,3:10.343,0:33.107,0:34.742,,Wayne BOYD,0:02:44.706,LMP2,,United Autosports USA,Oreca,
22,2,28,1:33.166,0,,29.206,0,29.974,1,33.986,0,179.8,57:45.461,14:57:45.461,0:29.206,0:29.974,0:33.986,296.7,Wayne BOYD,,LMP2,,United Autosports USA,Oreca,
22,2,29,1:35.260,0,,29.050,1,30.374,0,35.836,0,175.8,59:20.721,14:59:20.721,0:29.050,0:30.374,0:35.836,298.3,Wayne BOYD,,LMP2,,United Autosports USA,Oreca,
22,2,30,1:33.489,0,,29.191,0,30.431,0,33.867,1,179.2,1:00:54.210,15:00:54.210,0:29.191,0:30.431,0:33.867,299.2,Wayne BOYD,,LMP2,,United Autosports USA,Oreca,
28,3,1,2:08.232,0,,57.993,0,32.994,0,37.245,0,123.1,2:08.232,14:02:08.232,0:57.993,0:32.994,0:37.245,,Tom BLOMQVIST,0:00:25.645,LMP2,,JOTA,Oreca,
28,3,2,1:37.456,0,,30.249,0,31.181,0,36.026,0,171.9,3:45.688,14:03:45.688,0:30.249,0:31.181,0:36.026,289.5,Tom BLOMQVIST,,LMP2,,JOTA,Oreca,
28,3,3,1:33.799,0,,29.425,0,30.158,0,34.216,0,178.6,5:19.487,14:05:19.487,0:29.425,0:30.158,0:34.216,294.3,Tom BLOMQVIST,,LMP2,,JOTA,Oreca,
28,3,4,1:40.537,0,B,29.045,0,29.980,0,41.512,0,166.6,7:00.024,14:07:00.024,0:29.045,0:29.980,0:41.512,295.1,Tom BLOMQVIST,,LMP2,,JOTA,Oreca,
28,3,5,6:34.643,0,,5:27.887,0,32.180,0,34.576,0,42.4,13:34.667,14:13:34.667,5:27.887,0:32.180,0:34.576,,Tom BLOMQVIST,0:05:01.930,LMP2,,JOTA,Oreca,
28,3,6,1:33.309,0,,28.832,0,29.798,2,34.679,0,179.5,15:07.976,14:15:07.976,0:28.832,0:29.798,0:34.679,293.5,Tom BLOMQVIST,,LMP2,,JOTA,Oreca,
28,3,7,1:33.028,0,,28.827,0,30.269,0,33.932,0,180.1,16:41.004,14:16:41.004,0:28.827,0:30.269,0:33.932,295.9,Tom BLOMQVIST,,LMP2,,JOTA,Oreca,
28,3,8,1:32.511,2,,28.758,2,29.880,0,33.873,2,181.1,18:13.515,14:18:13.515,0:28.758,0:29.880,0:33.873,295.9,Tom BLOMQVIST,,LMP2,,JOTA,Oreca,
28,3,9,1:41.293,0,B,29.169,0,30.654,0,41.470,0,165.4,19:54.808,14:19:54.808,0:29.169,0:30.654,0:41.470,295.1,Tom BLOMQVIST,,LMP2,,JOTA,Oreca,
28,1,10,4:58.998,0,,3:52.345,0,31.804,0,34.849,0,56.0,24:53.806,14:24:53.806,3:52.345,0:31.804,0:34.849,,Sean GELAEL,0:03:26.498,LMP2,,JOTA,Oreca,
28,1,11,1:37.601,0,,32.092,0,31.014,0,34.495,0,171.6,26:31.407,14:26:31.407,0:32.092,0:31.014,0:34.495,292.7,Sean GELAEL,,LMP2,,JOTA,Oreca,
28,1,12,1:34.223,0,,29.670,0,30.386,0,34.167,0,177.8,28:05.630,14:28:05.630,0:29.670,0:30.386,0:34.167,291.9,Sean GELAEL,,LMP2,,JOTA,Oreca,
28,1,13,1:36.425,0,,30.328,0,30.725,0,35.372,0,173.7,29:42.055,14:29:42.055,0:30.328,0:30.725,0:35.372,293.5,Sean GELAEL,,LMP2,,JOTA,Oreca,
28,1,14,1:34.459,0,,29.786,0,30.409,0,34.264,0,177.3,31:16.514,14:31:16.514,0:29.786,0:30.409,0:34.264,290.3,Sean GELAEL,,LMP2,,JOTA,Oreca,
28,1,15,1:34.529,0,,29.355,0,30.283,0,34.891,0,177.2,32:51.043,14:32:51.043,0:29.355,0:30.283,0:34.891,292.7,Sean GELAEL,,LMP2,,JOTA,Oreca,
28,1,16,1:36.006,0,,29.616,0,30.629,0,35.761,0,174.5,34:27.049,14:34:27.049,0:29.616,0:30.629,0:35.761,294.3,Sean GELAEL,,LMP2,,JOTA,Oreca,
28,1,17,1:36.804,0,,30.680,0,31.229,0,34.895,0,173.0,36:03.853,14:36:03.853,0:30.680,0:31.229,0:34.895,292.7,Sean GELAEL,,LMP2,,JOTA,Oreca,
28,1,18,1:35.028,0,,29.501,0,31.366,0,34.161,1,176.3,37:38.881,14:37:38.881,0:29.501,0:31.366,0:34.161,294.3,Sean GELAEL,,LMP2,,JOTA,Oreca,
28,1,19,1:34.243,0,,29.389,0,30.281,1,34.573,0,177.7,39:13.124,14:39:13.124,0:29.389,0:30.281,0:34.573,292.7,Sean GELAEL,,LMP2,,JOTA,Oreca,
28,1,20,1:37.249,0,,30.948,0,30.939,0,35.362,0,172.2,40:50.373,14:40:50.373,0:30.948,0:30.939,0:35.362,295.9,Sean GELAEL,,LMP2,,JOTA,Oreca,
28,1,21,1:38.173,0,,29.854,0,31.757,0,36.562,0,170.6,42:28.546,14:42:28.546,0:29.854,0:31.757,0:36.562,294.3,Sean GELAEL,,LMP2,,JOTA,Oreca,
28,1,22,1:35.326,0,,30.072,0,30.744,0,34.510,0,175.7,44:03.872,14:44:03.872,0:30.072,0:30.744,0:34.510,282.7,Sean GELAEL,,LMP2,,JOTA,Oreca,
28,1,23,1:33.983,0,,29.282,1,30.516,0,34.185,0,178.2,45:37.855,14:45:37.855,0:29.282,0:30.516,0:34.185,295.1,Sean GELAEL,,LMP2,,JOTA,Oreca,
28,1,24,1:40.355,0,B,29.961,0,30.464,0,39.930,0,166.9,47:18.210,14:47:18.210,0:29.961,0:30.464,0:39.930,295.1,Sean GELAEL,,LMP2,,JOTA,Oreca,
28,2,25,2:57.152,0,,1:52.088,0,30.598,0,34.466,0,94.6,50:15.362,14:50:15.362,1:52.088,0:30.598,0:34.466,,Stoffel VANDOORNE,0:01:26.487,LMP2,,JOTA,Oreca,
28,2,26,1:33.916,0,,29.391,0,30.301,0,34.224,0,178.4,51:49.278,14:51:49.278,0:29.391,0:30.301,0:34.224,294.3,Stoffel VANDOORNE,,LMP2,,JOTA,Oreca,
28,2,27,1:33.613,0,,29.337,0,30.292,0,33.984,0,178.9,53:22.891,14:53:22.891,0:29.337,0:30.292,0:33.984,294.3,Stoffel VANDOORNE,,LMP2,,JOTA,Oreca,
28,2,28,1:34.191,0,,29.329,0,30.124,0,34.738,0,177.8,54:57.082,14:54:57.082,0:29.329,0:30.124,0:34.738,295.9,Stoffel VANDOORNE,,LMP2,,JOTA,Oreca,
28,2,29,1:35.336,0,,29.830,0,30.518,0,34.988,0,175.7,56:32.418,14:56:32.418,0:29.830,0:30.518,0:34.988,294.3,Stoffel VANDOORNE,,LMP2,,JOTA,Oreca,
28,2,30,1:35.086,0,,30.367,0,30.404,0,34.315,0,176.2,58:07.504,14:58:07.504,0:30.367,0:30.404,0:34.315,293.5,Stoffel VANDOORNE,,LMP2,,JOTA,Oreca,
28,2,31,1:33.338,0,,29.297,0,29.895,1,34.146,0,179.5,59:40.842,14:59:40.842,0:29.297,0:29.895,0:34.146,294.3,Stoffel VANDOORNE,,LMP2,,JOTA,Oreca,
28,2,32,1:33.171,0,,29.251,1,30.046,0,33.874,1,179.8,1:01:14.013,15:01:14.013,0:29.251,0:30.046,0:33.874,295.1,Stoffel VANDOORNE,,LMP2,,JOTA,Oreca,
29,3,1,3:28.423,0,,2:19.589,0,32.650,0,36.184,0,75.7,3:28.423,14:03:28.423,2:19.589,0:32.650,0:36.184,,Job VAN UITERT,0:01:48.006,LMP2,P/A,Racing Team Nederland,Oreca,
29,3,2,1:35.444,0,,29.379,0,31.016,0,35.049,0,175.5,5:03.867,14:05:03.867,0:29.379,0:31.016,0:35.049,299.2,Job VAN UITERT,,LMP2,P/A,Racing Team Nederland,Oreca,
29,3,3,1:32.065,2,,28.801,0,29.355,2,33.909,1,181.9,6:35.932,14:06:35.932,0:28.801,0:29.355,0:33.909,297.5,Job VAN UITERT,,LMP2,P/A,Racing Team Nederland,Oreca,
29,3,4,1:34.583,0,,29.493,0,30.569,0,34.521,0,177.1,8:10.515,14:08:10.515,0:29.493,0:30.569,0:34.521,295.9,Job VAN UITERT,,LMP2,P/A,Racing Team Nederland,Oreca,
29,3,5,1:40.279,0,B,28.752,2,30.350,0,41.177,0,167.0,9:50.794,14:09:50.794,0:28.752,0:30.350,0:41.177,299.2,Job VAN UITERT,,LMP2,P/A,Racing Team Nederland,Oreca,
29,2,6,3:48.575,0,,2:43.140,0,30.964,0,34.471,0,73.3,13:39.369,14:13:39.369,2:43.140,0:30.964,0:34.471,,Giedo VAN DER GARDE,0:02:18.362,LMP2,P/A,Racing Team Nederland,Oreca,
29,2,7,1:34.791,0,,29.424,0,30.403,0,34.964,0,176.7,15:14.160,14:15:14.160,0:29.424,0:30.403,0:34.964,294.3,Giedo VAN DER GARDE,,LMP2,P/A,Racing Team Nederland,Oreca,
29,2,8,1:34.148,0,,29.774,0,30.361,0,34.013,0,177.9,16:48.308,14:16:48.308,0:29.774,0:30.361,0:34.013,291.1,Giedo VAN DER GARDE,,LMP2,P/A,Racing Team Nederland,Oreca,
29,2,9,1:33.452,0,,29.155,0,30.446,0,33.851,0,179.2,18:21.760,14:18:21.760,0:29.155,0:30.446,0:33.851,295.9,Giedo VAN DER GARDE,,LMP2,P/A,Racing Team Nederland,Oreca,
29,2,10,1:33.161,0,,29.184,0,30.129,0,33.848,2,179.8,19:54.921,14:19:54.921,0:29.184,0:30.129,0:33.848,295.1,Giedo VAN DER GARDE,,LMP2,P/A,Racing Team Nederland,Oreca,
29,2,11,1:35.577,0,,31.104,0,30.514,0,33.959,0,175.3,21:30.498,14:21:30.498,0:31.104,0:30.514,0:33.959,295.9,Giedo VAN DER GARDE,,LMP2,P/A,Racing Team Nederland,Oreca,
29,2,12,1:35.216,0,,29.759,0,31.095,0,34.362,0,175.9,23:05.714,14:23:05.714,0:29.759,0:31.095,0:34.362,297.5,Giedo VAN DER GARDE,,LMP2,P/A,Racing Team Nederland,Oreca,
29,2,13,1:35.684,0,,29.534,0,30.904,0,35.246,0,175.1,24:41.398,14:24:41.398,0:29.534,0:30.904,0:35.246,296.7,Giedo VAN DER GARDE,,LMP2,P/A,Racing Team Nederland,Oreca,
29,2,14,1:35.328,0,,29.584,0,30.281,0,35.463,0,175.7,26:16.726,14:26:16.726,0:29.584,0:30.281,0:35.463,297.5,Giedo VAN DER GARDE,,LMP2,P/A,Racing Team Nederland,Oreca,
29,2,15,1:33.396,0,,29.247,0,30.288,0,33.861,0,179.4,27:50.122,14:27:50.122,0:29.247,0:30.288,0:33.861,295.9,Giedo VAN DER GARDE,,LMP2,P/A,Racing Team Nederland,Oreca,
29,2,16,1:34.098,0,,29.233,0,30.806,0,34.059,0,178.0,29:24.220,14:29:24.220,0:29.233,0:30.806,0:34.059,296.7,Giedo VAN DER GARDE,,LMP2,P/A,Racing Team Nederland,Oreca,
29,2,17,1:33.535,0,,29.121,1,30.074,0,34.340,0,179.1,30:57.755,14:30:57.755,0:29.121,0:30.074,0:34.340,295.1,Giedo VAN DER GARDE,,LMP2,P/A,Racing Team Nederland,Oreca,
29,2,18,1:38.304,0,B,29.168,0,30.048,1,39.088,0,170.4,32:36.059,14:32:36.059,0:29.168,0:30.048,0:39.088,295.1,Giedo VAN DER GARDE,,LMP2,P/A,Racing Team Nederland,Oreca,
29,1,19,3:19.377,0,,2:11.496,0,31.322,0,36.559,0,84.0,35:55.436,14:35:55.436,2:11.496,0:31.322,0:36.559,,Frits VAN EERD,0:01:44.482,LMP2,P/A,Racing Team Nederland,Oreca,
29,1,20,1:37.638,0,,30.802,0,31.260,0,35.576,0,171.6,37:33.074,14:37:33.074,0:30.802,0:31.260,0:35.576,293.5,Frits VAN EERD,,LMP2,P/A,Racing Team Nederland,Oreca,
29,1,21,1:39.556,0,,30.406,0,32.789,0,36.361,0,168.3,39:12.630,14:39:12.630,0:30.406,0:32.789,0:36.361,285.7,Frits VAN EERD,,LMP2,P/A,Racing Team Nederland,Oreca,
29,1,22,1:37.346,0,,31.074,0,31.025,0,35.247,0,172.1,40:49.976,14:40:49.976,0:31.074,0:31.025,0:35.247,292.7,Frits VAN EERD,,LMP2,P/A,Racing Team Nederland,Oreca,
29,1,23,1:36.720,0,,30.023,0,31.180,0,35.517,0,173.2,42:26.696,14:42:26.696,0:30.023,0:31.180,0:35.517,292.7,Frits VAN EERD,,LMP2,P/A,Racing Team Nederland,Oreca,
29,1,24,1:38.340,0,,30.957,0,31.642,0,35.741,0,170.3,44:05.036,14:44:05.036,0:30.957,0:31.642,0:35.741,294.3,Frits VAN EERD,,LMP2,P/A,Racing Team Nederland,Oreca,
29,1,25,1:37.196,0,,29.975,0,31.296,0,35.925,0,172.3,45:42.232,14:45:42.232,0:29.975,0:31.296,0:35.925,293.5,Frits VAN EERD,,LMP2,P/A,Racing Team Nederland,Oreca,
29,1,26,1:36.093,0,,30.201,0,30.894,0,34.998,0,174.3,47:18.325,14:47:18.325,0:30.201,0:30.894,0:34.998,292.7,Frits VAN EERD,,LMP2,P/A,Racing Team Nederland,Oreca,
29,1,27,1:36.894,0,,30.791,0,30.988,0,35.115,0,172.9,48:55.219,14:48:55.219,0:30.791,0:30.988,0:35.115,293.5,Frits VAN EERD,,LMP2,P/A,Racing Team Nederland,Oreca,
29,1,28,1:35.542,0,,29.794,1,30.876,1,34.872,0,175.3,50:30.761,14:50:30.761,0:29.794,0:30.876,0:34.872,293.5,Frits VAN EERD,,LMP2,P/A,Racing Team Nederland,Oreca,
29,1,29,1:37.811,0,,29.855,0,32.150,0,35.806,0,171.3,52:08.572,14:52:08.572,0:29.855,0:32.150,0:35.806,295.1,Frits VAN EERD,,LMP2,P/A,Racing Team Nederland,Oreca,
29,1,30,1:36.520,0,,30.189,0,31.218,0,35.113,0,173.5,53:45.092,14:53:45.092,0:30.189,0:31.218,0:35.113,287.2,Frits VAN EERD,,LMP2,P/A,Racing Team Nederland,Oreca,
29,1,31,1:35.504,0,,30.088,0,30.876,0,34.540,1,175.4,55:20.596,14:55:20.596,0:30.088,0:30.876,0:34.540,294.3,Frits VAN EERD,,LMP2,P/A,Racing Team Nederland,Oreca,
29,1,32,1:36.473,0,,30.379,0,31.203,0,34.891,0,173.6,56:57.069,14:56:57.069,0:30.379,0:31.203,0:34.891,296.7,Frits VAN EERD,,LMP2,P/A,Racing Team Nederland,Oreca,
29,1,33,1:38.640,0,,29.987,0,32.070,0,36.583,0,169.8,58:35.709,14:58:35.709,0:29.987,0:32.070,0:36.583,292.7,Frits VAN EERD,,LMP2,P/A,Racing Team Nederland,Oreca,
29,1,34,1:43.930,0,B,30.888,0,31.218,0,41.824,0,161.2,1:00:19.639,15:00:19.639,0:30.888,0:31.218,0:41.824,286.5,Frits VAN EERD,,LMP2,P/A,Racing Team Nederland,Oreca,
31,1,1,2:09.413,0,,59.676,0,33.779,0,35.958,0,122.0,2:09.413,14:02:09.413,0:59.676,0:33.779,0:35.958,,Robin FRIJNS,0:00:28.114,LMP2,,Team WRT,Oreca,
31,1,2,1:34.915,0,,30.358,0,30.434,0,34.123,0,176.5,3:44.328,14:03:44.328,0:30.358,0:30.434,0:34.123,294.3,Robin FRIJNS,,LMP2,,Team WRT,Oreca,
31,1,3,1:32.934,0,,29.387,0,29.807,0,33.740,0,180.2,5:17.262,14:05:17.262,0:29.387,0:29.807,0:33.740,295.9,Robin FRIJNS,,LMP2,,Team WRT,Oreca,
31,1,4,1:39.477,0,B,29.292,0,30.198,0,39.987,0,168.4,6:56.739,14:06:56.739,0:29.292,0:30.198,0:39.987,296.7,Robin FRIJNS,,LMP2,,Team WRT,Oreca,
31,1,5,4:57.122,0,,3:45.756,0,34.568,0,36.798,0,56.4,11:53.861,14:11:53.861,3:45.756,0:34.568,0:36.798,,Robin FRIJNS,0:03:20.787,LMP2,,Team WRT,Oreca,
31,1,6,1:32.195,2,,28.988,0,29.504,2,33.703,2,181.7,13:26.056,14:13:26.056,0:28.988,0:29.504,0:33.703,296.7,Robin FRIJNS,,LMP2,,Team WRT,Oreca,
31,1,7,1:34.879,0,,30.651,0,30.478,0,33.750,0,176.5,15:00.935,14:15:00.935,0:30.651,0:30.478,0:33.750,296.7,Robin FRIJNS,,LMP2,,Team WRT,Oreca,
31,1,8,1:39.656,0,B,28.964,2,30.901,0,39.791,0,168.1,16:40.591,14:16:40.591,0:28.964,0:30.901,0:39.791,300.0,Robin FRIJNS,,LMP2,,Team WRT,Oreca,
31,2,9,3:10.436,0,,2:05.015,0,30.499,0,34.922,0,88.0,19:51.027,14:19:51.027,2:05.015,0:30.499,0:34.922,,Ferdinand HABSBURG,0:01:39.582,LMP2,,Team WRT,Oreca,
31,2,10,1:36.947,0,,31.926,0,30.457,0,34.564,0,172.8,21:27.974,14:21:27.974,0:31.926,0:30.457,0:34.564,292.7,Ferdinand HABSBURG,,LMP2,,Team WRT,Oreca,
31,2,11,1:35.913,0,,30.430,0,30.615,0,34.868,0,174.6,23:03.887,14:23:03.887,0:30.430,0:30.615,0:34.868,294.3,Ferdinand HABSBURG,,LMP2,,Team WRT,Oreca,
31,2,12,1:36.579,0,,30.653,0,31.058,0,34.868,0,173.4,24:40.466,14:24:40.466,0:30.653,0:31.058,0:34.868,293.5,Ferdinand HABSBURG,,LMP2,,Team WRT,Oreca,
31,2,13,1:34.604,0,,30.021,0,30.130,0,34.453,0,177.1,26:15.070,14:26:15.070,0:30.021,0:30.130,0:34.453,294.3,Ferdinand HABSBURG,,LMP2,,Team WRT,Oreca,
31,2,14,1:33.872,0,,29.317,0,30.294,0,34.261,0,178.4,27:48.942,14:27:48.942,0:29.317,0:30.294,0:34.261,295.1,Ferdinand HABSBURG,,LMP2,,Team WRT,Oreca,
31,2,15,1:40.068,0,B,29.453,0,30.444,0,40.171,0,167.4,29:29.010,14:29:29.010,0:29.453,0:30.444,0:40.171,295.1,Ferdinand HABSBURG,,LMP2,,Team WRT,Oreca,
31,2,16,3:48.500,0,,2:43.419,0,30.530,0,34.551,0,73.3,33:17.510,14:33:17.510,2:43.419,0:30.530,0:34.551,,Ferdinand HABSBURG,0:02:18.076,LMP2,,Team WRT,Oreca,
31,2,17,1:34.217,0,,29.462,0,30.106,0,34.649,0,177.8,34:51.727,14:34:51.727,0:29.462,0:30.106,0:34.649,293.5,Ferdinand HABSBURG,,LMP2,,Team WRT,Oreca,
31,2,18,1:33.964,0,,29.391,0,30.129,0,34.444,0,178.3,36:25.691,14:36:25.691,0:29.391,0:30.129,0:34.444,290.3,Ferdinand HABSBURG,,LMP2,,Team WRT,Oreca,
31,2,19,1:34.945,0,,29.999,0,30.486,0,34.460,0,176.4,38:00.636,14:38:00.636,0:29.999,0:30.486,0:34.460,291.1,Ferdinand HABSBURG,,LMP2,,Team WRT,Oreca,
31,2,20,1:34.188,0,,29.544,0,30.328,0,34.316,0,177.8,39:34.824,14:39:34.824,0:29.544,0:30.328,0:34.316,292.7,Ferdinand HABSBURG,,LMP2,,Team WRT,Oreca,
31,2,21,1:34.630,0,,29.528,0,30.619,0,34.483,0,177.0,41:09.454,14:41:09.454,0:29.528,0:30.619,0:34.483,295.1,Ferdinand HABSBURG,,LMP2,,Team WRT,Oreca,
31,2,22,1:34.726,0,,30.117,0,30.124,0,34.485,0,176.8,42:44.180,14:42:44.180,0:30.117,0:30.124,0:34.485,294.3,Ferdinand HABSBURG,,LMP2,,Team WRT,Oreca,
31,2,23,1:33.471,0,,29.342,0,30.070,0,34.059,0,179.2,44:17.651,14:44:17.651,0:29.342,0:30.070,0:34.059,295.1,Ferdinand HABSBURG,,LMP2,,Team WRT,Oreca,
31,2,24,1:33.391,0,,29.314,0,29.970,0,34.107,0,179.4,45:51.042,14:45:51.042,0:29.314,0:29.970,0:34.107,294.3,Ferdinand HABSBURG,,LMP2,,Team WRT,Oreca,
31,2,25,1:33.376,0,,29.332,0,30.134,0,33.910,1,179.4,47:24.418,14:47:24.418,0:29.332,0:30.134,0:33.910,295.9,Ferdinand HABSBURG,,LMP2,,Team WRT,Oreca,
31,2,26,1:33.355,0,,29.200,1,29.980,0,34.175,0,179.4,48:57.773,14:48:57.773,0:29.200,0:29.980,0:34.175,295.9,Ferdinand HABSBURG,,LMP2,,Team WRT,Oreca,
31,2,27,1:33.326,0,,29.216,0,29.837,0,34.273,0,179.5,50:31.099,14:50:31.099,0:29.216,0:29.837,0:34.273,294.3,Ferdinand HABSBURG,,LMP2,,Team WRT,Oreca,
31,2,28,1:33.875,0,,29.589,0,30.319,0,33.967,0,178.4,52:04.974,14:52:04.974,0:29.589,0:30.319,0:33.967,296.7,Ferdinand HABSBURG,,LMP2,,Team WRT,Oreca,
31,2,29,1:33.295,0,,29.361,0,29.630,1,34.304,0,179.5,53:38.269,14:53:38.269,0:29.361,0:29.630,0:34.304,300.0,Ferdinand HABSBURG,,LMP2,,Team WRT,Oreca,
31,2,30,1:33.694,0,,29.308,0,29.986,0,34.400,0,178.8,55:11.963,14:55:11.963,0:29.308,0:29.986,0:34.400,299.2,Ferdinand HABSBURG,,LMP2,,Team WRT,Oreca,
31,2,31,2:59.185,0,B,44.030,0,53.393,0,1:21.762,0,93.5,58:11.148,14:58:11.148,0:44.030,0:53.393,1:21.762,295.1,Ferdinand HABSBURG,,LMP2,,Team WRT,Oreca,
33,1,1,2:37.515,0,,1:24.504,0,34.591,0,38.420,0,100.2,2:37.515,14:02:37.515,1:24.504,0:34.591,0:38.420,,Ben KEATING,0:00:51.761,LMGTE Am,,TF Sport,Aston Martin,
33,1,2,1:42.961,0,,32.563,0,32.619,0,37.779,0,162.7,4:20.476,14:04:20.476,0:32.563,0:32.619,0:37.779,266.0,Ben KEATING,,LMGTE Am,,TF Sport,Aston Martin,
33,1,3,1:42.526,0,,32.003,0,32.517,0,38.006,0,163.4,6:03.002,14:06:03.002,0:32.003,0:32.517,0:38.006,270.0,Ben KEATING,,LMGTE Am,,TF Sport,Aston Martin,
33,1,4,1:47.344,0,B,32.027,0,32.472,0,42.845,0,156.0,7:50.346,14:07:50.346,0:32.027,0:32.472,0:42.845,272.0,Ben KEATING,,LMGTE Am,,TF Sport,Aston Martin,
33,1,5,2:35.308,0,,1:21.876,0,33.249,0,40.183,0,107.9,10:25.654,14:10:25.654,1:21.876,0:33.249,0:40.183,,Ben KEATING,0:00:54.921,LMGTE Am,,TF Sport,Aston Martin,
33,1,6,1:41.646,0,,32.140,0,32.348,0,37.158,0,164.8,12:07.300,14:12:07.300,0:32.140,0:32.348,0:37.158,268.7,Ben KEATING,,LMGTE Am,,TF Sport,Aston Martin,
33,1,7,1:41.801,0,,31.759,0,32.522,0,37.520,0,164.5,13:49.101,14:13:49.101,0:31.759,0:32.522,0:37.520,268.0,Ben KEATING,,LMGTE Am,,TF Sport,Aston Martin,
33,1,8,1:41.585,0,,32.076,0,32.423,0,37.086,1,164.9,15:30.686,14:15:30.686,0:32.076,0:32.423,0:37.086,268.7,Ben KEATING,,LMGTE Am,,TF Sport,Aston Martin,
33,1,9,1:41.533,0,,31.705,1,32.327,1,37.501,0,165.0,17:12.219,14:17:12.219,0:31.705,0:32.327,0:37.501,271.4,Ben KEATING,,LMGTE Am,,TF Sport,Aston Martin,
33,1,10,1:48.934,0,B,31.718,0,32.353,0,44.863,0,153.8,19:01.153,14:19:01.153,0:31.718,0:32.353,0:44.863,269.3,Ben KEATING,,LMGTE Am,,TF Sport,Aston Martin,
33,3,11,4:46.883,0,,3:36.356,0,33.338,0,37.189,0,58.4,23:48.036,14:23:48.036,3:36.356,0:33.338,0:37.189,,Felipe FRAGA,0:03:08.088,LMGTE Am,,TF Sport,Aston Martin,
33,3,12,1:41.488,0,,32.115,0,32.184,0,37.189,0,165.1,25:29.524,14:25:29.524,0:32.115,0:32.184,0:37.189,266.7,Felipe FRAGA,,LMGTE Am,,TF Sport,Aston Martin,
33,3,13,1:42.123,0,,31.919,0,32.219,0,37.985,0,164.0,27:11.647,14:27:11.647,0:31.919,0:32.219,0:37.985,266.7,Felipe FRAGA,,LMGTE Am,,TF Sport,Aston Martin,
33,3,14,1:42.461,0,,31.704,0,33.324,0,37.433,0,163.5,28:54.108,14:28:54.108,0:31.704,0:33.324,0:37.433,266.0,Felipe FRAGA,,LMGTE Am,,TF Sport,Aston Martin,
33,3,15,1:41.129,0,,31.821,0,,0,,0,165.6,30:35.237,14:30:35.237,0:31.821,,,265.4,Felipe FRAGA,,LMGTE Am,,TF Sport,Aston Martin,
33,3,16,1:41.439,0,,31.912,0,32.123,0,37.404,0,165.1,32:16.676,14:32:16.676,0:31.912,0:32.123,0:37.404,266.0,Felipe FRAGA,,LMGTE Am,,TF Sport,Aston Martin,
33,3,17,1:48.118,0,B,32.028,0,32.472,0,43.618,0,154.9,34:04.794,14:34:04.794,0:32.028,0:32.472,0:43.618,268.0,Felipe FRAGA,,LMGTE Am,,TF Sport,Aston Martin,
33,3,18,4:33.775,0,,3:23.069,0,32.477,0,38.229,0,61.2,38:38.569,14:38:38.569,3:23.069,0:32.477,0:38.229,,Felipe FRAGA,0:02:54.279,LMGTE Am,,TF Sport,Aston Martin,
33,3,19,1:40.665,0,,31.691,1,31.993,0,36.981,1,166.4,40:19.234,14:40:19.234,0:31.691,0:31.993,0:36.981,268.0,Felipe FRAGA,,LMGTE Am,,TF Sport,Aston Martin,
33,3,20,1:40.646,0,,31.709,0,31.934,1,37.003,0,166.4,41:59.880,14:41:59.880,0:31.709,0:31.934,0:37.003,268.0,Felipe FRAGA,,LMGTE Am,,TF Sport,Aston Martin,
33,3,21,1:47.792,0,B,32.219,0,33.220,0,42.353,0,155.4,43:47.672,14:43:47.672,0:32.219,0:33.220,0:42.353,269.3,Felipe FRAGA,,LMGTE Am,,TF Sport,Aston Martin,
33,2,22,3:46.998,0,,2:37.155,0,31.871,2,37.972,0,73.8,47:34.670,14:47:34.670,2:37.155,0:31.871,0:37.972,,Dylan PEREIRA,0:02:10.998,LMGTE Am,,TF Sport,Aston Martin,
33,2,23,1:40.860,0,,31.699,0,32.166,0,36.995,0,166.1,49:15.530,14:49:15.530,0:31.699,0:32.166,0:36.995,267.3,Dylan PEREIRA,,LMGTE Am,,TF Sport,Aston Martin,
33,2,24,1:40.955,0,,31.715,0,31.990,0,37.250,0,165.9,50:56.485,14:50:56.485,0:31.715,0:31.990,0:37.250,269.3,Dylan PEREIRA,,LMGTE Am,,TF Sport,Aston Martin,
33,2,25,1:41.145,0,,31.670,0,31.943,0,37.532,0,165.6,52:37.630,14:52:37.630,0:31.670,0:31.943,0:37.532,269.3,Dylan PEREIRA,,LMGTE Am,,TF Sport,Aston Martin,
33,2,26,1:40.955,0,,31.687,0,32.170,0,37.098,0,165.9,54:18.585,14:54:18.585,0:31.687,0:32.170,0:37.098,272.0,Dylan PEREIRA,,LMGTE Am,,TF Sport,Aston Martin,
33,2,27,1:40.479,2,,31.659,2,32.017,0,36.803,2,166.7,55:59.064,14:55:59.064,0:31.659,0:32.017,0:36.803,270.0,Dylan PEREIRA,,LMGTE Am,,TF Sport,Aston Martin,
33,2,28,1:42.097,0,,31.687,0,32.114,0,38.296,0,164.1,57:41.161,14:57:41.161,0:31.687,0:32.114,0:38.296,269.3,Dylan PEREIRA,,LMGTE Am,,TF Sport,Aston Martin,
33,2,29,1:41.768,0,,31.729,0,32.164,0,37.875,0,164.6,59:22.929,14:59:22.929,0:31.729,0:32.164,0:37.875,270.0,Dylan PEREIRA,,LMGTE Am,,TF Sport,Aston Martin,
33,2,30,1:40.482,0,,31.745,0,31.922,0,36.815,0,166.7,1:01:03.411,15:01:03.411,0:31.745,0:31.922,0:36.815,268.0,Dylan PEREIRA,,LMGTE Am,,TF Sport,Aston Martin,
34,3,1,1:56.267,0,,49.737,0,31.457,0,35.073,0,135.7,1:56.267,14:01:56.267,0:49.737,0:31.457,0:35.073,,Alex BRUNDLE,0:00:15.275,LMP2,,Inter Europol Competition,Oreca,
34,3,2,1:36.347,0,,28.825,0,29.518,0,38.004,0,173.9,3:32.614,14:03:32.614,0:28.825,0:29.518,0:38.004,296.7,Alex BRUNDLE,,LMP2,,Inter Europol Competition,Oreca,
34,3,3,1:31.998,2,,28.716,2,29.507,2,33.775,1,182.1,5:04.612,14:05:04.612,0:28.716,0:29.507,0:33.775,295.9,Alex BRUNDLE,,LMP2,,Inter Europol Competition,Oreca,
34,3,4,1:50.579,0,B,34.105,0,34.608,0,41.866,0,151.5,6:55.191,14:06:55.191,0:34.105,0:34.608,0:41.866,296.7,Alex BRUNDLE,,LMP2,,Inter Europol Competition,Oreca,
34,2,5,3:27.987,0,,2:23.614,0,30.382,0,33.991,0,80.5,10:23.178,14:10:23.178,2:23.614,0:30.382,0:33.991,,Louis DELETRAZ,0:01:58.571,LMP2,,Inter Europol Competition,Oreca,
34,2,6,1:33.535,0,,28.994,0,29.743,1,34.798,0,179.1,11:56.713,14:11:56.713,0:28.994,0:29.743,0:34.798,294.3,Louis DELETRAZ,,LMP2,,Inter Europol Competition,Oreca,
34,2,7,1:33.031,0,,29.370,0,29.936,0,33.725,0,180.1,13:29.744,14:13:29.744,0:29.370,0:29.936,0:33.725,294.3,Louis DELETRAZ,,LMP2,,Inter Europol Competition,Oreca,
34,2,8,1:33.148,0,,29.112,0,30.178,0,33.858,0,179.8,15:02.892,14:15:02.892,0:29.112,0:30.178,0:33.858,295.1,Louis DELETRAZ,,LMP2,,Inter Europol Competition,Oreca,
34,2,9,1:36.127,0,,29.627,0,30.309,0,36.191,0,174.3,16:39.019,14:16:39.019,0:29.627,0:30.309,0:36.191,297.5,Louis DELETRAZ,,LMP2,,Inter Europol Competition,Oreca,
34,2,10,1:33.295,0,,28.851,0,30.734,0,33.710,2,179.5,18:12.314,14:18:12.314,0:28.851,0:30.734,0:33.710,296.7,Louis DELETRAZ,,LMP2,,Inter Europol Competition,Oreca,
34,2,11,1:35.478,0,,28.896,0,31.402,0,35.180,0,175.4,19:47.792,14:19:47.792,0:28.896,0:31.402,0:35.180,295.1,Louis DELETRAZ,,LMP2,,Inter Europol Competition,Oreca,
34,2,12,1:36.555,0,,32.729,0,30.072,0,33.754,0,173.5,21:24.347,14:21:24.347,0:32.729,0:30.072,0:33.754,296.7,Louis DELETRAZ,,LMP2,,Inter Europol Competition,Oreca,
34,2,13,1:32.882,0,,28.758,1,30.340,0,33.784,0,180.3,22:57.229,14:22:57.229,0:28.758,0:30.340,0:33.784,297.5,Louis DELETRAZ,,LMP2,,Inter Europol Competition,Oreca,
34,2,14,1:40.303,0,B,30.061,0,30.334,0,39.908,0,167.0,24:37.532,14:24:37.532,0:30.061,0:30.334,0:39.908,290.3,Louis DELETRAZ,,LMP2,,Inter Europol Competition,Oreca,
34,1,15,3:26.595,0,,2:20.391,0,31.583,0,34.621,0,81.1,28:04.127,14:28:04.127,2:20.391,0:31.583,0:34.621,,Jakub SMIECHOWSKI,0:01:51.071,LMP2,,Inter Europol Competition,Oreca,
34,1,16,1:38.531,0,,30.280,0,31.735,0,36.516,0,170.0,29:42.658,14:29:42.658,0:30.280,0:31.735,0:36.516,295.1,Jakub SMIECHOWSKI,,LMP2,,Inter Europol Competition,Oreca,
34,1,17,1:36.068,0,,30.357,0,30.896,0,34.815,0,174.4,31:18.726,14:31:18.726,0:30.357,0:30.896,0:34.815,292.7,Jakub SMIECHOWSKI,,LMP2,,Inter Europol Competition,Oreca,
34,1,18,1:34.667,0,,29.850,0,30.455,0,34.362,1,176.9,32:53.393,14:32:53.393,0:29.850,0:30.455,0:34.362,291.1,Jakub SMIECHOWSKI,,LMP2,,Inter Europol Competition,Oreca,
34,1,19,1:35.202,0,,29.602,1,30.906,0,34.694,0,176.0,34:28.595,14:34:28.595,0:29.602,0:30.906,0:34.694,295.1,Jakub SMIECHOWSKI,,LMP2,,Inter Europol Competition,Oreca,
34,1,20,1:35.836,0,,29.717,0,31.624,0,34.495,0,174.8,36:04.431,14:36:04.431,0:29.717,0:31.624,0:34.495,292.7,Jakub SMIECHOWSKI,,LMP2,,Inter Europol Competition,Oreca,
34,1,21,1:35.119,0,,29.701,0,31.027,0,34.391,0,176.1,37:39.550,14:37:39.550,0:29.701,0:31.027,0:34.391,295.9,Jakub SMIECHOWSKI,,LMP2,,Inter Europol Competition,Oreca,
34,1,22,1:42.055,0,B,29.619,0,30.420,1,42.016,0,164.1,39:21.605,14:39:21.605,0:29.619,0:30.420,0:42.016,295.1,Jakub SMIECHOWSKI,,LMP2,,Inter Europol Competition,Oreca,
34,3,23,3:02.096,0,,1:57.481,0,30.299,0,34.316,0,92.0,42:23.701,14:42:23.701,1:57.481,0:30.299,0:34.316,,Alex BRUNDLE,0:01:32.448,LMP2,,Inter Europol Competition,Oreca,
34,3,24,1:35.813,0,,29.594,0,30.494,0,35.725,0,174.8,43:59.514,14:43:59.514,0:29.594,0:30.494,0:35.725,293.5,Alex BRUNDLE,,LMP2,,Inter Europol Competition,Oreca,
34,3,25,1:34.898,0,,29.508,0,30.649,0,34.741,0,176.5,45:34.412,14:45:34.412,0:29.508,0:30.649,0:34.741,294.3,Alex BRUNDLE,,LMP2,,Inter Europol Competition,Oreca,
34,3,26,1:33.038,0,,29.003,0,30.081,0,33.954,0,180.0,47:07.450,14:47:07.450,0:29.003,0:30.081,0:33.954,293.5,Alex BRUNDLE,,LMP2,,Inter Europol Competition,Oreca,
34,3,27,1:34.513,0,,29.151,0,31.011,0,34.351,0,177.2,48:41.963,14:48:41.963,0:29.151,0:31.011,0:34.351,292.7,Alex BRUNDLE,,LMP2,,Inter Europol Competition,Oreca,
34,3,28,1:34.299,0,,29.737,0,30.085,0,34.477,0,177.6,50:16.262,14:50:16.262,0:29.737,0:30.085,0:34.477,295.1,Alex BRUNDLE,,LMP2,,Inter Europol Competition,Oreca,
34,3,29,1:34.475,0,,29.741,0,30.622,0,34.112,0,177.3,51:50.737,14:51:50.737,0:29.741,0:30.622,0:34.112,287.2,Alex BRUNDLE,,LMP2,,Inter Europol Competition,Oreca,
34,3,30,1:33.582,0,,29.630,0,29.905,0,34.047,0,179.0,53:24.319,14:53:24.319,0:29.630,0:29.905,0:34.047,295.9,Alex BRUNDLE,,LMP2,,Inter Europol Competition,Oreca,
34,3,31,1:33.580,0,,29.074,0,30.090,0,34.416,0,179.0,54:57.899,14:54:57.899,0:29.074,0:30.090,0:34.416,296.7,Alex BRUNDLE,,LMP2,,Inter Europol Competition,Oreca,
34,3,32,1:34.650,0,,29.551,0,30.342,0,34.757,0,177.0,56:32.549,14:56:32.549,0:29.551,0:30.342,0:34.757,294.3,Alex BRUNDLE,,LMP2,,Inter Europol Competition,Oreca,
34,3,33,1:33.408,0,,29.591,0,29.983,0,33.834,0,179.3,58:05.957,14:58:05.957,0:29.591,0:29.983,0:33.834,297.5,Alex BRUNDLE,,LMP2,,Inter Europol Competition,Oreca,
34,3,34,1:33.354,0,,29.043,0,30.003,0,34.308,0,179.4,59:39.311,14:59:39.311,0:29.043,0:30.003,0:34.308,295.1,Alex BRUNDLE,,LMP2,,Inter Europol Competition,Oreca,
34,3,35,1:39.418,0,B,28.957,0,29.964,0,40.497,0,168.5,1:01:18.729,15:01:18.729,0:28.957,0:29.964,0:40.497,293.5,Alex BRUNDLE,,LMP2,,Inter Europol Competition,Oreca,
36,3,1,1:45.086,0,,37.793,0,31.976,0,35.317,0,150.2,1:45.086,14:01:45.086,0:37.793,0:31.976,0:35.317,,Matthieu VAXIVIERE,0:00:07.765,HYPERCAR,,Alpine Elf Matmut,Alpine,
36,3,2,1:42.748,0,,29.448,0,37.103,0,36.197,0,163.0,3:27.834,14:03:27.834,0:29.448,0:37.103,0:36.197,305.1,Matthieu VAXIVIERE,,HYPERCAR,,Alpine Elf Matmut,Alpine,
36,3,3,1:33.619,0,,29.619,0,30.386,0,33.614,0,178.9,5:01.453,14:05:01.453,0:29.619,0:30.386,0:33.614,305.9,Matthieu VAXIVIERE,,HYPERCAR,,Alpine Elf Matmut,Alpine,
36,3,4,1:31.969,0,,28.975,1,29.610,1,33.384,1,182.1,6:33.422,14:06:33.422,0:28.975,0:29.610,0:33.384,310.3,Matthieu VAXIVIERE,,HYPERCAR,,Alpine Elf Matmut,Alpine,
36,3,5,1:32.327,0,,29.049,0,29.696,0,33.582,0,181.4,8:05.749,14:08:05.749,0:29.049,0:29.696,0:33.582,310.3,Matthieu VAXIVIERE,,HYPERCAR,,Alpine Elf Matmut,Alpine,
36,3,6,1:34.054,0,,29.814,0,29.938,0,34.302,0,178.1,9:39.803,14:09:39.803,0:29.814,0:29.938,0:34.302,310.3,Matthieu VAXIVIERE,,HYPERCAR,,Alpine Elf Matmut,Alpine,
36,3,7,1:40.869,0,B,29.325,0,30.490,0,41.054,0,166.1,11:20.672,14:11:20.672,0:29.325,0:30.490,0:41.054,305.9,Matthieu VAXIVIERE,,HYPERCAR,,Alpine Elf Matmut,Alpine,
36,1,8,3:41.220,0,,2:37.405,0,30.101,0,33.714,0,75.7,15:01.892,14:15:01.892,2:37.405,0:30.101,0:33.714,,André NEGRÃO,0:02:11.074,HYPERCAR,,Alpine Elf Matmut,Alpine,
36,1,9,1:34.000,0,,30.219,0,29.859,0,33.922,0,178.2,16:35.892,14:16:35.892,0:30.219,0:29.859,0:33.922,292.7,André NEGRÃO,,HYPERCAR,,Alpine Elf Matmut,Alpine,
36,1,10,1:33.414,0,,29.410,0,30.487,0,33.517,0,179.3,18:09.306,14:18:09.306,0:29.410,0:30.487,0:33.517,308.6,André NEGRÃO,,HYPERCAR,,Alpine Elf Matmut,Alpine,
36,1,11,1:35.339,0,,29.805,0,31.472,0,34.062,0,175.7,19:44.645,14:19:44.645,0:29.805,0:31.472,0:34.062,297.5,André NEGRÃO,,HYPERCAR,,Alpine Elf Matmut,Alpine,
36,1,12,1:32.938,0,,29.050,1,29.876,0,34.012,0,180.2,21:17.583,14:21:17.583,0:29.050,0:29.876,0:34.012,309.5,André NEGRÃO,,HYPERCAR,,Alpine Elf Matmut,Alpine,
36,1,13,1:33.594,0,,29.094,0,29.971,0,34.529,0,179.0,22:51.177,14:22:51.177,0:29.094,0:29.971,0:34.529,313.0,André NEGRÃO,,HYPERCAR,,Alpine Elf Matmut,Alpine,
36,1,14,1:33.635,0,,29.430,0,30.432,0,33.773,0,178.9,24:24.812,14:24:24.812,0:29.430,0:30.432,0:33.773,313.0,André NEGRÃO,,HYPERCAR,,Alpine Elf Matmut,Alpine,
36,1,15,1:39.116,0,B,29.197,0,30.265,0,39.654,0,169.0,26:03.928,14:26:03.928,0:29.197,0:30.265,0:39.654,312.1,André NEGRÃO,,HYPERCAR,,Alpine Elf Matmut,Alpine,
36,2,16,3:04.744,0,,2:01.494,0,29.874,0,33.376,0,90.7,29:08.672,14:29:08.672,2:01.494,0:29.874,0:33.376,,Nicolas LAPIERRE,0:01:36.285,HYPERCAR,,Alpine Elf Matmut,Alpine,
36,2,17,1:31.954,0,,29.104,0,,0,,0,182.2,30:40.626,14:30:40.626,0:29.104,,,307.7,Nicolas LAPIERRE,,HYPERCAR,,Alpine Elf Matmut,Alpine,
36,2,18,1:34.508,0,,29.211,0,30.584,0,34.713,0,177.2,32:15.134,14:32:15.134,0:29.211,0:30.584,0:34.713,308.6,Nicolas LAPIERRE,,HYPERCAR,,Alpine Elf Matmut,Alpine,
36,2,19,1:32.346,0,,28.973,0,29.731,0,33.642,0,181.4,33:47.480,14:33:47.480,0:28.973,0:29.731,0:33.642,307.7,Nicolas LAPIERRE,,HYPERCAR,,Alpine Elf Matmut,Alpine,
36,2,20,1:31.886,0,,28.934,0,29.382,2,33.570,0,182.3,35:19.366,14:35:19.366,0:28.934,0:29.382,0:33.570,310.3,Nicolas LAPIERRE,,HYPERCAR,,Alpine Elf Matmut,Alpine,
36,2,21,1:37.934,0,B,29.065,0,29.402,0,39.467,0,171.0,36:57.300,14:36:57.300,0:29.065,0:29.402,0:39.467,307.7,Nicolas LAPIERRE,,HYPERCAR,,Alpine Elf Matmut,Alpine,
36,2,22,2:23.175,0,,1:19.296,0,30.670,0,33.209,0,117.0,39:20.475,14:39:20.475,1:19.296,0:30.670,0:33.209,,Nicolas LAPIERRE,0:00:54.482,HYPERCAR,,Alpine Elf Matmut,Alpine,
36,2,23,1:32.454,0,,28.958,0,29.694,0,33.802,0,181.2,40:52.929,14:40:52.929,0:28.958,0:29.694,0:33.802,309.5,Nicolas LAPIERRE,,HYPERCAR,,Alpine Elf Matmut,Alpine,
36,2,24,1:32.300,0,,28.780,0,29.779,0,33.741,0,181.5,42:25.229,14:42:25.229,0:28.780,0:29.779,0:33.741,309.5,Nicolas LAPIERRE,,HYPERCAR,,Alpine Elf Matmut,Alpine,
36,2,25,1:31.971,0,,28.696,2,29.474,0,33.801,0,182.1,43:57.200,14:43:57.200,0:28.696,0:29.474,0:33.801,310.3,Nicolas LAPIERRE,,HYPERCAR,,Alpine Elf Matmut,Alpine,
36,2,26,1:31.859,0,,28.909,0,29.626,0,33.324,0,182.4,45:29.059,14:45:29.059,0:28.909,0:29.626,0:33.324,311.2,Nicolas LAPIERRE,,HYPERCAR,,Alpine Elf Matmut,Alpine,
36,2,27,1:31.652,2,,28.904,0,29.545,0,33.203,3,182.8,47:00.711,14:47:00.711,0:28.904,0:29.545,0:33.203,312.1,Nicolas LAPIERRE,,HYPERCAR,,Alpine Elf Matmut,Alpine,
36,2,28,1:38.862,0,B,29.045,0,29.723,0,40.094,0,169.4,48:39.573,14:48:39.573,0:29.045,0:29.723,0:40.094,310.3,Nicolas LAPIERRE,,HYPERCAR,,Alpine Elf Matmut,Alpine,
36,1,29,3:55.349,0,,2:51.106,0,29.959,0,34.284,0,71.2,52:34.922,14:52:34.922,2:51.106,0:29.959,0:34.284,,André NEGRÃO,0:02:24.090,HYPERCAR,,Alpine Elf Matmut,Alpine,
36,1,30,1:33.546,0,,29.157,0,30.182,0,34.207,0,179.1,54:08.468,14:54:08.468,0:29.157,0:30.182,0:34.207,311.2,André NEGRÃO,,HYPERCAR,,Alpine Elf Matmut,Alpine,
36,1,31,1:33.014,0,,29.708,0,29.965,0,33.341,1,180.1,55:41.482,14:55:41.482,0:29.708,0:29.965,0:33.341,304.2,André NEGRÃO,,HYPERCAR,,Alpine Elf Matmut,Alpine,
36,1,32,1:33.631,0,,29.189,0,29.723,0,34.719,0,178.9,57:15.113,14:57:15.113,0:29.189,0:29.723,0:34.719,308.6,André NEGRÃO,,HYPERCAR,,Alpine Elf Matmut,Alpine,
36,1,33,1:32.296,0,,29.100,0,29.643,1,33.553,0,181.5,58:47.409,14:58:47.409,0:29.100,0:29.643,0:33.553,304.2,André NEGRÃO,,HYPERCAR,,Alpine Elf Matmut,Alpine,
36,1,34,1:32.948,0,,29.166,0,29.931,0,33.851,0,180.2,1:00:20.357,15:00:20.357,0:29.166,0:29.931,0:33.851,311.2,André NEGRÃO,,HYPERCAR,,Alpine Elf Matmut,Alpine,
38,2,1,2:08.663,0,,59.109,0,33.068,0,36.486,0,122.7,2:08.663,14:02:08.663,0:59.109,0:33.068,0:36.486,,Antonio Felix DA COSTA,0:00:27.179,LMP2,,JOTA,Oreca,
38,2,2,1:37.295,0,,31.654,0,31.231,0,34.410,0,172.2,3:45.958,14:03:45.958,0:31.654,0:31.231,0:34.410,268.0,Antonio Felix DA COSTA,,LMP2,,JOTA,Oreca,
38,2,3,1:34.404,0,,30.004,0,30.361,0,34.039,0,177.4,5:20.362,14:05:20.362,0:30.004,0:30.361,0:34.039,271.4,Antonio Felix DA COSTA,,LMP2,,JOTA,Oreca,
38,2,4,1:42.423,0,B,29.094,0,30.423,0,42.906,0,163.5,7:02.785,14:07:02.785,0:29.094,0:30.423,0:42.906,296.7,Antonio Felix DA COSTA,,LMP2,,JOTA,Oreca,
38,2,5,7:13.793,0,,6:08.525,0,30.900,0,34.368,0,38.6,14:16.578,14:14:16.578,6:08.525,0:30.900,0:34.368,,Antonio Felix DA COSTA,0:05:42.607,LMP2,,JOTA,Oreca,
38,2,6,1:31.765,2,,28.577,2,29.567,2,33.621,1,182.5,15:48.343,14:15:48.343,0:28.577,0:29.567,0:33.621,296.7,Antonio Felix DA COSTA,,LMP2,,JOTA,Oreca,
38,2,7,1:38.918,0,B,28.845,0,30.389,0,39.684,0,169.3,17:27.261,14:17:27.261,0:28.845,0:30.389,0:39.684,299.2,Antonio Felix DA COSTA,,LMP2,,JOTA,Oreca,
38,1,8,4:40.274,0,,3:34.668,0,31.391,0,34.215,0,59.8,22:07.535,14:22:07.535,3:34.668,0:31.391,0:34.215,,Roberto GONZALEZ,0:03:05.507,LMP2,,JOTA,Oreca,
38,1,9,1:34.286,0,,29.570,0,30.696,0,34.020,1,177.7,23:41.821,14:23:41.821,0:29.570,0:30.696,0:34.020,294.3,Roberto GONZALEZ,,LMP2,,JOTA,Oreca,
38,1,10,1:34.922,0,,30.031,0,30.605,0,34.286,0,176.5,25:16.743,14:25:16.743,0:30.031,0:30.605,0:34.286,295.9,Roberto GONZALEZ,,LMP2,,JOTA,Oreca,
38,1,11,1:35.501,0,,29.363,1,31.321,0,34.817,0,175.4,26:52.244,14:26:52.244,0:29.363,0:31.321,0:34.817,294.3,Roberto GONZALEZ,,LMP2,,JOTA,Oreca,
38,1,12,1:34.581,0,,29.878,0,30.510,0,34.193,0,177.1,28:26.825,14:28:26.825,0:29.878,0:30.510,0:34.193,296.7,Roberto GONZALEZ,,LMP2,,JOTA,Oreca,
38,1,13,1:34.876,0,,29.788,0,,0,,0,176.6,30:01.701,14:30:01.701,0:29.788,,,295.1,Roberto GONZALEZ,,LMP2,,JOTA,Oreca,
38,1,14,1:33.959,0,,29.585,0,30.310,0,34.064,0,178.3,31:35.660,14:31:35.660,0:29.585,0:30.310,0:34.064,293.5,Roberto GONZALEZ,,LMP2,,JOTA,Oreca,
38,1,15,1:35.061,0,,30.428,0,30.478,0,34.155,0,176.2,33:10.721,14:33:10.721,0:30.428,0:30.478,0:34.155,295.9,Roberto GONZALEZ,,LMP2,,JOTA,Oreca,
38,1,16,1:35.198,0,,29.738,0,30.645,0,34.815,0,176.0,34:45.919,14:34:45.919,0:29.738,0:30.645,0:34.815,295.1,Roberto GONZALEZ,,LMP2,,JOTA,Oreca,
38,1,17,1:38.297,0,,30.354,0,32.130,0,35.813,0,170.4,36:24.216,14:36:24.216,0:30.354,0:32.130,0:35.813,291.1,Roberto GONZALEZ,,LMP2,,JOTA,Oreca,
38,1,18,1:35.329,0,,29.803,0,30.469,0,35.057,0,175.7,37:59.545,14:37:59.545,0:29.803,0:30.469,0:35.057,288.8,Roberto GONZALEZ,,LMP2,,JOTA,Oreca,
38,1,19,1:34.080,0,,29.564,0,30.294,1,34.222,0,178.0,39:33.625,14:39:33.625,0:29.564,0:30.294,0:34.222,291.1,Roberto GONZALEZ,,LMP2,,JOTA,Oreca,
38,1,20,1:34.719,0,,30.135,0,30.500,0,34.084,0,176.8,41:08.344,14:41:08.344,0:30.135,0:30.500,0:34.084,295.9,Roberto GONZALEZ,,LMP2,,JOTA,Oreca,
38,1,21,1:43.957,0,B,30.348,0,30.952,0,42.657,0,161.1,42:52.301,14:42:52.301,0:30.348,0:30.952,0:42.657,295.9,Roberto GONZALEZ,,LMP2,,JOTA,Oreca,
38,3,22,3:46.373,0,,2:41.745,0,30.549,0,34.079,0,74.0,46:38.674,14:46:38.674,2:41.745,0:30.549,0:34.079,,Anthony DAVIDSON,0:02:15.346,LMP2,,JOTA,Oreca,
38,3,23,1:35.151,0,,29.820,0,30.460,0,34.871,0,176.0,48:13.825,14:48:13.825,0:29.820,0:30.460,0:34.871,293.5,Anthony DAVIDSON,,LMP2,,JOTA,Oreca,
38,3,24,1:35.355,0,,29.847,0,30.846,0,34.662,0,175.7,49:49.180,14:49:49.180,0:29.847,0:30.846,0:34.662,288.0,Anthony DAVIDSON,,LMP2,,JOTA,Oreca,
38,3,25,1:34.504,0,,30.014,0,30.103,0,34.387,0,177.2,51:23.684,14:51:23.684,0:30.014,0:30.103,0:34.387,291.9,Anthony DAVIDSON,,LMP2,,JOTA,Oreca,
38,3,26,1:34.667,0,,29.390,0,30.747,0,34.530,0,176.9,52:58.351,14:52:58.351,0:29.390,0:30.747,0:34.530,297.5,Anthony DAVIDSON,,LMP2,,JOTA,Oreca,
38,3,27,1:33.307,0,,29.109,0,30.180,0,34.018,0,179.5,54:31.658,14:54:31.658,0:29.109,0:30.180,0:34.018,294.3,Anthony DAVIDSON,,LMP2,,JOTA,Oreca,
38,3,28,1:32.722,0,,29.142,0,29.984,0,33.596,2,180.7,56:04.380,14:56:04.380,0:29.142,0:29.984,0:33.596,295.1,Anthony DAVIDSON,,LMP2,,JOTA,Oreca,
38,3,29,1:35.566,0,,29.257,0,30.031,0,36.278,0,175.3,57:39.946,14:57:39.946,0:29.257,0:30.031,0:36.278,296.7,Anthony DAVIDSON,,LMP2,,JOTA,Oreca,
38,3,30,1:34.355,0,,29.226,0,30.983,0,34.146,0,177.5,59:14.301,14:59:14.301,0:29.226,0:30.983,0:34.146,292.7,Anthony DAVIDSON,,LMP2,,JOTA,Oreca,
38,3,31,1:34.275,0,,29.056,1,29.956,1,35.263,0,177.7,1:00:48.576,15:00:48.576,0:29.056,0:29.956,0:35.263,296.7,Anthony DAVIDSON,,LMP2,,JOTA,Oreca,
44,3,1,2:00.719,0,,51.411,0,33.111,0,36.197,0,130.7,2:00.719,14:02:00.719,0:51.411,0:33.111,0:36.197,,Thomas JACKSON,0:00:16.050,LMP2,P/A,ARC Bratislava,Ligier,
44,3,2,1:37.178,0,,30.688,0,31.040,0,35.450,0,172.4,3:37.897,14:03:37.897,0:30.688,0:31.040,0:35.450,289.5,Thomas JACKSON,,LMP2,P/A,ARC Bratislava,Ligier,
44,3,3,1:36.189,0,,30.157,0,30.824,0,35.208,1,174.1,5:14.086,14:05:14.086,0:30.157,0:30.824,0:35.208,296.7,Thomas JACKSON,,LMP2,P/A,ARC Bratislava,Ligier,
44,3,4,1:40.155,0,,30.210,0,33.386,0,36.559,0,167.2,6:54.241,14:06:54.241,0:30.210,0:33.386,0:36.559,295.1,Thomas JACKSON,,LMP2,P/A,ARC Bratislava,Ligier,
44,3,5,1:36.617,0,,29.979,1,30.777,0,35.861,0,173.4,8:30.858,14:08:30.858,0:29.979,0:30.777,0:35.861,294.3,Thomas JACKSON,,LMP2,P/A,ARC Bratislava,Ligier,
44,3,6,1:36.173,0,,30.134,0,30.698,1,35.341,0,174.2,10:07.031,14:10:07.031,0:30.134,0:30.698,0:35.341,294.3,Thomas JACKSON,,LMP2,P/A,ARC Bratislava,Ligier,
44,3,7,1:44.358,0,B,30.238,0,30.871,0,43.249,0,160.5,11:51.389,14:11:51.389,0:30.238,0:30.871,0:43.249,295.1,Thomas JACKSON,,LMP2,P/A,ARC Bratislava,Ligier,
44,1,8,4:20.282,0,,3:06.384,0,36.033,0,37.865,0,64.4,16:11.671,14:16:11.671,3:06.384,0:36.033,0:37.865,,Miroslav KONOPKA,0:02:37.345,LMP2,P/A,ARC Bratislava,Ligier,
44,1,9,1:41.009,0,,31.863,0,32.451,0,36.695,0,165.8,17:52.680,14:17:52.680,0:31.863,0:32.451,0:36.695,288.8,Miroslav KONOPKA,,LMP2,P/A,ARC Bratislava,Ligier,
44,1,10,1:46.848,0,,35.188,0,34.453,0,37.207,0,156.8,19:39.528,14:19:39.528,0:35.188,0:34.453,0:37.207,291.1,Miroslav KONOPKA,,LMP2,P/A,ARC Bratislava,Ligier,
44,1,11,1:41.169,0,,30.987,0,32.359,0,37.823,0,165.6,21:20.697,14:21:20.697,0:30.987,0:32.359,0:37.823,289.5,Miroslav KONOPKA,,LMP2,P/A,ARC Bratislava,Ligier,
44,1,12,1:40.345,0,,31.083,0,32.881,0,36.381,0,166.9,23:01.042,14:23:01.042,0:31.083,0:32.881,0:36.381,288.0,Miroslav KONOPKA,,LMP2,P/A,ARC Bratislava,Ligier,
44,1,13,1:42.704,0,,32.677,0,32.064,0,37.963,0,163.1,24:43.746,14:24:43.746,0:32.677,0:32.064,0:37.963,292.7,Miroslav KONOPKA,,LMP2,P/A,ARC Bratislava,Ligier,
44,1,14,1:40.282,0,,31.461,0,32.032,0,36.789,0,167.0,26:24.028,14:26:24.028,0:31.461,0:32.032,0:36.789,274.1,Miroslav KONOPKA,,LMP2,P/A,ARC Bratislava,Ligier,
44,1,15,1:39.926,0,,31.268,0,32.354,0,36.304,0,167.6,28:03.954,14:28:03.954,0:31.268,0:32.354,0:36.304,291.9,Miroslav KONOPKA,,LMP2,P/A,ARC Bratislava,Ligier,
44,1,16,1:41.269,0,,32.122,0,32.550,0,36.597,0,165.4,29:45.223,14:29:45.223,0:32.122,0:32.550,0:36.597,291.9,Miroslav KONOPKA,,LMP2,P/A,ARC Bratislava,Ligier,
44,1,17,1:39.111,0,,30.859,0,31.979,0,36.273,0,169.0,31:24.334,14:31:24.334,0:30.859,0:31.979,0:36.273,292.7,Miroslav KONOPKA,,LMP2,P/A,ARC Bratislava,Ligier,
44,1,18,1:40.022,0,,31.433,0,32.352,0,36.237,0,167.5,33:04.356,14:33:04.356,0:31.433,0:32.352,0:36.237,287.2,Miroslav KONOPKA,,LMP2,P/A,ARC Bratislava,Ligier,
44,1,19,1:39.535,0,,31.246,0,32.020,0,36.269,0,168.3,34:43.891,14:34:43.891,0:31.246,0:32.020,0:36.269,290.3,Miroslav KONOPKA,,LMP2,P/A,ARC Bratislava,Ligier,
44,1,20,1:41.745,0,,32.461,0,32.690,0,36.594,0,164.6,36:25.636,14:36:25.636,0:32.461,0:32.690,0:36.594,291.9,Miroslav KONOPKA,,LMP2,P/A,ARC Bratislava,Ligier,
44,1,21,1:38.943,0,,31.180,0,31.849,0,35.914,0,169.3,38:04.579,14:38:04.579,0:31.180,0:31.849,0:35.914,290.3,Miroslav KONOPKA,,LMP2,P/A,ARC Bratislava,Ligier,
44,1,22,1:39.707,0,,31.406,0,32.011,0,36.290,0,168.0,39:44.286,14:39:44.286,0:31.406,0:32.011,0:36.290,288.0,Miroslav KONOPKA,,LMP2,P/A,ARC Bratislava,Ligier,
44,1,23,1:38.801,0,,31.086,0,31.840,1,35.875,1,169.5,41:23.087,14:41:23.087,0:31.086,0:31.840,0:35.875,293.5,Miroslav KONOPKA,,LMP2,P/A,ARC Bratislava,Ligier,
44,1,24,1:38.587,0,,30.686,1,31.859,0,36.042,0,169.9,43:01.674,14:43:01.674,0:30.686,0:31.859,0:36.042,294.3,Miroslav KONOPKA,,LMP2,P/A,ARC Bratislava,Ligier,
44,1,25,2:04.003,0,B,40.349,0,36.621,0,47.033,0,135.1,45:05.677,14:45:05.677,0:40.349,0:36.621,0:47.033,293.5,Miroslav KONOPKA,,LMP2,P/A,ARC Bratislava,Ligier,
44,2,26,3:24.016,0,,2:16.978,0,31.818,0,35.220,0,82.1,48:29.693,14:48:29.693,2:16.978,0:31.818,0:35.220,,Oliver WEBB,0:01:47.942,LMP2,P/A,ARC Bratislava,Ligier,
44,2,27,1:33.994,0,,29.374,0,30.227,0,34.393,2,178.2,50:03.687,14:50:03.687,0:29.374,0:30.227,0:34.393,296.7,Oliver WEBB,,LMP2,P/A,ARC Bratislava,Ligier,
44,2,28,1:33.842,2,,29.312,2,30.123,0,34.407,0,178.5,51:37.529,14:51:37.529,0:29.312,0:30.123,0:34.407,297.5,Oliver WEBB,,LMP2,P/A,ARC Bratislava,Ligier,
44,2,29,1:35.002,0,,29.938,0,30.412,0,34.652,0,176.3,53:12.531,14:53:12.531,0:29.938,0:30.412,0:34.652,299.2,Oliver WEBB,,LMP2,P/A,ARC Bratislava,Ligier,
44,2,30,1:34.755,0,,29.402,0,30.163,0,35.190,0,176.8,54:47.286,14:54:47.286,0:29.402,0:30.163,0:35.190,300.0,Oliver WEBB,,LMP2,P/A,ARC Bratislava,Ligier,
44,2,31,1:33.851,0,,29.350,0,30.061,2,34.440,0,178.5,56:21.137,14:56:21.137,0:29.350,0:30.061,0:34.440,297.5,Oliver WEBB,,LMP2,P/A,ARC Bratislava,Ligier,
44,2,32,1:41.743,0,,31.989,0,33.738,0,36.016,0,164.6,58:02.880,14:58:02.880,0:31.989,0:33.738,0:36.016,298.3,Oliver WEBB,,LMP2,P/A,ARC Bratislava,Ligier,
44,2,33,1:44.657,0,B,29.847,0,31.503,0,43.307,0,160.1,59:47.537,14:59:47.537,0:29.847,0:31.503,0:43.307,296.7,Oliver WEBB,,LMP2,P/A,ARC Bratislava,Ligier,
47,2,1,2:18.151,0,,1:06.260,0,34.239,0,37.652,0,114.2,2:18.151,14:02:18.151,1:06.260,0:34.239,0:37.652,,Giorgio SERNAGIOTTO,0:00:34.739,LMGTE Am,,Cetilar Racing,Ferrari,
47,2,2,1:41.743,0,,32.349,0,32.512,0,36.882,0,164.6,3:59.894,14:03:59.894,0:32.349,0:32.512,0:36.882,265.4,Giorgio SERNAGIOTTO,,LMGTE Am,,Cetilar Racing,Ferrari,
47,2,3,1:40.063,0,,31.584,0,31.933,0,36.546,1,167.4,5:39.957,14:05:39.957,0:31.584,0:31.933,0:36.546,266.0,Giorgio SERNAGIOTTO,,LMGTE Am,,Cetilar Racing,Ferrari,
47,2,4,1:40.027,0,,31.443,1,31.983,0,36.601,0,167.5,7:19.984,14:07:19.984,0:31.443,0:31.983,0:36.601,268.7,Giorgio SERNAGIOTTO,,LMGTE Am,,Cetilar Racing,Ferrari,
47,2,5,1:40.408,0,,31.736,0,32.010,0,36.662,0,166.8,9:00.392,14:09:00.392,0:31.736,0:32.010,0:36.662,268.0,Giorgio SERNAGIOTTO,,LMGTE Am,,Cetilar Racing,Ferrari,
47,2,6,1:40.261,0,,31.687,0,31.882,1,36.692,0,167.1,10:40.653,14:10:40.653,0:31.687,0:31.882,0:36.692,268.0,Giorgio SERNAGIOTTO,,LMGTE Am,,Cetilar Racing,Ferrari,
47,2,7,1:46.798,0,B,31.686,0,32.011,0,43.101,0,156.8,12:27.451,14:12:27.451,0:31.686,0:32.011,0:43.101,268.0,Giorgio SERNAGIOTTO,,LMGTE Am,,Cetilar Racing,Ferrari,
47,1,8,3:55.929,0,,2:44.669,0,32.705,0,38.555,0,71.0,16:23.380,14:16:23.380,2:44.669,0:32.705,0:38.555,,Roberto LACORTE,0:02:17.475,LMGTE Am,,Cetilar Racing,Ferrari,
47,1,9,1:41.685,0,,32.144,0,32.472,0,37.069,0,164.7,18:05.065,14:18:05.065,0:32.144,0:32.472,0:37.069,264.1,Roberto LACORTE,,LMGTE Am,,Cetilar Racing,Ferrari,
47,1,10,1:41.288,0,,31.767,0,32.365,0,37.156,0,165.4,19:46.353,14:19:46.353,0:31.767,0:32.365,0:37.156,266.7,Roberto LACORTE,,LMGTE Am,,Cetilar Racing,Ferrari,
47,1,11,2:33.542,0,,1:20.438,0,35.148,0,37.956,0,109.1,22:19.895,14:22:19.895,1:20.438,0:35.148,0:37.956,268.0,Roberto LACORTE,,LMGTE Am,,Cetilar Racing,Ferrari,
47,1,12,1:47.937,0,B,31.824,0,32.515,0,43.598,0,155.2,24:07.832,14:24:07.832,0:31.824,0:32.515,0:43.598,268.0,Roberto LACORTE,,LMGTE Am,,Cetilar Racing,Ferrari,
47,1,13,2:37.972,0,,1:27.528,0,32.825,0,37.619,0,106.0,26:45.804,14:26:45.804,1:27.528,0:32.825,0:37.619,,Roberto LACORTE,0:00:59.534,LMGTE Am,,Cetilar Racing,Ferrari,
47,1,14,1:40.537,0,,31.602,1,32.154,0,36.781,1,166.6,28:26.341,14:28:26.341,0:31.602,0:32.154,0:36.781,267.3,Roberto LACORTE,,LMGTE Am,,Cetilar Racing,Ferrari,
47,1,15,1:40.891,0,,31.856,0,,0,,0,166.0,30:07.232,14:30:07.232,0:31.856,,,266.0,Roberto LACORTE,,LMGTE Am,,Cetilar Racing,Ferrari,
47,1,16,2:04.151,0,,31.639,0,32.049,1,1:00.463,0,134.9,32:11.383,14:32:11.383,0:31.639,0:32.049,1:00.463,266.7,Roberto LACORTE,,LMGTE Am,,Cetilar Racing,Ferrari,
47,1,17,1:55.280,0,,43.724,0,34.188,0,37.368,0,145.3,34:06.663,14:34:06.663,0:43.724,0:34.188,0:37.368,266.0,Roberto LACORTE,,LMGTE Am,,Cetilar Racing,Ferrari,
47,1,18,1:41.378,0,,31.838,0,32.284,0,37.256,0,165.2,35:48.041,14:35:48.041,0:31.838,0:32.284,0:37.256,265.4,Roberto LACORTE,,LMGTE Am,,Cetilar Racing,Ferrari,
47,1,19,1:52.501,0,B,31.898,0,32.294,0,48.309,0,148.9,37:40.542,14:37:40.542,0:31.898,0:32.294,0:48.309,268.0,Roberto LACORTE,,LMGTE Am,,Cetilar Racing,Ferrari,
47,3,20,3:04.992,0,,1:55.810,0,31.853,0,37.329,0,90.5,40:45.534,14:40:45.534,1:55.810,0:31.853,0:37.329,,Antonio FUOCO,0:01:29.750,LMGTE Am,,Cetilar Racing,Ferrari,
47,3,21,1:40.273,0,,31.449,0,31.838,0,36.986,0,167.1,42:25.807,14:42:25.807,0:31.449,0:31.838,0:36.986,268.7,Antonio FUOCO,,LMGTE Am,,Cetilar Racing,Ferrari,
47,3,22,1:43.198,0,,31.860,0,33.573,0,37.765,0,162.3,44:09.005,14:44:09.005,0:31.860,0:33.573,0:37.765,270.0,Antonio FUOCO,,LMGTE Am,,Cetilar Racing,Ferrari,
47,3,23,1:39.876,0,,31.486,0,31.816,0,36.574,0,167.7,45:48.881,14:45:48.881,0:31.486,0:31.816,0:36.574,268.0,Antonio FUOCO,,LMGTE Am,,Cetilar Racing,Ferrari,
47,3,24,1:46.258,0,B,31.471,0,31.939,0,42.848,0,157.6,47:35.139,14:47:35.139,0:31.471,0:31.939,0:42.848,267.3,Antonio FUOCO,,LMGTE Am,,Cetilar Racing,Ferrari,
47,3,25,2:49.233,0,,1:39.148,0,32.485,0,37.600,0,99.0,50:24.372,14:50:24.372,1:39.148,0:32.485,0:37.600,,Antonio FUOCO,0:01:10.962,LMGTE Am,,Cetilar Racing,Ferrari,
47,3,26,1:39.871,0,,31.243,2,31.454,2,37.174,0,167.7,52:04.243,14:52:04.243,0:31.243,0:31.454,0:37.174,269.3,Antonio FUOCO,,LMGTE Am,,Cetilar Racing,Ferrari,
47,3,27,1:39.709,2,,31.448,0,31.828,0,36.433,2,168.0,53:43.952,14:53:43.952,0:31.448,0:31.828,0:36.433,268.0,Antonio FUOCO,,LMGTE Am,,Cetilar Racing,Ferrari,
47,3,28,1:39.782,0,,31.332,0,31.941,0,36.509,0,167.9,55:23.734,14:55:23.734,0:31.332,0:31.941,0:36.509,270.0,Antonio FUOCO,,LMGTE Am,,Cetilar Racing,Ferrari,
47,3,29,1:39.709,0,,31.271,0,31.863,0,36.575,0,168.0,57:03.443,14:57:03.443,0:31.271,0:31.863,0:36.575,268.7,Antonio FUOCO,,LMGTE Am,,Cetilar Racing,Ferrari,
47,3,30,1:43.722,0,,31.525,0,35.547,0,36.650,0,161.5,58:47.165,14:58:47.165,0:31.525,0:35.547,0:36.650,270.0,Antonio FUOCO,,LMGTE Am,,Cetilar Racing,Ferrari,
47,3,31,1:39.939,0,,31.354,0,31.807,0,36.778,0,167.6,1:00:27.104,15:00:27.104,0:31.354,0:31.807,0:36.778,268.0,Antonio FUOCO,,LMGTE Am,,Cetilar Racing,Ferrari,
51,2,1,2:14.891,0,,1:02.384,0,34.425,0,38.082,0,117.0,2:14.891,14:02:14.891,1:02.384,0:34.425,0:38.082,,James CALADO,0:00:30.624,LMGTE Pro,,AF Corse,Ferrari,
51,2,2,1:39.786,0,,31.641,0,31.926,0,36.219,2,167.9,3:54.677,14:03:54.677,0:31.641,0:31.926,0:36.219,266.0,James CALADO,,LMGTE Pro,,AF Corse,Ferrari,
51,2,3,1:39.420,0,,31.384,0,31.644,1,36.392,0,168.5,5:34.097,14:05:34.097,0:31.384,0:31.644,0:36.392,268.0,James CALADO,,LMGTE Pro,,AF Corse,Ferrari,
51,2,4,1:39.447,0,,31.470,0,31.671,0,36.306,0,168.4,7:13.544,14:07:13.544,0:31.470,0:31.671,0:36.306,268.7,James CALADO,,LMGTE Pro,,AF Corse,Ferrari,
51,2,5,1:39.850,0,,31.395,0,31.747,0,36.708,0,167.8,8:53.394,14:08:53.394,0:31.395,0:31.747,0:36.708,268.7,James CALADO,,LMGTE Pro,,AF Corse,Ferrari,
51,2,6,1:43.229,0,,34.315,0,32.511,0,36.403,0,162.3,10:36.623,14:10:36.623,0:34.315,0:32.511,0:36.403,264.7,James CALADO,,LMGTE Pro,,AF Corse,Ferrari,
51,2,7,1:46.233,0,B,31.383,0,31.707,0,43.143,0,157.7,12:22.856,14:12:22.856,0:31.383,0:31.707,0:43.143,267.3,James CALADO,,LMGTE Pro,,AF Corse,Ferrari,
51,2,8,5:07.907,0,,3:52.201,0,35.320,0,40.386,0,54.4,17:30.763,14:17:30.763,3:52.201,0:35.320,0:40.386,,James CALADO,0:03:25.189,LMGTE Pro,,AF Corse,Ferrari,
51,2,9,1:39.261,0,,31.275,0,31.734,0,36.252,0,168.8,19:10.024,14:19:10.024,0:31.275,0:31.734,0:36.252,268.0,James CALADO,,LMGTE Pro,,AF Corse,Ferrari,
51,2,10,1:43.941,0,,31.322,0,34.373,0,38.246,0,161.2,20:53.965,14:20:53.965,0:31.322,0:34.373,0:38.246,268.0,James CALADO,,LMGTE Pro,,AF Corse,Ferrari,
51,2,11,1:39.199,2,,31.119,2,31.787,0,36.293,0,168.9,22:33.164,14:22:33.164,0:31.119,0:31.787,0:36.293,268.7,James CALADO,,LMGTE Pro,,AF Corse,Ferrari,
51,2,12,1:39.290,0,,31.269,0,31.654,0,36.367,0,168.7,24:12.454,14:24:12.454,0:31.269,0:31.654,0:36.367,268.7,James CALADO,,LMGTE Pro,,AF Corse,Ferrari,
51,2,13,1:49.518,0,B,32.835,0,32.892,0,43.791,0,153.0,26:01.972,14:26:01.972,0:32.835,0:32.892,0:43.791,268.7,James CALADO,,LMGTE Pro,,AF Corse,Ferrari,
51,2,14,3:27.548,0,,2:04.487,0,34.010,0,49.051,0,80.7,29:29.520,14:29:29.520,2:04.487,0:34.010,0:49.051,,James CALADO,0:01:37.343,LMGTE Pro,,AF Corse,Ferrari,
51,2,15,1:51.519,0,,31.305,0,31.814,0,48.400,0,150.2,31:21.039,14:31:21.039,0:31.305,0:31.814,0:48.400,268.0,James CALADO,,LMGTE Pro,,AF Corse,Ferrari,
51,2,16,1:39.632,0,,31.292,0,31.757,0,36.583,0,168.1,33:00.671,14:33:00.671,0:31.292,0:31.757,0:36.583,266.7,James CALADO,,LMGTE Pro,,AF Corse,Ferrari,
51,2,17,1:52.179,0,B,34.272,0,35.182,0,42.725,0,149.3,34:52.850,14:34:52.850,0:34.272,0:35.182,0:42.725,264.7,James CALADO,,LMGTE Pro,,AF Corse,Ferrari,
51,1,18,5:47.958,0,,4:39.027,0,32.057,0,36.874,0,48.1,40:40.808,14:40:40.808,4:39.027,0:32.057,0:36.874,,Alessandro PIER GUIDI,0:04:12.825,LMGTE Pro,,AF Corse,Ferrari,
51,1,19,1:39.560,0,,31.439,0,31.507,0,36.614,0,168.2,42:20.368,14:42:20.368,0:31.439,0:31.507,0:36.614,267.3,Alessandro PIER GUIDI,,LMGTE Pro,,AF Corse,Ferrari,
51,1,20,1:40.609,0,,31.369,0,31.637,0,37.603,0,166.5,44:00.977,14:44:00.977,0:31.369,0:31.637,0:37.603,269.3,Alessandro PIER GUIDI,,LMGTE Pro,,AF Corse,Ferrari,
51,1,21,1:39.806,0,,31.326,1,31.796,0,36.684,0,167.8,45:40.783,14:45:40.783,0:31.326,0:31.796,0:36.684,268.0,Alessandro PIER GUIDI,,LMGTE Pro,,AF Corse,Ferrari,
51,1,22,1:47.597,0,B,31.915,0,32.095,0,43.587,0,155.7,47:28.380,14:47:28.380,0:31.915,0:32.095,0:43.587,264.1,Alessandro PIER GUIDI,,LMGTE Pro,,AF Corse,Ferrari,
51,1,23,6:02.929,0,,4:54.266,0,31.958,0,36.705,0,46.2,53:31.309,14:53:31.309,4:54.266,0:31.958,0:36.705,,Alessandro PIER GUIDI,0:04:26.793,LMGTE Pro,,AF Corse,Ferrari,
51,1,24,1:39.972,0,,31.480,0,31.687,0,36.805,0,167.6,55:11.281,14:55:11.281,0:31.480,0:31.687,0:36.805,267.3,Alessandro PIER GUIDI,,LMGTE Pro,,AF Corse,Ferrari,
51,1,25,1:40.584,0,,32.421,0,31.636,0,36.527,0,166.5,56:51.865,14:56:51.865,0:32.421,0:31.636,0:36.527,266.0,Alessandro PIER GUIDI,,LMGTE Pro,,AF Corse,Ferrari,
51,1,26,1:39.513,0,,31.393,0,31.626,0,36.494,1,168.3,58:31.378,14:58:31.378,0:31.393,0:31.626,0:36.494,268.0,Alessandro PIER GUIDI,,LMGTE Pro,,AF Corse,Ferrari,
51,1,27,1:39.921,0,,31.411,0,31.489,2,37.021,0,167.6,1:00:11.299,15:00:11.299,0:31.411,0:31.489,0:37.021,267.3,Alessandro PIER GUIDI,,LMGTE Pro,,AF Corse,Ferrari,
52,1,1,2:21.608,0,,1:07.775,0,34.720,0,39.113,0,111.5,2:21.608,14:02:21.608,1:07.775,0:34.720,0:39.113,,Daniel SERRA,0:00:36.232,LMGTE Pro,,AF Corse,Ferrari,
52,1,2,1:41.494,0,,32.040,0,32.679,0,36.775,0,165.0,4:03.102,14:04:03.102,0:32.040,0:32.679,0:36.775,263.4,Daniel SERRA,,LMGTE Pro,,AF Corse,Ferrari,
52,1,3,1:39.553,0,,31.299,0,31.816,0,36.438,0,168.3,5:42.655,14:05:42.655,0:31.299,0:31.816,0:36.438,268.0,Daniel SERRA,,LMGTE Pro,,AF Corse,Ferrari,
52,1,4,1:39.722,0,,31.335,0,31.876,0,36.511,0,168.0,7:22.377,14:07:22.377,0:31.335,0:31.876,0:36.511,269.3,Daniel SERRA,,LMGTE Pro,,AF Corse,Ferrari,
52,1,5,1:39.772,0,,31.454,0,31.834,0,36.484,0,167.9,9:02.149,14:09:02.149,0:31.454,0:31.834,0:36.484,268.7,Daniel SERRA,,LMGTE Pro,,AF Corse,Ferrari,
52,1,6,1:39.909,0,,31.287,0,31.921,0,36.701,0,167.7,10:42.058,14:10:42.058,0:31.287,0:31.921,0:36.701,268.7,Daniel SERRA,,LMGTE Pro,,AF Corse,Ferrari,
52,1,7,1:47.218,0,B,32.149,0,32.437,0,42.632,0,156.2,12:29.276,14:12:29.276,0:32.149,0:32.437,0:42.632,268.0,Daniel SERRA,,LMGTE Pro,,AF Corse,Ferrari,
52,1,8,3:59.375,0,,2:50.736,0,32.019,0,36.620,0,70.0,16:28.651,14:16:28.651,2:50.736,0:32.019,0:36.620,,Daniel SERRA,0:02:25.047,LMGTE Pro,,AF Corse,Ferrari,
52,1,9,1:39.472,0,,31.307,0,31.692,0,36.473,0,168.4,18:08.123,14:18:08.123,0:31.307,0:31.692,0:36.473,268.7,Daniel SERRA,,LMGTE Pro,,AF Corse,Ferrari,
52,1,10,1:43.050,0,,31.328,0,32.599,0,39.123,0,162.6,19:51.173,14:19:51.173,0:31.328,0:32.599,0:39.123,268.0,Daniel SERRA,,LMGTE Pro,,AF Corse,Ferrari,
52,1,11,1:44.367,0,,34.536,0,32.371,0,37.460,0,160.5,21:35.540,14:21:35.540,0:34.536,0:32.371,0:37.460,268.7,Daniel SERRA,,LMGTE Pro,,AF Corse,Ferrari,
52,1,12,1:39.067,0,,31.116,2,31.673,0,36.278,2,169.1,23:14.607,14:23:14.607,0:31.116,0:31.673,0:36.278,270.0,Daniel SERRA,,LMGTE Pro,,AF Corse,Ferrari,
52,1,13,1:47.062,0,B,31.905,0,32.988,0,42.169,0,156.5,25:01.669,14:25:01.669,0:31.905,0:32.988,0:42.169,269.3,Daniel SERRA,,LMGTE Pro,,AF Corse,Ferrari,
52,1,14,3:34.560,0,,2:21.111,0,34.685,0,38.764,0,78.1,28:36.229,14:28:36.229,2:21.111,0:34.685,0:38.764,,Daniel SERRA,0:01:53.750,LMGTE Pro,,AF Corse,Ferrari,
52,1,15,1:38.953,2,,31.153,0,,0,,0,169.3,30:15.182,14:30:15.182,0:31.153,,,268.0,Daniel SERRA,,LMGTE Pro,,AF Corse,Ferrari,
52,1,16,1:40.683,0,,31.271,0,31.650,0,37.762,0,166.4,31:55.865,14:31:55.865,0:31.271,0:31.650,0:37.762,268.0,Daniel SERRA,,LMGTE Pro,,AF Corse,Ferrari,
52,1,17,1:39.230,0,,31.215,0,31.457,2,36.558,0,168.8,33:35.095,14:33:35.095,0:31.215,0:31.457,0:36.558,267.3,Daniel SERRA,,LMGTE Pro,,AF Corse,Ferrari,
52,1,18,1:45.595,0,B,31.520,0,31.995,0,42.080,0,158.6,35:20.690,14:35:20.690,0:31.520,0:31.995,0:42.080,270.7,Daniel SERRA,,LMGTE Pro,,AF Corse,Ferrari,
52,2,19,3:20.574,0,,2:11.595,0,32.400,0,36.579,0,83.5,38:41.264,14:38:41.264,2:11.595,0:32.400,0:36.579,,Miguel MOLINA,0:01:44.594,LMGTE Pro,,AF Corse,Ferrari,
52,2,20,1:39.608,0,,31.478,0,31.709,0,36.421,0,168.2,40:20.872,14:40:20.872,0:31.478,0:31.709,0:36.421,269.3,Miguel MOLINA,,LMGTE Pro,,AF Corse,Ferrari,
52,2,21,1:39.629,0,,31.402,0,31.708,1,36.519,0,168.1,42:00.501,14:42:00.501,0:31.402,0:31.708,0:36.519,268.7,Miguel MOLINA,,LMGTE Pro,,AF Corse,Ferrari,
52,2,22,1:39.881,0,,31.473,0,31.791,0,36.617,0,167.7,43:40.382,14:43:40.382,0:31.473,0:31.791,0:36.617,270.0,Miguel MOLINA,,LMGTE Pro,,AF Corse,Ferrari,
52,2,23,1:40.235,0,,31.733,0,32.018,0,36.484,0,167.1,45:20.617,14:45:20.617,0:31.733,0:32.018,0:36.484,267.3,Miguel MOLINA,,LMGTE Pro,,AF Corse,Ferrari,
52,2,24,1:39.553,0,,31.420,0,31.812,0,36.321,1,168.3,47:00.170,14:47:00.170,0:31.420,0:31.812,0:36.321,267.3,Miguel MOLINA,,LMGTE Pro,,AF Corse,Ferrari,
52,2,25,1:40.180,0,,31.396,0,31.928,0,36.856,0,167.2,48:40.350,14:48:40.350,0:31.396,0:31.928,0:36.856,267.3,Miguel MOLINA,,LMGTE Pro,,AF Corse,Ferrari,
52,2,26,1:40.758,0,,32.222,0,31.939,0,36.597,0,166.2,50:21.108,14:50:21.108,0:32.222,0:31.939,0:36.597,268.0,Miguel MOLINA,,LMGTE Pro,,AF Corse,Ferrari,
52,2,27,1:39.802,0,,31.357,0,31.896,0,36.549,0,167.8,52:00.910,14:52:00.910,0:31.357,0:31.896,0:36.549,268.0,Miguel MOLINA,,LMGTE Pro,,AF Corse,Ferrari,
52,2,28,1:39.746,0,,31.254,1,31.834,0,36.658,0,167.9,53:40.656,14:53:40.656,0:31.254,0:31.834,0:36.658,269.3,Miguel MOLINA,,LMGTE Pro,,AF Corse,Ferrari,
52,2,29,1:39.662,0,,31.411,0,31.867,0,36.384,0,168.1,55:20.318,14:55:20.318,0:31.411,0:31.867,0:36.384,269.3,Miguel MOLINA,,LMGTE Pro,,AF Corse,Ferrari,
52,2,30,1:41.831,0,,31.515,0,33.444,0,36.872,0,164.5,57:02.149,14:57:02.149,0:31.515,0:33.444,0:36.872,268.7,Miguel MOLINA,,LMGTE Pro,,AF Corse,Ferrari,
52,2,31,1:40.392,0,,31.750,0,31.769,0,36.873,0,166.9,58:42.541,14:58:42.541,0:31.750,0:31.769,0:36.873,268.0,Miguel MOLINA,,LMGTE Pro,,AF Corse,Ferrari,
52,2,32,1:45.500,0,B,31.597,0,32.022,0,41.881,0,158.8,1:00:28.041,15:00:28.041,0:31.597,0:32.022,0:41.881,266.7,Miguel MOLINA,,LMGTE Pro,,AF Corse,Ferrari,
54,1,1,2:21.826,0,,58.921,0,39.315,0,43.590,0,111.3,2:21.826,14:02:21.826,0:58.921,0:39.315,0:43.590,,Thomas FLOHR,0:00:18.797,LMGTE Am,,AF Corse,Ferrari,
54,1,2,2:01.393,0,,38.017,0,39.898,0,43.478,0,138.0,4:23.219,14:04:23.219,0:38.017,0:39.898,0:43.478,208.9,Thomas FLOHR,,LMGTE Am,,AF Corse,Ferrari,
54,1,3,1:47.205,0,,34.307,0,34.937,0,37.961,0,156.3,6:10.424,14:06:10.424,0:34.307,0:34.937,0:37.961,246.0,Thomas FLOHR,,LMGTE Am,,AF Corse,Ferrari,
54,1,4,1:44.250,0,,33.065,0,32.994,0,38.191,0,160.7,7:54.674,14:07:54.674,0:33.065,0:32.994,0:38.191,264.7,Thomas FLOHR,,LMGTE Am,,AF Corse,Ferrari,
54,1,5,1:41.724,0,,31.953,0,32.644,0,37.127,0,164.7,9:36.398,14:09:36.398,0:31.953,0:32.644,0:37.127,266.0,Thomas FLOHR,,LMGTE Am,,AF Corse,Ferrari,
54,1,6,2:34.069,0,B,32.099,0,32.504,0,1:29.466,0,108.7,12:10.467,14:12:10.467,0:32.099,0:32.504,1:29.466,266.0,Thomas FLOHR,,LMGTE Am,,AF Corse,Ferrari,
54,1,7,3:49.962,0,,2:35.186,0,36.885,0,37.891,0,72.8,16:00.429,14:16:00.429,2:35.186,0:36.885,0:37.891,,Thomas FLOHR,0:02:04.803,LMGTE Am,,AF Corse,Ferrari,
54,1,8,1:40.418,0,,31.673,1,32.138,1,36.607,1,166.8,17:40.847,14:17:40.847,0:31.673,0:32.138,0:36.607,268.0,Thomas FLOHR,,LMGTE Am,,AF Corse,Ferrari,
54,1,9,1:41.036,0,,31.903,0,32.291,0,36.842,0,165.8,19:21.883,14:19:21.883,0:31.903,0:32.291,0:36.842,266.7,Thomas FLOHR,,LMGTE Am,,AF Corse,Ferrari,
54,1,10,1:41.439,0,,32.074,0,32.385,0,36.980,0,165.1,21:03.322,14:21:03.322,0:32.074,0:32.385,0:36.980,266.0,Thomas FLOHR,,LMGTE Am,,AF Corse,Ferrari,
54,1,11,1:43.991,0,,31.763,0,32.616,0,39.612,0,161.1,22:47.313,14:22:47.313,0:31.763,0:32.616,0:39.612,267.3,Thomas FLOHR,,LMGTE Am,,AF Corse,Ferrari,
54,1,12,1:43.245,0,,32.892,0,33.235,0,37.118,0,162.2,24:30.558,14:24:30.558,0:32.892,0:33.235,0:37.118,265.4,Thomas FLOHR,,LMGTE Am,,AF Corse,Ferrari,
54,1,13,1:47.635,0,B,31.896,0,32.357,0,43.382,0,155.6,26:18.193,14:26:18.193,0:31.896,0:32.357,0:43.382,266.0,Thomas FLOHR,,LMGTE Am,,AF Corse,Ferrari,
54,2,14,6:34.706,0,,5:24.033,0,32.562,0,38.111,0,42.4,32:52.899,14:32:52.899,5:24.033,0:32.562,0:38.111,,Francesco CASTELLACCI,0:04:54.479,LMGTE Am,,AF Corse,Ferrari,
54,2,15,1:46.315,0,,32.797,0,32.640,0,40.878,0,157.6,34:39.214,14:34:39.214,0:32.797,0:32.640,0:40.878,265.4,Francesco CASTELLACCI,,LMGTE Am,,AF Corse,Ferrari,
54,2,16,1:40.954,0,,31.751,0,32.053,0,37.150,0,165.9,36:20.168,14:36:20.168,0:31.751,0:32.053,0:37.150,264.1,Francesco CASTELLACCI,,LMGTE Am,,AF Corse,Ferrari,
54,2,17,1:40.609,0,,31.573,0,31.927,0,37.109,0,166.5,38:00.777,14:38:00.777,0:31.573,0:31.927,0:37.109,265.4,Francesco CASTELLACCI,,LMGTE Am,,AF Corse,Ferrari,
54,2,18,1:40.557,0,,31.610,0,31.872,0,37.075,0,166.6,39:41.334,14:39:41.334,0:31.610,0:31.872,0:37.075,266.7,Francesco CASTELLACCI,,LMGTE Am,,AF Corse,Ferrari,
54,2,19,1:40.126,0,,31.552,0,31.830,0,36.744,0,167.3,41:21.460,14:41:21.460,0:31.552,0:31.830,0:36.744,266.7,Francesco CASTELLACCI,,LMGTE Am,,AF Corse,Ferrari,
54,2,20,1:39.980,0,,31.469,1,31.771,2,36.740,1,167.5,43:01.440,14:43:01.440,0:31.469,0:31.771,0:36.740,267.3,Francesco CASTELLACCI,,LMGTE Am,,AF Corse,Ferrari,
54,2,21,1:51.395,0,B,33.163,0,33.586,0,44.646,0,150.4,44:52.835,14:44:52.835,0:33.163,0:33.586,0:44.646,267.3,Francesco CASTELLACCI,,LMGTE Am,,AF Corse,Ferrari,
54,3,22,3:18.877,0,,2:06.925,0,31.984,0,39.968,0,84.2,48:11.712,14:48:11.712,2:06.925,0:31.984,0:39.968,,Giancarlo FISICHELLA,0:01:39.087,LMGTE Am,,AF Corse,Ferrari,
54,3,23,1:40.687,0,,31.495,0,32.616,0,36.576,0,166.4,49:52.399,14:49:52.399,0:31.495,0:32.616,0:36.576,267.3,Giancarlo FISICHELLA,,LMGTE Am,,AF Corse,Ferrari,
54,3,24,1:39.583,2,,31.227,2,31.982,0,36.374,0,168.2,51:31.982,14:51:31.982,0:31.227,0:31.982,0:36.374,269.3,Giancarlo FISICHELLA,,LMGTE Am,,AF Corse,Ferrari,
54,3,25,1:43.185,0,,31.384,0,33.480,0,38.321,0,162.3,53:15.167,14:53:15.167,0:31.384,0:33.480,0:38.321,272.0,Giancarlo FISICHELLA,,LMGTE Am,,AF Corse,Ferrari,
54,3,26,1:43.068,0,,31.377,0,33.022,0,38.669,0,162.5,54:58.235,14:54:58.235,0:31.377,0:33.022,0:38.669,270.0,Giancarlo FISICHELLA,,LMGTE Am,,AF Corse,Ferrari,
54,3,27,1:39.671,0,,31.332,0,31.870,1,36.469,0,168.1,56:37.906,14:56:37.906,0:31.332,0:31.870,0:36.469,270.0,Giancarlo FISICHELLA,,LMGTE Am,,AF Corse,Ferrari,
54,3,28,1:39.939,0,,31.513,0,32.022,0,36.404,0,167.6,58:17.845,14:58:17.845,0:31.513,0:32.022,0:36.404,269.3,Giancarlo FISICHELLA,,LMGTE Am,,AF Corse,Ferrari,
54,3,29,1:39.586,0,,31.420,0,31.872,0,36.294,2,168.2,59:57.431,14:59:57.431,0:31.420,0:31.872,0:36.294,268.0,Giancarlo FISICHELLA,,LMGTE Am,,AF Corse,Ferrari,
54,3,30,1:39.627,0,,31.297,0,31.901,0,36.429,0,168.1,1:01:37.058,15:01:37.058,0:31.297,0:31.901,0:36.429,268.7,Giancarlo FISICHELLA,,LMGTE Am,,AF Corse,Ferrari,
56,2,1,2:31.063,0,,1:15.321,0,35.267,0,40.475,0,104.5,2:31.063,14:02:31.063,1:15.321,0:35.267,0:40.475,,Matteo CAIROLI,0:00:42.020,LMGTE Am,,Team Project 1,Porsche,
56,2,2,1:48.162,0,,32.157,0,33.762,0,42.243,0,154.9,4:19.225,14:04:19.225,0:32.157,0:33.762,0:42.243,269.3,Matteo CAIROLI,,LMGTE Am,,Team Project 1,Porsche,
56,2,3,1:39.598,0,,31.367,0,31.784,0,36.447,0,168.2,5:58.823,14:05:58.823,0:31.367,0:31.784,0:36.447,268.7,Matteo CAIROLI,,LMGTE Am,,Team Project 1,Porsche,
56,2,4,1:40.821,0,,31.686,0,32.829,0,36.306,0,166.1,7:39.644,14:07:39.644,0:31.686,0:32.829,0:36.306,270.7,Matteo CAIROLI,,LMGTE Am,,Team Project 1,Porsche,
56,2,5,1:39.186,2,,31.419,0,31.575,0,36.192,2,168.9,9:18.830,14:09:18.830,0:31.419,0:31.575,0:36.192,268.7,Matteo CAIROLI,,LMGTE Am,,Team Project 1,Porsche,
56,2,6,1:45.783,0,B,31.480,0,31.636,0,42.667,0,158.4,11:04.613,14:11:04.613,0:31.480,0:31.636,0:42.667,268.7,Matteo CAIROLI,,LMGTE Am,,Team Project 1,Porsche,
56,1,7,4:07.533,0,,2:54.242,0,33.441,0,39.850,0,67.7,15:12.146,14:15:12.146,2:54.242,0:33.441,0:39.850,,Egidio PERFETTI,0:02:25.493,LMGTE Am,,Team Project 1,Porsche,
56,1,8,1:44.281,0,,32.308,0,32.886,0,39.087,0,160.6,16:56.427,14:16:56.427,0:32.308,0:32.886,0:39.087,264.7,Egidio PERFETTI,,LMGTE Am,,Team Project 1,Porsche,
56,1,9,1:44.350,0,,32.083,0,34.410,0,37.857,0,160.5,18:40.777,14:18:40.777,0:32.083,0:34.410,0:37.857,264.7,Egidio PERFETTI,,LMGTE Am,,Team Project 1,Porsche,
56,1,10,1:41.299,0,,31.805,0,32.282,0,37.212,1,165.4,20:22.076,14:20:22.076,0:31.805,0:32.282,0:37.212,264.1,Egidio PERFETTI,,LMGTE Am,,Team Project 1,Porsche,
56,1,11,1:45.701,0,,34.954,0,32.942,0,37.805,0,158.5,22:07.777,14:22:07.777,0:34.954,0:32.942,0:37.805,266.0,Egidio PERFETTI,,LMGTE Am,,Team Project 1,Porsche,
56,1,12,1:48.264,0,B,31.773,0,32.264,0,44.227,0,154.7,23:56.041,14:23:56.041,0:31.773,0:32.264,0:44.227,266.7,Egidio PERFETTI,,LMGTE Am,,Team Project 1,Porsche,
56,1,13,3:16.855,0,,2:05.292,0,33.709,0,37.854,0,85.1,27:12.896,14:27:12.896,2:05.292,0:33.709,0:37.854,,Egidio PERFETTI,0:01:39.051,LMGTE Am,,Team Project 1,Porsche,
56,1,14,1:42.083,0,,32.154,0,32.027,1,37.902,0,164.1,28:54.979,14:28:54.979,0:32.154,0:32.027,0:37.902,264.1,Egidio PERFETTI,,LMGTE Am,,Team Project 1,Porsche,
56,1,15,1:40.814,0,,31.870,0,,0,,0,166.2,30:35.793,14:30:35.793,0:31.870,,,266.7,Egidio PERFETTI,,LMGTE Am,,Team Project 1,Porsche,
56,1,16,1:43.536,0,,31.829,0,32.457,0,39.250,0,161.8,32:19.329,14:32:19.329,0:31.829,0:32.457,0:39.250,268.0,Egidio PERFETTI,,LMGTE Am,,Team Project 1,Porsche,
56,1,17,1:42.197,0,,31.736,1,32.949,0,37.512,0,163.9,34:01.526,14:34:01.526,0:31.736,0:32.949,0:37.512,266.0,Egidio PERFETTI,,LMGTE Am,,Team Project 1,Porsche,
56,1,18,1:48.382,0,B,32.374,0,32.671,0,43.337,0,154.6,35:49.908,14:35:49.908,0:32.374,0:32.671,0:43.337,266.0,Egidio PERFETTI,,LMGTE Am,,Team Project 1,Porsche,
56,3,19,4:01.012,0,,2:52.243,0,32.057,0,36.712,0,69.5,39:50.920,14:39:50.920,2:52.243,0:32.057,0:36.712,,Riccardo PERA,0:02:26.287,LMGTE Am,,Team Project 1,Porsche,
56,3,20,1:41.650,0,,31.532,0,33.119,0,36.999,0,164.8,41:32.570,14:41:32.570,0:31.532,0:33.119,0:36.999,266.7,Riccardo PERA,,LMGTE Am,,Team Project 1,Porsche,
56,3,21,1:40.201,0,,31.675,0,32.043,0,36.483,1,167.2,43:12.771,14:43:12.771,0:31.675,0:32.043,0:36.483,268.0,Riccardo PERA,,LMGTE Am,,Team Project 1,Porsche,
56,3,22,1:39.898,0,,31.500,0,31.845,1,36.553,0,167.7,44:52.669,14:44:52.669,0:31.500,0:31.845,0:36.553,266.7,Riccardo PERA,,LMGTE Am,,Team Project 1,Porsche,
56,3,23,1:40.340,0,,31.422,1,32.145,0,36.773,0,166.9,46:33.009,14:46:33.009,0:31.422,0:32.145,0:36.773,266.7,Riccardo PERA,,LMGTE Am,,Team Project 1,Porsche,
56,3,24,1:45.965,0,B,31.559,0,31.983,0,42.423,0,158.1,48:18.974,14:48:18.974,0:31.559,0:31.983,0:42.423,266.7,Riccardo PERA,,LMGTE Am,,Team Project 1,Porsche,
56,2,25,3:17.230,0,,2:08.380,0,31.844,0,37.006,0,84.9,51:36.204,14:51:36.204,2:08.380,0:31.844,0:37.006,,Matteo CAIROLI,0:01:42.977,LMGTE Am,,Team Project 1,Porsche,
56,2,26,1:40.100,0,,31.558,0,32.086,0,36.456,0,167.3,53:16.304,14:53:16.304,0:31.558,0:32.086,0:36.456,266.0,Matteo CAIROLI,,LMGTE Am,,Team Project 1,Porsche,
56,2,27,1:40.188,0,,31.770,0,31.837,0,36.581,0,167.2,54:56.492,14:54:56.492,0:31.770,0:31.837,0:36.581,268.7,Matteo CAIROLI,,LMGTE Am,,Team Project 1,Porsche,
56,2,28,1:39.806,0,,31.830,0,31.611,0,36.365,0,167.8,56:36.298,14:56:36.298,0:31.830,0:31.611,0:36.365,268.7,Matteo CAIROLI,,LMGTE Am,,Team Project 1,Porsche,
56,2,29,1:39.296,0,,31.351,2,31.443,2,36.502,0,168.7,58:15.594,14:58:15.594,0:31.351,0:31.443,0:36.502,269.3,Matteo CAIROLI,,LMGTE Am,,Team Project 1,Porsche,
56,2,30,1:40.273,0,,31.649,0,31.782,0,36.842,0,167.1,59:55.867,14:59:55.867,0:31.649,0:31.782,0:36.842,268.7,Matteo CAIROLI,,LMGTE Am,,Team Project 1,Porsche,
56,2,31,1:40.455,0,,31.515,0,31.917,0,37.023,0,166.7,1:01:36.322,15:01:36.322,0:31.515,0:31.917,0:37.023,268.0,Matteo CAIROLI,,LMGTE Am,,Team Project 1,Porsche,
57,3,1,2:24.944,0,,1:00.895,0,41.808,0,42.241,0,108.9,2:24.944,14:02:24.944,1:00.895,0:41.808,0:42.241,,Scott ANDREWS,0:00:21.370,LMGTE Am,,Kessel Racing,Ferrari,
57,3,2,1:51.565,0,,36.011,0,34.509,0,41.045,0,150.1,4:16.509,14:04:16.509,0:36.011,0:34.509,0:41.045,254.1,Scott ANDREWS,,LMGTE Am,,Kessel Racing,Ferrari,
57,3,3,1:44.500,0,,32.756,0,34.010,0,37.734,0,160.3,6:01.009,14:06:01.009,0:32.756,0:34.010,0:37.734,266.7,Scott ANDREWS,,LMGTE Am,,Kessel Racing,Ferrari,
57,3,4,1:42.660,0,,31.966,0,32.859,0,37.835,0,163.2,7:43.669,14:07:43.669,0:31.966,0:32.859,0:37.835,268.0,Scott ANDREWS,,LMGTE Am,,Kessel Racing,Ferrari,
57,3,5,1:47.593,0,,35.112,0,34.181,0,38.300,0,155.7,9:31.262,14:09:31.262,0:35.112,0:34.181,0:38.300,227.4,Scott ANDREWS,,LMGTE Am,,Kessel Racing,Ferrari,
57,3,6,1:40.815,0,,31.771,0,32.275,0,36.769,0,166.2,11:12.077,14:11:12.077,0:31.771,0:32.275,0:36.769,266.7,Scott ANDREWS,,LMGTE Am,,Kessel Racing,Ferrari,
57,3,7,1:40.758,0,,32.108,0,32.136,0,36.514,1,166.2,12:52.835,14:12:52.835,0:32.108,0:32.136,0:36.514,266.7,Scott ANDREWS,,LMGTE Am,,Kessel Racing,Ferrari,
57,3,8,1:42.017,0,,32.145,0,32.889,0,36.983,0,164.2,14:34.852,14:14:34.852,0:32.145,0:32.889,0:36.983,267.3,Scott ANDREWS,,LMGTE Am,,Kessel Racing,Ferrari,
57,3,9,1:40.651,0,,31.560,2,32.361,0,36.730,0,166.4,16:15.503,14:16:15.503,0:31.560,0:32.361,0:36.730,268.0,Scott ANDREWS,,LMGTE Am,,Kessel Racing,Ferrari,
57,3,10,1:40.806,0,,31.792,0,32.163,0,36.851,0,166.2,17:56.309,14:17:56.309,0:31.792,0:32.163,0:36.851,268.7,Scott ANDREWS,,LMGTE Am,,Kessel Racing,Ferrari,
57,3,11,1:45.469,0,B,31.716,0,32.026,1,41.727,0,158.8,19:41.778,14:19:41.778,0:31.716,0:32.026,0:41.727,267.3,Scott ANDREWS,,LMGTE Am,,Kessel Racing,Ferrari,
57,1,12,3:26.527,0,,2:09.178,0,36.529,0,40.820,0,81.1,23:08.305,14:23:08.305,2:09.178,0:36.529,0:40.820,,Takeshi KIMURA,0:01:36.052,LMGTE Am,,Kessel Racing,Ferrari,
57,1,13,1:43.911,0,,32.893,0,33.336,0,37.682,0,161.2,24:52.216,14:24:52.216,0:32.893,0:33.336,0:37.682,265.4,Takeshi KIMURA,,LMGTE Am,,Kessel Racing,Ferrari,
57,1,14,1:56.255,0,B,38.144,0,33.277,0,44.834,0,144.1,26:48.471,14:26:48.471,0:38.144,0:33.277,0:44.834,264.7,Takeshi KIMURA,,LMGTE Am,,Kessel Racing,Ferrari,
57,1,15,3:04.576,0,,1:52.687,0,,0,,0,90.8,29:53.047,14:29:53.047,1:52.687,,,,Takeshi KIMURA,0:01:21.147,LMGTE Am,,Kessel Racing,Ferrari,
57,1,16,1:41.276,0,,31.860,1,32.303,1,37.113,0,165.4,31:34.323,14:31:34.323,0:31.860,0:32.303,0:37.113,264.1,Takeshi KIMURA,,LMGTE Am,,Kessel Racing,Ferrari,
57,1,17,1:46.448,0,,34.308,0,33.078,0,39.062,0,157.4,33:20.771,14:33:20.771,0:34.308,0:33.078,0:39.062,264.1,Takeshi KIMURA,,LMGTE Am,,Kessel Racing,Ferrari,
57,1,18,1:41.656,0,,31.981,0,32.747,0,36.928,0,164.8,35:02.427,14:35:02.427,0:31.981,0:32.747,0:36.928,266.7,Takeshi KIMURA,,LMGTE Am,,Kessel Racing,Ferrari,
57,1,19,1:41.163,0,,31.943,0,32.383,0,36.837,0,165.6,36:43.590,14:36:43.590,0:31.943,0:32.383,0:36.837,264.1,Takeshi KIMURA,,LMGTE Am,,Kessel Racing,Ferrari,
57,1,20,1:41.147,0,,31.913,0,32.438,0,36.796,1,165.6,38:24.737,14:38:24.737,0:31.913,0:32.438,0:36.796,265.4,Takeshi KIMURA,,LMGTE Am,,Kessel Racing,Ferrari,
57,1,21,1:41.687,0,,31.994,0,32.674,0,37.019,0,164.7,40:06.424,14:40:06.424,0:31.994,0:32.674,0:37.019,269.3,Takeshi KIMURA,,LMGTE Am,,Kessel Racing,Ferrari,
57,1,22,1:51.790,0,B,33.629,0,33.590,0,44.571,0,149.8,41:58.214,14:41:58.214,0:33.629,0:33.590,0:44.571,266.7,Takeshi KIMURA,,LMGTE Am,,Kessel Racing,Ferrari,
57,2,23,3:13.747,0,,2:01.993,0,32.546,0,39.208,0,86.5,45:11.961,14:45:11.961,2:01.993,0:32.546,0:39.208,,Mikkel JENSEN,0:01:35.276,LMGTE Am,,Kessel Racing,Ferrari,
57,2,24,1:40.546,0,,31.890,0,32.194,0,36.462,2,166.6,46:52.507,14:46:52.507,0:31.890,0:32.194,0:36.462,264.1,Mikkel JENSEN,,LMGTE Am,,Kessel Racing,Ferrari,
57,2,25,1:43.271,0,,31.749,0,32.457,0,39.065,0,162.2,48:35.778,14:48:35.778,0:31.749,0:32.457,0:39.065,264.7,Mikkel JENSEN,,LMGTE Am,,Kessel Racing,Ferrari,
57,2,26,1:40.927,0,,31.639,1,32.352,0,36.936,0,166.0,50:16.705,14:50:16.705,0:31.639,0:32.352,0:36.936,265.4,Mikkel JENSEN,,LMGTE Am,,Kessel Racing,Ferrari,
57,2,27,1:40.553,0,,31.775,0,32.013,2,36.765,0,166.6,51:57.258,14:51:57.258,0:31.775,0:32.013,0:36.765,266.0,Mikkel JENSEN,,LMGTE Am,,Kessel Racing,Ferrari,
57,2,28,1:40.402,2,,31.655,0,32.131,0,36.616,0,166.8,53:37.660,14:53:37.660,0:31.655,0:32.131,0:36.616,266.7,Mikkel JENSEN,,LMGTE Am,,Kessel Racing,Ferrari,
57,2,29,1:40.504,0,,31.782,0,32.102,0,36.620,0,166.7,55:18.164,14:55:18.164,0:31.782,0:32.102,0:36.620,267.3,Mikkel JENSEN,,LMGTE Am,,Kessel Racing,Ferrari,
57,2,30,1:44.529,0,,33.157,0,32.895,0,38.477,0,160.3,57:02.693,14:57:02.693,0:33.157,0:32.895,0:38.477,266.7,Mikkel JENSEN,,LMGTE Am,,Kessel Racing,Ferrari,
57,2,31,1:46.920,0,B,31.885,0,32.181,0,42.854,0,156.7,58:49.613,14:58:49.613,0:31.885,0:32.181,0:42.854,266.7,Mikkel JENSEN,,LMGTE Am,,Kessel Racing,Ferrari,
60,1,1,2:23.434,0,,1:05.148,0,36.907,0,41.379,0,110.0,2:23.434,14:02:23.434,1:05.148,0:36.907,0:41.379,,Claudio SCHIAVONI,0:00:32.772,LMGTE Am,,Iron Lynx,Ferrari,
60,1,2,1:49.343,0,,36.784,0,34.293,0,38.266,0,153.2,4:12.777,14:04:12.777,0:36.784,0:34.293,0:38.266,227.8,Claudio SCHIAVONI,,LMGTE Am,,Iron Lynx,Ferrari,
60,1,3,1:44.355,0,,32.951,0,33.362,0,38.042,0,160.5,5:57.132,14:05:57.132,0:32.951,0:33.362,0:38.042,262.8,Claudio SCHIAVONI,,LMGTE Am,,Iron Lynx,Ferrari,
60,1,4,1:45.843,0,,33.169,0,34.098,0,38.576,0,158.3,7:42.975,14:07:42.975,0:33.169,0:34.098,0:38.576,263.4,Claudio SCHIAVONI,,LMGTE Am,,Iron Lynx,Ferrari,
60,1,5,1:45.787,0,,32.734,0,33.338,0,39.715,0,158.3,9:28.762,14:09:28.762,0:32.734,0:33.338,0:39.715,264.7,Claudio SCHIAVONI,,LMGTE Am,,Iron Lynx,Ferrari,
60,1,6,1:47.564,0,,32.838,0,34.213,0,40.513,0,155.7,11:16.326,14:11:16.326,0:32.838,0:34.213,0:40.513,262.8,Claudio SCHIAVONI,,LMGTE Am,,Iron Lynx,Ferrari,
60,1,7,1:43.856,0,,32.772,0,32.956,0,38.128,0,161.3,13:00.182,14:13:00.182,0:32.772,0:32.956,0:38.128,260.9,Claudio SCHIAVONI,,LMGTE Am,,Iron Lynx,Ferrari,
60,1,8,1:45.272,0,,32.534,0,33.330,0,39.408,0,159.1,14:45.454,14:14:45.454,0:32.534,0:33.330,0:39.408,264.1,Claudio SCHIAVONI,,LMGTE Am,,Iron Lynx,Ferrari,
60,1,9,1:46.168,0,,33.148,0,34.641,0,38.379,0,157.8,16:31.622,14:16:31.622,0:33.148,0:34.641,0:38.379,264.7,Claudio SCHIAVONI,,LMGTE Am,,Iron Lynx,Ferrari,
60,1,10,1:54.990,0,B,33.169,0,35.749,0,46.072,0,145.7,18:26.612,14:18:26.612,0:33.169,0:35.749,0:46.072,265.4,Claudio SCHIAVONI,,LMGTE Am,,Iron Lynx,Ferrari,
60,1,11,3:14.502,0,,1:59.318,0,36.001,0,39.183,0,86.1,21:41.114,14:21:41.114,1:59.318,0:36.001,0:39.183,,Claudio SCHIAVONI,0:01:29.510,LMGTE Am,,Iron Lynx,Ferrari,
60,1,12,1:42.292,0,,32.253,0,32.743,1,37.296,1,163.8,23:23.406,14:23:23.406,0:32.253,0:32.743,0:37.296,266.0,Claudio SCHIAVONI,,LMGTE Am,,Iron Lynx,Ferrari,
60,1,13,1:44.687,0,,32.166,1,34.528,0,37.993,0,160.0,25:08.093,14:25:08.093,0:32.166,0:34.528,0:37.993,264.1,Claudio SCHIAVONI,,LMGTE Am,,Iron Lynx,Ferrari,
60,1,14,1:48.707,0,,33.652,0,34.131,0,40.924,0,154.1,26:56.800,14:26:56.800,0:33.652,0:34.131,0:40.924,262.8,Claudio SCHIAVONI,,LMGTE Am,,Iron Lynx,Ferrari,
60,1,15,1:44.605,0,,33.590,0,33.191,0,37.824,0,160.1,28:41.405,14:28:41.405,0:33.590,0:33.191,0:37.824,259.6,Claudio SCHIAVONI,,LMGTE Am,,Iron Lynx,Ferrari,
60,1,16,1:45.044,0,,32.584,0,,0,,0,159.5,30:26.449,14:30:26.449,0:32.584,,,263.4,Claudio SCHIAVONI,,LMGTE Am,,Iron Lynx,Ferrari,
60,1,17,1:52.648,0,B,33.612,0,34.050,0,44.986,0,148.7,32:19.097,14:32:19.097,0:33.612,0:34.050,0:44.986,261.5,Claudio SCHIAVONI,,LMGTE Am,,Iron Lynx,Ferrari,
60,3,18,3:12.652,0,,2:02.795,0,32.449,0,37.408,0,86.9,35:31.749,14:35:31.749,2:02.795,0:32.449,0:37.408,,Matteo CRESSONI,0:01:35.344,LMGTE Am,,Iron Lynx,Ferrari,
60,3,19,1:40.179,0,,31.659,0,31.685,0,36.835,0,167.2,37:11.928,14:37:11.928,0:31.659,0:31.685,0:36.835,266.0,Matteo CRESSONI,,LMGTE Am,,Iron Lynx,Ferrari,
60,3,20,1:40.456,0,,31.758,0,31.612,2,37.086,0,166.7,38:52.384,14:38:52.384,0:31.758,0:31.612,0:37.086,265.4,Matteo CRESSONI,,LMGTE Am,,Iron Lynx,Ferrari,
60,3,21,1:40.332,0,,31.780,0,31.705,0,36.847,0,167.0,40:32.716,14:40:32.716,0:31.780,0:31.705,0:36.847,266.0,Matteo CRESSONI,,LMGTE Am,,Iron Lynx,Ferrari,
60,3,22,1:40.639,0,,31.640,0,32.166,0,36.833,1,166.4,42:13.355,14:42:13.355,0:31.640,0:32.166,0:36.833,266.7,Matteo CRESSONI,,LMGTE Am,,Iron Lynx,Ferrari,
60,3,23,1:40.398,0,,31.626,1,31.862,0,36.910,0,166.8,43:53.753,14:43:53.753,0:31.626,0:31.862,0:36.910,267.3,Matteo CRESSONI,,LMGTE Am,,Iron Lynx,Ferrari,
60,3,24,1:49.202,0,B,32.504,0,32.192,0,44.506,0,153.4,45:42.955,14:45:42.955,0:32.504,0:32.192,0:44.506,266.7,Matteo CRESSONI,,LMGTE Am,,Iron Lynx,Ferrari,
60,2,25,3:24.155,0,,2:09.557,0,33.884,0,40.714,0,82.0,49:07.110,14:49:07.110,2:09.557,0:33.884,0:40.714,,Andrea PICCINI,0:01:39.177,LMGTE Am,,Iron Lynx,Ferrari,
60,2,26,1:40.377,0,,31.770,0,31.902,0,36.705,0,166.9,50:47.487,14:50:47.487,0:31.770,0:31.902,0:36.705,266.0,Andrea PICCINI,,LMGTE Am,,Iron Lynx,Ferrari,
60,2,27,1:40.192,0,,31.588,0,31.913,0,36.691,0,167.2,52:27.679,14:52:27.679,0:31.588,0:31.913,0:36.691,268.7,Andrea PICCINI,,LMGTE Am,,Iron Lynx,Ferrari,
60,2,28,1:39.984,2,,31.408,2,31.921,0,36.655,2,167.5,54:07.663,14:54:07.663,0:31.408,0:31.921,0:36.655,268.7,Andrea PICCINI,,LMGTE Am,,Iron Lynx,Ferrari,
60,2,29,1:41.175,0,,32.178,0,31.795,0,37.202,0,165.6,55:48.838,14:55:48.838,0:32.178,0:31.795,0:37.202,264.1,Andrea PICCINI,,LMGTE Am,,Iron Lynx,Ferrari,
60,2,30,1:40.351,0,,31.654,0,32.004,0,36.693,0,166.9,57:29.189,14:57:29.189,0:31.654,0:32.004,0:36.693,267.3,Andrea PICCINI,,LMGTE Am,,Iron Lynx,Ferrari,
60,2,31,1:40.213,0,,31.624,0,31.926,0,36.663,0,167.2,59:09.402,14:59:09.402,0:31.624,0:31.926,0:36.663,267.3,Andrea PICCINI,,LMGTE Am,,Iron Lynx,Ferrari,
60,2,32,1:40.456,0,,31.490,0,31.783,1,37.183,0,166.7,1:00:49.858,15:00:49.858,0:31.490,0:31.783,0:37.183,266.7,Andrea PICCINI,,LMGTE Am,,Iron Lynx,Ferrari,
7,2,1,1:47.731,0,,38.499,0,33.125,0,36.107,0,146.5,1:47.731,14:01:47.731,0:38.499,0:33.125,0:36.107,,Kamui KOBAYASHI,0:00:08.600,HYPERCAR,H,Toyota Gazoo Racing,Toyota,
7,2,2,1:36.641,0,,29.950,0,30.694,0,35.997,0,173.3,3:24.372,14:03:24.372,0:29.950,0:30.694,0:35.997,301.7,Kamui KOBAYASHI,,HYPERCAR,H,Toyota Gazoo Racing,Toyota,
7,2,3,1:33.104,0,,28.989,0,29.842,0,34.273,0,179.9,4:57.476,14:04:57.476,0:28.989,0:29.842,0:34.273,305.1,Kamui KOBAYASHI,,HYPERCAR,H,Toyota Gazoo Racing,Toyota,
7,2,4,1:32.717,0,,28.949,0,29.290,1,34.478,0,180.7,6:30.193,14:06:30.193,0:28.949,0:29.290,0:34.478,305.9,Kamui KOBAYASHI,,HYPERCAR,H,Toyota Gazoo Racing,Toyota,
7,2,5,1:33.064,0,,28.862,1,29.520,0,34.682,0,180.0,8:03.257,14:08:03.257,0:28.862,0:29.520,0:34.682,307.7,Kamui KOBAYASHI,,HYPERCAR,H,Toyota Gazoo Racing,Toyota,
7,2,6,1:33.817,0,,29.225,0,30.067,0,34.525,0,178.5,9:37.074,14:09:37.074,0:29.225,0:30.067,0:34.525,304.2,Kamui KOBAYASHI,,HYPERCAR,H,Toyota Gazoo Racing,Toyota,
7,2,7,1:34.731,0,,29.150,0,29.904,0,35.677,0,176.8,11:11.805,14:11:11.805,0:29.150,0:29.904,0:35.677,307.7,Kamui KOBAYASHI,,HYPERCAR,H,Toyota Gazoo Racing,Toyota,
7,2,8,1:32.933,0,,29.185,0,29.575,0,34.173,1,180.2,12:44.738,14:12:44.738,0:29.185,0:29.575,0:34.173,305.1,Kamui KOBAYASHI,,HYPERCAR,H,Toyota Gazoo Racing,Toyota,
7,2,9,1:32.912,0,,29.030,0,29.440,0,34.442,0,180.3,14:17.650,14:14:17.650,0:29.030,0:29.440,0:34.442,305.1,Kamui KOBAYASHI,,HYPERCAR,H,Toyota Gazoo Racing,Toyota,
7,2,10,1:36.294,0,,30.006,0,31.902,0,34.386,0,174.0,15:53.944,14:15:53.944,0:30.006,0:31.902,0:34.386,309.5,Kamui KOBAYASHI,,HYPERCAR,H,Toyota Gazoo Racing,Toyota,
7,2,11,1:40.740,0,B,30.483,0,29.828,0,40.429,0,166.3,17:34.684,14:17:34.684,0:30.483,0:29.828,0:40.429,305.9,Kamui KOBAYASHI,,HYPERCAR,H,Toyota Gazoo Racing,Toyota,
7,3,12,13:37.053,0,,12:31.379,0,30.901,0,34.773,0,20.5,31:11.737,14:31:11.737,12:31.379,0:30.901,0:34.773,,Jose Maria LOPEZ,0:12:05.705,HYPERCAR,H,Toyota Gazoo Racing,Toyota,
7,3,13,1:35.700,0,,29.649,0,30.160,0,35.891,0,175.0,32:47.437,14:32:47.437,0:29.649,0:30.160,0:35.891,302.5,Jose Maria LOPEZ,,HYPERCAR,H,Toyota Gazoo Racing,Toyota,
7,3,14,1:33.596,0,,29.402,0,29.850,0,34.344,0,179.0,34:21.033,14:34:21.033,0:29.402,0:29.850,0:34.344,302.5,Jose Maria LOPEZ,,HYPERCAR,H,Toyota Gazoo Racing,Toyota,
7,3,15,1:34.734,0,,29.382,0,30.152,0,35.200,0,176.8,35:55.767,14:35:55.767,0:29.382,0:30.152,0:35.200,300.8,Jose Maria LOPEZ,,HYPERCAR,H,Toyota Gazoo Racing,Toyota,
7,3,16,1:34.105,0,,29.315,0,29.665,0,35.125,0,178.0,37:29.872,14:37:29.872,0:29.315,0:29.665,0:35.125,308.6,Jose Maria LOPEZ,,HYPERCAR,H,Toyota Gazoo Racing,Toyota,
7,3,17,1:32.938,0,,29.086,0,29.606,0,34.246,1,180.2,39:02.810,14:39:02.810,0:29.086,0:29.606,0:34.246,304.2,Jose Maria LOPEZ,,HYPERCAR,H,Toyota Gazoo Racing,Toyota,
7,3,18,1:33.292,0,,29.044,0,29.699,0,34.549,0,179.6,40:36.102,14:40:36.102,0:29.044,0:29.699,0:34.549,308.6,Jose Maria LOPEZ,,HYPERCAR,H,Toyota Gazoo Racing,Toyota,
7,3,19,1:33.461,0,,28.960,0,30.237,0,34.264,0,179.2,42:09.563,14:42:09.563,0:28.960,0:30.237,0:34.264,305.1,Jose Maria LOPEZ,,HYPERCAR,H,Toyota Gazoo Racing,Toyota,
7,3,20,1:32.459,0,,28.889,1,29.318,1,34.252,0,181.2,43:42.022,14:43:42.022,0:28.889,0:29.318,0:34.252,305.1,Jose Maria LOPEZ,,HYPERCAR,H,Toyota Gazoo Racing,Toyota,
7,3,21,1:39.920,0,B,29.765,0,30.154,0,40.001,0,167.6,45:21.942,14:45:21.942,0:29.765,0:30.154,0:40.001,307.7,Jose Maria LOPEZ,,HYPERCAR,H,Toyota Gazoo Racing,Toyota,
7,1,22,3:16.885,0,B,2:02.887,0,31.726,0,42.272,0,85.1,48:38.827,14:48:38.827,2:02.887,0:31.726,0:42.272,,Mike CONWAY,0:01:37.974,HYPERCAR,H,Toyota Gazoo Racing,Toyota,
7,1,23,2:56.676,0,,1:51.488,0,30.144,0,35.044,0,94.8,51:35.503,14:51:35.503,1:51.488,0:30.144,0:35.044,,Mike CONWAY,0:01:26.935,HYPERCAR,H,Toyota Gazoo Racing,Toyota,
7,1,24,1:34.381,0,,29.183,0,30.462,0,34.736,0,177.5,53:09.884,14:53:09.884,0:29.183,0:30.462,0:34.736,306.8,Mike CONWAY,,HYPERCAR,H,Toyota Gazoo Racing,Toyota,
7,1,25,1:32.890,0,,29.190,0,29.506,0,34.194,0,180.3,54:42.774,14:54:42.774,0:29.190,0:29.506,0:34.194,303.4,Mike CONWAY,,HYPERCAR,H,Toyota Gazoo Racing,Toyota,
7,1,26,1:32.323,0,,28.832,0,29.320,0,34.171,2,181.4,56:15.097,14:56:15.097,0:28.832,0:29.320,0:34.171,306.8,Mike CONWAY,,HYPERCAR,H,Toyota Gazoo Racing,Toyota,
7,1,27,1:32.352,0,,28.858,0,29.238,2,34.256,0,181.4,57:47.449,14:57:47.449,0:28.858,0:29.238,0:34.256,309.5,Mike CONWAY,,HYPERCAR,H,Toyota Gazoo Racing,Toyota,
7,1,28,1:32.590,0,,28.907,0,29.311,0,34.372,0,180.9,59:20.039,14:59:20.039,0:28.907,0:29.311,0:34.372,306.8,Mike CONWAY,,HYPERCAR,H,Toyota Gazoo Racing,Toyota,
7,1,29,1:32.310,2,,28.743,2,29.355,0,34.212,0,181.5,1:00:52.349,15:00:52.349,0:28.743,0:29.355,0:34.212,305.1,Mike CONWAY,,HYPERCAR,H,Toyota Gazoo Racing,Toyota,
70,3,1,3:11.630,0,,2:05.137,0,32.053,0,34.440,0,82.4,3:11.630,14:03:11.630,2:05.137,0:32.053,0:34.440,,Norman NATO,0:01:34.464,LMP2,P/A,Realteam Racing,Oreca,
70,3,2,1:32.626,2,,29.204,0,29.770,2,33.652,2,180.8,4:44.256,14:04:44.256,0:29.204,0:29.770,0:33.652,294.3,Norman NATO,,LMP2,P/A,Realteam Racing,Oreca,
70,3,3,1:33.571,0,,28.964,2,30.509,0,34.098,0,179.0,6:17.827,14:06:17.827,0:28.964,0:30.509,0:34.098,295.9,Norman NATO,,LMP2,P/A,Realteam Racing,Oreca,
70,3,4,1:35.007,0,,30.209,0,30.356,0,34.442,0,176.3,7:52.834,14:07:52.834,0:30.209,0:30.356,0:34.442,297.5,Norman NATO,,LMP2,P/A,Realteam Racing,Oreca,
70,3,5,1:42.195,0,B,29.101,0,29.829,0,43.265,0,163.9,9:35.029,14:09:35.029,0:29.101,0:29.829,0:43.265,294.3,Norman NATO,,LMP2,P/A,Realteam Racing,Oreca,
70,1,6,5:18.478,0,,4:09.962,0,32.041,0,36.475,0,52.6,14:53.507,14:14:53.507,4:09.962,0:32.041,0:36.475,,Esteban GARCIA,0:03:42.814,LMP2,P/A,Realteam Racing,Oreca,
70,1,7,1:37.760,0,,30.539,1,31.742,0,35.479,1,171.3,16:31.267,14:16:31.267,0:30.539,0:31.742,0:35.479,288.8,Esteban GARCIA,,LMP2,P/A,Realteam Racing,Oreca,
70,1,8,2:22.213,0,B,30.756,0,1:06.400,0,45.057,0,117.8,18:53.480,14:18:53.480,0:30.756,1:06.400,0:45.057,287.2,Esteban GARCIA,,LMP2,P/A,Realteam Racing,Oreca,
70,1,9,5:35.180,0,,4:25.822,0,32.869,0,36.489,0,50.0,24:28.660,14:24:28.660,4:25.822,0:32.869,0:36.489,,Esteban GARCIA,0:03:58.333,LMP2,P/A,Realteam Racing,Oreca,
70,1,10,1:39.136,0,,31.149,0,32.042,0,35.945,0,169.0,26:07.796,14:26:07.796,0:31.149,0:32.042,0:35.945,287.2,Esteban GARCIA,,LMP2,P/A,Realteam Racing,Oreca,
70,1,11,1:38.646,0,,30.672,0,31.938,0,36.036,0,169.8,27:46.442,14:27:46.442,0:30.672,0:31.938,0:36.036,286.5,Esteban GARCIA,,LMP2,P/A,Realteam Racing,Oreca,
70,1,12,1:41.738,0,,31.501,0,33.164,0,37.073,0,164.6,29:28.180,14:29:28.180,0:31.501,0:33.164,0:37.073,286.5,Esteban GARCIA,,LMP2,P/A,Realteam Racing,Oreca,
70,1,13,1:39.413,0,,31.358,0,31.899,0,36.156,0,168.5,31:07.593,14:31:07.593,0:31.358,0:31.899,0:36.156,282.7,Esteban GARCIA,,LMP2,P/A,Realteam Racing,Oreca,
70,1,14,1:40.892,0,,30.988,0,32.728,0,37.176,0,166.0,32:48.485,14:32:48.485,0:30.988,0:32.728,0:37.176,287.2,Esteban GARCIA,,LMP2,P/A,Realteam Racing,Oreca,
70,1,15,1:38.317,0,,31.006,0,31.620,1,35.691,0,170.4,34:26.802,14:34:26.802,0:31.006,0:31.620,0:35.691,289.5,Esteban GARCIA,,LMP2,P/A,Realteam Racing,Oreca,
70,1,16,1:40.454,0,,30.723,0,33.121,0,36.610,0,166.8,36:07.256,14:36:07.256,0:30.723,0:33.121,0:36.610,288.8,Esteban GARCIA,,LMP2,P/A,Realteam Racing,Oreca,
70,1,17,1:37.897,0,,30.711,0,31.632,0,35.554,0,171.1,37:45.153,14:37:45.153,0:30.711,0:31.632,0:35.554,285.7,Esteban GARCIA,,LMP2,P/A,Realteam Racing,Oreca,
70,1,18,1:46.685,0,B,30.970,0,32.949,0,42.766,0,157.0,39:31.838,14:39:31.838,0:30.970,0:32.949,0:42.766,288.0,Esteban GARCIA,,LMP2,P/A,Realteam Racing,Oreca,
70,2,19,3:30.962,0,,2:25.015,0,30.761,0,35.186,0,79.4,43:02.800,14:43:02.800,2:25.015,0:30.761,0:35.186,,Mathias BECHE,0:02:00.248,LMP2,P/A,Realteam Racing,Oreca,
70,2,20,1:36.621,0,,31.447,0,30.576,0,34.598,0,173.4,44:39.421,14:44:39.421,0:31.447,0:30.576,0:34.598,291.1,Mathias BECHE,,LMP2,P/A,Realteam Racing,Oreca,
70,2,21,1:34.050,0,,29.465,0,30.086,0,34.499,0,178.1,46:13.471,14:46:13.471,0:29.465,0:30.086,0:34.499,291.9,Mathias BECHE,,LMP2,P/A,Realteam Racing,Oreca,
70,2,22,1:33.383,0,,29.328,0,29.969,0,34.086,0,179.4,47:46.854,14:47:46.854,0:29.328,0:29.969,0:34.086,291.9,Mathias BECHE,,LMP2,P/A,Realteam Racing,Oreca,
70,2,23,1:33.330,0,,29.200,0,30.034,0,34.096,0,179.5,49:20.184,14:49:20.184,0:29.200,0:30.034,0:34.096,293.5,Mathias BECHE,,LMP2,P/A,Realteam Racing,Oreca,
70,2,24,1:33.966,0,,29.134,0,30.295,0,34.537,0,178.3,50:54.150,14:50:54.150,0:29.134,0:30.295,0:34.537,293.5,Mathias BECHE,,LMP2,P/A,Realteam Racing,Oreca,
70,2,25,1:33.480,0,,29.240,0,30.034,0,34.206,0,179.2,52:27.630,14:52:27.630,0:29.240,0:30.034,0:34.206,294.3,Mathias BECHE,,LMP2,P/A,Realteam Racing,Oreca,
70,2,26,1:33.539,0,,29.130,0,30.470,0,33.939,1,179.1,54:01.169,14:54:01.169,0:29.130,0:30.470,0:33.939,295.9,Mathias BECHE,,LMP2,P/A,Realteam Racing,Oreca,
70,2,27,1:33.659,0,,29.089,1,30.037,0,34.533,0,178.8,55:34.828,14:55:34.828,0:29.089,0:30.037,0:34.533,295.1,Mathias BECHE,,LMP2,P/A,Realteam Racing,Oreca,
70,2,28,1:33.860,0,,29.238,0,30.632,0,33.990,0,178.5,57:08.688,14:57:08.688,0:29.238,0:30.632,0:33.990,295.9,Mathias BECHE,,LMP2,P/A,Realteam Racing,Oreca,
70,2,29,1:35.156,0,,29.383,0,30.324,0,35.449,0,176.0,58:43.844,14:58:43.844,0:29.383,0:30.324,0:35.449,294.3,Mathias BECHE,,LMP2,P/A,Realteam Racing,Oreca,
70,2,30,1:34.139,0,,29.971,0,29.892,1,34.276,0,177.9,1:00:17.983,15:00:17.983,0:29.971,0:29.892,0:34.276,288.0,Mathias BECHE,,LMP2,P/A,Realteam Racing,Oreca,
709,1,1,2:04.864,0,,53.657,0,34.338,0,36.869,0,126.4,2:04.864,14:02:04.864,0:53.657,0:34.338,0:36.869,,Ryan BRISCOE,0:00:16.903,HYPERCAR,,Glickenhaus Racing,Glickenhaus,
709,1,2,1:36.515,0,,30.629,0,30.915,0,34.971,0,173.6,3:41.379,14:03:41.379,0:30.629,0:30.915,0:34.971,305.1,Ryan BRISCOE,,HYPERCAR,,Glickenhaus Racing,Glickenhaus,
709,1,3,1:34.194,0,,29.500,0,30.232,0,34.462,0,177.8,5:15.573,14:05:15.573,0:29.500,0:30.232,0:34.462,306.8,Ryan BRISCOE,,HYPERCAR,,Glickenhaus Racing,Glickenhaus,
709,1,4,1:33.914,0,,29.428,0,30.106,0,34.380,0,178.4,6:49.487,14:06:49.487,0:29.428,0:30.106,0:34.380,309.5,Ryan BRISCOE,,HYPERCAR,,Glickenhaus Racing,Glickenhaus,
709,1,5,1:33.432,0,,29.316,1,29.808,1,34.308,1,179.3,8:22.919,14:08:22.919,0:29.316,0:29.808,0:34.308,309.5,Ryan BRISCOE,,HYPERCAR,,Glickenhaus Racing,Glickenhaus,
709,1,6,1:34.195,0,,29.332,0,30.004,0,34.859,0,177.8,9:57.114,14:09:57.114,0:29.332,0:30.004,0:34.859,310.3,Ryan BRISCOE,,HYPERCAR,,Glickenhaus Racing,Glickenhaus,
709,1,7,1:35.177,0,,29.432,0,30.038,0,35.707,0,176.0,11:32.291,14:11:32.291,0:29.432,0:30.038,0:35.707,307.7,Ryan BRISCOE,,HYPERCAR,,Glickenhaus Racing,Glickenhaus,
709,1,8,1:35.431,0,,29.442,0,31.065,0,34.924,0,175.5,13:07.722,14:13:07.722,0:29.442,0:31.065,0:34.924,306.8,Ryan BRISCOE,,HYPERCAR,,Glickenhaus Racing,Glickenhaus,
709,1,9,1:35.472,0,,29.488,0,30.649,0,35.335,0,175.5,14:43.194,14:14:43.194,0:29.488,0:30.649,0:35.335,306.8,Ryan BRISCOE,,HYPERCAR,,Glickenhaus Racing,Glickenhaus,
709,1,10,1:45.119,0,B,30.520,0,31.639,0,42.960,0,159.4,16:28.313,14:16:28.313,0:30.520,0:31.639,0:42.960,307.7,Ryan BRISCOE,,HYPERCAR,,Glickenhaus Racing,Glickenhaus,
709,2,11,6:40.818,0,,5:33.186,0,31.132,0,36.500,0,41.8,23:09.131,14:23:09.131,5:33.186,0:31.132,0:36.500,,Romain DUMAS,0:05:03.817,HYPERCAR,,Glickenhaus Racing,Glickenhaus,
709,2,12,1:34.867,0,,29.884,0,30.190,0,34.793,0,176.6,24:43.998,14:24:43.998,0:29.884,0:30.190,0:34.793,308.6,Romain DUMAS,,HYPERCAR,,Glickenhaus Racing,Glickenhaus,
709,2,13,1:34.308,0,,29.653,0,29.876,0,34.779,0,177.6,26:18.306,14:26:18.306,0:29.653,0:29.876,0:34.779,306.8,Romain DUMAS,,HYPERCAR,,Glickenhaus Racing,Glickenhaus,
709,2,14,1:34.455,0,,29.342,0,30.393,0,34.720,1,177.3,27:52.761,14:27:52.761,0:29.342,0:30.393,0:34.720,307.7,Romain DUMAS,,HYPERCAR,,Glickenhaus Racing,Glickenhaus,
709,2,15,1:34.928,0,,29.461,0,29.700,0,35.767,0,176.5,29:27.689,14:29:27.689,0:29.461,0:29.700,0:35.767,307.7,Romain DUMAS,,HYPERCAR,,Glickenhaus Racing,Glickenhaus,
709,2,16,1:34.276,0,,29.530,0,30.012,0,34.734,0,177.7,31:01.965,14:31:01.965,0:29.530,0:30.012,0:34.734,304.2,Romain DUMAS,,HYPERCAR,,Glickenhaus Racing,Glickenhaus,
709,2,17,1:33.677,0,,29.323,0,29.626,1,34.728,0,178.8,32:35.642,14:32:35.642,0:29.323,0:29.626,0:34.728,306.8,Romain DUMAS,,HYPERCAR,,Glickenhaus Racing,Glickenhaus,
709,2,18,1:35.053,0,,30.202,0,29.942,0,34.909,0,176.2,34:10.695,14:34:10.695,0:30.202,0:29.942,0:34.909,307.7,Romain DUMAS,,HYPERCAR,,Glickenhaus Racing,Glickenhaus,
709,2,19,1:41.457,0,,29.157,1,31.255,0,41.045,0,165.1,35:52.152,14:35:52.152,0:29.157,0:31.255,0:41.045,307.7,Romain DUMAS,,HYPERCAR,,Glickenhaus Racing,Glickenhaus,
709,2,20,1:46.499,0,B,29.306,0,31.273,0,45.920,0,157.3,37:38.651,14:37:38.651,0:29.306,0:31.273,0:45.920,308.6,Romain DUMAS,,HYPERCAR,,Glickenhaus Racing,Glickenhaus,
709,3,21,3:17.029,0,,2:07.956,0,31.431,0,37.642,0,85.0,40:55.680,14:40:55.680,2:07.956,0:31.431,0:37.642,,Richard WESTBROOK,0:01:39.657,HYPERCAR,,Glickenhaus Racing,Glickenhaus,
709,3,22,1:34.950,0,,29.893,0,30.380,0,34.677,0,176.4,42:30.630,14:42:30.630,0:29.893,0:30.380,0:34.677,306.8,Richard WESTBROOK,,HYPERCAR,,Glickenhaus Racing,Glickenhaus,
709,3,23,1:36.797,0,,29.446,0,30.454,0,36.897,0,173.1,44:07.427,14:44:07.427,0:29.446,0:30.454,0:36.897,309.5,Richard WESTBROOK,,HYPERCAR,,Glickenhaus Racing,Glickenhaus,
709,3,24,1:33.595,0,,29.226,0,29.716,0,34.653,0,179.0,45:41.022,14:45:41.022,0:29.226,0:29.716,0:34.653,308.6,Richard WESTBROOK,,HYPERCAR,,Glickenhaus Racing,Glickenhaus,
709,3,25,1:34.479,0,,29.119,0,30.710,0,34.650,0,177.3,47:15.501,14:47:15.501,0:29.119,0:30.710,0:34.650,308.6,Richard WESTBROOK,,HYPERCAR,,Glickenhaus Racing,Glickenhaus,
709,3,26,1:33.358,0,,29.042,0,29.946,0,34.370,0,179.4,48:48.859,14:48:48.859,0:29.042,0:29.946,0:34.370,307.7,Richard WESTBROOK,,HYPERCAR,,Glickenhaus Racing,Glickenhaus,
709,3,27,1:34.056,0,,29.119,0,29.737,0,35.200,0,178.1,50:22.915,14:50:22.915,0:29.119,0:29.737,0:35.200,310.3,Richard WESTBROOK,,HYPERCAR,,Glickenhaus Racing,Glickenhaus,
709,3,28,1:34.079,0,,29.236,0,29.754,0,35.089,0,178.1,51:56.994,14:51:56.994,0:29.236,0:29.754,0:35.089,310.3,Richard WESTBROOK,,HYPERCAR,,Glickenhaus Racing,Glickenhaus,
709,3,29,1:47.336,0,B,30.737,0,30.898,0,45.701,0,156.1,53:44.330,14:53:44.330,0:30.737,0:30.898,0:45.701,306.8,Richard WESTBROOK,,HYPERCAR,,Glickenhaus Racing,Glickenhaus,
709,3,30,2:45.709,0,,1:39.655,0,31.052,0,35.002,0,101.1,56:30.039,14:56:30.039,1:39.655,0:31.052,0:35.002,,Richard WESTBROOK,0:01:15.151,HYPERCAR,,Glickenhaus Racing,Glickenhaus,
709,3,31,1:31.961,0,,28.781,0,29.201,2,33.979,0,182.2,58:02.000,14:58:02.000,0:28.781,0:29.201,0:33.979,309.5,Richard WESTBROOK,,HYPERCAR,,Glickenhaus Racing,Glickenhaus,
709,3,32,1:32.006,0,,28.781,0,29.286,0,33.939,0,182.1,59:34.006,14:59:34.006,0:28.781,0:29.286,0:33.939,310.3,Richard WESTBROOK,,HYPERCAR,,Glickenhaus Racing,Glickenhaus,
709,3,33,1:31.916,2,,28.715,2,29.301,0,33.900,2,182.2,1:01:05.922,15:01:05.922,0:28.715,0:29.301,0:33.900,309.5,Richard WESTBROOK,,HYPERCAR,,Glickenhaus Racing,Glickenhaus,
77,1,1,2:41.858,0,,1:21.259,0,38.462,0,42.137,0,97.5,2:41.858,14:02:41.858,1:21.259,0:38.462,0:42.137,,Christian RIED,0:00:46.499,LMGTE Am,,Dempsey - Proton Racing,Porsche,
77,1,2,1:55.126,0,,36.023,0,36.315,0,42.788,0,145.5,4:36.984,14:04:36.984,0:36.023,0:36.315,0:42.788,225.0,Christian RIED,,LMGTE Am,,Dempsey - Proton Racing,Porsche,
77,1,3,1:48.448,0,,33.714,0,35.669,0,39.065,0,154.5,6:25.432,14:06:25.432,0:33.714,0:35.669,0:39.065,255.3,Christian RIED,,LMGTE Am,,Dempsey - Proton Racing,Porsche,
77,1,4,2:10.617,0,B,35.705,0,39.942,0,54.970,0,128.2,8:36.049,14:08:36.049,0:35.705,0:39.942,0:54.970,264.1,Christian RIED,,LMGTE Am,,Dempsey - Proton Racing,Porsche,
77,1,5,5:52.218,0,,4:41.135,0,33.270,0,37.813,0,47.6,14:28.267,14:14:28.267,4:41.135,0:33.270,0:37.813,,Christian RIED,0:04:12.672,LMGTE Am,,Dempsey - Proton Racing,Porsche,
77,1,6,1:41.104,0,,31.938,0,32.340,0,36.826,0,165.7,16:09.371,14:16:09.371,0:31.938,0:32.340,0:36.826,266.0,Christian RIED,,LMGTE Am,,Dempsey - Proton Racing,Porsche,
77,1,7,1:40.778,0,,31.923,0,32.070,0,36.785,1,166.2,17:50.149,14:17:50.149,0:31.923,0:32.070,0:36.785,266.7,Christian RIED,,LMGTE Am,,Dempsey - Proton Racing,Porsche,
77,1,8,1:40.524,0,,31.702,1,31.982,0,36.840,0,166.6,19:30.673,14:19:30.673,0:31.702,0:31.982,0:36.840,266.7,Christian RIED,,LMGTE Am,,Dempsey - Proton Racing,Porsche,
77,1,9,1:40.667,0,,31.747,0,31.975,1,36.945,0,166.4,21:11.340,14:21:11.340,0:31.747,0:31.975,0:36.945,266.7,Christian RIED,,LMGTE Am,,Dempsey - Proton Racing,Porsche,
77,1,10,1:49.752,0,B,31.947,0,32.319,0,45.486,0,152.6,23:01.092,14:23:01.092,0:31.947,0:32.319,0:45.486,264.7,Christian RIED,,LMGTE Am,,Dempsey - Proton Racing,Porsche,
77,2,11,3:20.994,0,,2:12.053,0,32.498,0,36.443,0,83.3,26:22.086,14:26:22.086,2:12.053,0:32.498,0:36.443,,Jaxon EVANS,0:01:42.885,LMGTE Am,,Dempsey - Proton Racing,Porsche,
77,2,12,1:40.025,0,,31.644,0,32.206,0,36.175,2,167.5,28:02.111,14:28:02.111,0:31.644,0:32.206,0:36.175,266.7,Jaxon EVANS,,LMGTE Am,,Dempsey - Proton Racing,Porsche,
77,2,13,1:40.119,0,,31.562,0,32.090,0,36.467,0,167.3,29:42.230,14:29:42.230,0:31.562,0:32.090,0:36.467,266.0,Jaxon EVANS,,LMGTE Am,,Dempsey - Proton Racing,Porsche,
77,2,14,1:41.042,0,,32.089,0,32.187,0,36.766,0,165.8,31:23.272,14:31:23.272,0:32.089,0:32.187,0:36.766,266.0,Jaxon EVANS,,LMGTE Am,,Dempsey - Proton Racing,Porsche,
77,2,15,1:39.937,0,,31.616,0,31.813,1,36.508,0,167.6,33:03.209,14:33:03.209,0:31.616,0:31.813,0:36.508,267.3,Jaxon EVANS,,LMGTE Am,,Dempsey - Proton Racing,Porsche,
77,2,16,1:40.170,0,,31.511,1,31.998,0,36.661,0,167.2,34:43.379,14:34:43.379,0:31.511,0:31.998,0:36.661,268.0,Jaxon EVANS,,LMGTE Am,,Dempsey - Proton Racing,Porsche,
77,2,17,1:42.011,0,,32.487,0,32.159,0,37.365,0,164.2,36:25.390,14:36:25.390,0:32.487,0:32.159,0:37.365,266.7,Jaxon EVANS,,LMGTE Am,,Dempsey - Proton Racing,Porsche,
77,2,18,1:40.963,0,,32.236,0,32.133,0,36.594,0,165.9,38:06.353,14:38:06.353,0:32.236,0:32.133,0:36.594,266.0,Jaxon EVANS,,LMGTE Am,,Dempsey - Proton Racing,Porsche,
77,2,19,1:40.246,0,,31.687,0,32.095,0,36.464,0,167.1,39:46.599,14:39:46.599,0:31.687,0:32.095,0:36.464,267.3,Jaxon EVANS,,LMGTE Am,,Dempsey - Proton Racing,Porsche,
77,2,20,1:39.990,0,,31.630,0,31.947,0,36.413,0,167.5,41:26.589,14:41:26.589,0:31.630,0:31.947,0:36.413,268.0,Jaxon EVANS,,LMGTE Am,,Dempsey - Proton Racing,Porsche,
77,2,21,1:40.509,0,,31.784,0,32.062,0,36.663,0,166.7,43:07.098,14:43:07.098,0:31.784,0:32.062,0:36.663,268.0,Jaxon EVANS,,LMGTE Am,,Dempsey - Proton Racing,Porsche,
77,2,22,1:47.323,0,B,32.036,0,32.726,0,42.561,0,156.1,44:54.421,14:44:54.421,0:32.036,0:32.726,0:42.561,268.0,Jaxon EVANS,,LMGTE Am,,Dempsey - Proton Racing,Porsche,
77,3,23,3:06.585,0,,1:52.633,0,37.215,0,36.737,0,89.8,48:01.006,14:48:01.006,1:52.633,0:37.215,0:36.737,,Matt CAMPBELL,0:01:24.787,LMGTE Am,,Dempsey - Proton Racing,Porsche,
77,3,24,1:40.265,0,,31.810,0,31.942,0,36.513,0,167.1,49:41.271,14:49:41.271,0:31.810,0:31.942,0:36.513,264.7,Matt CAMPBELL,,LMGTE Am,,Dempsey - Proton Racing,Porsche,
77,3,25,1:39.603,0,,31.419,0,31.762,0,36.422,0,168.2,51:20.874,14:51:20.874,0:31.419,0:31.762,0:36.422,267.3,Matt CAMPBELL,,LMGTE Am,,Dempsey - Proton Racing,Porsche,
77,3,26,1:39.785,0,,31.359,0,32.111,0,36.315,1,167.9,53:00.659,14:53:00.659,0:31.359,0:32.111,0:36.315,268.0,Matt CAMPBELL,,LMGTE Am,,Dempsey - Proton Racing,Porsche,
77,3,27,1:39.772,0,,31.313,2,31.943,0,36.516,0,167.9,54:40.431,14:54:40.431,0:31.313,0:31.943,0:36.516,268.7,Matt CAMPBELL,,LMGTE Am,,Dempsey - Proton Racing,Porsche,
77,3,28,1:39.577,2,,31.452,0,31.770,0,36.355,0,168.2,56:20.008,14:56:20.008,0:31.452,0:31.770,0:36.355,268.0,Matt CAMPBELL,,LMGTE Am,,Dempsey - Proton Racing,Porsche,
77,3,29,1:39.596,0,,31.391,0,31.753,0,36.452,0,168.2,57:59.604,14:57:59.604,0:31.391,0:31.753,0:36.452,267.3,Matt CAMPBELL,,LMGTE Am,,Dempsey - Proton Racing,Porsche,
77,3,30,1:44.212,0,,31.757,0,32.955,0,39.500,0,160.7,59:43.816,14:59:43.816,0:31.757,0:32.955,0:39.500,267.3,Matt CAMPBELL,,LMGTE Am,,Dempsey - Proton Racing,Porsche,
77,3,31,1:39.684,0,,31.584,0,31.716,2,36.384,0,168.0,1:01:23.500,15:01:23.500,0:31.584,0:31.716,0:36.384,266.0,Matt CAMPBELL,,LMGTE Am,,Dempsey - Proton Racing,Porsche,
777,2,1,2:55.569,0,,1:43.632,0,33.902,0,38.035,0,89.9,2:55.569,14:02:55.569,1:43.632,0:33.902,0:38.035,,Tomonobu FUJII,0:01:10.854,LMGTE Am,,D'Station Racing,Aston Martin,
777,2,2,1:41.069,0,,31.687,1,32.225,1,37.157,0,165.7,4:36.638,14:04:36.638,0:31.687,0:32.225,0:37.157,266.0,Tomonobu FUJII,,LMGTE Am,,D'Station Racing,Aston Martin,
777,2,3,1:41.187,0,,32.032,0,32.266,0,36.889,1,165.5,6:17.825,14:06:17.825,0:32.032,0:32.266,0:36.889,267.3,Tomonobu FUJII,,LMGTE Am,,D'Station Racing,Aston Martin,
777,2,4,1:45.069,0,,32.202,0,34.502,0,38.365,0,159.4,8:02.894,14:08:02.894,0:32.202,0:34.502,0:38.365,269.3,Tomonobu FUJII,,LMGTE Am,,D'Station Racing,Aston Martin,
777,2,5,1:51.397,0,B,32.299,0,32.800,0,46.298,0,150.4,9:54.291,14:09:54.291,0:32.299,0:32.800,0:46.298,266.0,Tomonobu FUJII,,LMGTE Am,,D'Station Racing,Aston Martin,
777,1,6,3:17.874,0,,2:06.693,0,33.376,0,37.805,0,84.7,13:12.165,14:13:12.165,2:06.693,0:33.376,0:37.805,,Satoshi HOSHINO,0:01:38.524,LMGTE Am,,D'Station Racing,Aston Martin,
777,1,7,1:44.344,0,,33.932,0,32.856,0,37.556,0,160.5,14:56.509,14:14:56.509,0:33.932,0:32.856,0:37.556,267.3,Satoshi HOSHINO,,LMGTE Am,,D'Station Racing,Aston Martin,
777,1,8,1:46.786,0,,32.056,0,33.591,0,41.139,0,156.9,16:43.295,14:16:43.295,0:32.056,0:33.591,0:41.139,270.0,Satoshi HOSHINO,,LMGTE Am,,D'Station Racing,Aston Martin,
777,1,9,1:43.739,0,,32.400,0,33.478,0,37.861,0,161.5,18:27.034,14:18:27.034,0:32.400,0:33.478,0:37.861,266.7,Satoshi HOSHINO,,LMGTE Am,,D'Station Racing,Aston Martin,
777,1,10,1:52.059,0,B,32.297,0,33.746,0,46.016,0,149.5,20:19.093,14:20:19.093,0:32.297,0:33.746,0:46.016,266.0,Satoshi HOSHINO,,LMGTE Am,,D'Station Racing,Aston Martin,
777,1,11,4:31.390,0,,3:18.267,0,35.152,0,37.971,0,61.7,24:50.483,14:24:50.483,3:18.267,0:35.152,0:37.971,,Satoshi HOSHINO,0:02:41.840,LMGTE Am,,D'Station Racing,Aston Martin,
777,1,12,2:39.214,0,B,55.567,0,43.115,0,1:00.532,0,105.2,27:29.697,14:27:29.697,0:55.567,0:43.115,1:00.532,266.0,Satoshi HOSHINO,,LMGTE Am,,D'Station Racing,Aston Martin,
777,1,13,5:03.309,0,,3:50.864,0,33.980,0,38.465,0,55.2,32:33.006,14:32:33.006,3:50.864,0:33.980,0:38.465,,Satoshi HOSHINO,0:03:20.220,LMGTE Am,,D'Station Racing,Aston Martin,
777,1,14,1:44.664,0,,33.603,0,33.100,0,37.961,0,160.0,34:17.670,14:34:17.670,0:33.603,0:33.100,0:37.961,264.1,Satoshi HOSHINO,,LMGTE Am,,D'Station Racing,Aston Martin,
777,1,15,1:42.684,0,,32.239,0,32.811,0,37.634,0,163.1,36:00.354,14:36:00.354,0:32.239,0:32.811,0:37.634,264.7,Satoshi HOSHINO,,LMGTE Am,,D'Station Racing,Aston Martin,
777,1,16,1:43.207,0,,32.070,0,33.683,0,37.454,0,162.3,37:43.561,14:37:43.561,0:32.070,0:33.683,0:37.454,268.0,Satoshi HOSHINO,,LMGTE Am,,D'Station Racing,Aston Martin,
777,1,17,1:42.103,0,,31.939,1,32.776,0,37.388,1,164.1,39:25.664,14:39:25.664,0:31.939,0:32.776,0:37.388,267.3,Satoshi HOSHINO,,LMGTE Am,,D'Station Racing,Aston Martin,
777,1,18,1:42.009,0,,32.032,0,32.460,1,37.517,0,164.2,41:07.673,14:41:07.673,0:32.032,0:32.460,0:37.517,268.0,Satoshi HOSHINO,,LMGTE Am,,D'Station Racing,Aston Martin,
777,1,19,1:52.002,0,B,33.310,0,33.295,0,45.397,0,149.6,42:59.675,14:42:59.675,0:33.310,0:33.295,0:45.397,269.3,Satoshi HOSHINO,,LMGTE Am,,D'Station Racing,Aston Martin,
777,3,20,3:25.750,0,,2:15.607,0,32.971,0,37.172,0,81.4,46:25.425,14:46:25.425,2:15.607,0:32.971,0:37.172,,Andrew WATSON,0:01:47.716,LMGTE Am,,D'Station Racing,Aston Martin,
777,3,21,1:41.741,0,,32.402,0,32.554,0,36.785,0,164.6,48:07.166,14:48:07.166,0:32.402,0:32.554,0:36.785,264.7,Andrew WATSON,,LMGTE Am,,D'Station Racing,Aston Martin,
777,3,22,1:40.480,0,,31.724,0,32.109,0,36.647,0,166.7,49:47.646,14:49:47.646,0:31.724,0:32.109,0:36.647,266.0,Andrew WATSON,,LMGTE Am,,D'Station Racing,Aston Martin,
777,3,23,1:43.663,0,,31.864,0,32.422,0,39.377,0,161.6,51:31.309,14:51:31.309,0:31.864,0:32.422,0:39.377,267.3,Andrew WATSON,,LMGTE Am,,D'Station Racing,Aston Martin,
777,3,24,1:41.420,0,,31.523,2,32.296,0,37.601,0,165.2,53:12.729,14:53:12.729,0:31.523,0:32.296,0:37.601,269.3,Andrew WATSON,,LMGTE Am,,D'Station Racing,Aston Martin,
777,3,25,1:40.387,0,,31.560,0,32.147,0,36.680,0,166.9,54:53.116,14:54:53.116,0:31.560,0:32.147,0:36.680,272.0,Andrew WATSON,,LMGTE Am,,D'Station Racing,Aston Martin,
777,3,26,1:41.407,0,,31.694,0,32.256,0,37.457,0,165.2,56:34.523,14:56:34.523,0:31.694,0:32.256,0:37.457,269.3,Andrew WATSON,,LMGTE Am,,D'Station Racing,Aston Martin,
777,3,27,1:40.658,0,,31.708,0,32.245,0,36.705,0,166.4,58:15.181,14:58:15.181,0:31.708,0:32.245,0:36.705,269.3,Andrew WATSON,,LMGTE Am,,D'Station Racing,Aston Martin,
777,3,28,1:40.236,2,,31.633,0,31.991,2,36.612,2,167.1,59:55.417,14:59:55.417,0:31.633,0:31.991,0:36.612,268.0,Andrew WATSON,,LMGTE Am,,D'Station Racing,Aston Martin,
777,3,29,1:46.630,0,B,31.596,0,32.044,0,42.990,0,157.1,1:01:42.047,15:01:42.047,0:31.596,0:32.044,0:42.990,268.0,Andrew WATSON,,LMGTE Am,,D'Station Racing,Aston Martin,
8,3,1,1:40.471,0,,35.893,0,30.454,0,34.124,1,157.1,1:40.471,14:01:40.471,0:35.893,0:30.454,0:34.124,,Brendon HARTLEY,0:00:06.688,HYPERCAR,H,Toyota Gazoo Racing,Toyota,
8,3,2,1:34.013,0,,29.013,0,29.915,0,35.085,0,178.2,3:14.484,14:03:14.484,0:29.013,0:29.915,0:35.085,,Brendon HARTLEY,,HYPERCAR,H,Toyota Gazoo Racing,Toyota,
8,3,3,1:32.064,0,,28.721,1,29.142,3,34.201,0,181.9,4:46.548,14:04:46.548,0:28.721,0:29.142,0:34.201,312.1,Brendon HARTLEY,,HYPERCAR,H,Toyota Gazoo Racing,Toyota,
8,3,4,1:33.552,0,,28.736,0,29.850,0,34.966,0,179.1,6:20.100,14:06:20.100,0:28.736,0:29.850,0:34.966,306.8,Brendon HARTLEY,,HYPERCAR,H,Toyota Gazoo Racing,Toyota,
8,3,5,1:40.013,0,B,29.238,0,29.653,0,41.122,0,167.5,8:00.113,14:08:00.113,0:29.238,0:29.653,0:41.122,308.6,Brendon HARTLEY,,HYPERCAR,H,Toyota Gazoo Racing,Toyota,
8,3,6,2:57.079,0,,1:52.169,0,30.133,0,34.777,0,94.6,10:57.192,14:10:57.192,1:52.169,0:30.133,0:34.777,,Brendon HARTLEY,0:01:27.325,HYPERCAR,H,Toyota Gazoo Racing,Toyota,
8,3,7,1:33.179,0,,28.971,0,29.736,0,34.472,0,179.8,12:30.371,14:12:30.371,0:28.971,0:29.736,0:34.472,305.9,Brendon HARTLEY,,HYPERCAR,H,Toyota Gazoo Racing,Toyota,
8,3,8,1:33.415,0,,29.052,0,29.839,0,34.524,0,179.3,14:03.786,14:14:03.786,0:29.052,0:29.839,0:34.524,304.2,Brendon HARTLEY,,HYPERCAR,H,Toyota Gazoo Racing,Toyota,
8,3,9,1:33.382,0,,29.086,0,29.935,0,34.361,0,179.4,15:37.168,14:15:37.168,0:29.086,0:29.935,0:34.361,300.8,Brendon HARTLEY,,HYPERCAR,H,Toyota Gazoo Racing,Toyota,
8,3,10,1:33.727,0,,29.008,0,29.881,0,34.838,0,178.7,17:10.895,14:17:10.895,0:29.008,0:29.881,0:34.838,307.7,Brendon HARTLEY,,HYPERCAR,H,Toyota Gazoo Racing,Toyota,
8,3,11,1:33.412,0,,28.973,0,29.710,0,34.729,0,179.3,18:44.307,14:18:44.307,0:28.973,0:29.710,0:34.729,305.1,Brendon HARTLEY,,HYPERCAR,H,Toyota Gazoo Racing,Toyota,
8,3,12,1:40.090,0,B,29.217,0,30.576,0,40.297,0,167.4,20:24.397,14:20:24.397,0:29.217,0:30.576,0:40.297,305.9,Brendon HARTLEY,,HYPERCAR,H,Toyota Gazoo Racing,Toyota,
8,2,13,2:40.285,0,,1:35.096,0,30.591,0,34.598,0,104.5,23:04.682,14:23:04.682,1:35.096,0:30.591,0:34.598,,Kazuki NAKAJIMA,0:01:10.262,HYPERCAR,H,Toyota Gazoo Racing,Toyota,
8,2,14,1:34.994,0,,29.902,0,30.531,0,34.561,0,176.3,24:39.676,14:24:39.676,0:29.902,0:30.531,0:34.561,309.5,Kazuki NAKAJIMA,,HYPERCAR,H,Toyota Gazoo Racing,Toyota,
8,2,15,1:33.168,0,,29.162,0,29.687,0,34.319,0,179.8,26:12.844,14:26:12.844,0:29.162,0:29.687,0:34.319,302.5,Kazuki NAKAJIMA,,HYPERCAR,H,Toyota Gazoo Racing,Toyota,
8,2,16,1:33.811,0,,29.282,0,29.919,0,34.610,0,178.6,27:46.655,14:27:46.655,0:29.282,0:29.919,0:34.610,306.8,Kazuki NAKAJIMA,,HYPERCAR,H,Toyota Gazoo Racing,Toyota,
8,2,17,1:33.480,0,,29.174,0,29.905,0,34.401,0,179.2,29:20.135,14:29:20.135,0:29.174,0:29.905,0:34.401,310.3,Kazuki NAKAJIMA,,HYPERCAR,H,Toyota Gazoo Racing,Toyota,
8,2,18,1:34.594,0,,29.089,0,31.105,0,34.400,0,177.1,30:54.729,14:30:54.729,0:29.089,0:31.105,0:34.400,304.2,Kazuki NAKAJIMA,,HYPERCAR,H,Toyota Gazoo Racing,Toyota,
8,2,19,1:32.573,0,,28.830,1,29.564,0,34.179,1,180.9,32:27.302,14:32:27.302,0:28.830,0:29.564,0:34.179,307.7,Kazuki NAKAJIMA,,HYPERCAR,H,Toyota Gazoo Racing,Toyota,
8,2,20,1:33.948,0,,28.979,0,29.593,0,35.376,0,178.3,34:01.250,14:34:01.250,0:28.979,0:29.593,0:35.376,304.2,Kazuki NAKAJIMA,,HYPERCAR,H,Toyota Gazoo Racing,Toyota,
8,2,21,1:32.923,0,,29.177,0,29.421,0,34.325,0,180.3,35:34.173,14:35:34.173,0:29.177,0:29.421,0:34.325,306.8,Kazuki NAKAJIMA,,HYPERCAR,H,Toyota Gazoo Racing,Toyota,
8,2,22,1:32.510,0,,28.929,0,29.400,1,34.181,0,181.1,37:06.683,14:37:06.683,0:28.929,0:29.400,0:34.181,305.1,Kazuki NAKAJIMA,,HYPERCAR,H,Toyota Gazoo Racing,Toyota,
8,2,23,1:34.250,0,,28.934,0,29.871,0,35.445,0,177.7,38:40.933,14:38:40.933,0:28.934,0:29.871,0:35.445,304.2,Kazuki NAKAJIMA,,HYPERCAR,H,Toyota Gazoo Racing,Toyota,
8,2,24,1:38.050,0,B,29.014,0,29.489,0,39.547,0,170.8,40:18.983,14:40:18.983,0:29.014,0:29.489,0:39.547,305.9,Kazuki NAKAJIMA,,HYPERCAR,H,Toyota Gazoo Racing,Toyota,
8,1,25,2:44.219,0,,1:39.782,0,30.079,0,34.358,0,102.0,43:03.202,14:43:03.202,1:39.782,0:30.079,0:34.358,,Sébastien BUEMI,0:01:15.545,HYPERCAR,H,Toyota Gazoo Racing,Toyota,
8,1,26,1:34.125,0,,30.453,0,29.594,0,34.078,0,178.0,44:37.327,14:44:37.327,0:30.453,0:29.594,0:34.078,312.1,Sébastien BUEMI,,HYPERCAR,H,Toyota Gazoo Racing,Toyota,
8,1,27,1:32.536,0,,28.931,0,29.489,0,34.116,0,181.0,46:09.863,14:46:09.863,0:28.931,0:29.489,0:34.116,307.7,Sébastien BUEMI,,HYPERCAR,H,Toyota Gazoo Racing,Toyota,
8,1,28,1:32.505,0,,28.855,0,29.400,0,34.250,0,181.1,47:42.368,14:47:42.368,0:28.855,0:29.400,0:34.250,305.9,Sébastien BUEMI,,HYPERCAR,H,Toyota Gazoo Racing,Toyota,
8,1,29,1:32.444,0,,28.671,0,29.328,0,34.445,0,181.2,49:14.812,14:49:14.812,0:28.671,0:29.328,0:34.445,305.9,Sébastien BUEMI,,HYPERCAR,H,Toyota Gazoo Racing,Toyota,
8,1,30,1:32.362,0,,28.823,0,29.296,0,34.243,0,181.4,50:47.174,14:50:47.174,0:28.823,0:29.296,0:34.243,306.8,Sébastien BUEMI,,HYPERCAR,H,Toyota Gazoo Racing,Toyota,
8,1,31,1:32.157,0,,28.659,0,29.382,0,34.116,0,181.8,52:19.331,14:52:19.331,0:28.659,0:29.382,0:34.116,305.1,Sébastien BUEMI,,HYPERCAR,H,Toyota Gazoo Racing,Toyota,
8,1,32,1:32.424,0,,28.960,0,29.294,0,34.170,0,181.2,53:51.755,14:53:51.755,0:28.960,0:29.294,0:34.170,306.8,Sébastien BUEMI,,HYPERCAR,H,Toyota Gazoo Racing,Toyota,
8,1,33,1:32.249,0,,28.885,0,29.327,0,34.037,2,181.6,55:24.004,14:55:24.004,0:28.885,0:29.327,0:34.037,305.9,Sébastien BUEMI,,HYPERCAR,H,Toyota Gazoo Racing,Toyota,
8,1,34,1:33.867,0,,28.839,0,30.947,0,34.081,0,178.5,56:57.871,14:56:57.871,0:28.839,0:30.947,0:34.081,308.6,Sébastien BUEMI,,HYPERCAR,H,Toyota Gazoo Racing,Toyota,
8,1,35,1:33.168,0,,29.157,0,29.820,0,34.191,0,179.8,58:31.039,14:58:31.039,0:29.157,0:29.820,0:34.191,310.3,Sébastien BUEMI,,HYPERCAR,H,Toyota Gazoo Racing,Toyota,
8,1,36,1:31.974,2,,28.654,2,29.269,1,34.051,0,182.1,1:00:03.013,15:00:03.013,0:28.654,0:29.269,0:34.051,308.6,Sébastien BUEMI,,HYPERCAR,H,Toyota Gazoo Racing,Toyota,
83,1,1,2:23.623,0,,1:09.376,0,33.813,0,40.434,0,109.9,2:23.623,14:02:23.623,1:09.376,0:33.813,0:40.434,,François PERRODO,0:00:37.499,LMGTE Am,,AF Corse,Ferrari,
83,1,2,1:42.071,0,,32.404,0,32.589,0,37.078,0,164.1,4:05.694,14:04:05.694,0:32.404,0:32.589,0:37.078,270.7,François PERRODO,,LMGTE Am,,AF Corse,Ferrari,
83,1,3,1:43.213,0,,33.731,0,32.533,0,36.949,0,162.3,5:48.907,14:05:48.907,0:33.731,0:32.533,0:36.949,268.7,François PERRODO,,LMGTE Am,,AF Corse,Ferrari,
83,1,4,1:41.680,0,,32.337,0,32.281,0,37.062,0,164.7,7:30.587,14:07:30.587,0:32.337,0:32.281,0:37.062,270.0,François PERRODO,,LMGTE Am,,AF Corse,Ferrari,
83,1,5,1:40.949,0,,31.842,0,32.004,0,37.103,0,165.9,9:11.536,14:09:11.536,0:31.842,0:32.004,0:37.103,268.7,François PERRODO,,LMGTE Am,,AF Corse,Ferrari,
83,1,6,1:45.340,0,B,31.835,0,32.100,0,41.405,0,159.0,10:56.876,14:10:56.876,0:31.835,0:32.100,0:41.405,268.7,François PERRODO,,LMGTE Am,,AF Corse,Ferrari,
83,1,7,2:32.821,0,,1:23.745,0,32.319,0,36.757,0,109.6,13:29.697,14:13:29.697,1:23.745,0:32.319,0:36.757,,François PERRODO,0:00:57.766,LMGTE Am,,AF Corse,Ferrari,
83,1,8,1:44.694,0,,31.513,0,32.372,0,40.809,0,160.0,15:14.391,14:15:14.391,0:31.513,0:32.372,0:40.809,270.0,François PERRODO,,LMGTE Am,,AF Corse,Ferrari,
83,1,9,1:40.670,0,,31.536,0,32.185,0,36.949,0,166.4,16:55.061,14:16:55.061,0:31.536,0:32.185,0:36.949,271.4,François PERRODO,,LMGTE Am,,AF Corse,Ferrari,
83,1,10,1:41.008,0,,31.677,0,32.603,0,36.728,0,165.8,18:36.069,14:18:36.069,0:31.677,0:32.603,0:36.728,268.7,François PERRODO,,LMGTE Am,,AF Corse,Ferrari,
83,1,11,1:40.409,0,,31.571,0,31.875,1,36.963,0,166.8,20:16.478,14:20:16.478,0:31.571,0:31.875,0:36.963,268.7,François PERRODO,,LMGTE Am,,AF Corse,Ferrari,
83,1,12,1:48.514,0,B,33.691,0,32.127,0,42.696,0,154.4,22:04.992,14:22:04.992,0:33.691,0:32.127,0:42.696,269.3,François PERRODO,,LMGTE Am,,AF Corse,Ferrari,
83,2,13,3:04.875,0,,1:54.061,0,32.586,0,38.228,0,90.6,25:09.867,14:25:09.867,1:54.061,0:32.586,0:38.228,,Nicklas NIELSEN,0:01:26.987,LMGTE Am,,AF Corse,Ferrari,
83,2,14,1:41.934,0,,32.381,0,32.961,0,36.592,1,164.3,26:51.801,14:26:51.801,0:32.381,0:32.961,0:36.592,266.0,Nicklas NIELSEN,,LMGTE Am,,AF Corse,Ferrari,
83,2,15,1:42.090,0,,31.711,0,31.878,0,38.501,0,164.1,28:33.891,14:28:33.891,0:31.711,0:31.878,0:38.501,270.0,Nicklas NIELSEN,,LMGTE Am,,AF Corse,Ferrari,
83,2,16,1:39.993,0,,31.499,0,,0,,0,167.5,30:13.884,14:30:13.884,0:31.499,,,268.0,Nicklas NIELSEN,,LMGTE Am,,AF Corse,Ferrari,
83,2,17,1:43.001,0,,31.545,0,31.821,0,39.635,0,162.6,31:56.885,14:31:56.885,0:31.545,0:31.821,0:39.635,264.7,Nicklas NIELSEN,,LMGTE Am,,AF Corse,Ferrari,
83,2,18,1:39.952,0,,31.363,2,31.815,1,36.774,0,167.6,33:36.837,14:33:36.837,0:31.363,0:31.815,0:36.774,270.0,Nicklas NIELSEN,,LMGTE Am,,AF Corse,Ferrari,
83,2,19,1:46.628,0,B,32.079,0,32.144,0,42.405,0,157.1,35:23.465,14:35:23.465,0:32.079,0:32.144,0:42.405,270.7,Nicklas NIELSEN,,LMGTE Am,,AF Corse,Ferrari,
83,3,20,2:59.066,0,,1:49.038,0,32.357,0,37.671,0,93.5,38:22.531,14:38:22.531,1:49.038,0:32.357,0:37.671,,Alessio ROVERA,0:01:18.450,LMGTE Am,,AF Corse,Ferrari,
83,3,21,1:40.071,0,,31.503,0,31.970,0,36.598,0,167.4,40:02.602,14:40:02.602,0:31.503,0:31.970,0:36.598,270.0,Alessio ROVERA,,LMGTE Am,,AF Corse,Ferrari,
83,3,22,1:52.857,0,,40.058,0,33.357,0,39.442,0,148.4,41:55.459,14:41:55.459,0:40.058,0:33.357,0:39.442,270.0,Alessio ROVERA,,LMGTE Am,,AF Corse,Ferrari,
83,3,23,1:40.356,0,,31.806,0,32.010,0,36.540,0,166.9,43:35.815,14:43:35.815,0:31.806,0:32.010,0:36.540,267.3,Alessio ROVERA,,LMGTE Am,,AF Corse,Ferrari,
83,3,24,1:39.913,0,,31.437,0,31.988,0,36.488,2,167.7,45:15.728,14:45:15.728,0:31.437,0:31.988,0:36.488,270.0,Alessio ROVERA,,LMGTE Am,,AF Corse,Ferrari,
83,3,25,1:39.721,2,,31.384,1,31.705,2,36.632,0,168.0,46:55.449,14:46:55.449,0:31.384,0:31.705,0:36.632,270.0,Alessio ROVERA,,LMGTE Am,,AF Corse,Ferrari,
83,3,26,1:47.090,0,B,31.436,0,31.996,0,43.658,0,156.4,48:42.539,14:48:42.539,0:31.436,0:31.996,0:43.658,269.3,Alessio ROVERA,,LMGTE Am,,AF Corse,Ferrari,
83,1,27,2:44.683,0,,1:33.657,0,32.705,0,38.321,0,101.7,51:27.222,14:51:27.222,1:33.657,0:32.705,0:38.321,,François PERRODO,0:01:05.265,LMGTE Am,,AF Corse,Ferrari,
83,1,28,1:41.124,0,,31.365,1,31.935,0,37.824,0,165.6,53:08.346,14:53:08.346,0:31.365,0:31.935,0:37.824,269.3,François PERRODO,,LMGTE Am,,AF Corse,Ferrari,
83,1,29,1:52.480,0,,37.740,0,36.257,0,38.483,0,148.9,55:00.826,14:55:00.826,0:37.740,0:36.257,0:38.483,253.5,François PERRODO,,LMGTE Am,,AF Corse,Ferrari,
83,1,30,1:40.349,0,,31.658,0,31.965,0,36.726,1,166.9,56:41.175,14:56:41.175,0:31.658,0:31.965,0:36.726,268.7,François PERRODO,,LMGTE Am,,AF Corse,Ferrari,
83,1,31,1:40.581,0,,31.423,0,32.251,0,36.907,0,166.5,58:21.756,14:58:21.756,0:31.423,0:32.251,0:36.907,270.0,François PERRODO,,LMGTE Am,,AF Corse,Ferrari,
83,1,32,1:40.694,0,,31.633,0,32.178,0,36.883,0,166.4,1:00:02.450,15:00:02.450,0:31.633,0:32.178,0:36.883,268.7,François PERRODO,,LMGTE Am,,AF Corse,Ferrari,
85,3,1,2:28.160,0,,1:13.634,0,35.078,0,39.448,0,106.5,2:28.160,14:02:28.160,1:13.634,0:35.078,0:39.448,,Manuela GOSTNER,0:00:38.851,LMGTE Am,,Iron Lynx,Ferrari,
85,3,2,1:47.843,0,,33.497,0,34.211,0,40.135,0,155.3,4:16.003,14:04:16.003,0:33.497,0:34.211,0:40.135,262.8,Manuela GOSTNER,,LMGTE Am,,Iron Lynx,Ferrari,
85,3,3,1:44.048,0,,32.604,0,32.943,0,38.501,0,161.0,6:00.051,14:06:00.051,0:32.604,0:32.943,0:38.501,264.1,Manuela GOSTNER,,LMGTE Am,,Iron Lynx,Ferrari,
85,3,4,1:43.520,0,,32.311,0,32.874,0,38.335,0,161.8,7:43.571,14:07:43.571,0:32.311,0:32.874,0:38.335,265.4,Manuela GOSTNER,,LMGTE Am,,Iron Lynx,Ferrari,
85,3,5,1:53.399,0,B,33.162,0,32.815,0,47.422,0,147.7,9:36.970,14:09:36.970,0:33.162,0:32.815,0:47.422,246.0,Manuela GOSTNER,,LMGTE Am,,Iron Lynx,Ferrari,
85,3,6,2:50.927,0,,1:40.095,0,33.139,0,37.693,0,98.0,12:27.897,14:12:27.897,1:40.095,0:33.139,0:37.693,,Manuela GOSTNER,0:01:11.053,LMGTE Am,,Iron Lynx,Ferrari,
85,3,7,1:41.402,0,,31.928,1,32.273,1,37.201,1,165.2,14:09.299,14:14:09.299,0:31.928,0:32.273,0:37.201,264.1,Manuela GOSTNER,,LMGTE Am,,Iron Lynx,Ferrari,
85,3,8,1:41.835,0,,32.182,0,32.317,0,37.336,0,164.5,15:51.134,14:15:51.134,0:32.182,0:32.317,0:37.336,266.0,Manuela GOSTNER,,LMGTE Am,,Iron Lynx,Ferrari,
85,3,9,2:00.866,0,,35.870,0,38.068,0,46.928,0,138.6,17:52.000,14:17:52.000,0:35.870,0:38.068,0:46.928,265.4,Manuela GOSTNER,,LMGTE Am,,Iron Lynx,Ferrari,
85,3,10,1:43.939,0,,33.266,0,32.831,0,37.842,0,161.2,19:35.939,14:19:35.939,0:33.266,0:32.831,0:37.842,263.4,Manuela GOSTNER,,LMGTE Am,,Iron Lynx,Ferrari,
85,3,11,1:52.086,0,B,32.869,0,32.842,0,46.375,0,149.4,21:28.025,14:21:28.025,0:32.869,0:32.842,0:46.375,244.9,Manuela GOSTNER,,LMGTE Am,,Iron Lynx,Ferrari,
85,3,12,3:42.237,0,,2:25.305,0,37.498,0,39.434,0,75.4,25:10.262,14:25:10.262,2:25.305,0:37.498,0:39.434,,Manuela GOSTNER,0:01:56.875,LMGTE Am,,Iron Lynx,Ferrari,
85,3,13,1:46.985,0,,33.177,0,33.377,0,40.431,0,156.6,26:57.247,14:26:57.247,0:33.177,0:33.377,0:40.431,262.1,Manuela GOSTNER,,LMGTE Am,,Iron Lynx,Ferrari,
85,3,14,1:45.295,0,,33.762,0,33.230,0,38.303,0,159.1,28:42.542,14:28:42.542,0:33.762,0:33.230,0:38.303,261.5,Manuela GOSTNER,,LMGTE Am,,Iron Lynx,Ferrari,
85,3,15,1:49.745,0,,32.248,0,,0,,0,152.6,30:32.287,14:30:32.287,0:32.248,,,262.8,Manuela GOSTNER,,LMGTE Am,,Iron Lynx,Ferrari,
85,3,16,1:43.732,0,,32.174,0,32.495,0,39.063,0,161.5,32:16.019,14:32:16.019,0:32.174,0:32.495,0:39.063,262.8,Manuela GOSTNER,,LMGTE Am,,Iron Lynx,Ferrari,
85,3,17,1:46.938,0,,33.683,0,34.043,0,39.212,0,156.6,34:02.957,14:34:02.957,0:33.683,0:34.043,0:39.212,262.8,Manuela GOSTNER,,LMGTE Am,,Iron Lynx,Ferrari,
85,3,18,1:43.584,0,,32.329,0,32.903,0,38.352,0,161.7,35:46.541,14:35:46.541,0:32.329,0:32.903,0:38.352,263.4,Manuela GOSTNER,,LMGTE Am,,Iron Lynx,Ferrari,
85,3,19,1:43.751,0,,32.296,0,32.635,0,38.820,0,161.5,37:30.292,14:37:30.292,0:32.296,0:32.635,0:38.820,263.4,Manuela GOSTNER,,LMGTE Am,,Iron Lynx,Ferrari,
85,3,20,1:45.544,0,,32.499,0,33.211,0,39.834,0,158.7,39:15.836,14:39:15.836,0:32.499,0:33.211,0:39.834,262.8,Manuela GOSTNER,,LMGTE Am,,Iron Lynx,Ferrari,
85,3,21,1:50.714,0,B,32.613,0,32.994,0,45.107,0,151.3,41:06.550,14:41:06.550,0:32.613,0:32.994,0:45.107,263.4,Manuela GOSTNER,,LMGTE Am,,Iron Lynx,Ferrari,
85,2,22,3:41.416,0,,2:32.180,0,32.419,0,36.817,0,75.7,44:47.966,14:44:47.966,2:32.180,0:32.419,0:36.817,,Michelle GATTING,0:02:04.868,LMGTE Am,,Iron Lynx,Ferrari,
85,2,23,1:40.533,0,,31.557,0,31.964,0,37.012,0,166.6,46:28.499,14:46:28.499,0:31.557,0:31.964,0:37.012,265.4,Michelle GATTING,,LMGTE Am,,Iron Lynx,Ferrari,
85,2,24,1:40.865,0,,31.826,0,32.066,0,36.973,0,166.1,48:09.364,14:48:09.364,0:31.826,0:32.066,0:36.973,265.4,Michelle GATTING,,LMGTE Am,,Iron Lynx,Ferrari,
85,2,25,1:39.933,0,,31.399,2,31.857,0,36.677,0,167.6,49:49.297,14:49:49.297,0:31.399,0:31.857,0:36.677,266.7,Michelle GATTING,,LMGTE Am,,Iron Lynx,Ferrari,
85,2,26,1:40.826,0,,31.623,0,32.459,0,36.744,0,166.1,51:30.123,14:51:30.123,0:31.623,0:32.459,0:36.744,269.3,Michelle GATTING,,LMGTE Am,,Iron Lynx,Ferrari,
85,2,27,1:39.889,2,,31.445,0,31.815,2,36.629,0,167.7,53:10.012,14:53:10.012,0:31.445,0:31.815,0:36.629,266.7,Michelle GATTING,,LMGTE Am,,Iron Lynx,Ferrari,
85,2,28,1:41.023,0,,32.191,0,31.997,0,36.835,0,165.8,54:51.035,14:54:51.035,0:32.191,0:31.997,0:36.835,268.7,Michelle GATTING,,LMGTE Am,,Iron Lynx,Ferrari,
85,2,29,1:41.673,0,,32.070,0,32.502,0,37.101,0,164.8,56:32.708,14:56:32.708,0:32.070,0:32.502,0:37.101,266.7,Michelle GATTING,,LMGTE Am,,Iron Lynx,Ferrari,
85,2,30,1:40.172,0,,31.604,0,31.882,0,36.686,0,167.2,58:12.880,14:58:12.880,0:31.604,0:31.882,0:36.686,268.0,Michelle GATTING,,LMGTE Am,,Iron Lynx,Ferrari,
85,2,31,1:40.036,0,,31.503,0,31.940,0,36.593,0,167.4,59:52.916,14:59:52.916,0:31.503,0:31.940,0:36.593,265.4,Michelle GATTING,,LMGTE Am,,Iron Lynx,Ferrari,
85,2,32,1:39.930,0,,31.489,0,31.924,0,36.517,2,167.6,1:01:32.846,15:01:32.846,0:31.489,0:31.924,0:36.517,264.7,Michelle GATTING,,LMGTE Am,,Iron Lynx,Ferrari,
86,1,1,2:48.734,0,,1:35.225,0,35.021,0,38.488,0,93.5,2:48.734,14:02:48.734,1:35.225,0:35.021,0:38.488,,Michael WAINWRIGHT,0:01:01.235,LMGTE Am,,GR Racing,Porsche,
86,1,2,1:44.707,0,,32.373,0,33.666,0,38.668,0,160.0,4:33.441,14:04:33.441,0:32.373,0:33.666,0:38.668,263.4,Michael WAINWRIGHT,,LMGTE Am,,GR Racing,Porsche,
86,1,3,1:43.362,0,,32.603,0,33.252,0,37.507,0,162.1,6:16.803,14:06:16.803,0:32.603,0:33.252,0:37.507,264.1,Michael WAINWRIGHT,,LMGTE Am,,GR Racing,Porsche,
86,1,4,1:46.787,0,,33.031,0,35.210,0,38.546,0,156.9,8:03.590,14:08:03.590,0:33.031,0:35.210,0:38.546,264.1,Michael WAINWRIGHT,,LMGTE Am,,GR Racing,Porsche,
86,1,5,1:45.152,0,,33.955,0,33.124,0,38.073,0,159.3,9:48.742,14:09:48.742,0:33.955,0:33.124,0:38.073,266.7,Michael WAINWRIGHT,,LMGTE Am,,GR Racing,Porsche,
86,1,6,1:45.932,0,,33.281,0,34.080,0,38.571,0,158.1,11:34.674,14:11:34.674,0:33.281,0:34.080,0:38.571,262.1,Michael WAINWRIGHT,,LMGTE Am,,GR Racing,Porsche,
86,1,7,1:43.194,0,,32.306,0,33.114,0,37.774,0,162.3,13:17.868,14:13:17.868,0:32.306,0:33.114,0:37.774,263.4,Michael WAINWRIGHT,,LMGTE Am,,GR Racing,Porsche,
86,1,8,1:42.941,0,,32.296,0,33.180,0,37.465,0,162.7,15:00.809,14:15:00.809,0:32.296,0:33.180,0:37.465,262.8,Michael WAINWRIGHT,,LMGTE Am,,GR Racing,Porsche,
86,1,9,1:52.051,0,B,33.767,0,33.729,0,44.555,0,149.5,16:52.860,14:16:52.860,0:33.767,0:33.729,0:44.555,266.0,Michael WAINWRIGHT,,LMGTE Am,,GR Racing,Porsche,
86,1,10,3:00.009,0,,1:44.638,0,36.594,0,38.777,0,93.1,19:52.869,14:19:52.869,1:44.638,0:36.594,0:38.777,,Michael WAINWRIGHT,0:01:14.136,LMGTE Am,,GR Racing,Porsche,
86,1,11,1:44.404,0,,33.573,0,33.577,0,37.254,0,160.4,21:37.273,14:21:37.273,0:33.573,0:33.577,0:37.254,265.4,Michael WAINWRIGHT,,LMGTE Am,,GR Racing,Porsche,
86,1,12,1:41.854,0,,32.054,1,32.684,0,37.116,1,164.5,23:19.127,14:23:19.127,0:32.054,0:32.684,0:37.116,266.7,Michael WAINWRIGHT,,LMGTE Am,,GR Racing,Porsche,
86,1,13,1:41.954,0,,32.184,0,32.614,1,37.156,0,164.3,25:01.081,14:25:01.081,0:32.184,0:32.614,0:37.156,264.7,Michael WAINWRIGHT,,LMGTE Am,,GR Racing,Porsche,
86,1,14,1:53.179,0,B,33.708,0,33.108,0,46.363,0,148.0,26:54.260,14:26:54.260,0:33.708,0:33.108,0:46.363,264.7,Michael WAINWRIGHT,,LMGTE Am,,GR Racing,Porsche,
86,2,15,3:25.531,0,,2:16.901,0,,0,,0,81.5,30:19.791,14:30:19.791,2:16.901,,,,Benjamin BARKER,0:01:51.058,LMGTE Am,,GR Racing,Porsche,
86,2,16,1:39.625,2,,31.423,2,31.742,0,36.460,1,168.1,31:59.416,14:31:59.416,0:31.423,0:31.742,0:36.460,264.7,Benjamin BARKER,,LMGTE Am,,GR Racing,Porsche,
86,2,17,1:40.042,0,,31.583,0,31.738,2,36.721,0,167.4,33:39.458,14:33:39.458,0:31.583,0:31.738,0:36.721,265.4,Benjamin BARKER,,LMGTE Am,,GR Racing,Porsche,
86,2,18,1:41.150,0,,31.562,0,31.908,0,37.680,0,165.6,35:20.608,14:35:20.608,0:31.562,0:31.908,0:37.680,266.0,Benjamin BARKER,,LMGTE Am,,GR Racing,Porsche,
86,2,19,1:40.602,0,,31.747,0,31.874,0,36.981,0,166.5,37:01.210,14:37:01.210,0:31.747,0:31.874,0:36.981,263.4,Benjamin BARKER,,LMGTE Am,,GR Racing,Porsche,
86,2,20,1:40.899,0,,31.473,0,32.380,0,37.046,0,166.0,38:42.109,14:38:42.109,0:31.473,0:32.380,0:37.046,264.7,Benjamin BARKER,,LMGTE Am,,GR Racing,Porsche,
86,2,21,1:45.940,0,B,31.658,0,32.184,0,42.098,0,158.1,40:28.049,14:40:28.049,0:31.658,0:32.184,0:42.098,266.7,Benjamin BARKER,,LMGTE Am,,GR Racing,Porsche,
86,3,22,3:28.301,0,,2:19.340,0,32.132,0,36.829,0,80.4,43:56.350,14:43:56.350,2:19.340,0:32.132,0:36.829,,Tom GAMBLE,0:01:53.187,LMGTE Am,,GR Racing,Porsche,
86,3,23,1:40.713,0,,31.804,0,32.124,0,36.785,0,166.3,45:37.063,14:45:37.063,0:31.804,0:32.124,0:36.785,265.4,Tom GAMBLE,,LMGTE Am,,GR Racing,Porsche,
86,3,24,1:46.842,0,,32.042,0,32.360,0,42.440,0,156.8,47:23.905,14:47:23.905,0:32.042,0:32.360,0:42.440,264.7,Tom GAMBLE,,LMGTE Am,,GR Racing,Porsche,
86,3,25,1:40.325,0,,31.694,0,31.812,0,36.819,0,167.0,49:04.230,14:49:04.230,0:31.694,0:31.812,0:36.819,264.1,Tom GAMBLE,,LMGTE Am,,GR Racing,Porsche,
86,3,26,1:39.874,0,,31.598,0,31.926,0,36.350,2,167.7,50:44.104,14:50:44.104,0:31.598,0:31.926,0:36.350,266.0,Tom GAMBLE,,LMGTE Am,,GR Racing,Porsche,
86,3,27,1:40.052,0,,31.592,0,31.916,0,36.544,0,167.4,52:24.156,14:52:24.156,0:31.592,0:31.916,0:36.544,266.7,Tom GAMBLE,,LMGTE Am,,GR Racing,Porsche,
86,3,28,1:41.232,0,,31.569,0,32.932,0,36.731,0,165.5,54:05.388,14:54:05.388,0:31.569,0:32.932,0:36.731,266.7,Tom GAMBLE,,LMGTE Am,,GR Racing,Porsche,
86,3,29,1:40.162,0,,31.588,0,32.011,0,36.563,0,167.2,55:45.550,14:55:45.550,0:31.588,0:32.011,0:36.563,266.0,Tom GAMBLE,,LMGTE Am,,GR Racing,Porsche,
86,3,30,1:40.464,0,,32.023,0,31.918,0,36.523,0,166.7,57:26.014,14:57:26.014,0:32.023,0:31.918,0:36.523,266.0,Tom GAMBLE,,LMGTE Am,,GR Racing,Porsche,
86,3,31,1:39.911,0,,31.467,1,31.803,0,36.641,0,167.7,59:05.925,14:59:05.925,0:31.467,0:31.803,0:36.641,266.0,Tom GAMBLE,,LMGTE Am,,GR Racing,Porsche,
86,3,32,1:39.746,0,,31.548,0,31.749,1,36.449,0,167.9,1:00:45.671,15:00:45.671,0:31.548,0:31.749,0:36.449,266.0,Tom GAMBLE,,LMGTE Am,,GR Racing,Porsche,
88,2,1,2:21.707,0,,1:02.681,0,37.819,0,41.207,0,111.4,2:21.707,14:02:21.707,1:02.681,0:37.819,0:41.207,,Marco SEEFRIED,0:00:24.315,LMGTE Am,,Dempsey - Proton Racing,Porsche,
88,2,2,1:45.616,0,,34.255,0,33.840,0,37.521,0,158.6,4:07.323,14:04:07.323,0:34.255,0:33.840,0:37.521,230.3,Marco SEEFRIED,,LMGTE Am,,Dempsey - Proton Racing,Porsche,
88,2,3,1:44.426,0,,33.516,0,33.417,0,37.493,0,160.4,5:51.749,14:05:51.749,0:33.516,0:33.417,0:37.493,259.0,Marco SEEFRIED,,LMGTE Am,,Dempsey - Proton Racing,Porsche,
88,2,4,1:41.299,0,,32.136,0,32.415,0,36.748,1,165.4,7:33.048,14:07:33.048,0:32.136,0:32.415,0:36.748,265.4,Marco SEEFRIED,,LMGTE Am,,Dempsey - Proton Racing,Porsche,
88,2,5,2:01.223,0,B,36.460,0,36.332,0,48.431,0,138.2,9:34.271,14:09:34.271,0:36.460,0:36.332,0:48.431,188.5,Marco SEEFRIED,,LMGTE Am,,Dempsey - Proton Racing,Porsche,
88,1,6,5:24.081,0,B,3:56.386,0,38.215,0,49.480,0,51.7,14:58.352,14:14:58.352,3:56.386,0:38.215,0:49.480,,Dominique BASTIEN,0:03:22.512,LMGTE Am,,Dempsey - Proton Racing,Porsche,
88,1,7,5:59.124,0,B,4:34.321,0,35.835,0,48.968,0,46.6,20:57.476,14:20:57.476,4:34.321,0:35.835,0:48.968,,Dominique BASTIEN,0:04:04.055,LMGTE Am,,Dempsey - Proton Racing,Porsche,
88,1,8,2:43.617,0,,1:28.634,0,35.772,0,39.211,0,102.4,23:41.093,14:23:41.093,1:28.634,0:35.772,0:39.211,,Dominique BASTIEN,0:00:59.252,LMGTE Am,,Dempsey - Proton Racing,Porsche,
88,1,9,1:45.193,0,,33.149,0,33.697,0,38.347,1,159.2,25:26.286,14:25:26.286,0:33.149,0:33.697,0:38.347,263.4,Dominique BASTIEN,,LMGTE Am,,Dempsey - Proton Racing,Porsche,
88,1,10,1:46.569,0,,32.788,1,33.808,0,39.973,0,157.2,27:12.855,14:27:12.855,0:32.788,0:33.808,0:39.973,264.7,Dominique BASTIEN,,LMGTE Am,,Dempsey - Proton Racing,Porsche,
88,1,11,1:45.731,0,,33.477,0,33.570,1,38.684,0,158.4,28:58.586,14:28:58.586,0:33.477,0:33.570,0:38.684,262.8,Dominique BASTIEN,,LMGTE Am,,Dempsey - Proton Racing,Porsche,
88,1,12,2:03.695,0,,46.860,0,36.719,0,40.116,0,135.4,31:02.281,14:31:02.281,0:46.860,0:36.719,0:40.116,262.8,Dominique BASTIEN,,LMGTE Am,,Dempsey - Proton Racing,Porsche,
88,1,13,1:45.807,0,,33.023,0,33.938,0,38.846,0,158.3,32:48.088,14:32:48.088,0:33.023,0:33.938,0:38.846,260.2,Dominique BASTIEN,,LMGTE Am,,Dempsey - Proton Racing,Porsche,
88,1,14,1:45.654,0,,32.978,0,34.128,0,38.548,0,158.5,34:33.742,14:34:33.742,0:32.978,0:34.128,0:38.548,262.1,Dominique BASTIEN,,LMGTE Am,,Dempsey - Proton Racing,Porsche,
88,1,15,2:00.916,0,B,33.651,0,34.863,0,52.402,0,138.5,36:34.658,14:36:34.658,0:33.651,0:34.863,0:52.402,260.9,Dominique BASTIEN,,LMGTE Am,,Dempsey - Proton Racing,Porsche,
88,2,16,2:57.578,0,,1:47.603,0,32.729,0,37.246,0,94.3,39:32.236,14:39:32.236,1:47.603,0:32.729,0:37.246,,Marco SEEFRIED,0:01:21.821,LMGTE Am,,Dempsey - Proton Racing,Porsche,
88,2,17,1:40.783,0,,31.805,0,32.155,0,36.823,0,166.2,41:13.019,14:41:13.019,0:31.805,0:32.155,0:36.823,265.4,Marco SEEFRIED,,LMGTE Am,,Dempsey - Proton Racing,Porsche,
88,2,18,1:40.599,0,,31.646,0,32.073,0,36.880,0,166.5,42:53.618,14:42:53.618,0:31.646,0:32.073,0:36.880,267.3,Marco SEEFRIED,,LMGTE Am,,Dempsey - Proton Racing,Porsche,
88,2,19,1:40.442,0,,31.549,1,32.094,0,36.799,0,166.8,44:34.060,14:44:34.060,0:31.549,0:32.094,0:36.799,266.7,Marco SEEFRIED,,LMGTE Am,,Dempsey - Proton Racing,Porsche,
88,2,20,1:41.578,0,,31.593,0,32.039,0,37.946,0,164.9,46:15.638,14:46:15.638,0:31.593,0:32.039,0:37.946,265.4,Marco SEEFRIED,,LMGTE Am,,Dempsey - Proton Racing,Porsche,
88,2,21,1:41.630,0,,32.306,0,32.312,0,37.012,0,164.8,47:57.268,14:47:57.268,0:32.306,0:32.312,0:37.012,264.7,Marco SEEFRIED,,LMGTE Am,,Dempsey - Proton Racing,Porsche,
88,2,22,1:40.844,0,,31.733,0,32.332,0,36.779,0,166.1,49:38.112,14:49:38.112,0:31.733,0:32.332,0:36.779,264.1,Marco SEEFRIED,,LMGTE Am,,Dempsey - Proton Racing,Porsche,
88,2,23,1:46.481,0,B,31.652,0,31.933,1,42.896,0,157.3,51:24.593,14:51:24.593,0:31.652,0:31.933,0:42.896,265.4,Marco SEEFRIED,,LMGTE Am,,Dempsey - Proton Racing,Porsche,
88,3,24,2:51.889,0,,1:42.864,0,32.331,0,36.694,0,97.5,54:16.482,14:54:16.482,1:42.864,0:32.331,0:36.694,,Julien ANDLAUER,0:01:16.540,LMGTE Am,,Dempsey - Proton Racing,Porsche,
88,3,25,1:40.103,0,,31.588,0,31.907,2,36.608,2,167.3,55:56.585,14:55:56.585,0:31.588,0:31.907,0:36.608,266.0,Julien ANDLAUER,,LMGTE Am,,Dempsey - Proton Racing,Porsche,
88,3,26,1:40.335,0,,31.621,0,32.077,0,36.637,0,166.9,57:36.920,14:57:36.920,0:31.621,0:32.077,0:36.637,266.7,Julien ANDLAUER,,LMGTE Am,,Dempsey - Proton Racing,Porsche,
88,3,27,1:40.418,0,,31.549,0,32.035,0,36.834,0,166.8,59:17.338,14:59:17.338,0:31.549,0:32.035,0:36.834,266.7,Julien ANDLAUER,,LMGTE Am,,Dempsey - Proton Racing,Porsche,
88,3,28,1:40.087,2,,31.516,2,31.916,0,36.655,0,167.4,1:00:57.425,15:00:57.425,0:31.516,0:31.916,0:36.655,266.7,Julien ANDLAUER,,LMGTE Am,,Dempsey - Proton Racing,Porsche,
91,1,1,3:18.020,0,,2:08.465,0,32.760,0,36.795,0,79.7,3:18.020,14:03:18.020,2:08.465,0:32.760,0:36.795,,Gianmaria BRUNI,0:01:37.379,LMGTE Pro,,Porsche GT Team,Porsche,
91,1,2,1:39.324,0,,31.547,0,31.576,0,36.201,0,168.6,4:57.344,14:04:57.344,0:31.547,0:31.576,0:36.201,268.0,Gianmaria BRUNI,,LMGTE Pro,,Porsche GT Team,Porsche,
91,1,3,1:39.086,0,,31.322,0,31.614,0,36.150,0,169.1,6:36.430,14:06:36.430,0:31.322,0:31.614,0:36.150,269.3,Gianmaria BRUNI,,LMGTE Pro,,Porsche GT Team,Porsche,
91,1,4,1:41.457,0,,31.464,0,32.440,0,37.553,0,165.1,8:17.887,14:08:17.887,0:31.464,0:32.440,0:37.553,270.0,Gianmaria BRUNI,,LMGTE Pro,,Porsche GT Team,Porsche,
91,1,5,1:39.179,0,,31.444,0,31.448,0,36.287,0,168.9,9:57.066,14:09:57.066,0:31.444,0:31.448,0:36.287,270.0,Gianmaria BRUNI,,LMGTE Pro,,Porsche GT Team,Porsche,
91,1,6,1:47.636,0,B,32.419,0,32.288,0,42.929,0,155.6,11:44.702,14:11:44.702,0:32.419,0:32.288,0:42.929,269.3,Gianmaria BRUNI,,LMGTE Pro,,Porsche GT Team,Porsche,
91,1,7,4:29.708,0,,3:21.149,0,32.090,0,36.469,0,62.1,16:14.410,14:16:14.410,3:21.149,0:32.090,0:36.469,,Gianmaria BRUNI,0:02:54.052,LMGTE Pro,,Porsche GT Team,Porsche,
91,1,8,1:41.163,0,,32.377,0,32.027,0,36.759,0,165.6,17:55.573,14:17:55.573,0:32.377,0:32.027,0:36.759,269.3,Gianmaria BRUNI,,LMGTE Pro,,Porsche GT Team,Porsche,
91,1,9,1:40.544,0,,31.415,0,32.007,0,37.122,0,166.6,19:36.117,14:19:36.117,0:31.415,0:32.007,0:37.122,268.7,Gianmaria BRUNI,,LMGTE Pro,,Porsche GT Team,Porsche,
91,1,10,1:38.850,2,,31.314,0,31.444,2,36.092,2,169.5,21:14.967,14:21:14.967,0:31.314,0:31.444,0:36.092,270.0,Gianmaria BRUNI,,LMGTE Pro,,Porsche GT Team,Porsche,
91,1,11,1:41.343,0,,31.208,0,32.355,0,37.780,0,165.3,22:56.310,14:22:56.310,0:31.208,0:32.355,0:37.780,270.0,Gianmaria BRUNI,,LMGTE Pro,,Porsche GT Team,Porsche,
91,1,12,1:45.787,0,B,31.279,0,32.294,0,42.214,0,158.3,24:42.097,14:24:42.097,0:31.279,0:32.294,0:42.214,268.7,Gianmaria BRUNI,,LMGTE Pro,,Porsche GT Team,Porsche,
91,1,13,7:35.893,0,,6:27.290,0,31.915,0,36.688,0,36.7,32:17.990,14:32:17.990,6:27.290,0:31.915,0:36.688,,Gianmaria BRUNI,0:05:59.622,LMGTE Pro,,Porsche GT Team,Porsche,
91,1,14,1:40.652,0,,31.708,0,31.815,0,37.129,0,166.4,33:58.642,14:33:58.642,0:31.708,0:31.815,0:37.129,266.0,Gianmaria BRUNI,,LMGTE Pro,,Porsche GT Team,Porsche,
91,1,15,1:39.627,0,,31.239,0,31.686,0,36.702,0,168.1,35:38.269,14:35:38.269,0:31.239,0:31.686,0:36.702,267.3,Gianmaria BRUNI,,LMGTE Pro,,Porsche GT Team,Porsche,
91,1,16,1:39.474,0,,31.357,0,31.550,0,36.567,0,168.4,37:17.743,14:37:17.743,0:31.357,0:31.550,0:36.567,266.7,Gianmaria BRUNI,,LMGTE Pro,,Porsche GT Team,Porsche,
91,1,17,1:39.761,0,,31.461,0,31.671,0,36.629,0,167.9,38:57.504,14:38:57.504,0:31.461,0:31.671,0:36.629,266.0,Gianmaria BRUNI,,LMGTE Pro,,Porsche GT Team,Porsche,
91,1,18,1:39.900,0,,31.318,0,31.695,0,36.887,0,167.7,40:37.404,14:40:37.404,0:31.318,0:31.695,0:36.887,267.3,Gianmaria BRUNI,,LMGTE Pro,,Porsche GT Team,Porsche,
91,1,19,1:39.679,0,,31.426,0,31.791,0,36.462,0,168.0,42:17.083,14:42:17.083,0:31.426,0:31.791,0:36.462,268.0,Gianmaria BRUNI,,LMGTE Pro,,Porsche GT Team,Porsche,
91,1,20,1:40.365,0,,31.596,0,32.151,0,36.618,0,166.9,43:57.448,14:43:57.448,0:31.596,0:32.151,0:36.618,268.0,Gianmaria BRUNI,,LMGTE Pro,,Porsche GT Team,Porsche,
91,1,21,1:40.265,0,,31.722,0,31.904,0,36.639,0,167.1,45:37.713,14:45:37.713,0:31.722,0:31.904,0:36.639,269.3,Gianmaria BRUNI,,LMGTE Pro,,Porsche GT Team,Porsche,
91,1,22,1:40.692,0,,31.750,0,32.425,0,36.517,0,166.4,47:18.405,14:47:18.405,0:31.750,0:32.425,0:36.517,267.3,Gianmaria BRUNI,,LMGTE Pro,,Porsche GT Team,Porsche,
91,1,23,1:39.628,0,,31.468,0,31.636,0,36.524,0,168.1,48:58.033,14:48:58.033,0:31.468,0:31.636,0:36.524,267.3,Gianmaria BRUNI,,LMGTE Pro,,Porsche GT Team,Porsche,
91,1,24,1:39.412,0,,31.357,0,31.630,0,36.425,0,168.5,50:37.445,14:50:37.445,0:31.357,0:31.630,0:36.425,268.0,Gianmaria BRUNI,,LMGTE Pro,,Porsche GT Team,Porsche,
91,1,25,1:39.758,0,,31.537,0,31.720,0,36.501,0,167.9,52:17.203,14:52:17.203,0:31.537,0:31.720,0:36.501,268.0,Gianmaria BRUNI,,LMGTE Pro,,Porsche GT Team,Porsche,
91,1,26,1:39.795,0,,31.435,0,31.951,0,36.409,0,167.9,53:56.998,14:53:56.998,0:31.435,0:31.951,0:36.409,268.0,Gianmaria BRUNI,,LMGTE Pro,,Porsche GT Team,Porsche,
91,1,27,1:39.848,0,,31.204,2,31.691,0,36.953,0,167.8,55:36.846,14:55:36.846,0:31.204,0:31.691,0:36.953,268.7,Gianmaria BRUNI,,LMGTE Pro,,Porsche GT Team,Porsche,
91,1,28,1:39.879,0,,31.359,0,31.598,0,36.922,0,167.7,57:16.725,14:57:16.725,0:31.359,0:31.598,0:36.922,268.0,Gianmaria BRUNI,,LMGTE Pro,,Porsche GT Team,Porsche,
91,1,29,1:39.517,0,,31.356,0,31.569,0,36.592,0,168.3,58:56.242,14:58:56.242,0:31.356,0:31.569,0:36.592,269.3,Gianmaria BRUNI,,LMGTE Pro,,Porsche GT Team,Porsche,
91,1,30,1:39.083,0,,31.264,0,31.500,0,36.319,0,169.1,1:00:35.325,15:00:35.325,0:31.264,0:31.500,0:36.319,268.0,Gianmaria BRUNI,,LMGTE Pro,,Porsche GT Team,Porsche,
92,1,1,3:01.418,0,,1:51.976,0,32.909,0,36.533,0,87.0,3:01.418,14:03:01.418,1:51.976,0:32.909,0:36.533,,Kevin ESTRE,0:01:21.931,LMGTE Pro,,Porsche GT Team,Porsche,
92,1,2,1:38.771,0,,31.209,0,31.427,0,36.135,0,169.6,4:40.189,14:04:40.189,0:31.209,0:31.427,0:36.135,268.0,Kevin ESTRE,,LMGTE Pro,,Porsche GT Team,Porsche,
92,1,3,1:40.244,0,,31.617,0,32.331,0,36.296,0,167.1,6:20.433,14:06:20.433,0:31.617,0:32.331,0:36.296,268.7,Kevin ESTRE,,LMGTE Pro,,Porsche GT Team,Porsche,
92,1,4,1:40.346,0,,31.189,0,32.692,0,36.465,0,166.9,8:00.779,14:08:00.779,0:31.189,0:32.692,0:36.465,270.7,Kevin ESTRE,,LMGTE Pro,,Porsche GT Team,Porsche,
92,1,5,1:45.590,0,B,31.174,0,31.826,0,42.590,0,158.6,9:46.369,14:09:46.369,0:31.174,0:31.826,0:42.590,270.0,Kevin ESTRE,,LMGTE Pro,,Porsche GT Team,Porsche,
92,1,6,7:31.463,0,,6:17.583,0,34.769,0,39.111,0,37.1,17:17.832,14:17:17.832,6:17.583,0:34.769,0:39.111,,Kevin ESTRE,0:05:49.382,LMGTE Pro,,Porsche GT Team,Porsche,
92,1,7,1:38.082,2,,31.087,0,30.900,2,36.095,0,170.8,18:55.914,14:18:55.914,0:31.087,0:30.900,0:36.095,268.0,Kevin ESTRE,,LMGTE Pro,,Porsche GT Team,Porsche,
92,1,8,1:38.132,0,,30.887,2,31.220,0,36.025,2,170.7,20:34.046,14:20:34.046,0:30.887,0:31.220,0:36.025,268.7,Kevin ESTRE,,LMGTE Pro,,Porsche GT Team,Porsche,
92,1,9,1:54.306,0,,34.225,0,36.174,0,43.907,0,146.5,22:28.352,14:22:28.352,0:34.225,0:36.174,0:43.907,251.7,Kevin ESTRE,,LMGTE Pro,,Porsche GT Team,Porsche,
92,1,10,1:44.521,0,B,31.001,0,31.608,0,41.912,0,160.3,24:12.873,14:24:12.873,0:31.001,0:31.608,0:41.912,270.7,Kevin ESTRE,,LMGTE Pro,,Porsche GT Team,Porsche,
92,3,11,7:09.774,0,,6:00.393,0,32.691,0,36.690,0,39.0,31:22.647,14:31:22.647,6:00.393,0:32.691,0:36.690,,Michael CHRISTENSEN,0:05:33.744,LMGTE Pro,,Porsche GT Team,Porsche,
92,3,12,1:39.965,0,,31.563,0,31.688,1,36.714,0,167.6,33:02.612,14:33:02.612,0:31.563,0:31.688,0:36.714,266.0,Michael CHRISTENSEN,,LMGTE Pro,,Porsche GT Team,Porsche,
92,3,13,1:40.072,0,,31.569,0,31.697,0,36.806,0,167.4,34:42.684,14:34:42.684,0:31.569,0:31.697,0:36.806,266.7,Michael CHRISTENSEN,,LMGTE Pro,,Porsche GT Team,Porsche,
92,3,14,1:40.078,0,,31.513,0,31.939,0,36.626,1,167.4,36:22.762,14:36:22.762,0:31.513,0:31.939,0:36.626,266.0,Michael CHRISTENSEN,,LMGTE Pro,,Porsche GT Team,Porsche,
92,3,15,1:40.951,0,,31.573,0,32.502,0,36.876,0,165.9,38:03.713,14:38:03.713,0:31.573,0:32.502,0:36.876,267.3,Michael CHRISTENSEN,,LMGTE Pro,,Porsche GT Team,Porsche,
92,3,16,1:40.360,0,,31.753,0,31.923,0,36.684,0,166.9,39:44.073,14:39:44.073,0:31.753,0:31.923,0:36.684,268.0,Michael CHRISTENSEN,,LMGTE Pro,,Porsche GT Team,Porsche,
92,3,17,1:47.941,0,,35.977,0,34.144,0,37.820,0,155.2,41:32.014,14:41:32.014,0:35.977,0:34.144,0:37.820,268.0,Michael CHRISTENSEN,,LMGTE Pro,,Porsche GT Team,Porsche,
92,3,18,1:43.602,0,,31.682,0,33.883,0,38.037,0,161.7,43:15.616,14:43:15.616,0:31.682,0:33.883,0:38.037,266.7,Michael CHRISTENSEN,,LMGTE Pro,,Porsche GT Team,Porsche,
92,3,19,1:40.535,0,,31.546,0,32.155,0,36.834,0,166.6,44:56.151,14:44:56.151,0:31.546,0:32.155,0:36.834,267.3,Michael CHRISTENSEN,,LMGTE Pro,,Porsche GT Team,Porsche,
92,3,20,1:45.973,0,B,31.482,1,32.089,0,42.402,0,158.1,46:42.124,14:46:42.124,0:31.482,0:32.089,0:42.402,266.7,Michael CHRISTENSEN,,LMGTE Pro,,Porsche GT Team,Porsche,
92,2,21,3:30.853,0,,2:20.897,0,32.565,0,37.391,0,79.4,50:12.977,14:50:12.977,2:20.897,0:32.565,0:37.391,,Neel JANI,0:01:53.787,LMGTE Pro,,Porsche GT Team,Porsche,
92,2,22,1:40.992,0,,31.953,0,32.316,0,36.723,0,165.9,51:53.969,14:51:53.969,0:31.953,0:32.316,0:36.723,266.0,Neel JANI,,LMGTE Pro,,Porsche GT Team,Porsche,
92,2,23,1:40.268,0,,31.552,0,31.770,1,36.946,0,167.1,53:34.237,14:53:34.237,0:31.552,0:31.770,0:36.946,267.3,Neel JANI,,LMGTE Pro,,Porsche GT Team,Porsche,
92,2,24,1:40.353,0,,31.465,1,32.221,0,36.667,1,166.9,55:14.590,14:55:14.590,0:31.465,0:32.221,0:36.667,269.3,Neel JANI,,LMGTE Pro,,Porsche GT Team,Porsche,
92,2,25,1:40.373,0,,31.618,0,32.033,0,36.722,0,166.9,56:54.963,14:56:54.963,0:31.618,0:32.033,0:36.722,268.0,Neel JANI,,LMGTE Pro,,Porsche GT Team,Porsche,
92,2,26,1:40.265,0,,31.489,0,32.033,0,36.743,0,167.1,58:35.228,14:58:35.228,0:31.489,0:32.033,0:36.743,268.0,Neel JANI,,LMGTE Pro,,Porsche GT Team,Porsche,
92,2,27,1:42.436,0,,33.066,0,32.490,0,36.880,0,163.5,1:00:17.664,15:00:17.664,0:33.066,0:32.490,0:36.880,268.0,Neel JANI,,LMGTE Pro,,Porsche GT Team,Porsche,
98,1,1,2:30.161,0,,1:16.618,0,34.372,0,39.171,0,105.1,2:30.161,14:02:30.161,1:16.618,0:34.372,0:39.171,,Paul DALLA LANA,0:00:44.160,LMGTE Am,,Aston Martin Racing,Aston Martin,
98,1,2,1:45.245,0,,32.766,0,33.404,0,39.075,0,159.2,4:15.406,14:04:15.406,0:32.766,0:33.404,0:39.075,266.0,Paul DALLA LANA,,LMGTE Am,,Aston Martin Racing,Aston Martin,
98,1,3,1:42.598,0,,32.205,0,32.751,0,37.642,0,163.3,5:58.004,14:05:58.004,0:32.205,0:32.751,0:37.642,266.7,Paul DALLA LANA,,LMGTE Am,,Aston Martin Racing,Aston Martin,
98,1,4,1:44.040,0,,32.247,0,33.816,0,37.977,0,161.0,7:42.044,14:07:42.044,0:32.247,0:33.816,0:37.977,269.3,Paul DALLA LANA,,LMGTE Am,,Aston Martin Racing,Aston Martin,
98,1,5,1:42.941,0,,32.198,0,33.066,0,37.677,0,162.7,9:24.985,14:09:24.985,0:32.198,0:33.066,0:37.677,268.0,Paul DALLA LANA,,LMGTE Am,,Aston Martin Racing,Aston Martin,
98,1,6,1:43.443,0,,32.316,0,32.966,0,38.161,0,161.9,11:08.428,14:11:08.428,0:32.316,0:32.966,0:38.161,268.7,Paul DALLA LANA,,LMGTE Am,,Aston Martin Racing,Aston Martin,
98,1,7,1:43.714,0,,33.034,0,33.160,0,37.520,0,161.5,12:52.142,14:12:52.142,0:33.034,0:33.160,0:37.520,266.0,Paul DALLA LANA,,LMGTE Am,,Aston Martin Racing,Aston Martin,
98,1,8,1:51.257,0,B,32.424,0,33.094,0,45.739,0,150.6,14:43.399,14:14:43.399,0:32.424,0:33.094,0:45.739,266.7,Paul DALLA LANA,,LMGTE Am,,Aston Martin Racing,Aston Martin,
98,1,9,3:18.281,0,,2:07.914,0,32.803,0,37.564,0,84.5,18:01.680,14:18:01.680,2:07.914,0:32.803,0:37.564,,Paul DALLA LANA,0:01:31.980,LMGTE Am,,Aston Martin Racing,Aston Martin,
98,1,10,1:42.605,0,,32.398,0,32.922,0,37.285,0,163.3,19:44.285,14:19:44.285,0:32.398,0:32.922,0:37.285,266.0,Paul DALLA LANA,,LMGTE Am,,Aston Martin Racing,Aston Martin,
98,1,11,1:41.680,0,,32.111,1,32.367,1,37.202,1,164.7,21:25.965,14:21:25.965,0:32.111,0:32.367,0:37.202,266.0,Paul DALLA LANA,,LMGTE Am,,Aston Martin Racing,Aston Martin,
98,1,12,1:44.992,0,,32.576,0,33.543,0,38.873,0,159.5,23:10.957,14:23:10.957,0:32.576,0:33.543,0:38.873,269.3,Paul DALLA LANA,,LMGTE Am,,Aston Martin Racing,Aston Martin,
98,1,13,1:41.865,0,,32.147,0,32.467,0,37.251,0,164.4,24:52.822,14:24:52.822,0:32.147,0:32.467,0:37.251,268.7,Paul DALLA LANA,,LMGTE Am,,Aston Martin Racing,Aston Martin,
98,1,14,1:50.997,0,B,35.136,0,32.517,0,43.344,0,150.9,26:43.819,14:26:43.819,0:35.136,0:32.517,0:43.344,270.0,Paul DALLA LANA,,LMGTE Am,,Aston Martin Racing,Aston Martin,
98,1,15,6:23.701,0,,5:02.845,0,36.667,0,44.189,0,43.7,33:07.520,14:33:07.520,5:02.845,0:36.667,0:44.189,,Paul DALLA LANA,0:04:32.766,LMGTE Am,,Aston Martin Racing,Aston Martin,
98,1,16,1:44.757,0,,33.345,0,33.339,0,38.073,0,159.9,34:52.277,14:34:52.277,0:33.345,0:33.339,0:38.073,262.1,Paul DALLA LANA,,LMGTE Am,,Aston Martin Racing,Aston Martin,
98,1,17,1:43.040,0,,32.451,0,33.018,0,37.571,0,162.6,36:35.317,14:36:35.317,0:32.451,0:33.018,0:37.571,263.4,Paul DALLA LANA,,LMGTE Am,,Aston Martin Racing,Aston Martin,
98,1,18,1:43.026,0,,32.422,0,32.885,0,37.719,0,162.6,38:18.343,14:38:18.343,0:32.422,0:32.885,0:37.719,262.8,Paul DALLA LANA,,LMGTE Am,,Aston Martin Racing,Aston Martin,
98,1,19,1:42.545,0,,32.395,0,32.538,0,37.612,0,163.4,40:00.888,14:40:00.888,0:32.395,0:32.538,0:37.612,263.4,Paul DALLA LANA,,LMGTE Am,,Aston Martin Racing,Aston Martin,
98,1,20,1:42.748,0,,32.357,0,32.580,0,37.811,0,163.0,41:43.636,14:41:43.636,0:32.357,0:32.580,0:37.811,264.7,Paul DALLA LANA,,LMGTE Am,,Aston Martin Racing,Aston Martin,
98,1,21,1:42.733,0,,32.459,0,32.896,0,37.378,0,163.1,43:26.369,14:43:26.369,0:32.459,0:32.896,0:37.378,266.0,Paul DALLA LANA,,LMGTE Am,,Aston Martin Racing,Aston Martin,
98,1,22,1:48.614,0,B,32.303,0,32.804,0,43.507,0,154.2,45:14.983,14:45:14.983,0:32.303,0:32.804,0:43.507,266.0,Paul DALLA LANA,,LMGTE Am,,Aston Martin Racing,Aston Martin,
98,3,23,3:30.999,0,,2:14.728,0,37.359,0,38.912,0,79.4,48:45.982,14:48:45.982,2:14.728,0:37.359,0:38.912,,Marcos GOMES,0:01:41.959,LMGTE Am,,Aston Martin Racing,Aston Martin,
98,3,24,1:41.609,0,,32.193,0,32.468,0,36.948,0,164.9,50:27.591,14:50:27.591,0:32.193,0:32.468,0:36.948,265.4,Marcos GOMES,,LMGTE Am,,Aston Martin Racing,Aston Martin,
98,3,25,1:41.042,0,,31.881,0,32.214,0,36.947,0,165.8,52:08.633,14:52:08.633,0:31.881,0:32.214,0:36.947,267.3,Marcos GOMES,,LMGTE Am,,Aston Martin Racing,Aston Martin,
98,3,26,1:40.691,0,,31.767,0,32.127,0,36.797,0,166.4,53:49.324,14:53:49.324,0:31.767,0:32.127,0:36.797,269.3,Marcos GOMES,,LMGTE Am,,Aston Martin Racing,Aston Martin,
98,3,27,1:40.595,2,,31.736,2,32.076,2,36.783,0,166.5,55:29.919,14:55:29.919,0:31.736,0:32.076,0:36.783,267.3,Marcos GOMES,,LMGTE Am,,Aston Martin Racing,Aston Martin,
98,3,28,1:45.709,0,,32.225,0,34.596,0,38.888,0,158.5,57:15.628,14:57:15.628,0:32.225,0:34.596,0:38.888,267.3,Marcos GOMES,,LMGTE Am,,Aston Martin Racing,Aston Martin,
98,3,29,1:45.133,0,,33.510,0,33.941,0,37.682,0,159.3,59:00.761,14:59:00.761,0:33.510,0:33.941,0:37.682,265.4,Marcos GOMES,,LMGTE Am,,Aston Martin Racing,Aston Martin,
98,3,30,1:41.067,0,,31.900,0,32.476,0,36.691,2,165.7,1:00:41.828,15:00:41.828,0:31.900,0:32.476,0:36.691,265.4,Marcos GOMES,,LMGTE Am,,Aston Martin Racing,Aston Martin,
