NUMBER, DRIVER_NUMBER, LAP_NUMBER, LAP_TIME, LAP_IMPROVEMENT, CROSSING_FINISH_LINE_IN_PIT, S1, S1_IMPROVEMENT, S2, S2_IMPROVEMENT, S3, S3_IMPROVEMENT, KPH, ELAPSED, HOUR,S1_LARGE,S2_LARGE,S3_LARGE,TOP_SPEED,DRIVER_NAME,PIT_TIME,CLASS,GROUP,TEAM,MANUFACTURER,FLAG_AT_FL,S1_SECONDS,S2_SECONDS,S3_SECONDS,
1,3,1,2:14.478,0,B,48.470,0,45.452,0,40.556,0,138.2,2:14.478,12:17:14.478,0:48.470,0:45.452,0:40.556,161.0,Charles MILESI,0:00:11.073,LMP2,,Richard Mille Racing Team,Oreca,GF,48.470,45.452,40.556,
1,3,2,4:30.242,0,,3:11.463,0,42.410,0,36.369,0,72.1,6:44.720,12:21:44.720,3:11.463,0:42.410,0:36.369,162.5,Charles MILESI,0:02:39.152,LMP2,,Richard Mille Racing Team,Oreca,GF,191.463,42.410,36.369,
1,3,3,1:52.774,0,,35.343,0,42.104,0,35.327,0,172.8,8:37.494,12:23:37.494,0:35.343,0:42.104,0:35.327,264.3,Charles MILESI,,LMP2,,Richard Mille Racing Team,Oreca,GF,35.343,42.104,35.327,
1,3,4,1:52.335,2,,35.199,2,41.993,2,35.143,2,173.4,10:29.829,12:25:29.829,0:35.199,0:41.993,0:35.143,275.7,Charles MILESI,,LMP2,,Richard Mille Racing Team,Oreca,GF,35.199,41.993,35.143,
1,3,5,3:41.271,0,B,39.987,0,1:33.109,0,1:28.175,0,88.1,14:11.100,12:29:11.100,0:39.987,1:33.109,1:28.175,276.4,Charles MILESI,,LMP2,,Richard Mille Racing Team,Oreca,FCY,39.987,93.109,88.175,
1,2,6,4:16.678,0,,2:56.562,0,43.599,0,36.517,0,75.9,18:27.778,12:33:27.778,2:56.562,0:43.599,0:36.517,169.6,Paul Loup CHATIN,0:02:23.434,LMP2,,Richard Mille Racing Team,Oreca,GF,176.562,43.599,36.517,
1,2,7,1:56.313,0,,36.371,0,43.344,0,36.598,0,167.5,20:24.091,12:35:24.091,0:36.371,0:43.344,0:36.598,264.9,Paul Loup CHATIN,,LMP2,,Richard Mille Racing Team,Oreca,GF,36.371,43.344,36.598,
1,2,8,1:54.541,0,,35.876,0,42.611,0,36.054,0,170.1,22:18.632,12:37:18.632,0:35.876,0:42.611,0:36.054,264.3,Paul Loup CHATIN,,LMP2,,Richard Mille Racing Team,Oreca,GF,35.876,42.611,36.054,
1,2,9,1:54.363,0,,35.795,0,42.605,0,35.963,0,170.4,24:12.995,12:39:12.995,0:35.795,0:42.605,0:35.963,262.4,Paul Loup CHATIN,,LMP2,,Richard Mille Racing Team,Oreca,GF,35.795,42.605,35.963,
1,2,10,3:16.809,0,B,35.517,1,1:14.025,0,1:27.267,0,99.0,27:29.804,12:42:29.804,0:35.517,1:14.025,1:27.267,279.3,Paul Loup CHATIN,,LMP2,,Richard Mille Racing Team,Oreca,FCY,35.517,74.025,87.267,
1,2,11,3:41.565,0,,2:22.352,0,43.124,0,36.089,0,87.9,31:11.369,12:46:11.369,2:22.352,0:43.124,0:36.089,70.8,Paul Loup CHATIN,0:01:36.866,LMP2,,Richard Mille Racing Team,Oreca,GF,142.352,43.124,36.089,
1,2,12,1:55.341,0,,35.796,0,43.507,0,36.038,0,168.9,33:06.710,12:48:06.710,0:35.796,0:43.507,0:36.038,280.7,Paul Loup CHATIN,,LMP2,,Richard Mille Racing Team,Oreca,GF,35.796,43.507,36.038,
1,2,13,1:54.630,0,,35.680,0,42.818,0,36.132,0,170.0,35:01.340,12:50:01.340,0:35.680,0:42.818,0:36.132,277.8,Paul Loup CHATIN,,LMP2,,Richard Mille Racing Team,Oreca,GF,35.680,42.818,36.132,
1,2,14,1:53.843,0,,35.618,0,42.346,1,35.879,1,171.1,36:55.183,12:51:55.183,0:35.618,0:42.346,0:35.879,277.8,Paul Loup CHATIN,,LMP2,,Richard Mille Racing Team,Oreca,GF,35.618,42.346,35.879,
1,2,15,1:54.925,0,,35.943,0,42.821,0,36.161,0,169.5,38:50.108,12:53:50.108,0:35.943,0:42.821,0:36.161,282.2,Paul Loup CHATIN,,LMP2,,Richard Mille Racing Team,Oreca,GF,35.943,42.821,36.161,
1,2,16,2:00.836,0,B,35.903,0,43.316,0,41.617,0,161.2,40:50.944,12:55:50.944,0:35.903,0:43.316,0:41.617,275.7,Paul Loup CHATIN,,LMP2,,Richard Mille Racing Team,Oreca,GF,35.903,43.316,41.617,
1,1,17,4:23.161,0,,3:01.440,0,44.713,0,37.008,0,74.0,45:14.105,13:00:14.105,3:01.440,0:44.713,0:37.008,161.7,Lilou WADOUX,0:02:27.515,LMP2,,Richard Mille Racing Team,Oreca,GF,181.440,44.713,37.008,
1,1,18,1:59.928,0,,37.828,0,44.732,0,37.368,0,162.5,47:14.033,13:02:14.033,0:37.828,0:44.732,0:37.368,226.2,Lilou WADOUX,,LMP2,,Richard Mille Racing Team,Oreca,GF,37.828,44.732,37.368,
1,1,19,1:58.188,0,,36.941,0,44.014,0,37.233,0,164.8,49:12.221,13:04:12.221,0:36.941,0:44.014,0:37.233,243.5,Lilou WADOUX,,LMP2,,Richard Mille Racing Team,Oreca,GF,36.941,44.014,37.233,
1,1,20,1:56.916,0,,36.385,1,43.834,0,36.697,1,166.6,51:09.137,13:06:09.137,0:36.385,0:43.834,0:36.697,256.8,Lilou WADOUX,,LMP2,,Richard Mille Racing Team,Oreca,GF,36.385,43.834,36.697,
1,1,21,1:56.931,0,,36.646,0,43.569,0,36.716,0,166.6,53:06.068,13:08:06.068,0:36.646,0:43.569,0:36.716,252.6,Lilou WADOUX,,LMP2,,Richard Mille Racing Team,Oreca,GF,36.646,43.569,36.716,
1,1,22,1:56.743,0,,36.471,0,43.565,0,36.707,0,166.9,55:02.811,13:10:02.811,0:36.471,0:43.565,0:36.707,258.0,Lilou WADOUX,,LMP2,,Richard Mille Racing Team,Oreca,GF,36.471,43.565,36.707,
1,1,23,1:57.683,0,,36.420,0,44.053,0,37.210,0,165.6,57:00.494,13:12:00.494,0:36.420,0:44.053,0:37.210,271.6,Lilou WADOUX,,LMP2,,Richard Mille Racing Team,Oreca,GF,36.420,44.053,37.210,
1,1,24,1:57.968,0,,36.774,0,44.098,0,37.096,0,165.2,58:58.462,13:13:58.462,0:36.774,0:44.098,0:37.096,247.4,Lilou WADOUX,,LMP2,,Richard Mille Racing Team,Oreca,GF,36.774,44.098,37.096,
1,1,25,1:57.379,0,,36.495,0,43.730,0,37.154,0,166.0,1:00:55.841,13:15:55.841,0:36.495,0:43.730,0:37.154,258.0,Lilou WADOUX,,LMP2,,Richard Mille Racing Team,Oreca,GF,36.495,43.730,37.154,
1,1,26,1:58.152,0,,36.737,0,44.185,0,37.230,0,164.9,1:02:53.993,13:17:53.993,0:36.737,0:44.185,0:37.230,261.7,Lilou WADOUX,,LMP2,,Richard Mille Racing Team,Oreca,GF,36.737,44.185,37.230,
1,1,27,1:57.477,0,,36.741,0,43.474,1,37.262,0,165.8,1:04:51.470,13:19:51.470,0:36.741,0:43.474,0:37.262,250.3,Lilou WADOUX,,LMP2,,Richard Mille Racing Team,Oreca,GF,36.741,43.474,37.262,
1,1,28,1:57.968,0,,36.779,0,44.144,0,37.045,0,165.2,1:06:49.438,13:21:49.438,0:36.779,0:44.144,0:37.045,243.5,Lilou WADOUX,,LMP2,,Richard Mille Racing Team,Oreca,GF,36.779,44.144,37.045,
1,1,29,1:57.811,0,,36.477,0,43.841,0,37.493,0,165.4,1:08:47.249,13:23:47.249,0:36.477,0:43.841,0:37.493,269.6,Lilou WADOUX,,LMP2,,Richard Mille Racing Team,Oreca,GF,36.477,43.841,37.493,
1,1,30,2:01.707,0,B,36.690,0,44.095,0,40.922,0,160.1,1:10:48.956,13:25:48.956,0:36.690,0:44.095,0:40.922,261.7,Lilou WADOUX,,LMP2,,Richard Mille Racing Team,Oreca,GF,36.690,44.095,40.922,
1,3,31,4:52.004,0,,3:30.862,0,44.127,0,37.015,0,66.7,1:15:40.960,13:30:40.960,3:30.862,0:44.127,0:37.015,172.8,Charles MILESI,0:02:58.317,LMP2,,Richard Mille Racing Team,Oreca,GF,210.862,44.127,37.015,
1,3,32,1:57.735,0,,36.487,0,44.067,0,37.181,0,165.5,1:17:38.695,13:32:38.695,0:36.487,0:44.067,0:37.181,267.6,Charles MILESI,,LMP2,,Richard Mille Racing Team,Oreca,GF,36.487,44.067,37.181,
1,3,33,1:57.823,0,,36.428,0,43.923,0,37.472,0,165.4,1:19:36.518,13:34:36.518,0:36.428,0:43.923,0:37.472,264.3,Charles MILESI,,LMP2,,Richard Mille Racing Team,Oreca,GF,36.428,43.923,37.472,
1,3,34,2:12.327,0,,36.131,0,55.425,0,40.771,0,147.2,1:21:48.845,13:36:48.845,0:36.131,0:55.425,0:40.771,268.2,Charles MILESI,,LMP2,,Richard Mille Racing Team,Oreca,GF,36.131,55.425,40.771,
1,3,35,1:56.177,0,,36.017,0,43.638,0,36.522,0,167.7,1:23:45.022,13:38:45.022,0:36.017,0:43.638,0:36.522,270.9,Charles MILESI,,LMP2,,Richard Mille Racing Team,Oreca,GF,36.017,43.638,36.522,
1,3,36,1:57.365,0,,36.228,0,44.396,0,36.741,0,166.0,1:25:42.387,13:40:42.387,0:36.228,0:44.396,0:36.741,260.5,Charles MILESI,,LMP2,,Richard Mille Racing Team,Oreca,GF,36.228,44.396,36.741,
1,3,37,2:02.105,0,B,36.356,0,44.147,0,41.602,0,159.6,1:27:44.492,13:42:44.492,0:36.356,0:44.147,0:41.602,262.4,Charles MILESI,,LMP2,,Richard Mille Racing Team,Oreca,GF,36.356,44.147,41.602,
10,2,1,4:09.010,0,B,2:38.365,0,46.848,0,43.797,0,74.6,4:09.010,12:19:09.010,2:38.365,0:46.848,0:43.797,117.8,Ryan CULLEN,0:01:56.971,LMP2,,Vector Sport,Oreca,GF,158.365,46.848,43.797,
10,2,2,4:23.487,0,,3:03.650,0,43.712,0,36.125,0,73.9,8:32.497,12:23:32.497,3:03.650,0:43.712,0:36.125,145.8,Ryan CULLEN,0:02:29.240,LMP2,,Vector Sport,Oreca,GF,183.650,43.712,36.125,
10,2,3,1:54.683,0,,36.161,0,42.561,2,35.961,2,169.9,10:27.180,12:25:27.180,0:36.161,0:42.561,0:35.961,249.1,Ryan CULLEN,,LMP2,,Vector Sport,Oreca,GF,36.161,42.561,35.961,
10,2,4,3:20.086,0,,37.007,0,1:21.635,0,1:21.444,0,97.4,13:47.266,12:28:47.266,0:37.007,1:21.635,1:21.444,258.0,Ryan CULLEN,,LMP2,,Vector Sport,Oreca,FCY,37.007,81.635,81.444,
10,2,5,3:01.208,0,,1:21.354,0,1:01.389,0,38.465,0,107.5,16:48.474,12:31:48.474,1:21.354,1:01.389,0:38.465,80.3,Ryan CULLEN,,LMP2,,Vector Sport,Oreca,GF,81.354,61.389,38.465,
10,2,6,1:54.542,2,,35.790,0,42.763,0,35.989,0,170.1,18:43.016,12:33:43.016,0:35.790,0:42.763,0:35.989,248.0,Ryan CULLEN,,LMP2,,Vector Sport,Oreca,GF,35.790,42.763,35.989,
10,2,7,1:55.828,0,,35.754,2,42.562,0,37.512,0,168.2,20:38.844,12:35:38.844,0:35.754,0:42.562,0:37.512,248.5,Ryan CULLEN,,LMP2,,Vector Sport,Oreca,GF,35.754,42.562,37.512,
10,2,8,2:01.639,0,B,36.258,0,43.877,0,41.504,0,160.2,22:40.483,12:37:40.483,0:36.258,0:43.877,0:41.504,266.2,Ryan CULLEN,,LMP2,,Vector Sport,Oreca,GF,36.258,43.877,41.504,
10,2,9,6:52.532,0,,4:10.136,0,1:21.371,0,1:21.025,0,47.2,29:33.015,12:44:33.015,4:10.136,1:21.371,1:21.025,79.9,Ryan CULLEN,0:03:09.687,LMP2,,Vector Sport,Oreca,GF,250.136,81.371,81.025,
10,2,10,1:59.543,0,,39.959,0,43.285,0,36.299,0,163.0,31:32.558,12:46:32.558,0:39.959,0:43.285,0:36.299,194.2,Ryan CULLEN,,LMP2,,Vector Sport,Oreca,GF,39.959,43.285,36.299,
10,2,11,1:54.826,0,,35.978,0,42.771,0,36.077,0,169.7,33:27.384,12:48:27.384,0:35.978,0:42.771,0:36.077,257.4,Ryan CULLEN,,LMP2,,Vector Sport,Oreca,GF,35.978,42.771,36.077,
10,2,12,1:55.538,0,,36.045,0,43.054,0,36.439,0,168.6,35:22.922,12:50:22.922,0:36.045,0:43.054,0:36.439,258.0,Ryan CULLEN,,LMP2,,Vector Sport,Oreca,GF,36.045,43.054,36.439,
10,2,13,1:56.323,0,,36.201,0,43.571,0,36.551,0,167.5,37:19.245,12:52:19.245,0:36.201,0:43.571,0:36.551,255.6,Ryan CULLEN,,LMP2,,Vector Sport,Oreca,GF,36.201,43.571,36.551,
10,2,14,1:55.754,0,,36.302,0,43.058,0,36.394,0,168.3,39:14.999,12:54:14.999,0:36.302,0:43.058,0:36.394,268.9,Ryan CULLEN,,LMP2,,Vector Sport,Oreca,GF,36.302,43.058,36.394,
10,2,15,2:00.660,0,B,36.268,0,43.067,0,41.325,0,161.5,41:15.659,12:56:15.659,0:36.268,0:43.067,0:41.325,263.6,Ryan CULLEN,,LMP2,,Vector Sport,Oreca,GF,36.268,43.067,41.325,
10,2,16,3:56.955,0,,2:36.992,0,43.686,0,36.277,0,82.2,45:12.614,13:00:12.614,2:36.992,0:43.686,0:36.277,163.9,Ryan CULLEN,0:02:04.159,LMP2,,Vector Sport,Oreca,GF,156.992,43.686,36.277,
10,2,17,1:55.334,0,,36.055,0,43.102,0,36.177,0,168.9,47:07.948,13:02:07.948,0:36.055,0:43.102,0:36.177,262.4,Ryan CULLEN,,LMP2,,Vector Sport,Oreca,GF,36.055,43.102,36.177,
10,2,18,1:56.262,0,,36.278,0,43.659,0,36.325,0,167.6,49:04.210,13:04:04.210,0:36.278,0:43.659,0:36.325,263.6,Ryan CULLEN,,LMP2,,Vector Sport,Oreca,GF,36.278,43.659,36.325,
10,2,19,1:56.369,0,,36.526,0,43.440,0,36.403,0,167.4,51:00.579,13:06:00.579,0:36.526,0:43.440,0:36.403,249.1,Ryan CULLEN,,LMP2,,Vector Sport,Oreca,GF,36.526,43.440,36.403,
10,2,20,1:56.553,0,,36.708,0,43.258,0,36.587,0,167.2,52:57.132,13:07:57.132,0:36.708,0:43.258,0:36.587,259.2,Ryan CULLEN,,LMP2,,Vector Sport,Oreca,GF,36.708,43.258,36.587,
10,2,21,1:56.681,0,,36.270,0,43.938,0,36.473,0,167.0,54:53.813,13:09:53.813,0:36.270,0:43.938,0:36.473,241.3,Ryan CULLEN,,LMP2,,Vector Sport,Oreca,GF,36.270,43.938,36.473,
10,2,22,1:56.826,0,,36.352,0,43.653,0,36.821,0,166.8,56:50.639,13:11:50.639,0:36.352,0:43.653,0:36.821,250.3,Ryan CULLEN,,LMP2,,Vector Sport,Oreca,GF,36.352,43.653,36.821,
10,2,23,2:01.940,0,B,36.628,0,44.117,0,41.195,0,159.8,58:52.579,13:13:52.579,0:36.628,0:44.117,0:41.195,247.4,Ryan CULLEN,,LMP2,,Vector Sport,Oreca,GF,36.628,44.117,41.195,
10,1,24,4:07.146,0,,2:41.304,0,44.276,0,41.566,0,78.8,1:02:59.725,13:17:59.725,2:41.304,0:44.276,0:41.566,173.4,Renger VAN DER ZANDE,0:02:06.580,LMP2,,Vector Sport,Oreca,GF,161.304,44.276,41.566,
10,1,25,1:56.976,0,,36.615,0,43.267,0,37.094,0,166.6,1:04:56.701,13:19:56.701,0:36.615,0:43.267,0:37.094,262.4,Renger VAN DER ZANDE,,LMP2,,Vector Sport,Oreca,GF,36.615,43.267,37.094,
10,1,26,1:57.206,0,,36.547,0,43.467,0,37.192,0,166.2,1:06:53.907,13:21:53.907,0:36.547,0:43.467,0:37.192,262.4,Renger VAN DER ZANDE,,LMP2,,Vector Sport,Oreca,GF,36.547,43.467,37.192,
10,1,27,1:56.544,0,,36.576,0,43.301,0,36.667,0,167.2,1:08:50.451,13:23:50.451,0:36.576,0:43.301,0:36.667,254.4,Renger VAN DER ZANDE,,LMP2,,Vector Sport,Oreca,GF,36.576,43.301,36.667,
10,1,28,1:57.371,0,,36.582,0,43.358,0,37.431,0,166.0,1:10:47.822,13:25:47.822,0:36.582,0:43.358,0:37.431,252.0,Renger VAN DER ZANDE,,LMP2,,Vector Sport,Oreca,GF,36.582,43.358,37.431,
10,1,29,1:56.822,0,,36.656,0,43.526,0,36.640,0,166.8,1:12:44.644,13:27:44.644,0:36.656,0:43.526,0:36.640,251.4,Renger VAN DER ZANDE,,LMP2,,Vector Sport,Oreca,GF,36.656,43.526,36.640,
10,1,30,1:59.045,0,,36.384,0,43.631,0,39.030,0,163.7,1:14:43.689,13:29:43.689,0:36.384,0:43.631,0:39.030,261.7,Renger VAN DER ZANDE,,LMP2,,Vector Sport,Oreca,GF,36.384,43.631,39.030,
10,1,31,1:55.937,0,,36.297,0,43.137,1,36.503,1,168.0,1:16:39.626,13:31:39.626,0:36.297,0:43.137,0:36.503,256.8,Renger VAN DER ZANDE,,LMP2,,Vector Sport,Oreca,GF,36.297,43.137,36.503,
10,1,32,2:03.470,0,B,38.010,0,44.225,0,41.235,0,157.8,1:18:43.096,13:33:43.096,0:38.010,0:44.225,0:41.235,262.4,Renger VAN DER ZANDE,,LMP2,,Vector Sport,Oreca,GF,38.010,44.225,41.235,
10,1,33,3:30.339,0,,2:09.832,0,43.965,0,36.542,0,92.6,1:22:13.435,13:37:13.435,2:09.832,0:43.965,0:36.542,173.1,Renger VAN DER ZANDE,0:01:37.630,LMP2,,Vector Sport,Oreca,GF,129.832,43.965,36.542,
10,1,34,1:57.103,0,,36.842,0,43.658,0,36.603,0,166.4,1:24:10.538,13:39:10.538,0:36.842,0:43.658,0:36.603,228.6,Renger VAN DER ZANDE,,LMP2,,Vector Sport,Oreca,GF,36.842,43.658,36.603,
10,1,35,1:56.327,0,,36.250,1,43.515,0,36.562,0,167.5,1:26:06.865,13:41:06.865,0:36.250,0:43.515,0:36.562,268.9,Renger VAN DER ZANDE,,LMP2,,Vector Sport,Oreca,GF,36.250,43.515,36.562,
10,1,36,1:56.688,0,,36.324,0,43.827,0,36.537,0,167.0,1:28:03.553,13:43:03.553,0:36.324,0:43.827,0:36.537,265.6,Renger VAN DER ZANDE,,LMP2,,Vector Sport,Oreca,GF,36.324,43.827,36.537,
10,1,37,1:57.962,0,,36.694,0,44.199,0,37.069,0,165.2,1:30:01.515,13:45:01.515,0:36.694,0:44.199,0:37.069,254.4,Renger VAN DER ZANDE,,LMP2,,Vector Sport,Oreca,FF,36.694,44.199,37.069,
21,3,1,3:03.554,0,B,1:17.526,0,54.987,0,51.041,0,101.3,3:03.554,12:18:03.554,1:17.526,0:54.987,0:51.041,109.7,Toni VILANDER,0:00:31.677,LMGTE Am,,AF Corse,Ferrari,GF,77.526,54.987,51.041,
21,3,2,3:36.331,0,,2:12.100,0,45.530,0,38.701,0,90.1,6:39.885,12:21:39.885,2:12.100,0:45.530,0:38.701,155.9,Toni VILANDER,0:01:38.340,LMGTE Am,,AF Corse,Ferrari,GF,132.100,45.530,38.701,
21,3,3,2:00.912,0,,37.953,0,44.702,0,38.257,0,161.1,8:40.797,12:23:40.797,0:37.953,0:44.702,0:38.257,248.0,Toni VILANDER,,LMGTE Am,,AF Corse,Ferrari,GF,37.953,44.702,38.257,
21,3,4,2:00.437,0,,37.752,0,44.461,0,38.224,0,161.8,10:41.234,12:25:41.234,0:37.752,0:44.461,0:38.224,255.6,Toni VILANDER,,LMGTE Am,,AF Corse,Ferrari,GF,37.752,44.461,38.224,
21,3,5,3:37.509,0,,54.884,0,1:21.087,0,1:21.538,0,89.6,14:18.743,12:29:18.743,0:54.884,1:21.087,1:21.538,248.0,Toni VILANDER,,LMGTE Am,,AF Corse,Ferrari,FCY,54.884,81.087,81.538,
21,3,6,2:50.510,0,,1:20.528,0,49.024,0,40.958,0,114.3,17:09.253,12:32:09.253,1:20.528,0:49.024,0:40.958,79.6,Toni VILANDER,,LMGTE Am,,AF Corse,Ferrari,GF,80.528,49.024,40.958,
21,3,7,2:00.331,0,,37.752,0,44.388,0,38.191,0,161.9,19:09.584,12:34:09.584,0:37.752,0:44.388,0:38.191,245.7,Toni VILANDER,,LMGTE Am,,AF Corse,Ferrari,GF,37.752,44.388,38.191,
21,3,8,2:00.510,0,,37.792,0,44.541,0,38.177,0,161.7,21:10.094,12:36:10.094,0:37.792,0:44.541,0:38.177,253.8,Toni VILANDER,,LMGTE Am,,AF Corse,Ferrari,GF,37.792,44.541,38.177,
21,3,9,1:59.874,2,,37.554,2,44.228,0,38.092,2,162.5,23:09.968,12:38:09.968,0:37.554,0:44.228,0:38.092,256.2,Toni VILANDER,,LMGTE Am,,AF Corse,Ferrari,GF,37.554,44.228,38.092,
21,3,10,2:11.038,0,B,37.664,0,44.121,2,49.253,0,148.7,25:21.006,12:40:21.006,0:37.664,0:44.121,0:49.253,255.6,Toni VILANDER,,LMGTE Am,,AF Corse,Ferrari,FCY,37.664,44.121,49.253,
21,2,11,5:46.951,0,,4:18.369,0,48.946,0,39.636,0,56.2,31:07.957,12:46:07.957,4:18.369,0:48.946,0:39.636,79.4,Christoph ULRICH,0:03:19.397,LMGTE Am,,AF Corse,Ferrari,GF,258.369,48.946,39.636,
21,2,12,2:06.319,0,,38.955,0,47.298,0,40.066,0,154.2,33:14.276,12:48:14.276,0:38.955,0:47.298,0:40.066,248.5,Christoph ULRICH,,LMGTE Am,,AF Corse,Ferrari,GF,38.955,47.298,40.066,
21,2,13,2:05.637,0,,39.020,0,46.806,0,39.811,0,155.1,35:19.913,12:50:19.913,0:39.020,0:46.806,0:39.811,245.2,Christoph ULRICH,,LMGTE Am,,AF Corse,Ferrari,GF,39.020,46.806,39.811,
21,2,14,2:04.284,0,,38.613,0,46.251,0,39.420,0,156.8,37:24.197,12:52:24.197,0:38.613,0:46.251,0:39.420,251.4,Christoph ULRICH,,LMGTE Am,,AF Corse,Ferrari,GF,38.613,46.251,39.420,
21,2,15,2:04.809,0,,38.898,0,46.112,0,39.799,0,156.1,39:29.006,12:54:29.006,0:38.898,0:46.112,0:39.799,244.1,Christoph ULRICH,,LMGTE Am,,AF Corse,Ferrari,GF,38.898,46.112,39.799,
21,2,16,2:05.375,0,,39.352,0,46.367,0,39.656,0,155.4,41:34.381,12:56:34.381,0:39.352,0:46.367,0:39.656,238.7,Christoph ULRICH,,LMGTE Am,,AF Corse,Ferrari,GF,39.352,46.367,39.656,
21,2,17,2:03.288,0,,38.530,0,45.718,0,39.040,1,158.0,43:37.669,12:58:37.669,0:38.530,0:45.718,0:39.040,253.2,Christoph ULRICH,,LMGTE Am,,AF Corse,Ferrari,GF,38.530,45.718,39.040,
21,2,18,2:03.805,0,,38.633,0,45.748,0,39.424,0,157.4,45:41.474,13:00:41.474,0:38.633,0:45.748,0:39.424,254.4,Christoph ULRICH,,LMGTE Am,,AF Corse,Ferrari,GF,38.633,45.748,39.424,
21,2,19,2:03.308,0,,38.626,0,45.434,1,39.248,0,158.0,47:44.782,13:02:44.782,0:38.626,0:45.434,0:39.248,252.0,Christoph ULRICH,,LMGTE Am,,AF Corse,Ferrari,GF,38.626,45.434,39.248,
21,2,20,2:03.119,0,,38.384,1,45.660,0,39.075,0,158.2,49:47.901,13:04:47.901,0:38.384,0:45.660,0:39.075,253.2,Christoph ULRICH,,LMGTE Am,,AF Corse,Ferrari,GF,38.384,45.660,39.075,
21,2,21,2:05.026,0,,38.878,0,46.313,0,39.835,0,155.8,51:52.927,13:06:52.927,0:38.878,0:46.313,0:39.835,231.5,Christoph ULRICH,,LMGTE Am,,AF Corse,Ferrari,GF,38.878,46.313,39.835,
21,2,22,2:04.461,0,,38.863,0,46.155,0,39.443,0,156.5,53:57.388,13:08:57.388,0:38.863,0:46.155,0:39.443,230.1,Christoph ULRICH,,LMGTE Am,,AF Corse,Ferrari,GF,38.863,46.155,39.443,
21,2,23,2:05.967,0,,40.228,0,46.183,0,39.556,0,154.7,56:03.355,13:11:03.355,0:40.228,0:46.183,0:39.556,240.3,Christoph ULRICH,,LMGTE Am,,AF Corse,Ferrari,GF,40.228,46.183,39.556,
21,2,24,2:12.422,0,B,39.565,0,47.393,0,45.464,0,147.1,58:15.777,13:13:15.777,0:39.565,0:47.393,0:45.464,237.1,Christoph ULRICH,,LMGTE Am,,AF Corse,Ferrari,GF,39.565,47.393,45.464,
21,1,25,3:40.196,0,,2:12.332,0,46.698,0,41.166,0,88.5,1:01:55.973,13:16:55.973,2:12.332,0:46.698,0:41.166,139.3,Simon MANN,0:01:34.141,LMGTE Am,,AF Corse,Ferrari,GF,132.332,46.698,41.166,
21,1,26,2:07.312,0,,40.153,0,46.706,0,40.453,0,153.0,1:04:03.285,13:19:03.285,0:40.153,0:46.706,0:40.453,230.6,Simon MANN,,LMGTE Am,,AF Corse,Ferrari,GF,40.153,46.706,40.453,
21,1,27,2:04.355,0,,38.928,0,46.071,0,39.356,0,156.7,1:06:07.640,13:21:07.640,0:38.928,0:46.071,0:39.356,239.2,Simon MANN,,LMGTE Am,,AF Corse,Ferrari,GF,38.928,46.071,39.356,
21,1,28,2:03.992,0,,38.648,0,46.030,0,39.314,0,157.1,1:08:11.632,13:23:11.632,0:38.648,0:46.030,0:39.314,247.4,Simon MANN,,LMGTE Am,,AF Corse,Ferrari,GF,38.648,46.030,39.314,
21,1,29,2:03.853,0,,38.952,0,45.745,1,39.156,1,157.3,1:10:15.485,13:25:15.485,0:38.952,0:45.745,0:39.156,249.1,Simon MANN,,LMGTE Am,,AF Corse,Ferrari,GF,38.952,45.745,39.156,
21,1,30,2:03.512,0,,38.473,0,45.778,0,39.261,0,157.7,1:12:18.997,13:27:18.997,0:38.473,0:45.778,0:39.261,249.7,Simon MANN,,LMGTE Am,,AF Corse,Ferrari,GF,38.473,45.778,39.261,
21,1,31,2:03.949,0,,38.364,1,45.924,0,39.661,0,157.2,1:14:22.946,13:29:22.946,0:38.364,0:45.924,0:39.661,251.4,Simon MANN,,LMGTE Am,,AF Corse,Ferrari,GF,38.364,45.924,39.661,
21,1,32,2:04.374,0,,39.109,0,45.911,0,39.354,0,156.7,1:16:27.320,13:31:27.320,0:39.109,0:45.911,0:39.354,222.5,Simon MANN,,LMGTE Am,,AF Corse,Ferrari,GF,39.109,45.911,39.354,
21,1,33,2:10.316,0,B,39.110,0,46.713,0,44.493,0,149.5,1:18:37.636,13:33:37.636,0:39.110,0:46.713,0:44.493,241.9,Simon MANN,,LMGTE Am,,AF Corse,Ferrari,GF,39.110,46.713,44.493,
21,3,34,3:17.608,0,,1:52.024,0,45.914,0,39.670,0,98.6,1:21:55.244,13:36:55.244,1:52.024,0:45.914,0:39.670,158.2,Toni VILANDER,0:01:17.604,LMGTE Am,,AF Corse,Ferrari,GF,112.024,45.914,39.670,
21,3,35,2:02.766,0,,38.834,0,45.151,0,38.781,0,158.7,1:23:58.010,13:38:58.010,0:38.834,0:45.151,0:38.781,253.2,Toni VILANDER,,LMGTE Am,,AF Corse,Ferrari,GF,38.834,45.151,38.781,
21,3,36,2:07.482,0,B,38.662,0,45.571,0,43.249,0,152.8,1:26:05.492,13:41:05.492,0:38.662,0:45.571,0:43.249,252.0,Toni VILANDER,,LMGTE Am,,AF Corse,Ferrari,GF,38.662,45.571,43.249,
21,3,37,2:38.684,0,,1:13.382,0,46.086,0,39.216,0,122.8,1:28:44.176,13:43:44.176,1:13.382,0:46.086,0:39.216,157.5,Toni VILANDER,0:00:39.639,LMGTE Am,,AF Corse,Ferrari,GF,73.382,46.086,39.216,
21,3,38,2:02.730,0,,38.316,0,45.282,0,39.132,0,158.7,1:30:46.906,13:45:46.906,0:38.316,0:45.282,0:39.132,251.4,Toni VILANDER,,LMGTE Am,,AF Corse,Ferrari,FF,38.316,45.282,39.132,
22,2,1,3:51.641,0,,2:24.881,0,46.821,0,39.939,0,80.2,3:51.641,12:18:51.641,2:24.881,0:46.821,0:39.939,121.1,Filipe ALBUQUERQUE,0:01:46.034,LMP2,,United Autosports USA,Oreca,GF,144.881,46.821,39.939,
22,2,2,1:53.387,0,,35.583,0,42.028,2,35.776,0,171.8,5:45.028,12:20:45.028,0:35.583,0:42.028,0:35.776,254.4,Filipe ALBUQUERQUE,,LMP2,,United Autosports USA,Oreca,GF,35.583,42.028,35.776,
22,2,3,1:53.130,0,,35.387,0,42.392,0,35.351,2,172.2,7:38.158,12:22:38.158,0:35.387,0:42.392,0:35.351,261.7,Filipe ALBUQUERQUE,,LMP2,,United Autosports USA,Oreca,GF,35.387,42.392,35.351,
22,2,4,1:53.046,2,,35.261,2,42.214,0,35.571,0,172.3,9:31.204,12:24:31.204,0:35.261,0:42.214,0:35.571,255.0,Filipe ALBUQUERQUE,,LMP2,,United Autosports USA,Oreca,GF,35.261,42.214,35.571,
22,2,5,2:26.011,0,B,35.739,0,42.356,0,1:07.916,0,133.4,11:57.215,12:26:57.215,0:35.739,0:42.356,1:07.916,272.9,Filipe ALBUQUERQUE,,LMP2,,United Autosports USA,Oreca,FCY,35.739,42.356,67.916,
22,1,6,11:37.585,0,,10:18.053,0,43.281,0,36.251,0,27.9,23:34.800,12:38:34.800,10:18.053,0:43.281,0:36.251,127.3,Philip HANSON,0:09:43.719,LMP2,,United Autosports USA,Oreca,GF,618.053,43.281,36.251,
22,1,7,2:34.168,0,,36.904,0,43.596,0,1:13.668,0,126.4,26:08.968,12:41:08.968,0:36.904,0:43.596,1:13.668,243.0,Philip HANSON,,LMP2,,United Autosports USA,Oreca,FCY,36.904,43.596,73.668,
22,1,8,3:42.746,0,,1:20.678,0,1:20.935,0,1:01.133,0,87.5,29:51.714,12:44:51.714,1:20.678,1:20.935,1:01.133,80.6,Philip HANSON,,LMP2,,United Autosports USA,Oreca,GF,80.678,80.935,61.133,
22,1,9,1:56.207,0,,36.149,0,,0,,0,167.7,31:47.921,12:46:47.921,0:36.149,,,238.7,Philip HANSON,,LMP2,,United Autosports USA,Oreca,GF,36.149,,,
22,1,10,1:54.496,0,,35.768,0,42.624,1,36.104,1,170.2,33:42.417,12:48:42.417,0:35.768,0:42.624,0:36.104,263.0,Philip HANSON,,LMP2,,United Autosports USA,Oreca,GF,35.768,42.624,36.104,
22,1,11,1:54.972,0,,35.639,1,43.006,0,36.327,0,169.5,35:37.389,12:50:37.389,0:35.639,0:43.006,0:36.327,261.1,Philip HANSON,,LMP2,,United Autosports USA,Oreca,GF,35.639,43.006,36.327,
22,1,12,1:55.258,0,,35.898,0,42.632,0,36.728,0,169.0,37:32.647,12:52:32.647,0:35.898,0:42.632,0:36.728,267.6,Philip HANSON,,LMP2,,United Autosports USA,Oreca,GF,35.898,42.632,36.728,
22,1,13,1:54.831,0,,35.753,0,42.856,0,36.222,0,169.7,39:27.478,12:54:27.478,0:35.753,0:42.856,0:36.222,268.2,Philip HANSON,,LMP2,,United Autosports USA,Oreca,GF,35.753,42.856,36.222,
22,1,14,1:56.609,0,,37.016,0,43.257,0,36.336,0,167.1,41:24.087,12:56:24.087,0:37.016,0:43.257,0:36.336,259.2,Philip HANSON,,LMP2,,United Autosports USA,Oreca,GF,37.016,43.257,36.336,
22,1,15,1:55.951,0,,36.585,0,43.250,0,36.116,0,168.0,43:20.038,12:58:20.038,0:36.585,0:43.250,0:36.116,242.4,Philip HANSON,,LMP2,,United Autosports USA,Oreca,GF,36.585,43.250,36.116,
22,1,16,1:54.901,0,,35.870,0,42.834,0,36.197,0,169.6,45:14.939,13:00:14.939,0:35.870,0:42.834,0:36.197,269.6,Philip HANSON,,LMP2,,United Autosports USA,Oreca,GF,35.870,42.834,36.197,
22,1,17,1:55.498,0,,36.337,0,42.925,0,36.236,0,168.7,47:10.437,13:02:10.437,0:36.337,0:42.925,0:36.236,261.7,Philip HANSON,,LMP2,,United Autosports USA,Oreca,GF,36.337,42.925,36.236,
22,1,18,1:56.136,0,,36.361,0,43.548,0,36.227,0,167.8,49:06.573,13:04:06.573,0:36.361,0:43.548,0:36.227,247.4,Philip HANSON,,LMP2,,United Autosports USA,Oreca,GF,36.361,43.548,36.227,
22,1,19,1:55.959,0,,36.126,0,43.005,0,36.828,0,168.0,51:02.532,13:06:02.532,0:36.126,0:43.005,0:36.828,266.9,Philip HANSON,,LMP2,,United Autosports USA,Oreca,GF,36.126,43.005,36.828,
22,1,20,1:55.983,0,,36.031,0,43.404,0,36.548,0,168.0,52:58.515,13:07:58.515,0:36.031,0:43.404,0:36.548,264.3,Philip HANSON,,LMP2,,United Autosports USA,Oreca,GF,36.031,43.404,36.548,
22,1,21,1:56.630,0,,36.245,0,43.969,0,36.416,0,167.1,54:55.145,13:09:55.145,0:36.245,0:43.969,0:36.416,255.6,Philip HANSON,,LMP2,,United Autosports USA,Oreca,GF,36.245,43.969,36.416,
22,1,22,1:56.060,0,,35.913,0,43.586,0,36.561,0,167.9,56:51.205,13:11:51.205,0:35.913,0:43.586,0:36.561,264.3,Philip HANSON,,LMP2,,United Autosports USA,Oreca,GF,35.913,43.586,36.561,
22,1,23,2:02.202,0,B,36.450,0,44.148,0,41.604,0,159.4,58:53.407,13:13:53.407,0:36.450,0:44.148,0:41.604,252.6,Philip HANSON,,LMP2,,United Autosports USA,Oreca,GF,36.450,44.148,41.604,
22,3,24,6:42.018,0,,5:20.003,0,44.409,0,37.606,0,48.5,1:05:35.425,13:20:35.425,5:20.003,0:44.409,0:37.606,143.3,William OWEN,0:04:45.671,LMP2,,United Autosports USA,Oreca,GF,320.003,44.409,37.606,
22,3,25,1:58.927,0,,36.990,0,44.822,0,37.115,0,163.8,1:07:34.352,13:22:34.352,0:36.990,0:44.822,0:37.115,233.5,William OWEN,,LMP2,,United Autosports USA,Oreca,GF,36.990,44.822,37.115,
22,3,26,1:57.942,0,,36.798,0,43.906,0,37.238,0,165.2,1:09:32.294,13:24:32.294,0:36.798,0:43.906,0:37.238,265.6,William OWEN,,LMP2,,United Autosports USA,Oreca,GF,36.798,43.906,37.238,
22,3,27,1:56.440,0,,36.472,0,43.485,0,36.483,1,167.3,1:11:28.734,13:26:28.734,0:36.472,0:43.485,0:36.483,266.2,William OWEN,,LMP2,,United Autosports USA,Oreca,GF,36.472,43.485,36.483,
22,3,28,1:57.036,0,,36.597,0,43.827,0,36.612,0,166.5,1:13:25.770,13:28:25.770,0:36.597,0:43.827,0:36.612,261.7,William OWEN,,LMP2,,United Autosports USA,Oreca,GF,36.597,43.827,36.612,
22,3,29,1:58.219,0,,37.775,0,43.749,0,36.695,0,164.8,1:15:23.989,13:30:23.989,0:37.775,0:43.749,0:36.695,277.1,William OWEN,,LMP2,,United Autosports USA,Oreca,GF,37.775,43.749,36.695,
22,3,30,1:59.032,0,,36.329,1,44.110,0,38.593,0,163.7,1:17:23.021,13:32:23.021,0:36.329,0:44.110,0:38.593,268.9,William OWEN,,LMP2,,United Autosports USA,Oreca,GF,36.329,44.110,38.593,
22,3,31,1:58.957,0,,37.232,0,44.664,0,37.061,0,163.8,1:19:21.978,13:34:21.978,0:37.232,0:44.664,0:37.061,245.2,William OWEN,,LMP2,,United Autosports USA,Oreca,GF,37.232,44.664,37.061,
22,3,32,1:56.809,0,,36.595,0,43.448,1,36.766,0,166.8,1:21:18.787,13:36:18.787,0:36.595,0:43.448,0:36.766,266.9,William OWEN,,LMP2,,United Autosports USA,Oreca,GF,36.595,43.448,36.766,
22,3,33,1:58.247,0,,36.658,0,43.660,0,37.929,0,164.8,1:23:17.034,13:38:17.034,0:36.658,0:43.660,0:37.929,273.6,William OWEN,,LMP2,,United Autosports USA,Oreca,GF,36.658,43.660,37.929,
22,3,34,1:58.332,0,,36.526,0,44.778,0,37.028,0,164.6,1:25:15.366,13:40:15.366,0:36.526,0:44.778,0:37.028,268.2,William OWEN,,LMP2,,United Autosports USA,Oreca,GF,36.526,44.778,37.028,
22,3,35,1:58.354,0,,36.633,0,44.100,0,37.621,0,164.6,1:27:13.720,13:42:13.720,0:36.633,0:44.100,0:37.621,265.6,William OWEN,,LMP2,,United Autosports USA,Oreca,GF,36.633,44.100,37.621,
22,3,36,1:57.760,0,,36.928,0,43.910,0,36.922,0,165.4,1:29:11.480,13:44:11.480,0:36.928,0:43.910,0:36.922,262.4,William OWEN,,LMP2,,United Autosports USA,Oreca,GF,36.928,43.910,36.922,
22,3,37,1:58.243,0,,36.666,0,44.051,0,37.526,0,164.8,1:31:09.723,13:46:09.723,0:36.666,0:44.051,0:37.526,252.6,William OWEN,,LMP2,,United Autosports USA,Oreca,FF,36.666,44.051,37.526,
23,1,1,3:44.775,0,,2:21.271,0,46.575,0,36.929,0,82.7,3:44.775,12:18:44.775,2:21.271,0:46.575,0:36.929,129.6,Alexander LYNN,0:01:40.593,LMP2,,United Autosports USA,Oreca,GF,141.271,46.575,36.929,
23,1,2,1:56.382,0,,36.427,0,42.695,0,37.260,0,167.4,5:41.157,12:20:41.157,0:36.427,0:42.695,0:37.260,223.0,Alexander LYNN,,LMP2,,United Autosports USA,Oreca,GF,36.427,42.695,37.260,
23,1,3,1:54.253,0,,35.824,0,42.721,0,35.708,0,170.5,7:35.410,12:22:35.410,0:35.824,0:42.721,0:35.708,234.0,Alexander LYNN,,LMP2,,United Autosports USA,Oreca,GF,35.824,42.721,35.708,
23,1,4,1:54.224,0,,35.788,0,42.139,2,36.297,0,170.6,9:29.634,12:24:29.634,0:35.788,0:42.139,0:36.297,228.6,Alexander LYNN,,LMP2,,United Autosports USA,Oreca,GF,35.788,42.139,36.297,
23,1,5,2:22.619,0,,35.652,2,42.260,0,1:04.707,0,136.6,11:52.253,12:26:52.253,0:35.652,0:42.260,1:04.707,248.0,Alexander LYNN,,LMP2,,United Autosports USA,Oreca,FCY,35.652,42.260,64.707,
23,1,6,4:03.841,0,,1:20.147,0,1:20.892,0,1:22.802,0,79.9,15:56.094,12:30:56.094,1:20.147,1:20.892,1:22.802,80.5,Alexander LYNN,,LMP2,,United Autosports USA,Oreca,GF,80.147,80.892,82.802,
23,1,7,1:54.124,2,,35.886,0,42.758,0,35.480,2,170.7,17:50.218,12:32:50.218,0:35.886,0:42.758,0:35.480,240.3,Alexander LYNN,,LMP2,,United Autosports USA,Oreca,GF,35.886,42.758,35.480,
23,1,8,1:54.271,0,,35.981,0,42.778,0,35.512,0,170.5,19:44.489,12:34:44.489,0:35.981,0:42.778,0:35.512,243.0,Alexander LYNN,,LMP2,,United Autosports USA,Oreca,GF,35.981,42.778,35.512,
23,1,9,1:54.294,0,,35.800,0,42.497,0,35.997,0,170.5,21:38.783,12:36:38.783,0:35.800,0:42.497,0:35.997,234.5,Alexander LYNN,,LMP2,,United Autosports USA,Oreca,GF,35.800,42.497,35.997,
23,1,10,1:59.330,0,B,36.151,0,42.595,0,40.584,0,163.3,23:38.113,12:38:38.113,0:36.151,0:42.595,0:40.584,238.2,Alexander LYNN,,LMP2,,United Autosports USA,Oreca,GF,36.151,42.595,40.584,
23,1,11,6:06.600,0,,3:29.216,0,1:21.675,0,1:15.709,0,53.1,29:44.713,12:44:44.713,3:29.216,1:21.675,1:15.709,80.4,Alexander LYNN,0:02:27.710,LMP2,,United Autosports USA,Oreca,GF,209.216,81.675,75.709,
23,1,12,1:54.614,0,,36.120,0,42.563,0,35.931,0,170.0,31:39.327,12:46:39.327,0:36.120,0:42.563,0:35.931,241.3,Alexander LYNN,,LMP2,,United Autosports USA,Oreca,GF,36.120,42.563,35.931,
23,1,13,1:54.562,0,,35.920,0,42.627,0,36.015,0,170.1,33:33.889,12:48:33.889,0:35.920,0:42.627,0:36.015,241.3,Alexander LYNN,,LMP2,,United Autosports USA,Oreca,GF,35.920,42.627,36.015,
23,1,14,1:54.858,0,,35.753,0,42.551,0,36.554,0,169.6,35:28.747,12:50:28.747,0:35.753,0:42.551,0:36.554,252.0,Alexander LYNN,,LMP2,,United Autosports USA,Oreca,GF,35.753,42.551,36.554,
23,1,15,1:55.042,0,,35.894,0,42.598,0,36.550,0,169.4,37:23.789,12:52:23.789,0:35.894,0:42.598,0:36.550,250.8,Alexander LYNN,,LMP2,,United Autosports USA,Oreca,GF,35.894,42.598,36.550,
23,1,16,1:55.685,0,,36.165,0,42.824,0,36.696,0,168.4,39:19.474,12:54:19.474,0:36.165,0:42.824,0:36.696,244.1,Alexander LYNN,,LMP2,,United Autosports USA,Oreca,GF,36.165,42.824,36.696,
23,1,17,1:54.629,0,,35.812,0,42.707,0,36.110,0,170.0,41:14.103,12:56:14.103,0:35.812,0:42.707,0:36.110,265.6,Alexander LYNN,,LMP2,,United Autosports USA,Oreca,GF,35.812,42.707,36.110,
23,1,18,1:59.233,0,B,35.783,0,42.809,0,40.641,0,163.4,43:13.336,12:58:13.336,0:35.783,0:42.809,0:40.641,263.0,Alexander LYNN,,LMP2,,United Autosports USA,Oreca,GF,35.783,42.809,40.641,
23,3,19,3:46.442,0,,2:23.005,0,45.079,0,38.358,0,86.0,46:59.778,13:01:59.778,2:23.005,0:45.079,0:38.358,174.5,Joshua PIERSON,0:01:50.223,LMP2,,United Autosports USA,Oreca,GF,143.005,45.079,38.358,
23,3,20,1:58.629,0,,37.291,0,44.081,0,37.257,0,164.2,48:58.407,13:03:58.407,0:37.291,0:44.081,0:37.257,226.7,Joshua PIERSON,,LMP2,,United Autosports USA,Oreca,GF,37.291,44.081,37.257,
23,3,21,1:57.525,0,,37.026,0,43.526,1,36.973,0,165.8,50:55.932,13:05:55.932,0:37.026,0:43.526,0:36.973,265.6,Joshua PIERSON,,LMP2,,United Autosports USA,Oreca,GF,37.026,43.526,36.973,
23,3,22,1:58.944,0,,36.451,0,44.427,0,38.066,0,163.8,52:54.876,13:07:54.876,0:36.451,0:44.427,0:38.066,260.5,Joshua PIERSON,,LMP2,,United Autosports USA,Oreca,GF,36.451,44.427,38.066,
23,3,23,1:57.970,0,,36.784,0,44.273,0,36.913,0,165.2,54:52.846,13:09:52.846,0:36.784,0:44.273,0:36.913,266.9,Joshua PIERSON,,LMP2,,United Autosports USA,Oreca,GF,36.784,44.273,36.913,
23,3,24,1:57.426,0,,36.274,0,44.156,0,36.996,0,165.9,56:50.272,13:11:50.272,0:36.274,0:44.156,0:36.996,270.9,Joshua PIERSON,,LMP2,,United Autosports USA,Oreca,GF,36.274,44.156,36.996,
23,3,25,1:57.232,0,,36.564,0,43.909,0,36.759,0,166.2,58:47.504,13:13:47.504,0:36.564,0:43.909,0:36.759,265.6,Joshua PIERSON,,LMP2,,United Autosports USA,Oreca,GF,36.564,43.909,36.759,
23,3,26,2:03.351,0,B,36.619,0,44.347,0,42.385,0,157.9,1:00:50.855,13:15:50.855,0:36.619,0:44.347,0:42.385,249.1,Joshua PIERSON,,LMP2,,United Autosports USA,Oreca,GF,36.619,44.347,42.385,
23,2,27,3:45.785,0,,2:22.620,0,45.363,0,37.802,0,86.3,1:04:36.640,13:19:36.640,2:22.620,0:45.363,0:37.802,168.3,Oliver JARVIS,0:01:49.153,LMP2,,United Autosports USA,Oreca,GF,142.620,45.363,37.802,
23,2,28,1:57.487,0,,36.477,0,43.204,0,37.806,0,165.8,1:06:34.127,13:21:34.127,0:36.477,0:43.204,0:37.806,255.0,Oliver JARVIS,,LMP2,,United Autosports USA,Oreca,GF,36.477,43.204,37.806,
23,2,29,1:56.751,0,,36.525,0,43.188,0,37.038,0,166.9,1:08:30.878,13:23:30.878,0:36.525,0:43.188,0:37.038,269.6,Oliver JARVIS,,LMP2,,United Autosports USA,Oreca,GF,36.525,43.188,37.038,
23,2,30,1:56.527,0,,36.234,0,43.082,1,37.211,0,167.2,1:10:27.405,13:25:27.405,0:36.234,0:43.082,0:37.211,264.9,Oliver JARVIS,,LMP2,,United Autosports USA,Oreca,GF,36.234,43.082,37.211,
23,2,31,1:57.039,0,,36.443,0,43.303,0,37.293,0,166.5,1:12:24.444,13:27:24.444,0:36.443,0:43.303,0:37.293,252.6,Oliver JARVIS,,LMP2,,United Autosports USA,Oreca,GF,36.443,43.303,37.293,
23,2,32,1:57.206,0,,36.417,0,43.309,0,37.480,0,166.2,1:14:21.650,13:29:21.650,0:36.417,0:43.309,0:37.480,266.2,Oliver JARVIS,,LMP2,,United Autosports USA,Oreca,GF,36.417,43.309,37.480,
23,2,33,1:55.953,0,,36.172,1,43.153,0,36.628,1,168.0,1:16:17.603,13:31:17.603,0:36.172,0:43.153,0:36.628,268.9,Oliver JARVIS,,LMP2,,United Autosports USA,Oreca,GF,36.172,43.153,36.628,
23,2,34,2:01.461,0,B,36.191,0,44.134,0,41.136,0,160.4,1:18:19.064,13:33:19.064,0:36.191,0:44.134,0:41.136,253.2,Oliver JARVIS,,LMP2,,United Autosports USA,Oreca,GF,36.191,44.134,41.136,
23,3,35,3:14.754,0,,1:53.109,0,44.374,0,37.271,0,100.0,1:21:33.818,13:36:33.818,1:53.109,0:44.374,0:37.271,158.7,Joshua PIERSON,0:01:20.442,LMP2,,United Autosports USA,Oreca,GF,113.109,44.374,37.271,
23,3,36,1:58.258,0,,36.442,0,44.138,0,37.678,0,164.8,1:23:32.076,13:38:32.076,0:36.442,0:44.138,0:37.678,263.0,Joshua PIERSON,,LMP2,,United Autosports USA,Oreca,GF,36.442,44.138,37.678,
23,3,37,1:57.328,0,,36.275,0,43.956,0,37.097,0,166.1,1:25:29.404,13:40:29.404,0:36.275,0:43.956,0:37.097,268.2,Joshua PIERSON,,LMP2,,United Autosports USA,Oreca,GF,36.275,43.956,37.097,
23,3,38,1:57.950,0,,36.834,0,44.397,0,36.719,0,165.2,1:27:27.354,13:42:27.354,0:36.834,0:44.397,0:36.719,253.8,Joshua PIERSON,,LMP2,,United Autosports USA,Oreca,GF,36.834,44.397,36.719,
23,3,39,1:56.718,0,,36.249,1,43.793,0,36.676,1,166.9,1:29:24.072,13:44:24.072,0:36.249,0:43.793,0:36.676,257.4,Joshua PIERSON,,LMP2,,United Autosports USA,Oreca,GF,36.249,43.793,36.676,
23,3,40,2:59.762,0,B,36.313,0,44.089,0,1:39.360,0,108.4,1:32:23.834,13:47:23.834,0:36.313,0:44.089,1:39.360,261.7,Joshua PIERSON,,LMP2,,United Autosports USA,Oreca,FF,36.313,44.089,99.360,
28,1,1,2:26.427,0,,1:01.799,0,47.825,0,36.803,0,126.9,2:26.427,12:17:26.427,1:01.799,0:47.825,0:36.803,137.9,Oliver RASMUSSEN,0:00:22.533,LMP2,,JOTA,Oreca,GF,61.799,47.825,36.803,
28,1,2,1:54.581,0,,36.335,0,42.726,0,35.520,0,170.0,4:21.008,12:19:21.008,0:36.335,0:42.726,0:35.520,245.2,Oliver RASMUSSEN,,LMP2,,JOTA,Oreca,GF,36.335,42.726,35.520,
28,1,3,1:53.512,2,,36.092,0,41.977,2,35.443,2,171.6,6:14.520,12:21:14.520,0:36.092,0:41.977,0:35.443,261.1,Oliver RASMUSSEN,,LMP2,,JOTA,Oreca,GF,36.092,41.977,35.443,
28,1,4,1:53.784,0,,35.840,0,42.312,0,35.632,0,171.2,8:08.304,12:23:08.304,0:35.840,0:42.312,0:35.632,239.7,Oliver RASMUSSEN,,LMP2,,JOTA,Oreca,GF,35.840,42.312,35.632,
28,1,5,1:54.566,0,,35.730,0,42.392,0,36.444,0,170.1,10:02.870,12:25:02.870,0:35.730,0:42.392,0:36.444,253.2,Oliver RASMUSSEN,,LMP2,,JOTA,Oreca,GF,35.730,42.392,36.444,
28,1,6,3:00.108,0,B,35.661,2,1:02.456,0,1:21.991,0,108.2,13:02.978,12:28:02.978,0:35.661,1:02.456,1:21.991,263.0,Oliver RASMUSSEN,,LMP2,,JOTA,Oreca,FCY,35.661,62.456,81.991,
28,2,7,10:48.463,0,,9:27.450,0,44.108,0,36.905,0,30.0,23:51.441,12:38:51.441,9:27.450,0:44.108,0:36.905,134.4,Edward JONES,0:08:52.665,LMP2,,JOTA,Oreca,GF,567.450,44.108,36.905,
28,2,8,2:53.743,0,,36.591,0,56.299,0,1:20.853,0,112.1,26:45.184,12:41:45.184,0:36.591,0:56.299,1:20.853,217.6,Edward JONES,,LMP2,,JOTA,Oreca,FCY,36.591,56.299,80.853,
28,2,9,3:23.225,0,,1:19.880,0,1:20.895,0,42.450,0,95.9,30:08.409,12:45:08.409,1:19.880,1:20.895,0:42.450,80.3,Edward JONES,,LMP2,,JOTA,Oreca,GF,79.880,80.895,42.450,
28,2,10,1:57.041,0,,36.777,0,43.855,0,36.409,0,166.5,32:05.450,12:47:05.450,0:36.777,0:43.855,0:36.409,214.6,Edward JONES,,LMP2,,JOTA,Oreca,GF,36.777,43.855,36.409,
28,2,11,1:55.066,0,,36.188,0,42.827,0,36.051,0,169.3,34:00.516,12:49:00.516,0:36.188,0:42.827,0:36.051,227.6,Edward JONES,,LMP2,,JOTA,Oreca,GF,36.188,42.827,36.051,
28,2,12,1:55.468,0,,36.049,0,43.402,0,36.017,0,168.7,35:55.984,12:50:55.984,0:36.049,0:43.402,0:36.017,242.4,Edward JONES,,LMP2,,JOTA,Oreca,GF,36.049,43.402,36.017,
28,2,13,1:55.407,0,,35.949,0,43.177,0,36.281,0,168.8,37:51.391,12:52:51.391,0:35.949,0:43.177,0:36.281,250.3,Edward JONES,,LMP2,,JOTA,Oreca,GF,35.949,43.177,36.281,
28,2,14,1:58.885,0,B,35.773,1,42.770,0,40.342,0,163.9,39:50.276,12:54:50.276,0:35.773,0:42.770,0:40.342,263.6,Edward JONES,,LMP2,,JOTA,Oreca,GF,35.773,42.770,40.342,
28,2,15,4:40.117,0,,3:18.926,0,44.551,0,36.640,0,69.6,44:30.393,12:59:30.393,3:18.926,0:44.551,0:36.640,177.9,Edward JONES,0:02:46.933,LMP2,,JOTA,Oreca,GF,198.926,44.551,36.640,
28,2,16,1:54.988,0,,36.127,0,42.656,0,36.205,0,169.4,46:25.381,13:01:25.381,0:36.127,0:42.656,0:36.205,250.8,Edward JONES,,LMP2,,JOTA,Oreca,GF,36.127,42.656,36.205,
28,2,17,1:54.415,0,,36.012,0,42.580,1,35.823,1,170.3,48:19.796,13:03:19.796,0:36.012,0:42.580,0:35.823,251.4,Edward JONES,,LMP2,,JOTA,Oreca,GF,36.012,42.580,35.823,
28,2,18,1:59.062,0,B,35.831,0,43.032,0,40.199,0,163.6,50:18.858,13:05:18.858,0:35.831,0:43.032,0:40.199,256.8,Edward JONES,,LMP2,,JOTA,Oreca,GF,35.831,43.032,40.199,
28,3,19,3:50.170,0,,2:29.105,0,44.168,0,36.897,0,84.6,54:09.028,13:09:09.028,2:29.105,0:44.168,0:36.897,158.9,Jonathan ABERDEIN,0:01:55.110,LMP2,,JOTA,Oreca,GF,149.105,44.168,36.897,
28,3,20,1:56.365,0,,36.530,0,43.301,0,36.534,0,167.4,56:05.393,13:11:05.393,0:36.530,0:43.301,0:36.534,235.6,Jonathan ABERDEIN,,LMP2,,JOTA,Oreca,GF,36.530,43.301,36.534,
28,3,21,1:56.887,0,,36.407,0,43.392,0,37.088,0,166.7,58:02.280,13:13:02.280,0:36.407,0:43.392,0:37.088,250.3,Jonathan ABERDEIN,,LMP2,,JOTA,Oreca,GF,36.407,43.392,37.088,
28,3,22,1:57.929,0,,36.410,0,43.679,0,37.840,0,165.2,1:00:00.209,13:15:00.209,0:36.410,0:43.679,0:37.840,233.0,Jonathan ABERDEIN,,LMP2,,JOTA,Oreca,GF,36.410,43.679,37.840,
28,3,23,1:55.644,0,,36.124,0,43.048,0,36.472,0,168.5,1:01:55.853,13:16:55.853,0:36.124,0:43.048,0:36.472,266.2,Jonathan ABERDEIN,,LMP2,,JOTA,Oreca,GF,36.124,43.048,36.472,
28,3,24,2:00.463,0,B,36.034,0,42.924,1,41.505,0,161.7,1:03:56.316,13:18:56.316,0:36.034,0:42.924,0:41.505,261.1,Jonathan ABERDEIN,,LMP2,,JOTA,Oreca,GF,36.034,42.924,41.505,
28,3,25,6:34.499,0,,5:14.052,0,43.657,0,36.790,0,49.4,1:10:30.815,13:25:30.815,5:14.052,0:43.657,0:36.790,166.2,Jonathan ABERDEIN,0:04:41.014,LMP2,,JOTA,Oreca,GF,314.052,43.657,36.790,
28,3,26,1:55.525,0,,35.953,0,43.320,0,36.252,1,168.6,1:12:26.340,13:27:26.340,0:35.953,0:43.320,0:36.252,261.7,Jonathan ABERDEIN,,LMP2,,JOTA,Oreca,GF,35.953,43.320,36.252,
28,3,27,1:56.183,0,,36.147,0,43.063,0,36.973,0,167.7,1:14:22.523,13:29:22.523,0:36.147,0:43.063,0:36.973,256.8,Jonathan ABERDEIN,,LMP2,,JOTA,Oreca,GF,36.147,43.063,36.973,
28,3,28,2:00.270,0,B,35.950,1,43.403,0,40.917,0,162.0,1:16:22.793,13:31:22.793,0:35.950,0:43.403,0:40.917,264.3,Jonathan ABERDEIN,,LMP2,,JOTA,Oreca,GF,35.950,43.403,40.917,
28,1,29,6:12.272,0,,4:51.648,0,43.601,0,37.023,0,52.3,1:22:35.065,13:37:35.065,4:51.648,0:43.601,0:37.023,175.3,Oliver RASMUSSEN,0:04:18.324,LMP2,,JOTA,Oreca,GF,291.648,43.601,37.023,
28,1,30,1:58.144,0,,36.728,0,44.232,0,37.184,0,164.9,1:24:33.209,13:39:33.209,0:36.728,0:44.232,0:37.184,252.0,Oliver RASMUSSEN,,LMP2,,JOTA,Oreca,GF,36.728,44.232,37.184,
28,1,31,1:57.098,0,,36.556,0,43.761,0,36.781,0,166.4,1:26:30.307,13:41:30.307,0:36.556,0:43.761,0:36.781,249.7,Oliver RASMUSSEN,,LMP2,,JOTA,Oreca,GF,36.556,43.761,36.781,
28,1,32,1:57.610,0,,36.793,0,43.547,0,37.270,0,165.7,1:28:27.917,13:43:27.917,0:36.793,0:43.547,0:37.270,243.0,Oliver RASMUSSEN,,LMP2,,JOTA,Oreca,GF,36.793,43.547,37.270,
28,1,33,1:56.955,0,,36.636,0,43.876,0,36.443,0,166.6,1:30:24.872,13:45:24.872,0:36.636,0:43.876,0:36.443,260.5,Oliver RASMUSSEN,,LMP2,,JOTA,Oreca,FF,36.636,43.876,36.443,
31,2,1,6:17.260,0,,4:52.367,0,49.047,0,35.846,0,49.3,6:17.260,12:21:17.260,4:52.367,0:49.047,0:35.846,172.5,Robin FRIJNS,0:04:13.950,LMP2,,WRT,Oreca,GF,292.367,49.047,35.846,
31,2,2,1:56.007,0,,35.615,0,42.407,0,37.985,0,167.9,8:13.267,12:23:13.267,0:35.615,0:42.407,0:37.985,282.2,Robin FRIJNS,,LMP2,,WRT,Oreca,GF,35.615,42.407,37.985,
31,2,3,1:52.845,2,,35.122,2,42.254,2,35.469,2,172.7,10:06.112,12:25:06.112,0:35.122,0:42.254,0:35.469,274.3,Robin FRIJNS,,LMP2,,WRT,Oreca,GF,35.122,42.254,35.469,
31,2,4,3:01.218,0,B,35.640,0,1:04.210,0,1:21.368,0,107.5,13:07.330,12:28:07.330,0:35.640,1:04.210,1:21.368,257.4,Robin FRIJNS,,LMP2,,WRT,Oreca,FCY,35.640,64.210,81.368,
31,3,5,9:35.507,0,,8:16.055,0,42.830,0,36.622,1,33.9,22:42.837,12:37:42.837,8:16.055,0:42.830,0:36.622,171.5,René RAST,0:07:44.089,LMP2,,WRT,Oreca,GF,496.055,42.830,36.622,
31,3,6,1:58.046,0,B,35.745,1,42.476,1,39.825,0,165.0,24:40.883,12:39:40.883,0:35.745,0:42.476,0:39.825,275.7,René RAST,,LMP2,,WRT,Oreca,GF,35.745,42.476,39.825,
31,3,7,4:11.976,0,B,1:27.717,0,1:21.737,0,1:22.522,0,77.3,28:52.859,12:43:52.859,1:27.717,1:21.737,1:22.522,77.3,René RAST,0:00:26.609,LMP2,,WRT,Oreca,FCY,87.717,81.737,82.522,
31,3,8,18:45.623,0,B,17:20.234,0,44.683,0,40.706,0,17.3,47:38.482,13:02:38.482,17:20.234,0:44.683,0:40.706,166.2,René RAST,0:16:45.412,LMP2,,WRT,Oreca,GF,1040.234,44.683,40.706,
33,3,1,17:40.877,0,B,16:09.893,0,47.368,0,43.616,0,17.5,17:40.877,12:32:40.877,16:09.893,0:47.368,0:43.616,65.7,Marco SØRENSEN,0:15:19.948,LMGTE Am,,TF Sport,Aston Martin,GF,969.893,47.368,43.616,
33,3,2,4:07.989,0,,2:41.610,0,46.409,0,39.970,0,78.6,21:48.866,12:36:48.866,2:41.610,0:46.409,0:39.970,156.1,Marco SØRENSEN,0:02:06.685,LMGTE Am,,TF Sport,Aston Martin,GF,161.610,46.409,39.970,
33,3,3,2:03.740,0,,38.928,0,45.666,0,39.146,0,157.5,23:52.606,12:38:52.606,0:38.928,0:45.666,0:39.146,235.1,Marco SØRENSEN,,LMGTE Am,,TF Sport,Aston Martin,GF,38.928,45.666,39.146,
33,3,4,2:59.028,0,,38.628,0,59.138,0,1:21.262,0,108.8,26:51.634,12:41:51.634,0:38.628,0:59.138,1:21.262,246.3,Marco SØRENSEN,,LMGTE Am,,TF Sport,Aston Martin,FCY,38.628,59.138,81.262,
33,3,5,3:20.974,0,,1:20.067,0,1:20.647,0,40.260,0,96.9,30:12.608,12:45:12.608,1:20.067,1:20.647,0:40.260,80.0,Marco SØRENSEN,,LMGTE Am,,TF Sport,Aston Martin,GF,80.067,80.647,40.260,
33,3,6,2:03.113,0,,38.740,0,45.461,0,38.912,2,158.3,32:15.721,12:47:15.721,0:38.740,0:45.461,0:38.912,237.1,Marco SØRENSEN,,LMGTE Am,,TF Sport,Aston Martin,GF,38.740,45.461,38.912,
33,3,7,2:02.934,2,,38.776,0,45.221,2,38.937,0,158.5,34:18.655,12:49:18.655,0:38.776,0:45.221,0:38.937,230.1,Marco SØRENSEN,,LMGTE Am,,TF Sport,Aston Martin,GF,38.776,45.221,38.937,
33,3,8,2:06.891,0,B,38.340,2,45.582,0,42.969,0,153.5,36:25.546,12:51:25.546,0:38.340,0:45.582,0:42.969,248.5,Marco SØRENSEN,,LMGTE Am,,TF Sport,Aston Martin,GF,38.340,45.582,42.969,
33,1,9,3:50.084,0,,2:21.459,0,47.500,0,41.125,0,84.7,40:15.630,12:55:15.630,2:21.459,0:47.500,0:41.125,157.7,Ben KEATING,0:01:46.614,LMGTE Am,,TF Sport,Aston Martin,GF,141.459,47.500,41.125,
33,1,10,2:06.491,0,,39.059,0,47.331,0,40.101,0,154.0,42:22.121,12:57:22.121,0:39.059,0:47.331,0:40.101,242.4,Ben KEATING,,LMGTE Am,,TF Sport,Aston Martin,GF,39.059,47.331,40.101,
33,1,11,2:06.690,0,,39.659,0,47.064,0,39.967,0,153.8,44:28.811,12:59:28.811,0:39.659,0:47.064,0:39.967,251.4,Ben KEATING,,LMGTE Am,,TF Sport,Aston Martin,GF,39.659,47.064,39.967,
33,1,12,2:05.260,0,,38.974,1,46.425,0,39.861,0,155.5,46:34.071,13:01:34.071,0:38.974,0:46.425,0:39.861,248.0,Ben KEATING,,LMGTE Am,,TF Sport,Aston Martin,GF,38.974,46.425,39.861,
33,1,13,2:05.099,0,,38.998,0,46.293,0,39.808,1,155.7,48:39.170,13:03:39.170,0:38.998,0:46.293,0:39.808,251.4,Ben KEATING,,LMGTE Am,,TF Sport,Aston Martin,GF,38.998,46.293,39.808,
33,1,14,2:05.994,0,,39.192,0,46.106,1,40.696,0,154.6,50:45.164,13:05:45.164,0:39.192,0:46.106,0:40.696,247.4,Ben KEATING,,LMGTE Am,,TF Sport,Aston Martin,GF,39.192,46.106,40.696,
33,1,15,2:06.510,0,,39.673,0,46.709,0,40.128,0,154.0,52:51.674,13:07:51.674,0:39.673,0:46.709,0:40.128,235.1,Ben KEATING,,LMGTE Am,,TF Sport,Aston Martin,GF,39.673,46.709,40.128,
33,1,16,2:14.092,0,B,39.703,0,47.244,0,47.145,0,145.3,55:05.766,13:10:05.766,0:39.703,0:47.244,0:47.145,234.5,Ben KEATING,,LMGTE Am,,TF Sport,Aston Martin,GF,39.703,47.244,47.145,
33,2,17,6:11.044,0,,4:43.499,0,47.487,0,40.058,0,52.5,1:01:16.810,13:16:16.810,4:43.499,0:47.487,0:40.058,147.2,Henrique CHAVES,0:04:08.054,LMGTE Am,,TF Sport,Aston Martin,GF,283.499,47.487,40.058,
33,2,18,2:04.372,0,,39.058,0,46.003,0,39.311,1,156.7,1:03:21.182,13:18:21.182,0:39.058,0:46.003,0:39.311,216.7,Henrique CHAVES,,LMGTE Am,,TF Sport,Aston Martin,GF,39.058,46.003,39.311,
33,2,19,2:04.724,0,,39.193,0,46.217,0,39.314,0,156.2,1:05:25.906,13:20:25.906,0:39.193,0:46.217,0:39.314,216.7,Henrique CHAVES,,LMGTE Am,,TF Sport,Aston Martin,GF,39.193,46.217,39.314,
33,2,20,2:04.307,0,,39.068,0,45.834,1,39.405,0,156.7,1:07:30.213,13:22:30.213,0:39.068,0:45.834,0:39.405,233.5,Henrique CHAVES,,LMGTE Am,,TF Sport,Aston Martin,GF,39.068,45.834,39.405,
33,2,21,2:04.902,0,,39.003,0,46.427,0,39.472,0,156.0,1:09:35.115,13:24:35.115,0:39.003,0:46.427,0:39.472,233.0,Henrique CHAVES,,LMGTE Am,,TF Sport,Aston Martin,GF,39.003,46.427,39.472,
33,2,22,2:04.850,0,,38.876,1,46.258,0,39.716,0,156.1,1:11:39.965,13:26:39.965,0:38.876,0:46.258,0:39.716,237.6,Henrique CHAVES,,LMGTE Am,,TF Sport,Aston Martin,GF,38.876,46.258,39.716,
33,2,23,2:04.562,0,,38.995,0,46.116,0,39.451,0,156.4,1:13:44.527,13:28:44.527,0:38.995,0:46.116,0:39.451,236.6,Henrique CHAVES,,LMGTE Am,,TF Sport,Aston Martin,GF,38.995,46.116,39.451,
33,2,24,2:09.723,0,B,39.081,0,46.712,0,43.930,0,150.2,1:15:54.250,13:30:54.250,0:39.081,0:46.712,0:43.930,238.7,Henrique CHAVES,,LMGTE Am,,TF Sport,Aston Martin,GF,39.081,46.712,43.930,
33,3,25,6:28.331,0,,4:57.557,0,50.416,0,40.358,0,50.2,1:22:22.581,13:37:22.581,4:57.557,0:50.416,0:40.358,127.8,Marco SØRENSEN,0:04:19.672,LMGTE Am,,TF Sport,Aston Martin,GF,297.557,50.416,40.358,
33,3,26,2:07.022,0,,40.169,0,46.794,0,40.059,0,153.4,1:24:29.603,13:39:29.603,0:40.169,0:46.794,0:40.059,191.1,Marco SØRENSEN,,LMGTE Am,,TF Sport,Aston Martin,GF,40.169,46.794,40.059,
33,3,27,2:05.758,0,,39.063,0,46.761,0,39.934,0,154.9,1:26:35.361,13:41:35.361,0:39.063,0:46.761,0:39.934,232.5,Marco SØRENSEN,,LMGTE Am,,TF Sport,Aston Martin,GF,39.063,46.761,39.934,
33,3,28,2:08.683,0,B,39.087,0,46.108,0,43.488,0,151.4,1:28:44.044,13:43:44.044,0:39.087,0:46.108,0:43.488,245.7,Marco SØRENSEN,,LMGTE Am,,TF Sport,Aston Martin,GF,39.087,46.108,43.488,
34,2,1,7:13.201,0,,5:49.584,0,47.134,0,36.483,0,42.9,7:13.201,12:22:13.201,5:49.584,0:47.134,0:36.483,172.5,Alex BRUNDLE,0:05:08.883,LMP2,,Inter Europol Competition,Oreca,GF,349.584,47.134,36.483,
34,2,2,1:53.022,2,,35.485,2,42.147,2,35.390,2,172.4,9:06.223,12:24:06.223,0:35.485,0:42.147,0:35.390,259.2,Alex BRUNDLE,,LMP2,,Inter Europol Competition,Oreca,GF,35.485,42.147,35.390,
34,2,3,2:46.947,0,B,46.817,0,49.538,0,1:10.592,0,116.7,11:53.170,12:26:53.170,0:46.817,0:49.538,1:10.592,194.5,Alex BRUNDLE,,LMP2,,Inter Europol Competition,Oreca,FCY,46.817,49.538,70.592,
34,2,4,8:53.073,0,,7:28.696,0,45.391,0,38.986,0,36.5,20:46.243,12:35:46.243,7:28.696,0:45.391,0:38.986,125.9,Alex BRUNDLE,0:06:53.166,LMP2,,Inter Europol Competition,Oreca,GF,448.696,45.391,38.986,
34,2,5,1:54.321,0,,35.679,0,42.884,0,35.758,0,170.4,22:40.564,12:37:40.564,0:35.679,0:42.884,0:35.758,262.4,Alex BRUNDLE,,LMP2,,Inter Europol Competition,Oreca,GF,35.679,42.884,35.758,
34,2,6,1:55.429,0,,36.638,0,42.555,0,36.236,0,168.8,24:35.993,12:39:35.993,0:36.638,0:42.555,0:36.236,266.9,Alex BRUNDLE,,LMP2,,Inter Europol Competition,Oreca,GF,36.638,42.555,36.236,
34,2,7,3:27.243,0,B,44.084,0,1:20.760,0,1:22.399,0,94.0,28:03.236,12:43:03.236,0:44.084,1:20.760,1:22.399,261.1,Alex BRUNDLE,,LMP2,,Inter Europol Competition,Oreca,FCY,44.084,80.760,82.399,
34,2,8,5:08.154,0,,3:48.378,0,43.179,0,36.597,0,63.2,33:11.390,12:48:11.390,3:48.378,0:43.179,0:36.597,163.4,Alex BRUNDLE,0:03:14.841,LMP2,,Inter Europol Competition,Oreca,GF,228.378,43.179,36.597,
34,2,9,1:54.377,0,,35.618,0,42.827,0,35.932,0,170.3,35:05.767,12:50:05.767,0:35.618,0:42.827,0:35.932,274.3,Alex BRUNDLE,,LMP2,,Inter Europol Competition,Oreca,GF,35.618,42.827,35.932,
34,2,10,1:53.319,0,,35.568,0,42.219,0,35.532,0,171.9,36:59.086,12:51:59.086,0:35.568,0:42.219,0:35.532,267.6,Alex BRUNDLE,,LMP2,,Inter Europol Competition,Oreca,GF,35.568,42.219,35.532,
34,2,11,2:00.562,0,B,36.304,0,42.870,0,41.388,0,161.6,38:59.648,12:53:59.648,0:36.304,0:42.870,0:41.388,267.6,Alex BRUNDLE,,LMP2,,Inter Europol Competition,Oreca,GF,36.304,42.870,41.388,
34,1,12,5:07.052,0,,3:45.293,0,44.635,0,37.124,0,63.5,44:06.700,12:59:06.700,3:45.293,0:44.635,0:37.124,144.9,Jakub SMIECHOWSKI,0:03:10.325,LMP2,,Inter Europol Competition,Oreca,GF,225.293,44.635,37.124,
34,1,13,1:58.710,0,,36.850,0,44.913,0,36.947,0,164.1,46:05.410,13:01:05.410,0:36.850,0:44.913,0:36.947,241.9,Jakub SMIECHOWSKI,,LMP2,,Inter Europol Competition,Oreca,GF,36.850,44.913,36.947,
34,1,14,1:59.453,0,,37.944,0,44.481,0,37.028,0,163.1,48:04.863,13:03:04.863,0:37.944,0:44.481,0:37.028,225.3,Jakub SMIECHOWSKI,,LMP2,,Inter Europol Competition,Oreca,GF,37.944,44.481,37.028,
34,1,15,1:56.123,0,,36.365,0,43.499,0,36.259,1,167.8,50:00.986,13:05:00.986,0:36.365,0:43.499,0:36.259,263.0,Jakub SMIECHOWSKI,,LMP2,,Inter Europol Competition,Oreca,GF,36.365,43.499,36.259,
34,1,16,1:56.288,0,,36.443,0,43.418,0,36.427,0,167.5,51:57.274,13:06:57.274,0:36.443,0:43.418,0:36.427,250.3,Jakub SMIECHOWSKI,,LMP2,,Inter Europol Competition,Oreca,GF,36.443,43.418,36.427,
34,1,17,1:56.408,0,,36.293,0,43.692,0,36.423,0,167.4,53:53.682,13:08:53.682,0:36.293,0:43.692,0:36.423,259.2,Jakub SMIECHOWSKI,,LMP2,,Inter Europol Competition,Oreca,GF,36.293,43.692,36.423,
34,1,18,1:56.574,0,,36.234,1,43.412,1,36.928,0,167.1,55:50.256,13:10:50.256,0:36.234,0:43.412,0:36.928,264.3,Jakub SMIECHOWSKI,,LMP2,,Inter Europol Competition,Oreca,GF,36.234,43.412,36.928,
34,1,19,1:58.243,0,,37.463,0,43.681,0,37.099,0,164.8,57:48.499,13:12:48.499,0:37.463,0:43.681,0:37.099,261.7,Jakub SMIECHOWSKI,,LMP2,,Inter Europol Competition,Oreca,GF,37.463,43.681,37.099,
34,1,20,1:57.870,0,,36.526,0,43.817,0,37.527,0,165.3,59:46.369,13:14:46.369,0:36.526,0:43.817,0:37.527,258.6,Jakub SMIECHOWSKI,,LMP2,,Inter Europol Competition,Oreca,GF,36.526,43.817,37.527,
34,1,21,1:56.393,0,,36.282,0,43.556,0,36.555,0,167.4,1:01:42.762,13:16:42.762,0:36.282,0:43.556,0:36.555,269.6,Jakub SMIECHOWSKI,,LMP2,,Inter Europol Competition,Oreca,GF,36.282,43.556,36.555,
34,1,22,1:56.521,0,,36.394,0,43.555,0,36.572,0,167.2,1:03:39.283,13:18:39.283,0:36.394,0:43.555,0:36.572,260.5,Jakub SMIECHOWSKI,,LMP2,,Inter Europol Competition,Oreca,GF,36.394,43.555,36.572,
34,1,23,1:57.173,0,,36.934,0,43.464,0,36.775,0,166.3,1:05:36.456,13:20:36.456,0:36.934,0:43.464,0:36.775,257.4,Jakub SMIECHOWSKI,,LMP2,,Inter Europol Competition,Oreca,GF,36.934,43.464,36.775,
34,1,24,2:05.714,0,B,36.788,0,46.690,0,42.236,0,155.0,1:07:42.170,13:22:42.170,0:36.788,0:46.690,0:42.236,255.0,Jakub SMIECHOWSKI,,LMP2,,Inter Europol Competition,Oreca,GF,36.788,46.690,42.236,
34,3,25,10:20.291,0,,8:58.442,0,44.651,0,37.198,0,31.4,1:18:02.461,13:33:02.461,8:58.442,0:44.651,0:37.198,163.9,Esteban GUTIERREZ,0:08:22.920,LMP2,,Inter Europol Competition,Oreca,GF,538.442,44.651,37.198,
34,3,26,1:57.358,0,,36.660,0,44.038,0,36.660,0,166.0,1:19:59.819,13:34:59.819,0:36.660,0:44.038,0:36.660,259.2,Esteban GUTIERREZ,,LMP2,,Inter Europol Competition,Oreca,GF,36.660,44.038,36.660,
34,3,27,1:57.115,0,,36.641,0,43.865,0,36.609,0,166.4,1:21:56.934,13:36:56.934,0:36.641,0:43.865,0:36.609,276.4,Esteban GUTIERREZ,,LMP2,,Inter Europol Competition,Oreca,GF,36.641,43.865,36.609,
34,3,28,1:56.669,0,,36.314,0,43.810,0,36.545,0,167.0,1:23:53.603,13:38:53.603,0:36.314,0:43.810,0:36.545,266.9,Esteban GUTIERREZ,,LMP2,,Inter Europol Competition,Oreca,GF,36.314,43.810,36.545,
34,3,29,1:56.312,0,,36.265,1,43.565,1,36.482,1,167.5,1:25:49.915,13:40:49.915,0:36.265,0:43.565,0:36.482,262.4,Esteban GUTIERREZ,,LMP2,,Inter Europol Competition,Oreca,GF,36.265,43.565,36.482,
34,3,30,1:57.155,0,,36.584,0,43.940,0,36.631,0,166.3,1:27:47.070,13:42:47.070,0:36.584,0:43.940,0:36.631,259.9,Esteban GUTIERREZ,,LMP2,,Inter Europol Competition,Oreca,GF,36.584,43.940,36.631,
34,3,31,1:57.658,0,,36.532,0,44.305,0,36.821,0,165.6,1:29:44.728,13:44:44.728,0:36.532,0:44.305,0:36.821,251.4,Esteban GUTIERREZ,,LMP2,,Inter Europol Competition,Oreca,GF,36.532,44.305,36.821,
34,3,32,1:57.756,0,,36.493,0,44.229,0,37.034,0,165.5,1:31:42.484,13:46:42.484,0:36.493,0:44.229,0:37.034,240.8,Esteban GUTIERREZ,,LMP2,,Inter Europol Competition,Oreca,FF,36.493,44.229,37.034,
35,2,1,2:11.953,0,,49.975,0,45.452,0,36.526,0,140.9,2:11.953,12:17:11.953,0:49.975,0:45.452,0:36.526,133.6,Matthieu LAHAYE,0:00:12.262,LMP2,P/A,Ultimate,Oreca,GF,49.975,45.452,36.526,
35,2,2,1:55.028,0,,36.284,0,42.767,0,35.977,2,169.4,4:06.981,12:19:06.981,0:36.284,0:42.767,0:35.977,253.8,Matthieu LAHAYE,,LMP2,P/A,Ultimate,Oreca,GF,36.284,42.767,35.977,
35,2,3,1:55.028,0,,35.975,0,42.562,0,36.491,0,169.4,6:02.009,12:21:02.009,0:35.975,0:42.562,0:36.491,252.6,Matthieu LAHAYE,,LMP2,P/A,Ultimate,Oreca,GF,35.975,42.562,36.491,
35,2,4,1:55.472,0,,35.890,2,43.173,0,36.409,0,168.7,7:57.481,12:22:57.481,0:35.890,0:43.173,0:36.409,265.6,Matthieu LAHAYE,,LMP2,P/A,Ultimate,Oreca,GF,35.890,43.173,36.409,
35,2,5,1:54.971,2,,36.007,0,42.513,2,36.451,0,169.5,9:52.452,12:24:52.452,0:36.007,0:42.513,0:36.451,249.7,Matthieu LAHAYE,,LMP2,P/A,Ultimate,Oreca,GF,36.007,42.513,36.451,
35,2,6,2:52.224,0,B,36.123,0,55.300,0,1:20.801,0,113.1,12:44.676,12:27:44.676,0:36.123,0:55.300,1:20.801,261.1,Matthieu LAHAYE,,LMP2,P/A,Ultimate,Oreca,FCY,36.123,55.300,80.801,
35,2,7,5:42.593,0,B,4:18.111,0,43.519,0,40.963,0,56.9,18:27.269,12:33:27.269,4:18.111,0:43.519,0:40.963,160.1,Matthieu LAHAYE,0:03:44.895,LMP2,P/A,Ultimate,Oreca,GF,258.111,43.519,40.963,
35,2,8,4:09.415,0,,2:50.431,0,42.728,0,36.256,0,78.1,22:36.684,12:37:36.684,2:50.431,0:42.728,0:36.256,173.9,Matthieu LAHAYE,0:02:18.306,LMP2,P/A,Ultimate,Oreca,GF,170.431,42.728,36.256,
35,2,9,1:55.492,0,,36.409,0,42.703,0,36.380,0,168.7,24:32.176,12:39:32.176,0:36.409,0:42.703,0:36.380,249.7,Matthieu LAHAYE,,LMP2,P/A,Ultimate,Oreca,GF,36.409,42.703,36.380,
35,2,10,3:21.491,0,B,40.755,0,1:19.781,0,1:20.955,0,96.7,27:53.667,12:42:53.667,0:40.755,1:19.781,1:20.955,259.9,Matthieu LAHAYE,,LMP2,P/A,Ultimate,Oreca,FCY,40.755,79.781,80.955,
35,1,11,4:58.776,0,,3:36.174,0,45.083,0,37.519,0,65.2,32:52.443,12:47:52.443,3:36.174,0:45.083,0:37.519,151.8,Jean-Baptiste LAHAYE,0:03:02.277,LMP2,P/A,Ultimate,Oreca,GF,216.174,45.083,37.519,
35,1,12,1:58.049,0,,37.336,0,43.855,0,36.858,0,165.0,34:50.492,12:49:50.492,0:37.336,0:43.855,0:36.858,222.5,Jean-Baptiste LAHAYE,,LMP2,P/A,Ultimate,Oreca,GF,37.336,43.855,36.858,
35,1,13,1:58.942,0,,36.388,0,45.848,0,36.706,0,163.8,36:49.434,12:51:49.434,0:36.388,0:45.848,0:36.706,256.8,Jean-Baptiste LAHAYE,,LMP2,P/A,Ultimate,Oreca,GF,36.388,45.848,36.706,
35,1,14,1:56.592,0,,36.525,0,43.547,0,36.520,0,167.1,38:46.026,12:53:46.026,0:36.525,0:43.547,0:36.520,246.8,Jean-Baptiste LAHAYE,,LMP2,P/A,Ultimate,Oreca,GF,36.525,43.547,36.520,
35,1,15,1:56.784,0,,36.460,0,43.521,0,36.803,0,166.8,40:42.810,12:55:42.810,0:36.460,0:43.521,0:36.803,249.7,Jean-Baptiste LAHAYE,,LMP2,P/A,Ultimate,Oreca,GF,36.460,43.521,36.803,
35,1,16,1:56.925,0,,36.458,0,43.816,0,36.651,0,166.6,42:39.735,12:57:39.735,0:36.458,0:43.816,0:36.651,259.2,Jean-Baptiste LAHAYE,,LMP2,P/A,Ultimate,Oreca,GF,36.458,43.816,36.651,
35,1,17,1:57.053,0,,36.653,0,43.676,0,36.724,0,166.4,44:36.788,12:59:36.788,0:36.653,0:43.676,0:36.724,249.7,Jean-Baptiste LAHAYE,,LMP2,P/A,Ultimate,Oreca,GF,36.653,43.676,36.724,
35,1,18,1:56.986,0,,36.538,0,43.774,0,36.674,0,166.5,46:33.774,13:01:33.774,0:36.538,0:43.774,0:36.674,258.6,Jean-Baptiste LAHAYE,,LMP2,P/A,Ultimate,Oreca,GF,36.538,43.774,36.674,
35,1,19,1:56.514,0,,36.394,0,43.622,0,36.498,0,167.2,48:30.288,13:03:30.288,0:36.394,0:43.622,0:36.498,264.3,Jean-Baptiste LAHAYE,,LMP2,P/A,Ultimate,Oreca,GF,36.394,43.622,36.498,
35,1,20,1:59.053,0,,38.459,0,43.719,0,36.875,0,163.7,50:29.341,13:05:29.341,0:38.459,0:43.719,0:36.875,272.9,Jean-Baptiste LAHAYE,,LMP2,P/A,Ultimate,Oreca,GF,38.459,43.719,36.875,
35,1,21,1:57.274,0,,36.615,0,43.829,0,36.830,0,166.1,52:26.615,13:07:26.615,0:36.615,0:43.829,0:36.830,262.4,Jean-Baptiste LAHAYE,,LMP2,P/A,Ultimate,Oreca,GF,36.615,43.829,36.830,
35,1,22,1:57.722,0,,36.761,0,44.012,0,36.949,0,165.5,54:24.337,13:09:24.337,0:36.761,0:44.012,0:36.949,240.3,Jean-Baptiste LAHAYE,,LMP2,P/A,Ultimate,Oreca,GF,36.761,44.012,36.949,
35,1,23,2:05.302,0,B,38.211,0,44.425,0,42.666,0,155.5,56:29.639,13:11:29.639,0:38.211,0:44.425,0:42.666,261.7,Jean-Baptiste LAHAYE,,LMP2,P/A,Ultimate,Oreca,GF,38.211,44.425,42.666,
35,1,24,3:47.819,0,,2:23.734,0,45.035,0,39.050,0,85.5,1:00:17.458,13:15:17.458,2:23.734,0:45.035,0:39.050,170.9,Jean-Baptiste LAHAYE,0:01:49.808,LMP2,P/A,Ultimate,Oreca,GF,143.734,45.035,39.050,
35,1,25,2:07.634,0,B,37.352,0,45.315,0,44.967,0,152.6,1:02:25.092,13:17:25.092,0:37.352,0:45.315,0:44.967,253.2,Jean-Baptiste LAHAYE,,LMP2,P/A,Ultimate,Oreca,GF,37.352,45.315,44.967,
35,1,26,4:33.734,0,,3:12.347,0,44.172,0,37.215,0,71.2,1:06:58.826,13:21:58.826,3:12.347,0:44.172,0:37.215,171.2,Jean-Baptiste LAHAYE,0:02:39.271,LMP2,P/A,Ultimate,Oreca,GF,192.347,44.172,37.215,
35,1,27,1:56.941,0,,36.661,0,43.482,0,36.798,0,166.6,1:08:55.767,13:23:55.767,0:36.661,0:43.482,0:36.798,236.6,Jean-Baptiste LAHAYE,,LMP2,P/A,Ultimate,Oreca,GF,36.661,43.482,36.798,
35,1,28,1:56.114,0,,36.472,0,43.339,0,36.303,0,167.8,1:10:51.881,13:25:51.881,0:36.472,0:43.339,0:36.303,250.8,Jean-Baptiste LAHAYE,,LMP2,P/A,Ultimate,Oreca,GF,36.472,43.339,36.303,
35,1,29,1:56.079,0,,36.382,0,42.935,1,36.762,0,167.8,1:12:47.960,13:27:47.960,0:36.382,0:42.935,0:36.762,251.4,Jean-Baptiste LAHAYE,,LMP2,P/A,Ultimate,Oreca,GF,36.382,42.935,36.762,
35,1,30,1:56.584,0,,36.513,0,43.411,0,36.660,0,167.1,1:14:44.544,13:29:44.544,0:36.513,0:43.411,0:36.660,251.4,Jean-Baptiste LAHAYE,,LMP2,P/A,Ultimate,Oreca,GF,36.513,43.411,36.660,
35,1,31,1:55.621,0,,36.234,0,43.262,0,36.125,0,168.5,1:16:40.165,13:31:40.165,0:36.234,0:43.262,0:36.125,250.3,Jean-Baptiste LAHAYE,,LMP2,P/A,Ultimate,Oreca,GF,36.234,43.262,36.125,
35,1,32,1:56.557,0,,36.426,0,44.009,0,36.122,1,167.2,1:18:36.722,13:33:36.722,0:36.426,0:44.009,0:36.122,250.8,Jean-Baptiste LAHAYE,,LMP2,P/A,Ultimate,Oreca,GF,36.426,44.009,36.122,
35,1,33,1:55.966,0,,36.218,1,43.485,0,36.263,0,168.0,1:20:32.688,13:35:32.688,0:36.218,0:43.485,0:36.263,248.0,Jean-Baptiste LAHAYE,,LMP2,P/A,Ultimate,Oreca,GF,36.218,43.485,36.263,
35,1,34,1:57.084,0,,36.447,0,43.599,0,37.038,0,166.4,1:22:29.772,13:37:29.772,0:36.447,0:43.599,0:37.038,242.4,Jean-Baptiste LAHAYE,,LMP2,P/A,Ultimate,Oreca,GF,36.447,43.599,37.038,
35,1,35,1:57.903,0,,36.336,0,43.732,0,37.835,0,165.2,1:24:27.675,13:39:27.675,0:36.336,0:43.732,0:37.835,238.7,Jean-Baptiste LAHAYE,,LMP2,P/A,Ultimate,Oreca,GF,36.336,43.732,37.835,
35,1,36,1:57.596,0,,36.344,0,43.777,0,37.475,0,165.7,1:26:25.271,13:41:25.271,0:36.344,0:43.777,0:37.475,249.7,Jean-Baptiste LAHAYE,,LMP2,P/A,Ultimate,Oreca,GF,36.344,43.777,37.475,
35,1,37,1:56.701,0,,36.785,0,43.631,0,36.285,0,166.9,1:28:21.972,13:43:21.972,0:36.785,0:43.631,0:36.285,238.7,Jean-Baptiste LAHAYE,,LMP2,P/A,Ultimate,Oreca,GF,36.785,43.631,36.285,
35,1,38,1:56.196,0,,36.508,0,43.470,0,36.218,0,167.7,1:30:18.168,13:45:18.168,0:36.508,0:43.470,0:36.218,257.4,Jean-Baptiste LAHAYE,,LMP2,P/A,Ultimate,Oreca,FF,36.508,43.470,36.218,
36,1,1,2:34.947,0,B,1:06.564,0,44.820,0,43.563,0,120.0,2:34.947,12:17:34.947,1:06.564,0:44.820,0:43.563,142.8,André NEGRÃO,0:00:28.710,HYPERCAR,,Alpine ELF Team,Alpine,GF,66.564,44.820,43.563,
36,1,2,8:09.109,0,,6:50.664,0,42.978,0,35.467,0,39.8,10:44.056,12:25:44.056,6:50.664,0:42.978,0:35.467,172.3,André NEGRÃO,0:06:17.999,HYPERCAR,,Alpine ELF Team,Alpine,GF,410.664,42.978,35.467,
36,1,3,3:39.710,0,,57.351,0,1:20.868,0,1:21.491,0,88.7,14:23.766,12:29:23.766,0:57.351,1:20.868,1:21.491,254.4,André NEGRÃO,,HYPERCAR,,Alpine ELF Team,Alpine,FCY,57.351,80.868,81.491,
36,1,4,2:40.892,0,,1:20.413,0,44.786,0,35.693,0,121.1,17:04.658,12:32:04.658,1:20.413,0:44.786,0:35.693,79.9,André NEGRÃO,,HYPERCAR,,Alpine ELF Team,Alpine,GF,80.413,44.786,35.693,
36,1,5,1:53.441,0,,35.636,0,42.242,0,35.563,0,171.7,18:58.099,12:33:58.099,0:35.636,0:42.242,0:35.563,252.6,André NEGRÃO,,HYPERCAR,,Alpine ELF Team,Alpine,GF,35.636,42.242,35.563,
36,1,6,1:53.085,0,,35.374,0,41.981,1,35.730,0,172.3,20:51.184,12:35:51.184,0:35.374,0:41.981,0:35.730,256.2,André NEGRÃO,,HYPERCAR,,Alpine ELF Team,Alpine,GF,35.374,41.981,35.730,
36,1,7,1:52.396,0,,35.171,1,42.054,0,35.171,1,173.3,22:43.580,12:37:43.580,0:35.171,0:42.054,0:35.171,260.5,André NEGRÃO,,HYPERCAR,,Alpine ELF Team,Alpine,GF,35.171,42.054,35.171,
36,1,8,1:53.387,0,,35.762,0,42.136,0,35.489,0,171.8,24:36.967,12:39:36.967,0:35.762,0:42.136,0:35.489,272.3,André NEGRÃO,,HYPERCAR,,Alpine ELF Team,Alpine,GF,35.762,42.136,35.489,
36,1,9,3:27.970,0,B,44.019,0,1:21.154,0,1:22.797,0,93.7,28:04.937,12:43:04.937,0:44.019,1:21.154,1:22.797,259.2,André NEGRÃO,,HYPERCAR,,Alpine ELF Team,Alpine,FCY,44.019,81.154,82.797,
36,2,10,3:24.142,0,,2:06.317,0,42.759,0,35.066,1,95.4,31:29.079,12:46:29.079,2:06.317,0:42.759,0:35.066,159.6,Nicolas LAPIERRE,0:01:32.284,HYPERCAR,,Alpine ELF Team,Alpine,GF,126.317,42.759,35.066,
36,2,11,1:53.057,0,,35.273,0,42.542,0,35.242,0,172.3,33:22.136,12:48:22.136,0:35.273,0:42.542,0:35.242,265.6,Nicolas LAPIERRE,,HYPERCAR,,Alpine ELF Team,Alpine,GF,35.273,42.542,35.242,
36,2,12,1:51.855,0,,35.066,0,41.685,0,35.104,0,174.2,35:13.991,12:50:13.991,0:35.066,0:41.685,0:35.104,280.0,Nicolas LAPIERRE,,HYPERCAR,,Alpine ELF Team,Alpine,GF,35.066,41.685,35.104,
36,2,13,1:52.932,0,,34.958,2,42.153,0,35.821,0,172.5,37:06.923,12:52:06.923,0:34.958,0:42.153,0:35.821,269.6,Nicolas LAPIERRE,,HYPERCAR,,Alpine ELF Team,Alpine,GF,34.958,42.153,35.821,
36,2,14,2:02.942,0,B,35.423,0,43.163,0,44.356,0,158.5,39:09.865,12:54:09.865,0:35.423,0:43.163,0:44.356,256.2,Nicolas LAPIERRE,,HYPERCAR,,Alpine ELF Team,Alpine,GF,35.423,43.163,44.356,
36,2,15,14:49.200,0,,13:28.919,0,44.224,0,36.057,0,21.9,53:59.065,13:08:59.065,13:28.919,0:44.224,0:36.057,166.5,Nicolas LAPIERRE,0:12:55.816,HYPERCAR,,Alpine ELF Team,Alpine,GF,808.919,44.224,36.057,
36,2,16,1:51.796,2,,35.085,0,41.609,0,35.102,0,174.3,55:50.861,13:10:50.861,0:35.085,0:41.609,0:35.102,266.2,Nicolas LAPIERRE,,HYPERCAR,,Alpine ELF Team,Alpine,GF,35.085,41.609,35.102,
36,2,17,1:53.019,0,,35.064,0,41.609,0,36.346,0,172.4,57:43.880,13:12:43.880,0:35.064,0:41.609,0:36.346,256.8,Nicolas LAPIERRE,,HYPERCAR,,Alpine ELF Team,Alpine,GF,35.064,41.609,36.346,
36,2,18,1:55.906,0,B,35.167,0,41.464,2,39.275,0,168.1,59:39.786,13:14:39.786,0:35.167,0:41.464,0:39.275,249.7,Nicolas LAPIERRE,,HYPERCAR,,Alpine ELF Team,Alpine,GF,35.167,41.464,39.275,
36,3,19,2:57.659,0,,1:40.561,0,41.784,1,35.314,0,109.7,1:02:37.445,13:17:37.445,1:40.561,0:41.784,0:35.314,175.1,Matthieu VAXIVIERE,0:01:09.137,HYPERCAR,,Alpine ELF Team,Alpine,GF,100.561,41.784,35.314,
36,3,20,1:55.657,0,,36.214,0,43.615,0,35.828,0,168.5,1:04:33.102,13:19:33.102,0:36.214,0:43.615,0:35.828,282.9,Matthieu VAXIVIERE,,HYPERCAR,,Alpine ELF Team,Alpine,GF,36.214,43.615,35.828,
36,3,21,1:52.686,0,,35.206,0,42.461,0,35.019,0,172.9,1:06:25.788,13:21:25.788,0:35.206,0:42.461,0:35.019,283.7,Matthieu VAXIVIERE,,HYPERCAR,,Alpine ELF Team,Alpine,GF,35.206,42.461,35.019,
36,3,22,1:53.216,0,,35.201,0,41.859,0,36.156,0,172.1,1:08:19.004,13:23:19.004,0:35.201,0:41.859,0:36.156,280.0,Matthieu VAXIVIERE,,HYPERCAR,,Alpine ELF Team,Alpine,GF,35.201,41.859,36.156,
36,3,23,1:54.635,0,,35.954,0,42.618,0,36.063,0,170.0,1:10:13.639,13:25:13.639,0:35.954,0:42.618,0:36.063,286.7,Matthieu VAXIVIERE,,HYPERCAR,,Alpine ELF Team,Alpine,GF,35.954,42.618,36.063,
36,3,24,1:52.620,0,,35.181,1,42.115,0,35.324,0,173.0,1:12:06.259,13:27:06.259,0:35.181,0:42.115,0:35.324,283.7,Matthieu VAXIVIERE,,HYPERCAR,,Alpine ELF Team,Alpine,GF,35.181,42.115,35.324,
36,3,25,1:53.659,0,,35.576,0,42.939,0,35.144,0,171.4,1:13:59.918,13:28:59.918,0:35.576,0:42.939,0:35.144,278.6,Matthieu VAXIVIERE,,HYPERCAR,,Alpine ELF Team,Alpine,GF,35.576,42.939,35.144,
36,3,26,1:56.554,0,,36.055,0,42.969,0,37.530,0,167.2,1:15:56.472,13:30:56.472,0:36.055,0:42.969,0:37.530,285.9,Matthieu VAXIVIERE,,HYPERCAR,,Alpine ELF Team,Alpine,GF,36.055,42.969,37.530,
36,3,27,1:52.232,0,,35.297,0,42.053,0,34.882,2,173.6,1:17:48.704,13:32:48.704,0:35.297,0:42.053,0:34.882,283.7,Matthieu VAXIVIERE,,HYPERCAR,,Alpine ELF Team,Alpine,GF,35.297,42.053,34.882,
36,3,28,1:53.647,0,,35.257,0,42.109,0,36.281,0,171.4,1:19:42.351,13:34:42.351,0:35.257,0:42.109,0:36.281,279.3,Matthieu VAXIVIERE,,HYPERCAR,,Alpine ELF Team,Alpine,GF,35.257,42.109,36.281,
36,3,29,1:59.867,0,B,36.169,0,43.219,0,40.479,0,162.5,1:21:42.218,13:36:42.218,0:36.169,0:43.219,0:40.479,282.9,Matthieu VAXIVIERE,,HYPERCAR,,Alpine ELF Team,Alpine,GF,36.169,43.219,40.479,
36,1,30,4:33.054,0,,3:13.281,0,44.249,0,35.524,0,71.4,1:26:15.272,13:41:15.272,3:13.281,0:44.249,0:35.524,176.8,André NEGRÃO,0:02:41.272,HYPERCAR,,Alpine ELF Team,Alpine,GF,193.281,44.249,35.524,
36,1,31,1:53.819,0,,35.558,0,42.343,0,35.918,0,171.2,1:28:09.091,13:43:09.091,0:35.558,0:42.343,0:35.918,257.4,André NEGRÃO,,HYPERCAR,,Alpine ELF Team,Alpine,GF,35.558,42.343,35.918,
36,1,32,1:53.691,0,,35.556,0,42.572,0,35.563,0,171.4,1:30:02.782,13:45:02.782,0:35.556,0:42.572,0:35.563,264.9,André NEGRÃO,,HYPERCAR,,Alpine ELF Team,Alpine,FF,35.556,42.572,35.563,
38,3,1,2:19.429,0,,55.729,0,44.650,0,39.050,0,133.3,2:19.429,12:17:19.429,0:55.729,0:44.650,0:39.050,154.1,William STEVENS,0:00:18.248,LMP2,,JOTA,Oreca,GF,55.729,44.650,39.050,
38,3,2,1:54.551,0,,37.131,0,42.155,0,35.265,0,170.1,4:13.980,12:19:13.980,0:37.131,0:42.155,0:35.265,258.6,William STEVENS,,LMP2,,JOTA,Oreca,GF,37.131,42.155,35.265,
38,3,3,1:52.389,2,,35.513,2,41.700,2,35.176,2,173.4,6:06.369,12:21:06.369,0:35.513,0:41.700,0:35.176,246.8,William STEVENS,,LMP2,,JOTA,Oreca,GF,35.513,41.700,35.176,
38,3,4,1:59.340,0,B,36.203,0,42.517,0,40.620,0,163.3,8:05.709,12:23:05.709,0:36.203,0:42.517,0:40.620,255.0,William STEVENS,,LMP2,,JOTA,Oreca,GF,36.203,42.517,40.620,
38,3,5,10:52.969,0,,9:32.916,0,43.115,0,36.938,0,29.8,18:58.678,12:33:58.678,9:32.916,0:43.115,0:36.938,170.6,William STEVENS,0:09:00.410,LMP2,,JOTA,Oreca,GF,572.916,43.115,36.938,
38,3,6,1:55.424,0,,36.236,0,43.059,0,36.129,0,168.8,20:54.102,12:35:54.102,0:36.236,0:43.059,0:36.129,235.6,William STEVENS,,LMP2,,JOTA,Oreca,GF,36.236,43.059,36.129,
38,3,7,1:54.957,0,,36.132,0,42.472,0,36.353,0,169.5,22:49.059,12:37:49.059,0:36.132,0:42.472,0:36.353,241.9,William STEVENS,,LMP2,,JOTA,Oreca,GF,36.132,42.472,36.353,
38,3,8,1:58.690,0,B,35.962,0,42.446,0,40.282,0,164.2,24:47.749,12:39:47.749,0:35.962,0:42.446,0:40.282,259.9,William STEVENS,,LMP2,,JOTA,Oreca,GF,35.962,42.446,40.282,
38,3,9,6:34.751,0,,5:12.783,0,43.142,0,38.826,0,49.4,31:22.500,12:46:22.500,5:12.783,0:43.142,0:38.826,80.5,William STEVENS,0:04:35.328,LMP2,,JOTA,Oreca,GF,312.783,43.142,38.826,
38,3,10,1:54.367,0,,35.859,0,42.520,0,35.988,0,170.4,33:16.867,12:48:16.867,0:35.859,0:42.520,0:35.988,252.0,William STEVENS,,LMP2,,JOTA,Oreca,GF,35.859,42.520,35.988,
38,3,11,1:55.157,0,,36.391,0,42.729,0,36.037,0,169.2,35:12.024,12:50:12.024,0:36.391,0:42.729,0:36.037,257.4,William STEVENS,,LMP2,,JOTA,Oreca,GF,36.391,42.729,36.037,
38,3,12,1:54.314,0,,35.602,0,42.694,0,36.018,0,170.4,37:06.338,12:52:06.338,0:35.602,0:42.694,0:36.018,265.6,William STEVENS,,LMP2,,JOTA,Oreca,GF,35.602,42.694,36.018,
38,3,13,1:58.826,0,B,35.736,0,42.704,0,40.386,0,164.0,39:05.164,12:54:05.164,0:35.736,0:42.704,0:40.386,269.6,William STEVENS,,LMP2,,JOTA,Oreca,GF,35.736,42.704,40.386,
38,1,14,10:48.712,0,,9:25.902,0,45.592,0,37.218,0,30.0,49:53.876,13:04:53.876,9:25.902,0:45.592,0:37.218,165.2,Roberto GONZALEZ,0:08:51.989,LMP2,,JOTA,Oreca,GF,565.902,45.592,37.218,
38,1,15,1:57.426,0,,36.419,0,43.266,0,37.741,0,165.9,51:51.302,13:06:51.302,0:36.419,0:43.266,0:37.741,237.1,Roberto GONZALEZ,,LMP2,,JOTA,Oreca,GF,36.419,43.266,37.741,
38,1,16,1:55.478,0,,36.077,0,42.910,0,36.491,0,168.7,53:46.780,13:08:46.780,0:36.077,0:42.910,0:36.491,243.5,Roberto GONZALEZ,,LMP2,,JOTA,Oreca,GF,36.077,42.910,36.491,
38,1,17,1:55.011,0,,35.820,1,42.667,0,36.524,0,169.4,55:41.791,13:10:41.791,0:35.820,0:42.667,0:36.524,250.8,Roberto GONZALEZ,,LMP2,,JOTA,Oreca,GF,35.820,42.667,36.524,
38,1,18,1:55.666,0,,36.268,0,43.182,0,36.216,1,168.4,57:37.457,13:12:37.457,0:36.268,0:43.182,0:36.216,250.3,Roberto GONZALEZ,,LMP2,,JOTA,Oreca,GF,36.268,43.182,36.216,
38,1,19,1:55.348,0,,35.855,0,43.072,0,36.421,0,168.9,59:32.805,13:14:32.805,0:35.855,0:43.072,0:36.421,253.2,Roberto GONZALEZ,,LMP2,,JOTA,Oreca,GF,35.855,43.072,36.421,
38,1,20,1:56.323,0,,35.993,0,42.723,0,37.607,0,167.5,1:01:29.128,13:16:29.128,0:35.993,0:42.723,0:37.607,258.6,Roberto GONZALEZ,,LMP2,,JOTA,Oreca,GF,35.993,42.723,37.607,
38,1,21,1:55.112,0,,35.820,0,42.841,0,36.451,0,169.3,1:03:24.240,13:18:24.240,0:35.820,0:42.841,0:36.451,263.6,Roberto GONZALEZ,,LMP2,,JOTA,Oreca,GF,35.820,42.841,36.451,
38,1,22,1:56.662,0,,36.470,0,43.814,0,36.378,0,167.0,1:05:20.902,13:20:20.902,0:36.470,0:43.814,0:36.378,244.6,Roberto GONZALEZ,,LMP2,,JOTA,Oreca,GF,36.470,43.814,36.378,
38,1,23,1:54.838,0,,35.931,0,42.633,1,36.274,0,169.7,1:07:15.740,13:22:15.740,0:35.931,0:42.633,0:36.274,256.8,Roberto GONZALEZ,,LMP2,,JOTA,Oreca,GF,35.931,42.633,36.274,
38,1,24,1:59.285,0,,38.876,0,44.023,0,36.386,0,163.3,1:09:15.025,13:24:15.025,0:38.876,0:44.023,0:36.386,272.3,Roberto GONZALEZ,,LMP2,,JOTA,Oreca,GF,38.876,44.023,36.386,
38,1,25,2:00.303,0,B,35.985,0,43.081,0,41.237,0,162.0,1:11:15.328,13:26:15.328,0:35.985,0:43.081,0:41.237,259.9,Roberto GONZALEZ,,LMP2,,JOTA,Oreca,GF,35.985,43.081,41.237,
38,2,26,6:20.949,0,,4:59.433,0,44.227,0,37.289,0,51.1,1:17:36.277,13:32:36.277,4:59.433,0:44.227,0:37.289,174.5,Antonio Felix DA COSTA,0:04:26.840,LMP2,,JOTA,Oreca,GF,299.433,44.227,37.289,
38,2,27,1:57.852,0,,36.832,0,43.936,0,37.084,0,165.3,1:19:34.129,13:34:34.129,0:36.832,0:43.936,0:37.084,236.6,Antonio Felix DA COSTA,,LMP2,,JOTA,Oreca,GF,36.832,43.936,37.084,
38,2,28,1:57.110,0,,36.607,0,43.668,0,36.835,0,166.4,1:21:31.239,13:36:31.239,0:36.607,0:43.668,0:36.835,241.3,Antonio Felix DA COSTA,,LMP2,,JOTA,Oreca,GF,36.607,43.668,36.835,
38,2,29,1:57.193,0,,36.573,0,43.687,0,36.933,0,166.2,1:23:28.432,13:38:28.432,0:36.573,0:43.687,0:36.933,246.3,Antonio Felix DA COSTA,,LMP2,,JOTA,Oreca,GF,36.573,43.687,36.933,
38,2,30,1:55.982,0,,36.227,0,43.149,0,36.606,0,168.0,1:25:24.414,13:40:24.414,0:36.227,0:43.149,0:36.606,252.0,Antonio Felix DA COSTA,,LMP2,,JOTA,Oreca,GF,36.227,43.149,36.606,
38,2,31,1:55.846,0,,36.165,0,43.233,0,36.448,0,168.2,1:27:20.260,13:42:20.260,0:36.165,0:43.233,0:36.448,253.8,Antonio Felix DA COSTA,,LMP2,,JOTA,Oreca,GF,36.165,43.233,36.448,
38,2,32,1:56.279,0,,36.162,1,43.297,0,36.820,0,167.6,1:29:16.539,13:44:16.539,0:36.162,0:43.297,0:36.820,259.9,Antonio Felix DA COSTA,,LMP2,,JOTA,Oreca,GF,36.162,43.297,36.820,
38,2,33,1:55.213,0,,36.172,0,42.918,1,36.123,1,169.1,1:31:11.752,13:46:11.752,0:36.172,0:42.918,0:36.123,269.6,Antonio Felix DA COSTA,,LMP2,,JOTA,Oreca,FF,36.172,42.918,36.123,
41,3,1,6:11.395,0,,4:40.069,0,44.888,0,46.438,0,50.0,6:11.395,12:21:11.395,4:40.069,0:44.888,0:46.438,157.5,Norman NATO,0:03:59.164,LMP2,,Realteam by WRT,Oreca,GF,280.069,44.888,46.438,
41,3,2,1:53.544,0,,35.608,0,42.504,0,35.432,0,171.6,8:04.939,12:23:04.939,0:35.608,0:42.504,0:35.432,264.3,Norman NATO,,LMP2,,Realteam by WRT,Oreca,GF,35.608,42.504,35.432,
41,3,3,1:56.496,0,,35.491,0,43.780,0,37.225,0,167.2,10:01.435,12:25:01.435,0:35.491,0:43.780,0:37.225,280.7,Norman NATO,,LMP2,,Realteam by WRT,Oreca,GF,35.491,43.780,37.225,
41,3,4,3:00.044,0,B,35.297,2,1:02.479,0,1:22.268,0,108.2,13:01.479,12:28:01.479,0:35.297,1:02.479,1:22.268,284.4,Norman NATO,,LMP2,,Realteam by WRT,Oreca,FCY,35.297,62.479,82.268,
41,3,5,4:29.574,0,,3:09.169,0,44.478,0,35.927,0,72.3,17:31.053,12:32:31.053,3:09.169,0:44.478,0:35.927,67.2,Norman NATO,0:02:23.464,LMP2,,Realteam by WRT,Oreca,GF,189.169,44.478,35.927,
41,3,6,1:53.370,0,,35.726,0,42.249,0,35.395,0,171.9,19:24.423,12:34:24.423,0:35.726,0:42.249,0:35.395,235.1,Norman NATO,,LMP2,,Realteam by WRT,Oreca,GF,35.726,42.249,35.395,
41,3,7,1:52.829,2,,35.576,0,41.957,2,35.296,2,172.7,21:17.252,12:36:17.252,0:35.576,0:41.957,0:35.296,282.2,Norman NATO,,LMP2,,Realteam by WRT,Oreca,GF,35.576,41.957,35.296,
41,3,8,1:59.130,0,B,36.778,0,42.501,0,39.851,0,163.5,23:16.382,12:38:16.382,0:36.778,0:42.501,0:39.851,280.7,Norman NATO,,LMP2,,Realteam by WRT,Oreca,GF,36.778,42.501,39.851,
41,3,9,7:18.315,0,,5:35.643,0,1:03.681,0,38.991,0,44.5,30:34.697,12:45:34.697,5:35.643,1:03.681,0:38.991,80.5,Norman NATO,0:04:35.717,LMP2,,Realteam by WRT,Oreca,GF,335.643,63.681,38.991,
41,3,10,1:53.963,0,,35.954,0,42.352,0,35.657,0,171.0,32:28.660,12:47:28.660,0:35.954,0:42.352,0:35.657,278.6,Norman NATO,,LMP2,,Realteam by WRT,Oreca,GF,35.954,42.352,35.657,
41,3,11,1:58.922,0,B,35.488,0,42.198,0,41.236,0,163.8,34:27.582,12:49:27.582,0:35.488,0:42.198,0:41.236,276.4,Norman NATO,,LMP2,,Realteam by WRT,Oreca,GF,35.488,42.198,41.236,
41,3,12,7:00.337,0,,5:38.774,0,43.081,0,38.482,0,46.4,41:27.919,12:56:27.919,5:38.774,0:43.081,0:38.482,166.2,Norman NATO,0:05:04.044,LMP2,,Realteam by WRT,Oreca,GF,338.774,43.081,38.482,
41,3,13,1:56.564,0,,35.772,0,42.980,0,37.812,0,167.1,43:24.483,12:58:24.483,0:35.772,0:42.980,0:37.812,271.6,Norman NATO,,LMP2,,Realteam by WRT,Oreca,GF,35.772,42.980,37.812,
41,3,14,1:54.239,0,,35.810,0,42.522,0,35.907,0,170.5,45:18.722,13:00:18.722,0:35.810,0:42.522,0:35.907,272.9,Norman NATO,,LMP2,,Realteam by WRT,Oreca,GF,35.810,42.522,35.907,
41,3,15,1:57.766,0,B,35.804,0,42.895,0,39.067,0,165.4,47:16.488,13:02:16.488,0:35.804,0:42.895,0:39.067,277.8,Norman NATO,,LMP2,,Realteam by WRT,Oreca,GF,35.804,42.895,39.067,
41,1,16,6:48.769,0,,5:25.427,0,45.104,0,38.238,0,47.7,54:05.257,13:09:05.257,5:25.427,0:45.104,0:38.238,167.2,Rui ANDRADE,0:04:51.832,LMP2,,Realteam by WRT,Oreca,GF,325.427,45.104,38.238,
41,1,17,1:57.993,0,,36.764,0,43.884,0,37.345,0,165.1,56:03.250,13:11:03.250,0:36.764,0:43.884,0:37.345,266.2,Rui ANDRADE,,LMP2,,Realteam by WRT,Oreca,GF,36.764,43.884,37.345,
41,1,18,1:58.744,0,,37.078,0,44.492,0,37.174,0,164.1,58:01.994,13:13:01.994,0:37.078,0:44.492,0:37.174,265.6,Rui ANDRADE,,LMP2,,Realteam by WRT,Oreca,GF,37.078,44.492,37.174,
41,1,19,1:59.105,0,,36.717,0,44.814,0,37.574,0,163.6,1:00:01.099,13:15:01.099,0:36.717,0:44.814,0:37.574,261.7,Rui ANDRADE,,LMP2,,Realteam by WRT,Oreca,GF,36.717,44.814,37.574,
41,1,20,1:57.271,0,,36.632,0,43.672,1,36.967,0,166.1,1:01:58.370,13:16:58.370,0:36.632,0:43.672,0:36.967,263.6,Rui ANDRADE,,LMP2,,Realteam by WRT,Oreca,GF,36.632,43.672,36.967,
41,1,21,1:57.297,0,,36.699,0,43.789,0,36.809,0,166.1,1:03:55.667,13:18:55.667,0:36.699,0:43.789,0:36.809,253.8,Rui ANDRADE,,LMP2,,Realteam by WRT,Oreca,GF,36.699,43.789,36.809,
41,1,22,1:57.821,0,,36.361,0,44.201,0,37.259,0,165.4,1:05:53.488,13:20:53.488,0:36.361,0:44.201,0:37.259,259.9,Rui ANDRADE,,LMP2,,Realteam by WRT,Oreca,GF,36.361,44.201,37.259,
41,1,23,1:58.061,0,,36.507,0,44.214,0,37.340,0,165.0,1:07:51.549,13:22:51.549,0:36.507,0:44.214,0:37.340,259.9,Rui ANDRADE,,LMP2,,Realteam by WRT,Oreca,GF,36.507,44.214,37.340,
41,1,24,1:58.542,0,,36.631,0,44.603,0,37.308,0,164.4,1:09:50.091,13:24:50.091,0:36.631,0:44.603,0:37.308,259.2,Rui ANDRADE,,LMP2,,Realteam by WRT,Oreca,GF,36.631,44.603,37.308,
41,1,25,1:57.126,0,,36.711,0,43.777,0,36.638,1,166.3,1:11:47.217,13:26:47.217,0:36.711,0:43.777,0:36.638,261.7,Rui ANDRADE,,LMP2,,Realteam by WRT,Oreca,GF,36.711,43.777,36.638,
41,1,26,1:57.321,0,,36.351,1,43.804,0,37.166,0,166.1,1:13:44.538,13:28:44.538,0:36.351,0:43.804,0:37.166,266.9,Rui ANDRADE,,LMP2,,Realteam by WRT,Oreca,GF,36.351,43.804,37.166,
41,1,27,2:02.273,0,B,36.732,0,43.959,0,41.582,0,159.3,1:15:46.811,13:30:46.811,0:36.732,0:43.959,0:41.582,251.4,Rui ANDRADE,,LMP2,,Realteam by WRT,Oreca,GF,36.732,43.959,41.582,
41,2,28,3:44.580,0,,2:22.728,0,44.600,0,37.252,0,86.8,1:19:31.391,13:34:31.391,2:22.728,0:44.600,0:37.252,163.2,Ferdinand HABSBURG,0:01:49.608,LMP2,,Realteam by WRT,Oreca,GF,142.728,44.600,37.252,
41,2,29,1:57.966,0,,36.662,0,44.318,0,36.986,0,165.2,1:21:29.357,13:36:29.357,0:36.662,0:44.318,0:36.986,265.6,Ferdinand HABSBURG,,LMP2,,Realteam by WRT,Oreca,GF,36.662,44.318,36.986,
41,2,30,1:56.576,0,,36.308,0,43.615,0,36.653,0,167.1,1:23:25.933,13:38:25.933,0:36.308,0:43.615,0:36.653,266.9,Ferdinand HABSBURG,,LMP2,,Realteam by WRT,Oreca,GF,36.308,43.615,36.653,
41,2,31,1:56.548,0,,36.152,0,43.415,1,36.981,0,167.2,1:25:22.481,13:40:22.481,0:36.152,0:43.415,0:36.981,255.0,Ferdinand HABSBURG,,LMP2,,Realteam by WRT,Oreca,GF,36.152,43.415,36.981,
41,2,32,1:57.143,0,,36.477,0,43.623,0,37.043,0,166.3,1:27:19.624,13:42:19.624,0:36.477,0:43.623,0:37.043,264.9,Ferdinand HABSBURG,,LMP2,,Realteam by WRT,Oreca,GF,36.477,43.623,37.043,
41,2,33,1:56.581,0,,36.149,1,43.605,0,36.827,0,167.1,1:29:16.205,13:44:16.205,0:36.149,0:43.605,0:36.827,258.0,Ferdinand HABSBURG,,LMP2,,Realteam by WRT,Oreca,GF,36.149,43.605,36.827,
41,2,34,1:58.752,0,,38.096,0,44.204,0,36.452,1,164.1,1:31:14.957,13:46:14.957,0:38.096,0:44.204,0:36.452,259.9,Ferdinand HABSBURG,,LMP2,,Realteam by WRT,Oreca,FF,38.096,44.204,36.452,
44,1,1,4:00.535,0,B,2:22.720,0,51.166,0,46.649,0,77.3,4:00.535,12:19:00.535,2:22.720,0:51.166,0:46.649,134.6,Miroslav KONOPKA,0:01:38.842,LMP2,P/A,ARC Bratislava,Oreca,GF,142.720,51.166,46.649,
44,1,2,4:07.706,0,,2:44.188,0,45.394,0,38.124,0,78.7,8:08.241,12:23:08.241,2:44.188,0:45.394,0:38.124,131.2,Miroslav KONOPKA,0:02:07.191,LMP2,P/A,ARC Bratislava,Oreca,GF,164.188,45.394,38.124,
44,1,3,1:57.840,0,,37.163,0,43.885,1,36.792,1,165.3,10:06.081,12:25:06.081,0:37.163,0:43.885,0:36.792,219.4,Miroslav KONOPKA,,LMP2,P/A,ARC Bratislava,Oreca,GF,37.163,43.885,36.792,
44,1,4,3:13.897,0,,37.747,0,1:14.868,0,1:21.282,0,100.5,13:19.978,12:28:19.978,0:37.747,1:14.868,1:21.282,195.2,Miroslav KONOPKA,,LMP2,P/A,ARC Bratislava,Oreca,FCY,37.747,74.868,81.282,
44,1,5,3:15.287,0,,1:20.605,0,1:16.951,0,37.731,0,99.8,16:35.265,12:31:35.265,1:20.605,1:16.951,0:37.731,80.6,Miroslav KONOPKA,,LMP2,P/A,ARC Bratislava,Oreca,GF,80.605,76.951,37.731,
44,1,6,1:59.868,0,,37.225,0,44.971,0,37.672,0,162.5,18:35.133,12:33:35.133,0:37.225,0:44.971,0:37.672,198.8,Miroslav KONOPKA,,LMP2,P/A,ARC Bratislava,Oreca,GF,37.225,44.971,37.672,
44,1,7,2:00.349,0,,37.266,0,45.223,0,37.860,0,161.9,20:35.482,12:35:35.482,0:37.266,0:45.223,0:37.860,224.3,Miroslav KONOPKA,,LMP2,P/A,ARC Bratislava,Oreca,GF,37.266,45.223,37.860,
44,1,8,1:58.210,0,,36.769,0,44.173,0,37.268,0,164.8,22:33.692,12:37:33.692,0:36.769,0:44.173,0:37.268,241.9,Miroslav KONOPKA,,LMP2,P/A,ARC Bratislava,Oreca,GF,36.769,44.173,37.268,
44,1,9,1:58.785,0,,36.656,1,44.253,0,37.876,0,164.0,24:32.477,12:39:32.477,0:36.656,0:44.253,0:37.876,245.7,Miroslav KONOPKA,,LMP2,P/A,ARC Bratislava,Oreca,GF,36.656,44.253,37.876,
44,1,10,3:27.803,0,B,43.116,0,1:21.389,0,1:23.298,0,93.8,28:00.280,12:43:00.280,0:43.116,1:21.389,1:23.298,215.0,Miroslav KONOPKA,,LMP2,P/A,ARC Bratislava,Oreca,FCY,43.116,81.389,83.298,
44,2,11,4:44.547,0,,3:23.864,0,43.810,0,36.873,0,68.5,32:44.827,12:47:44.827,3:23.864,0:43.810,0:36.873,169.8,Mathias BECHE,0:02:51.128,LMP2,P/A,ARC Bratislava,Oreca,GF,203.864,43.810,36.873,
44,2,12,1:55.824,0,,36.166,0,43.227,0,36.431,0,168.2,34:40.651,12:49:40.651,0:36.166,0:43.227,0:36.431,252.6,Mathias BECHE,,LMP2,P/A,ARC Bratislava,Oreca,GF,36.166,43.227,36.431,
44,2,13,1:59.955,0,B,36.011,2,43.373,0,40.571,0,162.4,36:40.606,12:51:40.606,0:36.011,0:43.373,0:40.571,266.9,Mathias BECHE,,LMP2,P/A,ARC Bratislava,Oreca,GF,36.011,43.373,40.571,
44,2,14,7:38.641,0,,6:18.742,0,43.547,0,36.352,0,42.5,44:19.247,12:59:19.247,6:18.742,0:43.547,0:36.352,171.5,Mathias BECHE,0:05:46.094,LMP2,P/A,ARC Bratislava,Oreca,GF,378.742,43.547,36.352,
44,2,15,1:55.519,0,,36.190,0,42.996,2,36.333,0,168.7,46:14.766,13:01:14.766,0:36.190,0:42.996,0:36.333,272.3,Mathias BECHE,,LMP2,P/A,ARC Bratislava,Oreca,GF,36.190,42.996,36.333,
44,2,16,1:56.284,0,,36.157,0,43.566,0,36.561,0,167.5,48:11.050,13:03:11.050,0:36.157,0:43.566,0:36.561,264.9,Mathias BECHE,,LMP2,P/A,ARC Bratislava,Oreca,GF,36.157,43.566,36.561,
44,2,17,1:58.570,0,,37.127,0,44.665,0,36.778,0,164.3,50:09.620,13:05:09.620,0:37.127,0:44.665,0:36.778,234.5,Mathias BECHE,,LMP2,P/A,ARC Bratislava,Oreca,GF,37.127,44.665,36.778,
44,2,18,1:55.474,2,,36.187,0,43.106,0,36.181,2,168.7,52:05.094,13:07:05.094,0:36.187,0:43.106,0:36.181,261.7,Mathias BECHE,,LMP2,P/A,ARC Bratislava,Oreca,GF,36.187,43.106,36.181,
44,2,19,2:00.148,0,B,36.467,0,43.491,0,40.190,0,162.2,54:05.242,13:09:05.242,0:36.467,0:43.491,0:40.190,267.6,Mathias BECHE,,LMP2,P/A,ARC Bratislava,Oreca,GF,36.467,43.491,40.190,
44,3,20,5:07.297,0,,3:45.801,0,44.525,0,36.971,0,63.4,59:12.539,13:14:12.539,3:45.801,0:44.525,0:36.971,172.8,Richard BRADLEY,0:03:11.761,LMP2,P/A,ARC Bratislava,Oreca,GF,225.801,44.525,36.971,
44,3,21,1:59.456,0,,36.906,0,44.805,0,37.745,0,163.1,1:01:11.995,13:16:11.995,0:36.906,0:44.805,0:37.745,268.2,Richard BRADLEY,,LMP2,P/A,ARC Bratislava,Oreca,GF,36.906,44.805,37.745,
44,3,22,1:57.414,0,,36.793,0,43.838,0,36.783,1,165.9,1:03:09.409,13:18:09.409,0:36.793,0:43.838,0:36.783,253.8,Richard BRADLEY,,LMP2,P/A,ARC Bratislava,Oreca,GF,36.793,43.838,36.783,
44,3,23,1:57.206,0,,36.674,0,43.707,1,36.825,0,166.2,1:05:06.615,13:20:06.615,0:36.674,0:43.707,0:36.825,252.6,Richard BRADLEY,,LMP2,P/A,ARC Bratislava,Oreca,GF,36.674,43.707,36.825,
44,3,24,1:57.858,0,,37.156,0,43.857,0,36.845,0,165.3,1:07:04.473,13:22:04.473,0:37.156,0:43.857,0:36.845,268.9,Richard BRADLEY,,LMP2,P/A,ARC Bratislava,Oreca,GF,37.156,43.857,36.845,
44,3,25,1:57.956,0,,36.669,1,44.381,0,36.906,0,165.2,1:09:02.429,13:24:02.429,0:36.669,0:44.381,0:36.906,250.8,Richard BRADLEY,,LMP2,P/A,ARC Bratislava,Oreca,GF,36.669,44.381,36.906,
44,3,26,2:01.426,0,B,36.741,0,43.863,0,40.822,0,160.5,1:11:03.855,13:26:03.855,0:36.741,0:43.863,0:40.822,262.4,Richard BRADLEY,,LMP2,P/A,ARC Bratislava,Oreca,GF,36.741,43.863,40.822,
44,1,27,6:31.466,0,,5:08.050,0,45.832,0,37.584,0,49.8,1:17:35.321,13:32:35.321,5:08.050,0:45.832,0:37.584,159.4,Miroslav KONOPKA,0:04:32.524,LMP2,P/A,ARC Bratislava,Oreca,GF,308.050,45.832,37.584,
44,1,28,2:02.077,0,,37.264,0,46.048,0,38.765,0,159.6,1:19:37.398,13:34:37.398,0:37.264,0:46.048,0:38.765,254.4,Miroslav KONOPKA,,LMP2,P/A,ARC Bratislava,Oreca,GF,37.264,46.048,38.765,
44,1,29,2:00.403,0,,37.354,0,45.311,0,37.738,0,161.8,1:21:37.801,13:36:37.801,0:37.354,0:45.311,0:37.738,253.8,Miroslav KONOPKA,,LMP2,P/A,ARC Bratislava,Oreca,GF,37.354,45.311,37.738,
44,1,30,2:00.583,0,,37.286,0,45.666,0,37.631,0,161.6,1:23:38.384,13:38:38.384,0:37.286,0:45.666,0:37.631,230.1,Miroslav KONOPKA,,LMP2,P/A,ARC Bratislava,Oreca,GF,37.286,45.666,37.631,
44,1,31,2:01.441,0,,38.195,0,45.401,0,37.845,0,160.4,1:25:39.825,13:40:39.825,0:38.195,0:45.401,0:37.845,205.6,Miroslav KONOPKA,,LMP2,P/A,ARC Bratislava,Oreca,GF,38.195,45.401,37.845,
44,1,32,1:59.949,0,,37.172,0,45.018,0,37.759,0,162.4,1:27:39.774,13:42:39.774,0:37.172,0:45.018,0:37.759,258.6,Miroslav KONOPKA,,LMP2,P/A,ARC Bratislava,Oreca,GF,37.172,45.018,37.759,
44,1,33,2:00.189,0,,37.763,0,44.717,0,37.709,0,162.1,1:29:39.963,13:44:39.963,0:37.763,0:44.717,0:37.709,246.3,Miroslav KONOPKA,,LMP2,P/A,ARC Bratislava,Oreca,GF,37.763,44.717,37.709,
44,1,34,1:59.126,0,,37.257,0,44.681,0,37.188,0,163.6,1:31:39.089,13:46:39.089,0:37.257,0:44.681,0:37.188,255.6,Miroslav KONOPKA,,LMP2,P/A,ARC Bratislava,Oreca,FF,37.257,44.681,37.188,
45,3,1,2:27.520,0,,1:04.571,0,45.623,0,37.326,0,126.0,2:27.520,12:17:27.520,1:04.571,0:45.623,0:37.326,141.3,René BINDER,0:00:26.785,LMP2,P/A,Algarve Pro Racing,Oreca,GF,64.571,45.623,37.326,
45,3,2,1:56.148,0,,37.112,0,43.016,0,36.020,0,167.7,4:23.668,12:19:23.668,0:37.112,0:43.016,0:36.020,243.5,René BINDER,,LMP2,P/A,Algarve Pro Racing,Oreca,GF,37.112,43.016,36.020,
45,3,3,1:55.584,0,,35.912,0,43.844,0,35.828,0,168.6,6:19.252,12:21:19.252,0:35.912,0:43.844,0:35.828,274.3,René BINDER,,LMP2,P/A,Algarve Pro Racing,Oreca,GF,35.912,43.844,35.828,
45,3,4,1:55.697,0,,35.835,0,42.718,0,37.144,0,168.4,8:14.949,12:23:14.949,0:35.835,0:42.718,0:37.144,267.6,René BINDER,,LMP2,P/A,Algarve Pro Racing,Oreca,GF,35.835,42.718,37.144,
45,3,5,1:53.989,2,,35.607,2,42.577,2,35.805,2,170.9,10:08.938,12:25:08.938,0:35.607,0:42.577,0:35.805,263.0,René BINDER,,LMP2,P/A,Algarve Pro Racing,Oreca,GF,35.607,42.577,35.805,
45,3,6,3:16.280,0,B,36.205,0,1:14.755,0,1:25.320,0,99.3,13:25.218,12:28:25.218,0:36.205,1:14.755,1:25.320,274.3,René BINDER,,LMP2,P/A,Algarve Pro Racing,Oreca,FCY,36.205,74.755,85.320,
45,1,7,4:12.989,0,,2:44.113,0,50.187,0,38.689,0,77.0,17:38.207,12:32:38.207,2:44.113,0:50.187,0:38.689,65.0,Steven THOMAS,0:01:56.451,LMP2,P/A,Algarve Pro Racing,Oreca,GF,164.113,50.187,38.689,
45,1,8,1:59.921,0,,37.676,0,44.918,0,37.327,0,162.5,19:38.128,12:34:38.128,0:37.676,0:44.918,0:37.327,221.1,Steven THOMAS,,LMP2,P/A,Algarve Pro Racing,Oreca,GF,37.676,44.918,37.327,
45,1,9,2:00.451,0,,36.710,1,45.760,0,37.981,0,161.8,21:38.579,12:36:38.579,0:36.710,0:45.760,0:37.981,256.8,Steven THOMAS,,LMP2,P/A,Algarve Pro Racing,Oreca,GF,36.710,45.760,37.981,
45,1,10,1:59.593,0,,37.721,0,44.849,0,37.023,1,162.9,23:38.172,12:38:38.172,0:37.721,0:44.849,0:37.023,247.4,Steven THOMAS,,LMP2,P/A,Algarve Pro Racing,Oreca,GF,37.721,44.849,37.023,
45,1,11,2:48.381,0,,36.741,0,45.775,0,1:25.865,0,115.7,26:26.553,12:41:26.553,0:36.741,0:45.775,1:25.865,256.2,Steven THOMAS,,LMP2,P/A,Algarve Pro Racing,Oreca,FCY,36.741,45.775,85.865,
45,1,12,3:36.519,0,,1:24.162,0,1:19.453,0,52.904,0,90.0,30:03.072,12:45:03.072,1:24.162,1:19.453,0:52.904,80.4,Steven THOMAS,,LMP2,P/A,Algarve Pro Racing,Oreca,GF,84.162,79.453,52.904,
45,1,13,2:05.036,0,,40.883,0,46.364,0,37.789,0,155.8,32:08.108,12:47:08.108,0:40.883,0:46.364,0:37.789,192.1,Steven THOMAS,,LMP2,P/A,Algarve Pro Racing,Oreca,GF,40.883,46.364,37.789,
45,1,14,1:58.869,0,,37.135,0,44.415,0,37.319,0,163.9,34:06.977,12:49:06.977,0:37.135,0:44.415,0:37.319,252.0,Steven THOMAS,,LMP2,P/A,Algarve Pro Racing,Oreca,GF,37.135,44.415,37.319,
45,1,15,1:58.256,0,,37.170,0,43.982,1,37.104,0,164.8,36:05.233,12:51:05.233,0:37.170,0:43.982,0:37.104,255.6,Steven THOMAS,,LMP2,P/A,Algarve Pro Racing,Oreca,GF,37.170,43.982,37.104,
45,1,16,1:59.994,0,,36.911,0,44.962,0,38.121,0,162.4,38:05.227,12:53:05.227,0:36.911,0:44.962,0:38.121,258.0,Steven THOMAS,,LMP2,P/A,Algarve Pro Racing,Oreca,GF,36.911,44.962,38.121,
45,1,17,1:58.622,0,,37.170,0,44.147,0,37.305,0,164.2,40:03.849,12:55:03.849,0:37.170,0:44.147,0:37.305,249.1,Steven THOMAS,,LMP2,P/A,Algarve Pro Racing,Oreca,GF,37.170,44.147,37.305,
45,1,18,1:58.661,0,,37.050,0,44.265,0,37.346,0,164.2,42:02.510,12:57:02.510,0:37.050,0:44.265,0:37.346,254.4,Steven THOMAS,,LMP2,P/A,Algarve Pro Racing,Oreca,GF,37.050,44.265,37.346,
45,1,19,1:57.826,0,,36.793,0,44.003,0,37.030,0,165.4,44:00.336,12:59:00.336,0:36.793,0:44.003,0:37.030,261.1,Steven THOMAS,,LMP2,P/A,Algarve Pro Racing,Oreca,GF,36.793,44.003,37.030,
45,1,20,2:00.728,0,,36.926,0,44.729,0,39.073,0,161.4,46:01.064,13:01:01.064,0:36.926,0:44.729,0:39.073,255.6,Steven THOMAS,,LMP2,P/A,Algarve Pro Racing,Oreca,GF,36.926,44.729,39.073,
45,1,21,2:09.395,0,B,41.807,0,44.397,0,43.191,0,150.6,48:10.459,13:03:10.459,0:41.807,0:44.397,0:43.191,196.3,Steven THOMAS,,LMP2,P/A,Algarve Pro Racing,Oreca,GF,41.807,44.397,43.191,
45,2,22,4:10.160,0,,2:48.038,0,44.620,0,37.502,0,77.9,52:20.619,13:07:20.619,2:48.038,0:44.620,0:37.502,168.5,James ALLEN,0:02:15.616,LMP2,P/A,Algarve Pro Racing,Oreca,GF,168.038,44.620,37.502,
45,2,23,1:57.255,0,,36.738,0,44.072,0,36.445,0,166.2,54:17.874,13:09:17.874,0:36.738,0:44.072,0:36.445,237.6,James ALLEN,,LMP2,P/A,Algarve Pro Racing,Oreca,GF,36.738,44.072,36.445,
45,2,24,1:56.772,0,,36.623,0,43.762,0,36.387,0,166.8,56:14.646,13:11:14.646,0:36.623,0:43.762,0:36.387,254.4,James ALLEN,,LMP2,P/A,Algarve Pro Racing,Oreca,GF,36.623,43.762,36.387,
45,2,25,1:56.452,0,,36.341,0,43.622,0,36.489,0,167.3,58:11.098,13:13:11.098,0:36.341,0:43.622,0:36.489,252.0,James ALLEN,,LMP2,P/A,Algarve Pro Racing,Oreca,GF,36.341,43.622,36.489,
45,2,26,1:56.353,0,,36.328,0,43.441,0,36.584,0,167.4,1:00:07.451,13:15:07.451,0:36.328,0:43.441,0:36.584,259.2,James ALLEN,,LMP2,P/A,Algarve Pro Racing,Oreca,GF,36.328,43.441,36.584,
45,2,27,1:57.252,0,,36.650,0,43.940,0,36.662,0,166.2,1:02:04.703,13:17:04.703,0:36.650,0:43.940,0:36.662,245.7,James ALLEN,,LMP2,P/A,Algarve Pro Racing,Oreca,GF,36.650,43.940,36.662,
45,2,28,1:57.022,0,,36.818,0,43.527,0,36.677,0,166.5,1:04:01.725,13:19:01.725,0:36.818,0:43.527,0:36.677,253.2,James ALLEN,,LMP2,P/A,Algarve Pro Racing,Oreca,GF,36.818,43.527,36.677,
45,2,29,1:56.291,0,,36.412,0,43.380,1,36.499,0,167.5,1:05:58.016,13:20:58.016,0:36.412,0:43.380,0:36.499,259.9,James ALLEN,,LMP2,P/A,Algarve Pro Racing,Oreca,GF,36.412,43.380,36.499,
45,2,30,1:57.338,0,,36.678,0,44.103,0,36.557,0,166.0,1:07:55.354,13:22:55.354,0:36.678,0:44.103,0:36.557,255.6,James ALLEN,,LMP2,P/A,Algarve Pro Racing,Oreca,GF,36.678,44.103,36.557,
45,2,31,1:58.257,0,,36.311,1,43.747,0,38.199,0,164.8,1:09:53.611,13:24:53.611,0:36.311,0:43.747,0:38.199,257.4,James ALLEN,,LMP2,P/A,Algarve Pro Racing,Oreca,GF,36.311,43.747,38.199,
45,2,32,1:57.680,0,,36.843,0,44.340,0,36.497,0,165.6,1:11:51.291,13:26:51.291,0:36.843,0:44.340,0:36.497,231.5,James ALLEN,,LMP2,P/A,Algarve Pro Racing,Oreca,GF,36.843,44.340,36.497,
45,2,33,1:56.792,0,,36.486,0,43.654,0,36.652,0,166.8,1:13:48.083,13:28:48.083,0:36.486,0:43.654,0:36.652,243.5,James ALLEN,,LMP2,P/A,Algarve Pro Racing,Oreca,GF,36.486,43.654,36.652,
45,2,34,1:56.663,0,,36.359,0,43.931,0,36.373,1,167.0,1:15:44.746,13:30:44.746,0:36.359,0:43.931,0:36.373,253.2,James ALLEN,,LMP2,P/A,Algarve Pro Racing,Oreca,GF,36.359,43.931,36.373,
45,2,35,1:57.665,0,,36.546,0,43.945,0,37.174,0,165.6,1:17:42.411,13:32:42.411,0:36.546,0:43.945,0:37.174,259.2,James ALLEN,,LMP2,P/A,Algarve Pro Racing,Oreca,GF,36.546,43.945,37.174,
45,2,36,2:08.955,0,B,40.269,0,45.674,0,43.012,0,151.1,1:19:51.366,13:34:51.366,0:40.269,0:45.674,0:43.012,200.3,James ALLEN,,LMP2,P/A,Algarve Pro Racing,Oreca,GF,40.269,45.674,43.012,
45,3,37,4:00.380,0,,2:37.455,0,45.661,0,37.264,0,81.1,1:23:51.746,13:38:51.746,2:37.455,0:45.661,0:37.264,166.2,René BINDER,0:02:03.748,LMP2,P/A,Algarve Pro Racing,Oreca,GF,157.455,45.661,37.264,
45,3,38,1:57.629,0,,36.361,0,43.969,0,37.299,0,165.6,1:25:49.375,13:40:49.375,0:36.361,0:43.969,0:37.299,255.6,René BINDER,,LMP2,P/A,Algarve Pro Racing,Oreca,GF,36.361,43.969,37.299,
45,3,39,1:57.391,0,,36.642,0,43.921,0,36.828,0,166.0,1:27:46.766,13:42:46.766,0:36.642,0:43.921,0:36.828,263.6,René BINDER,,LMP2,P/A,Algarve Pro Racing,Oreca,GF,36.642,43.921,36.828,
45,3,40,1:57.568,0,,36.447,0,44.346,0,36.775,0,165.7,1:29:44.334,13:44:44.334,0:36.447,0:44.346,0:36.775,264.9,René BINDER,,LMP2,P/A,Algarve Pro Racing,Oreca,GF,36.447,44.346,36.775,
45,3,41,1:59.243,0,,36.599,0,44.037,0,38.607,0,163.4,1:31:43.577,13:46:43.577,0:36.599,0:44.037,0:38.607,254.4,René BINDER,,LMP2,P/A,Algarve Pro Racing,Oreca,FF,36.599,44.037,38.607,
46,2,1,2:49.192,0,,1:21.306,0,47.404,0,40.482,0,109.9,2:49.192,12:17:49.192,1:21.306,0:47.404,0:40.482,153.1,Mikkel PEDERSEN,0:00:41.364,LMGTE Am,,Team Project 1,Porsche,GF,81.306,47.404,40.482,
46,2,2,2:09.805,0,B,39.870,0,45.521,0,44.414,0,150.1,4:58.997,12:19:58.997,0:39.870,0:45.521,0:44.414,253.2,Mikkel PEDERSEN,,LMGTE Am,,Team Project 1,Porsche,GF,39.870,45.521,44.414,
46,2,3,23:44.549,0,,21:01.692,0,1:21.251,0,1:21.606,0,13.7,28:43.546,12:43:43.546,21:01.692,1:21.251,1:21.606,145.4,Mikkel PEDERSEN,0:20:04.530,LMGTE Am,,Team Project 1,Porsche,FCY,1261.692,81.251,81.606,
46,2,4,2:31.106,0,,1:07.309,0,45.185,0,38.612,0,128.9,31:14.652,12:46:14.652,1:07.309,0:45.185,0:38.612,79.5,Mikkel PEDERSEN,,LMGTE Am,,Team Project 1,Porsche,GF,67.309,45.185,38.612,
46,2,5,2:01.462,2,,38.252,0,44.801,0,38.409,0,160.4,33:16.114,12:48:16.114,0:38.252,0:44.801,0:38.409,257.4,Mikkel PEDERSEN,,LMGTE Am,,Team Project 1,Porsche,GF,38.252,44.801,38.409,
46,2,6,2:01.493,0,,38.099,0,45.073,0,38.321,2,160.4,35:17.607,12:50:17.607,0:38.099,0:45.073,0:38.321,259.2,Mikkel PEDERSEN,,LMGTE Am,,Team Project 1,Porsche,GF,38.099,45.073,38.321,
46,2,7,2:01.568,0,,38.255,0,44.749,0,38.564,0,160.3,37:19.175,12:52:19.175,0:38.255,0:44.749,0:38.564,259.2,Mikkel PEDERSEN,,LMGTE Am,,Team Project 1,Porsche,GF,38.255,44.749,38.564,
46,2,8,2:01.533,0,,38.230,0,44.739,2,38.564,0,160.3,39:20.708,12:54:20.708,0:38.230,0:44.739,0:38.564,255.6,Mikkel PEDERSEN,,LMGTE Am,,Team Project 1,Porsche,GF,38.230,44.739,38.564,
46,2,9,2:01.949,0,,37.917,2,44.970,0,39.062,0,159.8,41:22.657,12:56:22.657,0:37.917,0:44.970,0:39.062,258.6,Mikkel PEDERSEN,,LMGTE Am,,Team Project 1,Porsche,GF,37.917,44.970,39.062,
46,2,10,2:07.586,0,B,37.970,0,45.719,0,43.897,0,152.7,43:30.243,12:58:30.243,0:37.970,0:45.719,0:43.897,254.4,Mikkel PEDERSEN,,LMGTE Am,,Team Project 1,Porsche,GF,37.970,45.719,43.897,
46,2,11,9:41.003,0,,8:16.109,0,45.806,0,39.088,0,33.5,53:11.246,13:08:11.246,8:16.109,0:45.806,0:39.088,159.4,Mikkel PEDERSEN,0:07:42.251,LMGTE Am,,Team Project 1,Porsche,GF,496.109,45.806,39.088,
46,2,12,2:02.137,0,,38.308,0,45.172,0,38.657,0,159.5,55:13.383,13:10:13.383,0:38.308,0:45.172,0:38.657,251.4,Mikkel PEDERSEN,,LMGTE Am,,Team Project 1,Porsche,GF,38.308,45.172,38.657,
46,2,13,2:01.778,0,,38.094,0,44.875,0,38.809,0,160.0,57:15.161,13:12:15.161,0:38.094,0:44.875,0:38.809,257.4,Mikkel PEDERSEN,,LMGTE Am,,Team Project 1,Porsche,GF,38.094,44.875,38.809,
46,2,14,2:02.208,0,,38.047,0,45.257,0,38.904,0,159.4,59:17.369,13:14:17.369,0:38.047,0:45.257,0:38.904,256.8,Mikkel PEDERSEN,,LMGTE Am,,Team Project 1,Porsche,GF,38.047,45.257,38.904,
46,2,15,2:08.315,0,B,39.196,0,45.816,0,43.303,0,151.8,1:01:25.684,13:16:25.684,0:39.196,0:45.816,0:43.303,252.0,Mikkel PEDERSEN,,LMGTE Am,,Team Project 1,Porsche,GF,39.196,45.816,43.303,
46,3,16,3:25.115,0,,1:54.614,0,49.838,0,40.663,0,95.0,1:04:50.799,13:19:50.799,1:54.614,0:49.838,0:40.663,158.2,Nicolas LEUTWILER,0:01:20.163,LMGTE Am,,Team Project 1,Porsche,GF,114.614,49.838,40.663,
46,3,17,2:07.691,0,,39.793,0,47.483,0,40.415,0,152.6,1:06:58.490,13:21:58.490,0:39.793,0:47.483,0:40.415,219.4,Nicolas LEUTWILER,,LMGTE Am,,Team Project 1,Porsche,GF,39.793,47.483,40.415,
46,3,18,2:07.090,0,,39.089,0,47.621,0,40.380,0,153.3,1:09:05.580,13:24:05.580,0:39.089,0:47.621,0:40.380,232.0,Nicolas LEUTWILER,,LMGTE Am,,Team Project 1,Porsche,GF,39.089,47.621,40.380,
46,3,19,2:04.829,0,,38.833,0,46.541,0,39.455,0,156.1,1:11:10.409,13:26:10.409,0:38.833,0:46.541,0:39.455,241.9,Nicolas LEUTWILER,,LMGTE Am,,Team Project 1,Porsche,GF,38.833,46.541,39.455,
46,3,20,2:03.978,0,,38.685,0,46.130,0,39.163,0,157.2,1:13:14.387,13:28:14.387,0:38.685,0:46.130,0:39.163,251.4,Nicolas LEUTWILER,,LMGTE Am,,Team Project 1,Porsche,GF,38.685,46.130,39.163,
46,3,21,2:04.268,0,,38.815,0,46.069,0,39.384,0,156.8,1:15:18.655,13:30:18.655,0:38.815,0:46.069,0:39.384,253.8,Nicolas LEUTWILER,,LMGTE Am,,Team Project 1,Porsche,GF,38.815,46.069,39.384,
46,3,22,2:06.165,0,,38.571,1,46.999,0,40.595,0,154.4,1:17:24.820,13:32:24.820,0:38.571,0:46.999,0:40.595,249.1,Nicolas LEUTWILER,,LMGTE Am,,Team Project 1,Porsche,GF,38.571,46.999,40.595,
46,3,23,2:04.059,0,,38.640,0,46.091,0,39.328,0,157.0,1:19:28.879,13:34:28.879,0:38.640,0:46.091,0:39.328,249.7,Nicolas LEUTWILER,,LMGTE Am,,Team Project 1,Porsche,GF,38.640,46.091,39.328,
46,3,24,2:05.032,0,,38.723,0,46.654,0,39.655,0,155.8,1:21:33.911,13:36:33.911,0:38.723,0:46.654,0:39.655,246.3,Nicolas LEUTWILER,,LMGTE Am,,Team Project 1,Porsche,GF,38.723,46.654,39.655,
46,3,25,2:03.592,0,,38.688,0,45.780,1,39.124,0,157.6,1:23:37.503,13:38:37.503,0:38.688,0:45.780,0:39.124,245.2,Nicolas LEUTWILER,,LMGTE Am,,Team Project 1,Porsche,GF,38.688,45.780,39.124,
46,3,26,2:04.369,0,,38.773,0,46.370,0,39.226,0,156.7,1:25:41.872,13:40:41.872,0:38.773,0:46.370,0:39.226,247.4,Nicolas LEUTWILER,,LMGTE Am,,Team Project 1,Porsche,GF,38.773,46.370,39.226,
46,3,27,2:04.400,0,,39.135,0,46.154,0,39.111,0,156.6,1:27:46.272,13:42:46.272,0:39.135,0:46.154,0:39.111,235.1,Nicolas LEUTWILER,,LMGTE Am,,Team Project 1,Porsche,GF,39.135,46.154,39.111,
46,3,28,2:04.375,0,,39.014,0,46.025,0,39.336,0,156.6,1:29:50.647,13:44:50.647,0:39.014,0:46.025,0:39.336,231.5,Nicolas LEUTWILER,,LMGTE Am,,Team Project 1,Porsche,GF,39.014,46.025,39.336,
46,3,29,2:03.657,0,,38.806,0,46.044,0,38.807,1,157.6,1:31:54.304,13:46:54.304,0:38.806,0:46.044,0:38.807,244.1,Nicolas LEUTWILER,,LMGTE Am,,Team Project 1,Porsche,FF,38.806,46.044,38.807,
51,1,1,8:04.036,0,B,6:32.033,0,47.128,0,44.875,0,38.4,8:04.036,12:23:04.036,6:32.033,0:47.128,0:44.875,159.1,Alessandro PIER GUIDI,0:05:53.190,LMGTE Pro,,AF Corse,Ferrari,GF,392.033,47.128,44.875,
51,1,2,10:24.791,0,,8:56.215,0,45.663,0,42.913,0,31.2,18:28.827,12:33:28.827,8:56.215,0:45.663,0:42.913,164.7,Alessandro PIER GUIDI,0:08:22.314,LMGTE Pro,,AF Corse,Ferrari,GF,536.215,45.663,42.913,
51,1,3,2:14.663,0,,42.920,0,50.828,0,40.915,0,144.7,20:43.490,12:35:43.490,0:42.920,0:50.828,0:40.915,263.0,Alessandro PIER GUIDI,,LMGTE Pro,,AF Corse,Ferrari,GF,42.920,50.828,40.915,
51,1,4,2:00.148,0,,38.014,0,44.383,0,37.751,0,162.2,22:43.638,12:37:43.638,0:38.014,0:44.383,0:37.751,251.4,Alessandro PIER GUIDI,,LMGTE Pro,,AF Corse,Ferrari,GF,38.014,44.383,37.751,
51,1,5,1:58.801,0,,37.155,0,43.950,0,37.696,0,164.0,24:42.439,12:39:42.439,0:37.155,0:43.950,0:37.696,257.4,Alessandro PIER GUIDI,,LMGTE Pro,,AF Corse,Ferrari,GF,37.155,43.950,37.696,
51,1,6,3:45.614,0,,56.143,0,1:20.899,0,1:28.572,0,86.4,28:28.053,12:43:28.053,0:56.143,1:20.899,1:28.572,262.4,Alessandro PIER GUIDI,,LMGTE Pro,,AF Corse,Ferrari,FCY,56.143,80.899,88.572,
51,1,7,2:44.462,0,,1:19.806,0,45.162,0,39.494,0,118.5,31:12.515,12:46:12.515,1:19.806,0:45.162,0:39.494,79.7,Alessandro PIER GUIDI,,LMGTE Pro,,AF Corse,Ferrari,GF,79.806,45.162,39.494,
51,1,8,1:58.398,2,,37.210,0,43.669,2,37.519,2,164.6,33:10.913,12:48:10.913,0:37.210,0:43.669,0:37.519,256.2,Alessandro PIER GUIDI,,LMGTE Pro,,AF Corse,Ferrari,GF,37.210,43.669,37.519,
51,1,9,1:58.654,0,,37.236,0,43.828,0,37.590,0,164.2,35:09.567,12:50:09.567,0:37.236,0:43.828,0:37.590,249.7,Alessandro PIER GUIDI,,LMGTE Pro,,AF Corse,Ferrari,GF,37.236,43.828,37.590,
51,1,10,1:58.774,0,,37.164,0,43.856,0,37.754,0,164.0,37:08.341,12:52:08.341,0:37.164,0:43.856,0:37.754,262.4,Alessandro PIER GUIDI,,LMGTE Pro,,AF Corse,Ferrari,GF,37.164,43.856,37.754,
51,1,11,1:58.508,0,,37.060,2,43.841,0,37.607,0,164.4,39:06.849,12:54:06.849,0:37.060,0:43.841,0:37.607,261.1,Alessandro PIER GUIDI,,LMGTE Pro,,AF Corse,Ferrari,GF,37.060,43.841,37.607,
51,1,12,1:59.448,0,,37.489,0,44.119,0,37.840,0,163.1,41:06.297,12:56:06.297,0:37.489,0:44.119,0:37.840,261.7,Alessandro PIER GUIDI,,LMGTE Pro,,AF Corse,Ferrari,GF,37.489,44.119,37.840,
51,1,13,1:58.805,0,,37.234,0,43.905,0,37.666,0,164.0,43:05.102,12:58:05.102,0:37.234,0:43.905,0:37.666,259.9,Alessandro PIER GUIDI,,LMGTE Pro,,AF Corse,Ferrari,GF,37.234,43.905,37.666,
51,1,14,1:59.061,0,,37.255,0,44.007,0,37.799,0,163.6,45:04.163,13:00:04.163,0:37.255,0:44.007,0:37.799,259.2,Alessandro PIER GUIDI,,LMGTE Pro,,AF Corse,Ferrari,GF,37.255,44.007,37.799,
51,1,15,2:06.478,0,B,38.296,0,45.158,0,43.024,0,154.0,47:10.641,13:02:10.641,0:38.296,0:45.158,0:43.024,258.0,Alessandro PIER GUIDI,,LMGTE Pro,,AF Corse,Ferrari,GF,38.296,45.158,43.024,
51,1,16,5:50.274,0,,4:26.789,0,45.313,0,38.172,0,55.6,53:00.915,13:08:00.915,4:26.789,0:45.313,0:38.172,165.4,Alessandro PIER GUIDI,0:03:53.040,LMGTE Pro,,AF Corse,Ferrari,GF,266.789,45.313,38.172,
51,1,17,1:59.784,0,,37.360,0,44.200,0,38.224,0,162.7,55:00.699,13:10:00.699,0:37.360,0:44.200,0:38.224,258.0,Alessandro PIER GUIDI,,LMGTE Pro,,AF Corse,Ferrari,GF,37.360,44.200,38.224,
51,1,18,2:05.653,0,B,37.851,0,44.340,0,43.462,0,155.1,57:06.352,13:12:06.352,0:37.851,0:44.340,0:43.462,241.9,Alessandro PIER GUIDI,,LMGTE Pro,,AF Corse,Ferrari,GF,37.851,44.340,43.462,
51,2,19,3:38.362,0,,2:13.197,0,45.683,0,39.482,0,89.2,1:00:44.714,13:15:44.714,2:13.197,0:45.683,0:39.482,162.9,James CALADO,0:01:38.713,LMGTE Pro,,AF Corse,Ferrari,GF,133.197,45.683,39.482,
51,2,20,2:00.857,0,,37.943,0,44.523,0,38.391,0,161.2,1:02:45.571,13:17:45.571,0:37.943,0:44.523,0:38.391,244.1,James CALADO,,LMGTE Pro,,AF Corse,Ferrari,GF,37.943,44.523,38.391,
51,2,21,2:00.175,0,,37.584,1,44.351,1,38.240,0,162.1,1:04:45.746,13:19:45.746,0:37.584,0:44.351,0:38.240,250.3,James CALADO,,LMGTE Pro,,AF Corse,Ferrari,GF,37.584,44.351,38.240,
51,2,22,2:00.856,0,,37.710,0,44.876,0,38.270,0,161.2,1:06:46.602,13:21:46.602,0:37.710,0:44.876,0:38.270,251.4,James CALADO,,LMGTE Pro,,AF Corse,Ferrari,GF,37.710,44.876,38.270,
51,2,23,2:01.082,0,,37.789,0,44.763,0,38.530,0,160.9,1:08:47.684,13:23:47.684,0:37.789,0:44.763,0:38.530,250.3,James CALADO,,LMGTE Pro,,AF Corse,Ferrari,GF,37.789,44.763,38.530,
51,2,24,2:00.675,0,,37.766,0,44.592,0,38.317,0,161.5,1:10:48.359,13:25:48.359,0:37.766,0:44.592,0:38.317,250.8,James CALADO,,LMGTE Pro,,AF Corse,Ferrari,GF,37.766,44.592,38.317,
51,2,25,2:00.554,0,,37.769,0,44.406,0,38.379,0,161.6,1:12:48.913,13:27:48.913,0:37.769,0:44.406,0:38.379,254.4,James CALADO,,LMGTE Pro,,AF Corse,Ferrari,GF,37.769,44.406,38.379,
51,2,26,2:00.696,0,,37.788,0,44.760,0,38.148,1,161.4,1:14:49.609,13:29:49.609,0:37.788,0:44.760,0:38.148,252.0,James CALADO,,LMGTE Pro,,AF Corse,Ferrari,GF,37.788,44.760,38.148,
51,2,27,2:00.497,0,,37.604,0,44.659,0,38.234,0,161.7,1:16:50.106,13:31:50.106,0:37.604,0:44.659,0:38.234,250.3,James CALADO,,LMGTE Pro,,AF Corse,Ferrari,GF,37.604,44.659,38.234,
51,2,28,2:00.564,0,,37.614,0,44.725,0,38.225,0,161.6,1:18:50.670,13:33:50.670,0:37.614,0:44.725,0:38.225,252.0,James CALADO,,LMGTE Pro,,AF Corse,Ferrari,GF,37.614,44.725,38.225,
51,2,29,2:00.609,0,,37.690,0,44.625,0,38.294,0,161.5,1:20:51.279,13:35:51.279,0:37.690,0:44.625,0:38.294,255.0,James CALADO,,LMGTE Pro,,AF Corse,Ferrari,GF,37.690,44.625,38.294,
51,2,30,2:00.829,0,,37.639,0,44.901,0,38.289,0,161.2,1:22:52.108,13:37:52.108,0:37.639,0:44.901,0:38.289,253.2,James CALADO,,LMGTE Pro,,AF Corse,Ferrari,GF,37.639,44.901,38.289,
51,2,31,2:01.925,0,,38.147,0,44.958,0,38.820,0,159.8,1:24:54.033,13:39:54.033,0:38.147,0:44.958,0:38.820,238.2,James CALADO,,LMGTE Pro,,AF Corse,Ferrari,GF,38.147,44.958,38.820,
51,2,32,2:01.002,0,,37.779,0,44.858,0,38.365,0,161.0,1:26:55.035,13:41:55.035,0:37.779,0:44.858,0:38.365,256.8,James CALADO,,LMGTE Pro,,AF Corse,Ferrari,GF,37.779,44.858,38.365,
51,2,33,2:00.932,0,,37.753,0,44.948,0,38.231,0,161.1,1:28:55.967,13:43:55.967,0:37.753,0:44.948,0:38.231,255.0,James CALADO,,LMGTE Pro,,AF Corse,Ferrari,GF,37.753,44.948,38.231,
51,2,34,2:06.515,0,B,37.722,0,45.949,0,42.844,0,154.0,1:31:02.482,13:46:02.482,0:37.722,0:45.949,0:42.844,254.4,James CALADO,,LMGTE Pro,,AF Corse,Ferrari,FF,37.722,45.949,42.844,
52,2,1,2:58.765,0,B,1:19.814,0,52.268,0,46.683,0,104.0,2:58.765,12:17:58.765,1:19.814,0:52.268,0:46.683,159.4,Antonio FUOCO,0:00:38.510,LMGTE Pro,,AF Corse,Ferrari,GF,79.814,52.268,46.683,
52,2,2,3:59.883,0,,2:33.685,0,47.231,0,38.967,0,81.2,6:58.648,12:21:58.648,2:33.685,0:47.231,0:38.967,163.7,Antonio FUOCO,0:01:59.367,LMGTE Pro,,AF Corse,Ferrari,GF,153.685,47.231,38.967,
52,2,3,1:59.384,0,,37.275,0,44.170,0,37.939,0,163.2,8:58.032,12:23:58.032,0:37.275,0:44.170,0:37.939,250.3,Antonio FUOCO,,LMGTE Pro,,AF Corse,Ferrari,GF,37.275,44.170,37.939,
52,2,4,1:59.111,0,,37.664,0,43.925,0,37.522,0,163.6,10:57.143,12:25:57.143,0:37.664,0:43.925,0:37.522,253.2,Antonio FUOCO,,LMGTE Pro,,AF Corse,Ferrari,GF,37.664,43.925,37.522,
52,2,5,3:52.351,0,,1:09.374,0,1:21.343,0,1:21.634,0,83.9,14:49.494,12:29:49.494,1:09.374,1:21.343,1:21.634,79.6,Antonio FUOCO,,LMGTE Pro,,AF Corse,Ferrari,FCY,69.374,81.343,81.634,
52,2,6,2:40.671,0,,1:12.255,0,48.259,0,40.157,0,121.3,17:30.165,12:32:30.165,1:12.255,0:48.259,0:40.157,79.6,Antonio FUOCO,,LMGTE Pro,,AF Corse,Ferrari,GF,72.255,48.259,40.157,
52,2,7,1:58.765,0,,37.375,0,43.785,0,37.605,0,164.0,19:28.930,12:34:28.930,0:37.375,0:43.785,0:37.605,245.2,Antonio FUOCO,,LMGTE Pro,,AF Corse,Ferrari,GF,37.375,43.785,37.605,
52,2,8,1:58.261,2,,37.109,2,43.699,2,37.453,2,164.7,21:27.191,12:36:27.191,0:37.109,0:43.699,0:37.453,253.8,Antonio FUOCO,,LMGTE Pro,,AF Corse,Ferrari,GF,37.109,43.699,37.453,
52,2,9,2:03.308,0,B,37.249,0,43.946,0,42.113,0,158.0,23:30.499,12:38:30.499,0:37.249,0:43.946,0:42.113,256.8,Antonio FUOCO,,LMGTE Pro,,AF Corse,Ferrari,GF,37.249,43.946,42.113,
52,2,10,8:42.003,0,,7:19.229,0,44.546,0,38.228,0,37.3,32:12.502,12:47:12.502,7:19.229,0:44.546,0:38.228,162.9,Antonio FUOCO,0:06:46.036,LMGTE Pro,,AF Corse,Ferrari,GF,439.229,44.546,38.228,
52,2,11,1:59.719,0,,37.693,0,44.188,0,37.838,0,162.7,34:12.221,12:49:12.221,0:37.693,0:44.188,0:37.838,243.5,Antonio FUOCO,,LMGTE Pro,,AF Corse,Ferrari,GF,37.693,44.188,37.838,
52,2,12,1:59.091,0,,37.392,0,43.873,0,37.826,0,163.6,36:11.312,12:51:11.312,0:37.392,0:43.873,0:37.826,257.4,Antonio FUOCO,,LMGTE Pro,,AF Corse,Ferrari,GF,37.392,43.873,37.826,
52,2,13,1:59.308,0,,37.395,0,44.002,0,37.911,0,163.3,38:10.620,12:53:10.620,0:37.395,0:44.002,0:37.911,253.2,Antonio FUOCO,,LMGTE Pro,,AF Corse,Ferrari,GF,37.395,44.002,37.911,
52,2,14,1:59.951,0,,37.436,0,44.511,0,38.004,0,162.4,40:10.571,12:55:10.571,0:37.436,0:44.511,0:38.004,249.7,Antonio FUOCO,,LMGTE Pro,,AF Corse,Ferrari,GF,37.436,44.511,38.004,
52,2,15,1:59.936,0,,37.633,0,44.264,0,38.039,0,162.4,42:10.507,12:57:10.507,0:37.633,0:44.264,0:38.039,240.3,Antonio FUOCO,,LMGTE Pro,,AF Corse,Ferrari,GF,37.633,44.264,38.039,
52,2,16,2:00.330,0,,37.874,0,44.403,0,38.053,0,161.9,44:10.837,12:59:10.837,0:37.874,0:44.403,0:38.053,228.6,Antonio FUOCO,,LMGTE Pro,,AF Corse,Ferrari,GF,37.874,44.403,38.053,
52,2,17,1:59.506,0,,37.374,0,44.179,0,37.953,0,163.0,46:10.343,13:01:10.343,0:37.374,0:44.179,0:37.953,245.7,Antonio FUOCO,,LMGTE Pro,,AF Corse,Ferrari,GF,37.374,44.179,37.953,
52,2,18,1:59.590,0,,37.448,0,44.156,0,37.986,0,162.9,48:09.933,13:03:09.933,0:37.448,0:44.156,0:37.986,244.1,Antonio FUOCO,,LMGTE Pro,,AF Corse,Ferrari,GF,37.448,44.156,37.986,
52,2,19,2:04.422,0,B,37.750,0,44.352,0,42.320,0,156.6,50:14.355,13:05:14.355,0:37.750,0:44.352,0:42.320,233.5,Antonio FUOCO,,LMGTE Pro,,AF Corse,Ferrari,GF,37.750,44.352,42.320,
52,1,20,7:28.533,0,,6:01.077,0,47.866,0,39.590,0,43.4,57:42.888,13:12:42.888,6:01.077,0:47.866,0:39.590,158.4,Miguel MOLINA,0:05:24.672,LMGTE Pro,,AF Corse,Ferrari,GF,361.077,47.866,39.590,
52,1,21,2:04.256,0,,39.456,0,45.919,0,38.881,0,156.8,59:47.144,13:14:47.144,0:39.456,0:45.919,0:38.881,201.0,Miguel MOLINA,,LMGTE Pro,,AF Corse,Ferrari,GF,39.456,45.919,38.881,
52,1,22,2:01.873,0,,38.297,0,45.349,0,38.227,0,159.9,1:01:49.017,13:16:49.017,0:38.297,0:45.349,0:38.227,216.3,Miguel MOLINA,,LMGTE Pro,,AF Corse,Ferrari,GF,38.297,45.349,38.227,
52,1,23,2:01.543,0,,37.731,0,44.968,0,38.844,0,160.3,1:03:50.560,13:18:50.560,0:37.731,0:44.968,0:38.844,244.1,Miguel MOLINA,,LMGTE Pro,,AF Corse,Ferrari,GF,37.731,44.968,38.844,
52,1,24,2:01.113,0,,38.104,0,44.800,0,38.209,1,160.9,1:05:51.673,13:20:51.673,0:38.104,0:44.800,0:38.209,259.2,Miguel MOLINA,,LMGTE Pro,,AF Corse,Ferrari,GF,38.104,44.800,38.209,
52,1,25,2:00.432,0,,37.523,1,44.542,1,38.367,0,161.8,1:07:52.105,13:22:52.105,0:37.523,0:44.542,0:38.367,256.8,Miguel MOLINA,,LMGTE Pro,,AF Corse,Ferrari,GF,37.523,44.542,38.367,
52,1,26,2:01.586,0,,37.548,0,44.753,0,39.285,0,160.2,1:09:53.691,13:24:53.691,0:37.548,0:44.753,0:39.285,250.8,Miguel MOLINA,,LMGTE Pro,,AF Corse,Ferrari,GF,37.548,44.753,39.285,
52,1,27,2:01.457,0,,37.790,0,45.456,0,38.211,0,160.4,1:11:55.148,13:26:55.148,0:37.790,0:45.456,0:38.211,251.4,Miguel MOLINA,,LMGTE Pro,,AF Corse,Ferrari,GF,37.790,45.456,38.211,
52,1,28,2:00.804,0,,37.679,0,44.874,0,38.251,0,161.3,1:13:55.952,13:28:55.952,0:37.679,0:44.874,0:38.251,254.4,Miguel MOLINA,,LMGTE Pro,,AF Corse,Ferrari,GF,37.679,44.874,38.251,
52,1,29,2:07.724,0,B,38.003,0,45.910,0,43.811,0,152.5,1:16:03.676,13:31:03.676,0:38.003,0:45.910,0:43.811,252.6,Miguel MOLINA,,LMGTE Pro,,AF Corse,Ferrari,GF,38.003,45.910,43.811,
52,1,30,7:07.015,0,,5:40.761,0,46.750,0,39.504,0,45.6,1:23:10.691,13:38:10.691,5:40.761,0:46.750,0:39.504,124.1,Miguel MOLINA,0:05:04.873,LMGTE Pro,,AF Corse,Ferrari,GF,340.761,46.750,39.504,
52,1,31,2:02.768,0,,39.159,0,45.266,0,38.343,0,158.7,1:25:13.459,13:40:13.459,0:39.159,0:45.266,0:38.343,192.5,Miguel MOLINA,,LMGTE Pro,,AF Corse,Ferrari,GF,39.159,45.266,38.343,
52,1,32,2:01.583,0,,38.096,0,45.028,0,38.459,0,160.2,1:27:15.042,13:42:15.042,0:38.096,0:45.028,0:38.459,227.6,Miguel MOLINA,,LMGTE Pro,,AF Corse,Ferrari,GF,38.096,45.028,38.459,
52,1,33,2:00.809,0,,37.534,0,44.903,0,38.372,0,161.3,1:29:15.851,13:44:15.851,0:37.534,0:44.903,0:38.372,249.7,Miguel MOLINA,,LMGTE Pro,,AF Corse,Ferrari,GF,37.534,44.903,38.372,
52,1,34,2:07.522,0,B,38.226,0,44.648,0,44.648,0,152.8,1:31:23.373,13:46:23.373,0:38.226,0:44.648,0:44.648,240.3,Miguel MOLINA,,LMGTE Pro,,AF Corse,Ferrari,FF,38.226,44.648,44.648,
54,2,1,2:33.222,0,B,56.966,0,49.791,0,46.465,0,121.3,2:33.222,12:17:33.222,0:56.966,0:49.791,0:46.465,135.3,Francesco CASTELLACCI,0:00:16.880,LMGTE Am,,AF Corse,Ferrari,GF,56.966,49.791,46.465,
54,2,2,3:29.807,0,,2:05.937,0,45.179,0,38.691,0,92.9,6:03.029,12:21:03.029,2:05.937,0:45.179,0:38.691,157.5,Francesco CASTELLACCI,0:01:30.125,LMGTE Am,,AF Corse,Ferrari,GF,125.937,45.179,38.691,
54,2,3,2:01.006,0,,38.059,0,44.727,0,38.220,0,161.0,8:04.035,12:23:04.035,0:38.059,0:44.727,0:38.220,239.7,Francesco CASTELLACCI,,LMGTE Am,,AF Corse,Ferrari,GF,38.059,44.727,38.220,
54,2,4,2:01.343,0,,38.424,0,44.616,0,38.303,0,160.6,10:05.378,12:25:05.378,0:38.424,0:44.616,0:38.303,245.7,Francesco CASTELLACCI,,LMGTE Am,,AF Corse,Ferrari,GF,38.424,44.616,38.303,
54,2,5,3:08.391,0,,38.228,0,1:08.543,0,1:21.620,0,103.4,13:13.769,12:28:13.769,0:38.228,1:08.543,1:21.620,234.0,Francesco CASTELLACCI,,LMGTE Am,,AF Corse,Ferrari,FCY,38.228,68.543,81.620,
54,2,6,3:17.993,0,,1:20.904,0,1:18.254,0,38.835,0,98.4,16:31.762,12:31:31.762,1:20.904,1:18.254,0:38.835,79.6,Francesco CASTELLACCI,,LMGTE Am,,AF Corse,Ferrari,GF,80.904,78.254,38.835,
54,2,7,2:01.300,0,,38.533,0,44.746,0,38.021,2,160.6,18:33.062,12:33:33.062,0:38.533,0:44.746,0:38.021,253.8,Francesco CASTELLACCI,,LMGTE Am,,AF Corse,Ferrari,GF,38.533,44.746,38.021,
54,2,8,2:02.332,0,,38.233,0,44.718,0,39.381,0,159.3,20:35.394,12:35:35.394,0:38.233,0:44.718,0:39.381,256.8,Francesco CASTELLACCI,,LMGTE Am,,AF Corse,Ferrari,GF,38.233,44.718,39.381,
54,2,9,2:00.480,0,,37.887,0,44.559,0,38.034,0,161.7,22:35.874,12:37:35.874,0:37.887,0:44.559,0:38.034,243.0,Francesco CASTELLACCI,,LMGTE Am,,AF Corse,Ferrari,GF,37.887,44.559,38.034,
54,2,10,2:00.400,0,,37.923,0,44.372,2,38.105,0,161.8,24:36.274,12:39:36.274,0:37.923,0:44.372,0:38.105,254.4,Francesco CASTELLACCI,,LMGTE Am,,AF Corse,Ferrari,GF,37.923,44.372,38.105,
54,2,11,3:32.959,0,B,48.971,0,1:21.154,0,1:22.834,0,91.5,28:09.233,12:43:09.233,0:48.971,1:21.154,1:22.834,221.1,Francesco CASTELLACCI,,LMGTE Am,,AF Corse,Ferrari,FCY,48.971,81.154,82.834,
54,2,12,4:24.937,0,,3:01.704,0,45.016,0,38.217,0,73.5,32:34.170,12:47:34.170,3:01.704,0:45.016,0:38.217,159.6,Francesco CASTELLACCI,0:02:27.629,LMGTE Am,,AF Corse,Ferrari,GF,181.704,45.016,38.217,
54,2,13,2:00.330,2,,37.689,2,44.431,0,38.210,0,161.9,34:34.500,12:49:34.500,0:37.689,0:44.431,0:38.210,253.8,Francesco CASTELLACCI,,LMGTE Am,,AF Corse,Ferrari,GF,37.689,44.431,38.210,
54,2,14,2:00.858,0,,38.059,0,44.770,0,38.029,0,161.2,36:35.358,12:51:35.358,0:38.059,0:44.770,0:38.029,258.0,Francesco CASTELLACCI,,LMGTE Am,,AF Corse,Ferrari,GF,38.059,44.770,38.029,
54,2,15,2:01.646,0,,37.735,0,45.616,0,38.295,0,160.2,38:37.004,12:53:37.004,0:37.735,0:45.616,0:38.295,252.6,Francesco CASTELLACCI,,LMGTE Am,,AF Corse,Ferrari,GF,37.735,45.616,38.295,
54,2,16,2:06.199,0,B,37.976,0,44.948,0,43.275,0,154.4,40:43.203,12:55:43.203,0:37.976,0:44.948,0:43.275,250.3,Francesco CASTELLACCI,,LMGTE Am,,AF Corse,Ferrari,GF,37.976,44.948,43.275,
54,1,17,3:55.604,0,,2:24.277,0,50.601,0,40.726,0,82.7,44:38.807,12:59:38.807,2:24.277,0:50.601,0:40.726,154.6,Thomas FLOHR,0:01:48.786,LMGTE Am,,AF Corse,Ferrari,GF,144.277,50.601,40.726,
54,1,18,2:04.014,0,,38.846,0,45.911,0,39.257,0,157.1,46:42.821,13:01:42.821,0:38.846,0:45.911,0:39.257,243.5,Thomas FLOHR,,LMGTE Am,,AF Corse,Ferrari,GF,38.846,45.911,39.257,
54,1,19,2:03.299,0,,38.825,0,45.743,0,38.731,1,158.0,48:46.120,13:03:46.120,0:38.825,0:45.743,0:38.731,258.0,Thomas FLOHR,,LMGTE Am,,AF Corse,Ferrari,GF,38.825,45.743,38.731,
54,1,20,2:04.169,0,,39.310,0,45.652,0,39.207,0,156.9,50:50.289,13:05:50.289,0:39.310,0:45.652,0:39.207,258.0,Thomas FLOHR,,LMGTE Am,,AF Corse,Ferrari,GF,39.310,45.652,39.207,
54,1,21,2:03.149,0,,38.344,0,45.419,1,39.386,0,158.2,52:53.438,13:07:53.438,0:38.344,0:45.419,0:39.386,254.4,Thomas FLOHR,,LMGTE Am,,AF Corse,Ferrari,GF,38.344,45.419,39.386,
54,1,22,2:10.033,0,B,38.785,0,47.143,0,44.105,0,149.8,55:03.471,13:10:03.471,0:38.785,0:47.143,0:44.105,245.2,Thomas FLOHR,,LMGTE Am,,AF Corse,Ferrari,GF,38.785,47.143,44.105,
54,1,23,6:31.570,0,,5:06.179,0,45.815,0,39.576,0,49.8,1:01:35.041,13:16:35.041,5:06.179,0:45.815,0:39.576,161.3,Thomas FLOHR,0:04:31.845,LMGTE Am,,AF Corse,Ferrari,GF,306.179,45.815,39.576,
54,1,24,2:17.782,0,,38.704,0,57.884,0,41.194,0,141.4,1:03:52.823,13:18:52.823,0:38.704,0:57.884,0:41.194,256.8,Thomas FLOHR,,LMGTE Am,,AF Corse,Ferrari,GF,38.704,57.884,41.194,
54,1,25,2:03.280,0,,38.415,0,45.668,0,39.197,0,158.0,1:05:56.103,13:20:56.103,0:38.415,0:45.668,0:39.197,255.0,Thomas FLOHR,,LMGTE Am,,AF Corse,Ferrari,GF,38.415,45.668,39.197,
54,1,26,2:05.330,0,,38.765,0,46.983,0,39.582,0,155.5,1:08:01.433,13:23:01.433,0:38.765,0:46.983,0:39.582,253.2,Thomas FLOHR,,LMGTE Am,,AF Corse,Ferrari,GF,38.765,46.983,39.582,
54,1,27,2:04.196,0,,38.827,0,46.578,0,38.791,0,156.9,1:10:05.629,13:25:05.629,0:38.827,0:46.578,0:38.791,255.6,Thomas FLOHR,,LMGTE Am,,AF Corse,Ferrari,GF,38.827,46.578,38.791,
54,1,28,2:08.245,0,B,38.327,1,45.907,0,44.011,0,151.9,1:12:13.874,13:27:13.874,0:38.327,0:45.907,0:44.011,255.0,Thomas FLOHR,,LMGTE Am,,AF Corse,Ferrari,GF,38.327,45.907,44.011,
54,3,29,3:46.848,0,,2:17.196,0,47.384,0,42.268,0,85.9,1:16:00.722,13:31:00.722,2:17.196,0:47.384,0:42.268,151.8,Nicholas CASSIDY,0:01:41.377,LMGTE Am,,AF Corse,Ferrari,GF,137.196,47.384,42.268,
54,3,30,2:04.837,0,,38.837,0,46.719,0,39.281,0,156.1,1:18:05.559,13:33:05.559,0:38.837,0:46.719,0:39.281,234.5,Nicholas CASSIDY,,LMGTE Am,,AF Corse,Ferrari,GF,38.837,46.719,39.281,
54,3,31,2:04.644,0,,38.959,0,46.469,0,39.216,0,156.3,1:20:10.203,13:35:10.203,0:38.959,0:46.469,0:39.216,254.4,Nicholas CASSIDY,,LMGTE Am,,AF Corse,Ferrari,GF,38.959,46.469,39.216,
54,3,32,2:03.303,0,,38.405,0,45.940,0,38.958,1,158.0,1:22:13.506,13:37:13.506,0:38.405,0:45.940,0:38.958,249.7,Nicholas CASSIDY,,LMGTE Am,,AF Corse,Ferrari,GF,38.405,45.940,38.958,
54,3,33,2:02.979,0,,38.395,0,45.554,0,39.030,0,158.4,1:24:16.485,13:39:16.485,0:38.395,0:45.554,0:39.030,242.4,Nicholas CASSIDY,,LMGTE Am,,AF Corse,Ferrari,GF,38.395,45.554,39.030,
54,3,34,2:05.532,0,,38.505,0,47.617,0,39.410,0,155.2,1:26:22.017,13:41:22.017,0:38.505,0:47.617,0:39.410,245.7,Nicholas CASSIDY,,LMGTE Am,,AF Corse,Ferrari,GF,38.505,47.617,39.410,
54,3,35,2:03.057,0,,38.375,0,45.695,0,38.987,0,158.3,1:28:25.074,13:43:25.074,0:38.375,0:45.695,0:38.987,246.8,Nicholas CASSIDY,,LMGTE Am,,AF Corse,Ferrari,GF,38.375,45.695,38.987,
54,3,36,2:02.824,0,,38.242,1,45.503,1,39.079,0,158.6,1:30:27.898,13:45:27.898,0:38.242,0:45.503,0:39.079,250.8,Nicholas CASSIDY,,LMGTE Am,,AF Corse,Ferrari,FF,38.242,45.503,39.079,
56,3,1,3:53.447,0,,2:23.186,0,49.000,0,41.261,0,79.6,3:53.447,12:18:53.447,2:23.186,0:49.000,0:41.261,106.3,Ben BARNICOAT,0:01:41.254,LMGTE Am,,Team Project 1,Porsche,GF,143.186,49.000,41.261,
56,3,2,2:04.820,0,,38.315,0,46.907,0,39.598,0,156.1,5:58.267,12:20:58.267,0:38.315,0:46.907,0:39.598,254.4,Ben BARNICOAT,,LMGTE Am,,Team Project 1,Porsche,GF,38.315,46.907,39.598,
56,3,3,2:03.976,0,,37.692,0,44.823,0,41.461,0,157.2,8:02.243,12:23:02.243,0:37.692,0:44.823,0:41.461,256.2,Ben BARNICOAT,,LMGTE Am,,Team Project 1,Porsche,GF,37.692,44.823,41.461,
56,3,4,2:01.525,0,,37.999,0,44.998,0,38.528,0,160.3,10:03.768,12:25:03.768,0:37.999,0:44.998,0:38.528,259.9,Ben BARNICOAT,,LMGTE Am,,Team Project 1,Porsche,GF,37.999,44.998,38.528,
56,3,5,3:10.542,0,,39.444,0,1:09.667,0,1:21.431,0,102.3,13:14.310,12:28:14.310,0:39.444,1:09.667,1:21.431,214.2,Ben BARNICOAT,,LMGTE Am,,Team Project 1,Porsche,FCY,39.444,69.667,81.431,
56,3,6,3:20.142,0,,1:21.152,0,1:18.447,0,40.543,0,97.3,16:34.452,12:31:34.452,1:21.152,1:18.447,0:40.543,79.8,Ben BARNICOAT,,LMGTE Am,,Team Project 1,Porsche,GF,81.152,78.447,40.543,
56,3,7,2:00.221,0,,37.745,0,44.546,0,37.930,2,162.1,18:34.673,12:33:34.673,0:37.745,0:44.546,0:37.930,250.3,Ben BARNICOAT,,LMGTE Am,,Team Project 1,Porsche,GF,37.745,44.546,37.930,
56,3,8,2:08.120,0,B,38.887,0,45.543,0,43.690,0,152.1,20:42.793,12:35:42.793,0:38.887,0:45.543,0:43.690,218.5,Ben BARNICOAT,,LMGTE Am,,Team Project 1,Porsche,GF,38.887,45.543,43.690,
56,3,9,7:35.804,0,,4:53.228,0,1:21.309,0,1:21.267,0,42.7,28:18.597,12:43:18.597,4:53.228,1:21.309,1:21.267,98.3,Ben BARNICOAT,0:03:57.785,LMGTE Am,,Team Project 1,Porsche,FCY,293.228,81.309,81.267,
56,3,10,2:44.355,0,,1:18.188,0,46.462,0,39.705,0,118.5,31:02.952,12:46:02.952,1:18.188,0:46.462,0:39.705,79.8,Ben BARNICOAT,,LMGTE Am,,Team Project 1,Porsche,GF,78.188,46.462,39.705,
56,3,11,1:59.636,2,,37.560,2,44.114,2,37.962,0,162.9,33:02.588,12:48:02.588,0:37.560,0:44.114,0:37.962,258.0,Ben BARNICOAT,,LMGTE Am,,Team Project 1,Porsche,GF,37.560,44.114,37.962,
56,3,12,2:01.262,0,,37.725,0,44.561,0,38.976,0,160.7,35:03.850,12:50:03.850,0:37.725,0:44.561,0:38.976,258.6,Ben BARNICOAT,,LMGTE Am,,Team Project 1,Porsche,GF,37.725,44.561,38.976,
56,3,13,2:06.522,0,B,38.395,0,45.165,0,42.962,0,154.0,37:10.372,12:52:10.372,0:38.395,0:45.165,0:42.962,246.3,Ben BARNICOAT,,LMGTE Am,,Team Project 1,Porsche,GF,38.395,45.165,42.962,
56,2,14,5:28.471,0,,4:02.253,0,47.087,0,39.131,0,59.3,42:38.843,12:57:38.843,4:02.253,0:47.087,0:39.131,159.6,Gunnar JEANNETTE,0:03:27.404,LMGTE Am,,Team Project 1,Porsche,GF,242.253,47.087,39.131,
56,2,15,2:04.570,0,,39.239,0,46.287,0,39.044,0,156.4,44:43.413,12:59:43.413,0:39.239,0:46.287,0:39.044,245.7,Gunnar JEANNETTE,,LMGTE Am,,Team Project 1,Porsche,GF,39.239,46.287,39.044,
56,2,16,2:03.405,0,,38.710,0,45.927,0,38.768,0,157.9,46:46.818,13:01:46.818,0:38.710,0:45.927,0:38.768,256.2,Gunnar JEANNETTE,,LMGTE Am,,Team Project 1,Porsche,GF,38.710,45.927,38.768,
56,2,17,2:02.896,0,,38.486,0,45.726,0,38.684,1,158.5,48:49.714,13:03:49.714,0:38.486,0:45.726,0:38.684,256.8,Gunnar JEANNETTE,,LMGTE Am,,Team Project 1,Porsche,GF,38.486,45.726,38.684,
56,2,18,2:02.930,0,,38.158,0,45.957,0,38.815,0,158.5,50:52.644,13:05:52.644,0:38.158,0:45.957,0:38.815,249.7,Gunnar JEANNETTE,,LMGTE Am,,Team Project 1,Porsche,GF,38.158,45.957,38.815,
56,2,19,2:03.284,0,,38.092,1,45.460,1,39.732,0,158.0,52:55.928,13:07:55.928,0:38.092,0:45.460,0:39.732,255.6,Gunnar JEANNETTE,,LMGTE Am,,Team Project 1,Porsche,GF,38.092,45.460,39.732,
56,2,20,2:04.220,0,,38.562,0,46.507,0,39.151,0,156.8,55:00.148,13:10:00.148,0:38.562,0:46.507,0:39.151,257.4,Gunnar JEANNETTE,,LMGTE Am,,Team Project 1,Porsche,GF,38.562,46.507,39.151,
56,2,21,2:08.752,0,B,38.685,0,46.712,0,43.355,0,151.3,57:08.900,13:12:08.900,0:38.685,0:46.712,0:43.355,250.3,Gunnar JEANNETTE,,LMGTE Am,,Team Project 1,Porsche,GF,38.685,46.712,43.355,
56,1,22,4:08.127,0,,2:14.220,0,47.823,0,1:06.084,0,78.5,1:01:17.027,13:16:17.027,2:14.220,0:47.823,1:06.084,160.1,Phillip HYETT,0:01:39.744,LMGTE Am,,Team Project 1,Porsche,GF,134.220,47.823,66.084,
56,1,23,2:08.972,0,,40.447,0,47.847,0,40.678,0,151.1,1:03:25.999,13:18:25.999,0:40.447,0:47.847,0:40.678,194.9,Phillip HYETT,,LMGTE Am,,Team Project 1,Porsche,GF,40.447,47.847,40.678,
56,1,24,2:07.384,0,,39.742,0,47.609,0,40.033,0,152.9,1:05:33.383,13:20:33.383,0:39.742,0:47.609,0:40.033,221.1,Phillip HYETT,,LMGTE Am,,Team Project 1,Porsche,GF,39.742,47.609,40.033,
56,1,25,2:10.365,0,,39.515,0,49.561,0,41.289,0,149.5,1:07:43.748,13:22:43.748,0:39.515,0:49.561,0:41.289,221.6,Phillip HYETT,,LMGTE Am,,Team Project 1,Porsche,GF,39.515,49.561,41.289,
56,1,26,2:07.156,0,,39.154,0,47.398,0,40.604,0,153.2,1:09:50.904,13:24:50.904,0:39.154,0:47.398,0:40.604,237.1,Phillip HYETT,,LMGTE Am,,Team Project 1,Porsche,GF,39.154,47.398,40.604,
56,1,27,2:06.635,0,,39.329,0,47.412,0,39.894,0,153.9,1:11:57.539,13:26:57.539,0:39.329,0:47.412,0:39.894,233.0,Phillip HYETT,,LMGTE Am,,Team Project 1,Porsche,GF,39.329,47.412,39.894,
56,1,28,2:08.278,0,,40.028,0,48.244,0,40.006,0,151.9,1:14:05.817,13:29:05.817,0:40.028,0:48.244,0:40.006,234.0,Phillip HYETT,,LMGTE Am,,Team Project 1,Porsche,GF,40.028,48.244,40.006,
56,1,29,2:06.760,0,,39.455,0,47.228,0,40.077,0,153.7,1:16:12.577,13:31:12.577,0:39.455,0:47.228,0:40.077,222.0,Phillip HYETT,,LMGTE Am,,Team Project 1,Porsche,GF,39.455,47.228,40.077,
56,1,30,2:06.214,0,,39.239,0,47.349,0,39.626,0,154.4,1:18:18.791,13:33:18.791,0:39.239,0:47.349,0:39.626,241.9,Phillip HYETT,,LMGTE Am,,Team Project 1,Porsche,GF,39.239,47.349,39.626,
56,1,31,2:06.216,0,,39.065,0,47.103,0,40.048,0,154.4,1:20:25.007,13:35:25.007,0:39.065,0:47.103,0:40.048,231.5,Phillip HYETT,,LMGTE Am,,Team Project 1,Porsche,GF,39.065,47.103,40.048,
56,1,32,2:05.943,0,,38.981,0,46.822,0,40.140,0,154.7,1:22:30.950,13:37:30.950,0:38.981,0:46.822,0:40.140,231.5,Phillip HYETT,,LMGTE Am,,Team Project 1,Porsche,GF,38.981,46.822,40.140,
56,1,33,2:05.734,0,,38.888,0,46.792,1,40.054,0,155.0,1:24:36.684,13:39:36.684,0:38.888,0:46.792,0:40.054,231.0,Phillip HYETT,,LMGTE Am,,Team Project 1,Porsche,GF,38.888,46.792,40.054,
56,1,34,2:05.141,0,,38.805,1,46.805,0,39.531,0,155.7,1:26:41.825,13:41:41.825,0:38.805,0:46.805,0:39.531,245.7,Phillip HYETT,,LMGTE Am,,Team Project 1,Porsche,GF,38.805,46.805,39.531,
56,1,35,2:06.280,0,,39.838,0,46.855,0,39.587,0,154.3,1:28:48.105,13:43:48.105,0:39.838,0:46.855,0:39.587,238.7,Phillip HYETT,,LMGTE Am,,Team Project 1,Porsche,GF,39.838,46.855,39.587,
56,1,36,2:05.252,0,,38.881,0,46.859,0,39.512,1,155.6,1:30:53.357,13:45:53.357,0:38.881,0:46.859,0:39.512,244.1,Phillip HYETT,,LMGTE Am,,Team Project 1,Porsche,FF,38.881,46.859,39.512,
60,3,1,2:30.497,0,B,53.340,0,50.194,0,46.963,0,123.5,2:30.497,12:17:30.497,0:53.340,0:50.194,0:46.963,137.0,Giancarlo FISICHELLA,0:00:14.329,LMGTE Am,,Iron Lynx,Ferrari,GF,53.340,50.194,46.963,
60,3,2,3:43.446,0,,2:16.396,0,47.366,0,39.684,0,87.2,6:13.943,12:21:13.943,2:16.396,0:47.366,0:39.684,158.7,Giancarlo FISICHELLA,0:01:41.369,LMGTE Am,,Iron Lynx,Ferrari,GF,136.396,47.366,39.684,
60,3,3,2:01.906,0,,38.324,0,44.988,0,38.594,0,159.8,8:15.849,12:23:15.849,0:38.324,0:44.988,0:38.594,238.7,Giancarlo FISICHELLA,,LMGTE Am,,Iron Lynx,Ferrari,GF,38.324,44.988,38.594,
60,3,4,2:03.330,0,,39.493,0,45.140,0,38.697,0,158.0,10:19.179,12:25:19.179,0:39.493,0:45.140,0:38.697,256.8,Giancarlo FISICHELLA,,LMGTE Am,,Iron Lynx,Ferrari,GF,39.493,45.140,38.697,
60,3,5,3:17.852,0,,38.144,0,1:18.413,0,1:21.295,0,98.5,13:37.031,12:28:37.031,0:38.144,1:18.413,1:21.295,252.0,Giancarlo FISICHELLA,,LMGTE Am,,Iron Lynx,Ferrari,FCY,38.144,78.413,81.295,
60,3,6,3:05.232,0,,1:20.512,0,1:06.092,0,38.628,0,105.2,16:42.263,12:31:42.263,1:20.512,1:06.092,0:38.628,79.8,Giancarlo FISICHELLA,,LMGTE Am,,Iron Lynx,Ferrari,GF,80.512,66.092,38.628,
60,3,7,2:01.666,2,,37.744,2,45.296,0,38.626,0,160.1,18:43.929,12:33:43.929,0:37.744,0:45.296,0:38.626,249.1,Giancarlo FISICHELLA,,LMGTE Am,,Iron Lynx,Ferrari,GF,37.744,45.296,38.626,
60,3,8,2:08.102,0,B,38.924,0,45.245,0,43.933,0,152.1,20:52.031,12:35:52.031,0:38.924,0:45.245,0:43.933,249.1,Giancarlo FISICHELLA,,LMGTE Am,,Iron Lynx,Ferrari,GF,38.924,45.245,43.933,
60,3,9,9:01.761,0,,6:37.098,0,1:20.763,0,1:03.900,0,36.0,29:53.792,12:44:53.792,6:37.098,1:20.763,1:03.900,79.8,Giancarlo FISICHELLA,0:05:35.453,LMGTE Am,,Iron Lynx,Ferrari,GF,397.098,80.763,63.900,
60,3,10,2:01.677,0,,38.538,0,44.856,2,38.283,2,160.1,31:55.469,12:46:55.469,0:38.538,0:44.856,0:38.283,237.6,Giancarlo FISICHELLA,,LMGTE Am,,Iron Lynx,Ferrari,GF,38.538,44.856,38.283,
60,3,11,2:02.203,0,,38.409,0,44.943,0,38.851,0,159.4,33:57.672,12:48:57.672,0:38.409,0:44.943,0:38.851,244.6,Giancarlo FISICHELLA,,LMGTE Am,,Iron Lynx,Ferrari,GF,38.409,44.943,38.851,
60,3,12,2:02.560,0,,38.362,0,45.403,0,38.795,0,159.0,36:00.232,12:51:00.232,0:38.362,0:45.403,0:38.795,250.8,Giancarlo FISICHELLA,,LMGTE Am,,Iron Lynx,Ferrari,GF,38.362,45.403,38.795,
60,3,13,2:06.573,0,B,38.325,0,45.285,0,42.963,0,153.9,38:06.805,12:53:06.805,0:38.325,0:45.285,0:42.963,237.6,Giancarlo FISICHELLA,,LMGTE Am,,Iron Lynx,Ferrari,GF,38.325,45.285,42.963,
60,1,14,4:37.696,0,,3:07.515,0,48.326,0,41.855,0,70.2,42:44.501,12:57:44.501,3:07.515,0:48.326,0:41.855,154.4,Claudio SCHIAVONI,0:02:29.770,LMGTE Am,,Iron Lynx,Ferrari,GF,187.515,48.326,41.855,
60,1,15,2:08.572,0,,39.199,1,47.205,1,42.168,0,151.5,44:53.073,12:59:53.073,0:39.199,0:47.205,0:42.168,232.5,Claudio SCHIAVONI,,LMGTE Am,,Iron Lynx,Ferrari,GF,39.199,47.205,42.168,
60,1,16,2:09.998,0,,39.979,0,47.726,0,42.293,0,149.9,47:03.071,13:02:03.071,0:39.979,0:47.726,0:42.293,238.7,Claudio SCHIAVONI,,LMGTE Am,,Iron Lynx,Ferrari,GF,39.979,47.726,42.293,
60,1,17,2:10.935,0,,40.202,0,49.219,0,41.514,0,148.8,49:14.006,13:04:14.006,0:40.202,0:49.219,0:41.514,241.3,Claudio SCHIAVONI,,LMGTE Am,,Iron Lynx,Ferrari,GF,40.202,49.219,41.514,
60,1,18,2:08.073,0,,39.643,0,47.749,0,40.681,0,152.1,51:22.079,13:06:22.079,0:39.643,0:47.749,0:40.681,230.6,Claudio SCHIAVONI,,LMGTE Am,,Iron Lynx,Ferrari,GF,39.643,47.749,40.681,
60,1,19,2:07.501,0,,39.869,0,47.309,0,40.323,1,152.8,53:29.580,13:08:29.580,0:39.869,0:47.309,0:40.323,233.0,Claudio SCHIAVONI,,LMGTE Am,,Iron Lynx,Ferrari,GF,39.869,47.309,40.323,
60,1,20,2:08.847,0,,39.650,0,48.175,0,41.022,0,151.2,55:38.427,13:10:38.427,0:39.650,0:48.175,0:41.022,233.5,Claudio SCHIAVONI,,LMGTE Am,,Iron Lynx,Ferrari,GF,39.650,48.175,41.022,
60,1,21,2:08.234,0,,39.984,0,47.405,0,40.845,0,151.9,57:46.661,13:12:46.661,0:39.984,0:47.405,0:40.845,231.5,Claudio SCHIAVONI,,LMGTE Am,,Iron Lynx,Ferrari,GF,39.984,47.405,40.845,
60,1,22,2:39.079,0,,39.435,0,1:18.503,0,41.141,0,122.5,1:00:25.740,13:15:25.740,0:39.435,1:18.503,0:41.141,241.3,Claudio SCHIAVONI,,LMGTE Am,,Iron Lynx,Ferrari,GF,39.435,78.503,41.141,
60,1,23,2:08.051,0,,39.899,0,47.523,0,40.629,0,152.2,1:02:33.791,13:17:33.791,0:39.899,0:47.523,0:40.629,231.0,Claudio SCHIAVONI,,LMGTE Am,,Iron Lynx,Ferrari,GF,39.899,47.523,40.629,
60,1,24,2:15.894,0,B,40.879,0,48.191,0,46.824,0,143.4,1:04:49.685,13:19:49.685,0:40.879,0:48.191,0:46.824,233.5,Claudio SCHIAVONI,,LMGTE Am,,Iron Lynx,Ferrari,GF,40.879,48.191,46.824,
60,2,25,3:32.336,0,,2:06.091,0,46.519,0,39.726,0,91.8,1:08:22.021,13:23:22.021,2:06.091,0:46.519,0:39.726,161.5,Matteo CRESSONI,0:01:32.184,LMGTE Am,,Iron Lynx,Ferrari,GF,126.091,46.519,39.726,
60,2,26,2:03.786,0,,38.452,1,46.012,0,39.322,1,157.4,1:10:25.807,13:25:25.807,0:38.452,0:46.012,0:39.322,241.9,Matteo CRESSONI,,LMGTE Am,,Iron Lynx,Ferrari,GF,38.452,46.012,39.322,
60,2,27,2:03.588,0,,38.503,0,45.714,1,39.371,0,157.6,1:12:29.395,13:27:29.395,0:38.503,0:45.714,0:39.371,248.0,Matteo CRESSONI,,LMGTE Am,,Iron Lynx,Ferrari,GF,38.503,45.714,39.371,
60,2,28,2:09.349,0,B,38.563,0,46.957,0,43.829,0,150.6,1:14:38.744,13:29:38.744,0:38.563,0:46.957,0:43.829,250.8,Matteo CRESSONI,,LMGTE Am,,Iron Lynx,Ferrari,GF,38.563,46.957,43.829,
60,2,29,5:33.130,0,,4:03.378,0,49.919,0,39.833,0,58.5,1:20:11.874,13:35:11.874,4:03.378,0:49.919,0:39.833,158.7,Matteo CRESSONI,0:03:28.766,LMGTE Am,,Iron Lynx,Ferrari,GF,243.378,49.919,39.833,
60,2,30,2:05.161,0,,38.817,0,46.573,0,39.771,0,155.7,1:22:17.035,13:37:17.035,0:38.817,0:46.573,0:39.771,240.3,Matteo CRESSONI,,LMGTE Am,,Iron Lynx,Ferrari,GF,38.817,46.573,39.771,
60,2,31,2:04.796,0,,38.897,0,46.216,0,39.683,0,156.1,1:24:21.831,13:39:21.831,0:38.897,0:46.216,0:39.683,239.7,Matteo CRESSONI,,LMGTE Am,,Iron Lynx,Ferrari,GF,38.897,46.216,39.683,
60,2,32,2:06.856,0,,39.065,0,46.410,0,41.381,0,153.6,1:26:28.687,13:41:28.687,0:39.065,0:46.410,0:41.381,238.7,Matteo CRESSONI,,LMGTE Am,,Iron Lynx,Ferrari,GF,39.065,46.410,41.381,
60,2,33,2:05.075,0,,39.131,0,46.405,0,39.539,0,155.8,1:28:33.762,13:43:33.762,0:39.131,0:46.405,0:39.539,237.1,Matteo CRESSONI,,LMGTE Am,,Iron Lynx,Ferrari,GF,39.131,46.405,39.539,
60,2,34,2:10.930,0,B,38.977,0,47.871,0,44.082,0,148.8,1:30:44.692,13:45:44.692,0:38.977,0:47.871,0:44.082,234.5,Matteo CRESSONI,,LMGTE Am,,Iron Lynx,Ferrari,FF,38.977,47.871,44.082,
64,2,1,4:19.767,0,B,2:48.786,0,47.776,0,43.205,0,71.6,4:19.767,12:19:19.767,2:48.786,0:47.776,0:43.205,137.9,Nick TANDY,0:02:09.700,LMGTE Pro,,Corvette Racing,Chevrolet,GF,168.786,47.776,43.205,
64,2,2,3:36.656,0,,2:12.894,0,45.636,0,38.126,0,89.9,7:56.423,12:22:56.423,2:12.894,0:45.636,0:38.126,149.5,Nick TANDY,0:01:37.274,LMGTE Pro,,Corvette Racing,Chevrolet,GF,132.894,45.636,38.126,
64,2,3,2:00.615,0,,37.981,0,44.539,0,38.095,0,161.5,9:57.038,12:24:57.038,0:37.981,0:44.539,0:38.095,237.6,Nick TANDY,,LMGTE Pro,,Corvette Racing,Chevrolet,GF,37.981,44.539,38.095,
64,2,4,3:01.978,0,,37.665,0,1:03.440,0,1:20.873,0,107.1,12:59.016,12:27:59.016,0:37.665,1:03.440,1:20.873,254.4,Nick TANDY,,LMGTE Pro,,Corvette Racing,Chevrolet,FCY,37.665,63.440,80.873,
64,2,5,3:24.654,0,,1:19.922,0,1:21.641,0,43.091,0,95.2,16:23.670,12:31:23.670,1:19.922,1:21.641,0:43.091,80.6,Nick TANDY,,LMGTE Pro,,Corvette Racing,Chevrolet,GF,79.922,81.641,43.091,
64,2,6,2:00.287,0,,37.693,0,44.437,0,38.157,0,162.0,18:23.957,12:33:23.957,0:37.693,0:44.437,0:38.157,252.6,Nick TANDY,,LMGTE Pro,,Corvette Racing,Chevrolet,GF,37.693,44.437,38.157,
64,2,7,1:59.459,2,,37.410,0,44.232,0,37.817,2,163.1,20:23.416,12:35:23.416,0:37.410,0:44.232,0:37.817,257.4,Nick TANDY,,LMGTE Pro,,Corvette Racing,Chevrolet,GF,37.410,44.232,37.817,
64,2,8,1:59.583,0,,37.769,0,43.980,0,37.834,0,162.9,22:22.999,12:37:22.999,0:37.769,0:43.980,0:37.834,253.8,Nick TANDY,,LMGTE Pro,,Corvette Racing,Chevrolet,GF,37.769,43.980,37.834,
64,2,9,2:00.181,0,,37.411,0,44.312,0,38.458,0,162.1,24:23.180,12:39:23.180,0:37.411,0:44.312,0:38.458,259.9,Nick TANDY,,LMGTE Pro,,Corvette Racing,Chevrolet,GF,37.411,44.312,38.458,
64,2,10,3:17.527,0,B,37.378,2,1:18.498,0,1:21.651,0,98.6,27:40.707,12:42:40.707,0:37.378,1:18.498,1:21.651,258.6,Nick TANDY,,LMGTE Pro,,Corvette Racing,Chevrolet,FCY,37.378,78.498,81.651,
64,2,11,9:42.179,0,,8:16.104,0,44.420,0,41.655,0,33.5,37:22.886,12:52:22.886,8:16.104,0:44.420,0:41.655,163.9,Nick TANDY,0:07:43.458,LMGTE Pro,,Corvette Racing,Chevrolet,GF,496.104,44.420,41.655,
64,2,12,2:00.544,0,,37.952,0,44.570,0,38.022,0,161.6,39:23.430,12:54:23.430,0:37.952,0:44.570,0:38.022,252.0,Nick TANDY,,LMGTE Pro,,Corvette Racing,Chevrolet,GF,37.952,44.570,38.022,
64,2,13,1:59.921,0,,37.556,0,43.950,2,38.415,0,162.5,41:23.351,12:56:23.351,0:37.556,0:43.950,0:38.415,259.2,Nick TANDY,,LMGTE Pro,,Corvette Racing,Chevrolet,GF,37.556,43.950,38.415,
64,2,14,2:03.776,0,,38.762,0,45.136,0,39.878,0,157.4,43:27.127,12:58:27.127,0:38.762,0:45.136,0:39.878,240.8,Nick TANDY,,LMGTE Pro,,Corvette Racing,Chevrolet,GF,38.762,45.136,39.878,
64,2,15,2:00.123,0,,37.580,0,44.412,0,38.131,0,162.2,45:27.250,13:00:27.250,0:37.580,0:44.412,0:38.131,256.2,Nick TANDY,,LMGTE Pro,,Corvette Racing,Chevrolet,GF,37.580,44.412,38.131,
64,2,16,2:00.151,0,,37.532,0,44.304,0,38.315,0,162.2,47:27.401,13:02:27.401,0:37.532,0:44.304,0:38.315,258.6,Nick TANDY,,LMGTE Pro,,Corvette Racing,Chevrolet,GF,37.532,44.304,38.315,
64,2,17,2:00.076,0,,37.575,0,44.348,0,38.153,0,162.3,49:27.477,13:04:27.477,0:37.575,0:44.348,0:38.153,259.2,Nick TANDY,,LMGTE Pro,,Corvette Racing,Chevrolet,GF,37.575,44.348,38.153,
64,2,18,2:04.585,0,B,38.037,0,44.367,0,42.181,0,156.4,51:32.062,13:06:32.062,0:38.037,0:44.367,0:42.181,256.8,Nick TANDY,,LMGTE Pro,,Corvette Racing,Chevrolet,GF,38.037,44.367,42.181,
64,1,19,6:31.460,0,,5:06.714,0,45.387,0,39.359,0,49.8,58:03.522,13:13:03.522,5:06.714,0:45.387,0:39.359,164.2,Tommy MILNER,0:04:33.204,LMGTE Pro,,Corvette Racing,Chevrolet,GF,306.714,45.387,39.359,
64,1,20,2:02.339,0,,38.069,0,45.477,0,38.793,0,159.3,1:00:05.861,13:15:05.861,0:38.069,0:45.477,0:38.793,236.1,Tommy MILNER,,LMGTE Pro,,Corvette Racing,Chevrolet,GF,38.069,45.477,38.793,
64,1,21,2:03.202,0,,38.199,0,46.329,0,38.674,0,158.1,1:02:09.063,13:17:09.063,0:38.199,0:46.329,0:38.674,248.0,Tommy MILNER,,LMGTE Pro,,Corvette Racing,Chevrolet,GF,38.199,46.329,38.674,
64,1,22,2:01.670,0,,37.993,1,45.034,1,38.643,0,160.1,1:04:10.733,13:19:10.733,0:37.993,0:45.034,0:38.643,255.0,Tommy MILNER,,LMGTE Pro,,Corvette Racing,Chevrolet,GF,37.993,45.034,38.643,
64,1,23,2:02.364,0,,38.185,0,45.390,0,38.789,0,159.2,1:06:13.097,13:21:13.097,0:38.185,0:45.390,0:38.789,243.0,Tommy MILNER,,LMGTE Pro,,Corvette Racing,Chevrolet,GF,38.185,45.390,38.789,
64,1,24,2:02.006,0,,38.384,0,45.138,0,38.484,1,159.7,1:08:15.103,13:23:15.103,0:38.384,0:45.138,0:38.484,235.6,Tommy MILNER,,LMGTE Pro,,Corvette Racing,Chevrolet,GF,38.384,45.138,38.484,
64,1,25,2:02.431,0,,38.255,0,45.206,0,38.970,0,159.1,1:10:17.534,13:25:17.534,0:38.255,0:45.206,0:38.970,248.0,Tommy MILNER,,LMGTE Pro,,Corvette Racing,Chevrolet,GF,38.255,45.206,38.970,
64,1,26,2:02.355,0,,38.189,0,45.282,0,38.884,0,159.2,1:12:19.889,13:27:19.889,0:38.189,0:45.282,0:38.884,246.3,Tommy MILNER,,LMGTE Pro,,Corvette Racing,Chevrolet,GF,38.189,45.282,38.884,
64,1,27,2:03.164,0,,38.166,0,45.600,0,39.398,0,158.2,1:14:23.053,13:29:23.053,0:38.166,0:45.600,0:39.398,245.2,Tommy MILNER,,LMGTE Pro,,Corvette Racing,Chevrolet,GF,38.166,45.600,39.398,
64,1,28,2:07.008,0,B,38.444,0,45.545,0,43.019,0,153.4,1:16:30.061,13:31:30.061,0:38.444,0:45.545,0:43.019,242.4,Tommy MILNER,,LMGTE Pro,,Corvette Racing,Chevrolet,GF,38.444,45.545,43.019,
64,1,29,4:59.594,0,,3:34.776,0,45.608,0,39.210,0,65.0,1:21:29.655,13:36:29.655,3:34.776,0:45.608,0:39.210,163.4,Tommy MILNER,0:03:01.386,LMGTE Pro,,Corvette Racing,Chevrolet,GF,214.776,45.608,39.210,
64,1,30,2:03.404,0,,38.655,0,45.535,0,39.214,0,157.9,1:23:33.059,13:38:33.059,0:38.655,0:45.535,0:39.214,241.3,Tommy MILNER,,LMGTE Pro,,Corvette Racing,Chevrolet,GF,38.655,45.535,39.214,
64,1,31,2:03.064,0,,38.441,0,45.545,0,39.078,0,158.3,1:25:36.123,13:40:36.123,0:38.441,0:45.545,0:39.078,241.9,Tommy MILNER,,LMGTE Pro,,Corvette Racing,Chevrolet,GF,38.441,45.545,39.078,
64,1,32,2:03.232,0,,38.457,0,45.804,0,38.971,0,158.1,1:27:39.355,13:42:39.355,0:38.457,0:45.804,0:38.971,247.4,Tommy MILNER,,LMGTE Pro,,Corvette Racing,Chevrolet,GF,38.457,45.804,38.971,
64,1,33,2:04.016,0,,39.005,0,45.932,0,39.079,0,157.1,1:29:43.371,13:44:43.371,0:39.005,0:45.932,0:39.079,235.6,Tommy MILNER,,LMGTE Pro,,Corvette Racing,Chevrolet,GF,39.005,45.932,39.079,
64,1,34,2:13.722,0,B,38.684,0,46.114,0,48.924,0,145.7,1:31:57.093,13:46:57.093,0:38.684,0:46.114,0:48.924,250.3,Tommy MILNER,,LMGTE Pro,,Corvette Racing,Chevrolet,FF,38.684,46.114,48.924,
7,2,1,2:08.335,0,,46.502,0,45.771,0,36.062,0,144.8,2:08.335,12:17:08.335,0:46.502,0:45.771,0:36.062,165.9,Kamui KOBAYASHI,0:00:08.985,HYPERCAR,H,Toyota Gazoo Racing,Toyota,GF,46.502,45.771,36.062,
7,2,2,1:52.705,0,,35.215,0,42.180,0,35.310,0,172.9,4:01.040,12:19:01.040,0:35.215,0:42.180,0:35.310,253.2,Kamui KOBAYASHI,,HYPERCAR,H,Toyota Gazoo Racing,Toyota,GF,35.215,42.180,35.310,
7,2,3,1:52.737,0,,35.220,0,42.453,0,35.064,2,172.8,5:53.777,12:20:53.777,0:35.220,0:42.453,0:35.064,264.9,Kamui KOBAYASHI,,HYPERCAR,H,Toyota Gazoo Racing,Toyota,GF,35.220,42.453,35.064,
7,2,4,1:52.892,0,,35.086,0,42.404,0,35.402,0,172.6,7:46.669,12:22:46.669,0:35.086,0:42.404,0:35.402,270.2,Kamui KOBAYASHI,,HYPERCAR,H,Toyota Gazoo Racing,Toyota,GF,35.086,42.404,35.402,
7,2,5,1:55.324,0,,36.279,0,43.363,0,35.682,0,168.9,9:41.993,12:24:41.993,0:36.279,0:43.363,0:35.682,272.3,Kamui KOBAYASHI,,HYPERCAR,H,Toyota Gazoo Racing,Toyota,GF,36.279,43.363,35.682,
7,2,6,2:33.519,0,,35.197,0,42.246,0,1:16.076,0,126.9,12:15.512,12:27:15.512,0:35.197,0:42.246,1:16.076,266.9,Kamui KOBAYASHI,,HYPERCAR,H,Toyota Gazoo Racing,Toyota,FCY,35.197,42.246,76.076,
7,2,7,3:46.591,0,,1:20.005,0,1:20.497,0,1:06.089,0,86.0,16:02.103,12:31:02.103,1:20.005,1:20.497,1:06.089,80.1,Kamui KOBAYASHI,,HYPERCAR,H,Toyota Gazoo Racing,Toyota,GF,80.005,80.497,66.089,
7,2,8,1:52.542,0,,35.180,0,42.245,0,35.117,0,173.1,17:54.645,12:32:54.645,0:35.180,0:42.245,0:35.117,260.5,Kamui KOBAYASHI,,HYPERCAR,H,Toyota Gazoo Racing,Toyota,GF,35.180,42.245,35.117,
7,2,9,1:51.675,2,,34.755,2,41.745,2,35.175,0,174.5,19:46.320,12:34:46.320,0:34.755,0:41.745,0:35.175,270.9,Kamui KOBAYASHI,,HYPERCAR,H,Toyota Gazoo Racing,Toyota,GF,34.755,41.745,35.175,
7,2,10,1:57.138,0,B,34.856,0,42.251,0,40.031,0,166.3,21:43.458,12:36:43.458,0:34.856,0:42.251,0:40.031,277.8,Kamui KOBAYASHI,,HYPERCAR,H,Toyota Gazoo Racing,Toyota,GF,34.856,42.251,40.031,
7,3,11,4:54.668,0,,2:43.115,0,50.504,0,1:21.049,0,66.1,26:38.126,12:41:38.126,2:43.115,0:50.504,1:21.049,163.9,Jose Maria LOPEZ,0:02:10.488,HYPERCAR,H,Toyota Gazoo Racing,Toyota,FCY,163.115,50.504,81.049,
7,3,12,3:25.403,0,,1:19.968,0,1:20.393,0,45.042,0,94.9,30:03.529,12:45:03.529,1:19.968,1:20.393,0:45.042,80.1,Jose Maria LOPEZ,,HYPERCAR,H,Toyota Gazoo Racing,Toyota,GF,79.968,80.393,45.042,
7,3,13,1:52.921,0,,35.289,0,42.078,0,35.554,0,172.5,31:56.450,12:46:56.450,0:35.289,0:42.078,0:35.554,262.4,Jose Maria LOPEZ,,HYPERCAR,H,Toyota Gazoo Racing,Toyota,GF,35.289,42.078,35.554,
7,3,14,1:52.259,0,,34.947,1,41.963,0,35.349,0,173.6,33:48.709,12:48:48.709,0:34.947,0:41.963,0:35.349,265.6,Jose Maria LOPEZ,,HYPERCAR,H,Toyota Gazoo Racing,Toyota,GF,34.947,41.963,35.349,
7,3,15,1:53.070,0,,35.068,0,41.909,1,36.093,0,172.3,35:41.779,12:50:41.779,0:35.068,0:41.909,0:36.093,269.6,Jose Maria LOPEZ,,HYPERCAR,H,Toyota Gazoo Racing,Toyota,GF,35.068,41.909,36.093,
7,3,16,1:53.046,0,,35.045,0,41.985,0,36.016,0,172.3,37:34.825,12:52:34.825,0:35.045,0:41.985,0:36.016,269.6,Jose Maria LOPEZ,,HYPERCAR,H,Toyota Gazoo Racing,Toyota,GF,35.045,41.985,36.016,
7,3,17,1:53.498,0,,35.076,0,42.330,0,36.092,0,171.7,39:28.323,12:54:28.323,0:35.076,0:42.330,0:36.092,270.2,Jose Maria LOPEZ,,HYPERCAR,H,Toyota Gazoo Racing,Toyota,GF,35.076,42.330,36.092,
7,3,18,1:54.147,0,,35.880,0,42.220,0,36.047,0,170.7,41:22.470,12:56:22.470,0:35.880,0:42.220,0:36.047,252.6,Jose Maria LOPEZ,,HYPERCAR,H,Toyota Gazoo Racing,Toyota,GF,35.880,42.220,36.047,
7,3,19,1:52.426,0,,35.174,0,42.002,0,35.250,1,173.3,43:14.896,12:58:14.896,0:35.174,0:42.002,0:35.250,272.9,Jose Maria LOPEZ,,HYPERCAR,H,Toyota Gazoo Racing,Toyota,GF,35.174,42.002,35.250,
7,3,20,1:52.566,0,,34.997,0,42.179,0,35.390,0,173.1,45:07.462,13:00:07.462,0:34.997,0:42.179,0:35.390,269.6,Jose Maria LOPEZ,,HYPERCAR,H,Toyota Gazoo Racing,Toyota,GF,34.997,42.179,35.390,
7,3,21,1:53.568,0,,35.274,0,42.652,0,35.642,0,171.6,47:01.030,13:02:01.030,0:35.274,0:42.652,0:35.642,270.9,Jose Maria LOPEZ,,HYPERCAR,H,Toyota Gazoo Racing,Toyota,GF,35.274,42.652,35.642,
7,3,22,1:53.214,0,,35.408,0,42.256,0,35.550,0,172.1,48:54.244,13:03:54.244,0:35.408,0:42.256,0:35.550,252.6,Jose Maria LOPEZ,,HYPERCAR,H,Toyota Gazoo Racing,Toyota,GF,35.408,42.256,35.550,
7,3,23,1:57.962,0,B,36.386,0,42.457,0,39.119,0,165.2,50:52.206,13:05:52.206,0:36.386,0:42.457,0:39.119,244.1,Jose Maria LOPEZ,,HYPERCAR,H,Toyota Gazoo Racing,Toyota,GF,36.386,42.457,39.119,
7,1,24,4:14.402,0,,2:55.839,0,42.642,0,35.921,0,76.6,55:06.608,13:10:06.608,2:55.839,0:42.642,0:35.921,185.9,Mike CONWAY,0:02:24.749,HYPERCAR,H,Toyota Gazoo Racing,Toyota,GF,175.839,42.642,35.921,
7,1,25,1:54.287,0,,35.346,0,42.681,0,36.260,0,170.5,57:00.895,13:12:00.895,0:35.346,0:42.681,0:36.260,268.9,Mike CONWAY,,HYPERCAR,H,Toyota Gazoo Racing,Toyota,GF,35.346,42.681,36.260,
7,1,26,1:54.032,0,,35.365,0,42.941,0,35.726,0,170.9,58:54.927,13:13:54.927,0:35.365,0:42.941,0:35.726,267.6,Mike CONWAY,,HYPERCAR,H,Toyota Gazoo Racing,Toyota,GF,35.365,42.941,35.726,
7,1,27,1:53.829,0,,35.626,0,42.520,1,35.683,0,171.2,1:00:48.756,13:15:48.756,0:35.626,0:42.520,0:35.683,250.8,Mike CONWAY,,HYPERCAR,H,Toyota Gazoo Racing,Toyota,GF,35.626,42.520,35.683,
7,1,28,1:55.897,0,,36.784,0,43.326,0,35.787,0,168.1,1:02:44.653,13:17:44.653,0:36.784,0:43.326,0:35.787,289.7,Mike CONWAY,,HYPERCAR,H,Toyota Gazoo Racing,Toyota,GF,36.784,43.326,35.787,
7,1,29,1:53.492,0,,35.349,0,42.691,0,35.452,1,171.7,1:04:38.145,13:19:38.145,0:35.349,0:42.691,0:35.452,265.6,Mike CONWAY,,HYPERCAR,H,Toyota Gazoo Racing,Toyota,GF,35.349,42.691,35.452,
7,1,30,1:58.681,0,B,36.346,0,42.708,0,39.627,0,164.2,1:06:36.826,13:21:36.826,0:36.346,0:42.708,0:39.627,248.5,Mike CONWAY,,HYPERCAR,H,Toyota Gazoo Racing,Toyota,GF,36.346,42.708,39.627,
7,1,31,10:39.179,0,,9:20.440,0,42.985,0,35.754,0,30.5,1:17:16.005,13:32:16.005,9:20.440,0:42.985,0:35.754,184.9,Mike CONWAY,0:08:49.173,HYPERCAR,H,Toyota Gazoo Racing,Toyota,GF,560.440,42.985,35.754,
7,1,32,1:53.953,0,,35.418,0,42.770,0,35.765,0,171.0,1:19:09.958,13:34:09.958,0:35.418,0:42.770,0:35.765,264.3,Mike CONWAY,,HYPERCAR,H,Toyota Gazoo Racing,Toyota,GF,35.418,42.770,35.765,
7,1,33,1:54.174,0,,35.418,0,42.932,0,35.824,0,170.6,1:21:04.132,13:36:04.132,0:35.418,0:42.932,0:35.824,266.2,Mike CONWAY,,HYPERCAR,H,Toyota Gazoo Racing,Toyota,GF,35.418,42.932,35.824,
7,1,34,1:53.797,0,,35.566,0,42.676,0,35.555,0,171.2,1:22:57.929,13:37:57.929,0:35.566,0:42.676,0:35.555,263.0,Mike CONWAY,,HYPERCAR,H,Toyota Gazoo Racing,Toyota,GF,35.566,42.676,35.555,
7,1,35,1:53.710,0,,35.292,0,42.633,0,35.785,0,171.3,1:24:51.639,13:39:51.639,0:35.292,0:42.633,0:35.785,264.9,Mike CONWAY,,HYPERCAR,H,Toyota Gazoo Racing,Toyota,GF,35.292,42.633,35.785,
7,1,36,1:53.602,0,,35.219,0,42.866,0,35.517,0,171.5,1:26:45.241,13:41:45.241,0:35.219,0:42.866,0:35.517,279.3,Mike CONWAY,,HYPERCAR,H,Toyota Gazoo Racing,Toyota,GF,35.219,42.866,35.517,
7,1,37,1:53.970,0,,35.592,0,42.661,0,35.717,0,171.0,1:28:39.211,13:43:39.211,0:35.592,0:42.661,0:35.717,279.3,Mike CONWAY,,HYPERCAR,H,Toyota Gazoo Racing,Toyota,GF,35.592,42.661,35.717,
7,1,38,1:54.059,0,,35.167,1,42.849,0,36.043,0,170.8,1:30:33.270,13:45:33.270,0:35.167,0:42.849,0:36.043,271.6,Mike CONWAY,,HYPERCAR,H,Toyota Gazoo Racing,Toyota,FF,35.167,42.849,36.043,
71,3,1,2:54.101,0,B,1:08.974,0,53.177,0,51.950,0,106.8,2:54.101,12:17:54.101,1:08.974,0:53.177,0:51.950,112.2,Gabriel AUBRY,0:00:24.900,LMGTE Am,,Spirit of Race,Ferrari,GF,68.974,53.177,51.950,
71,3,2,3:37.025,0,,2:04.673,0,50.456,0,41.896,0,89.8,6:31.126,12:21:31.126,2:04.673,0:50.456,0:41.896,126.6,Gabriel AUBRY,0:01:26.328,LMGTE Am,,Spirit of Race,Ferrari,GF,124.673,50.456,41.896,
71,3,3,2:10.752,0,,42.069,0,47.400,0,41.283,0,149.0,8:41.878,12:23:41.878,0:42.069,0:47.400,0:41.283,170.4,Gabriel AUBRY,,LMGTE Am,,Spirit of Race,Ferrari,GF,42.069,47.400,41.283,
71,3,4,2:07.209,0,,39.867,0,46.428,0,40.914,0,153.2,10:49.087,12:25:49.087,0:39.867,0:46.428,0:40.914,191.4,Gabriel AUBRY,,LMGTE Am,,Spirit of Race,Ferrari,GF,39.867,46.428,40.914,
71,3,5,3:51.977,0,,1:09.495,0,1:20.972,0,1:21.510,0,84.0,14:41.064,12:29:41.064,1:09.495,1:20.972,1:21.510,79.5,Gabriel AUBRY,,LMGTE Am,,Spirit of Race,Ferrari,FCY,69.495,80.972,81.510,
71,3,6,2:42.407,0,,1:15.804,0,47.322,0,39.281,0,120.0,17:23.471,12:32:23.471,1:15.804,0:47.322,0:39.281,79.6,Gabriel AUBRY,,LMGTE Am,,Spirit of Race,Ferrari,GF,75.804,47.322,39.281,
71,3,7,2:05.039,0,,39.159,0,46.298,0,39.582,0,155.8,19:28.510,12:34:28.510,0:39.159,0:46.298,0:39.582,205.2,Gabriel AUBRY,,LMGTE Am,,Spirit of Race,Ferrari,GF,39.159,46.298,39.582,
71,3,8,2:03.666,0,,39.439,0,45.473,0,38.754,0,157.5,21:32.176,12:36:32.176,0:39.439,0:45.473,0:38.754,218.0,Gabriel AUBRY,,LMGTE Am,,Spirit of Race,Ferrari,GF,39.439,45.473,38.754,
71,3,9,2:01.545,2,,38.187,0,44.840,2,38.518,2,160.3,23:33.721,12:38:33.721,0:38.187,0:44.840,0:38.518,239.2,Gabriel AUBRY,,LMGTE Am,,Spirit of Race,Ferrari,GF,38.187,44.840,38.518,
71,3,10,2:39.803,0,B,37.743,2,44.989,0,1:17.071,0,121.9,26:13.524,12:41:13.524,0:37.743,0:44.989,1:17.071,254.4,Gabriel AUBRY,,LMGTE Am,,Spirit of Race,Ferrari,FCY,37.743,44.989,77.071,
71,1,11,7:32.558,0,,6:05.634,0,46.967,0,39.957,0,43.1,33:46.082,12:48:46.082,6:05.634,0:46.967,0:39.957,140.5,Franck DEZOTEUX,0:05:29.789,LMGTE Am,,Spirit of Race,Ferrari,GF,365.634,46.967,39.957,
71,1,12,2:05.506,0,,38.773,0,46.045,0,40.688,0,155.2,35:51.588,12:50:51.588,0:38.773,0:46.045,0:40.688,223.4,Franck DEZOTEUX,,LMGTE Am,,Spirit of Race,Ferrari,GF,38.773,46.045,40.688,
71,1,13,2:03.723,0,,38.527,0,45.887,0,39.309,0,157.5,37:55.311,12:52:55.311,0:38.527,0:45.887,0:39.309,238.2,Franck DEZOTEUX,,LMGTE Am,,Spirit of Race,Ferrari,GF,38.527,45.887,39.309,
71,1,14,2:03.494,0,,38.576,0,45.506,0,39.412,0,157.8,39:58.805,12:54:58.805,0:38.576,0:45.506,0:39.412,249.1,Franck DEZOTEUX,,LMGTE Am,,Spirit of Race,Ferrari,GF,38.576,45.506,39.412,
71,1,15,2:03.608,0,,38.690,0,45.732,0,39.186,0,157.6,42:02.413,12:57:02.413,0:38.690,0:45.732,0:39.186,252.0,Franck DEZOTEUX,,LMGTE Am,,Spirit of Race,Ferrari,GF,38.690,45.732,39.186,
71,1,16,2:03.821,0,,38.680,0,45.815,0,39.326,0,157.3,44:06.234,12:59:06.234,0:38.680,0:45.815,0:39.326,243.0,Franck DEZOTEUX,,LMGTE Am,,Spirit of Race,Ferrari,GF,38.680,45.815,39.326,
71,1,17,2:03.801,0,,38.875,0,45.968,0,38.958,0,157.4,46:10.035,13:01:10.035,0:38.875,0:45.968,0:38.958,238.2,Franck DEZOTEUX,,LMGTE Am,,Spirit of Race,Ferrari,GF,38.875,45.968,38.958,
71,1,18,2:04.103,0,,38.757,0,45.504,1,39.842,0,157.0,48:14.138,13:03:14.138,0:38.757,0:45.504,0:39.842,227.6,Franck DEZOTEUX,,LMGTE Am,,Spirit of Race,Ferrari,GF,38.757,45.504,39.842,
71,1,19,2:09.788,0,B,39.283,0,46.433,0,44.072,0,150.1,50:23.926,13:05:23.926,0:39.283,0:46.433,0:44.072,244.6,Franck DEZOTEUX,,LMGTE Am,,Spirit of Race,Ferrari,GF,39.283,46.433,44.072,
71,2,20,3:41.392,0,,2:15.033,0,46.693,0,39.666,0,88.0,54:05.318,13:09:05.318,2:15.033,0:46.693,0:39.666,159.8,Pierre RAGUES,0:01:40.370,LMGTE Am,,Spirit of Race,Ferrari,GF,135.033,46.693,39.666,
71,2,21,2:02.657,0,,38.419,0,45.523,0,38.715,1,158.8,56:07.975,13:11:07.975,0:38.419,0:45.523,0:38.715,235.1,Pierre RAGUES,,LMGTE Am,,Spirit of Race,Ferrari,GF,38.419,45.523,38.715,
71,2,22,2:02.964,0,,38.172,1,45.214,0,39.578,0,158.4,58:10.939,13:13:10.939,0:38.172,0:45.214,0:39.578,253.2,Pierre RAGUES,,LMGTE Am,,Spirit of Race,Ferrari,GF,38.172,45.214,39.578,
71,2,23,2:02.896,0,,38.451,0,,0,,0,158.5,1:00:13.835,13:15:13.835,0:38.451,,,246.3,Pierre RAGUES,,LMGTE Am,,Spirit of Race,Ferrari,GF,38.451,,,
71,2,24,2:05.703,0,B,38.185,0,45.079,1,42.439,0,155.0,1:02:19.538,13:17:19.538,0:38.185,0:45.079,0:42.439,252.0,Pierre RAGUES,,LMGTE Am,,Spirit of Race,Ferrari,GF,38.185,45.079,42.439,
71,2,25,3:07.608,0,,1:42.328,0,46.393,0,38.887,0,103.9,1:05:27.146,13:20:27.146,1:42.328,0:46.393,0:38.887,161.7,Pierre RAGUES,0:01:08.208,LMGTE Am,,Spirit of Race,Ferrari,GF,102.328,46.393,38.887,
71,2,26,2:03.220,0,,38.360,0,45.725,0,39.135,0,158.1,1:07:30.366,13:22:30.366,0:38.360,0:45.725,0:39.135,247.4,Pierre RAGUES,,LMGTE Am,,Spirit of Race,Ferrari,GF,38.360,45.725,39.135,
71,2,27,2:03.055,0,,38.412,0,45.653,0,38.990,0,158.3,1:09:33.421,13:24:33.421,0:38.412,0:45.653,0:38.990,249.7,Pierre RAGUES,,LMGTE Am,,Spirit of Race,Ferrari,GF,38.412,45.653,38.990,
71,2,28,2:02.383,0,,38.181,0,45.320,0,38.882,0,159.2,1:11:35.804,13:26:35.804,0:38.181,0:45.320,0:38.882,252.6,Pierre RAGUES,,LMGTE Am,,Spirit of Race,Ferrari,GF,38.181,45.320,38.882,
71,2,29,2:02.279,0,,38.193,0,45.091,0,38.995,0,159.3,1:13:38.083,13:28:38.083,0:38.193,0:45.091,0:38.995,251.4,Pierre RAGUES,,LMGTE Am,,Spirit of Race,Ferrari,GF,38.193,45.091,38.995,
71,2,30,2:06.222,0,B,38.257,0,45.181,0,42.784,0,154.4,1:15:44.305,13:30:44.305,0:38.257,0:45.181,0:42.784,250.3,Pierre RAGUES,,LMGTE Am,,Spirit of Race,Ferrari,GF,38.257,45.181,42.784,
71,1,31,8:19.832,0,,6:53.497,0,47.429,0,38.906,0,39.0,1:24:04.137,13:39:04.137,6:53.497,0:47.429,0:38.906,158.7,Franck DEZOTEUX,0:06:18.846,LMGTE Am,,Spirit of Race,Ferrari,GF,413.497,47.429,38.906,
71,1,32,2:02.919,0,,38.322,1,45.758,0,38.839,0,158.5,1:26:07.056,13:41:07.056,0:38.322,0:45.758,0:38.839,242.4,Franck DEZOTEUX,,LMGTE Am,,Spirit of Race,Ferrari,GF,38.322,45.758,38.839,
71,1,33,2:02.904,0,,38.454,0,45.534,0,38.916,0,158.5,1:28:09.960,13:43:09.960,0:38.454,0:45.534,0:38.916,243.0,Franck DEZOTEUX,,LMGTE Am,,Spirit of Race,Ferrari,GF,38.454,45.534,38.916,
71,1,34,2:02.998,0,,38.372,0,45.877,0,38.749,1,158.4,1:30:12.958,13:45:12.958,0:38.372,0:45.877,0:38.749,251.4,Franck DEZOTEUX,,LMGTE Am,,Spirit of Race,Ferrari,FF,38.372,45.877,38.749,
77,2,1,2:37.041,0,B,1:00.970,0,50.182,0,45.889,0,118.4,2:37.041,12:17:37.041,1:00.970,0:50.182,0:45.889,138.6,Sebastian PRIAULX,0:00:19.513,LMGTE Am,,Dempsey - Proton Racing,Porsche,GF,60.970,50.182,45.889,
77,2,2,7:25.709,0,,6:00.261,0,46.227,0,39.221,0,43.7,10:02.750,12:25:02.750,6:00.261,0:46.227,0:39.221,159.4,Sebastian PRIAULX,0:05:25.494,LMGTE Am,,Dempsey - Proton Racing,Porsche,GF,360.261,46.227,39.221,
77,2,3,3:05.774,0,,38.589,0,1:05.657,0,1:21.528,0,104.9,13:08.524,12:28:08.524,0:38.589,1:05.657,1:21.528,231.0,Sebastian PRIAULX,,LMGTE Am,,Dempsey - Proton Racing,Porsche,FCY,38.589,65.657,81.528,
77,2,4,3:19.879,0,,1:20.588,0,1:20.134,0,39.157,0,97.5,16:28.403,12:31:28.403,1:20.588,1:20.134,0:39.157,79.7,Sebastian PRIAULX,,LMGTE Am,,Dempsey - Proton Racing,Porsche,GF,80.588,80.134,39.157,
77,2,5,2:01.800,0,,38.224,0,45.249,0,38.327,0,160.0,18:30.203,12:33:30.203,0:38.224,0:45.249,0:38.327,252.0,Sebastian PRIAULX,,LMGTE Am,,Dempsey - Proton Racing,Porsche,GF,38.224,45.249,38.327,
77,2,6,2:00.747,0,,38.041,0,44.451,0,38.255,2,161.4,20:30.950,12:35:30.950,0:38.041,0:44.451,0:38.255,258.0,Sebastian PRIAULX,,LMGTE Am,,Dempsey - Proton Racing,Porsche,GF,38.041,44.451,38.255,
77,2,7,2:00.649,0,,37.847,0,44.502,0,38.300,0,161.5,22:31.599,12:37:31.599,0:37.847,0:44.502,0:38.300,256.8,Sebastian PRIAULX,,LMGTE Am,,Dempsey - Proton Racing,Porsche,GF,37.847,44.502,38.300,
77,2,8,2:00.392,2,,37.690,2,44.433,0,38.269,0,161.8,24:31.991,12:39:31.991,0:37.690,0:44.433,0:38.269,258.0,Sebastian PRIAULX,,LMGTE Am,,Dempsey - Proton Racing,Porsche,GF,37.690,44.433,38.269,
77,2,9,3:29.669,0,B,45.399,0,1:21.563,0,1:22.707,0,92.9,28:01.660,12:43:01.660,0:45.399,1:21.563,1:22.707,218.0,Sebastian PRIAULX,,LMGTE Am,,Dempsey - Proton Racing,Porsche,FCY,45.399,81.563,82.707,
77,2,10,3:46.419,0,,2:22.821,0,45.195,0,38.403,0,86.0,31:48.079,12:46:48.079,2:22.821,0:45.195,0:38.403,93.9,Sebastian PRIAULX,0:01:44.752,LMGTE Am,,Dempsey - Proton Racing,Porsche,GF,142.821,45.195,38.403,
77,2,11,2:00.907,0,,37.940,0,44.596,0,38.371,0,161.1,33:48.986,12:48:48.986,0:37.940,0:44.596,0:38.371,253.8,Sebastian PRIAULX,,LMGTE Am,,Dempsey - Proton Racing,Porsche,GF,37.940,44.596,38.371,
77,2,12,2:01.703,0,,38.001,0,44.977,0,38.725,0,160.1,35:50.689,12:50:50.689,0:38.001,0:44.977,0:38.725,258.0,Sebastian PRIAULX,,LMGTE Am,,Dempsey - Proton Racing,Porsche,GF,38.001,44.977,38.725,
77,2,13,2:00.934,0,,37.943,0,44.403,2,38.588,0,161.1,37:51.623,12:52:51.623,0:37.943,0:44.403,0:38.588,256.8,Sebastian PRIAULX,,LMGTE Am,,Dempsey - Proton Racing,Porsche,GF,37.943,44.403,38.588,
77,2,14,2:06.924,0,B,38.273,0,45.058,0,43.593,0,153.5,39:58.547,12:54:58.547,0:38.273,0:45.058,0:43.593,258.0,Sebastian PRIAULX,,LMGTE Am,,Dempsey - Proton Racing,Porsche,GF,38.273,45.058,43.593,
77,1,15,3:48.519,0,,2:23.150,0,45.822,0,39.547,0,85.3,43:47.066,12:58:47.066,2:23.150,0:45.822,0:39.547,152.8,Christian RIED,0:01:47.928,LMGTE Am,,Dempsey - Proton Racing,Porsche,GF,143.150,45.822,39.547,
77,1,16,2:05.834,0,,40.675,0,45.596,0,39.563,0,154.8,45:52.900,13:00:52.900,0:40.675,0:45.596,0:39.563,256.2,Christian RIED,,LMGTE Am,,Dempsey - Proton Racing,Porsche,GF,40.675,45.596,39.563,
77,1,17,2:02.945,0,,38.582,1,45.380,1,38.983,1,158.5,47:55.845,13:02:55.845,0:38.582,0:45.380,0:38.983,255.0,Christian RIED,,LMGTE Am,,Dempsey - Proton Racing,Porsche,GF,38.582,45.380,38.983,
77,1,18,2:08.147,0,B,39.174,0,45.467,0,43.506,0,152.0,50:03.992,13:05:03.992,0:39.174,0:45.467,0:43.506,253.2,Christian RIED,,LMGTE Am,,Dempsey - Proton Racing,Porsche,GF,39.174,45.467,43.506,
77,1,19,4:38.423,0,,3:13.117,0,45.521,0,39.785,0,70.0,54:42.415,13:09:42.415,3:13.117,0:45.521,0:39.785,101.9,Christian RIED,0:02:38.008,LMGTE Am,,Dempsey - Proton Racing,Porsche,GF,193.117,45.521,39.785,
77,1,20,2:06.119,0,,40.965,0,46.055,0,39.099,0,154.5,56:48.534,13:11:48.534,0:40.965,0:46.055,0:39.099,255.6,Christian RIED,,LMGTE Am,,Dempsey - Proton Racing,Porsche,GF,40.965,46.055,39.099,
77,1,21,2:04.839,0,,38.755,0,46.836,0,39.248,0,156.1,58:53.373,13:13:53.373,0:38.755,0:46.836,0:39.248,256.8,Christian RIED,,LMGTE Am,,Dempsey - Proton Racing,Porsche,GF,38.755,46.836,39.248,
77,1,22,2:04.164,0,,38.686,0,45.816,0,39.662,0,156.9,1:00:57.537,13:15:57.537,0:38.686,0:45.816,0:39.662,256.8,Christian RIED,,LMGTE Am,,Dempsey - Proton Racing,Porsche,GF,38.686,45.816,39.662,
77,1,23,2:04.210,0,,39.044,0,45.694,0,39.472,0,156.9,1:03:01.747,13:18:01.747,0:39.044,0:45.694,0:39.472,255.6,Christian RIED,,LMGTE Am,,Dempsey - Proton Racing,Porsche,GF,39.044,45.694,39.472,
77,1,24,2:11.112,0,B,39.102,0,46.935,0,45.075,0,148.6,1:05:12.859,13:20:12.859,0:39.102,0:46.935,0:45.075,250.8,Christian RIED,,LMGTE Am,,Dempsey - Proton Racing,Porsche,GF,39.102,46.935,45.075,
77,3,25,3:05.907,0,,1:40.385,0,46.263,0,39.259,0,104.8,1:08:18.766,13:23:18.766,1:40.385,0:46.263,0:39.259,150.7,Harry TINCKNELL,0:01:05.609,LMGTE Am,,Dempsey - Proton Racing,Porsche,GF,100.385,46.263,39.259,
77,3,26,2:03.181,0,,38.450,0,45.750,0,38.981,0,158.2,1:10:21.947,13:25:21.947,0:38.450,0:45.750,0:38.981,244.6,Harry TINCKNELL,,LMGTE Am,,Dempsey - Proton Racing,Porsche,GF,38.450,45.750,38.981,
77,3,27,2:03.063,0,,38.385,0,45.671,0,39.007,0,158.3,1:12:25.010,13:27:25.010,0:38.385,0:45.671,0:39.007,246.8,Harry TINCKNELL,,LMGTE Am,,Dempsey - Proton Racing,Porsche,GF,38.385,45.671,39.007,
77,3,28,2:02.847,0,,38.365,0,45.543,0,38.939,1,158.6,1:14:27.857,13:29:27.857,0:38.365,0:45.543,0:38.939,256.8,Harry TINCKNELL,,LMGTE Am,,Dempsey - Proton Racing,Porsche,GF,38.365,45.543,38.939,
77,3,29,2:07.412,0,B,38.189,1,45.732,0,43.491,0,152.9,1:16:35.269,13:31:35.269,0:38.189,0:45.732,0:43.491,255.6,Harry TINCKNELL,,LMGTE Am,,Dempsey - Proton Racing,Porsche,GF,38.189,45.732,43.491,
77,3,30,4:29.425,0,,3:02.912,0,46.746,0,39.767,0,72.3,1:21:04.694,13:36:04.694,3:02.912,0:46.746,0:39.767,160.5,Harry TINCKNELL,0:02:29.236,LMGTE Am,,Dempsey - Proton Racing,Porsche,GF,182.912,46.746,39.767,
77,3,31,2:02.971,0,,38.370,0,45.619,0,38.982,0,158.4,1:23:07.665,13:38:07.665,0:38.370,0:45.619,0:38.982,253.8,Harry TINCKNELL,,LMGTE Am,,Dempsey - Proton Racing,Porsche,GF,38.370,45.619,38.982,
77,3,32,2:02.803,0,,38.189,0,45.513,1,39.101,0,158.7,1:25:10.468,13:40:10.468,0:38.189,0:45.513,0:39.101,255.0,Harry TINCKNELL,,LMGTE Am,,Dempsey - Proton Racing,Porsche,GF,38.189,45.513,39.101,
77,3,33,2:03.004,0,,38.305,0,45.695,0,39.004,0,158.4,1:27:13.472,13:42:13.472,0:38.305,0:45.695,0:39.004,254.4,Harry TINCKNELL,,LMGTE Am,,Dempsey - Proton Racing,Porsche,GF,38.305,45.695,39.004,
77,3,34,2:04.210,0,,38.418,0,45.829,0,39.963,0,156.9,1:29:17.682,13:44:17.682,0:38.418,0:45.829,0:39.963,248.0,Harry TINCKNELL,,LMGTE Am,,Dempsey - Proton Racing,Porsche,GF,38.418,45.829,39.963,
77,3,35,2:07.851,0,B,38.389,0,46.121,0,43.341,0,152.4,1:31:25.533,13:46:25.533,0:38.389,0:46.121,0:43.341,255.0,Harry TINCKNELL,,LMGTE Am,,Dempsey - Proton Racing,Porsche,FF,38.389,46.121,43.341,
777,2,1,3:11.113,0,,1:41.458,0,48.745,0,40.910,0,97.3,3:11.113,12:18:11.113,1:41.458,0:48.745,0:40.910,151.1,Tomonobu FUJII,0:01:01.451,LMGTE Am,,D'Station Racing,Aston Martin,GF,101.458,48.745,40.910,
777,2,2,2:11.330,0,,39.403,0,49.448,0,42.479,0,148.4,5:22.443,12:20:22.443,0:39.403,0:49.448,0:42.479,225.3,Tomonobu FUJII,,LMGTE Am,,D'Station Racing,Aston Martin,GF,39.403,49.448,42.479,
777,2,3,2:04.015,0,,38.369,0,46.724,0,38.922,1,157.1,7:26.458,12:22:26.458,0:38.369,0:46.724,0:38.922,241.3,Tomonobu FUJII,,LMGTE Am,,D'Station Racing,Aston Martin,GF,38.369,46.724,38.922,
777,2,4,2:03.688,0,,38.424,0,45.776,0,39.488,0,157.5,9:30.146,12:24:30.146,0:38.424,0:45.776,0:39.488,248.5,Tomonobu FUJII,,LMGTE Am,,D'Station Racing,Aston Martin,GF,38.424,45.776,39.488,
777,2,5,2:38.745,0,B,38.646,0,45.709,1,1:14.390,0,122.7,12:08.891,12:27:08.891,0:38.646,0:45.709,1:14.390,239.7,Tomonobu FUJII,,LMGTE Am,,D'Station Racing,Aston Martin,FCY,38.646,45.709,74.390,
777,2,6,3:56.721,0,,1:28.616,0,1:20.970,0,1:07.135,0,82.3,16:05.612,12:31:05.612,1:28.616,1:20.970,1:07.135,78.8,Tomonobu FUJII,0:00:27.008,LMGTE Am,,D'Station Racing,Aston Martin,GF,88.616,80.970,67.135,
777,2,7,2:03.752,0,,38.793,0,45.770,0,39.189,0,157.4,18:09.364,12:33:09.364,0:38.793,0:45.770,0:39.189,236.1,Tomonobu FUJII,,LMGTE Am,,D'Station Racing,Aston Martin,GF,38.793,45.770,39.189,
777,2,8,2:03.404,0,,38.225,2,45.925,0,39.254,0,157.9,20:12.768,12:35:12.768,0:38.225,0:45.925,0:39.254,243.5,Tomonobu FUJII,,LMGTE Am,,D'Station Racing,Aston Martin,GF,38.225,45.925,39.254,
777,2,9,2:03.475,0,,38.333,0,45.941,0,39.201,0,157.8,22:16.243,12:37:16.243,0:38.333,0:45.941,0:39.201,241.9,Tomonobu FUJII,,LMGTE Am,,D'Station Racing,Aston Martin,GF,38.333,45.941,39.201,
777,2,10,2:09.745,0,B,38.907,0,46.426,0,44.412,0,150.2,24:25.988,12:39:25.988,0:38.907,0:46.426,0:44.412,240.3,Tomonobu FUJII,,LMGTE Am,,D'Station Racing,Aston Martin,GF,38.907,46.426,44.412,
777,3,11,11:51.031,0,,10:24.993,0,46.407,0,39.631,0,27.4,36:17.019,12:51:17.019,10:24.993,0:46.407,0:39.631,155.7,Charles FAGG,0:09:49.471,LMGTE Am,,D'Station Racing,Aston Martin,GF,624.993,46.407,39.631,
777,3,12,2:04.968,0,,39.153,0,45.960,0,39.855,0,155.9,38:21.987,12:53:21.987,0:39.153,0:45.960,0:39.855,227.2,Charles FAGG,,LMGTE Am,,D'Station Racing,Aston Martin,GF,39.153,45.960,39.855,
777,3,13,2:03.934,0,,38.872,0,45.435,0,39.627,0,157.2,40:25.921,12:55:25.921,0:38.872,0:45.435,0:39.627,240.3,Charles FAGG,,LMGTE Am,,D'Station Racing,Aston Martin,GF,38.872,45.435,39.627,
777,3,14,2:04.186,0,,38.860,0,45.896,0,39.430,0,156.9,42:30.107,12:57:30.107,0:38.860,0:45.896,0:39.430,244.6,Charles FAGG,,LMGTE Am,,D'Station Racing,Aston Martin,GF,38.860,45.896,39.430,
777,3,15,2:04.836,0,,38.849,0,46.531,0,39.456,0,156.1,44:34.943,12:59:34.943,0:38.849,0:46.531,0:39.456,241.9,Charles FAGG,,LMGTE Am,,D'Station Racing,Aston Martin,GF,38.849,46.531,39.456,
777,3,16,2:04.029,0,,38.717,0,45.824,0,39.488,0,157.1,46:38.972,13:01:38.972,0:38.717,0:45.824,0:39.488,246.3,Charles FAGG,,LMGTE Am,,D'Station Racing,Aston Martin,GF,38.717,45.824,39.488,
777,3,17,2:07.584,0,B,38.552,0,45.487,0,43.545,0,152.7,48:46.556,13:03:46.556,0:38.552,0:45.487,0:43.545,238.2,Charles FAGG,,LMGTE Am,,D'Station Racing,Aston Martin,GF,38.552,45.487,43.545,
777,1,18,3:53.542,0,,2:24.746,0,48.269,0,40.527,0,83.4,52:40.098,13:07:40.098,2:24.746,0:48.269,0:40.527,161.0,Satoshi HOSHINO,0:01:48.805,LMGTE Am,,D'Station Racing,Aston Martin,GF,144.746,48.269,40.527,
777,1,19,2:07.189,0,,40.071,0,47.063,1,40.055,1,153.2,54:47.287,13:09:47.287,0:40.071,0:47.063,0:40.055,217.6,Satoshi HOSHINO,,LMGTE Am,,D'Station Racing,Aston Martin,GF,40.071,47.063,40.055,
777,1,20,2:08.136,0,,39.765,0,47.615,0,40.756,0,152.1,56:55.423,13:11:55.423,0:39.765,0:47.615,0:40.756,228.6,Satoshi HOSHINO,,LMGTE Am,,D'Station Racing,Aston Martin,GF,39.765,47.615,40.756,
777,1,21,2:07.986,0,,39.575,0,47.890,0,40.521,0,152.2,59:03.409,13:14:03.409,0:39.575,0:47.890,0:40.521,227.6,Satoshi HOSHINO,,LMGTE Am,,D'Station Racing,Aston Martin,GF,39.575,47.890,40.521,
777,1,22,2:08.848,0,,39.508,1,48.043,0,41.297,0,151.2,1:01:12.257,13:16:12.257,0:39.508,0:48.043,0:41.297,233.0,Satoshi HOSHINO,,LMGTE Am,,D'Station Racing,Aston Martin,GF,39.508,48.043,41.297,
777,1,23,2:08.519,0,,40.023,0,47.372,0,41.124,0,151.6,1:03:20.776,13:18:20.776,0:40.023,0:47.372,0:41.124,218.9,Satoshi HOSHINO,,LMGTE Am,,D'Station Racing,Aston Martin,GF,40.023,47.372,41.124,
777,1,24,2:10.776,0,,40.986,0,48.592,0,41.198,0,149.0,1:05:31.552,13:20:31.552,0:40.986,0:48.592,0:41.198,210.8,Satoshi HOSHINO,,LMGTE Am,,D'Station Racing,Aston Martin,GF,40.986,48.592,41.198,
777,1,25,2:12.957,0,,40.363,0,49.484,0,43.110,0,146.5,1:07:44.509,13:22:44.509,0:40.363,0:49.484,0:43.110,218.0,Satoshi HOSHINO,,LMGTE Am,,D'Station Racing,Aston Martin,GF,40.363,49.484,43.110,
777,1,26,2:19.823,0,B,41.159,0,48.093,0,50.571,0,139.3,1:10:04.332,13:25:04.332,0:41.159,0:48.093,0:50.571,216.3,Satoshi HOSHINO,,LMGTE Am,,D'Station Racing,Aston Martin,GF,41.159,48.093,50.571,
777,3,27,4:00.277,0,,2:33.728,0,47.146,0,39.403,0,81.1,1:14:04.609,13:29:04.609,2:33.728,0:47.146,0:39.403,130.2,Charles FAGG,0:01:58.886,LMGTE Am,,D'Station Racing,Aston Martin,GF,153.728,47.146,39.403,
777,3,28,2:05.636,0,,40.208,0,46.029,0,39.399,0,155.1,1:16:10.245,13:31:10.245,0:40.208,0:46.029,0:39.399,236.1,Charles FAGG,,LMGTE Am,,D'Station Racing,Aston Martin,GF,40.208,46.029,39.399,
777,3,29,2:03.214,0,,38.617,0,45.488,0,39.109,0,158.1,1:18:13.459,13:33:13.459,0:38.617,0:45.488,0:39.109,239.2,Charles FAGG,,LMGTE Am,,D'Station Racing,Aston Martin,GF,38.617,45.488,39.109,
777,3,30,2:02.633,2,,38.376,1,45.377,2,38.880,2,158.9,1:20:16.092,13:35:16.092,0:38.376,0:45.377,0:38.880,239.7,Charles FAGG,,LMGTE Am,,D'Station Racing,Aston Martin,GF,38.376,45.377,38.880,
777,3,31,2:03.591,0,,38.789,0,45.824,0,38.978,0,157.6,1:22:19.683,13:37:19.683,0:38.789,0:45.824,0:38.978,235.6,Charles FAGG,,LMGTE Am,,D'Station Racing,Aston Martin,GF,38.789,45.824,38.978,
777,3,32,2:03.459,0,,38.476,0,45.815,0,39.168,0,157.8,1:24:23.142,13:39:23.142,0:38.476,0:45.815,0:39.168,237.6,Charles FAGG,,LMGTE Am,,D'Station Racing,Aston Martin,GF,38.476,45.815,39.168,
777,3,33,2:04.414,0,,38.683,0,46.306,0,39.425,0,156.6,1:26:27.556,13:41:27.556,0:38.683,0:46.306,0:39.425,241.9,Charles FAGG,,LMGTE Am,,D'Station Racing,Aston Martin,GF,38.683,46.306,39.425,
777,3,34,2:04.502,0,,38.800,0,46.244,0,39.458,0,156.5,1:28:32.058,13:43:32.058,0:38.800,0:46.244,0:39.458,240.3,Charles FAGG,,LMGTE Am,,D'Station Racing,Aston Martin,GF,38.800,46.244,39.458,
777,3,35,2:04.053,0,,38.856,0,45.548,0,39.649,0,157.1,1:30:36.111,13:45:36.111,0:38.856,0:45.548,0:39.649,228.6,Charles FAGG,,LMGTE Am,,D'Station Racing,Aston Martin,FF,38.856,45.548,39.649,
8,1,1,2:03.833,0,,41.349,0,46.643,0,35.841,0,150.1,2:03.833,12:17:03.833,0:41.349,0:46.643,0:35.841,143.7,Sébastien BUEMI,0:00:03.907,HYPERCAR,H,Toyota Gazoo Racing,Toyota,GF,41.349,46.643,35.841,
8,1,2,1:55.284,0,,35.257,0,44.986,0,35.041,0,169.0,3:59.117,12:18:59.117,0:35.257,0:44.986,0:35.041,256.2,Sébastien BUEMI,,HYPERCAR,H,Toyota Gazoo Racing,Toyota,GF,35.257,44.986,35.041,
8,1,3,1:52.171,0,,35.345,0,41.969,2,34.857,2,173.7,5:51.288,12:20:51.288,0:35.345,0:41.969,0:34.857,252.0,Sébastien BUEMI,,HYPERCAR,H,Toyota Gazoo Racing,Toyota,GF,35.345,41.969,34.857,
8,1,4,1:52.193,0,,34.987,0,42.073,0,35.133,0,173.7,7:43.481,12:22:43.481,0:34.987,0:42.073,0:35.133,257.4,Sébastien BUEMI,,HYPERCAR,H,Toyota Gazoo Racing,Toyota,GF,34.987,42.073,35.133,
8,1,5,1:52.524,0,,34.853,0,42.489,0,35.182,0,173.1,9:36.005,12:24:36.005,0:34.853,0:42.489,0:35.182,268.2,Sébastien BUEMI,,HYPERCAR,H,Toyota Gazoo Racing,Toyota,GF,34.853,42.489,35.182,
8,1,6,2:25.246,0,,35.036,0,42.123,0,1:08.087,0,134.1,12:01.251,12:27:01.251,0:35.036,0:42.123,1:08.087,268.2,Sébastien BUEMI,,HYPERCAR,H,Toyota Gazoo Racing,Toyota,FCY,35.036,42.123,68.087,
8,1,7,3:56.101,0,,1:20.131,0,1:20.929,0,1:15.041,0,82.5,15:57.352,12:30:57.352,1:20.131,1:20.929,1:15.041,80.0,Sébastien BUEMI,,HYPERCAR,H,Toyota Gazoo Racing,Toyota,GF,80.131,80.929,75.041,
8,1,8,1:53.308,0,,35.410,0,42.664,0,35.234,0,171.9,17:50.660,12:32:50.660,0:35.410,0:42.664,0:35.234,239.7,Sébastien BUEMI,,HYPERCAR,H,Toyota Gazoo Racing,Toyota,GF,35.410,42.664,35.234,
8,1,9,1:51.917,2,,34.834,2,42.036,0,35.047,0,174.1,19:42.577,12:34:42.577,0:34.834,0:42.036,0:35.047,274.3,Sébastien BUEMI,,HYPERCAR,H,Toyota Gazoo Racing,Toyota,GF,34.834,42.036,35.047,
8,1,10,1:56.777,0,B,34.942,0,42.472,0,39.363,0,166.8,21:39.354,12:36:39.354,0:34.942,0:42.472,0:39.363,273.6,Sébastien BUEMI,,HYPERCAR,H,Toyota Gazoo Racing,Toyota,GF,34.942,42.472,39.363,
8,3,11,8:26.182,0,,6:22.079,0,1:20.594,0,43.509,0,38.5,30:05.536,12:45:05.536,6:22.079,1:20.594,0:43.509,80.0,Ryo HIRAKAWA,0:05:21.525,HYPERCAR,H,Toyota Gazoo Racing,Toyota,GF,382.079,80.594,43.509,
8,3,12,1:53.814,0,,35.761,0,42.423,0,35.630,0,171.2,31:59.350,12:46:59.350,0:35.761,0:42.423,0:35.630,235.6,Ryo HIRAKAWA,,HYPERCAR,H,Toyota Gazoo Racing,Toyota,GF,35.761,42.423,35.630,
8,3,13,1:54.344,0,,35.537,0,43.046,0,35.761,0,170.4,33:53.694,12:48:53.694,0:35.537,0:43.046,0:35.761,250.3,Ryo HIRAKAWA,,HYPERCAR,H,Toyota Gazoo Racing,Toyota,GF,35.537,43.046,35.761,
8,3,14,1:54.222,0,,35.405,0,42.662,0,36.155,0,170.6,35:47.916,12:50:47.916,0:35.405,0:42.662,0:36.155,253.2,Ryo HIRAKAWA,,HYPERCAR,H,Toyota Gazoo Racing,Toyota,GF,35.405,42.662,36.155,
8,3,15,1:54.117,0,,35.440,0,42.710,0,35.967,0,170.7,37:42.033,12:52:42.033,0:35.440,0:42.710,0:35.967,261.7,Ryo HIRAKAWA,,HYPERCAR,H,Toyota Gazoo Racing,Toyota,GF,35.440,42.710,35.967,
8,3,16,1:53.817,0,,35.338,0,42.887,0,35.592,0,171.2,39:35.850,12:54:35.850,0:35.338,0:42.887,0:35.592,266.9,Ryo HIRAKAWA,,HYPERCAR,H,Toyota Gazoo Racing,Toyota,GF,35.338,42.887,35.592,
8,3,17,1:53.510,0,,35.171,1,42.480,0,35.859,0,171.6,41:29.360,12:56:29.360,0:35.171,0:42.480,0:35.859,265.6,Ryo HIRAKAWA,,HYPERCAR,H,Toyota Gazoo Racing,Toyota,GF,35.171,42.480,35.859,
8,3,18,1:53.988,0,,35.301,0,42.550,0,36.137,0,170.9,43:23.348,12:58:23.348,0:35.301,0:42.550,0:36.137,261.7,Ryo HIRAKAWA,,HYPERCAR,H,Toyota Gazoo Racing,Toyota,GF,35.301,42.550,36.137,
8,3,19,1:53.366,0,,35.280,0,42.381,0,35.705,0,171.9,45:16.714,13:00:16.714,0:35.280,0:42.381,0:35.705,264.3,Ryo HIRAKAWA,,HYPERCAR,H,Toyota Gazoo Racing,Toyota,GF,35.280,42.381,35.705,
8,3,20,1:54.113,0,,35.542,0,43.084,0,35.487,1,170.7,47:10.827,13:02:10.827,0:35.542,0:43.084,0:35.487,264.3,Ryo HIRAKAWA,,HYPERCAR,H,Toyota Gazoo Racing,Toyota,GF,35.542,43.084,35.487,
8,3,21,1:53.868,0,,35.413,0,42.893,0,35.562,0,171.1,49:04.695,13:04:04.695,0:35.413,0:42.893,0:35.562,251.4,Ryo HIRAKAWA,,HYPERCAR,H,Toyota Gazoo Racing,Toyota,GF,35.413,42.893,35.562,
8,3,22,1:53.305,0,,35.246,0,42.568,0,35.491,0,172.0,50:58.000,13:05:58.000,0:35.246,0:42.568,0:35.491,270.9,Ryo HIRAKAWA,,HYPERCAR,H,Toyota Gazoo Racing,Toyota,GF,35.246,42.568,35.491,
8,3,23,1:55.140,0,,35.381,0,43.136,0,36.623,0,169.2,52:53.140,13:07:53.140,0:35.381,0:43.136,0:36.623,258.0,Ryo HIRAKAWA,,HYPERCAR,H,Toyota Gazoo Racing,Toyota,GF,35.381,43.136,36.623,
8,3,24,1:58.270,0,B,36.081,0,42.380,1,39.809,0,164.7,54:51.410,13:09:51.410,0:36.081,0:42.380,0:39.809,225.3,Ryo HIRAKAWA,,HYPERCAR,H,Toyota Gazoo Racing,Toyota,GF,36.081,42.380,39.809,
8,2,25,3:12.747,0,,1:51.837,0,44.663,0,36.247,0,101.1,58:04.157,13:13:04.157,1:51.837,0:44.663,0:36.247,170.1,Brendon HARTLEY,0:01:19.042,HYPERCAR,H,Toyota Gazoo Racing,Toyota,GF,111.837,44.663,36.247,
8,2,26,1:55.432,0,,35.998,0,43.206,0,36.228,0,168.8,59:59.589,13:14:59.589,0:35.998,0:43.206,0:36.228,248.0,Brendon HARTLEY,,HYPERCAR,H,Toyota Gazoo Racing,Toyota,GF,35.998,43.206,36.228,
8,2,27,1:54.350,0,,35.590,0,42.479,0,36.281,0,170.4,1:01:53.939,13:16:53.939,0:35.590,0:42.479,0:36.281,266.9,Brendon HARTLEY,,HYPERCAR,H,Toyota Gazoo Racing,Toyota,GF,35.590,42.479,36.281,
8,2,28,1:53.580,0,,35.233,0,42.744,0,35.603,0,171.5,1:03:47.519,13:18:47.519,0:35.233,0:42.744,0:35.603,265.6,Brendon HARTLEY,,HYPERCAR,H,Toyota Gazoo Racing,Toyota,GF,35.233,42.744,35.603,
8,2,29,1:53.316,0,,35.252,0,42.327,0,35.737,0,171.9,1:05:40.835,13:20:40.835,0:35.252,0:42.327,0:35.737,272.3,Brendon HARTLEY,,HYPERCAR,H,Toyota Gazoo Racing,Toyota,GF,35.252,42.327,35.737,
8,2,30,1:54.410,0,,35.215,0,43.323,0,35.872,0,170.3,1:07:35.245,13:22:35.245,0:35.215,0:43.323,0:35.872,275.7,Brendon HARTLEY,,HYPERCAR,H,Toyota Gazoo Racing,Toyota,GF,35.215,43.323,35.872,
8,2,31,1:54.065,0,,35.595,0,42.893,0,35.577,0,170.8,1:09:29.310,13:24:29.310,0:35.595,0:42.893,0:35.577,258.0,Brendon HARTLEY,,HYPERCAR,H,Toyota Gazoo Racing,Toyota,GF,35.595,42.893,35.577,
8,2,32,1:52.909,0,,35.145,0,42.223,1,35.541,0,172.6,1:11:22.219,13:26:22.219,0:35.145,0:42.223,0:35.541,277.1,Brendon HARTLEY,,HYPERCAR,H,Toyota Gazoo Racing,Toyota,GF,35.145,42.223,35.541,
8,2,33,1:53.699,0,,35.637,0,42.644,0,35.418,0,171.4,1:13:15.918,13:28:15.918,0:35.637,0:42.644,0:35.418,256.8,Brendon HARTLEY,,HYPERCAR,H,Toyota Gazoo Racing,Toyota,GF,35.637,42.644,35.418,
8,2,34,1:53.575,0,,35.528,0,42.589,0,35.458,0,171.5,1:15:09.493,13:30:09.493,0:35.528,0:42.589,0:35.458,238.2,Brendon HARTLEY,,HYPERCAR,H,Toyota Gazoo Racing,Toyota,GF,35.528,42.589,35.458,
8,2,35,1:52.859,0,,35.121,1,42.393,0,35.345,1,172.6,1:17:02.352,13:32:02.352,0:35.121,0:42.393,0:35.345,275.0,Brendon HARTLEY,,HYPERCAR,H,Toyota Gazoo Racing,Toyota,GF,35.121,42.393,35.345,
8,2,36,1:57.831,0,B,35.300,0,42.964,0,39.567,0,165.3,1:19:00.183,13:34:00.183,0:35.300,0:42.964,0:39.567,280.7,Brendon HARTLEY,,HYPERCAR,H,Toyota Gazoo Racing,Toyota,GF,35.300,42.964,39.567,
8,1,37,3:13.190,0,,1:54.117,0,43.166,0,35.907,0,100.8,1:22:13.373,13:37:13.373,1:54.117,0:43.166,0:35.907,165.4,Sébastien BUEMI,0:01:22.871,HYPERCAR,H,Toyota Gazoo Racing,Toyota,GF,114.117,43.166,35.907,
8,1,38,1:53.177,0,,35.323,0,42.419,0,35.435,0,172.1,1:24:06.550,13:39:06.550,0:35.323,0:42.419,0:35.435,257.4,Sébastien BUEMI,,HYPERCAR,H,Toyota Gazoo Racing,Toyota,GF,35.323,42.419,35.435,
8,1,39,1:53.268,0,,35.169,0,42.477,0,35.622,0,172.0,1:25:59.818,13:40:59.818,0:35.169,0:42.477,0:35.622,258.6,Sébastien BUEMI,,HYPERCAR,H,Toyota Gazoo Racing,Toyota,GF,35.169,42.477,35.622,
8,1,40,1:54.321,0,,35.494,0,42.865,0,35.962,0,170.4,1:27:54.139,13:42:54.139,0:35.494,0:42.865,0:35.962,250.8,Sébastien BUEMI,,HYPERCAR,H,Toyota Gazoo Racing,Toyota,GF,35.494,42.865,35.962,
8,1,41,1:54.351,0,,35.315,0,42.714,0,36.322,0,170.4,1:29:48.490,13:44:48.490,0:35.315,0:42.714,0:36.322,260.5,Sébastien BUEMI,,HYPERCAR,H,Toyota Gazoo Racing,Toyota,GF,35.315,42.714,36.322,
8,1,42,1:54.400,0,,35.301,0,43.073,0,36.026,0,170.3,1:31:42.890,13:46:42.890,0:35.301,0:43.073,0:36.026,266.9,Sébastien BUEMI,,HYPERCAR,H,Toyota Gazoo Racing,Toyota,FF,35.301,43.073,36.026,
83,2,1,5:08.668,0,B,3:40.839,0,45.306,0,42.523,0,60.2,5:08.668,12:20:08.668,3:40.839,0:45.306,0:42.523,135.6,Nicklas NIELSEN,0:03:04.289,LMP2,P/A,AF Corse,Oreca,GF,220.839,45.306,42.523,
83,2,2,3:48.621,0,,2:28.933,0,42.812,0,36.876,0,85.2,8:57.289,12:23:57.289,2:28.933,0:42.812,0:36.876,170.4,Nicklas NIELSEN,0:01:56.841,LMP2,P/A,AF Corse,Oreca,GF,148.933,42.812,36.876,
83,2,3,1:57.738,0,B,35.446,0,42.033,0,40.259,0,165.5,10:55.027,12:25:55.027,0:35.446,0:42.033,0:40.259,244.6,Nicklas NIELSEN,,LMP2,P/A,AF Corse,Oreca,GF,35.446,42.033,40.259,
83,2,4,5:22.855,0,,3:11.742,0,1:20.837,0,50.276,0,60.3,16:17.882,12:31:17.882,3:11.742,1:20.837,0:50.276,80.9,Nicklas NIELSEN,0:02:12.036,LMP2,P/A,AF Corse,Oreca,GF,191.742,80.837,50.276,
83,2,5,2:02.472,0,,35.211,0,42.666,0,44.595,0,159.1,18:20.354,12:33:20.354,0:35.211,0:42.666,0:44.595,251.4,Nicklas NIELSEN,,LMP2,P/A,AF Corse,Oreca,GF,35.211,42.666,44.595,
83,2,6,1:52.295,0,,35.177,0,41.901,2,35.217,0,173.5,20:12.649,12:35:12.649,0:35.177,0:41.901,0:35.217,256.8,Nicklas NIELSEN,,LMP2,P/A,AF Corse,Oreca,GF,35.177,41.901,35.217,
83,2,7,1:52.144,2,,35.085,2,41.943,0,35.116,2,173.7,22:04.793,12:37:04.793,0:35.085,0:41.943,0:35.116,253.8,Nicklas NIELSEN,,LMP2,P/A,AF Corse,Oreca,GF,35.085,41.943,35.116,
83,2,8,1:54.518,0,,35.350,0,42.979,0,36.189,0,170.1,23:59.311,12:38:59.311,0:35.350,0:42.979,0:36.189,259.2,Nicklas NIELSEN,,LMP2,P/A,AF Corse,Oreca,GF,35.350,42.979,36.189,
83,2,9,3:00.514,0,B,35.531,0,1:02.609,0,1:22.374,0,107.9,26:59.825,12:41:59.825,0:35.531,1:02.609,1:22.374,248.5,Nicklas NIELSEN,,LMP2,P/A,AF Corse,Oreca,FCY,35.531,62.609,82.374,
83,1,10,5:24.088,0,,4:03.652,0,43.401,0,37.035,0,60.1,32:23.913,12:47:23.913,4:03.652,0:43.401,0:37.035,167.7,François PERRODO,0:03:31.243,LMP2,P/A,AF Corse,Oreca,GF,243.652,43.401,37.035,
83,1,11,1:56.966,0,,36.747,0,43.163,0,37.056,0,166.6,34:20.879,12:49:20.879,0:36.747,0:43.163,0:37.056,252.6,François PERRODO,,LMP2,P/A,AF Corse,Oreca,GF,36.747,43.163,37.056,
83,1,12,1:57.038,0,,36.411,0,43.754,0,36.873,0,166.5,36:17.917,12:51:17.917,0:36.411,0:43.754,0:36.873,255.0,François PERRODO,,LMP2,P/A,AF Corse,Oreca,GF,36.411,43.754,36.873,
83,1,13,1:56.251,0,,36.512,0,43.054,1,36.685,0,167.6,38:14.168,12:53:14.168,0:36.512,0:43.054,0:36.685,254.4,François PERRODO,,LMP2,P/A,AF Corse,Oreca,GF,36.512,43.054,36.685,
83,1,14,1:59.985,0,,37.709,0,44.592,0,37.684,0,162.4,40:14.153,12:55:14.153,0:37.709,0:44.592,0:37.684,264.3,François PERRODO,,LMP2,P/A,AF Corse,Oreca,GF,37.709,44.592,37.684,
83,1,15,1:56.773,0,,36.279,0,43.456,0,37.038,0,166.8,42:10.926,12:57:10.926,0:36.279,0:43.456,0:37.038,255.0,François PERRODO,,LMP2,P/A,AF Corse,Oreca,GF,36.279,43.456,37.038,
83,1,16,1:56.988,0,,36.632,0,43.494,0,36.862,0,166.5,44:07.914,12:59:07.914,0:36.632,0:43.494,0:36.862,253.2,François PERRODO,,LMP2,P/A,AF Corse,Oreca,GF,36.632,43.494,36.862,
83,1,17,1:56.788,0,,36.525,0,43.509,0,36.754,0,166.8,46:04.702,13:01:04.702,0:36.525,0:43.509,0:36.754,249.7,François PERRODO,,LMP2,P/A,AF Corse,Oreca,GF,36.525,43.509,36.754,
83,1,18,1:56.961,0,,37.309,0,43.128,0,36.524,0,166.6,48:01.663,13:03:01.663,0:37.309,0:43.128,0:36.524,223.0,François PERRODO,,LMP2,P/A,AF Corse,Oreca,GF,37.309,43.128,36.524,
83,1,19,1:56.579,0,,36.337,0,43.257,0,36.985,0,167.1,49:58.242,13:04:58.242,0:36.337,0:43.257,0:36.985,258.6,François PERRODO,,LMP2,P/A,AF Corse,Oreca,GF,36.337,43.257,36.985,
83,1,20,1:56.294,0,,36.361,0,43.260,0,36.673,0,167.5,51:54.536,13:06:54.536,0:36.361,0:43.260,0:36.673,257.4,François PERRODO,,LMP2,P/A,AF Corse,Oreca,GF,36.361,43.260,36.673,
83,1,21,1:56.440,0,,36.230,1,43.460,0,36.750,0,167.3,53:50.976,13:08:50.976,0:36.230,0:43.460,0:36.750,248.0,François PERRODO,,LMP2,P/A,AF Corse,Oreca,GF,36.230,43.460,36.750,
83,1,22,1:56.486,0,,36.291,0,43.744,0,36.451,1,167.3,55:47.462,13:10:47.462,0:36.291,0:43.744,0:36.451,265.6,François PERRODO,,LMP2,P/A,AF Corse,Oreca,GF,36.291,43.744,36.451,
83,1,23,1:57.646,0,,36.267,0,43.432,0,37.947,0,165.6,57:45.108,13:12:45.108,0:36.267,0:43.432,0:37.947,259.9,François PERRODO,,LMP2,P/A,AF Corse,Oreca,GF,36.267,43.432,37.947,
83,1,24,1:56.800,0,,36.571,0,43.459,0,36.770,0,166.8,59:41.908,13:14:41.908,0:36.571,0:43.459,0:36.770,251.4,François PERRODO,,LMP2,P/A,AF Corse,Oreca,GF,36.571,43.459,36.770,
83,1,25,1:56.244,0,,36.396,0,43.238,0,36.610,0,167.6,1:01:38.152,13:16:38.152,0:36.396,0:43.238,0:36.610,259.9,François PERRODO,,LMP2,P/A,AF Corse,Oreca,GF,36.396,43.238,36.610,
83,1,26,2:02.441,0,B,36.443,0,44.093,0,41.905,0,159.1,1:03:40.593,13:18:40.593,0:36.443,0:44.093,0:41.905,256.8,François PERRODO,,LMP2,P/A,AF Corse,Oreca,GF,36.443,44.093,41.905,
83,3,27,4:00.715,0,,2:37.579,0,44.693,0,38.443,0,80.9,1:07:41.308,13:22:41.308,2:37.579,0:44.693,0:38.443,167.2,Alessio ROVERA,0:02:04.292,LMP2,P/A,AF Corse,Oreca,GF,157.579,44.693,38.443,
83,3,28,1:56.864,0,,36.546,0,43.663,0,36.655,0,166.7,1:09:38.172,13:24:38.172,0:36.546,0:43.663,0:36.655,262.4,Alessio ROVERA,,LMP2,P/A,AF Corse,Oreca,GF,36.546,43.663,36.655,
83,3,29,1:57.394,0,,36.188,0,44.216,0,36.990,0,166.0,1:11:35.566,13:26:35.566,0:36.188,0:44.216,0:36.990,255.6,Alessio ROVERA,,LMP2,P/A,AF Corse,Oreca,GF,36.188,44.216,36.990,
83,3,30,1:56.015,0,,36.254,0,43.395,0,36.366,0,167.9,1:13:31.581,13:28:31.581,0:36.254,0:43.395,0:36.366,269.6,Alessio ROVERA,,LMP2,P/A,AF Corse,Oreca,GF,36.254,43.395,36.366,
83,3,31,1:55.908,0,,36.400,0,43.190,1,36.318,1,168.1,1:15:27.489,13:30:27.489,0:36.400,0:43.190,0:36.318,245.7,Alessio ROVERA,,LMP2,P/A,AF Corse,Oreca,GF,36.400,43.190,36.318,
83,3,32,2:02.659,0,B,36.978,0,43.612,0,42.069,0,158.8,1:17:30.148,13:32:30.148,0:36.978,0:43.612,0:42.069,278.6,Alessio ROVERA,,LMP2,P/A,AF Corse,Oreca,GF,36.978,43.612,42.069,
83,3,33,3:01.318,0,,1:37.355,0,43.729,0,40.234,0,107.5,1:20:31.466,13:35:31.466,1:37.355,0:43.729,0:40.234,173.4,Alessio ROVERA,0:01:05.105,LMP2,P/A,AF Corse,Oreca,GF,97.355,43.729,40.234,
83,3,34,1:57.751,0,,36.093,0,43.658,0,38.000,0,165.5,1:22:29.217,13:37:29.217,0:36.093,0:43.658,0:38.000,263.0,Alessio ROVERA,,LMP2,P/A,AF Corse,Oreca,GF,36.093,43.658,38.000,
83,3,35,1:55.889,0,,36.059,0,43.481,0,36.349,0,168.1,1:24:25.106,13:39:25.106,0:36.059,0:43.481,0:36.349,257.4,Alessio ROVERA,,LMP2,P/A,AF Corse,Oreca,GF,36.059,43.481,36.349,
83,3,36,1:57.213,0,,36.355,0,43.988,0,36.870,0,166.2,1:26:22.319,13:41:22.319,0:36.355,0:43.988,0:36.870,257.4,Alessio ROVERA,,LMP2,P/A,AF Corse,Oreca,GF,36.355,43.988,36.870,
83,3,37,1:55.691,0,,35.984,1,43.360,0,36.347,0,168.4,1:28:18.010,13:43:18.010,0:35.984,0:43.360,0:36.347,269.6,Alessio ROVERA,,LMP2,P/A,AF Corse,Oreca,GF,35.984,43.360,36.347,
83,3,38,1:55.874,0,,36.179,0,43.332,0,36.363,0,168.1,1:30:13.884,13:45:13.884,0:36.179,0:43.332,0:36.363,264.3,Alessio ROVERA,,LMP2,P/A,AF Corse,Oreca,FF,36.179,43.332,36.363,
85,3,1,2:29.504,0,B,47.656,0,52.418,0,49.430,0,124.3,2:29.504,12:17:29.504,0:47.656,0:52.418,0:49.430,113.1,Sarah BOVY,0:00:05.757,LMGTE Am,,Iron Dames,Ferrari,GF,47.656,52.418,49.430,
85,3,2,3:55.288,0,,2:28.818,0,46.967,0,39.503,0,82.8,6:24.792,12:21:24.792,2:28.818,0:46.967,0:39.503,157.3,Sarah BOVY,0:01:53.642,LMGTE Am,,Iron Dames,Ferrari,GF,148.818,46.967,39.503,
85,3,3,2:07.050,0,,41.317,0,46.613,0,39.120,0,153.4,8:31.842,12:23:31.842,0:41.317,0:46.613,0:39.120,257.4,Sarah BOVY,,LMGTE Am,,Iron Dames,Ferrari,GF,41.317,46.613,39.120,
85,3,4,2:04.227,0,,39.252,0,45.752,0,39.223,0,156.8,10:36.069,12:25:36.069,0:39.252,0:45.752,0:39.223,220.2,Sarah BOVY,,LMGTE Am,,Iron Dames,Ferrari,GF,39.252,45.752,39.223,
85,3,5,3:33.532,0,,50.287,0,1:21.745,0,1:21.500,0,91.2,14:09.601,12:29:09.601,0:50.287,1:21.745,1:21.500,238.7,Sarah BOVY,,LMGTE Am,,Iron Dames,Ferrari,FCY,50.287,81.745,81.500,
85,3,6,2:55.438,0,,1:21.061,0,55.011,0,39.366,0,111.1,17:05.039,12:32:05.039,1:21.061,0:55.011,0:39.366,79.7,Sarah BOVY,,LMGTE Am,,Iron Dames,Ferrari,GF,81.061,55.011,39.366,
85,3,7,2:02.957,0,,38.645,0,45.382,0,38.930,2,158.5,19:07.996,12:34:07.996,0:38.645,0:45.382,0:38.930,233.5,Sarah BOVY,,LMGTE Am,,Iron Dames,Ferrari,GF,38.645,45.382,38.930,
85,3,8,2:03.803,0,,38.928,0,45.904,0,38.971,0,157.4,21:11.799,12:36:11.799,0:38.928,0:45.904,0:38.971,247.4,Sarah BOVY,,LMGTE Am,,Iron Dames,Ferrari,GF,38.928,45.904,38.971,
85,3,9,2:02.706,2,,38.382,1,45.254,2,39.070,0,158.8,23:14.505,12:38:14.505,0:38.382,0:45.254,0:39.070,250.3,Sarah BOVY,,LMGTE Am,,Iron Dames,Ferrari,GF,38.382,45.254,39.070,
85,3,10,2:21.612,0,B,38.588,0,45.308,0,57.716,0,137.6,25:36.117,12:40:36.117,0:38.588,0:45.308,0:57.716,249.7,Sarah BOVY,,LMGTE Am,,Iron Dames,Ferrari,FCY,38.588,45.308,57.716,
85,2,11,8:02.241,0,,6:36.085,0,46.707,0,39.449,0,40.4,33:38.358,12:48:38.358,6:36.085,0:46.707,0:39.449,144.3,Michelle GATTING,0:05:59.874,LMGTE Am,,Iron Dames,Ferrari,GF,396.085,46.707,39.449,
85,2,12,2:04.014,0,,38.471,0,46.440,0,39.103,0,157.1,35:42.372,12:50:42.372,0:38.471,0:46.440,0:39.103,250.3,Michelle GATTING,,LMGTE Am,,Iron Dames,Ferrari,GF,38.471,46.440,39.103,
85,2,13,2:03.150,0,,38.551,0,45.570,0,39.029,1,158.2,37:45.522,12:52:45.522,0:38.551,0:45.570,0:39.029,251.4,Michelle GATTING,,LMGTE Am,,Iron Dames,Ferrari,GF,38.551,45.570,39.029,
85,2,14,2:03.055,0,,38.208,0,45.559,0,39.288,0,158.3,39:48.577,12:54:48.577,0:38.208,0:45.559,0:39.288,246.8,Michelle GATTING,,LMGTE Am,,Iron Dames,Ferrari,GF,38.208,45.559,39.288,
85,2,15,2:02.923,0,,38.104,2,45.539,1,39.280,0,158.5,41:51.500,12:56:51.500,0:38.104,0:45.539,0:39.280,249.1,Michelle GATTING,,LMGTE Am,,Iron Dames,Ferrari,GF,38.104,45.539,39.280,
85,2,16,2:04.401,0,,38.480,0,46.137,0,39.784,0,156.6,43:55.901,12:58:55.901,0:38.480,0:46.137,0:39.784,240.3,Michelle GATTING,,LMGTE Am,,Iron Dames,Ferrari,GF,38.480,46.137,39.784,
85,2,17,2:07.215,0,,39.124,0,48.663,0,39.428,0,153.2,46:03.116,13:01:03.116,0:39.124,0:48.663,0:39.428,232.0,Michelle GATTING,,LMGTE Am,,Iron Dames,Ferrari,GF,39.124,48.663,39.428,
85,2,18,2:06.084,0,,40.022,0,46.606,0,39.456,0,154.5,48:09.200,13:03:09.200,0:40.022,0:46.606,0:39.456,197.7,Michelle GATTING,,LMGTE Am,,Iron Dames,Ferrari,GF,40.022,46.606,39.456,
85,2,19,2:04.337,0,,38.800,0,46.204,0,39.333,0,156.7,50:13.537,13:05:13.537,0:38.800,0:46.204,0:39.333,237.6,Michelle GATTING,,LMGTE Am,,Iron Dames,Ferrari,GF,38.800,46.204,39.333,
85,2,20,2:04.160,0,,38.604,0,46.201,0,39.355,0,156.9,52:17.697,13:07:17.697,0:38.604,0:46.201,0:39.355,249.1,Michelle GATTING,,LMGTE Am,,Iron Dames,Ferrari,GF,38.604,46.201,39.355,
85,2,21,2:08.254,0,B,38.403,0,46.137,0,43.714,0,151.9,54:25.951,13:09:25.951,0:38.403,0:46.137,0:43.714,240.3,Michelle GATTING,,LMGTE Am,,Iron Dames,Ferrari,GF,38.403,46.137,43.714,
85,1,22,4:13.196,0,,2:46.515,0,46.855,0,39.826,0,76.9,58:39.147,13:13:39.147,2:46.515,0:46.855,0:39.826,151.3,Rahel FREY,0:02:10.889,LMGTE Am,,Iron Dames,Ferrari,GF,166.515,46.855,39.826,
85,1,23,2:06.938,0,,39.084,0,48.004,0,39.850,0,153.5,1:00:46.085,13:15:46.085,0:39.084,0:48.004,0:39.850,237.1,Rahel FREY,,LMGTE Am,,Iron Dames,Ferrari,GF,39.084,48.004,39.850,
85,1,24,2:05.401,0,,39.020,0,46.540,0,39.841,0,155.4,1:02:51.486,13:17:51.486,0:39.020,0:46.540,0:39.841,252.0,Rahel FREY,,LMGTE Am,,Iron Dames,Ferrari,GF,39.020,46.540,39.841,
85,1,25,2:06.712,0,,40.083,0,46.563,0,40.066,0,153.8,1:04:58.198,13:19:58.198,0:40.083,0:46.563,0:40.066,254.4,Rahel FREY,,LMGTE Am,,Iron Dames,Ferrari,GF,40.083,46.563,40.066,
85,1,26,2:09.255,0,B,38.853,1,46.405,0,43.997,0,150.7,1:07:07.453,13:22:07.453,0:38.853,0:46.405,0:43.997,234.0,Rahel FREY,,LMGTE Am,,Iron Dames,Ferrari,GF,38.853,46.405,43.997,
85,1,27,3:31.593,0,,2:05.797,0,46.324,1,39.472,1,92.1,1:10:39.046,13:25:39.046,2:05.797,0:46.324,0:39.472,160.1,Rahel FREY,0:01:31.517,LMGTE Am,,Iron Dames,Ferrari,GF,125.797,46.324,39.472,
85,1,28,2:06.177,0,,39.074,0,46.387,0,40.716,0,154.4,1:12:45.223,13:27:45.223,0:39.074,0:46.387,0:40.716,252.6,Rahel FREY,,LMGTE Am,,Iron Dames,Ferrari,GF,39.074,46.387,40.716,
85,1,29,2:06.633,0,,39.172,0,47.497,0,39.964,0,153.9,1:14:51.856,13:29:51.856,0:39.172,0:47.497,0:39.964,248.5,Rahel FREY,,LMGTE Am,,Iron Dames,Ferrari,GF,39.172,47.497,39.964,
85,1,30,2:05.390,0,,39.093,0,46.557,0,39.740,0,155.4,1:16:57.246,13:31:57.246,0:39.093,0:46.557,0:39.740,248.5,Rahel FREY,,LMGTE Am,,Iron Dames,Ferrari,GF,39.093,46.557,39.740,
85,1,31,2:06.908,0,,39.422,0,47.106,0,40.380,0,153.5,1:19:04.154,13:34:04.154,0:39.422,0:47.106,0:40.380,250.3,Rahel FREY,,LMGTE Am,,Iron Dames,Ferrari,GF,39.422,47.106,40.380,
85,1,32,2:06.972,0,,39.325,0,47.472,0,40.175,0,153.4,1:21:11.126,13:36:11.126,0:39.325,0:47.472,0:40.175,243.0,Rahel FREY,,LMGTE Am,,Iron Dames,Ferrari,GF,39.325,47.472,40.175,
85,1,33,2:13.002,0,B,39.701,0,47.817,0,45.484,0,146.5,1:23:24.128,13:38:24.128,0:39.701,0:47.817,0:45.484,243.5,Rahel FREY,,LMGTE Am,,Iron Dames,Ferrari,GF,39.701,47.817,45.484,
86,3,1,2:26.639,0,,56.133,0,49.901,0,40.605,0,126.8,2:26.639,12:17:26.639,0:56.133,0:49.901,0:40.605,120.4,Benjamin BARKER,0:00:15.211,LMGTE Am,,GR Racing,Porsche,GF,56.133,49.901,40.605,
86,3,2,2:13.601,0,B,40.327,0,47.879,0,45.395,0,145.8,4:40.240,12:19:40.240,0:40.327,0:47.879,0:45.395,184.6,Benjamin BARKER,,LMGTE Am,,GR Racing,Porsche,GF,40.327,47.879,45.395,
86,3,3,14:11.920,0,,12:48.170,0,45.498,0,38.252,0,22.9,18:52.160,12:33:52.160,12:48.170,0:45.498,0:38.252,158.0,Benjamin BARKER,0:12:14.239,LMGTE Am,,GR Racing,Porsche,GF,768.170,45.498,38.252,
86,3,4,2:00.989,0,,37.923,0,44.878,0,38.188,0,161.0,20:53.149,12:35:53.149,0:37.923,0:44.878,0:38.188,250.8,Benjamin BARKER,,LMGTE Am,,GR Racing,Porsche,GF,37.923,44.878,38.188,
86,3,5,2:00.979,0,,38.018,0,44.933,0,38.028,0,161.0,22:54.128,12:37:54.128,0:38.018,0:44.933,0:38.028,249.1,Benjamin BARKER,,LMGTE Am,,GR Racing,Porsche,GF,38.018,44.933,38.028,
86,3,6,2:00.763,0,,37.850,0,44.604,0,38.309,0,161.3,24:54.891,12:39:54.891,0:37.850,0:44.604,0:38.309,252.6,Benjamin BARKER,,LMGTE Am,,GR Racing,Porsche,GF,37.850,44.604,38.309,
86,3,7,3:50.116,0,B,1:06.868,0,1:20.699,0,1:22.549,0,84.7,28:45.007,12:43:45.007,1:06.868,1:20.699,1:22.549,79.6,Benjamin BARKER,,LMGTE Am,,GR Racing,Porsche,FCY,66.868,80.699,82.549,
86,3,8,4:43.955,0,,3:19.069,0,45.074,0,39.812,0,68.6,33:28.962,12:48:28.962,3:19.069,0:45.074,0:39.812,146.2,Benjamin BARKER,0:02:44.432,LMGTE Am,,GR Racing,Porsche,GF,199.069,45.074,39.812,
86,3,9,2:00.461,0,,37.578,2,44.302,2,38.581,0,161.7,35:29.423,12:50:29.423,0:37.578,0:44.302,0:38.581,253.8,Benjamin BARKER,,LMGTE Am,,GR Racing,Porsche,GF,37.578,44.302,38.581,
86,3,10,1:59.968,2,,37.670,0,44.307,0,37.991,2,162.4,37:29.391,12:52:29.391,0:37.670,0:44.307,0:37.991,252.6,Benjamin BARKER,,LMGTE Am,,GR Racing,Porsche,GF,37.670,44.307,37.991,
86,3,11,2:00.255,0,,37.635,0,44.439,0,38.181,0,162.0,39:29.646,12:54:29.646,0:37.635,0:44.439,0:38.181,253.2,Benjamin BARKER,,LMGTE Am,,GR Racing,Porsche,GF,37.635,44.439,38.181,
86,3,12,2:05.669,0,B,38.267,0,44.804,0,42.598,0,155.0,41:35.315,12:56:35.315,0:38.267,0:44.804,0:42.598,246.8,Benjamin BARKER,,LMGTE Am,,GR Racing,Porsche,GF,38.267,44.804,42.598,
86,1,13,9:29.443,0,,8:00.595,0,48.996,0,39.852,0,34.2,51:04.758,13:06:04.758,8:00.595,0:48.996,0:39.852,141.5,Michael WAINWRIGHT,0:07:23.585,LMGTE Am,,GR Racing,Porsche,GF,480.595,48.996,39.852,
86,1,14,2:08.080,0,,39.146,0,48.792,0,40.142,0,152.1,53:12.838,13:08:12.838,0:39.146,0:48.792,0:40.142,246.8,Michael WAINWRIGHT,,LMGTE Am,,GR Racing,Porsche,GF,39.146,48.792,40.142,
86,1,15,2:04.376,0,,39.077,0,45.984,0,39.315,1,156.6,55:17.214,13:10:17.214,0:39.077,0:45.984,0:39.315,251.4,Michael WAINWRIGHT,,LMGTE Am,,GR Racing,Porsche,GF,39.077,45.984,39.315,
86,1,16,2:04.708,0,,38.679,1,46.423,0,39.606,0,156.2,57:21.922,13:12:21.922,0:38.679,0:46.423,0:39.606,255.0,Michael WAINWRIGHT,,LMGTE Am,,GR Racing,Porsche,GF,38.679,46.423,39.606,
86,1,17,2:04.266,0,,39.066,0,45.842,1,39.358,0,156.8,59:26.188,13:14:26.188,0:39.066,0:45.842,0:39.358,248.0,Michael WAINWRIGHT,,LMGTE Am,,GR Racing,Porsche,GF,39.066,45.842,39.358,
86,1,18,2:05.231,0,,38.749,0,46.121,0,40.361,0,155.6,1:01:31.419,13:16:31.419,0:38.749,0:46.121,0:40.361,250.3,Michael WAINWRIGHT,,LMGTE Am,,GR Racing,Porsche,GF,38.749,46.121,40.361,
86,1,19,2:06.443,0,,40.138,0,46.437,0,39.868,0,154.1,1:03:37.862,13:18:37.862,0:40.138,0:46.437,0:39.868,253.8,Michael WAINWRIGHT,,LMGTE Am,,GR Racing,Porsche,GF,40.138,46.437,39.868,
86,1,20,2:05.493,0,,39.750,0,46.003,0,39.740,0,155.3,1:05:43.355,13:20:43.355,0:39.750,0:46.003,0:39.740,252.6,Michael WAINWRIGHT,,LMGTE Am,,GR Racing,Porsche,GF,39.750,46.003,39.740,
86,1,21,2:04.564,0,,38.702,0,46.216,0,39.646,0,156.4,1:07:47.919,13:22:47.919,0:38.702,0:46.216,0:39.646,251.4,Michael WAINWRIGHT,,LMGTE Am,,GR Racing,Porsche,GF,38.702,46.216,39.646,
86,1,22,2:08.730,0,,39.101,0,46.977,0,42.652,0,151.3,1:09:56.649,13:24:56.649,0:39.101,0:46.977,0:42.652,252.6,Michael WAINWRIGHT,,LMGTE Am,,GR Racing,Porsche,GF,39.101,46.977,42.652,
86,1,23,2:06.271,0,,39.762,0,46.833,0,39.676,0,154.3,1:12:02.920,13:27:02.920,0:39.762,0:46.833,0:39.676,250.8,Michael WAINWRIGHT,,LMGTE Am,,GR Racing,Porsche,GF,39.762,46.833,39.676,
86,1,24,2:05.844,0,,39.370,0,46.623,0,39.851,0,154.8,1:14:08.764,13:29:08.764,0:39.370,0:46.623,0:39.851,247.4,Michael WAINWRIGHT,,LMGTE Am,,GR Racing,Porsche,GF,39.370,46.623,39.851,
86,1,25,2:05.092,0,,39.004,0,46.620,0,39.468,0,155.8,1:16:13.856,13:31:13.856,0:39.004,0:46.620,0:39.468,248.5,Michael WAINWRIGHT,,LMGTE Am,,GR Racing,Porsche,GF,39.004,46.620,39.468,
86,1,26,2:05.539,0,,38.793,0,47.035,0,39.711,0,155.2,1:18:19.395,13:33:19.395,0:38.793,0:47.035,0:39.711,245.2,Michael WAINWRIGHT,,LMGTE Am,,GR Racing,Porsche,GF,38.793,47.035,39.711,
86,1,27,2:11.862,0,B,40.219,0,46.734,0,44.909,0,147.8,1:20:31.257,13:35:31.257,0:40.219,0:46.734,0:44.909,230.6,Michael WAINWRIGHT,,LMGTE Am,,GR Racing,Porsche,GF,40.219,46.734,44.909,
86,2,28,5:26.950,0,,4:01.407,0,46.064,0,39.479,0,59.6,1:25:58.207,13:40:58.207,4:01.407,0:46.064,0:39.479,158.7,Riccardo PERA,0:03:27.658,LMGTE Am,,GR Racing,Porsche,GF,241.407,46.064,39.479,
86,2,29,2:03.370,0,,38.575,0,45.610,0,39.185,0,157.9,1:28:01.577,13:43:01.577,0:38.575,0:45.610,0:39.185,253.2,Riccardo PERA,,LMGTE Am,,GR Racing,Porsche,GF,38.575,45.610,39.185,
86,2,30,2:02.807,0,,38.376,1,45.317,1,39.114,1,158.6,1:30:04.384,13:45:04.384,0:38.376,0:45.317,0:39.114,252.6,Riccardo PERA,,LMGTE Am,,GR Racing,Porsche,FF,38.376,45.317,39.114,
88,2,1,2:55.816,0,B,1:20.439,0,47.592,0,47.785,0,105.7,2:55.816,12:17:55.816,1:20.439,0:47.592,0:47.785,150.5,Patrick LINDSEY,0:00:42.571,LMGTE Am,,Dempsey - Proton Racing,Porsche,GF,80.439,47.592,47.785,
88,2,2,4:09.918,0,,2:44.758,0,45.859,0,39.301,0,78.0,7:05.734,12:22:05.734,2:44.758,0:45.859,0:39.301,159.1,Patrick LINDSEY,0:02:10.978,LMGTE Am,,Dempsey - Proton Racing,Porsche,GF,164.758,45.859,39.301,
88,2,3,2:03.525,0,,38.463,0,45.753,0,39.309,0,157.7,9:09.259,12:24:09.259,0:38.463,0:45.753,0:39.309,252.6,Patrick LINDSEY,,LMGTE Am,,Dempsey - Proton Racing,Porsche,GF,38.463,45.753,39.309,
88,2,4,2:12.358,0,,38.237,0,44.930,2,49.191,0,147.2,11:21.617,12:26:21.617,0:38.237,0:44.930,0:49.191,252.6,Patrick LINDSEY,,LMGTE Am,,Dempsey - Proton Racing,Porsche,FCY,38.237,44.930,49.191,
88,2,5,4:03.108,0,,1:20.310,0,1:21.276,0,1:21.522,0,80.1,15:24.725,12:30:24.725,1:20.310,1:21.276,1:21.522,79.9,Patrick LINDSEY,,LMGTE Am,,Dempsey - Proton Racing,Porsche,FCY,80.310,81.276,81.522,
88,2,6,2:20.291,0,,55.940,0,45.652,0,38.699,0,138.9,17:45.016,12:32:45.016,0:55.940,0:45.652,0:38.699,131.8,Patrick LINDSEY,,LMGTE Am,,Dempsey - Proton Racing,Porsche,GF,55.940,45.652,38.699,
88,2,7,2:04.146,0,,39.268,0,45.820,0,39.058,0,156.9,19:49.162,12:34:49.162,0:39.268,0:45.820,0:39.058,256.2,Patrick LINDSEY,,LMGTE Am,,Dempsey - Proton Racing,Porsche,GF,39.268,45.820,39.058,
88,2,8,2:02.000,0,,38.489,0,45.078,0,38.433,2,159.7,21:51.162,12:36:51.162,0:38.489,0:45.078,0:38.433,256.2,Patrick LINDSEY,,LMGTE Am,,Dempsey - Proton Racing,Porsche,GF,38.489,45.078,38.433,
88,2,9,2:02.439,0,,38.257,0,45.436,0,38.746,0,159.1,23:53.601,12:38:53.601,0:38.257,0:45.436,0:38.746,255.0,Patrick LINDSEY,,LMGTE Am,,Dempsey - Proton Racing,Porsche,GF,38.257,45.436,38.746,
88,2,10,2:59.492,0,,38.251,0,59.908,0,1:21.333,0,108.5,26:53.093,12:41:53.093,0:38.251,0:59.908,1:21.333,252.6,Patrick LINDSEY,,LMGTE Am,,Dempsey - Proton Racing,Porsche,FCY,38.251,59.908,81.333,
88,2,11,3:21.636,0,,1:20.259,0,1:20.530,0,40.847,0,96.6,30:14.729,12:45:14.729,1:20.259,1:20.530,0:40.847,79.9,Patrick LINDSEY,,LMGTE Am,,Dempsey - Proton Racing,Porsche,GF,80.259,80.530,40.847,
88,2,12,2:03.679,0,,38.723,0,46.123,0,38.833,0,157.5,32:18.408,12:47:18.408,0:38.723,0:46.123,0:38.833,241.3,Patrick LINDSEY,,LMGTE Am,,Dempsey - Proton Racing,Porsche,GF,38.723,46.123,38.833,
88,2,13,2:06.374,0,B,38.103,2,45.109,0,43.162,0,154.2,34:24.782,12:49:24.782,0:38.103,0:45.109,0:43.162,253.2,Patrick LINDSEY,,LMGTE Am,,Dempsey - Proton Racing,Porsche,GF,38.103,45.109,43.162,
88,3,14,3:46.966,0,,2:16.665,0,48.596,0,41.705,0,85.8,38:11.748,12:53:11.748,2:16.665,0:48.596,0:41.705,159.4,Jan HEYLEN,0:01:39.361,LMGTE Am,,Dempsey - Proton Racing,Porsche,GF,136.665,48.596,41.705,
88,3,15,2:05.259,0,,38.416,0,47.027,0,39.816,0,155.5,40:17.007,12:55:17.007,0:38.416,0:47.027,0:39.816,255.0,Jan HEYLEN,,LMGTE Am,,Dempsey - Proton Racing,Porsche,GF,38.416,47.027,39.816,
88,3,16,2:03.626,0,,38.492,0,46.193,0,38.941,0,157.6,42:20.633,12:57:20.633,0:38.492,0:46.193,0:38.941,247.4,Jan HEYLEN,,LMGTE Am,,Dempsey - Proton Racing,Porsche,GF,38.492,46.193,38.941,
88,3,17,2:03.143,0,,38.273,0,46.073,0,38.797,0,158.2,44:23.776,12:59:23.776,0:38.273,0:46.073,0:38.797,251.4,Jan HEYLEN,,LMGTE Am,,Dempsey - Proton Racing,Porsche,GF,38.273,46.073,38.797,
88,3,18,2:02.592,0,,38.179,0,45.042,1,39.371,0,158.9,46:26.368,13:01:26.368,0:38.179,0:45.042,0:39.371,253.8,Jan HEYLEN,,LMGTE Am,,Dempsey - Proton Racing,Porsche,GF,38.179,45.042,39.371,
88,3,19,2:01.985,2,,38.187,0,45.071,0,38.727,1,159.7,48:28.353,13:03:28.353,0:38.187,0:45.071,0:38.727,250.8,Jan HEYLEN,,LMGTE Am,,Dempsey - Proton Racing,Porsche,GF,38.187,45.071,38.727,
88,3,20,2:05.896,0,,40.953,0,46.141,0,38.802,0,154.8,50:34.249,13:05:34.249,0:40.953,0:46.141,0:38.802,258.6,Jan HEYLEN,,LMGTE Am,,Dempsey - Proton Racing,Porsche,GF,40.953,46.141,38.802,
88,3,21,2:02.494,0,,38.157,1,45.442,0,38.895,0,159.1,52:36.743,13:07:36.743,0:38.157,0:45.442,0:38.895,254.4,Jan HEYLEN,,LMGTE Am,,Dempsey - Proton Racing,Porsche,GF,38.157,45.442,38.895,
88,3,22,2:06.813,0,,38.545,0,45.623,0,42.645,0,153.6,54:43.556,13:09:43.556,0:38.545,0:45.623,0:42.645,250.8,Jan HEYLEN,,LMGTE Am,,Dempsey - Proton Racing,Porsche,GF,38.545,45.623,42.645,
88,3,23,2:02.818,0,,38.336,0,45.556,0,38.926,0,158.6,56:46.374,13:11:46.374,0:38.336,0:45.556,0:38.926,255.0,Jan HEYLEN,,LMGTE Am,,Dempsey - Proton Racing,Porsche,GF,38.336,45.556,38.926,
88,3,24,2:04.786,0,,38.455,0,46.610,0,39.721,0,156.1,58:51.160,13:13:51.160,0:38.455,0:46.610,0:39.721,258.0,Jan HEYLEN,,LMGTE Am,,Dempsey - Proton Racing,Porsche,GF,38.455,46.610,39.721,
88,3,25,2:07.596,0,B,38.440,0,45.594,0,43.562,0,152.7,1:00:58.756,13:15:58.756,0:38.440,0:45.594,0:43.562,256.8,Jan HEYLEN,,LMGTE Am,,Dempsey - Proton Racing,Porsche,GF,38.440,45.594,43.562,
88,1,26,3:43.694,0,,2:06.738,0,51.939,0,45.017,0,87.1,1:04:42.450,13:19:42.450,2:06.738,0:51.939,0:45.017,145.4,Fred POORDAD,0:01:29.026,LMGTE Am,,Dempsey - Proton Racing,Porsche,GF,126.738,51.939,45.017,
88,1,27,2:14.354,0,,41.499,0,49.598,0,43.257,0,145.0,1:06:56.804,13:21:56.804,0:41.499,0:49.598,0:43.257,216.7,Fred POORDAD,,LMGTE Am,,Dempsey - Proton Racing,Porsche,GF,41.499,49.598,43.257,
88,1,28,2:11.817,0,,40.250,0,50.137,0,41.430,0,147.8,1:09:08.621,13:24:08.621,0:40.250,0:50.137,0:41.430,224.8,Fred POORDAD,,LMGTE Am,,Dempsey - Proton Racing,Porsche,GF,40.250,50.137,41.430,
88,1,29,2:11.240,0,,40.919,0,48.771,0,41.550,0,148.5,1:11:19.861,13:26:19.861,0:40.919,0:48.771,0:41.550,220.7,Fred POORDAD,,LMGTE Am,,Dempsey - Proton Racing,Porsche,GF,40.919,48.771,41.550,
88,1,30,2:10.134,0,,40.436,0,48.715,0,40.983,0,149.7,1:13:29.995,13:28:29.995,0:40.436,0:48.715,0:40.983,216.3,Fred POORDAD,,LMGTE Am,,Dempsey - Proton Racing,Porsche,GF,40.436,48.715,40.983,
88,1,31,2:09.152,0,,40.027,0,48.065,0,41.060,0,150.9,1:15:39.147,13:30:39.147,0:40.027,0:48.065,0:41.060,237.1,Fred POORDAD,,LMGTE Am,,Dempsey - Proton Racing,Porsche,GF,40.027,48.065,41.060,
88,1,32,2:09.321,0,,40.285,0,48.490,0,40.546,0,150.7,1:17:48.468,13:32:48.468,0:40.285,0:48.490,0:40.546,230.6,Fred POORDAD,,LMGTE Am,,Dempsey - Proton Racing,Porsche,GF,40.285,48.490,40.546,
88,1,33,2:07.680,0,,39.754,1,47.496,1,40.430,0,152.6,1:19:56.148,13:34:56.148,0:39.754,0:47.496,0:40.430,237.1,Fred POORDAD,,LMGTE Am,,Dempsey - Proton Racing,Porsche,GF,39.754,47.496,40.430,
88,1,34,2:10.672,0,,39.819,0,50.111,0,40.742,0,149.1,1:22:06.820,13:37:06.820,0:39.819,0:50.111,0:40.742,233.0,Fred POORDAD,,LMGTE Am,,Dempsey - Proton Racing,Porsche,GF,39.819,50.111,40.742,
88,1,35,2:07.955,0,,39.778,0,47.869,0,40.308,1,152.3,1:24:14.775,13:39:14.775,0:39.778,0:47.869,0:40.308,228.6,Fred POORDAD,,LMGTE Am,,Dempsey - Proton Racing,Porsche,GF,39.778,47.869,40.308,
88,1,36,2:09.114,0,,39.906,0,47.772,0,41.436,0,150.9,1:26:23.889,13:41:23.889,0:39.906,0:47.772,0:41.436,231.0,Fred POORDAD,,LMGTE Am,,Dempsey - Proton Racing,Porsche,GF,39.906,47.772,41.436,
88,1,37,2:08.106,0,,39.844,0,47.627,0,40.635,0,152.1,1:28:31.995,13:43:31.995,0:39.844,0:47.627,0:40.635,232.5,Fred POORDAD,,LMGTE Am,,Dempsey - Proton Racing,Porsche,GF,39.844,47.627,40.635,
88,1,38,2:10.343,0,,40.332,0,49.067,0,40.944,0,149.5,1:30:42.338,13:45:42.338,0:40.332,0:49.067,0:40.944,194.9,Fred POORDAD,,LMGTE Am,,Dempsey - Proton Racing,Porsche,FF,40.332,49.067,40.944,
9,2,1,3:57.773,0,,2:36.705,0,43.306,0,37.762,0,78.2,3:57.773,12:18:57.773,2:36.705,0:43.306,0:37.762,141.8,Louis DELETRAZ,0:01:59.010,LMP2,,Prema Orlen Team,Oreca,GF,156.705,43.306,37.762,
9,2,2,1:52.856,0,,35.184,0,42.306,0,35.366,2,172.6,5:50.629,12:20:50.629,0:35.184,0:42.306,0:35.366,273.6,Louis DELETRAZ,,LMP2,,Prema Orlen Team,Oreca,GF,35.184,42.306,35.366,
9,2,3,1:52.539,2,,35.003,2,42.082,2,35.454,0,173.1,7:43.168,12:22:43.168,0:35.003,0:42.082,0:35.454,272.9,Louis DELETRAZ,,LMP2,,Prema Orlen Team,Oreca,GF,35.003,42.082,35.454,
9,2,4,2:00.083,0,B,35.875,0,42.982,0,41.226,0,162.2,9:43.251,12:24:43.251,0:35.875,0:42.982,0:41.226,224.3,Louis DELETRAZ,,LMP2,,Prema Orlen Team,Oreca,GF,35.875,42.982,41.226,
9,2,5,6:54.828,0,,5:15.469,0,1:03.529,0,35.830,0,47.0,16:38.079,12:31:38.079,5:15.469,1:03.529,0:35.830,80.1,Louis DELETRAZ,0:04:15.700,LMP2,,Prema Orlen Team,Oreca,GF,315.469,63.529,35.830,
9,2,6,1:56.588,0,,36.234,0,43.402,0,36.952,0,167.1,18:34.667,12:33:34.667,0:36.234,0:43.402,0:36.952,280.7,Louis DELETRAZ,,LMP2,,Prema Orlen Team,Oreca,GF,36.234,43.402,36.952,
9,2,7,1:55.165,0,,35.960,0,42.950,0,36.255,0,169.2,20:29.832,12:35:29.832,0:35.960,0:42.950,0:36.255,268.9,Louis DELETRAZ,,LMP2,,Prema Orlen Team,Oreca,GF,35.960,42.950,36.255,
9,2,8,1:54.525,0,,36.154,0,42.618,0,35.753,0,170.1,22:24.357,12:37:24.357,0:36.154,0:42.618,0:35.753,282.2,Louis DELETRAZ,,LMP2,,Prema Orlen Team,Oreca,GF,36.154,42.618,35.753,
9,2,9,1:55.966,0,,36.563,0,43.313,0,36.090,0,168.0,24:20.323,12:39:20.323,0:36.563,0:43.313,0:36.090,238.7,Louis DELETRAZ,,LMP2,,Prema Orlen Team,Oreca,GF,36.563,43.313,36.090,
9,2,10,3:12.320,0,B,35.754,0,1:14.404,0,1:22.162,0,101.3,27:32.643,12:42:32.643,0:35.754,1:14.404,1:22.162,275.0,Louis DELETRAZ,,LMP2,,Prema Orlen Team,Oreca,FCY,35.754,74.404,82.162,
9,3,11,4:40.012,0,,3:19.834,0,43.546,0,36.632,0,69.6,32:12.655,12:47:12.655,3:19.834,0:43.546,0:36.632,156.1,Lorenzo COLOMBO,0:02:46.191,LMP2,,Prema Orlen Team,Oreca,GF,199.834,43.546,36.632,
9,3,12,1:56.642,0,,36.611,0,43.241,0,36.790,0,167.0,34:09.297,12:49:09.297,0:36.611,0:43.241,0:36.790,232.0,Lorenzo COLOMBO,,LMP2,,Prema Orlen Team,Oreca,GF,36.611,43.241,36.790,
9,3,13,1:56.236,0,,36.485,0,43.166,0,36.585,0,167.6,36:05.533,12:51:05.533,0:36.485,0:43.166,0:36.585,239.2,Lorenzo COLOMBO,,LMP2,,Prema Orlen Team,Oreca,GF,36.485,43.166,36.585,
9,3,14,1:59.161,0,,37.009,0,44.758,0,37.394,0,163.5,38:04.694,12:53:04.694,0:37.009,0:44.758,0:37.394,226.2,Lorenzo COLOMBO,,LMP2,,Prema Orlen Team,Oreca,GF,37.009,44.758,37.394,
9,3,15,1:55.783,0,,36.503,0,43.037,0,36.243,1,168.3,40:00.477,12:55:00.477,0:36.503,0:43.037,0:36.243,236.6,Lorenzo COLOMBO,,LMP2,,Prema Orlen Team,Oreca,GF,36.503,43.037,36.243,
9,3,16,1:55.711,0,,36.419,0,43.023,1,36.269,0,168.4,41:56.188,12:56:56.188,0:36.419,0:43.023,0:36.269,239.7,Lorenzo COLOMBO,,LMP2,,Prema Orlen Team,Oreca,GF,36.419,43.023,36.269,
9,3,17,2:01.861,0,B,36.133,0,43.291,0,42.437,0,159.9,43:58.049,12:58:58.049,0:36.133,0:43.291,0:42.437,251.4,Lorenzo COLOMBO,,LMP2,,Prema Orlen Team,Oreca,GF,36.133,43.291,42.437,
9,3,18,11:19.060,0,,9:58.516,0,43.670,0,36.874,0,28.7,55:17.109,13:10:17.109,9:58.516,0:43.670,0:36.874,174.8,Lorenzo COLOMBO,0:09:26.313,LMP2,,Prema Orlen Team,Oreca,GF,598.516,43.670,36.874,
9,3,19,1:56.869,0,,36.790,0,43.289,0,36.790,0,166.7,57:13.978,13:12:13.978,0:36.790,0:43.289,0:36.790,261.7,Lorenzo COLOMBO,,LMP2,,Prema Orlen Team,Oreca,GF,36.790,43.289,36.790,
9,3,20,1:56.025,0,,36.375,0,43.178,0,36.472,0,167.9,59:10.003,13:14:10.003,0:36.375,0:43.178,0:36.472,261.1,Lorenzo COLOMBO,,LMP2,,Prema Orlen Team,Oreca,GF,36.375,43.178,36.472,
9,3,21,1:55.713,0,,36.125,1,43.281,0,36.307,0,168.4,1:01:05.716,13:16:05.716,0:36.125,0:43.281,0:36.307,266.2,Lorenzo COLOMBO,,LMP2,,Prema Orlen Team,Oreca,GF,36.125,43.281,36.307,
9,3,22,1:55.643,0,,36.213,0,43.026,0,36.404,0,168.5,1:03:01.359,13:18:01.359,0:36.213,0:43.026,0:36.404,268.2,Lorenzo COLOMBO,,LMP2,,Prema Orlen Team,Oreca,GF,36.213,43.026,36.404,
9,3,23,1:57.269,0,,36.372,0,43.990,0,36.907,0,166.1,1:04:58.628,13:19:58.628,0:36.372,0:43.990,0:36.907,266.2,Lorenzo COLOMBO,,LMP2,,Prema Orlen Team,Oreca,GF,36.372,43.990,36.907,
9,3,24,1:57.701,0,,36.412,0,43.569,0,37.720,0,165.5,1:06:56.329,13:21:56.329,0:36.412,0:43.569,0:37.720,264.3,Lorenzo COLOMBO,,LMP2,,Prema Orlen Team,Oreca,GF,36.412,43.569,37.720,
9,3,25,1:56.767,0,,36.268,0,43.771,0,36.728,0,166.9,1:08:53.096,13:23:53.096,0:36.268,0:43.771,0:36.728,262.4,Lorenzo COLOMBO,,LMP2,,Prema Orlen Team,Oreca,GF,36.268,43.771,36.728,
9,3,26,2:00.409,0,B,36.637,0,43.395,0,40.377,0,161.8,1:10:53.505,13:25:53.505,0:36.637,0:43.395,0:40.377,266.9,Lorenzo COLOMBO,,LMP2,,Prema Orlen Team,Oreca,GF,36.637,43.395,40.377,
9,1,27,5:15.478,0,,3:49.239,0,44.778,0,41.461,0,61.8,1:16:08.983,13:31:08.983,3:49.239,0:44.778,0:41.461,170.6,Robert KUBICA,0:03:15.778,LMP2,,Prema Orlen Team,Oreca,GF,229.239,44.778,41.461,
9,1,28,1:57.723,0,,36.922,0,43.950,0,36.851,0,165.5,1:18:06.706,13:33:06.706,0:36.922,0:43.950,0:36.851,239.7,Robert KUBICA,,LMP2,,Prema Orlen Team,Oreca,GF,36.922,43.950,36.851,
9,1,29,1:57.837,0,,36.785,0,44.183,0,36.869,0,165.3,1:20:04.543,13:35:04.543,0:36.785,0:44.183,0:36.869,249.7,Robert KUBICA,,LMP2,,Prema Orlen Team,Oreca,GF,36.785,44.183,36.869,
9,1,30,1:57.106,0,,36.529,0,43.920,1,36.657,1,166.4,1:22:01.649,13:37:01.649,0:36.529,0:43.920,0:36.657,261.7,Robert KUBICA,,LMP2,,Prema Orlen Team,Oreca,GF,36.529,43.920,36.657,
9,1,31,1:57.896,0,,36.419,0,44.567,0,36.910,0,165.3,1:23:59.545,13:38:59.545,0:36.419,0:44.567,0:36.910,267.6,Robert KUBICA,,LMP2,,Prema Orlen Team,Oreca,GF,36.419,44.567,36.910,
9,1,32,1:57.539,0,,36.749,0,43.921,0,36.869,0,165.8,1:25:57.084,13:40:57.084,0:36.749,0:43.921,0:36.869,256.2,Robert KUBICA,,LMP2,,Prema Orlen Team,Oreca,GF,36.749,43.921,36.869,
9,1,33,1:57.740,0,,36.362,1,44.232,0,37.146,0,165.5,1:27:54.824,13:42:54.824,0:36.362,0:44.232,0:37.146,268.9,Robert KUBICA,,LMP2,,Prema Orlen Team,Oreca,GF,36.362,44.232,37.146,
9,1,34,1:57.395,0,,36.426,0,44.126,0,36.843,0,166.0,1:29:52.219,13:44:52.219,0:36.426,0:44.126,0:36.843,264.3,Robert KUBICA,,LMP2,,Prema Orlen Team,Oreca,GF,36.426,44.126,36.843,
9,1,35,1:58.868,0,,36.602,0,44.906,0,37.360,0,163.9,1:31:51.087,13:46:51.087,0:36.602,0:44.906,0:37.360,258.0,Robert KUBICA,,LMP2,,Prema Orlen Team,Oreca,FF,36.602,44.906,37.360,
91,1,1,4:05.786,0,,2:39.571,0,47.727,0,38.488,0,75.6,4:05.786,12:19:05.786,2:39.571,0:47.727,0:38.488,154.1,Gianmaria BRUNI,0:02:00.494,LMGTE Pro,,Porsche GT Team,Porsche,GF,159.571,47.727,38.488,
91,1,2,1:59.233,0,,37.763,0,43.976,0,37.494,0,163.4,6:05.019,12:21:05.019,0:37.763,0:43.976,0:37.494,255.6,Gianmaria BRUNI,,LMGTE Pro,,Porsche GT Team,Porsche,GF,37.763,43.976,37.494,
91,1,3,1:59.586,0,,37.552,0,44.229,0,37.805,0,162.9,8:04.605,12:23:04.605,0:37.552,0:44.229,0:37.805,260.5,Gianmaria BRUNI,,LMGTE Pro,,Porsche GT Team,Porsche,GF,37.552,44.229,37.805,
91,1,4,1:59.130,0,,37.502,0,43.833,0,37.795,0,163.5,10:03.735,12:25:03.735,0:37.502,0:43.833,0:37.795,244.6,Gianmaria BRUNI,,LMGTE Pro,,Porsche GT Team,Porsche,GF,37.502,43.833,37.795,
91,1,5,3:01.727,0,,37.277,0,1:03.486,0,1:20.964,0,107.2,13:05.462,12:28:05.462,0:37.277,1:03.486,1:20.964,257.4,Gianmaria BRUNI,,LMGTE Pro,,Porsche GT Team,Porsche,FCY,37.277,63.486,80.964,
91,1,6,3:21.633,0,,1:20.056,0,1:20.349,0,41.228,0,96.6,16:27.095,12:31:27.095,1:20.056,1:20.349,0:41.228,80.2,Gianmaria BRUNI,,LMGTE Pro,,Porsche GT Team,Porsche,GF,80.056,80.349,41.228,
91,1,7,1:58.457,2,,37.336,0,43.814,0,37.307,2,164.5,18:25.552,12:33:25.552,0:37.336,0:43.814,0:37.307,261.7,Gianmaria BRUNI,,LMGTE Pro,,Porsche GT Team,Porsche,GF,37.336,43.814,37.307,
91,1,8,1:58.673,0,,37.457,0,43.731,2,37.485,0,164.2,20:24.225,12:35:24.225,0:37.457,0:43.731,0:37.485,263.6,Gianmaria BRUNI,,LMGTE Pro,,Porsche GT Team,Porsche,GF,37.457,43.731,37.485,
91,1,9,1:59.157,0,,37.330,0,44.242,0,37.585,0,163.5,22:23.382,12:37:23.382,0:37.330,0:44.242,0:37.585,259.9,Gianmaria BRUNI,,LMGTE Pro,,Porsche GT Team,Porsche,GF,37.330,44.242,37.585,
91,1,10,2:01.919,0,,37.498,0,44.840,0,39.581,0,159.8,24:25.301,12:39:25.301,0:37.498,0:44.840,0:39.581,253.2,Gianmaria BRUNI,,LMGTE Pro,,Porsche GT Team,Porsche,GF,37.498,44.840,39.581,
91,1,11,3:17.404,0,,37.516,0,1:18.813,0,1:21.075,0,98.7,27:42.705,12:42:42.705,0:37.516,1:18.813,1:21.075,257.4,Gianmaria BRUNI,,LMGTE Pro,,Porsche GT Team,Porsche,FCY,37.516,78.813,81.075,
91,1,12,2:55.026,0,,1:20.047,0,57.070,0,37.909,0,111.3,30:37.731,12:45:37.731,1:20.047,0:57.070,0:37.909,80.2,Gianmaria BRUNI,,LMGTE Pro,,Porsche GT Team,Porsche,GF,80.047,57.070,37.909,
91,1,13,1:59.101,0,,37.367,0,43.900,0,37.834,0,163.6,32:36.832,12:47:36.832,0:37.367,0:43.900,0:37.834,258.0,Gianmaria BRUNI,,LMGTE Pro,,Porsche GT Team,Porsche,GF,37.367,43.900,37.834,
91,1,14,1:58.958,0,,37.173,2,44.046,0,37.739,0,163.8,34:35.790,12:49:35.790,0:37.173,0:44.046,0:37.739,261.7,Gianmaria BRUNI,,LMGTE Pro,,Porsche GT Team,Porsche,GF,37.173,44.046,37.739,
91,1,15,1:59.971,0,,37.724,0,44.173,0,38.074,0,162.4,36:35.761,12:51:35.761,0:37.724,0:44.173,0:38.074,263.0,Gianmaria BRUNI,,LMGTE Pro,,Porsche GT Team,Porsche,GF,37.724,44.173,38.074,
91,1,16,2:00.133,0,,37.532,0,44.756,0,37.845,0,162.2,38:35.894,12:53:35.894,0:37.532,0:44.756,0:37.845,255.0,Gianmaria BRUNI,,LMGTE Pro,,Porsche GT Team,Porsche,GF,37.532,44.756,37.845,
91,1,17,1:59.417,0,,37.553,0,44.064,0,37.800,0,163.2,40:35.311,12:55:35.311,0:37.553,0:44.064,0:37.800,257.4,Gianmaria BRUNI,,LMGTE Pro,,Porsche GT Team,Porsche,GF,37.553,44.064,37.800,
91,1,18,2:04.583,0,B,38.090,0,44.830,0,41.663,0,156.4,42:39.894,12:57:39.894,0:38.090,0:44.830,0:41.663,259.9,Gianmaria BRUNI,,LMGTE Pro,,Porsche GT Team,Porsche,GF,38.090,44.830,41.663,
91,1,19,10:38.295,0,,9:15.161,0,44.566,0,38.568,0,30.5,53:18.189,13:08:18.189,9:15.161,0:44.566,0:38.568,162.2,Gianmaria BRUNI,0:08:40.563,LMGTE Pro,,Porsche GT Team,Porsche,GF,555.161,44.566,38.568,
91,1,20,2:00.201,0,,37.786,0,44.351,0,38.064,0,162.1,55:18.390,13:10:18.390,0:37.786,0:44.351,0:38.064,259.2,Gianmaria BRUNI,,LMGTE Pro,,Porsche GT Team,Porsche,GF,37.786,44.351,38.064,
91,1,21,1:59.929,0,,37.545,0,44.397,0,37.987,0,162.5,57:18.319,13:12:18.319,0:37.545,0:44.397,0:37.987,259.9,Gianmaria BRUNI,,LMGTE Pro,,Porsche GT Team,Porsche,GF,37.545,44.397,37.987,
91,1,22,2:00.130,0,,37.653,0,44.288,0,38.189,0,162.2,59:18.449,13:14:18.449,0:37.653,0:44.288,0:38.189,261.1,Gianmaria BRUNI,,LMGTE Pro,,Porsche GT Team,Porsche,GF,37.653,44.288,38.189,
91,1,23,2:04.599,0,B,37.660,0,44.422,0,42.517,0,156.4,1:01:23.048,13:16:23.048,0:37.660,0:44.422,0:42.517,252.0,Gianmaria BRUNI,,LMGTE Pro,,Porsche GT Team,Porsche,GF,37.660,44.422,42.517,
91,2,24,3:50.577,0,,2:26.328,0,45.471,0,38.778,0,84.5,1:05:13.625,13:20:13.625,2:26.328,0:45.471,0:38.778,135.4,Richard LIETZ,0:01:51.111,LMGTE Pro,,Porsche GT Team,Porsche,GF,146.328,45.471,38.778,
91,2,25,2:01.490,0,,37.907,0,44.900,0,38.683,0,160.4,1:07:15.115,13:22:15.115,0:37.907,0:44.900,0:38.683,248.0,Richard LIETZ,,LMGTE Pro,,Porsche GT Team,Porsche,GF,37.907,44.900,38.683,
91,2,26,2:03.520,0,,38.816,0,45.945,0,38.759,0,157.7,1:09:18.635,13:24:18.635,0:38.816,0:45.945,0:38.759,262.4,Richard LIETZ,,LMGTE Pro,,Porsche GT Team,Porsche,GF,38.816,45.945,38.759,
91,2,27,2:01.168,0,,37.849,0,44.637,1,38.682,0,160.8,1:11:19.803,13:26:19.803,0:37.849,0:44.637,0:38.682,259.9,Richard LIETZ,,LMGTE Pro,,Porsche GT Team,Porsche,GF,37.849,44.637,38.682,
91,2,28,2:00.823,0,,37.687,0,44.817,0,38.319,0,161.3,1:13:20.626,13:28:20.626,0:37.687,0:44.817,0:38.319,257.4,Richard LIETZ,,LMGTE Pro,,Porsche GT Team,Porsche,GF,37.687,44.817,38.319,
91,2,29,2:00.642,0,,37.660,0,44.745,0,38.237,1,161.5,1:15:21.268,13:30:21.268,0:37.660,0:44.745,0:38.237,260.5,Richard LIETZ,,LMGTE Pro,,Porsche GT Team,Porsche,GF,37.660,44.745,38.237,
91,2,30,2:01.128,0,,37.673,0,44.911,0,38.544,0,160.8,1:17:22.396,13:32:22.396,0:37.673,0:44.911,0:38.544,259.9,Richard LIETZ,,LMGTE Pro,,Porsche GT Team,Porsche,GF,37.673,44.911,38.544,
91,2,31,2:01.407,0,,37.605,1,45.180,0,38.622,0,160.5,1:19:23.803,13:34:23.803,0:37.605,0:45.180,0:38.622,255.0,Richard LIETZ,,LMGTE Pro,,Porsche GT Team,Porsche,GF,37.605,45.180,38.622,
91,2,32,2:00.715,0,,37.759,0,44.644,0,38.312,0,161.4,1:21:24.518,13:36:24.518,0:37.759,0:44.644,0:38.312,258.0,Richard LIETZ,,LMGTE Pro,,Porsche GT Team,Porsche,GF,37.759,44.644,38.312,
91,2,33,2:01.517,0,,37.938,0,44.971,0,38.608,0,160.3,1:23:26.035,13:38:26.035,0:37.938,0:44.971,0:38.608,261.1,Richard LIETZ,,LMGTE Pro,,Porsche GT Team,Porsche,GF,37.938,44.971,38.608,
91,2,34,2:02.057,0,,37.863,0,45.318,0,38.876,0,159.6,1:25:28.092,13:40:28.092,0:37.863,0:45.318,0:38.876,250.8,Richard LIETZ,,LMGTE Pro,,Porsche GT Team,Porsche,GF,37.863,45.318,38.876,
91,2,35,2:01.541,0,,37.875,0,45.092,0,38.574,0,160.3,1:27:29.633,13:42:29.633,0:37.875,0:45.092,0:38.574,259.2,Richard LIETZ,,LMGTE Pro,,Porsche GT Team,Porsche,GF,37.875,45.092,38.574,
91,2,36,2:01.602,0,,38.009,0,44.862,0,38.731,0,160.2,1:29:31.235,13:44:31.235,0:38.009,0:44.862,0:38.731,259.9,Richard LIETZ,,LMGTE Pro,,Porsche GT Team,Porsche,GF,38.009,44.862,38.731,
91,2,37,2:05.818,0,B,38.020,0,45.073,0,42.725,0,154.9,1:31:37.053,13:46:37.053,0:38.020,0:45.073,0:42.725,259.9,Richard LIETZ,,LMGTE Pro,,Porsche GT Team,Porsche,FF,38.020,45.073,42.725,
92,1,1,3:41.468,0,,2:12.697,0,50.382,0,38.389,0,83.9,3:41.468,12:18:41.468,2:12.697,0:50.382,0:38.389,154.4,Michael CHRISTENSEN,0:01:33.056,LMGTE Pro,,Porsche GT Team,Porsche,GF,132.697,50.382,38.389,
92,1,2,2:00.527,0,,37.947,0,44.112,0,38.468,0,161.7,5:41.995,12:20:41.995,0:37.947,0:44.112,0:38.468,236.1,Michael CHRISTENSEN,,LMGTE Pro,,Porsche GT Team,Porsche,GF,37.947,44.112,38.468,
92,1,3,1:58.798,0,,37.316,0,44.085,0,37.397,0,164.0,7:40.793,12:22:40.793,0:37.316,0:44.085,0:37.397,250.3,Michael CHRISTENSEN,,LMGTE Pro,,Porsche GT Team,Porsche,GF,37.316,44.085,37.397,
92,1,4,1:58.822,0,,37.003,0,43.946,0,37.873,0,164.0,9:39.615,12:24:39.615,0:37.003,0:43.946,0:37.873,259.9,Michael CHRISTENSEN,,LMGTE Pro,,Porsche GT Team,Porsche,GF,37.003,43.946,37.873,
92,1,5,2:38.333,0,,36.999,0,43.688,2,1:17.646,0,123.1,12:17.948,12:27:17.948,0:36.999,0:43.688,1:17.646,260.5,Michael CHRISTENSEN,,LMGTE Pro,,Porsche GT Team,Porsche,FCY,36.999,43.688,77.646,
92,1,6,3:46.646,0,,1:20.004,0,1:20.986,0,1:05.656,0,86.0,16:04.594,12:31:04.594,1:20.004,1:20.986,1:05.656,80.1,Michael CHRISTENSEN,,LMGTE Pro,,Porsche GT Team,Porsche,GF,80.004,80.986,65.656,
92,1,7,1:58.882,0,,37.646,0,43.849,0,37.387,2,163.9,18:03.476,12:33:03.476,0:37.646,0:43.849,0:37.387,234.5,Michael CHRISTENSEN,,LMGTE Pro,,Porsche GT Team,Porsche,GF,37.646,43.849,37.387,
92,1,8,1:58.025,2,,36.880,2,43.747,0,37.398,0,165.1,20:01.501,12:35:01.501,0:36.880,0:43.747,0:37.398,261.1,Michael CHRISTENSEN,,LMGTE Pro,,Porsche GT Team,Porsche,GF,36.880,43.747,37.398,
92,1,9,1:59.245,0,,37.934,0,43.868,0,37.443,0,163.4,22:00.746,12:37:00.746,0:37.934,0:43.868,0:37.443,264.9,Michael CHRISTENSEN,,LMGTE Pro,,Porsche GT Team,Porsche,GF,37.934,43.868,37.443,
92,1,10,1:59.688,0,,37.509,0,44.343,0,37.836,0,162.8,24:00.434,12:39:00.434,0:37.509,0:44.343,0:37.836,261.7,Michael CHRISTENSEN,,LMGTE Pro,,Porsche GT Team,Porsche,GF,37.509,44.343,37.836,
92,1,11,3:01.693,0,,37.218,0,1:03.457,0,1:21.018,0,107.2,27:02.127,12:42:02.127,0:37.218,1:03.457,1:21.018,259.9,Michael CHRISTENSEN,,LMGTE Pro,,Porsche GT Team,Porsche,FCY,37.218,63.457,81.018,
92,1,12,3:14.822,0,,1:19.940,0,1:16.710,0,38.172,0,100.0,30:16.949,12:45:16.949,1:19.940,1:16.710,0:38.172,80.1,Michael CHRISTENSEN,,LMGTE Pro,,Porsche GT Team,Porsche,GF,79.940,76.710,38.172,
92,1,13,1:59.136,0,,37.145,0,44.284,0,37.707,0,163.5,32:16.085,12:47:16.085,0:37.145,0:44.284,0:37.707,257.4,Michael CHRISTENSEN,,LMGTE Pro,,Porsche GT Team,Porsche,GF,37.145,44.284,37.707,
92,1,14,1:59.060,0,,37.384,0,43.932,0,37.744,0,163.6,34:15.145,12:49:15.145,0:37.384,0:43.932,0:37.744,250.8,Michael CHRISTENSEN,,LMGTE Pro,,Porsche GT Team,Porsche,GF,37.384,43.932,37.744,
92,1,15,1:59.453,0,,37.033,0,44.548,0,37.872,0,163.1,36:14.598,12:51:14.598,0:37.033,0:44.548,0:37.872,261.7,Michael CHRISTENSEN,,LMGTE Pro,,Porsche GT Team,Porsche,GF,37.033,44.548,37.872,
92,1,16,1:59.242,0,,37.283,0,44.114,0,37.845,0,163.4,38:13.840,12:53:13.840,0:37.283,0:44.114,0:37.845,253.8,Michael CHRISTENSEN,,LMGTE Pro,,Porsche GT Team,Porsche,GF,37.283,44.114,37.845,
92,1,17,2:01.169,0,,37.737,0,44.604,0,38.828,0,160.8,40:15.009,12:55:15.009,0:37.737,0:44.604,0:38.828,245.7,Michael CHRISTENSEN,,LMGTE Pro,,Porsche GT Team,Porsche,GF,37.737,44.604,38.828,
92,1,18,1:59.655,0,,37.496,0,44.244,0,37.915,0,162.8,42:14.664,12:57:14.664,0:37.496,0:44.244,0:37.915,250.3,Michael CHRISTENSEN,,LMGTE Pro,,Porsche GT Team,Porsche,GF,37.496,44.244,37.915,
92,1,19,1:59.903,0,,37.299,0,44.470,0,38.134,0,162.5,44:14.567,12:59:14.567,0:37.299,0:44.470,0:38.134,253.2,Michael CHRISTENSEN,,LMGTE Pro,,Porsche GT Team,Porsche,GF,37.299,44.470,38.134,
92,1,20,1:59.696,0,,37.537,0,44.160,0,37.999,0,162.8,46:14.263,13:01:14.263,0:37.537,0:44.160,0:37.999,247.4,Michael CHRISTENSEN,,LMGTE Pro,,Porsche GT Team,Porsche,GF,37.537,44.160,37.999,
92,1,21,2:00.411,0,,37.825,0,44.490,0,38.096,0,161.8,48:14.674,13:03:14.674,0:37.825,0:44.490,0:38.096,239.2,Michael CHRISTENSEN,,LMGTE Pro,,Porsche GT Team,Porsche,GF,37.825,44.490,38.096,
92,1,22,2:01.048,0,,38.092,0,44.551,0,38.405,0,161.0,50:15.722,13:05:15.722,0:38.092,0:44.551,0:38.405,248.5,Michael CHRISTENSEN,,LMGTE Pro,,Porsche GT Team,Porsche,GF,38.092,44.551,38.405,
92,1,23,2:00.617,0,,37.638,0,44.742,0,38.237,0,161.5,52:16.339,13:07:16.339,0:37.638,0:44.742,0:38.237,255.0,Michael CHRISTENSEN,,LMGTE Pro,,Porsche GT Team,Porsche,GF,37.638,44.742,38.237,
92,1,24,2:00.411,0,,37.716,0,44.500,0,38.195,0,161.8,54:16.750,13:09:16.750,0:37.716,0:44.500,0:38.195,256.8,Michael CHRISTENSEN,,LMGTE Pro,,Porsche GT Team,Porsche,GF,37.716,44.500,38.195,
92,1,25,2:00.731,0,,37.537,0,44.975,0,38.219,0,161.4,56:17.481,13:11:17.481,0:37.537,0:44.975,0:38.219,259.2,Michael CHRISTENSEN,,LMGTE Pro,,Porsche GT Team,Porsche,GF,37.537,44.975,38.219,
92,1,26,2:01.111,0,,37.766,0,45.056,0,38.289,0,160.9,58:18.592,13:13:18.592,0:37.766,0:45.056,0:38.289,259.2,Michael CHRISTENSEN,,LMGTE Pro,,Porsche GT Team,Porsche,GF,37.766,45.056,38.289,
92,1,27,2:00.640,0,,37.796,0,44.644,0,38.200,0,161.5,1:00:19.232,13:15:19.232,0:37.796,0:44.644,0:38.200,258.0,Michael CHRISTENSEN,,LMGTE Pro,,Porsche GT Team,Porsche,GF,37.796,44.644,38.200,
92,1,28,2:06.539,0,B,37.669,0,44.623,0,44.247,0,154.0,1:02:25.771,13:17:25.771,0:37.669,0:44.623,0:44.247,259.2,Michael CHRISTENSEN,,LMGTE Pro,,Porsche GT Team,Porsche,GF,37.669,44.623,44.247,
92,2,29,8:38.813,0,,7:14.866,0,45.315,0,38.632,0,37.6,1:11:04.584,13:26:04.584,7:14.866,0:45.315,0:38.632,146.6,Kevin ESTRE,0:06:40.642,LMGTE Pro,,Porsche GT Team,Porsche,GF,434.866,45.315,38.632,
92,2,30,2:02.022,0,,38.514,0,45.158,0,38.350,0,159.7,1:13:06.606,13:28:06.606,0:38.514,0:45.158,0:38.350,258.6,Kevin ESTRE,,LMGTE Pro,,Porsche GT Team,Porsche,GF,38.514,45.158,38.350,
92,2,31,2:02.121,0,,38.393,0,45.315,0,38.413,0,159.5,1:15:08.727,13:30:08.727,0:38.393,0:45.315,0:38.413,261.1,Kevin ESTRE,,LMGTE Pro,,Porsche GT Team,Porsche,GF,38.393,45.315,38.413,
92,2,32,2:01.232,0,,38.090,0,44.903,0,38.239,1,160.7,1:17:09.959,13:32:09.959,0:38.090,0:44.903,0:38.239,248.5,Kevin ESTRE,,LMGTE Pro,,Porsche GT Team,Porsche,GF,38.090,44.903,38.239,
92,2,33,2:01.526,0,,37.963,0,44.856,1,38.707,0,160.3,1:19:11.485,13:34:11.485,0:37.963,0:44.856,0:38.707,256.2,Kevin ESTRE,,LMGTE Pro,,Porsche GT Team,Porsche,GF,37.963,44.856,38.707,
92,2,34,2:01.489,0,,37.937,1,44.938,0,38.614,0,160.4,1:21:12.974,13:36:12.974,0:37.937,0:44.938,0:38.614,256.8,Kevin ESTRE,,LMGTE Pro,,Porsche GT Team,Porsche,GF,37.937,44.938,38.614,
92,2,35,2:02.294,0,,38.080,0,45.512,0,38.702,0,159.3,1:23:15.268,13:38:15.268,0:38.080,0:45.512,0:38.702,252.6,Kevin ESTRE,,LMGTE Pro,,Porsche GT Team,Porsche,GF,38.080,45.512,38.702,
92,2,36,2:02.291,0,,38.040,0,45.437,0,38.814,0,159.3,1:25:17.559,13:40:17.559,0:38.040,0:45.437,0:38.814,258.0,Kevin ESTRE,,LMGTE Pro,,Porsche GT Team,Porsche,GF,38.040,45.437,38.814,
92,2,37,2:01.927,0,,38.005,0,45.217,0,38.705,0,159.8,1:27:19.486,13:42:19.486,0:38.005,0:45.217,0:38.705,258.0,Kevin ESTRE,,LMGTE Pro,,Porsche GT Team,Porsche,GF,38.005,45.217,38.705,
92,2,38,2:02.228,0,,38.505,0,45.168,0,38.555,0,159.4,1:29:21.714,13:44:21.714,0:38.505,0:45.168,0:38.555,256.2,Kevin ESTRE,,LMGTE Pro,,Porsche GT Team,Porsche,GF,38.505,45.168,38.555,
92,2,39,2:02.686,0,,38.122,0,45.649,0,38.915,0,158.8,1:31:24.400,13:46:24.400,0:38.122,0:45.649,0:38.915,259.9,Kevin ESTRE,,LMGTE Pro,,Porsche GT Team,Porsche,FF,38.122,45.649,38.915,
93,3,1,4:41.532,0,,3:19.539,0,46.138,0,35.855,0,66.0,4:41.532,12:19:41.532,3:19.539,0:46.138,0:35.855,155.2,Jean-Eric VERGNE,0:02:42.650,HYPERCAR,H,Peugeot TotalEnergies,Peugeot,GF,199.539,46.138,35.855,
93,3,2,2:06.619,0,B,34.668,0,45.929,0,46.022,0,153.9,6:48.151,12:21:48.151,0:34.668,0:45.929,0:46.022,257.4,Jean-Eric VERGNE,,HYPERCAR,H,Peugeot TotalEnergies,Peugeot,GF,34.668,45.929,46.022,
93,3,3,3:58.452,0,,2:41.202,0,42.480,0,34.770,0,81.7,10:46.603,12:25:46.603,2:41.202,0:42.480,0:34.770,177.3,Jean-Eric VERGNE,0:02:09.547,HYPERCAR,H,Peugeot TotalEnergies,Peugeot,GF,161.202,42.480,34.770,
93,3,4,3:39.897,0,,57.209,0,1:21.246,0,1:21.442,0,88.6,14:26.500,12:29:26.500,0:57.209,1:21.246,1:21.442,260.5,Jean-Eric VERGNE,,HYPERCAR,H,Peugeot TotalEnergies,Peugeot,FCY,57.209,81.246,81.442,
93,3,5,2:47.797,0,,1:21.113,0,48.705,0,37.979,0,116.1,17:14.297,12:32:14.297,1:21.113,0:48.705,0:37.979,79.4,Jean-Eric VERGNE,,HYPERCAR,H,Peugeot TotalEnergies,Peugeot,GF,81.113,48.705,37.979,
93,3,6,1:51.189,0,,34.781,0,41.701,0,34.707,0,175.2,19:05.486,12:34:05.486,0:34.781,0:41.701,0:34.707,261.1,Jean-Eric VERGNE,,HYPERCAR,H,Peugeot TotalEnergies,Peugeot,GF,34.781,41.701,34.707,
93,3,7,1:50.536,3,,34.496,3,41.605,2,34.435,3,176.3,20:56.022,12:35:56.022,0:34.496,0:41.605,0:34.435,275.0,Jean-Eric VERGNE,,HYPERCAR,H,Peugeot TotalEnergies,Peugeot,GF,34.496,41.605,34.435,
93,3,8,1:52.083,0,,35.045,0,42.186,0,34.852,0,173.8,22:48.105,12:37:48.105,0:35.045,0:42.186,0:34.852,266.9,Jean-Eric VERGNE,,HYPERCAR,H,Peugeot TotalEnergies,Peugeot,GF,35.045,42.186,34.852,
93,3,9,1:50.863,0,,34.510,0,41.649,0,34.704,0,175.7,24:38.968,12:39:38.968,0:34.510,0:41.649,0:34.704,284.4,Jean-Eric VERGNE,,HYPERCAR,H,Peugeot TotalEnergies,Peugeot,GF,34.510,41.649,34.704,
93,3,10,3:26.530,0,,44.028,0,1:21.139,0,1:21.363,0,94.3,28:05.498,12:43:05.498,0:44.028,1:21.139,1:21.363,262.4,Jean-Eric VERGNE,,HYPERCAR,H,Peugeot TotalEnergies,Peugeot,FCY,44.028,81.139,81.363,
93,3,11,2:42.843,0,,1:20.522,0,47.008,0,35.313,0,119.6,30:48.341,12:45:48.341,1:20.522,0:47.008,0:35.313,79.5,Jean-Eric VERGNE,,HYPERCAR,H,Peugeot TotalEnergies,Peugeot,GF,80.522,47.008,35.313,
93,3,12,1:51.136,0,,34.630,0,41.740,0,34.766,0,175.3,32:39.477,12:47:39.477,0:34.630,0:41.740,0:34.766,272.9,Jean-Eric VERGNE,,HYPERCAR,H,Peugeot TotalEnergies,Peugeot,GF,34.630,41.740,34.766,
93,3,13,1:57.152,0,B,34.867,0,42.405,0,39.880,0,166.3,34:36.629,12:49:36.629,0:34.867,0:42.405,0:39.880,274.3,Jean-Eric VERGNE,,HYPERCAR,H,Peugeot TotalEnergies,Peugeot,GF,34.867,42.405,39.880,
93,2,14,7:24.223,0,,6:04.642,0,43.579,0,36.002,0,43.9,42:00.852,12:57:00.852,6:04.642,0:43.579,0:36.002,161.3,Mikkel JENSEN,0:05:30.578,HYPERCAR,H,Peugeot TotalEnergies,Peugeot,GF,364.642,43.579,36.002,
93,2,15,1:58.489,0,B,35.290,0,42.341,0,40.858,0,164.4,43:59.341,12:58:59.341,0:35.290,0:42.341,0:40.858,265.6,Mikkel JENSEN,,HYPERCAR,H,Peugeot TotalEnergies,Peugeot,GF,35.290,42.341,40.858,
93,2,16,3:57.500,0,,2:40.105,0,42.202,0,35.193,0,82.0,47:56.841,13:02:56.841,2:40.105,0:42.202,0:35.193,174.5,Mikkel JENSEN,0:02:08.430,HYPERCAR,H,Peugeot TotalEnergies,Peugeot,GF,160.105,42.202,35.193,
93,2,17,1:52.680,0,,35.351,0,42.118,0,35.211,0,172.9,49:49.521,13:04:49.521,0:35.351,0:42.118,0:35.211,286.7,Mikkel JENSEN,,HYPERCAR,H,Peugeot TotalEnergies,Peugeot,GF,35.351,42.118,35.211,
93,2,18,1:52.637,0,,35.397,0,42.054,0,35.186,1,173.0,51:42.158,13:06:42.158,0:35.397,0:42.054,0:35.186,251.4,Mikkel JENSEN,,HYPERCAR,H,Peugeot TotalEnergies,Peugeot,GF,35.397,42.054,35.186,
93,2,19,1:52.514,0,,35.265,0,41.966,1,35.283,0,173.2,53:34.672,13:08:34.672,0:35.265,0:41.966,0:35.283,282.9,Mikkel JENSEN,,HYPERCAR,H,Peugeot TotalEnergies,Peugeot,GF,35.265,41.966,35.283,
93,2,20,1:53.330,0,,35.252,0,42.823,0,35.255,0,171.9,55:28.002,13:10:28.002,0:35.252,0:42.823,0:35.255,284.4,Mikkel JENSEN,,HYPERCAR,H,Peugeot TotalEnergies,Peugeot,GF,35.252,42.823,35.255,
93,2,21,1:53.266,0,,35.185,1,42.400,0,35.681,0,172.0,57:21.268,13:12:21.268,0:35.185,0:42.400,0:35.681,275.7,Mikkel JENSEN,,HYPERCAR,H,Peugeot TotalEnergies,Peugeot,GF,35.185,42.400,35.681,
93,2,22,1:54.281,0,,35.545,0,43.081,0,35.655,0,170.5,59:15.549,13:14:15.549,0:35.545,0:43.081,0:35.655,263.6,Mikkel JENSEN,,HYPERCAR,H,Peugeot TotalEnergies,Peugeot,GF,35.545,43.081,35.655,
93,2,23,1:54.168,0,,35.343,0,42.948,0,35.877,0,170.7,1:01:09.717,13:16:09.717,0:35.343,0:42.948,0:35.877,267.6,Mikkel JENSEN,,HYPERCAR,H,Peugeot TotalEnergies,Peugeot,GF,35.343,42.948,35.877,
93,2,24,1:53.196,0,,35.437,0,42.377,0,35.382,0,172.1,1:03:02.913,13:18:02.913,0:35.437,0:42.377,0:35.382,270.2,Mikkel JENSEN,,HYPERCAR,H,Peugeot TotalEnergies,Peugeot,GF,35.437,42.377,35.382,
93,2,25,1:58.277,0,B,35.566,0,42.955,0,39.756,0,164.7,1:05:01.190,13:20:01.190,0:35.566,0:42.955,0:39.756,268.9,Mikkel JENSEN,,HYPERCAR,H,Peugeot TotalEnergies,Peugeot,GF,35.566,42.955,39.756,
93,1,26,5:54.427,0,,4:35.056,0,43.619,0,35.752,0,55.0,1:10:55.617,13:25:55.617,4:35.056,0:43.619,0:35.752,169.3,Paul DI RESTA,0:04:02.379,HYPERCAR,H,Peugeot TotalEnergies,Peugeot,GF,275.056,43.619,35.752,
93,1,27,1:54.458,0,,35.638,1,43.082,1,35.738,0,170.2,1:12:50.075,13:27:50.075,0:35.638,0:43.082,0:35.738,245.2,Paul DI RESTA,,HYPERCAR,H,Peugeot TotalEnergies,Peugeot,GF,35.638,43.082,35.738,
93,1,28,1:54.770,0,,36.005,0,43.230,0,35.535,1,169.8,1:14:44.845,13:29:44.845,0:36.005,0:43.230,0:35.535,235.1,Paul DI RESTA,,HYPERCAR,H,Peugeot TotalEnergies,Peugeot,GF,36.005,43.230,35.535,
93,1,29,2:03.838,0,B,37.186,0,44.202,0,42.450,0,157.3,1:16:48.683,13:31:48.683,0:37.186,0:44.202,0:42.450,218.9,Paul DI RESTA,,HYPERCAR,H,Peugeot TotalEnergies,Peugeot,GF,37.186,44.202,42.450,
94,3,1,3:48.786,0,,2:24.410,0,45.656,0,38.720,0,81.2,3:48.786,12:18:48.786,2:24.410,0:45.656,0:38.720,146.6,Nico MÜLLER,0:01:47.600,HYPERCAR,H,Peugeot TotalEnergies,Peugeot,GF,144.410,45.656,38.720,
94,3,2,1:51.413,2,,34.947,0,41.233,3,35.233,0,174.9,5:40.199,12:20:40.199,0:34.947,0:41.233,0:35.233,250.3,Nico MÜLLER,,HYPERCAR,H,Peugeot TotalEnergies,Peugeot,GF,34.947,41.233,35.233,
94,3,3,2:04.826,0,,35.445,0,49.123,0,40.258,0,156.1,7:45.025,12:22:45.025,0:35.445,0:49.123,0:40.258,250.3,Nico MÜLLER,,HYPERCAR,H,Peugeot TotalEnergies,Peugeot,GF,35.445,49.123,40.258,
94,3,4,1:53.113,0,,35.237,0,42.208,0,35.668,0,172.2,9:38.138,12:24:38.138,0:35.237,0:42.208,0:35.668,257.4,Nico MÜLLER,,HYPERCAR,H,Peugeot TotalEnergies,Peugeot,GF,35.237,42.208,35.668,
94,3,5,2:25.308,0,,34.944,0,41.543,0,1:08.821,0,134.1,12:03.446,12:27:03.446,0:34.944,0:41.543,1:08.821,253.8,Nico MÜLLER,,HYPERCAR,H,Peugeot TotalEnergies,Peugeot,FCY,34.944,41.543,68.821,
94,3,6,3:56.103,0,,1:20.884,0,1:21.137,0,1:14.082,0,82.5,15:59.549,12:30:59.549,1:20.884,1:21.137,1:14.082,79.4,Nico MÜLLER,,HYPERCAR,H,Peugeot TotalEnergies,Peugeot,GF,80.884,81.137,74.082,
94,3,7,1:52.945,0,,35.358,0,41.674,0,35.913,0,172.5,17:52.494,12:32:52.494,0:35.358,0:41.674,0:35.913,235.1,Nico MÜLLER,,HYPERCAR,H,Peugeot TotalEnergies,Peugeot,GF,35.358,41.674,35.913,
94,3,8,1:52.090,0,,34.852,0,42.142,0,35.096,0,173.8,19:44.584,12:34:44.584,0:34.852,0:42.142,0:35.096,245.7,Nico MÜLLER,,HYPERCAR,H,Peugeot TotalEnergies,Peugeot,GF,34.852,42.142,35.096,
94,3,9,1:51.909,0,,34.987,0,41.697,0,35.225,0,174.1,21:36.493,12:36:36.493,0:34.987,0:41.697,0:35.225,267.6,Nico MÜLLER,,HYPERCAR,H,Peugeot TotalEnergies,Peugeot,GF,34.987,41.697,35.225,
94,3,10,1:51.664,0,,34.618,0,42.275,0,34.771,1,174.5,23:28.157,12:38:28.157,0:34.618,0:42.275,0:34.771,263.0,Nico MÜLLER,,HYPERCAR,H,Peugeot TotalEnergies,Peugeot,GF,34.618,42.275,34.771,
94,3,11,2:13.346,0,B,34.610,2,41.676,0,57.060,0,146.1,25:41.503,12:40:41.503,0:34.610,0:41.676,0:57.060,266.9,Nico MÜLLER,,HYPERCAR,H,Peugeot TotalEnergies,Peugeot,FCY,34.610,41.676,57.060,
94,1,12,15:39.864,0,,14:21.750,0,42.492,0,35.622,0,20.7,41:21.367,12:56:21.367,14:21.750,0:42.492,0:35.622,165.2,Loïc DUVAL,0:13:48.545,HYPERCAR,H,Peugeot TotalEnergies,Peugeot,GF,861.750,42.492,35.622,
94,1,13,1:52.029,0,,35.002,1,42.005,0,35.022,0,173.9,43:13.396,12:58:13.396,0:35.002,0:42.005,0:35.022,263.0,Loïc DUVAL,,HYPERCAR,H,Peugeot TotalEnergies,Peugeot,GF,35.002,42.005,35.022,
94,1,14,1:52.003,0,,35.152,0,41.875,1,34.976,1,174.0,45:05.399,13:00:05.399,0:35.152,0:41.875,0:34.976,267.6,Loïc DUVAL,,HYPERCAR,H,Peugeot TotalEnergies,Peugeot,GF,35.152,41.875,34.976,
94,1,15,1:54.292,0,,35.186,0,42.450,0,36.656,0,170.5,46:59.691,13:01:59.691,0:35.186,0:42.450,0:36.656,261.1,Loïc DUVAL,,HYPERCAR,H,Peugeot TotalEnergies,Peugeot,GF,35.186,42.450,36.656,
94,1,16,1:52.408,0,,35.210,0,42.010,0,35.188,0,173.3,48:52.099,13:03:52.099,0:35.210,0:42.010,0:35.188,270.2,Loïc DUVAL,,HYPERCAR,H,Peugeot TotalEnergies,Peugeot,GF,35.210,42.010,35.188,
94,1,17,1:52.754,0,,35.206,0,42.440,0,35.108,0,172.8,50:44.853,13:05:44.853,0:35.206,0:42.440,0:35.108,265.6,Loïc DUVAL,,HYPERCAR,H,Peugeot TotalEnergies,Peugeot,GF,35.206,42.440,35.108,
94,1,18,1:52.619,0,,35.179,0,42.199,0,35.241,0,173.0,52:37.472,13:07:37.472,0:35.179,0:42.199,0:35.241,263.0,Loïc DUVAL,,HYPERCAR,H,Peugeot TotalEnergies,Peugeot,GF,35.179,42.199,35.241,
94,1,19,1:52.584,0,,35.285,0,42.243,0,35.056,0,173.1,54:30.056,13:09:30.056,0:35.285,0:42.243,0:35.056,261.7,Loïc DUVAL,,HYPERCAR,H,Peugeot TotalEnergies,Peugeot,GF,35.285,42.243,35.056,
94,1,20,1:53.134,0,,35.258,0,42.391,0,35.485,0,172.2,56:23.190,13:11:23.190,0:35.258,0:42.391,0:35.485,260.5,Loïc DUVAL,,HYPERCAR,H,Peugeot TotalEnergies,Peugeot,GF,35.258,42.391,35.485,
94,1,21,1:53.278,0,,35.481,0,42.285,0,35.512,0,172.0,58:16.468,13:13:16.468,0:35.481,0:42.285,0:35.512,265.6,Loïc DUVAL,,HYPERCAR,H,Peugeot TotalEnergies,Peugeot,GF,35.481,42.285,35.512,
94,1,22,1:53.814,0,,35.951,0,42.484,0,35.379,0,171.2,1:00:10.282,13:15:10.282,0:35.951,0:42.484,0:35.379,249.7,Loïc DUVAL,,HYPERCAR,H,Peugeot TotalEnergies,Peugeot,GF,35.951,42.484,35.379,
94,1,23,1:54.404,0,,35.286,0,43.090,0,36.028,0,170.3,1:02:04.686,13:17:04.686,0:35.286,0:43.090,0:36.028,263.6,Loïc DUVAL,,HYPERCAR,H,Peugeot TotalEnergies,Peugeot,GF,35.286,43.090,36.028,
94,1,24,1:57.927,0,B,35.352,0,42.858,0,39.717,0,165.2,1:04:02.613,13:19:02.613,0:35.352,0:42.858,0:39.717,266.9,Loïc DUVAL,,HYPERCAR,H,Peugeot TotalEnergies,Peugeot,GF,35.352,42.858,39.717,
94,2,25,6:38.427,0,,5:16.977,0,43.838,0,37.612,0,48.9,1:10:41.040,13:25:41.040,5:16.977,0:43.838,0:37.612,179.7,Gustavo MENEZES,0:04:44.890,HYPERCAR,H,Peugeot TotalEnergies,Peugeot,GF,316.977,43.838,37.612,
94,2,26,1:56.713,0,,35.767,0,44.134,0,36.812,0,166.9,1:12:37.753,13:27:37.753,0:35.767,0:44.134,0:36.812,241.9,Gustavo MENEZES,,HYPERCAR,H,Peugeot TotalEnergies,Peugeot,GF,35.767,44.134,36.812,
94,2,27,1:55.123,0,,36.036,0,43.100,0,35.987,0,169.2,1:14:32.876,13:29:32.876,0:36.036,0:43.100,0:35.987,247.4,Gustavo MENEZES,,HYPERCAR,H,Peugeot TotalEnergies,Peugeot,GF,36.036,43.100,35.987,
94,2,28,1:55.739,0,,35.988,0,43.304,0,36.447,0,168.3,1:16:28.615,13:31:28.615,0:35.988,0:43.304,0:36.447,242.4,Gustavo MENEZES,,HYPERCAR,H,Peugeot TotalEnergies,Peugeot,GF,35.988,43.304,36.447,
94,2,29,1:54.016,0,,35.329,0,43.187,0,35.500,0,170.9,1:18:22.631,13:33:22.631,0:35.329,0:43.187,0:35.500,258.0,Gustavo MENEZES,,HYPERCAR,H,Peugeot TotalEnergies,Peugeot,GF,35.329,43.187,35.500,
94,2,30,1:58.920,0,B,35.823,0,43.468,0,39.629,0,163.8,1:20:21.551,13:35:21.551,0:35.823,0:43.468,0:39.629,250.8,Gustavo MENEZES,,HYPERCAR,H,Peugeot TotalEnergies,Peugeot,GF,35.823,43.468,39.629,
94,2,31,2:58.450,0,,1:41.094,0,42.591,0,34.765,2,109.2,1:23:20.001,13:38:20.001,1:41.094,0:42.591,0:34.765,180.9,Gustavo MENEZES,0:01:10.454,HYPERCAR,H,Peugeot TotalEnergies,Peugeot,GF,101.094,42.591,34.765,
94,2,32,1:53.180,0,,35.218,0,42.788,0,35.174,0,172.1,1:25:13.181,13:40:13.181,0:35.218,0:42.788,0:35.174,258.6,Gustavo MENEZES,,HYPERCAR,H,Peugeot TotalEnergies,Peugeot,GF,35.218,42.788,35.174,
94,2,33,1:52.642,0,,35.000,1,42.555,1,35.087,0,173.0,1:27:05.823,13:42:05.823,0:35.000,0:42.555,0:35.087,252.6,Gustavo MENEZES,,HYPERCAR,H,Peugeot TotalEnergies,Peugeot,GF,35.000,42.555,35.087,
94,2,34,1:52.777,0,,35.017,0,42.635,0,35.125,0,172.8,1:28:58.600,13:43:58.600,0:35.017,0:42.635,0:35.125,258.0,Gustavo MENEZES,,HYPERCAR,H,Peugeot TotalEnergies,Peugeot,GF,35.017,42.635,35.125,
94,2,35,1:53.677,0,,35.065,0,42.964,0,35.648,0,171.4,1:30:52.277,13:45:52.277,0:35.065,0:42.964,0:35.648,256.8,Gustavo MENEZES,,HYPERCAR,H,Peugeot TotalEnergies,Peugeot,FF,35.065,42.964,35.648,
98,3,1,3:12.165,0,,1:43.293,0,47.977,0,40.895,0,96.7,3:12.165,12:18:12.165,1:43.293,0:47.977,0:40.895,140.7,Nicki THIIM,0:01:02.942,LMGTE Am,,Northwest AMR,Aston Martin,GF,103.293,47.977,40.895,
98,3,2,2:04.010,0,,39.308,0,45.848,0,38.854,0,157.1,5:16.175,12:20:16.175,0:39.308,0:45.848,0:38.854,225.3,Nicki THIIM,,LMGTE Am,,Northwest AMR,Aston Martin,GF,39.308,45.848,38.854,
98,3,3,2:01.979,0,,38.150,2,45.077,0,38.752,0,159.7,7:18.154,12:22:18.154,0:38.150,0:45.077,0:38.752,247.4,Nicki THIIM,,LMGTE Am,,Northwest AMR,Aston Martin,GF,38.150,45.077,38.752,
98,3,4,2:01.906,2,,38.296,0,44.974,2,38.636,2,159.8,9:20.060,12:24:20.060,0:38.296,0:44.974,0:38.636,248.5,Nicki THIIM,,LMGTE Am,,Northwest AMR,Aston Martin,GF,38.296,44.974,38.636,
98,3,5,2:30.016,0,,38.168,0,45.545,0,1:06.303,0,129.9,11:50.076,12:26:50.076,0:38.168,0:45.545,1:06.303,249.7,Nicki THIIM,,LMGTE Am,,Northwest AMR,Aston Martin,FCY,38.168,45.545,66.303,
98,3,6,4:00.184,0,,1:19.965,0,1:21.253,0,1:18.966,0,81.1,15:50.260,12:30:50.260,1:19.965,1:21.253,1:18.966,80.1,Nicki THIIM,,LMGTE Am,,Northwest AMR,Aston Martin,GF,79.965,81.253,78.966,
98,3,7,2:04.496,0,,40.299,0,45.322,0,38.875,0,156.5,17:54.756,12:32:54.756,0:40.299,0:45.322,0:38.875,218.5,Nicki THIIM,,LMGTE Am,,Northwest AMR,Aston Martin,GF,40.299,45.322,38.875,
98,3,8,2:02.112,0,,38.152,0,45.058,0,38.902,0,159.6,19:56.868,12:34:56.868,0:38.152,0:45.058,0:38.902,247.4,Nicki THIIM,,LMGTE Am,,Northwest AMR,Aston Martin,GF,38.152,45.058,38.902,
98,3,9,2:02.513,0,,38.378,0,45.404,0,38.731,0,159.0,21:59.381,12:36:59.381,0:38.378,0:45.404,0:38.731,251.4,Nicki THIIM,,LMGTE Am,,Northwest AMR,Aston Martin,GF,38.378,45.404,38.731,
98,3,10,2:02.526,0,,38.198,0,45.411,0,38.917,0,159.0,24:01.907,12:39:01.907,0:38.198,0:45.411,0:38.917,248.0,Nicki THIIM,,LMGTE Am,,Northwest AMR,Aston Martin,GF,38.198,45.411,38.917,
98,3,11,3:03.804,0,B,38.211,0,1:03.459,0,1:22.134,0,106.0,27:05.711,12:42:05.711,0:38.211,1:03.459,1:22.134,250.3,Nicki THIIM,,LMGTE Am,,Northwest AMR,Aston Martin,FCY,38.211,63.459,82.134,
98,1,12,6:16.746,0,,4:49.512,0,47.236,0,39.998,0,51.7,33:22.457,12:48:22.457,4:49.512,0:47.236,0:39.998,141.6,Paul DALLA LANA,0:04:13.242,LMGTE Am,,Northwest AMR,Aston Martin,GF,289.512,47.236,39.998,
98,1,13,2:06.726,0,,39.792,0,46.782,0,40.152,0,153.7,35:29.183,12:50:29.183,0:39.792,0:46.782,0:40.152,227.2,Paul DALLA LANA,,LMGTE Am,,Northwest AMR,Aston Martin,GF,39.792,46.782,40.152,
98,1,14,2:06.506,0,,39.678,0,46.588,0,40.240,0,154.0,37:35.689,12:52:35.689,0:39.678,0:46.588,0:40.240,237.6,Paul DALLA LANA,,LMGTE Am,,Northwest AMR,Aston Martin,GF,39.678,46.588,40.240,
98,1,15,2:06.749,0,,39.305,0,47.020,0,40.424,0,153.7,39:42.438,12:54:42.438,0:39.305,0:47.020,0:40.424,244.1,Paul DALLA LANA,,LMGTE Am,,Northwest AMR,Aston Martin,GF,39.305,47.020,40.424,
98,1,16,2:06.993,0,,40.268,0,46.482,0,40.243,0,153.4,41:49.431,12:56:49.431,0:40.268,0:46.482,0:40.243,250.8,Paul DALLA LANA,,LMGTE Am,,Northwest AMR,Aston Martin,GF,40.268,46.482,40.243,
98,1,17,2:05.887,0,,39.467,0,46.445,0,39.975,0,154.8,43:55.318,12:58:55.318,0:39.467,0:46.445,0:39.975,237.1,Paul DALLA LANA,,LMGTE Am,,Northwest AMR,Aston Martin,GF,39.467,46.445,39.975,
98,1,18,2:10.874,0,B,39.651,0,46.643,0,44.580,0,148.9,46:06.192,13:01:06.192,0:39.651,0:46.643,0:44.580,238.2,Paul DALLA LANA,,LMGTE Am,,Northwest AMR,Aston Martin,GF,39.651,46.643,44.580,
98,2,19,5:09.224,0,,3:41.006,0,47.767,0,40.451,0,63.0,51:15.416,13:06:15.416,3:41.006,0:47.767,0:40.451,144.7,David PITTARD,0:03:02.347,LMGTE Am,,Northwest AMR,Aston Martin,GF,221.006,47.767,40.451,
98,2,20,2:05.907,0,,39.336,0,46.709,0,39.862,0,154.7,53:21.323,13:08:21.323,0:39.336,0:46.709,0:39.862,232.5,David PITTARD,,LMGTE Am,,Northwest AMR,Aston Martin,GF,39.336,46.709,39.862,
98,2,21,2:05.449,0,,39.219,0,46.501,0,39.729,0,155.3,55:26.772,13:10:26.772,0:39.219,0:46.501,0:39.729,243.5,David PITTARD,,LMGTE Am,,Northwest AMR,Aston Martin,GF,39.219,46.501,39.729,
98,2,22,2:05.375,0,,39.235,0,46.425,0,39.715,0,155.4,57:32.147,13:12:32.147,0:39.235,0:46.425,0:39.715,241.3,David PITTARD,,LMGTE Am,,Northwest AMR,Aston Martin,GF,39.235,46.425,39.715,
98,2,23,2:05.031,0,,38.950,1,46.146,1,39.935,0,155.8,59:37.178,13:14:37.178,0:38.950,0:46.146,0:39.935,243.5,David PITTARD,,LMGTE Am,,Northwest AMR,Aston Martin,GF,38.950,46.146,39.935,
98,2,24,2:04.973,0,,39.104,0,46.240,0,39.629,1,155.9,1:01:42.151,13:16:42.151,0:39.104,0:46.240,0:39.629,246.3,David PITTARD,,LMGTE Am,,Northwest AMR,Aston Martin,GF,39.104,46.240,39.629,
98,2,25,2:05.279,0,,39.286,0,46.195,0,39.798,0,155.5,1:03:47.430,13:18:47.430,0:39.286,0:46.195,0:39.798,240.3,David PITTARD,,LMGTE Am,,Northwest AMR,Aston Martin,GF,39.286,46.195,39.798,
98,2,26,2:06.960,0,,39.189,0,47.064,0,40.707,0,153.5,1:05:54.390,13:20:54.390,0:39.189,0:47.064,0:40.707,245.2,David PITTARD,,LMGTE Am,,Northwest AMR,Aston Martin,GF,39.189,47.064,40.707,
98,2,27,2:08.261,0,,40.078,0,47.700,0,40.483,0,151.9,1:08:02.651,13:23:02.651,0:40.078,0:47.700,0:40.483,251.4,David PITTARD,,LMGTE Am,,Northwest AMR,Aston Martin,GF,40.078,47.700,40.483,
98,2,28,2:10.035,0,B,39.309,0,46.833,0,43.893,0,149.8,1:10:12.686,13:25:12.686,0:39.309,0:46.833,0:43.893,245.2,David PITTARD,,LMGTE Am,,Northwest AMR,Aston Martin,GF,39.309,46.833,43.893,
98,1,29,4:18.923,0,,2:47.623,0,49.857,0,41.443,0,75.2,1:14:31.609,13:29:31.609,2:47.623,0:49.857,0:41.443,78.3,Paul DALLA LANA,0:02:10.350,LMGTE Am,,Northwest AMR,Aston Martin,GF,167.623,49.857,41.443,
98,1,30,2:05.758,0,,39.963,0,46.076,0,39.719,0,154.9,1:16:37.367,13:31:37.367,0:39.963,0:46.076,0:39.719,238.2,Paul DALLA LANA,,LMGTE Am,,Northwest AMR,Aston Martin,GF,39.963,46.076,39.719,
98,1,31,2:04.860,0,,38.982,0,46.212,0,39.666,0,156.0,1:18:42.227,13:33:42.227,0:38.982,0:46.212,0:39.666,244.6,Paul DALLA LANA,,LMGTE Am,,Northwest AMR,Aston Martin,GF,38.982,46.212,39.666,
98,1,32,2:04.696,0,,39.246,0,46.049,0,39.401,1,156.2,1:20:46.923,13:35:46.923,0:39.246,0:46.049,0:39.401,236.6,Paul DALLA LANA,,LMGTE Am,,Northwest AMR,Aston Martin,GF,39.246,46.049,39.401,
98,1,33,2:04.597,0,,39.221,0,45.923,1,39.453,0,156.4,1:22:51.520,13:37:51.520,0:39.221,0:45.923,0:39.453,244.6,Paul DALLA LANA,,LMGTE Am,,Northwest AMR,Aston Martin,GF,39.221,45.923,39.453,
98,1,34,2:05.172,0,,39.321,0,46.106,0,39.745,0,155.7,1:24:56.692,13:39:56.692,0:39.321,0:46.106,0:39.745,244.6,Paul DALLA LANA,,LMGTE Am,,Northwest AMR,Aston Martin,GF,39.321,46.106,39.745,
98,1,35,2:04.854,0,,39.082,0,46.203,0,39.569,0,156.0,1:27:01.546,13:42:01.546,0:39.082,0:46.203,0:39.569,244.6,Paul DALLA LANA,,LMGTE Am,,Northwest AMR,Aston Martin,GF,39.082,46.203,39.569,
98,1,36,2:04.655,0,,38.879,1,46.259,0,39.517,0,156.3,1:29:06.201,13:44:06.201,0:38.879,0:46.259,0:39.517,245.7,Paul DALLA LANA,,LMGTE Am,,Northwest AMR,Aston Martin,GF,38.879,46.259,39.517,
98,1,37,2:04.969,0,,38.897,0,46.490,0,39.582,0,155.9,1:31:11.170,13:46:11.170,0:38.897,0:46.490,0:39.582,248.0,Paul DALLA LANA,,LMGTE Am,,Northwest AMR,Aston Martin,FF,38.897,46.490,39.582,
