NUMBER, DRIVER_NUMBER, LAP_NUMBER, LAP_TIME, LAP_IMPROVEMENT, CROSSING_FINISH_LINE_IN_PIT, S1, S1_IMPROVEMENT, S2, S2_IMPROVEMENT, S3, S3_IMPROVEMENT, KPH, ELAPSED, HOUR,S1_LARGE,S2_LARGE,S3_LARGE,TOP_SPEED,DRIVER_NAME,PIT_TIME,CLASS,GROUP,TEAM,MANUFACTURER,FLAG_AT_FL,S1_SECONDS,S2_SECONDS,S3_SECONDS,
10,2,1,3:47.813,0,,39.177,0,1:26.649,0,1:41.987,0,213.0,3:47.813,22:03:47.813,0:39.177,1:26.649,1:41.987,308.2,Gabriel AUBRY,0:00:05.128,LMP2,,Vector Sport,Oreca,GF,39.177,86.649,101.987,
10,2,2,3:42.958,0,,35.714,0,1:24.859,0,1:42.385,0,220.0,7:30.771,22:07:30.771,0:35.714,1:24.859,1:42.385,317.2,Gabriel AUBRY,,LMP2,,Vector Sport,Oreca,GF,35.714,84.859,102.385,
10,2,3,3:45.915,0,B,34.690,0,1:24.528,0,1:46.697,0,217.1,11:16.686,22:11:16.686,0:34.690,1:24.528,1:46.697,319.1,Gabriel AUBRY,,LMP2,,Vector Sport,Oreca,GF,34.690,84.528,106.697,
10,2,4,5:37.267,0,,2:30.639,0,1:25.600,0,1:41.028,2,145.4,16:53.953,22:16:53.953,2:30.639,1:25.600,1:41.028,318.2,Gabriel AUBRY,0:02:05.909,LMP2,,Vector Sport,Oreca,GF,150.639,85.600,101.028,
10,2,5,3:41.678,2,,34.653,2,1:24.406,2,1:42.619,0,221.3,20:35.631,22:20:35.631,0:34.653,1:24.406,1:42.619,319.1,Gabriel AUBRY,,LMP2,,Vector Sport,Oreca,GF,34.653,84.406,102.619,
10,2,6,3:48.573,0,B,34.836,0,1:25.846,0,1:47.891,0,214.6,24:24.204,22:24:24.204,0:34.836,1:25.846,1:47.891,304.7,Gabriel AUBRY,,LMP2,,Vector Sport,Oreca,GF,34.836,85.846,107.891,
10,3,7,5:20.183,0,,2:08.499,0,1:27.279,0,1:44.405,0,153.2,29:44.387,22:29:44.387,2:08.499,1:27.279,1:44.405,306.5,Matthias KAISER,0:01:39.439,LMP2,,Vector Sport,Oreca,GF,128.499,87.279,104.405,
10,3,8,3:46.961,0,,35.743,0,1:27.325,0,1:43.893,0,216.1,33:31.348,22:33:31.348,0:35.743,1:27.325,1:43.893,305.6,Matthias KAISER,,LMP2,,Vector Sport,Oreca,GF,35.743,87.325,103.893,
10,3,9,3:46.719,0,,35.535,0,1:27.617,0,1:43.567,0,216.4,37:18.067,22:37:18.067,0:35.535,1:27.617,1:43.567,313.6,Matthias KAISER,,LMP2,,Vector Sport,Oreca,GF,35.535,87.617,103.567,
10,3,10,3:45.591,0,,35.488,0,1:25.696,1,1:44.407,0,217.4,41:03.658,22:41:03.658,0:35.488,1:25.696,1:44.407,309.1,Matthias KAISER,,LMP2,,Vector Sport,Oreca,GF,35.488,85.696,104.407,
10,3,11,3:45.714,0,,35.483,0,1:26.554,0,1:43.677,0,217.3,44:49.372,22:44:49.372,0:35.483,1:26.554,1:43.677,316.3,Matthias KAISER,,LMP2,,Vector Sport,Oreca,GF,35.483,86.554,103.677,
10,3,12,3:44.368,0,,35.343,0,1:25.966,0,1:43.059,1,218.6,48:33.740,22:48:33.740,0:35.343,1:25.966,1:43.059,308.2,Matthias KAISER,,LMP2,,Vector Sport,Oreca,GF,35.343,85.966,103.059,
10,3,13,3:47.566,0,,35.453,0,1:26.394,0,1:45.719,0,215.6,52:21.306,22:52:21.306,0:35.453,1:26.394,1:45.719,316.3,Matthias KAISER,,LMP2,,Vector Sport,Oreca,GF,35.453,86.394,105.719,
10,3,14,3:45.455,0,,35.409,0,1:25.950,0,1:44.096,0,217.6,56:06.761,22:56:06.761,0:35.409,1:25.950,1:44.096,298.0,Matthias KAISER,,LMP2,,Vector Sport,Oreca,GF,35.409,85.950,104.096,
10,3,15,3:48.253,0,,35.322,1,1:26.283,0,1:46.648,0,214.9,59:55.014,22:59:55.014,0:35.322,1:26.283,1:46.648,309.1,Matthias KAISER,,LMP2,,Vector Sport,Oreca,GF,35.322,86.283,106.648,
10,3,16,3:45.526,0,,35.433,0,1:26.048,0,1:44.045,0,217.5,1:03:40.540,23:03:40.540,0:35.433,1:26.048,1:44.045,305.6,Matthias KAISER,,LMP2,,Vector Sport,Oreca,GF,35.433,86.048,104.045,
10,3,17,3:51.723,0,B,35.596,0,1:26.274,0,1:49.853,0,211.7,1:07:32.263,23:07:32.263,0:35.596,1:26.274,1:49.853,306.5,Matthias KAISER,,LMP2,,Vector Sport,Oreca,GF,35.596,86.274,109.853,
10,1,18,5:12.851,0,,2:00.927,0,1:27.197,0,1:44.727,0,156.8,1:12:45.114,23:12:45.114,2:00.927,1:27.197,1:44.727,317.2,Ryan CULLEN,0:01:34.415,LMP2,,Vector Sport,Oreca,GF,120.927,87.197,104.727,
10,1,19,3:47.184,0,,35.373,0,1:25.844,0,1:45.967,0,215.9,1:16:32.298,23:16:32.298,0:35.373,1:25.844,1:45.967,317.2,Ryan CULLEN,,LMP2,,Vector Sport,Oreca,GF,35.373,85.844,105.967,
10,1,20,3:44.484,0,,35.405,0,1:26.458,0,1:42.621,0,218.5,1:20:16.782,23:20:16.782,0:35.405,1:26.458,1:42.621,318.2,Ryan CULLEN,,LMP2,,Vector Sport,Oreca,GF,35.405,86.458,102.621,
10,1,21,3:42.989,0,,35.162,0,1:25.517,0,1:42.310,0,220.0,1:23:59.771,23:23:59.771,0:35.162,1:25.517,1:42.310,316.3,Ryan CULLEN,,LMP2,,Vector Sport,Oreca,GF,35.162,85.517,102.310,
10,1,22,3:42.558,0,,35.136,0,1:25.534,0,1:41.888,0,220.4,1:27:42.329,23:27:42.329,0:35.136,1:25.534,1:41.888,313.6,Ryan CULLEN,,LMP2,,Vector Sport,Oreca,GF,35.136,85.534,101.888,
10,1,23,3:42.706,0,,35.114,0,1:25.649,0,1:41.943,0,220.3,1:31:25.035,23:31:25.035,0:35.114,1:25.649,1:41.943,313.6,Ryan CULLEN,,LMP2,,Vector Sport,Oreca,GF,35.114,85.649,101.943,
10,1,24,3:43.945,0,,35.065,1,1:26.012,0,1:42.868,0,219.0,1:35:08.980,23:35:08.980,0:35.065,1:26.012,1:42.868,316.3,Ryan CULLEN,,LMP2,,Vector Sport,Oreca,GF,35.065,86.012,102.868,
10,1,25,3:43.111,0,,35.185,0,1:25.419,0,1:42.507,0,219.9,1:38:52.091,23:38:52.091,0:35.185,1:25.419,1:42.507,314.5,Ryan CULLEN,,LMP2,,Vector Sport,Oreca,GF,35.185,85.419,102.507,
10,1,26,3:43.822,0,,35.156,0,1:25.461,0,1:43.205,0,219.2,1:42:35.913,23:42:35.913,0:35.156,1:25.461,1:43.205,298.8,Ryan CULLEN,,LMP2,,Vector Sport,Oreca,GF,35.156,85.461,103.205,
10,1,27,3:42.016,0,,35.151,0,1:25.280,0,1:41.585,1,220.9,1:46:17.929,23:46:17.929,0:35.151,1:25.280,1:41.585,316.3,Ryan CULLEN,,LMP2,,Vector Sport,Oreca,GF,35.151,85.280,101.585,
10,1,28,3:49.952,0,B,35.099,0,1:25.106,1,1:49.747,0,213.3,1:50:07.881,23:50:07.881,0:35.099,1:25.106,1:49.747,315.4,Ryan CULLEN,,LMP2,,Vector Sport,Oreca,GF,35.099,85.106,109.747,
100,2,1,5:24.101,0,,1:55.264,0,1:34.901,0,1:53.936,0,149.7,5:24.101,22:05:24.101,1:55.264,1:34.901,1:53.936,289.3,Andrew HARYANTO,0:01:15.050,LMGTE Am,,Walkenhorst Motorsport,Ferrari,GF,115.264,94.901,113.936,
100,2,2,4:07.529,0,,39.376,0,1:33.316,0,1:54.837,0,198.2,9:31.630,22:09:31.630,0:39.376,1:33.316,1:54.837,294.0,Andrew HARYANTO,,LMGTE Am,,Walkenhorst Motorsport,Ferrari,GF,39.376,93.316,114.837,
100,2,3,4:03.177,0,,38.103,1,1:33.155,0,1:51.919,1,201.7,13:34.807,22:13:34.807,0:38.103,1:33.155,1:51.919,294.0,Andrew HARYANTO,,LMGTE Am,,Walkenhorst Motorsport,Ferrari,GF,38.103,93.155,111.919,
100,2,4,4:04.492,0,,38.454,0,1:32.535,1,1:53.503,0,200.6,17:39.299,22:17:39.299,0:38.454,1:32.535,1:53.503,294.0,Andrew HARYANTO,,LMGTE Am,,Walkenhorst Motorsport,Ferrari,GF,38.454,92.535,113.503,
100,2,5,4:04.654,0,,39.097,0,1:32.809,0,1:52.748,0,200.5,21:43.953,22:21:43.953,0:39.097,1:32.809,1:52.748,294.8,Andrew HARYANTO,,LMGTE Am,,Walkenhorst Motorsport,Ferrari,GF,39.097,92.809,112.748,
100,2,6,4:06.749,0,,38.483,0,1:33.078,0,1:55.188,0,198.8,25:50.702,22:25:50.702,0:38.483,1:33.078,1:55.188,292.4,Andrew HARYANTO,,LMGTE Am,,Walkenhorst Motorsport,Ferrari,GF,38.483,93.078,115.188,
100,2,7,4:17.351,0,B,40.065,0,1:36.822,0,2:00.464,0,190.6,30:08.053,22:30:08.053,0:40.065,1:36.822,2:00.464,278.8,Andrew HARYANTO,,LMGTE Am,,Walkenhorst Motorsport,Ferrari,GF,40.065,96.822,120.464,
100,1,8,7:28.026,0,,3:54.642,0,1:36.625,0,1:56.759,0,109.5,37:36.079,22:37:36.079,3:54.642,1:36.625,1:56.759,290.0,Chandler HULL,0:03:25.036,LMGTE Am,,Walkenhorst Motorsport,Ferrari,GF,234.642,96.625,116.759,
100,1,9,4:09.944,0,,39.507,0,1:35.266,0,1:55.171,0,196.3,41:46.023,22:41:46.023,0:39.507,1:35.266,1:55.171,290.8,Chandler HULL,,LMGTE Am,,Walkenhorst Motorsport,Ferrari,GF,39.507,95.266,115.171,
100,1,10,4:06.522,0,,38.759,0,1:34.082,0,1:53.681,1,199.0,45:52.545,22:45:52.545,0:38.759,1:34.082,1:53.681,290.0,Chandler HULL,,LMGTE Am,,Walkenhorst Motorsport,Ferrari,GF,38.759,94.082,113.681,
100,1,11,4:07.235,0,,39.376,0,1:33.909,0,1:53.950,0,198.4,49:59.780,22:49:59.780,0:39.376,1:33.909,1:53.950,292.4,Chandler HULL,,LMGTE Am,,Walkenhorst Motorsport,Ferrari,GF,39.376,93.909,113.950,
100,1,12,4:07.763,0,,38.455,1,1:34.445,0,1:54.863,0,198.0,54:07.543,22:54:07.543,0:38.455,1:34.445,1:54.863,289.3,Chandler HULL,,LMGTE Am,,Walkenhorst Motorsport,Ferrari,GF,38.455,94.445,114.863,
100,1,13,4:08.850,0,,39.113,0,1:35.058,0,1:54.679,0,197.1,58:16.393,22:58:16.393,0:39.113,1:35.058,1:54.679,290.0,Chandler HULL,,LMGTE Am,,Walkenhorst Motorsport,Ferrari,GF,39.113,95.058,114.679,
100,1,14,4:07.395,0,,38.979,0,1:33.625,1,1:54.791,0,198.3,1:02:23.788,23:02:23.788,0:38.979,1:33.625,1:54.791,290.8,Chandler HULL,,LMGTE Am,,Walkenhorst Motorsport,Ferrari,GF,38.979,93.625,114.791,
100,1,15,4:11.044,0,,40.045,0,1:34.864,0,1:56.135,0,195.4,1:06:34.832,23:06:34.832,0:40.045,1:34.864,1:56.135,290.0,Chandler HULL,,LMGTE Am,,Walkenhorst Motorsport,Ferrari,GF,40.045,94.864,116.135,
100,1,16,4:16.461,0,B,38.932,0,1:36.704,0,2:00.825,0,191.3,1:10:51.293,23:10:51.293,0:38.932,1:36.704,2:00.825,294.0,Chandler HULL,,LMGTE Am,,Walkenhorst Motorsport,Ferrari,GF,38.932,96.704,120.825,
100,3,17,5:15.960,0,,1:46.531,0,1:34.486,0,1:54.943,0,155.3,1:16:07.253,23:16:07.253,1:46.531,1:34.486,1:54.943,292.4,Jeffrey SEGAL,0:01:17.684,LMGTE Am,,Walkenhorst Motorsport,Ferrari,GF,106.531,94.486,114.943,
100,3,18,4:02.062,0,,38.228,0,1:32.727,0,1:51.107,0,202.6,1:20:09.315,23:20:09.315,0:38.228,1:32.727,1:51.107,294.0,Jeffrey SEGAL,,LMGTE Am,,Walkenhorst Motorsport,Ferrari,GF,38.228,92.727,111.107,
100,3,19,3:59.690,0,,37.695,0,1:31.799,0,1:50.196,0,204.7,1:24:09.005,23:24:09.005,0:37.695,1:31.799,1:50.196,294.0,Jeffrey SEGAL,,LMGTE Am,,Walkenhorst Motorsport,Ferrari,GF,37.695,91.799,110.196,
100,3,20,3:59.262,0,,37.351,0,1:31.855,0,1:50.056,0,205.0,1:28:08.267,23:28:08.267,0:37.351,1:31.855,1:50.056,293.2,Jeffrey SEGAL,,LMGTE Am,,Walkenhorst Motorsport,Ferrari,GF,37.351,91.855,110.056,
100,3,21,3:58.547,0,,37.366,0,1:31.303,0,1:49.878,0,205.6,1:32:06.814,23:32:06.814,0:37.366,1:31.303,1:49.878,295.6,Jeffrey SEGAL,,LMGTE Am,,Walkenhorst Motorsport,Ferrari,GF,37.366,91.303,109.878,
100,3,22,3:57.122,0,,37.284,0,1:30.782,0,1:49.056,0,206.9,1:36:03.936,23:36:03.936,0:37.284,1:30.782,1:49.056,294.0,Jeffrey SEGAL,,LMGTE Am,,Walkenhorst Motorsport,Ferrari,GF,37.284,90.782,109.056,
100,3,23,3:56.741,0,,37.021,0,1:30.654,0,1:49.066,0,207.2,1:40:00.677,23:40:00.677,0:37.021,1:30.654,1:49.066,297.2,Jeffrey SEGAL,,LMGTE Am,,Walkenhorst Motorsport,Ferrari,GF,37.021,90.654,109.066,
100,3,24,3:55.925,0,,37.011,0,1:30.618,0,1:48.296,0,207.9,1:43:56.602,23:43:56.602,0:37.011,1:30.618,1:48.296,284.7,Jeffrey SEGAL,,LMGTE Am,,Walkenhorst Motorsport,Ferrari,GF,37.011,90.618,108.296,
100,3,25,3:55.241,2,,36.955,2,1:30.048,0,1:48.238,2,208.5,1:47:51.843,23:47:51.843,0:36.955,1:30.048,1:48.238,298.8,Jeffrey SEGAL,,LMGTE Am,,Walkenhorst Motorsport,Ferrari,GF,36.955,90.048,108.238,
100,3,26,4:00.793,0,B,37.145,0,1:29.901,2,1:53.747,0,203.7,1:51:52.636,23:51:52.636,0:37.145,1:29.901,1:53.747,298.8,Jeffrey SEGAL,,LMGTE Am,,Walkenhorst Motorsport,Ferrari,GF,37.145,89.901,113.747,
14,1,1,6:12.249,0,,2:53.299,0,1:30.782,0,1:48.168,0,130.4,6:12.249,22:06:12.249,2:53.299,1:30.782,1:48.168,286.2,Rodrigo SALES,0:02:13.841,LMP2,P/A,Nielsen Racing,Oreca,GF,173.299,90.782,108.168,
14,1,2,3:49.201,0,,36.764,0,1:26.798,1,1:45.639,0,214.0,10:01.450,22:10:01.450,0:36.764,1:26.798,1:45.639,313.6,Rodrigo SALES,,LMP2,P/A,Nielsen Racing,Oreca,GF,36.764,86.798,105.639,
14,1,3,3:51.798,0,,35.691,0,1:30.452,0,1:45.655,0,211.6,13:53.248,22:13:53.248,0:35.691,1:30.452,1:45.655,314.5,Rodrigo SALES,,LMP2,P/A,Nielsen Racing,Oreca,GF,35.691,90.452,105.655,
14,1,4,3:48.795,0,,35.478,0,1:27.536,0,1:45.781,0,214.4,17:42.043,22:17:42.043,0:35.478,1:27.536,1:45.781,314.5,Rodrigo SALES,,LMP2,P/A,Nielsen Racing,Oreca,GF,35.478,87.536,105.781,
14,1,5,3:52.596,0,,36.699,0,1:28.029,0,1:47.868,0,210.9,21:34.639,22:21:34.639,0:36.699,1:28.029,1:47.868,314.5,Rodrigo SALES,,LMP2,P/A,Nielsen Racing,Oreca,GF,36.699,88.029,107.868,
14,1,6,3:50.539,0,,35.866,0,1:26.817,0,1:47.856,0,212.8,25:25.178,22:25:25.178,0:35.866,1:26.817,1:47.856,314.5,Rodrigo SALES,,LMP2,P/A,Nielsen Racing,Oreca,GF,35.866,86.817,107.856,
14,1,7,3:59.049,0,B,35.336,1,1:27.335,0,1:56.378,0,205.2,29:24.227,22:29:24.227,0:35.336,1:27.335,1:56.378,315.4,Rodrigo SALES,,LMP2,P/A,Nielsen Racing,Oreca,GF,35.336,87.335,116.378,
14,2,8,5:30.115,0,,2:16.945,0,1:27.044,0,1:46.126,0,148.6,34:54.342,22:34:54.342,2:16.945,1:27.044,1:46.126,303.0,Mathias BECHE,0:01:50.013,LMP2,P/A,Nielsen Racing,Oreca,GF,136.945,87.044,106.126,
14,2,9,3:56.091,0,B,36.486,0,1:27.502,0,1:52.103,0,207.8,38:50.433,22:38:50.433,0:36.486,1:27.502,1:52.103,319.1,Mathias BECHE,,LMP2,P/A,Nielsen Racing,Oreca,GF,36.486,87.502,112.103,
14,2,10,5:18.030,0,,2:08.770,0,1:26.572,0,1:42.688,0,154.2,44:08.463,22:44:08.463,2:08.770,1:26.572,1:42.688,312.7,Mathias BECHE,0:01:41.713,LMP2,P/A,Nielsen Racing,Oreca,GF,128.770,86.572,102.688,
14,2,11,3:43.921,0,,34.963,0,1:25.421,0,1:43.537,0,219.1,47:52.384,22:47:52.384,0:34.963,1:25.421,1:43.537,316.3,Mathias BECHE,,LMP2,P/A,Nielsen Racing,Oreca,GF,34.963,85.421,103.537,
14,2,12,3:47.615,0,B,34.876,0,1:25.244,0,1:47.495,0,215.5,51:39.999,22:51:39.999,0:34.876,1:25.244,1:47.495,314.5,Mathias BECHE,,LMP2,P/A,Nielsen Racing,Oreca,GF,34.876,85.244,107.495,
14,3,13,5:26.248,0,,2:17.142,0,1:26.113,0,1:42.993,0,150.4,57:06.247,22:57:06.247,2:17.142,1:26.113,1:42.993,300.5,Ben HANLEY,0:01:51.785,LMP2,P/A,Nielsen Racing,Oreca,GF,137.142,86.113,102.993,
14,3,14,3:41.104,0,,34.791,0,1:24.756,1,1:41.557,0,221.9,1:00:47.351,23:00:47.351,0:34.791,1:24.756,1:41.557,316.3,Ben HANLEY,,LMP2,P/A,Nielsen Racing,Oreca,GF,34.791,84.756,101.557,
14,3,15,3:40.865,0,,34.480,1,1:24.335,0,1:42.050,0,222.1,1:04:28.216,23:04:28.216,0:34.480,1:24.335,1:42.050,317.2,Ben HANLEY,,LMP2,P/A,Nielsen Racing,Oreca,GF,34.480,84.335,102.050,
14,3,16,3:41.372,0,,34.519,0,1:25.482,0,1:41.371,1,221.6,1:08:09.588,23:08:09.588,0:34.519,1:25.482,1:41.371,318.2,Ben HANLEY,,LMP2,P/A,Nielsen Racing,Oreca,GF,34.519,85.482,101.371,
14,3,17,3:50.838,0,B,37.690,0,1:24.832,0,1:48.316,0,212.5,1:12:00.426,23:12:00.426,0:37.690,1:24.832,1:48.316,315.4,Ben HANLEY,,LMP2,P/A,Nielsen Racing,Oreca,GF,37.690,84.832,108.316,
14,2,18,5:10.651,0,,2:04.276,0,1:25.509,0,1:40.866,0,157.9,1:17:11.077,23:17:11.077,2:04.276,1:25.509,1:40.866,314.5,Mathias BECHE,0:01:39.207,LMP2,P/A,Nielsen Racing,Oreca,GF,124.276,85.509,100.866,
14,2,19,3:39.628,0,,34.888,0,1:24.550,0,1:40.190,0,223.3,1:20:50.705,23:20:50.705,0:34.888,1:24.550,1:40.190,317.2,Mathias BECHE,,LMP2,P/A,Nielsen Racing,Oreca,GF,34.888,84.550,100.190,
14,2,20,3:49.862,0,B,36.913,0,1:25.876,0,1:47.073,0,213.4,1:24:40.567,23:24:40.567,0:36.913,1:25.876,1:47.073,313.6,Mathias BECHE,,LMP2,P/A,Nielsen Racing,Oreca,GF,36.913,85.876,107.073,
14,2,21,7:03.145,0,,3:53.030,0,1:25.524,0,1:44.591,0,115.9,1:31:43.712,23:31:43.712,3:53.030,1:25.524,1:44.591,316.3,Mathias BECHE,0:03:27.630,LMP2,P/A,Nielsen Racing,Oreca,GF,233.030,85.524,104.591,
14,2,22,3:39.287,0,,34.409,0,1:24.570,0,1:40.308,0,223.7,1:35:22.999,23:35:22.999,0:34.409,1:24.570,1:40.308,314.5,Mathias BECHE,,LMP2,P/A,Nielsen Racing,Oreca,GF,34.409,84.570,100.308,
14,2,23,3:38.330,2,,34.297,2,1:24.322,2,1:39.711,2,224.7,1:39:01.329,23:39:01.329,0:34.297,1:24.322,1:39.711,319.1,Mathias BECHE,,LMP2,P/A,Nielsen Racing,Oreca,GF,34.297,84.322,99.711,
14,2,24,3:49.747,0,B,34.582,0,1:24.355,0,1:50.810,0,213.5,1:42:51.076,23:42:51.076,0:34.582,1:24.355,1:50.810,315.4,Mathias BECHE,,LMP2,P/A,Nielsen Racing,Oreca,GF,34.582,84.355,110.810,
14,1,25,5:45.200,0,,2:24.061,0,1:32.839,0,1:48.300,0,142.1,1:48:36.276,23:48:36.276,2:24.061,1:32.839,1:48.300,311.8,Rodrigo SALES,0:01:56.363,LMP2,P/A,Nielsen Racing,Oreca,GF,144.061,92.839,108.300,
14,1,26,3:56.425,0,,36.580,0,1:29.674,0,1:50.171,0,207.5,1:52:32.701,23:52:32.701,0:36.580,1:29.674,1:50.171,310.0,Rodrigo SALES,,LMP2,P/A,Nielsen Racing,Oreca,GF,36.580,89.674,110.171,
14,1,27,3:46.480,0,,35.475,0,1:27.005,0,1:44.000,1,216.6,1:56:19.181,23:56:19.181,0:35.475,1:27.005,1:44.000,312.7,Rodrigo SALES,,LMP2,P/A,Nielsen Racing,Oreca,GF,35.475,87.005,104.000,
14,1,28,4:04.116,0,B,35.519,0,1:28.745,0,1:59.852,0,200.9,2:00:23.297,00:00:23.297,0:35.519,1:28.745,1:59.852,305.6,Rodrigo SALES,,LMP2,P/A,Nielsen Racing,Oreca,FF,35.519,88.745,119.852,
16,1,1,6:43.508,0,,3:04.947,0,1:41.551,0,1:57.010,0,120.3,6:43.508,22:06:43.508,3:04.947,1:41.551,1:57.010,292.4,Ryan HARDWICK,0:02:22.038,LMGTE Am,,Proton Competition,Porsche,GF,184.947,101.551,117.010,
16,1,2,4:06.277,0,,38.970,0,1:32.863,1,1:54.444,0,199.2,10:49.785,22:10:49.785,0:38.970,1:32.863,1:54.444,296.4,Ryan HARDWICK,,LMGTE Am,,Proton Competition,Porsche,GF,38.970,92.863,114.444,
16,1,3,4:07.512,0,,38.479,0,1:35.208,0,1:53.825,1,198.2,14:57.297,22:14:57.297,0:38.479,1:35.208,1:53.825,297.2,Ryan HARDWICK,,LMGTE Am,,Proton Competition,Porsche,GF,38.479,95.208,113.825,
16,1,4,4:08.875,0,,38.536,0,1:33.695,0,1:56.644,0,197.1,19:06.172,22:19:06.172,0:38.536,1:33.695,1:56.644,297.2,Ryan HARDWICK,,LMGTE Am,,Proton Competition,Porsche,GF,38.536,93.695,116.644,
16,1,5,4:16.329,0,B,38.466,1,1:35.765,0,2:02.098,0,191.4,23:22.501,22:23:22.501,0:38.466,1:35.765,2:02.098,298.8,Ryan HARDWICK,,LMGTE Am,,Proton Competition,Porsche,GF,38.466,95.765,122.098,
16,3,6,5:27.863,0,,1:51.237,0,1:37.970,0,1:58.656,0,149.6,28:50.364,22:28:50.364,1:51.237,1:37.970,1:58.656,294.0,Jan HEYLEN,0:01:23.083,LMGTE Am,,Proton Competition,Porsche,GF,111.237,97.970,118.656,
16,3,7,4:02.929,0,,38.318,0,1:32.345,0,1:52.266,0,201.9,32:53.293,22:32:53.293,0:38.318,1:32.345,1:52.266,297.2,Jan HEYLEN,,LMGTE Am,,Proton Competition,Porsche,GF,38.318,92.345,112.266,
16,3,8,4:00.911,0,,37.741,0,1:31.789,0,1:51.381,1,203.6,36:54.204,22:36:54.204,0:37.741,1:31.789,1:51.381,294.8,Jan HEYLEN,,LMGTE Am,,Proton Competition,Porsche,GF,37.741,91.789,111.381,
16,3,9,3:59.057,0,,37.516,2,1:31.233,1,1:50.308,0,205.2,40:53.261,22:40:53.261,0:37.516,1:31.233,1:50.308,297.2,Jan HEYLEN,,LMGTE Am,,Proton Competition,Porsche,GF,37.516,91.233,110.308,
16,3,10,4:07.784,0,B,37.573,0,1:32.394,0,1:57.817,0,198.0,45:01.045,22:45:01.045,0:37.573,1:32.394,1:57.817,296.4,Jan HEYLEN,,LMGTE Am,,Proton Competition,Porsche,GF,37.573,92.394,117.817,
16,2,11,5:19.739,0,B,1:46.477,0,1:33.215,0,2:00.047,0,153.4,50:20.784,22:50:20.784,1:46.477,1:33.215,2:00.047,295.6,Zacharie ROBICHON,0:01:18.054,LMGTE Am,,Proton Competition,Porsche,GF,106.477,93.215,120.047,
16,2,12,6:04.789,0,B,1:52.362,0,1:53.978,0,2:18.449,0,134.5,56:25.573,22:56:25.573,1:52.362,1:53.978,2:18.449,205.3,Zacharie ROBICHON,0:01:17.948,LMGTE Am,,Proton Competition,Porsche,GF,112.362,113.978,138.449,
16,2,13,7:54.828,0,,4:26.852,0,1:35.305,0,1:52.671,0,103.3,1:04:20.401,23:04:20.401,4:26.852,1:35.305,1:52.671,257.0,Zacharie ROBICHON,0:03:51.387,LMGTE Am,,Proton Competition,Porsche,GF,266.852,95.305,112.671,
16,2,14,4:01.200,0,,37.785,0,1:32.257,0,1:51.158,0,203.4,1:08:21.601,23:08:21.601,0:37.785,1:32.257,1:51.158,295.6,Zacharie ROBICHON,,LMGTE Am,,Proton Competition,Porsche,GF,37.785,92.257,111.158,
16,2,15,3:57.803,2,,37.560,1,1:31.003,2,1:49.240,2,206.3,1:12:19.404,23:12:19.404,0:37.560,1:31.003,1:49.240,296.4,Zacharie ROBICHON,,LMGTE Am,,Proton Competition,Porsche,GF,37.560,91.003,109.240,
16,2,16,4:05.503,0,B,38.401,0,1:31.195,0,1:55.907,0,199.8,1:16:24.907,23:16:24.907,0:38.401,1:31.195,1:55.907,298.8,Zacharie ROBICHON,,LMGTE Am,,Proton Competition,Porsche,GF,38.401,91.195,115.907,
2,3,1,20:29.785,0,,17:25.064,0,1:24.577,0,1:40.144,0,39.5,20:29.785,22:20:29.785,17:25.064,1:24.577,1:40.144,326.8,Richard WESTBROOK,0:16:49.752,HYPERCAR,H,Cadillac Racing,Cadillac,GF,1045.064,84.577,100.144,
2,3,2,3:33.360,0,,34.669,0,1:21.288,0,1:37.403,0,229.9,24:03.145,22:24:03.145,0:34.669,1:21.288,1:37.403,327.8,Richard WESTBROOK,,HYPERCAR,H,Cadillac Racing,Cadillac,GF,34.669,81.288,97.403,
2,3,3,3:33.398,0,,34.158,0,1:21.332,0,1:37.908,0,229.9,27:36.543,22:27:36.543,0:34.158,1:21.332,1:37.908,330.8,Richard WESTBROOK,,HYPERCAR,H,Cadillac Racing,Cadillac,GF,34.158,81.332,97.908,
2,3,4,3:30.989,0,,33.476,1,1:20.934,1,1:36.579,1,232.5,31:07.532,22:31:07.532,0:33.476,1:20.934,1:36.579,328.8,Richard WESTBROOK,,HYPERCAR,H,Cadillac Racing,Cadillac,GF,33.476,80.934,96.579,
2,3,5,3:48.119,0,B,35.319,0,1:23.038,0,1:49.762,0,215.0,34:55.651,22:34:55.651,0:35.319,1:23.038,1:49.762,273.2,Richard WESTBROOK,,HYPERCAR,H,Cadillac Racing,Cadillac,GF,35.319,83.038,109.762,
2,2,6,4:56.241,0,,1:53.521,0,1:23.742,0,1:38.978,0,165.6,39:51.892,22:39:51.892,1:53.521,1:23.742,1:38.978,310.9,Alex LYNN,0:01:26.187,HYPERCAR,H,Cadillac Racing,Cadillac,GF,113.521,83.742,98.978,
2,2,7,3:32.180,0,,33.326,0,1:21.881,0,1:36.973,1,231.2,43:24.072,22:43:24.072,0:33.326,1:21.881,1:36.973,326.8,Alex LYNN,,HYPERCAR,H,Cadillac Racing,Cadillac,GF,33.326,81.881,96.973,
2,2,8,3:31.790,0,,33.081,0,1:20.687,0,1:38.022,0,231.6,46:55.862,22:46:55.862,0:33.081,1:20.687,1:38.022,331.8,Alex LYNN,,HYPERCAR,H,Cadillac Racing,Cadillac,GF,33.081,80.687,98.022,
2,2,9,3:33.133,0,,33.272,0,1:20.400,2,1:39.461,0,230.2,50:28.995,22:50:28.995,0:33.272,1:20.400,1:39.461,331.8,Alex LYNN,,HYPERCAR,H,Cadillac Racing,Cadillac,GF,33.272,80.400,99.461,
2,2,10,3:40.445,0,B,32.983,1,1:20.927,0,1:46.535,0,222.5,54:09.440,22:54:09.440,0:32.983,1:20.927,1:46.535,334.9,Alex LYNN,,HYPERCAR,H,Cadillac Racing,Cadillac,GF,32.983,80.927,106.535,
2,1,11,4:59.961,0,,2:00.629,0,1:21.556,0,1:37.776,0,163.5,59:09.401,22:59:09.401,2:00.629,1:21.556,1:37.776,327.8,Earl BAMBER,0:01:36.811,HYPERCAR,H,Cadillac Racing,Cadillac,GF,120.629,81.556,97.776,
2,1,12,3:34.220,0,,33.850,0,1:21.045,0,1:39.325,0,229.0,1:02:43.621,23:02:43.621,0:33.850,1:21.045,1:39.325,330.8,Earl BAMBER,,HYPERCAR,H,Cadillac Racing,Cadillac,GF,33.850,81.045,99.325,
2,1,13,3:32.950,0,,33.134,0,1:21.323,0,1:38.493,0,230.4,1:06:16.571,23:06:16.571,0:33.134,1:21.323,1:38.493,324.9,Earl BAMBER,,HYPERCAR,H,Cadillac Racing,Cadillac,GF,33.134,81.323,98.493,
2,1,14,3:33.339,0,,33.504,0,1:21.032,0,1:38.803,0,229.9,1:09:49.910,23:09:49.910,0:33.504,1:21.032,1:38.803,338.1,Earl BAMBER,,HYPERCAR,H,Cadillac Racing,Cadillac,GF,33.504,81.032,98.803,
2,1,15,3:36.963,0,B,33.164,0,1:20.851,0,1:42.948,0,226.1,1:13:26.873,23:13:26.873,0:33.164,1:20.851,1:42.948,332.9,Earl BAMBER,,HYPERCAR,H,Cadillac Racing,Cadillac,GF,33.164,80.851,102.948,
2,1,16,4:47.060,0,,1:49.482,0,1:20.905,0,1:36.673,0,170.9,1:18:13.933,23:18:13.933,1:49.482,1:20.905,1:36.673,328.8,Earl BAMBER,0:01:26.624,HYPERCAR,H,Cadillac Racing,Cadillac,GF,109.482,80.905,96.673,
2,1,17,3:29.545,2,,32.842,2,1:20.573,1,1:36.130,2,234.1,1:21:43.478,23:21:43.478,0:32.842,1:20.573,1:36.130,329.8,Earl BAMBER,,HYPERCAR,H,Cadillac Racing,Cadillac,GF,32.842,80.573,96.130,
2,1,18,3:36.610,0,B,33.939,0,1:20.937,0,1:41.734,0,226.5,1:25:20.088,23:25:20.088,0:33.939,1:20.937,1:41.734,329.8,Earl BAMBER,,HYPERCAR,H,Cadillac Racing,Cadillac,GF,33.939,80.937,101.734,
2,1,19,13:37.191,0,B,10:31.456,0,1:21.478,0,1:44.257,0,60.0,1:38:57.279,23:38:57.279,10:31.456,1:21.478,1:44.257,328.8,Earl BAMBER,0:10:07.501,HYPERCAR,H,Cadillac Racing,Cadillac,GF,631.456,81.478,104.257,
21,1,1,14:52.487,0,,11:24.330,0,1:35.822,0,1:52.335,0,54.4,14:52.487,22:14:52.487,11:24.330,1:35.822,1:52.335,285.4,Simon MANN,0:10:45.749,LMGTE Am,,AF Corse,Ferrari,GF,684.330,95.822,112.335,
21,1,2,4:05.520,0,,38.053,0,1:32.662,0,1:54.805,0,199.8,18:58.007,22:18:58.007,0:38.053,1:32.662,1:54.805,290.8,Simon MANN,,LMGTE Am,,AF Corse,Ferrari,GF,38.053,92.662,114.805,
21,1,3,4:01.687,0,,38.062,0,1:32.605,0,1:51.020,0,203.0,22:59.694,22:22:59.694,0:38.062,1:32.605,1:51.020,292.4,Simon MANN,,LMGTE Am,,AF Corse,Ferrari,GF,38.062,92.605,111.020,
21,1,4,4:01.902,0,,39.140,0,1:32.566,0,1:50.196,0,202.8,27:01.596,22:27:01.596,0:39.140,1:32.566,1:50.196,293.2,Simon MANN,,LMGTE Am,,AF Corse,Ferrari,GF,39.140,92.566,110.196,
21,1,5,4:06.765,0,B,38.072,0,1:31.948,0,1:56.745,0,198.8,31:08.361,22:31:08.361,0:38.072,1:31.948,1:56.745,294.0,Simon MANN,,LMGTE Am,,AF Corse,Ferrari,GF,38.072,91.948,116.745,
21,1,6,5:16.206,0,,1:53.320,0,1:31.936,0,1:50.950,0,155.1,36:24.567,22:36:24.567,1:53.320,1:31.936,1:50.950,294.8,Simon MANN,0:01:23.979,LMGTE Am,,AF Corse,Ferrari,GF,113.320,91.936,110.950,
21,1,7,3:57.841,0,,37.120,0,1:31.239,1,1:49.482,1,206.2,40:22.408,22:40:22.408,0:37.120,1:31.239,1:49.482,294.0,Simon MANN,,LMGTE Am,,AF Corse,Ferrari,GF,37.120,91.239,109.482,
21,1,8,4:05.857,0,,38.601,0,1:34.103,0,1:53.153,0,199.5,44:28.265,22:44:28.265,0:38.601,1:34.103,1:53.153,296.4,Simon MANN,,LMGTE Am,,AF Corse,Ferrari,GF,38.601,94.103,113.153,
21,1,9,4:01.227,0,,38.649,0,1:32.431,0,1:50.147,0,203.4,48:29.492,22:48:29.492,0:38.649,1:32.431,1:50.147,291.6,Simon MANN,,LMGTE Am,,AF Corse,Ferrari,GF,38.649,92.431,110.147,
21,1,10,3:59.689,0,,37.560,0,1:31.749,0,1:50.380,0,204.7,52:29.181,22:52:29.181,0:37.560,1:31.749,1:50.380,281.7,Simon MANN,,LMGTE Am,,AF Corse,Ferrari,GF,37.560,91.749,110.380,
21,1,11,4:03.797,0,B,37.110,1,1:31.299,0,1:55.388,0,201.2,56:32.978,22:56:32.978,0:37.110,1:31.299,1:55.388,294.0,Simon MANN,,LMGTE Am,,AF Corse,Ferrari,GF,37.110,91.299,115.388,
21,2,12,6:20.664,0,,2:52.666,0,1:34.009,0,1:53.989,0,128.9,1:02:53.642,23:02:53.642,2:52.666,1:34.009,1:53.989,290.8,Julien PIGUET,0:02:22.570,LMGTE Am,,AF Corse,Ferrari,GF,172.666,94.009,113.989,
21,2,13,4:02.556,0,,38.464,0,1:32.364,1,1:51.728,1,202.2,1:06:56.198,23:06:56.198,0:38.464,1:32.364,1:51.728,294.0,Julien PIGUET,,LMGTE Am,,AF Corse,Ferrari,GF,38.464,92.364,111.728,
21,2,14,4:04.285,0,,39.148,0,1:33.187,0,1:51.950,0,200.8,1:11:00.483,23:11:00.483,0:39.148,1:33.187,1:51.950,291.6,Julien PIGUET,,LMGTE Am,,AF Corse,Ferrari,GF,39.148,93.187,111.950,
21,2,15,4:05.275,0,,39.368,0,1:33.252,0,1:52.655,0,200.0,1:15:05.758,23:15:05.758,0:39.368,1:33.252,1:52.655,290.0,Julien PIGUET,,LMGTE Am,,AF Corse,Ferrari,GF,39.368,93.252,112.655,
21,2,16,4:05.130,0,,38.409,0,1:34.304,0,1:52.417,0,200.1,1:19:10.888,23:19:10.888,0:38.409,1:34.304,1:52.417,285.4,Julien PIGUET,,LMGTE Am,,AF Corse,Ferrari,GF,38.409,94.304,112.417,
21,2,17,4:12.599,0,B,38.123,1,1:34.538,0,1:59.938,0,194.2,1:23:23.487,23:23:23.487,0:38.123,1:34.538,1:59.938,292.4,Julien PIGUET,,LMGTE Am,,AF Corse,Ferrari,GF,38.123,94.538,119.938,
21,3,18,6:13.853,0,B,2:39.052,0,1:33.490,0,2:01.311,0,131.2,1:29:37.340,23:29:37.340,2:39.052,1:33.490,2:01.311,290.8,Ulysse DE PAUW,0:02:11.020,LMGTE Am,,AF Corse,Ferrari,GF,159.052,93.490,121.311,
21,3,19,4:34.676,0,,1:10.083,0,1:33.206,0,1:51.387,0,178.6,1:34:12.016,23:34:12.016,1:10.083,1:33.206,1:51.387,290.0,Ulysse DE PAUW,0:00:43.245,LMGTE Am,,AF Corse,Ferrari,GF,70.083,93.206,111.387,
21,3,20,3:59.739,0,,37.585,0,1:31.827,0,1:50.327,0,204.6,1:38:11.755,23:38:11.755,0:37.585,1:31.827,1:50.327,294.0,Ulysse DE PAUW,,LMGTE Am,,AF Corse,Ferrari,GF,37.585,91.827,110.327,
21,3,21,3:58.630,0,,37.435,0,1:31.550,0,1:49.645,0,205.6,1:42:10.385,23:42:10.385,0:37.435,1:31.550,1:49.645,296.4,Ulysse DE PAUW,,LMGTE Am,,AF Corse,Ferrari,GF,37.435,91.550,109.645,
21,3,22,3:57.279,0,,37.508,0,1:30.865,0,1:48.906,0,206.7,1:46:07.664,23:46:07.664,0:37.508,1:30.865,1:48.906,296.4,Ulysse DE PAUW,,LMGTE Am,,AF Corse,Ferrari,GF,37.508,90.865,108.906,
21,3,23,3:56.653,0,,37.046,0,1:30.847,0,1:48.760,2,207.3,1:50:04.317,23:50:04.317,0:37.046,1:30.847,1:48.760,294.0,Ulysse DE PAUW,,LMGTE Am,,AF Corse,Ferrari,GF,37.046,90.847,108.760,
21,3,24,3:56.616,2,,36.977,2,1:30.495,0,1:49.144,0,207.3,1:54:00.933,23:54:00.933,0:36.977,1:30.495,1:49.144,294.0,Ulysse DE PAUW,,LMGTE Am,,AF Corse,Ferrari,GF,36.977,90.495,109.144,
21,3,25,3:57.122,0,,37.576,0,1:30.492,2,1:49.054,0,206.9,1:57:58.055,23:57:58.055,0:37.576,1:30.492,1:49.054,296.4,Ulysse DE PAUW,,LMGTE Am,,AF Corse,Ferrari,GF,37.576,90.492,109.054,
21,3,26,4:05.642,0,B,38.126,0,1:30.659,0,1:56.857,0,199.7,2:02:03.697,00:02:03.697,0:38.126,1:30.659,1:56.857,294.0,Ulysse DE PAUW,,LMGTE Am,,AF Corse,Ferrari,FF,38.126,90.659,116.857,
22,1,1,28:41.144,0,,25:30.827,0,1:26.068,0,1:44.249,0,28.2,28:41.144,22:28:41.144,25:30.827,1:26.068,1:44.249,311.8,Philip HANSON,0:24:57.056,LMP2,,United Autosports,Oreca,GF,1530.827,86.068,104.249,
22,1,2,3:40.766,0,,34.666,0,1:24.488,0,1:41.612,0,222.2,32:21.910,22:32:21.910,0:34.666,1:24.488,1:41.612,316.3,Philip HANSON,,LMP2,,United Autosports,Oreca,GF,34.666,84.488,101.612,
22,1,3,3:39.770,0,,34.848,0,1:25.080,0,1:39.842,1,223.2,36:01.680,22:36:01.680,0:34.848,1:25.080,1:39.842,317.2,Philip HANSON,,LMP2,,United Autosports,Oreca,GF,34.848,85.080,99.842,
22,1,4,3:40.264,0,,34.243,0,1:24.119,0,1:41.902,0,222.7,39:41.944,22:39:41.944,0:34.243,1:24.119,1:41.902,315.4,Philip HANSON,,LMP2,,United Autosports,Oreca,GF,34.243,84.119,101.902,
22,1,5,3:51.066,0,,34.046,2,1:25.375,0,1:51.645,0,212.3,43:33.010,22:43:33.010,0:34.046,1:25.375,1:51.645,320.1,Philip HANSON,,LMP2,,United Autosports,Oreca,GF,34.046,85.375,111.645,
22,1,6,3:38.582,0,,35.100,0,1:24.359,0,1:39.123,0,224.4,47:11.592,22:47:11.592,0:35.100,1:24.359,1:39.123,320.1,Philip HANSON,,LMP2,,United Autosports,Oreca,GF,35.100,84.359,99.123,
22,1,7,3:46.927,0,B,34.401,0,1:24.107,1,1:48.419,0,216.2,50:58.519,22:50:58.519,0:34.401,1:24.107,1:48.419,317.2,Philip HANSON,,LMP2,,United Autosports,Oreca,GF,34.401,84.107,108.419,
22,3,8,7:35.349,0,,4:24.698,0,1:26.399,0,1:44.252,0,107.7,58:33.868,22:58:33.868,4:24.698,1:26.399,1:44.252,296.4,Frederick LUBIN,0:03:58.606,LMP2,,United Autosports,Oreca,GF,264.698,86.399,104.252,
22,3,9,3:46.412,0,,35.462,0,1:26.249,0,1:44.701,0,216.7,1:02:20.280,23:02:20.280,0:35.462,1:26.249,1:44.701,313.6,Frederick LUBIN,,LMP2,,United Autosports,Oreca,GF,35.462,86.249,104.701,
22,3,10,3:40.957,0,,34.599,0,1:24.414,0,1:41.944,0,222.0,1:06:01.237,23:06:01.237,0:34.599,1:24.414,1:41.944,321.0,Frederick LUBIN,,LMP2,,United Autosports,Oreca,GF,34.599,84.414,101.944,
22,3,11,3:43.261,0,,34.747,0,1:24.736,0,1:43.778,0,219.7,1:09:44.498,23:09:44.498,0:34.747,1:24.736,1:43.778,317.2,Frederick LUBIN,,LMP2,,United Autosports,Oreca,GF,34.747,84.736,103.778,
22,3,12,3:42.097,0,,35.311,0,1:24.812,0,1:41.974,0,220.9,1:13:26.595,23:13:26.595,0:35.311,1:24.812,1:41.974,316.3,Frederick LUBIN,,LMP2,,United Autosports,Oreca,GF,35.311,84.812,101.974,
22,3,13,3:40.149,0,,34.568,0,1:24.665,0,1:40.916,0,222.8,1:17:06.744,23:17:06.744,0:34.568,1:24.665,1:40.916,321.0,Frederick LUBIN,,LMP2,,United Autosports,Oreca,GF,34.568,84.665,100.916,
22,3,14,3:41.508,0,,34.435,1,1:24.179,0,1:42.894,0,221.5,1:20:48.252,23:20:48.252,0:34.435,1:24.179,1:42.894,321.0,Frederick LUBIN,,LMP2,,United Autosports,Oreca,GF,34.435,84.179,102.894,
22,3,15,3:40.912,0,,35.083,0,1:24.032,1,1:41.797,1,222.1,1:24:29.164,23:24:29.164,0:35.083,1:24.032,1:41.797,318.2,Frederick LUBIN,,LMP2,,United Autosports,Oreca,GF,35.083,84.032,101.797,
22,3,16,3:53.598,0,B,35.006,0,1:24.371,0,1:54.221,0,210.0,1:28:22.762,23:28:22.762,0:35.006,1:24.371,1:54.221,320.1,Frederick LUBIN,,LMP2,,United Autosports,Oreca,GF,35.006,84.371,114.221,
22,2,17,5:23.063,0,,2:14.460,0,1:25.884,0,1:42.719,0,151.8,1:33:45.825,23:33:45.825,2:14.460,1:25.884,1:42.719,316.3,Filipe ALBUQUERQUE,0:01:48.813,LMP2,,United Autosports,Oreca,GF,134.460,85.884,102.719,
22,2,18,3:42.828,0,,35.367,0,1:25.497,0,1:41.964,0,220.1,1:37:28.653,23:37:28.653,0:35.367,1:25.497,1:41.964,321.0,Filipe ALBUQUERQUE,,LMP2,,United Autosports,Oreca,GF,35.367,85.497,101.964,
22,2,19,3:40.958,0,,34.628,0,1:25.309,0,1:41.021,0,222.0,1:41:09.611,23:41:09.611,0:34.628,1:25.309,1:41.021,317.2,Filipe ALBUQUERQUE,,LMP2,,United Autosports,Oreca,GF,34.628,85.309,101.021,
22,2,20,3:40.482,0,,34.517,0,1:24.710,0,1:41.255,0,222.5,1:44:50.093,23:44:50.093,0:34.517,1:24.710,1:41.255,317.2,Filipe ALBUQUERQUE,,LMP2,,United Autosports,Oreca,GF,34.517,84.710,101.255,
22,2,21,3:40.116,0,,34.212,0,1:24.526,0,1:41.378,0,222.9,1:48:30.209,23:48:30.209,0:34.212,1:24.526,1:41.378,316.3,Filipe ALBUQUERQUE,,LMP2,,United Autosports,Oreca,GF,34.212,84.526,101.378,
22,2,22,3:37.839,0,,34.066,0,1:24.180,0,1:39.593,0,225.2,1:52:08.048,23:52:08.048,0:34.066,1:24.180,1:39.593,316.3,Filipe ALBUQUERQUE,,LMP2,,United Autosports,Oreca,GF,34.066,84.180,99.593,
22,2,23,3:39.884,0,,35.116,0,1:25.063,0,1:39.705,0,223.1,1:55:47.932,23:55:47.932,0:35.116,1:25.063,1:39.705,316.3,Filipe ALBUQUERQUE,,LMP2,,United Autosports,Oreca,GF,35.116,85.063,99.705,
22,2,24,3:39.135,0,,34.057,1,1:24.263,0,1:40.815,0,223.9,1:59:27.067,23:59:27.067,0:34.057,1:24.263,1:40.815,321.0,Filipe ALBUQUERQUE,,LMP2,,United Autosports,Oreca,GF,34.057,84.263,100.815,
22,2,25,3:37.079,2,,34.169,0,1:23.873,2,1:39.037,2,226.0,2:03:04.146,00:03:04.146,0:34.169,1:23.873,1:39.037,320.1,Filipe ALBUQUERQUE,,LMP2,,United Autosports,Oreca,FF,34.169,83.873,99.037,
23,3,1,11:03.168,0,,7:49.426,0,1:28.121,0,1:45.621,0,73.2,11:03.168,22:11:03.168,7:49.426,1:28.121,1:45.621,308.2,Oliver JARVIS,0:07:11.356,LMP2,,United Autosports,Oreca,GF,469.426,88.121,105.621,
23,3,2,3:40.286,0,,34.521,0,1:24.737,0,1:41.028,0,222.7,14:43.454,22:14:43.454,0:34.521,1:24.737,1:41.028,318.2,Oliver JARVIS,,LMP2,,United Autosports,Oreca,GF,34.521,84.737,101.028,
23,3,3,3:38.153,2,,34.265,0,1:24.319,0,1:39.569,2,224.9,18:21.607,22:18:21.607,0:34.265,1:24.319,1:39.569,316.3,Oliver JARVIS,,LMP2,,United Autosports,Oreca,GF,34.265,84.319,99.569,
23,3,4,3:41.884,0,,34.679,0,1:26.181,0,1:41.024,0,221.1,22:03.491,22:22:03.491,0:34.679,1:26.181,1:41.024,317.2,Oliver JARVIS,,LMP2,,United Autosports,Oreca,GF,34.679,86.181,101.024,
23,3,5,4:10.351,0,B,34.859,0,1:24.361,0,2:11.131,0,195.9,26:13.842,22:26:13.842,0:34.859,1:24.361,2:11.131,315.4,Oliver JARVIS,,LMP2,,United Autosports,Oreca,GF,34.859,84.361,131.131,
23,3,6,11:44.182,0,,8:36.043,0,1:26.938,0,1:41.201,0,69.7,37:58.024,22:37:58.024,8:36.043,1:26.938,1:41.201,309.1,Oliver JARVIS,0:08:09.354,LMP2,,United Autosports,Oreca,GF,516.043,86.938,101.201,
23,3,7,3:38.289,0,,34.238,0,1:24.399,0,1:39.652,0,224.7,41:36.313,22:41:36.313,0:34.238,1:24.399,1:39.652,313.6,Oliver JARVIS,,LMP2,,United Autosports,Oreca,GF,34.238,84.399,99.652,
23,3,8,3:38.274,0,,34.093,2,1:24.188,0,1:39.993,0,224.7,45:14.587,22:45:14.587,0:34.093,1:24.188,1:39.993,313.6,Oliver JARVIS,,LMP2,,United Autosports,Oreca,GF,34.093,84.188,99.993,
23,3,9,3:40.569,0,,34.295,0,1:24.300,2,1:41.974,0,222.4,48:55.156,22:48:55.156,0:34.295,1:24.300,1:41.974,318.2,Oliver JARVIS,,LMP2,,United Autosports,Oreca,GF,34.295,84.300,101.974,
23,3,10,3:40.685,0,,34.334,0,1:24.718,0,1:41.633,0,222.3,52:35.841,22:52:35.841,0:34.334,1:24.718,1:41.633,302.2,Oliver JARVIS,,LMP2,,United Autosports,Oreca,GF,34.334,84.718,101.633,
23,3,11,3:50.937,0,B,34.761,0,1:25.791,0,1:50.385,0,212.4,56:26.778,22:56:26.778,0:34.761,1:25.791,1:50.385,300.5,Oliver JARVIS,,LMP2,,United Autosports,Oreca,GF,34.761,85.791,110.385,
23,1,12,9:58.335,0,,6:46.582,0,1:27.168,0,1:44.585,0,82.0,1:06:25.113,23:06:25.113,6:46.582,1:27.168,1:44.585,312.7,Joshua PIERSON,0:06:20.380,LMP2,,United Autosports,Oreca,GF,406.582,87.168,104.585,
23,1,13,3:43.821,0,,35.351,0,1:25.868,0,1:42.602,0,219.2,1:10:08.934,23:10:08.934,0:35.351,1:25.868,1:42.602,312.7,Joshua PIERSON,,LMP2,,United Autosports,Oreca,GF,35.351,85.868,102.602,
23,1,14,3:43.120,0,,34.645,0,1:25.104,0,1:43.371,0,219.9,1:13:52.054,23:13:52.054,0:34.645,1:25.104,1:43.371,313.6,Joshua PIERSON,,LMP2,,United Autosports,Oreca,GF,34.645,85.104,103.371,
23,1,15,3:40.035,0,,34.349,1,1:24.881,0,1:40.805,1,222.9,1:17:32.089,23:17:32.089,0:34.349,1:24.881,1:40.805,313.6,Joshua PIERSON,,LMP2,,United Autosports,Oreca,GF,34.349,84.881,100.805,
23,1,16,3:47.054,0,B,34.467,0,1:24.625,1,1:47.962,0,216.0,1:21:19.143,23:21:19.143,0:34.467,1:24.625,1:47.962,313.6,Joshua PIERSON,,LMP2,,United Autosports,Oreca,GF,34.467,84.625,107.962,
23,2,17,5:09.139,0,,1:58.010,0,1:26.872,0,1:44.257,0,158.7,1:26:28.282,23:26:28.282,1:58.010,1:26.872,1:44.257,311.8,Tom BLOMQVIST,0:01:31.286,LMP2,,United Autosports,Oreca,GF,118.010,86.872,104.257,
23,2,18,3:44.721,0,,35.528,0,1:25.183,0,1:44.010,0,218.3,1:30:13.003,23:30:13.003,0:35.528,1:25.183,1:44.010,318.2,Tom BLOMQVIST,,LMP2,,United Autosports,Oreca,GF,35.528,85.183,104.010,
23,2,19,3:42.074,0,,34.886,0,1:25.134,0,1:42.054,0,220.9,1:33:55.077,23:33:55.077,0:34.886,1:25.134,1:42.054,315.4,Tom BLOMQVIST,,LMP2,,United Autosports,Oreca,GF,34.886,85.134,102.054,
23,2,20,3:42.459,0,,34.709,0,1:25.026,0,1:42.724,0,220.5,1:37:37.536,23:37:37.536,0:34.709,1:25.026,1:42.724,314.5,Tom BLOMQVIST,,LMP2,,United Autosports,Oreca,GF,34.709,85.026,102.724,
23,2,21,3:39.874,0,,34.783,0,1:24.649,0,1:40.442,1,223.1,1:41:17.410,23:41:17.410,0:34.783,1:24.649,1:40.442,314.5,Tom BLOMQVIST,,LMP2,,United Autosports,Oreca,GF,34.783,84.649,100.442,
23,2,22,3:46.608,0,B,34.511,1,1:25.734,0,1:46.363,0,216.5,1:45:04.018,23:45:04.018,0:34.511,1:25.734,1:46.363,313.6,Tom BLOMQVIST,,LMP2,,United Autosports,Oreca,GF,34.511,85.734,106.363,
23,2,23,5:36.328,0,,2:24.801,0,1:28.723,0,1:42.804,0,145.9,1:50:40.346,23:50:40.346,2:24.801,1:28.723,1:42.804,264.5,Tom BLOMQVIST,0:01:58.335,LMP2,,United Autosports,Oreca,GF,144.801,88.723,102.804,
23,2,24,3:52.106,0,B,34.949,0,1:24.457,1,1:52.700,0,211.3,1:54:32.452,23:54:32.452,0:34.949,1:24.457,1:52.700,315.4,Tom BLOMQVIST,,LMP2,,United Autosports,Oreca,GF,34.949,84.457,112.700,
24,3,1,5:43.185,0,,2:20.246,0,1:32.140,0,1:50.799,0,141.4,5:43.185,22:05:43.185,2:20.246,1:32.140,1:50.799,290.8,Jenson BUTTON,0:01:40.678,INNOVATIVE CAR,,Hendrick Motorsports,Chevrolet,GF,140.246,92.140,110.799,
24,3,2,3:52.868,0,,36.833,0,1:28.547,0,1:47.488,1,210.6,9:36.053,22:09:36.053,0:36.833,1:28.547,1:47.488,305.6,Jenson BUTTON,,INNOVATIVE CAR,,Hendrick Motorsports,Chevrolet,GF,36.833,88.547,107.488,
24,3,3,3:53.819,0,,36.791,0,1:29.211,0,1:47.817,0,209.8,13:29.872,22:13:29.872,0:36.791,1:29.211,1:47.817,310.9,Jenson BUTTON,,INNOVATIVE CAR,,Hendrick Motorsports,Chevrolet,GF,36.791,89.211,107.817,
24,3,4,3:52.503,0,,36.593,2,1:28.376,0,1:47.534,0,211.0,17:22.375,22:17:22.375,0:36.593,1:28.376,1:47.534,301.3,Jenson BUTTON,,INNOVATIVE CAR,,Hendrick Motorsports,Chevrolet,GF,36.593,88.376,107.534,
24,3,5,3:52.565,0,,36.723,0,1:28.228,2,1:47.614,0,210.9,21:14.940,22:21:14.940,0:36.723,1:28.228,1:47.614,309.1,Jenson BUTTON,,INNOVATIVE CAR,,Hendrick Motorsports,Chevrolet,GF,36.723,88.228,107.614,
24,3,6,3:54.934,0,,37.224,0,1:29.315,0,1:48.395,0,208.8,25:09.874,22:25:09.874,0:37.224,1:29.315,1:48.395,302.2,Jenson BUTTON,,INNOVATIVE CAR,,Hendrick Motorsports,Chevrolet,GF,37.224,89.315,108.395,
24,3,7,3:54.378,0,,36.789,0,1:29.888,0,1:47.701,0,209.3,29:04.252,22:29:04.252,0:36.789,1:29.888,1:47.701,308.2,Jenson BUTTON,,INNOVATIVE CAR,,Hendrick Motorsports,Chevrolet,GF,36.789,89.888,107.701,
24,3,8,3:59.906,0,B,36.821,0,1:28.562,0,1:54.523,0,204.5,33:04.158,22:33:04.158,0:36.821,1:28.562,1:54.523,305.6,Jenson BUTTON,,INNOVATIVE CAR,,Hendrick Motorsports,Chevrolet,GF,36.821,88.562,114.523,
24,2,9,5:39.781,0,,2:15.559,0,1:32.105,0,1:52.117,0,144.4,38:43.939,22:38:43.939,2:15.559,1:32.105,1:52.117,291.6,Mike ROCKENFELLER,0:01:45.241,INNOVATIVE CAR,,Hendrick Motorsports,Chevrolet,GF,135.559,92.105,112.117,
24,2,10,3:54.059,0,,36.796,1,1:29.056,0,1:48.207,0,209.6,42:37.998,22:42:37.998,0:36.796,1:29.056,1:48.207,305.6,Mike ROCKENFELLER,,INNOVATIVE CAR,,Hendrick Motorsports,Chevrolet,GF,36.796,89.056,108.207,
24,2,11,3:51.904,2,,36.814,0,1:28.304,1,1:46.786,2,211.5,46:29.902,22:46:29.902,0:36.814,1:28.304,1:46.786,309.1,Mike ROCKENFELLER,,INNOVATIVE CAR,,Hendrick Motorsports,Chevrolet,GF,36.814,88.304,106.786,
24,2,12,3:52.614,0,,36.846,0,1:28.666,0,1:47.102,0,210.9,50:22.516,22:50:22.516,0:36.846,1:28.666,1:47.102,302.2,Mike ROCKENFELLER,,INNOVATIVE CAR,,Hendrick Motorsports,Chevrolet,GF,36.846,88.666,107.102,
24,2,13,3:59.621,0,B,36.828,0,1:28.866,0,1:53.927,0,204.7,54:22.137,22:54:22.137,0:36.828,1:28.866,1:53.927,303.9,Mike ROCKENFELLER,,INNOVATIVE CAR,,Hendrick Motorsports,Chevrolet,GF,36.828,88.866,113.927,
24,1,14,5:35.804,0,,2:06.885,0,1:32.708,0,1:56.211,0,146.1,59:57.941,22:59:57.941,2:06.885,1:32.708,1:56.211,292.4,Jimmie JOHNSON,0:01:35.192,INNOVATIVE CAR,,Hendrick Motorsports,Chevrolet,GF,126.885,92.708,116.211,
24,1,15,4:04.691,0,,39.534,0,1:30.910,0,1:54.247,0,200.5,1:04:02.632,23:04:02.632,0:39.534,1:30.910,1:54.247,307.3,Jimmie JOHNSON,,INNOVATIVE CAR,,Hendrick Motorsports,Chevrolet,GF,39.534,90.910,114.247,
24,1,16,4:04.549,0,,37.646,0,1:36.514,0,1:50.389,0,200.6,1:08:07.181,23:08:07.181,0:37.646,1:36.514,1:50.389,263.2,Jimmie JOHNSON,,INNOVATIVE CAR,,Hendrick Motorsports,Chevrolet,GF,37.646,96.514,110.389,
24,1,17,3:59.735,0,,38.948,0,1:30.483,0,1:50.304,0,204.6,1:12:06.916,23:12:06.916,0:38.948,1:30.483,1:50.304,277.4,Jimmie JOHNSON,,INNOVATIVE CAR,,Hendrick Motorsports,Chevrolet,GF,38.948,90.483,110.304,
24,1,18,4:06.248,0,B,37.289,0,1:29.606,0,1:59.353,0,199.2,1:16:13.164,23:16:13.164,0:37.289,1:29.606,1:59.353,304.7,Jimmie JOHNSON,,INNOVATIVE CAR,,Hendrick Motorsports,Chevrolet,GF,37.289,89.606,119.353,
24,1,19,25:39.843,0,,22:19.032,0,1:30.553,0,1:50.258,0,31.9,1:41:53.007,23:41:53.007,22:19.032,1:30.553,1:50.258,299.7,Jimmie JOHNSON,0:21:49.490,INNOVATIVE CAR,,Hendrick Motorsports,Chevrolet,GF,1339.032,90.553,110.258,
24,1,20,3:54.732,0,,37.169,0,1:29.058,0,1:48.505,0,209.0,1:45:47.739,23:45:47.739,0:37.169,1:29.058,1:48.505,304.7,Jimmie JOHNSON,,INNOVATIVE CAR,,Hendrick Motorsports,Chevrolet,GF,37.169,89.058,108.505,
24,1,21,3:58.743,0,,37.719,0,1:30.028,0,1:50.996,0,205.5,1:49:46.482,23:49:46.482,0:37.719,1:30.028,1:50.996,303.9,Jimmie JOHNSON,,INNOVATIVE CAR,,Hendrick Motorsports,Chevrolet,GF,37.719,90.028,110.996,
24,1,22,3:55.517,0,,37.561,0,1:29.202,0,1:48.754,0,208.3,1:53:41.999,23:53:41.999,0:37.561,1:29.202,1:48.754,306.5,Jimmie JOHNSON,,INNOVATIVE CAR,,Hendrick Motorsports,Chevrolet,GF,37.561,89.202,108.754,
24,1,23,3:53.937,0,,36.962,1,1:28.833,0,1:48.142,1,209.7,1:57:35.936,23:57:35.936,0:36.962,1:28.833,1:48.142,307.3,Jimmie JOHNSON,,INNOVATIVE CAR,,Hendrick Motorsports,Chevrolet,GF,36.962,88.833,108.142,
24,1,24,3:54.124,0,,37.185,0,1:28.389,1,1:48.550,0,209.5,2:01:30.060,00:01:30.060,0:37.185,1:28.389,1:48.550,303.0,Jimmie JOHNSON,,INNOVATIVE CAR,,Hendrick Motorsports,Chevrolet,FF,37.185,88.389,108.550,
25,2,1,12:29.324,0,,9:05.576,0,1:33.457,0,1:50.291,0,64.8,12:29.324,22:12:29.324,9:05.576,1:33.457,1:50.291,290.8,Michael DINAN,0:08:29.472,LMGTE Am,,ORT by TF,Aston Martin,GF,545.576,93.457,110.291,
25,2,2,3:58.667,0,,37.567,0,1:31.594,0,1:49.506,0,205.5,16:27.991,22:16:27.991,0:37.567,1:31.594,1:49.506,292.4,Michael DINAN,,LMGTE Am,,ORT by TF,Aston Martin,GF,37.567,91.594,109.506,
25,2,3,3:59.503,0,,36.922,2,1:30.689,0,1:51.892,0,204.8,20:27.494,22:20:27.494,0:36.922,1:30.689,1:51.892,295.6,Michael DINAN,,LMGTE Am,,ORT by TF,Aston Martin,GF,36.922,90.689,111.892,
25,2,4,3:58.525,0,,38.601,0,1:31.072,0,1:48.852,0,205.7,24:26.019,22:24:26.019,0:38.601,1:31.072,1:48.852,294.8,Michael DINAN,,LMGTE Am,,ORT by TF,Aston Martin,GF,38.601,91.072,108.852,
25,2,5,3:57.320,0,,37.131,0,1:30.916,0,1:49.273,0,206.7,28:23.339,22:28:23.339,0:37.131,1:30.916,1:49.273,294.0,Michael DINAN,,LMGTE Am,,ORT by TF,Aston Martin,GF,37.131,90.916,109.273,
25,2,6,3:58.086,0,,37.627,0,1:31.152,0,1:49.307,0,206.0,32:21.425,22:32:21.425,0:37.627,1:31.152,1:49.307,293.2,Michael DINAN,,LMGTE Am,,ORT by TF,Aston Martin,GF,37.627,91.152,109.307,
25,2,7,4:04.190,0,B,37.360,0,1:31.100,0,1:55.730,0,200.9,36:25.615,22:36:25.615,0:37.360,1:31.100,1:55.730,294.8,Michael DINAN,,LMGTE Am,,ORT by TF,Aston Martin,GF,37.360,91.100,115.730,
25,1,8,6:05.478,0,,2:21.792,0,1:44.903,0,1:58.783,0,134.2,42:31.093,22:42:31.093,2:21.792,1:44.903,1:58.783,294.8,Ahmad AL HARTHY,0:01:49.945,LMGTE Am,,ORT by TF,Aston Martin,GF,141.792,104.903,118.783,
25,1,9,4:03.234,0,,38.048,0,1:32.258,0,1:52.928,0,201.7,46:34.327,22:46:34.327,0:38.048,1:32.258,1:52.928,292.4,Ahmad AL HARTHY,,LMGTE Am,,ORT by TF,Aston Martin,GF,38.048,92.258,112.928,
25,1,10,4:09.504,0,,37.719,0,1:31.657,1,2:00.128,0,196.6,50:43.831,22:50:43.831,0:37.719,1:31.657,2:00.128,295.6,Ahmad AL HARTHY,,LMGTE Am,,ORT by TF,Aston Martin,GF,37.719,91.657,120.128,
25,1,11,4:08.087,0,,38.956,0,1:32.264,0,1:56.867,0,197.7,54:51.918,22:54:51.918,0:38.956,1:32.264,1:56.867,293.2,Ahmad AL HARTHY,,LMGTE Am,,ORT by TF,Aston Martin,GF,38.956,92.264,116.867,
25,1,12,4:10.590,0,,39.277,0,1:37.053,0,1:54.260,0,195.8,59:02.508,22:59:02.508,0:39.277,1:37.053,1:54.260,294.0,Ahmad AL HARTHY,,LMGTE Am,,ORT by TF,Aston Martin,GF,39.277,97.053,114.260,
25,1,13,4:02.430,0,,37.949,0,1:32.927,0,1:51.554,0,202.3,1:03:04.938,23:03:04.938,0:37.949,1:32.927,1:51.554,257.0,Ahmad AL HARTHY,,LMGTE Am,,ORT by TF,Aston Martin,GF,37.949,92.927,111.554,
25,1,14,4:09.204,0,B,37.738,0,1:32.146,0,1:59.320,0,196.8,1:07:14.142,23:07:14.142,0:37.738,1:32.146,1:59.320,294.0,Ahmad AL HARTHY,,LMGTE Am,,ORT by TF,Aston Martin,GF,37.738,92.146,119.320,
25,3,15,5:44.266,0,,2:16.355,0,1:32.980,0,1:54.931,0,142.5,1:12:58.408,23:12:58.408,2:16.355,1:32.980,1:54.931,294.8,Charlie EASTWOOD,0:01:46.785,LMGTE Am,,ORT by TF,Aston Martin,GF,136.355,92.980,114.931,
25,3,16,3:59.237,0,,37.473,0,1:32.147,0,1:49.617,0,205.0,1:16:57.645,23:16:57.645,0:37.473,1:32.147,1:49.617,293.2,Charlie EASTWOOD,,LMGTE Am,,ORT by TF,Aston Martin,GF,37.473,92.147,109.617,
25,3,17,3:58.273,0,,37.497,0,1:31.593,0,1:49.183,0,205.9,1:20:55.918,23:20:55.918,0:37.497,1:31.593,1:49.183,294.8,Charlie EASTWOOD,,LMGTE Am,,ORT by TF,Aston Martin,GF,37.497,91.593,109.183,
25,3,18,3:57.622,0,,37.428,0,1:30.663,1,1:49.531,0,206.4,1:24:53.540,23:24:53.540,0:37.428,1:30.663,1:49.531,295.6,Charlie EASTWOOD,,LMGTE Am,,ORT by TF,Aston Martin,GF,37.428,90.663,109.531,
25,3,19,3:56.219,2,,37.170,1,1:30.935,0,1:48.114,2,207.7,1:28:49.759,23:28:49.759,0:37.170,1:30.935,1:48.114,293.2,Charlie EASTWOOD,,LMGTE Am,,ORT by TF,Aston Martin,GF,37.170,90.935,108.114,
25,3,20,4:02.459,0,B,37.328,0,1:30.703,0,1:54.428,0,202.3,1:32:52.218,23:32:52.218,0:37.328,1:30.703,1:54.428,295.6,Charlie EASTWOOD,,LMGTE Am,,ORT by TF,Aston Martin,GF,37.328,90.703,114.428,
25,2,21,5:15.092,0,,1:52.934,0,1:32.033,0,1:50.125,0,155.7,1:38:07.310,23:38:07.310,1:52.934,1:32.033,1:50.125,290.8,Michael DINAN,0:01:25.934,LMGTE Am,,ORT by TF,Aston Martin,GF,112.934,92.033,110.125,
25,2,22,3:57.529,0,,37.334,0,1:30.975,0,1:49.220,1,206.5,1:42:04.839,23:42:04.839,0:37.334,1:30.975,1:49.220,294.8,Michael DINAN,,LMGTE Am,,ORT by TF,Aston Martin,GF,37.334,90.975,109.220,
25,2,23,4:02.706,0,B,37.094,0,1:30.405,2,1:55.207,0,202.1,1:46:07.545,23:46:07.545,0:37.094,1:30.405,1:55.207,294.8,Michael DINAN,,LMGTE Am,,ORT by TF,Aston Martin,GF,37.094,90.405,115.207,
25,1,24,5:18.730,0,,1:50.498,0,1:36.285,0,1:51.947,0,153.9,1:51:26.275,23:51:26.275,1:50.498,1:36.285,1:51.947,295.6,Ahmad AL HARTHY,0:01:23.346,LMGTE Am,,ORT by TF,Aston Martin,GF,110.498,96.285,111.947,
25,1,25,4:02.761,0,,37.597,0,1:33.902,0,1:51.262,0,202.1,1:55:29.036,23:55:29.036,0:37.597,1:33.902,1:51.262,293.2,Ahmad AL HARTHY,,LMGTE Am,,ORT by TF,Aston Martin,GF,37.597,93.902,111.262,
25,1,26,4:00.115,0,,37.524,1,1:31.754,0,1:50.837,0,204.3,1:59:29.151,23:59:29.151,0:37.524,1:31.754,1:50.837,294.8,Ahmad AL HARTHY,,LMGTE Am,,ORT by TF,Aston Martin,GF,37.524,91.754,110.837,
25,1,27,3:59.337,0,,37.588,0,1:31.698,0,1:50.051,1,205.0,2:03:28.488,00:03:28.488,0:37.588,1:31.698,1:50.051,293.2,Ahmad AL HARTHY,,LMGTE Am,,ORT by TF,Aston Martin,FF,37.588,91.698,110.051,
28,3,1,18:43.104,0,,15:32.677,0,1:28.418,0,1:42.009,0,43.2,18:43.104,22:18:43.104,15:32.677,1:28.418,1:42.009,312.7,Pietro FITTIPALDI,0:14:58.314,LMP2,,JOTA,Oreca,GF,932.677,88.418,102.009,
28,3,2,3:37.855,2,,34.182,2,1:24.395,0,1:39.278,2,225.2,22:20.959,22:22:20.959,0:34.182,1:24.395,1:39.278,313.6,Pietro FITTIPALDI,,LMP2,,JOTA,Oreca,GF,34.182,84.395,99.278,
28,3,3,3:38.719,0,,34.471,0,1:24.370,2,1:39.878,0,224.3,25:59.678,22:25:59.678,0:34.471,1:24.370,1:39.878,322.0,Pietro FITTIPALDI,,LMP2,,JOTA,Oreca,GF,34.471,84.370,99.878,
28,3,4,3:39.755,0,,34.679,0,1:25.065,0,1:40.011,0,223.2,29:39.433,22:29:39.433,0:34.679,1:25.065,1:40.011,322.0,Pietro FITTIPALDI,,LMP2,,JOTA,Oreca,GF,34.679,85.065,100.011,
28,3,5,3:48.645,0,B,35.217,0,1:25.251,0,1:48.177,0,214.5,33:28.078,22:33:28.078,0:35.217,1:25.251,1:48.177,316.3,Pietro FITTIPALDI,,LMP2,,JOTA,Oreca,GF,35.217,85.251,108.177,
28,1,6,4:54.146,0,,1:37.252,0,1:32.409,0,1:44.485,0,166.8,38:22.224,22:38:22.224,1:37.252,1:32.409,1:44.485,306.5,David HEINEMEIER-HANSSON,0:01:11.988,LMP2,,JOTA,Oreca,GF,97.252,92.409,104.485,
28,1,7,3:45.516,0,,35.396,0,1:27.558,0,1:42.562,0,217.5,42:07.740,22:42:07.740,0:35.396,1:27.558,1:42.562,313.6,David HEINEMEIER-HANSSON,,LMP2,,JOTA,Oreca,GF,35.396,87.558,102.562,
28,1,8,3:44.951,0,,34.793,0,1:25.892,0,1:44.266,0,218.1,45:52.691,22:45:52.691,0:34.793,1:25.892,1:44.266,312.7,David HEINEMEIER-HANSSON,,LMP2,,JOTA,Oreca,GF,34.793,85.892,104.266,
28,1,9,3:44.325,0,,35.506,0,1:25.947,0,1:42.872,0,218.7,49:37.016,22:49:37.016,0:35.506,1:25.947,1:42.872,314.5,David HEINEMEIER-HANSSON,,LMP2,,JOTA,Oreca,GF,35.506,85.947,102.872,
28,1,10,3:41.839,0,,34.832,0,1:25.184,0,1:41.823,0,221.1,53:18.855,22:53:18.855,0:34.832,1:25.184,1:41.823,311.8,David HEINEMEIER-HANSSON,,LMP2,,JOTA,Oreca,GF,34.832,85.184,101.823,
28,1,11,3:41.529,0,,34.617,1,1:25.471,0,1:41.441,0,221.4,57:00.384,22:57:00.384,0:34.617,1:25.471,1:41.441,314.5,David HEINEMEIER-HANSSON,,LMP2,,JOTA,Oreca,GF,34.617,85.471,101.441,
28,1,12,3:43.922,0,,34.675,0,1:25.200,0,1:44.047,0,219.1,1:00:44.306,23:00:44.306,0:34.675,1:25.200,1:44.047,314.5,David HEINEMEIER-HANSSON,,LMP2,,JOTA,Oreca,GF,34.675,85.200,104.047,
28,1,13,3:41.523,0,,34.619,0,1:25.260,0,1:41.644,1,221.4,1:04:25.829,23:04:25.829,0:34.619,1:25.260,1:41.644,314.5,David HEINEMEIER-HANSSON,,LMP2,,JOTA,Oreca,GF,34.619,85.260,101.644,
28,1,14,3:43.323,0,,35.017,0,1:25.919,0,1:42.387,0,219.7,1:08:09.152,23:08:09.152,0:35.017,1:25.919,1:42.387,301.3,David HEINEMEIER-HANSSON,,LMP2,,JOTA,Oreca,GF,35.017,85.919,102.387,
28,1,15,3:46.003,0,,37.616,0,1:26.482,0,1:41.905,0,217.0,1:11:55.155,23:11:55.155,0:37.616,1:26.482,1:41.905,309.1,David HEINEMEIER-HANSSON,,LMP2,,JOTA,Oreca,GF,37.616,86.482,101.905,
28,1,16,3:48.776,0,B,34.891,0,1:24.809,1,1:49.076,0,214.4,1:15:43.931,23:15:43.931,0:34.891,1:24.809,1:49.076,313.6,David HEINEMEIER-HANSSON,,LMP2,,JOTA,Oreca,GF,34.891,84.809,109.076,
28,2,17,11:25.307,0,,8:17.291,0,1:26.326,0,1:41.690,0,71.6,1:27:09.238,23:27:09.238,8:17.291,1:26.326,1:41.690,313.6,Oliver RASMUSSEN,0:07:51.637,LMP2,,JOTA,Oreca,GF,497.291,86.326,101.690,
28,2,18,3:40.262,0,,34.699,0,1:25.022,0,1:40.541,1,222.7,1:30:49.500,23:30:49.500,0:34.699,1:25.022,1:40.541,313.6,Oliver RASMUSSEN,,LMP2,,JOTA,Oreca,GF,34.699,85.022,100.541,
28,2,19,3:39.511,0,,34.370,1,1:24.491,1,1:40.650,0,223.5,1:34:29.011,23:34:29.011,0:34.370,1:24.491,1:40.650,314.5,Oliver RASMUSSEN,,LMP2,,JOTA,Oreca,GF,34.370,84.491,100.650,
28,2,20,3:40.591,0,,34.507,0,1:25.252,0,1:40.832,0,222.4,1:38:09.602,23:38:09.602,0:34.507,1:25.252,1:40.832,316.3,Oliver RASMUSSEN,,LMP2,,JOTA,Oreca,GF,34.507,85.252,100.832,
28,2,21,3:48.119,0,B,34.837,0,1:24.906,0,1:48.376,0,215.0,1:41:57.721,23:41:57.721,0:34.837,1:24.906,1:48.376,316.3,Oliver RASMUSSEN,,LMP2,,JOTA,Oreca,GF,34.837,84.906,108.376,
28,1,22,4:46.977,0,,1:38.980,0,1:25.603,0,1:42.394,0,170.9,1:46:44.698,23:46:44.698,1:38.980,1:25.603,1:42.394,312.7,David HEINEMEIER-HANSSON,0:01:14.705,LMP2,,JOTA,Oreca,GF,98.980,85.603,102.394,
28,1,23,3:43.354,0,,35.750,0,1:25.881,0,1:41.723,0,219.6,1:50:28.052,23:50:28.052,0:35.750,1:25.881,1:41.723,315.4,David HEINEMEIER-HANSSON,,LMP2,,JOTA,Oreca,GF,35.750,85.881,101.723,
28,1,24,3:42.489,0,,34.729,0,1:25.918,0,1:41.842,0,220.5,1:54:10.541,23:54:10.541,0:34.729,1:25.918,1:41.842,304.7,David HEINEMEIER-HANSSON,,LMP2,,JOTA,Oreca,GF,34.729,85.918,101.842,
28,1,25,3:43.065,0,,34.989,0,1:25.307,0,1:42.769,0,219.9,1:57:53.606,23:57:53.606,0:34.989,1:25.307,1:42.769,318.2,David HEINEMEIER-HANSSON,,LMP2,,JOTA,Oreca,GF,34.989,85.307,102.769,
28,1,26,3:43.263,0,,35.649,0,1:25.778,0,1:41.836,0,219.7,2:01:36.869,00:01:36.869,0:35.649,1:25.778,1:41.836,314.5,David HEINEMEIER-HANSSON,,LMP2,,JOTA,Oreca,FF,35.649,85.778,101.836,
3,2,1,15:14.097,0,,12:11.250,0,1:23.491,0,1:39.356,0,53.1,15:14.097,22:15:14.097,12:11.250,1:23.491,1:39.356,324.9,Renger VAN DER ZANDE,0:11:36.314,HYPERCAR,H,Cadillac Racing,Cadillac,GF,731.250,83.491,99.356,
3,2,2,3:35.868,0,,33.638,0,1:22.084,0,1:40.146,0,227.2,18:49.965,22:18:49.965,0:33.638,1:22.084,1:40.146,330.8,Renger VAN DER ZANDE,,HYPERCAR,H,Cadillac Racing,Cadillac,GF,33.638,82.084,100.146,
3,2,3,3:31.966,0,,33.182,0,1:20.907,0,1:37.877,0,231.4,22:21.931,22:22:21.931,0:33.182,1:20.907,1:37.877,329.8,Renger VAN DER ZANDE,,HYPERCAR,H,Cadillac Racing,Cadillac,GF,33.182,80.907,97.877,
3,2,4,3:32.515,0,,33.872,0,1:21.543,0,1:37.100,0,230.8,25:54.446,22:25:54.446,0:33.872,1:21.543,1:37.100,333.9,Renger VAN DER ZANDE,,HYPERCAR,H,Cadillac Racing,Cadillac,GF,33.872,81.543,97.100,
3,2,5,3:37.279,0,,36.654,0,1:22.688,0,1:37.937,0,225.8,29:31.725,22:29:31.725,0:36.654,1:22.688,1:37.937,329.8,Renger VAN DER ZANDE,,HYPERCAR,H,Cadillac Racing,Cadillac,GF,36.654,82.688,97.937,
3,2,6,3:40.402,0,B,33.354,0,1:21.788,0,1:45.260,0,222.6,33:12.127,22:33:12.127,0:33.354,1:21.788,1:45.260,329.8,Renger VAN DER ZANDE,,HYPERCAR,H,Cadillac Racing,Cadillac,GF,33.354,81.788,105.260,
3,3,7,5:26.181,0,,2:20.800,0,1:24.016,0,1:41.365,0,150.4,38:38.308,22:38:38.308,2:20.800,1:24.016,1:41.365,333.9,Scott DIXON,0:01:54.740,HYPERCAR,H,Cadillac Racing,Cadillac,GF,140.800,84.016,101.365,
3,3,8,3:36.895,0,,34.660,0,1:22.371,0,1:39.864,0,226.2,42:15.203,22:42:15.203,0:34.660,1:22.371,1:39.864,327.8,Scott DIXON,,HYPERCAR,H,Cadillac Racing,Cadillac,GF,34.660,82.371,99.864,
3,3,9,3:37.805,0,,33.840,0,1:22.188,0,1:41.777,0,225.2,45:53.008,22:45:53.008,0:33.840,1:22.188,1:41.777,326.8,Scott DIXON,,HYPERCAR,H,Cadillac Racing,Cadillac,GF,33.840,82.188,101.777,
3,3,10,3:33.001,0,,33.588,1,1:21.506,1,1:37.907,1,230.3,49:26.009,22:49:26.009,0:33.588,1:21.506,1:37.907,328.8,Scott DIXON,,HYPERCAR,H,Cadillac Racing,Cadillac,GF,33.588,81.506,97.907,
3,3,11,3:44.674,0,B,34.375,0,1:21.879,0,1:48.420,0,218.3,53:10.683,22:53:10.683,0:34.375,1:21.879,1:48.420,328.8,Scott DIXON,,HYPERCAR,H,Cadillac Racing,Cadillac,GF,34.375,81.879,108.420,
3,1,12,4:46.132,0,,1:43.986,0,1:23.897,0,1:38.249,0,171.4,57:56.815,22:57:56.815,1:43.986,1:23.897,1:38.249,327.8,Sébastien BOURDAIS,0:01:19.900,HYPERCAR,H,Cadillac Racing,Cadillac,GF,103.986,83.897,98.249,
3,1,13,3:33.416,0,,33.728,0,1:21.980,0,1:37.708,0,229.8,1:01:30.231,23:01:30.231,0:33.728,1:21.980,1:37.708,326.8,Sébastien BOURDAIS,,HYPERCAR,H,Cadillac Racing,Cadillac,GF,33.728,81.980,97.708,
3,1,14,3:30.435,0,,33.204,0,1:20.960,0,1:36.271,2,233.1,1:05:00.666,23:05:00.666,0:33.204,1:20.960,1:36.271,329.8,Sébastien BOURDAIS,,HYPERCAR,H,Cadillac Racing,Cadillac,GF,33.204,80.960,96.271,
3,1,15,3:31.714,0,,32.980,2,1:20.731,1,1:38.003,0,231.7,1:08:32.380,23:08:32.380,0:32.980,1:20.731,1:38.003,327.8,Sébastien BOURDAIS,,HYPERCAR,H,Cadillac Racing,Cadillac,GF,32.980,80.731,98.003,
3,1,16,3:39.810,0,B,33.670,0,1:22.124,0,1:44.016,0,223.2,1:12:12.190,23:12:12.190,0:33.670,1:22.124,1:44.016,333.9,Sébastien BOURDAIS,,HYPERCAR,H,Cadillac Racing,Cadillac,GF,33.670,82.124,104.016,
3,2,17,5:10.007,0,,2:09.301,0,1:22.626,0,1:38.080,0,158.2,1:17:22.197,23:17:22.197,2:09.301,1:22.626,1:38.080,325.8,Renger VAN DER ZANDE,0:01:44.266,HYPERCAR,H,Cadillac Racing,Cadillac,GF,129.301,82.626,98.080,
3,2,18,3:34.780,0,,33.623,0,1:21.581,0,1:39.576,0,228.4,1:20:56.977,23:20:56.977,0:33.623,1:21.581,1:39.576,327.8,Renger VAN DER ZANDE,,HYPERCAR,H,Cadillac Racing,Cadillac,GF,33.623,81.581,99.576,
3,2,19,3:33.150,0,,33.420,0,1:21.294,0,1:38.436,0,230.1,1:24:30.127,23:24:30.127,0:33.420,1:21.294,1:38.436,328.8,Renger VAN DER ZANDE,,HYPERCAR,H,Cadillac Racing,Cadillac,GF,33.420,81.294,98.436,
3,2,20,3:40.261,0,B,33.566,0,1:21.478,0,1:45.217,0,222.7,1:28:10.388,23:28:10.388,0:33.566,1:21.478,1:45.217,325.8,Renger VAN DER ZANDE,,HYPERCAR,H,Cadillac Racing,Cadillac,GF,33.566,81.478,105.217,
3,2,21,5:29.947,0,,2:28.034,0,1:22.171,0,1:39.742,0,148.7,1:33:40.335,23:33:40.335,2:28.034,1:22.171,1:39.742,290.0,Renger VAN DER ZANDE,0:02:02.981,HYPERCAR,H,Cadillac Racing,Cadillac,GF,148.034,82.171,99.742,
3,2,22,3:30.796,0,,33.169,0,1:20.944,0,1:36.683,0,232.7,1:37:11.131,23:37:11.131,0:33.169,1:20.944,1:36.683,327.8,Renger VAN DER ZANDE,,HYPERCAR,H,Cadillac Racing,Cadillac,GF,33.169,80.944,96.683,
3,2,23,3:33.463,0,,34.112,0,1:21.395,0,1:37.956,0,229.8,1:40:44.594,23:40:44.594,0:34.112,1:21.395,1:37.956,329.8,Renger VAN DER ZANDE,,HYPERCAR,H,Cadillac Racing,Cadillac,GF,34.112,81.395,97.956,
3,2,24,3:30.238,2,,33.018,1,1:20.786,0,1:36.434,1,233.3,1:44:14.832,23:44:14.832,0:33.018,1:20.786,1:36.434,328.8,Renger VAN DER ZANDE,,HYPERCAR,H,Cadillac Racing,Cadillac,GF,33.018,80.786,96.434,
3,2,25,3:31.265,0,,33.338,0,1:20.418,0,1:37.509,0,232.2,1:47:46.097,23:47:46.097,0:33.338,1:20.418,1:37.509,329.8,Renger VAN DER ZANDE,,HYPERCAR,H,Cadillac Racing,Cadillac,GF,33.338,80.418,97.509,
3,2,26,3:32.518,0,,33.261,0,1:21.190,0,1:38.067,0,230.8,1:51:18.615,23:51:18.615,0:33.261,1:21.190,1:38.067,329.8,Renger VAN DER ZANDE,,HYPERCAR,H,Cadillac Racing,Cadillac,GF,33.261,81.190,98.067,
3,2,27,3:31.350,0,,33.313,0,1:20.815,0,1:37.222,0,232.1,1:54:49.965,23:54:49.965,0:33.313,1:20.815,1:37.222,329.8,Renger VAN DER ZANDE,,HYPERCAR,H,Cadillac Racing,Cadillac,GF,33.313,80.815,97.222,
3,2,28,3:30.545,0,,33.247,0,1:20.548,0,1:36.750,0,233.0,1:58:20.510,23:58:20.510,0:33.247,1:20.548,1:36.750,329.8,Renger VAN DER ZANDE,,HYPERCAR,H,Cadillac Racing,Cadillac,GF,33.247,80.548,96.750,
3,2,29,3:42.337,0,B,33.034,0,1:20.341,2,1:48.962,0,220.6,2:02:02.847,00:02:02.847,0:33.034,1:20.341,1:48.962,329.8,Renger VAN DER ZANDE,,HYPERCAR,H,Cadillac Racing,Cadillac,FF,33.034,80.341,108.962,
30,3,1,1:18:38.169,0,,1:15:29.429,0,1:26.208,0,1:42.532,0,10.3,1:18:38.169,23:18:38.169,1:15:29.429,1:26.208,1:42.532,310.9,Nicolas PINO,1:14:54.784,LMP2,,Duqueine Team,Oreca,GF,4529.429,86.208,102.532,
30,3,2,3:42.373,0,,35.288,0,1:25.386,1,1:41.699,0,220.6,1:22:20.542,23:22:20.542,0:35.288,1:25.386,1:41.699,312.7,Nicolas PINO,,LMP2,,Duqueine Team,Oreca,GF,35.288,85.386,101.699,
30,3,3,3:44.021,0,,34.703,0,1:24.581,0,1:44.737,0,219.0,1:26:04.563,23:26:04.563,0:34.703,1:24.581,1:44.737,314.5,Nicolas PINO,,LMP2,,Duqueine Team,Oreca,GF,34.703,84.581,104.737,
30,3,4,3:39.642,0,,34.403,2,1:24.496,0,1:40.743,1,223.3,1:29:44.205,23:29:44.205,0:34.403,1:24.496,1:40.743,314.5,Nicolas PINO,,LMP2,,Duqueine Team,Oreca,GF,34.403,84.496,100.743,
30,3,5,3:50.476,0,B,35.899,0,1:25.853,0,1:48.724,0,212.8,1:33:34.681,23:33:34.681,0:35.899,1:25.853,1:48.724,314.5,Nicolas PINO,,LMP2,,Duqueine Team,Oreca,GF,35.899,85.853,108.724,
30,2,6,4:55.748,0,,1:44.265,0,1:28.491,0,1:42.992,0,165.9,1:38:30.429,23:38:30.429,1:44.265,1:28.491,1:42.992,284.7,René BINDER,0:01:17.469,LMP2,,Duqueine Team,Oreca,GF,104.265,88.491,102.992,
30,2,7,3:40.801,0,,34.725,0,1:25.304,0,1:40.772,0,222.2,1:42:11.230,23:42:11.230,0:34.725,1:25.304,1:40.772,289.3,René BINDER,,LMP2,,Duqueine Team,Oreca,GF,34.725,85.304,100.772,
30,2,8,3:40.272,2,,34.896,0,1:24.892,0,1:40.484,2,222.7,1:45:51.502,23:45:51.502,0:34.896,1:24.892,1:40.484,318.2,René BINDER,,LMP2,,Duqueine Team,Oreca,GF,34.896,84.892,100.484,
30,2,9,3:40.637,0,,34.446,1,1:25.526,0,1:40.665,0,222.3,1:49:32.139,23:49:32.139,0:34.446,1:25.526,1:40.665,312.7,René BINDER,,LMP2,,Duqueine Team,Oreca,GF,34.446,85.526,100.665,
30,2,10,3:47.508,0,B,34.548,0,1:23.989,2,1:48.971,0,215.6,1:53:19.647,23:53:19.647,0:34.548,1:23.989,1:48.971,318.2,René BINDER,,LMP2,,Duqueine Team,Oreca,GF,34.548,83.989,108.971,
30,1,11,4:58.355,0,,1:49.808,0,1:25.864,0,1:42.683,0,164.4,1:58:18.002,23:58:18.002,1:49.808,1:25.864,1:42.683,313.6,Neel JANI,0:01:23.653,LMP2,,Duqueine Team,Oreca,GF,109.808,85.864,102.683,
30,1,12,3:40.858,0,,34.654,1,1:24.843,1,1:41.361,1,222.1,2:01:58.860,00:01:58.860,0:34.654,1:24.843,1:41.361,315.4,Neel JANI,,LMP2,,Duqueine Team,Oreca,FF,34.654,84.843,101.361,
31,3,1,10:16.111,0,,6:53.786,0,1:36.699,0,1:45.626,0,78.8,10:16.111,22:10:16.111,6:53.786,1:36.699,1:45.626,200.7,Robin FRIJNS,0:06:14.568,LMP2,,Team WRT,Oreca,GF,413.786,96.699,105.626,
31,3,2,3:48.780,0,,36.556,0,1:28.786,0,1:43.438,0,214.4,14:04.891,22:14:04.891,0:36.556,1:28.786,1:43.438,316.3,Robin FRIJNS,,LMP2,,Team WRT,Oreca,GF,36.556,88.786,103.438,
31,3,3,3:45.473,0,,34.954,0,1:27.515,1,1:43.004,0,217.6,17:50.364,22:17:50.364,0:34.954,1:27.515,1:43.004,313.6,Robin FRIJNS,,LMP2,,Team WRT,Oreca,GF,34.954,87.515,103.004,
31,3,4,3:41.283,0,,34.396,2,1:25.233,0,1:41.654,1,221.7,21:31.647,22:21:31.647,0:34.396,1:25.233,1:41.654,314.5,Robin FRIJNS,,LMP2,,Team WRT,Oreca,GF,34.396,85.233,101.654,
31,3,5,3:43.456,0,,34.868,0,1:25.157,0,1:43.431,0,219.5,25:15.103,22:25:15.103,0:34.868,1:25.157,1:43.431,314.5,Robin FRIJNS,,LMP2,,Team WRT,Oreca,GF,34.868,85.157,103.431,
31,3,6,4:01.921,0,B,34.547,0,1:29.421,0,1:57.953,0,202.8,29:17.024,22:29:17.024,0:34.547,1:29.421,1:57.953,252.8,Robin FRIJNS,,LMP2,,Team WRT,Oreca,GF,34.547,89.421,117.953,
31,2,7,13:51.736,0,,10:42.448,0,1:26.762,0,1:42.526,0,59.0,43:08.760,22:43:08.760,10:42.448,1:26.762,1:42.526,309.1,Ferdinand HABSBURG,0:10:16.837,LMP2,,Team WRT,Oreca,GF,642.448,86.762,102.526,
31,2,8,3:44.869,0,,34.608,0,1:26.213,0,1:44.048,0,218.1,46:53.629,22:46:53.629,0:34.608,1:26.213,1:44.048,316.3,Ferdinand HABSBURG,,LMP2,,Team WRT,Oreca,GF,34.608,86.213,104.048,
31,2,9,3:45.612,0,,35.082,0,1:25.616,0,1:44.914,0,217.4,50:39.241,22:50:39.241,0:35.082,1:25.616,1:44.914,318.2,Ferdinand HABSBURG,,LMP2,,Team WRT,Oreca,GF,35.082,85.616,104.914,
31,2,10,3:42.631,0,,35.391,0,1:25.947,0,1:41.293,0,220.3,54:21.872,22:54:21.872,0:35.391,1:25.947,1:41.293,312.7,Ferdinand HABSBURG,,LMP2,,Team WRT,Oreca,GF,35.391,85.947,101.293,
31,2,11,3:40.876,0,,35.225,0,1:25.034,0,1:40.617,0,222.1,58:02.748,22:58:02.748,0:35.225,1:25.034,1:40.617,313.6,Ferdinand HABSBURG,,LMP2,,Team WRT,Oreca,GF,35.225,85.034,100.617,
31,2,12,3:39.818,2,,34.670,0,1:24.887,0,1:40.261,2,223.2,1:01:42.566,23:01:42.566,0:34.670,1:24.887,1:40.261,310.0,Ferdinand HABSBURG,,LMP2,,Team WRT,Oreca,GF,34.670,84.887,100.261,
31,2,13,3:42.487,0,,35.705,0,1:25.409,0,1:41.373,0,220.5,1:05:25.053,23:05:25.053,0:35.705,1:25.409,1:41.373,316.3,Ferdinand HABSBURG,,LMP2,,Team WRT,Oreca,GF,35.705,85.409,101.373,
31,2,14,3:40.573,0,,34.724,0,1:24.838,0,1:41.011,0,222.4,1:09:05.626,23:09:05.626,0:34.724,1:24.838,1:41.011,316.3,Ferdinand HABSBURG,,LMP2,,Team WRT,Oreca,GF,34.724,84.838,101.011,
31,2,15,3:47.067,0,B,35.108,0,1:25.293,0,1:46.666,0,216.0,1:12:52.693,23:12:52.693,0:35.108,1:25.293,1:46.666,307.3,Ferdinand HABSBURG,,LMP2,,Team WRT,Oreca,GF,35.108,85.293,106.666,
31,2,16,5:47.475,0,,2:35.450,0,1:30.409,0,1:41.616,0,141.2,1:18:40.168,23:18:40.168,2:35.450,1:30.409,1:41.616,298.0,Ferdinand HABSBURG,0:02:07.864,LMP2,,Team WRT,Oreca,GF,155.450,90.409,101.616,
31,2,17,3:40.795,0,,34.431,1,1:24.477,0,1:41.887,0,222.2,1:22:20.963,23:22:20.963,0:34.431,1:24.477,1:41.887,314.5,Ferdinand HABSBURG,,LMP2,,Team WRT,Oreca,GF,34.431,84.477,101.887,
31,2,18,3:49.722,0,B,34.828,0,1:24.400,2,1:50.494,0,213.5,1:26:10.685,23:26:10.685,0:34.828,1:24.400,1:50.494,315.4,Ferdinand HABSBURG,,LMP2,,Team WRT,Oreca,GF,34.828,84.400,110.494,
31,1,19,6:41.233,0,,3:29.885,0,1:27.228,0,1:44.120,0,122.3,1:32:51.918,23:32:51.918,3:29.885,1:27.228,1:44.120,310.0,Sean GELAEL,0:03:04.573,LMP2,,Team WRT,Oreca,GF,209.885,87.228,104.120,
31,1,20,3:43.209,0,,35.073,0,1:26.103,0,1:42.033,0,219.8,1:36:35.127,23:36:35.127,0:35.073,1:26.103,1:42.033,310.0,Sean GELAEL,,LMP2,,Team WRT,Oreca,GF,35.073,86.103,102.033,
31,1,21,3:42.001,0,,34.834,0,1:25.492,0,1:41.675,0,221.0,1:40:17.128,23:40:17.128,0:34.834,1:25.492,1:41.675,312.7,Sean GELAEL,,LMP2,,Team WRT,Oreca,GF,34.834,85.492,101.675,
31,1,22,3:42.362,0,,35.206,0,1:25.742,0,1:41.414,1,220.6,1:43:59.490,23:43:59.490,0:35.206,1:25.742,1:41.414,312.7,Sean GELAEL,,LMP2,,Team WRT,Oreca,GF,35.206,85.742,101.414,
31,1,23,3:42.368,0,,34.689,0,1:25.314,0,1:42.365,0,220.6,1:47:41.858,23:47:41.858,0:34.689,1:25.314,1:42.365,313.6,Sean GELAEL,,LMP2,,Team WRT,Oreca,GF,34.689,85.314,102.365,
31,1,24,3:41.385,0,,34.606,1,1:25.006,1,1:41.773,0,221.6,1:51:23.243,23:51:23.243,0:34.606,1:25.006,1:41.773,311.8,Sean GELAEL,,LMP2,,Team WRT,Oreca,GF,34.606,85.006,101.773,
31,1,25,3:43.497,0,,35.175,0,1:25.569,0,1:42.753,0,219.5,1:55:06.740,23:55:06.740,0:35.175,1:25.569,1:42.753,300.5,Sean GELAEL,,LMP2,,Team WRT,Oreca,GF,35.175,85.569,102.753,
31,1,26,3:40.591,0,,34.635,0,1:25.099,0,1:40.857,0,222.4,1:58:47.331,23:58:47.331,0:34.635,1:25.099,1:40.857,312.7,Sean GELAEL,,LMP2,,Team WRT,Oreca,GF,34.635,85.099,100.857,
31,1,27,3:43.411,0,,35.402,0,1:25.757,0,1:42.252,0,219.6,2:02:30.742,00:02:30.742,0:35.402,1:25.757,1:42.252,310.0,Sean GELAEL,,LMP2,,Team WRT,Oreca,FF,35.402,85.757,102.252,
311,1,1,19:46.609,0,,16:45.938,0,1:22.787,0,1:37.884,0,40.9,19:46.609,22:19:46.609,16:45.938,1:22.787,1:37.884,324.9,Luis Felipe DERANI,0:16:12.375,HYPERCAR,H,Action Express Racing,Cadillac,GF,1005.938,82.787,97.884,
311,1,2,3:31.121,0,,32.858,1,1:20.448,0,1:37.815,0,232.3,23:17.730,22:23:17.730,0:32.858,1:20.448,1:37.815,328.8,Luis Felipe DERANI,,HYPERCAR,H,Action Express Racing,Cadillac,GF,32.858,80.448,97.815,
311,1,3,3:32.505,0,,33.084,0,1:22.191,0,1:37.230,1,230.8,26:50.235,22:26:50.235,0:33.084,1:22.191,1:37.230,332.9,Luis Felipe DERANI,,HYPERCAR,H,Action Express Racing,Cadillac,GF,33.084,82.191,97.230,
311,1,4,3:30.895,0,,33.081,0,1:20.444,1,1:37.370,0,232.6,30:21.130,22:30:21.130,0:33.081,1:20.444,1:37.370,327.8,Luis Felipe DERANI,,HYPERCAR,H,Action Express Racing,Cadillac,GF,33.081,80.444,97.370,
311,1,5,3:42.028,0,B,33.507,0,1:22.654,0,1:45.867,0,220.9,34:03.158,22:34:03.158,0:33.507,1:22.654,1:45.867,326.8,Luis Felipe DERANI,,HYPERCAR,H,Action Express Racing,Cadillac,GF,33.507,82.654,105.867,
311,2,6,11:10.390,0,,8:10.345,0,1:21.707,0,1:38.338,0,73.2,45:13.548,22:45:13.548,8:10.345,1:21.707,1:38.338,326.8,Alexander SIMS,0:07:46.481,HYPERCAR,H,Action Express Racing,Cadillac,GF,490.345,81.707,98.338,
311,2,7,8:11.413,0,B,33.676,0,1:24.526,0,6:13.211,0,99.8,53:24.961,22:53:24.961,0:33.676,1:24.526,6:13.211,321.0,Alexander SIMS,,HYPERCAR,H,Action Express Racing,Cadillac,GF,33.676,84.526,373.211,
311,2,8,12:49.841,0,,9:41.998,0,1:27.002,0,1:40.841,1,63.7,1:06:14.802,23:06:14.802,9:41.998,1:27.002,1:40.841,275.3,Alexander SIMS,0:09:18.835,HYPERCAR,H,Action Express Racing,Cadillac,GF,581.998,87.002,100.841,
311,2,9,3:39.720,0,,33.439,0,1:22.231,0,1:44.050,0,223.3,1:09:54.522,23:09:54.522,0:33.439,1:22.231,1:44.050,325.8,Alexander SIMS,,HYPERCAR,H,Action Express Racing,Cadillac,GF,33.439,82.231,104.050,
311,2,10,3:46.868,0,B,33.312,1,1:21.065,1,1:52.491,0,216.2,1:13:41.390,23:13:41.390,0:33.312,1:21.065,1:52.491,331.8,Alexander SIMS,,HYPERCAR,H,Action Express Racing,Cadillac,GF,33.312,81.065,112.491,
311,3,11,4:39.445,0,,1:40.184,0,1:21.431,0,1:37.830,0,175.5,1:18:20.835,23:18:20.835,1:40.184,1:21.431,1:37.830,322.9,Jack AITKEN,0:01:19.116,HYPERCAR,H,Action Express Racing,Cadillac,GF,100.184,81.431,97.830,
311,3,12,3:29.846,2,,32.758,2,1:20.558,0,1:36.530,2,233.8,1:21:50.681,23:21:50.681,0:32.758,1:20.558,1:36.530,326.8,Jack AITKEN,,HYPERCAR,H,Action Express Racing,Cadillac,GF,32.758,80.558,96.530,
311,3,13,3:31.814,0,,32.832,0,1:21.329,0,1:37.653,0,231.6,1:25:22.495,23:25:22.495,0:32.832,1:21.329,1:37.653,310.0,Jack AITKEN,,HYPERCAR,H,Action Express Racing,Cadillac,GF,32.832,81.329,97.653,
311,3,14,3:31.280,0,,33.444,0,1:20.223,2,1:37.613,0,232.2,1:28:53.775,23:28:53.775,0:33.444,1:20.223,1:37.613,328.8,Jack AITKEN,,HYPERCAR,H,Action Express Racing,Cadillac,GF,33.444,80.223,97.613,
311,3,15,3:38.856,0,B,33.697,0,1:21.867,0,1:43.292,0,224.1,1:32:32.631,23:32:32.631,0:33.697,1:21.867,1:43.292,326.8,Jack AITKEN,,HYPERCAR,H,Action Express Racing,Cadillac,GF,33.697,81.867,103.292,
311,3,16,4:45.659,0,,1:47.637,0,1:21.063,0,1:36.959,0,171.7,1:37:18.290,23:37:18.290,1:47.637,1:21.063,1:36.959,331.8,Jack AITKEN,0:01:24.134,HYPERCAR,H,Action Express Racing,Cadillac,GF,107.637,81.063,96.959,
311,3,17,3:31.741,0,,33.072,0,1:20.628,0,1:38.041,0,231.7,1:40:50.031,23:40:50.031,0:33.072,1:20.628,1:38.041,330.8,Jack AITKEN,,HYPERCAR,H,Action Express Racing,Cadillac,GF,33.072,80.628,98.041,
311,3,18,3:30.224,0,,32.776,0,1:20.960,0,1:36.488,0,233.3,1:44:20.255,23:44:20.255,0:32.776,1:20.960,1:36.488,330.8,Jack AITKEN,,HYPERCAR,H,Action Express Racing,Cadillac,GF,32.776,80.960,96.488,
311,3,19,3:33.321,0,,33.032,0,1:20.617,0,1:39.672,0,230.0,1:47:53.576,23:47:53.576,0:33.032,1:20.617,1:39.672,333.9,Jack AITKEN,,HYPERCAR,H,Action Express Racing,Cadillac,GF,33.032,80.617,99.672,
311,3,20,3:38.798,0,B,34.086,0,1:21.580,0,1:43.132,0,224.2,1:51:32.374,23:51:32.374,0:34.086,1:21.580,1:43.132,324.9,Jack AITKEN,,HYPERCAR,H,Action Express Racing,Cadillac,GF,34.086,81.580,103.132,
32,1,1,9:54.086,0,,6:32.749,0,1:31.266,0,1:50.071,0,81.7,9:54.086,22:09:54.086,6:32.749,1:31.266,1:50.071,306.5,Mark KVAMME,0:05:54.189,LMP2,P/A,Inter Europol Competition,Oreca,GF,392.749,91.266,110.071,
32,1,2,4:08.910,0,B,36.893,0,1:28.705,0,2:03.312,0,197.1,14:02.996,22:14:02.996,0:36.893,1:28.705,2:03.312,310.9,Mark KVAMME,,LMP2,P/A,Inter Europol Competition,Oreca,GF,36.893,88.705,123.312,
32,1,3,5:20.476,0,,2:02.340,0,1:28.985,0,1:49.151,0,153.1,19:23.472,22:19:23.472,2:02.340,1:28.985,1:49.151,312.7,Mark KVAMME,0:01:35.923,LMP2,P/A,Inter Europol Competition,Oreca,GF,122.340,88.985,109.151,
32,1,4,3:54.472,0,,37.688,0,1:28.551,0,1:48.233,0,209.2,23:17.944,22:23:17.944,0:37.688,1:28.551,1:48.233,314.5,Mark KVAMME,,LMP2,P/A,Inter Europol Competition,Oreca,GF,37.688,88.551,108.233,
32,1,5,3:54.095,0,,36.721,0,1:28.880,0,1:48.494,0,209.5,27:12.039,22:27:12.039,0:36.721,1:28.880,1:48.494,312.7,Mark KVAMME,,LMP2,P/A,Inter Europol Competition,Oreca,GF,36.721,88.880,108.494,
32,1,6,3:54.277,0,,37.287,0,1:28.534,0,1:48.456,0,209.4,31:06.316,22:31:06.316,0:37.287,1:28.534,1:48.456,313.6,Mark KVAMME,,LMP2,P/A,Inter Europol Competition,Oreca,GF,37.287,88.534,108.456,
32,1,7,4:05.039,0,B,37.992,0,1:29.550,0,1:57.497,0,200.2,35:11.355,22:35:11.355,0:37.992,1:29.550,1:57.497,303.9,Mark KVAMME,,LMP2,P/A,Inter Europol Competition,Oreca,GF,37.992,89.550,117.497,
32,1,8,7:12.865,0,,3:54.972,0,1:29.448,0,1:48.445,0,113.3,42:24.220,22:42:24.220,3:54.972,1:29.448,1:48.445,310.0,Mark KVAMME,0:03:27.703,LMP2,P/A,Inter Europol Competition,Oreca,GF,234.972,89.448,108.445,
32,1,9,3:53.064,0,,36.809,0,1:28.000,0,1:48.255,0,210.5,46:17.284,22:46:17.284,0:36.809,1:28.000,1:48.255,311.8,Mark KVAMME,,LMP2,P/A,Inter Europol Competition,Oreca,GF,36.809,88.000,108.255,
32,1,10,3:55.220,0,,36.914,0,1:28.706,0,1:49.600,0,208.5,50:12.504,22:50:12.504,0:36.914,1:28.706,1:49.600,311.8,Mark KVAMME,,LMP2,P/A,Inter Europol Competition,Oreca,GF,36.914,88.706,109.600,
32,1,11,4:05.216,0,B,37.874,0,1:29.828,0,1:57.514,0,200.0,54:17.720,22:54:17.720,0:37.874,1:29.828,1:57.514,310.9,Mark KVAMME,,LMP2,P/A,Inter Europol Competition,Oreca,GF,37.874,89.828,117.514,
32,2,12,6:00.104,0,,2:46.472,0,1:28.225,0,1:45.407,0,136.2,1:00:17.824,23:00:17.824,2:46.472,1:28.225,1:45.407,298.0,Jan MAGNUSSEN,0:02:19.790,LMP2,P/A,Inter Europol Competition,Oreca,GF,166.472,88.225,105.407,
32,2,13,3:50.747,0,,36.132,0,1:30.140,0,1:44.475,0,212.6,1:04:08.571,23:04:08.571,0:36.132,1:30.140,1:44.475,315.4,Jan MAGNUSSEN,,LMP2,P/A,Inter Europol Competition,Oreca,GF,36.132,90.140,104.475,
32,2,14,3:48.615,0,,35.478,0,1:29.488,0,1:43.649,0,214.6,1:07:57.186,23:07:57.186,0:35.478,1:29.488,1:43.649,315.4,Jan MAGNUSSEN,,LMP2,P/A,Inter Europol Competition,Oreca,GF,35.478,89.488,103.649,
32,2,15,3:45.741,0,,35.413,0,1:26.363,0,1:43.965,0,217.3,1:11:42.927,23:11:42.927,0:35.413,1:26.363,1:43.965,313.6,Jan MAGNUSSEN,,LMP2,P/A,Inter Europol Competition,Oreca,GF,35.413,86.363,103.965,
32,2,16,3:46.559,0,,36.165,0,1:26.510,0,1:43.884,0,216.5,1:15:29.486,23:15:29.486,0:36.165,1:26.510,1:43.884,315.4,Jan MAGNUSSEN,,LMP2,P/A,Inter Europol Competition,Oreca,GF,36.165,86.510,103.884,
32,2,17,3:44.238,0,,35.501,0,1:26.076,0,1:42.661,0,218.8,1:19:13.724,23:19:13.724,0:35.501,1:26.076,1:42.661,311.8,Jan MAGNUSSEN,,LMP2,P/A,Inter Europol Competition,Oreca,GF,35.501,86.076,102.661,
32,2,18,3:46.633,0,,35.541,0,1:26.319,0,1:44.773,0,216.4,1:23:00.357,23:23:00.357,0:35.541,1:26.319,1:44.773,310.9,Jan MAGNUSSEN,,LMP2,P/A,Inter Europol Competition,Oreca,GF,35.541,86.319,104.773,
32,2,19,3:42.133,2,,34.830,2,1:25.460,2,1:41.843,2,220.8,1:26:42.490,23:26:42.490,0:34.830,1:25.460,1:41.843,314.5,Jan MAGNUSSEN,,LMP2,P/A,Inter Europol Competition,Oreca,GF,34.830,85.460,101.843,
32,2,20,3:49.085,0,B,34.876,0,1:25.469,0,1:48.740,0,214.1,1:30:31.575,23:30:31.575,0:34.876,1:25.469,1:48.740,312.7,Jan MAGNUSSEN,,LMP2,P/A,Inter Europol Competition,Oreca,GF,34.876,85.469,108.740,
32,1,21,6:34.231,0,,3:14.116,0,1:29.515,0,1:50.600,0,124.4,1:37:05.806,23:37:05.806,3:14.116,1:29.515,1:50.600,310.9,Mark KVAMME,0:02:46.153,LMP2,P/A,Inter Europol Competition,Oreca,GF,194.116,89.515,110.600,
32,1,22,3:53.189,0,,36.159,1,1:28.747,0,1:48.283,0,210.4,1:40:58.995,23:40:58.995,0:36.159,1:28.747,1:48.283,310.9,Mark KVAMME,,LMP2,P/A,Inter Europol Competition,Oreca,GF,36.159,88.747,108.283,
32,1,23,3:52.511,0,,36.362,0,1:28.747,0,1:47.402,0,211.0,1:44:51.506,23:44:51.506,0:36.362,1:28.747,1:47.402,310.9,Mark KVAMME,,LMP2,P/A,Inter Europol Competition,Oreca,GF,36.362,88.747,107.402,
32,1,24,3:51.846,0,,36.331,0,1:28.184,0,1:47.331,1,211.6,1:48:43.352,23:48:43.352,0:36.331,1:28.184,1:47.331,313.6,Mark KVAMME,,LMP2,P/A,Inter Europol Competition,Oreca,GF,36.331,88.184,107.331,
32,1,25,4:03.108,0,B,36.434,0,1:27.622,1,1:59.052,0,201.8,1:52:46.460,23:52:46.460,0:36.434,1:27.622,1:59.052,315.4,Mark KVAMME,,LMP2,P/A,Inter Europol Competition,Oreca,GF,36.434,87.622,119.052,
33,2,1,52:03.758,0,,48:35.489,0,1:34.240,0,1:54.029,0,15.5,52:03.758,22:52:03.758,48:35.489,1:34.240,1:54.029,291.6,Ben KEATING,0:47:58.118,LMGTE Am,,Corvette Racing,Chevrolet,GF,2915.489,94.240,114.029,
33,2,2,4:05.222,0,,39.617,0,1:33.185,0,1:52.420,0,200.0,56:08.980,22:56:08.980,0:39.617,1:33.185,1:52.420,294.8,Ben KEATING,,LMGTE Am,,Corvette Racing,Chevrolet,GF,39.617,93.185,112.420,
33,2,3,4:01.978,0,,38.063,1,1:32.305,1,1:51.610,1,202.7,1:00:10.958,23:00:10.958,0:38.063,1:32.305,1:51.610,291.6,Ben KEATING,,LMGTE Am,,Corvette Racing,Chevrolet,GF,38.063,92.305,111.610,
33,2,4,4:05.812,0,,39.476,0,1:34.058,0,1:52.278,0,199.6,1:04:16.770,23:04:16.770,0:39.476,1:34.058,1:52.278,260.0,Ben KEATING,,LMGTE Am,,Corvette Racing,Chevrolet,GF,39.476,94.058,112.278,
33,2,5,4:10.608,0,B,38.401,0,1:32.629,0,1:59.578,0,195.7,1:08:27.378,23:08:27.378,0:38.401,1:32.629,1:59.578,293.2,Ben KEATING,,LMGTE Am,,Corvette Racing,Chevrolet,GF,38.401,92.629,119.578,
33,3,6,7:07.326,0,,3:44.268,0,1:32.383,0,1:50.675,0,114.8,1:15:34.704,23:15:34.704,3:44.268,1:32.383,1:50.675,290.8,Nicolas VARRONE,0:03:17.506,LMGTE Am,,Corvette Racing,Chevrolet,GF,224.268,92.383,110.675,
33,3,7,4:19.513,0,B,37.275,0,1:30.799,0,2:11.439,0,189.0,1:19:54.217,23:19:54.217,0:37.275,1:30.799,2:11.439,294.0,Nicolas VARRONE,,LMGTE Am,,Corvette Racing,Chevrolet,GF,37.275,90.799,131.439,
33,3,8,6:12.723,0,,2:48.817,0,1:31.471,0,1:52.435,0,131.6,1:26:06.940,23:26:06.940,2:48.817,1:31.471,1:52.435,294.8,Nicolas VARRONE,0:02:22.291,LMGTE Am,,Corvette Racing,Chevrolet,GF,168.817,91.471,112.435,
33,3,9,3:56.417,0,,37.163,0,1:30.457,1,1:48.797,1,207.5,1:30:03.357,23:30:03.357,0:37.163,1:30.457,1:48.797,295.6,Nicolas VARRONE,,LMGTE Am,,Corvette Racing,Chevrolet,GF,37.163,90.457,108.797,
33,3,10,4:03.743,0,B,37.023,1,1:30.540,0,1:56.180,0,201.3,1:34:07.100,23:34:07.100,0:37.023,1:30.540,1:56.180,296.4,Nicolas VARRONE,,LMGTE Am,,Corvette Racing,Chevrolet,GF,37.023,90.540,116.180,
33,1,11,5:52.991,0,,2:30.044,0,1:31.144,0,1:51.803,0,139.0,1:40:00.091,23:40:00.091,2:30.044,1:31.144,1:51.803,295.6,Nicky CATSBURG,0:02:03.663,LMGTE Am,,Corvette Racing,Chevrolet,GF,150.044,91.144,111.803,
33,1,12,3:55.619,0,,37.030,0,1:30.541,0,1:48.048,0,208.2,1:43:55.710,23:43:55.710,0:37.030,1:30.541,1:48.048,297.2,Nicky CATSBURG,,LMGTE Am,,Corvette Racing,Chevrolet,GF,37.030,90.541,108.048,
33,1,13,3:55.405,0,,36.720,2,1:30.357,0,1:48.328,0,208.4,1:47:51.115,23:47:51.115,0:36.720,1:30.357,1:48.328,296.4,Nicky CATSBURG,,LMGTE Am,,Corvette Racing,Chevrolet,GF,36.720,90.357,108.328,
33,1,14,3:54.764,2,,36.826,0,1:30.324,2,1:47.614,2,208.9,1:51:45.879,23:51:45.879,0:36.826,1:30.324,1:47.614,293.2,Nicky CATSBURG,,LMGTE Am,,Corvette Racing,Chevrolet,GF,36.826,90.324,107.614,
33,1,15,3:56.516,0,,36.736,0,1:30.358,0,1:49.422,0,207.4,1:55:42.395,23:55:42.395,0:36.736,1:30.358,1:49.422,296.4,Nicky CATSBURG,,LMGTE Am,,Corvette Racing,Chevrolet,GF,36.736,90.358,109.422,
33,1,16,4:02.742,0,B,36.846,0,1:30.530,0,1:55.366,0,202.1,1:59:45.137,23:59:45.137,0:36.846,1:30.530,1:55.366,295.6,Nicky CATSBURG,,LMGTE Am,,Corvette Racing,Chevrolet,GF,36.846,90.530,115.366,
34,2,1,7:13.200,0,,3:52.471,0,1:34.980,0,1:45.749,0,112.0,7:13.200,22:07:13.200,3:52.471,1:34.980,1:45.749,268.4,Albert COSTA,0:03:14.087,LMP2,,Inter Europol Competition,Oreca,GF,232.471,94.980,105.749,
34,2,2,3:42.614,0,,35.823,0,1:25.335,0,1:41.456,0,220.4,10:55.814,22:10:55.814,0:35.823,1:25.335,1:41.456,314.5,Albert COSTA,,LMP2,,Inter Europol Competition,Oreca,GF,35.823,85.335,101.456,
34,2,3,3:44.851,0,,34.896,0,1:26.643,0,1:43.312,0,218.2,14:40.665,22:14:40.665,0:34.896,1:26.643,1:43.312,320.1,Albert COSTA,,LMP2,,Inter Europol Competition,Oreca,GF,34.896,86.643,103.312,
34,2,4,3:40.228,0,,34.668,0,1:24.524,0,1:41.036,1,222.7,18:20.893,22:18:20.893,0:34.668,1:24.524,1:41.036,315.4,Albert COSTA,,LMP2,,Inter Europol Competition,Oreca,GF,34.668,84.524,101.036,
34,2,5,3:42.392,0,,35.174,0,1:25.830,0,1:41.388,0,220.6,22:03.285,22:22:03.285,0:35.174,1:25.830,1:41.388,318.2,Albert COSTA,,LMP2,,Inter Europol Competition,Oreca,GF,35.174,85.830,101.388,
34,2,6,3:43.566,0,,35.931,0,1:24.882,0,1:42.753,0,219.4,25:46.851,22:25:46.851,0:35.931,1:24.882,1:42.753,322.0,Albert COSTA,,LMP2,,Inter Europol Competition,Oreca,GF,35.931,84.882,102.753,
34,2,7,3:41.270,0,,34.418,1,1:24.746,0,1:42.106,0,221.7,29:28.121,22:29:28.121,0:34.418,1:24.746,1:42.106,315.4,Albert COSTA,,LMP2,,Inter Europol Competition,Oreca,GF,34.418,84.746,102.106,
34,2,8,3:42.073,0,,34.726,0,1:24.821,0,1:42.526,0,220.9,33:10.194,22:33:10.194,0:34.726,1:24.821,1:42.526,318.2,Albert COSTA,,LMP2,,Inter Europol Competition,Oreca,GF,34.726,84.821,102.526,
34,2,9,3:41.133,0,,35.078,0,1:24.313,0,1:41.742,0,221.8,36:51.327,22:36:51.327,0:35.078,1:24.313,1:41.742,308.2,Albert COSTA,,LMP2,,Inter Europol Competition,Oreca,GF,35.078,84.313,101.742,
34,2,10,3:39.975,0,,34.589,0,1:24.496,0,1:40.890,0,223.0,40:31.302,22:40:31.302,0:34.589,1:24.496,1:40.890,316.3,Albert COSTA,,LMP2,,Inter Europol Competition,Oreca,GF,34.589,84.496,100.890,
34,2,11,3:47.608,0,B,34.560,0,1:24.165,1,1:48.883,0,215.5,44:18.910,22:44:18.910,0:34.560,1:24.165,1:48.883,314.5,Albert COSTA,,LMP2,,Inter Europol Competition,Oreca,GF,34.560,84.165,108.883,
34,1,12,8:00.780,0,,4:47.307,0,1:28.161,0,1:45.312,0,102.0,52:19.690,22:52:19.690,4:47.307,1:28.161,1:45.312,289.3,Jakub SMIECHOWSKI,0:04:20.885,LMP2,,Inter Europol Competition,Oreca,GF,287.307,88.161,105.312,
34,1,13,3:42.580,0,,35.107,0,1:24.885,0,1:42.588,0,220.4,56:02.270,22:56:02.270,0:35.107,1:24.885,1:42.588,316.3,Jakub SMIECHOWSKI,,LMP2,,Inter Europol Competition,Oreca,GF,35.107,84.885,102.588,
34,1,14,3:44.759,0,,34.560,1,1:25.471,0,1:44.728,0,218.2,59:47.029,22:59:47.029,0:34.560,1:25.471,1:44.728,316.3,Jakub SMIECHOWSKI,,LMP2,,Inter Europol Competition,Oreca,GF,34.560,85.471,104.728,
34,1,15,3:41.793,0,,34.959,0,1:24.824,0,1:42.010,0,221.2,1:03:28.822,23:03:28.822,0:34.959,1:24.824,1:42.010,314.5,Jakub SMIECHOWSKI,,LMP2,,Inter Europol Competition,Oreca,GF,34.959,84.824,102.010,
34,1,16,3:41.945,0,,34.655,0,1:24.911,0,1:42.379,0,221.0,1:07:10.767,23:07:10.767,0:34.655,1:24.911,1:42.379,313.6,Jakub SMIECHOWSKI,,LMP2,,Inter Europol Competition,Oreca,GF,34.655,84.911,102.379,
34,1,17,3:43.075,0,,36.307,0,1:24.748,0,1:42.020,0,219.9,1:10:53.842,23:10:53.842,0:36.307,1:24.748,1:42.020,312.7,Jakub SMIECHOWSKI,,LMP2,,Inter Europol Competition,Oreca,GF,36.307,84.748,102.020,
34,1,18,3:40.546,0,,35.569,0,1:24.637,0,1:40.340,0,222.4,1:14:34.388,23:14:34.388,0:35.569,1:24.637,1:40.340,314.5,Jakub SMIECHOWSKI,,LMP2,,Inter Europol Competition,Oreca,GF,35.569,84.637,100.340,
34,1,19,3:38.931,0,,34.685,0,1:24.370,0,1:39.876,1,224.1,1:18:13.319,23:18:13.319,0:34.685,1:24.370,1:39.876,314.5,Jakub SMIECHOWSKI,,LMP2,,Inter Europol Competition,Oreca,GF,34.685,84.370,99.876,
34,1,20,3:41.120,0,,35.055,0,1:24.763,0,1:41.302,0,221.8,1:21:54.439,23:21:54.439,0:35.055,1:24.763,1:41.302,317.2,Jakub SMIECHOWSKI,,LMP2,,Inter Europol Competition,Oreca,GF,35.055,84.763,101.302,
34,1,21,3:48.529,0,B,35.335,0,1:24.329,1,1:48.865,0,214.6,1:25:42.968,23:25:42.968,0:35.335,1:24.329,1:48.865,316.3,Jakub SMIECHOWSKI,,LMP2,,Inter Europol Competition,Oreca,GF,35.335,84.329,108.865,
34,3,22,5:26.745,0,,2:17.357,0,1:26.072,0,1:43.316,0,150.1,1:31:09.713,23:31:09.713,2:17.357,1:26.072,1:43.316,310.9,Fabio SCHERER,0:01:51.969,LMP2,,Inter Europol Competition,Oreca,GF,137.357,86.072,103.316,
34,3,23,3:42.009,0,,35.919,0,1:25.648,0,1:40.442,0,221.0,1:34:51.722,23:34:51.722,0:35.919,1:25.648,1:40.442,319.1,Fabio SCHERER,,LMP2,,Inter Europol Competition,Oreca,GF,35.919,85.648,100.442,
34,3,24,3:39.000,0,,34.347,2,1:24.054,0,1:40.599,0,224.0,1:38:30.722,23:38:30.722,0:34.347,1:24.054,1:40.599,318.2,Fabio SCHERER,,LMP2,,Inter Europol Competition,Oreca,GF,34.347,84.054,100.599,
34,3,25,3:38.449,0,,34.695,0,1:23.892,0,1:39.862,0,224.6,1:42:09.171,23:42:09.171,0:34.695,1:23.892,1:39.862,316.3,Fabio SCHERER,,LMP2,,Inter Europol Competition,Oreca,GF,34.695,83.892,99.862,
34,3,26,3:39.454,0,,34.630,0,1:24.357,0,1:40.467,0,223.5,1:45:48.625,23:45:48.625,0:34.630,1:24.357,1:40.467,319.1,Fabio SCHERER,,LMP2,,Inter Europol Competition,Oreca,GF,34.630,84.357,100.467,
34,3,27,3:38.986,0,,34.724,0,1:24.153,0,1:40.109,0,224.0,1:49:27.611,23:49:27.611,0:34.724,1:24.153,1:40.109,307.3,Fabio SCHERER,,LMP2,,Inter Europol Competition,Oreca,GF,34.724,84.153,100.109,
34,3,28,3:38.535,0,,34.703,0,1:24.385,0,1:39.447,2,224.5,1:53:06.146,23:53:06.146,0:34.703,1:24.385,1:39.447,307.3,Fabio SCHERER,,LMP2,,Inter Europol Competition,Oreca,GF,34.703,84.385,99.447,
34,3,29,3:38.431,0,,34.552,0,1:24.388,0,1:39.491,0,224.6,1:56:44.577,23:56:44.577,0:34.552,1:24.388,1:39.491,288.5,Fabio SCHERER,,LMP2,,Inter Europol Competition,Oreca,GF,34.552,84.388,99.491,
34,3,30,3:38.399,2,,34.630,0,1:23.866,2,1:39.903,0,224.6,2:00:22.976,00:00:22.976,0:34.630,1:23.866,1:39.903,308.2,Fabio SCHERER,,LMP2,,Inter Europol Competition,Oreca,FF,34.630,83.866,99.903,
35,1,1,8:19.969,0,,5:10.771,0,1:28.337,0,1:40.861,2,97.1,8:19.969,22:08:19.969,5:10.771,1:28.337,1:40.861,310.0,André NEGRÃO,0:04:34.291,LMP2,,Alpine Elf Team,Oreca,GF,310.771,88.337,100.861,
35,1,2,3:42.184,0,,34.273,2,1:24.766,2,1:43.145,0,220.8,12:02.153,22:12:02.153,0:34.273,1:24.766,1:43.145,315.4,André NEGRÃO,,LMP2,,Alpine Elf Team,Oreca,GF,34.273,84.766,103.145,
35,1,3,3:40.577,0,,34.807,0,1:24.724,0,1:41.046,0,222.4,15:42.730,22:15:42.730,0:34.807,1:24.724,1:41.046,313.6,André NEGRÃO,,LMP2,,Alpine Elf Team,Oreca,GF,34.807,84.724,101.046,
35,1,4,3:41.018,2,,34.703,0,1:24.991,0,1:41.324,0,221.9,19:23.748,22:19:23.748,0:34.703,1:24.991,1:41.324,315.4,André NEGRÃO,,LMP2,,Alpine Elf Team,Oreca,GF,34.703,84.991,101.324,
35,1,5,3:49.947,0,B,35.246,0,1:25.173,0,1:49.528,0,213.3,23:13.695,22:23:13.695,0:35.246,1:25.173,1:49.528,316.3,André NEGRÃO,,LMP2,,Alpine Elf Team,Oreca,GF,35.246,85.173,109.528,
35,3,6,5:19.132,0,,2:02.986,0,1:29.520,0,1:46.626,0,153.7,28:32.827,22:28:32.827,2:02.986,1:29.520,1:46.626,289.3,Memo ROJAS,0:01:35.595,LMP2,,Alpine Elf Team,Oreca,GF,122.986,89.520,106.626,
35,3,7,3:48.103,0,,35.631,0,1:27.553,0,1:44.919,0,215.1,32:20.930,22:32:20.930,0:35.631,1:27.553,1:44.919,311.8,Memo ROJAS,,LMP2,,Alpine Elf Team,Oreca,GF,35.631,87.553,104.919,
35,3,8,3:46.712,0,,35.301,0,1:26.927,0,1:44.484,0,216.4,36:07.642,22:36:07.642,0:35.301,1:26.927,1:44.484,313.6,Memo ROJAS,,LMP2,,Alpine Elf Team,Oreca,GF,35.301,86.927,104.484,
35,3,9,3:45.056,0,,35.401,0,1:25.886,0,1:43.769,0,218.0,39:52.698,22:39:52.698,0:35.401,1:25.886,1:43.769,312.7,Memo ROJAS,,LMP2,,Alpine Elf Team,Oreca,GF,35.401,85.886,103.769,
35,3,10,3:44.168,0,,35.173,0,1:25.657,1,1:43.338,1,218.8,43:36.866,22:43:36.866,0:35.173,1:25.657,1:43.338,315.4,Memo ROJAS,,LMP2,,Alpine Elf Team,Oreca,GF,35.173,85.657,103.338,
35,3,11,3:57.084,0,B,35.129,1,1:30.155,0,1:51.800,0,206.9,47:33.950,22:47:33.950,0:35.129,1:30.155,1:51.800,311.8,Memo ROJAS,,LMP2,,Alpine Elf Team,Oreca,GF,35.129,90.155,111.800,
35,2,12,5:36.256,0,,2:26.058,0,1:26.757,0,1:43.441,0,145.9,53:10.206,22:53:10.206,2:26.058,1:26.757,1:43.441,313.6,Olli CALDWELL,0:02:00.330,LMP2,,Alpine Elf Team,Oreca,GF,146.058,86.757,103.441,
35,2,13,3:45.807,0,,35.914,0,1:26.577,0,1:43.316,0,217.2,56:56.013,22:56:56.013,0:35.914,1:26.577,1:43.316,311.8,Olli CALDWELL,,LMP2,,Alpine Elf Team,Oreca,GF,35.914,86.577,103.316,
35,2,14,3:46.000,0,,35.267,0,1:26.604,0,1:44.129,0,217.1,1:00:42.013,23:00:42.013,0:35.267,1:26.604,1:44.129,312.7,Olli CALDWELL,,LMP2,,Alpine Elf Team,Oreca,GF,35.267,86.604,104.129,
35,2,15,3:46.867,0,,35.246,0,1:26.269,0,1:45.352,0,216.2,1:04:28.880,23:04:28.880,0:35.246,1:26.269,1:45.352,311.8,Olli CALDWELL,,LMP2,,Alpine Elf Team,Oreca,GF,35.246,86.269,105.352,
35,2,16,3:48.607,0,,35.423,0,1:26.590,0,1:46.594,0,214.6,1:08:17.487,23:08:17.487,0:35.423,1:26.590,1:46.594,316.3,Olli CALDWELL,,LMP2,,Alpine Elf Team,Oreca,GF,35.423,86.590,106.594,
35,2,17,3:47.208,0,,34.797,0,1:25.710,0,1:46.701,0,215.9,1:12:04.695,23:12:04.695,0:34.797,1:25.710,1:46.701,314.5,Olli CALDWELL,,LMP2,,Alpine Elf Team,Oreca,GF,34.797,85.710,106.701,
35,2,18,3:43.757,0,,35.057,0,1:25.929,0,1:42.771,0,219.2,1:15:48.452,23:15:48.452,0:35.057,1:25.929,1:42.771,311.8,Olli CALDWELL,,LMP2,,Alpine Elf Team,Oreca,GF,35.057,85.929,102.771,
35,2,19,3:46.805,0,,36.209,0,1:25.837,0,1:44.759,0,216.3,1:19:35.257,23:19:35.257,0:36.209,1:25.837,1:44.759,315.4,Olli CALDWELL,,LMP2,,Alpine Elf Team,Oreca,GF,36.209,85.837,104.759,
35,2,20,3:42.046,0,,34.781,0,1:24.855,1,1:42.410,0,220.9,1:23:17.303,23:23:17.303,0:34.781,1:24.855,1:42.410,313.6,Olli CALDWELL,,LMP2,,Alpine Elf Team,Oreca,GF,34.781,84.855,102.410,
35,2,21,3:42.067,0,,35.063,0,1:25.002,0,1:42.002,1,220.9,1:26:59.370,23:26:59.370,0:35.063,1:25.002,1:42.002,314.5,Olli CALDWELL,,LMP2,,Alpine Elf Team,Oreca,GF,35.063,85.002,102.002,
35,2,22,3:51.500,0,B,35.023,0,1:25.458,0,1:51.019,0,211.9,1:30:50.870,23:30:50.870,0:35.023,1:25.458,1:51.019,315.4,Olli CALDWELL,,LMP2,,Alpine Elf Team,Oreca,GF,35.023,85.458,111.019,
35,2,23,11:58.470,0,,8:47.202,0,1:28.076,0,1:43.192,0,68.3,1:42:49.340,23:42:49.340,8:47.202,1:28.076,1:43.192,290.8,Olli CALDWELL,0:08:20.661,LMP2,,Alpine Elf Team,Oreca,GF,527.202,88.076,103.192,
35,2,24,3:44.162,0,,35.094,0,1:26.360,0,1:42.708,0,218.8,1:46:33.502,23:46:33.502,0:35.094,1:26.360,1:42.708,312.7,Olli CALDWELL,,LMP2,,Alpine Elf Team,Oreca,GF,35.094,86.360,102.708,
35,2,25,3:43.034,0,,34.898,0,1:25.506,0,1:42.630,0,219.9,1:50:16.536,23:50:16.536,0:34.898,1:25.506,1:42.630,311.8,Olli CALDWELL,,LMP2,,Alpine Elf Team,Oreca,GF,34.898,85.506,102.630,
35,2,26,3:44.807,0,,34.738,1,1:25.660,0,1:44.409,0,218.2,1:54:01.343,23:54:01.343,0:34.738,1:25.660,1:44.409,314.5,Olli CALDWELL,,LMP2,,Alpine Elf Team,Oreca,GF,34.738,85.660,104.409,
35,2,27,3:45.809,0,,36.413,0,1:25.822,0,1:43.574,0,217.2,1:57:47.152,23:57:47.152,0:36.413,1:25.822,1:43.574,316.3,Olli CALDWELL,,LMP2,,Alpine Elf Team,Oreca,GF,36.413,85.822,103.574,
35,2,28,3:43.134,0,,34.801,0,1:25.071,0,1:43.262,0,219.8,2:01:30.286,00:01:30.286,0:34.801,1:25.071,1:43.262,315.4,Olli CALDWELL,,LMP2,,Alpine Elf Team,Oreca,FF,34.801,85.071,103.262,
36,3,1,4:15.034,0,,59.222,0,1:31.073,0,1:44.739,0,190.3,4:15.034,22:04:15.034,0:59.222,1:31.073,1:44.739,275.3,Julien CANAL,0:00:21.549,LMP2,,Alpine Elf Team,Oreca,GF,59.222,91.073,104.739,
36,3,2,3:43.930,0,,35.002,0,1:26.436,0,1:42.492,0,219.1,7:58.964,22:07:58.964,0:35.002,1:26.436,1:42.492,310.9,Julien CANAL,,LMP2,,Alpine Elf Team,Oreca,GF,35.002,86.436,102.492,
36,3,3,3:45.413,0,,35.898,0,1:26.228,0,1:43.287,0,217.6,11:44.377,22:11:44.377,0:35.898,1:26.228,1:43.287,314.5,Julien CANAL,,LMP2,,Alpine Elf Team,Oreca,GF,35.898,86.228,103.287,
36,3,4,3:42.154,0,,34.872,0,1:25.606,0,1:41.676,1,220.8,15:26.531,22:15:26.531,0:34.872,1:25.606,1:41.676,314.5,Julien CANAL,,LMP2,,Alpine Elf Team,Oreca,GF,34.872,85.606,101.676,
36,3,5,3:43.562,0,,35.272,0,1:25.784,0,1:42.506,0,219.4,19:10.093,22:19:10.093,0:35.272,1:25.784,1:42.506,312.7,Julien CANAL,,LMP2,,Alpine Elf Team,Oreca,GF,35.272,85.784,102.506,
36,3,6,3:47.678,0,,35.053,0,1:28.269,0,1:44.356,0,215.5,22:57.771,22:22:57.771,0:35.053,1:28.269,1:44.356,316.3,Julien CANAL,,LMP2,,Alpine Elf Team,Oreca,GF,35.053,88.269,104.356,
36,3,7,3:43.145,0,,34.917,0,1:26.022,0,1:42.206,0,219.8,26:40.916,22:26:40.916,0:34.917,1:26.022,1:42.206,310.9,Julien CANAL,,LMP2,,Alpine Elf Team,Oreca,GF,34.917,86.022,102.206,
36,3,8,3:46.246,0,,34.791,1,1:25.596,1,1:45.859,0,216.8,30:27.162,22:30:27.162,0:34.791,1:25.596,1:45.859,313.6,Julien CANAL,,LMP2,,Alpine Elf Team,Oreca,GF,34.791,85.596,105.859,
36,3,9,3:48.026,0,,35.195,0,1:27.440,0,1:45.391,0,215.1,34:15.188,22:34:15.188,0:35.195,1:27.440,1:45.391,310.9,Julien CANAL,,LMP2,,Alpine Elf Team,Oreca,GF,35.195,87.440,105.391,
36,3,10,3:46.729,0,,35.862,0,1:27.544,0,1:43.323,0,216.4,38:01.917,22:38:01.917,0:35.862,1:27.544,1:43.323,314.5,Julien CANAL,,LMP2,,Alpine Elf Team,Oreca,GF,35.862,87.544,103.323,
36,3,11,3:52.408,0,B,35.283,0,1:26.208,0,1:50.917,0,211.1,41:54.325,22:41:54.325,0:35.283,1:26.208,1:50.917,311.8,Julien CANAL,,LMP2,,Alpine Elf Team,Oreca,GF,35.283,86.208,110.917,
36,2,12,5:21.802,0,,2:12.623,0,1:26.900,0,1:42.279,0,152.4,47:16.127,22:47:16.127,2:12.623,1:26.900,1:42.279,310.0,Charles MILESI,0:01:48.244,LMP2,,Alpine Elf Team,Oreca,GF,132.623,86.900,102.279,
36,2,13,3:42.765,0,,35.286,0,1:25.780,0,1:41.699,0,220.2,50:58.892,22:50:58.892,0:35.286,1:25.780,1:41.699,314.5,Charles MILESI,,LMP2,,Alpine Elf Team,Oreca,GF,35.286,85.780,101.699,
36,2,14,3:41.666,0,,34.760,0,1:25.096,0,1:41.810,0,221.3,54:40.558,22:54:40.558,0:34.760,1:25.096,1:41.810,317.2,Charles MILESI,,LMP2,,Alpine Elf Team,Oreca,GF,34.760,85.096,101.810,
36,2,15,3:42.796,0,,34.829,0,1:26.075,0,1:41.892,0,220.2,58:23.354,22:58:23.354,0:34.829,1:26.075,1:41.892,307.3,Charles MILESI,,LMP2,,Alpine Elf Team,Oreca,GF,34.829,86.075,101.892,
36,2,16,3:40.370,0,,34.574,0,1:24.795,0,1:41.001,0,222.6,1:02:03.724,23:02:03.724,0:34.574,1:24.795,1:41.001,317.2,Charles MILESI,,LMP2,,Alpine Elf Team,Oreca,GF,34.574,84.795,101.001,
36,2,17,3:39.450,2,,34.419,0,1:24.690,0,1:40.341,2,223.5,1:05:43.174,23:05:43.174,0:34.419,1:24.690,1:40.341,313.6,Charles MILESI,,LMP2,,Alpine Elf Team,Oreca,GF,34.419,84.690,100.341,
36,2,18,3:39.699,0,,34.542,0,1:24.720,0,1:40.437,0,223.3,1:09:22.873,23:09:22.873,0:34.542,1:24.720,1:40.437,315.4,Charles MILESI,,LMP2,,Alpine Elf Team,Oreca,GF,34.542,84.720,100.437,
36,2,19,3:40.500,0,,34.424,0,1:24.574,0,1:41.502,0,222.5,1:13:03.373,23:13:03.373,0:34.424,1:24.574,1:41.502,317.2,Charles MILESI,,LMP2,,Alpine Elf Team,Oreca,GF,34.424,84.574,101.502,
36,2,20,3:39.743,0,,34.477,0,1:24.376,2,1:40.890,0,223.2,1:16:43.116,23:16:43.116,0:34.477,1:24.376,1:40.890,315.4,Charles MILESI,,LMP2,,Alpine Elf Team,Oreca,GF,34.477,84.376,100.890,
36,2,21,3:44.254,0,,34.369,2,1:24.486,0,1:45.399,0,218.7,1:20:27.370,23:20:27.370,0:34.369,1:24.486,1:45.399,318.2,Charles MILESI,,LMP2,,Alpine Elf Team,Oreca,GF,34.369,84.486,105.399,
36,2,22,3:46.838,0,B,34.430,0,1:25.002,0,1:47.406,0,216.2,1:24:14.208,23:24:14.208,0:34.430,1:25.002,1:47.406,312.7,Charles MILESI,,LMP2,,Alpine Elf Team,Oreca,GF,34.430,85.002,107.406,
36,1,23,4:56.141,0,,1:44.588,0,1:27.455,0,1:44.098,0,165.6,1:29:10.349,23:29:10.349,1:44.588,1:27.455,1:44.098,310.9,Matthieu VAXIVIERE,0:01:18.339,LMP2,,Alpine Elf Team,Oreca,GF,104.588,87.455,104.098,
36,1,24,3:47.875,0,,35.016,0,1:26.964,0,1:45.895,0,215.3,1:32:58.224,23:32:58.224,0:35.016,1:26.964,1:45.895,315.4,Matthieu VAXIVIERE,,LMP2,,Alpine Elf Team,Oreca,GF,35.016,86.964,105.895,
36,1,25,3:43.882,0,,35.333,0,1:26.043,0,1:42.506,0,219.1,1:36:42.106,23:36:42.106,0:35.333,1:26.043,1:42.506,310.9,Matthieu VAXIVIERE,,LMP2,,Alpine Elf Team,Oreca,GF,35.333,86.043,102.506,
36,1,26,3:42.144,0,,34.849,0,1:25.612,0,1:41.683,0,220.8,1:40:24.250,23:40:24.250,0:34.849,1:25.612,1:41.683,311.8,Matthieu VAXIVIERE,,LMP2,,Alpine Elf Team,Oreca,GF,34.849,85.612,101.683,
36,1,27,3:41.033,0,,34.750,0,1:25.020,0,1:41.263,0,221.9,1:44:05.283,23:44:05.283,0:34.750,1:25.020,1:41.263,316.3,Matthieu VAXIVIERE,,LMP2,,Alpine Elf Team,Oreca,GF,34.750,85.020,101.263,
36,1,28,3:42.393,0,,34.695,0,1:24.786,0,1:42.912,0,220.6,1:47:47.676,23:47:47.676,0:34.695,1:24.786,1:42.912,314.5,Matthieu VAXIVIERE,,LMP2,,Alpine Elf Team,Oreca,GF,34.695,84.786,102.912,
36,1,29,3:42.530,0,,34.694,0,1:25.911,0,1:41.925,0,220.4,1:51:30.206,23:51:30.206,0:34.694,1:25.911,1:41.925,291.6,Matthieu VAXIVIERE,,LMP2,,Alpine Elf Team,Oreca,GF,34.694,85.911,101.925,
36,1,30,3:41.664,0,,35.043,0,1:25.262,0,1:41.359,0,221.3,1:55:11.870,23:55:11.870,0:35.043,1:25.262,1:41.359,315.4,Matthieu VAXIVIERE,,LMP2,,Alpine Elf Team,Oreca,GF,35.043,85.262,101.359,
36,1,31,3:43.309,0,,35.850,0,1:25.719,0,1:41.740,0,219.7,1:58:55.179,23:58:55.179,0:35.850,1:25.719,1:41.740,311.8,Matthieu VAXIVIERE,,LMP2,,Alpine Elf Team,Oreca,GF,35.850,85.719,101.740,
36,1,32,3:39.963,0,,34.551,1,1:24.779,1,1:40.633,1,223.0,2:02:35.142,00:02:35.142,0:34.551,1:24.779,1:40.633,312.7,Matthieu VAXIVIERE,,LMP2,,Alpine Elf Team,Oreca,FF,34.551,84.779,100.633,
37,2,1,9:00.703,0,,5:42.689,0,1:29.452,0,1:48.562,0,89.8,9:00.703,22:09:00.703,5:42.689,1:29.452,1:48.562,309.1,Alexandre COIGNY,0:05:04.499,LMP2,P/A,COOL Racing,Oreca,GF,342.689,89.452,108.562,
37,2,2,3:48.661,0,,36.122,0,1:27.249,0,1:45.290,0,214.5,12:49.364,22:12:49.364,0:36.122,1:27.249,1:45.290,314.5,Alexandre COIGNY,,LMP2,P/A,COOL Racing,Oreca,GF,36.122,87.249,105.290,
37,2,3,3:50.380,0,,36.366,0,1:27.118,0,1:46.896,0,212.9,16:39.744,22:16:39.744,0:36.366,1:27.118,1:46.896,316.3,Alexandre COIGNY,,LMP2,P/A,COOL Racing,Oreca,GF,36.366,87.118,106.896,
37,2,4,3:51.429,0,,36.464,0,1:28.098,0,1:46.867,0,212.0,20:31.173,22:20:31.173,0:36.464,1:28.098,1:46.867,315.4,Alexandre COIGNY,,LMP2,P/A,COOL Racing,Oreca,GF,36.464,88.098,106.867,
37,2,5,3:49.999,0,,36.583,0,1:27.778,0,1:45.638,0,213.3,24:21.172,22:24:21.172,0:36.583,1:27.778,1:45.638,315.4,Alexandre COIGNY,,LMP2,P/A,COOL Racing,Oreca,GF,36.583,87.778,105.638,
37,2,6,3:47.923,0,,36.006,1,1:27.005,0,1:44.912,1,215.2,28:09.095,22:28:09.095,0:36.006,1:27.005,1:44.912,313.6,Alexandre COIGNY,,LMP2,P/A,COOL Racing,Oreca,GF,36.006,87.005,104.912,
37,2,7,3:56.984,0,B,36.098,0,1:26.743,1,1:54.143,0,207.0,32:06.079,22:32:06.079,0:36.098,1:26.743,1:54.143,313.6,Alexandre COIGNY,,LMP2,P/A,COOL Racing,Oreca,GF,36.098,86.743,114.143,
37,3,8,6:38.625,0,B,3:19.767,0,1:28.842,0,1:50.016,0,123.1,38:44.704,22:38:44.704,3:19.767,1:28.842,1:50.016,314.5,Malthe JAKOBSEN,0:02:53.558,LMP2,P/A,COOL Racing,Oreca,GF,199.767,88.842,110.016,
37,3,9,4:30.834,0,,1:23.910,0,1:25.537,0,1:41.387,0,181.1,43:15.538,22:43:15.538,1:23.910,1:25.537,1:41.387,312.7,Malthe JAKOBSEN,0:00:59.819,LMP2,P/A,COOL Racing,Oreca,GF,83.910,85.537,101.387,
37,3,10,3:40.074,0,,34.606,0,1:24.621,0,1:40.847,0,222.9,46:55.612,22:46:55.612,0:34.606,1:24.621,1:40.847,317.2,Malthe JAKOBSEN,,LMP2,P/A,COOL Racing,Oreca,GF,34.606,84.621,100.847,
37,3,11,3:44.114,0,,34.813,0,1:24.284,0,1:45.017,0,218.9,50:39.726,22:50:39.726,0:34.813,1:24.284,1:45.017,320.1,Malthe JAKOBSEN,,LMP2,P/A,COOL Racing,Oreca,GF,34.813,84.284,105.017,
37,3,12,3:40.228,0,,35.199,0,1:24.762,0,1:40.267,2,222.7,54:19.954,22:54:19.954,0:35.199,1:24.762,1:40.267,319.1,Malthe JAKOBSEN,,LMP2,P/A,COOL Racing,Oreca,GF,35.199,84.762,100.267,
37,3,13,3:40.449,0,,35.145,0,1:24.994,0,1:40.310,0,222.5,58:00.403,22:58:00.403,0:35.145,1:24.994,1:40.310,319.1,Malthe JAKOBSEN,,LMP2,P/A,COOL Racing,Oreca,GF,35.145,84.994,100.310,
37,3,14,3:41.097,0,,34.565,2,1:24.205,2,1:42.327,0,221.9,1:01:41.500,23:01:41.500,0:34.565,1:24.205,1:42.327,318.2,Malthe JAKOBSEN,,LMP2,P/A,COOL Racing,Oreca,GF,34.565,84.205,102.327,
37,3,15,3:48.586,0,B,35.819,0,1:25.130,0,1:47.637,0,214.6,1:05:30.086,23:05:30.086,0:35.819,1:25.130,1:47.637,316.3,Malthe JAKOBSEN,,LMP2,P/A,COOL Racing,Oreca,GF,35.819,85.130,107.637,
37,1,16,5:38.771,0,,2:27.836,0,1:27.742,0,1:43.193,0,144.8,1:11:08.857,23:11:08.857,2:27.836,1:27.742,1:43.193,310.0,Nicolas LAPIERRE,0:02:02.468,LMP2,P/A,COOL Racing,Oreca,GF,147.836,87.742,103.193,
37,1,17,3:43.225,0,,35.028,0,1:25.846,0,1:42.351,0,219.7,1:14:52.082,23:14:52.082,0:35.028,1:25.846,1:42.351,314.5,Nicolas LAPIERRE,,LMP2,P/A,COOL Racing,Oreca,GF,35.028,85.846,102.351,
37,1,18,3:52.031,0,B,36.276,0,1:26.511,0,1:49.244,0,211.4,1:18:44.113,23:18:44.113,0:36.276,1:26.511,1:49.244,310.9,Nicolas LAPIERRE,,LMP2,P/A,COOL Racing,Oreca,GF,36.276,86.511,109.244,
37,1,19,12:25.170,0,,9:12.954,0,1:28.451,0,1:43.765,0,65.8,1:31:09.283,23:31:09.283,9:12.954,1:28.451,1:43.765,298.8,Nicolas LAPIERRE,0:08:44.702,LMP2,P/A,COOL Racing,Oreca,GF,552.954,88.451,103.765,
37,1,20,3:44.580,0,,36.095,0,1:26.341,0,1:42.144,0,218.4,1:34:53.863,23:34:53.863,0:36.095,1:26.341,1:42.144,313.6,Nicolas LAPIERRE,,LMP2,P/A,COOL Racing,Oreca,GF,36.095,86.341,102.144,
37,1,21,3:39.507,2,,34.738,1,1:24.452,1,1:40.317,1,223.5,1:38:33.370,23:38:33.370,0:34.738,1:24.452,1:40.317,315.4,Nicolas LAPIERRE,,LMP2,P/A,COOL Racing,Oreca,GF,34.738,84.452,100.317,
37,1,22,3:40.199,0,,35.369,0,1:24.492,0,1:40.338,0,222.8,1:42:13.569,23:42:13.569,0:35.369,1:24.492,1:40.338,315.4,Nicolas LAPIERRE,,LMP2,P/A,COOL Racing,Oreca,GF,35.369,84.492,100.338,
37,1,23,3:41.967,0,,34.799,0,1:24.718,0,1:42.450,0,221.0,1:45:55.536,23:45:55.536,0:34.799,1:24.718,1:42.450,316.3,Nicolas LAPIERRE,,LMP2,P/A,COOL Racing,Oreca,GF,34.799,84.718,102.450,
37,1,24,3:49.796,0,B,35.251,0,1:25.132,0,1:49.413,0,213.5,1:49:45.332,23:49:45.332,0:35.251,1:25.132,1:49.413,319.1,Nicolas LAPIERRE,,LMP2,P/A,COOL Racing,Oreca,GF,35.251,85.132,109.413,
38,1,1,23:30.773,0,,20:28.666,0,1:23.375,0,1:38.732,0,34.4,23:30.773,22:23:30.773,20:28.666,1:23.375,1:38.732,328.8,Antonio Felix DA COSTA,0:19:52.891,HYPERCAR,H,Hertz Team JOTA,Porsche,GF,1228.666,83.375,98.732,
38,1,2,3:32.564,0,,33.208,0,1:20.898,0,1:38.458,0,230.8,27:03.337,22:27:03.337,0:33.208,1:20.898,1:38.458,333.9,Antonio Felix DA COSTA,,HYPERCAR,H,Hertz Team JOTA,Porsche,GF,33.208,80.898,98.458,
38,1,3,3:33.004,0,,34.048,0,1:21.348,0,1:37.608,0,230.3,30:36.341,22:30:36.341,0:34.048,1:21.348,1:37.608,329.8,Antonio Felix DA COSTA,,HYPERCAR,H,Hertz Team JOTA,Porsche,GF,34.048,81.348,97.608,
38,1,4,3:33.022,0,,33.731,0,1:20.799,0,1:38.492,0,230.3,34:09.363,22:34:09.363,0:33.731,1:20.799,1:38.492,332.9,Antonio Felix DA COSTA,,HYPERCAR,H,Hertz Team JOTA,Porsche,GF,33.731,80.799,98.492,
38,1,5,3:30.125,0,,32.990,1,1:20.529,1,1:36.606,1,233.4,37:39.488,22:37:39.488,0:32.990,1:20.529,1:36.606,329.8,Antonio Felix DA COSTA,,HYPERCAR,H,Hertz Team JOTA,Porsche,GF,32.990,80.529,96.606,
38,1,6,4:04.754,0,B,33.232,0,1:20.534,0,2:10.988,0,200.4,41:44.242,22:41:44.242,0:33.232,1:20.534,2:10.988,331.8,Antonio Felix DA COSTA,,HYPERCAR,H,Hertz Team JOTA,Porsche,GF,33.232,80.534,130.988,
38,3,7,4:56.005,0,,1:53.855,0,1:23.106,0,1:39.044,0,165.7,46:40.247,22:46:40.247,1:53.855,1:23.106,1:39.044,310.0,Yifei YE,0:01:28.662,HYPERCAR,H,Hertz Team JOTA,Porsche,GF,113.855,83.106,99.044,
38,3,8,3:34.441,0,,33.792,0,1:21.739,0,1:38.910,0,228.8,50:14.688,22:50:14.688,0:33.792,1:21.739,1:38.910,331.8,Yifei YE,,HYPERCAR,H,Hertz Team JOTA,Porsche,GF,33.792,81.739,98.910,
38,3,9,3:34.536,0,,35.449,0,1:21.538,0,1:37.549,0,228.6,53:49.224,22:53:49.224,0:35.449,1:21.538,1:37.549,331.8,Yifei YE,,HYPERCAR,H,Hertz Team JOTA,Porsche,GF,35.449,81.538,97.549,
38,3,10,3:32.924,0,,33.168,0,1:20.911,0,1:38.845,0,230.4,57:22.148,22:57:22.148,0:33.168,1:20.911,1:38.845,329.8,Yifei YE,,HYPERCAR,H,Hertz Team JOTA,Porsche,GF,33.168,80.911,98.845,
38,3,11,4:07.014,0,B,32.871,1,1:20.460,0,2:13.683,0,198.6,1:01:29.162,23:01:29.162,0:32.871,1:20.460,2:13.683,329.8,Yifei YE,,HYPERCAR,H,Hertz Team JOTA,Porsche,GF,32.871,80.460,133.683,
38,3,12,4:46.983,0,,1:44.948,0,1:23.176,0,1:38.859,0,170.9,1:06:16.145,23:06:16.145,1:44.948,1:23.176,1:38.859,325.8,Yifei YE,0:01:20.306,HYPERCAR,H,Hertz Team JOTA,Porsche,GF,104.948,83.176,98.859,
38,3,13,3:32.567,0,,33.337,0,1:21.327,0,1:37.903,0,230.8,1:09:48.712,23:09:48.712,0:33.337,1:21.327,1:37.903,333.9,Yifei YE,,HYPERCAR,H,Hertz Team JOTA,Porsche,GF,33.337,81.327,97.903,
38,3,14,3:31.105,0,,33.167,0,1:21.001,0,1:36.937,0,232.4,1:13:19.817,23:13:19.817,0:33.167,1:21.001,1:36.937,332.9,Yifei YE,,HYPERCAR,H,Hertz Team JOTA,Porsche,GF,33.167,81.001,96.937,
38,3,15,3:30.715,0,,33.201,0,1:20.754,0,1:36.760,1,232.8,1:16:50.532,23:16:50.532,0:33.201,1:20.754,1:36.760,331.8,Yifei YE,,HYPERCAR,H,Hertz Team JOTA,Porsche,GF,33.201,80.754,96.760,
38,3,16,3:42.318,0,B,33.137,0,1:20.697,1,1:48.484,0,220.6,1:20:32.850,23:20:32.850,0:33.137,1:20.697,1:48.484,332.9,Yifei YE,,HYPERCAR,H,Hertz Team JOTA,Porsche,GF,33.137,80.697,108.484,
38,2,17,5:44.108,0,,2:38.833,0,1:23.992,0,1:41.283,0,142.6,1:26:16.958,23:26:16.958,2:38.833,1:23.992,1:41.283,316.3,William STEVENS,0:02:11.282,HYPERCAR,H,Hertz Team JOTA,Porsche,GF,158.833,83.992,101.283,
38,2,18,3:35.810,0,,34.617,0,1:22.575,0,1:38.618,0,227.3,1:29:52.768,23:29:52.768,0:34.617,1:22.575,1:38.618,331.8,William STEVENS,,HYPERCAR,H,Hertz Team JOTA,Porsche,GF,34.617,82.575,98.618,
38,2,19,3:34.856,0,,33.635,0,1:22.336,0,1:38.885,0,228.3,1:33:27.624,23:33:27.624,0:33.635,1:22.336,1:38.885,333.9,William STEVENS,,HYPERCAR,H,Hertz Team JOTA,Porsche,GF,33.635,82.336,98.885,
38,2,20,3:34.929,0,,33.432,0,1:21.380,0,1:40.117,0,228.2,1:37:02.553,23:37:02.553,0:33.432,1:21.380,1:40.117,328.8,William STEVENS,,HYPERCAR,H,Hertz Team JOTA,Porsche,GF,33.432,81.380,100.117,
38,2,21,3:32.776,0,,33.703,0,1:21.381,0,1:37.692,0,230.5,1:40:35.329,23:40:35.329,0:33.703,1:21.381,1:37.692,328.8,William STEVENS,,HYPERCAR,H,Hertz Team JOTA,Porsche,GF,33.703,81.381,97.692,
38,2,22,3:41.286,0,B,33.122,0,1:20.767,0,1:47.397,0,221.7,1:44:16.615,23:44:16.615,0:33.122,1:20.767,1:47.397,329.8,William STEVENS,,HYPERCAR,H,Hertz Team JOTA,Porsche,GF,33.122,80.767,107.397,
38,2,23,4:28.332,0,,1:25.218,0,1:22.149,0,1:40.965,0,182.8,1:48:44.947,23:48:44.947,1:25.218,1:22.149,1:40.965,327.8,William STEVENS,0:01:00.983,HYPERCAR,H,Hertz Team JOTA,Porsche,GF,85.218,82.149,100.965,
38,2,24,3:38.411,0,,35.159,0,1:22.920,0,1:40.332,0,224.6,1:52:23.358,23:52:23.358,0:35.159,1:22.920,1:40.332,315.4,William STEVENS,,HYPERCAR,H,Hertz Team JOTA,Porsche,GF,35.159,82.920,100.332,
38,2,25,3:30.401,0,,32.978,0,1:20.443,0,1:36.980,0,233.1,1:55:53.759,23:55:53.759,0:32.978,1:20.443,1:36.980,328.8,William STEVENS,,HYPERCAR,H,Hertz Team JOTA,Porsche,GF,32.978,80.443,96.980,
38,2,26,3:30.822,0,,32.801,2,1:20.988,0,1:37.033,0,232.7,1:59:24.581,23:59:24.581,0:32.801,1:20.988,1:37.033,330.8,William STEVENS,,HYPERCAR,H,Hertz Team JOTA,Porsche,GF,32.801,80.988,97.033,
38,2,27,3:29.784,2,,33.397,0,1:20.425,2,1:35.962,2,233.8,2:02:54.365,00:02:54.365,0:33.397,1:20.425,1:35.962,329.8,William STEVENS,,HYPERCAR,H,Hertz Team JOTA,Porsche,FF,33.397,80.425,95.962,
39,1,1,5:42.251,0,,2:23.407,0,1:31.490,0,1:47.354,0,141.8,5:42.251,22:05:42.251,2:23.407,1:31.490,1:47.354,312.7,Roberto LACORTE,0:01:45.648,LMP2,P/A,Graff Racing,Oreca,GF,143.407,91.490,107.354,
39,1,2,3:47.471,0,,36.103,0,1:26.647,0,1:44.721,0,215.6,9:29.722,22:09:29.722,0:36.103,1:26.647,1:44.721,314.5,Roberto LACORTE,,LMP2,P/A,Graff Racing,Oreca,GF,36.103,86.647,104.721,
39,1,3,3:45.807,0,,35.578,0,1:26.638,0,1:43.591,0,217.2,13:15.529,22:13:15.529,0:35.578,1:26.638,1:43.591,316.3,Roberto LACORTE,,LMP2,P/A,Graff Racing,Oreca,GF,35.578,86.638,103.591,
39,1,4,3:44.510,0,,35.411,0,1:26.142,0,1:42.957,0,218.5,17:00.039,22:17:00.039,0:35.411,1:26.142,1:42.957,317.2,Roberto LACORTE,,LMP2,P/A,Graff Racing,Oreca,GF,35.411,86.142,102.957,
39,1,5,3:44.286,0,,35.354,1,1:25.943,1,1:42.989,1,218.7,20:44.325,22:20:44.325,0:35.354,1:25.943,1:42.989,316.3,Roberto LACORTE,,LMP2,P/A,Graff Racing,Oreca,GF,35.354,85.943,102.989,
39,1,6,3:53.455,0,B,35.430,0,1:26.346,0,1:51.679,0,210.1,24:37.780,22:24:37.780,0:35.430,1:26.346,1:51.679,319.1,Roberto LACORTE,,LMP2,P/A,Graff Racing,Oreca,GF,35.430,86.346,111.679,
39,3,7,5:35.249,0,,2:24.117,0,1:26.282,0,1:44.850,0,146.3,30:13.029,22:30:13.029,2:24.117,1:26.282,1:44.850,317.2,Patrick PILET,0:01:59.043,LMP2,P/A,Graff Racing,Oreca,GF,144.117,86.282,104.850,
39,3,8,3:41.938,0,,34.990,0,1:25.793,0,1:41.155,0,221.0,33:54.967,22:33:54.967,0:34.990,1:25.793,1:41.155,316.3,Patrick PILET,,LMP2,P/A,Graff Racing,Oreca,GF,34.990,85.793,101.155,
39,3,9,3:41.250,0,,34.380,0,1:24.469,0,1:42.401,0,221.7,37:36.217,22:37:36.217,0:34.380,1:24.469,1:42.401,316.3,Patrick PILET,,LMP2,P/A,Graff Racing,Oreca,GF,34.380,84.469,102.401,
39,3,10,3:40.361,2,,34.422,0,1:24.883,0,1:41.056,1,222.6,41:16.578,22:41:16.578,0:34.422,1:24.883,1:41.056,316.3,Patrick PILET,,LMP2,P/A,Graff Racing,Oreca,GF,34.422,84.883,101.056,
39,3,11,3:46.238,0,B,34.248,2,1:24.199,2,1:47.791,0,216.8,45:02.816,22:45:02.816,0:34.248,1:24.199,1:47.791,317.2,Patrick PILET,,LMP2,P/A,Graff Racing,Oreca,GF,34.248,84.199,107.791,
39,2,12,10:54.055,0,,7:45.501,0,1:25.985,0,1:42.569,0,75.0,55:56.871,22:55:56.871,7:45.501,1:25.985,1:42.569,315.4,Giedo VAN DER GARDE,0:07:20.822,LMP2,P/A,Graff Racing,Oreca,GF,465.501,85.985,102.569,
39,2,13,3:41.258,0,,34.770,0,1:25.774,0,1:40.714,0,221.7,59:38.129,22:59:38.129,0:34.770,1:25.774,1:40.714,300.5,Giedo VAN DER GARDE,,LMP2,P/A,Graff Racing,Oreca,GF,34.770,85.774,100.714,
39,2,14,3:39.640,0,,34.493,0,1:24.700,1,1:40.447,0,223.3,1:03:17.769,23:03:17.769,0:34.493,1:24.700,1:40.447,316.3,Giedo VAN DER GARDE,,LMP2,P/A,Graff Racing,Oreca,GF,34.493,84.700,100.447,
39,2,15,3:39.400,0,,34.407,1,1:24.726,0,1:40.267,2,223.6,1:06:57.169,23:06:57.169,0:34.407,1:24.726,1:40.267,319.1,Giedo VAN DER GARDE,,LMP2,P/A,Graff Racing,Oreca,GF,34.407,84.726,100.267,
39,2,16,3:48.527,0,B,35.573,0,1:24.519,0,1:48.435,0,214.7,1:10:45.696,23:10:45.696,0:35.573,1:24.519,1:48.435,315.4,Giedo VAN DER GARDE,,LMP2,P/A,Graff Racing,Oreca,GF,35.573,84.519,108.435,
39,2,17,10:16.600,0,B,7:02.082,0,1:25.707,0,1:48.811,0,79.6,1:21:02.296,23:21:02.296,7:02.082,1:25.707,1:48.811,310.0,Giedo VAN DER GARDE,0:06:35.793,LMP2,P/A,Graff Racing,Oreca,GF,422.082,85.707,108.811,
39,1,18,9:34.828,0,,6:21.463,0,1:28.292,0,1:45.073,0,85.3,1:30:37.124,23:30:37.124,6:21.463,1:28.292,1:45.073,311.8,Roberto LACORTE,0:05:55.073,LMP2,P/A,Graff Racing,Oreca,GF,381.463,88.292,105.073,
39,1,19,3:48.545,0,,35.792,0,1:26.885,0,1:45.868,0,214.6,1:34:25.669,23:34:25.669,0:35.792,1:26.885,1:45.868,313.6,Roberto LACORTE,,LMP2,P/A,Graff Racing,Oreca,GF,35.792,86.885,105.868,
39,1,20,3:48.858,0,,37.173,0,1:27.097,0,1:44.588,0,214.3,1:38:14.527,23:38:14.527,0:37.173,1:27.097,1:44.588,314.5,Roberto LACORTE,,LMP2,P/A,Graff Racing,Oreca,GF,37.173,87.097,104.588,
39,1,21,3:47.285,0,,36.006,0,1:26.171,0,1:45.108,0,215.8,1:42:01.812,23:42:01.812,0:36.006,1:26.171,1:45.108,319.1,Roberto LACORTE,,LMP2,P/A,Graff Racing,Oreca,GF,36.006,86.171,105.108,
39,1,22,3:53.844,0,B,36.189,0,1:26.652,0,1:51.003,0,209.8,1:45:55.656,23:45:55.656,0:36.189,1:26.652,1:51.003,314.5,Roberto LACORTE,,LMP2,P/A,Graff Racing,Oreca,GF,36.189,86.652,111.003,
4,1,1,5:47.805,0,,2:39.218,0,1:26.939,0,1:41.648,0,139.5,5:47.805,22:05:47.805,2:39.218,1:26.939,1:41.648,317.2,Tom DILLMANN,0:02:04.859,HYPERCAR,,Floyd Vanwall Racing Team,Vanwall,GF,159.218,86.939,101.648,
4,1,2,3:38.488,0,,34.201,0,1:22.471,0,1:41.816,0,224.5,9:26.293,22:09:26.293,0:34.201,1:22.471,1:41.816,332.9,Tom DILLMANN,,HYPERCAR,,Floyd Vanwall Racing Team,Vanwall,GF,34.201,82.471,101.816,
4,1,3,3:36.457,0,,33.700,2,1:21.884,0,1:40.873,0,226.6,13:02.750,22:13:02.750,0:33.700,1:21.884,1:40.873,327.8,Tom DILLMANN,,HYPERCAR,,Floyd Vanwall Racing Team,Vanwall,GF,33.700,81.884,100.873,
4,1,4,3:35.361,0,,33.716,0,1:21.620,2,1:40.025,0,227.8,16:38.111,22:16:38.111,0:33.716,1:21.620,1:40.025,328.8,Tom DILLMANN,,HYPERCAR,,Floyd Vanwall Racing Team,Vanwall,GF,33.716,81.620,100.025,
4,1,5,3:41.281,0,B,33.781,0,1:21.684,0,1:45.816,0,221.7,20:19.392,22:20:19.392,0:33.781,1:21.684,1:45.816,333.9,Tom DILLMANN,,HYPERCAR,,Floyd Vanwall Racing Team,Vanwall,GF,33.781,81.684,105.816,
4,3,6,5:31.457,0,,2:24.256,0,1:24.065,0,1:43.136,0,148.0,25:50.849,22:25:50.849,2:24.256,1:24.065,1:43.136,325.8,Tristan VAUTIER,0:01:53.786,HYPERCAR,,Floyd Vanwall Racing Team,Vanwall,GF,144.256,84.065,103.136,
4,3,7,3:36.510,0,,34.065,0,1:22.548,0,1:39.897,1,226.6,29:27.359,22:29:27.359,0:34.065,1:22.548,1:39.897,326.8,Tristan VAUTIER,,HYPERCAR,,Floyd Vanwall Racing Team,Vanwall,GF,34.065,82.548,99.897,
4,3,8,3:44.093,0,B,34.006,1,1:22.061,0,1:48.026,0,218.9,33:11.452,22:33:11.452,0:34.006,1:22.061,1:48.026,327.8,Tristan VAUTIER,,HYPERCAR,,Floyd Vanwall Racing Team,Vanwall,GF,34.006,82.061,108.026,
4,3,9,5:29.911,0,,2:23.944,0,1:23.844,0,1:42.123,0,148.7,38:41.363,22:38:41.363,2:23.944,1:23.844,1:42.123,329.8,Tristan VAUTIER,0:01:57.390,HYPERCAR,,Floyd Vanwall Racing Team,Vanwall,GF,143.944,83.844,102.123,
4,3,10,3:38.426,0,,34.425,0,1:22.213,0,1:41.788,0,224.6,42:19.789,22:42:19.789,0:34.425,1:22.213,1:41.788,329.8,Tristan VAUTIER,,HYPERCAR,,Floyd Vanwall Racing Team,Vanwall,GF,34.425,82.213,101.788,
4,3,11,3:36.244,0,,34.273,0,1:22.031,1,1:39.940,0,226.8,45:56.033,22:45:56.033,0:34.273,1:22.031,1:39.940,326.8,Tristan VAUTIER,,HYPERCAR,,Floyd Vanwall Racing Team,Vanwall,GF,34.273,82.031,99.940,
4,3,12,3:47.360,0,B,35.552,0,1:23.558,0,1:48.250,0,215.8,49:43.393,22:49:43.393,0:35.552,1:23.558,1:48.250,327.8,Tristan VAUTIER,,HYPERCAR,,Floyd Vanwall Racing Team,Vanwall,GF,35.552,83.558,108.250,
4,2,13,5:43.752,0,,2:31.542,0,1:26.710,0,1:45.500,0,142.7,55:27.145,22:55:27.145,2:31.542,1:26.710,1:45.500,324.9,Esteban GUERRIERI,0:02:01.678,HYPERCAR,,Floyd Vanwall Racing Team,Vanwall,GF,151.542,86.710,105.500,
4,2,14,3:41.071,0,,35.115,0,1:23.801,0,1:42.155,0,221.9,59:08.216,22:59:08.216,0:35.115,1:23.801,1:42.155,326.8,Esteban GUERRIERI,,HYPERCAR,,Floyd Vanwall Racing Team,Vanwall,GF,35.115,83.801,102.155,
4,2,15,3:41.337,0,,34.731,0,1:23.084,0,1:43.522,0,221.6,1:02:49.553,23:02:49.553,0:34.731,1:23.084,1:43.522,322.9,Esteban GUERRIERI,,HYPERCAR,,Floyd Vanwall Racing Team,Vanwall,GF,34.731,83.084,103.522,
4,2,16,3:44.216,0,,35.251,0,1:24.202,0,1:44.763,0,218.8,1:06:33.769,23:06:33.769,0:35.251,1:24.202,1:44.763,322.0,Esteban GUERRIERI,,HYPERCAR,,Floyd Vanwall Racing Team,Vanwall,GF,35.251,84.202,104.763,
4,2,17,3:43.061,0,,36.093,0,1:24.048,0,1:42.920,0,219.9,1:10:16.830,23:10:16.830,0:36.093,1:24.048,1:42.920,324.9,Esteban GUERRIERI,,HYPERCAR,,Floyd Vanwall Racing Team,Vanwall,GF,36.093,84.048,102.920,
4,2,18,3:39.518,0,,34.898,0,1:23.106,0,1:41.514,0,223.5,1:13:56.348,23:13:56.348,0:34.898,1:23.106,1:41.514,326.8,Esteban GUERRIERI,,HYPERCAR,,Floyd Vanwall Racing Team,Vanwall,GF,34.898,83.106,101.514,
4,2,19,3:38.217,0,,34.698,0,1:22.556,0,1:40.963,0,224.8,1:17:34.565,23:17:34.565,0:34.698,1:22.556,1:40.963,325.8,Esteban GUERRIERI,,HYPERCAR,,Floyd Vanwall Racing Team,Vanwall,GF,34.698,82.556,100.963,
4,2,20,3:36.060,0,,34.247,0,1:21.880,1,1:39.933,1,227.0,1:21:10.625,23:21:10.625,0:34.247,1:21.880,1:39.933,327.8,Esteban GUERRIERI,,HYPERCAR,,Floyd Vanwall Racing Team,Vanwall,GF,34.247,81.880,99.933,
4,2,21,3:36.961,0,,34.107,1,1:21.953,0,1:40.901,0,226.1,1:24:47.586,23:24:47.586,0:34.107,1:21.953,1:40.901,327.8,Esteban GUERRIERI,,HYPERCAR,,Floyd Vanwall Racing Team,Vanwall,GF,34.107,81.953,100.901,
4,2,22,3:47.793,0,B,34.120,0,1:21.926,0,1:51.747,0,215.3,1:28:35.379,23:28:35.379,0:34.120,1:21.926,1:51.747,327.8,Esteban GUERRIERI,,HYPERCAR,,Floyd Vanwall Racing Team,Vanwall,GF,34.120,81.926,111.747,
4,1,23,5:13.745,0,,2:09.193,0,1:23.184,0,1:41.368,0,156.3,1:33:49.124,23:33:49.124,2:09.193,1:23.184,1:41.368,328.8,Tom DILLMANN,0:01:44.296,HYPERCAR,,Floyd Vanwall Racing Team,Vanwall,GF,129.193,83.184,101.368,
4,1,24,3:46.270,0,B,34.116,0,1:23.191,0,1:48.963,0,216.8,1:37:35.394,23:37:35.394,0:34.116,1:23.191,1:48.963,327.8,Tom DILLMANN,,HYPERCAR,,Floyd Vanwall Racing Team,Vanwall,GF,34.116,83.191,108.963,
4,1,25,14:50.441,0,,11:43.058,0,1:25.587,0,1:41.796,0,55.1,1:52:25.835,23:52:25.835,11:43.058,1:25.587,1:41.796,322.0,Tom DILLMANN,0:11:17.123,HYPERCAR,,Floyd Vanwall Racing Team,Vanwall,GF,703.058,85.587,101.796,
4,1,26,3:36.452,0,,34.314,0,1:22.737,0,1:39.401,2,226.6,1:56:02.287,23:56:02.287,0:34.314,1:22.737,1:39.401,325.8,Tom DILLMANN,,HYPERCAR,,Floyd Vanwall Racing Team,Vanwall,GF,34.314,82.737,99.401,
4,1,27,3:36.967,0,,34.913,0,1:22.153,0,1:39.901,0,226.1,1:59:39.254,23:59:39.254,0:34.913,1:22.153,1:39.901,325.8,Tom DILLMANN,,HYPERCAR,,Floyd Vanwall Racing Team,Vanwall,GF,34.913,82.153,99.901,
4,1,28,3:35.147,2,,33.870,0,1:21.802,0,1:39.475,0,228.0,2:03:14.401,00:03:14.401,0:33.870,1:21.802,1:39.475,328.8,Tom DILLMANN,,HYPERCAR,,Floyd Vanwall Racing Team,Vanwall,FF,33.870,81.802,99.475,
41,1,1,7:44.184,0,,4:31.502,0,1:27.760,0,1:44.922,0,104.6,7:44.184,22:07:44.184,4:31.502,1:27.760,1:44.922,310.0,Rui ANDRADE,0:03:57.003,LMP2,,Team WRT,Oreca,GF,271.502,87.760,104.922,
41,1,2,3:41.074,2,,34.707,0,1:25.510,0,1:40.857,2,221.9,11:25.258,22:11:25.258,0:34.707,1:25.510,1:40.857,312.7,Rui ANDRADE,,LMP2,,Team WRT,Oreca,GF,34.707,85.510,100.857,
41,1,3,3:41.176,0,,34.517,1,1:25.312,0,1:41.347,0,221.8,15:06.434,22:15:06.434,0:34.517,1:25.312,1:41.347,313.6,Rui ANDRADE,,LMP2,,Team WRT,Oreca,GF,34.517,85.312,101.347,
41,1,4,3:47.633,0,,34.801,0,1:26.336,0,1:46.496,0,215.5,18:54.067,22:18:54.067,0:34.801,1:26.336,1:46.496,317.2,Rui ANDRADE,,LMP2,,Team WRT,Oreca,GF,34.801,86.336,106.496,
41,1,5,3:42.557,0,,34.693,0,1:25.740,0,1:42.124,0,220.4,22:36.624,22:22:36.624,0:34.693,1:25.740,1:42.124,313.6,Rui ANDRADE,,LMP2,,Team WRT,Oreca,GF,34.693,85.740,102.124,
41,1,6,3:41.304,0,,34.799,0,1:25.470,0,1:41.035,0,221.7,26:17.928,22:26:17.928,0:34.799,1:25.470,1:41.035,313.6,Rui ANDRADE,,LMP2,,Team WRT,Oreca,GF,34.799,85.470,101.035,
41,1,7,3:43.037,0,,35.129,0,1:25.473,0,1:42.435,0,219.9,30:00.965,22:30:00.965,0:35.129,1:25.473,1:42.435,312.7,Rui ANDRADE,,LMP2,,Team WRT,Oreca,GF,35.129,85.473,102.435,
41,1,8,3:42.314,0,,34.718,0,1:25.581,0,1:42.015,0,220.7,33:43.279,22:33:43.279,0:34.718,1:25.581,1:42.015,313.6,Rui ANDRADE,,LMP2,,Team WRT,Oreca,GF,34.718,85.581,102.015,
41,1,9,3:41.614,0,,34.639,0,1:25.198,0,1:41.777,0,221.3,37:24.893,22:37:24.893,0:34.639,1:25.198,1:41.777,315.4,Rui ANDRADE,,LMP2,,Team WRT,Oreca,GF,34.639,85.198,101.777,
41,1,10,3:48.422,0,B,34.801,0,1:25.167,0,1:48.454,0,214.7,41:13.315,22:41:13.315,0:34.801,1:25.167,1:48.454,314.5,Rui ANDRADE,,LMP2,,Team WRT,Oreca,GF,34.801,85.167,108.454,
41,3,11,5:36.822,0,,2:25.711,0,1:27.067,0,1:44.044,0,145.6,46:50.137,22:46:50.137,2:25.711,1:27.067,1:44.044,318.2,Robert KUBICA,0:02:00.738,LMP2,,Team WRT,Oreca,GF,145.711,87.067,104.044,
41,3,12,3:45.092,0,,34.855,0,1:25.022,0,1:45.215,0,217.9,50:35.229,22:50:35.229,0:34.855,1:25.022,1:45.215,316.3,Robert KUBICA,,LMP2,,Team WRT,Oreca,GF,34.855,85.022,105.215,
41,3,13,3:41.665,0,,34.803,0,1:24.856,0,1:42.006,0,221.3,54:16.894,22:54:16.894,0:34.803,1:24.856,1:42.006,313.6,Robert KUBICA,,LMP2,,Team WRT,Oreca,GF,34.803,84.856,102.006,
41,3,14,3:42.271,0,,34.779,0,1:25.588,0,1:41.904,1,220.7,57:59.165,22:57:59.165,0:34.779,1:25.588,1:41.904,316.3,Robert KUBICA,,LMP2,,Team WRT,Oreca,GF,34.779,85.588,101.904,
41,3,15,3:42.023,0,,34.649,0,1:24.965,0,1:42.409,0,220.9,1:01:41.188,23:01:41.188,0:34.649,1:24.965,1:42.409,315.4,Robert KUBICA,,LMP2,,Team WRT,Oreca,GF,34.649,84.965,102.409,
41,3,16,3:48.050,0,,36.779,0,1:26.119,0,1:45.152,0,215.1,1:05:29.238,23:05:29.238,0:36.779,1:26.119,1:45.152,320.1,Robert KUBICA,,LMP2,,Team WRT,Oreca,GF,36.779,86.119,105.152,
41,3,17,3:39.014,0,,34.325,1,1:24.482,2,1:40.207,0,224.0,1:09:08.252,23:09:08.252,0:34.325,1:24.482,1:40.207,314.5,Robert KUBICA,,LMP2,,Team WRT,Oreca,GF,34.325,84.482,100.207,
41,3,18,3:55.925,0,B,34.376,0,1:26.024,0,1:55.525,0,207.9,1:13:04.177,23:13:04.177,0:34.376,1:26.024,1:55.525,320.1,Robert KUBICA,,LMP2,,Team WRT,Oreca,GF,34.376,86.024,115.525,
41,2,19,5:46.451,0,,2:37.134,0,1:26.347,0,1:42.970,0,141.6,1:18:50.628,23:18:50.628,2:37.134,1:26.347,1:42.970,311.8,Louis DELÉTRAZ,0:02:12.229,LMP2,,Team WRT,Oreca,GF,157.134,86.347,102.970,
41,2,20,3:41.662,0,,34.719,0,1:25.177,0,1:41.766,0,221.3,1:22:32.290,23:22:32.290,0:34.719,1:25.177,1:41.766,312.7,Louis DELÉTRAZ,,LMP2,,Team WRT,Oreca,GF,34.719,85.177,101.766,
41,2,21,3:41.716,0,,34.457,0,1:24.786,0,1:42.473,0,221.2,1:26:14.006,23:26:14.006,0:34.457,1:24.786,1:42.473,314.5,Louis DELÉTRAZ,,LMP2,,Team WRT,Oreca,GF,34.457,84.786,102.473,
41,2,22,3:43.000,0,,35.672,0,1:25.918,0,1:41.410,1,220.0,1:29:57.006,23:29:57.006,0:35.672,1:25.918,1:41.410,312.7,Louis DELÉTRAZ,,LMP2,,Team WRT,Oreca,GF,35.672,85.918,101.410,
41,2,23,3:42.892,0,,34.326,0,1:25.123,0,1:43.443,0,220.1,1:33:39.898,23:33:39.898,0:34.326,1:25.123,1:43.443,314.5,Louis DELÉTRAZ,,LMP2,,Team WRT,Oreca,GF,34.326,85.123,103.443,
41,2,24,3:42.215,0,,35.694,0,1:24.947,0,1:41.574,0,220.7,1:37:22.113,23:37:22.113,0:35.694,1:24.947,1:41.574,313.6,Louis DELÉTRAZ,,LMP2,,Team WRT,Oreca,GF,35.694,84.947,101.574,
41,2,25,3:42.093,0,,34.449,0,1:24.761,0,1:42.883,0,220.9,1:41:04.206,23:41:04.206,0:34.449,1:24.761,1:42.883,315.4,Louis DELÉTRAZ,,LMP2,,Team WRT,Oreca,GF,34.449,84.761,102.883,
41,2,26,3:46.996,0,B,34.283,2,1:24.762,1,1:47.951,0,216.1,1:44:51.202,23:44:51.202,0:34.283,1:24.762,1:47.951,315.4,Louis DELÉTRAZ,,LMP2,,Team WRT,Oreca,GF,34.283,84.762,107.951,
41,1,27,5:24.143,0,,2:11.915,0,1:29.160,0,1:43.068,0,151.3,1:50:15.345,23:50:15.345,2:11.915,1:29.160,1:43.068,309.1,Rui ANDRADE,0:01:44.571,LMP2,,Team WRT,Oreca,GF,131.915,89.160,103.068,
41,1,28,3:44.392,0,,34.819,0,1:25.271,0,1:44.302,0,218.6,1:53:59.737,23:53:59.737,0:34.819,1:25.271,1:44.302,314.5,Rui ANDRADE,,LMP2,,Team WRT,Oreca,GF,34.819,85.271,104.302,
41,1,29,3:43.258,0,,34.954,0,1:25.900,0,1:42.404,0,219.7,1:57:42.995,23:57:42.995,0:34.954,1:25.900,1:42.404,316.3,Rui ANDRADE,,LMP2,,Team WRT,Oreca,GF,34.954,85.900,102.404,
41,1,30,3:54.644,0,B,34.759,0,1:24.939,1,1:54.946,0,209.1,2:01:37.639,00:01:37.639,0:34.759,1:24.939,1:54.946,316.3,Rui ANDRADE,,LMP2,,Team WRT,Oreca,FF,34.759,84.939,114.946,
43,3,1,16:26.411,0,,13:15.739,0,1:26.786,0,1:43.886,0,49.2,16:26.411,22:16:26.411,13:15.739,1:26.786,1:43.886,313.6,Maxime MARTIN,0:12:39.875,LMP2,P/A,DKR Engineering,Oreca,GF,795.739,86.786,103.886,
43,3,2,3:44.043,0,,34.719,0,1:27.537,0,1:41.787,0,218.9,20:10.454,22:20:10.454,0:34.719,1:27.537,1:41.787,319.1,Maxime MARTIN,,LMP2,P/A,DKR Engineering,Oreca,GF,34.719,87.537,101.787,
43,3,3,3:38.275,2,,34.107,0,1:24.698,0,1:39.470,0,224.7,23:48.729,22:23:48.729,0:34.107,1:24.698,1:39.470,315.4,Maxime MARTIN,,LMP2,P/A,DKR Engineering,Oreca,GF,34.107,84.698,99.470,
43,3,4,3:38.345,0,,34.070,0,1:25.134,0,1:39.141,2,224.7,27:27.074,22:27:27.074,0:34.070,1:25.134,1:39.141,315.4,Maxime MARTIN,,LMP2,P/A,DKR Engineering,Oreca,GF,34.070,85.134,99.141,
43,3,5,3:45.783,0,B,34.068,2,1:24.183,2,1:47.532,0,217.3,31:12.857,22:31:12.857,0:34.068,1:24.183,1:47.532,314.5,Maxime MARTIN,,LMP2,P/A,DKR Engineering,Oreca,GF,34.068,84.183,107.532,
43,1,6,5:51.776,0,,2:35.541,0,1:28.659,0,1:47.576,0,139.4,37:04.633,22:37:04.633,2:35.541,1:28.659,1:47.576,303.0,Tom VAN ROMPUY,0:02:06.959,LMP2,P/A,DKR Engineering,Oreca,GF,155.541,88.659,107.576,
43,1,7,3:52.581,0,,38.496,0,1:28.170,0,1:45.915,0,210.9,40:57.214,22:40:57.214,0:38.496,1:28.170,1:45.915,312.7,Tom VAN ROMPUY,,LMP2,P/A,DKR Engineering,Oreca,GF,38.496,88.170,105.915,
43,1,8,3:49.725,0,,36.362,0,1:27.205,0,1:46.158,0,213.5,44:46.939,22:44:46.939,0:36.362,1:27.205,1:46.158,315.4,Tom VAN ROMPUY,,LMP2,P/A,DKR Engineering,Oreca,GF,36.362,87.205,106.158,
43,1,9,3:50.309,0,,36.445,0,1:27.883,0,1:45.981,0,213.0,48:37.248,22:48:37.248,0:36.445,1:27.883,1:45.981,310.0,Tom VAN ROMPUY,,LMP2,P/A,DKR Engineering,Oreca,GF,36.445,87.883,105.981,
43,1,10,3:50.193,0,,36.023,0,1:27.495,0,1:46.675,0,213.1,52:27.441,22:52:27.441,0:36.023,1:27.495,1:46.675,311.8,Tom VAN ROMPUY,,LMP2,P/A,DKR Engineering,Oreca,GF,36.023,87.495,106.675,
43,1,11,3:49.306,0,,36.455,0,1:27.195,0,1:45.656,0,213.9,56:16.747,22:56:16.747,0:36.455,1:27.195,1:45.656,310.9,Tom VAN ROMPUY,,LMP2,P/A,DKR Engineering,Oreca,GF,36.455,87.195,105.656,
43,1,12,3:50.405,0,,35.917,1,1:27.235,0,1:47.253,0,212.9,1:00:07.152,23:00:07.152,0:35.917,1:27.235,1:47.253,312.7,Tom VAN ROMPUY,,LMP2,P/A,DKR Engineering,Oreca,GF,35.917,87.235,107.253,
43,1,13,3:51.231,0,,36.744,0,1:27.034,0,1:47.453,0,212.1,1:03:58.383,23:03:58.383,0:36.744,1:27.034,1:47.453,315.4,Tom VAN ROMPUY,,LMP2,P/A,DKR Engineering,Oreca,GF,36.744,87.034,107.453,
43,1,14,3:51.356,0,,37.041,0,1:28.994,0,1:45.321,1,212.0,1:07:49.739,23:07:49.739,0:37.041,1:28.994,1:45.321,276.7,Tom VAN ROMPUY,,LMP2,P/A,DKR Engineering,Oreca,GF,37.041,88.994,105.321,
43,1,15,3:49.812,0,,35.940,0,1:27.145,0,1:46.727,0,213.5,1:11:39.551,23:11:39.551,0:35.940,1:27.145,1:46.727,314.5,Tom VAN ROMPUY,,LMP2,P/A,DKR Engineering,Oreca,GF,35.940,87.145,106.727,
43,1,16,3:56.635,0,B,36.042,0,1:26.649,1,1:53.944,0,207.3,1:15:36.186,23:15:36.186,0:36.042,1:26.649,1:53.944,317.2,Tom VAN ROMPUY,,LMP2,P/A,DKR Engineering,Oreca,GF,36.042,86.649,113.944,
43,2,17,9:23.283,0,,6:11.490,0,1:27.487,0,1:44.306,0,87.1,1:24:59.469,23:24:59.469,6:11.490,1:27.487,1:44.306,310.0,Ugo DE WILDE,0:05:45.898,LMP2,P/A,DKR Engineering,Oreca,GF,371.490,87.487,104.306,
43,2,18,3:44.360,0,,35.423,0,1:26.375,0,1:42.562,0,218.6,1:28:43.829,23:28:43.829,0:35.423,1:26.375,1:42.562,314.5,Ugo DE WILDE,,LMP2,P/A,DKR Engineering,Oreca,GF,35.423,86.375,102.562,
43,2,19,3:42.579,0,,35.013,0,1:25.600,0,1:41.966,0,220.4,1:32:26.408,23:32:26.408,0:35.013,1:25.600,1:41.966,312.7,Ugo DE WILDE,,LMP2,P/A,DKR Engineering,Oreca,GF,35.013,85.600,101.966,
43,2,20,3:41.608,0,,34.772,0,1:25.349,0,1:41.487,0,221.4,1:36:08.016,23:36:08.016,0:34.772,1:25.349,1:41.487,316.3,Ugo DE WILDE,,LMP2,P/A,DKR Engineering,Oreca,GF,34.772,85.349,101.487,
43,2,21,3:52.793,0,B,34.614,1,1:26.488,0,1:51.691,0,210.7,1:40:00.809,23:40:00.809,0:34.614,1:26.488,1:51.691,317.2,Ugo DE WILDE,,LMP2,P/A,DKR Engineering,Oreca,GF,34.614,86.488,111.691,
43,2,22,6:29.574,0,,3:22.023,0,1:26.358,0,1:41.193,0,125.9,1:46:30.383,23:46:30.383,3:22.023,1:26.358,1:41.193,298.8,Ugo DE WILDE,0:02:57.797,LMP2,P/A,DKR Engineering,Oreca,GF,202.023,86.358,101.193,
43,2,23,3:48.924,0,B,34.701,0,1:25.449,0,1:48.774,0,214.3,1:50:19.307,23:50:19.307,0:34.701,1:25.449,1:48.774,314.5,Ugo DE WILDE,,LMP2,P/A,DKR Engineering,Oreca,GF,34.701,85.449,108.774,
43,2,24,7:32.884,0,,4:25.310,0,1:25.347,0,1:42.227,0,108.3,1:57:52.191,23:57:52.191,4:25.310,1:25.347,1:42.227,313.6,Ugo DE WILDE,0:04:00.542,LMP2,P/A,DKR Engineering,Oreca,GF,265.310,85.347,102.227,
43,2,25,3:39.950,0,,34.796,0,1:24.593,1,1:40.561,1,223.0,2:01:32.141,00:01:32.141,0:34.796,1:24.593,1:40.561,314.5,Ugo DE WILDE,,LMP2,P/A,DKR Engineering,Oreca,FF,34.796,84.593,100.561,
45,3,1,4:23.020,0,,1:12.226,0,1:26.555,0,1:44.239,0,184.5,4:23.020,22:04:23.020,1:12.226,1:26.555,1:44.239,310.0,Colin BRAUN,0:00:38.055,LMP2,P/A,Algarve Pro Racing,Oreca,GF,72.226,86.555,104.239,
45,3,2,3:43.294,0,,36.084,0,1:25.468,0,1:41.742,0,219.7,8:06.314,22:08:06.314,0:36.084,1:25.468,1:41.742,312.7,Colin BRAUN,,LMP2,P/A,Algarve Pro Racing,Oreca,GF,36.084,85.468,101.742,
45,3,3,3:41.178,0,,34.678,0,1:25.243,0,1:41.257,0,221.8,11:47.492,22:11:47.492,0:34.678,1:25.243,1:41.257,316.3,Colin BRAUN,,LMP2,P/A,Algarve Pro Racing,Oreca,GF,34.678,85.243,101.257,
45,3,4,3:40.606,0,,34.597,0,1:24.918,0,1:41.091,0,222.4,15:28.098,22:15:28.098,0:34.597,1:24.918,1:41.091,315.4,Colin BRAUN,,LMP2,P/A,Algarve Pro Racing,Oreca,GF,34.597,84.918,101.091,
45,3,5,3:46.840,0,,35.024,0,1:25.062,0,1:46.754,0,216.2,19:14.938,22:19:14.938,0:35.024,1:25.062,1:46.754,315.4,Colin BRAUN,,LMP2,P/A,Algarve Pro Racing,Oreca,GF,35.024,85.062,106.754,
45,3,6,3:45.194,0,,34.431,2,1:25.873,0,1:44.890,0,217.8,23:00.132,22:23:00.132,0:34.431,1:25.873,1:44.890,318.2,Colin BRAUN,,LMP2,P/A,Algarve Pro Racing,Oreca,GF,34.431,85.873,104.890,
45,3,7,3:48.535,0,B,34.717,0,1:25.666,0,1:48.152,0,214.6,26:48.667,22:26:48.667,0:34.717,1:25.666,1:48.152,294.8,Colin BRAUN,,LMP2,P/A,Algarve Pro Racing,Oreca,GF,34.717,85.666,108.152,
45,3,8,4:03.311,0,,56.539,0,1:25.394,0,1:41.378,0,201.6,30:51.978,22:30:51.978,0:56.539,1:25.394,1:41.378,315.4,Colin BRAUN,0:00:32.169,LMP2,P/A,Algarve Pro Racing,Oreca,GF,56.539,85.394,101.378,
45,3,9,3:40.523,0,,34.824,0,1:24.645,2,1:41.054,1,222.4,34:32.501,22:34:32.501,0:34.824,1:24.645,1:41.054,314.5,Colin BRAUN,,LMP2,P/A,Algarve Pro Racing,Oreca,GF,34.824,84.645,101.054,
45,3,10,3:42.046,0,,35.078,0,1:25.446,0,1:41.522,0,220.9,38:14.547,22:38:14.547,0:35.078,1:25.446,1:41.522,315.4,Colin BRAUN,,LMP2,P/A,Algarve Pro Racing,Oreca,GF,35.078,85.446,101.522,
45,3,11,3:58.909,0,B,34.746,0,1:33.770,0,1:50.393,0,205.3,42:13.456,22:42:13.456,0:34.746,1:33.770,1:50.393,315.4,Colin BRAUN,,LMP2,P/A,Algarve Pro Racing,Oreca,GF,34.746,93.770,110.393,
45,1,12,13:37.896,0,,10:10.927,0,1:33.787,0,1:53.182,0,60.0,55:51.352,22:55:51.352,10:10.927,1:33.787,1:53.182,244.8,George KURTZ,0:09:41.543,LMP2,P/A,Algarve Pro Racing,Oreca,GF,610.927,93.787,113.182,
45,1,13,4:05.513,0,,38.156,0,1:32.609,0,1:54.748,0,199.8,59:56.865,22:59:56.865,0:38.156,1:32.609,1:54.748,276.7,George KURTZ,,LMP2,P/A,Algarve Pro Racing,Oreca,GF,38.156,92.609,114.748,
45,1,14,4:01.010,0,,37.837,0,1:32.593,0,1:50.580,0,203.5,1:03:57.875,23:03:57.875,0:37.837,1:32.593,1:50.580,311.8,George KURTZ,,LMP2,P/A,Algarve Pro Racing,Oreca,GF,37.837,92.593,110.580,
45,1,15,4:09.739,0,,37.245,0,1:42.211,0,1:50.283,0,196.4,1:08:07.614,23:08:07.614,0:37.245,1:42.211,1:50.283,200.7,George KURTZ,,LMP2,P/A,Algarve Pro Racing,Oreca,GF,37.245,102.211,110.283,
45,1,16,4:08.576,0,B,38.775,0,1:30.655,0,1:59.146,0,197.3,1:12:16.190,23:12:16.190,0:38.775,1:30.655,1:59.146,238.8,George KURTZ,,LMP2,P/A,Algarve Pro Racing,Oreca,GF,38.775,90.655,119.146,
45,1,17,4:17.378,0,,59.350,0,1:29.460,0,1:48.568,0,190.6,1:16:33.568,23:16:33.568,0:59.350,1:29.460,1:48.568,263.9,George KURTZ,0:00:32.012,LMP2,P/A,Algarve Pro Racing,Oreca,GF,59.350,89.460,108.568,
45,1,18,3:55.303,0,,36.738,0,1:28.923,0,1:49.642,0,208.5,1:20:28.871,23:20:28.871,0:36.738,1:28.923,1:49.642,287.7,George KURTZ,,LMP2,P/A,Algarve Pro Racing,Oreca,GF,36.738,88.923,109.642,
45,1,19,3:52.378,0,,36.238,0,1:29.642,0,1:46.498,0,211.1,1:24:21.249,23:24:21.249,0:36.238,1:29.642,1:46.498,278.8,George KURTZ,,LMP2,P/A,Algarve Pro Racing,Oreca,GF,36.238,89.642,106.498,
45,1,20,3:53.044,0,,36.000,0,1:28.471,0,1:48.573,0,210.5,1:28:14.293,23:28:14.293,0:36.000,1:28.471,1:48.573,309.1,George KURTZ,,LMP2,P/A,Algarve Pro Racing,Oreca,GF,36.000,88.471,108.573,
45,1,21,3:51.306,0,,35.667,1,1:28.306,0,1:47.333,0,212.1,1:32:05.599,23:32:05.599,0:35.667,1:28.306,1:47.333,311.8,George KURTZ,,LMP2,P/A,Algarve Pro Racing,Oreca,GF,35.667,88.306,107.333,
45,1,22,3:48.903,0,,35.668,0,1:27.215,1,1:46.020,1,214.3,1:35:54.502,23:35:54.502,0:35.668,1:27.215,1:46.020,310.0,George KURTZ,,LMP2,P/A,Algarve Pro Racing,Oreca,GF,35.668,87.215,106.020,
45,1,23,3:56.932,0,B,36.158,0,1:27.600,0,1:53.174,0,207.0,1:39:51.434,23:39:51.434,0:36.158,1:27.600,1:53.174,310.0,George KURTZ,,LMP2,P/A,Algarve Pro Racing,Oreca,GF,36.158,87.600,113.174,
45,2,24,5:05.023,0,,1:54.319,0,1:27.876,0,1:42.828,0,160.8,1:44:56.457,23:44:56.457,1:54.319,1:27.876,1:42.828,310.0,James ALLEN,0:01:29.420,LMP2,P/A,Algarve Pro Racing,Oreca,GF,114.319,87.876,102.828,
45,2,25,3:45.405,0,,34.737,0,1:25.481,0,1:45.187,0,217.6,1:48:41.862,23:48:41.862,0:34.737,1:25.481,1:45.187,313.6,James ALLEN,,LMP2,P/A,Algarve Pro Racing,Oreca,GF,34.737,85.481,105.187,
45,2,26,3:45.733,0,,36.932,0,1:26.505,0,1:42.296,0,217.3,1:52:27.595,23:52:27.595,0:36.932,1:26.505,1:42.296,317.2,James ALLEN,,LMP2,P/A,Algarve Pro Racing,Oreca,GF,36.932,86.505,102.296,
45,2,27,3:44.194,0,,34.812,0,1:27.756,0,1:41.626,0,218.8,1:56:11.789,23:56:11.789,0:34.812,1:27.756,1:41.626,309.1,James ALLEN,,LMP2,P/A,Algarve Pro Racing,Oreca,GF,34.812,87.756,101.626,
45,2,28,3:41.103,0,,34.597,0,1:25.178,0,1:41.328,0,221.9,1:59:52.892,23:59:52.892,0:34.597,1:25.178,1:41.328,312.7,James ALLEN,,LMP2,P/A,Algarve Pro Racing,Oreca,GF,34.597,85.178,101.328,
45,2,29,3:40.185,2,,34.518,1,1:24.904,1,1:40.763,2,222.8,2:03:33.077,00:03:33.077,0:34.518,1:24.904,1:40.763,311.8,James ALLEN,,LMP2,P/A,Algarve Pro Racing,Oreca,FF,34.518,84.904,100.763,
47,3,1,8:13.463,0,,5:02.192,0,1:27.855,0,1:43.416,0,98.3,8:13.463,22:08:13.463,5:02.192,1:27.855,1:43.416,309.1,Simon PAGENAUD,0:04:24.147,LMP2,,COOL Racing,Oreca,GF,302.192,87.855,103.416,
47,3,2,3:44.802,0,,35.085,0,1:25.249,0,1:44.468,0,218.2,11:58.265,22:11:58.265,0:35.085,1:25.249,1:44.468,317.2,Simon PAGENAUD,,LMP2,,COOL Racing,Oreca,GF,35.085,85.249,104.468,
47,3,3,3:40.221,2,,34.608,0,1:24.595,2,1:41.018,2,222.7,15:38.486,22:15:38.486,0:34.608,1:24.595,1:41.018,316.3,Simon PAGENAUD,,LMP2,,COOL Racing,Oreca,GF,34.608,84.595,101.018,
47,3,4,3:45.062,0,,34.973,0,1:24.681,0,1:45.408,0,218.0,19:23.548,22:19:23.548,0:34.973,1:24.681,1:45.408,314.5,Simon PAGENAUD,,LMP2,,COOL Racing,Oreca,GF,34.973,84.681,105.408,
47,3,5,3:45.790,0,,35.106,0,1:25.076,0,1:45.608,0,217.3,23:09.338,22:23:09.338,0:35.106,1:25.076,1:45.608,315.4,Simon PAGENAUD,,LMP2,,COOL Racing,Oreca,GF,35.106,85.076,105.608,
47,3,6,3:49.996,0,B,35.498,0,1:25.205,0,1:49.293,0,213.3,26:59.334,22:26:59.334,0:35.498,1:25.205,1:49.293,316.3,Simon PAGENAUD,,LMP2,,COOL Racing,Oreca,GF,35.498,85.205,109.293,
47,2,7,5:37.008,0,,2:22.871,0,1:27.496,0,1:46.641,0,145.6,32:36.342,22:32:36.342,2:22.871,1:27.496,1:46.641,311.8,Vladislav LOMKO,0:01:54.602,LMP2,,COOL Racing,Oreca,GF,142.871,87.496,106.641,
47,2,8,3:47.517,0,,35.527,0,1:25.989,0,1:46.001,0,215.6,36:23.859,22:36:23.859,0:35.527,1:25.989,1:46.001,316.3,Vladislav LOMKO,,LMP2,,COOL Racing,Oreca,GF,35.527,85.989,106.001,
47,2,9,3:44.830,0,,35.138,0,1:25.874,0,1:43.818,0,218.2,40:08.689,22:40:08.689,0:35.138,1:25.874,1:43.818,304.7,Vladislav LOMKO,,LMP2,,COOL Racing,Oreca,GF,35.138,85.874,103.818,
47,2,10,3:43.294,0,,35.088,0,1:25.950,0,1:42.256,0,219.7,43:51.983,22:43:51.983,0:35.088,1:25.950,1:42.256,314.5,Vladislav LOMKO,,LMP2,,COOL Racing,Oreca,GF,35.088,85.950,102.256,
47,2,11,3:42.408,0,,35.310,0,1:25.307,0,1:41.791,0,220.6,47:34.391,22:47:34.391,0:35.310,1:25.307,1:41.791,314.5,Vladislav LOMKO,,LMP2,,COOL Racing,Oreca,GF,35.310,85.307,101.791,
47,2,12,3:42.062,0,,34.778,0,1:25.095,0,1:42.189,0,220.9,51:16.453,22:51:16.453,0:34.778,1:25.095,1:42.189,313.6,Vladislav LOMKO,,LMP2,,COOL Racing,Oreca,GF,34.778,85.095,102.189,
47,2,13,3:43.092,0,,36.145,0,1:25.182,0,1:41.765,1,219.9,54:59.545,22:54:59.545,0:36.145,1:25.182,1:41.765,315.4,Vladislav LOMKO,,LMP2,,COOL Racing,Oreca,GF,36.145,85.182,101.765,
47,2,14,3:46.574,0,,34.668,1,1:25.302,0,1:46.604,0,216.5,58:46.119,22:58:46.119,0:34.668,1:25.302,1:46.604,319.1,Vladislav LOMKO,,LMP2,,COOL Racing,Oreca,GF,34.668,85.302,106.604,
47,2,15,3:46.979,0,,35.437,0,1:25.083,1,1:46.459,0,216.1,1:02:33.098,23:02:33.098,0:35.437,1:25.083,1:46.459,316.3,Vladislav LOMKO,,LMP2,,COOL Racing,Oreca,GF,35.437,85.083,106.459,
47,2,16,3:53.051,0,B,35.343,0,1:27.227,0,1:50.481,0,210.5,1:06:26.149,23:06:26.149,0:35.343,1:27.227,1:50.481,319.1,Vladislav LOMKO,,LMP2,,COOL Racing,Oreca,GF,35.343,87.227,110.481,
47,1,17,6:43.323,0,,3:29.738,0,1:30.251,0,1:43.334,0,121.6,1:13:09.472,23:13:09.472,3:29.738,1:30.251,1:43.334,312.7,Reshad DE GÉRUS,0:03:04.253,LMP2,,COOL Racing,Oreca,GF,209.738,90.251,103.334,
47,1,18,3:43.358,0,,35.059,0,1:25.590,0,1:42.709,0,219.6,1:16:52.830,23:16:52.830,0:35.059,1:25.590,1:42.709,316.3,Reshad DE GÉRUS,,LMP2,,COOL Racing,Oreca,GF,35.059,85.590,102.709,
47,1,19,3:43.064,0,,35.692,0,1:26.048,0,1:41.324,1,219.9,1:20:35.894,23:20:35.894,0:35.692,1:26.048,1:41.324,314.5,Reshad DE GÉRUS,,LMP2,,COOL Racing,Oreca,GF,35.692,86.048,101.324,
47,1,20,3:44.190,0,,35.048,0,1:25.932,0,1:43.210,0,218.8,1:24:20.084,23:24:20.084,0:35.048,1:25.932,1:43.210,314.5,Reshad DE GÉRUS,,LMP2,,COOL Racing,Oreca,GF,35.048,85.932,103.210,
47,1,21,3:48.933,0,B,34.926,1,1:25.519,1,1:48.488,0,214.3,1:28:09.017,23:28:09.017,0:34.926,1:25.519,1:48.488,318.2,Reshad DE GÉRUS,,LMP2,,COOL Racing,Oreca,GF,34.926,85.519,108.488,
47,3,22,5:07.696,0,,1:58.011,0,1:25.925,0,1:43.760,0,159.4,1:33:16.713,23:33:16.713,1:58.011,1:25.925,1:43.760,312.7,Simon PAGENAUD,0:01:32.280,LMP2,,COOL Racing,Oreca,GF,118.011,85.925,103.760,
47,3,23,3:47.224,0,,34.907,0,1:24.847,0,1:47.470,0,215.9,1:37:03.937,23:37:03.937,0:34.907,1:24.847,1:47.470,315.4,Simon PAGENAUD,,LMP2,,COOL Racing,Oreca,GF,34.907,84.847,107.470,
47,3,24,3:40.562,0,,34.557,2,1:24.866,0,1:41.139,0,222.4,1:40:44.499,23:40:44.499,0:34.557,1:24.866,1:41.139,314.5,Simon PAGENAUD,,LMP2,,COOL Racing,Oreca,GF,34.557,84.866,101.139,
47,3,25,3:42.144,0,,34.898,0,1:24.734,0,1:42.512,0,220.8,1:44:26.643,23:44:26.643,0:34.898,1:24.734,1:42.512,316.3,Simon PAGENAUD,,LMP2,,COOL Racing,Oreca,GF,34.898,84.734,102.512,
47,3,26,3:50.342,0,,34.824,0,1:24.885,0,1:50.633,0,213.0,1:48:16.985,23:48:16.985,0:34.824,1:24.885,1:50.633,315.4,Simon PAGENAUD,,LMP2,,COOL Racing,Oreca,GF,34.824,84.885,110.633,
47,3,27,3:57.126,0,B,34.925,0,1:31.502,0,1:50.699,0,206.9,1:52:14.111,23:52:14.111,0:34.925,1:31.502,1:50.699,315.4,Simon PAGENAUD,,LMP2,,COOL Racing,Oreca,GF,34.925,91.502,110.699,
47,3,28,5:02.728,0,,1:54.525,0,1:25.287,0,1:42.916,0,162.0,1:57:16.839,23:57:16.839,1:54.525,1:25.287,1:42.916,313.6,Simon PAGENAUD,0:01:29.745,LMP2,,COOL Racing,Oreca,GF,114.525,85.287,102.916,
47,3,29,3:44.226,0,,35.596,0,1:25.601,0,1:43.029,0,218.8,2:01:01.065,00:01:01.065,0:35.596,1:25.601,1:43.029,313.6,Simon PAGENAUD,,LMP2,,COOL Racing,Oreca,FF,35.596,85.601,103.029,
48,1,1,10:47.633,0,,7:35.211,0,1:27.940,0,1:44.482,0,74.9,10:47.633,22:10:47.633,7:35.211,1:27.940,1:44.482,310.9,Paul LAFARGUE,0:06:59.492,LMP2,,IDEC Sport,Oreca,GF,455.211,87.940,104.482,
48,1,2,3:48.948,0,,35.988,0,1:28.432,0,1:44.528,0,214.3,14:36.581,22:14:36.581,0:35.988,1:28.432,1:44.528,313.6,Paul LAFARGUE,,LMP2,,IDEC Sport,Oreca,GF,35.988,88.432,104.528,
48,1,3,3:43.780,0,,35.365,0,1:26.365,0,1:42.050,0,219.2,18:20.361,22:18:20.361,0:35.365,1:26.365,1:42.050,313.6,Paul LAFARGUE,,LMP2,,IDEC Sport,Oreca,GF,35.365,86.365,102.050,
48,1,4,3:45.178,0,,34.945,0,1:26.544,0,1:43.689,0,217.8,22:05.539,22:22:05.539,0:34.945,1:26.544,1:43.689,316.3,Paul LAFARGUE,,LMP2,,IDEC Sport,Oreca,GF,34.945,86.544,103.689,
48,1,5,3:55.144,0,B,35.722,0,1:26.027,0,1:53.395,0,208.6,26:00.683,22:26:00.683,0:35.722,1:26.027,1:53.395,314.5,Paul LAFARGUE,,LMP2,,IDEC Sport,Oreca,GF,35.722,86.027,113.395,
48,3,6,4:43.985,0,,1:36.201,0,1:26.091,0,1:41.693,0,172.7,30:44.668,22:30:44.668,1:36.201,1:26.091,1:41.693,310.9,Laurents HÖRR,0:01:11.187,LMP2,,IDEC Sport,Oreca,GF,96.201,86.091,101.693,
48,3,7,3:45.370,0,,34.968,0,1:26.725,0,1:43.677,0,217.7,34:30.038,22:34:30.038,0:34.968,1:26.725,1:43.677,316.3,Laurents HÖRR,,LMP2,,IDEC Sport,Oreca,GF,34.968,86.725,103.677,
48,3,8,3:43.734,0,,35.586,0,1:26.015,0,1:42.133,0,219.2,38:13.772,22:38:13.772,0:35.586,1:26.015,1:42.133,314.5,Laurents HÖRR,,LMP2,,IDEC Sport,Oreca,GF,35.586,86.015,102.133,
48,3,9,3:41.301,2,,34.663,0,1:25.443,1,1:41.195,2,221.7,41:55.073,22:41:55.073,0:34.663,1:25.443,1:41.195,311.8,Laurents HÖRR,,LMP2,,IDEC Sport,Oreca,GF,34.663,85.443,101.195,
48,3,10,3:48.505,0,B,34.481,2,1:25.873,0,1:48.151,0,214.7,45:43.578,22:45:43.578,0:34.481,1:25.873,1:48.151,310.9,Laurents HÖRR,,LMP2,,IDEC Sport,Oreca,GF,34.481,85.873,108.151,
48,2,11,5:47.984,0,,2:39.767,0,1:26.359,0,1:41.858,1,141.0,51:31.562,22:51:31.562,2:39.767,1:26.359,1:41.858,310.0,Paul Loup CHATIN,0:02:14.530,LMP2,,IDEC Sport,Oreca,GF,159.767,86.359,101.858,
48,2,12,3:43.056,0,,35.274,0,1:25.305,0,1:42.477,0,219.9,55:14.618,22:55:14.618,0:35.274,1:25.305,1:42.477,313.6,Paul Loup CHATIN,,LMP2,,IDEC Sport,Oreca,GF,35.274,85.305,102.477,
48,2,13,3:43.962,0,,34.943,0,1:25.161,0,1:43.858,0,219.0,58:58.580,22:58:58.580,0:34.943,1:25.161,1:43.858,314.5,Paul Loup CHATIN,,LMP2,,IDEC Sport,Oreca,GF,34.943,85.161,103.858,
48,2,14,3:42.912,0,,34.673,0,1:25.114,2,1:43.125,0,220.1,1:02:41.492,23:02:41.492,0:34.673,1:25.114,1:43.125,315.4,Paul Loup CHATIN,,LMP2,,IDEC Sport,Oreca,GF,34.673,85.114,103.125,
48,2,15,3:53.242,0,B,34.620,1,1:25.681,0,1:52.941,0,210.3,1:06:34.734,23:06:34.734,0:34.620,1:25.681,1:52.941,319.1,Paul Loup CHATIN,,LMP2,,IDEC Sport,Oreca,GF,34.620,85.681,112.941,
48,1,16,5:52.248,0,,2:36.504,0,1:27.902,0,1:47.842,0,139.3,1:12:26.982,23:12:26.982,2:36.504,1:27.902,1:47.842,314.5,Paul LAFARGUE,0:02:10.894,LMP2,,IDEC Sport,Oreca,GF,156.504,87.902,107.842,
48,1,17,3:45.958,0,,35.108,0,1:27.350,0,1:43.500,0,217.1,1:16:12.940,23:16:12.940,0:35.108,1:27.350,1:43.500,313.6,Paul LAFARGUE,,LMP2,,IDEC Sport,Oreca,GF,35.108,87.350,103.500,
48,1,18,3:45.249,0,,35.854,0,1:26.600,0,1:42.795,0,217.8,1:19:58.189,23:19:58.189,0:35.854,1:26.600,1:42.795,314.5,Paul LAFARGUE,,LMP2,,IDEC Sport,Oreca,GF,35.854,86.600,102.795,
48,1,19,3:43.090,0,,35.000,0,1:25.881,1,1:42.209,0,219.9,1:23:41.279,23:23:41.279,0:35.000,1:25.881,1:42.209,314.5,Paul LAFARGUE,,LMP2,,IDEC Sport,Oreca,GF,35.000,85.881,102.209,
48,1,20,3:42.752,0,,34.873,1,1:25.970,0,1:41.909,1,220.2,1:27:24.031,23:27:24.031,0:34.873,1:25.970,1:41.909,311.8,Paul LAFARGUE,,LMP2,,IDEC Sport,Oreca,GF,34.873,85.970,101.909,
48,1,21,3:54.188,0,B,36.588,0,1:26.978,0,1:50.622,0,209.5,1:31:18.219,23:31:18.219,0:36.588,1:26.978,1:50.622,300.5,Paul LAFARGUE,,LMP2,,IDEC Sport,Oreca,GF,36.588,86.978,110.622,
5,3,1,12:51.906,0,,9:50.882,0,1:22.545,0,1:38.479,0,62.9,12:51.906,22:12:51.906,9:50.882,1:22.545,1:38.479,331.8,Frédéric MAKOWIECKI,0:09:18.461,HYPERCAR,H,Porsche Penske Motorsport,Porsche,GF,590.882,82.545,98.479,
5,3,2,3:35.121,0,,33.609,0,1:21.190,0,1:40.322,0,228.0,16:27.027,22:16:27.027,0:33.609,1:21.190,1:40.322,331.8,Frédéric MAKOWIECKI,,HYPERCAR,H,Porsche Penske Motorsport,Porsche,GF,33.609,81.190,100.322,
5,3,3,3:31.964,0,,33.347,0,1:21.649,0,1:36.968,0,231.4,19:58.991,22:19:58.991,0:33.347,1:21.649,1:36.968,334.9,Frédéric MAKOWIECKI,,HYPERCAR,H,Porsche Penske Motorsport,Porsche,GF,33.347,81.649,96.968,
5,3,4,3:29.940,0,,32.832,2,1:20.641,0,1:36.467,1,233.7,23:28.931,22:23:28.931,0:32.832,1:20.641,1:36.467,331.8,Frédéric MAKOWIECKI,,HYPERCAR,H,Porsche Penske Motorsport,Porsche,GF,32.832,80.641,96.467,
5,3,5,3:37.456,0,B,33.002,0,1:20.494,1,1:43.960,0,225.6,27:06.387,22:27:06.387,0:33.002,1:20.494,1:43.960,331.8,Frédéric MAKOWIECKI,,HYPERCAR,H,Porsche Penske Motorsport,Porsche,GF,33.002,80.494,103.960,
5,2,6,6:34.157,0,,3:34.387,0,1:21.501,0,1:38.269,0,124.5,33:40.544,22:33:40.544,3:34.387,1:21.501,1:38.269,327.8,Michael CHRISTENSEN,0:03:11.707,HYPERCAR,H,Porsche Penske Motorsport,Porsche,GF,214.387,81.501,98.269,
5,2,7,3:32.416,0,,33.426,0,1:22.082,0,1:36.908,1,230.9,37:12.960,22:37:12.960,0:33.426,1:22.082,1:36.908,331.8,Michael CHRISTENSEN,,HYPERCAR,H,Porsche Penske Motorsport,Porsche,GF,33.426,82.082,96.908,
5,2,8,3:32.976,0,,33.179,0,1:21.797,0,1:38.000,0,230.3,40:45.936,22:40:45.936,0:33.179,1:21.797,1:38.000,334.9,Michael CHRISTENSEN,,HYPERCAR,H,Porsche Penske Motorsport,Porsche,GF,33.179,81.797,98.000,
5,2,9,3:31.825,0,,32.873,1,1:20.438,1,1:38.514,0,231.6,44:17.761,22:44:17.761,0:32.873,1:20.438,1:38.514,330.8,Michael CHRISTENSEN,,HYPERCAR,H,Porsche Penske Motorsport,Porsche,GF,32.873,80.438,98.514,
5,2,10,3:42.021,0,B,33.043,0,1:20.759,0,1:48.219,0,220.9,47:59.782,22:47:59.782,0:33.043,1:20.759,1:48.219,329.8,Michael CHRISTENSEN,,HYPERCAR,H,Porsche Penske Motorsport,Porsche,GF,33.043,80.759,108.219,
5,1,11,6:50.213,0,,3:45.553,0,1:23.598,0,1:41.062,0,119.6,54:49.995,22:54:49.995,3:45.553,1:23.598,1:41.062,319.1,Dane CAMERON,0:02:03.418,HYPERCAR,H,Porsche Penske Motorsport,Porsche,GF,225.553,83.598,101.062,
5,1,12,3:53.770,0,B,33.550,0,1:22.144,0,1:58.076,0,209.8,58:43.765,22:58:43.765,0:33.550,1:22.144,1:58.076,329.8,Dane CAMERON,,HYPERCAR,H,Porsche Penske Motorsport,Porsche,GF,33.550,82.144,118.076,
5,1,13,6:23.181,0,,3:23.520,0,1:22.081,0,1:37.580,0,128.0,1:05:06.946,23:05:06.946,3:23.520,1:22.081,1:37.580,329.8,Dane CAMERON,0:03:10.720,HYPERCAR,H,Porsche Penske Motorsport,Porsche,GF,203.520,82.081,97.580,
5,1,14,3:33.781,0,,33.562,0,1:22.852,0,1:37.367,0,229.5,1:08:40.727,23:08:40.727,0:33.562,1:22.852,1:37.367,329.8,Dane CAMERON,,HYPERCAR,H,Porsche Penske Motorsport,Porsche,GF,33.562,82.852,97.367,
5,1,15,3:36.963,0,,35.145,0,1:21.742,0,1:40.076,0,226.1,1:12:17.690,23:12:17.690,0:35.145,1:21.742,1:40.076,330.8,Dane CAMERON,,HYPERCAR,H,Porsche Penske Motorsport,Porsche,GF,35.145,81.742,100.076,
5,1,16,3:32.107,0,,33.179,0,1:21.948,0,1:36.980,0,231.3,1:15:49.797,23:15:49.797,0:33.179,1:21.948,1:36.980,332.9,Dane CAMERON,,HYPERCAR,H,Porsche Penske Motorsport,Porsche,GF,33.179,81.948,96.980,
5,1,17,3:34.353,0,,34.006,0,1:21.775,0,1:38.572,0,228.8,1:19:24.150,23:19:24.150,0:34.006,1:21.775,1:38.572,329.8,Dane CAMERON,,HYPERCAR,H,Porsche Penske Motorsport,Porsche,GF,34.006,81.775,98.572,
5,1,18,3:35.427,0,,33.568,0,1:20.770,0,1:41.089,0,227.7,1:22:59.577,23:22:59.577,0:33.568,1:20.770,1:41.089,333.9,Dane CAMERON,,HYPERCAR,H,Porsche Penske Motorsport,Porsche,GF,33.568,80.770,101.089,
5,1,19,3:29.307,2,,32.896,1,1:20.133,2,1:36.278,2,234.4,1:26:28.884,23:26:28.884,0:32.896,1:20.133,1:36.278,331.8,Dane CAMERON,,HYPERCAR,H,Porsche Penske Motorsport,Porsche,GF,32.896,80.133,96.278,
5,1,20,3:41.415,0,B,35.249,0,1:20.826,0,1:45.340,0,221.5,1:30:10.299,23:30:10.299,0:35.249,1:20.826,1:45.340,333.9,Dane CAMERON,,HYPERCAR,H,Porsche Penske Motorsport,Porsche,GF,35.249,80.826,105.340,
5,1,21,5:13.780,0,,2:14.796,0,1:21.576,0,1:37.408,0,156.3,1:35:24.079,23:35:24.079,2:14.796,1:21.576,1:37.408,329.8,Dane CAMERON,0:01:51.204,HYPERCAR,H,Porsche Penske Motorsport,Porsche,GF,134.796,81.576,97.408,
5,1,22,3:31.111,0,,33.681,0,1:20.743,0,1:36.687,0,232.4,1:38:55.190,23:38:55.190,0:33.681,1:20.743,1:36.687,331.8,Dane CAMERON,,HYPERCAR,H,Porsche Penske Motorsport,Porsche,GF,33.681,80.743,96.687,
5,1,23,3:33.030,0,,33.277,0,1:21.393,0,1:38.360,0,230.3,1:42:28.220,23:42:28.220,0:33.277,1:21.393,1:38.360,336.0,Dane CAMERON,,HYPERCAR,H,Porsche Penske Motorsport,Porsche,GF,33.277,81.393,98.360,
5,1,24,3:31.631,0,,33.082,0,1:20.446,0,1:38.103,0,231.8,1:45:59.851,23:45:59.851,0:33.082,1:20.446,1:38.103,330.8,Dane CAMERON,,HYPERCAR,H,Porsche Penske Motorsport,Porsche,GF,33.082,80.446,98.103,
5,1,25,3:31.279,0,,33.044,0,1:21.022,0,1:37.213,0,232.2,1:49:31.130,23:49:31.130,0:33.044,1:21.022,1:37.213,334.9,Dane CAMERON,,HYPERCAR,H,Porsche Penske Motorsport,Porsche,GF,33.044,81.022,97.213,
5,1,26,3:32.420,0,,33.027,0,1:22.047,0,1:37.346,0,230.9,1:53:03.550,23:53:03.550,0:33.027,1:22.047,1:37.346,318.2,Dane CAMERON,,HYPERCAR,H,Porsche Penske Motorsport,Porsche,GF,33.027,82.047,97.346,
5,1,27,3:33.272,0,,33.923,0,1:21.435,0,1:37.914,0,230.0,1:56:36.822,23:56:36.822,0:33.923,1:21.435,1:37.914,330.8,Dane CAMERON,,HYPERCAR,H,Porsche Penske Motorsport,Porsche,GF,33.923,81.435,97.914,
5,1,28,3:32.239,0,,34.201,0,1:20.496,0,1:37.542,0,231.1,2:00:09.061,00:00:09.061,0:34.201,1:20.496,1:37.542,330.8,Dane CAMERON,,HYPERCAR,H,Porsche Penske Motorsport,Porsche,FF,34.201,80.496,97.542,
50,3,1,15:09.317,0,,12:06.071,0,1:24.730,0,1:38.516,0,53.4,15:09.317,22:15:09.317,12:06.071,1:24.730,1:38.516,312.7,Nicklas NIELSEN,0:11:31.635,HYPERCAR,H,Ferrari AF Corse,Ferrari,GF,726.071,84.730,98.516,
50,3,2,3:37.224,0,,33.513,0,1:22.406,0,1:41.305,0,225.8,18:46.541,22:18:46.541,0:33.513,1:22.406,1:41.305,303.0,Nicklas NIELSEN,,HYPERCAR,H,Ferrari AF Corse,Ferrari,GF,33.513,82.406,101.305,
50,3,3,3:30.086,2,,33.045,0,1:20.436,0,1:36.605,2,233.5,22:16.627,22:22:16.627,0:33.045,1:20.436,1:36.605,334.9,Nicklas NIELSEN,,HYPERCAR,H,Ferrari AF Corse,Ferrari,GF,33.045,80.436,96.605,
50,3,4,3:36.813,0,,35.539,0,1:21.667,0,1:39.607,0,226.2,25:53.440,22:25:53.440,0:35.539,1:21.667,1:39.607,313.6,Nicklas NIELSEN,,HYPERCAR,H,Ferrari AF Corse,Ferrari,GF,35.539,81.667,99.607,
50,3,5,3:43.432,0,B,36.731,0,1:21.781,0,1:44.920,0,219.5,29:36.872,22:29:36.872,0:36.731,1:21.781,1:44.920,312.7,Nicklas NIELSEN,,HYPERCAR,H,Ferrari AF Corse,Ferrari,GF,36.731,81.781,104.920,
50,2,6,5:18.517,0,,2:12.912,0,1:22.787,0,1:42.818,0,154.0,34:55.389,22:34:55.389,2:12.912,1:22.787,1:42.818,283.9,Miguel MOLINA,0:01:47.865,HYPERCAR,H,Ferrari AF Corse,Ferrari,GF,132.912,82.787,102.818,
50,2,7,3:34.407,0,,34.374,0,1:21.438,0,1:38.595,0,228.8,38:29.796,22:38:29.796,0:34.374,1:21.438,1:38.595,293.2,Miguel MOLINA,,HYPERCAR,H,Ferrari AF Corse,Ferrari,GF,34.374,81.438,98.595,
50,2,8,3:32.208,0,,33.996,0,1:20.835,0,1:37.377,0,231.2,42:02.004,22:42:02.004,0:33.996,1:20.835,1:37.377,323.9,Miguel MOLINA,,HYPERCAR,H,Ferrari AF Corse,Ferrari,GF,33.996,80.835,97.377,
50,2,9,3:31.818,0,,33.282,0,1:21.371,0,1:37.165,0,231.6,45:33.822,22:45:33.822,0:33.282,1:21.371,1:37.165,283.9,Miguel MOLINA,,HYPERCAR,H,Ferrari AF Corse,Ferrari,GF,33.282,81.371,97.165,
50,2,10,3:37.499,0,B,33.359,0,1:20.338,0,1:43.802,0,225.5,49:11.321,22:49:11.321,0:33.359,1:20.338,1:43.802,313.6,Miguel MOLINA,,HYPERCAR,H,Ferrari AF Corse,Ferrari,GF,33.359,80.338,103.802,
50,1,11,5:26.533,0,,2:25.644,0,1:21.406,0,1:39.483,0,150.2,54:37.854,22:54:37.854,2:25.644,1:21.406,1:39.483,321.0,Antonio FUOCO,0:02:01.754,HYPERCAR,H,Ferrari AF Corse,Ferrari,GF,145.644,81.406,99.483,
50,1,12,3:35.650,0,,34.292,0,1:22.468,0,1:38.890,0,227.5,58:13.504,22:58:13.504,0:34.292,1:22.468,1:38.890,322.0,Antonio FUOCO,,HYPERCAR,H,Ferrari AF Corse,Ferrari,GF,34.292,82.468,98.890,
50,1,13,3:32.174,0,,34.169,0,1:20.851,0,1:37.154,1,231.2,1:01:45.678,23:01:45.678,0:34.169,1:20.851,1:37.154,321.0,Antonio FUOCO,,HYPERCAR,H,Ferrari AF Corse,Ferrari,GF,34.169,80.851,97.154,
50,1,14,3:31.838,0,,33.215,0,1:21.309,0,1:37.314,0,231.6,1:05:17.516,23:05:17.516,0:33.215,1:21.309,1:37.314,325.8,Antonio FUOCO,,HYPERCAR,H,Ferrari AF Corse,Ferrari,GF,33.215,81.309,97.314,
50,1,15,3:36.575,0,B,33.062,1,1:20.340,1,1:43.173,0,226.5,1:08:54.091,23:08:54.091,0:33.062,1:20.340,1:43.173,323.9,Antonio FUOCO,,HYPERCAR,H,Ferrari AF Corse,Ferrari,GF,33.062,80.340,103.173,
50,3,16,6:54.857,0,,3:52.584,0,1:23.037,0,1:39.236,0,118.2,1:15:48.948,23:15:48.948,3:52.584,1:23.037,1:39.236,313.6,Nicklas NIELSEN,0:03:27.884,HYPERCAR,H,Ferrari AF Corse,Ferrari,GF,232.584,83.037,99.236,
50,3,17,3:34.865,0,,34.281,0,1:21.822,0,1:38.762,0,228.3,1:19:23.813,23:19:23.813,0:34.281,1:21.822,1:38.762,317.2,Nicklas NIELSEN,,HYPERCAR,H,Ferrari AF Corse,Ferrari,GF,34.281,81.822,98.762,
50,3,18,3:32.511,0,,33.167,0,1:20.701,0,1:38.643,0,230.8,1:22:56.324,23:22:56.324,0:33.167,1:20.701,1:38.643,334.9,Nicklas NIELSEN,,HYPERCAR,H,Ferrari AF Corse,Ferrari,GF,33.167,80.701,98.643,
50,3,19,3:31.257,0,,33.128,0,1:20.417,0,1:37.712,0,232.2,1:26:27.581,23:26:27.581,0:33.128,1:20.417,1:37.712,331.8,Nicklas NIELSEN,,HYPERCAR,H,Ferrari AF Corse,Ferrari,GF,33.128,80.417,97.712,
50,3,20,3:33.754,0,,33.757,0,1:20.992,0,1:39.005,0,229.5,1:30:01.335,23:30:01.335,0:33.757,1:20.992,1:39.005,336.0,Nicklas NIELSEN,,HYPERCAR,H,Ferrari AF Corse,Ferrari,GF,33.757,80.992,99.005,
50,3,21,4:39.065,0,,33.714,0,1:20.874,0,2:44.477,0,175.8,1:34:40.400,23:34:40.400,0:33.714,1:20.874,2:44.477,328.8,Nicklas NIELSEN,,HYPERCAR,H,Ferrari AF Corse,Ferrari,GF,33.714,80.874,164.477,
50,3,22,3:34.490,0,,34.107,0,1:21.984,0,1:38.399,0,228.7,1:38:14.890,23:38:14.890,0:34.107,1:21.984,1:38.399,312.7,Nicklas NIELSEN,,HYPERCAR,H,Ferrari AF Corse,Ferrari,GF,34.107,81.984,98.399,
50,3,23,3:35.930,0,,34.029,0,1:22.137,0,1:39.764,0,227.2,1:41:50.820,23:41:50.820,0:34.029,1:22.137,1:39.764,308.2,Nicklas NIELSEN,,HYPERCAR,H,Ferrari AF Corse,Ferrari,GF,34.029,82.137,99.764,
50,3,24,3:37.810,0,B,33.028,2,1:20.339,1,1:44.443,0,225.2,1:45:28.630,23:45:28.630,0:33.028,1:20.339,1:44.443,331.8,Nicklas NIELSEN,,HYPERCAR,H,Ferrari AF Corse,Ferrari,GF,33.028,80.339,104.443,
50,2,25,5:02.275,0,,2:02.197,0,1:21.908,0,1:38.170,0,162.3,1:50:30.905,23:50:30.905,2:02.197,1:21.908,1:38.170,317.2,Miguel MOLINA,0:01:37.651,HYPERCAR,H,Ferrari AF Corse,Ferrari,GF,122.197,81.908,98.170,
50,2,26,3:31.498,0,,33.268,0,1:21.187,0,1:37.043,1,231.9,1:54:02.403,23:54:02.403,0:33.268,1:21.187,1:37.043,310.9,Miguel MOLINA,,HYPERCAR,H,Ferrari AF Corse,Ferrari,GF,33.268,81.187,97.043,
50,2,27,3:33.785,0,,35.001,0,1:20.897,0,1:37.887,0,229.5,1:57:36.188,23:57:36.188,0:35.001,1:20.897,1:37.887,313.6,Miguel MOLINA,,HYPERCAR,H,Ferrari AF Corse,Ferrari,GF,35.001,80.897,97.887,
50,2,28,3:39.431,0,,33.196,1,1:19.910,3,1:46.325,0,223.5,2:01:15.619,00:01:15.619,0:33.196,1:19.910,1:46.325,333.9,Miguel MOLINA,,HYPERCAR,H,Ferrari AF Corse,Ferrari,FF,33.196,79.910,106.325,
51,1,1,10:33.863,0,,7:28.003,0,1:25.217,0,1:40.643,0,76.6,10:33.863,22:10:33.863,7:28.003,1:25.217,1:40.643,305.6,Alessandro PIER GUIDI,0:06:50.186,HYPERCAR,H,Ferrari AF Corse,Ferrari,GF,448.003,85.217,100.643,
51,1,2,3:29.757,0,,33.080,0,1:20.334,0,1:36.343,2,233.9,14:03.620,22:14:03.620,0:33.080,1:20.334,1:36.343,333.9,Alessandro PIER GUIDI,,HYPERCAR,H,Ferrari AF Corse,Ferrari,GF,33.080,80.334,96.343,
51,1,3,3:32.221,0,,32.869,1,1:20.560,0,1:38.792,0,231.1,17:35.841,22:17:35.841,0:32.869,1:20.560,1:38.792,336.0,Alessandro PIER GUIDI,,HYPERCAR,H,Ferrari AF Corse,Ferrari,GF,32.869,80.560,98.792,
51,1,4,3:32.498,0,,33.016,0,1:20.384,0,1:39.098,0,230.8,21:08.339,22:21:08.339,0:33.016,1:20.384,1:39.098,338.1,Alessandro PIER GUIDI,,HYPERCAR,H,Ferrari AF Corse,Ferrari,GF,33.016,80.384,99.098,
51,1,5,3:37.015,0,B,33.041,0,1:20.304,1,1:43.670,0,226.0,24:45.354,22:24:45.354,0:33.041,1:20.304,1:43.670,333.9,Alessandro PIER GUIDI,,HYPERCAR,H,Ferrari AF Corse,Ferrari,GF,33.041,80.304,103.670,
51,2,6,7:49.538,0,,4:43.960,0,1:22.512,0,1:43.066,0,104.5,32:34.892,22:32:34.892,4:43.960,1:22.512,1:43.066,302.2,James CALADO,0:04:20.220,HYPERCAR,H,Ferrari AF Corse,Ferrari,GF,283.960,82.512,103.066,
51,2,7,3:33.121,0,,33.284,0,1:20.530,0,1:39.307,0,230.2,36:08.013,22:36:08.013,0:33.284,1:20.530,1:39.307,323.9,James CALADO,,HYPERCAR,H,Ferrari AF Corse,Ferrari,GF,33.284,80.530,99.307,
51,2,8,3:31.875,0,,33.089,0,1:20.728,0,1:38.058,0,231.5,39:39.888,22:39:39.888,0:33.089,1:20.728,1:38.058,339.1,James CALADO,,HYPERCAR,H,Ferrari AF Corse,Ferrari,GF,33.089,80.728,98.058,
51,2,9,3:32.418,0,,33.132,0,1:21.979,0,1:37.307,0,230.9,43:12.306,22:43:12.306,0:33.132,1:21.979,1:37.307,323.9,James CALADO,,HYPERCAR,H,Ferrari AF Corse,Ferrari,GF,33.132,81.979,97.307,
51,2,10,3:57.724,0,B,33.201,0,1:20.909,0,2:03.614,0,206.3,47:10.030,22:47:10.030,0:33.201,1:20.909,2:03.614,328.8,James CALADO,,HYPERCAR,H,Ferrari AF Corse,Ferrari,GF,33.201,80.909,123.614,
51,2,11,5:56.995,0,,2:53.650,0,1:22.567,0,1:40.778,0,137.4,53:07.025,22:53:07.025,2:53.650,1:22.567,1:40.778,325.8,James CALADO,0:02:48.670,HYPERCAR,H,Ferrari AF Corse,Ferrari,GF,173.650,82.567,100.778,
51,2,12,3:29.225,2,,32.603,2,1:20.208,2,1:36.414,1,234.5,56:36.250,22:56:36.250,0:32.603,1:20.208,1:36.414,338.1,James CALADO,,HYPERCAR,H,Ferrari AF Corse,Ferrari,GF,32.603,80.208,96.414,
51,2,13,3:33.459,0,,33.240,0,1:21.566,0,1:38.653,0,229.8,1:00:09.709,23:00:09.709,0:33.240,1:21.566,1:38.653,321.0,James CALADO,,HYPERCAR,H,Ferrari AF Corse,Ferrari,GF,33.240,81.566,98.653,
51,2,14,3:33.702,0,,34.371,0,1:22.281,0,1:37.050,0,229.5,1:03:43.411,23:03:43.411,0:34.371,1:22.281,1:37.050,318.2,James CALADO,,HYPERCAR,H,Ferrari AF Corse,Ferrari,GF,34.371,82.281,97.050,
51,2,15,3:43.617,0,B,34.430,0,1:23.112,0,1:46.075,0,219.4,1:07:27.028,23:07:27.028,0:34.430,1:23.112,1:46.075,304.7,James CALADO,,HYPERCAR,H,Ferrari AF Corse,Ferrari,GF,34.430,83.112,106.075,
51,3,16,4:54.149,0,,1:50.933,0,1:22.702,0,1:40.514,0,166.8,1:12:21.177,23:12:21.177,1:50.933,1:22.702,1:40.514,331.8,Antonio GIOVINAZZI,0:01:25.012,HYPERCAR,H,Ferrari AF Corse,Ferrari,GF,110.933,82.702,100.514,
51,3,17,3:58.554,0,,34.087,0,1:28.399,0,1:56.068,0,205.6,1:16:19.731,23:16:19.731,0:34.087,1:28.399,1:56.068,326.8,Antonio GIOVINAZZI,,HYPERCAR,H,Ferrari AF Corse,Ferrari,GF,34.087,88.399,116.068,
51,3,18,3:32.823,0,,33.403,0,1:21.370,0,1:38.050,0,230.5,1:19:52.554,23:19:52.554,0:33.403,1:21.370,1:38.050,319.1,Antonio GIOVINAZZI,,HYPERCAR,H,Ferrari AF Corse,Ferrari,GF,33.403,81.370,98.050,
51,3,19,3:33.714,0,,34.201,0,1:21.691,0,1:37.822,0,229.5,1:23:26.268,23:23:26.268,0:34.201,1:21.691,1:37.822,318.2,Antonio GIOVINAZZI,,HYPERCAR,H,Ferrari AF Corse,Ferrari,GF,34.201,81.691,97.822,
51,3,20,3:33.531,0,,34.432,0,1:21.000,0,1:38.099,0,229.7,1:26:59.799,23:26:59.799,0:34.432,1:21.000,1:38.099,337.0,Antonio GIOVINAZZI,,HYPERCAR,H,Ferrari AF Corse,Ferrari,GF,34.432,81.000,98.099,
51,3,21,3:30.795,0,,33.048,0,1:20.665,0,1:37.082,1,232.7,1:30:30.594,23:30:30.594,0:33.048,1:20.665,1:37.082,321.0,Antonio GIOVINAZZI,,HYPERCAR,H,Ferrari AF Corse,Ferrari,GF,33.048,80.665,97.082,
51,3,22,3:30.582,0,,33.082,0,1:20.354,0,1:37.146,0,232.9,1:34:01.176,23:34:01.176,0:33.082,1:20.354,1:37.146,334.9,Antonio GIOVINAZZI,,HYPERCAR,H,Ferrari AF Corse,Ferrari,GF,33.082,80.354,97.146,
51,3,23,3:30.650,0,,33.012,0,1:20.275,0,1:37.363,0,232.9,1:37:31.826,23:37:31.826,0:33.012,1:20.275,1:37.363,333.9,Antonio GIOVINAZZI,,HYPERCAR,H,Ferrari AF Corse,Ferrari,GF,33.012,80.275,97.363,
51,3,24,3:37.202,0,B,32.943,1,1:20.246,1,1:44.013,0,225.8,1:41:09.028,23:41:09.028,0:32.943,1:20.246,1:44.013,337.0,Antonio GIOVINAZZI,,HYPERCAR,H,Ferrari AF Corse,Ferrari,GF,32.943,80.246,104.013,
51,1,25,4:47.450,0,,1:46.014,0,1:21.707,0,1:39.729,0,170.7,1:45:56.478,23:45:56.478,1:46.014,1:21.707,1:39.729,330.8,Alessandro PIER GUIDI,0:01:22.695,HYPERCAR,H,Ferrari AF Corse,Ferrari,GF,106.014,81.707,99.729,
51,1,26,3:33.042,0,,34.728,0,1:20.970,0,1:37.344,0,230.3,1:49:29.520,23:49:29.520,0:34.728,1:20.970,1:37.344,322.0,Alessandro PIER GUIDI,,HYPERCAR,H,Ferrari AF Corse,Ferrari,GF,34.728,80.970,97.344,
51,1,27,3:31.501,0,,33.398,0,1:20.949,0,1:37.154,0,231.9,1:53:01.021,23:53:01.021,0:33.398,1:20.949,1:37.154,318.2,Alessandro PIER GUIDI,,HYPERCAR,H,Ferrari AF Corse,Ferrari,GF,33.398,80.949,97.154,
51,1,28,3:32.947,0,,33.187,0,1:20.888,0,1:38.872,0,230.4,1:56:33.968,23:56:33.968,0:33.187,1:20.888,1:38.872,315.4,Alessandro PIER GUIDI,,HYPERCAR,H,Ferrari AF Corse,Ferrari,GF,33.187,80.888,98.872,
51,1,29,3:31.714,0,,33.364,0,1:20.858,0,1:37.492,0,231.7,2:00:05.682,00:00:05.682,0:33.364,1:20.858,1:37.492,316.3,Alessandro PIER GUIDI,,HYPERCAR,H,Ferrari AF Corse,Ferrari,FF,33.364,80.858,97.492,
54,1,1,6:52.618,0,,3:15.543,0,1:39.546,0,1:57.529,0,117.6,6:52.618,22:06:52.618,3:15.543,1:39.546,1:57.529,270.4,Thomas FLOHR,0:02:29.944,LMGTE Am,,AF Corse,Ferrari,GF,195.543,99.546,117.529,
54,1,2,4:02.571,0,,38.479,0,1:32.725,0,1:51.367,0,202.2,10:55.189,22:10:55.189,0:38.479,1:32.725,1:51.367,296.4,Thomas FLOHR,,LMGTE Am,,AF Corse,Ferrari,GF,38.479,92.725,111.367,
54,1,3,4:02.405,0,,38.869,0,1:31.861,0,1:51.675,0,202.4,14:57.594,22:14:57.594,0:38.869,1:31.861,1:51.675,299.7,Thomas FLOHR,,LMGTE Am,,AF Corse,Ferrari,GF,38.869,91.861,111.675,
54,1,4,4:03.402,0,,38.647,0,1:32.119,0,1:52.636,0,201.5,19:00.996,22:19:00.996,0:38.647,1:32.119,1:52.636,302.2,Thomas FLOHR,,LMGTE Am,,AF Corse,Ferrari,GF,38.647,92.119,112.636,
54,1,5,4:04.594,0,,39.647,0,1:32.667,0,1:52.280,0,200.6,23:05.590,22:23:05.590,0:39.647,1:32.667,1:52.280,294.0,Thomas FLOHR,,LMGTE Am,,AF Corse,Ferrari,GF,39.647,92.667,112.280,
54,1,6,4:00.801,0,,37.864,0,1:31.822,0,1:51.115,0,203.7,27:06.391,22:27:06.391,0:37.864,1:31.822,1:51.115,298.8,Thomas FLOHR,,LMGTE Am,,AF Corse,Ferrari,GF,37.864,91.822,111.115,
54,1,7,3:58.852,0,,37.701,0,1:31.190,1,1:49.961,0,205.4,31:05.243,22:31:05.243,0:37.701,1:31.190,1:49.961,303.0,Thomas FLOHR,,LMGTE Am,,AF Corse,Ferrari,GF,37.701,91.190,109.961,
54,1,8,4:00.512,0,,38.701,0,1:31.869,0,1:49.942,1,204.0,35:05.755,22:35:05.755,0:38.701,1:31.869,1:49.942,298.0,Thomas FLOHR,,LMGTE Am,,AF Corse,Ferrari,GF,38.701,91.869,109.942,
54,1,9,4:05.963,0,B,37.666,1,1:31.608,0,1:56.689,0,199.4,39:11.718,22:39:11.718,0:37.666,1:31.608,1:56.689,300.5,Thomas FLOHR,,LMGTE Am,,AF Corse,Ferrari,GF,37.666,91.608,116.689,
54,2,10,5:44.511,0,,2:18.218,0,1:35.413,0,1:50.880,0,142.4,44:56.229,22:44:56.229,2:18.218,1:35.413,1:50.880,294.8,Francesco CASTELLACCI,0:01:49.041,LMGTE Am,,AF Corse,Ferrari,GF,138.218,95.413,110.880,
54,2,11,3:58.645,0,,37.635,0,1:31.470,0,1:49.540,0,205.6,48:54.874,22:48:54.874,0:37.635,1:31.470,1:49.540,298.8,Francesco CASTELLACCI,,LMGTE Am,,AF Corse,Ferrari,GF,37.635,91.470,109.540,
54,2,12,3:57.820,0,,37.301,0,1:31.260,0,1:49.259,0,206.3,52:52.694,22:52:52.694,0:37.301,1:31.260,1:49.259,297.2,Francesco CASTELLACCI,,LMGTE Am,,AF Corse,Ferrari,GF,37.301,91.260,109.259,
54,2,13,3:56.217,0,,37.145,0,1:30.934,0,1:48.138,0,207.7,56:48.911,22:56:48.911,0:37.145,1:30.934,1:48.138,298.8,Francesco CASTELLACCI,,LMGTE Am,,AF Corse,Ferrari,GF,37.145,90.934,108.138,
54,2,14,3:58.127,0,,36.882,0,1:30.716,0,1:50.529,0,206.0,1:00:47.038,23:00:47.038,0:36.882,1:30.716,1:50.529,297.2,Francesco CASTELLACCI,,LMGTE Am,,AF Corse,Ferrari,GF,36.882,90.716,110.529,
54,2,15,3:55.916,0,,37.084,0,1:30.408,0,1:48.424,0,207.9,1:04:42.954,23:04:42.954,0:37.084,1:30.408,1:48.424,297.2,Francesco CASTELLACCI,,LMGTE Am,,AF Corse,Ferrari,GF,37.084,90.408,108.424,
54,2,16,3:56.062,0,,37.001,0,1:30.553,0,1:48.508,0,207.8,1:08:39.016,23:08:39.016,0:37.001,1:30.553,1:48.508,298.0,Francesco CASTELLACCI,,LMGTE Am,,AF Corse,Ferrari,GF,37.001,90.553,108.508,
54,2,17,3:58.457,0,,37.115,0,1:30.375,0,1:50.967,0,205.7,1:12:37.473,23:12:37.473,0:37.115,1:30.375,1:50.967,303.0,Francesco CASTELLACCI,,LMGTE Am,,AF Corse,Ferrari,GF,37.115,90.375,110.967,
54,2,18,4:00.624,0,,38.566,0,1:32.976,0,1:49.082,0,203.9,1:16:38.097,23:16:38.097,0:38.566,1:32.976,1:49.082,274.6,Francesco CASTELLACCI,,LMGTE Am,,AF Corse,Ferrari,GF,38.566,92.976,109.082,
54,2,19,3:55.748,0,,36.919,0,1:30.813,0,1:48.016,1,208.1,1:20:33.845,23:20:33.845,0:36.919,1:30.813,1:48.016,298.8,Francesco CASTELLACCI,,LMGTE Am,,AF Corse,Ferrari,GF,36.919,90.813,108.016,
54,2,20,3:55.978,0,,36.781,0,1:30.170,0,1:49.027,0,207.9,1:24:29.823,23:24:29.823,0:36.781,1:30.170,1:49.027,302.2,Francesco CASTELLACCI,,LMGTE Am,,AF Corse,Ferrari,GF,36.781,90.170,109.027,
54,2,21,4:03.633,0,B,37.035,0,1:30.269,0,1:56.329,0,201.3,1:28:33.456,23:28:33.456,0:37.035,1:30.269,1:56.329,299.7,Francesco CASTELLACCI,,LMGTE Am,,AF Corse,Ferrari,GF,37.035,90.269,116.329,
54,2,22,5:09.490,0,,1:48.294,0,1:30.567,0,1:50.629,0,158.5,1:33:42.946,23:33:42.946,1:48.294,1:30.567,1:50.629,301.3,Francesco CASTELLACCI,0:01:21.020,LMGTE Am,,AF Corse,Ferrari,GF,108.294,90.567,110.629,
54,2,23,3:54.981,0,,36.844,0,1:30.057,2,1:48.080,0,208.8,1:37:37.927,23:37:37.927,0:36.844,1:30.057,1:48.080,302.2,Francesco CASTELLACCI,,LMGTE Am,,AF Corse,Ferrari,GF,36.844,90.057,108.080,
54,2,24,3:54.387,0,,36.794,0,1:30.068,0,1:47.525,0,209.3,1:41:32.314,23:41:32.314,0:36.794,1:30.068,1:47.525,297.2,Francesco CASTELLACCI,,LMGTE Am,,AF Corse,Ferrari,GF,36.794,90.068,107.525,
54,2,25,4:03.819,0,B,36.778,1,1:30.507,0,1:56.534,0,201.2,1:45:36.133,23:45:36.133,0:36.778,1:30.507,1:56.534,297.2,Francesco CASTELLACCI,,LMGTE Am,,AF Corse,Ferrari,GF,36.778,90.507,116.534,
54,3,26,5:39.305,0,,2:18.148,0,1:31.638,0,1:49.519,0,144.6,1:51:15.438,23:51:15.438,2:18.148,1:31.638,1:49.519,296.4,Davide RIGON,0:01:51.648,LMGTE Am,,AF Corse,Ferrari,GF,138.148,91.638,109.519,
54,3,27,3:55.329,0,,36.893,0,1:30.071,1,1:48.365,0,208.4,1:55:10.767,23:55:10.767,0:36.893,1:30.071,1:48.365,298.0,Davide RIGON,,LMGTE Am,,AF Corse,Ferrari,GF,36.893,90.071,108.365,
54,3,28,3:55.012,0,,36.715,0,1:30.362,0,1:47.935,0,208.7,1:59:05.779,23:59:05.779,0:36.715,1:30.362,1:47.935,295.6,Davide RIGON,,LMGTE Am,,AF Corse,Ferrari,GF,36.715,90.362,107.935,
54,3,29,3:54.585,2,,36.528,2,1:30.264,0,1:47.793,2,209.1,2:03:00.364,00:03:00.364,0:36.528,1:30.264,1:47.793,290.0,Davide RIGON,,LMGTE Am,,AF Corse,Ferrari,FF,36.528,90.264,107.793,
55,1,1,8:32.681,0,,5:05.978,0,1:34.198,0,1:52.505,0,94.7,8:32.681,22:08:32.681,5:05.978,1:34.198,1:52.505,288.5,Gustav BIRCH,0:04:28.849,LMGTE Am,,GMB Motorsport,Aston Martin,GF,305.978,94.198,112.505,
55,1,2,4:03.578,0,,37.782,0,1:33.825,0,1:51.971,0,201.4,12:36.259,22:12:36.259,0:37.782,1:33.825,1:51.971,293.2,Gustav BIRCH,,LMGTE Am,,GMB Motorsport,Aston Martin,GF,37.782,93.825,111.971,
55,1,3,4:03.144,0,,37.761,0,1:32.517,0,1:52.866,0,201.7,16:39.403,22:16:39.403,0:37.761,1:32.517,1:52.866,295.6,Gustav BIRCH,,LMGTE Am,,GMB Motorsport,Aston Martin,GF,37.761,92.517,112.866,
55,1,4,4:00.689,0,,37.948,0,1:31.845,1,1:50.896,1,203.8,20:40.092,22:20:40.092,0:37.948,1:31.845,1:50.896,295.6,Gustav BIRCH,,LMGTE Am,,GMB Motorsport,Aston Martin,GF,37.948,91.845,110.896,
55,1,5,4:08.346,0,B,37.672,1,1:32.754,0,1:57.920,0,197.5,24:48.438,22:24:48.438,0:37.672,1:32.754,1:57.920,273.2,Gustav BIRCH,,LMGTE Am,,GMB Motorsport,Aston Martin,GF,37.672,92.754,117.920,
55,3,6,5:47.424,0,,2:11.105,0,1:37.624,0,1:58.695,0,141.2,30:35.862,22:30:35.862,2:11.105,1:37.624,1:58.695,279.5,Jens Reno MØLLER,0:01:39.220,LMGTE Am,,GMB Motorsport,Aston Martin,GF,131.105,97.624,118.695,
55,3,7,4:08.602,0,,39.267,0,1:35.126,0,1:54.209,0,197.3,34:44.464,22:34:44.464,0:39.267,1:35.126,1:54.209,290.0,Jens Reno MØLLER,,LMGTE Am,,GMB Motorsport,Aston Martin,GF,39.267,95.126,114.209,
55,3,8,4:08.419,0,,38.762,0,1:34.513,0,1:55.144,0,197.5,38:52.883,22:38:52.883,0:38.762,1:34.513,1:55.144,292.4,Jens Reno MØLLER,,LMGTE Am,,GMB Motorsport,Aston Martin,GF,38.762,94.513,115.144,
55,3,9,4:06.124,0,,38.570,0,1:33.262,0,1:54.292,0,199.3,42:59.007,22:42:59.007,0:38.570,1:33.262,1:54.292,292.4,Jens Reno MØLLER,,LMGTE Am,,GMB Motorsport,Aston Martin,GF,38.570,93.262,114.292,
55,3,10,4:07.924,0,,38.698,0,1:33.287,0,1:55.939,0,197.9,47:06.931,22:47:06.931,0:38.698,1:33.287,1:55.939,296.4,Jens Reno MØLLER,,LMGTE Am,,GMB Motorsport,Aston Martin,GF,38.698,93.287,115.939,
55,3,11,4:08.006,0,,38.637,0,1:35.017,0,1:54.352,0,197.8,51:14.937,22:51:14.937,0:38.637,1:35.017,1:54.352,292.4,Jens Reno MØLLER,,LMGTE Am,,GMB Motorsport,Aston Martin,GF,38.637,95.017,114.352,
55,3,12,4:06.247,0,,39.664,0,1:33.273,0,1:53.310,0,199.2,55:21.184,22:55:21.184,0:39.664,1:33.273,1:53.310,290.8,Jens Reno MØLLER,,LMGTE Am,,GMB Motorsport,Aston Martin,GF,39.664,93.273,113.310,
55,3,13,4:05.295,0,,38.451,0,1:32.976,0,1:53.868,0,200.0,59:26.479,22:59:26.479,0:38.451,1:32.976,1:53.868,290.8,Jens Reno MØLLER,,LMGTE Am,,GMB Motorsport,Aston Martin,GF,38.451,92.976,113.868,
55,3,14,4:05.557,0,,38.541,0,1:33.474,0,1:53.542,0,199.8,1:03:32.036,23:03:32.036,0:38.541,1:33.474,1:53.542,290.0,Jens Reno MØLLER,,LMGTE Am,,GMB Motorsport,Aston Martin,GF,38.541,93.474,113.542,
55,3,15,4:03.334,0,,38.293,0,1:32.783,0,1:52.258,1,201.6,1:07:35.370,23:07:35.370,0:38.293,1:32.783,1:52.258,291.6,Jens Reno MØLLER,,LMGTE Am,,GMB Motorsport,Aston Martin,GF,38.293,92.783,112.258,
55,3,16,4:04.922,0,,38.074,0,1:32.288,1,1:54.560,0,200.3,1:11:40.292,23:11:40.292,0:38.074,1:32.288,1:54.560,291.6,Jens Reno MØLLER,,LMGTE Am,,GMB Motorsport,Aston Martin,GF,38.074,92.288,114.560,
55,3,17,4:04.969,0,,38.996,0,1:32.858,0,1:53.115,0,200.2,1:15:45.261,23:15:45.261,0:38.996,1:32.858,1:53.115,294.0,Jens Reno MØLLER,,LMGTE Am,,GMB Motorsport,Aston Martin,GF,38.996,92.858,113.115,
55,3,18,4:03.826,0,,38.251,0,1:33.038,0,1:52.537,0,201.2,1:19:49.087,23:19:49.087,0:38.251,1:33.038,1:52.537,295.6,Jens Reno MØLLER,,LMGTE Am,,GMB Motorsport,Aston Martin,GF,38.251,93.038,112.537,
55,3,19,4:10.471,0,B,37.900,1,1:32.662,0,1:59.909,0,195.8,1:23:59.558,23:23:59.558,0:37.900,1:32.662,1:59.909,294.0,Jens Reno MØLLER,,LMGTE Am,,GMB Motorsport,Aston Martin,GF,37.900,92.662,119.909,
55,3,20,9:54.096,0,B,6:17.370,0,1:34.282,0,2:02.444,0,82.6,1:33:53.654,23:33:53.654,6:17.370,1:34.282,2:02.444,287.7,Jens Reno MØLLER,0:05:49.296,LMGTE Am,,GMB Motorsport,Aston Martin,GF,377.370,94.282,122.444,
55,2,21,15:24.267,0,,11:51.584,0,1:38.842,0,1:53.841,0,53.1,1:49:17.921,23:49:17.921,11:51.584,1:38.842,1:53.841,215.9,Marco SØRENSEN,0:11:23.059,LMGTE Am,,GMB Motorsport,Aston Martin,GF,711.584,98.842,113.841,
55,2,22,4:00.415,0,,37.856,0,1:32.282,0,1:50.277,0,204.0,1:53:18.336,23:53:18.336,0:37.856,1:32.282,1:50.277,287.7,Marco SØRENSEN,,LMGTE Am,,GMB Motorsport,Aston Martin,GF,37.856,92.282,110.277,
55,2,23,3:57.220,2,,37.065,2,1:31.430,2,1:48.725,2,206.8,1:57:15.556,23:57:15.556,0:37.065,1:31.430,1:48.725,290.8,Marco SØRENSEN,,LMGTE Am,,GMB Motorsport,Aston Martin,GF,37.065,91.430,108.725,
55,2,24,3:59.640,0,,37.669,0,1:33.017,0,1:48.954,0,204.7,2:01:15.196,00:01:15.196,0:37.669,1:33.017,1:48.954,294.8,Marco SØRENSEN,,LMGTE Am,,GMB Motorsport,Aston Martin,FF,37.669,93.017,108.954,
56,1,1,5:06.979,0,,1:40.082,0,1:33.701,0,1:53.196,0,158.1,5:06.979,22:05:06.979,1:40.082,1:33.701,1:53.196,291.6,PJ HYETT,0:01:01.358,LMGTE Am,,Project 1 - AO,Porsche,GF,100.082,93.701,113.196,
56,1,2,3:59.451,0,,38.062,0,1:30.978,1,1:50.411,0,204.9,9:06.430,22:09:06.430,0:38.062,1:30.978,1:50.411,299.7,PJ HYETT,,LMGTE Am,,Project 1 - AO,Porsche,GF,38.062,90.978,110.411,
56,1,3,3:59.980,0,,37.642,0,1:31.010,0,1:51.328,0,204.4,13:06.410,22:13:06.410,0:37.642,1:31.010,1:51.328,300.5,PJ HYETT,,LMGTE Am,,Project 1 - AO,Porsche,GF,37.642,91.010,111.328,
56,1,4,3:59.983,0,,37.461,1,1:32.176,0,1:50.346,1,204.4,17:06.393,22:17:06.393,0:37.461,1:32.176,1:50.346,291.6,PJ HYETT,,LMGTE Am,,Project 1 - AO,Porsche,GF,37.461,92.176,110.346,
56,1,5,4:07.565,0,B,38.091,0,1:31.127,0,1:58.347,0,198.1,21:13.958,22:21:13.958,0:38.091,1:31.127,1:58.347,298.0,PJ HYETT,,LMGTE Am,,Project 1 - AO,Porsche,GF,38.091,91.127,118.347,
56,2,6,6:30.329,0,,3:02.249,0,1:33.257,0,1:54.823,0,125.7,27:44.287,22:27:44.287,3:02.249,1:33.257,1:54.823,296.4,Gunnar JEANNETTE,0:02:34.513,LMGTE Am,,Project 1 - AO,Porsche,GF,182.249,93.257,114.823,
56,2,7,4:03.770,0,,39.515,0,1:32.662,0,1:51.593,0,201.2,31:48.057,22:31:48.057,0:39.515,1:32.662,1:51.593,298.8,Gunnar JEANNETTE,,LMGTE Am,,Project 1 - AO,Porsche,GF,39.515,92.662,111.593,
56,2,8,4:00.541,0,,38.072,0,1:31.494,0,1:50.975,0,203.9,35:48.598,22:35:48.598,0:38.072,1:31.494,1:50.975,298.8,Gunnar JEANNETTE,,LMGTE Am,,Project 1 - AO,Porsche,GF,38.072,91.494,110.975,
56,2,9,3:58.903,0,,37.821,0,1:31.198,0,1:49.884,1,205.3,39:47.501,22:39:47.501,0:37.821,1:31.198,1:49.884,297.2,Gunnar JEANNETTE,,LMGTE Am,,Project 1 - AO,Porsche,GF,37.821,91.198,109.884,
56,2,10,4:05.656,0,B,37.471,1,1:31.092,0,1:57.093,0,199.7,43:53.157,22:43:53.157,0:37.471,1:31.092,1:57.093,298.8,Gunnar JEANNETTE,,LMGTE Am,,Project 1 - AO,Porsche,GF,37.471,91.092,117.093,
56,3,11,6:47.992,0,,3:24.467,0,1:30.202,0,1:53.323,0,120.2,50:41.149,22:50:41.149,3:24.467,1:30.202,1:53.323,300.5,Matteo CAIROLI,0:02:58.415,LMGTE Am,,Project 1 - AO,Porsche,GF,204.467,90.202,113.323,
56,3,12,3:56.453,0,,37.267,0,1:30.428,0,1:48.758,0,207.5,54:37.602,22:54:37.602,0:37.267,1:30.428,1:48.758,294.8,Matteo CAIROLI,,LMGTE Am,,Project 1 - AO,Porsche,GF,37.267,90.428,108.758,
56,3,13,3:54.648,0,,37.168,0,1:29.881,2,1:47.599,0,209.1,58:32.250,22:58:32.250,0:37.168,1:29.881,1:47.599,301.3,Matteo CAIROLI,,LMGTE Am,,Project 1 - AO,Porsche,GF,37.168,89.881,107.599,
56,3,14,3:54.172,2,,36.886,2,1:30.009,0,1:47.277,2,209.5,1:02:26.422,23:02:26.422,0:36.886,1:30.009,1:47.277,302.2,Matteo CAIROLI,,LMGTE Am,,Project 1 - AO,Porsche,GF,36.886,90.009,107.277,
56,3,15,4:07.362,0,B,37.849,0,1:33.407,0,1:56.106,0,198.3,1:06:33.784,23:06:33.784,0:37.849,1:33.407,1:56.106,298.0,Matteo CAIROLI,,LMGTE Am,,Project 1 - AO,Porsche,GF,37.849,93.407,116.106,
56,1,16,7:05.453,0,B,3:16.917,0,1:36.099,0,2:12.437,0,115.3,1:13:39.237,23:13:39.237,3:16.917,1:36.099,2:12.437,294.0,PJ HYETT,0:02:45.968,LMGTE Am,,Project 1 - AO,Porsche,GF,196.917,96.099,132.437,
56,1,17,5:17.853,0,,1:48.411,0,1:35.439,0,1:54.003,0,154.3,1:18:57.090,23:18:57.090,1:48.411,1:35.439,1:54.003,296.4,PJ HYETT,0:01:22.143,LMGTE Am,,Project 1 - AO,Porsche,GF,108.411,95.439,114.003,
56,1,18,4:06.551,0,,38.585,0,1:33.397,0,1:54.569,0,199.0,1:23:03.641,23:23:03.641,0:38.585,1:33.397,1:54.569,294.0,PJ HYETT,,LMGTE Am,,Project 1 - AO,Porsche,GF,38.585,93.397,114.569,
56,1,19,4:03.451,0,,38.380,0,1:32.058,0,1:53.013,0,201.5,1:27:07.092,23:27:07.092,0:38.380,1:32.058,1:53.013,296.4,PJ HYETT,,LMGTE Am,,Project 1 - AO,Porsche,GF,38.380,92.058,113.013,
56,1,20,4:00.951,0,,38.176,0,1:31.722,0,1:51.053,0,203.6,1:31:08.043,23:31:08.043,0:38.176,1:31.722,1:51.053,296.4,PJ HYETT,,LMGTE Am,,Project 1 - AO,Porsche,GF,38.176,91.722,111.053,
56,1,21,4:02.027,0,,38.925,0,1:31.491,0,1:51.611,0,202.7,1:35:10.070,23:35:10.070,0:38.925,1:31.491,1:51.611,295.6,PJ HYETT,,LMGTE Am,,Project 1 - AO,Porsche,GF,38.925,91.491,111.611,
56,1,22,4:02.942,0,,38.397,0,1:31.714,0,1:52.831,0,201.9,1:39:13.012,23:39:13.012,0:38.397,1:31.714,1:52.831,298.8,PJ HYETT,,LMGTE Am,,Project 1 - AO,Porsche,GF,38.397,91.714,112.831,
56,1,23,4:07.254,0,B,38.119,0,1:31.599,0,1:57.536,0,198.4,1:43:20.266,23:43:20.266,0:38.119,1:31.599,1:57.536,286.9,PJ HYETT,,LMGTE Am,,Project 1 - AO,Porsche,GF,38.119,91.599,117.536,
56,2,24,5:14.213,0,,1:51.060,0,1:31.820,0,1:51.333,0,156.1,1:48:34.479,23:48:34.479,1:51.060,1:31.820,1:51.333,296.4,Gunnar JEANNETTE,0:01:23.473,LMGTE Am,,Project 1 - AO,Porsche,GF,111.060,91.820,111.333,
56,2,25,4:02.197,0,,38.118,0,1:32.082,0,1:51.997,0,202.5,1:52:36.676,23:52:36.676,0:38.118,1:32.082,1:51.997,297.2,Gunnar JEANNETTE,,LMGTE Am,,Project 1 - AO,Porsche,GF,38.118,92.082,111.997,
56,2,26,4:06.063,0,,37.938,0,1:35.341,0,1:52.784,0,199.4,1:56:42.739,23:56:42.739,0:37.938,1:35.341,1:52.784,296.4,Gunnar JEANNETTE,,LMGTE Am,,Project 1 - AO,Porsche,GF,37.938,95.341,112.784,
56,2,27,3:59.488,0,,38.248,0,1:31.085,1,1:50.155,0,204.8,2:00:42.227,00:00:42.227,0:38.248,1:31.085,1:50.155,298.0,Gunnar JEANNETTE,,LMGTE Am,,Project 1 - AO,Porsche,FF,38.248,91.085,110.155,
57,1,1,4:58.168,0,,1:26.872,0,1:37.385,0,1:53.911,0,162.8,4:58.168,22:04:58.168,1:26.872,1:37.385,1:53.911,290.0,Takeshi KIMURA,0:00:47.720,LMGTE Am,,Kessel Racing,Ferrari,GF,86.872,97.385,113.911,
57,1,2,4:04.161,0,,37.735,1,1:33.461,0,1:52.965,0,200.9,9:02.329,22:09:02.329,0:37.735,1:33.461,1:52.965,293.2,Takeshi KIMURA,,LMGTE Am,,Kessel Racing,Ferrari,GF,37.735,93.461,112.965,
57,1,3,4:02.168,0,,37.817,0,1:32.898,0,1:51.453,0,202.6,13:04.497,22:13:04.497,0:37.817,1:32.898,1:51.453,294.8,Takeshi KIMURA,,LMGTE Am,,Kessel Racing,Ferrari,GF,37.817,92.898,111.453,
57,1,4,4:04.853,0,,37.905,0,1:34.161,0,1:52.787,0,200.3,17:09.350,22:17:09.350,0:37.905,1:34.161,1:52.787,294.8,Takeshi KIMURA,,LMGTE Am,,Kessel Racing,Ferrari,GF,37.905,94.161,112.787,
57,1,5,4:03.707,0,,37.766,0,1:32.596,1,1:53.345,0,201.3,21:13.057,22:21:13.057,0:37.766,1:32.596,1:53.345,296.4,Takeshi KIMURA,,LMGTE Am,,Kessel Racing,Ferrari,GF,37.766,92.596,113.345,
57,1,6,4:03.438,0,,38.320,0,1:33.643,0,1:51.475,1,201.5,25:16.495,22:25:16.495,0:38.320,1:33.643,1:51.475,287.7,Takeshi KIMURA,,LMGTE Am,,Kessel Racing,Ferrari,GF,38.320,93.643,111.475,
57,1,7,4:10.203,0,B,37.774,0,1:32.641,0,1:59.788,0,196.1,29:26.698,22:29:26.698,0:37.774,1:32.641,1:59.788,294.0,Takeshi KIMURA,,LMGTE Am,,Kessel Racing,Ferrari,GF,37.774,92.641,119.788,
57,2,8,5:37.037,0,,2:14.152,0,1:32.302,0,1:50.583,0,145.5,35:03.735,22:35:03.735,2:14.152,1:32.302,1:50.583,298.0,Scott HUFFAKER,0:01:45.671,LMGTE Am,,Kessel Racing,Ferrari,GF,134.152,92.302,110.583,
57,2,9,3:56.982,0,,37.513,0,1:30.771,0,1:48.698,0,207.0,39:00.717,22:39:00.717,0:37.513,1:30.771,1:48.698,297.2,Scott HUFFAKER,,LMGTE Am,,Kessel Racing,Ferrari,GF,37.513,90.771,108.698,
57,2,10,3:57.114,0,,37.235,0,1:30.409,0,1:49.470,0,206.9,42:57.831,22:42:57.831,0:37.235,1:30.409,1:49.470,298.8,Scott HUFFAKER,,LMGTE Am,,Kessel Racing,Ferrari,GF,37.235,90.409,109.470,
57,2,11,3:57.431,0,,37.188,0,1:30.386,0,1:49.857,0,206.6,46:55.262,22:46:55.262,0:37.188,1:30.386,1:49.857,298.8,Scott HUFFAKER,,LMGTE Am,,Kessel Racing,Ferrari,GF,37.188,90.386,109.857,
57,2,12,3:55.739,0,,37.207,0,1:30.403,0,1:48.129,0,208.1,50:51.001,22:50:51.001,0:37.207,1:30.403,1:48.129,297.2,Scott HUFFAKER,,LMGTE Am,,Kessel Racing,Ferrari,GF,37.207,90.403,108.129,
57,2,13,3:58.636,0,,37.462,0,1:30.755,0,1:50.419,0,205.6,54:49.637,22:54:49.637,0:37.462,1:30.755,1:50.419,298.0,Scott HUFFAKER,,LMGTE Am,,Kessel Racing,Ferrari,GF,37.462,90.755,110.419,
57,2,14,3:59.622,0,,37.368,0,1:30.288,0,1:51.966,0,204.7,58:49.259,22:58:49.259,0:37.368,1:30.288,1:51.966,299.7,Scott HUFFAKER,,LMGTE Am,,Kessel Racing,Ferrari,GF,37.368,90.288,111.966,
57,2,15,3:55.545,0,,37.157,1,1:30.177,1,1:48.211,1,208.3,1:02:44.804,23:02:44.804,0:37.157,1:30.177,1:48.211,298.8,Scott HUFFAKER,,LMGTE Am,,Kessel Racing,Ferrari,GF,37.157,90.177,108.211,
57,2,16,3:56.782,0,,37.494,0,1:30.947,0,1:48.341,0,207.2,1:06:41.586,23:06:41.586,0:37.494,1:30.947,1:48.341,298.8,Scott HUFFAKER,,LMGTE Am,,Kessel Racing,Ferrari,GF,37.494,90.947,108.341,
57,2,17,4:02.757,0,B,37.308,0,1:30.999,0,1:54.450,0,202.1,1:10:44.343,23:10:44.343,0:37.308,1:30.999,1:54.450,298.0,Scott HUFFAKER,,LMGTE Am,,Kessel Racing,Ferrari,GF,37.308,90.999,114.450,
57,2,18,9:32.875,0,B,6:06.232,0,1:31.699,0,1:54.944,0,85.6,1:20:17.218,23:20:17.218,6:06.232,1:31.699,1:54.944,281.0,Scott HUFFAKER,0:05:37.985,LMGTE Am,,Kessel Racing,Ferrari,GF,366.232,91.699,114.944,
57,3,19,5:26.907,0,,2:01.209,0,1:32.973,0,1:52.725,0,150.1,1:25:44.125,23:25:44.125,2:01.209,1:32.973,1:52.725,294.8,Daniel SERRA,0:01:32.917,LMGTE Am,,Kessel Racing,Ferrari,GF,121.209,92.973,112.725,
57,3,20,3:58.351,0,,37.518,0,1:31.622,0,1:49.211,0,205.8,1:29:42.476,23:29:42.476,0:37.518,1:31.622,1:49.211,294.8,Daniel SERRA,,LMGTE Am,,Kessel Racing,Ferrari,GF,37.518,91.622,109.211,
57,3,21,3:56.633,0,,37.342,0,1:30.710,0,1:48.581,0,207.3,1:33:39.109,23:33:39.109,0:37.342,1:30.710,1:48.581,299.7,Daniel SERRA,,LMGTE Am,,Kessel Racing,Ferrari,GF,37.342,90.710,108.581,
57,3,22,4:00.840,0,,38.215,0,1:31.615,0,1:51.010,0,203.7,1:37:39.949,23:37:39.949,0:38.215,1:31.615,1:51.010,297.2,Daniel SERRA,,LMGTE Am,,Kessel Racing,Ferrari,GF,38.215,91.615,111.010,
57,3,23,3:54.816,0,,37.026,0,1:29.965,0,1:47.825,2,208.9,1:41:34.765,23:41:34.765,0:37.026,1:29.965,1:47.825,298.8,Daniel SERRA,,LMGTE Am,,Kessel Racing,Ferrari,GF,37.026,89.965,107.825,
57,3,24,3:54.792,2,,36.770,2,1:29.864,2,1:48.158,0,208.9,1:45:29.557,23:45:29.557,0:36.770,1:29.864,1:48.158,298.8,Daniel SERRA,,LMGTE Am,,Kessel Racing,Ferrari,GF,36.770,89.864,108.158,
57,3,25,3:54.927,0,,36.801,0,1:30.181,0,1:47.945,0,208.8,1:49:24.484,23:49:24.484,0:36.801,1:30.181,1:47.945,296.4,Daniel SERRA,,LMGTE Am,,Kessel Racing,Ferrari,GF,36.801,90.181,107.945,
57,3,26,3:54.788,0,,36.879,0,1:29.883,0,1:48.026,0,208.9,1:53:19.272,23:53:19.272,0:36.879,1:29.883,1:48.026,299.7,Daniel SERRA,,LMGTE Am,,Kessel Racing,Ferrari,GF,36.879,89.883,108.026,
57,3,27,3:55.465,0,,37.054,0,1:30.034,0,1:48.377,0,208.3,1:57:14.737,23:57:14.737,0:37.054,1:30.034,1:48.377,299.7,Daniel SERRA,,LMGTE Am,,Kessel Racing,Ferrari,GF,37.054,90.034,108.377,
57,3,28,3:55.802,0,,36.988,0,1:30.052,0,1:48.762,0,208.0,2:01:10.539,00:01:10.539,0:36.988,1:30.052,1:48.762,298.8,Daniel SERRA,,LMGTE Am,,Kessel Racing,Ferrari,FF,36.988,90.052,108.762,
6,2,1,25:57.197,0,,22:54.549,0,1:23.392,0,1:39.256,0,31.2,25:57.197,22:25:57.197,22:54.549,1:23.392,1:39.256,324.9,André LOTTERER,0:22:19.506,HYPERCAR,H,Porsche Penske Motorsport,Porsche,GF,1374.549,83.392,99.256,
6,2,2,3:35.185,0,,34.664,0,1:22.716,0,1:37.805,1,228.0,29:32.382,22:29:32.382,0:34.664,1:22.716,1:37.805,316.3,André LOTTERER,,HYPERCAR,H,Porsche Penske Motorsport,Porsche,GF,34.664,82.716,97.805,
6,2,3,3:32.898,0,,33.517,0,1:21.371,1,1:38.010,0,230.4,33:05.280,22:33:05.280,0:33.517,1:21.371,1:38.010,333.9,André LOTTERER,,HYPERCAR,H,Porsche Penske Motorsport,Porsche,GF,33.517,81.371,98.010,
6,2,4,3:33.405,0,,33.500,0,1:22.068,0,1:37.837,0,229.9,36:38.685,22:36:38.685,0:33.500,1:22.068,1:37.837,330.8,André LOTTERER,,HYPERCAR,H,Porsche Penske Motorsport,Porsche,GF,33.500,82.068,97.837,
6,2,5,3:43.730,0,B,33.214,1,1:21.323,0,1:49.193,0,219.3,40:22.415,22:40:22.415,0:33.214,1:21.323,1:49.193,331.8,André LOTTERER,,HYPERCAR,H,Porsche Penske Motorsport,Porsche,GF,33.214,81.323,109.193,
6,1,6,4:53.266,0,,1:54.181,0,1:21.879,0,1:37.206,0,167.3,45:15.681,22:45:15.681,1:54.181,1:21.879,1:37.206,329.8,Kévin ESTRE,0:01:31.200,HYPERCAR,H,Porsche Penske Motorsport,Porsche,GF,114.181,81.879,97.206,
6,1,7,3:31.880,0,,33.632,0,1:21.516,0,1:36.732,0,231.5,48:47.561,22:48:47.561,0:33.632,1:21.516,1:36.732,330.8,Kévin ESTRE,,HYPERCAR,H,Porsche Penske Motorsport,Porsche,GF,33.632,81.516,96.732,
6,1,8,3:32.383,0,,33.015,0,1:20.906,0,1:38.462,0,231.0,52:19.944,22:52:19.944,0:33.015,1:20.906,1:38.462,328.8,Kévin ESTRE,,HYPERCAR,H,Porsche Penske Motorsport,Porsche,GF,33.015,80.906,98.462,
6,1,9,3:31.389,0,,32.931,0,1:20.798,0,1:37.660,0,232.1,55:51.333,22:55:51.333,0:32.931,1:20.798,1:37.660,329.8,Kévin ESTRE,,HYPERCAR,H,Porsche Penske Motorsport,Porsche,GF,32.931,80.798,97.660,
6,1,10,3:30.740,0,,33.816,0,1:20.511,1,1:36.413,1,232.8,59:22.073,22:59:22.073,0:33.816,1:20.511,1:36.413,329.8,Kévin ESTRE,,HYPERCAR,H,Porsche Penske Motorsport,Porsche,GF,33.816,80.511,96.413,
6,1,11,3:31.758,0,,32.930,0,1:20.540,0,1:38.288,0,231.6,1:02:53.831,23:02:53.831,0:32.930,1:20.540,1:38.288,327.8,Kévin ESTRE,,HYPERCAR,H,Porsche Penske Motorsport,Porsche,GF,32.930,80.540,98.288,
6,1,12,3:41.577,0,B,32.913,1,1:21.769,0,1:46.895,0,221.4,1:06:35.408,23:06:35.408,0:32.913,1:21.769,1:46.895,328.8,Kévin ESTRE,,HYPERCAR,H,Porsche Penske Motorsport,Porsche,GF,32.913,81.769,106.895,
6,3,13,5:06.588,0,,2:05.504,0,1:22.626,0,1:38.458,0,160.0,1:11:41.996,23:11:41.996,2:05.504,1:22.626,1:38.458,318.2,Laurens VANTHOOR,0:01:41.282,HYPERCAR,H,Porsche Penske Motorsport,Porsche,GF,125.504,82.626,98.458,
6,3,14,3:33.208,0,,33.925,0,1:22.162,0,1:37.121,0,230.1,1:15:15.204,23:15:15.204,0:33.925,1:22.162,1:37.121,321.0,Laurens VANTHOOR,,HYPERCAR,H,Porsche Penske Motorsport,Porsche,GF,33.925,82.162,97.121,
6,3,15,3:31.176,0,,32.849,0,1:20.881,0,1:37.446,0,232.3,1:18:46.380,23:18:46.380,0:32.849,1:20.881,1:37.446,336.0,Laurens VANTHOOR,,HYPERCAR,H,Porsche Penske Motorsport,Porsche,GF,32.849,80.881,97.446,
6,3,16,3:29.157,0,,32.577,0,1:20.641,0,1:35.939,3,234.5,1:22:15.537,23:22:15.537,0:32.577,1:20.641,1:35.939,325.8,Laurens VANTHOOR,,HYPERCAR,H,Porsche Penske Motorsport,Porsche,GF,32.577,80.641,95.939,
6,3,17,3:28.878,3,,32.456,2,1:20.343,0,1:36.079,0,234.8,1:25:44.415,23:25:44.415,0:32.456,1:20.343,1:36.079,329.8,Laurens VANTHOOR,,HYPERCAR,H,Porsche Penske Motorsport,Porsche,GF,32.456,80.343,96.079,
6,3,18,3:29.629,0,,32.818,0,1:20.678,0,1:36.133,0,234.0,1:29:14.044,23:29:14.044,0:32.818,1:20.678,1:36.133,320.1,Laurens VANTHOOR,,HYPERCAR,H,Porsche Penske Motorsport,Porsche,GF,32.818,80.678,96.133,
6,3,19,3:39.001,0,B,32.811,0,1:21.365,0,1:44.825,0,224.0,1:32:53.045,23:32:53.045,0:32.811,1:21.365,1:44.825,334.9,Laurens VANTHOOR,,HYPERCAR,H,Porsche Penske Motorsport,Porsche,GF,32.811,81.365,104.825,
6,3,20,5:27.308,0,,2:26.177,0,1:23.004,0,1:38.127,0,149.9,1:38:20.353,23:38:20.353,2:26.177,1:23.004,1:38.127,311.8,Laurens VANTHOOR,0:02:01.055,HYPERCAR,H,Porsche Penske Motorsport,Porsche,GF,146.177,83.004,98.127,
6,3,21,3:32.754,0,,32.933,0,1:21.487,0,1:38.334,0,230.6,1:41:53.107,23:41:53.107,0:32.933,1:21.487,1:38.334,311.8,Laurens VANTHOOR,,HYPERCAR,H,Porsche Penske Motorsport,Porsche,GF,32.933,81.487,98.334,
6,3,22,3:37.060,0,B,33.006,0,1:20.248,2,1:43.806,0,226.0,1:45:30.167,23:45:30.167,0:33.006,1:20.248,1:43.806,325.8,Laurens VANTHOOR,,HYPERCAR,H,Porsche Penske Motorsport,Porsche,GF,33.006,80.248,103.806,
6,3,23,10:03.696,0,,7:03.971,0,1:21.642,0,1:38.083,0,81.3,1:55:33.863,23:55:33.863,7:03.971,1:21.642,1:38.083,316.3,Laurens VANTHOOR,0:06:40.455,HYPERCAR,H,Porsche Penske Motorsport,Porsche,GF,423.971,81.642,98.083,
6,3,24,3:43.756,0,B,33.364,0,1:22.564,0,1:47.828,0,219.2,1:59:17.619,23:59:17.619,0:33.364,1:22.564,1:47.828,315.4,Laurens VANTHOOR,,HYPERCAR,H,Porsche Penske Motorsport,Porsche,GF,33.364,82.564,107.828,
60,1,1,12:02.147,0,,8:29.867,0,1:35.300,0,1:56.980,0,67.2,12:02.147,22:12:02.147,8:29.867,1:35.300,1:56.980,294.0,Claudio SCHIAVONI,0:07:49.026,LMGTE Am,,Iron Lynx,Porsche,GF,509.867,95.300,116.980,
60,1,2,4:12.276,0,,39.894,0,1:34.548,0,1:57.834,0,194.4,16:14.423,22:16:14.423,0:39.894,1:34.548,1:57.834,294.8,Claudio SCHIAVONI,,LMGTE Am,,Iron Lynx,Porsche,GF,39.894,94.548,117.834,
60,1,3,4:15.062,0,,39.631,1,1:35.607,0,1:59.824,0,192.3,20:29.485,22:20:29.485,0:39.631,1:35.607,1:59.824,293.2,Claudio SCHIAVONI,,LMGTE Am,,Iron Lynx,Porsche,GF,39.631,95.607,119.824,
60,1,4,4:10.841,0,,40.346,0,1:33.888,1,1:56.607,1,195.6,24:40.326,22:24:40.326,0:40.346,1:33.888,1:56.607,296.4,Claudio SCHIAVONI,,LMGTE Am,,Iron Lynx,Porsche,GF,40.346,93.888,116.607,
60,1,5,4:21.556,0,B,41.058,0,1:34.540,0,2:05.958,0,187.5,29:01.882,22:29:01.882,0:41.058,1:34.540,2:05.958,296.4,Claudio SCHIAVONI,,LMGTE Am,,Iron Lynx,Porsche,GF,41.058,94.540,125.958,
60,2,6,5:48.010,0,,2:23.892,0,1:31.986,0,1:52.132,0,141.0,34:49.892,22:34:49.892,2:23.892,1:31.986,1:52.132,295.6,Matteo CRESSONI,0:01:57.841,LMGTE Am,,Iron Lynx,Porsche,GF,143.892,91.986,112.132,
60,2,7,3:58.181,0,,37.913,0,1:31.024,0,1:49.244,0,206.0,38:48.073,22:38:48.073,0:37.913,1:31.024,1:49.244,300.5,Matteo CRESSONI,,LMGTE Am,,Iron Lynx,Porsche,GF,37.913,91.024,109.244,
60,2,8,3:54.915,0,,36.769,0,1:30.086,0,1:48.060,0,208.8,42:42.988,22:42:42.988,0:36.769,1:30.086,1:48.060,301.3,Matteo CRESSONI,,LMGTE Am,,Iron Lynx,Porsche,GF,36.769,90.086,108.060,
60,2,9,3:55.360,0,,37.006,0,1:29.877,0,1:48.477,0,208.4,46:38.348,22:46:38.348,0:37.006,1:29.877,1:48.477,302.2,Matteo CRESSONI,,LMGTE Am,,Iron Lynx,Porsche,GF,37.006,89.877,108.477,
60,2,10,4:12.381,0,B,36.853,0,1:29.829,1,2:05.699,0,194.4,50:50.729,22:50:50.729,0:36.853,1:29.829,2:05.699,300.5,Matteo CRESSONI,,LMGTE Am,,Iron Lynx,Porsche,GF,36.853,89.829,125.699,
60,3,11,5:11.279,0,,1:50.560,0,1:31.189,0,1:49.530,0,157.6,56:02.008,22:56:02.008,1:50.560,1:31.189,1:49.530,297.2,Alessio PICARIELLO,0:01:24.862,LMGTE Am,,Iron Lynx,Porsche,GF,110.560,91.189,109.530,
60,3,12,3:56.181,0,,37.117,0,1:30.506,0,1:48.558,0,207.7,59:58.189,22:59:58.189,0:37.117,1:30.506,1:48.558,298.8,Alessio PICARIELLO,,LMGTE Am,,Iron Lynx,Porsche,GF,37.117,90.506,108.558,
60,3,13,3:54.782,0,,37.474,0,1:29.587,2,1:47.721,0,208.9,1:03:52.971,23:03:52.971,0:37.474,1:29.587,1:47.721,299.7,Alessio PICARIELLO,,LMGTE Am,,Iron Lynx,Porsche,GF,37.474,89.587,107.721,
60,3,14,3:54.080,2,,36.700,2,1:30.028,0,1:47.352,2,209.6,1:07:47.051,23:07:47.051,0:36.700,1:30.028,1:47.352,297.2,Alessio PICARIELLO,,LMGTE Am,,Iron Lynx,Porsche,GF,36.700,90.028,107.352,
60,3,15,4:01.149,0,B,36.855,0,1:30.056,0,1:54.238,0,203.4,1:11:48.200,23:11:48.200,0:36.855,1:30.056,1:54.238,298.0,Alessio PICARIELLO,,LMGTE Am,,Iron Lynx,Porsche,GF,36.855,90.056,114.238,
60,2,16,5:29.875,0,,2:09.760,0,1:30.989,0,1:49.126,0,148.7,1:17:18.075,23:17:18.075,2:09.760,1:30.989,1:49.126,298.0,Matteo CRESSONI,0:01:42.977,LMGTE Am,,Iron Lynx,Porsche,GF,129.760,90.989,109.126,
60,2,17,3:56.941,0,,37.202,0,1:30.302,0,1:49.437,0,207.0,1:21:15.016,23:21:15.016,0:37.202,1:30.302,1:49.437,298.8,Matteo CRESSONI,,LMGTE Am,,Iron Lynx,Porsche,GF,37.202,90.302,109.437,
60,2,18,3:55.524,0,,36.980,0,1:30.273,0,1:48.271,0,208.3,1:25:10.540,23:25:10.540,0:36.980,1:30.273,1:48.271,298.0,Matteo CRESSONI,,LMGTE Am,,Iron Lynx,Porsche,GF,36.980,90.273,108.271,
60,2,19,3:54.956,0,,36.880,0,1:30.396,0,1:47.680,1,208.8,1:29:05.496,23:29:05.496,0:36.880,1:30.396,1:47.680,297.2,Matteo CRESSONI,,LMGTE Am,,Iron Lynx,Porsche,GF,36.880,90.396,107.680,
60,2,20,4:04.506,0,B,36.901,0,1:31.026,0,1:56.579,0,200.6,1:33:10.002,23:33:10.002,0:36.901,1:31.026,1:56.579,299.7,Matteo CRESSONI,,LMGTE Am,,Iron Lynx,Porsche,GF,36.901,91.026,116.579,
60,2,21,7:08.103,0,,3:44.904,0,1:33.881,0,1:49.318,0,114.6,1:40:18.105,23:40:18.105,3:44.904,1:33.881,1:49.318,296.4,Matteo CRESSONI,0:03:16.770,LMGTE Am,,Iron Lynx,Porsche,GF,224.904,93.881,109.318,
60,2,22,3:56.015,0,,37.531,0,1:30.128,0,1:48.356,0,207.8,1:44:14.120,23:44:14.120,0:37.531,1:30.128,1:48.356,298.8,Matteo CRESSONI,,LMGTE Am,,Iron Lynx,Porsche,GF,37.531,90.128,108.356,
60,2,23,3:55.947,0,,37.095,0,1:29.917,0,1:48.935,0,207.9,1:48:10.067,23:48:10.067,0:37.095,1:29.917,1:48.935,301.3,Matteo CRESSONI,,LMGTE Am,,Iron Lynx,Porsche,GF,37.095,89.917,108.935,
60,2,24,4:26.564,0,B,36.753,1,1:30.392,0,2:19.419,0,184.0,1:52:36.631,23:52:36.631,0:36.753,1:30.392,2:19.419,299.7,Matteo CRESSONI,,LMGTE Am,,Iron Lynx,Porsche,GF,36.753,90.392,139.419,
63,1,1,6:27.854,0,,3:18.505,0,1:27.094,0,1:42.255,0,125.1,6:27.854,22:06:27.854,3:18.505,1:27.094,1:42.255,308.2,Doriane PIN,0:02:44.041,LMP2,,Prema Racing,Oreca,GF,198.505,87.094,102.255,
63,1,2,3:41.770,0,,34.564,0,1:25.782,0,1:41.424,0,221.2,10:09.624,22:10:09.624,0:34.564,1:25.782,1:41.424,302.2,Doriane PIN,,LMP2,,Prema Racing,Oreca,GF,34.564,85.782,101.424,
63,1,3,3:42.235,0,,34.959,0,1:24.605,0,1:42.671,0,220.7,13:51.859,22:13:51.859,0:34.959,1:24.605,1:42.671,305.6,Doriane PIN,,LMP2,,Prema Racing,Oreca,GF,34.959,84.605,102.671,
63,1,4,3:43.439,0,,34.362,0,1:25.851,0,1:43.226,0,219.5,17:35.298,22:17:35.298,0:34.362,1:25.851,1:43.226,310.0,Doriane PIN,,LMP2,,Prema Racing,Oreca,GF,34.362,85.851,103.226,
63,1,5,3:39.837,0,,34.481,0,1:24.101,1,1:41.255,0,223.1,21:15.135,22:21:15.135,0:34.481,1:24.101,1:41.255,308.2,Doriane PIN,,LMP2,,Prema Racing,Oreca,GF,34.481,84.101,101.255,
63,1,6,3:45.099,0,,37.241,0,1:26.452,0,1:41.406,0,217.9,25:00.234,22:25:00.234,0:37.241,1:26.452,1:41.406,308.2,Doriane PIN,,LMP2,,Prema Racing,Oreca,GF,37.241,86.452,101.406,
63,1,7,3:55.492,0,B,34.278,0,1:24.223,0,1:56.991,0,208.3,28:55.726,22:28:55.726,0:34.278,1:24.223,1:56.991,310.9,Doriane PIN,,LMP2,,Prema Racing,Oreca,GF,34.278,84.223,116.991,
63,2,8,5:27.687,0,,2:16.852,0,1:26.322,0,1:44.513,0,149.7,34:23.413,22:34:23.413,2:16.852,1:26.322,1:44.513,305.6,Daniil KVYAT,0:01:51.050,LMP2,,Prema Racing,Oreca,GF,136.852,86.322,104.513,
63,2,9,3:40.210,0,,34.442,0,1:24.341,0,1:41.427,0,222.8,38:03.623,22:38:03.623,0:34.442,1:24.341,1:41.427,310.0,Daniil KVYAT,,LMP2,,Prema Racing,Oreca,GF,34.442,84.341,101.427,
63,2,10,3:40.494,0,,34.438,1,1:24.871,0,1:41.185,0,222.5,41:44.117,22:41:44.117,0:34.438,1:24.871,1:41.185,310.9,Daniil KVYAT,,LMP2,,Prema Racing,Oreca,GF,34.438,84.871,101.185,
63,2,11,3:40.595,0,,34.635,0,1:24.695,0,1:41.265,0,222.4,45:24.712,22:45:24.712,0:34.635,1:24.695,1:41.265,307.3,Daniil KVYAT,,LMP2,,Prema Racing,Oreca,GF,34.635,84.695,101.265,
63,2,12,3:47.950,0,B,34.578,0,1:24.735,0,1:48.637,0,215.2,49:12.662,22:49:12.662,0:34.578,1:24.735,1:48.637,311.8,Daniil KVYAT,,LMP2,,Prema Racing,Oreca,GF,34.578,84.735,108.637,
63,2,13,6:40.507,0,,3:31.836,0,1:25.413,0,1:43.258,0,122.5,55:53.169,22:55:53.169,3:31.836,1:25.413,1:43.258,307.3,Daniil KVYAT,0:03:07.214,LMP2,,Prema Racing,Oreca,GF,211.836,85.413,103.258,
63,2,14,3:46.321,0,,36.654,0,1:27.984,0,1:41.683,0,216.7,59:39.490,22:59:39.490,0:36.654,1:27.984,1:41.683,310.0,Daniil KVYAT,,LMP2,,Prema Racing,Oreca,GF,36.654,87.984,101.683,
63,2,15,3:40.910,0,,34.540,0,1:25.349,0,1:41.021,0,222.1,1:03:20.400,23:03:20.400,0:34.540,1:25.349,1:41.021,309.1,Daniil KVYAT,,LMP2,,Prema Racing,Oreca,GF,34.540,85.349,101.021,
63,2,16,3:39.233,0,,34.690,0,1:24.145,1,1:40.398,1,223.8,1:06:59.633,23:06:59.633,0:34.690,1:24.145,1:40.398,311.8,Daniil KVYAT,,LMP2,,Prema Racing,Oreca,GF,34.690,84.145,100.398,
63,2,17,3:48.849,0,B,35.402,0,1:25.191,0,1:48.256,0,214.3,1:10:48.482,23:10:48.482,0:35.402,1:25.191,1:48.256,310.0,Daniil KVYAT,,LMP2,,Prema Racing,Oreca,GF,35.402,85.191,108.256,
63,3,18,5:15.660,0,,2:05.290,0,1:25.553,0,1:44.817,0,155.4,1:16:04.142,23:16:04.142,2:05.290,1:25.553,1:44.817,303.0,Mirko BORTOLOTTI,0:01:40.302,LMP2,,Prema Racing,Oreca,GF,125.290,85.553,104.817,
63,3,19,3:43.041,0,,34.277,0,1:24.439,0,1:44.325,0,219.9,1:19:47.183,23:19:47.183,0:34.277,1:24.439,1:44.325,309.1,Mirko BORTOLOTTI,,LMP2,,Prema Racing,Oreca,GF,34.277,84.439,104.325,
63,3,20,3:37.841,0,,34.190,0,1:24.003,0,1:39.648,0,225.2,1:23:25.024,23:23:25.024,0:34.190,1:24.003,1:39.648,309.1,Mirko BORTOLOTTI,,LMP2,,Prema Racing,Oreca,GF,34.190,84.003,99.648,
63,3,21,3:40.524,0,,34.532,0,1:26.029,0,1:39.963,0,222.4,1:27:05.548,23:27:05.548,0:34.532,1:26.029,1:39.963,303.9,Mirko BORTOLOTTI,,LMP2,,Prema Racing,Oreca,GF,34.532,86.029,99.963,
63,3,22,3:36.863,2,,33.978,2,1:23.885,2,1:39.000,2,226.2,1:30:42.411,23:30:42.411,0:33.978,1:23.885,1:39.000,310.9,Mirko BORTOLOTTI,,LMP2,,Prema Racing,Oreca,GF,33.978,83.885,99.000,
63,3,23,3:42.315,0,,34.325,0,1:24.213,0,1:43.777,0,220.6,1:34:24.726,23:34:24.726,0:34.325,1:24.213,1:43.777,305.6,Mirko BORTOLOTTI,,LMP2,,Prema Racing,Oreca,GF,34.325,84.213,103.777,
63,3,24,3:45.733,0,B,34.102,0,1:23.894,0,1:47.737,0,217.3,1:38:10.459,23:38:10.459,0:34.102,1:23.894,1:47.737,306.5,Mirko BORTOLOTTI,,LMP2,,Prema Racing,Oreca,GF,34.102,83.894,107.737,
63,1,25,5:11.836,0,,2:04.582,0,1:25.638,0,1:41.616,0,157.3,1:43:22.295,23:43:22.295,2:04.582,1:25.638,1:41.616,306.5,Doriane PIN,0:01:39.855,LMP2,,Prema Racing,Oreca,GF,124.582,85.638,101.616,
63,1,26,3:42.121,0,,34.805,0,1:25.902,0,1:41.414,0,220.8,1:47:04.416,23:47:04.416,0:34.805,1:25.902,1:41.414,308.2,Doriane PIN,,LMP2,,Prema Racing,Oreca,GF,34.805,85.902,101.414,
63,1,27,3:40.512,0,,34.238,1,1:24.659,0,1:41.615,0,222.5,1:50:44.928,23:50:44.928,0:34.238,1:24.659,1:41.615,307.3,Doriane PIN,,LMP2,,Prema Racing,Oreca,GF,34.238,84.659,101.615,
63,1,28,3:40.489,0,,34.285,0,1:24.164,0,1:42.040,0,222.5,1:54:25.417,23:54:25.417,0:34.285,1:24.164,1:42.040,308.2,Doriane PIN,,LMP2,,Prema Racing,Oreca,GF,34.285,84.164,102.040,
63,1,29,3:40.029,0,,34.798,0,1:24.614,0,1:40.617,1,222.9,1:58:05.446,23:58:05.446,0:34.798,1:24.614,1:40.617,310.9,Doriane PIN,,LMP2,,Prema Racing,Oreca,GF,34.798,84.614,100.617,
63,1,30,3:41.332,0,,34.293,0,1:24.401,0,1:42.638,0,221.6,2:01:46.778,00:01:46.778,0:34.293,1:24.401,1:42.638,310.0,Doriane PIN,,LMP2,,Prema Racing,Oreca,FF,34.293,84.401,102.638,
65,1,1,9:10.830,0,,6:01.099,0,1:26.659,0,1:43.072,0,88.1,9:10.830,22:09:10.830,6:01.099,1:26.659,1:43.072,310.9,Manuel MALDONADO,0:05:27.334,LMP2,,Panis Racing,Oreca,GF,361.099,86.659,103.072,
65,1,2,3:40.624,0,,34.832,0,1:24.502,1,1:41.290,1,222.3,12:51.454,22:12:51.454,0:34.832,1:24.502,1:41.290,317.2,Manuel MALDONADO,,LMP2,,Panis Racing,Oreca,GF,34.832,84.502,101.290,
65,1,3,3:44.460,0,,34.821,0,1:25.477,0,1:44.162,0,218.5,16:35.914,22:16:35.914,0:34.821,1:25.477,1:44.162,318.2,Manuel MALDONADO,,LMP2,,Panis Racing,Oreca,GF,34.821,85.477,104.162,
65,1,4,3:43.527,0,,34.940,0,1:24.294,0,1:44.293,0,219.5,20:19.441,22:20:19.441,0:34.940,1:24.294,1:44.293,317.2,Manuel MALDONADO,,LMP2,,Panis Racing,Oreca,GF,34.940,84.294,104.293,
65,1,5,3:41.873,0,,34.612,0,1:24.850,0,1:42.411,0,221.1,24:01.314,22:24:01.314,0:34.612,1:24.850,1:42.411,316.3,Manuel MALDONADO,,LMP2,,Panis Racing,Oreca,GF,34.612,84.850,102.411,
65,1,6,3:43.140,0,,34.631,0,1:24.576,0,1:43.933,0,219.8,27:44.454,22:27:44.454,0:34.631,1:24.576,1:43.933,314.5,Manuel MALDONADO,,LMP2,,Panis Racing,Oreca,GF,34.631,84.576,103.933,
65,1,7,3:41.758,0,,35.292,0,1:25.007,0,1:41.459,0,221.2,31:26.212,22:31:26.212,0:35.292,1:25.007,1:41.459,317.2,Manuel MALDONADO,,LMP2,,Panis Racing,Oreca,GF,35.292,85.007,101.459,
65,1,8,3:46.858,0,,34.508,1,1:26.993,0,1:45.357,0,216.2,35:13.070,22:35:13.070,0:34.508,1:26.993,1:45.357,318.2,Manuel MALDONADO,,LMP2,,Panis Racing,Oreca,GF,34.508,86.993,105.357,
65,1,9,3:49.843,0,B,34.804,0,1:25.056,0,1:49.983,0,213.4,39:02.913,22:39:02.913,0:34.804,1:25.056,1:49.983,320.1,Manuel MALDONADO,,LMP2,,Panis Racing,Oreca,GF,34.804,85.056,109.983,
65,3,10,6:20.689,0,,3:12.982,0,1:26.296,0,1:41.411,0,128.9,45:23.602,22:45:23.602,3:12.982,1:26.296,1:41.411,316.3,Job VAN UITERT,0:02:48.082,LMP2,,Panis Racing,Oreca,GF,192.982,86.296,101.411,
65,3,11,3:40.308,0,,34.850,0,1:24.860,0,1:40.598,0,222.7,49:03.910,22:49:03.910,0:34.850,1:24.860,1:40.598,314.5,Job VAN UITERT,,LMP2,,Panis Racing,Oreca,GF,34.850,84.860,100.598,
65,3,12,3:40.907,0,,34.633,0,1:25.188,0,1:41.086,0,222.1,52:44.817,22:52:44.817,0:34.633,1:25.188,1:41.086,315.4,Job VAN UITERT,,LMP2,,Panis Racing,Oreca,GF,34.633,85.188,101.086,
65,3,13,3:46.872,0,B,34.505,2,1:24.779,0,1:47.588,0,216.2,56:31.689,22:56:31.689,0:34.505,1:24.779,1:47.588,314.5,Job VAN UITERT,,LMP2,,Panis Racing,Oreca,GF,34.505,84.779,107.588,
65,3,14,6:13.500,0,,3:05.386,0,1:25.242,0,1:42.872,0,131.3,1:02:45.189,23:02:45.189,3:05.386,1:25.242,1:42.872,317.2,Job VAN UITERT,0:02:41.389,LMP2,,Panis Racing,Oreca,GF,185.386,85.242,102.872,
65,3,15,3:47.979,0,,35.444,0,1:26.158,0,1:46.377,0,215.2,1:06:33.168,23:06:33.168,0:35.444,1:26.158,1:46.377,313.6,Job VAN UITERT,,LMP2,,Panis Racing,Oreca,GF,35.444,86.158,106.377,
65,3,16,3:44.045,0,,36.912,0,1:25.824,0,1:41.309,0,218.9,1:10:17.213,23:10:17.213,0:36.912,1:25.824,1:41.309,316.3,Job VAN UITERT,,LMP2,,Panis Racing,Oreca,GF,36.912,85.824,101.309,
65,3,17,3:39.797,2,,34.809,0,1:24.583,0,1:40.405,2,223.2,1:13:57.010,23:13:57.010,0:34.809,1:24.583,1:40.405,318.2,Job VAN UITERT,,LMP2,,Panis Racing,Oreca,GF,34.809,84.583,100.405,
65,3,18,3:47.450,0,B,34.814,0,1:24.445,2,1:48.191,0,215.7,1:17:44.460,23:17:44.460,0:34.814,1:24.445,1:48.191,318.2,Job VAN UITERT,,LMP2,,Panis Racing,Oreca,GF,34.814,84.445,108.191,
65,2,19,7:42.097,0,,4:28.753,0,1:28.866,0,1:44.478,0,106.2,1:25:26.557,23:25:26.557,4:28.753,1:28.866,1:44.478,309.1,Tijmen VAN DER HELM,0:04:01.979,LMP2,,Panis Racing,Oreca,GF,268.753,88.866,104.478,
65,2,20,3:44.917,0,,35.724,0,1:26.807,0,1:42.386,0,218.1,1:29:11.474,23:29:11.474,0:35.724,1:26.807,1:42.386,312.7,Tijmen VAN DER HELM,,LMP2,,Panis Racing,Oreca,GF,35.724,86.807,102.386,
65,2,21,3:47.341,0,,34.917,0,1:26.736,0,1:45.688,0,215.8,1:32:58.815,23:32:58.815,0:34.917,1:26.736,1:45.688,319.1,Tijmen VAN DER HELM,,LMP2,,Panis Racing,Oreca,GF,34.917,86.736,105.688,
65,2,22,3:45.031,0,,36.599,0,1:26.278,0,1:42.154,0,218.0,1:36:43.846,23:36:43.846,0:36.599,1:26.278,1:42.154,312.7,Tijmen VAN DER HELM,,LMP2,,Panis Racing,Oreca,GF,36.599,86.278,102.154,
65,2,23,3:42.571,0,,34.861,0,1:25.302,0,1:42.408,0,220.4,1:40:26.417,23:40:26.417,0:34.861,1:25.302,1:42.408,315.4,Tijmen VAN DER HELM,,LMP2,,Panis Racing,Oreca,GF,34.861,85.302,102.408,
65,2,24,3:41.665,0,,35.024,0,1:24.906,0,1:41.735,1,221.3,1:44:08.082,23:44:08.082,0:35.024,1:24.906,1:41.735,315.4,Tijmen VAN DER HELM,,LMP2,,Panis Racing,Oreca,GF,35.024,84.906,101.735,
65,2,25,3:59.345,0,B,34.680,1,1:24.777,1,1:59.888,0,204.9,1:48:07.427,23:48:07.427,0:34.680,1:24.777,1:59.888,315.4,Tijmen VAN DER HELM,,LMP2,,Panis Racing,Oreca,GF,34.680,84.777,119.888,
65,2,26,12:59.573,0,,9:42.473,0,1:32.471,0,1:44.629,0,62.9,2:01:07.000,00:01:07.000,9:42.473,1:32.471,1:44.629,215.5,Tijmen VAN DER HELM,0:09:12.437,LMP2,,Panis Racing,Oreca,FF,582.473,92.471,104.629,
66,3,1,19:00.769,0,,15:32.369,0,1:34.496,0,1:53.904,0,42.5,19:00.769,22:19:00.769,15:32.369,1:34.496,1:53.904,294.8,Giacomo PETROBELLI,0:14:53.187,LMGTE Am,,JMW Motorsport,Ferrari,GF,932.369,94.496,113.904,
66,3,2,4:08.313,0,,40.155,0,1:33.930,0,1:54.228,0,197.5,23:09.082,22:23:09.082,0:40.155,1:33.930,1:54.228,298.0,Giacomo PETROBELLI,,LMGTE Am,,JMW Motorsport,Ferrari,GF,40.155,93.930,114.228,
66,3,3,4:02.032,0,,38.098,0,1:32.349,1,1:51.585,0,202.7,27:11.114,22:27:11.114,0:38.098,1:32.349,1:51.585,295.6,Giacomo PETROBELLI,,LMGTE Am,,JMW Motorsport,Ferrari,GF,38.098,92.349,111.585,
66,3,4,4:04.651,0,,37.714,1,1:35.321,0,1:51.616,1,200.5,31:15.765,22:31:15.765,0:37.714,1:35.321,1:51.616,298.0,Giacomo PETROBELLI,,LMGTE Am,,JMW Motorsport,Ferrari,GF,37.714,95.321,111.616,
66,3,5,4:10.107,0,B,37.736,0,1:32.629,0,1:59.742,0,196.1,35:25.872,22:35:25.872,0:37.736,1:32.629,1:59.742,297.2,Giacomo PETROBELLI,,LMGTE Am,,JMW Motorsport,Ferrari,GF,37.736,92.629,119.742,
66,1,6,5:29.717,0,,2:04.560,0,1:35.004,0,1:50.153,0,148.8,40:55.589,22:40:55.589,2:04.560,1:35.004,1:50.153,292.4,Thomas NEUBAUER,0:01:37.178,LMGTE Am,,JMW Motorsport,Ferrari,GF,124.560,95.004,110.153,
66,1,7,3:59.019,0,,37.374,0,1:31.620,0,1:50.025,0,205.2,44:54.608,22:44:54.608,0:37.374,1:31.620,1:50.025,297.2,Thomas NEUBAUER,,LMGTE Am,,JMW Motorsport,Ferrari,GF,37.374,91.620,110.025,
66,1,8,4:01.163,0,,37.172,0,1:34.334,0,1:49.657,1,203.4,48:55.771,22:48:55.771,0:37.172,1:34.334,1:49.657,294.0,Thomas NEUBAUER,,LMGTE Am,,JMW Motorsport,Ferrari,GF,37.172,94.334,109.657,
66,1,9,3:59.362,0,,37.104,0,1:31.239,2,1:51.019,0,204.9,52:55.133,22:52:55.133,0:37.104,1:31.239,1:51.019,296.4,Thomas NEUBAUER,,LMGTE Am,,JMW Motorsport,Ferrari,GF,37.104,91.239,111.019,
66,1,10,4:05.051,0,B,37.042,1,1:31.874,0,1:56.135,0,200.2,57:00.184,22:57:00.184,0:37.042,1:31.874,1:56.135,297.2,Thomas NEUBAUER,,LMGTE Am,,JMW Motorsport,Ferrari,GF,37.042,91.874,116.135,
66,2,11,5:14.160,0,,1:49.214,0,1:32.293,0,1:52.653,0,156.1,1:02:14.344,23:02:14.344,1:49.214,1:32.293,1:52.653,293.2,Louis PRETTE,0:01:21.614,LMGTE Am,,JMW Motorsport,Ferrari,GF,109.214,92.293,112.653,
66,2,12,4:01.550,0,,36.800,2,1:34.127,0,1:50.623,0,203.1,1:06:15.894,23:06:15.894,0:36.800,1:34.127,1:50.623,292.4,Louis PRETTE,,LMGTE Am,,JMW Motorsport,Ferrari,GF,36.800,94.127,110.623,
66,2,13,3:58.307,2,,37.038,0,1:31.466,1,1:49.803,0,205.8,1:10:14.201,23:10:14.201,0:37.038,1:31.466,1:49.803,294.0,Louis PRETTE,,LMGTE Am,,JMW Motorsport,Ferrari,GF,37.038,91.466,109.803,
66,2,14,4:01.192,0,,37.100,0,1:34.453,0,1:49.639,2,203.4,1:14:15.393,23:14:15.393,0:37.100,1:34.453,1:49.639,295.6,Louis PRETTE,,LMGTE Am,,JMW Motorsport,Ferrari,GF,37.100,94.453,109.639,
66,2,15,4:05.604,0,B,37.185,0,1:31.718,0,1:56.701,0,199.7,1:18:20.997,23:18:20.997,0:37.185,1:31.718,1:56.701,294.0,Louis PRETTE,,LMGTE Am,,JMW Motorsport,Ferrari,GF,37.185,91.718,116.701,
66,1,16,8:00.352,0,,3:37.185,0,2:02.301,0,2:20.866,0,102.1,1:26:21.349,23:26:21.349,3:37.185,2:02.301,2:20.866,203.7,Thomas NEUBAUER,0:03:04.111,LMGTE Am,,JMW Motorsport,Ferrari,GF,217.185,122.301,140.866,
66,1,17,4:54.634,0,,47.056,0,2:01.767,0,2:05.811,0,166.5,1:31:15.983,23:31:15.983,0:47.056,2:01.767,2:05.811,214.2,Thomas NEUBAUER,,LMGTE Am,,JMW Motorsport,Ferrari,GF,47.056,121.767,125.811,
66,1,18,4:33.150,0,B,38.039,0,1:35.591,0,2:19.520,0,179.6,1:35:49.133,23:35:49.133,0:38.039,1:35.591,2:19.520,290.0,Thomas NEUBAUER,,LMGTE Am,,JMW Motorsport,Ferrari,GF,38.039,95.591,139.520,
7,1,1,4:58.621,0,,1:58.590,0,1:22.417,0,1:37.614,0,162.5,4:58.621,22:04:58.621,1:58.590,1:22.417,1:37.614,322.0,Mike CONWAY,0:01:26.946,HYPERCAR,H,Toyota Gazoo Racing,Toyota,GF,118.590,82.417,97.614,
7,1,2,3:31.550,0,,32.960,0,1:20.760,0,1:37.830,0,231.9,8:30.171,22:08:30.171,0:32.960,1:20.760,1:37.830,331.8,Mike CONWAY,,HYPERCAR,H,Toyota Gazoo Racing,Toyota,GF,32.960,80.760,97.830,
7,1,3,3:32.024,0,,32.993,0,1:20.410,0,1:38.621,0,231.4,12:02.195,22:12:02.195,0:32.993,1:20.410,1:38.621,329.8,Mike CONWAY,,HYPERCAR,H,Toyota Gazoo Racing,Toyota,GF,32.993,80.410,98.621,
7,1,4,3:29.623,0,,33.135,0,1:20.249,0,1:36.239,1,234.0,15:31.818,22:15:31.818,0:33.135,1:20.249,1:36.239,337.0,Mike CONWAY,,HYPERCAR,H,Toyota Gazoo Racing,Toyota,GF,33.135,80.249,96.239,
7,1,5,3:31.979,0,,33.812,0,1:21.382,0,1:36.785,0,231.4,19:03.797,22:19:03.797,0:33.812,1:21.382,1:36.785,321.0,Mike CONWAY,,HYPERCAR,H,Toyota Gazoo Racing,Toyota,GF,33.812,81.382,96.785,
7,1,6,3:32.080,0,,34.220,0,1:20.969,0,1:36.891,0,231.3,22:35.877,22:22:35.877,0:34.220,1:20.969,1:36.891,326.8,Mike CONWAY,,HYPERCAR,H,Toyota Gazoo Racing,Toyota,GF,34.220,80.969,96.891,
7,1,7,3:29.981,0,,32.912,1,1:20.502,0,1:36.567,0,233.6,26:05.858,22:26:05.858,0:32.912,1:20.502,1:36.567,333.9,Mike CONWAY,,HYPERCAR,H,Toyota Gazoo Racing,Toyota,GF,32.912,80.502,96.567,
7,1,8,3:31.330,0,,32.949,0,1:21.145,0,1:37.236,0,232.1,29:37.188,22:29:37.188,0:32.949,1:21.145,1:37.236,317.2,Mike CONWAY,,HYPERCAR,H,Toyota Gazoo Racing,Toyota,GF,32.949,81.145,97.236,
7,1,9,3:31.327,0,,33.171,0,1:20.173,1,1:37.983,0,232.1,33:08.515,22:33:08.515,0:33.171,1:20.173,1:37.983,337.0,Mike CONWAY,,HYPERCAR,H,Toyota Gazoo Racing,Toyota,GF,33.171,80.173,97.983,
7,1,10,3:32.703,0,,34.267,0,1:21.190,0,1:37.246,0,230.6,36:41.218,22:36:41.218,0:34.267,1:21.190,1:37.246,337.0,Mike CONWAY,,HYPERCAR,H,Toyota Gazoo Racing,Toyota,GF,34.267,81.190,97.246,
7,1,11,3:32.424,0,,33.105,0,1:20.424,0,1:38.895,0,230.9,40:13.642,22:40:13.642,0:33.105,1:20.424,1:38.895,334.9,Mike CONWAY,,HYPERCAR,H,Toyota Gazoo Racing,Toyota,GF,33.105,80.424,98.895,
7,1,12,3:38.316,0,B,33.255,0,1:20.708,0,1:44.353,0,224.7,43:51.958,22:43:51.958,0:33.255,1:20.708,1:44.353,329.8,Mike CONWAY,,HYPERCAR,H,Toyota Gazoo Racing,Toyota,GF,33.255,80.708,104.353,
7,3,13,5:16.665,0,,2:17.548,0,1:21.612,0,1:37.505,0,154.9,49:08.623,22:49:08.623,2:17.548,1:21.612,1:37.505,331.8,Jose Maria LOPEZ,0:01:52.426,HYPERCAR,H,Toyota Gazoo Racing,Toyota,GF,137.548,81.612,97.505,
7,3,14,3:30.352,0,,33.169,0,1:20.744,0,1:36.439,0,233.2,52:38.975,22:52:38.975,0:33.169,1:20.744,1:36.439,331.8,Jose Maria LOPEZ,,HYPERCAR,H,Toyota Gazoo Racing,Toyota,GF,33.169,80.744,96.439,
7,3,15,3:31.972,0,,33.109,0,1:21.279,0,1:37.584,0,231.4,56:10.947,22:56:10.947,0:33.109,1:21.279,1:37.584,323.9,Jose Maria LOPEZ,,HYPERCAR,H,Toyota Gazoo Racing,Toyota,GF,33.109,81.279,97.584,
7,3,16,3:33.010,0,,33.344,0,1:20.524,0,1:39.142,0,230.3,59:43.957,22:59:43.957,0:33.344,1:20.524,1:39.142,338.1,Jose Maria LOPEZ,,HYPERCAR,H,Toyota Gazoo Racing,Toyota,GF,33.344,80.524,99.142,
7,3,17,3:37.704,0,B,33.186,0,1:21.323,0,1:43.195,0,225.3,1:03:21.661,23:03:21.661,0:33.186,1:21.323,1:43.195,337.0,Jose Maria LOPEZ,,HYPERCAR,H,Toyota Gazoo Racing,Toyota,GF,33.186,81.323,103.195,
7,3,18,6:53.851,0,,3:53.568,0,1:21.669,0,1:38.614,0,118.5,1:10:15.512,23:10:15.512,3:53.568,1:21.669,1:38.614,328.8,Jose Maria LOPEZ,0:03:29.842,HYPERCAR,H,Toyota Gazoo Racing,Toyota,GF,233.568,81.669,98.614,
7,3,19,3:30.219,0,,33.166,0,1:20.905,0,1:36.148,2,233.3,1:13:45.731,23:13:45.731,0:33.166,1:20.905,1:36.148,331.8,Jose Maria LOPEZ,,HYPERCAR,H,Toyota Gazoo Racing,Toyota,GF,33.166,80.905,96.148,
7,3,20,3:30.399,0,,33.232,0,1:20.757,0,1:36.410,0,233.1,1:17:16.130,23:17:16.130,0:33.232,1:20.757,1:36.410,329.8,Jose Maria LOPEZ,,HYPERCAR,H,Toyota Gazoo Racing,Toyota,GF,33.232,80.757,96.410,
7,3,21,3:32.347,0,,32.980,1,1:20.680,0,1:38.687,0,231.0,1:20:48.477,23:20:48.477,0:32.980,1:20.680,1:38.687,334.9,Jose Maria LOPEZ,,HYPERCAR,H,Toyota Gazoo Racing,Toyota,GF,32.980,80.680,98.687,
7,3,22,3:59.408,0,B,33.332,0,1:20.507,1,2:05.569,0,204.9,1:24:47.885,23:24:47.885,0:33.332,1:20.507,2:05.569,329.8,Jose Maria LOPEZ,,HYPERCAR,H,Toyota Gazoo Racing,Toyota,GF,33.332,80.507,125.569,
7,2,23,5:04.756,0,B,1:56.741,0,1:22.494,0,1:45.521,0,161.0,1:29:52.641,23:29:52.641,1:56.741,1:22.494,1:45.521,326.8,Kamui KOBAYASHI,0:01:32.287,HYPERCAR,H,Toyota Gazoo Racing,Toyota,GF,116.741,82.494,105.521,
7,2,24,5:43.472,0,,2:40.335,0,1:22.154,0,1:40.983,0,142.8,1:35:36.113,23:35:36.113,2:40.335,1:22.154,1:40.983,328.8,Kamui KOBAYASHI,0:02:15.372,HYPERCAR,H,Toyota Gazoo Racing,Toyota,GF,160.335,82.154,100.983,
7,2,25,3:32.184,0,,32.938,0,1:20.350,0,1:38.896,0,231.2,1:39:08.297,23:39:08.297,0:32.938,1:20.350,1:38.896,327.8,Kamui KOBAYASHI,,HYPERCAR,H,Toyota Gazoo Racing,Toyota,GF,32.938,80.350,98.896,
7,2,26,3:30.606,0,,32.987,0,1:20.466,0,1:37.153,0,232.9,1:42:38.903,23:42:38.903,0:32.987,1:20.466,1:37.153,337.0,Kamui KOBAYASHI,,HYPERCAR,H,Toyota Gazoo Racing,Toyota,GF,32.987,80.466,97.153,
7,2,27,3:29.624,2,,32.959,0,1:20.299,0,1:36.366,1,234.0,1:46:08.527,23:46:08.527,0:32.959,1:20.299,1:36.366,332.9,Kamui KOBAYASHI,,HYPERCAR,H,Toyota Gazoo Racing,Toyota,GF,32.959,80.299,96.366,
7,2,28,3:29.869,0,,32.873,2,1:20.268,0,1:36.728,0,233.7,1:49:38.396,23:49:38.396,0:32.873,1:20.268,1:36.728,337.0,Kamui KOBAYASHI,,HYPERCAR,H,Toyota Gazoo Racing,Toyota,GF,32.873,80.268,96.728,
7,2,29,3:29.773,0,,32.929,0,1:20.308,0,1:36.536,0,233.8,1:53:08.169,23:53:08.169,0:32.929,1:20.308,1:36.536,333.9,Kamui KOBAYASHI,,HYPERCAR,H,Toyota Gazoo Racing,Toyota,GF,32.929,80.308,96.536,
7,2,30,3:32.113,0,,33.306,0,1:20.084,2,1:38.723,0,231.3,1:56:40.282,23:56:40.282,0:33.306,1:20.084,1:38.723,338.1,Kamui KOBAYASHI,,HYPERCAR,H,Toyota Gazoo Racing,Toyota,GF,33.306,80.084,98.723,
7,2,31,3:30.525,0,,33.441,0,1:20.318,0,1:36.766,0,233.0,2:00:10.807,00:00:10.807,0:33.441,1:20.318,1:36.766,336.0,Kamui KOBAYASHI,,HYPERCAR,H,Toyota Gazoo Racing,Toyota,FF,33.441,80.318,96.766,
708,3,1,10:24.745,0,,7:15.564,0,1:26.669,0,1:42.512,0,77.7,10:24.745,22:10:24.745,7:15.564,1:26.669,1:42.512,329.8,Ryan BRISCOE,0:06:39.116,HYPERCAR,,Glickenhaus Racing,Glickenhaus,GF,435.564,86.669,102.512,
708,3,2,3:31.656,0,,33.493,0,1:20.994,0,1:37.169,1,231.8,13:56.401,22:13:56.401,0:33.493,1:20.994,1:37.169,334.9,Ryan BRISCOE,,HYPERCAR,,Glickenhaus Racing,Glickenhaus,GF,33.493,80.994,97.169,
708,3,3,3:32.845,0,,33.357,0,1:21.532,0,1:37.956,0,230.5,17:29.246,22:17:29.246,0:33.357,1:21.532,1:37.956,338.1,Ryan BRISCOE,,HYPERCAR,,Glickenhaus Racing,Glickenhaus,GF,33.357,81.532,97.956,
708,3,4,3:34.642,0,,33.244,0,1:21.078,0,1:40.320,0,228.5,21:03.888,22:21:03.888,0:33.244,1:21.078,1:40.320,320.1,Ryan BRISCOE,,HYPERCAR,,Glickenhaus Racing,Glickenhaus,GF,33.244,81.078,100.320,
708,3,5,3:34.808,0,,33.372,0,1:20.714,0,1:40.722,0,228.4,24:38.696,22:24:38.696,0:33.372,1:20.714,1:40.722,334.9,Ryan BRISCOE,,HYPERCAR,,Glickenhaus Racing,Glickenhaus,GF,33.372,80.714,100.722,
708,3,6,3:34.157,0,,34.523,0,1:21.591,0,1:38.043,0,229.1,28:12.853,22:28:12.853,0:34.523,1:21.591,1:38.043,333.9,Ryan BRISCOE,,HYPERCAR,,Glickenhaus Racing,Glickenhaus,GF,34.523,81.591,98.043,
708,3,7,3:32.358,0,,33.299,0,1:20.672,0,1:38.387,0,231.0,31:45.211,22:31:45.211,0:33.299,1:20.672,1:38.387,332.9,Ryan BRISCOE,,HYPERCAR,,Glickenhaus Racing,Glickenhaus,GF,33.299,80.672,98.387,
708,3,8,3:34.427,0,,33.101,2,1:20.930,0,1:40.396,0,228.8,35:19.638,22:35:19.638,0:33.101,1:20.930,1:40.396,332.9,Ryan BRISCOE,,HYPERCAR,,Glickenhaus Racing,Glickenhaus,GF,33.101,80.930,100.396,
708,3,9,3:33.391,0,,33.131,0,1:20.577,0,1:39.683,0,229.9,38:53.029,22:38:53.029,0:33.131,1:20.577,1:39.683,336.0,Ryan BRISCOE,,HYPERCAR,,Glickenhaus Racing,Glickenhaus,GF,33.131,80.577,99.683,
708,3,10,3:32.920,0,,33.220,0,1:20.549,2,1:39.151,0,230.4,42:25.949,22:42:25.949,0:33.220,1:20.549,1:39.151,336.0,Ryan BRISCOE,,HYPERCAR,,Glickenhaus Racing,Glickenhaus,GF,33.220,80.549,99.151,
708,3,11,3:32.089,0,,33.434,0,1:21.035,0,1:37.620,0,231.3,45:58.038,22:45:58.038,0:33.434,1:21.035,1:37.620,325.8,Ryan BRISCOE,,HYPERCAR,,Glickenhaus Racing,Glickenhaus,GF,33.434,81.035,97.620,
708,3,12,3:43.648,0,B,34.184,0,1:22.220,0,1:47.244,0,219.3,49:41.686,22:49:41.686,0:34.184,1:22.220,1:47.244,328.8,Ryan BRISCOE,,HYPERCAR,,Glickenhaus Racing,Glickenhaus,GF,34.184,82.220,107.244,
708,2,13,7:41.920,0,,4:34.003,0,1:24.661,0,1:43.256,0,106.2,57:23.606,22:57:23.606,4:34.003,1:24.661,1:43.256,324.9,Olivier PLA,0:04:07.595,HYPERCAR,,Glickenhaus Racing,Glickenhaus,GF,274.003,84.661,103.256,
708,2,14,3:36.688,0,,34.974,0,1:22.584,0,1:39.130,0,226.4,1:01:00.294,23:01:00.294,0:34.974,1:22.584,1:39.130,331.8,Olivier PLA,,HYPERCAR,,Glickenhaus Racing,Glickenhaus,GF,34.974,82.584,99.130,
708,2,15,3:32.483,0,,33.521,0,1:21.572,0,1:37.390,0,230.9,1:04:32.777,23:04:32.777,0:33.521,1:21.572,1:37.390,330.8,Olivier PLA,,HYPERCAR,,Glickenhaus Racing,Glickenhaus,GF,33.521,81.572,97.390,
708,2,16,3:35.273,0,,33.682,0,1:22.292,0,1:39.299,0,227.9,1:08:08.050,23:08:08.050,0:33.682,1:22.292,1:39.299,294.0,Olivier PLA,,HYPERCAR,,Glickenhaus Racing,Glickenhaus,GF,33.682,82.292,99.299,
708,2,17,3:43.240,0,B,34.330,0,1:21.690,0,1:47.220,0,219.7,1:11:51.290,23:11:51.290,0:34.330,1:21.690,1:47.220,336.0,Olivier PLA,,HYPERCAR,,Glickenhaus Racing,Glickenhaus,GF,34.330,81.690,107.220,
708,2,18,6:02.487,0,,3:01.842,0,1:22.090,0,1:38.555,0,135.3,1:17:53.777,23:17:53.777,3:01.842,1:22.090,1:38.555,330.8,Olivier PLA,0:02:38.077,HYPERCAR,,Glickenhaus Racing,Glickenhaus,GF,181.842,82.090,98.555,
708,2,19,3:31.868,0,,33.527,0,1:21.293,0,1:37.048,0,231.5,1:21:25.645,23:21:25.645,0:33.527,1:21.293,1:37.048,329.8,Olivier PLA,,HYPERCAR,,Glickenhaus Racing,Glickenhaus,GF,33.527,81.293,97.048,
708,2,20,3:33.044,0,,33.361,0,1:21.120,0,1:38.563,0,230.3,1:24:58.689,23:24:58.689,0:33.361,1:21.120,1:38.563,332.9,Olivier PLA,,HYPERCAR,,Glickenhaus Racing,Glickenhaus,GF,33.361,81.120,98.563,
708,2,21,3:39.842,0,,35.208,0,1:21.991,0,1:42.643,0,223.1,1:28:38.531,23:28:38.531,0:35.208,1:21.991,1:42.643,329.8,Olivier PLA,,HYPERCAR,,Glickenhaus Racing,Glickenhaus,GF,35.208,81.991,102.643,
708,2,22,3:30.172,2,,33.198,1,1:20.614,1,1:36.360,2,233.4,1:32:08.703,23:32:08.703,0:33.198,1:20.614,1:36.360,332.9,Olivier PLA,,HYPERCAR,,Glickenhaus Racing,Glickenhaus,GF,33.198,80.614,96.360,
708,2,23,3:41.092,0,B,34.101,0,1:20.749,0,1:46.242,0,221.9,1:35:49.795,23:35:49.795,0:34.101,1:20.749,1:46.242,334.9,Olivier PLA,,HYPERCAR,,Glickenhaus Racing,Glickenhaus,GF,34.101,80.749,106.242,
708,1,24,7:31.339,0,,4:22.066,0,1:23.607,0,1:45.666,0,108.7,1:43:21.134,23:43:21.134,4:22.066,1:23.607,1:45.666,329.8,Romain DUMAS,0:03:57.523,HYPERCAR,,Glickenhaus Racing,Glickenhaus,GF,262.066,83.607,105.666,
708,1,25,3:36.259,0,,33.798,0,1:23.351,0,1:39.110,0,226.8,1:46:57.393,23:46:57.393,0:33.798,1:23.351,1:39.110,333.9,Romain DUMAS,,HYPERCAR,,Glickenhaus Racing,Glickenhaus,GF,33.798,83.351,99.110,
708,1,26,3:39.173,0,,33.952,0,1:22.139,0,1:43.082,0,223.8,1:50:36.566,23:50:36.566,0:33.952,1:22.139,1:43.082,289.3,Romain DUMAS,,HYPERCAR,,Glickenhaus Racing,Glickenhaus,GF,33.952,82.139,103.082,
708,1,27,3:32.631,0,,33.486,1,1:20.891,1,1:38.254,1,230.7,1:54:09.197,23:54:09.197,0:33.486,1:20.891,1:38.254,332.9,Romain DUMAS,,HYPERCAR,,Glickenhaus Racing,Glickenhaus,GF,33.486,80.891,98.254,
708,1,28,3:38.569,0,B,33.626,0,1:21.098,0,1:43.845,0,224.4,1:57:47.766,23:57:47.766,0:33.626,1:21.098,1:43.845,339.1,Romain DUMAS,,HYPERCAR,,Glickenhaus Racing,Glickenhaus,GF,33.626,81.098,103.845,
708,1,29,4:36.728,0,B,1:29.067,0,1:22.651,0,1:45.010,0,177.3,2:02:24.494,00:02:24.494,1:29.067,1:22.651,1:45.010,296.4,Romain DUMAS,0:01:05.904,HYPERCAR,,Glickenhaus Racing,Glickenhaus,FF,89.067,82.651,105.010,
709,2,1,11:57.636,0,,8:52.188,0,1:23.745,0,1:41.703,0,67.6,11:57.636,22:11:57.636,8:52.188,1:23.745,1:41.703,313.6,Nathanaël BERTHON,0:08:17.268,HYPERCAR,,Glickenhaus Racing,Glickenhaus,GF,532.188,83.745,101.703,
709,2,2,3:46.497,0,B,33.621,1,1:21.653,0,1:51.223,0,216.6,15:44.133,22:15:44.133,0:33.621,1:21.653,1:51.223,332.9,Nathanaël BERTHON,,HYPERCAR,,Glickenhaus Racing,Glickenhaus,GF,33.621,81.653,111.223,
709,2,3,5:26.690,0,,2:23.026,0,1:22.497,0,1:41.167,0,150.2,21:10.823,22:21:10.823,2:23.026,1:22.497,1:41.167,327.8,Nathanaël BERTHON,0:02:04.313,HYPERCAR,,Glickenhaus Racing,Glickenhaus,GF,143.026,82.497,101.167,
709,2,4,3:33.024,0,,33.702,0,1:21.318,1,1:38.004,1,230.3,24:43.847,22:24:43.847,0:33.702,1:21.318,1:38.004,333.9,Nathanaël BERTHON,,HYPERCAR,,Glickenhaus Racing,Glickenhaus,GF,33.702,81.318,98.004,
709,2,5,3:38.286,0,,35.449,0,1:22.659,0,1:40.178,0,224.7,28:22.133,22:28:22.133,0:35.449,1:22.659,1:40.178,332.9,Nathanaël BERTHON,,HYPERCAR,,Glickenhaus Racing,Glickenhaus,GF,35.449,82.659,100.178,
709,2,6,3:36.205,0,,33.726,0,1:21.490,0,1:40.989,0,226.9,31:58.338,22:31:58.338,0:33.726,1:21.490,1:40.989,330.8,Nathanaël BERTHON,,HYPERCAR,,Glickenhaus Racing,Glickenhaus,GF,33.726,81.490,100.989,
709,2,7,3:40.908,0,B,33.868,0,1:21.388,0,1:45.652,0,222.1,35:39.246,22:35:39.246,0:33.868,1:21.388,1:45.652,331.8,Nathanaël BERTHON,,HYPERCAR,,Glickenhaus Racing,Glickenhaus,GF,33.868,81.388,105.652,
709,3,8,5:09.896,0,,2:05.589,0,1:22.649,0,1:41.658,0,158.3,40:49.142,22:40:49.142,2:05.589,1:22.649,1:41.658,334.9,Esteban GUTIERREZ,0:01:40.012,HYPERCAR,,Glickenhaus Racing,Glickenhaus,GF,125.589,82.649,101.658,
709,3,9,3:36.861,0,,33.991,0,1:21.537,0,1:41.333,0,226.2,44:26.003,22:44:26.003,0:33.991,1:21.537,1:41.333,331.8,Esteban GUTIERREZ,,HYPERCAR,,Glickenhaus Racing,Glickenhaus,GF,33.991,81.537,101.333,
709,3,10,3:34.928,0,,33.817,0,1:22.086,0,1:39.025,0,228.2,48:00.931,22:48:00.931,0:33.817,1:22.086,1:39.025,328.8,Esteban GUTIERREZ,,HYPERCAR,,Glickenhaus Racing,Glickenhaus,GF,33.817,82.086,99.025,
709,3,11,3:36.749,0,,33.950,0,1:23.276,0,1:39.523,0,226.3,51:37.680,22:51:37.680,0:33.950,1:23.276,1:39.523,328.8,Esteban GUTIERREZ,,HYPERCAR,,Glickenhaus Racing,Glickenhaus,GF,33.950,83.276,99.523,
709,3,12,3:34.827,0,,34.473,0,1:21.832,0,1:38.522,1,228.3,55:12.507,22:55:12.507,0:34.473,1:21.832,1:38.522,329.8,Esteban GUTIERREZ,,HYPERCAR,,Glickenhaus Racing,Glickenhaus,GF,34.473,81.832,98.522,
709,3,13,3:40.519,0,B,33.483,1,1:21.245,1,1:45.791,0,222.4,58:53.026,22:58:53.026,0:33.483,1:21.245,1:45.791,330.8,Esteban GUTIERREZ,,HYPERCAR,,Glickenhaus Racing,Glickenhaus,GF,33.483,81.245,105.791,
709,1,14,5:15.738,0,B,1:59.827,0,1:26.700,0,1:49.211,0,155.4,1:04:08.764,23:04:08.764,1:59.827,1:26.700,1:49.211,235.7,Franck MAILLEUX,0:01:33.075,HYPERCAR,,Glickenhaus Racing,Glickenhaus,GF,119.827,86.700,109.211,
709,1,15,4:49.070,0,,1:46.689,0,1:23.540,0,1:38.841,0,169.7,1:08:57.834,23:08:57.834,1:46.689,1:23.540,1:38.841,323.9,Franck MAILLEUX,0:01:22.717,HYPERCAR,,Glickenhaus Racing,Glickenhaus,GF,106.689,83.540,98.841,
709,1,16,3:37.690,0,,34.123,0,1:21.680,0,1:41.887,0,225.3,1:12:35.524,23:12:35.524,0:34.123,1:21.680,1:41.887,331.8,Franck MAILLEUX,,HYPERCAR,,Glickenhaus Racing,Glickenhaus,GF,34.123,81.680,101.887,
709,1,17,3:33.837,0,,33.426,0,1:21.844,0,1:38.567,0,229.4,1:16:09.361,23:16:09.361,0:33.426,1:21.844,1:38.567,333.9,Franck MAILLEUX,,HYPERCAR,,Glickenhaus Racing,Glickenhaus,GF,33.426,81.844,98.567,
709,1,18,3:35.724,0,,33.939,0,1:21.406,0,1:40.379,0,227.4,1:19:45.085,23:19:45.085,0:33.939,1:21.406,1:40.379,329.8,Franck MAILLEUX,,HYPERCAR,,Glickenhaus Racing,Glickenhaus,GF,33.939,81.406,100.379,
709,1,19,3:32.627,0,,33.192,0,1:21.415,0,1:38.020,0,230.7,1:23:17.712,23:23:17.712,0:33.192,1:21.415,1:38.020,329.8,Franck MAILLEUX,,HYPERCAR,,Glickenhaus Racing,Glickenhaus,GF,33.192,81.415,98.020,
709,1,20,3:31.196,2,,33.077,2,1:20.960,2,1:37.159,2,232.3,1:26:48.908,23:26:48.908,0:33.077,1:20.960,1:37.159,330.8,Franck MAILLEUX,,HYPERCAR,,Glickenhaus Racing,Glickenhaus,GF,33.077,80.960,97.159,
709,1,21,3:39.606,0,B,33.521,0,1:21.612,0,1:44.473,0,223.4,1:30:28.514,23:30:28.514,0:33.521,1:21.612,1:44.473,321.0,Franck MAILLEUX,,HYPERCAR,,Glickenhaus Racing,Glickenhaus,GF,33.521,81.612,104.473,
709,2,22,9:30.738,0,,6:25.383,0,1:23.398,0,1:41.957,0,85.9,1:39:59.252,23:39:59.252,6:25.383,1:23.398,1:41.957,327.8,Nathanaël BERTHON,0:05:59.217,HYPERCAR,,Glickenhaus Racing,Glickenhaus,GF,385.383,83.398,101.957,
709,2,23,3:37.491,0,,34.248,0,1:23.150,0,1:40.093,0,225.5,1:43:36.743,23:43:36.743,0:34.248,1:23.150,1:40.093,332.9,Nathanaël BERTHON,,HYPERCAR,,Glickenhaus Racing,Glickenhaus,GF,34.248,83.150,100.093,
709,2,24,3:37.606,0,,34.008,0,1:22.167,0,1:41.431,0,225.4,1:47:14.349,23:47:14.349,0:34.008,1:22.167,1:41.431,328.8,Nathanaël BERTHON,,HYPERCAR,,Glickenhaus Racing,Glickenhaus,GF,34.008,82.167,101.431,
709,2,25,3:35.619,0,,33.887,0,1:22.355,0,1:39.377,0,227.5,1:50:49.968,23:50:49.968,0:33.887,1:22.355,1:39.377,329.8,Nathanaël BERTHON,,HYPERCAR,,Glickenhaus Racing,Glickenhaus,GF,33.887,82.355,99.377,
709,2,26,3:35.958,0,,33.997,0,1:22.114,0,1:39.847,0,227.1,1:54:25.926,23:54:25.926,0:33.997,1:22.114,1:39.847,330.8,Nathanaël BERTHON,,HYPERCAR,,Glickenhaus Racing,Glickenhaus,GF,33.997,82.114,99.847,
709,2,27,3:33.853,0,,33.787,0,1:21.705,0,1:38.361,0,229.4,1:57:59.779,23:57:59.779,0:33.787,1:21.705,1:38.361,329.8,Nathanaël BERTHON,,HYPERCAR,,Glickenhaus Racing,Glickenhaus,GF,33.787,81.705,98.361,
709,2,28,3:34.584,0,,34.812,0,1:21.590,0,1:38.182,0,228.6,2:01:34.363,00:01:34.363,0:34.812,1:21.590,1:38.182,332.9,Nathanaël BERTHON,,HYPERCAR,,Glickenhaus Racing,Glickenhaus,FF,34.812,81.590,98.182,
72,3,1,12:06.686,0,,8:40.419,0,1:33.129,0,1:53.138,0,66.8,12:06.686,22:12:06.686,8:40.419,1:33.129,1:53.138,292.4,Valentin HASSE-CLOT,0:08:03.675,LMGTE Am,,TF Sport,Aston Martin,GF,520.419,93.129,113.138,
72,3,2,4:01.388,0,,39.582,0,1:32.154,0,1:49.652,0,203.2,16:08.074,22:16:08.074,0:39.582,1:32.154,1:49.652,294.0,Valentin HASSE-CLOT,,LMGTE Am,,TF Sport,Aston Martin,GF,39.582,92.154,109.652,
72,3,3,4:04.051,0,,37.434,0,1:37.178,0,1:49.439,0,201.0,20:12.125,22:20:12.125,0:37.434,1:37.178,1:49.439,296.4,Valentin HASSE-CLOT,,LMGTE Am,,TF Sport,Aston Martin,GF,37.434,97.178,109.439,
72,3,4,3:56.880,0,,37.287,2,1:30.690,0,1:48.903,0,207.1,24:09.005,22:24:09.005,0:37.287,1:30.690,1:48.903,293.2,Valentin HASSE-CLOT,,LMGTE Am,,TF Sport,Aston Martin,GF,37.287,90.690,108.903,
72,3,5,4:03.944,0,B,37.433,0,1:30.688,0,1:55.823,0,201.1,28:12.949,22:28:12.949,0:37.433,1:30.688,1:55.823,294.0,Valentin HASSE-CLOT,,LMGTE Am,,TF Sport,Aston Martin,GF,37.433,90.688,115.823,
72,2,6,6:18.791,0,,2:49.750,0,1:33.463,0,1:55.578,0,129.5,34:31.740,22:34:31.740,2:49.750,1:33.463,1:55.578,290.0,Maxime ROBIN,0:02:20.941,LMGTE Am,,TF Sport,Aston Martin,GF,169.750,93.463,115.578,
72,2,7,4:04.435,0,,39.155,0,1:33.222,0,1:52.058,1,200.7,38:36.175,22:38:36.175,0:39.155,1:33.222,1:52.058,290.0,Maxime ROBIN,,LMGTE Am,,TF Sport,Aston Martin,GF,39.155,93.222,112.058,
72,2,8,4:02.585,0,,38.196,0,1:32.026,0,1:52.363,0,202.2,42:38.760,22:42:38.760,0:38.196,1:32.026,1:52.363,294.0,Maxime ROBIN,,LMGTE Am,,TF Sport,Aston Martin,GF,38.196,92.026,112.363,
72,2,9,4:01.470,0,,38.104,1,1:31.635,1,1:51.731,0,203.1,46:40.230,22:46:40.230,0:38.104,1:31.635,1:51.731,294.8,Maxime ROBIN,,LMGTE Am,,TF Sport,Aston Martin,GF,38.104,91.635,111.731,
72,2,10,4:11.356,0,B,38.266,0,1:31.991,0,2:01.099,0,195.2,50:51.586,22:50:51.586,0:38.266,1:31.991,2:01.099,296.4,Maxime ROBIN,,LMGTE Am,,TF Sport,Aston Martin,GF,38.266,91.991,121.099,
72,1,11,6:27.451,0,,2:56.128,0,1:36.993,0,1:54.330,0,126.6,57:19.037,22:57:19.037,2:56.128,1:36.993,1:54.330,294.8,Arnold ROBIN,0:02:27.042,LMGTE Am,,TF Sport,Aston Martin,GF,176.128,96.993,114.330,
72,1,12,4:11.126,0,,39.148,0,1:36.973,0,1:55.005,0,195.3,1:01:30.163,23:01:30.163,0:39.148,1:36.973,1:55.005,285.4,Arnold ROBIN,,LMGTE Am,,TF Sport,Aston Martin,GF,39.148,96.973,115.005,
72,1,13,4:07.232,0,,39.561,0,1:33.681,0,1:53.990,0,198.4,1:05:37.395,23:05:37.395,0:39.561,1:33.681,1:53.990,294.0,Arnold ROBIN,,LMGTE Am,,TF Sport,Aston Martin,GF,39.561,93.681,113.990,
72,1,14,4:11.425,0,,41.206,0,1:35.340,0,1:54.879,0,195.1,1:09:48.820,23:09:48.820,0:41.206,1:35.340,1:54.879,289.3,Arnold ROBIN,,LMGTE Am,,TF Sport,Aston Martin,GF,41.206,95.340,114.879,
72,1,15,4:07.413,0,,39.588,0,1:33.807,0,1:54.018,0,198.3,1:13:56.233,23:13:56.233,0:39.588,1:33.807,1:54.018,294.0,Arnold ROBIN,,LMGTE Am,,TF Sport,Aston Martin,GF,39.588,93.807,114.018,
72,1,16,4:05.404,0,,38.717,0,1:33.351,0,1:53.336,0,199.9,1:18:01.637,23:18:01.637,0:38.717,1:33.351,1:53.336,294.0,Arnold ROBIN,,LMGTE Am,,TF Sport,Aston Martin,GF,38.717,93.351,113.336,
72,1,17,4:04.583,0,,38.666,0,1:32.857,0,1:53.060,1,200.6,1:22:06.220,23:22:06.220,0:38.666,1:32.857,1:53.060,290.8,Arnold ROBIN,,LMGTE Am,,TF Sport,Aston Martin,GF,38.666,92.857,113.060,
72,1,18,4:11.251,0,B,38.487,1,1:32.136,1,2:00.628,0,195.2,1:26:17.471,23:26:17.471,0:38.487,1:32.136,2:00.628,296.4,Arnold ROBIN,,LMGTE Am,,TF Sport,Aston Martin,GF,38.487,92.136,120.628,
72,3,19,5:39.108,0,,2:17.084,0,1:31.735,0,1:50.289,0,144.7,1:31:56.579,23:31:56.579,2:17.084,1:31.735,1:50.289,291.6,Valentin HASSE-CLOT,0:01:49.461,LMGTE Am,,TF Sport,Aston Martin,GF,137.084,91.735,110.289,
72,3,20,3:59.651,0,,37.878,0,1:31.167,0,1:50.606,0,204.7,1:35:56.230,23:35:56.230,0:37.878,1:31.167,1:50.606,297.2,Valentin HASSE-CLOT,,LMGTE Am,,TF Sport,Aston Martin,GF,37.878,91.167,110.606,
72,3,21,3:57.248,0,,37.332,0,1:30.815,0,1:49.101,0,206.8,1:39:53.478,23:39:53.478,0:37.332,1:30.815,1:49.101,295.6,Valentin HASSE-CLOT,,LMGTE Am,,TF Sport,Aston Martin,GF,37.332,90.815,109.101,
72,3,22,3:56.753,2,,37.503,0,1:30.730,0,1:48.520,2,207.2,1:43:50.231,23:43:50.231,0:37.503,1:30.730,1:48.520,294.8,Valentin HASSE-CLOT,,LMGTE Am,,TF Sport,Aston Martin,GF,37.503,90.730,108.520,
72,3,23,4:03.368,0,B,37.544,0,1:30.103,2,1:55.721,0,201.6,1:47:53.599,23:47:53.599,0:37.544,1:30.103,1:55.721,296.4,Valentin HASSE-CLOT,,LMGTE Am,,TF Sport,Aston Martin,GF,37.544,90.103,115.721,
74,2,1,7:55.686,0,,4:20.220,0,1:36.345,0,1:59.121,0,102.0,7:55.686,22:07:55.686,4:20.220,1:36.345,1:59.121,287.7,Yorikatsu TSUJIKO,0:03:38.447,LMGTE Am,,Kessel Racing,Ferrari,GF,260.220,96.345,119.121,
74,2,2,4:10.877,0,,40.980,0,1:34.130,1,1:55.767,0,195.5,12:06.563,22:12:06.563,0:40.980,1:34.130,1:55.767,293.2,Yorikatsu TSUJIKO,,LMGTE Am,,Kessel Racing,Ferrari,GF,40.980,94.130,115.767,
74,2,3,4:09.632,0,,39.317,1,1:34.618,0,1:55.697,1,196.5,16:16.195,22:16:16.195,0:39.317,1:34.618,1:55.697,282.5,Yorikatsu TSUJIKO,,LMGTE Am,,Kessel Racing,Ferrari,GF,39.317,94.618,115.697,
74,2,4,4:10.300,0,,39.423,0,1:34.560,0,1:56.317,0,196.0,20:26.495,22:20:26.495,0:39.423,1:34.560,1:56.317,294.8,Yorikatsu TSUJIKO,,LMGTE Am,,Kessel Racing,Ferrari,GF,39.423,94.560,116.317,
74,2,5,4:12.395,0,,40.781,0,1:35.195,0,1:56.419,0,194.4,24:38.890,22:24:38.890,0:40.781,1:35.195,1:56.419,294.0,Yorikatsu TSUJIKO,,LMGTE Am,,Kessel Racing,Ferrari,GF,40.781,95.195,116.419,
74,2,6,4:18.845,0,B,40.069,0,1:34.294,0,2:04.482,0,189.5,28:57.735,22:28:57.735,0:40.069,1:34.294,2:04.482,291.6,Yorikatsu TSUJIKO,,LMGTE Am,,Kessel Racing,Ferrari,GF,40.069,94.294,124.482,
74,3,7,6:28.088,0,,2:51.165,0,1:38.338,0,1:58.585,0,126.4,35:25.823,22:35:25.823,2:51.165,1:38.338,1:58.585,282.5,Naoki YOKOMIZO,0:02:13.646,LMGTE Am,,Kessel Racing,Ferrari,GF,171.165,98.338,118.585,
74,3,8,4:07.660,0,,39.059,0,1:34.244,0,1:54.357,0,198.1,39:33.483,22:39:33.483,0:39.059,1:34.244,1:54.357,291.6,Naoki YOKOMIZO,,LMGTE Am,,Kessel Racing,Ferrari,GF,39.059,94.244,114.357,
74,3,9,4:06.110,0,,39.089,0,1:33.362,0,1:53.659,1,199.3,43:39.593,22:43:39.593,0:39.089,1:33.362,1:53.659,294.0,Naoki YOKOMIZO,,LMGTE Am,,Kessel Racing,Ferrari,GF,39.089,93.362,113.659,
74,3,10,4:05.492,0,,38.633,1,1:33.079,0,1:53.780,0,199.8,47:45.085,22:47:45.085,0:38.633,1:33.079,1:53.780,292.4,Naoki YOKOMIZO,,LMGTE Am,,Kessel Racing,Ferrari,GF,38.633,93.079,113.780,
74,3,11,4:27.207,0,B,41.283,0,1:35.735,0,2:10.189,0,183.6,52:12.292,22:52:12.292,0:41.283,1:35.735,2:10.189,292.4,Naoki YOKOMIZO,,LMGTE Am,,Kessel Racing,Ferrari,GF,41.283,95.735,130.189,
74,1,12,5:31.162,0,,2:09.009,0,1:32.159,0,1:49.994,0,148.1,57:43.454,22:57:43.454,2:09.009,1:32.159,1:49.994,294.0,Kei COZZOLINO,0:01:42.012,LMGTE Am,,Kessel Racing,Ferrari,GF,129.009,92.159,109.994,
74,1,13,3:56.386,0,,37.199,0,1:30.966,0,1:48.221,0,207.5,1:01:39.840,23:01:39.840,0:37.199,1:30.966,1:48.221,294.0,Kei COZZOLINO,,LMGTE Am,,Kessel Racing,Ferrari,GF,37.199,90.966,108.221,
74,1,14,3:56.073,0,,37.739,0,1:30.413,0,1:47.921,0,207.8,1:05:35.913,23:05:35.913,0:37.739,1:30.413,1:47.921,302.2,Kei COZZOLINO,,LMGTE Am,,Kessel Racing,Ferrari,GF,37.739,90.413,107.921,
74,1,15,3:54.589,0,,36.860,0,1:30.390,0,1:47.339,0,209.1,1:09:30.502,23:09:30.502,0:36.860,1:30.390,1:47.339,295.6,Kei COZZOLINO,,LMGTE Am,,Kessel Racing,Ferrari,GF,36.860,90.390,107.339,
74,1,16,4:09.895,0,B,36.883,0,1:30.482,0,2:02.530,0,196.3,1:13:40.397,23:13:40.397,0:36.883,1:30.482,2:02.530,294.8,Kei COZZOLINO,,LMGTE Am,,Kessel Racing,Ferrari,GF,36.883,90.482,122.530,
74,3,17,12:30.282,0,,8:53.839,0,1:35.914,0,2:00.529,0,65.4,1:26:10.679,23:26:10.679,8:53.839,1:35.914,2:00.529,290.0,Naoki YOKOMIZO,0:08:19.708,LMGTE Am,,Kessel Racing,Ferrari,GF,533.839,95.914,120.529,
74,3,18,4:06.932,0,,39.546,0,1:33.183,0,1:54.203,0,198.7,1:30:17.611,23:30:17.611,0:39.546,1:33.183,1:54.203,294.0,Naoki YOKOMIZO,,LMGTE Am,,Kessel Racing,Ferrari,GF,39.546,93.183,114.203,
74,3,19,4:06.263,0,,38.997,0,1:33.225,0,1:54.041,0,199.2,1:34:23.874,23:34:23.874,0:38.997,1:33.225,1:54.041,291.6,Naoki YOKOMIZO,,LMGTE Am,,Kessel Racing,Ferrari,GF,38.997,93.225,114.041,
74,3,20,4:08.445,0,,40.317,0,1:33.381,0,1:54.747,0,197.4,1:38:32.319,23:38:32.319,0:40.317,1:33.381,1:54.747,291.6,Naoki YOKOMIZO,,LMGTE Am,,Kessel Racing,Ferrari,GF,40.317,93.381,114.747,
74,3,21,4:18.212,0,B,39.137,0,1:32.928,1,2:06.147,0,190.0,1:42:50.531,23:42:50.531,0:39.137,1:32.928,2:06.147,291.6,Naoki YOKOMIZO,,LMGTE Am,,Kessel Racing,Ferrari,GF,39.137,92.928,126.147,
74,1,22,5:17.683,0,,1:56.233,0,1:31.699,0,1:49.751,0,154.4,1:48:08.214,23:48:08.214,1:56.233,1:31.699,1:49.751,294.0,Kei COZZOLINO,0:01:28.447,LMGTE Am,,Kessel Racing,Ferrari,GF,116.233,91.699,109.751,
74,1,23,3:57.677,0,,37.075,0,1:31.471,0,1:49.131,0,206.4,1:52:05.891,23:52:05.891,0:37.075,1:31.471,1:49.131,294.8,Kei COZZOLINO,,LMGTE Am,,Kessel Racing,Ferrari,GF,37.075,91.471,109.131,
74,1,24,3:55.073,0,,37.050,0,1:30.001,0,1:48.022,0,208.7,1:56:00.964,23:56:00.964,0:37.050,1:30.001,1:48.022,298.8,Kei COZZOLINO,,LMGTE Am,,Kessel Racing,Ferrari,GF,37.050,90.001,108.022,
74,1,25,3:55.759,0,,37.581,0,1:30.250,0,1:47.928,0,208.1,1:59:56.723,23:59:56.723,0:37.581,1:30.250,1:47.928,296.4,Kei COZZOLINO,,LMGTE Am,,Kessel Racing,Ferrari,GF,37.581,90.250,107.928,
74,1,26,3:53.796,2,,36.795,2,1:29.785,2,1:47.216,2,209.8,2:03:50.519,00:03:50.519,0:36.795,1:29.785,1:47.216,297.2,Kei COZZOLINO,,LMGTE Am,,Kessel Racing,Ferrari,FF,36.795,89.785,107.216,
75,3,1,15:54.875,0,,12:49.841,0,1:25.695,0,1:39.339,0,50.8,15:54.875,22:15:54.875,12:49.841,1:25.695,1:39.339,263.9,Nicholas TANDY,0:12:16.263,HYPERCAR,H,Porsche Penske Motorsport,Porsche,GF,769.841,85.695,99.339,
75,3,2,3:33.218,0,,33.324,0,1:21.120,0,1:38.774,0,230.1,19:28.093,22:19:28.093,0:33.324,1:21.120,1:38.774,330.8,Nicholas TANDY,,HYPERCAR,H,Porsche Penske Motorsport,Porsche,GF,33.324,81.120,98.774,
75,3,3,3:33.382,0,,33.385,0,1:22.121,0,1:37.876,0,229.9,23:01.475,22:23:01.475,0:33.385,1:22.121,1:37.876,332.9,Nicholas TANDY,,HYPERCAR,H,Porsche Penske Motorsport,Porsche,GF,33.385,82.121,97.876,
75,3,4,3:32.649,0,,34.233,0,1:21.256,0,1:37.160,0,230.7,26:34.124,22:26:34.124,0:34.233,1:21.256,1:37.160,330.8,Nicholas TANDY,,HYPERCAR,H,Porsche Penske Motorsport,Porsche,GF,34.233,81.256,97.160,
75,3,5,3:31.429,0,,32.940,0,1:20.497,1,1:37.992,0,232.0,30:05.553,22:30:05.553,0:32.940,1:20.497,1:37.992,332.9,Nicholas TANDY,,HYPERCAR,H,Porsche Penske Motorsport,Porsche,GF,32.940,80.497,97.992,
75,3,6,3:31.013,0,,32.853,0,1:20.760,0,1:37.400,0,232.5,33:36.566,22:33:36.566,0:32.853,1:20.760,1:37.400,331.8,Nicholas TANDY,,HYPERCAR,H,Porsche Penske Motorsport,Porsche,GF,32.853,80.760,97.400,
75,3,7,3:31.499,0,,32.539,0,1:22.750,0,1:36.210,0,231.9,37:08.065,22:37:08.065,0:32.539,1:22.750,1:36.210,321.0,Nicholas TANDY,,HYPERCAR,H,Porsche Penske Motorsport,Porsche,GF,32.539,82.750,96.210,
75,3,8,3:29.684,0,,32.797,0,1:20.829,0,1:36.058,2,233.9,40:37.749,22:40:37.749,0:32.797,1:20.829,1:36.058,331.8,Nicholas TANDY,,HYPERCAR,H,Porsche Penske Motorsport,Porsche,GF,32.797,80.829,96.058,
75,3,9,3:32.155,0,,32.385,3,1:21.782,0,1:37.988,0,231.2,44:09.904,22:44:09.904,0:32.385,1:21.782,1:37.988,332.9,Nicholas TANDY,,HYPERCAR,H,Porsche Penske Motorsport,Porsche,GF,32.385,81.782,97.988,
75,3,10,3:36.619,0,B,32.458,0,1:20.574,0,1:43.587,0,226.5,47:46.523,22:47:46.523,0:32.458,1:20.574,1:43.587,329.8,Nicholas TANDY,,HYPERCAR,H,Porsche Penske Motorsport,Porsche,GF,32.458,80.574,103.587,
75,2,11,14:46.734,0,,11:40.208,0,1:24.349,0,1:42.177,0,55.3,1:02:33.257,23:02:33.257,11:40.208,1:24.349,1:42.177,312.7,Mathieu JAMINET,0:11:15.386,HYPERCAR,H,Porsche Penske Motorsport,Porsche,GF,700.208,84.349,102.177,
75,2,12,3:40.853,0,,34.035,0,1:25.471,0,1:41.347,0,222.1,1:06:14.110,23:06:14.110,0:34.035,1:25.471,1:41.347,276.0,Mathieu JAMINET,,HYPERCAR,H,Porsche Penske Motorsport,Porsche,GF,34.035,85.471,101.347,
75,2,13,3:37.817,0,,33.265,0,1:22.237,0,1:42.315,0,225.2,1:09:51.927,23:09:51.927,0:33.265,1:22.237,1:42.315,327.8,Mathieu JAMINET,,HYPERCAR,H,Porsche Penske Motorsport,Porsche,GF,33.265,82.237,102.315,
75,2,14,3:33.294,0,,33.433,0,1:20.867,0,1:38.994,0,230.0,1:13:25.221,23:13:25.221,0:33.433,1:20.867,1:38.994,332.9,Mathieu JAMINET,,HYPERCAR,H,Porsche Penske Motorsport,Porsche,GF,33.433,80.867,98.994,
75,2,15,3:34.291,0,,33.101,0,1:21.858,0,1:39.332,0,228.9,1:16:59.512,23:16:59.512,0:33.101,1:21.858,1:39.332,329.8,Mathieu JAMINET,,HYPERCAR,H,Porsche Penske Motorsport,Porsche,GF,33.101,81.858,99.332,
75,2,16,3:32.660,0,,33.477,0,1:21.098,0,1:38.085,0,230.7,1:20:32.172,23:20:32.172,0:33.477,1:21.098,1:38.085,330.8,Mathieu JAMINET,,HYPERCAR,H,Porsche Penske Motorsport,Porsche,GF,33.477,81.098,98.085,
75,2,17,3:34.953,0,,33.365,0,1:21.790,0,1:39.798,0,228.2,1:24:07.125,23:24:07.125,0:33.365,1:21.790,1:39.798,328.8,Mathieu JAMINET,,HYPERCAR,H,Porsche Penske Motorsport,Porsche,GF,33.365,81.790,99.798,
75,2,18,3:30.740,2,,32.787,1,1:20.981,0,1:36.972,1,232.8,1:27:37.865,23:27:37.865,0:32.787,1:20.981,1:36.972,329.8,Mathieu JAMINET,,HYPERCAR,H,Porsche Penske Motorsport,Porsche,GF,32.787,80.981,96.972,
75,2,19,3:41.061,0,B,32.898,0,1:20.667,1,1:47.496,0,221.9,1:31:18.926,23:31:18.926,0:32.898,1:20.667,1:47.496,329.8,Mathieu JAMINET,,HYPERCAR,H,Porsche Penske Motorsport,Porsche,GF,32.898,80.667,107.496,
75,1,20,8:46.452,0,,5:45.510,0,1:22.352,0,1:38.590,0,93.2,1:40:05.378,23:40:05.378,5:45.510,1:22.352,1:38.590,329.8,Felipe NASR,0:05:21.139,HYPERCAR,H,Porsche Penske Motorsport,Porsche,GF,345.510,82.352,98.590,
75,1,21,3:33.341,0,,33.254,0,1:21.616,0,1:38.471,0,229.9,1:43:38.719,23:43:38.719,0:33.254,1:21.616,1:38.471,329.8,Felipe NASR,,HYPERCAR,H,Porsche Penske Motorsport,Porsche,GF,33.254,81.616,98.471,
75,1,22,3:32.756,0,,33.476,0,1:21.035,0,1:38.245,0,230.6,1:47:11.475,23:47:11.475,0:33.476,1:21.035,1:38.245,331.8,Felipe NASR,,HYPERCAR,H,Porsche Penske Motorsport,Porsche,GF,33.476,81.035,98.245,
75,1,23,3:31.254,0,,33.027,1,1:20.773,0,1:37.454,1,232.2,1:50:42.729,23:50:42.729,0:33.027,1:20.773,1:37.454,329.8,Felipe NASR,,HYPERCAR,H,Porsche Penske Motorsport,Porsche,GF,33.027,80.773,97.454,
75,1,24,3:34.290,0,,34.256,0,1:22.014,0,1:38.020,0,228.9,1:54:17.019,23:54:17.019,0:34.256,1:22.014,1:38.020,330.8,Felipe NASR,,HYPERCAR,H,Porsche Penske Motorsport,Porsche,GF,34.256,82.014,98.020,
75,1,25,3:33.124,0,,33.269,0,1:20.790,0,1:39.065,0,230.2,1:57:50.143,23:57:50.143,0:33.269,1:20.790,1:39.065,331.8,Felipe NASR,,HYPERCAR,H,Porsche Penske Motorsport,Porsche,GF,33.269,80.790,99.065,
75,1,26,3:31.575,0,,33.055,0,1:20.146,2,1:38.374,0,231.8,2:01:21.718,00:01:21.718,0:33.055,1:20.146,1:38.374,332.9,Felipe NASR,,HYPERCAR,H,Porsche Penske Motorsport,Porsche,FF,33.055,80.146,98.374,
77,1,1,6:15.070,0,,1:56.250,0,2:05.745,0,2:13.075,0,129.4,6:15.070,22:06:15.070,1:56.250,2:05.745,2:13.075,197.0,Christian RIED,0:01:09.467,LMGTE Am,,Dempsey - Proton Racing,Porsche,GF,116.250,125.745,133.075,
77,1,2,4:22.799,0,,40.928,0,1:38.204,0,2:03.667,0,186.7,10:37.869,22:10:37.869,0:40.928,1:38.204,2:03.667,207.6,Christian RIED,,LMGTE Am,,Dempsey - Proton Racing,Porsche,GF,40.928,98.204,123.667,
77,1,3,4:11.767,0,,39.893,0,1:35.447,0,1:56.427,0,194.8,14:49.636,22:14:49.636,0:39.893,1:35.447,1:56.427,278.8,Christian RIED,,LMGTE Am,,Dempsey - Proton Racing,Porsche,GF,39.893,95.447,116.427,
77,1,4,4:31.716,0,B,38.851,0,1:33.500,0,2:19.365,0,180.5,19:21.352,22:19:21.352,0:38.851,1:33.500,2:19.365,295.6,Christian RIED,,LMGTE Am,,Dempsey - Proton Racing,Porsche,GF,38.851,93.500,139.365,
77,1,5,12:23.165,0,,8:53.245,0,1:34.448,0,1:55.472,0,66.0,31:44.517,22:31:44.517,8:53.245,1:34.448,1:55.472,275.3,Christian RIED,0:08:23.731,LMGTE Am,,Dempsey - Proton Racing,Porsche,GF,533.245,94.448,115.472,
77,1,6,4:06.412,0,,38.393,1,1:33.408,1,1:54.611,1,199.1,35:50.929,22:35:50.929,0:38.393,1:33.408,1:54.611,294.0,Christian RIED,,LMGTE Am,,Dempsey - Proton Racing,Porsche,GF,38.393,93.408,114.611,
77,1,7,4:30.749,0,B,44.373,0,1:40.690,0,2:05.686,0,181.2,40:21.678,22:40:21.678,0:44.373,1:40.690,2:05.686,293.2,Christian RIED,,LMGTE Am,,Dempsey - Proton Racing,Porsche,GF,44.373,100.690,125.686,
77,2,8,14:27.249,0,,11:03.556,0,1:31.948,0,1:51.745,0,56.6,54:48.927,22:54:48.927,11:03.556,1:31.948,1:51.745,297.2,Mikkel PEDERSEN,0:10:36.283,LMGTE Am,,Dempsey - Proton Racing,Porsche,GF,663.556,91.948,111.745,
77,2,9,3:57.573,0,,37.251,0,1:30.636,0,1:49.686,0,206.5,58:46.500,22:58:46.500,0:37.251,1:30.636,1:49.686,298.8,Mikkel PEDERSEN,,LMGTE Am,,Dempsey - Proton Racing,Porsche,GF,37.251,90.636,109.686,
77,2,10,3:56.529,0,,37.438,0,1:30.693,0,1:48.398,0,207.4,1:02:43.029,23:02:43.029,0:37.438,1:30.693,1:48.398,298.0,Mikkel PEDERSEN,,LMGTE Am,,Dempsey - Proton Racing,Porsche,GF,37.438,90.693,108.398,
77,2,11,3:57.713,0,,37.281,0,1:31.634,0,1:48.798,0,206.4,1:06:40.742,23:06:40.742,0:37.281,1:31.634,1:48.798,299.7,Mikkel PEDERSEN,,LMGTE Am,,Dempsey - Proton Racing,Porsche,GF,37.281,91.634,108.798,
77,2,12,3:55.992,0,,37.073,0,1:30.491,0,1:48.428,0,207.9,1:10:36.734,23:10:36.734,0:37.073,1:30.491,1:48.428,298.0,Mikkel PEDERSEN,,LMGTE Am,,Dempsey - Proton Racing,Porsche,GF,37.073,90.491,108.428,
77,2,13,3:55.137,0,,36.803,0,1:30.440,0,1:47.894,0,208.6,1:14:31.871,23:14:31.871,0:36.803,1:30.440,1:47.894,297.2,Mikkel PEDERSEN,,LMGTE Am,,Dempsey - Proton Racing,Porsche,GF,36.803,90.440,107.894,
77,2,14,3:54.639,2,,36.802,0,1:30.020,0,1:47.817,2,209.1,1:18:26.510,23:18:26.510,0:36.802,1:30.020,1:47.817,298.0,Mikkel PEDERSEN,,LMGTE Am,,Dempsey - Proton Racing,Porsche,GF,36.802,90.020,107.817,
77,2,15,3:56.012,0,,36.817,0,1:30.419,0,1:48.776,0,207.8,1:22:22.522,23:22:22.522,0:36.817,1:30.419,1:48.776,297.2,Mikkel PEDERSEN,,LMGTE Am,,Dempsey - Proton Racing,Porsche,GF,36.817,90.419,108.776,
77,2,16,3:55.058,0,,36.743,0,1:29.902,1,1:48.413,0,208.7,1:26:17.580,23:26:17.580,0:36.743,1:29.902,1:48.413,299.7,Mikkel PEDERSEN,,LMGTE Am,,Dempsey - Proton Racing,Porsche,GF,36.743,89.902,108.413,
77,2,17,4:02.667,0,B,36.669,2,1:29.941,0,1:56.057,0,202.1,1:30:20.247,23:30:20.247,0:36.669,1:29.941,1:56.057,299.7,Mikkel PEDERSEN,,LMGTE Am,,Dempsey - Proton Racing,Porsche,GF,36.669,89.941,116.057,
77,3,18,5:59.305,0,,2:38.760,0,1:31.164,0,1:49.381,0,136.5,1:36:19.552,23:36:19.552,2:38.760,1:31.164,1:49.381,297.2,Julien ANDLAUER,0:02:12.622,LMGTE Am,,Dempsey - Proton Racing,Porsche,GF,158.760,91.164,109.381,
77,3,19,3:56.256,0,,37.436,0,1:30.530,0,1:48.290,1,207.6,1:40:15.808,23:40:15.808,0:37.436,1:30.530,1:48.290,299.7,Julien ANDLAUER,,LMGTE Am,,Dempsey - Proton Racing,Porsche,GF,37.436,90.530,108.290,
77,3,20,3:56.361,0,,37.695,0,1:30.076,0,1:48.590,0,207.5,1:44:12.169,23:44:12.169,0:37.695,1:30.076,1:48.590,298.8,Julien ANDLAUER,,LMGTE Am,,Dempsey - Proton Racing,Porsche,GF,37.695,90.076,108.590,
77,3,21,3:56.480,0,,37.155,0,1:29.774,2,1:49.551,0,207.4,1:48:08.649,23:48:08.649,0:37.155,1:29.774,1:49.551,299.7,Julien ANDLAUER,,LMGTE Am,,Dempsey - Proton Racing,Porsche,GF,37.155,89.774,109.551,
77,3,22,4:02.038,0,B,36.992,1,1:30.878,0,1:54.168,0,202.7,1:52:10.687,23:52:10.687,0:36.992,1:30.878,1:54.168,296.4,Julien ANDLAUER,,LMGTE Am,,Dempsey - Proton Racing,Porsche,GF,36.992,90.878,114.168,
8,3,1,6:26.276,0,B,3:14.550,0,1:24.341,0,1:47.385,0,125.6,6:26.276,22:06:26.276,3:14.550,1:24.341,1:47.385,320.1,Ryo HIRAKAWA,0:02:40.843,HYPERCAR,H,Toyota Gazoo Racing,Toyota,GF,194.550,84.341,107.385,
8,3,2,4:30.986,0,,1:33.337,0,1:20.780,0,1:36.869,0,181.0,10:57.262,22:10:57.262,1:33.337,1:20.780,1:36.869,332.9,Ryo HIRAKAWA,0:01:10.212,HYPERCAR,H,Toyota Gazoo Racing,Toyota,GF,93.337,80.780,96.869,
8,3,3,3:33.396,0,,33.817,0,1:21.332,0,1:38.247,0,229.9,14:30.658,22:14:30.658,0:33.817,1:21.332,1:38.247,338.1,Ryo HIRAKAWA,,HYPERCAR,H,Toyota Gazoo Racing,Toyota,GF,33.817,81.332,98.247,
8,3,4,3:30.151,0,,33.246,0,1:20.463,0,1:36.442,2,233.4,18:00.809,22:18:00.809,0:33.246,1:20.463,1:36.442,329.8,Ryo HIRAKAWA,,HYPERCAR,H,Toyota Gazoo Racing,Toyota,GF,33.246,80.463,96.442,
8,3,5,3:31.420,0,,33.024,1,1:20.524,1,1:37.872,0,232.0,21:32.229,22:21:32.229,0:33.024,1:20.524,1:37.872,332.9,Ryo HIRAKAWA,,HYPERCAR,H,Toyota Gazoo Racing,Toyota,GF,33.024,80.524,97.872,
8,3,6,3:38.150,0,B,33.034,0,1:20.539,0,1:44.577,0,224.9,25:10.379,22:25:10.379,0:33.034,1:20.539,1:44.577,329.8,Ryo HIRAKAWA,,HYPERCAR,H,Toyota Gazoo Racing,Toyota,GF,33.034,80.539,104.577,
8,1,7,8:05.378,0,,5:05.511,0,1:21.966,0,1:37.901,0,101.1,33:15.757,22:33:15.757,5:05.511,1:21.966,1:37.901,301.3,Sébastien BUEMI,0:04:40.202,HYPERCAR,H,Toyota Gazoo Racing,Toyota,GF,305.511,81.966,97.901,
8,1,8,3:31.454,0,,33.224,0,1:20.960,0,1:37.270,0,232.0,36:47.211,22:36:47.211,0:33.224,1:20.960,1:37.270,328.8,Sébastien BUEMI,,HYPERCAR,H,Toyota Gazoo Racing,Toyota,GF,33.224,80.960,97.270,
8,1,9,3:34.023,0,,33.221,0,1:20.490,1,1:40.312,0,229.2,40:21.234,22:40:21.234,0:33.221,1:20.490,1:40.312,329.8,Sébastien BUEMI,,HYPERCAR,H,Toyota Gazoo Racing,Toyota,GF,33.221,80.490,100.312,
8,1,10,3:31.035,0,,32.998,0,1:20.509,0,1:37.528,0,232.4,43:52.269,22:43:52.269,0:32.998,1:20.509,1:37.528,331.8,Sébastien BUEMI,,HYPERCAR,H,Toyota Gazoo Racing,Toyota,GF,32.998,80.509,97.528,
8,1,11,3:30.500,2,,32.905,2,1:20.517,0,1:37.078,1,233.0,47:22.769,22:47:22.769,0:32.905,1:20.517,1:37.078,331.8,Sébastien BUEMI,,HYPERCAR,H,Toyota Gazoo Racing,Toyota,GF,32.905,80.517,97.078,
8,1,12,3:35.328,0,,32.999,0,1:21.889,0,1:40.440,0,227.8,50:58.097,22:50:58.097,0:32.999,1:21.889,1:40.440,332.9,Sébastien BUEMI,,HYPERCAR,H,Toyota Gazoo Racing,Toyota,GF,32.999,81.889,100.440,
8,1,13,3:54.894,0,B,33.733,0,1:20.861,0,2:00.300,0,208.8,54:52.991,22:54:52.991,0:33.733,1:20.861,2:00.300,339.1,Sébastien BUEMI,,HYPERCAR,H,Toyota Gazoo Racing,Toyota,GF,33.733,80.861,120.300,
8,1,14,5:46.514,0,,2:44.236,0,,0,,0,141.6,1:00:39.505,23:00:39.505,2:44.236,,,331.8,Sébastien BUEMI,0:02:33.285,HYPERCAR,H,Toyota Gazoo Racing,Toyota,GF,164.236,,,
8,1,15,3:32.899,0,,33.057,0,1:20.959,0,1:38.883,0,230.4,1:04:12.404,23:04:12.404,0:33.057,1:20.959,1:38.883,328.8,Sébastien BUEMI,,HYPERCAR,H,Toyota Gazoo Racing,Toyota,GF,33.057,80.959,98.883,
8,1,16,3:43.913,0,B,33.312,0,1:24.747,0,1:45.854,0,219.1,1:07:56.317,23:07:56.317,0:33.312,1:24.747,1:45.854,330.8,Sébastien BUEMI,,HYPERCAR,H,Toyota Gazoo Racing,Toyota,GF,33.312,84.747,105.854,
8,2,17,4:45.812,0,,1:43.712,0,1:22.239,0,1:39.861,0,171.6,1:12:42.129,23:12:42.129,1:43.712,1:22.239,1:39.861,324.9,Brendon HARTLEY,0:01:18.813,HYPERCAR,H,Toyota Gazoo Racing,Toyota,GF,103.712,82.239,99.861,
8,2,18,3:38.344,0,,34.589,0,1:22.783,0,1:40.972,0,224.7,1:16:20.473,23:16:20.473,0:34.589,1:22.783,1:40.972,312.7,Brendon HARTLEY,,HYPERCAR,H,Toyota Gazoo Racing,Toyota,GF,34.589,82.783,100.972,
8,2,19,3:33.311,0,,33.412,0,1:21.894,0,1:38.005,0,230.0,1:19:53.784,23:19:53.784,0:33.412,1:21.894,1:38.005,337.0,Brendon HARTLEY,,HYPERCAR,H,Toyota Gazoo Racing,Toyota,GF,33.412,81.894,98.005,
8,2,20,3:35.712,0,,33.797,0,1:21.361,0,1:40.554,0,227.4,1:23:29.496,23:23:29.496,0:33.797,1:21.361,1:40.554,333.9,Brendon HARTLEY,,HYPERCAR,H,Toyota Gazoo Racing,Toyota,GF,33.797,81.361,100.554,
8,2,21,3:33.445,0,,33.295,0,1:21.009,0,1:39.141,0,229.8,1:27:02.941,23:27:02.941,0:33.295,1:21.009,1:39.141,338.1,Brendon HARTLEY,,HYPERCAR,H,Toyota Gazoo Racing,Toyota,GF,33.295,81.009,99.141,
8,2,22,3:40.034,0,B,33.163,0,1:21.655,0,1:45.216,0,222.9,1:30:42.975,23:30:42.975,0:33.163,1:21.655,1:45.216,333.9,Brendon HARTLEY,,HYPERCAR,H,Toyota Gazoo Racing,Toyota,GF,33.163,81.655,105.216,
8,2,23,5:30.428,0,,2:30.574,0,1:21.011,0,1:38.843,0,148.5,1:36:13.403,23:36:13.403,2:30.574,1:21.011,1:38.843,330.8,Brendon HARTLEY,0:02:07.222,HYPERCAR,H,Toyota Gazoo Racing,Toyota,GF,150.574,81.011,98.843,
8,2,24,3:30.506,0,,33.117,0,1:20.416,0,1:36.973,0,233.0,1:39:43.909,23:39:43.909,0:33.117,1:20.416,1:36.973,331.8,Brendon HARTLEY,,HYPERCAR,H,Toyota Gazoo Racing,Toyota,GF,33.117,80.416,96.973,
8,2,25,3:30.817,0,,33.087,1,1:21.115,0,1:36.615,1,232.7,1:43:14.726,23:43:14.726,0:33.087,1:21.115,1:36.615,302.2,Brendon HARTLEY,,HYPERCAR,H,Toyota Gazoo Racing,Toyota,GF,33.087,81.115,96.615,
8,2,26,3:30.669,0,,33.261,0,1:20.395,2,1:37.013,0,232.8,1:46:45.395,23:46:45.395,0:33.261,1:20.395,1:37.013,327.8,Brendon HARTLEY,,HYPERCAR,H,Toyota Gazoo Racing,Toyota,GF,33.261,80.395,97.013,
8,2,27,3:38.501,0,B,33.546,0,1:21.229,0,1:43.726,0,224.5,1:50:23.896,23:50:23.896,0:33.546,1:21.229,1:43.726,321.0,Brendon HARTLEY,,HYPERCAR,H,Toyota Gazoo Racing,Toyota,GF,33.546,81.229,103.726,
8,3,28,5:16.203,0,,2:15.432,0,1:21.511,0,1:39.260,0,155.1,1:55:40.099,23:55:40.099,2:15.432,1:21.511,1:39.260,328.8,Ryo HIRAKAWA,0:01:51.464,HYPERCAR,H,Toyota Gazoo Racing,Toyota,GF,135.432,81.511,99.260,
8,3,29,3:31.542,0,,33.384,0,1:20.904,0,1:37.254,0,231.9,1:59:11.641,23:59:11.641,0:33.384,1:20.904,1:37.254,329.8,Ryo HIRAKAWA,,HYPERCAR,H,Toyota Gazoo Racing,Toyota,GF,33.384,80.904,97.254,
8,3,30,3:30.827,0,,33.230,0,1:20.899,0,1:36.698,0,232.7,2:02:42.468,00:02:42.468,0:33.230,1:20.899,1:36.698,331.8,Ryo HIRAKAWA,,HYPERCAR,H,Toyota Gazoo Racing,Toyota,FF,33.230,80.899,96.698,
80,1,1,7:33.536,0,,4:16.462,0,1:30.123,0,1:46.951,0,107.0,7:33.536,22:07:33.536,4:16.462,1:30.123,1:46.951,303.0,François PERRODO,0:03:39.522,LMP2,P/A,AF Corse,Oreca,GF,256.462,90.123,106.951,
80,1,2,3:47.063,0,,36.116,0,1:27.444,0,1:43.503,1,216.0,11:20.599,22:11:20.599,0:36.116,1:27.444,1:43.503,310.0,François PERRODO,,LMP2,P/A,AF Corse,Oreca,GF,36.116,87.444,103.503,
80,1,3,3:45.357,0,,35.689,0,1:26.616,0,1:43.052,0,217.7,15:05.956,22:15:05.956,0:35.689,1:26.616,1:43.052,310.0,François PERRODO,,LMP2,P/A,AF Corse,Oreca,GF,35.689,86.616,103.052,
80,1,4,3:59.236,0,B,36.479,0,1:28.116,0,1:54.641,0,205.0,19:05.192,22:19:05.192,0:36.479,1:28.116,1:54.641,310.9,François PERRODO,,LMP2,P/A,AF Corse,Oreca,GF,36.479,88.116,114.641,
80,1,5,5:41.477,0,,2:30.809,0,1:26.948,0,1:43.720,0,143.7,24:46.669,22:24:46.669,2:30.809,1:26.948,1:43.720,311.8,François PERRODO,0:02:05.585,LMP2,P/A,AF Corse,Oreca,GF,150.809,86.948,103.720,
80,1,6,3:47.705,0,,35.641,0,1:28.389,0,1:43.675,0,215.4,28:34.374,22:28:34.374,0:35.641,1:28.389,1:43.675,312.7,François PERRODO,,LMP2,P/A,AF Corse,Oreca,GF,35.641,88.389,103.675,
80,1,7,3:50.258,0,,35.411,1,1:26.790,1,1:48.057,0,213.0,32:24.632,22:32:24.632,0:35.411,1:26.790,1:48.057,315.4,François PERRODO,,LMP2,P/A,AF Corse,Oreca,GF,35.411,86.790,108.057,
80,1,8,3:46.447,0,,35.452,0,1:26.677,0,1:44.318,0,216.6,36:11.079,22:36:11.079,0:35.452,1:26.677,1:44.318,314.5,François PERRODO,,LMP2,P/A,AF Corse,Oreca,GF,35.452,86.677,104.318,
80,1,9,3:53.933,0,B,35.940,0,1:27.682,0,1:50.311,0,209.7,40:05.012,22:40:05.012,0:35.940,1:27.682,1:50.311,311.8,François PERRODO,,LMP2,P/A,AF Corse,Oreca,GF,35.940,87.682,110.311,
80,1,10,9:22.918,0,B,6:06.607,0,1:27.157,0,1:49.154,0,87.1,49:27.930,22:49:27.930,6:06.607,1:27.157,1:49.154,310.0,François PERRODO,0:05:41.362,LMP2,P/A,AF Corse,Oreca,GF,366.607,87.157,109.154,
80,3,11,5:24.237,0,,2:13.451,0,1:26.935,0,1:43.851,0,151.3,54:52.167,22:54:52.167,2:13.451,1:26.935,1:43.851,310.9,Norman NATO,0:01:47.480,LMP2,P/A,AF Corse,Oreca,GF,133.451,86.935,103.851,
80,3,12,3:43.191,2,,35.156,0,1:25.710,2,1:42.325,2,219.8,58:35.358,22:58:35.358,0:35.156,1:25.710,1:42.325,314.5,Norman NATO,,LMP2,P/A,AF Corse,Oreca,GF,35.156,85.710,102.325,
80,3,13,3:47.123,0,,34.904,2,1:26.517,0,1:45.702,0,216.0,1:02:22.481,23:02:22.481,0:34.904,1:26.517,1:45.702,316.3,Norman NATO,,LMP2,P/A,AF Corse,Oreca,GF,34.904,86.517,105.702,
80,3,14,11:15.631,0,B,48.605,0,5:06.381,0,5:20.645,0,72.6,1:13:38.112,23:13:38.112,0:48.605,5:06.381,5:20.645,65.3,Norman NATO,,LMP2,P/A,AF Corse,Oreca,GF,48.605,306.381,320.645,
83,1,1,14:15.373,0,,10:50.604,0,1:33.649,0,1:51.120,0,56.7,14:15.373,22:14:15.373,10:50.604,1:33.649,1:51.120,291.6,Luis PEREZ COMPANC,0:10:11.926,LMGTE Am,,Richard Mille AF Corse,Ferrari,GF,650.604,93.649,111.120,
83,1,2,4:00.365,0,,37.595,0,1:32.145,0,1:50.625,0,204.1,18:15.738,22:18:15.738,0:37.595,1:32.145,1:50.625,294.0,Luis PEREZ COMPANC,,LMGTE Am,,Richard Mille AF Corse,Ferrari,GF,37.595,92.145,110.625,
83,1,3,3:59.775,0,,37.341,0,1:32.293,0,1:50.141,0,204.6,22:15.513,22:22:15.513,0:37.341,1:32.293,1:50.141,294.0,Luis PEREZ COMPANC,,LMGTE Am,,Richard Mille AF Corse,Ferrari,GF,37.341,92.293,110.141,
83,1,4,3:59.535,0,,37.635,0,1:31.396,0,1:50.504,0,204.8,26:15.048,22:26:15.048,0:37.635,1:31.396,1:50.504,298.0,Luis PEREZ COMPANC,,LMGTE Am,,Richard Mille AF Corse,Ferrari,GF,37.635,91.396,110.504,
83,1,5,4:01.046,0,,37.410,0,1:31.242,0,1:52.394,0,203.5,30:16.094,22:30:16.094,0:37.410,1:31.242,1:52.394,298.0,Luis PEREZ COMPANC,,LMGTE Am,,Richard Mille AF Corse,Ferrari,GF,37.410,91.242,112.394,
83,1,6,4:00.097,0,,37.486,0,1:32.121,0,1:50.490,0,204.3,34:16.191,22:34:16.191,0:37.486,1:32.121,1:50.490,298.0,Luis PEREZ COMPANC,,LMGTE Am,,Richard Mille AF Corse,Ferrari,GF,37.486,92.121,110.490,
83,1,7,3:59.102,0,,37.044,1,1:31.871,0,1:50.187,0,205.2,38:15.293,22:38:15.293,0:37.044,1:31.871,1:50.187,297.2,Luis PEREZ COMPANC,,LMGTE Am,,Richard Mille AF Corse,Ferrari,GF,37.044,91.871,110.187,
83,1,8,4:02.589,0,,37.114,0,1:34.781,0,1:50.694,0,202.2,42:17.882,22:42:17.882,0:37.114,1:34.781,1:50.694,298.8,Luis PEREZ COMPANC,,LMGTE Am,,Richard Mille AF Corse,Ferrari,GF,37.114,94.781,110.694,
83,1,9,3:58.264,0,,37.322,0,1:30.942,1,1:50.000,1,205.9,46:16.146,22:46:16.146,0:37.322,1:30.942,1:50.000,298.0,Luis PEREZ COMPANC,,LMGTE Am,,Richard Mille AF Corse,Ferrari,GF,37.322,90.942,110.000,
83,1,10,4:06.669,0,B,37.049,0,1:31.382,0,1:58.238,0,198.9,50:22.815,22:50:22.815,0:37.049,1:31.382,1:58.238,300.5,Luis PEREZ COMPANC,,LMGTE Am,,Richard Mille AF Corse,Ferrari,GF,37.049,91.382,118.238,
83,3,11,6:58.828,0,,3:36.580,0,1:31.608,0,1:50.640,0,117.1,57:21.643,22:57:21.643,3:36.580,1:31.608,1:50.640,296.4,Lilou WADOUX,0:03:09.612,LMGTE Am,,Richard Mille AF Corse,Ferrari,GF,216.580,91.608,110.640,
83,3,12,3:58.835,0,,37.662,0,1:31.585,0,1:49.588,0,205.4,1:01:20.478,23:01:20.478,0:37.662,1:31.585,1:49.588,297.2,Lilou WADOUX,,LMGTE Am,,Richard Mille AF Corse,Ferrari,GF,37.662,91.585,109.588,
83,3,13,3:56.778,0,,37.001,0,1:30.819,0,1:48.958,1,207.2,1:05:17.256,23:05:17.256,0:37.001,1:30.819,1:48.958,295.6,Lilou WADOUX,,LMGTE Am,,Richard Mille AF Corse,Ferrari,GF,37.001,90.819,108.958,
83,3,14,4:02.519,0,B,36.955,1,1:30.979,0,1:54.585,0,202.3,1:09:19.775,23:09:19.775,0:36.955,1:30.979,1:54.585,298.8,Lilou WADOUX,,LMGTE Am,,Richard Mille AF Corse,Ferrari,GF,36.955,90.979,114.585,
83,3,15,5:47.694,0,,2:22.020,0,1:34.050,0,1:51.624,0,141.1,1:15:07.469,23:15:07.469,2:22.020,1:34.050,1:51.624,285.4,Lilou WADOUX,0:01:49.636,LMGTE Am,,Richard Mille AF Corse,Ferrari,GF,142.020,94.050,111.624,
83,3,16,4:06.599,0,B,37.542,0,1:32.645,0,1:56.412,0,198.9,1:19:14.068,23:19:14.068,0:37.542,1:32.645,1:56.412,277.4,Lilou WADOUX,,LMGTE Am,,Richard Mille AF Corse,Ferrari,GF,37.542,92.645,116.412,
83,2,17,12:41.137,0,,9:15.261,0,1:34.229,0,1:51.647,0,64.4,1:31:55.205,23:31:55.205,9:15.261,1:34.229,1:51.647,293.2,Alessio ROVERA,0:08:46.184,LMGTE Am,,Richard Mille AF Corse,Ferrari,GF,555.261,94.229,111.647,
83,2,18,3:58.011,0,,37.479,0,1:31.427,0,1:49.105,0,206.1,1:35:53.216,23:35:53.216,0:37.479,1:31.427,1:49.105,296.4,Alessio ROVERA,,LMGTE Am,,Richard Mille AF Corse,Ferrari,GF,37.479,91.427,109.105,
83,2,19,3:55.988,0,,36.939,0,1:30.698,0,1:48.351,0,207.9,1:39:49.204,23:39:49.204,0:36.939,1:30.698,1:48.351,294.0,Alessio ROVERA,,LMGTE Am,,Richard Mille AF Corse,Ferrari,GF,36.939,90.698,108.351,
83,2,20,3:58.098,0,,36.741,0,1:30.421,0,1:50.936,0,206.0,1:43:47.302,23:43:47.302,0:36.741,1:30.421,1:50.936,296.4,Alessio ROVERA,,LMGTE Am,,Richard Mille AF Corse,Ferrari,GF,36.741,90.421,110.936,
83,2,21,3:54.896,2,,36.652,2,1:30.281,2,1:47.963,2,208.8,1:47:42.198,23:47:42.198,0:36.652,1:30.281,1:47.963,296.4,Alessio ROVERA,,LMGTE Am,,Richard Mille AF Corse,Ferrari,GF,36.652,90.281,107.963,
83,2,22,4:05.871,0,B,37.689,0,1:31.090,0,1:57.092,0,199.5,1:51:48.069,23:51:48.069,0:37.689,1:31.090,1:57.092,281.0,Alessio ROVERA,,LMGTE Am,,Richard Mille AF Corse,Ferrari,GF,37.689,91.090,117.092,
83,3,23,5:09.392,0,,1:49.681,0,1:30.728,1,1:48.983,0,158.5,1:56:57.461,23:56:57.461,1:49.681,1:30.728,1:48.983,298.0,Lilou WADOUX,0:01:21.778,LMGTE Am,,Richard Mille AF Corse,Ferrari,GF,109.681,90.728,108.983,
83,3,24,3:57.012,0,,37.197,0,1:30.818,0,1:48.997,0,207.0,2:00:54.473,00:00:54.473,0:37.197,1:30.818,1:48.997,296.4,Lilou WADOUX,,LMGTE Am,,Richard Mille AF Corse,Ferrari,FF,37.197,90.818,108.997,
85,1,1,17:50.040,0,,14:18.181,0,1:36.266,0,1:55.593,0,45.4,17:50.040,22:17:50.040,14:18.181,1:36.266,1:55.593,279.5,Sarah BOVY,0:13:38.400,LMGTE Am,,Iron Dames,Porsche,GF,858.181,96.266,115.593,
85,1,2,4:02.566,0,,38.335,0,1:33.367,0,1:50.864,0,202.2,21:52.606,22:21:52.606,0:38.335,1:33.367,1:50.864,291.6,Sarah BOVY,,LMGTE Am,,Iron Dames,Porsche,GF,38.335,93.367,110.864,
85,1,3,4:00.564,0,,37.773,0,1:31.619,0,1:51.172,0,203.9,25:53.170,22:25:53.170,0:37.773,1:31.619,1:51.172,295.6,Sarah BOVY,,LMGTE Am,,Iron Dames,Porsche,GF,37.773,91.619,111.172,
85,1,4,4:10.187,0,B,40.711,0,1:32.112,0,1:57.364,0,196.1,30:03.357,22:30:03.357,0:40.711,1:32.112,1:57.364,299.7,Sarah BOVY,,LMGTE Am,,Iron Dames,Porsche,GF,40.711,92.112,117.364,
85,1,5,6:11.908,0,,2:47.229,0,1:32.857,0,1:51.822,0,131.9,36:15.265,22:36:15.265,2:47.229,1:32.857,1:51.822,291.6,Sarah BOVY,0:02:20.334,LMGTE Am,,Iron Dames,Porsche,GF,167.229,92.857,111.822,
85,1,6,3:59.459,0,,37.549,0,1:31.578,0,1:50.332,1,204.9,40:14.724,22:40:14.724,0:37.549,1:31.578,1:50.332,298.0,Sarah BOVY,,LMGTE Am,,Iron Dames,Porsche,GF,37.549,91.578,110.332,
85,1,7,4:05.746,0,B,37.264,1,1:31.340,1,1:57.142,0,199.6,44:20.470,22:44:20.470,0:37.264,1:31.340,1:57.142,297.2,Sarah BOVY,,LMGTE Am,,Iron Dames,Porsche,GF,37.264,91.340,117.142,
85,3,8,5:45.836,0,,2:20.113,0,1:33.697,0,1:52.026,0,141.8,50:06.306,22:50:06.306,2:20.113,1:33.697,1:52.026,287.7,Rahel FREY,0:01:50.402,LMGTE Am,,Iron Dames,Porsche,GF,140.113,93.697,112.026,
85,3,9,4:01.669,0,,37.917,0,1:31.659,0,1:52.093,0,203.0,54:07.975,22:54:07.975,0:37.917,1:31.659,1:52.093,294.0,Rahel FREY,,LMGTE Am,,Iron Dames,Porsche,GF,37.917,91.659,112.093,
85,3,10,4:04.213,0,,38.986,0,1:33.832,0,1:51.395,0,200.9,58:12.188,22:58:12.188,0:38.986,1:33.832,1:51.395,287.7,Rahel FREY,,LMGTE Am,,Iron Dames,Porsche,GF,38.986,93.832,111.395,
85,3,11,4:07.048,0,B,38.273,0,1:31.632,0,1:57.143,0,198.6,1:02:19.236,23:02:19.236,0:38.273,1:31.632,1:57.143,288.5,Rahel FREY,,LMGTE Am,,Iron Dames,Porsche,GF,38.273,91.632,117.143,
85,3,12,4:50.882,0,,1:29.313,0,1:31.760,0,1:49.809,0,168.6,1:07:10.118,23:07:10.118,1:29.313,1:31.760,1:49.809,295.6,Rahel FREY,0:01:01.752,LMGTE Am,,Iron Dames,Porsche,GF,89.313,91.760,109.809,
85,3,13,3:58.246,0,,38.615,0,1:30.600,1,1:49.031,1,205.9,1:11:08.364,23:11:08.364,0:38.615,1:30.600,1:49.031,297.2,Rahel FREY,,LMGTE Am,,Iron Dames,Porsche,GF,38.615,90.600,109.031,
85,3,14,3:57.962,0,,37.495,1,1:30.501,0,1:49.966,0,206.1,1:15:06.326,23:15:06.326,0:37.495,1:30.501,1:49.966,298.8,Rahel FREY,,LMGTE Am,,Iron Dames,Porsche,GF,37.495,90.501,109.966,
85,3,15,4:11.494,0,B,38.182,0,1:34.673,0,1:58.639,0,195.0,1:19:17.820,23:19:17.820,0:38.182,1:34.673,1:58.639,277.4,Rahel FREY,,LMGTE Am,,Iron Dames,Porsche,GF,38.182,94.673,118.639,
85,2,16,5:36.647,0,,2:11.862,0,1:32.834,0,1:51.951,0,145.7,1:24:54.467,23:24:54.467,2:11.862,1:32.834,1:51.951,294.0,Michelle GATTING,0:01:40.872,LMGTE Am,,Iron Dames,Porsche,GF,131.862,92.834,111.951,
85,2,17,4:03.482,0,,39.696,0,1:32.393,0,1:51.393,0,201.5,1:28:57.949,23:28:57.949,0:39.696,1:32.393,1:51.393,291.6,Michelle GATTING,,LMGTE Am,,Iron Dames,Porsche,GF,39.696,92.393,111.393,
85,2,18,3:59.890,0,,37.506,0,1:31.406,0,1:50.978,0,204.5,1:32:57.839,23:32:57.839,0:37.506,1:31.406,1:50.978,296.4,Michelle GATTING,,LMGTE Am,,Iron Dames,Porsche,GF,37.506,91.406,110.978,
85,2,19,3:58.740,0,,37.879,0,1:31.498,0,1:49.363,0,205.5,1:36:56.579,23:36:56.579,0:37.879,1:31.498,1:49.363,296.4,Michelle GATTING,,LMGTE Am,,Iron Dames,Porsche,GF,37.879,91.498,109.363,
85,2,20,3:57.115,0,,37.268,0,1:30.710,0,1:49.137,0,206.9,1:40:53.694,23:40:53.694,0:37.268,1:30.710,1:49.137,297.2,Michelle GATTING,,LMGTE Am,,Iron Dames,Porsche,GF,37.268,90.710,109.137,
85,2,21,3:55.903,0,,36.992,0,1:30.684,0,1:48.227,0,207.9,1:44:49.597,23:44:49.597,0:36.992,1:30.684,1:48.227,296.4,Michelle GATTING,,LMGTE Am,,Iron Dames,Porsche,GF,36.992,90.684,108.227,
85,2,22,3:55.888,0,,37.043,0,1:30.405,0,1:48.440,0,208.0,1:48:45.485,23:48:45.485,0:37.043,1:30.405,1:48.440,297.2,Michelle GATTING,,LMGTE Am,,Iron Dames,Porsche,GF,37.043,90.405,108.440,
85,2,23,3:55.082,0,,37.022,0,1:30.025,2,1:48.035,0,208.7,1:52:40.567,23:52:40.567,0:37.022,1:30.025,1:48.035,298.0,Michelle GATTING,,LMGTE Am,,Iron Dames,Porsche,GF,37.022,90.025,108.035,
85,2,24,3:54.753,2,,36.719,2,1:30.353,0,1:47.681,2,209.0,1:56:35.320,23:56:35.320,0:36.719,1:30.353,1:47.681,297.2,Michelle GATTING,,LMGTE Am,,Iron Dames,Porsche,GF,36.719,90.353,107.681,
85,2,25,4:02.607,0,B,36.958,0,1:30.125,0,1:55.524,0,202.2,2:00:37.927,00:00:37.927,0:36.958,1:30.125,1:55.524,298.8,Michelle GATTING,,LMGTE Am,,Iron Dames,Porsche,FF,36.958,90.125,115.524,
86,3,1,28:30.050,0,,25:10.688,0,1:30.707,0,1:48.655,0,28.4,28:30.050,22:28:30.050,25:10.688,1:30.707,1:48.655,295.6,Riccardo PERA,0:24:36.129,LMGTE Am,,GR Racing,Porsche,GF,1510.688,90.707,108.655,
86,3,2,3:56.772,0,,37.729,0,1:31.247,0,1:47.796,0,207.2,32:26.822,22:32:26.822,0:37.729,1:31.247,1:47.796,298.0,Riccardo PERA,,LMGTE Am,,GR Racing,Porsche,GF,37.729,91.247,107.796,
86,3,3,3:53.072,0,,36.577,2,1:29.551,0,1:46.944,2,210.5,36:19.894,22:36:19.894,0:36.577,1:29.551,1:46.944,301.3,Riccardo PERA,,LMGTE Am,,GR Racing,Porsche,GF,36.577,89.551,106.944,
86,3,4,4:00.848,0,,36.903,0,1:29.995,1,1:53.950,0,203.7,40:20.742,22:40:20.742,0:36.903,1:29.995,1:53.950,297.2,Riccardo PERA,,LMGTE Am,,GR Racing,Porsche,GF,36.903,89.995,113.950,
86,3,5,4:05.626,0,B,38.208,0,1:30.559,0,1:56.859,0,199.7,44:26.368,22:44:26.368,0:38.208,1:30.559,1:56.859,298.0,Riccardo PERA,,LMGTE Am,,GR Racing,Porsche,GF,38.208,90.559,116.859,
86,1,6,5:45.749,0,,2:13.962,0,1:35.791,0,1:55.996,0,141.9,50:12.117,22:50:12.117,2:13.962,1:35.791,1:55.996,281.0,Michael WAINWRIGHT,0:01:42.557,LMGTE Am,,GR Racing,Porsche,GF,133.962,95.791,115.996,
86,1,7,4:06.871,0,,39.809,0,1:33.639,0,1:53.423,0,198.7,54:18.988,22:54:18.988,0:39.809,1:33.639,1:53.423,294.0,Michael WAINWRIGHT,,LMGTE Am,,GR Racing,Porsche,GF,39.809,93.639,113.423,
86,1,8,4:08.470,0,,41.255,0,1:34.143,0,1:53.072,0,197.4,58:27.458,22:58:27.458,0:41.255,1:34.143,1:53.072,288.5,Michael WAINWRIGHT,,LMGTE Am,,GR Racing,Porsche,GF,41.255,94.143,113.072,
86,1,9,4:07.007,0,,39.250,0,1:33.099,0,1:54.658,0,198.6,1:02:34.465,23:02:34.465,0:39.250,1:33.099,1:54.658,294.0,Michael WAINWRIGHT,,LMGTE Am,,GR Racing,Porsche,GF,39.250,93.099,114.658,
86,1,10,4:16.526,0,B,39.224,0,1:32.719,0,2:04.583,0,191.2,1:06:50.991,23:06:50.991,0:39.224,1:32.719,2:04.583,297.2,Michael WAINWRIGHT,,LMGTE Am,,GR Racing,Porsche,GF,39.224,92.719,124.583,
86,2,11,6:12.165,0,,2:48.576,0,1:32.334,0,1:51.255,0,131.8,1:13:03.156,23:13:03.156,2:48.576,1:32.334,1:51.255,296.4,Benjamin BARKER,0:02:22.356,LMGTE Am,,GR Racing,Porsche,GF,168.576,92.334,111.255,
86,2,12,3:58.618,0,,37.679,0,1:31.201,0,1:49.738,0,205.6,1:17:01.774,23:17:01.774,0:37.679,1:31.201,1:49.738,295.6,Benjamin BARKER,,LMGTE Am,,GR Racing,Porsche,GF,37.679,91.201,109.738,
86,2,13,3:56.371,2,,37.179,0,1:30.449,0,1:48.743,1,207.5,1:20:58.145,23:20:58.145,0:37.179,1:30.449,1:48.743,297.2,Benjamin BARKER,,LMGTE Am,,GR Racing,Porsche,GF,37.179,90.449,108.743,
86,2,14,3:56.893,0,,37.009,1,1:29.814,2,1:50.070,0,207.1,1:24:55.038,23:24:55.038,0:37.009,1:29.814,1:50.070,298.0,Benjamin BARKER,,LMGTE Am,,GR Racing,Porsche,GF,37.009,89.814,110.070,
86,2,15,4:03.420,0,B,38.545,0,1:30.717,0,1:54.158,0,201.5,1:28:58.458,23:28:58.458,0:38.545,1:30.717,1:54.158,298.8,Benjamin BARKER,,LMGTE Am,,GR Racing,Porsche,GF,38.545,90.717,114.158,
86,1,16,6:10.055,0,,2:42.647,0,1:33.875,0,1:53.533,0,132.6,1:35:08.513,23:35:08.513,2:42.647,1:33.875,1:53.533,293.2,Michael WAINWRIGHT,0:02:13.228,LMGTE Am,,GR Racing,Porsche,GF,162.647,93.875,113.533,
86,1,17,4:02.807,0,,38.494,0,1:32.511,0,1:51.802,0,202.0,1:39:11.320,23:39:11.320,0:38.494,1:32.511,1:51.802,294.0,Michael WAINWRIGHT,,LMGTE Am,,GR Racing,Porsche,GF,38.494,92.511,111.802,
86,1,18,4:01.824,0,,38.365,0,1:31.949,0,1:51.510,1,202.8,1:43:13.144,23:43:13.144,0:38.365,1:31.949,1:51.510,293.2,Michael WAINWRIGHT,,LMGTE Am,,GR Racing,Porsche,GF,38.365,91.949,111.510,
86,1,19,4:03.126,0,,38.185,1,1:32.663,0,1:52.278,0,201.8,1:47:16.270,23:47:16.270,0:38.185,1:32.663,1:52.278,294.0,Michael WAINWRIGHT,,LMGTE Am,,GR Racing,Porsche,GF,38.185,92.663,112.278,
86,1,20,4:12.311,0,B,39.340,0,1:31.783,1,2:01.188,0,194.4,1:51:28.581,23:51:28.581,0:39.340,1:31.783,2:01.188,295.6,Michael WAINWRIGHT,,LMGTE Am,,GR Racing,Porsche,GF,39.340,91.783,121.188,
88,2,1,6:20.970,0,,2:48.252,0,1:35.427,0,1:57.291,0,127.4,6:20.970,22:06:20.970,2:48.252,1:35.427,1:57.291,283.9,Donald YOUNT,0:02:07.919,LMGTE Am,,Proton Competition,Porsche,GF,168.252,95.427,117.291,
88,2,2,4:12.412,0,,40.238,0,1:34.905,0,1:57.269,0,194.3,10:33.382,22:10:33.382,0:40.238,1:34.905,1:57.269,292.4,Donald YOUNT,,LMGTE Am,,Proton Competition,Porsche,GF,40.238,94.905,117.269,
88,2,3,4:11.953,0,,39.931,1,1:34.806,1,1:57.216,1,194.7,14:45.335,22:14:45.335,0:39.931,1:34.806,1:57.216,293.2,Donald YOUNT,,LMGTE Am,,Proton Competition,Porsche,GF,39.931,94.806,117.216,
88,2,4,4:12.579,0,,40.165,0,1:35.090,0,1:57.324,0,194.2,18:57.914,22:18:57.914,0:40.165,1:35.090,1:57.324,292.4,Donald YOUNT,,LMGTE Am,,Proton Competition,Porsche,GF,40.165,95.090,117.324,
88,2,5,4:22.442,0,B,40.510,0,1:36.209,0,2:05.723,0,186.9,23:20.356,22:23:20.356,0:40.510,1:36.209,2:05.723,294.8,Donald YOUNT,,LMGTE Am,,Proton Competition,Porsche,GF,40.510,96.209,125.723,
88,3,6,8:40.872,0,,5:07.007,0,1:36.487,0,1:57.378,0,94.2,32:01.228,22:32:01.228,5:07.007,1:36.487,1:57.378,287.7,Jonas RIED,0:04:33.947,LMGTE Am,,Proton Competition,Porsche,GF,307.007,96.487,117.378,
88,3,7,4:11.061,0,,39.396,0,1:35.663,0,1:56.002,0,195.4,36:12.289,22:36:12.289,0:39.396,1:35.663,1:56.002,290.0,Jonas RIED,,LMGTE Am,,Proton Competition,Porsche,GF,39.396,95.663,116.002,
88,3,8,4:09.187,0,,39.049,0,1:34.336,0,1:55.802,0,196.9,40:21.476,22:40:21.476,0:39.049,1:34.336,1:55.802,293.2,Jonas RIED,,LMGTE Am,,Proton Competition,Porsche,GF,39.049,94.336,115.802,
88,3,9,4:06.617,0,,39.233,0,1:34.013,0,1:53.371,0,198.9,44:28.093,22:44:28.093,0:39.233,1:34.013,1:53.371,295.6,Jonas RIED,,LMGTE Am,,Proton Competition,Porsche,GF,39.233,94.013,113.371,
88,3,10,4:16.351,0,B,39.787,0,1:33.813,0,2:02.751,0,191.4,48:44.444,22:48:44.444,0:39.787,1:33.813,2:02.751,294.8,Jonas RIED,,LMGTE Am,,Proton Competition,Porsche,GF,39.787,93.813,122.751,
88,1,11,9:50.442,0,,6:28.100,0,1:32.616,0,1:49.726,0,83.1,58:34.886,22:58:34.886,6:28.100,1:32.616,1:49.726,294.8,Harry TINCKNELL,0:06:01.340,LMGTE Am,,Proton Competition,Porsche,GF,388.100,92.616,109.726,
88,1,12,3:57.729,0,,37.369,0,1:30.535,0,1:49.825,0,206.3,1:02:32.615,23:02:32.615,0:37.369,1:30.535,1:49.825,298.0,Harry TINCKNELL,,LMGTE Am,,Proton Competition,Porsche,GF,37.369,90.535,109.825,
88,1,13,4:06.379,0,B,37.551,0,1:30.892,0,1:57.936,0,199.1,1:06:38.994,23:06:38.994,0:37.551,1:30.892,1:57.936,297.2,Harry TINCKNELL,,LMGTE Am,,Proton Competition,Porsche,GF,37.551,90.892,117.936,
88,1,14,4:52.716,0,,1:30.870,0,1:32.126,0,1:49.720,0,167.6,1:11:31.710,23:11:31.710,1:30.870,1:32.126,1:49.720,290.8,Harry TINCKNELL,0:01:04.361,LMGTE Am,,Proton Competition,Porsche,GF,90.870,92.126,109.720,
88,1,15,3:56.182,0,,37.077,0,1:31.028,0,1:48.077,0,207.7,1:15:27.892,23:15:27.892,0:37.077,1:31.028,1:48.077,293.2,Harry TINCKNELL,,LMGTE Am,,Proton Competition,Porsche,GF,37.077,91.028,108.077,
88,1,16,3:55.075,2,,36.802,2,1:30.678,0,1:47.595,2,208.7,1:19:22.967,23:19:22.967,0:36.802,1:30.678,1:47.595,294.8,Harry TINCKNELL,,LMGTE Am,,Proton Competition,Porsche,GF,36.802,90.678,107.595,
88,1,17,3:55.698,0,,36.823,0,1:29.987,2,1:48.888,0,208.1,1:23:18.665,23:23:18.665,0:36.823,1:29.987,1:48.888,295.6,Harry TINCKNELL,,LMGTE Am,,Proton Competition,Porsche,GF,36.823,89.987,108.888,
88,1,18,4:01.117,0,B,36.871,0,1:30.438,0,1:53.808,0,203.4,1:27:19.782,23:27:19.782,0:36.871,1:30.438,1:53.808,295.6,Harry TINCKNELL,,LMGTE Am,,Proton Competition,Porsche,GF,36.871,90.438,113.808,
88,3,19,5:42.550,0,,2:06.506,0,1:40.214,0,1:55.830,0,143.2,1:33:02.332,23:33:02.332,2:06.506,1:40.214,1:55.830,287.7,Jonas RIED,0:01:35.244,LMGTE Am,,Proton Competition,Porsche,GF,126.506,100.214,115.830,
88,3,20,4:05.196,0,,38.507,0,1:33.344,0,1:53.345,0,200.1,1:37:07.528,23:37:07.528,0:38.507,1:33.344,1:53.345,294.0,Jonas RIED,,LMGTE Am,,Proton Competition,Porsche,GF,38.507,93.344,113.345,
88,3,21,4:03.493,0,,38.144,0,1:33.326,0,1:52.023,0,201.5,1:41:11.021,23:41:11.021,0:38.144,1:33.326,1:52.023,293.2,Jonas RIED,,LMGTE Am,,Proton Competition,Porsche,GF,38.144,93.326,112.023,
88,3,22,4:12.407,0,B,37.930,0,1:32.794,0,2:01.683,0,194.3,1:45:23.428,23:45:23.428,0:37.930,1:32.794,2:01.683,293.2,Jonas RIED,,LMGTE Am,,Proton Competition,Porsche,GF,37.930,92.794,121.683,
88,3,23,5:55.117,0,,2:30.373,0,1:33.079,0,1:51.665,0,138.1,1:51:18.545,23:51:18.545,2:30.373,1:33.079,1:51.665,290.0,Jonas RIED,0:02:02.955,LMGTE Am,,Proton Competition,Porsche,GF,150.373,93.079,111.665,
88,3,24,4:02.027,0,,37.968,0,1:32.759,0,1:51.300,0,202.7,1:55:20.572,23:55:20.572,0:37.968,1:32.759,1:51.300,291.6,Jonas RIED,,LMGTE Am,,Proton Competition,Porsche,GF,37.968,92.759,111.300,
88,3,25,4:01.180,0,,37.730,0,1:32.657,0,1:50.793,0,203.4,1:59:21.752,23:59:21.752,0:37.730,1:32.657,1:50.793,293.2,Jonas RIED,,LMGTE Am,,Proton Competition,Porsche,GF,37.730,92.657,110.793,
88,3,26,3:59.600,0,,37.598,1,1:31.619,1,1:50.383,1,204.7,2:03:21.352,00:03:21.352,0:37.598,1:31.619,1:50.383,295.6,Jonas RIED,,LMGTE Am,,Proton Competition,Porsche,FF,37.598,91.619,110.383,
9,2,1,5:04.375,0,,1:49.471,0,1:29.652,0,1:45.252,0,159.4,5:04.375,22:05:04.375,1:49.471,1:29.652,1:45.252,289.3,Juan Manuel CORREA,0:01:12.004,LMP2,,Prema Racing,Oreca,GF,109.471,89.652,105.252,
9,2,2,3:43.029,0,,35.763,0,1:25.780,0,1:41.486,0,219.9,8:47.404,22:08:47.404,0:35.763,1:25.780,1:41.486,305.6,Juan Manuel CORREA,,LMP2,,Prema Racing,Oreca,GF,35.763,85.780,101.486,
9,2,3,3:40.339,0,,34.301,1,1:24.578,0,1:41.460,0,222.6,12:27.743,22:12:27.743,0:34.301,1:24.578,1:41.460,304.7,Juan Manuel CORREA,,LMP2,,Prema Racing,Oreca,GF,34.301,84.578,101.460,
9,2,4,3:42.435,0,,34.316,0,1:24.347,1,1:43.772,0,220.5,16:10.178,22:16:10.178,0:34.316,1:24.347,1:43.772,310.0,Juan Manuel CORREA,,LMP2,,Prema Racing,Oreca,GF,34.316,84.347,103.772,
9,2,5,3:43.830,0,,37.244,0,1:25.742,0,1:40.844,0,219.2,19:54.008,22:19:54.008,0:37.244,1:25.742,1:40.844,308.2,Juan Manuel CORREA,,LMP2,,Prema Racing,Oreca,GF,37.244,85.742,100.844,
9,2,6,3:48.037,0,B,35.000,0,1:25.446,0,1:47.591,0,215.1,23:42.045,22:23:42.045,0:35.000,1:25.446,1:47.591,303.0,Juan Manuel CORREA,,LMP2,,Prema Racing,Oreca,GF,35.000,85.446,107.591,
9,1,7,6:15.163,0,,3:03.791,0,1:26.547,0,1:44.825,0,130.8,29:57.208,22:29:57.208,3:03.791,1:26.547,1:44.825,309.1,Bent VISCAAL,0:02:39.031,LMP2,,Prema Racing,Oreca,GF,183.791,86.547,104.825,
9,1,8,3:41.864,0,,34.263,0,1:25.595,0,1:42.006,0,221.1,33:39.072,22:33:39.072,0:34.263,1:25.595,1:42.006,309.1,Bent VISCAAL,,LMP2,,Prema Racing,Oreca,GF,34.263,85.595,102.006,
9,1,9,3:40.766,0,,34.632,0,1:24.618,0,1:41.516,0,222.2,37:19.838,22:37:19.838,0:34.632,1:24.618,1:41.516,308.2,Bent VISCAAL,,LMP2,,Prema Racing,Oreca,GF,34.632,84.618,101.516,
9,1,10,3:41.510,0,,34.720,0,1:25.180,0,1:41.610,0,221.5,41:01.348,22:41:01.348,0:34.720,1:25.180,1:41.610,310.0,Bent VISCAAL,,LMP2,,Prema Racing,Oreca,GF,34.720,85.180,101.610,
9,1,11,3:44.310,0,,34.341,0,1:26.436,0,1:43.533,0,218.7,44:45.658,22:44:45.658,0:34.341,1:26.436,1:43.533,304.7,Bent VISCAAL,,LMP2,,Prema Racing,Oreca,GF,34.341,86.436,103.533,
9,1,12,3:41.674,0,,34.120,2,1:24.242,2,1:43.312,0,221.3,48:27.332,22:48:27.332,0:34.120,1:24.242,1:43.312,309.1,Bent VISCAAL,,LMP2,,Prema Racing,Oreca,GF,34.120,84.242,103.312,
9,1,13,3:38.890,2,,34.159,0,1:24.426,0,1:40.305,1,224.1,52:06.222,22:52:06.222,0:34.159,1:24.426,1:40.305,308.2,Bent VISCAAL,,LMP2,,Prema Racing,Oreca,GF,34.159,84.426,100.305,
9,1,14,3:51.515,0,B,35.332,0,1:26.052,0,1:50.131,0,211.9,55:57.737,22:55:57.737,0:35.332,1:26.052,1:50.131,307.3,Bent VISCAAL,,LMP2,,Prema Racing,Oreca,GF,35.332,86.052,110.131,
9,3,15,5:42.897,0,,2:32.492,0,1:27.293,0,1:43.112,0,143.1,1:01:40.634,23:01:40.634,2:32.492,1:27.293,1:43.112,308.2,Filip UGRAN,0:02:06.216,LMP2,,Prema Racing,Oreca,GF,152.492,87.293,103.112,
9,3,16,3:43.177,0,,35.332,0,1:26.172,0,1:41.673,0,219.8,1:05:23.811,23:05:23.811,0:35.332,1:26.172,1:41.673,308.2,Filip UGRAN,,LMP2,,Prema Racing,Oreca,GF,35.332,86.172,101.673,
9,3,17,3:41.180,0,,34.533,0,1:25.744,0,1:40.903,0,221.8,1:09:04.991,23:09:04.991,0:34.533,1:25.744,1:40.903,304.7,Filip UGRAN,,LMP2,,Prema Racing,Oreca,GF,34.533,85.744,100.903,
9,3,18,3:44.008,0,,35.276,0,1:26.202,0,1:42.530,0,219.0,1:12:48.999,23:12:48.999,0:35.276,1:26.202,1:42.530,310.9,Filip UGRAN,,LMP2,,Prema Racing,Oreca,GF,35.276,86.202,102.530,
9,3,19,3:41.304,0,,34.300,0,1:24.864,0,1:42.140,0,221.7,1:16:30.303,23:16:30.303,0:34.300,1:24.864,1:42.140,309.1,Filip UGRAN,,LMP2,,Prema Racing,Oreca,GF,34.300,84.864,102.140,
9,3,20,3:41.330,0,,34.617,0,1:25.418,0,1:41.295,0,221.6,1:20:11.633,23:20:11.633,0:34.617,1:25.418,1:41.295,310.9,Filip UGRAN,,LMP2,,Prema Racing,Oreca,GF,34.617,85.418,101.295,
9,3,21,3:41.400,0,,35.129,0,1:25.639,0,1:40.632,0,221.6,1:23:53.033,23:23:53.033,0:35.129,1:25.639,1:40.632,308.2,Filip UGRAN,,LMP2,,Prema Racing,Oreca,GF,35.129,85.639,100.632,
9,3,22,3:39.007,0,,34.193,1,1:24.558,0,1:40.256,2,224.0,1:27:32.040,23:27:32.040,0:34.193,1:24.558,1:40.256,309.1,Filip UGRAN,,LMP2,,Prema Racing,Oreca,GF,34.193,84.558,100.256,
9,3,23,3:40.016,0,,34.394,0,1:24.545,0,1:41.077,0,223.0,1:31:12.056,23:31:12.056,0:34.394,1:24.545,1:41.077,308.2,Filip UGRAN,,LMP2,,Prema Racing,Oreca,GF,34.394,84.545,101.077,
9,3,24,3:42.643,0,,35.159,0,1:26.290,0,1:41.194,0,220.3,1:34:54.699,23:34:54.699,0:35.159,1:26.290,1:41.194,309.1,Filip UGRAN,,LMP2,,Prema Racing,Oreca,GF,35.159,86.290,101.194,
9,3,25,3:49.112,0,B,34.523,0,1:24.438,1,1:50.151,0,214.1,1:38:43.811,23:38:43.811,0:34.523,1:24.438,1:50.151,309.1,Filip UGRAN,,LMP2,,Prema Racing,Oreca,GF,34.523,84.438,110.151,
9,2,26,6:29.752,0,,3:17.528,0,1:26.997,0,1:45.227,0,125.9,1:45:13.563,23:45:13.563,3:17.528,1:26.997,1:45.227,310.0,Juan Manuel CORREA,0:02:51.895,LMP2,,Prema Racing,Oreca,GF,197.528,86.997,105.227,
9,2,27,3:40.457,0,,34.453,0,1:24.925,0,1:41.079,0,222.5,1:48:54.020,23:48:54.020,0:34.453,1:24.925,1:41.079,310.0,Juan Manuel CORREA,,LMP2,,Prema Racing,Oreca,GF,34.453,84.925,101.079,
9,2,28,3:42.851,0,,34.917,0,1:24.876,0,1:43.058,0,220.1,1:52:36.871,23:52:36.871,0:34.917,1:24.876,1:43.058,309.1,Juan Manuel CORREA,,LMP2,,Prema Racing,Oreca,GF,34.917,84.876,103.058,
9,2,29,3:42.615,0,,34.477,0,1:24.661,0,1:43.477,0,220.4,1:56:19.486,23:56:19.486,0:34.477,1:24.661,1:43.477,309.1,Juan Manuel CORREA,,LMP2,,Prema Racing,Oreca,GF,34.477,84.661,103.477,
9,2,30,3:41.016,0,,35.494,0,1:24.830,0,1:40.692,1,221.9,2:00:00.502,00:00:00.502,0:35.494,1:24.830,1:40.692,310.0,Juan Manuel CORREA,,LMP2,,Prema Racing,Oreca,FF,35.494,84.830,100.692,
911,3,1,12:10.643,0,,8:46.717,0,1:33.339,0,1:50.587,0,66.4,12:10.643,22:12:10.643,8:46.717,1:33.339,1:50.587,295.6,Richard LIETZ,0:08:09.808,LMGTE Am,,Proton Competition,Porsche,GF,526.717,93.339,110.587,
911,3,2,3:58.965,0,,36.954,0,1:31.489,0,1:50.522,0,205.3,16:09.608,22:16:09.608,0:36.954,1:31.489,1:50.522,285.4,Richard LIETZ,,LMGTE Am,,Proton Competition,Porsche,GF,36.954,91.489,110.522,
911,3,3,3:55.191,2,,37.579,0,1:30.237,0,1:47.375,2,208.6,20:04.799,22:20:04.799,0:37.579,1:30.237,1:47.375,302.2,Richard LIETZ,,LMGTE Am,,Proton Competition,Porsche,GF,37.579,90.237,107.375,
911,3,4,3:57.136,0,,36.714,2,1:30.157,0,1:50.265,0,206.9,24:01.935,22:24:01.935,0:36.714,1:30.157,1:50.265,290.0,Richard LIETZ,,LMGTE Am,,Proton Competition,Porsche,GF,36.714,90.157,110.265,
911,3,5,4:04.886,0,B,39.385,0,1:30.035,2,1:55.466,0,200.3,28:06.821,22:28:06.821,0:39.385,1:30.035,1:55.466,298.8,Richard LIETZ,,LMGTE Am,,Proton Competition,Porsche,GF,39.385,90.035,115.466,
911,3,6,4:59.733,0,,1:37.395,0,1:32.195,0,1:50.143,0,163.7,33:06.554,22:33:06.554,1:37.395,1:32.195,1:50.143,299.7,Richard LIETZ,0:01:10.950,LMGTE Am,,Proton Competition,Porsche,GF,97.395,92.195,110.143,
911,3,7,3:56.046,0,,37.370,0,1:30.170,0,1:48.506,0,207.8,37:02.600,22:37:02.600,0:37.370,1:30.170,1:48.506,294.0,Richard LIETZ,,LMGTE Am,,Proton Competition,Porsche,GF,37.370,90.170,108.506,
911,3,8,3:58.430,0,,36.990,0,1:32.428,0,1:49.012,0,205.7,41:01.030,22:41:01.030,0:36.990,1:32.428,1:49.012,272.5,Richard LIETZ,,LMGTE Am,,Proton Competition,Porsche,GF,36.990,92.428,109.012,
911,3,9,3:56.882,0,,37.059,0,1:30.867,0,1:48.956,0,207.1,44:57.912,22:44:57.912,0:37.059,1:30.867,1:48.956,298.8,Richard LIETZ,,LMGTE Am,,Proton Competition,Porsche,GF,37.059,90.867,108.956,
911,3,10,4:04.789,0,B,36.966,0,1:31.767,0,1:56.056,0,200.4,49:02.701,22:49:02.701,0:36.966,1:31.767,1:56.056,300.5,Richard LIETZ,,LMGTE Am,,Proton Competition,Porsche,GF,36.966,91.767,116.056,
911,1,11,6:59.163,0,,3:28.012,0,1:34.749,0,1:56.402,0,117.0,56:01.864,22:56:01.864,3:28.012,1:34.749,1:56.402,296.4,Michael FASSBENDER,0:02:58.420,LMGTE Am,,Proton Competition,Porsche,GF,208.012,94.749,116.402,
911,1,12,4:07.909,0,,39.657,0,1:33.874,0,1:54.378,0,197.9,1:00:09.773,23:00:09.773,0:39.657,1:33.874,1:54.378,284.7,Michael FASSBENDER,,LMGTE Am,,Proton Competition,Porsche,GF,39.657,93.874,114.378,
911,1,13,4:11.226,0,,40.286,0,1:35.252,0,1:55.688,0,195.3,1:04:20.999,23:04:20.999,0:40.286,1:35.252,1:55.688,294.0,Michael FASSBENDER,,LMGTE Am,,Proton Competition,Porsche,GF,40.286,95.252,115.688,
911,1,14,4:06.534,0,,39.140,0,1:33.550,0,1:53.844,0,199.0,1:08:27.533,23:08:27.533,0:39.140,1:33.550,1:53.844,294.0,Michael FASSBENDER,,LMGTE Am,,Proton Competition,Porsche,GF,39.140,93.550,113.844,
911,1,15,4:07.942,0,,39.087,0,1:33.205,0,1:55.650,0,197.8,1:12:35.475,23:12:35.475,0:39.087,1:33.205,1:55.650,297.2,Michael FASSBENDER,,LMGTE Am,,Proton Competition,Porsche,GF,39.087,93.205,115.650,
911,1,16,4:07.511,0,,39.052,0,1:35.531,0,1:52.928,0,198.2,1:16:42.986,23:16:42.986,0:39.052,1:35.531,1:52.928,242.0,Michael FASSBENDER,,LMGTE Am,,Proton Competition,Porsche,GF,39.052,95.531,112.928,
911,1,17,4:05.112,0,,38.676,1,1:33.465,0,1:52.971,0,200.1,1:20:48.098,23:20:48.098,0:38.676,1:33.465,1:52.971,298.0,Michael FASSBENDER,,LMGTE Am,,Proton Competition,Porsche,GF,38.676,93.465,112.971,
911,1,18,4:05.185,0,,39.796,0,1:33.061,0,1:52.328,1,200.1,1:24:53.283,23:24:53.283,0:39.796,1:33.061,1:52.328,297.2,Michael FASSBENDER,,LMGTE Am,,Proton Competition,Porsche,GF,39.796,93.061,112.328,
911,1,19,4:07.288,0,,39.991,0,1:32.823,1,1:54.474,0,198.4,1:29:00.571,23:29:00.571,0:39.991,1:32.823,1:54.474,299.7,Michael FASSBENDER,,LMGTE Am,,Proton Competition,Porsche,GF,39.991,92.823,114.474,
911,1,20,4:13.077,0,B,39.176,0,1:33.364,0,2:00.537,0,193.8,1:33:13.648,23:33:13.648,0:39.176,1:33.364,2:00.537,296.4,Michael FASSBENDER,,LMGTE Am,,Proton Competition,Porsche,GF,39.176,93.364,120.537,
911,2,21,5:30.491,0,,2:05.047,0,1:32.706,0,1:52.738,0,148.4,1:38:44.139,23:38:44.139,2:05.047,1:32.706,1:52.738,298.0,Martin RUMP,0:01:36.960,LMGTE Am,,Proton Competition,Porsche,GF,125.047,92.706,112.738,
911,2,22,3:59.191,0,,37.618,0,1:31.306,0,1:50.267,0,205.1,1:42:43.330,23:42:43.330,0:37.618,1:31.306,1:50.267,297.2,Martin RUMP,,LMGTE Am,,Proton Competition,Porsche,GF,37.618,91.306,110.267,
911,2,23,3:57.652,0,,37.487,0,1:30.785,0,1:49.380,0,206.4,1:46:40.982,23:46:40.982,0:37.487,1:30.785,1:49.380,297.2,Martin RUMP,,LMGTE Am,,Proton Competition,Porsche,GF,37.487,90.785,109.380,
911,2,24,3:58.567,0,,37.493,0,1:31.135,0,1:49.939,0,205.6,1:50:39.549,23:50:39.549,0:37.493,1:31.135,1:49.939,298.0,Martin RUMP,,LMGTE Am,,Proton Competition,Porsche,GF,37.493,91.135,109.939,
911,2,25,3:56.801,0,,37.707,0,1:30.461,0,1:48.633,0,207.2,1:54:36.350,23:54:36.350,0:37.707,1:30.461,1:48.633,298.8,Martin RUMP,,LMGTE Am,,Proton Competition,Porsche,GF,37.707,90.461,108.633,
911,2,26,3:56.268,0,,37.424,0,1:30.323,0,1:48.521,0,207.6,1:58:32.618,23:58:32.618,0:37.424,1:30.323,1:48.521,297.2,Martin RUMP,,LMGTE Am,,Proton Competition,Porsche,GF,37.424,90.323,108.521,
911,2,27,3:55.645,0,,37.187,1,1:30.446,1,1:48.012,1,208.2,2:02:28.263,00:02:28.263,0:37.187,1:30.446,1:48.012,298.8,Martin RUMP,,LMGTE Am,,Proton Competition,Porsche,FF,37.187,90.446,108.012,
923,1,1,15:40.571,0,,12:17.131,0,1:33.483,0,1:49.957,0,51.6,15:40.571,22:15:40.571,12:17.131,1:33.483,1:49.957,306.5,Salih YOLUC,0:11:39.101,LMP2,P/A,Racing Team Turkey,Oreca,GF,737.131,93.483,109.957,
923,1,2,3:59.866,0,B,35.745,0,1:27.836,0,1:56.285,0,204.5,19:40.437,22:19:40.437,0:35.745,1:27.836,1:56.285,310.0,Salih YOLUC,,LMP2,P/A,Racing Team Turkey,Oreca,GF,35.745,87.836,116.285,
923,1,3,5:30.044,0,,2:09.765,0,1:29.622,0,1:50.657,0,148.6,25:10.481,22:25:10.481,2:09.765,1:29.622,1:50.657,283.9,Salih YOLUC,0:01:41.377,LMP2,P/A,Racing Team Turkey,Oreca,GF,129.765,89.622,110.657,
923,1,4,4:01.449,0,,36.360,0,1:30.049,0,1:55.040,0,203.2,29:11.930,22:29:11.930,0:36.360,1:30.049,1:55.040,313.6,Salih YOLUC,,LMP2,P/A,Racing Team Turkey,Oreca,GF,36.360,90.049,115.040,
923,1,5,4:59.988,0,,35.537,0,1:26.546,0,2:57.905,0,163.5,34:11.918,22:34:11.918,0:35.537,1:26.546,2:57.905,312.7,Salih YOLUC,,LMP2,P/A,Racing Team Turkey,Oreca,GF,35.537,86.546,177.905,
923,1,6,3:53.438,0,,36.240,0,1:31.064,0,1:46.134,0,210.1,38:05.356,22:38:05.356,0:36.240,1:31.064,1:46.134,308.2,Salih YOLUC,,LMP2,P/A,Racing Team Turkey,Oreca,GF,36.240,91.064,106.134,
923,1,7,3:47.267,0,,35.946,0,1:27.221,0,1:44.100,0,215.8,41:52.623,22:41:52.623,0:35.946,1:27.221,1:44.100,307.3,Salih YOLUC,,LMP2,P/A,Racing Team Turkey,Oreca,GF,35.946,87.221,104.100,
923,1,8,3:47.982,0,,35.233,0,1:28.236,0,1:44.513,0,215.2,45:40.605,22:45:40.605,0:35.233,1:28.236,1:44.513,311.8,Salih YOLUC,,LMP2,P/A,Racing Team Turkey,Oreca,GF,35.233,88.236,104.513,
923,1,9,3:45.016,0,,35.267,0,1:26.275,0,1:43.474,1,218.0,49:25.621,22:49:25.621,0:35.267,1:26.275,1:43.474,309.1,Salih YOLUC,,LMP2,P/A,Racing Team Turkey,Oreca,GF,35.267,86.275,103.474,
923,1,10,3:47.334,0,,35.510,0,1:26.609,0,1:45.215,0,215.8,53:12.955,22:53:12.955,0:35.510,1:26.609,1:45.215,312.7,Salih YOLUC,,LMP2,P/A,Racing Team Turkey,Oreca,GF,35.510,86.609,105.215,
923,1,11,3:51.672,0,B,35.085,1,1:26.147,1,1:50.440,0,211.7,57:04.627,22:57:04.627,0:35.085,1:26.147,1:50.440,310.0,Salih YOLUC,,LMP2,P/A,Racing Team Turkey,Oreca,GF,35.085,86.147,110.440,
923,2,12,5:42.653,0,,2:31.134,0,1:27.939,0,1:43.580,0,143.2,1:02:47.280,23:02:47.280,2:31.134,1:27.939,1:43.580,311.8,Tom GAMBLE,0:02:05.722,LMP2,P/A,Racing Team Turkey,Oreca,GF,151.134,87.939,103.580,
923,2,13,3:47.671,0,,35.325,0,1:28.365,0,1:43.981,0,215.5,1:06:34.951,23:06:34.951,0:35.325,1:28.365,1:43.981,312.7,Tom GAMBLE,,LMP2,P/A,Racing Team Turkey,Oreca,GF,35.325,88.365,103.981,
923,2,14,3:46.448,0,,35.356,0,1:27.232,0,1:43.860,0,216.6,1:10:21.399,23:10:21.399,0:35.356,1:27.232,1:43.860,317.2,Tom GAMBLE,,LMP2,P/A,Racing Team Turkey,Oreca,GF,35.356,87.232,103.860,
923,2,15,3:48.670,0,B,34.555,0,1:25.296,0,1:48.819,0,214.5,1:14:10.069,23:14:10.069,0:34.555,1:25.296,1:48.819,313.6,Tom GAMBLE,,LMP2,P/A,Racing Team Turkey,Oreca,GF,34.555,85.296,108.819,
923,2,16,8:15.113,0,,5:06.059,0,1:26.152,0,1:42.902,0,99.1,1:22:25.182,23:22:25.182,5:06.059,1:26.152,1:42.902,310.0,Tom GAMBLE,0:04:39.640,LMP2,P/A,Racing Team Turkey,Oreca,GF,306.059,86.152,102.902,
923,2,17,3:42.142,0,,34.701,0,1:25.183,0,1:42.258,0,220.8,1:26:07.324,23:26:07.324,0:34.701,1:25.183,1:42.258,312.7,Tom GAMBLE,,LMP2,P/A,Racing Team Turkey,Oreca,GF,34.701,85.183,102.258,
923,2,18,3:40.223,0,,34.425,1,1:24.933,1,1:40.865,1,222.7,1:29:47.547,23:29:47.547,0:34.425,1:24.933,1:40.865,312.7,Tom GAMBLE,,LMP2,P/A,Racing Team Turkey,Oreca,GF,34.425,84.933,100.865,
923,2,19,3:49.285,0,B,34.800,0,1:26.916,0,1:47.569,0,213.9,1:33:36.832,23:33:36.832,0:34.800,1:26.916,1:47.569,310.9,Tom GAMBLE,,LMP2,P/A,Racing Team Turkey,Oreca,GF,34.800,86.916,107.569,
923,3,20,6:34.612,0,,3:28.081,0,1:25.242,0,1:41.289,0,124.3,1:40:11.444,23:40:11.444,3:28.081,1:25.242,1:41.289,314.5,Dries VANTHOOR,0:03:03.689,LMP2,P/A,Racing Team Turkey,Oreca,GF,208.081,85.242,101.289,
923,3,21,3:40.049,0,,34.321,0,1:24.639,0,1:41.089,0,222.9,1:43:51.493,23:43:51.493,0:34.321,1:24.639,1:41.089,312.7,Dries VANTHOOR,,LMP2,P/A,Racing Team Turkey,Oreca,GF,34.321,84.639,101.089,
923,3,22,3:40.511,0,,35.349,0,1:24.813,0,1:40.349,0,222.5,1:47:32.004,23:47:32.004,0:35.349,1:24.813,1:40.349,314.5,Dries VANTHOOR,,LMP2,P/A,Racing Team Turkey,Oreca,GF,35.349,84.813,100.349,
923,3,23,3:40.949,0,,33.978,2,1:24.548,2,1:42.423,0,222.0,1:51:12.953,23:51:12.953,0:33.978,1:24.548,1:42.423,313.6,Dries VANTHOOR,,LMP2,P/A,Racing Team Turkey,Oreca,GF,33.978,84.548,102.423,
923,3,24,3:39.036,2,,34.225,0,1:24.693,0,1:40.118,2,224.0,1:54:51.989,23:54:51.989,0:34.225,1:24.693,1:40.118,311.8,Dries VANTHOOR,,LMP2,P/A,Racing Team Turkey,Oreca,GF,34.225,84.693,100.118,
923,3,25,3:39.514,0,,34.328,0,1:24.569,0,1:40.617,0,223.5,1:58:31.503,23:58:31.503,0:34.328,1:24.569,1:40.617,311.8,Dries VANTHOOR,,LMP2,P/A,Racing Team Turkey,Oreca,GF,34.328,84.569,100.617,
923,3,26,3:39.702,0,,34.446,0,1:24.865,0,1:40.391,0,223.3,2:02:11.205,00:02:11.205,0:34.446,1:24.865,1:40.391,308.2,Dries VANTHOOR,,LMP2,P/A,Racing Team Turkey,Oreca,FF,34.446,84.865,100.391,
93,1,1,6:45.954,0,,3:43.838,0,1:22.968,0,1:39.148,0,119.5,6:45.954,22:06:45.954,3:43.838,1:22.968,1:39.148,325.8,Paul DI RESTA,0:03:08.802,HYPERCAR,H,Peugeot TotalEnergies,Peugeot,GF,223.838,82.968,99.148,
93,1,2,3:30.953,0,,33.454,0,1:20.306,0,1:37.193,0,232.5,10:16.907,22:10:16.907,0:33.454,1:20.306,1:37.193,333.9,Paul DI RESTA,,HYPERCAR,H,Peugeot TotalEnergies,Peugeot,GF,33.454,80.306,97.193,
93,1,3,3:30.975,0,,33.223,0,1:20.516,0,1:37.236,0,232.5,13:47.882,22:13:47.882,0:33.223,1:20.516,1:37.236,332.9,Paul DI RESTA,,HYPERCAR,H,Peugeot TotalEnergies,Peugeot,GF,33.223,80.516,97.236,
93,1,4,3:31.168,0,,33.021,0,1:20.131,2,1:38.016,0,232.3,17:19.050,22:17:19.050,0:33.021,1:20.131,1:38.016,331.8,Paul DI RESTA,,HYPERCAR,H,Peugeot TotalEnergies,Peugeot,GF,33.021,80.131,98.016,
93,1,5,3:38.448,0,B,33.008,0,1:21.486,0,1:43.954,0,224.6,20:57.498,22:20:57.498,0:33.008,1:21.486,1:43.954,334.9,Paul DI RESTA,,HYPERCAR,H,Peugeot TotalEnergies,Peugeot,GF,33.008,81.486,103.954,
93,3,6,8:38.085,0,,5:34.109,0,1:24.164,0,1:39.812,0,94.7,29:35.583,22:29:35.583,5:34.109,1:24.164,1:39.812,304.7,Jean-Éric VERGNE,0:05:04.734,HYPERCAR,H,Peugeot TotalEnergies,Peugeot,GF,334.109,84.164,99.812,
93,3,7,3:31.351,0,,33.096,0,1:20.671,0,1:37.584,1,232.1,33:06.934,22:33:06.934,0:33.096,1:20.671,1:37.584,330.8,Jean-Éric VERGNE,,HYPERCAR,H,Peugeot TotalEnergies,Peugeot,GF,33.096,80.671,97.584,
93,3,8,3:33.532,0,,32.969,0,1:21.008,0,1:39.555,0,229.7,36:40.466,22:36:40.466,0:32.969,1:21.008,1:39.555,333.9,Jean-Éric VERGNE,,HYPERCAR,H,Peugeot TotalEnergies,Peugeot,GF,32.969,81.008,99.555,
93,3,9,3:31.534,0,,32.914,2,1:20.354,0,1:38.266,0,231.9,40:12.000,22:40:12.000,0:32.914,1:20.354,1:38.266,334.9,Jean-Éric VERGNE,,HYPERCAR,H,Peugeot TotalEnergies,Peugeot,GF,32.914,80.354,98.266,
93,3,10,3:39.347,0,B,32.935,0,1:20.413,1,1:45.999,0,223.6,43:51.347,22:43:51.347,0:32.935,1:20.413,1:45.999,324.9,Jean-Éric VERGNE,,HYPERCAR,H,Peugeot TotalEnergies,Peugeot,GF,32.935,80.413,105.999,
93,2,11,5:33.806,0,,2:34.115,0,1:21.371,0,1:38.320,0,147.0,49:25.153,22:49:25.153,2:34.115,1:21.371,1:38.320,326.8,Mikkel JENSEN,0:02:09.844,HYPERCAR,H,Peugeot TotalEnergies,Peugeot,GF,154.115,81.371,98.320,
93,2,12,3:30.823,2,,33.327,0,1:20.909,0,1:36.587,2,232.7,52:55.976,22:52:55.976,0:33.327,1:20.909,1:36.587,321.0,Mikkel JENSEN,,HYPERCAR,H,Peugeot TotalEnergies,Peugeot,GF,33.327,80.909,96.587,
93,2,13,3:31.389,0,,33.615,0,1:21.246,0,1:36.528,0,232.1,56:27.365,22:56:27.365,0:33.615,1:21.246,1:36.528,325.8,Mikkel JENSEN,,HYPERCAR,H,Peugeot TotalEnergies,Peugeot,GF,33.615,81.246,96.528,
93,2,14,3:31.114,0,,33.196,1,1:20.589,1,1:37.329,0,232.4,59:58.479,22:59:58.479,0:33.196,1:20.589,1:37.329,324.9,Mikkel JENSEN,,HYPERCAR,H,Peugeot TotalEnergies,Peugeot,GF,33.196,80.589,97.329,
93,2,15,3:41.403,0,B,35.341,0,1:22.126,0,1:43.936,0,221.6,1:03:39.882,23:03:39.882,0:35.341,1:22.126,1:43.936,299.7,Mikkel JENSEN,,HYPERCAR,H,Peugeot TotalEnergies,Peugeot,GF,35.341,82.126,103.936,
93,3,16,5:11.423,0,,2:09.273,0,1:23.686,0,1:38.464,0,157.5,1:08:51.305,23:08:51.305,2:09.273,1:23.686,1:38.464,326.8,Jean-Éric VERGNE,0:01:44.630,HYPERCAR,H,Peugeot TotalEnergies,Peugeot,GF,129.273,83.686,98.464,
93,3,17,3:33.654,0,,33.632,0,1:20.789,0,1:39.233,0,229.6,1:12:24.959,23:12:24.959,0:33.632,1:20.789,1:39.233,327.8,Jean-Éric VERGNE,,HYPERCAR,H,Peugeot TotalEnergies,Peugeot,GF,33.632,80.789,99.233,
93,3,18,3:34.514,0,,33.423,0,1:21.246,0,1:39.845,0,228.7,1:15:59.473,23:15:59.473,0:33.423,1:21.246,1:39.845,332.9,Jean-Éric VERGNE,,HYPERCAR,H,Peugeot TotalEnergies,Peugeot,GF,33.423,81.246,99.845,
93,3,19,3:32.700,0,,33.282,0,1:21.315,0,1:38.103,0,230.6,1:19:32.173,23:19:32.173,0:33.282,1:21.315,1:38.103,330.8,Jean-Éric VERGNE,,HYPERCAR,H,Peugeot TotalEnergies,Peugeot,GF,33.282,81.315,98.103,
93,3,20,3:31.529,0,,33.214,0,1:20.445,0,1:37.870,0,231.9,1:23:03.702,23:23:03.702,0:33.214,1:20.445,1:37.870,331.8,Jean-Éric VERGNE,,HYPERCAR,H,Peugeot TotalEnergies,Peugeot,GF,33.214,80.445,97.870,
93,3,21,3:40.360,0,B,33.698,0,1:21.648,0,1:45.014,0,222.6,1:26:44.062,23:26:44.062,0:33.698,1:21.648,1:45.014,306.5,Jean-Éric VERGNE,,HYPERCAR,H,Peugeot TotalEnergies,Peugeot,GF,33.698,81.648,105.014,
93,1,22,5:03.268,0,,2:01.393,0,1:22.660,0,1:39.215,0,161.8,1:31:47.330,23:31:47.330,2:01.393,1:22.660,1:39.215,324.9,Paul DI RESTA,0:01:36.839,HYPERCAR,H,Peugeot TotalEnergies,Peugeot,GF,121.393,82.660,99.215,
93,1,23,3:33.086,0,,33.379,0,1:21.362,0,1:38.345,0,230.2,1:35:20.416,23:35:20.416,0:33.379,1:21.362,1:38.345,327.8,Paul DI RESTA,,HYPERCAR,H,Peugeot TotalEnergies,Peugeot,GF,33.379,81.362,98.345,
93,1,24,3:32.745,0,,33.300,0,1:21.314,0,1:38.131,0,230.6,1:38:53.161,23:38:53.161,0:33.300,1:21.314,1:38.131,333.9,Paul DI RESTA,,HYPERCAR,H,Peugeot TotalEnergies,Peugeot,GF,33.300,81.314,98.131,
93,1,25,3:43.090,0,B,34.433,0,1:22.586,0,1:46.071,0,219.9,1:42:36.251,23:42:36.251,0:34.433,1:22.586,1:46.071,328.8,Paul DI RESTA,,HYPERCAR,H,Peugeot TotalEnergies,Peugeot,GF,34.433,82.586,106.071,
93,1,26,7:46.678,0,,4:47.595,0,1:21.574,0,1:37.509,0,105.1,1:50:22.929,23:50:22.929,4:47.595,1:21.574,1:37.509,327.8,Paul DI RESTA,0:04:24.038,HYPERCAR,H,Peugeot TotalEnergies,Peugeot,GF,287.595,81.574,97.509,
93,1,27,3:31.535,0,,33.195,0,1:20.714,0,1:37.626,0,231.9,1:53:54.464,23:53:54.464,0:33.195,1:20.714,1:37.626,327.8,Paul DI RESTA,,HYPERCAR,H,Peugeot TotalEnergies,Peugeot,GF,33.195,80.714,97.626,
93,1,28,3:31.253,0,,33.518,0,1:20.753,0,1:36.982,1,232.2,1:57:25.717,23:57:25.717,0:33.518,1:20.753,1:36.982,328.8,Paul DI RESTA,,HYPERCAR,H,Peugeot TotalEnergies,Peugeot,GF,33.518,80.753,96.982,
93,1,29,3:31.164,0,,32.994,1,1:21.183,0,1:36.987,0,232.3,2:00:56.881,00:00:56.881,0:32.994,1:21.183,1:36.987,329.8,Paul DI RESTA,,HYPERCAR,H,Peugeot TotalEnergies,Peugeot,FF,32.994,81.183,96.987,
94,2,1,7:29.553,0,,4:25.921,0,1:24.849,0,1:38.783,0,108.0,7:29.553,22:07:29.553,4:25.921,1:24.849,1:38.783,298.0,Gustavo MENEZES,0:03:50.173,HYPERCAR,H,Peugeot TotalEnergies,Peugeot,GF,265.921,84.849,98.783,
94,2,2,3:31.565,0,,33.242,0,1:21.046,0,1:37.277,0,231.9,11:01.118,22:11:01.118,0:33.242,1:21.046,1:37.277,,Gustavo MENEZES,,HYPERCAR,H,Peugeot TotalEnergies,Peugeot,GF,33.242,81.046,97.277,
94,2,3,3:33.541,0,,33.344,0,1:22.391,0,1:37.806,0,229.7,14:34.659,22:14:34.659,0:33.344,1:22.391,1:37.806,327.8,Gustavo MENEZES,,HYPERCAR,H,Peugeot TotalEnergies,Peugeot,GF,33.344,82.391,97.806,
94,2,4,3:31.028,0,,33.137,0,1:20.812,0,1:37.079,0,232.5,18:05.687,22:18:05.687,0:33.137,1:20.812,1:37.079,329.8,Gustavo MENEZES,,HYPERCAR,H,Peugeot TotalEnergies,Peugeot,GF,33.137,80.812,97.079,
94,2,5,3:40.792,0,B,33.080,1,1:20.909,1,1:46.803,0,222.2,21:46.479,22:21:46.479,0:33.080,1:20.909,1:46.803,325.8,Gustavo MENEZES,,HYPERCAR,H,Peugeot TotalEnergies,Peugeot,GF,33.080,80.909,106.803,
94,3,6,5:56.896,0,,2:53.375,0,1:22.589,0,1:40.932,0,137.4,27:43.375,22:27:43.375,2:53.375,1:22.589,1:40.932,328.8,Nico MÜLLER,0:02:27.609,HYPERCAR,H,Peugeot TotalEnergies,Peugeot,GF,173.375,82.589,100.932,
94,3,7,3:32.871,0,,33.635,0,1:21.578,0,1:37.658,0,230.4,31:16.246,22:31:16.246,0:33.635,1:21.578,1:37.658,,Nico MÜLLER,,HYPERCAR,H,Peugeot TotalEnergies,Peugeot,GF,33.635,81.578,97.658,
94,3,8,3:35.915,0,,33.813,0,1:21.853,0,1:40.249,0,227.2,34:52.161,22:34:52.161,0:33.813,1:21.853,1:40.249,339.1,Nico MÜLLER,,HYPERCAR,H,Peugeot TotalEnergies,Peugeot,GF,33.813,81.853,100.249,
94,3,9,3:35.365,0,,33.981,0,1:22.046,0,1:39.338,0,227.8,38:27.526,22:38:27.526,0:33.981,1:22.046,1:39.338,336.0,Nico MÜLLER,,HYPERCAR,H,Peugeot TotalEnergies,Peugeot,GF,33.981,82.046,99.338,
94,3,10,3:33.635,0,,33.484,0,1:22.498,0,1:37.653,0,229.6,42:01.161,22:42:01.161,0:33.484,1:22.498,1:37.653,327.8,Nico MÜLLER,,HYPERCAR,H,Peugeot TotalEnergies,Peugeot,GF,33.484,82.498,97.653,
94,3,11,3:41.269,0,B,33.577,0,1:22.623,0,1:45.069,0,221.7,45:42.430,22:45:42.430,0:33.577,1:22.623,1:45.069,322.0,Nico MÜLLER,,HYPERCAR,H,Peugeot TotalEnergies,Peugeot,GF,33.577,82.623,105.069,
94,1,12,5:11.151,0,,2:10.041,0,1:23.052,0,1:38.058,0,157.7,50:53.581,22:50:53.581,2:10.041,1:23.052,1:38.058,287.7,Loïc DUVAL,0:01:45.034,HYPERCAR,H,Peugeot TotalEnergies,Peugeot,GF,130.041,83.052,98.058,
94,1,13,3:34.879,0,,34.584,0,1:22.362,0,1:37.933,1,228.3,54:28.460,22:54:28.460,0:34.584,1:22.362,1:37.933,329.8,Loïc DUVAL,,HYPERCAR,H,Peugeot TotalEnergies,Peugeot,GF,34.584,82.362,97.933,
94,1,14,3:36.358,0,,33.459,0,1:23.300,0,1:39.599,0,226.7,58:04.818,22:58:04.818,0:33.459,1:23.300,1:39.599,321.0,Loïc DUVAL,,HYPERCAR,H,Peugeot TotalEnergies,Peugeot,GF,33.459,83.300,99.599,
94,1,15,3:33.697,0,,33.556,0,1:21.198,0,1:38.943,0,229.5,1:01:38.515,23:01:38.515,0:33.556,1:21.198,1:38.943,,Loïc DUVAL,,HYPERCAR,H,Peugeot TotalEnergies,Peugeot,GF,33.556,81.198,98.943,
94,1,16,3:32.206,0,,33.251,1,1:20.839,2,1:38.116,0,231.2,1:05:10.721,23:05:10.721,0:33.251,1:20.839,1:38.116,326.8,Loïc DUVAL,,HYPERCAR,H,Peugeot TotalEnergies,Peugeot,GF,33.251,80.839,98.116,
94,1,17,3:39.170,0,B,33.305,0,1:21.294,0,1:44.571,0,223.8,1:08:49.891,23:08:49.891,0:33.305,1:21.294,1:44.571,332.9,Loïc DUVAL,,HYPERCAR,H,Peugeot TotalEnergies,Peugeot,GF,33.305,81.294,104.571,
94,2,18,5:11.788,0,,2:09.142,0,1:23.499,0,1:39.147,0,157.3,1:14:01.679,23:14:01.679,2:09.142,1:23.499,1:39.147,,Gustavo MENEZES,0:01:43.914,HYPERCAR,H,Peugeot TotalEnergies,Peugeot,GF,129.142,83.499,99.147,
94,2,19,3:41.851,0,B,34.736,0,1:22.180,0,1:44.935,0,221.1,1:17:43.530,23:17:43.530,0:34.736,1:22.180,1:44.935,321.0,Gustavo MENEZES,,HYPERCAR,H,Peugeot TotalEnergies,Peugeot,GF,34.736,82.180,104.935,
94,2,20,11:14.594,0,,8:12.915,0,1:22.222,0,1:39.457,0,72.7,1:28:58.124,23:28:58.124,8:12.915,1:22.222,1:39.457,325.8,Gustavo MENEZES,0:07:47.967,HYPERCAR,H,Peugeot TotalEnergies,Peugeot,GF,492.915,82.222,99.457,
94,2,21,3:31.450,0,,33.085,0,1:21.401,0,1:36.964,1,232.0,1:32:29.574,23:32:29.574,0:33.085,1:21.401,1:36.964,,Gustavo MENEZES,,HYPERCAR,H,Peugeot TotalEnergies,Peugeot,GF,33.085,81.401,96.964,
94,2,22,3:41.051,0,B,33.181,0,1:21.793,0,1:46.077,0,221.9,1:36:10.625,23:36:10.625,0:33.181,1:21.793,1:46.077,310.9,Gustavo MENEZES,,HYPERCAR,H,Peugeot TotalEnergies,Peugeot,GF,33.181,81.793,106.077,
94,3,23,4:42.347,0,,1:42.057,0,1:21.350,0,1:38.940,0,173.7,1:40:52.972,23:40:52.972,1:42.057,1:21.350,1:38.940,334.9,Nico MÜLLER,0:01:17.835,HYPERCAR,H,Peugeot TotalEnergies,Peugeot,GF,102.057,81.350,98.940,
94,3,24,3:34.027,0,,33.187,0,1:21.132,0,1:39.708,0,229.2,1:44:26.999,23:44:26.999,0:33.187,1:21.132,1:39.708,324.9,Nico MÜLLER,,HYPERCAR,H,Peugeot TotalEnergies,Peugeot,GF,33.187,81.132,99.708,
94,3,25,3:31.973,0,,33.139,0,1:21.320,0,1:37.514,0,231.4,1:47:58.972,23:47:58.972,0:33.139,1:21.320,1:37.514,325.8,Nico MÜLLER,,HYPERCAR,H,Peugeot TotalEnergies,Peugeot,GF,33.139,81.320,97.514,
94,3,26,3:31.697,0,,33.394,0,1:21.139,0,1:37.164,0,231.7,1:51:30.669,23:51:30.669,0:33.394,1:21.139,1:37.164,324.9,Nico MÜLLER,,HYPERCAR,H,Peugeot TotalEnergies,Peugeot,GF,33.394,81.139,97.164,
94,3,27,3:34.004,0,,33.434,0,1:22.754,0,1:37.816,0,229.2,1:55:04.673,23:55:04.673,0:33.434,1:22.754,1:37.816,325.8,Nico MÜLLER,,HYPERCAR,H,Peugeot TotalEnergies,Peugeot,GF,33.434,82.754,97.816,
94,3,28,3:30.800,2,,32.981,2,1:21.225,0,1:36.594,2,232.7,1:58:35.473,23:58:35.473,0:32.981,1:21.225,1:36.594,321.0,Nico MÜLLER,,HYPERCAR,H,Peugeot TotalEnergies,Peugeot,GF,32.981,81.225,96.594,
94,3,29,3:31.524,0,,34.033,0,1:20.870,1,1:36.621,0,231.9,2:02:06.997,00:02:06.997,0:34.033,1:20.870,1:36.621,,Nico MÜLLER,,HYPERCAR,H,Peugeot TotalEnergies,Peugeot,FF,34.033,80.870,96.621,
98,1,1,4:30.859,0,,58.365,0,1:37.055,0,1:55.439,0,179.2,4:30.859,22:04:30.859,0:58.365,1:37.055,1:55.439,268.4,Ian JAMES,0:00:18.044,LMGTE Am,,Northwest AMR,Aston Martin,GF,58.365,97.055,115.439,
98,1,2,4:02.942,0,,38.740,0,1:32.762,0,1:51.440,0,201.9,8:33.801,22:08:33.801,0:38.740,1:32.762,1:51.440,294.8,Ian JAMES,,LMGTE Am,,Northwest AMR,Aston Martin,GF,38.740,92.762,111.440,
98,1,3,4:00.854,0,,38.138,1,1:31.417,0,1:51.299,0,203.7,12:34.655,22:12:34.655,0:38.138,1:31.417,1:51.299,298.0,Ian JAMES,,LMGTE Am,,Northwest AMR,Aston Martin,GF,38.138,91.417,111.299,
98,1,4,4:02.857,0,,38.300,0,1:32.042,0,1:52.515,0,202.0,16:37.512,22:16:37.512,0:38.300,1:32.042,1:52.515,294.0,Ian JAMES,,LMGTE Am,,Northwest AMR,Aston Martin,GF,38.300,92.042,112.515,
98,1,5,4:01.725,0,,38.278,0,1:31.876,1,1:51.571,0,202.9,20:39.237,22:20:39.237,0:38.278,1:31.876,1:51.571,296.4,Ian JAMES,,LMGTE Am,,Northwest AMR,Aston Martin,GF,38.278,91.876,111.571,
98,1,6,4:01.499,0,,38.222,0,1:32.189,0,1:51.088,1,203.1,24:40.736,22:24:40.736,0:38.222,1:32.189,1:51.088,294.8,Ian JAMES,,LMGTE Am,,Northwest AMR,Aston Martin,GF,38.222,92.189,111.088,
98,1,7,4:17.827,0,B,39.760,0,1:33.376,0,2:04.691,0,190.3,28:58.563,22:28:58.563,0:39.760,1:33.376,2:04.691,287.7,Ian JAMES,,LMGTE Am,,Northwest AMR,Aston Martin,GF,39.760,93.376,124.691,
98,2,8,5:57.987,0,,2:32.093,0,1:33.066,0,1:52.828,0,137.0,34:56.550,22:34:56.550,2:32.093,1:33.066,1:52.828,292.4,Daniel MANCINELLI,0:02:04.759,LMGTE Am,,Northwest AMR,Aston Martin,GF,152.093,93.066,112.828,
98,2,9,4:00.899,0,,37.881,0,1:31.642,0,1:51.376,0,203.6,38:57.449,22:38:57.449,0:37.881,1:31.642,1:51.376,298.8,Daniel MANCINELLI,,LMGTE Am,,Northwest AMR,Aston Martin,GF,37.881,91.642,111.376,
98,2,10,3:58.780,0,,37.440,0,1:31.248,0,1:50.092,0,205.4,42:56.229,22:42:56.229,0:37.440,1:31.248,1:50.092,296.4,Daniel MANCINELLI,,LMGTE Am,,Northwest AMR,Aston Martin,GF,37.440,91.248,110.092,
98,2,11,4:05.683,0,B,37.270,0,1:31.338,0,1:57.075,0,199.7,47:01.912,22:47:01.912,0:37.270,1:31.338,1:57.075,294.0,Daniel MANCINELLI,,LMGTE Am,,Northwest AMR,Aston Martin,GF,37.270,91.338,117.075,
98,2,12,11:21.030,0,,7:58.682,0,1:32.418,0,1:49.930,0,72.0,58:22.942,22:58:22.942,7:58.682,1:32.418,1:49.930,292.4,Daniel MANCINELLI,0:07:31.260,LMGTE Am,,Northwest AMR,Aston Martin,GF,478.682,92.418,109.930,
98,2,13,4:01.193,0,,37.415,0,1:30.998,0,1:52.780,0,203.4,1:02:24.135,23:02:24.135,0:37.415,1:30.998,1:52.780,294.8,Daniel MANCINELLI,,LMGTE Am,,Northwest AMR,Aston Martin,GF,37.415,90.998,112.780,
98,2,14,4:09.021,0,B,39.907,0,1:32.552,0,1:56.562,0,197.0,1:06:33.156,23:06:33.156,0:39.907,1:32.552,1:56.562,291.6,Daniel MANCINELLI,,LMGTE Am,,Northwest AMR,Aston Martin,GF,39.907,92.552,116.562,
98,3,15,5:53.687,0,,2:28.662,0,1:32.251,0,1:52.774,0,138.7,1:12:26.843,23:12:26.843,2:28.662,1:32.251,1:52.774,293.2,Alex RIBERAS,0:02:01.260,LMGTE Am,,Northwest AMR,Aston Martin,GF,148.662,92.251,112.774,
98,3,16,4:00.633,0,,37.802,0,1:31.415,0,1:51.416,0,203.9,1:16:27.476,23:16:27.476,0:37.802,1:31.415,1:51.416,294.0,Alex RIBERAS,,LMGTE Am,,Northwest AMR,Aston Martin,GF,37.802,91.415,111.416,
98,3,17,3:59.428,0,,37.858,0,1:31.434,0,1:50.136,0,204.9,1:20:26.904,23:20:26.904,0:37.858,1:31.434,1:50.136,294.8,Alex RIBERAS,,LMGTE Am,,Northwest AMR,Aston Martin,GF,37.858,91.434,110.136,
98,3,18,3:58.875,0,,37.527,0,1:31.972,0,1:49.376,0,205.4,1:24:25.779,23:24:25.779,0:37.527,1:31.972,1:49.376,297.2,Alex RIBERAS,,LMGTE Am,,Northwest AMR,Aston Martin,GF,37.527,91.972,109.376,
98,3,19,3:56.824,0,,37.316,0,1:30.840,0,1:48.668,0,207.1,1:28:22.603,23:28:22.603,0:37.316,1:30.840,1:48.668,297.2,Alex RIBERAS,,LMGTE Am,,Northwest AMR,Aston Martin,GF,37.316,90.840,108.668,
98,3,20,3:55.831,2,,37.184,0,1:30.598,1,1:48.049,2,208.0,1:32:18.434,23:32:18.434,0:37.184,1:30.598,1:48.049,293.2,Alex RIBERAS,,LMGTE Am,,Northwest AMR,Aston Martin,GF,37.184,90.598,108.049,
98,3,21,4:03.738,0,B,37.062,1,1:30.625,0,1:56.051,0,201.3,1:36:22.172,23:36:22.172,0:37.062,1:30.625,1:56.051,294.0,Alex RIBERAS,,LMGTE Am,,Northwest AMR,Aston Martin,GF,37.062,90.625,116.051,
98,2,22,5:38.245,0,,2:16.718,0,1:31.748,0,1:49.779,0,145.0,1:42:00.417,23:42:00.417,2:16.718,1:31.748,1:49.779,294.0,Daniel MANCINELLI,0:01:50.836,LMGTE Am,,Northwest AMR,Aston Martin,GF,136.718,91.748,109.779,
98,2,23,3:59.143,0,,38.073,0,1:30.902,0,1:50.168,0,205.1,1:45:59.560,23:45:59.560,0:38.073,1:30.902,1:50.168,295.6,Daniel MANCINELLI,,LMGTE Am,,Northwest AMR,Aston Martin,GF,38.073,90.902,110.168,
98,2,24,3:56.332,0,,37.200,0,1:30.434,2,1:48.698,1,207.6,1:49:55.892,23:49:55.892,0:37.200,1:30.434,1:48.698,294.8,Daniel MANCINELLI,,LMGTE Am,,Northwest AMR,Aston Martin,GF,37.200,90.434,108.698,
98,2,25,3:57.197,0,,36.957,2,1:30.579,0,1:49.661,0,206.8,1:53:53.089,23:53:53.089,0:36.957,1:30.579,1:49.661,294.0,Daniel MANCINELLI,,LMGTE Am,,Northwest AMR,Aston Martin,GF,36.957,90.579,109.661,
98,2,26,3:58.939,0,,38.204,0,1:30.786,0,1:49.949,0,205.3,1:57:52.028,23:57:52.028,0:38.204,1:30.786,1:49.949,294.8,Daniel MANCINELLI,,LMGTE Am,,Northwest AMR,Aston Martin,GF,38.204,90.786,109.949,
98,2,27,3:58.418,0,,37.422,0,1:30.908,0,1:50.088,0,205.7,2:01:50.446,00:01:50.446,0:37.422,1:30.908,1:50.088,295.6,Daniel MANCINELLI,,LMGTE Am,,Northwest AMR,Aston Martin,FF,37.422,90.908,110.088,
