NUMBER, DRIVER_NUMBER, LAP_NUMBER, LAP_TIME, LAP_IMPROVEMENT, CROSSING_FINISH_LINE_IN_PIT, S1, S1_IMPROVEMENT, S2, S2_IMPROVEMENT, S3, S3_IMPROVEMENT, KPH, ELAPSED, HOUR,S1_LARGE,S2_LARGE,S3_LARGE,TOP_SPEED,DRIVER_NAME,PIT_TIME,CLASS,GROUP,TEAM,MANUFACTURER,FLAG_AT_FL,S1_SECONDS,S2_SECONDS,S3_SECONDS,
1,1,1,6:47.918,0,,3:43.066,0,1:25.121,0,1:39.731,1,119.0,6:47.918,22:06:47.918,3:43.066,1:25.121,1:39.731,315.4,Lilou WADOUX,0:03:10.209,LMP2,,Richard Mille Racing,Oreca,GF,223.066,85.121,99.731,
1,1,2,3:38.981,0,,34.877,0,1:23.305,2,1:40.799,0,224.0,10:26.899,22:10:26.899,0:34.877,1:23.305,1:40.799,319.1,Lilou WADOUX,,LMP2,,Richard Mille Racing,Oreca,GF,34.877,83.305,100.799,
1,1,3,3:38.925,0,,34.317,1,1:24.558,0,1:40.050,0,224.1,14:05.824,22:14:05.824,0:34.317,1:24.558,1:40.050,320.1,Lilou WADOUX,,LMP2,,Richard Mille Racing,Oreca,GF,34.317,84.558,100.050,
1,1,4,3:39.477,0,,34.434,0,1:25.016,0,1:40.027,0,223.5,17:45.301,22:17:45.301,0:34.434,1:25.016,1:40.027,319.1,Lilou WADOUX,,LMP2,,Richard Mille Racing,Oreca,GF,34.434,85.016,100.027,
1,1,5,3:46.806,0,B,35.093,0,1:24.102,0,1:47.611,0,216.3,21:32.107,22:21:32.107,0:35.093,1:24.102,1:47.611,320.1,Lilou WADOUX,,LMP2,,Richard Mille Racing,Oreca,GF,35.093,84.102,107.611,
1,2,6,4:51.241,0,,1:45.048,0,1:25.284,0,1:40.909,0,168.4,26:23.348,22:26:23.348,1:45.048,1:25.284,1:40.909,315.4,Sébastien OGIER,0:01:21.565,LMP2,,Richard Mille Racing,Oreca,GF,105.048,85.284,100.909,
1,2,7,3:39.396,0,,34.616,0,1:24.634,0,1:40.146,0,223.6,30:02.744,22:30:02.744,0:34.616,1:24.634,1:40.146,316.3,Sébastien OGIER,,LMP2,,Richard Mille Racing,Oreca,GF,34.616,84.634,100.146,
1,2,8,3:38.723,0,,34.333,0,1:24.096,0,1:40.294,0,224.3,33:41.467,22:33:41.467,0:34.333,1:24.096,1:40.294,315.4,Sébastien OGIER,,LMP2,,Richard Mille Racing,Oreca,GF,34.333,84.096,100.294,
1,2,9,3:38.494,0,,34.289,0,1:23.851,0,1:40.354,0,224.5,37:19.961,22:37:19.961,0:34.289,1:23.851,1:40.354,315.4,Sébastien OGIER,,LMP2,,Richard Mille Racing,Oreca,GF,34.289,83.851,100.354,
1,2,10,3:40.661,0,,35.905,0,1:24.890,0,1:39.866,0,222.3,41:00.622,22:41:00.622,0:35.905,1:24.890,1:39.866,310.9,Sébastien OGIER,,LMP2,,Richard Mille Racing,Oreca,GF,35.905,84.890,99.866,
1,2,11,3:38.019,0,,34.816,0,1:23.767,1,1:39.436,1,225.0,44:38.641,22:44:38.641,0:34.816,1:23.767,1:39.436,315.4,Sébastien OGIER,,LMP2,,Richard Mille Racing,Oreca,GF,34.816,83.767,99.436,
1,2,12,3:44.405,0,B,34.147,1,1:23.971,0,1:46.287,0,218.6,48:23.046,22:48:23.046,0:34.147,1:23.971,1:46.287,316.3,Sébastien OGIER,,LMP2,,Richard Mille Racing,Oreca,GF,34.147,83.971,106.287,
1,3,13,6:30.394,0,,3:27.121,0,1:24.346,0,1:38.927,0,125.7,54:53.440,22:54:53.440,3:27.121,1:24.346,1:38.927,312.7,Charles MILESI,0:03:03.023,LMP2,,Richard Mille Racing,Oreca,GF,207.121,84.346,98.927,
1,3,14,3:36.128,2,,34.280,0,1:23.551,1,1:38.297,2,227.0,58:29.568,22:58:29.568,0:34.280,1:23.551,1:38.297,318.2,Charles MILESI,,LMP2,,Richard Mille Racing,Oreca,GF,34.280,83.551,98.297,
1,3,15,3:40.084,0,,34.863,0,1:25.015,0,1:40.206,0,222.9,1:02:09.652,23:02:09.652,0:34.863,1:25.015,1:40.206,303.9,Charles MILESI,,LMP2,,Richard Mille Racing,Oreca,GF,34.863,85.015,100.206,
1,3,16,4:25.153,0,,34.007,2,2:05.958,0,1:45.188,0,185.0,1:06:34.805,23:06:34.805,0:34.007,2:05.958,1:45.188,315.4,Charles MILESI,,LMP2,,Richard Mille Racing,Oreca,GF,34.007,125.958,105.188,
1,3,17,3:43.959,0,B,35.045,0,1:23.723,0,1:45.191,0,219.0,1:10:18.764,23:10:18.764,0:35.045,1:23.723,1:45.191,313.6,Charles MILESI,,LMP2,,Richard Mille Racing,Oreca,GF,35.045,83.723,105.191,
1,1,18,5:28.883,0,,2:20.969,0,1:25.297,0,1:42.617,0,149.2,1:15:47.647,23:15:47.647,2:20.969,1:25.297,1:42.617,314.5,Lilou WADOUX,0:01:56.137,LMP2,,Richard Mille Racing,Oreca,GF,140.969,85.297,102.617,
1,1,19,3:40.839,0,,34.898,0,1:25.200,0,1:40.741,0,222.1,1:19:28.486,23:19:28.486,0:34.898,1:25.200,1:40.741,316.3,Lilou WADOUX,,LMP2,,Richard Mille Racing,Oreca,GF,34.898,85.200,100.741,
1,1,20,3:40.769,0,,35.897,0,1:24.330,0,1:40.542,0,222.2,1:23:09.255,23:23:09.255,0:35.897,1:24.330,1:40.542,320.1,Lilou WADOUX,,LMP2,,Richard Mille Racing,Oreca,GF,35.897,84.330,100.542,
1,1,21,3:39.536,0,,34.482,0,1:24.378,0,1:40.676,0,223.4,1:26:48.791,23:26:48.791,0:34.482,1:24.378,1:40.676,305.6,Lilou WADOUX,,LMP2,,Richard Mille Racing,Oreca,GF,34.482,84.378,100.676,
1,1,22,3:41.792,0,,35.012,0,1:25.798,0,1:40.982,0,221.2,1:30:30.583,23:30:30.583,0:35.012,1:25.798,1:40.982,312.7,Lilou WADOUX,,LMP2,,Richard Mille Racing,Oreca,GF,35.012,85.798,100.982,
1,1,23,3:40.087,0,,34.832,0,1:24.505,0,1:40.750,0,222.9,1:34:10.670,23:34:10.670,0:34.832,1:24.505,1:40.750,317.2,Lilou WADOUX,,LMP2,,Richard Mille Racing,Oreca,GF,34.832,84.505,100.750,
1,1,24,3:45.793,0,B,34.561,0,1:24.444,0,1:46.788,0,217.3,1:37:56.463,23:37:56.463,0:34.561,1:24.444,1:46.788,317.2,Lilou WADOUX,,LMP2,,Richard Mille Racing,Oreca,GF,34.561,84.444,106.788,
1,1,25,4:49.251,0,,1:44.275,0,1:24.074,0,1:40.902,0,169.6,1:42:45.714,23:42:45.714,1:44.275,1:24.074,1:40.902,317.2,Lilou WADOUX,0:01:19.575,LMP2,,Richard Mille Racing,Oreca,GF,104.275,84.074,100.902,
1,1,26,3:46.243,0,B,35.011,0,1:25.064,0,1:46.168,0,216.8,1:46:31.957,23:46:31.957,0:35.011,1:25.064,1:46.168,318.2,Lilou WADOUX,,LMP2,,Richard Mille Racing,Oreca,GF,35.011,85.064,106.168,
10,2,1,3:48.015,0,,40.216,0,1:25.369,0,1:42.430,0,212.8,3:48.015,22:03:48.015,0:40.216,1:25.369,1:42.430,309.1,Ryan CULLEN,0:00:07.372,LMP2,,Vector Sport,Oreca,GF,40.216,85.369,102.430,
10,2,2,3:35.388,0,,33.933,0,1:23.143,0,1:38.312,0,227.7,7:23.403,22:07:23.403,0:33.933,1:23.143,1:38.312,322.0,Ryan CULLEN,,LMP2,,Vector Sport,Oreca,GF,33.933,83.143,98.312,
10,2,3,3:35.253,0,,33.771,1,1:22.943,0,1:38.539,0,227.9,10:58.656,22:10:58.656,0:33.771,1:22.943,1:38.539,320.1,Ryan CULLEN,,LMP2,,Vector Sport,Oreca,GF,33.771,82.943,98.539,
10,2,4,3:35.596,0,,35.251,0,1:22.701,1,1:37.644,1,227.5,14:34.252,22:14:34.252,0:35.251,1:22.701,1:37.644,318.2,Ryan CULLEN,,LMP2,,Vector Sport,Oreca,GF,35.251,82.701,97.644,
10,2,5,3:44.572,0,B,33.799,0,1:23.450,0,1:47.323,0,218.4,18:18.824,22:18:18.824,0:33.799,1:23.450,1:47.323,319.1,Ryan CULLEN,,LMP2,,Vector Sport,Oreca,GF,33.799,83.450,107.323,
10,3,6,5:13.243,0,,2:11.269,0,1:23.534,0,1:38.440,0,156.6,23:32.067,22:23:32.067,2:11.269,1:23.534,1:38.440,314.5,Sébastien BOURDAIS,0:01:46.878,LMP2,,Vector Sport,Oreca,GF,131.269,83.534,98.440,
10,3,7,3:35.354,0,,34.086,0,1:22.987,0,1:38.281,0,227.8,27:07.421,22:27:07.421,0:34.086,1:22.987,1:38.281,315.4,Sébastien BOURDAIS,,LMP2,,Vector Sport,Oreca,GF,34.086,82.987,98.281,
10,3,8,3:44.678,0,B,35.188,0,1:24.444,0,1:45.046,0,218.3,30:52.099,22:30:52.099,0:35.188,1:24.444,1:45.046,309.1,Sébastien BOURDAIS,,LMP2,,Vector Sport,Oreca,GF,35.188,84.444,105.046,
10,3,9,6:11.874,0,,3:10.285,0,1:23.426,0,1:38.163,0,131.9,37:03.973,22:37:03.973,3:10.285,1:23.426,1:38.163,316.3,Sébastien BOURDAIS,0:02:46.862,LMP2,,Vector Sport,Oreca,GF,190.285,83.426,98.163,
10,3,10,3:43.812,0,B,34.704,0,1:23.254,0,1:45.854,0,219.2,40:47.785,22:40:47.785,0:34.704,1:23.254,1:45.854,314.5,Sébastien BOURDAIS,,LMP2,,Vector Sport,Oreca,GF,34.704,83.254,105.854,
10,3,11,6:21.761,0,,3:20.769,0,1:23.626,0,1:37.366,1,128.5,47:09.546,22:47:09.546,3:20.769,1:23.626,1:37.366,316.3,Sébastien BOURDAIS,0:02:57.640,LMP2,,Vector Sport,Oreca,GF,200.769,83.626,97.366,
10,3,12,3:34.409,0,,33.992,0,1:22.853,1,1:37.564,0,228.8,50:43.955,22:50:43.955,0:33.992,1:22.853,1:37.564,316.3,Sébastien BOURDAIS,,LMP2,,Vector Sport,Oreca,GF,33.992,82.853,97.564,
10,3,13,3:42.845,0,B,34.102,0,1:24.071,0,1:44.672,0,220.1,54:26.800,22:54:26.800,0:34.102,1:24.071,1:44.672,321.0,Sébastien BOURDAIS,,LMP2,,Vector Sport,Oreca,GF,34.102,84.071,104.672,
10,3,14,6:10.179,0,,3:08.627,0,1:23.753,0,1:37.799,0,132.5,1:00:36.979,23:00:36.979,3:08.627,1:23.753,1:37.799,318.2,Sébastien BOURDAIS,0:02:45.240,LMP2,,Vector Sport,Oreca,GF,188.627,83.753,97.799,
10,3,15,4:33.894,0,B,33.925,1,2:07.332,0,1:52.637,0,179.1,1:05:10.873,23:05:10.873,0:33.925,2:07.332,1:52.637,316.3,Sébastien BOURDAIS,,LMP2,,Vector Sport,Oreca,GF,33.925,127.332,112.637,
10,1,16,5:03.133,0,,2:00.506,0,1:23.995,0,1:38.632,0,161.8,1:10:14.006,23:10:14.006,2:00.506,1:23.995,1:38.632,314.5,Nico MÜLLER,0:01:36.675,LMP2,,Vector Sport,Oreca,GF,120.506,83.995,98.632,
10,1,17,3:35.453,0,,33.809,0,1:23.364,0,1:38.280,0,227.7,1:13:49.459,23:13:49.459,0:33.809,1:23.364,1:38.280,316.3,Nico MÜLLER,,LMP2,,Vector Sport,Oreca,GF,33.809,83.364,98.280,
10,1,18,3:34.543,0,,33.702,0,1:23.129,0,1:37.712,0,228.6,1:17:24.002,23:17:24.002,0:33.702,1:23.129,1:37.712,316.3,Nico MÜLLER,,LMP2,,Vector Sport,Oreca,GF,33.702,83.129,97.712,
10,1,19,3:35.503,0,,33.808,0,1:23.626,0,1:38.069,0,227.6,1:20:59.505,23:20:59.505,0:33.808,1:23.626,1:38.069,312.7,Nico MÜLLER,,LMP2,,Vector Sport,Oreca,GF,33.808,83.626,98.069,
10,1,20,3:37.837,0,,35.874,0,1:23.231,0,1:38.732,0,225.2,1:24:37.342,23:24:37.342,0:35.874,1:23.231,1:38.732,317.2,Nico MÜLLER,,LMP2,,Vector Sport,Oreca,GF,35.874,83.231,98.732,
10,1,21,3:36.073,0,,34.078,0,1:24.145,0,1:37.850,0,227.0,1:28:13.415,23:28:13.415,0:34.078,1:24.145,1:37.850,317.2,Nico MÜLLER,,LMP2,,Vector Sport,Oreca,GF,34.078,84.145,97.850,
10,1,22,3:34.684,0,,33.666,0,1:22.975,0,1:38.043,0,228.5,1:31:48.099,23:31:48.099,0:33.666,1:22.975,1:38.043,319.1,Nico MÜLLER,,LMP2,,Vector Sport,Oreca,GF,33.666,82.975,98.043,
10,1,23,3:33.559,2,,33.729,0,1:22.598,0,1:37.232,2,229.7,1:35:21.658,23:35:21.658,0:33.729,1:22.598,1:37.232,317.2,Nico MÜLLER,,LMP2,,Vector Sport,Oreca,GF,33.729,82.598,97.232,
10,1,24,3:39.891,0,B,33.507,2,1:22.531,2,1:43.853,0,223.1,1:39:01.549,23:39:01.549,0:33.507,1:22.531,1:43.853,316.3,Nico MÜLLER,,LMP2,,Vector Sport,Oreca,GF,33.507,82.531,103.853,
10,2,25,7:04.993,0,,3:59.421,0,1:24.688,0,1:40.884,0,115.4,1:46:06.542,23:46:06.542,3:59.421,1:24.688,1:40.884,313.6,Ryan CULLEN,0:03:34.895,LMP2,,Vector Sport,Oreca,GF,239.421,84.688,100.884,
10,2,26,3:37.803,0,,34.185,0,1:24.270,0,1:39.348,0,225.2,1:49:44.345,23:49:44.345,0:34.185,1:24.270,1:39.348,316.3,Ryan CULLEN,,LMP2,,Vector Sport,Oreca,GF,34.185,84.270,99.348,
10,2,27,3:39.832,0,,34.323,0,1:23.577,0,1:41.932,0,223.1,1:53:24.177,23:53:24.177,0:34.323,1:23.577,1:41.932,315.4,Ryan CULLEN,,LMP2,,Vector Sport,Oreca,GF,34.323,83.577,101.932,
10,2,28,4:09.696,0,,1:04.983,0,1:25.485,0,1:39.228,0,196.5,1:57:33.873,23:57:33.873,1:04.983,1:25.485,1:39.228,310.9,Ryan CULLEN,,LMP2,,Vector Sport,Oreca,GF,64.983,85.485,99.228,
10,2,29,3:36.907,0,,34.133,0,1:23.515,0,1:39.259,0,226.2,2:01:10.780,00:01:10.780,0:34.133,1:23.515,1:39.259,313.6,Ryan CULLEN,,LMP2,,Vector Sport,Oreca,FF,34.133,83.515,99.259,
21,2,1,10:34.781,0,,7:09.014,0,1:33.944,0,1:51.823,0,76.5,10:34.781,22:10:34.781,7:09.014,1:33.944,1:51.823,286.2,Christoph ULRICH,0:06:32.638,LMGTE Am,,AF Corse,Ferrari,GF,429.014,93.944,111.823,
21,2,2,4:01.250,0,,37.860,0,1:32.974,0,1:50.416,1,203.3,14:36.031,22:14:36.031,0:37.860,1:32.974,1:50.416,287.7,Christoph ULRICH,,LMGTE Am,,AF Corse,Ferrari,GF,37.860,92.974,110.416,
21,2,3,4:04.346,0,,38.500,0,1:32.798,0,1:53.048,0,200.8,18:40.377,22:18:40.377,0:38.500,1:32.798,1:53.048,289.3,Christoph ULRICH,,LMGTE Am,,AF Corse,Ferrari,GF,38.500,92.798,113.048,
21,2,4,4:00.562,0,,37.950,0,1:32.130,1,1:50.482,0,203.9,22:40.939,22:22:40.939,0:37.950,1:32.130,1:50.482,289.3,Christoph ULRICH,,LMGTE Am,,AF Corse,Ferrari,GF,37.950,92.130,110.482,
21,2,5,4:03.445,0,,38.814,0,1:33.286,0,1:51.345,0,201.5,26:44.384,22:26:44.384,0:38.814,1:33.286,1:51.345,276.7,Christoph ULRICH,,LMGTE Am,,AF Corse,Ferrari,GF,38.814,93.286,111.345,
21,2,6,4:03.159,0,,37.977,0,1:32.494,0,1:52.688,0,201.7,30:47.543,22:30:47.543,0:37.977,1:32.494,1:52.688,288.5,Christoph ULRICH,,LMGTE Am,,AF Corse,Ferrari,GF,37.977,92.494,112.688,
21,2,7,4:02.448,0,,37.855,1,1:32.823,0,1:51.770,0,202.3,34:49.991,22:34:49.991,0:37.855,1:32.823,1:51.770,286.9,Christoph ULRICH,,LMGTE Am,,AF Corse,Ferrari,GF,37.855,92.823,111.770,
21,2,8,4:06.304,0,,40.091,0,1:34.417,0,1:51.796,0,199.2,38:56.295,22:38:56.295,0:40.091,1:34.417,1:51.796,279.5,Christoph ULRICH,,LMGTE Am,,AF Corse,Ferrari,GF,40.091,94.417,111.796,
21,2,9,4:07.576,0,B,38.078,0,1:32.435,0,1:57.063,0,198.1,43:03.871,22:43:03.871,0:38.078,1:32.435,1:57.063,290.0,Christoph ULRICH,,LMGTE Am,,AF Corse,Ferrari,GF,38.078,92.435,117.063,
21,3,10,5:15.594,0,,1:52.075,0,1:32.754,0,1:50.765,0,155.4,48:19.465,22:48:19.465,1:52.075,1:32.754,1:50.765,286.2,Toni VILANDER,0:01:25.332,LMGTE Am,,AF Corse,Ferrari,GF,112.075,92.754,110.765,
21,3,11,3:57.550,0,,37.379,0,1:31.646,0,1:48.525,0,206.5,52:17.015,22:52:17.015,0:37.379,1:31.646,1:48.525,289.3,Toni VILANDER,,LMGTE Am,,AF Corse,Ferrari,GF,37.379,91.646,108.525,
21,3,12,3:56.936,2,,37.231,2,1:31.441,2,1:48.264,0,207.0,56:13.951,22:56:13.951,0:37.231,1:31.441,1:48.264,290.0,Toni VILANDER,,LMGTE Am,,AF Corse,Ferrari,GF,37.231,91.441,108.264,
21,3,13,3:57.261,0,,37.405,0,1:31.700,0,1:48.156,2,206.7,1:00:11.212,23:00:11.212,0:37.405,1:31.700,1:48.156,287.7,Toni VILANDER,,LMGTE Am,,AF Corse,Ferrari,GF,37.405,91.700,108.156,
21,3,14,4:45.178,0,B,37.404,0,2:05.483,0,2:02.291,0,172.0,1:04:56.390,23:04:56.390,0:37.404,2:05.483,2:02.291,290.8,Toni VILANDER,,LMGTE Am,,AF Corse,Ferrari,GF,37.404,125.483,122.291,
21,1,15,5:40.205,0,,2:13.948,0,1:34.422,0,1:51.835,0,144.2,1:10:36.595,23:10:36.595,2:13.948,1:34.422,1:51.835,286.9,Simon MANN,0:01:45.239,LMGTE Am,,AF Corse,Ferrari,GF,133.948,94.422,111.835,
21,1,16,4:02.864,0,,38.398,0,1:33.440,0,1:51.026,0,202.0,1:14:39.459,23:14:39.459,0:38.398,1:33.440,1:51.026,287.7,Simon MANN,,LMGTE Am,,AF Corse,Ferrari,GF,38.398,93.440,111.026,
21,1,17,4:04.648,0,,37.849,0,1:33.415,0,1:53.384,0,200.5,1:18:44.107,23:18:44.107,0:37.849,1:33.415,1:53.384,286.2,Simon MANN,,LMGTE Am,,AF Corse,Ferrari,GF,37.849,93.415,113.384,
21,1,18,4:00.705,0,,37.906,0,1:32.623,0,1:50.176,0,203.8,1:22:44.812,23:22:44.812,0:37.906,1:32.623,1:50.176,289.3,Simon MANN,,LMGTE Am,,AF Corse,Ferrari,GF,37.906,92.623,110.176,
21,1,19,4:03.139,0,,38.064,0,1:33.173,0,1:51.902,0,201.8,1:26:47.951,23:26:47.951,0:38.064,1:33.173,1:51.902,288.5,Simon MANN,,LMGTE Am,,AF Corse,Ferrari,GF,38.064,93.173,111.902,
21,1,20,3:59.661,0,,37.758,0,1:32.454,0,1:49.449,0,204.7,1:30:47.612,23:30:47.612,0:37.758,1:32.454,1:49.449,288.5,Simon MANN,,LMGTE Am,,AF Corse,Ferrari,GF,37.758,92.454,109.449,
21,1,21,3:57.970,0,,37.348,1,1:31.791,0,1:48.831,1,206.1,1:34:45.582,23:34:45.582,0:37.348,1:31.791,1:48.831,290.0,Simon MANN,,LMGTE Am,,AF Corse,Ferrari,GF,37.348,91.791,108.831,
21,1,22,4:00.748,0,,37.399,0,1:32.149,0,1:51.200,0,203.8,1:38:46.330,23:38:46.330,0:37.399,1:32.149,1:51.200,290.0,Simon MANN,,LMGTE Am,,AF Corse,Ferrari,GF,37.399,92.149,111.200,
21,1,23,3:58.666,0,,37.450,0,1:31.769,1,1:49.447,0,205.5,1:42:44.996,23:42:44.996,0:37.450,1:31.769,1:49.447,289.3,Simon MANN,,LMGTE Am,,AF Corse,Ferrari,GF,37.450,91.769,109.447,
21,1,24,4:01.856,0,,37.403,0,1:33.015,0,1:51.438,0,202.8,1:46:46.852,23:46:46.852,0:37.403,1:33.015,1:51.438,292.4,Simon MANN,,LMGTE Am,,AF Corse,Ferrari,GF,37.403,93.015,111.438,
21,1,25,3:59.790,0,,37.434,0,1:32.821,0,1:49.535,0,204.6,1:50:46.642,23:50:46.642,0:37.434,1:32.821,1:49.535,288.5,Simon MANN,,LMGTE Am,,AF Corse,Ferrari,GF,37.434,92.821,109.535,
21,1,26,4:01.845,0,,37.864,0,1:32.381,0,1:51.600,0,202.8,1:54:48.487,23:54:48.487,0:37.864,1:32.381,1:51.600,289.3,Simon MANN,,LMGTE Am,,AF Corse,Ferrari,GF,37.864,92.381,111.600,
21,1,27,4:29.998,0,,1:06.026,0,1:33.209,0,1:50.763,0,181.7,1:59:18.485,23:59:18.485,1:06.026,1:33.209,1:50.763,288.5,Simon MANN,,LMGTE Am,,AF Corse,Ferrari,GF,66.026,93.209,110.763,
21,1,28,3:58.546,0,,37.415,0,1:32.038,0,1:49.093,0,205.6,2:03:17.031,00:03:17.031,0:37.415,1:32.038,1:49.093,289.3,Simon MANN,,LMGTE Am,,AF Corse,Ferrari,FF,37.415,92.038,109.093,
22,3,1,39:42.616,0,,36:39.003,0,1:24.764,0,1:38.849,0,20.4,39:42.616,22:39:42.616,36:39.003,1:24.764,1:38.849,312.7,Will OWEN,0:36:05.551,LMP2,,United Autosports USA,Oreca,GF,2199.003,84.764,98.849,
22,3,2,3:38.008,0,,34.688,0,1:24.156,0,1:39.164,0,225.0,43:20.624,22:43:20.624,0:34.688,1:24.156,1:39.164,322.0,Will OWEN,,LMP2,,United Autosports USA,Oreca,GF,34.688,84.156,99.164,
22,3,3,3:34.179,0,,33.746,0,1:22.851,0,1:37.582,0,229.0,46:54.803,22:46:54.803,0:33.746,1:22.851,1:37.582,318.2,Will OWEN,,LMP2,,United Autosports USA,Oreca,GF,33.746,82.851,97.582,
22,3,4,3:33.564,0,,33.674,1,1:22.493,1,1:37.397,2,229.7,50:28.367,22:50:28.367,0:33.674,1:22.493,1:37.397,322.0,Will OWEN,,LMP2,,United Autosports USA,Oreca,GF,33.674,82.493,97.397,
22,3,5,3:35.715,0,,34.560,0,1:23.188,0,1:37.967,0,227.4,54:04.082,22:54:04.082,0:34.560,1:23.188,1:37.967,319.1,Will OWEN,,LMP2,,United Autosports USA,Oreca,GF,34.560,83.188,97.967,
22,3,6,3:33.828,0,,33.848,0,1:22.570,0,1:37.410,0,229.4,57:37.910,22:57:37.910,0:33.848,1:22.570,1:37.410,323.9,Will OWEN,,LMP2,,United Autosports USA,Oreca,GF,33.848,82.570,97.410,
22,3,7,3:35.675,0,,34.051,0,1:22.535,0,1:39.089,0,227.4,1:01:13.585,23:01:13.585,0:34.051,1:22.535,1:39.089,319.1,Will OWEN,,LMP2,,United Autosports USA,Oreca,GF,34.051,82.535,99.089,
22,3,8,4:33.497,0,B,33.881,0,2:05.900,0,1:53.716,0,179.4,1:05:47.082,23:05:47.082,0:33.881,2:05.900,1:53.716,322.9,Will OWEN,,LMP2,,United Autosports USA,Oreca,GF,33.881,125.900,113.716,
22,1,9,4:40.679,0,,1:35.256,0,1:24.573,0,1:40.850,0,174.8,1:10:27.761,23:10:27.761,1:35.256,1:24.573,1:40.850,316.3,Philip HANSON,0:01:10.311,LMP2,,United Autosports USA,Oreca,GF,95.256,84.573,100.850,
22,1,10,3:44.865,0,B,33.925,0,1:24.063,0,1:46.877,0,218.1,1:14:12.626,23:14:12.626,0:33.925,1:24.063,1:46.877,315.4,Philip HANSON,,LMP2,,United Autosports USA,Oreca,GF,33.925,84.063,106.877,
22,1,11,21:38.330,0,,18:35.634,0,1:23.623,0,1:39.073,0,37.8,1:35:50.956,23:35:50.956,18:35.634,1:23.623,1:39.073,318.2,Philip HANSON,0:18:11.726,LMP2,,United Autosports USA,Oreca,GF,1115.634,83.623,99.073,
22,1,12,3:34.873,0,,33.873,0,1:22.529,0,1:38.471,0,228.3,1:39:25.829,23:39:25.829,0:33.873,1:22.529,1:38.471,319.1,Philip HANSON,,LMP2,,United Autosports USA,Oreca,GF,33.873,82.529,98.471,
22,1,13,3:35.907,0,,35.003,0,1:23.101,0,1:37.803,0,227.2,1:43:01.736,23:43:01.736,0:35.003,1:23.101,1:37.803,319.1,Philip HANSON,,LMP2,,United Autosports USA,Oreca,GF,35.003,83.101,97.803,
22,1,14,3:43.110,0,,35.051,0,1:23.935,0,1:44.124,0,219.9,1:46:44.846,23:46:44.846,0:35.051,1:23.935,1:44.124,320.1,Philip HANSON,,LMP2,,United Autosports USA,Oreca,GF,35.051,83.935,104.124,
22,1,15,3:33.546,2,,33.660,0,1:22.409,0,1:37.477,1,229.7,1:50:18.392,23:50:18.392,0:33.660,1:22.409,1:37.477,322.0,Philip HANSON,,LMP2,,United Autosports USA,Oreca,GF,33.660,82.409,97.477,
22,1,16,3:40.277,0,B,33.590,2,1:21.891,2,1:44.796,0,222.7,1:53:58.669,23:53:58.669,0:33.590,1:21.891,1:44.796,320.1,Philip HANSON,,LMP2,,United Autosports USA,Oreca,GF,33.590,81.891,104.796,
22,2,17,4:52.022,0,,1:46.177,0,1:24.387,0,1:41.458,0,168.0,1:58:50.691,23:58:50.691,1:46.177,1:24.387,1:41.458,305.6,Filipe ALBUQUERQUE,0:01:08.183,LMP2,,United Autosports USA,Oreca,GF,106.177,84.387,101.458,
22,2,18,3:33.770,0,,33.686,1,1:22.582,1,1:37.502,1,229.5,2:02:24.461,00:02:24.461,0:33.686,1:22.582,1:37.502,320.1,Filipe ALBUQUERQUE,,LMP2,,United Autosports USA,Oreca,FF,33.686,82.582,97.502,
23,1,1,11:23.487,0,,8:21.846,0,1:23.433,0,1:38.208,0,71.0,11:23.487,22:11:23.487,8:21.846,1:23.433,1:38.208,316.3,Alexander LYNN,0:07:49.268,LMP2,,United Autosports USA,Oreca,GF,501.846,83.433,98.208,
23,1,2,3:32.226,2,,33.447,0,1:22.342,0,1:36.437,2,231.1,14:55.713,22:14:55.713,0:33.447,1:22.342,1:36.437,319.1,Alexander LYNN,,LMP2,,United Autosports USA,Oreca,GF,33.447,82.342,96.437,
23,1,3,3:38.990,0,,33.540,0,1:22.648,0,1:42.802,0,224.0,18:34.703,22:18:34.703,0:33.540,1:22.648,1:42.802,318.2,Alexander LYNN,,LMP2,,United Autosports USA,Oreca,GF,33.540,82.648,102.802,
23,1,4,3:33.339,0,,33.293,2,1:22.376,0,1:37.670,0,229.9,22:08.042,22:22:08.042,0:33.293,1:22.376,1:37.670,321.0,Alexander LYNN,,LMP2,,United Autosports USA,Oreca,GF,33.293,82.376,97.670,
23,1,5,3:35.748,0,,35.323,0,1:23.433,0,1:36.992,0,227.4,25:43.790,22:25:43.790,0:35.323,1:23.433,1:36.992,319.1,Alexander LYNN,,LMP2,,United Autosports USA,Oreca,GF,35.323,83.433,96.992,
23,1,6,3:35.682,0,,33.670,0,1:23.755,0,1:38.257,0,227.4,29:19.472,22:29:19.472,0:33.670,1:23.755,1:38.257,305.6,Alexander LYNN,,LMP2,,United Autosports USA,Oreca,GF,33.670,83.755,98.257,
23,1,7,3:37.793,0,,33.787,0,1:22.576,0,1:41.430,0,225.2,32:57.265,22:32:57.265,0:33.787,1:22.576,1:41.430,319.1,Alexander LYNN,,LMP2,,United Autosports USA,Oreca,GF,33.787,82.576,101.430,
23,1,8,3:32.949,0,,33.490,0,1:22.369,0,1:37.090,0,230.4,36:30.214,22:36:30.214,0:33.490,1:22.369,1:37.090,317.2,Alexander LYNN,,LMP2,,United Autosports USA,Oreca,GF,33.490,82.369,97.090,
23,1,9,3:40.915,0,B,33.834,0,1:22.288,2,1:44.793,0,222.0,40:11.129,22:40:11.129,0:33.834,1:22.288,1:44.793,318.2,Alexander LYNN,,LMP2,,United Autosports USA,Oreca,GF,33.834,82.288,104.793,
23,2,10,4:51.695,0,,1:47.817,0,1:24.700,0,1:39.178,0,168.2,45:02.824,22:45:02.824,1:47.817,1:24.700,1:39.178,317.2,Oliver JARVIS,0:01:22.629,LMP2,,United Autosports USA,Oreca,GF,107.817,84.700,99.178,
23,2,11,3:35.779,0,,34.172,0,1:23.311,0,1:38.296,0,227.3,48:38.603,22:48:38.603,0:34.172,1:23.311,1:38.296,317.2,Oliver JARVIS,,LMP2,,United Autosports USA,Oreca,GF,34.172,83.311,98.296,
23,2,12,3:37.190,0,,34.358,0,1:23.245,1,1:39.587,0,225.9,52:15.793,22:52:15.793,0:34.358,1:23.245,1:39.587,318.2,Oliver JARVIS,,LMP2,,United Autosports USA,Oreca,GF,34.358,83.245,99.587,
23,2,13,3:37.349,0,,33.922,0,1:23.652,0,1:39.775,0,225.7,55:53.142,22:55:53.142,0:33.922,1:23.652,1:39.775,320.1,Oliver JARVIS,,LMP2,,United Autosports USA,Oreca,GF,33.922,83.652,99.775,
23,2,14,3:36.714,0,,34.937,0,1:23.339,0,1:38.438,0,226.4,59:29.856,22:59:29.856,0:34.937,1:23.339,1:38.438,316.3,Oliver JARVIS,,LMP2,,United Autosports USA,Oreca,GF,34.937,83.339,98.438,
23,2,15,3:35.304,0,,33.869,1,1:23.295,0,1:38.140,1,227.8,1:03:05.160,23:03:05.160,0:33.869,1:23.295,1:38.140,320.1,Oliver JARVIS,,LMP2,,United Autosports USA,Oreca,GF,33.869,83.295,98.140,
23,2,16,4:05.629,0,,34.491,0,1:49.224,0,1:41.914,0,199.7,1:07:10.789,23:07:10.789,0:34.491,1:49.224,1:41.914,318.2,Oliver JARVIS,,LMP2,,United Autosports USA,Oreca,GF,34.491,109.224,101.914,
23,2,17,3:37.082,0,,34.205,0,1:24.426,0,1:38.451,0,226.0,1:10:47.871,23:10:47.871,0:34.205,1:24.426,1:38.451,318.2,Oliver JARVIS,,LMP2,,United Autosports USA,Oreca,GF,34.205,84.426,98.451,
23,2,18,4:07.441,0,B,34.475,0,1:24.503,0,2:08.463,0,198.2,1:14:55.312,23:14:55.312,0:34.475,1:24.503,2:08.463,298.8,Oliver JARVIS,,LMP2,,United Autosports USA,Oreca,GF,34.475,84.503,128.463,
23,1,19,7:08.944,0,,4:04.903,0,1:24.569,0,1:39.472,0,114.4,1:22:04.256,23:22:04.256,4:04.903,1:24.569,1:39.472,314.5,Alexander LYNN,0:03:40.584,LMP2,,United Autosports USA,Oreca,GF,244.903,84.569,99.472,
23,1,20,3:36.683,0,,34.058,0,1:24.062,0,1:38.563,0,226.4,1:25:40.939,23:25:40.939,0:34.058,1:24.062,1:38.563,313.6,Alexander LYNN,,LMP2,,United Autosports USA,Oreca,GF,34.058,84.062,98.563,
23,1,21,3:39.196,0,,34.179,0,1:24.246,0,1:40.771,0,223.8,1:29:20.135,23:29:20.135,0:34.179,1:24.246,1:40.771,308.2,Alexander LYNN,,LMP2,,United Autosports USA,Oreca,GF,34.179,84.246,100.771,
23,1,22,3:44.227,0,B,34.237,0,1:23.817,0,1:46.173,0,218.8,1:33:04.362,23:33:04.362,0:34.237,1:23.817,1:46.173,309.1,Alexander LYNN,,LMP2,,United Autosports USA,Oreca,GF,34.237,83.817,106.173,
23,1,23,9:11.719,0,,6:08.974,0,1:23.905,0,1:38.840,0,88.9,1:42:16.081,23:42:16.081,6:08.974,1:23.905,1:38.840,316.3,Alexander LYNN,0:05:45.265,LMP2,,United Autosports USA,Oreca,GF,368.974,83.905,98.840,
23,1,24,3:35.090,0,,33.740,0,1:23.161,0,1:38.189,0,228.1,1:45:51.171,23:45:51.171,0:33.740,1:23.161,1:38.189,303.9,Alexander LYNN,,LMP2,,United Autosports USA,Oreca,GF,33.740,83.161,98.189,
23,1,25,3:44.004,0,B,34.446,0,1:24.534,0,1:45.024,0,219.0,1:49:35.175,23:49:35.175,0:34.446,1:24.534,1:45.024,316.3,Alexander LYNN,,LMP2,,United Autosports USA,Oreca,GF,34.446,84.534,105.024,
23,1,26,4:56.117,0,,1:52.178,0,1:23.465,0,1:40.474,0,165.7,1:54:31.292,23:54:31.292,1:52.178,1:23.465,1:40.474,320.1,Alexander LYNN,0:01:27.844,LMP2,,United Autosports USA,Oreca,GF,112.178,83.465,100.474,
23,1,27,4:09.326,0,,1:05.039,0,1:24.198,0,1:40.089,0,196.7,1:58:40.618,23:58:40.618,1:05.039,1:24.198,1:40.089,315.4,Alexander LYNN,,LMP2,,United Autosports USA,Oreca,GF,65.039,84.198,100.089,
23,1,28,3:34.777,0,,33.535,0,1:22.634,0,1:38.608,0,228.4,2:02:15.395,00:02:15.395,0:33.535,1:22.634,1:38.608,319.1,Alexander LYNN,,LMP2,,United Autosports USA,Oreca,FF,33.535,82.634,98.608,
24,1,1,4:24.446,0,B,57.534,0,1:29.354,0,1:57.558,0,183.5,4:24.446,22:04:24.446,0:57.534,1:29.354,1:57.558,310.0,Rodrigo SALES,0:00:19.220,LMP2,P/A,Nielsen Racing,Oreca,GF,57.534,89.354,117.558,
24,1,2,4:38.519,0,,1:23.582,0,1:27.372,0,1:47.565,0,176.1,9:02.965,22:09:02.965,1:23.582,1:27.372,1:47.565,315.4,Rodrigo SALES,0:00:55.292,LMP2,P/A,Nielsen Racing,Oreca,GF,83.582,87.372,107.565,
24,1,3,3:48.758,0,,36.509,0,1:26.805,0,1:45.444,1,214.4,12:51.723,22:12:51.723,0:36.509,1:26.805,1:45.444,315.4,Rodrigo SALES,,LMP2,P/A,Nielsen Racing,Oreca,GF,36.509,86.805,105.444,
24,1,4,3:50.653,0,,35.603,1,1:26.487,1,1:48.563,0,212.7,16:42.376,22:16:42.376,0:35.603,1:26.487,1:48.563,318.2,Rodrigo SALES,,LMP2,P/A,Nielsen Racing,Oreca,GF,35.603,86.487,108.563,
24,1,5,3:55.784,0,B,36.442,0,1:26.516,0,1:52.826,0,208.0,20:38.160,22:20:38.160,0:36.442,1:26.516,1:52.826,314.5,Rodrigo SALES,,LMP2,P/A,Nielsen Racing,Oreca,GF,36.442,86.516,112.826,
24,2,6,5:12.900,0,,2:06.104,0,1:25.888,0,1:40.908,0,156.8,25:51.060,22:25:51.060,2:06.104,1:25.888,1:40.908,313.6,Matthew BELL,0:01:41.411,LMP2,P/A,Nielsen Racing,Oreca,GF,126.104,85.888,100.908,
24,2,7,3:40.584,0,,34.858,0,1:24.038,0,1:41.688,0,222.4,29:31.644,22:29:31.644,0:34.858,1:24.038,1:41.688,319.1,Matthew BELL,,LMP2,P/A,Nielsen Racing,Oreca,GF,34.858,84.038,101.688,
24,2,8,3:40.859,0,,35.980,0,1:24.763,0,1:40.116,0,222.1,33:12.503,22:33:12.503,0:35.980,1:24.763,1:40.116,316.3,Matthew BELL,,LMP2,P/A,Nielsen Racing,Oreca,GF,35.980,84.763,100.116,
24,2,9,3:39.421,0,,34.783,0,1:24.309,0,1:40.329,0,223.6,36:51.924,22:36:51.924,0:34.783,1:24.309,1:40.329,317.2,Matthew BELL,,LMP2,P/A,Nielsen Racing,Oreca,GF,34.783,84.309,100.329,
24,2,10,3:38.374,0,,34.742,0,1:24.136,0,1:39.496,2,224.6,40:30.298,22:40:30.298,0:34.742,1:24.136,1:39.496,314.5,Matthew BELL,,LMP2,P/A,Nielsen Racing,Oreca,GF,34.742,84.136,99.496,
24,2,11,3:39.950,0,,35.319,0,1:24.664,0,1:39.967,0,223.0,44:10.248,22:44:10.248,0:35.319,1:24.664,1:39.967,316.3,Matthew BELL,,LMP2,P/A,Nielsen Racing,Oreca,GF,35.319,84.664,99.967,
24,2,12,3:37.822,2,,34.439,0,1:23.878,0,1:39.505,0,225.2,47:48.070,22:47:48.070,0:34.439,1:23.878,1:39.505,315.4,Matthew BELL,,LMP2,P/A,Nielsen Racing,Oreca,GF,34.439,83.878,99.505,
24,2,13,3:39.361,0,,35.383,0,1:23.774,0,1:40.204,0,223.6,51:27.431,22:51:27.431,0:35.383,1:23.774,1:40.204,319.1,Matthew BELL,,LMP2,P/A,Nielsen Racing,Oreca,GF,35.383,83.774,100.204,
24,2,14,3:45.065,0,B,34.349,2,1:23.629,2,1:47.087,0,218.0,55:12.496,22:55:12.496,0:34.349,1:23.629,1:47.087,316.3,Matthew BELL,,LMP2,P/A,Nielsen Racing,Oreca,GF,34.349,83.629,107.087,
24,2,15,21:05.356,0,,17:59.525,0,1:25.459,0,1:40.372,0,38.8,1:16:17.852,23:16:17.852,17:59.525,1:25.459,1:40.372,312.7,Matthew BELL,0:17:34.320,LMP2,P/A,Nielsen Racing,Oreca,GF,1079.525,85.459,100.372,
24,2,16,3:39.084,0,,34.529,0,1:24.330,0,1:40.225,0,223.9,1:19:56.936,23:19:56.936,0:34.529,1:24.330,1:40.225,316.3,Matthew BELL,,LMP2,P/A,Nielsen Racing,Oreca,GF,34.529,84.330,100.225,
24,2,17,3:38.569,0,,34.448,0,1:23.907,0,1:40.214,0,224.4,1:23:35.505,23:23:35.505,0:34.448,1:23.907,1:40.214,315.4,Matthew BELL,,LMP2,P/A,Nielsen Racing,Oreca,GF,34.448,83.907,100.214,
24,2,18,3:40.008,0,,35.024,0,1:23.865,0,1:41.119,0,223.0,1:27:15.513,23:27:15.513,0:35.024,1:23.865,1:41.119,315.4,Matthew BELL,,LMP2,P/A,Nielsen Racing,Oreca,GF,35.024,83.865,101.119,
24,2,19,3:46.050,0,B,34.383,0,1:23.631,0,1:48.036,0,217.0,1:31:01.563,23:31:01.563,0:34.383,1:23.631,1:48.036,315.4,Matthew BELL,,LMP2,P/A,Nielsen Racing,Oreca,GF,34.383,83.631,108.036,
27,3,1,1:17:53.672,0,,1:13:34.020,0,2:03.122,0,2:16.530,0,10.4,1:17:53.672,23:17:53.672,1:13:34.020,2:03.122,2:16.530,188.8,Steven PALETTE,1:12:48.657,LMP2,P/A,CD Sport,Ligier,GF,4414.020,123.122,136.530,
27,3,2,4:19.713,0,,40.417,0,1:41.800,0,1:57.496,1,188.9,1:22:13.385,23:22:13.385,0:40.417,1:41.800,1:57.496,208.8,Steven PALETTE,,LMP2,P/A,CD Sport,Ligier,GF,40.417,101.800,117.496,
27,3,3,4:04.386,0,B,37.330,1,1:28.451,1,1:58.605,0,200.7,1:26:17.771,23:26:17.771,0:37.330,1:28.451,1:58.605,293.2,Steven PALETTE,,LMP2,P/A,CD Sport,Ligier,GF,37.330,88.451,118.605,
27,2,4,6:43.517,0,,3:25.735,0,1:28.981,0,1:48.801,0,121.6,1:33:01.288,23:33:01.288,3:25.735,1:28.981,1:48.801,307.3,Michael JENSEN,0:02:59.141,LMP2,P/A,CD Sport,Ligier,GF,205.735,88.981,108.801,
27,2,5,3:52.732,0,,36.759,0,1:28.344,0,1:47.629,0,210.8,1:36:54.020,23:36:54.020,0:36.759,1:28.344,1:47.629,308.2,Michael JENSEN,,LMP2,P/A,CD Sport,Ligier,GF,36.759,88.344,107.629,
27,2,6,3:51.009,2,,36.387,0,1:28.268,0,1:46.354,2,212.3,1:40:45.029,23:40:45.029,0:36.387,1:28.268,1:46.354,309.1,Michael JENSEN,,LMP2,P/A,CD Sport,Ligier,GF,36.387,88.268,106.354,
27,2,7,3:51.725,0,,36.016,2,1:28.970,0,1:46.739,0,211.7,1:44:36.754,23:44:36.754,0:36.016,1:28.970,1:46.739,305.6,Michael JENSEN,,LMP2,P/A,CD Sport,Ligier,GF,36.016,88.970,106.739,
27,2,8,3:56.349,0,B,36.083,0,1:27.834,2,1:52.432,0,207.5,1:48:33.103,23:48:33.103,0:36.083,1:27.834,1:52.432,307.3,Michael JENSEN,,LMP2,P/A,CD Sport,Ligier,GF,36.083,87.834,112.432,
27,1,9,5:57.608,0,,2:38.779,0,1:28.820,0,1:50.009,0,137.2,1:54:30.711,23:54:30.711,2:38.779,1:28.820,1:50.009,306.5,Christophe CRESP,0:02:11.210,LMP2,P/A,CD Sport,Ligier,GF,158.779,88.820,110.009,
27,1,10,4:24.217,0,,1:05.959,0,1:28.090,1,1:50.168,0,185.7,1:58:54.928,23:58:54.928,1:05.959,1:28.090,1:50.168,308.2,Christophe CRESP,,LMP2,P/A,CD Sport,Ligier,GF,65.959,88.090,110.168,
27,1,11,3:53.697,0,,38.298,1,1:28.102,0,1:47.297,1,209.9,2:02:48.625,00:02:48.625,0:38.298,1:28.102,1:47.297,307.3,Christophe CRESP,,LMP2,P/A,CD Sport,Ligier,FF,38.298,88.102,107.297,
28,3,1,3:49.784,0,,41.385,0,1:24.595,0,1:43.804,0,211.2,3:49.784,22:03:49.784,0:41.385,1:24.595,1:43.804,313.6,Jonathan ABERDEIN,0:00:08.323,LMP2,,JOTA,Oreca,GF,41.385,84.595,103.804,
28,3,2,3:38.281,0,,33.945,0,1:22.260,0,1:42.076,0,224.7,7:28.065,22:07:28.065,0:33.945,1:22.260,1:42.076,323.9,Jonathan ABERDEIN,,LMP2,,JOTA,Oreca,GF,33.945,82.260,102.076,
28,3,3,3:32.588,2,,33.279,2,1:21.985,0,1:37.324,0,230.7,11:00.653,22:11:00.653,0:33.279,1:21.985,1:37.324,322.0,Jonathan ABERDEIN,,LMP2,,JOTA,Oreca,GF,33.279,81.985,97.324,
28,3,4,3:36.135,0,,34.789,0,1:24.072,0,1:37.274,2,227.0,14:36.788,22:14:36.788,0:34.789,1:24.072,1:37.274,319.1,Jonathan ABERDEIN,,LMP2,,JOTA,Oreca,GF,34.789,84.072,97.274,
28,3,5,3:34.936,0,,33.383,0,1:21.906,2,1:39.647,0,228.2,18:11.724,22:18:11.724,0:33.383,1:21.906,1:39.647,322.9,Jonathan ABERDEIN,,LMP2,,JOTA,Oreca,GF,33.383,81.906,99.647,
28,3,6,3:35.424,0,,34.414,0,1:23.162,0,1:37.848,0,227.7,21:47.148,22:21:47.148,0:34.414,1:23.162,1:37.848,322.9,Jonathan ABERDEIN,,LMP2,,JOTA,Oreca,GF,34.414,83.162,97.848,
28,3,7,3:38.053,0,,33.963,0,1:22.483,0,1:41.607,0,225.0,25:25.201,22:25:25.201,0:33.963,1:22.483,1:41.607,324.9,Jonathan ABERDEIN,,LMP2,,JOTA,Oreca,GF,33.963,82.483,101.607,
28,3,8,3:34.534,0,,33.429,0,1:21.987,0,1:39.118,0,228.7,28:59.735,22:28:59.735,0:33.429,1:21.987,1:39.118,322.0,Jonathan ABERDEIN,,LMP2,,JOTA,Oreca,GF,33.429,81.987,99.118,
28,3,9,3:42.157,0,B,33.499,0,1:22.664,0,1:45.994,0,220.8,32:41.892,22:32:41.892,0:33.499,1:22.664,1:45.994,318.2,Jonathan ABERDEIN,,LMP2,,JOTA,Oreca,GF,33.499,82.664,105.994,
28,1,10,4:49.875,0,,1:45.592,0,1:24.987,0,1:39.296,0,169.2,37:31.767,22:37:31.767,1:45.592,1:24.987,1:39.296,322.0,Oliver RASMUSSEN,0:01:20.202,LMP2,,JOTA,Oreca,GF,105.592,84.987,99.296,
28,1,11,3:40.247,0,,34.389,0,1:24.111,0,1:41.747,0,222.7,41:12.014,22:41:12.014,0:34.389,1:24.111,1:41.747,321.0,Oliver RASMUSSEN,,LMP2,,JOTA,Oreca,GF,34.389,84.111,101.747,
28,1,12,3:36.269,0,,34.322,0,1:23.630,0,1:38.317,0,226.8,44:48.283,22:44:48.283,0:34.322,1:23.630,1:38.317,322.9,Oliver RASMUSSEN,,LMP2,,JOTA,Oreca,GF,34.322,83.630,98.317,
28,1,13,3:43.429,0,B,34.151,1,1:22.627,0,1:46.651,0,219.5,48:31.712,22:48:31.712,0:34.151,1:22.627,1:46.651,322.0,Oliver RASMUSSEN,,LMP2,,JOTA,Oreca,GF,34.151,82.627,106.651,
28,1,14,7:02.755,0,,3:59.430,0,1:23.533,0,1:39.792,0,116.0,55:34.467,22:55:34.467,3:59.430,1:23.533,1:39.792,322.0,Oliver RASMUSSEN,0:03:35.098,LMP2,,JOTA,Oreca,GF,239.430,83.533,99.792,
28,1,15,3:36.003,0,,34.399,0,1:23.373,0,1:38.231,1,227.1,59:10.470,22:59:10.470,0:34.399,1:23.373,1:38.231,314.5,Oliver RASMUSSEN,,LMP2,,JOTA,Oreca,GF,34.399,83.373,98.231,
28,1,16,3:35.623,0,,34.209,0,1:22.561,1,1:38.853,0,227.5,1:02:46.093,23:02:46.093,0:34.209,1:22.561,1:38.853,323.9,Oliver RASMUSSEN,,LMP2,,JOTA,Oreca,GF,34.209,82.561,98.853,
28,1,17,4:16.828,0,,34.159,0,2:01.629,0,1:41.040,0,191.0,1:07:02.921,23:07:02.921,0:34.159,2:01.629,1:41.040,323.9,Oliver RASMUSSEN,,LMP2,,JOTA,Oreca,GF,34.159,121.629,101.040,
28,1,18,3:42.891,0,B,34.852,0,1:23.829,0,1:44.210,0,220.1,1:10:45.812,23:10:45.812,0:34.852,1:23.829,1:44.210,321.0,Oliver RASMUSSEN,,LMP2,,JOTA,Oreca,GF,34.852,83.829,104.210,
28,2,19,7:26.344,0,,4:14.884,0,1:26.709,0,1:44.751,0,109.9,1:18:12.156,23:18:12.156,4:14.884,1:26.709,1:44.751,314.5,Edward JONES,0:03:47.497,LMP2,,JOTA,Oreca,GF,254.884,86.709,104.751,
28,2,20,3:36.857,0,,34.195,0,1:23.439,0,1:39.223,0,226.2,1:21:49.013,23:21:49.013,0:34.195,1:23.439,1:39.223,321.0,Edward JONES,,LMP2,,JOTA,Oreca,GF,34.195,83.439,99.223,
28,2,21,3:37.457,0,,33.961,0,1:22.972,0,1:40.524,0,225.6,1:25:26.470,23:25:26.470,0:33.961,1:22.972,1:40.524,322.9,Edward JONES,,LMP2,,JOTA,Oreca,GF,33.961,82.972,100.524,
28,2,22,3:37.525,0,,34.733,0,1:23.504,0,1:39.288,0,225.5,1:29:03.995,23:29:03.995,0:34.733,1:23.504,1:39.288,324.9,Edward JONES,,LMP2,,JOTA,Oreca,GF,34.733,83.504,99.288,
28,2,23,3:35.070,0,,33.950,0,1:22.791,0,1:38.329,1,228.1,1:32:39.065,23:32:39.065,0:33.950,1:22.791,1:38.329,321.0,Edward JONES,,LMP2,,JOTA,Oreca,GF,33.950,82.791,98.329,
28,2,24,3:36.070,0,,33.868,1,1:23.873,0,1:38.329,0,227.0,1:36:15.135,23:36:15.135,0:33.868,1:23.873,1:38.329,323.9,Edward JONES,,LMP2,,JOTA,Oreca,GF,33.868,83.873,98.329,
28,2,25,3:42.981,0,B,34.210,0,1:23.014,0,1:45.757,0,220.0,1:39:58.116,23:39:58.116,0:34.210,1:23.014,1:45.757,324.9,Edward JONES,,LMP2,,JOTA,Oreca,GF,34.210,83.014,105.757,
28,2,26,7:05.398,0,,4:00.288,0,1:25.664,0,1:39.446,0,115.3,1:47:03.514,23:47:03.514,4:00.288,1:25.664,1:39.446,303.0,Edward JONES,0:03:34.996,LMP2,,JOTA,Oreca,GF,240.288,85.664,99.446,
28,2,27,3:38.016,0,,33.962,0,1:23.029,0,1:41.025,0,225.0,1:50:41.530,23:50:41.530,0:33.962,1:23.029,1:41.025,321.0,Edward JONES,,LMP2,,JOTA,Oreca,GF,33.962,83.029,101.025,
28,2,28,3:37.870,0,,34.049,0,1:22.656,1,1:41.165,0,225.2,1:54:19.400,23:54:19.400,0:34.049,1:22.656,1:41.165,322.0,Edward JONES,,LMP2,,JOTA,Oreca,GF,34.049,82.656,101.165,
28,2,29,4:08.270,0,,1:04.119,0,1:23.687,0,1:40.464,0,197.6,1:58:27.670,23:58:27.670,1:04.119,1:23.687,1:40.464,319.1,Edward JONES,,LMP2,,JOTA,Oreca,GF,64.119,83.687,100.464,
28,2,30,3:35.251,0,,34.066,0,1:22.725,0,1:38.460,0,227.9,2:02:02.921,00:02:02.921,0:34.066,1:22.725,1:38.460,320.1,Edward JONES,,LMP2,,JOTA,Oreca,FF,34.066,82.725,98.460,
3,2,1,17:03.117,0,,13:52.535,0,1:28.062,0,1:42.520,0,47.4,17:03.117,22:17:03.117,13:52.535,1:28.062,1:42.520,291.6,Jean GLORIEUX,0:13:15.433,LMP2,P/A,DKR Engineering,Oreca,GF,832.535,88.062,102.520,
3,2,2,3:41.977,0,,35.144,0,1:24.799,0,1:42.034,0,221.0,20:45.094,22:20:45.094,0:35.144,1:24.799,1:42.034,315.4,Jean GLORIEUX,,LMP2,P/A,DKR Engineering,Oreca,GF,35.144,84.799,102.034,
3,2,3,3:43.409,0,,36.659,0,1:25.898,0,1:40.852,0,219.6,24:28.503,22:24:28.503,0:36.659,1:25.898,1:40.852,312.7,Jean GLORIEUX,,LMP2,P/A,DKR Engineering,Oreca,GF,36.659,85.898,100.852,
3,2,4,3:41.939,0,,35.424,0,1:24.886,0,1:41.629,0,221.0,28:10.442,22:28:10.442,0:35.424,1:24.886,1:41.629,310.9,Jean GLORIEUX,,LMP2,P/A,DKR Engineering,Oreca,GF,35.424,84.886,101.629,
3,2,5,3:41.759,0,,34.918,0,1:25.463,0,1:41.378,0,221.2,31:52.201,22:31:52.201,0:34.918,1:25.463,1:41.378,316.3,Jean GLORIEUX,,LMP2,P/A,DKR Engineering,Oreca,GF,34.918,85.463,101.378,
3,2,6,3:41.778,0,,34.897,0,1:24.874,0,1:42.007,0,221.2,35:33.979,22:35:33.979,0:34.897,1:24.874,1:42.007,310.9,Jean GLORIEUX,,LMP2,P/A,DKR Engineering,Oreca,GF,34.897,84.874,102.007,
3,2,7,3:43.027,0,,35.922,0,1:25.650,0,1:41.455,0,219.9,39:17.006,22:39:17.006,0:35.922,1:25.650,1:41.455,309.1,Jean GLORIEUX,,LMP2,P/A,DKR Engineering,Oreca,GF,35.922,85.650,101.455,
3,2,8,3:40.780,0,,35.052,0,1:24.963,0,1:40.765,1,222.2,42:57.786,22:42:57.786,0:35.052,1:24.963,1:40.765,310.9,Jean GLORIEUX,,LMP2,P/A,DKR Engineering,Oreca,GF,35.052,84.963,100.765,
3,2,9,3:49.124,0,B,34.721,1,1:24.478,1,1:49.925,0,214.1,46:46.910,22:46:46.910,0:34.721,1:24.478,1:49.925,314.5,Jean GLORIEUX,,LMP2,P/A,DKR Engineering,Oreca,GF,34.721,84.478,109.925,
3,3,10,6:27.644,0,B,2:36.472,0,1:26.869,0,2:24.303,0,126.5,53:14.554,22:53:14.554,2:36.472,1:26.869,2:24.303,282.5,Alexandre COUGNAUD,0:02:11.587,LMP2,P/A,DKR Engineering,Oreca,GF,156.472,86.869,144.303,
3,3,11,6:41.975,0,,3:30.988,0,1:26.453,0,1:44.534,0,122.0,59:56.529,22:59:56.529,3:30.988,1:26.453,1:44.534,278.1,Alexandre COUGNAUD,0:03:03.935,LMP2,P/A,DKR Engineering,Oreca,GF,210.988,86.453,104.534,
3,3,12,3:47.063,0,,34.533,0,1:25.193,0,1:47.337,0,216.0,1:03:43.592,23:03:43.592,0:34.533,1:25.193,1:47.337,311.8,Alexandre COUGNAUD,,LMP2,P/A,DKR Engineering,Oreca,GF,34.533,85.193,107.337,
3,3,13,3:42.819,0,,34.387,0,1:25.663,0,1:42.769,0,220.1,1:07:26.411,23:07:26.411,0:34.387,1:25.663,1:42.769,313.6,Alexandre COUGNAUD,,LMP2,P/A,DKR Engineering,Oreca,GF,34.387,85.663,102.769,
3,3,14,3:42.397,0,,35.198,0,1:24.670,0,1:42.529,0,220.6,1:11:08.808,23:11:08.808,0:35.198,1:24.670,1:42.529,311.8,Alexandre COUGNAUD,,LMP2,P/A,DKR Engineering,Oreca,GF,35.198,84.670,102.529,
3,3,15,3:40.412,0,,35.437,0,1:23.792,2,1:41.183,0,222.6,1:14:49.220,23:14:49.220,0:35.437,1:23.792,1:41.183,311.8,Alexandre COUGNAUD,,LMP2,P/A,DKR Engineering,Oreca,GF,35.437,83.792,101.183,
3,3,16,3:39.962,0,,34.350,1,1:25.070,0,1:40.542,1,223.0,1:18:29.182,23:18:29.182,0:34.350,1:25.070,1:40.542,312.7,Alexandre COUGNAUD,,LMP2,P/A,DKR Engineering,Oreca,GF,34.350,85.070,100.542,
3,3,17,3:48.795,0,B,34.510,0,1:24.019,0,1:50.266,0,214.4,1:22:17.977,23:22:17.977,0:34.510,1:24.019,1:50.266,311.8,Alexandre COUGNAUD,,LMP2,P/A,DKR Engineering,Oreca,GF,34.510,84.019,110.266,
3,1,18,18:32.235,0,,15:25.532,0,1:26.269,0,1:40.434,0,44.1,1:40:50.212,23:40:50.212,15:25.532,1:26.269,1:40.434,310.0,Laurents HORR,0:14:59.004,LMP2,P/A,DKR Engineering,Oreca,GF,925.532,86.269,100.434,
3,1,19,3:38.232,2,,34.250,0,1:24.645,0,1:39.337,2,224.8,1:44:28.444,23:44:28.444,0:34.250,1:24.645,1:39.337,316.3,Laurents HORR,,LMP2,P/A,DKR Engineering,Oreca,GF,34.250,84.645,99.337,
3,1,20,3:38.769,0,,34.057,2,1:24.216,0,1:40.496,0,224.2,1:48:07.213,23:48:07.213,0:34.057,1:24.216,1:40.496,316.3,Laurents HORR,,LMP2,P/A,DKR Engineering,Oreca,GF,34.057,84.216,100.496,
3,1,21,3:38.281,0,,34.277,0,1:24.168,0,1:39.836,0,224.7,1:51:45.494,23:51:45.494,0:34.277,1:24.168,1:39.836,313.6,Laurents HORR,,LMP2,P/A,DKR Engineering,Oreca,GF,34.277,84.168,99.836,
3,1,22,3:46.682,0,B,34.315,0,1:23.875,1,1:48.492,0,216.4,1:55:32.176,23:55:32.176,0:34.315,1:23.875,1:48.492,312.7,Laurents HORR,,LMP2,P/A,DKR Engineering,Oreca,GF,34.315,83.875,108.492,
30,2,1,38:46.645,0,B,35:31.118,0,1:27.106,0,1:48.421,0,20.9,38:46.645,22:38:46.645,35:31.118,1:27.106,1:48.421,308.2,Guillermo ROJAS,0:34:53.652,LMP2,,Duqueine Team,Oreca,GF,2131.118,87.106,108.421,
30,2,2,10:45.895,0,,7:40.435,0,1:25.002,0,1:40.458,0,75.9,49:32.540,22:49:32.540,7:40.435,1:25.002,1:40.458,317.2,Guillermo ROJAS,0:07:16.156,LMP2,,Duqueine Team,Oreca,GF,460.435,85.002,100.458,
30,2,3,3:37.275,0,,34.378,0,1:23.492,1,1:39.405,1,225.8,53:09.815,22:53:09.815,0:34.378,1:23.492,1:39.405,320.1,Guillermo ROJAS,,LMP2,,Duqueine Team,Oreca,GF,34.378,83.492,99.405,
30,2,4,3:39.766,0,,35.294,0,1:23.715,0,1:40.757,0,223.2,56:49.581,22:56:49.581,0:35.294,1:23.715,1:40.757,317.2,Guillermo ROJAS,,LMP2,,Duqueine Team,Oreca,GF,35.294,83.715,100.757,
30,2,5,3:38.616,0,,34.742,0,1:23.537,0,1:40.337,0,224.4,1:00:28.197,23:00:28.197,0:34.742,1:23.537,1:40.337,320.1,Guillermo ROJAS,,LMP2,,Duqueine Team,Oreca,GF,34.742,83.537,100.337,
30,2,6,4:41.397,0,B,34.304,1,2:10.033,0,1:57.060,0,174.3,1:05:09.594,23:05:09.594,0:34.304,2:10.033,1:57.060,318.2,Guillermo ROJAS,,LMP2,,Duqueine Team,Oreca,GF,34.304,130.033,117.060,
30,3,7,6:01.799,0,,2:53.383,0,1:25.699,0,1:42.717,0,135.6,1:11:11.393,23:11:11.393,2:53.383,1:25.699,1:42.717,238.3,Reshad DE GERUS,0:02:25.813,LMP2,,Duqueine Team,Oreca,GF,173.383,85.699,102.717,
30,3,8,3:43.054,0,,36.296,0,1:26.296,0,1:40.462,0,219.9,1:14:54.447,23:14:54.447,0:36.296,1:26.296,1:40.462,315.4,Reshad DE GERUS,,LMP2,,Duqueine Team,Oreca,GF,36.296,86.296,100.462,
30,3,9,3:40.881,0,,35.060,0,1:24.064,0,1:41.757,0,222.1,1:18:35.328,23:18:35.328,0:35.060,1:24.064,1:41.757,319.1,Reshad DE GERUS,,LMP2,,Duqueine Team,Oreca,GF,35.060,84.064,101.757,
30,3,10,3:38.321,0,,34.700,0,1:23.859,0,1:39.762,0,224.7,1:22:13.649,23:22:13.649,0:34.700,1:23.859,1:39.762,312.7,Reshad DE GERUS,,LMP2,,Duqueine Team,Oreca,GF,34.700,83.859,99.762,
30,3,11,3:37.522,0,,34.579,0,1:23.600,1,1:39.343,1,225.5,1:25:51.171,23:25:51.171,0:34.579,1:23.600,1:39.343,316.3,Reshad DE GERUS,,LMP2,,Duqueine Team,Oreca,GF,34.579,83.600,99.343,
30,3,12,3:44.894,0,B,34.399,1,1:24.078,0,1:46.417,0,218.1,1:29:36.065,23:29:36.065,0:34.399,1:24.078,1:46.417,310.0,Reshad DE GERUS,,LMP2,,Duqueine Team,Oreca,GF,34.399,84.078,106.417,
30,1,13,14:21.407,0,,11:11.804,0,1:25.797,0,1:43.806,0,56.9,1:43:57.472,23:43:57.472,11:11.804,1:25.797,1:43.806,320.1,Richard BRADLEY,0:10:47.418,LMP2,,Duqueine Team,Oreca,GF,671.804,85.797,103.806,
30,1,14,3:36.038,0,,34.261,0,1:23.369,0,1:38.408,0,227.1,1:47:33.510,23:47:33.510,0:34.261,1:23.369,1:38.408,317.2,Richard BRADLEY,,LMP2,,Duqueine Team,Oreca,GF,34.261,83.369,98.408,
30,1,15,3:35.208,2,,34.333,0,1:23.041,0,1:37.834,2,227.9,1:51:08.718,23:51:08.718,0:34.333,1:23.041,1:37.834,318.2,Richard BRADLEY,,LMP2,,Duqueine Team,Oreca,GF,34.333,83.041,97.834,
30,1,16,3:37.932,0,,34.825,0,1:23.696,0,1:39.411,0,225.1,1:54:46.650,23:54:46.650,0:34.825,1:23.696,1:39.411,320.1,Richard BRADLEY,,LMP2,,Duqueine Team,Oreca,GF,34.825,83.696,99.411,
30,1,17,4:07.190,0,,1:04.088,0,1:22.891,2,1:40.211,0,198.4,1:58:53.840,23:58:53.840,1:04.088,1:22.891,1:40.211,319.1,Richard BRADLEY,,LMP2,,Duqueine Team,Oreca,GF,64.088,82.891,100.211,
30,1,18,3:35.421,0,,34.085,2,1:23.155,0,1:38.181,0,227.7,2:02:29.261,00:02:29.261,0:34.085,1:23.155,1:38.181,316.3,Richard BRADLEY,,LMP2,,Duqueine Team,Oreca,FF,34.085,83.155,98.181,
31,1,1,15:58.573,0,,12:51.134,0,1:26.166,0,1:41.273,0,50.6,15:58.573,22:15:58.573,12:51.134,1:26.166,1:41.273,310.9,Sean GELAEL,0:12:16.550,LMP2,,WRT,Oreca,GF,771.134,86.166,101.273,
31,1,2,3:36.394,0,,33.996,0,1:23.698,0,1:38.700,0,226.7,19:34.967,22:19:34.967,0:33.996,1:23.698,1:38.700,315.4,Sean GELAEL,,LMP2,,WRT,Oreca,GF,33.996,83.698,98.700,
31,1,3,3:36.367,0,,33.889,0,1:23.907,0,1:38.571,0,226.7,23:11.334,22:23:11.334,0:33.889,1:23.907,1:38.571,316.3,Sean GELAEL,,LMP2,,WRT,Oreca,GF,33.889,83.907,98.571,
31,1,4,3:35.134,0,,33.802,1,1:23.210,0,1:38.122,0,228.0,26:46.468,22:26:46.468,0:33.802,1:23.210,1:38.122,319.1,Sean GELAEL,,LMP2,,WRT,Oreca,GF,33.802,83.210,98.122,
31,1,5,3:35.835,0,,34.031,0,1:23.638,0,1:38.166,0,227.3,30:22.303,22:30:22.303,0:34.031,1:23.638,1:38.166,322.0,Sean GELAEL,,LMP2,,WRT,Oreca,GF,34.031,83.638,98.166,
31,1,6,3:35.419,0,,33.980,0,1:23.016,0,1:38.423,0,227.7,33:57.722,22:33:57.722,0:33.980,1:23.016,1:38.423,320.1,Sean GELAEL,,LMP2,,WRT,Oreca,GF,33.980,83.016,98.423,
31,1,7,3:36.178,0,,34.045,0,1:23.484,0,1:38.649,0,226.9,37:33.900,22:37:33.900,0:34.045,1:23.484,1:38.649,321.0,Sean GELAEL,,LMP2,,WRT,Oreca,GF,34.045,83.484,98.649,
31,1,8,3:39.293,0,,34.931,0,1:24.257,0,1:40.105,0,223.7,41:13.193,22:41:13.193,0:34.931,1:24.257,1:40.105,319.1,Sean GELAEL,,LMP2,,WRT,Oreca,GF,34.931,84.257,100.105,
31,1,9,3:42.604,0,B,34.188,0,1:23.226,0,1:45.190,0,220.4,44:55.797,22:44:55.797,0:34.188,1:23.226,1:45.190,322.0,Sean GELAEL,,LMP2,,WRT,Oreca,GF,34.188,83.226,105.190,
31,2,10,5:25.836,0,,2:20.676,0,1:25.658,0,1:39.502,0,150.5,50:21.633,22:50:21.633,2:20.676,1:25.658,1:39.502,314.5,Robin FRIJNS,0:01:55.762,LMP2,,WRT,Oreca,GF,140.676,85.658,99.502,
31,2,11,3:36.375,0,,34.837,0,1:23.154,1,1:38.384,1,226.7,53:58.008,22:53:58.008,0:34.837,1:23.154,1:38.384,317.2,Robin FRIJNS,,LMP2,,WRT,Oreca,GF,34.837,83.154,98.384,
31,2,12,3:37.095,0,,34.386,0,1:23.729,0,1:38.980,0,226.0,57:35.103,22:57:35.103,0:34.386,1:23.729,1:38.980,319.1,Robin FRIJNS,,LMP2,,WRT,Oreca,GF,34.386,83.729,98.980,
31,2,13,3:45.484,0,B,34.817,0,1:23.968,0,1:46.699,0,217.5,1:01:20.587,23:01:20.587,0:34.817,1:23.968,1:46.699,318.2,Robin FRIJNS,,LMP2,,WRT,Oreca,GF,34.817,83.968,106.699,
31,2,14,6:20.693,0,,3:17.393,0,1:23.964,0,1:39.336,0,128.9,1:07:41.280,23:07:41.280,3:17.393,1:23.964,1:39.336,315.4,Robin FRIJNS,0:02:53.023,LMP2,,WRT,Oreca,GF,197.393,83.964,99.336,
31,2,15,3:36.133,0,,34.307,0,1:23.242,0,1:38.584,0,227.0,1:11:17.413,23:11:17.413,0:34.307,1:23.242,1:38.584,322.0,Robin FRIJNS,,LMP2,,WRT,Oreca,GF,34.307,83.242,98.584,
31,2,16,3:37.284,0,,34.227,1,1:23.638,0,1:39.419,0,225.8,1:14:54.697,23:14:54.697,0:34.227,1:23.638,1:39.419,323.9,Robin FRIJNS,,LMP2,,WRT,Oreca,GF,34.227,83.638,99.419,
31,2,17,3:47.392,0,B,35.085,0,1:24.243,0,1:48.064,0,215.7,1:18:42.089,23:18:42.089,0:35.085,1:24.243,1:48.064,321.0,Robin FRIJNS,,LMP2,,WRT,Oreca,GF,35.085,84.243,108.064,
31,3,18,5:53.826,0,,2:46.924,0,1:24.796,0,1:42.106,0,138.6,1:24:35.915,23:24:35.915,2:46.924,1:24.796,1:42.106,316.3,René RAST,0:02:22.983,LMP2,,WRT,Oreca,GF,166.924,84.796,102.106,
31,3,19,3:47.097,0,B,34.805,0,1:25.361,0,1:46.931,0,216.0,1:28:23.012,23:28:23.012,0:34.805,1:25.361,1:46.931,316.3,René RAST,,LMP2,,WRT,Oreca,GF,34.805,85.361,106.931,
31,3,20,4:20.361,0,,1:18.722,0,1:23.500,0,1:38.139,0,188.4,1:32:43.373,23:32:43.373,1:18.722,1:23.500,1:38.139,319.1,René RAST,0:00:54.608,LMP2,,WRT,Oreca,GF,78.722,83.500,98.139,
31,3,21,3:34.187,2,,33.751,0,1:22.452,0,1:37.984,2,229.0,1:36:17.560,23:36:17.560,0:33.751,1:22.452,1:37.984,320.1,René RAST,,LMP2,,WRT,Oreca,GF,33.751,82.452,97.984,
31,3,22,3:35.675,0,,33.774,0,1:23.066,0,1:38.835,0,227.4,1:39:53.235,23:39:53.235,0:33.774,1:23.066,1:38.835,322.9,René RAST,,LMP2,,WRT,Oreca,GF,33.774,83.066,98.835,
31,3,23,3:39.685,0,B,33.716,2,1:22.344,2,1:43.625,0,223.3,1:43:32.920,23:43:32.920,0:33.716,1:22.344,1:43.625,320.1,René RAST,,LMP2,,WRT,Oreca,GF,33.716,82.344,103.625,
31,1,24,5:14.239,0,,2:09.658,0,1:25.375,0,1:39.206,0,156.1,1:48:47.159,23:48:47.159,2:09.658,1:25.375,1:39.206,305.6,Sean GELAEL,0:01:45.160,LMP2,,WRT,Oreca,GF,129.658,85.375,99.206,
31,1,25,3:34.935,0,,33.950,0,1:22.908,0,1:38.077,1,228.2,1:52:22.094,23:52:22.094,0:33.950,1:22.908,1:38.077,320.1,Sean GELAEL,,LMP2,,WRT,Oreca,GF,33.950,82.908,98.077,
31,1,26,3:42.152,0,B,33.882,0,1:22.554,1,1:45.716,0,220.8,1:56:04.246,23:56:04.246,0:33.882,1:22.554,1:45.716,321.0,Sean GELAEL,,LMP2,,WRT,Oreca,GF,33.882,82.554,105.716,
32,1,1,4:14.316,0,,1:02.634,0,1:27.983,0,1:43.699,0,190.8,4:14.316,22:04:14.316,1:02.634,1:27.983,1:43.699,300.5,Rolf INEICHEN,0:00:28.562,LMP2,,Team WRT,Oreca,GF,62.634,87.983,103.699,
32,1,2,3:39.209,0,,34.317,0,1:24.129,0,1:40.763,0,223.8,7:53.525,22:07:53.525,0:34.317,1:24.129,1:40.763,317.2,Rolf INEICHEN,,LMP2,,Team WRT,Oreca,GF,34.317,84.129,100.763,
32,1,3,3:37.679,0,,34.403,0,1:23.591,0,1:39.685,0,225.3,11:31.204,22:11:31.204,0:34.403,1:23.591,1:39.685,316.3,Rolf INEICHEN,,LMP2,,Team WRT,Oreca,GF,34.403,83.591,99.685,
32,1,4,3:37.647,0,,34.413,0,1:23.531,0,1:39.703,0,225.4,15:08.851,22:15:08.851,0:34.413,1:23.531,1:39.703,316.3,Rolf INEICHEN,,LMP2,,Team WRT,Oreca,GF,34.413,83.531,99.703,
32,1,5,3:39.806,0,,35.130,0,1:24.606,0,1:40.070,0,223.2,18:48.657,22:18:48.657,0:35.130,1:24.606,1:40.070,314.5,Rolf INEICHEN,,LMP2,,Team WRT,Oreca,GF,35.130,84.606,100.070,
32,1,6,3:37.316,0,,34.128,1,1:23.751,0,1:39.437,0,225.7,22:25.973,22:22:25.973,0:34.128,1:23.751,1:39.437,322.0,Rolf INEICHEN,,LMP2,,Team WRT,Oreca,GF,34.128,83.751,99.437,
32,1,7,3:36.619,0,,34.237,0,1:23.023,1,1:39.359,0,226.5,26:02.592,22:26:02.592,0:34.237,1:23.023,1:39.359,320.1,Rolf INEICHEN,,LMP2,,Team WRT,Oreca,GF,34.237,83.023,99.359,
32,1,8,3:38.488,0,,34.496,0,1:23.250,0,1:40.742,0,224.5,29:41.080,22:29:41.080,0:34.496,1:23.250,1:40.742,317.2,Rolf INEICHEN,,LMP2,,Team WRT,Oreca,GF,34.496,83.250,100.742,
32,1,9,4:15.344,0,B,37.680,0,1:28.478,0,2:09.186,0,192.1,33:56.424,22:33:56.424,0:37.680,1:28.478,2:09.186,318.2,Rolf INEICHEN,,LMP2,,Team WRT,Oreca,GF,37.680,88.478,129.186,
32,1,10,4:44.160,0,,1:37.994,0,1:25.688,0,1:40.478,0,172.6,38:40.584,22:38:40.584,1:37.994,1:25.688,1:40.478,321.0,Rolf INEICHEN,0:01:14.002,LMP2,,Team WRT,Oreca,GF,97.994,85.688,100.478,
32,1,11,3:39.016,0,,34.521,0,1:24.157,0,1:40.338,0,224.0,42:19.600,22:42:19.600,0:34.521,1:24.157,1:40.338,319.1,Rolf INEICHEN,,LMP2,,Team WRT,Oreca,GF,34.521,84.157,100.338,
32,1,12,3:42.277,0,,35.214,0,1:24.635,0,1:42.428,0,220.7,46:01.877,22:46:01.877,0:35.214,1:24.635,1:42.428,319.1,Rolf INEICHEN,,LMP2,,Team WRT,Oreca,GF,35.214,84.635,102.428,
32,1,13,3:41.122,0,,35.780,0,1:24.581,0,1:40.761,0,221.8,49:42.999,22:49:42.999,0:35.780,1:24.581,1:40.761,316.3,Rolf INEICHEN,,LMP2,,Team WRT,Oreca,GF,35.780,84.581,100.761,
32,1,14,3:37.166,0,,34.432,0,1:23.566,0,1:39.168,1,225.9,53:20.165,22:53:20.165,0:34.432,1:23.566,1:39.168,318.2,Rolf INEICHEN,,LMP2,,Team WRT,Oreca,GF,34.432,83.566,99.168,
32,1,15,3:41.058,0,,34.410,0,1:23.674,0,1:42.974,0,221.9,57:01.223,22:57:01.223,0:34.410,1:23.674,1:42.974,321.0,Rolf INEICHEN,,LMP2,,Team WRT,Oreca,GF,34.410,83.674,102.974,
32,1,16,3:39.870,0,,34.807,0,1:23.831,0,1:41.232,0,223.1,1:00:41.093,23:00:41.093,0:34.807,1:23.831,1:41.232,321.0,Rolf INEICHEN,,LMP2,,Team WRT,Oreca,GF,34.807,83.831,101.232,
32,1,17,4:28.499,0,,34.631,0,2:06.652,0,1:47.216,0,182.7,1:05:09.592,23:05:09.592,0:34.631,2:06.652,1:47.216,319.1,Rolf INEICHEN,,LMP2,,Team WRT,Oreca,GF,34.631,126.652,107.216,
32,1,18,3:46.932,0,B,34.291,0,1:25.304,0,1:47.337,0,216.2,1:08:56.524,23:08:56.524,0:34.291,1:25.304,1:47.337,314.5,Rolf INEICHEN,,LMP2,,Team WRT,Oreca,GF,34.291,85.304,107.337,
32,2,19,4:59.612,0,B,1:42.831,0,1:24.139,0,1:52.642,0,163.7,1:13:56.136,23:13:56.136,1:42.831,1:24.139,1:52.642,314.5,Mirko BORTOLOTTI,0:01:18.770,LMP2,,Team WRT,Oreca,GF,102.831,84.139,112.642,
32,2,20,4:38.244,0,,1:32.749,0,1:23.931,0,1:41.564,0,176.3,1:18:34.380,23:18:34.380,1:32.749,1:23.931,1:41.564,320.1,Mirko BORTOLOTTI,0:01:08.202,LMP2,,Team WRT,Oreca,GF,92.749,83.931,101.564,
32,2,21,3:36.313,0,,34.072,0,1:22.748,0,1:39.493,0,226.8,1:22:10.693,23:22:10.693,0:34.072,1:22.748,1:39.493,318.2,Mirko BORTOLOTTI,,LMP2,,Team WRT,Oreca,GF,34.072,82.748,99.493,
32,2,22,3:33.681,2,,33.753,2,1:22.534,2,1:37.394,2,229.6,1:25:44.374,23:25:44.374,0:33.753,1:22.534,1:37.394,318.2,Mirko BORTOLOTTI,,LMP2,,Team WRT,Oreca,GF,33.753,82.534,97.394,
32,2,23,3:38.259,0,,34.019,0,1:22.674,0,1:41.566,0,224.7,1:29:22.633,23:29:22.633,0:34.019,1:22.674,1:41.566,321.0,Mirko BORTOLOTTI,,LMP2,,Team WRT,Oreca,GF,34.019,82.674,101.566,
32,2,24,3:38.846,0,,33.907,0,1:23.333,0,1:41.606,0,224.1,1:33:01.479,23:33:01.479,0:33.907,1:23.333,1:41.606,319.1,Mirko BORTOLOTTI,,LMP2,,Team WRT,Oreca,GF,33.907,83.333,101.606,
32,2,25,3:34.606,0,,33.838,0,1:22.836,0,1:37.932,0,228.6,1:36:36.085,23:36:36.085,0:33.838,1:22.836,1:37.932,319.1,Mirko BORTOLOTTI,,LMP2,,Team WRT,Oreca,GF,33.838,82.836,97.932,
32,2,26,3:51.109,0,B,34.201,0,1:22.632,0,1:54.276,0,212.3,1:40:27.194,23:40:27.194,0:34.201,1:22.632,1:54.276,319.1,Mirko BORTOLOTTI,,LMP2,,Team WRT,Oreca,GF,34.201,82.632,114.276,
32,2,27,23:03.308,0,B,19:41.805,0,1:31.529,0,1:49.974,0,35.5,2:03:30.502,00:03:30.502,19:41.805,1:31.529,1:49.974,247.6,Mirko BORTOLOTTI,0:19:16.283,LMP2,,Team WRT,Oreca,FF,1181.805,91.529,109.974,
34,3,1,32:57.187,0,,29:47.088,0,1:26.681,0,1:43.418,0,24.5,32:57.187,22:32:57.187,29:47.088,1:26.681,1:43.418,311.8,Esteban GUTIERREZ,0:29:12.837,LMP2,,Inter Europol Competition,Oreca,GF,1787.088,86.681,103.418,
34,3,2,3:38.118,0,,34.715,0,1:24.373,0,1:39.030,0,224.9,36:35.305,22:36:35.305,0:34.715,1:24.373,1:39.030,312.7,Esteban GUTIERREZ,,LMP2,,Inter Europol Competition,Oreca,GF,34.715,84.373,99.030,
34,3,3,3:36.975,0,,34.133,0,1:23.269,0,1:39.573,0,226.1,40:12.280,22:40:12.280,0:34.133,1:23.269,1:39.573,316.3,Esteban GUTIERREZ,,LMP2,,Inter Europol Competition,Oreca,GF,34.133,83.269,99.573,
34,3,4,3:36.688,0,,34.388,0,1:23.387,0,1:38.913,0,226.4,43:48.968,22:43:48.968,0:34.388,1:23.387,1:38.913,313.6,Esteban GUTIERREZ,,LMP2,,Inter Europol Competition,Oreca,GF,34.388,83.387,98.913,
34,3,5,3:42.087,0,B,34.047,1,1:23.601,0,1:44.439,0,220.9,47:31.055,22:47:31.055,0:34.047,1:23.601,1:44.439,317.2,Esteban GUTIERREZ,,LMP2,,Inter Europol Competition,Oreca,GF,34.047,83.601,104.439,
34,2,6,4:50.772,0,,1:44.392,0,1:25.044,0,1:41.336,0,168.7,52:21.827,22:52:21.827,1:44.392,1:25.044,1:41.336,314.5,Alex BRUNDLE,0:01:18.832,LMP2,,Inter Europol Competition,Oreca,GF,104.392,85.044,101.336,
34,2,7,3:35.927,2,,34.587,0,1:23.142,0,1:38.198,1,227.2,55:57.754,22:55:57.754,0:34.587,1:23.142,1:38.198,316.3,Alex BRUNDLE,,LMP2,,Inter Europol Competition,Oreca,GF,34.587,83.142,98.198,
34,2,8,3:42.817,0,,34.928,0,1:25.610,0,1:42.279,0,220.2,59:40.571,22:59:40.571,0:34.928,1:25.610,1:42.279,317.2,Alex BRUNDLE,,LMP2,,Inter Europol Competition,Oreca,GF,34.928,85.610,102.279,
34,2,9,3:44.550,0,B,34.052,0,1:23.628,0,1:46.870,0,218.5,1:03:25.121,23:03:25.121,0:34.052,1:23.628,1:46.870,315.4,Alex BRUNDLE,,LMP2,,Inter Europol Competition,Oreca,GF,34.052,83.628,106.870,
34,1,10,5:50.097,0,,2:38.450,0,1:28.397,0,1:43.250,0,140.1,1:09:15.218,23:09:15.218,2:38.450,1:28.397,1:43.250,260.7,Jakub SMIECHOWSKI,0:02:13.063,LMP2,,Inter Europol Competition,Oreca,GF,158.450,88.397,103.250,
34,1,11,3:47.182,0,,36.162,0,1:26.095,0,1:44.925,0,215.9,1:13:02.400,23:13:02.400,0:36.162,1:26.095,1:44.925,282.5,Jakub SMIECHOWSKI,,LMP2,,Inter Europol Competition,Oreca,GF,36.162,86.095,104.925,
34,1,12,3:41.709,0,,35.230,0,1:25.042,0,1:41.437,0,221.3,1:16:44.109,23:16:44.109,0:35.230,1:25.042,1:41.437,313.6,Jakub SMIECHOWSKI,,LMP2,,Inter Europol Competition,Oreca,GF,35.230,85.042,101.437,
34,1,13,3:40.327,0,,34.925,0,1:24.461,0,1:40.941,1,222.6,1:20:24.436,23:20:24.436,0:34.925,1:24.461,1:40.941,313.6,Jakub SMIECHOWSKI,,LMP2,,Inter Europol Competition,Oreca,GF,34.925,84.461,100.941,
34,1,14,3:46.115,0,B,34.711,1,1:23.977,1,1:47.427,0,216.9,1:24:10.551,23:24:10.551,0:34.711,1:23.977,1:47.427,314.5,Jakub SMIECHOWSKI,,LMP2,,Inter Europol Competition,Oreca,GF,34.711,83.977,107.427,
34,2,15,5:00.077,0,,1:49.976,0,1:28.116,0,1:41.985,0,163.5,1:29:10.628,23:29:10.628,1:49.976,1:28.116,1:41.985,310.0,Alex BRUNDLE,0:01:21.394,LMP2,,Inter Europol Competition,Oreca,GF,109.976,88.116,101.985,
34,2,16,3:42.453,0,,34.557,0,1:25.308,0,1:42.588,0,220.5,1:32:53.081,23:32:53.081,0:34.557,1:25.308,1:42.588,315.4,Alex BRUNDLE,,LMP2,,Inter Europol Competition,Oreca,GF,34.557,85.308,102.588,
34,2,17,3:35.967,0,,34.172,0,1:22.959,1,1:38.836,0,227.1,1:36:29.048,23:36:29.048,0:34.172,1:22.959,1:38.836,314.5,Alex BRUNDLE,,LMP2,,Inter Europol Competition,Oreca,GF,34.172,82.959,98.836,
34,2,18,3:46.500,0,,33.927,2,1:23.666,0,1:48.907,0,216.6,1:40:15.548,23:40:15.548,0:33.927,1:23.666,1:48.907,315.4,Alex BRUNDLE,,LMP2,,Inter Europol Competition,Oreca,GF,33.927,83.666,108.907,
34,2,19,3:45.613,0,B,34.011,0,1:23.308,0,1:48.294,0,217.4,1:44:01.161,23:44:01.161,0:34.011,1:23.308,1:48.294,317.2,Alex BRUNDLE,,LMP2,,Inter Europol Competition,Oreca,GF,34.011,83.308,108.294,
34,3,20,5:00.992,0,,1:58.383,0,1:23.658,0,1:38.951,0,163.0,1:49:02.153,23:49:02.153,1:58.383,1:23.658,1:38.951,313.6,Esteban GUTIERREZ,0:01:34.504,LMP2,,Inter Europol Competition,Oreca,GF,118.383,83.658,98.951,
34,3,21,3:36.631,0,,34.067,0,1:23.162,0,1:39.402,0,226.4,1:52:38.784,23:52:38.784,0:34.067,1:23.162,1:39.402,313.6,Esteban GUTIERREZ,,LMP2,,Inter Europol Competition,Oreca,GF,34.067,83.162,99.402,
34,3,22,4:00.444,0,,51.880,0,1:26.258,0,1:42.306,0,204.0,1:56:39.228,23:56:39.228,0:51.880,1:26.258,1:42.306,312.7,Esteban GUTIERREZ,,LMP2,,Inter Europol Competition,Oreca,GF,51.880,86.258,102.306,
34,3,23,3:42.079,0,,41.399,0,1:22.892,2,1:37.788,2,220.9,2:00:21.307,00:00:21.307,0:41.399,1:22.892,1:37.788,313.6,Esteban GUTIERREZ,,LMP2,,Inter Europol Competition,Oreca,FF,41.399,82.892,97.788,
35,1,1,3:46.203,0,,39.662,0,1:25.348,0,1:41.193,0,214.5,3:46.203,22:03:46.203,0:39.662,1:25.348,1:41.193,305.6,Jean-Baptiste LAHAYE,0:00:05.637,LMP2,P/A,Ultimate,Oreca,GF,39.662,85.348,101.193,
35,1,2,3:35.946,0,,34.518,0,1:23.304,0,1:38.124,0,227.2,7:22.149,22:07:22.149,0:34.518,1:23.304,1:38.124,322.0,Jean-Baptiste LAHAYE,,LMP2,P/A,Ultimate,Oreca,GF,34.518,83.304,98.124,
35,1,3,3:35.602,0,,33.969,0,1:23.116,0,1:38.517,0,227.5,10:57.751,22:10:57.751,0:33.969,1:23.116,1:38.517,318.2,Jean-Baptiste LAHAYE,,LMP2,P/A,Ultimate,Oreca,GF,33.969,83.116,98.517,
35,1,4,3:34.588,2,,33.888,2,1:22.881,2,1:37.819,2,228.6,14:32.339,22:14:32.339,0:33.888,1:22.881,1:37.819,319.1,Jean-Baptiste LAHAYE,,LMP2,P/A,Ultimate,Oreca,GF,33.888,82.881,97.819,
35,1,5,3:43.635,0,B,34.057,0,1:23.483,0,1:46.095,0,219.3,18:15.974,22:18:15.974,0:34.057,1:23.483,1:46.095,318.2,Jean-Baptiste LAHAYE,,LMP2,P/A,Ultimate,Oreca,GF,34.057,83.483,106.095,
35,3,6,5:37.135,0,,2:29.545,0,1:25.135,0,1:42.455,0,145.5,23:53.109,22:23:53.109,2:29.545,1:25.135,1:42.455,312.7,François HERIAU,0:02:04.814,LMP2,P/A,Ultimate,Oreca,GF,149.545,85.135,102.455,
35,3,7,3:41.712,0,,35.017,0,1:24.858,0,1:41.837,0,221.2,27:34.821,22:27:34.821,0:35.017,1:24.858,1:41.837,314.5,François HERIAU,,LMP2,P/A,Ultimate,Oreca,GF,35.017,84.858,101.837,
35,3,8,3:45.697,0,,34.909,0,1:25.348,0,1:45.440,0,217.3,31:20.518,22:31:20.518,0:34.909,1:25.348,1:45.440,318.2,François HERIAU,,LMP2,P/A,Ultimate,Oreca,GF,34.909,85.348,105.440,
35,3,9,3:44.819,0,,35.934,0,1:26.610,0,1:42.275,0,218.2,35:05.337,22:35:05.337,0:35.934,1:26.610,1:42.275,313.6,François HERIAU,,LMP2,P/A,Ultimate,Oreca,GF,35.934,86.610,102.275,
35,3,10,3:43.918,0,,34.998,0,1:25.128,0,1:43.792,0,219.1,38:49.255,22:38:49.255,0:34.998,1:25.128,1:43.792,317.2,François HERIAU,,LMP2,P/A,Ultimate,Oreca,GF,34.998,85.128,103.792,
35,3,11,3:42.306,0,,35.125,0,1:24.903,0,1:42.278,0,220.7,42:31.561,22:42:31.561,0:35.125,1:24.903,1:42.278,314.5,François HERIAU,,LMP2,P/A,Ultimate,Oreca,GF,35.125,84.903,102.278,
35,3,12,3:41.049,0,,35.131,0,1:24.517,0,1:41.401,1,221.9,46:12.610,22:46:12.610,0:35.131,1:24.517,1:41.401,319.1,François HERIAU,,LMP2,P/A,Ultimate,Oreca,GF,35.131,84.517,101.401,
35,3,13,3:41.616,0,,34.784,1,1:24.362,1,1:42.470,0,221.3,49:54.226,22:49:54.226,0:34.784,1:24.362,1:42.470,319.1,François HERIAU,,LMP2,P/A,Ultimate,Oreca,GF,34.784,84.362,102.470,
35,3,14,3:48.229,0,B,34.878,0,1:24.549,0,1:48.802,0,214.9,53:42.455,22:53:42.455,0:34.878,1:24.549,1:48.802,318.2,François HERIAU,,LMP2,P/A,Ultimate,Oreca,GF,34.878,84.549,108.802,
35,2,15,5:21.500,0,,2:14.885,0,1:25.319,0,1:41.296,0,152.6,59:03.955,22:59:03.955,2:14.885,1:25.319,1:41.296,312.7,Matthieu LAHAYE,0:01:48.882,LMP2,P/A,Ultimate,Oreca,GF,134.885,85.319,101.296,
35,2,16,3:42.803,0,,35.247,0,1:25.211,0,1:42.345,0,220.2,1:02:46.758,23:02:46.758,0:35.247,1:25.211,1:42.345,314.5,Matthieu LAHAYE,,LMP2,P/A,Ultimate,Oreca,GF,35.247,85.211,102.345,
35,2,17,4:20.963,0,,34.775,0,2:01.785,0,1:44.403,0,188.0,1:07:07.721,23:07:07.721,0:34.775,2:01.785,1:44.403,317.2,Matthieu LAHAYE,,LMP2,P/A,Ultimate,Oreca,GF,34.775,121.785,104.403,
35,2,18,3:39.558,0,,35.360,0,1:23.968,0,1:40.230,0,223.4,1:10:47.279,23:10:47.279,0:35.360,1:23.968,1:40.230,317.2,Matthieu LAHAYE,,LMP2,P/A,Ultimate,Oreca,GF,35.360,83.968,100.230,
35,2,19,3:40.430,0,,34.753,0,1:25.224,0,1:40.453,0,222.5,1:14:27.709,23:14:27.709,0:34.753,1:25.224,1:40.453,313.6,Matthieu LAHAYE,,LMP2,P/A,Ultimate,Oreca,GF,34.753,85.224,100.453,
35,2,20,3:39.787,0,,34.898,0,1:24.803,0,1:40.086,0,223.2,1:18:07.496,23:18:07.496,0:34.898,1:24.803,1:40.086,318.2,Matthieu LAHAYE,,LMP2,P/A,Ultimate,Oreca,GF,34.898,84.803,100.086,
35,2,21,3:38.234,0,,34.774,0,1:23.947,0,1:39.513,1,224.8,1:21:45.730,23:21:45.730,0:34.774,1:23.947,1:39.513,315.4,Matthieu LAHAYE,,LMP2,P/A,Ultimate,Oreca,GF,34.774,83.947,99.513,
35,2,22,3:38.597,0,,34.504,1,1:23.765,1,1:40.328,0,224.4,1:25:24.327,23:25:24.327,0:34.504,1:23.765,1:40.328,317.2,Matthieu LAHAYE,,LMP2,P/A,Ultimate,Oreca,GF,34.504,83.765,100.328,
35,2,23,3:45.787,0,B,35.124,0,1:24.555,0,1:46.108,0,217.3,1:29:10.114,23:29:10.114,0:35.124,1:24.555,1:46.108,314.5,Matthieu LAHAYE,,LMP2,P/A,Ultimate,Oreca,GF,35.124,84.555,106.108,
35,1,24,4:50.333,0,,1:44.143,0,1:25.245,0,1:40.945,0,169.0,1:34:00.447,23:34:00.447,1:44.143,1:25.245,1:40.945,313.6,Jean-Baptiste LAHAYE,0:01:19.924,LMP2,P/A,Ultimate,Oreca,GF,104.143,85.245,100.945,
35,1,25,3:40.750,0,,35.502,0,1:24.941,0,1:40.307,0,222.2,1:37:41.197,23:37:41.197,0:35.502,1:24.941,1:40.307,304.7,Jean-Baptiste LAHAYE,,LMP2,P/A,Ultimate,Oreca,GF,35.502,84.941,100.307,
35,1,26,3:39.216,0,,34.574,0,1:24.771,0,1:39.871,0,223.8,1:41:20.413,23:41:20.413,0:34.574,1:24.771,1:39.871,318.2,Jean-Baptiste LAHAYE,,LMP2,P/A,Ultimate,Oreca,GF,34.574,84.771,99.871,
35,1,27,3:39.611,0,,34.686,0,1:24.926,0,1:39.999,0,223.4,1:45:00.024,23:45:00.024,0:34.686,1:24.926,1:39.999,313.6,Jean-Baptiste LAHAYE,,LMP2,P/A,Ultimate,Oreca,GF,34.686,84.926,99.999,
35,1,28,3:39.069,0,,34.554,0,1:24.373,0,1:40.142,0,223.9,1:48:39.093,23:48:39.093,0:34.554,1:24.373,1:40.142,313.6,Jean-Baptiste LAHAYE,,LMP2,P/A,Ultimate,Oreca,GF,34.554,84.373,100.142,
35,1,29,3:37.314,0,,34.233,0,1:23.857,0,1:39.224,0,225.7,1:52:16.407,23:52:16.407,0:34.233,1:23.857,1:39.224,314.5,Jean-Baptiste LAHAYE,,LMP2,P/A,Ultimate,Oreca,GF,34.233,83.857,99.224,
35,1,30,3:45.360,0,B,34.281,0,1:24.265,0,1:46.814,0,217.7,1:56:01.767,23:56:01.767,0:34.281,1:24.265,1:46.814,314.5,Jean-Baptiste LAHAYE,,LMP2,P/A,Ultimate,Oreca,GF,34.281,84.265,106.814,
36,1,1,20:39.027,0,,17:36.846,0,1:24.198,0,1:37.983,0,39.2,20:39.027,22:20:39.027,17:36.846,1:24.198,1:37.983,316.3,André NEGRÃO,0:17:03.934,HYPERCAR,,Alpine ELF Team,Alpine,GF,1056.846,84.198,97.983,
36,1,2,3:31.749,0,,33.893,0,1:21.714,0,1:36.142,0,231.7,24:10.776,22:24:10.776,0:33.893,1:21.714,1:36.142,323.9,André NEGRÃO,,HYPERCAR,,Alpine ELF Team,Alpine,GF,33.893,81.714,96.142,
36,1,3,3:31.681,0,,33.615,0,1:21.987,0,1:36.079,0,231.7,27:42.457,22:27:42.457,0:33.615,1:21.987,1:36.079,322.9,André NEGRÃO,,HYPERCAR,,Alpine ELF Team,Alpine,GF,33.615,81.987,96.079,
36,1,4,3:32.724,0,,33.256,0,1:21.245,2,1:38.223,0,230.6,31:15.181,22:31:15.181,0:33.256,1:21.245,1:38.223,326.8,André NEGRÃO,,HYPERCAR,,Alpine ELF Team,Alpine,GF,33.256,81.245,98.223,
36,1,5,3:32.440,0,,33.248,1,1:21.282,0,1:37.910,0,230.9,34:47.621,22:34:47.621,0:33.248,1:21.282,1:37.910,325.8,André NEGRÃO,,HYPERCAR,,Alpine ELF Team,Alpine,GF,33.248,81.282,97.910,
36,1,6,3:32.221,0,,33.675,0,1:21.966,0,1:36.580,0,231.1,38:19.842,22:38:19.842,0:33.675,1:21.966,1:36.580,324.9,André NEGRÃO,,HYPERCAR,,Alpine ELF Team,Alpine,GF,33.675,81.966,96.580,
36,1,7,3:31.736,0,,33.543,0,1:21.534,0,1:36.659,0,231.7,41:51.578,22:41:51.578,0:33.543,1:21.534,1:36.659,324.9,André NEGRÃO,,HYPERCAR,,Alpine ELF Team,Alpine,GF,33.543,81.534,96.659,
36,1,8,3:34.054,0,,33.248,0,1:24.007,0,1:36.799,0,229.2,45:25.632,22:45:25.632,0:33.248,1:24.007,1:36.799,327.8,André NEGRÃO,,HYPERCAR,,Alpine ELF Team,Alpine,GF,33.248,84.007,96.799,
36,1,9,3:31.452,0,,33.478,0,1:21.692,0,1:36.282,0,232.0,48:57.084,22:48:57.084,0:33.478,1:21.692,1:36.282,328.8,André NEGRÃO,,HYPERCAR,,Alpine ELF Team,Alpine,GF,33.478,81.692,96.282,
36,1,10,3:34.373,0,,33.657,0,1:21.589,0,1:39.127,0,228.8,52:31.457,22:52:31.457,0:33.657,1:21.589,1:39.127,326.8,André NEGRÃO,,HYPERCAR,,Alpine ELF Team,Alpine,GF,33.657,81.589,99.127,
36,1,11,3:34.089,0,,33.815,0,1:22.098,0,1:38.176,0,229.1,56:05.546,22:56:05.546,0:33.815,1:22.098,1:38.176,328.8,André NEGRÃO,,HYPERCAR,,Alpine ELF Team,Alpine,GF,33.815,82.098,98.176,
36,1,12,3:31.039,2,,33.360,0,1:21.828,0,1:35.851,2,232.4,59:36.585,22:59:36.585,0:33.360,1:21.828,1:35.851,329.8,André NEGRÃO,,HYPERCAR,,Alpine ELF Team,Alpine,GF,33.360,81.828,95.851,
36,1,13,3:45.388,0,B,33.370,0,1:25.979,0,1:46.039,0,217.6,1:03:21.973,23:03:21.973,0:33.370,1:25.979,1:46.039,236.7,André NEGRÃO,,HYPERCAR,,Alpine ELF Team,Alpine,GF,33.370,85.979,106.039,
36,3,14,6:56.407,0,,3:53.071,0,1:23.995,0,1:39.341,0,117.8,1:10:18.380,23:10:18.380,3:53.071,1:23.995,1:39.341,322.9,Matthieu VAXIVIERE,0:03:28.587,HYPERCAR,,Alpine ELF Team,Alpine,GF,233.071,83.995,99.341,
36,3,15,3:35.085,0,,33.863,0,1:22.455,0,1:38.767,0,228.1,1:13:53.465,23:13:53.465,0:33.863,1:22.455,1:38.767,315.4,Matthieu VAXIVIERE,,HYPERCAR,,Alpine ELF Team,Alpine,GF,33.863,82.455,98.767,
36,3,16,3:33.589,0,,33.625,0,1:22.290,0,1:37.674,0,229.7,1:17:27.054,23:17:27.054,0:33.625,1:22.290,1:37.674,324.9,Matthieu VAXIVIERE,,HYPERCAR,,Alpine ELF Team,Alpine,GF,33.625,82.290,97.674,
36,3,17,3:33.123,0,,33.661,0,1:22.624,0,1:36.838,0,230.2,1:21:00.177,23:21:00.177,0:33.661,1:22.624,1:36.838,316.3,Matthieu VAXIVIERE,,HYPERCAR,,Alpine ELF Team,Alpine,GF,33.661,82.624,96.838,
36,3,18,3:36.115,0,,34.235,0,1:22.590,0,1:39.290,0,227.0,1:24:36.292,23:24:36.292,0:34.235,1:22.590,1:39.290,318.2,Matthieu VAXIVIERE,,HYPERCAR,,Alpine ELF Team,Alpine,GF,34.235,82.590,99.290,
36,3,19,3:35.435,0,,34.681,0,1:23.023,0,1:37.731,0,227.7,1:28:11.727,23:28:11.727,0:34.681,1:23.023,1:37.731,322.0,Matthieu VAXIVIERE,,HYPERCAR,,Alpine ELF Team,Alpine,GF,34.681,83.023,97.731,
36,3,20,3:32.150,0,,33.604,0,1:22.086,0,1:36.460,0,231.2,1:31:43.877,23:31:43.877,0:33.604,1:22.086,1:36.460,323.9,Matthieu VAXIVIERE,,HYPERCAR,,Alpine ELF Team,Alpine,GF,33.604,82.086,96.460,
36,3,21,3:32.297,0,,33.396,0,1:21.771,1,1:37.130,0,231.1,1:35:16.174,23:35:16.174,0:33.396,1:21.771,1:37.130,326.8,Matthieu VAXIVIERE,,HYPERCAR,,Alpine ELF Team,Alpine,GF,33.396,81.771,97.130,
36,3,22,3:31.086,0,,33.287,0,1:21.784,0,1:36.015,1,232.4,1:38:47.260,23:38:47.260,0:33.287,1:21.784,1:36.015,311.8,Matthieu VAXIVIERE,,HYPERCAR,,Alpine ELF Team,Alpine,GF,33.287,81.784,96.015,
36,3,23,3:33.125,0,,33.987,0,1:21.910,0,1:37.228,0,230.2,1:42:20.385,23:42:20.385,0:33.987,1:21.910,1:37.228,328.8,Matthieu VAXIVIERE,,HYPERCAR,,Alpine ELF Team,Alpine,GF,33.987,81.910,97.228,
36,3,24,3:33.529,0,,33.281,0,1:22.058,0,1:38.190,0,229.7,1:45:53.914,23:45:53.914,0:33.281,1:22.058,1:38.190,316.3,Matthieu VAXIVIERE,,HYPERCAR,,Alpine ELF Team,Alpine,GF,33.281,82.058,98.190,
36,3,25,3:39.603,0,B,33.185,2,1:22.150,0,1:44.268,0,223.4,1:49:33.517,23:49:33.517,0:33.185,1:22.150,1:44.268,317.2,Matthieu VAXIVIERE,,HYPERCAR,,Alpine ELF Team,Alpine,GF,33.185,82.150,104.268,
36,2,26,5:00.455,0,B,1:50.729,0,1:23.293,0,1:46.433,0,163.3,1:54:33.972,23:54:33.972,1:50.729,1:23.293,1:46.433,321.0,Nicolas LAPIERRE,0:01:25.886,HYPERCAR,,Alpine ELF Team,Alpine,GF,110.729,83.293,106.433,
36,2,27,4:14.542,0,,1:10.525,0,1:23.561,0,1:40.456,0,192.7,1:58:48.514,23:58:48.514,1:10.525,1:23.561,1:40.456,322.9,Nicolas LAPIERRE,0:00:32.378,HYPERCAR,,Alpine ELF Team,Alpine,GF,70.525,83.561,100.456,
36,2,28,3:32.087,0,,33.554,1,1:21.701,1,1:36.832,1,231.3,2:02:20.601,00:02:20.601,0:33.554,1:21.701,1:36.832,322.9,Nicolas LAPIERRE,,HYPERCAR,,Alpine ELF Team,Alpine,FF,33.554,81.701,96.832,
37,1,1,10:46.092,0,,7:30.128,0,1:24.465,0,1:51.499,0,75.1,10:46.092,22:10:46.092,7:30.128,1:24.465,1:51.499,314.5,Yifei YE,0:06:57.569,LMP2,,COOL Racing,Oreca,GF,450.128,84.465,111.499,
37,1,2,3:34.433,0,,33.806,0,1:23.387,0,1:37.240,2,228.8,14:20.525,22:14:20.525,0:33.806,1:23.387,1:37.240,318.2,Yifei YE,,LMP2,,COOL Racing,Oreca,GF,33.806,83.387,97.240,
37,1,3,3:34.777,0,,33.998,0,1:22.733,0,1:38.046,0,228.4,17:55.302,22:17:55.302,0:33.998,1:22.733,1:38.046,321.0,Yifei YE,,LMP2,,COOL Racing,Oreca,GF,33.998,82.733,98.046,
37,1,4,3:33.674,2,,33.725,2,1:22.162,2,1:37.787,0,229.6,21:28.976,22:21:28.976,0:33.725,1:22.162,1:37.787,322.0,Yifei YE,,LMP2,,COOL Racing,Oreca,GF,33.725,82.162,97.787,
37,1,5,3:57.069,0,B,34.552,0,1:24.850,0,1:57.667,0,206.9,25:26.045,22:25:26.045,0:34.552,1:24.850,1:57.667,317.2,Yifei YE,,LMP2,,COOL Racing,Oreca,GF,34.552,84.850,117.667,
37,3,6,9:09.703,0,,6:04.309,0,1:25.113,0,1:40.281,0,89.2,34:35.748,22:34:35.748,6:04.309,1:25.113,1:40.281,316.3,Niklas KRUETTEN,0:05:38.856,LMP2,,COOL Racing,Oreca,GF,364.309,85.113,100.281,
37,3,7,3:42.780,0,,34.420,0,1:23.926,0,1:44.434,0,220.2,38:18.528,22:38:18.528,0:34.420,1:23.926,1:44.434,318.2,Niklas KRUETTEN,,LMP2,,COOL Racing,Oreca,GF,34.420,83.926,104.434,
37,3,8,3:36.656,0,,34.269,0,1:23.584,0,1:38.803,0,226.4,41:55.184,22:41:55.184,0:34.269,1:23.584,1:38.803,320.1,Niklas KRUETTEN,,LMP2,,COOL Racing,Oreca,GF,34.269,83.584,98.803,
37,3,9,3:39.522,0,,34.765,0,1:23.127,0,1:41.630,0,223.5,45:34.706,22:45:34.706,0:34.765,1:23.127,1:41.630,319.1,Niklas KRUETTEN,,LMP2,,COOL Racing,Oreca,GF,34.765,83.127,101.630,
37,3,10,3:37.342,0,,34.271,0,1:22.948,0,1:40.123,0,225.7,49:12.048,22:49:12.048,0:34.271,1:22.948,1:40.123,320.1,Niklas KRUETTEN,,LMP2,,COOL Racing,Oreca,GF,34.271,82.948,100.123,
37,3,11,3:38.723,0,,34.963,0,1:23.545,0,1:40.215,0,224.3,52:50.771,22:52:50.771,0:34.963,1:23.545,1:40.215,317.2,Niklas KRUETTEN,,LMP2,,COOL Racing,Oreca,GF,34.963,83.545,100.215,
37,3,12,3:37.027,0,,34.302,0,1:23.162,0,1:39.563,0,226.0,56:27.798,22:56:27.798,0:34.302,1:23.162,1:39.563,319.1,Niklas KRUETTEN,,LMP2,,COOL Racing,Oreca,GF,34.302,83.162,99.563,
37,3,13,3:34.663,0,,33.928,1,1:22.721,1,1:38.014,1,228.5,1:00:02.461,23:00:02.461,0:33.928,1:22.721,1:38.014,319.1,Niklas KRUETTEN,,LMP2,,COOL Racing,Oreca,GF,33.928,82.721,98.014,
37,3,14,4:00.019,0,B,35.256,0,1:32.905,0,1:51.858,0,204.4,1:04:02.480,23:04:02.480,0:35.256,1:32.905,1:51.858,299.7,Niklas KRUETTEN,,LMP2,,COOL Racing,Oreca,GF,35.256,92.905,111.858,
37,2,15,13:05.956,0,,9:57.444,0,1:27.448,0,1:41.064,0,62.4,1:17:08.436,23:17:08.436,9:57.444,1:27.448,1:41.064,310.0,Ricky TAYLOR,0:09:27.951,LMP2,,COOL Racing,Oreca,GF,597.444,87.448,101.064,
37,2,16,3:37.574,0,,34.578,0,1:23.818,0,1:39.178,0,225.5,1:20:46.010,23:20:46.010,0:34.578,1:23.818,1:39.178,317.2,Ricky TAYLOR,,LMP2,,COOL Racing,Oreca,GF,34.578,83.818,99.178,
37,2,17,3:37.168,0,,34.490,0,1:23.648,0,1:39.030,0,225.9,1:24:23.178,23:24:23.178,0:34.490,1:23.648,1:39.030,316.3,Ricky TAYLOR,,LMP2,,COOL Racing,Oreca,GF,34.490,83.648,99.030,
37,2,18,3:36.280,0,,34.142,0,1:22.815,0,1:39.323,0,226.8,1:27:59.458,23:27:59.458,0:34.142,1:22.815,1:39.323,316.3,Ricky TAYLOR,,LMP2,,COOL Racing,Oreca,GF,34.142,82.815,99.323,
37,2,19,3:37.497,0,,34.231,0,1:22.969,0,1:40.297,0,225.5,1:31:36.955,23:31:36.955,0:34.231,1:22.969,1:40.297,315.4,Ricky TAYLOR,,LMP2,,COOL Racing,Oreca,GF,34.231,82.969,100.297,
37,2,20,3:34.928,0,,33.995,0,1:22.828,0,1:38.105,1,228.2,1:35:11.883,23:35:11.883,0:33.995,1:22.828,1:38.105,316.3,Ricky TAYLOR,,LMP2,,COOL Racing,Oreca,GF,33.995,82.828,98.105,
37,2,21,3:42.092,0,B,33.746,1,1:22.566,1,1:45.780,0,220.9,1:38:53.975,23:38:53.975,0:33.746,1:22.566,1:45.780,317.2,Ricky TAYLOR,,LMP2,,COOL Racing,Oreca,GF,33.746,82.566,105.780,
37,3,22,9:01.199,0,,5:51.259,0,1:25.677,0,1:44.263,0,90.6,1:47:55.174,23:47:55.174,5:51.259,1:25.677,1:44.263,316.3,Niklas KRUETTEN,0:05:26.766,LMP2,,COOL Racing,Oreca,GF,351.259,85.677,104.263,
37,3,23,3:37.003,0,,34.177,0,1:23.283,0,1:39.543,0,226.1,1:51:32.177,23:51:32.177,0:34.177,1:23.283,1:39.543,318.2,Niklas KRUETTEN,,LMP2,,COOL Racing,Oreca,GF,34.177,83.283,99.543,
37,3,24,3:38.342,0,,34.363,0,1:23.162,0,1:40.817,0,224.7,1:55:10.519,23:55:10.519,0:34.363,1:23.162,1:40.817,319.1,Niklas KRUETTEN,,LMP2,,COOL Racing,Oreca,GF,34.363,83.162,100.817,
37,3,25,4:12.937,0,B,1:03.303,0,1:23.643,0,1:45.991,0,193.9,1:59:23.456,23:59:23.456,1:03.303,1:23.643,1:45.991,322.9,Niklas KRUETTEN,,LMP2,,COOL Racing,Oreca,GF,63.303,83.643,105.991,
38,1,1,5:15.663,0,,2:07.412,0,1:24.707,0,1:43.544,0,153.7,5:15.663,22:05:15.663,2:07.412,1:24.707,1:43.544,315.4,Roberto GONZALEZ,0:01:34.201,LMP2,,JOTA,Oreca,GF,127.412,84.707,103.544,
38,1,2,3:38.594,0,,35.022,0,1:24.441,0,1:39.131,0,224.4,8:54.257,22:08:54.257,0:35.022,1:24.441,1:39.131,321.0,Roberto GONZALEZ,,LMP2,,JOTA,Oreca,GF,35.022,84.441,99.131,
38,1,3,3:36.953,0,,34.419,0,1:22.763,0,1:39.771,0,226.1,12:31.210,22:12:31.210,0:34.419,1:22.763,1:39.771,324.9,Roberto GONZALEZ,,LMP2,,JOTA,Oreca,GF,34.419,82.763,99.771,
38,1,4,3:36.168,0,,34.330,0,1:22.774,0,1:39.064,0,226.9,16:07.378,22:16:07.378,0:34.330,1:22.774,1:39.064,322.0,Roberto GONZALEZ,,LMP2,,JOTA,Oreca,GF,34.330,82.774,99.064,
38,1,5,3:35.329,0,,34.170,0,1:22.690,0,1:38.469,0,227.8,19:42.707,22:19:42.707,0:34.170,1:22.690,1:38.469,320.1,Roberto GONZALEZ,,LMP2,,JOTA,Oreca,GF,34.170,82.690,98.469,
38,1,6,3:34.991,0,,34.080,1,1:22.510,0,1:38.401,0,228.2,23:17.698,22:23:17.698,0:34.080,1:22.510,1:38.401,322.0,Roberto GONZALEZ,,LMP2,,JOTA,Oreca,GF,34.080,82.510,98.401,
38,1,7,3:34.657,0,,34.085,0,1:22.425,0,1:38.147,1,228.5,26:52.355,22:26:52.355,0:34.085,1:22.425,1:38.147,322.0,Roberto GONZALEZ,,LMP2,,JOTA,Oreca,GF,34.085,82.425,98.147,
38,1,8,3:36.024,0,,34.098,0,1:22.837,0,1:39.089,0,227.1,30:28.379,22:30:28.379,0:34.098,1:22.837,1:39.089,325.8,Roberto GONZALEZ,,LMP2,,JOTA,Oreca,GF,34.098,82.837,99.089,
38,1,9,3:42.064,0,B,34.098,0,1:22.408,1,1:45.558,0,220.9,34:10.443,22:34:10.443,0:34.098,1:22.408,1:45.558,322.0,Roberto GONZALEZ,,LMP2,,JOTA,Oreca,GF,34.098,82.408,105.558,
38,2,10,7:35.934,0,,4:33.854,0,1:23.742,0,1:38.338,0,107.6,41:46.377,22:41:46.377,4:33.854,1:23.742,1:38.338,317.2,Antonio Felix DA COSTA,0:04:10.221,LMP2,,JOTA,Oreca,GF,273.854,83.742,98.338,
38,2,11,3:34.524,0,,34.012,0,1:22.721,0,1:37.791,1,228.7,45:20.901,22:45:20.901,0:34.012,1:22.721,1:37.791,323.9,Antonio Felix DA COSTA,,LMP2,,JOTA,Oreca,GF,34.012,82.721,97.791,
38,2,12,3:34.188,0,,33.794,0,1:22.452,1,1:37.942,0,229.0,48:55.089,22:48:55.089,0:33.794,1:22.452,1:37.942,324.9,Antonio Felix DA COSTA,,LMP2,,JOTA,Oreca,GF,33.794,82.452,97.942,
38,2,13,3:54.549,0,,34.110,0,1:22.734,0,1:57.705,0,209.1,52:49.638,22:52:49.638,0:34.110,1:22.734,1:57.705,322.0,Antonio Felix DA COSTA,,LMP2,,JOTA,Oreca,GF,34.110,82.734,117.705,
38,2,14,3:45.255,0,B,35.152,0,1:23.836,0,1:46.267,0,217.8,56:34.893,22:56:34.893,0:35.152,1:23.836,1:46.267,298.0,Antonio Felix DA COSTA,,LMP2,,JOTA,Oreca,GF,35.152,83.836,106.267,
38,2,15,6:12.431,0,,3:11.367,0,1:22.876,0,1:38.188,0,131.7,1:02:47.324,23:02:47.324,3:11.367,1:22.876,1:38.188,320.1,Antonio Felix DA COSTA,0:02:47.542,LMP2,,JOTA,Oreca,GF,191.367,82.876,98.188,
38,2,16,4:17.049,0,,34.398,0,2:00.572,0,1:42.079,0,190.8,1:07:04.373,23:07:04.373,0:34.398,2:00.572,1:42.079,322.0,Antonio Felix DA COSTA,,LMP2,,JOTA,Oreca,GF,34.398,120.572,102.079,
38,2,17,3:37.332,0,,34.154,0,1:23.795,0,1:39.383,0,225.7,1:10:41.705,23:10:41.705,0:34.154,1:23.795,1:39.383,287.7,Antonio Felix DA COSTA,,LMP2,,JOTA,Oreca,GF,34.154,83.795,99.383,
38,2,18,3:40.510,0,B,33.724,1,1:22.882,0,1:43.904,0,222.5,1:14:22.215,23:14:22.215,0:33.724,1:22.882,1:43.904,318.2,Antonio Felix DA COSTA,,LMP2,,JOTA,Oreca,GF,33.724,82.882,103.904,
38,3,19,7:21.182,0,,4:17.886,0,1:24.311,0,1:38.985,0,111.2,1:21:43.397,23:21:43.397,4:17.886,1:24.311,1:38.985,314.5,William STEVENS,0:03:53.700,LMP2,,JOTA,Oreca,GF,257.886,84.311,98.985,
38,3,20,3:39.470,0,,34.359,0,1:23.664,0,1:41.447,0,223.5,1:25:22.867,23:25:22.867,0:34.359,1:23.664,1:41.447,322.0,William STEVENS,,LMP2,,JOTA,Oreca,GF,34.359,83.664,101.447,
38,3,21,3:38.327,0,,36.105,0,1:23.648,0,1:38.574,0,224.7,1:29:01.194,23:29:01.194,0:36.105,1:23.648,1:38.574,321.0,William STEVENS,,LMP2,,JOTA,Oreca,GF,36.105,83.648,98.574,
38,3,22,3:34.979,0,,33.959,0,1:22.858,0,1:38.162,0,228.2,1:32:36.173,23:32:36.173,0:33.959,1:22.858,1:38.162,322.0,William STEVENS,,LMP2,,JOTA,Oreca,GF,33.959,82.858,98.162,
38,3,23,3:37.987,0,,34.418,0,1:23.045,0,1:40.524,0,225.0,1:36:14.160,23:36:14.160,0:34.418,1:23.045,1:40.524,324.9,William STEVENS,,LMP2,,JOTA,Oreca,GF,34.418,83.045,100.524,
38,3,24,3:37.635,0,,33.707,0,1:24.890,0,1:39.038,0,225.4,1:39:51.795,23:39:51.795,0:33.707,1:24.890,1:39.038,326.8,William STEVENS,,LMP2,,JOTA,Oreca,GF,33.707,84.890,99.038,
38,3,25,3:33.481,2,,33.578,0,1:22.242,0,1:37.661,2,229.8,1:43:25.276,23:43:25.276,0:33.578,1:22.242,1:37.661,322.0,William STEVENS,,LMP2,,JOTA,Oreca,GF,33.578,82.242,97.661,
38,3,26,3:34.250,0,,34.088,0,1:22.383,0,1:37.779,0,229.0,1:46:59.526,23:46:59.526,0:34.088,1:22.383,1:37.779,322.9,William STEVENS,,LMP2,,JOTA,Oreca,GF,34.088,82.383,97.779,
38,3,27,3:40.191,0,B,33.562,2,1:22.220,2,1:44.409,0,222.8,1:50:39.717,23:50:39.717,0:33.562,1:22.220,1:44.409,323.9,William STEVENS,,LMP2,,JOTA,Oreca,GF,33.562,82.220,104.409,
38,3,28,4:22.747,0,,1:15.877,0,1:23.392,0,1:43.478,0,186.7,1:55:02.464,23:55:02.464,1:15.877,1:23.392,1:43.478,322.9,William STEVENS,0:00:52.923,LMP2,,JOTA,Oreca,GF,75.877,83.392,103.478,
38,3,29,4:06.551,0,,1:04.298,0,1:23.689,0,1:38.564,0,199.0,1:59:09.015,23:59:09.015,1:04.298,1:23.689,1:38.564,319.1,William STEVENS,,LMP2,,JOTA,Oreca,GF,64.298,83.689,98.564,
38,3,30,3:36.036,0,,33.938,0,1:22.637,0,1:39.461,0,227.1,2:02:45.051,00:02:45.051,0:33.938,1:22.637,1:39.461,315.4,William STEVENS,,LMP2,,JOTA,Oreca,FF,33.938,82.637,99.461,
39,3,1,1:05:22.074,0,B,59:03.993,0,1:42.312,0,4:35.769,0,12.4,1:05:22.074,23:05:22.074,59:03.993,1:42.312,4:35.769,220.3,David DROUX,0:58:26.142,LMP2,P/A,Graff Racing,Oreca,GF,3543.993,102.312,275.769,
39,3,2,18:58.052,0,,15:15.829,0,1:43.704,0,1:58.519,0,43.1,1:24:20.126,23:24:20.126,15:15.829,1:43.704,1:58.519,205.3,David DROUX,0:14:47.228,LMP2,P/A,Graff Racing,Oreca,GF,915.829,103.704,118.519,
39,3,3,3:59.765,0,B,38.822,0,1:29.690,0,1:51.253,0,204.6,1:28:19.891,23:28:19.891,0:38.822,1:29.690,1:51.253,252.8,David DROUX,,LMP2,P/A,Graff Racing,Oreca,GF,38.822,89.690,111.253,
39,3,4,19:38.551,0,,16:17.815,0,1:38.117,0,1:42.619,0,41.6,1:47:58.442,23:47:58.442,16:17.815,1:38.117,1:42.619,238.3,David DROUX,0:15:51.182,LMP2,P/A,Graff Racing,Oreca,GF,977.815,98.117,102.619,
39,3,5,3:40.740,2,,34.746,2,1:24.184,0,1:41.810,2,222.2,1:51:39.182,23:51:39.182,0:34.746,1:24.184,1:41.810,310.9,David DROUX,,LMP2,P/A,Graff Racing,Oreca,GF,34.746,84.184,101.810,
39,3,6,3:41.303,0,,35.030,0,1:23.607,2,1:42.666,0,221.7,1:55:20.485,23:55:20.485,0:35.030,1:23.607,1:42.666,317.2,David DROUX,,LMP2,P/A,Graff Racing,Oreca,GF,35.030,83.607,102.666,
39,3,7,4:13.694,0,,1:04.816,0,1:26.143,0,1:42.735,0,193.4,1:59:34.179,23:59:34.179,1:04.816,1:26.143,1:42.735,316.3,David DROUX,,LMP2,P/A,Graff Racing,Oreca,GF,64.816,86.143,102.735,
39,3,8,3:50.958,0,B,35.074,0,1:24.979,0,1:50.905,0,212.4,2:03:25.137,00:03:25.137,0:35.074,1:24.979,1:50.905,314.5,David DROUX,,LMP2,P/A,Graff Racing,Oreca,FF,35.074,84.979,110.905,
41,1,1,6:12.773,0,,3:07.957,0,1:26.155,0,1:38.661,0,130.2,6:12.773,22:06:12.773,3:07.957,1:26.155,1:38.661,312.7,Rui ANDRADE,0:02:34.627,LMP2,,Realteam by WRT,Oreca,GF,187.957,86.155,98.661,
41,1,2,3:36.767,0,,34.042,1,1:22.917,1,1:39.808,0,226.3,9:49.540,22:09:49.540,0:34.042,1:22.917,1:39.808,320.1,Rui ANDRADE,,LMP2,,Realteam by WRT,Oreca,GF,34.042,82.917,99.808,
41,1,3,3:38.361,0,,36.233,0,1:23.642,0,1:38.486,1,224.6,13:27.901,22:13:27.901,0:36.233,1:23.642,1:38.486,319.1,Rui ANDRADE,,LMP2,,Realteam by WRT,Oreca,GF,36.233,83.642,98.486,
41,1,4,3:38.134,0,,34.195,0,1:24.110,0,1:39.829,0,224.9,17:06.035,22:17:06.035,0:34.195,1:24.110,1:39.829,322.0,Rui ANDRADE,,LMP2,,Realteam by WRT,Oreca,GF,34.195,84.110,99.829,
41,1,5,3:45.704,0,B,34.151,0,1:23.287,0,1:48.266,0,217.3,20:51.739,22:20:51.739,0:34.151,1:23.287,1:48.266,320.1,Rui ANDRADE,,LMP2,,Realteam by WRT,Oreca,GF,34.151,83.287,108.266,
41,3,6,5:22.869,0,,2:20.899,0,1:23.641,0,1:38.329,0,151.9,26:14.608,22:26:14.608,2:20.899,1:23.641,1:38.329,316.3,Norman NATO,0:01:57.052,LMP2,,Realteam by WRT,Oreca,GF,140.899,83.641,98.329,
41,3,7,3:34.958,0,,34.609,0,1:23.254,0,1:37.095,2,228.2,29:49.566,22:29:49.566,0:34.609,1:23.254,1:37.095,316.3,Norman NATO,,LMP2,,Realteam by WRT,Oreca,GF,34.609,83.254,97.095,
41,3,8,3:35.800,0,,33.809,1,1:23.096,0,1:38.895,0,227.3,33:25.366,22:33:25.366,0:33.809,1:23.096,1:38.895,317.2,Norman NATO,,LMP2,,Realteam by WRT,Oreca,GF,33.809,83.096,98.895,
41,3,9,3:33.804,2,,33.843,0,1:22.143,2,1:37.818,0,229.4,36:59.170,22:36:59.170,0:33.843,1:22.143,1:37.818,320.1,Norman NATO,,LMP2,,Realteam by WRT,Oreca,GF,33.843,82.143,97.818,
41,3,10,3:42.162,0,B,34.632,0,1:23.021,0,1:44.509,0,220.8,40:41.332,22:40:41.332,0:34.632,1:23.021,1:44.509,315.4,Norman NATO,,LMP2,,Realteam by WRT,Oreca,GF,34.632,83.021,104.509,
41,2,11,5:18.111,0,,2:14.475,0,1:23.942,0,1:39.694,0,154.2,45:59.443,22:45:59.443,2:14.475,1:23.942,1:39.694,318.2,Ferdinand HABSBURG,0:01:48.955,LMP2,,Realteam by WRT,Oreca,GF,134.475,83.942,99.694,
41,2,12,3:37.376,0,,34.156,0,1:22.984,0,1:40.236,0,225.7,49:36.819,22:49:36.819,0:34.156,1:22.984,1:40.236,318.2,Ferdinand HABSBURG,,LMP2,,Realteam by WRT,Oreca,GF,34.156,82.984,100.236,
41,2,13,3:35.113,0,,33.823,0,1:22.598,0,1:38.692,0,228.0,53:11.932,22:53:11.932,0:33.823,1:22.598,1:38.692,318.2,Ferdinand HABSBURG,,LMP2,,Realteam by WRT,Oreca,GF,33.823,82.598,98.692,
41,2,14,3:36.541,0,,34.342,0,1:23.004,0,1:39.195,0,226.5,56:48.473,22:56:48.473,0:34.342,1:23.004,1:39.195,318.2,Ferdinand HABSBURG,,LMP2,,Realteam by WRT,Oreca,GF,34.342,83.004,99.195,
41,2,15,3:41.657,0,B,34.240,0,1:22.482,0,1:44.935,0,221.3,1:00:30.130,23:00:30.130,0:34.240,1:22.482,1:44.935,318.2,Ferdinand HABSBURG,,LMP2,,Realteam by WRT,Oreca,GF,34.240,82.482,104.935,
41,1,16,5:31.998,0,,1:36.969,0,2:08.171,0,1:46.858,0,147.8,1:06:02.128,23:06:02.128,1:36.969,2:08.171,1:46.858,315.4,Rui ANDRADE,0:01:12.606,LMP2,,Realteam by WRT,Oreca,GF,96.969,128.171,106.858,
41,1,17,3:39.460,0,,34.592,0,1:23.534,0,1:41.334,0,223.5,1:09:41.588,23:09:41.588,0:34.592,1:23.534,1:41.334,317.2,Rui ANDRADE,,LMP2,,Realteam by WRT,Oreca,GF,34.592,83.534,101.334,
41,1,18,3:37.213,0,,34.263,0,1:23.573,0,1:39.377,0,225.8,1:13:18.801,23:13:18.801,0:34.263,1:23.573,1:39.377,317.2,Rui ANDRADE,,LMP2,,Realteam by WRT,Oreca,GF,34.263,83.573,99.377,
41,1,19,3:37.671,0,,34.856,0,1:23.382,0,1:39.433,0,225.4,1:16:56.472,23:16:56.472,0:34.856,1:23.382,1:39.433,318.2,Rui ANDRADE,,LMP2,,Realteam by WRT,Oreca,GF,34.856,83.382,99.433,
41,1,20,3:42.550,0,B,34.169,0,1:23.183,0,1:45.198,0,220.4,1:20:39.022,23:20:39.022,0:34.169,1:23.183,1:45.198,321.0,Rui ANDRADE,,LMP2,,Realteam by WRT,Oreca,GF,34.169,83.183,105.198,
41,2,21,4:39.363,0,,1:36.374,0,1:24.084,0,1:38.905,0,175.6,1:25:18.385,23:25:18.385,1:36.374,1:24.084,1:38.905,319.1,Ferdinand HABSBURG,0:01:12.536,LMP2,,Realteam by WRT,Oreca,GF,96.374,84.084,98.905,
41,2,22,3:36.797,0,,34.941,0,1:23.336,0,1:38.520,0,226.3,1:28:55.182,23:28:55.182,0:34.941,1:23.336,1:38.520,318.2,Ferdinand HABSBURG,,LMP2,,Realteam by WRT,Oreca,GF,34.941,83.336,98.520,
41,2,23,3:34.728,0,,33.801,0,1:22.933,0,1:37.994,1,228.4,1:32:29.910,23:32:29.910,0:33.801,1:22.933,1:37.994,318.2,Ferdinand HABSBURG,,LMP2,,Realteam by WRT,Oreca,GF,33.801,82.933,97.994,
41,2,24,3:34.960,0,,33.789,2,1:22.383,1,1:38.788,0,228.2,1:36:04.870,23:36:04.870,0:33.789,1:22.383,1:38.788,317.2,Ferdinand HABSBURG,,LMP2,,Realteam by WRT,Oreca,GF,33.789,82.383,98.788,
41,2,25,3:42.115,0,B,34.435,0,1:23.761,0,1:43.919,0,220.8,1:39:46.985,23:39:46.985,0:34.435,1:23.761,1:43.919,315.4,Ferdinand HABSBURG,,LMP2,,Realteam by WRT,Oreca,GF,34.435,83.761,103.919,
41,3,26,5:21.890,0,,2:18.587,0,1:23.581,0,1:39.722,0,152.4,1:45:08.875,23:45:08.875,2:18.587,1:23.581,1:39.722,317.2,Norman NATO,0:01:54.928,LMP2,,Realteam by WRT,Oreca,GF,138.587,83.581,99.722,
41,3,27,3:35.931,0,,34.437,0,1:23.373,0,1:38.121,0,227.2,1:48:44.806,23:48:44.806,0:34.437,1:23.373,1:38.121,317.2,Norman NATO,,LMP2,,Realteam by WRT,Oreca,GF,34.437,83.373,98.121,
41,3,28,3:36.087,0,,34.596,0,1:23.024,0,1:38.467,0,227.0,1:52:20.893,23:52:20.893,0:34.596,1:23.024,1:38.467,316.3,Norman NATO,,LMP2,,Realteam by WRT,Oreca,GF,34.596,83.024,98.467,
41,3,29,3:36.575,0,,33.948,0,1:22.433,0,1:40.194,0,226.5,1:55:57.468,23:55:57.468,0:33.948,1:22.433,1:40.194,318.2,Norman NATO,,LMP2,,Realteam by WRT,Oreca,GF,33.948,82.433,100.194,
41,3,30,4:04.808,0,,1:03.818,0,1:23.136,0,1:37.854,0,200.4,2:00:02.276,00:00:02.276,1:03.818,1:23.136,1:37.854,316.3,Norman NATO,,LMP2,,Realteam by WRT,Oreca,FF,63.818,83.136,97.854,
43,2,1,18:50.696,0,,15:43.814,0,1:27.387,0,1:39.495,0,42.9,18:50.696,22:18:50.696,15:43.814,1:27.387,1:39.495,313.6,Fabio SCHERER,0:15:09.641,LMP2,,Inter Europol Competition,Oreca,GF,943.814,87.387,99.495,
43,2,2,3:38.931,0,,34.572,0,1:24.088,0,1:40.271,0,224.1,22:29.627,22:22:29.627,0:34.572,1:24.088,1:40.271,319.1,Fabio SCHERER,,LMP2,,Inter Europol Competition,Oreca,GF,34.572,84.088,100.271,
43,2,3,3:36.682,0,,34.476,0,1:22.952,0,1:39.254,0,226.4,26:06.309,22:26:06.309,0:34.476,1:22.952,1:39.254,320.1,Fabio SCHERER,,LMP2,,Inter Europol Competition,Oreca,GF,34.476,82.952,99.254,
43,2,4,3:35.338,0,,34.076,0,1:22.877,0,1:38.385,0,227.8,29:41.647,22:29:41.647,0:34.076,1:22.877,1:38.385,319.1,Fabio SCHERER,,LMP2,,Inter Europol Competition,Oreca,GF,34.076,82.877,98.385,
43,2,5,3:39.647,0,,36.339,0,1:23.536,0,1:39.772,0,223.3,33:21.294,22:33:21.294,0:36.339,1:23.536,1:39.772,320.1,Fabio SCHERER,,LMP2,,Inter Europol Competition,Oreca,GF,36.339,83.536,99.772,
43,2,6,3:36.273,0,,34.041,1,1:22.705,0,1:39.527,0,226.8,36:57.567,22:36:57.567,0:34.041,1:22.705,1:39.527,321.0,Fabio SCHERER,,LMP2,,Inter Europol Competition,Oreca,GF,34.041,82.705,99.527,
43,2,7,3:34.439,0,,34.133,0,1:22.540,1,1:37.766,1,228.8,40:32.006,22:40:32.006,0:34.133,1:22.540,1:37.766,319.1,Fabio SCHERER,,LMP2,,Inter Europol Competition,Oreca,GF,34.133,82.540,97.766,
43,2,8,3:46.615,0,B,34.600,0,1:24.362,0,1:47.653,0,216.5,44:18.621,22:44:18.621,0:34.600,1:24.362,1:47.653,321.0,Fabio SCHERER,,LMP2,,Inter Europol Competition,Oreca,GF,34.600,84.362,107.653,
43,1,9,4:59.114,0,B,1:47.797,0,1:24.363,0,1:46.954,0,164.0,49:17.735,22:49:17.735,1:47.797,1:24.363,1:46.954,320.1,David HEINEMEIER-HANSSON,0:01:23.271,LMP2,,Inter Europol Competition,Oreca,GF,107.797,84.363,106.954,
43,1,10,4:31.964,0,,1:24.722,0,1:24.545,0,1:42.697,0,180.4,53:49.699,22:53:49.699,1:24.722,1:24.545,1:42.697,320.1,David HEINEMEIER-HANSSON,0:00:58.947,LMP2,,Inter Europol Competition,Oreca,GF,84.722,84.545,102.697,
43,1,11,3:42.229,0,,35.075,0,1:24.696,0,1:42.458,0,220.7,57:31.928,22:57:31.928,0:35.075,1:24.696,1:42.458,315.4,David HEINEMEIER-HANSSON,,LMP2,,Inter Europol Competition,Oreca,GF,35.075,84.696,102.458,
43,1,12,3:38.905,0,,34.615,0,1:24.276,0,1:40.014,0,224.1,1:01:10.833,23:01:10.833,0:34.615,1:24.276,1:40.014,318.2,David HEINEMEIER-HANSSON,,LMP2,,Inter Europol Competition,Oreca,GF,34.615,84.276,100.014,
43,1,13,4:29.849,0,,34.599,0,2:06.992,0,1:48.258,0,181.8,1:05:40.682,23:05:40.682,0:34.599,2:06.992,1:48.258,312.7,David HEINEMEIER-HANSSON,,LMP2,,Inter Europol Competition,Oreca,GF,34.599,126.992,108.258,
43,1,14,3:39.039,0,,35.221,0,1:23.912,0,1:39.906,0,223.9,1:09:19.721,23:09:19.721,0:35.221,1:23.912,1:39.906,316.3,David HEINEMEIER-HANSSON,,LMP2,,Inter Europol Competition,Oreca,GF,35.221,83.912,99.906,
43,1,15,3:39.165,0,,35.146,0,1:23.797,0,1:40.222,0,223.8,1:12:58.886,23:12:58.886,0:35.146,1:23.797,1:40.222,320.1,David HEINEMEIER-HANSSON,,LMP2,,Inter Europol Competition,Oreca,GF,35.146,83.797,100.222,
43,1,16,3:38.287,0,,34.748,0,1:23.935,0,1:39.604,0,224.7,1:16:37.173,23:16:37.173,0:34.748,1:23.935,1:39.604,318.2,David HEINEMEIER-HANSSON,,LMP2,,Inter Europol Competition,Oreca,GF,34.748,83.935,99.604,
43,1,17,3:36.716,0,,34.471,1,1:23.245,1,1:39.000,1,226.3,1:20:13.889,23:20:13.889,0:34.471,1:23.245,1:39.000,318.2,David HEINEMEIER-HANSSON,,LMP2,,Inter Europol Competition,Oreca,GF,34.471,83.245,99.000,
43,1,18,3:44.918,0,B,35.366,0,1:23.841,0,1:45.711,0,218.1,1:23:58.807,23:23:58.807,0:35.366,1:23.841,1:45.711,320.1,David HEINEMEIER-HANSSON,,LMP2,,Inter Europol Competition,Oreca,GF,35.366,83.841,105.711,
43,3,19,4:58.322,0,,1:53.053,0,1:24.268,0,1:41.001,0,164.4,1:28:57.129,23:28:57.129,1:53.053,1:24.268,1:41.001,313.6,Pietro FITTIPALDI,0:01:28.078,LMP2,,Inter Europol Competition,Oreca,GF,113.053,84.268,101.001,
43,3,20,3:37.559,0,,33.869,2,1:22.500,0,1:41.190,0,225.5,1:32:34.688,23:32:34.688,0:33.869,1:22.500,1:41.190,319.1,Pietro FITTIPALDI,,LMP2,,Inter Europol Competition,Oreca,GF,33.869,82.500,101.190,
43,3,21,3:36.480,0,,35.041,0,1:23.027,0,1:38.412,0,226.6,1:36:11.168,23:36:11.168,0:35.041,1:23.027,1:38.412,317.2,Pietro FITTIPALDI,,LMP2,,Inter Europol Competition,Oreca,GF,35.041,83.027,98.412,
43,3,22,3:36.770,0,,34.379,0,1:24.046,0,1:38.345,0,226.3,1:39:47.938,23:39:47.938,0:34.379,1:24.046,1:38.345,319.1,Pietro FITTIPALDI,,LMP2,,Inter Europol Competition,Oreca,GF,34.379,84.046,98.345,
43,3,23,3:33.701,2,,33.953,0,1:22.372,0,1:37.376,2,229.5,1:43:21.639,23:43:21.639,0:33.953,1:22.372,1:37.376,317.2,Pietro FITTIPALDI,,LMP2,,Inter Europol Competition,Oreca,GF,33.953,82.372,97.376,
43,3,24,3:34.779,0,,34.068,0,1:22.279,2,1:38.432,0,228.4,1:46:56.418,23:46:56.418,0:34.068,1:22.279,1:38.432,319.1,Pietro FITTIPALDI,,LMP2,,Inter Europol Competition,Oreca,GF,34.068,82.279,98.432,
43,3,25,3:35.367,0,,34.038,0,1:22.424,0,1:38.905,0,227.8,1:50:31.785,23:50:31.785,0:34.038,1:22.424,1:38.905,322.0,Pietro FITTIPALDI,,LMP2,,Inter Europol Competition,Oreca,GF,34.038,82.424,98.905,
43,3,26,3:38.653,0,,34.823,0,1:23.037,0,1:40.793,0,224.3,1:54:10.438,23:54:10.438,0:34.823,1:23.037,1:40.793,317.2,Pietro FITTIPALDI,,LMP2,,Inter Europol Competition,Oreca,GF,34.823,83.037,100.793,
43,3,27,4:15.217,0,B,1:03.836,0,1:23.826,0,1:47.555,0,192.2,1:58:25.655,23:58:25.655,1:03.836,1:23.826,1:47.555,319.1,Pietro FITTIPALDI,,LMP2,,Inter Europol Competition,Oreca,GF,63.836,83.826,107.555,
44,2,1,6:16.694,0,,3:07.747,0,1:28.458,0,1:40.489,0,128.8,6:16.694,22:06:16.694,3:07.747,1:28.458,1:40.489,290.8,Bent VISCAAL,0:02:32.715,LMP2,P/A,ARC Bratislava,Oreca,GF,187.747,88.458,100.489,
44,2,2,3:38.511,0,,34.594,0,1:24.166,0,1:39.751,0,224.5,9:55.205,22:09:55.205,0:34.594,1:24.166,1:39.751,318.2,Bent VISCAAL,,LMP2,P/A,ARC Bratislava,Oreca,GF,34.594,84.166,99.751,
44,2,3,3:37.041,0,,34.483,0,1:23.763,0,1:38.795,0,226.0,13:32.246,22:13:32.246,0:34.483,1:23.763,1:38.795,318.2,Bent VISCAAL,,LMP2,P/A,ARC Bratislava,Oreca,GF,34.483,83.763,98.795,
44,2,4,3:35.216,0,,33.877,1,1:22.814,0,1:38.525,0,227.9,17:07.462,22:17:07.462,0:33.877,1:22.814,1:38.525,321.0,Bent VISCAAL,,LMP2,P/A,ARC Bratislava,Oreca,GF,33.877,82.814,98.525,
44,2,5,3:38.274,0,,34.066,0,1:22.729,0,1:41.479,0,224.7,20:45.736,22:20:45.736,0:34.066,1:22.729,1:41.479,320.1,Bent VISCAAL,,LMP2,P/A,ARC Bratislava,Oreca,GF,34.066,82.729,101.479,
44,2,6,3:43.365,0,B,35.483,0,1:23.156,0,1:44.726,0,219.6,24:29.101,22:24:29.101,0:35.483,1:23.156,1:44.726,320.1,Bent VISCAAL,,LMP2,P/A,ARC Bratislava,Oreca,GF,35.483,83.156,104.726,
44,2,7,5:43.630,0,,2:39.955,0,1:23.274,0,1:40.401,0,142.8,30:12.731,22:30:12.731,2:39.955,1:23.274,1:40.401,315.4,Bent VISCAAL,0:02:16.221,LMP2,P/A,ARC Bratislava,Oreca,GF,159.955,83.274,100.401,
44,2,8,3:35.674,0,,34.118,0,1:23.169,0,1:38.387,0,227.4,33:48.405,22:33:48.405,0:34.118,1:23.169,1:38.387,319.1,Bent VISCAAL,,LMP2,P/A,ARC Bratislava,Oreca,GF,34.118,83.169,98.387,
44,2,9,3:36.744,0,,34.352,0,1:23.436,0,1:38.956,0,226.3,37:25.149,22:37:25.149,0:34.352,1:23.436,1:38.956,318.2,Bent VISCAAL,,LMP2,P/A,ARC Bratislava,Oreca,GF,34.352,83.436,98.956,
44,2,10,3:38.100,0,,34.184,0,1:23.091,0,1:40.825,0,224.9,41:03.249,22:41:03.249,0:34.184,1:23.091,1:40.825,319.1,Bent VISCAAL,,LMP2,P/A,ARC Bratislava,Oreca,GF,34.184,83.091,100.825,
44,2,11,3:45.497,0,B,34.430,0,1:24.091,0,1:46.976,0,217.5,44:48.746,22:44:48.746,0:34.430,1:24.091,1:46.976,318.2,Bent VISCAAL,,LMP2,P/A,ARC Bratislava,Oreca,GF,34.430,84.091,106.976,
44,2,12,6:52.580,0,,3:47.252,0,1:24.417,0,1:40.911,0,118.9,51:41.326,22:51:41.326,3:47.252,1:24.417,1:40.911,318.2,Bent VISCAAL,0:03:23.389,LMP2,P/A,ARC Bratislava,Oreca,GF,227.252,84.417,100.911,
44,2,13,3:36.082,0,,34.207,0,1:23.491,0,1:38.384,1,227.0,55:17.408,22:55:17.408,0:34.207,1:23.491,1:38.384,317.2,Bent VISCAAL,,LMP2,P/A,ARC Bratislava,Oreca,GF,34.207,83.491,98.384,
44,2,14,3:35.714,0,,34.167,0,1:22.944,0,1:38.603,0,227.4,58:53.122,22:58:53.122,0:34.167,1:22.944,1:38.603,318.2,Bent VISCAAL,,LMP2,P/A,ARC Bratislava,Oreca,GF,34.167,82.944,98.603,
44,2,15,3:44.056,0,B,34.501,0,1:22.716,1,1:46.839,0,218.9,1:02:37.178,23:02:37.178,0:34.501,1:22.716,1:46.839,320.1,Bent VISCAAL,,LMP2,P/A,ARC Bratislava,Oreca,GF,34.501,82.716,106.839,
44,3,16,5:22.471,0,,2:18.394,0,1:25.073,0,1:39.004,0,152.1,1:07:59.649,23:07:59.649,2:18.394,1:25.073,1:39.004,314.5,Tristan VAUTIER,0:01:51.298,LMP2,P/A,ARC Bratislava,Oreca,GF,138.394,85.073,99.004,
44,3,17,3:35.116,0,,33.948,0,1:22.934,0,1:38.234,0,228.0,1:11:34.765,23:11:34.765,0:33.948,1:22.934,1:38.234,316.3,Tristan VAUTIER,,LMP2,P/A,ARC Bratislava,Oreca,GF,33.948,82.934,98.234,
44,3,18,3:37.362,0,,34.077,0,1:23.013,0,1:40.272,0,225.7,1:15:12.127,23:15:12.127,0:34.077,1:23.013,1:40.272,316.3,Tristan VAUTIER,,LMP2,P/A,ARC Bratislava,Oreca,GF,34.077,83.013,100.272,
44,3,19,3:37.861,0,,34.797,0,1:23.135,0,1:39.929,0,225.2,1:18:49.988,23:18:49.988,0:34.797,1:23.135,1:39.929,316.3,Tristan VAUTIER,,LMP2,P/A,ARC Bratislava,Oreca,GF,34.797,83.135,99.929,
44,3,20,3:35.281,0,,34.110,0,1:23.010,0,1:38.161,0,227.9,1:22:25.269,23:22:25.269,0:34.110,1:23.010,1:38.161,315.4,Tristan VAUTIER,,LMP2,P/A,ARC Bratislava,Oreca,GF,34.110,83.010,98.161,
44,3,21,3:34.912,0,,33.905,0,1:22.693,0,1:38.314,0,228.2,1:26:00.181,23:26:00.181,0:33.905,1:22.693,1:38.314,315.4,Tristan VAUTIER,,LMP2,P/A,ARC Bratislava,Oreca,GF,33.905,82.693,98.314,
44,3,22,3:34.707,0,,34.327,0,1:22.543,2,1:37.837,2,228.5,1:29:34.888,23:29:34.888,0:34.327,1:22.543,1:37.837,316.3,Tristan VAUTIER,,LMP2,P/A,ARC Bratislava,Oreca,GF,34.327,82.543,97.837,
44,3,23,3:34.393,2,,33.646,2,1:22.778,0,1:37.969,0,228.8,1:33:09.281,23:33:09.281,0:33.646,1:22.778,1:37.969,318.2,Tristan VAUTIER,,LMP2,P/A,ARC Bratislava,Oreca,GF,33.646,82.778,97.969,
44,3,24,3:42.315,0,B,34.352,0,1:23.027,0,1:44.936,0,220.6,1:36:51.596,23:36:51.596,0:34.352,1:23.027,1:44.936,317.2,Tristan VAUTIER,,LMP2,P/A,ARC Bratislava,Oreca,GF,34.352,83.027,104.936,
44,3,25,7:48.379,0,,4:45.214,0,1:23.655,0,1:39.510,0,104.7,1:44:39.975,23:44:39.975,4:45.214,1:23.655,1:39.510,314.5,Tristan VAUTIER,0:04:20.573,LMP2,P/A,ARC Bratislava,Oreca,GF,285.214,83.655,99.510,
44,3,26,3:37.817,0,,34.142,0,1:23.751,0,1:39.924,0,225.2,1:48:17.792,23:48:17.792,0:34.142,1:23.751,1:39.924,317.2,Tristan VAUTIER,,LMP2,P/A,ARC Bratislava,Oreca,GF,34.142,83.751,99.924,
44,3,27,3:42.722,0,B,33.969,0,1:22.803,0,1:45.950,0,220.2,1:52:00.514,23:52:00.514,0:33.969,1:22.803,1:45.950,316.3,Tristan VAUTIER,,LMP2,P/A,ARC Bratislava,Oreca,GF,33.969,82.803,105.950,
44,3,28,4:47.942,0,,1:42.611,0,1:23.759,0,1:41.572,0,170.4,1:56:48.456,23:56:48.456,1:42.611,1:23.759,1:41.572,311.8,Tristan VAUTIER,0:01:03.948,LMP2,P/A,ARC Bratislava,Oreca,GF,102.611,83.759,101.572,
44,3,29,3:37.421,0,,36.236,0,1:22.795,0,1:38.390,0,225.6,2:00:25.877,00:00:25.877,0:36.236,1:22.795,1:38.390,317.2,Tristan VAUTIER,,LMP2,P/A,ARC Bratislava,Oreca,FF,36.236,82.795,98.390,
45,1,1,5:44.607,0,,2:22.141,0,1:34.652,0,1:47.814,0,140.8,5:44.607,22:05:44.607,2:22.141,1:34.652,1:47.814,312.7,Steven THOMAS,0:01:43.663,LMP2,P/A,Algarve Pro Racing,Oreca,GF,142.141,94.652,107.814,
45,1,2,3:45.141,0,,36.143,0,1:25.871,0,1:43.127,0,217.9,9:29.748,22:09:29.748,0:36.143,1:25.871,1:43.127,315.4,Steven THOMAS,,LMP2,P/A,Algarve Pro Racing,Oreca,GF,36.143,85.871,103.127,
45,1,3,3:45.496,0,,36.031,0,1:25.540,1,1:43.925,0,217.5,13:15.244,22:13:15.244,0:36.031,1:25.540,1:43.925,319.1,Steven THOMAS,,LMP2,P/A,Algarve Pro Racing,Oreca,GF,36.031,85.540,103.925,
45,1,4,3:47.014,0,,37.710,0,1:26.551,0,1:42.753,1,216.1,17:02.258,22:17:02.258,0:37.710,1:26.551,1:42.753,311.8,Steven THOMAS,,LMP2,P/A,Algarve Pro Racing,Oreca,GF,37.710,86.551,102.753,
45,1,5,3:49.453,0,,35.403,1,1:30.216,0,1:43.834,0,213.8,20:51.711,22:20:51.711,0:35.403,1:30.216,1:43.834,318.2,Steven THOMAS,,LMP2,P/A,Algarve Pro Racing,Oreca,GF,35.403,90.216,103.834,
45,1,6,3:54.027,0,B,36.468,0,1:25.911,0,1:51.648,0,209.6,24:45.738,22:24:45.738,0:36.468,1:25.911,1:51.648,316.3,Steven THOMAS,,LMP2,P/A,Algarve Pro Racing,Oreca,GF,36.468,85.911,111.648,
45,2,7,5:56.015,0,,2:50.997,0,1:24.733,0,1:40.285,0,137.8,30:41.753,22:30:41.753,2:50.997,1:24.733,1:40.285,315.4,James ALLEN,0:02:26.802,LMP2,P/A,Algarve Pro Racing,Oreca,GF,170.997,84.733,100.285,
45,2,8,3:36.596,0,,34.488,0,1:23.334,0,1:38.774,0,226.5,34:18.349,22:34:18.349,0:34.488,1:23.334,1:38.774,317.2,James ALLEN,,LMP2,P/A,Algarve Pro Racing,Oreca,GF,34.488,83.334,98.774,
45,2,9,3:35.325,0,,34.003,0,1:22.861,0,1:38.461,0,227.8,37:53.674,22:37:53.674,0:34.003,1:22.861,1:38.461,320.1,James ALLEN,,LMP2,P/A,Algarve Pro Racing,Oreca,GF,34.003,82.861,98.461,
45,2,10,3:40.291,0,,34.719,0,1:24.588,0,1:40.984,0,222.7,41:33.965,22:41:33.965,0:34.719,1:24.588,1:40.984,317.2,James ALLEN,,LMP2,P/A,Algarve Pro Racing,Oreca,GF,34.719,84.588,100.984,
45,2,11,3:43.585,0,B,33.972,0,1:23.056,0,1:46.557,0,219.4,45:17.550,22:45:17.550,0:33.972,1:23.056,1:46.557,320.1,James ALLEN,,LMP2,P/A,Algarve Pro Racing,Oreca,GF,33.972,83.056,106.557,
45,3,12,6:07.668,0,,2:58.132,0,1:26.362,0,1:43.174,0,133.4,51:25.218,22:51:25.218,2:58.132,1:26.362,1:43.174,316.3,René BINDER,0:02:32.397,LMP2,P/A,Algarve Pro Racing,Oreca,GF,178.132,86.362,103.174,
45,3,13,3:37.160,0,,34.129,0,1:23.787,0,1:39.244,0,225.9,55:02.378,22:55:02.378,0:34.129,1:23.787,1:39.244,316.3,René BINDER,,LMP2,P/A,Algarve Pro Racing,Oreca,GF,34.129,83.787,99.244,
45,3,14,3:35.895,0,,34.137,0,1:23.189,1,1:38.569,1,227.2,58:38.273,22:58:38.273,0:34.137,1:23.189,1:38.569,317.2,René BINDER,,LMP2,P/A,Algarve Pro Racing,Oreca,GF,34.137,83.189,98.569,
45,3,15,3:36.921,0,,34.259,0,1:23.792,0,1:38.870,0,226.1,1:02:15.194,23:02:15.194,0:34.259,1:23.792,1:38.870,318.2,René BINDER,,LMP2,P/A,Algarve Pro Racing,Oreca,GF,34.259,83.792,98.870,
45,3,16,4:39.511,0,B,34.183,0,2:06.923,0,1:58.405,0,175.5,1:06:54.705,23:06:54.705,0:34.183,2:06.923,1:58.405,318.2,René BINDER,,LMP2,P/A,Algarve Pro Racing,Oreca,GF,34.183,126.923,118.405,
45,3,17,5:10.928,0,,2:04.992,0,1:25.106,0,1:40.830,0,157.8,1:12:05.633,23:12:05.633,2:04.992,1:25.106,1:40.830,318.2,René BINDER,0:01:37.162,LMP2,P/A,Algarve Pro Racing,Oreca,GF,124.992,85.106,100.830,
45,3,18,3:39.006,0,,34.484,0,1:24.149,0,1:40.373,0,224.0,1:15:44.639,23:15:44.639,0:34.484,1:24.149,1:40.373,308.2,René BINDER,,LMP2,P/A,Algarve Pro Racing,Oreca,GF,34.484,84.149,100.373,
45,3,19,3:43.491,0,B,33.998,1,1:23.415,0,1:46.078,0,219.5,1:19:28.130,23:19:28.130,0:33.998,1:23.415,1:46.078,316.3,René BINDER,,LMP2,P/A,Algarve Pro Racing,Oreca,GF,33.998,83.415,106.078,
45,1,20,6:03.127,0,,2:45.967,0,1:29.874,0,1:47.286,0,135.1,1:25:31.257,23:25:31.257,2:45.967,1:29.874,1:47.286,312.7,Steven THOMAS,0:02:17.941,LMP2,P/A,Algarve Pro Racing,Oreca,GF,165.967,89.874,107.286,
45,1,21,3:45.745,0,,35.963,0,1:26.403,0,1:43.379,0,217.3,1:29:17.002,23:29:17.002,0:35.963,1:26.403,1:43.379,317.2,Steven THOMAS,,LMP2,P/A,Algarve Pro Racing,Oreca,GF,35.963,86.403,103.379,
45,1,22,3:47.938,0,,35.911,0,1:26.326,0,1:45.701,0,215.2,1:33:04.940,23:33:04.940,0:35.911,1:26.326,1:45.701,315.4,Steven THOMAS,,LMP2,P/A,Algarve Pro Racing,Oreca,GF,35.911,86.326,105.701,
45,1,23,3:49.650,0,,35.798,0,1:27.298,0,1:46.554,0,213.6,1:36:54.590,23:36:54.590,0:35.798,1:27.298,1:46.554,316.3,Steven THOMAS,,LMP2,P/A,Algarve Pro Racing,Oreca,GF,35.798,87.298,106.554,
45,1,24,3:55.170,0,B,36.392,0,1:26.583,0,1:52.195,0,208.6,1:40:49.760,23:40:49.760,0:36.392,1:26.583,1:52.195,315.4,Steven THOMAS,,LMP2,P/A,Algarve Pro Racing,Oreca,GF,36.392,86.583,112.195,
45,2,25,8:01.649,0,,4:57.543,0,1:22.689,0,1:41.417,0,101.8,1:48:51.409,23:48:51.409,4:57.543,1:22.689,1:41.417,320.1,James ALLEN,0:04:34.330,LMP2,P/A,Algarve Pro Racing,Oreca,GF,297.543,82.689,101.417,
45,2,26,3:33.986,2,,33.597,2,1:22.604,2,1:37.785,2,229.2,1:52:25.395,23:52:25.395,0:33.597,1:22.604,1:37.785,320.1,James ALLEN,,LMP2,P/A,Algarve Pro Racing,Oreca,GF,33.597,82.604,97.785,
45,2,27,3:34.832,0,,33.597,0,1:22.710,0,1:38.525,0,228.3,1:56:00.227,23:56:00.227,0:33.597,1:22.710,1:38.525,320.1,James ALLEN,,LMP2,P/A,Algarve Pro Racing,Oreca,GF,33.597,82.710,98.525,
45,2,28,4:06.258,0,,1:03.385,0,1:23.468,0,1:39.405,0,199.2,2:00:06.485,00:00:06.485,1:03.385,1:23.468,1:39.405,319.1,James ALLEN,,LMP2,P/A,Algarve Pro Racing,Oreca,FF,63.385,83.468,99.405,
47,3,1,3:51.433,0,,47.307,0,1:25.248,0,1:38.878,0,209.7,3:51.433,22:03:51.433,0:47.307,1:25.248,1:38.878,315.4,Jack AITKEN,0:00:14.248,LMP2,P/A,Algarve Pro Racing,Oreca,GF,47.307,85.248,98.878,
47,3,2,3:37.632,0,,34.640,0,1:23.713,0,1:39.279,0,225.4,7:29.065,22:07:29.065,0:34.640,1:23.713,1:39.279,297.2,Jack AITKEN,,LMP2,P/A,Algarve Pro Racing,Oreca,GF,34.640,83.713,99.279,
47,3,3,3:33.689,2,,33.850,0,1:22.543,0,1:37.296,2,229.6,11:02.754,22:11:02.754,0:33.850,1:22.543,1:37.296,320.1,Jack AITKEN,,LMP2,P/A,Algarve Pro Racing,Oreca,GF,33.850,82.543,97.296,
47,3,4,3:35.709,0,,33.973,0,1:23.852,0,1:37.884,0,227.4,14:38.463,22:14:38.463,0:33.973,1:23.852,1:37.884,303.9,Jack AITKEN,,LMP2,P/A,Algarve Pro Racing,Oreca,GF,33.973,83.852,97.884,
47,3,5,3:34.810,0,,34.699,0,1:22.608,0,1:37.503,0,228.4,18:13.273,22:18:13.273,0:34.699,1:22.608,1:37.503,319.1,Jack AITKEN,,LMP2,P/A,Algarve Pro Racing,Oreca,GF,34.699,82.608,97.503,
47,3,6,3:34.677,0,,33.829,2,1:22.943,0,1:37.905,0,228.5,21:47.950,22:21:47.950,0:33.829,1:22.943,1:37.905,316.3,Jack AITKEN,,LMP2,P/A,Algarve Pro Racing,Oreca,GF,33.829,82.943,97.905,
47,3,7,3:37.769,0,,33.862,0,1:22.247,2,1:41.660,0,225.3,25:25.719,22:25:25.719,0:33.862,1:22.247,1:41.660,323.9,Jack AITKEN,,LMP2,P/A,Algarve Pro Racing,Oreca,GF,33.862,82.247,101.660,
47,3,8,3:35.044,0,,33.949,0,1:22.472,0,1:38.623,0,228.1,29:00.763,22:29:00.763,0:33.949,1:22.472,1:38.623,321.0,Jack AITKEN,,LMP2,P/A,Algarve Pro Racing,Oreca,GF,33.949,82.472,98.623,
47,3,9,3:41.670,0,B,33.879,0,1:22.495,0,1:45.296,0,221.3,32:42.433,22:32:42.433,0:33.879,1:22.495,1:45.296,320.1,Jack AITKEN,,LMP2,P/A,Algarve Pro Racing,Oreca,GF,33.879,82.495,105.296,
47,1,10,5:43.764,0,,2:38.463,0,1:24.737,0,1:40.564,0,142.7,38:26.197,22:38:26.197,2:38.463,1:24.737,1:40.564,320.1,Sophia FLOERSCH,0:02:14.064,LMP2,P/A,Algarve Pro Racing,Oreca,GF,158.463,84.737,100.564,
47,1,11,3:40.821,0,,34.299,0,1:23.947,0,1:42.575,0,222.1,42:07.018,22:42:07.018,0:34.299,1:23.947,1:42.575,320.1,Sophia FLOERSCH,,LMP2,P/A,Algarve Pro Racing,Oreca,GF,34.299,83.947,102.575,
47,1,12,3:37.725,0,,34.467,0,1:23.703,0,1:39.555,0,225.3,45:44.743,22:45:44.743,0:34.467,1:23.703,1:39.555,318.2,Sophia FLOERSCH,,LMP2,P/A,Algarve Pro Racing,Oreca,GF,34.467,83.703,99.555,
47,1,13,3:37.498,0,,34.300,0,1:23.669,0,1:39.529,0,225.5,49:22.241,22:49:22.241,0:34.300,1:23.669,1:39.529,318.2,Sophia FLOERSCH,,LMP2,P/A,Algarve Pro Racing,Oreca,GF,34.300,83.669,99.529,
47,1,14,3:37.742,0,,34.315,0,1:23.723,0,1:39.704,0,225.3,52:59.983,22:52:59.983,0:34.315,1:23.723,1:39.704,317.2,Sophia FLOERSCH,,LMP2,P/A,Algarve Pro Racing,Oreca,GF,34.315,83.723,99.704,
47,1,15,3:36.349,0,,34.026,1,1:23.152,0,1:39.171,1,226.7,56:36.332,22:56:36.332,0:34.026,1:23.152,1:39.171,318.2,Sophia FLOERSCH,,LMP2,P/A,Algarve Pro Racing,Oreca,GF,34.026,83.152,99.171,
47,1,16,3:39.658,0,,34.772,0,1:25.578,0,1:39.308,0,223.3,1:00:15.990,23:00:15.990,0:34.772,1:25.578,1:39.308,318.2,Sophia FLOERSCH,,LMP2,P/A,Algarve Pro Racing,Oreca,GF,34.772,85.578,99.308,
47,1,17,4:12.552,0,,34.084,0,1:51.427,0,1:47.041,0,194.2,1:04:28.542,23:04:28.542,0:34.084,1:51.427,1:47.041,318.2,Sophia FLOERSCH,,LMP2,P/A,Algarve Pro Racing,Oreca,GF,34.084,111.427,107.041,
47,1,18,3:44.875,0,B,34.151,0,1:23.090,1,1:47.634,0,218.1,1:08:13.417,23:08:13.417,0:34.151,1:23.090,1:47.634,320.1,Sophia FLOERSCH,,LMP2,P/A,Algarve Pro Racing,Oreca,GF,34.151,83.090,107.634,
47,2,19,5:42.223,0,,2:30.332,0,1:26.963,0,1:44.928,0,143.3,1:13:55.640,23:13:55.640,2:30.332,1:26.963,1:44.928,314.5,John FALB,0:02:05.210,LMP2,P/A,Algarve Pro Racing,Oreca,GF,150.332,86.963,104.928,
47,2,20,3:45.024,0,,35.671,0,1:25.619,0,1:43.734,0,218.0,1:17:40.664,23:17:40.664,0:35.671,1:25.619,1:43.734,316.3,John FALB,,LMP2,P/A,Algarve Pro Racing,Oreca,GF,35.671,85.619,103.734,
47,2,21,3:43.931,0,,35.459,0,1:25.387,0,1:43.085,0,219.1,1:21:24.595,23:21:24.595,0:35.459,1:25.387,1:43.085,315.4,John FALB,,LMP2,P/A,Algarve Pro Racing,Oreca,GF,35.459,85.387,103.085,
47,2,22,3:43.783,0,,35.799,0,1:25.620,0,1:42.364,0,219.2,1:25:08.378,23:25:08.378,0:35.799,1:25.620,1:42.364,317.2,John FALB,,LMP2,P/A,Algarve Pro Racing,Oreca,GF,35.799,85.620,102.364,
47,2,23,3:42.767,0,,35.319,0,1:25.512,0,1:41.936,1,220.2,1:28:51.145,23:28:51.145,0:35.319,1:25.512,1:41.936,313.6,John FALB,,LMP2,P/A,Algarve Pro Racing,Oreca,GF,35.319,85.512,101.936,
47,2,24,3:43.277,0,,35.082,1,1:25.669,0,1:42.526,0,219.7,1:32:34.422,23:32:34.422,0:35.082,1:25.669,1:42.526,314.5,John FALB,,LMP2,P/A,Algarve Pro Racing,Oreca,GF,35.082,85.669,102.526,
47,2,25,3:47.673,0,,37.304,0,1:26.057,0,1:44.312,0,215.5,1:36:22.095,23:36:22.095,0:37.304,1:26.057,1:44.312,319.1,John FALB,,LMP2,P/A,Algarve Pro Racing,Oreca,GF,37.304,86.057,104.312,
47,2,26,3:47.437,0,,35.346,0,1:25.371,1,1:46.720,0,215.7,1:40:09.532,23:40:09.532,0:35.346,1:25.371,1:46.720,316.3,John FALB,,LMP2,P/A,Algarve Pro Racing,Oreca,GF,35.346,85.371,106.720,
47,2,27,3:50.868,0,B,36.365,0,1:25.842,0,1:48.661,0,212.5,1:44:00.400,23:44:00.400,0:36.365,1:25.842,1:48.661,313.6,John FALB,,LMP2,P/A,Algarve Pro Racing,Oreca,GF,36.365,85.842,108.661,
47,2,28,6:03.114,0,,2:52.430,0,1:26.123,0,1:44.561,0,135.1,1:50:03.514,23:50:03.514,2:52.430,1:26.123,1:44.561,316.3,John FALB,0:02:27.050,LMP2,P/A,Algarve Pro Racing,Oreca,GF,172.430,86.123,104.561,
47,2,29,3:45.965,0,,36.382,0,1:25.784,0,1:43.799,0,217.1,1:53:49.479,23:53:49.479,0:36.382,1:25.784,1:43.799,316.3,John FALB,,LMP2,P/A,Algarve Pro Racing,Oreca,GF,36.382,85.784,103.799,
47,2,30,4:12.786,0,,1:04.293,0,1:26.032,0,1:42.461,0,194.1,1:58:02.265,23:58:02.265,1:04.293,1:26.032,1:42.461,316.3,John FALB,,LMP2,P/A,Algarve Pro Racing,Oreca,GF,64.293,86.032,102.461,
47,2,31,3:43.223,0,,35.281,0,1:25.882,0,1:42.060,0,219.8,2:01:45.488,00:01:45.488,0:35.281,1:25.882,1:42.060,313.6,John FALB,,LMP2,P/A,Algarve Pro Racing,Oreca,FF,35.281,85.882,102.060,
48,1,1,7:32.068,0,,4:25.357,0,1:25.718,0,1:40.993,0,107.4,7:32.068,22:07:32.068,4:25.357,1:25.718,1:40.993,295.6,Paul LAFARGUE,0:03:49.739,LMP2,,IDEC Sport,Oreca,GF,265.357,85.718,100.993,
48,1,2,3:39.148,0,,34.591,1,1:24.325,0,1:40.232,0,223.8,11:11.216,22:11:11.216,0:34.591,1:24.325,1:40.232,318.2,Paul LAFARGUE,,LMP2,,IDEC Sport,Oreca,GF,34.591,84.325,100.232,
48,1,3,3:40.251,0,,34.810,0,1:24.239,0,1:41.202,0,222.7,14:51.467,22:14:51.467,0:34.810,1:24.239,1:41.202,318.2,Paul LAFARGUE,,LMP2,,IDEC Sport,Oreca,GF,34.810,84.239,101.202,
48,1,4,3:38.683,0,,34.636,0,1:24.031,1,1:40.016,1,224.3,18:30.150,22:18:30.150,0:34.636,1:24.031,1:40.016,317.2,Paul LAFARGUE,,LMP2,,IDEC Sport,Oreca,GF,34.636,84.031,100.016,
48,1,5,3:50.479,0,B,35.063,0,1:25.762,0,1:49.654,0,212.8,22:20.629,22:22:20.629,0:35.063,1:25.762,1:49.654,318.2,Paul LAFARGUE,,LMP2,,IDEC Sport,Oreca,GF,35.063,85.762,109.654,
48,3,6,15:56.685,0,,12:53.514,0,1:24.255,0,1:38.916,0,51.3,38:17.314,22:38:17.314,12:53.514,1:24.255,1:38.916,314.5,Patrick PILET,0:12:29.447,LMP2,,IDEC Sport,Oreca,GF,773.514,84.255,98.916,
48,3,7,3:35.566,2,,33.999,0,1:23.105,0,1:38.462,2,227.6,41:52.880,22:41:52.880,0:33.999,1:23.105,1:38.462,318.2,Patrick PILET,,LMP2,,IDEC Sport,Oreca,GF,33.999,83.105,98.462,
48,3,8,3:42.599,0,B,33.741,2,1:22.641,2,1:46.217,0,220.4,45:35.479,22:45:35.479,0:33.741,1:22.641,1:46.217,320.1,Patrick PILET,,LMP2,,IDEC Sport,Oreca,GF,33.741,82.641,106.217,
48,3,9,5:11.335,0,,2:08.822,0,1:23.656,0,1:38.857,0,157.6,50:46.814,22:50:46.814,2:08.822,1:23.656,1:38.857,318.2,Patrick PILET,0:01:44.394,LMP2,,IDEC Sport,Oreca,GF,128.822,83.656,98.857,
48,3,10,3:37.365,0,,33.953,0,1:23.888,0,1:39.524,0,225.7,54:24.179,22:54:24.179,0:33.953,1:23.888,1:39.524,320.1,Patrick PILET,,LMP2,,IDEC Sport,Oreca,GF,33.953,83.888,99.524,
48,3,11,3:41.308,0,B,33.989,0,1:22.822,0,1:44.497,0,221.7,58:05.487,22:58:05.487,0:33.989,1:22.822,1:44.497,320.1,Patrick PILET,,LMP2,,IDEC Sport,Oreca,GF,33.989,82.822,104.497,
48,3,12,5:38.780,0,,2:29.457,0,1:25.004,0,1:44.319,0,144.8,1:03:44.267,23:03:44.267,2:29.457,1:25.004,1:44.319,314.5,Patrick PILET,0:02:04.590,LMP2,,IDEC Sport,Oreca,GF,149.457,85.004,104.319,
48,3,13,3:38.925,0,,34.198,0,1:24.579,0,1:40.148,0,224.1,1:07:23.192,23:07:23.192,0:34.198,1:24.579,1:40.148,319.1,Patrick PILET,,LMP2,,IDEC Sport,Oreca,GF,34.198,84.579,100.148,
48,3,14,3:43.474,0,B,34.017,0,1:22.851,0,1:46.606,0,219.5,1:11:06.666,23:11:06.666,0:34.017,1:22.851,1:46.606,322.0,Patrick PILET,,LMP2,,IDEC Sport,Oreca,GF,34.017,82.851,106.606,
48,2,15,5:23.672,0,,2:18.105,0,1:25.339,0,1:40.228,0,151.6,1:16:30.338,23:16:30.338,2:18.105,1:25.339,1:40.228,314.5,Paul Loup CHATIN,0:01:50.967,LMP2,,IDEC Sport,Oreca,GF,138.105,85.339,100.228,
48,2,16,3:39.366,0,,34.377,0,1:23.861,0,1:41.128,0,223.6,1:20:09.704,23:20:09.704,0:34.377,1:23.861,1:41.128,317.2,Paul Loup CHATIN,,LMP2,,IDEC Sport,Oreca,GF,34.377,83.861,101.128,
48,2,17,3:37.937,0,,34.312,0,1:24.418,0,1:39.207,0,225.1,1:23:47.641,23:23:47.641,0:34.312,1:24.418,1:39.207,317.2,Paul Loup CHATIN,,LMP2,,IDEC Sport,Oreca,GF,34.312,84.418,99.207,
48,2,18,3:36.648,0,,34.187,1,1:23.355,1,1:39.106,1,226.4,1:27:24.289,23:27:24.289,0:34.187,1:23.355,1:39.106,321.0,Paul Loup CHATIN,,LMP2,,IDEC Sport,Oreca,GF,34.187,83.355,99.106,
48,2,19,3:45.187,0,B,34.417,0,1:23.935,0,1:46.835,0,217.8,1:31:09.476,23:31:09.476,0:34.417,1:23.935,1:46.835,317.2,Paul Loup CHATIN,,LMP2,,IDEC Sport,Oreca,GF,34.417,83.935,106.835,
5,1,1,3:50.431,0,,43.764,0,1:24.834,0,1:41.833,0,210.6,3:50.431,22:03:50.431,0:43.764,1:24.834,1:41.833,315.4,Dane CAMERON,0:00:10.323,LMP2,,Team Penske,Oreca,GF,43.764,84.834,101.833,
5,1,2,3:40.615,0,,35.303,0,1:23.594,0,1:41.718,0,222.3,7:31.046,22:07:31.046,0:35.303,1:23.594,1:41.718,321.0,Dane CAMERON,,LMP2,,Team Penske,Oreca,GF,35.303,83.594,101.718,
5,1,3,3:35.083,0,,33.867,0,1:22.910,0,1:38.306,0,228.1,11:06.129,22:11:06.129,0:33.867,1:22.910,1:38.306,321.0,Dane CAMERON,,LMP2,,Team Penske,Oreca,GF,33.867,82.910,98.306,
5,1,4,3:35.219,0,,33.777,2,1:22.599,0,1:38.843,0,227.9,14:41.348,22:14:41.348,0:33.777,1:22.599,1:38.843,323.9,Dane CAMERON,,LMP2,,Team Penske,Oreca,GF,33.777,82.599,98.843,
5,1,5,3:34.628,0,,34.355,0,1:22.541,0,1:37.732,2,228.6,18:15.976,22:18:15.976,0:34.355,1:22.541,1:37.732,321.0,Dane CAMERON,,LMP2,,Team Penske,Oreca,GF,34.355,82.541,97.732,
5,1,6,3:34.603,2,,33.906,0,1:22.653,0,1:38.044,0,228.6,21:50.579,22:21:50.579,0:33.906,1:22.653,1:38.044,326.8,Dane CAMERON,,LMP2,,Team Penske,Oreca,GF,33.906,82.653,98.044,
5,1,7,3:37.057,0,,33.872,0,1:22.232,0,1:40.953,0,226.0,25:27.636,22:25:27.636,0:33.872,1:22.232,1:40.953,322.9,Dane CAMERON,,LMP2,,Team Penske,Oreca,GF,33.872,82.232,100.953,
5,1,8,3:35.710,0,,33.918,0,1:22.218,2,1:39.574,0,227.4,29:03.346,22:29:03.346,0:33.918,1:22.218,1:39.574,322.9,Dane CAMERON,,LMP2,,Team Penske,Oreca,GF,33.918,82.218,99.574,
5,1,9,3:41.897,0,B,34.175,0,1:22.894,0,1:44.828,0,221.1,32:45.243,22:32:45.243,0:34.175,1:22.894,1:44.828,321.0,Dane CAMERON,,LMP2,,Team Penske,Oreca,GF,34.175,82.894,104.828,
5,2,10,5:07.674,0,,2:02.358,0,1:24.909,0,1:40.407,0,159.4,37:52.917,22:37:52.917,2:02.358,1:24.909,1:40.407,316.3,Emmanuel COLLARD,0:01:36.625,LMP2,,Team Penske,Oreca,GF,122.358,84.909,100.407,
5,2,11,3:41.688,0,,34.967,0,1:24.562,0,1:42.159,0,221.3,41:34.605,22:41:34.605,0:34.967,1:24.562,1:42.159,318.2,Emmanuel COLLARD,,LMP2,,Team Penske,Oreca,GF,34.967,84.562,102.159,
5,2,12,3:39.262,0,,34.548,0,1:23.929,0,1:40.785,0,223.7,45:13.867,22:45:13.867,0:34.548,1:23.929,1:40.785,322.0,Emmanuel COLLARD,,LMP2,,Team Penske,Oreca,GF,34.548,83.929,100.785,
5,2,13,3:39.499,0,,34.242,0,1:23.668,0,1:41.589,0,223.5,48:53.366,22:48:53.366,0:34.242,1:23.668,1:41.589,319.1,Emmanuel COLLARD,,LMP2,,Team Penske,Oreca,GF,34.242,83.668,101.589,
5,2,14,3:39.996,0,,34.222,1,1:23.591,0,1:42.183,0,223.0,52:33.362,22:52:33.362,0:34.222,1:23.591,1:42.183,319.1,Emmanuel COLLARD,,LMP2,,Team Penske,Oreca,GF,34.222,83.591,102.183,
5,2,15,3:38.749,0,,34.528,0,1:23.456,0,1:40.765,0,224.2,56:12.111,22:56:12.111,0:34.528,1:23.456,1:40.765,322.0,Emmanuel COLLARD,,LMP2,,Team Penske,Oreca,GF,34.528,83.456,100.765,
5,2,16,3:37.339,0,,34.235,0,1:23.034,1,1:40.070,1,225.7,59:49.450,22:59:49.450,0:34.235,1:23.034,1:40.070,318.2,Emmanuel COLLARD,,LMP2,,Team Penske,Oreca,GF,34.235,83.034,100.070,
5,2,17,3:39.508,0,,34.239,0,1:23.184,0,1:42.085,0,223.5,1:03:28.958,23:03:28.958,0:34.239,1:23.184,1:42.085,318.2,Emmanuel COLLARD,,LMP2,,Team Penske,Oreca,GF,34.239,83.184,102.085,
5,2,18,4:01.595,0,B,34.369,0,1:37.038,0,1:50.188,0,203.0,1:07:30.553,23:07:30.553,0:34.369,1:37.038,1:50.188,321.0,Emmanuel COLLARD,,LMP2,,Team Penske,Oreca,GF,34.369,97.038,110.188,
5,3,19,10:38.510,0,,7:33.813,0,1:24.792,0,1:39.905,0,76.8,1:18:09.063,23:18:09.063,7:33.813,1:24.792,1:39.905,317.2,Felipe NASR,0:07:09.164,LMP2,,Team Penske,Oreca,GF,453.813,84.792,99.905,
5,3,20,3:37.005,0,,34.025,0,1:23.509,0,1:39.471,0,226.0,1:21:46.068,23:21:46.068,0:34.025,1:23.509,1:39.471,322.0,Felipe NASR,,LMP2,,Team Penske,Oreca,GF,34.025,83.509,99.471,
5,3,21,3:40.150,0,,34.459,0,1:23.886,0,1:41.805,0,222.8,1:25:26.218,23:25:26.218,0:34.459,1:23.886,1:41.805,311.8,Felipe NASR,,LMP2,,Team Penske,Oreca,GF,34.459,83.886,101.805,
5,3,22,3:39.507,0,,34.545,0,1:24.318,0,1:40.644,0,223.5,1:29:05.725,23:29:05.725,0:34.545,1:24.318,1:40.644,317.2,Felipe NASR,,LMP2,,Team Penske,Oreca,GF,34.545,84.318,100.644,
5,3,23,3:43.476,0,B,34.129,0,1:23.164,1,1:46.183,0,219.5,1:32:49.201,23:32:49.201,0:34.129,1:23.164,1:46.183,319.1,Felipe NASR,,LMP2,,Team Penske,Oreca,GF,34.129,83.164,106.183,
5,3,24,6:35.763,0,,3:32.410,0,1:23.916,0,1:39.437,0,123.9,1:39:24.964,23:39:24.964,3:32.410,1:23.916,1:39.437,315.4,Felipe NASR,0:03:08.779,LMP2,,Team Penske,Oreca,GF,212.410,83.916,99.437,
5,3,25,3:36.235,0,,34.477,0,1:23.479,0,1:38.279,1,226.9,1:43:01.199,23:43:01.199,0:34.477,1:23.479,1:38.279,318.2,Felipe NASR,,LMP2,,Team Penske,Oreca,GF,34.477,83.479,98.279,
5,3,26,3:38.269,0,,35.007,0,1:23.297,0,1:39.965,0,224.7,1:46:39.468,23:46:39.468,0:35.007,1:23.297,1:39.965,320.1,Felipe NASR,,LMP2,,Team Penske,Oreca,GF,35.007,83.297,99.965,
5,3,27,3:44.395,0,B,34.000,1,1:23.404,0,1:46.991,0,218.6,1:50:23.863,23:50:23.863,0:34.000,1:23.404,1:46.991,305.6,Felipe NASR,,LMP2,,Team Penske,Oreca,GF,34.000,83.404,106.991,
5,3,28,6:37.151,0,,3:33.479,0,1:24.050,0,1:39.622,0,123.5,1:57:01.014,23:57:01.014,3:33.479,1:24.050,1:39.622,315.4,Felipe NASR,0:02:54.928,LMP2,,Team Penske,Oreca,GF,213.479,84.050,99.622,
5,3,29,3:36.545,0,,34.122,0,1:23.576,0,1:38.847,0,226.5,2:00:37.559,00:00:37.559,0:34.122,1:23.576,1:38.847,320.1,Felipe NASR,,LMP2,,Team Penske,Oreca,FF,34.122,83.576,98.847,
51,3,1,34:52.003,0,,31:29.918,0,1:31.644,0,1:50.441,0,23.2,34:52.003,22:34:52.003,31:29.918,1:31.644,1:50.441,296.4,Daniel SERRA,0:30:53.337,LMGTE Pro,,AF Corse,Ferrari,GF,1889.918,91.644,110.441,
51,3,2,4:02.771,0,,38.346,0,1:31.715,0,1:52.710,0,202.1,38:54.774,22:38:54.774,0:38.346,1:31.715,1:52.710,278.1,Daniel SERRA,,LMGTE Pro,,AF Corse,Ferrari,GF,38.346,91.715,112.710,
51,3,3,3:54.499,0,,36.903,0,1:29.789,0,1:47.807,1,209.2,42:49.273,22:42:49.273,0:36.903,1:29.789,1:47.807,298.8,Daniel SERRA,,LMGTE Pro,,AF Corse,Ferrari,GF,36.903,89.789,107.807,
51,3,4,3:54.337,0,,36.807,0,1:29.638,0,1:47.892,0,209.3,46:43.610,22:46:43.610,0:36.807,1:29.638,1:47.892,298.8,Daniel SERRA,,LMGTE Pro,,AF Corse,Ferrari,GF,36.807,89.638,107.892,
51,3,5,3:54.641,0,,36.925,0,1:29.427,0,1:48.289,0,209.1,50:38.251,22:50:38.251,0:36.925,1:29.427,1:48.289,299.7,Daniel SERRA,,LMGTE Pro,,AF Corse,Ferrari,GF,36.925,89.427,108.289,
51,3,6,3:56.006,0,,36.713,0,1:29.391,2,1:49.902,0,207.8,54:34.257,22:54:34.257,0:36.713,1:29.391,1:49.902,299.7,Daniel SERRA,,LMGTE Pro,,AF Corse,Ferrari,GF,36.713,89.391,109.902,
51,3,7,3:59.915,0,B,36.662,1,1:29.899,0,1:53.354,0,204.5,58:34.172,22:58:34.172,0:36.662,1:29.899,1:53.354,297.2,Daniel SERRA,,LMGTE Pro,,AF Corse,Ferrari,GF,36.662,89.899,113.354,
51,2,8,6:44.830,0,,2:39.143,0,2:12.222,0,1:53.465,0,121.2,1:05:19.002,23:05:19.002,2:39.143,2:12.222,1:53.465,284.7,James CALADO,0:02:11.798,LMGTE Pro,,AF Corse,Ferrari,GF,159.143,132.222,113.465,
51,2,9,3:53.967,0,,37.190,0,1:30.006,0,1:46.771,2,209.7,1:09:12.969,23:09:12.969,0:37.190,1:30.006,1:46.771,295.6,James CALADO,,LMGTE Pro,,AF Corse,Ferrari,GF,37.190,90.006,106.771,
51,2,10,3:53.888,2,,36.658,0,1:29.793,0,1:47.437,0,209.7,1:13:06.857,23:13:06.857,0:36.658,1:29.793,1:47.437,296.4,James CALADO,,LMGTE Pro,,AF Corse,Ferrari,GF,36.658,89.793,107.437,
51,2,11,3:54.234,0,,36.623,0,1:29.529,1,1:48.082,0,209.4,1:17:01.091,23:17:01.091,0:36.623,1:29.529,1:48.082,298.0,James CALADO,,LMGTE Pro,,AF Corse,Ferrari,GF,36.623,89.529,108.082,
51,2,12,4:00.702,0,B,36.578,2,1:29.731,0,1:54.393,0,203.8,1:21:01.793,23:21:01.793,0:36.578,1:29.731,1:54.393,297.2,James CALADO,,LMGTE Pro,,AF Corse,Ferrari,GF,36.578,89.731,114.393,
51,1,13,8:53.940,0,,5:34.012,0,1:31.431,0,1:48.497,0,91.9,1:29:55.733,23:29:55.733,5:34.012,1:31.431,1:48.497,292.4,Alessandro PIER GUIDI,0:05:07.310,LMGTE Pro,,AF Corse,Ferrari,GF,334.012,91.431,108.497,
51,1,14,3:56.556,0,,38.648,0,1:30.019,0,1:47.889,1,207.4,1:33:52.289,23:33:52.289,0:38.648,1:30.019,1:47.889,295.6,Alessandro PIER GUIDI,,LMGTE Pro,,AF Corse,Ferrari,GF,38.648,90.019,107.889,
51,1,15,5:49.232,0,B,47.078,0,2:22.414,0,2:39.740,0,140.5,1:39:41.521,23:39:41.521,0:47.078,2:22.414,2:39.740,151.9,Alessandro PIER GUIDI,,LMGTE Pro,,AF Corse,Ferrari,GF,47.078,142.414,159.740,
51,1,16,10:22.613,0,,6:58.612,0,1:32.662,0,1:51.339,0,78.8,1:50:04.134,23:50:04.134,6:58.612,1:32.662,1:51.339,294.0,Alessandro PIER GUIDI,0:06:30.366,LMGTE Pro,,AF Corse,Ferrari,GF,418.612,92.662,111.339,
51,1,17,3:59.139,0,,37.563,0,1:30.693,0,1:50.883,0,205.1,1:54:03.273,23:54:03.273,0:37.563,1:30.693,1:50.883,297.2,Alessandro PIER GUIDI,,LMGTE Pro,,AF Corse,Ferrari,GF,37.563,90.693,110.883,
51,1,18,4:23.778,0,,1:05.084,0,1:30.513,0,1:48.181,0,186.0,1:58:27.051,23:58:27.051,1:05.084,1:30.513,1:48.181,295.6,Alessandro PIER GUIDI,,LMGTE Pro,,AF Corse,Ferrari,GF,65.084,90.513,108.181,
51,1,19,4:01.225,0,B,37.166,1,1:29.861,1,1:54.198,0,203.4,2:02:28.276,00:02:28.276,0:37.166,1:29.861,1:54.198,298.0,Alessandro PIER GUIDI,,LMGTE Pro,,AF Corse,Ferrari,FF,37.166,89.861,114.198,
52,1,1,46:25.550,0,,43:02.751,0,1:32.104,0,1:50.695,0,17.4,46:25.550,22:46:25.550,43:02.751,1:32.104,1:50.695,286.9,Miguel MOLINA,0:42:27.047,LMGTE Pro,,AF Corse,Ferrari,GF,2582.751,92.104,110.695,
52,1,2,3:57.922,0,,37.442,0,1:30.688,0,1:49.792,0,206.2,50:23.472,22:50:23.472,0:37.442,1:30.688,1:49.792,294.0,Miguel MOLINA,,LMGTE Pro,,AF Corse,Ferrari,GF,37.442,90.688,109.792,
52,1,3,3:56.115,0,,37.686,0,1:30.239,0,1:48.190,0,207.8,54:19.587,22:54:19.587,0:37.686,1:30.239,1:48.190,295.6,Miguel MOLINA,,LMGTE Pro,,AF Corse,Ferrari,GF,37.686,90.239,108.190,
52,1,4,3:53.682,2,,36.813,1,1:29.505,2,1:47.364,1,209.9,58:13.269,22:58:13.269,0:36.813,1:29.505,1:47.364,298.8,Miguel MOLINA,,LMGTE Pro,,AF Corse,Ferrari,GF,36.813,89.505,107.364,
52,1,5,4:01.039,0,B,36.936,0,1:30.212,0,1:53.891,0,203.5,1:02:14.308,23:02:14.308,0:36.936,1:30.212,1:53.891,298.0,Miguel MOLINA,,LMGTE Pro,,AF Corse,Ferrari,GF,36.936,90.212,113.891,
52,2,6,5:19.348,0,,1:54.916,0,1:33.430,0,1:51.002,0,153.6,1:07:33.656,23:07:33.656,1:54.916,1:33.430,1:51.002,286.9,Antonio FUOCO,0:01:28.965,LMGTE Pro,,AF Corse,Ferrari,GF,114.916,93.430,111.002,
52,2,7,3:56.742,0,,38.420,0,1:30.536,0,1:47.786,0,207.2,1:11:30.398,23:11:30.398,0:38.420,1:30.536,1:47.786,286.2,Antonio FUOCO,,LMGTE Pro,,AF Corse,Ferrari,GF,38.420,90.536,107.786,
52,2,8,3:54.414,0,,36.936,0,1:29.950,0,1:47.528,0,209.3,1:15:24.812,23:15:24.812,0:36.936,1:29.950,1:47.528,288.5,Antonio FUOCO,,LMGTE Pro,,AF Corse,Ferrari,GF,36.936,89.950,107.528,
52,2,9,3:54.203,0,,37.393,0,1:29.882,1,1:46.928,2,209.4,1:19:19.015,23:19:19.015,0:37.393,1:29.882,1:46.928,289.3,Antonio FUOCO,,LMGTE Pro,,AF Corse,Ferrari,GF,37.393,89.882,106.928,
52,2,10,3:59.689,0,B,36.812,1,1:29.926,0,1:52.951,0,204.7,1:23:18.704,23:23:18.704,0:36.812,1:29.926,1:52.951,298.8,Antonio FUOCO,,LMGTE Pro,,AF Corse,Ferrari,GF,36.812,89.926,112.951,
52,3,11,6:15.596,0,,2:52.524,0,1:33.966,0,1:49.106,0,130.6,1:29:34.300,23:29:34.300,2:52.524,1:33.966,1:49.106,261.9,Davide RIGON,0:02:25.140,LMGTE Pro,,AF Corse,Ferrari,GF,172.524,93.966,109.106,
52,3,12,3:55.044,0,,37.253,0,1:30.176,0,1:47.615,0,208.7,1:33:29.344,23:33:29.344,0:37.253,1:30.176,1:47.615,298.0,Davide RIGON,,LMGTE Pro,,AF Corse,Ferrari,GF,37.253,90.176,107.615,
52,3,13,3:54.247,0,,36.775,2,1:29.785,0,1:47.687,0,209.4,1:37:23.591,23:37:23.591,0:36.775,1:29.785,1:47.687,294.8,Davide RIGON,,LMGTE Pro,,AF Corse,Ferrari,GF,36.775,89.785,107.687,
52,3,14,3:54.177,0,,36.899,0,1:29.701,1,1:47.577,1,209.5,1:41:17.768,23:41:17.768,0:36.899,1:29.701,1:47.577,298.0,Davide RIGON,,LMGTE Pro,,AF Corse,Ferrari,GF,36.899,89.701,107.577,
52,3,15,3:55.091,0,,36.880,0,1:30.088,0,1:48.123,0,208.7,1:45:12.859,23:45:12.859,0:36.880,1:30.088,1:48.123,292.4,Davide RIGON,,LMGTE Pro,,AF Corse,Ferrari,GF,36.880,90.088,108.123,
52,3,16,4:00.298,0,B,36.947,0,1:29.710,0,1:53.641,0,204.1,1:49:13.157,23:49:13.157,0:36.947,1:29.710,1:53.641,289.3,Davide RIGON,,LMGTE Pro,,AF Corse,Ferrari,GF,36.947,89.710,113.641,
54,1,1,5:19.605,0,,1:49.499,0,1:35.359,0,1:54.747,0,151.8,5:19.605,22:05:19.605,1:49.499,1:35.359,1:54.747,283.2,Thomas FLOHR,0:01:12.676,LMGTE Am,,AF Corse,Ferrari,GF,109.499,95.359,114.747,
54,1,2,4:01.954,0,,37.958,0,1:33.453,0,1:50.543,0,202.7,9:21.559,22:09:21.559,0:37.958,1:33.453,1:50.543,288.5,Thomas FLOHR,,LMGTE Am,,AF Corse,Ferrari,GF,37.958,93.453,110.543,
54,1,3,4:00.987,0,,37.965,0,1:32.927,0,1:50.095,0,203.6,13:22.546,22:13:22.546,0:37.965,1:32.927,1:50.095,271.8,Thomas FLOHR,,LMGTE Am,,AF Corse,Ferrari,GF,37.965,92.927,110.095,
54,1,4,4:00.123,0,,37.714,1,1:32.488,1,1:49.921,1,204.3,17:22.669,22:17:22.669,0:37.714,1:32.488,1:49.921,290.8,Thomas FLOHR,,LMGTE Am,,AF Corse,Ferrari,GF,37.714,92.488,109.921,
54,1,5,4:02.583,0,,38.052,0,1:32.915,0,1:51.616,0,202.2,21:25.252,22:21:25.252,0:38.052,1:32.915,1:51.616,291.6,Thomas FLOHR,,LMGTE Am,,AF Corse,Ferrari,GF,38.052,92.915,111.616,
54,1,6,4:05.473,0,,37.936,0,1:33.271,0,1:54.266,0,199.8,25:30.725,22:25:30.725,0:37.936,1:33.271,1:54.266,287.7,Thomas FLOHR,,LMGTE Am,,AF Corse,Ferrari,GF,37.936,93.271,114.266,
54,1,7,4:09.107,0,,38.636,0,1:34.379,0,1:56.092,0,196.9,29:39.832,22:29:39.832,0:38.636,1:34.379,1:56.092,263.9,Thomas FLOHR,,LMGTE Am,,AF Corse,Ferrari,GF,38.636,94.379,116.092,
54,1,8,4:04.859,0,,38.639,0,1:33.799,0,1:52.421,0,200.3,33:44.691,22:33:44.691,0:38.639,1:33.799,1:52.421,286.9,Thomas FLOHR,,LMGTE Am,,AF Corse,Ferrari,GF,38.639,93.799,112.421,
54,1,9,4:03.939,0,,38.578,0,1:34.109,0,1:51.252,0,201.1,37:48.630,22:37:48.630,0:38.578,1:34.109,1:51.252,285.4,Thomas FLOHR,,LMGTE Am,,AF Corse,Ferrari,GF,38.578,94.109,111.252,
54,1,10,4:05.832,0,,39.580,0,1:33.531,0,1:52.721,0,199.5,41:54.462,22:41:54.462,0:39.580,1:33.531,1:52.721,286.9,Thomas FLOHR,,LMGTE Am,,AF Corse,Ferrari,GF,39.580,93.531,112.721,
54,1,11,4:11.014,0,B,38.882,0,1:33.442,0,1:58.690,0,195.4,46:05.476,22:46:05.476,0:38.882,1:33.442,1:58.690,289.3,Thomas FLOHR,,LMGTE Am,,AF Corse,Ferrari,GF,38.882,93.442,118.690,
54,2,12,10:22.047,0,,6:56.715,0,1:33.812,0,1:51.520,0,78.9,56:27.523,22:56:27.523,6:56.715,1:33.812,1:51.520,288.5,Francesco CASTELLACCI,0:06:25.534,LMGTE Am,,AF Corse,Ferrari,GF,416.715,93.812,111.520,
54,2,13,4:02.146,0,,37.816,0,1:33.223,0,1:51.107,0,202.6,1:00:29.669,23:00:29.669,0:37.816,1:33.223,1:51.107,285.4,Francesco CASTELLACCI,,LMGTE Am,,AF Corse,Ferrari,GF,37.816,93.223,111.107,
54,2,14,4:48.561,0,,37.792,0,2:13.883,0,1:56.886,0,170.0,1:05:18.230,23:05:18.230,0:37.792,2:13.883,1:56.886,286.9,Francesco CASTELLACCI,,LMGTE Am,,AF Corse,Ferrari,GF,37.792,133.883,116.886,
54,2,15,4:00.135,0,,37.635,0,1:32.774,0,1:49.726,0,204.3,1:09:18.365,23:09:18.365,0:37.635,1:32.774,1:49.726,290.8,Francesco CASTELLACCI,,LMGTE Am,,AF Corse,Ferrari,GF,37.635,92.774,109.726,
54,2,16,4:01.376,0,,38.134,0,1:32.297,0,1:50.945,0,203.2,1:13:19.741,23:13:19.741,0:38.134,1:32.297,1:50.945,288.5,Francesco CASTELLACCI,,LMGTE Am,,AF Corse,Ferrari,GF,38.134,92.297,110.945,
54,2,17,3:59.347,0,,37.568,0,1:32.187,0,1:49.592,0,204.9,1:17:19.088,23:17:19.088,0:37.568,1:32.187,1:49.592,290.0,Francesco CASTELLACCI,,LMGTE Am,,AF Corse,Ferrari,GF,37.568,92.187,109.592,
54,2,18,3:58.135,0,,37.436,0,1:31.784,1,1:48.915,0,206.0,1:21:17.223,23:21:17.223,0:37.436,1:31.784,1:48.915,290.8,Francesco CASTELLACCI,,LMGTE Am,,AF Corse,Ferrari,GF,37.436,91.784,108.915,
54,2,19,3:57.759,0,,37.377,1,1:31.867,0,1:48.515,1,206.3,1:25:14.982,23:25:14.982,0:37.377,1:31.867,1:48.515,289.3,Francesco CASTELLACCI,,LMGTE Am,,AF Corse,Ferrari,GF,37.377,91.867,108.515,
54,2,20,4:07.696,0,B,38.646,0,1:32.382,0,1:56.668,0,198.0,1:29:22.678,23:29:22.678,0:38.646,1:32.382,1:56.668,288.5,Francesco CASTELLACCI,,LMGTE Am,,AF Corse,Ferrari,GF,38.646,92.382,116.668,
54,3,21,7:07.636,0,,3:45.935,0,1:32.264,0,1:49.437,0,114.7,1:36:30.314,23:36:30.314,3:45.935,1:32.264,1:49.437,290.8,Nick CASSIDY,0:03:19.755,LMGTE Am,,AF Corse,Ferrari,GF,225.935,92.264,109.437,
54,3,22,3:56.789,0,,37.229,0,1:31.367,0,1:48.193,0,207.2,1:40:27.103,23:40:27.103,0:37.229,1:31.367,1:48.193,291.6,Nick CASSIDY,,LMGTE Am,,AF Corse,Ferrari,GF,37.229,91.367,108.193,
54,3,23,3:55.345,2,,36.982,2,1:30.779,2,1:47.584,2,208.4,1:44:22.448,23:44:22.448,0:36.982,1:30.779,1:47.584,289.3,Nick CASSIDY,,LMGTE Am,,AF Corse,Ferrari,GF,36.982,90.779,107.584,
54,3,24,4:05.164,0,B,37.051,0,1:31.009,0,1:57.104,0,200.1,1:48:27.612,23:48:27.612,0:37.051,1:31.009,1:57.104,290.8,Nick CASSIDY,,LMGTE Am,,AF Corse,Ferrari,GF,37.051,91.009,117.104,
54,3,25,5:05.569,0,,1:37.853,0,1:32.642,0,1:55.074,0,160.5,1:53:33.181,23:53:33.181,1:37.853,1:32.642,1:55.074,288.5,Nick CASSIDY,0:01:11.094,LMGTE Am,,AF Corse,Ferrari,GF,97.853,92.642,115.074,
54,3,26,4:38.128,0,,1:13.568,0,1:32.539,0,1:52.021,0,176.4,1:58:11.309,23:58:11.309,1:13.568,1:32.539,1:52.021,290.8,Nick CASSIDY,,LMGTE Am,,AF Corse,Ferrari,GF,73.568,92.539,112.021,
54,3,27,3:57.000,0,,37.010,0,1:31.352,0,1:48.638,0,207.0,2:02:08.309,00:02:08.309,0:37.010,1:31.352,1:48.638,289.3,Nick CASSIDY,,LMGTE Am,,AF Corse,Ferrari,FF,37.010,91.352,108.638,
55,2,1,4:28.826,0,,1:02.122,0,1:35.059,0,1:51.645,0,180.5,4:28.826,22:04:28.826,1:02.122,1:35.059,1:51.645,255.1,Matthew GRIFFIN,0:00:26.118,LMGTE Am,,Spirit of Race,Ferrari,GF,62.122,95.059,111.645,
55,2,2,3:59.237,0,,37.474,0,1:32.791,0,1:48.972,0,205.0,8:28.063,22:08:28.063,0:37.474,1:32.791,1:48.972,288.5,Matthew GRIFFIN,,LMGTE Am,,Spirit of Race,Ferrari,GF,37.474,92.791,108.972,
55,2,3,3:58.042,0,,37.304,0,1:32.032,0,1:48.706,0,206.1,12:26.105,22:12:26.105,0:37.304,1:32.032,1:48.706,286.9,Matthew GRIFFIN,,LMGTE Am,,Spirit of Race,Ferrari,GF,37.304,92.032,108.706,
55,2,4,4:06.679,0,B,37.475,0,1:32.180,0,1:57.024,0,198.9,16:32.784,22:16:32.784,0:37.475,1:32.180,1:57.024,287.7,Matthew GRIFFIN,,LMGTE Am,,Spirit of Race,Ferrari,GF,37.475,92.180,117.024,
55,2,5,5:43.483,0,,2:21.640,0,1:32.446,0,1:49.397,0,142.8,22:16.267,22:22:16.267,2:21.640,1:32.446,1:49.397,289.3,Matthew GRIFFIN,0:01:54.517,LMGTE Am,,Spirit of Race,Ferrari,GF,141.640,92.446,109.397,
55,2,6,3:57.263,0,,37.231,0,1:31.538,0,1:48.494,0,206.7,26:13.530,22:26:13.530,0:37.231,1:31.538,1:48.494,290.8,Matthew GRIFFIN,,LMGTE Am,,Spirit of Race,Ferrari,GF,37.231,91.538,108.494,
55,2,7,3:58.780,0,,37.553,0,1:32.387,0,1:48.840,0,205.4,30:12.310,22:30:12.310,0:37.553,1:32.387,1:48.840,292.4,Matthew GRIFFIN,,LMGTE Am,,Spirit of Race,Ferrari,GF,37.553,92.387,108.840,
55,2,8,3:57.066,0,,37.215,1,1:31.533,1,1:48.318,2,206.9,34:09.376,22:34:09.376,0:37.215,1:31.533,1:48.318,290.8,Matthew GRIFFIN,,LMGTE Am,,Spirit of Race,Ferrari,GF,37.215,91.533,108.318,
55,2,9,4:06.027,0,B,37.900,0,1:31.926,0,1:56.201,0,199.4,38:15.403,22:38:15.403,0:37.900,1:31.926,1:56.201,290.0,Matthew GRIFFIN,,LMGTE Am,,Spirit of Race,Ferrari,GF,37.900,91.926,116.201,
55,1,10,5:20.709,0,,1:54.272,0,1:34.024,0,1:52.413,0,153.0,43:36.112,22:43:36.112,1:54.272,1:34.024,1:52.413,289.3,Duncan CAMERON,0:01:23.738,LMGTE Am,,Spirit of Race,Ferrari,GF,114.272,94.024,112.413,
55,1,11,4:03.417,0,,38.603,0,1:33.983,0,1:50.831,1,201.5,47:39.529,22:47:39.529,0:38.603,1:33.983,1:50.831,281.0,Duncan CAMERON,,LMGTE Am,,Spirit of Race,Ferrari,GF,38.603,93.983,110.831,
55,1,12,4:07.291,0,,38.441,0,1:36.118,0,1:52.732,0,198.4,51:46.820,22:51:46.820,0:38.441,1:36.118,1:52.732,290.0,Duncan CAMERON,,LMGTE Am,,Spirit of Race,Ferrari,GF,38.441,96.118,112.732,
55,1,13,4:04.796,0,,38.256,1,1:33.035,1,1:53.505,0,200.4,55:51.616,22:55:51.616,0:38.256,1:33.035,1:53.505,291.6,Duncan CAMERON,,LMGTE Am,,Spirit of Race,Ferrari,GF,38.256,93.035,113.505,
55,1,14,4:04.198,0,,38.400,0,1:33.230,0,1:52.568,0,200.9,59:55.814,22:59:55.814,0:38.400,1:33.230,1:52.568,287.7,Duncan CAMERON,,LMGTE Am,,Spirit of Race,Ferrari,GF,38.400,93.230,112.568,
55,1,15,4:20.295,0,,38.542,0,1:44.153,0,1:57.600,0,188.5,1:04:16.109,23:04:16.109,0:38.542,1:44.153,1:57.600,286.9,Duncan CAMERON,,LMGTE Am,,Spirit of Race,Ferrari,GF,38.542,104.153,117.600,
55,1,16,4:04.448,0,,39.674,0,1:33.651,0,1:51.123,0,200.7,1:08:20.557,23:08:20.557,0:39.674,1:33.651,1:51.123,289.3,Duncan CAMERON,,LMGTE Am,,Spirit of Race,Ferrari,GF,39.674,93.651,111.123,
55,1,17,4:10.046,0,B,38.715,0,1:33.214,0,1:58.117,0,196.2,1:12:30.603,23:12:30.603,0:38.715,1:33.214,1:58.117,289.3,Duncan CAMERON,,LMGTE Am,,Spirit of Race,Ferrari,GF,38.715,93.214,118.117,
55,3,18,4:59.871,0,,1:38.527,0,1:32.089,0,1:49.255,0,163.6,1:17:30.474,23:17:30.474,1:38.527,1:32.089,1:49.255,290.0,David PEREL,0:01:12.400,LMGTE Am,,Spirit of Race,Ferrari,GF,98.527,92.089,109.255,
55,3,19,3:56.855,2,,37.177,0,1:31.224,0,1:48.454,1,207.1,1:21:27.329,23:21:27.329,0:37.177,1:31.224,1:48.454,290.8,David PEREL,,LMGTE Am,,Spirit of Race,Ferrari,GF,37.177,91.224,108.454,
55,3,20,3:58.604,0,,37.223,0,1:31.354,0,1:50.027,0,205.6,1:25:25.933,23:25:25.933,0:37.223,1:31.354,1:50.027,290.8,David PEREL,,LMGTE Am,,Spirit of Race,Ferrari,GF,37.223,91.354,110.027,
55,3,21,4:04.346,0,B,37.248,0,1:31.002,2,1:56.096,0,200.8,1:29:30.279,23:29:30.279,0:37.248,1:31.002,1:56.096,294.8,David PEREL,,LMGTE Am,,Spirit of Race,Ferrari,GF,37.248,91.002,116.096,
55,3,22,4:56.025,0,,1:34.686,0,1:31.865,0,1:49.474,0,165.7,1:34:26.304,23:34:26.304,1:34.686,1:31.865,1:49.474,292.4,David PEREL,0:01:07.911,LMGTE Am,,Spirit of Race,Ferrari,GF,94.686,91.865,109.474,
55,3,23,3:58.846,0,,37.454,0,1:31.876,0,1:49.516,0,205.4,1:38:25.150,23:38:25.150,0:37.454,1:31.876,1:49.516,290.0,David PEREL,,LMGTE Am,,Spirit of Race,Ferrari,GF,37.454,91.876,109.516,
55,3,24,3:57.577,0,,37.164,0,1:31.214,0,1:49.199,0,206.5,1:42:22.727,23:42:22.727,0:37.164,1:31.214,1:49.199,290.0,David PEREL,,LMGTE Am,,Spirit of Race,Ferrari,GF,37.164,91.214,109.199,
55,3,25,3:57.015,0,,37.312,0,1:31.227,0,1:48.476,0,207.0,1:46:19.742,23:46:19.742,0:37.312,1:31.227,1:48.476,291.6,David PEREL,,LMGTE Am,,Spirit of Race,Ferrari,GF,37.312,91.227,108.476,
55,3,26,3:57.964,0,,37.149,2,1:31.581,0,1:49.234,0,206.1,1:50:17.706,23:50:17.706,0:37.149,1:31.581,1:49.234,290.8,David PEREL,,LMGTE Am,,Spirit of Race,Ferrari,GF,37.149,91.581,109.234,
55,3,27,4:06.317,0,B,37.430,0,1:32.417,0,1:56.470,0,199.1,1:54:24.023,23:54:24.023,0:37.430,1:32.417,1:56.470,275.3,David PEREL,,LMGTE Am,,Spirit of Race,Ferrari,GF,37.430,92.417,116.470,
56,2,1,4:51.346,0,,1:28.507,0,1:33.455,0,1:49.384,0,166.6,4:51.346,22:04:51.346,1:28.507,1:33.455,1:49.384,280.3,Oliver MILLROY,0:00:53.252,LMGTE Am,,Team Project 1,Porsche,GF,88.507,93.455,109.384,
56,2,2,3:57.519,0,,37.675,0,1:31.518,0,1:48.326,0,206.5,8:48.865,22:08:48.865,0:37.675,1:31.518,1:48.326,289.3,Oliver MILLROY,,LMGTE Am,,Team Project 1,Porsche,GF,37.675,91.518,108.326,
56,2,3,3:56.274,0,,37.118,0,1:31.201,0,1:47.955,2,207.6,12:45.139,22:12:45.139,0:37.118,1:31.201,1:47.955,291.6,Oliver MILLROY,,LMGTE Am,,Team Project 1,Porsche,GF,37.118,91.201,107.955,
56,2,4,3:56.182,2,,37.087,1,1:30.933,2,1:48.162,0,207.7,16:41.321,22:16:41.321,0:37.087,1:30.933,1:48.162,294.8,Oliver MILLROY,,LMGTE Am,,Team Project 1,Porsche,GF,37.087,90.933,108.162,
56,2,5,4:02.830,0,B,37.138,0,1:31.296,0,1:54.396,0,202.0,20:44.151,22:20:44.151,0:37.138,1:31.296,1:54.396,291.6,Oliver MILLROY,,LMGTE Am,,Team Project 1,Porsche,GF,37.138,91.296,114.396,
56,3,6,10:22.971,0,,6:58.974,0,1:33.805,1,1:50.192,1,78.7,31:07.122,22:31:07.122,6:58.974,1:33.805,1:50.192,265.8,Ben BARNICOAT,0:06:29.693,LMGTE Am,,Team Project 1,Porsche,GF,418.974,93.805,110.192,
56,3,7,4:32.496,0,B,36.981,2,1:40.462,0,2:15.053,0,180.0,35:39.618,22:35:39.618,0:36.981,1:40.462,2:15.053,218.5,Ben BARNICOAT,,LMGTE Am,,Team Project 1,Porsche,GF,36.981,100.462,135.053,
56,3,8,32:53.388,0,,29:26.714,0,1:35.644,0,1:51.030,0,24.9,1:08:33.006,23:08:33.006,29:26.714,1:35.644,1:51.030,221.2,Ben BARNICOAT,0:28:56.508,LMGTE Am,,Team Project 1,Porsche,GF,1766.714,95.644,111.030,
56,3,9,4:08.437,0,B,37.854,0,1:34.136,0,1:56.447,0,197.4,1:12:41.443,23:12:41.443,0:37.854,1:34.136,1:56.447,231.6,Ben BARNICOAT,,LMGTE Am,,Team Project 1,Porsche,GF,37.854,94.136,116.447,
57,2,1,5:50.021,0,,2:27.273,0,1:32.962,0,1:49.786,0,138.7,5:50.021,22:05:50.021,2:27.273,1:32.962,1:49.786,287.7,Frederik SCHANDORFF,0:01:51.974,LMGTE Am,,Kessel Racing,Ferrari,GF,147.273,92.962,109.786,
57,2,2,3:56.753,0,,37.187,0,1:31.393,0,1:48.173,0,207.2,9:46.774,22:09:46.774,0:37.187,1:31.393,1:48.173,290.0,Frederik SCHANDORFF,,LMGTE Am,,Kessel Racing,Ferrari,GF,37.187,91.393,108.173,
57,2,3,3:55.891,0,,37.021,0,1:31.313,0,1:47.557,1,208.0,13:42.665,22:13:42.665,0:37.021,1:31.313,1:47.557,285.4,Frederik SCHANDORFF,,LMGTE Am,,Kessel Racing,Ferrari,GF,37.021,91.313,107.557,
57,2,4,3:56.000,0,,37.012,1,1:31.276,0,1:47.712,0,207.9,17:38.665,22:17:38.665,0:37.012,1:31.276,1:47.712,290.0,Frederik SCHANDORFF,,LMGTE Am,,Kessel Racing,Ferrari,GF,37.012,91.276,107.712,
57,2,5,3:56.343,0,,37.039,0,1:31.118,0,1:48.186,0,207.6,21:35.008,22:21:35.008,0:37.039,1:31.118,1:48.186,290.8,Frederik SCHANDORFF,,LMGTE Am,,Kessel Racing,Ferrari,GF,37.039,91.118,108.186,
57,2,6,3:56.505,0,,37.039,0,1:30.959,0,1:48.507,0,207.4,25:31.513,22:25:31.513,0:37.039,1:30.959,1:48.507,290.0,Frederik SCHANDORFF,,LMGTE Am,,Kessel Racing,Ferrari,GF,37.039,90.959,108.507,
57,2,7,3:58.650,0,,38.127,0,1:32.031,0,1:48.492,0,205.5,29:30.163,22:29:30.163,0:38.127,1:32.031,1:48.492,286.2,Frederik SCHANDORFF,,LMGTE Am,,Kessel Racing,Ferrari,GF,38.127,92.031,108.492,
57,2,8,3:57.243,0,,37.162,0,1:31.288,0,1:48.793,0,206.8,33:27.406,22:33:27.406,0:37.162,1:31.288,1:48.793,290.8,Frederik SCHANDORFF,,LMGTE Am,,Kessel Racing,Ferrari,GF,37.162,91.288,108.793,
57,2,9,3:58.589,0,,37.437,0,1:31.665,0,1:49.487,0,205.6,37:25.995,22:37:25.995,0:37.437,1:31.665,1:49.487,288.5,Frederik SCHANDORFF,,LMGTE Am,,Kessel Racing,Ferrari,GF,37.437,91.665,109.487,
57,2,10,3:57.180,0,,37.195,0,1:31.151,0,1:48.834,0,206.8,41:23.175,22:41:23.175,0:37.195,1:31.151,1:48.834,292.4,Frederik SCHANDORFF,,LMGTE Am,,Kessel Racing,Ferrari,GF,37.195,91.151,108.834,
57,2,11,3:57.415,0,,37.396,0,1:31.739,0,1:48.280,0,206.6,45:20.590,22:45:20.590,0:37.396,1:31.739,1:48.280,288.5,Frederik SCHANDORFF,,LMGTE Am,,Kessel Racing,Ferrari,GF,37.396,91.739,108.280,
57,2,12,3:56.622,0,,37.189,0,1:30.848,1,1:48.585,0,207.3,49:17.212,22:49:17.212,0:37.189,1:30.848,1:48.585,290.8,Frederik SCHANDORFF,,LMGTE Am,,Kessel Racing,Ferrari,GF,37.189,90.848,108.585,
57,2,13,3:56.595,0,,37.196,0,1:31.119,0,1:48.280,0,207.3,53:13.807,22:53:13.807,0:37.196,1:31.119,1:48.280,290.0,Frederik SCHANDORFF,,LMGTE Am,,Kessel Racing,Ferrari,GF,37.196,91.119,108.280,
57,2,14,4:04.479,0,B,37.280,0,1:31.523,0,1:55.676,0,200.6,57:18.286,22:57:18.286,0:37.280,1:31.523,1:55.676,288.5,Frederik SCHANDORFF,,LMGTE Am,,Kessel Racing,Ferrari,GF,37.280,91.523,115.676,
57,3,15,5:10.610,0,,1:47.574,0,1:32.435,0,1:50.601,0,157.9,1:02:28.896,23:02:28.896,1:47.574,1:32.435,1:50.601,288.5,Mikkel JENSEN,0:01:21.506,LMGTE Am,,Kessel Racing,Ferrari,GF,107.574,92.435,110.601,
57,3,16,4:40.736,0,,37.398,0,2:11.910,0,1:51.428,0,174.7,1:07:09.632,23:07:09.632,0:37.398,2:11.910,1:51.428,290.0,Mikkel JENSEN,,LMGTE Am,,Kessel Racing,Ferrari,GF,37.398,131.910,111.428,
57,3,17,3:58.523,0,,37.596,0,1:31.584,0,1:49.343,0,205.7,1:11:08.155,23:11:08.155,0:37.596,1:31.584,1:49.343,290.0,Mikkel JENSEN,,LMGTE Am,,Kessel Racing,Ferrari,GF,37.596,91.584,109.343,
57,3,18,4:01.640,0,,38.441,0,1:31.876,0,1:51.323,0,203.0,1:15:09.795,23:15:09.795,0:38.441,1:31.876,1:51.323,289.3,Mikkel JENSEN,,LMGTE Am,,Kessel Racing,Ferrari,GF,38.441,91.876,111.323,
57,3,19,3:57.946,0,,37.450,0,1:31.409,0,1:49.087,0,206.2,1:19:07.741,23:19:07.741,0:37.450,1:31.409,1:49.087,289.3,Mikkel JENSEN,,LMGTE Am,,Kessel Racing,Ferrari,GF,37.450,91.409,109.087,
57,3,20,3:55.760,0,,37.069,0,1:31.045,0,1:47.646,0,208.1,1:23:03.501,23:23:03.501,0:37.069,1:31.045,1:47.646,288.5,Mikkel JENSEN,,LMGTE Am,,Kessel Racing,Ferrari,GF,37.069,91.045,107.646,
57,3,21,3:55.605,0,,37.129,0,1:30.945,0,1:47.531,2,208.2,1:26:59.106,23:26:59.106,0:37.129,1:30.945,1:47.531,288.5,Mikkel JENSEN,,LMGTE Am,,Kessel Racing,Ferrari,GF,37.129,90.945,107.531,
57,3,22,3:55.446,2,,37.030,0,1:30.764,2,1:47.652,0,208.3,1:30:54.552,23:30:54.552,0:37.030,1:30.764,1:47.652,290.0,Mikkel JENSEN,,LMGTE Am,,Kessel Racing,Ferrari,GF,37.030,90.764,107.652,
57,3,23,3:56.931,0,,37.036,0,1:31.029,0,1:48.866,0,207.0,1:34:51.483,23:34:51.483,0:37.036,1:31.029,1:48.866,290.8,Mikkel JENSEN,,LMGTE Am,,Kessel Racing,Ferrari,GF,37.036,91.029,108.866,
57,3,24,3:57.774,0,,37.085,0,1:31.322,0,1:49.367,0,206.3,1:38:49.257,23:38:49.257,0:37.085,1:31.322,1:49.367,280.3,Mikkel JENSEN,,LMGTE Am,,Kessel Racing,Ferrari,GF,37.085,91.322,109.367,
57,3,25,3:57.393,0,,37.180,0,1:31.203,0,1:49.010,0,206.6,1:42:46.650,23:42:46.650,0:37.180,1:31.203,1:49.010,280.3,Mikkel JENSEN,,LMGTE Am,,Kessel Racing,Ferrari,GF,37.180,91.203,109.010,
57,3,26,4:04.840,0,B,36.615,2,1:31.397,0,1:56.828,0,200.3,1:46:51.490,23:46:51.490,0:36.615,1:31.397,1:56.828,294.0,Mikkel JENSEN,,LMGTE Am,,Kessel Racing,Ferrari,GF,36.615,91.397,116.828,
59,2,1,25:11.389,0,B,21:22.023,0,1:45.204,0,2:04.162,0,32.1,25:11.389,22:25:11.389,21:22.023,1:45.204,2:04.162,206.5,Côme LEDOGAR,0:20:37.043,LMGTE Am,,Inception Racing,Ferrari,GF,1282.023,105.204,124.162,
59,2,2,5:25.867,0,,2:01.415,0,1:33.576,0,1:50.876,0,150.5,30:37.256,22:30:37.256,2:01.415,1:33.576,1:50.876,283.2,Côme LEDOGAR,0:01:35.383,LMGTE Am,,Inception Racing,Ferrari,GF,121.415,93.576,110.876,
59,2,3,3:59.254,0,,37.188,0,1:32.095,0,1:49.971,0,205.0,34:36.510,22:34:36.510,0:37.188,1:32.095,1:49.971,288.5,Côme LEDOGAR,,LMGTE Am,,Inception Racing,Ferrari,GF,37.188,92.095,109.971,
59,2,4,3:57.881,0,,37.285,0,1:32.119,0,1:48.477,0,206.2,38:34.391,22:38:34.391,0:37.285,1:32.119,1:48.477,290.0,Côme LEDOGAR,,LMGTE Am,,Inception Racing,Ferrari,GF,37.285,92.119,108.477,
59,2,5,3:56.391,0,,36.932,1,1:31.597,0,1:47.862,1,207.5,42:30.782,22:42:30.782,0:36.932,1:31.597,1:47.862,287.7,Côme LEDOGAR,,LMGTE Am,,Inception Racing,Ferrari,GF,36.932,91.597,107.862,
59,2,6,4:03.097,0,B,37.366,0,1:31.407,1,1:54.324,0,201.8,46:33.879,22:46:33.879,0:37.366,1:31.407,1:54.324,290.0,Côme LEDOGAR,,LMGTE Am,,Inception Racing,Ferrari,GF,37.366,91.407,114.324,
59,3,7,5:20.763,0,,1:54.765,0,1:34.480,0,1:51.518,0,152.9,51:54.642,22:51:54.642,1:54.765,1:34.480,1:51.518,288.5,Marvin KLEIN,0:01:24.155,LMGTE Am,,Inception Racing,Ferrari,GF,114.765,94.480,111.518,
59,3,8,4:00.102,0,,38.168,0,1:32.055,0,1:49.879,0,204.3,55:54.744,22:55:54.744,0:38.168,1:32.055,1:49.879,290.0,Marvin KLEIN,,LMGTE Am,,Inception Racing,Ferrari,GF,38.168,92.055,109.879,
59,3,9,4:01.554,0,,37.730,0,1:33.015,0,1:50.809,0,203.1,59:56.298,22:59:56.298,0:37.730,1:33.015,1:50.809,287.7,Marvin KLEIN,,LMGTE Am,,Inception Racing,Ferrari,GF,37.730,93.015,110.809,
59,3,10,4:16.172,0,,38.367,0,1:42.746,0,1:55.059,0,191.5,1:04:12.470,23:04:12.470,0:38.367,1:42.746,1:55.059,287.7,Marvin KLEIN,,LMGTE Am,,Inception Racing,Ferrari,GF,38.367,102.746,115.059,
59,3,11,3:58.072,0,,37.501,0,1:31.733,0,1:48.838,0,206.0,1:08:10.542,23:08:10.542,0:37.501,1:31.733,1:48.838,288.5,Marvin KLEIN,,LMGTE Am,,Inception Racing,Ferrari,GF,37.501,91.733,108.838,
59,3,12,3:59.643,0,,37.675,0,1:32.193,0,1:49.775,0,204.7,1:12:10.185,23:12:10.185,0:37.675,1:32.193,1:49.775,288.5,Marvin KLEIN,,LMGTE Am,,Inception Racing,Ferrari,GF,37.675,92.193,109.775,
59,3,13,3:56.861,0,,37.097,0,1:31.217,2,1:48.547,0,207.1,1:16:07.046,23:16:07.046,0:37.097,1:31.217,1:48.547,290.0,Marvin KLEIN,,LMGTE Am,,Inception Racing,Ferrari,GF,37.097,91.217,108.547,
59,3,14,3:59.041,0,,36.929,0,1:31.812,0,1:50.300,0,205.2,1:20:06.087,23:20:06.087,0:36.929,1:31.812,1:50.300,289.3,Marvin KLEIN,,LMGTE Am,,Inception Racing,Ferrari,GF,36.929,91.812,110.300,
59,3,15,3:56.627,0,,37.101,0,1:31.412,0,1:48.114,0,207.3,1:24:02.714,23:24:02.714,0:37.101,1:31.412,1:48.114,290.8,Marvin KLEIN,,LMGTE Am,,Inception Racing,Ferrari,GF,37.101,91.412,108.114,
59,3,16,3:58.626,0,,37.205,0,1:31.597,0,1:49.824,0,205.6,1:28:01.340,23:28:01.340,0:37.205,1:31.597,1:49.824,283.9,Marvin KLEIN,,LMGTE Am,,Inception Racing,Ferrari,GF,37.205,91.597,109.824,
59,3,17,4:05.621,0,B,38.206,0,1:31.590,0,1:55.825,0,199.7,1:32:06.961,23:32:06.961,0:38.206,1:31.590,1:55.825,287.7,Marvin KLEIN,,LMGTE Am,,Inception Racing,Ferrari,GF,38.206,91.590,115.825,
59,3,18,5:25.805,0,,2:05.907,0,1:31.662,0,1:48.236,0,150.6,1:37:32.766,23:37:32.766,2:05.907,1:31.662,1:48.236,290.8,Marvin KLEIN,0:01:39.340,LMGTE Am,,Inception Racing,Ferrari,GF,125.907,91.662,108.236,
59,3,19,3:58.862,0,,39.032,0,1:31.692,0,1:48.138,0,205.4,1:41:31.628,23:41:31.628,0:39.032,1:31.692,1:48.138,290.0,Marvin KLEIN,,LMGTE Am,,Inception Racing,Ferrari,GF,39.032,91.692,108.138,
59,3,20,3:56.237,2,,37.000,0,1:31.459,0,1:47.778,0,207.6,1:45:27.865,23:45:27.865,0:37.000,1:31.459,1:47.778,290.0,Marvin KLEIN,,LMGTE Am,,Inception Racing,Ferrari,GF,37.000,91.459,107.778,
59,3,21,3:56.299,0,,36.860,0,1:31.783,0,1:47.656,2,207.6,1:49:24.164,23:49:24.164,0:36.860,1:31.783,1:47.656,291.6,Marvin KLEIN,,LMGTE Am,,Inception Racing,Ferrari,GF,36.860,91.783,107.656,
59,3,22,3:57.569,0,,36.771,2,1:31.607,0,1:49.191,0,206.5,1:53:21.733,23:53:21.733,0:36.771,1:31.607,1:49.191,288.5,Marvin KLEIN,,LMGTE Am,,Inception Racing,Ferrari,GF,36.771,91.607,109.191,
59,3,23,5:27.713,0,B,1:07.088,0,1:53.900,0,2:26.725,0,149.7,1:58:49.446,23:58:49.446,1:07.088,1:53.900,2:26.725,193.9,Marvin KLEIN,,LMGTE Am,,Inception Racing,Ferrari,GF,67.088,113.900,146.725,
60,2,1,4:25.124,0,,1:00.989,0,1:34.550,0,1:49.585,0,183.1,4:25.124,22:04:25.124,1:00.989,1:34.550,1:49.585,285.4,Alessandro BALZAN,0:00:24.353,LMGTE Am,,Iron Lynx,Ferrari,GF,60.989,94.550,109.585,
60,2,2,3:55.886,0,,36.988,0,1:31.379,0,1:47.519,2,208.0,8:21.010,22:08:21.010,0:36.988,1:31.379,1:47.519,291.6,Alessandro BALZAN,,LMGTE Am,,Iron Lynx,Ferrari,GF,36.988,91.379,107.519,
60,2,3,3:55.728,2,,36.860,2,1:30.826,0,1:48.042,0,208.1,12:16.738,22:12:16.738,0:36.860,1:30.826,1:48.042,290.8,Alessandro BALZAN,,LMGTE Am,,Iron Lynx,Ferrari,GF,36.860,90.826,108.042,
60,2,4,3:57.284,0,,36.901,0,1:31.305,0,1:49.078,0,206.7,16:14.022,22:16:14.022,0:36.901,1:31.305,1:49.078,291.6,Alessandro BALZAN,,LMGTE Am,,Iron Lynx,Ferrari,GF,36.901,91.305,109.078,
60,2,5,3:57.074,0,,37.213,0,1:31.433,0,1:48.428,0,206.9,20:11.096,22:20:11.096,0:37.213,1:31.433,1:48.428,287.7,Alessandro BALZAN,,LMGTE Am,,Iron Lynx,Ferrari,GF,37.213,91.433,108.428,
60,2,6,3:56.351,0,,37.086,0,1:31.204,0,1:48.061,0,207.5,24:07.447,22:24:07.447,0:37.086,1:31.204,1:48.061,290.8,Alessandro BALZAN,,LMGTE Am,,Iron Lynx,Ferrari,GF,37.086,91.204,108.061,
60,2,7,3:57.529,0,,37.320,0,1:31.754,0,1:48.455,0,206.5,28:04.976,22:28:04.976,0:37.320,1:31.754,1:48.455,291.6,Alessandro BALZAN,,LMGTE Am,,Iron Lynx,Ferrari,GF,37.320,91.754,108.455,
60,2,8,4:08.963,0,B,37.258,0,1:32.070,0,1:59.635,0,197.0,32:13.939,22:32:13.939,0:37.258,1:32.070,1:59.635,279.5,Alessandro BALZAN,,LMGTE Am,,Iron Lynx,Ferrari,GF,37.258,92.070,119.635,
60,2,9,12:13.982,0,,8:51.379,0,1:33.089,0,1:49.514,0,66.8,44:27.921,22:44:27.921,8:51.379,1:33.089,1:49.514,283.2,Alessandro BALZAN,0:08:24.639,LMGTE Am,,Iron Lynx,Ferrari,GF,531.379,93.089,109.514,
60,2,10,4:03.207,0,B,37.336,0,1:30.751,2,1:55.120,0,201.7,48:31.128,22:48:31.128,0:37.336,1:30.751,1:55.120,295.6,Alessandro BALZAN,,LMGTE Am,,Iron Lynx,Ferrari,GF,37.336,90.751,115.120,
60,1,11,6:08.237,0,,2:32.376,0,1:36.398,0,1:59.463,0,133.2,54:39.365,22:54:39.365,2:32.376,1:36.398,1:59.463,283.2,Claudio SCHIAVONI,0:02:00.119,LMGTE Am,,Iron Lynx,Ferrari,GF,152.376,96.398,119.463,
60,1,12,4:09.952,0,,39.504,1,1:34.637,0,1:55.811,1,196.3,58:49.317,22:58:49.317,0:39.504,1:34.637,1:55.811,290.0,Claudio SCHIAVONI,,LMGTE Am,,Iron Lynx,Ferrari,GF,39.504,94.637,115.811,
60,1,13,4:13.174,0,,41.581,0,1:35.673,0,1:55.920,0,193.8,1:03:02.491,23:03:02.491,0:41.581,1:35.673,1:55.920,286.9,Claudio SCHIAVONI,,LMGTE Am,,Iron Lynx,Ferrari,GF,41.581,95.673,115.920,
60,1,14,4:30.379,0,,39.962,0,1:52.826,0,1:57.591,0,181.4,1:07:32.870,23:07:32.870,0:39.962,1:52.826,1:57.591,287.7,Claudio SCHIAVONI,,LMGTE Am,,Iron Lynx,Ferrari,GF,39.962,112.826,117.591,
60,1,15,4:13.742,0,,41.564,0,1:35.596,0,1:56.582,0,193.3,1:11:46.612,23:11:46.612,0:41.564,1:35.596,1:56.582,288.5,Claudio SCHIAVONI,,LMGTE Am,,Iron Lynx,Ferrari,GF,41.564,95.596,116.582,
60,1,16,4:12.596,0,,40.084,0,1:34.504,1,1:58.008,0,194.2,1:15:59.208,23:15:59.208,0:40.084,1:34.504,1:58.008,288.5,Claudio SCHIAVONI,,LMGTE Am,,Iron Lynx,Ferrari,GF,40.084,94.504,118.008,
60,1,17,4:21.174,0,B,40.638,0,1:35.449,0,2:05.087,0,187.8,1:20:20.382,23:20:20.382,0:40.638,1:35.449,2:05.087,285.4,Claudio SCHIAVONI,,LMGTE Am,,Iron Lynx,Ferrari,GF,40.638,95.449,125.087,
60,3,18,11:48.683,0,,8:24.440,0,1:33.550,0,1:50.693,0,69.2,1:32:09.065,23:32:09.065,8:24.440,1:33.550,1:50.693,287.7,Raffaele GIAMMARIA,0:07:57.463,LMGTE Am,,Iron Lynx,Ferrari,GF,504.440,93.550,110.693,
60,3,19,3:58.717,0,,37.457,0,1:31.555,0,1:49.705,0,205.5,1:36:07.782,23:36:07.782,0:37.457,1:31.555,1:49.705,291.6,Raffaele GIAMMARIA,,LMGTE Am,,Iron Lynx,Ferrari,GF,37.457,91.555,109.705,
60,3,20,4:00.579,0,,37.149,0,1:31.832,0,1:51.598,0,203.9,1:40:08.361,23:40:08.361,0:37.149,1:31.832,1:51.598,294.0,Raffaele GIAMMARIA,,LMGTE Am,,Iron Lynx,Ferrari,GF,37.149,91.832,111.598,
60,3,21,3:57.412,0,,37.220,0,1:31.564,0,1:48.628,1,206.6,1:44:05.773,23:44:05.773,0:37.220,1:31.564,1:48.628,293.2,Raffaele GIAMMARIA,,LMGTE Am,,Iron Lynx,Ferrari,GF,37.220,91.564,108.628,
60,3,22,4:04.418,0,B,37.317,0,1:31.812,0,1:55.289,0,200.7,1:48:10.191,23:48:10.191,0:37.317,1:31.812,1:55.289,296.4,Raffaele GIAMMARIA,,LMGTE Am,,Iron Lynx,Ferrari,GF,37.317,91.812,115.289,
60,3,23,10:54.404,0,,7:30.909,0,1:32.992,0,1:50.503,0,75.0,1:59:04.595,23:59:04.595,7:30.909,1:32.992,1:50.503,286.9,Raffaele GIAMMARIA,0:06:48.264,LMGTE Am,,Iron Lynx,Ferrari,GF,450.909,92.992,110.503,
60,3,24,4:03.539,0,B,37.148,1,1:30.779,1,1:55.612,0,201.4,2:03:08.134,00:03:08.134,0:37.148,1:30.779,1:55.612,293.2,Raffaele GIAMMARIA,,LMGTE Am,,Iron Lynx,Ferrari,FF,37.148,90.779,115.612,
61,2,1,20:34.072,0,,17:08.540,0,1:34.194,0,1:51.338,0,39.3,20:34.072,22:20:34.072,17:08.540,1:34.194,1:51.338,283.9,Conrad GRUNEWALD,0:16:33.470,LMGTE Am,,AF Corse,Ferrari,GF,1028.540,94.194,111.338,
61,2,2,3:59.331,0,,37.592,0,1:32.126,0,1:49.613,0,205.0,24:33.403,22:24:33.403,0:37.592,1:32.126,1:49.613,286.9,Conrad GRUNEWALD,,LMGTE Am,,AF Corse,Ferrari,GF,37.592,92.126,109.613,
61,2,3,3:58.807,0,,37.412,0,1:32.185,0,1:49.210,0,205.4,28:32.210,22:28:32.210,0:37.412,1:32.185,1:49.210,286.2,Conrad GRUNEWALD,,LMGTE Am,,AF Corse,Ferrari,GF,37.412,92.185,109.210,
61,2,4,3:58.390,0,,37.278,0,1:32.080,0,1:49.032,0,205.8,32:30.600,22:32:30.600,0:37.278,1:32.080,1:49.032,286.2,Conrad GRUNEWALD,,LMGTE Am,,AF Corse,Ferrari,GF,37.278,92.080,109.032,
61,2,5,3:58.553,0,,37.374,0,1:32.108,0,1:49.071,0,205.6,36:29.153,22:36:29.153,0:37.374,1:32.108,1:49.071,286.2,Conrad GRUNEWALD,,LMGTE Am,,AF Corse,Ferrari,GF,37.374,92.108,109.071,
61,2,6,3:59.143,0,,37.773,0,1:32.150,0,1:49.220,0,205.1,40:28.296,22:40:28.296,0:37.773,1:32.150,1:49.220,286.9,Conrad GRUNEWALD,,LMGTE Am,,AF Corse,Ferrari,GF,37.773,92.150,109.220,
61,2,7,3:58.712,0,,38.022,0,1:31.667,0,1:49.023,0,205.5,44:27.008,22:44:27.008,0:38.022,1:31.667,1:49.023,290.0,Conrad GRUNEWALD,,LMGTE Am,,AF Corse,Ferrari,GF,38.022,91.667,109.023,
61,2,8,3:58.023,0,,37.267,1,1:31.944,0,1:48.812,1,206.1,48:25.031,22:48:25.031,0:37.267,1:31.944,1:48.812,289.3,Conrad GRUNEWALD,,LMGTE Am,,AF Corse,Ferrari,GF,37.267,91.944,108.812,
61,2,9,3:57.755,0,,37.357,0,1:31.516,1,1:48.882,0,206.3,52:22.786,22:52:22.786,0:37.357,1:31.516,1:48.882,287.7,Conrad GRUNEWALD,,LMGTE Am,,AF Corse,Ferrari,GF,37.357,91.516,108.882,
61,2,10,4:06.765,0,B,38.664,0,1:31.982,0,1:56.119,0,198.8,56:29.551,22:56:29.551,0:38.664,1:31.982,1:56.119,288.5,Conrad GRUNEWALD,,LMGTE Am,,AF Corse,Ferrari,GF,38.664,91.982,116.119,
61,1,11,5:41.450,0,,2:16.183,0,1:33.782,0,1:51.485,0,143.7,1:02:11.001,23:02:11.001,2:16.183,1:33.782,1:51.485,285.4,Louis PRETTE,0:01:47.991,LMGTE Am,,AF Corse,Ferrari,GF,136.183,93.782,111.485,
61,1,12,4:47.515,0,,37.285,0,2:13.045,0,1:57.185,0,170.6,1:06:58.516,23:06:58.516,0:37.285,2:13.045,1:57.185,288.5,Louis PRETTE,,LMGTE Am,,AF Corse,Ferrari,GF,37.285,133.045,117.185,
61,1,13,3:58.528,0,,36.996,0,1:32.379,0,1:49.153,0,205.7,1:10:57.044,23:10:57.044,0:36.996,1:32.379,1:49.153,285.4,Louis PRETTE,,LMGTE Am,,AF Corse,Ferrari,GF,36.996,92.379,109.153,
61,1,14,3:58.473,0,,37.262,0,1:31.764,0,1:49.447,0,205.7,1:14:55.517,23:14:55.517,0:37.262,1:31.764,1:49.447,287.7,Louis PRETTE,,LMGTE Am,,AF Corse,Ferrari,GF,37.262,91.764,109.447,
61,1,15,3:57.112,0,,37.176,0,1:31.479,0,1:48.457,0,206.9,1:18:52.629,23:18:52.629,0:37.176,1:31.479,1:48.457,288.5,Louis PRETTE,,LMGTE Am,,AF Corse,Ferrari,GF,37.176,91.479,108.457,
61,1,16,3:56.021,0,,36.918,0,1:31.142,0,1:47.961,0,207.8,1:22:48.650,23:22:48.650,0:36.918,1:31.142,1:47.961,290.8,Louis PRETTE,,LMGTE Am,,AF Corse,Ferrari,GF,36.918,91.142,107.961,
61,1,17,3:58.341,0,,36.903,0,1:30.862,2,1:50.576,0,205.8,1:26:46.991,23:26:46.991,0:36.903,1:30.862,1:50.576,291.6,Louis PRETTE,,LMGTE Am,,AF Corse,Ferrari,GF,36.903,90.862,110.576,
61,1,18,3:59.805,0,,37.004,0,1:31.832,0,1:50.969,0,204.6,1:30:46.796,23:30:46.796,0:37.004,1:31.832,1:50.969,287.7,Louis PRETTE,,LMGTE Am,,AF Corse,Ferrari,GF,37.004,91.832,110.969,
61,1,19,3:55.618,0,,36.844,0,1:31.092,0,1:47.682,0,208.2,1:34:42.414,23:34:42.414,0:36.844,1:31.092,1:47.682,290.0,Louis PRETTE,,LMGTE Am,,AF Corse,Ferrari,GF,36.844,91.092,107.682,
61,1,20,3:59.032,0,,37.036,0,1:32.583,0,1:49.413,0,205.2,1:38:41.446,23:38:41.446,0:37.036,1:32.583,1:49.413,290.8,Louis PRETTE,,LMGTE Am,,AF Corse,Ferrari,GF,37.036,92.583,109.413,
61,1,21,3:56.068,0,,36.700,2,1:31.242,0,1:48.126,0,207.8,1:42:37.514,23:42:37.514,0:36.700,1:31.242,1:48.126,290.0,Louis PRETTE,,LMGTE Am,,AF Corse,Ferrari,GF,36.700,91.242,108.126,
61,1,22,3:55.323,2,,36.785,0,1:31.039,0,1:47.499,2,208.5,1:46:32.837,23:46:32.837,0:36.785,1:31.039,1:47.499,288.5,Louis PRETTE,,LMGTE Am,,AF Corse,Ferrari,GF,36.785,91.039,107.499,
61,1,23,4:03.793,0,,37.479,0,1:32.466,0,1:53.848,0,201.2,1:50:36.630,23:50:36.630,0:37.479,1:32.466,1:53.848,289.3,Louis PRETTE,,LMGTE Am,,AF Corse,Ferrari,GF,37.479,92.466,113.848,
63,3,1,6:26.913,0,,3:06.563,0,1:32.594,0,1:47.756,0,125.4,6:26.913,22:06:26.913,3:06.563,1:32.594,1:47.756,281.0,Nicky CATSBURG,0:02:31.426,LMGTE Pro,,Corvette Racing,Chevrolet,GF,186.563,92.594,107.756,
63,3,2,3:54.115,0,,36.777,0,1:30.442,0,1:46.896,0,209.5,10:21.028,22:10:21.028,0:36.777,1:30.442,1:46.896,294.8,Nicky CATSBURG,,LMGTE Pro,,Corvette Racing,Chevrolet,GF,36.777,90.442,106.896,
63,3,3,3:54.555,0,,36.393,2,1:30.207,0,1:47.955,0,209.1,14:15.583,22:14:15.583,0:36.393,1:30.207,1:47.955,296.4,Nicky CATSBURG,,LMGTE Pro,,Corvette Racing,Chevrolet,GF,36.393,90.207,107.955,
63,3,4,3:58.543,0,B,36.543,0,1:29.655,0,1:52.345,0,205.6,18:14.126,22:18:14.126,0:36.543,1:29.655,1:52.345,297.2,Nicky CATSBURG,,LMGTE Pro,,Corvette Racing,Chevrolet,GF,36.543,89.655,112.345,
63,3,5,7:01.424,0,,3:41.636,0,1:30.295,0,1:49.493,0,116.4,25:15.550,22:25:15.550,3:41.636,1:30.295,1:49.493,294.0,Nicky CATSBURG,0:03:15.977,LMGTE Pro,,Corvette Racing,Chevrolet,GF,221.636,90.295,109.493,
63,3,6,3:52.710,2,,36.439,0,1:29.597,2,1:46.674,0,210.8,29:08.260,22:29:08.260,0:36.439,1:29.597,1:46.674,297.2,Nicky CATSBURG,,LMGTE Pro,,Corvette Racing,Chevrolet,GF,36.439,89.597,106.674,
63,3,7,3:56.008,0,,36.995,0,1:30.562,0,1:48.451,0,207.8,33:04.268,22:33:04.268,0:36.995,1:30.562,1:48.451,297.2,Nicky CATSBURG,,LMGTE Pro,,Corvette Racing,Chevrolet,GF,36.995,90.562,108.451,
63,3,8,4:02.261,0,B,36.572,0,1:30.340,0,1:55.349,0,202.5,37:06.529,22:37:06.529,0:36.572,1:30.340,1:55.349,294.8,Nicky CATSBURG,,LMGTE Pro,,Corvette Racing,Chevrolet,GF,36.572,90.340,115.349,
63,3,9,7:14.071,0,,3:55.234,0,1:31.509,0,1:47.328,0,113.0,44:20.600,22:44:20.600,3:55.234,1:31.509,1:47.328,294.8,Nicky CATSBURG,0:03:29.455,LMGTE Pro,,Corvette Racing,Chevrolet,GF,235.234,91.509,107.328,
63,3,10,3:54.609,0,,36.593,0,1:30.667,0,1:47.349,0,209.1,48:15.209,22:48:15.209,0:36.593,1:30.667,1:47.349,294.8,Nicky CATSBURG,,LMGTE Pro,,Corvette Racing,Chevrolet,GF,36.593,90.667,107.349,
63,3,11,3:54.212,0,,37.204,0,1:30.222,0,1:46.786,0,209.4,52:09.421,22:52:09.421,0:37.204,1:30.222,1:46.786,296.4,Nicky CATSBURG,,LMGTE Pro,,Corvette Racing,Chevrolet,GF,37.204,90.222,106.786,
63,3,12,4:10.134,0,B,36.462,0,1:29.759,0,2:03.913,0,196.1,56:19.555,22:56:19.555,0:36.462,1:29.759,2:03.913,297.2,Nicky CATSBURG,,LMGTE Pro,,Corvette Racing,Chevrolet,GF,36.462,89.759,123.913,
63,3,13,4:33.654,0,,1:15.381,0,1:30.391,0,1:47.882,0,179.3,1:00:53.209,23:00:53.209,1:15.381,1:30.391,1:47.882,283.9,Nicky CATSBURG,0:00:49.277,LMGTE Pro,,Corvette Racing,Chevrolet,GF,75.381,90.391,107.882,
63,3,14,4:45.750,0,,37.688,0,2:12.598,0,1:55.464,0,171.7,1:05:38.959,23:05:38.959,0:37.688,2:12.598,1:55.464,294.8,Nicky CATSBURG,,LMGTE Pro,,Corvette Racing,Chevrolet,GF,37.688,132.598,115.464,
63,3,15,4:00.306,0,B,36.533,0,1:29.976,0,1:53.797,0,204.1,1:09:39.265,23:09:39.265,0:36.533,1:29.976,1:53.797,298.0,Nicky CATSBURG,,LMGTE Pro,,Corvette Racing,Chevrolet,GF,36.533,89.976,113.797,
63,3,16,5:09.581,0,,1:50.951,0,1:30.338,0,1:48.292,0,158.5,1:14:48.846,23:14:48.846,1:50.951,1:30.338,1:48.292,294.8,Nicky CATSBURG,0:01:25.056,LMGTE Pro,,Corvette Racing,Chevrolet,GF,110.951,90.338,108.292,
63,3,17,3:54.332,0,,36.653,0,1:29.998,0,1:47.681,0,209.3,1:18:43.178,23:18:43.178,0:36.653,1:29.998,1:47.681,296.4,Nicky CATSBURG,,LMGTE Pro,,Corvette Racing,Chevrolet,GF,36.653,89.998,107.681,
63,3,18,3:53.427,0,,36.610,0,1:30.183,0,1:46.634,2,210.1,1:22:36.605,23:22:36.605,0:36.610,1:30.183,1:46.634,294.8,Nicky CATSBURG,,LMGTE Pro,,Corvette Racing,Chevrolet,GF,36.610,90.183,106.634,
63,3,19,3:53.867,0,,36.513,0,1:30.055,0,1:47.299,0,209.7,1:26:30.472,23:26:30.472,0:36.513,1:30.055,1:47.299,295.6,Nicky CATSBURG,,LMGTE Pro,,Corvette Racing,Chevrolet,GF,36.513,90.055,107.299,
63,3,20,4:00.022,0,B,36.823,0,1:29.833,0,1:53.366,0,204.4,1:30:30.494,23:30:30.494,0:36.823,1:29.833,1:53.366,296.4,Nicky CATSBURG,,LMGTE Pro,,Corvette Racing,Chevrolet,GF,36.823,89.833,113.366,
63,2,21,16:42.573,0,,13:23.303,0,1:31.306,0,1:47.964,0,48.9,1:47:13.067,23:47:13.067,13:23.303,1:31.306,1:47.964,296.4,Jordan TAYLOR,0:12:56.621,LMGTE Pro,,Corvette Racing,Chevrolet,GF,803.303,91.306,107.964,
63,2,22,3:53.634,0,,36.673,1,1:30.239,1,1:46.722,1,210.0,1:51:06.701,23:51:06.701,0:36.673,1:30.239,1:46.722,294.8,Jordan TAYLOR,,LMGTE Pro,,Corvette Racing,Chevrolet,GF,36.673,90.239,106.722,
63,2,23,3:57.070,0,,37.536,0,1:30.745,0,1:48.789,0,206.9,1:55:03.771,23:55:03.771,0:37.536,1:30.745,1:48.789,292.4,Jordan TAYLOR,,LMGTE Pro,,Corvette Racing,Chevrolet,GF,37.536,90.745,108.789,
63,2,24,4:29.756,0,B,1:05.923,0,1:30.433,0,1:53.400,0,181.8,1:59:33.527,23:59:33.527,1:05.923,1:30.433,1:53.400,298.0,Jordan TAYLOR,,LMGTE Pro,,Corvette Racing,Chevrolet,GF,65.923,90.433,113.400,
64,2,1,9:17.219,0,,5:50.473,0,1:36.768,0,1:49.978,1,87.1,9:17.219,22:09:17.219,5:50.473,1:36.768,1:49.978,276.7,Nick TANDY,0:05:08.474,LMGTE Pro,,Corvette Racing,Chevrolet,GF,350.473,96.768,109.978,
64,2,2,4:01.048,0,B,37.030,1,1:30.168,1,1:53.850,0,203.5,13:18.267,22:13:18.267,0:37.030,1:30.168,1:53.850,295.6,Nick TANDY,,LMGTE Pro,,Corvette Racing,Chevrolet,GF,37.030,90.168,113.850,
64,1,3,29:24.946,0,,26:04.630,0,1:31.742,0,1:48.574,0,27.8,42:43.213,22:42:43.213,26:04.630,1:31.742,1:48.574,294.8,Tommy MILNER,0:25:38.050,LMGTE Pro,,Corvette Racing,Chevrolet,GF,1564.630,91.742,108.574,
64,1,4,3:55.660,0,,37.101,0,1:30.677,0,1:47.882,0,208.2,46:38.873,22:46:38.873,0:37.101,1:30.677,1:47.882,295.6,Tommy MILNER,,LMGTE Pro,,Corvette Racing,Chevrolet,GF,37.101,90.677,107.882,
64,1,5,4:08.570,0,B,37.400,0,1:32.650,0,1:58.520,0,197.3,50:47.443,22:50:47.443,0:37.400,1:32.650,1:58.520,271.8,Tommy MILNER,,LMGTE Pro,,Corvette Racing,Chevrolet,GF,37.400,92.650,118.520,
64,1,6,4:42.077,0,,1:23.511,0,1:30.813,0,1:47.753,0,173.9,55:29.520,22:55:29.520,1:23.511,1:30.813,1:47.753,294.8,Tommy MILNER,0:00:57.463,LMGTE Pro,,Corvette Racing,Chevrolet,GF,83.511,90.813,107.753,
64,1,7,3:53.567,0,,36.698,0,1:29.866,0,1:47.003,0,210.0,59:23.087,22:59:23.087,0:36.698,1:29.866,1:47.003,297.2,Tommy MILNER,,LMGTE Pro,,Corvette Racing,Chevrolet,GF,36.698,89.866,107.003,
64,1,8,3:54.938,0,,37.186,0,1:30.156,0,1:47.596,0,208.8,1:03:18.025,23:03:18.025,0:37.186,1:30.156,1:47.596,297.2,Tommy MILNER,,LMGTE Pro,,Corvette Racing,Chevrolet,GF,37.186,90.156,107.596,
64,1,9,4:06.208,0,,36.779,0,1:41.518,0,1:47.911,0,199.2,1:07:24.233,23:07:24.233,0:36.779,1:41.518,1:47.911,296.4,Tommy MILNER,,LMGTE Pro,,Corvette Racing,Chevrolet,GF,36.779,101.518,107.911,
64,1,10,4:00.091,0,B,37.074,0,1:29.672,0,1:53.345,0,204.3,1:11:24.324,23:11:24.324,0:37.074,1:29.672,1:53.345,300.5,Tommy MILNER,,LMGTE Pro,,Corvette Racing,Chevrolet,GF,37.074,89.672,113.345,
64,1,11,5:26.484,0,,2:08.281,0,1:30.579,0,1:47.624,0,150.2,1:16:50.808,23:16:50.808,2:08.281,1:30.579,1:47.624,298.0,Tommy MILNER,0:01:42.392,LMGTE Pro,,Corvette Racing,Chevrolet,GF,128.281,90.579,107.624,
64,1,12,3:52.731,2,,36.605,0,1:29.612,0,1:46.514,2,210.8,1:20:43.539,23:20:43.539,0:36.605,1:29.612,1:46.514,298.0,Tommy MILNER,,LMGTE Pro,,Corvette Racing,Chevrolet,GF,36.605,89.612,106.514,
64,1,13,3:59.430,0,B,36.497,0,1:29.802,0,1:53.131,0,204.9,1:24:42.969,23:24:42.969,0:36.497,1:29.802,1:53.131,299.7,Tommy MILNER,,LMGTE Pro,,Corvette Racing,Chevrolet,GF,36.497,89.802,113.131,
64,1,14,4:41.126,0,,1:23.218,0,1:30.112,0,1:47.796,0,174.5,1:29:24.095,23:29:24.095,1:23.218,1:30.112,1:47.796,301.3,Tommy MILNER,0:00:57.733,LMGTE Pro,,Corvette Racing,Chevrolet,GF,83.218,90.112,107.796,
64,1,15,3:53.350,0,,36.466,2,1:29.820,0,1:47.064,0,210.2,1:33:17.445,23:33:17.445,0:36.466,1:29.820,1:47.064,298.0,Tommy MILNER,,LMGTE Pro,,Corvette Racing,Chevrolet,GF,36.466,89.820,107.064,
64,1,16,3:54.541,0,,36.872,0,1:30.216,0,1:47.453,0,209.1,1:37:11.986,23:37:11.986,0:36.872,1:30.216,1:47.453,298.0,Tommy MILNER,,LMGTE Pro,,Corvette Racing,Chevrolet,GF,36.872,90.216,107.453,
64,1,17,3:58.897,0,B,36.702,0,1:29.532,2,1:52.663,0,205.3,1:41:10.883,23:41:10.883,0:36.702,1:29.532,1:52.663,299.7,Tommy MILNER,,LMGTE Pro,,Corvette Racing,Chevrolet,GF,36.702,89.532,112.663,
64,1,18,5:24.750,0,,2:06.121,0,1:30.617,0,1:48.012,0,151.1,1:46:35.633,23:46:35.633,2:06.121,1:30.617,1:48.012,298.8,Tommy MILNER,0:01:40.314,LMGTE Pro,,Corvette Racing,Chevrolet,GF,126.121,90.617,108.012,
64,1,19,3:53.593,0,,36.860,0,1:29.599,0,1:47.134,0,210.0,1:50:29.226,23:50:29.226,0:36.860,1:29.599,1:47.134,298.8,Tommy MILNER,,LMGTE Pro,,Corvette Racing,Chevrolet,GF,36.860,89.599,107.134,
64,1,20,4:01.621,0,B,37.086,0,1:29.911,0,1:54.624,0,203.0,1:54:30.847,23:54:30.847,0:37.086,1:29.911,1:54.624,297.2,Tommy MILNER,,LMGTE Pro,,Corvette Racing,Chevrolet,GF,37.086,89.911,114.624,
65,3,1,3:44.739,0,,38.184,0,1:26.199,0,1:40.356,0,215.9,3:44.739,22:03:44.739,0:38.184,1:26.199,1:40.356,310.0,Job VAN UITERT,0:00:04.308,LMP2,,Panis Racing,Oreca,GF,38.184,86.199,100.356,
65,3,2,3:35.342,0,,33.846,0,1:22.729,0,1:38.767,0,227.8,7:20.081,22:07:20.081,0:33.846,1:22.729,1:38.767,319.1,Job VAN UITERT,,LMP2,,Panis Racing,Oreca,GF,33.846,82.729,98.767,
65,3,3,3:34.139,0,,33.683,0,1:22.293,0,1:38.163,0,229.1,10:54.220,22:10:54.220,0:33.683,1:22.293,1:38.163,320.1,Job VAN UITERT,,LMP2,,Panis Racing,Oreca,GF,33.683,82.293,98.163,
65,3,4,3:33.534,0,,33.820,0,1:22.163,0,1:37.551,0,229.7,14:27.754,22:14:27.754,0:33.820,1:22.163,1:37.551,322.0,Job VAN UITERT,,LMP2,,Panis Racing,Oreca,GF,33.820,82.163,97.551,
65,3,5,3:32.422,2,,33.561,2,1:21.840,2,1:37.021,2,230.9,18:00.176,22:18:00.176,0:33.561,1:21.840,1:37.021,321.0,Job VAN UITERT,,LMP2,,Panis Racing,Oreca,GF,33.561,81.840,97.021,
65,3,6,3:33.965,0,,34.633,0,1:22.152,0,1:37.180,0,229.3,21:34.141,22:21:34.141,0:34.633,1:22.152,1:37.180,322.0,Job VAN UITERT,,LMP2,,Panis Racing,Oreca,GF,34.633,82.152,97.180,
65,3,7,3:34.586,0,,33.730,0,1:23.330,0,1:37.526,0,228.6,25:08.727,22:25:08.727,0:33.730,1:23.330,1:37.526,320.1,Job VAN UITERT,,LMP2,,Panis Racing,Oreca,GF,33.730,83.330,97.526,
65,3,8,3:35.566,0,,34.063,0,1:23.938,0,1:37.565,0,227.6,28:44.293,22:28:44.293,0:34.063,1:23.938,1:37.565,322.9,Job VAN UITERT,,LMP2,,Panis Racing,Oreca,GF,34.063,83.938,97.565,
65,3,9,3:59.636,0,B,33.877,0,1:22.431,0,2:03.328,0,204.7,32:43.929,22:32:43.929,0:33.877,1:22.431,2:03.328,312.7,Job VAN UITERT,,LMP2,,Panis Racing,Oreca,GF,33.877,82.431,123.328,
65,2,10,4:40.630,0,,1:36.403,0,1:23.514,0,1:40.713,0,174.8,37:24.559,22:37:24.559,1:36.403,1:23.514,1:40.713,319.1,Nicolas JAMIN,0:01:12.972,LMP2,,Panis Racing,Oreca,GF,96.403,83.514,100.713,
65,2,11,3:36.489,0,,34.209,0,1:23.064,0,1:39.216,0,226.6,41:01.048,22:41:01.048,0:34.209,1:23.064,1:39.216,319.1,Nicolas JAMIN,,LMP2,,Panis Racing,Oreca,GF,34.209,83.064,99.216,
65,2,12,3:38.000,0,,35.082,0,1:23.564,0,1:39.354,0,225.0,44:39.048,22:44:39.048,0:35.082,1:23.564,1:39.354,320.1,Nicolas JAMIN,,LMP2,,Panis Racing,Oreca,GF,35.082,83.564,99.354,
65,2,13,3:38.276,0,,34.275,0,1:23.773,0,1:40.228,0,224.7,48:17.324,22:48:17.324,0:34.275,1:23.773,1:40.228,323.9,Nicolas JAMIN,,LMP2,,Panis Racing,Oreca,GF,34.275,83.773,100.228,
65,2,14,3:37.466,0,,34.815,0,1:23.843,0,1:38.808,0,225.6,51:54.790,22:51:54.790,0:34.815,1:23.843,1:38.808,320.1,Nicolas JAMIN,,LMP2,,Panis Racing,Oreca,GF,34.815,83.843,98.808,
65,2,15,3:39.028,0,,34.042,0,1:24.392,0,1:40.594,0,224.0,55:33.818,22:55:33.818,0:34.042,1:24.392,1:40.594,316.3,Nicolas JAMIN,,LMP2,,Panis Racing,Oreca,GF,34.042,84.392,100.594,
65,2,16,3:34.777,0,,33.912,0,1:22.871,0,1:37.994,1,228.4,59:08.595,22:59:08.595,0:33.912,1:22.871,1:37.994,319.1,Nicolas JAMIN,,LMP2,,Panis Racing,Oreca,GF,33.912,82.871,97.994,
65,2,17,3:35.669,0,,33.890,1,1:22.758,1,1:39.021,0,227.4,1:02:44.264,23:02:44.264,0:33.890,1:22.758,1:39.021,322.9,Nicolas JAMIN,,LMP2,,Panis Racing,Oreca,GF,33.890,82.758,99.021,
65,2,18,4:24.448,0,B,34.142,0,2:02.944,0,1:47.362,0,185.5,1:07:08.712,23:07:08.712,0:34.142,2:02.944,1:47.362,309.1,Nicolas JAMIN,,LMP2,,Panis Racing,Oreca,GF,34.142,122.944,107.362,
65,3,19,4:39.261,0,,1:35.686,0,1:24.492,0,1:39.083,0,175.7,1:11:47.973,23:11:47.973,1:35.686,1:24.492,1:39.083,316.3,Job VAN UITERT,0:01:11.656,LMP2,,Panis Racing,Oreca,GF,95.686,84.492,99.083,
65,3,20,3:38.230,0,,35.448,0,1:23.588,0,1:39.194,0,224.8,1:15:26.203,23:15:26.203,0:35.448,1:23.588,1:39.194,319.1,Job VAN UITERT,,LMP2,,Panis Racing,Oreca,GF,35.448,83.588,99.194,
65,3,21,3:40.198,0,,35.172,0,1:24.621,0,1:40.405,0,222.8,1:19:06.401,23:19:06.401,0:35.172,1:24.621,1:40.405,321.0,Job VAN UITERT,,LMP2,,Panis Racing,Oreca,GF,35.172,84.621,100.405,
65,3,22,3:39.368,0,,34.148,0,1:23.296,0,1:41.924,0,223.6,1:22:45.769,23:22:45.769,0:34.148,1:23.296,1:41.924,322.0,Job VAN UITERT,,LMP2,,Panis Racing,Oreca,GF,34.148,83.296,101.924,
65,3,23,3:36.385,0,,34.173,0,1:23.590,0,1:38.622,0,226.7,1:26:22.154,23:26:22.154,0:34.173,1:23.590,1:38.622,320.1,Job VAN UITERT,,LMP2,,Panis Racing,Oreca,GF,34.173,83.590,98.622,
65,3,24,3:34.776,0,,33.946,0,1:22.791,0,1:38.039,0,228.4,1:29:56.930,23:29:56.930,0:33.946,1:22.791,1:38.039,318.2,Job VAN UITERT,,LMP2,,Panis Racing,Oreca,GF,33.946,82.791,98.039,
65,3,25,3:35.990,0,,34.619,0,1:22.954,0,1:38.417,0,227.1,1:33:32.920,23:33:32.920,0:34.619,1:22.954,1:38.417,319.1,Job VAN UITERT,,LMP2,,Panis Racing,Oreca,GF,34.619,82.954,98.417,
65,3,26,3:37.042,0,,33.910,0,1:23.187,0,1:39.945,0,226.0,1:37:09.962,23:37:09.962,0:33.910,1:23.187,1:39.945,321.0,Job VAN UITERT,,LMP2,,Panis Racing,Oreca,GF,33.910,83.187,99.945,
65,3,27,3:42.832,0,B,34.282,0,1:23.326,0,1:45.224,0,220.1,1:40:52.794,23:40:52.794,0:34.282,1:23.326,1:45.224,309.1,Job VAN UITERT,,LMP2,,Panis Racing,Oreca,GF,34.282,83.326,105.224,
65,1,28,7:09.621,0,,4:02.873,0,1:24.657,0,1:42.091,0,114.2,1:48:02.415,23:48:02.415,4:02.873,1:24.657,1:42.091,318.2,Julien CANAL,0:03:38.701,LMP2,,Panis Racing,Oreca,GF,242.873,84.657,102.091,
65,1,29,3:38.756,0,,34.158,1,1:24.125,0,1:40.473,1,224.2,1:51:41.171,23:51:41.171,0:34.158,1:24.125,1:40.473,315.4,Julien CANAL,,LMP2,,Panis Racing,Oreca,GF,34.158,84.125,100.473,
65,1,30,3:40.142,0,,34.288,0,1:24.188,0,1:41.666,0,222.8,1:55:21.313,23:55:21.313,0:34.288,1:24.188,1:41.666,322.0,Julien CANAL,,LMP2,,Panis Racing,Oreca,GF,34.288,84.188,101.666,
65,1,31,4:10.331,0,,1:03.505,0,1:26.170,0,1:40.656,0,196.0,1:59:31.644,23:59:31.644,1:03.505,1:26.170,1:40.656,319.1,Julien CANAL,,LMP2,,Panis Racing,Oreca,GF,63.505,86.170,100.656,
65,1,32,3:45.304,0,B,34.741,0,1:23.561,1,1:47.002,0,217.7,2:03:16.948,00:03:16.948,0:34.741,1:23.561,1:47.002,319.1,Julien CANAL,,LMP2,,Panis Racing,Oreca,FF,34.741,83.561,107.002,
66,2,1,9:06.456,0,,5:32.610,0,1:37.646,0,1:56.200,0,88.8,9:06.456,22:09:06.456,5:32.610,1:37.646,1:56.200,283.2,Mark KVAMME,0:04:51.046,LMGTE Am,,JMW Motorsport,Ferrari,GF,332.610,97.646,116.200,
66,2,2,4:07.945,0,,38.732,0,1:35.192,0,1:54.021,0,197.8,13:14.401,22:13:14.401,0:38.732,1:35.192,1:54.021,284.7,Mark KVAMME,,LMGTE Am,,JMW Motorsport,Ferrari,GF,38.732,95.192,114.021,
66,2,3,4:06.373,0,,39.398,0,1:34.588,0,1:52.387,1,199.1,17:20.774,22:17:20.774,0:39.398,1:34.588,1:52.387,286.9,Mark KVAMME,,LMGTE Am,,JMW Motorsport,Ferrari,GF,39.398,94.588,112.387,
66,2,4,4:06.801,0,,38.681,0,1:34.820,0,1:53.300,0,198.8,21:27.575,22:21:27.575,0:38.681,1:34.820,1:53.300,286.2,Mark KVAMME,,LMGTE Am,,JMW Motorsport,Ferrari,GF,38.681,94.820,113.300,
66,2,5,4:06.575,0,,38.928,0,1:33.998,1,1:53.649,0,198.9,25:34.150,22:25:34.150,0:38.928,1:33.998,1:53.649,289.3,Mark KVAMME,,LMGTE Am,,JMW Motorsport,Ferrari,GF,38.928,93.998,113.649,
66,2,6,4:15.224,0,B,38.514,1,1:35.023,0,2:01.687,0,192.2,29:49.374,22:29:49.374,0:38.514,1:35.023,2:01.687,281.0,Mark KVAMME,,LMGTE Am,,JMW Motorsport,Ferrari,GF,38.514,95.023,121.687,
66,3,7,5:44.308,0,,2:14.826,0,1:36.022,0,1:53.460,0,142.5,35:33.682,22:35:33.682,2:14.826,1:36.022,1:53.460,284.7,Jason HART,0:01:46.644,LMGTE Am,,JMW Motorsport,Ferrari,GF,134.826,96.022,113.460,
66,3,8,4:02.367,0,,38.161,0,1:33.179,0,1:51.027,0,202.4,39:36.049,22:39:36.049,0:38.161,1:33.179,1:51.027,286.9,Jason HART,,LMGTE Am,,JMW Motorsport,Ferrari,GF,38.161,93.179,111.027,
66,3,9,4:01.460,0,,37.993,0,1:33.048,0,1:50.419,0,203.2,43:37.509,22:43:37.509,0:37.993,1:33.048,1:50.419,288.5,Jason HART,,LMGTE Am,,JMW Motorsport,Ferrari,GF,37.993,93.048,110.419,
66,3,10,3:59.616,0,,37.642,0,1:32.604,0,1:49.370,1,204.7,47:37.125,22:47:37.125,0:37.642,1:32.604,1:49.370,281.7,Jason HART,,LMGTE Am,,JMW Motorsport,Ferrari,GF,37.642,92.604,109.370,
66,3,11,4:00.130,0,,37.536,0,1:32.080,0,1:50.514,0,204.3,51:37.255,22:51:37.255,0:37.536,1:32.080,1:50.514,289.3,Jason HART,,LMGTE Am,,JMW Motorsport,Ferrari,GF,37.536,92.080,110.514,
66,3,12,4:05.398,0,B,37.410,1,1:31.787,1,1:56.201,0,199.9,55:42.653,22:55:42.653,0:37.410,1:31.787,1:56.201,290.0,Jason HART,,LMGTE Am,,JMW Motorsport,Ferrari,GF,37.410,91.787,116.201,
66,1,13,5:15.974,0,,1:48.310,0,1:34.673,0,1:52.991,0,155.2,1:00:58.627,23:00:58.627,1:48.310,1:34.673,1:52.991,285.4,Renger VAN DER ZANDE,0:01:20.220,LMGTE Am,,JMW Motorsport,Ferrari,GF,108.310,94.673,112.991,
66,1,14,4:47.742,0,,37.120,0,2:13.906,0,1:56.716,0,170.5,1:05:46.369,23:05:46.369,0:37.120,2:13.906,1:56.716,290.0,Renger VAN DER ZANDE,,LMGTE Am,,JMW Motorsport,Ferrari,GF,37.120,133.906,116.716,
66,1,15,4:01.198,0,,36.991,2,1:34.815,0,1:49.392,0,203.4,1:09:47.567,23:09:47.567,0:36.991,1:34.815,1:49.392,287.7,Renger VAN DER ZANDE,,LMGTE Am,,JMW Motorsport,Ferrari,GF,36.991,94.815,109.392,
66,1,16,3:57.169,2,,37.173,0,1:31.652,0,1:48.344,2,206.8,1:13:44.736,23:13:44.736,0:37.173,1:31.652,1:48.344,288.5,Renger VAN DER ZANDE,,LMGTE Am,,JMW Motorsport,Ferrari,GF,37.173,91.652,108.344,
66,1,17,4:06.296,0,B,37.283,0,1:31.258,2,1:57.755,0,199.2,1:17:51.032,23:17:51.032,0:37.283,1:31.258,1:57.755,290.8,Renger VAN DER ZANDE,,LMGTE Am,,JMW Motorsport,Ferrari,GF,37.283,91.258,117.755,
7,3,1,3:47.143,0,,47.942,0,1:21.327,0,1:37.874,0,213.7,3:47.143,22:03:47.143,0:47.942,1:21.327,1:37.874,324.9,Jose Maria LOPEZ,0:00:15.962,HYPERCAR,H,Toyota Gazoo Racing,Toyota,GF,47.942,81.327,97.874,
7,3,2,3:31.481,0,,33.896,0,1:21.145,0,1:36.440,0,232.0,7:18.624,22:07:18.624,0:33.896,1:21.145,1:36.440,327.8,Jose Maria LOPEZ,,HYPERCAR,H,Toyota Gazoo Racing,Toyota,GF,33.896,81.145,96.440,
7,3,3,3:28.322,3,,32.926,0,1:20.207,0,1:35.189,2,235.5,10:46.946,22:10:46.946,0:32.926,1:20.207,1:35.189,329.8,Jose Maria LOPEZ,,HYPERCAR,H,Toyota Gazoo Racing,Toyota,GF,32.926,80.207,95.189,
7,3,4,3:29.233,0,,33.599,0,1:20.165,0,1:35.469,0,234.4,14:16.179,22:14:16.179,0:33.599,1:20.165,1:35.469,327.8,Jose Maria LOPEZ,,HYPERCAR,H,Toyota Gazoo Racing,Toyota,GF,33.599,80.165,95.469,
7,3,5,3:28.376,0,,32.837,0,1:19.947,2,1:35.592,0,235.4,17:44.555,22:17:44.555,0:32.837,1:19.947,1:35.592,327.8,Jose Maria LOPEZ,,HYPERCAR,H,Toyota Gazoo Racing,Toyota,GF,32.837,79.947,95.592,
7,3,6,3:30.652,0,,32.934,0,1:20.713,0,1:37.005,0,232.9,21:15.207,22:21:15.207,0:32.934,1:20.713,1:37.005,328.8,Jose Maria LOPEZ,,HYPERCAR,H,Toyota Gazoo Racing,Toyota,GF,32.934,80.713,97.005,
7,3,7,3:28.990,0,,32.847,0,1:20.167,0,1:35.976,0,234.7,24:44.197,22:24:44.197,0:32.847,1:20.167,1:35.976,330.8,Jose Maria LOPEZ,,HYPERCAR,H,Toyota Gazoo Racing,Toyota,GF,32.847,80.167,95.976,
7,3,8,3:29.408,0,,33.563,0,1:20.480,0,1:35.365,0,234.2,28:13.605,22:28:13.605,0:33.563,1:20.480,1:35.365,326.8,Jose Maria LOPEZ,,HYPERCAR,H,Toyota Gazoo Racing,Toyota,GF,33.563,80.480,95.365,
7,3,9,3:30.128,0,,32.594,2,1:21.520,0,1:36.014,0,233.4,31:43.733,22:31:43.733,0:32.594,1:21.520,1:36.014,322.9,Jose Maria LOPEZ,,HYPERCAR,H,Toyota Gazoo Racing,Toyota,GF,32.594,81.520,96.014,
7,3,10,3:28.387,0,,32.848,0,1:20.044,0,1:35.495,0,235.4,35:12.120,22:35:12.120,0:32.848,1:20.044,1:35.495,329.8,Jose Maria LOPEZ,,HYPERCAR,H,Toyota Gazoo Racing,Toyota,GF,32.848,80.044,95.495,
7,3,11,3:39.377,0,B,33.376,0,1:20.533,0,1:45.468,0,223.6,38:51.497,22:38:51.497,0:33.376,1:20.533,1:45.468,327.8,Jose Maria LOPEZ,,HYPERCAR,H,Toyota Gazoo Racing,Toyota,GF,33.376,80.533,105.468,
7,2,12,8:13.716,0,,5:12.037,0,1:21.080,0,1:40.599,0,99.4,47:05.213,22:47:05.213,5:12.037,1:21.080,1:40.599,324.9,Kamui KOBAYASHI,0:04:46.685,HYPERCAR,H,Toyota Gazoo Racing,Toyota,GF,312.037,81.080,100.599,
7,2,13,3:31.472,0,,33.050,0,1:20.737,0,1:37.685,0,232.0,50:36.685,22:50:36.685,0:33.050,1:20.737,1:37.685,329.8,Kamui KOBAYASHI,,HYPERCAR,H,Toyota Gazoo Racing,Toyota,GF,33.050,80.737,97.685,
7,2,14,3:32.182,0,,33.581,0,1:21.715,0,1:36.886,0,231.2,54:08.867,22:54:08.867,0:33.581,1:21.715,1:36.886,327.8,Kamui KOBAYASHI,,HYPERCAR,H,Toyota Gazoo Racing,Toyota,GF,33.581,81.715,96.886,
7,2,15,3:33.047,0,,33.043,0,1:20.819,0,1:39.185,0,230.2,57:41.914,22:57:41.914,0:33.043,1:20.819,1:39.185,326.8,Kamui KOBAYASHI,,HYPERCAR,H,Toyota Gazoo Racing,Toyota,GF,33.043,80.819,99.185,
7,2,16,3:30.436,0,,32.962,0,1:20.504,0,1:36.970,0,233.1,1:01:12.350,23:01:12.350,0:32.962,1:20.504,1:36.970,325.8,Kamui KOBAYASHI,,HYPERCAR,H,Toyota Gazoo Racing,Toyota,GF,32.962,80.504,96.970,
7,2,17,4:24.467,0,,33.844,0,2:05.245,0,1:45.378,0,185.5,1:05:36.817,23:05:36.817,0:33.844,2:05.245,1:45.378,328.8,Kamui KOBAYASHI,,HYPERCAR,H,Toyota Gazoo Racing,Toyota,GF,33.844,125.245,105.378,
7,2,18,3:30.417,0,,32.845,1,1:21.077,0,1:36.495,0,233.1,1:09:07.234,23:09:07.234,0:32.845,1:21.077,1:36.495,329.8,Kamui KOBAYASHI,,HYPERCAR,H,Toyota Gazoo Racing,Toyota,GF,32.845,81.077,96.495,
7,2,19,3:30.155,0,,33.101,0,1:20.457,0,1:36.597,0,233.4,1:12:37.389,23:12:37.389,0:33.101,1:20.457,1:36.597,329.8,Kamui KOBAYASHI,,HYPERCAR,H,Toyota Gazoo Racing,Toyota,GF,33.101,80.457,96.597,
7,2,20,3:36.259,0,,33.828,0,1:20.466,0,1:41.965,0,226.8,1:16:13.648,23:16:13.648,0:33.828,1:20.466,1:41.965,324.9,Kamui KOBAYASHI,,HYPERCAR,H,Toyota Gazoo Racing,Toyota,GF,33.828,80.466,101.965,
7,2,21,3:30.495,0,,33.521,0,1:20.550,0,1:36.424,1,233.0,1:19:44.143,23:19:44.143,0:33.521,1:20.550,1:36.424,331.8,Kamui KOBAYASHI,,HYPERCAR,H,Toyota Gazoo Racing,Toyota,GF,33.521,80.550,96.424,
7,2,22,3:31.139,0,,33.692,0,1:20.436,1,1:37.011,0,232.3,1:23:15.282,23:23:15.282,0:33.692,1:20.436,1:37.011,325.8,Kamui KOBAYASHI,,HYPERCAR,H,Toyota Gazoo Racing,Toyota,GF,33.692,80.436,97.011,
7,2,23,3:38.837,0,B,33.063,0,1:20.655,0,1:45.119,0,224.2,1:26:54.119,23:26:54.119,0:33.063,1:20.655,1:45.119,329.8,Kamui KOBAYASHI,,HYPERCAR,H,Toyota Gazoo Racing,Toyota,GF,33.063,80.655,105.119,
7,1,24,10:33.512,0,,7:34.545,0,1:21.726,0,1:37.241,0,77.4,1:37:27.631,23:37:27.631,7:34.545,1:21.726,1:37.241,326.8,Mike CONWAY,0:07:11.040,HYPERCAR,H,Toyota Gazoo Racing,Toyota,GF,454.545,81.726,97.241,
7,1,25,3:32.115,0,,33.232,0,1:21.867,0,1:37.016,1,231.3,1:40:59.746,23:40:59.746,0:33.232,1:21.867,1:37.016,328.8,Mike CONWAY,,HYPERCAR,H,Toyota Gazoo Racing,Toyota,GF,33.232,81.867,97.016,
7,1,26,3:31.398,0,,33.181,1,1:20.924,1,1:37.293,0,232.0,1:44:31.144,23:44:31.144,0:33.181,1:20.924,1:37.293,326.8,Mike CONWAY,,HYPERCAR,H,Toyota Gazoo Racing,Toyota,GF,33.181,80.924,97.293,
7,1,27,3:31.869,0,,33.196,0,1:21.283,0,1:37.390,0,231.5,1:48:03.013,23:48:03.013,0:33.196,1:21.283,1:37.390,330.8,Mike CONWAY,,HYPERCAR,H,Toyota Gazoo Racing,Toyota,GF,33.196,81.283,97.390,
7,1,28,3:36.591,0,,33.927,0,1:22.799,0,1:39.865,0,226.5,1:51:39.604,23:51:39.604,0:33.927,1:22.799,1:39.865,326.8,Mike CONWAY,,HYPERCAR,H,Toyota Gazoo Racing,Toyota,GF,33.927,82.799,99.865,
7,1,29,3:33.896,0,,33.578,0,1:21.490,0,1:38.828,0,229.3,1:55:13.500,23:55:13.500,0:33.578,1:21.490,1:38.828,328.8,Mike CONWAY,,HYPERCAR,H,Toyota Gazoo Racing,Toyota,GF,33.578,81.490,98.828,
7,1,30,4:05.236,0,,1:03.934,0,1:22.308,0,1:38.994,0,200.0,1:59:18.736,23:59:18.736,1:03.934,1:22.308,1:38.994,329.8,Mike CONWAY,,HYPERCAR,H,Toyota Gazoo Racing,Toyota,GF,63.934,82.308,98.994,
7,1,31,3:31.966,0,,33.302,0,1:21.150,0,1:37.514,0,231.4,2:02:50.702,00:02:50.702,0:33.302,1:21.150,1:37.514,330.8,Mike CONWAY,,HYPERCAR,H,Toyota Gazoo Racing,Toyota,FF,33.302,81.150,97.514,
708,2,1,29:40.389,0,,26:11.342,0,1:34.180,0,1:54.867,0,27.3,29:40.389,22:29:40.389,26:11.342,1:34.180,1:54.867,215.9,Romain DUMAS,0:25:31.363,HYPERCAR,,Glickenhaus Racing,Glickenhaus,GF,1571.342,94.180,114.867,
708,2,2,3:52.394,0,B,35.605,0,1:24.792,0,1:51.997,0,211.1,33:32.783,22:33:32.783,0:35.605,1:24.792,1:51.997,293.2,Romain DUMAS,,HYPERCAR,,Glickenhaus Racing,Glickenhaus,GF,35.605,84.792,111.997,
708,2,3,13:11.026,0,,10:06.390,0,1:24.977,0,1:39.659,0,62.0,46:43.809,22:46:43.809,10:06.390,1:24.977,1:39.659,324.9,Romain DUMAS,0:09:42.169,HYPERCAR,,Glickenhaus Racing,Glickenhaus,GF,606.390,84.977,99.659,
708,2,4,3:35.853,0,,33.699,0,1:22.167,0,1:39.987,0,227.3,50:19.662,22:50:19.662,0:33.699,1:22.167,1:39.987,328.8,Romain DUMAS,,HYPERCAR,,Glickenhaus Racing,Glickenhaus,GF,33.699,82.167,99.987,
708,2,5,3:31.122,0,,33.293,1,1:20.633,1,1:37.196,0,232.3,53:50.784,22:53:50.784,0:33.293,1:20.633,1:37.196,330.8,Romain DUMAS,,HYPERCAR,,Glickenhaus Racing,Glickenhaus,GF,33.293,80.633,97.196,
708,2,6,3:33.209,0,,34.849,0,1:21.385,0,1:36.975,1,230.1,57:23.993,22:57:23.993,0:34.849,1:21.385,1:36.975,330.8,Romain DUMAS,,HYPERCAR,,Glickenhaus Racing,Glickenhaus,GF,34.849,81.385,96.975,
708,2,7,3:33.448,0,,33.304,0,1:20.637,0,1:39.507,0,229.8,1:00:57.441,23:00:57.441,0:33.304,1:20.637,1:39.507,329.8,Romain DUMAS,,HYPERCAR,,Glickenhaus Racing,Glickenhaus,GF,33.304,80.637,99.507,
708,2,8,4:30.776,0,B,33.867,0,2:06.291,0,1:50.618,0,181.2,1:05:28.217,23:05:28.217,0:33.867,2:06.291,1:50.618,329.8,Romain DUMAS,,HYPERCAR,,Glickenhaus Racing,Glickenhaus,GF,33.867,126.291,110.618,
708,3,9,15:40.884,0,,12:37.119,0,1:23.460,0,1:40.305,0,52.1,1:21:09.101,23:21:09.101,12:37.119,1:23.460,1:40.305,318.2,Luis Felipe DERANI,0:12:11.799,HYPERCAR,,Glickenhaus Racing,Glickenhaus,GF,757.119,83.460,100.305,
708,3,10,3:41.209,0,,33.574,0,1:21.602,0,1:46.033,0,221.8,1:24:50.310,23:24:50.310,0:33.574,1:21.602,1:46.033,326.8,Luis Felipe DERANI,,HYPERCAR,,Glickenhaus Racing,Glickenhaus,GF,33.574,81.602,106.033,
708,3,11,3:51.841,0,B,33.474,0,1:21.297,0,1:57.070,0,211.6,1:28:42.151,23:28:42.151,0:33.474,1:21.297,1:57.070,326.8,Luis Felipe DERANI,,HYPERCAR,,Glickenhaus Racing,Glickenhaus,GF,33.474,81.297,117.070,
708,3,12,4:14.293,0,,1:08.847,0,1:23.273,0,1:42.173,0,192.9,1:32:56.444,23:32:56.444,1:08.847,1:23.273,1:42.173,322.0,Luis Felipe DERANI,0:00:44.453,HYPERCAR,,Glickenhaus Racing,Glickenhaus,GF,68.847,83.273,102.173,
708,3,13,3:34.310,0,,33.796,0,1:22.370,0,1:38.144,0,228.9,1:36:30.754,23:36:30.754,0:33.796,1:22.370,1:38.144,327.8,Luis Felipe DERANI,,HYPERCAR,,Glickenhaus Racing,Glickenhaus,GF,33.796,82.370,98.144,
708,3,14,3:33.549,0,,33.458,0,1:21.447,0,1:38.644,0,229.7,1:40:04.303,23:40:04.303,0:33.458,1:21.447,1:38.644,328.8,Luis Felipe DERANI,,HYPERCAR,,Glickenhaus Racing,Glickenhaus,GF,33.458,81.447,98.644,
708,3,15,3:32.729,0,,33.727,0,1:21.613,0,1:37.389,0,230.6,1:43:37.032,23:43:37.032,0:33.727,1:21.613,1:37.389,325.8,Luis Felipe DERANI,,HYPERCAR,,Glickenhaus Racing,Glickenhaus,GF,33.727,81.613,97.389,
708,3,16,3:30.978,0,,33.247,0,1:20.985,0,1:36.746,0,232.5,1:47:08.010,23:47:08.010,0:33.247,1:20.985,1:36.746,326.8,Luis Felipe DERANI,,HYPERCAR,,Glickenhaus Racing,Glickenhaus,GF,33.247,80.985,96.746,
708,3,17,3:32.838,0,,33.230,0,1:20.649,0,1:38.959,0,230.5,1:50:40.848,23:50:40.848,0:33.230,1:20.649,1:38.959,328.8,Luis Felipe DERANI,,HYPERCAR,,Glickenhaus Racing,Glickenhaus,GF,33.230,80.649,98.959,
708,3,18,3:30.904,0,,33.130,0,1:20.362,2,1:37.412,0,232.6,1:54:11.752,23:54:11.752,0:33.130,1:20.362,1:37.412,329.8,Luis Felipe DERANI,,HYPERCAR,,Glickenhaus Racing,Glickenhaus,GF,33.130,80.362,97.412,
708,3,19,4:05.733,0,,1:04.206,0,1:21.706,0,1:39.821,0,199.6,1:58:17.485,23:58:17.485,1:04.206,1:21.706,1:39.821,332.9,Luis Felipe DERANI,,HYPERCAR,,Glickenhaus Racing,Glickenhaus,GF,64.206,81.706,99.821,
708,3,20,3:30.141,2,,33.082,2,1:20.857,0,1:36.202,2,233.4,2:01:47.626,00:01:47.626,0:33.082,1:20.857,1:36.202,327.8,Luis Felipe DERANI,,HYPERCAR,,Glickenhaus Racing,Glickenhaus,FF,33.082,80.857,96.202,
709,3,1,19:42.580,0,,16:15.152,0,1:36.031,0,1:51.397,0,41.0,19:42.580,22:19:42.580,16:15.152,1:36.031,1:51.397,233.7,Franck MAILLEUX,0:15:33.058,HYPERCAR,,Glickenhaus Racing,Glickenhaus,GF,975.152,96.031,111.397,
709,3,2,3:44.955,0,B,36.766,0,1:24.101,0,1:44.088,0,218.1,23:27.535,22:23:27.535,0:36.766,1:24.101,1:44.088,247.6,Franck MAILLEUX,,HYPERCAR,,Glickenhaus Racing,Glickenhaus,GF,36.766,84.101,104.088,
709,2,3,17:43.610,0,,14:41.852,0,1:23.333,0,1:38.425,0,46.1,41:11.145,22:41:11.145,14:41.852,1:23.333,1:38.425,298.8,Richard WESTBROOK,0:14:13.241,HYPERCAR,,Glickenhaus Racing,Glickenhaus,GF,881.852,83.333,98.425,
709,2,4,3:31.702,0,,33.417,0,1:21.052,0,1:37.233,0,231.7,44:42.847,22:44:42.847,0:33.417,1:21.052,1:37.233,331.8,Richard WESTBROOK,,HYPERCAR,,Glickenhaus Racing,Glickenhaus,GF,33.417,81.052,97.233,
709,2,5,3:33.511,0,,33.363,0,1:21.185,0,1:38.963,0,229.7,48:16.358,22:48:16.358,0:33.363,1:21.185,1:38.963,332.9,Richard WESTBROOK,,HYPERCAR,,Glickenhaus Racing,Glickenhaus,GF,33.363,81.185,98.963,
709,2,6,3:32.155,0,,33.328,0,1:20.858,0,1:37.969,0,231.2,51:48.513,22:51:48.513,0:33.328,1:20.858,1:37.969,328.8,Richard WESTBROOK,,HYPERCAR,,Glickenhaus Racing,Glickenhaus,GF,33.328,80.858,97.969,
709,2,7,3:32.454,0,,33.740,0,1:21.617,0,1:37.097,0,230.9,55:20.967,22:55:20.967,0:33.740,1:21.617,1:37.097,330.8,Richard WESTBROOK,,HYPERCAR,,Glickenhaus Racing,Glickenhaus,GF,33.740,81.617,97.097,
709,2,8,3:30.822,2,,33.247,0,1:20.838,0,1:36.737,2,232.7,58:51.789,22:58:51.789,0:33.247,1:20.838,1:36.737,330.8,Richard WESTBROOK,,HYPERCAR,,Glickenhaus Racing,Glickenhaus,GF,33.247,80.838,96.737,
709,2,9,3:40.764,0,B,33.661,0,1:21.187,0,1:45.916,0,222.2,1:02:32.553,23:02:32.553,0:33.661,1:21.187,1:45.916,330.8,Richard WESTBROOK,,HYPERCAR,,Glickenhaus Racing,Glickenhaus,GF,33.661,81.187,105.916,
709,2,10,4:45.016,0,,1:32.870,0,1:32.426,0,1:39.720,0,172.1,1:07:17.569,23:07:17.569,1:32.870,1:32.426,1:39.720,329.8,Richard WESTBROOK,0:01:06.394,HYPERCAR,,Glickenhaus Racing,Glickenhaus,GF,92.870,92.426,99.720,
709,2,11,3:33.354,0,,33.922,0,1:21.838,0,1:37.594,0,229.9,1:10:50.923,23:10:50.923,0:33.922,1:21.838,1:37.594,330.8,Richard WESTBROOK,,HYPERCAR,,Glickenhaus Racing,Glickenhaus,GF,33.922,81.838,97.594,
709,2,12,3:31.669,0,,33.222,0,1:21.267,0,1:37.180,0,231.7,1:14:22.592,23:14:22.592,0:33.222,1:21.267,1:37.180,331.8,Richard WESTBROOK,,HYPERCAR,,Glickenhaus Racing,Glickenhaus,GF,33.222,81.267,97.180,
709,2,13,3:31.366,0,,33.166,0,1:21.057,0,1:37.143,0,232.1,1:17:53.958,23:17:53.958,0:33.166,1:21.057,1:37.143,327.8,Richard WESTBROOK,,HYPERCAR,,Glickenhaus Racing,Glickenhaus,GF,33.166,81.057,97.143,
709,2,14,3:38.663,0,B,33.015,2,1:20.816,2,1:44.832,0,224.3,1:21:32.621,23:21:32.621,0:33.015,1:20.816,1:44.832,327.8,Richard WESTBROOK,,HYPERCAR,,Glickenhaus Racing,Glickenhaus,GF,33.015,80.816,104.832,
709,3,15,14:59.748,0,,11:57.215,0,1:24.005,0,1:38.528,1,54.5,1:36:32.369,23:36:32.369,11:57.215,1:24.005,1:38.528,263.2,Franck MAILLEUX,0:11:30.308,HYPERCAR,,Glickenhaus Racing,Glickenhaus,GF,717.215,84.005,98.528,
709,3,16,3:34.459,0,,33.641,0,1:21.454,1,1:39.364,0,228.7,1:40:06.828,23:40:06.828,0:33.641,1:21.454,1:39.364,329.8,Franck MAILLEUX,,HYPERCAR,,Glickenhaus Racing,Glickenhaus,GF,33.641,81.454,99.364,
709,3,17,3:40.069,0,B,33.174,1,1:21.563,0,1:45.332,0,222.9,1:43:46.897,23:43:46.897,0:33.174,1:21.563,1:45.332,328.8,Franck MAILLEUX,,HYPERCAR,,Glickenhaus Racing,Glickenhaus,GF,33.174,81.563,105.332,
71,1,1,4:33.608,0,,1:00.669,0,1:38.066,0,1:54.873,0,177.4,4:33.608,22:04:33.608,1:00.669,1:38.066,1:54.873,254.5,Franck DEZOTEUX,0:00:22.838,LMGTE Am,,Spirit of Race,Ferrari,GF,60.669,98.066,114.873,
71,1,2,4:05.333,0,,39.414,0,1:34.296,0,1:51.623,0,199.9,8:38.941,22:08:38.941,0:39.414,1:34.296,1:51.623,274.6,Franck DEZOTEUX,,LMGTE Am,,Spirit of Race,Ferrari,GF,39.414,94.296,111.623,
71,1,3,4:02.547,0,,37.987,1,1:33.133,0,1:51.427,1,202.2,12:41.488,22:12:41.488,0:37.987,1:33.133,1:51.427,293.2,Franck DEZOTEUX,,LMGTE Am,,Spirit of Race,Ferrari,GF,37.987,93.133,111.427,
71,1,4,4:03.734,0,,38.072,0,1:33.108,1,1:52.554,0,201.3,16:45.222,22:16:45.222,0:38.072,1:33.108,1:52.554,290.8,Franck DEZOTEUX,,LMGTE Am,,Spirit of Race,Ferrari,GF,38.072,93.108,112.554,
71,1,5,4:06.138,0,,38.209,0,1:33.291,0,1:54.638,0,199.3,20:51.360,22:20:51.360,0:38.209,1:33.291,1:54.638,290.8,Franck DEZOTEUX,,LMGTE Am,,Spirit of Race,Ferrari,GF,38.209,93.291,114.638,
71,1,6,4:03.992,0,,38.601,0,1:33.398,0,1:51.993,0,201.0,24:55.352,22:24:55.352,0:38.601,1:33.398,1:51.993,290.0,Franck DEZOTEUX,,LMGTE Am,,Spirit of Race,Ferrari,GF,38.601,93.398,111.993,
71,1,7,4:11.015,0,B,38.415,0,1:33.896,0,1:58.704,0,195.4,29:06.367,22:29:06.367,0:38.415,1:33.896,1:58.704,289.3,Franck DEZOTEUX,,LMGTE Am,,Spirit of Race,Ferrari,GF,38.415,93.896,118.704,
71,3,8,12:29.791,0,,9:05.521,0,1:33.001,0,1:51.269,0,65.4,41:36.158,22:41:36.158,9:05.521,1:33.001,1:51.269,286.9,Gabriel AUBRY,0:08:37.167,LMGTE Am,,Spirit of Race,Ferrari,GF,545.521,93.001,111.269,
71,3,9,4:01.069,0,,37.620,0,1:32.372,0,1:51.077,0,203.5,45:37.227,22:45:37.227,0:37.620,1:32.372,1:51.077,289.3,Gabriel AUBRY,,LMGTE Am,,Spirit of Race,Ferrari,GF,37.620,92.372,111.077,
71,3,10,4:00.680,0,,38.920,0,1:32.367,0,1:49.393,0,203.8,49:37.907,22:49:37.907,0:38.920,1:32.367,1:49.393,288.5,Gabriel AUBRY,,LMGTE Am,,Spirit of Race,Ferrari,GF,38.920,92.367,109.393,
71,3,11,3:57.451,0,,37.336,0,1:31.505,0,1:48.610,0,206.6,53:35.358,22:53:35.358,0:37.336,1:31.505,1:48.610,290.8,Gabriel AUBRY,,LMGTE Am,,Spirit of Race,Ferrari,GF,37.336,91.505,108.610,
71,3,12,3:57.667,0,,37.066,0,1:31.276,0,1:49.325,0,206.4,57:33.025,22:57:33.025,0:37.066,1:31.276,1:49.325,290.0,Gabriel AUBRY,,LMGTE Am,,Spirit of Race,Ferrari,GF,37.066,91.276,109.325,
71,3,13,3:56.696,2,,37.167,0,1:31.133,1,1:48.396,2,207.2,1:01:29.721,23:01:29.721,0:37.167,1:31.133,1:48.396,293.2,Gabriel AUBRY,,LMGTE Am,,Spirit of Race,Ferrari,GF,37.167,91.133,108.396,
71,3,14,4:51.395,0,B,36.899,2,2:13.056,0,2:01.440,0,168.3,1:06:21.116,23:06:21.116,0:36.899,2:13.056,2:01.440,292.4,Gabriel AUBRY,,LMGTE Am,,Spirit of Race,Ferrari,GF,36.899,133.056,121.440,
71,2,15,5:24.033,0,,1:58.380,0,1:32.070,0,1:53.583,0,151.4,1:11:45.149,23:11:45.149,1:58.380,1:32.070,1:53.583,292.4,Pierre RAGUES,0:01:31.137,LMGTE Am,,Spirit of Race,Ferrari,GF,118.380,92.070,113.583,
71,2,16,3:58.697,0,,37.788,0,1:31.867,0,1:49.042,0,205.5,1:15:43.846,23:15:43.846,0:37.788,1:31.867,1:49.042,290.0,Pierre RAGUES,,LMGTE Am,,Spirit of Race,Ferrari,GF,37.788,91.867,109.042,
71,2,17,3:57.863,0,,37.764,0,1:31.128,2,1:48.971,0,206.2,1:19:41.709,23:19:41.709,0:37.764,1:31.128,1:48.971,293.2,Pierre RAGUES,,LMGTE Am,,Spirit of Race,Ferrari,GF,37.764,91.128,108.971,
71,2,18,3:58.341,0,,37.587,0,1:31.366,0,1:49.388,0,205.8,1:23:40.050,23:23:40.050,0:37.587,1:31.366,1:49.388,290.8,Pierre RAGUES,,LMGTE Am,,Spirit of Race,Ferrari,GF,37.587,91.366,109.388,
71,2,19,3:59.287,0,,37.157,1,1:31.132,0,1:50.998,0,205.0,1:27:39.337,23:27:39.337,0:37.157,1:31.132,1:50.998,292.4,Pierre RAGUES,,LMGTE Am,,Spirit of Race,Ferrari,GF,37.157,91.132,110.998,
71,2,20,3:57.113,0,,37.295,0,1:31.174,0,1:48.644,1,206.9,1:31:36.450,23:31:36.450,0:37.295,1:31.174,1:48.644,290.0,Pierre RAGUES,,LMGTE Am,,Spirit of Race,Ferrari,GF,37.295,91.174,108.644,
71,2,21,4:04.701,0,B,37.364,0,1:31.325,0,1:56.012,0,200.5,1:35:41.151,23:35:41.151,0:37.364,1:31.325,1:56.012,284.7,Pierre RAGUES,,LMGTE Am,,Spirit of Race,Ferrari,GF,37.364,91.325,116.012,
71,1,22,6:01.988,0,,2:30.315,0,1:36.950,0,1:54.723,0,135.5,1:41:43.139,23:41:43.139,2:30.315,1:36.950,1:54.723,265.8,Franck DEZOTEUX,0:01:43.229,LMGTE Am,,Spirit of Race,Ferrari,GF,150.315,96.950,114.723,
71,1,23,4:04.172,0,,38.690,0,1:33.268,0,1:52.214,0,200.9,1:45:47.311,23:45:47.311,0:38.690,1:33.268,1:52.214,290.0,Franck DEZOTEUX,,LMGTE Am,,Spirit of Race,Ferrari,GF,38.690,93.268,112.214,
71,1,24,4:05.437,0,,38.070,0,1:33.614,0,1:53.753,0,199.9,1:49:52.748,23:49:52.748,0:38.070,1:33.614,1:53.753,290.8,Franck DEZOTEUX,,LMGTE Am,,Spirit of Race,Ferrari,GF,38.070,93.614,113.753,
71,1,25,4:17.858,0,B,38.698,0,1:35.448,0,2:03.712,0,190.2,1:54:10.606,23:54:10.606,0:38.698,1:35.448,2:03.712,288.5,Franck DEZOTEUX,,LMGTE Am,,Spirit of Race,Ferrari,GF,38.698,95.448,123.712,
71,1,26,4:42.484,0,,1:11.865,0,1:34.488,0,1:56.131,0,173.7,1:58:53.090,23:58:53.090,1:11.865,1:34.488,1:56.131,290.8,Franck DEZOTEUX,0:00:32.130,LMGTE Am,,Spirit of Race,Ferrari,GF,71.865,94.488,116.131,
71,1,27,4:08.191,0,,39.728,0,1:34.676,0,1:53.787,0,197.6,2:03:01.281,00:03:01.281,0:39.728,1:34.676,1:53.787,290.8,Franck DEZOTEUX,,LMGTE Am,,Spirit of Race,Ferrari,FF,39.728,94.676,113.787,
75,1,1,5:45.832,0,,2:15.782,0,1:36.624,0,1:53.426,0,140.3,5:45.832,22:05:45.832,2:15.782,1:36.624,1:53.426,281.0,Pierre EHRET,0:01:36.932,LMGTE Am,,Iron Lynx,Ferrari,GF,135.782,96.624,113.426,
75,1,2,4:05.715,0,,38.390,0,1:34.518,0,1:52.807,0,199.6,9:51.547,22:09:51.547,0:38.390,1:34.518,1:52.807,289.3,Pierre EHRET,,LMGTE Am,,Iron Lynx,Ferrari,GF,38.390,94.518,112.807,
75,1,3,4:04.113,0,,38.493,0,1:33.201,1,1:52.419,0,200.9,13:55.660,22:13:55.660,0:38.493,1:33.201,1:52.419,291.6,Pierre EHRET,,LMGTE Am,,Iron Lynx,Ferrari,GF,38.493,93.201,112.419,
75,1,4,4:03.047,0,,38.173,1,1:33.242,0,1:51.632,0,201.8,17:58.707,22:17:58.707,0:38.173,1:33.242,1:51.632,289.3,Pierre EHRET,,LMGTE Am,,Iron Lynx,Ferrari,GF,38.173,93.242,111.632,
75,1,5,4:03.857,0,,38.849,0,1:33.686,0,1:51.322,1,201.2,22:02.564,22:22:02.564,0:38.849,1:33.686,1:51.322,287.7,Pierre EHRET,,LMGTE Am,,Iron Lynx,Ferrari,GF,38.849,93.686,111.322,
75,1,6,4:08.336,0,,38.370,0,1:36.436,0,1:53.530,0,197.5,26:10.900,22:26:10.900,0:38.370,1:36.436,1:53.530,287.7,Pierre EHRET,,LMGTE Am,,Iron Lynx,Ferrari,GF,38.370,96.436,113.530,
75,1,7,4:14.423,0,B,38.686,0,1:34.741,0,2:00.996,0,192.8,30:25.323,22:30:25.323,0:38.686,1:34.741,2:00.996,287.7,Pierre EHRET,,LMGTE Am,,Iron Lynx,Ferrari,GF,38.686,94.741,120.996,
75,2,8,6:52.191,0,,3:23.474,0,1:34.181,0,1:54.536,0,119.0,37:17.514,22:37:17.514,3:23.474,1:34.181,1:54.536,289.3,Christian HOOK,0:02:55.055,LMGTE Am,,Iron Lynx,Ferrari,GF,203.474,94.181,114.536,
75,2,9,4:09.903,0,,38.632,0,1:34.952,0,1:56.319,0,196.3,41:27.417,22:41:27.417,0:38.632,1:34.952,1:56.319,287.7,Christian HOOK,,LMGTE Am,,Iron Lynx,Ferrari,GF,38.632,94.952,116.319,
75,2,10,4:09.304,0,,38.935,0,1:35.085,0,1:55.284,0,196.8,45:36.721,22:45:36.721,0:38.935,1:35.085,1:55.284,288.5,Christian HOOK,,LMGTE Am,,Iron Lynx,Ferrari,GF,38.935,95.085,115.284,
75,2,11,4:08.697,0,,38.969,0,1:34.949,0,1:54.779,0,197.2,49:45.418,22:49:45.418,0:38.969,1:34.949,1:54.779,265.8,Christian HOOK,,LMGTE Am,,Iron Lynx,Ferrari,GF,38.969,94.949,114.779,
75,2,12,4:07.554,0,,38.781,0,1:33.838,0,1:54.935,0,198.2,53:52.972,22:53:52.972,0:38.781,1:33.838,1:54.935,286.9,Christian HOOK,,LMGTE Am,,Iron Lynx,Ferrari,GF,38.781,93.838,114.935,
75,2,13,4:05.030,0,,38.599,0,1:33.347,0,1:53.084,0,200.2,57:58.002,22:57:58.002,0:38.599,1:33.347,1:53.084,290.0,Christian HOOK,,LMGTE Am,,Iron Lynx,Ferrari,GF,38.599,93.347,113.084,
75,2,14,4:05.258,0,,38.635,0,1:33.542,0,1:53.081,0,200.0,1:02:03.260,23:02:03.260,0:38.635,1:33.542,1:53.081,286.2,Christian HOOK,,LMGTE Am,,Iron Lynx,Ferrari,GF,38.635,93.542,113.081,
75,2,15,4:56.069,0,,38.046,1,2:14.240,0,2:03.783,0,165.7,1:06:59.329,23:06:59.329,0:38.046,2:14.240,2:03.783,287.7,Christian HOOK,,LMGTE Am,,Iron Lynx,Ferrari,GF,38.046,134.240,123.783,
75,2,16,4:05.047,0,,38.785,0,1:33.436,0,1:52.826,1,200.2,1:11:04.376,23:11:04.376,0:38.785,1:33.436,1:52.826,288.5,Christian HOOK,,LMGTE Am,,Iron Lynx,Ferrari,GF,38.785,93.436,112.826,
75,2,17,4:16.118,0,B,38.325,0,1:33.189,1,2:04.604,0,191.5,1:15:20.494,23:15:20.494,0:38.325,1:33.189,2:04.604,289.3,Christian HOOK,,LMGTE Am,,Iron Lynx,Ferrari,GF,38.325,93.189,124.604,
75,3,18,6:01.925,0,,2:39.099,0,1:32.641,0,1:50.185,0,135.5,1:21:22.419,23:21:22.419,2:39.099,1:32.641,1:50.185,287.7,Nicolas VARRONE,0:02:11.992,LMGTE Am,,Iron Lynx,Ferrari,GF,159.099,92.641,110.185,
75,3,19,3:58.517,0,,37.613,0,1:31.948,0,1:48.956,0,205.7,1:25:20.936,23:25:20.936,0:37.613,1:31.948,1:48.956,290.8,Nicolas VARRONE,,LMGTE Am,,Iron Lynx,Ferrari,GF,37.613,91.948,108.956,
75,3,20,4:00.448,0,,38.270,0,1:33.113,0,1:49.065,0,204.0,1:29:21.384,23:29:21.384,0:38.270,1:33.113,1:49.065,291.6,Nicolas VARRONE,,LMGTE Am,,Iron Lynx,Ferrari,GF,38.270,93.113,109.065,
75,3,21,3:58.118,0,,37.619,0,1:32.034,0,1:48.465,0,206.0,1:33:19.502,23:33:19.502,0:37.619,1:32.034,1:48.465,288.5,Nicolas VARRONE,,LMGTE Am,,Iron Lynx,Ferrari,GF,37.619,92.034,108.465,
75,3,22,3:57.095,0,,37.226,0,1:31.490,0,1:48.379,0,206.9,1:37:16.597,23:37:16.597,0:37.226,1:31.490,1:48.379,290.8,Nicolas VARRONE,,LMGTE Am,,Iron Lynx,Ferrari,GF,37.226,91.490,108.379,
75,3,23,4:03.847,0,B,37.151,0,1:31.313,0,1:55.383,0,201.2,1:41:20.444,23:41:20.444,0:37.151,1:31.313,1:55.383,290.0,Nicolas VARRONE,,LMGTE Am,,Iron Lynx,Ferrari,GF,37.151,91.313,115.383,
75,3,24,5:26.801,0,,2:04.363,0,1:31.869,0,1:50.569,0,150.1,1:46:47.245,23:46:47.245,2:04.363,1:31.869,1:50.569,291.6,Nicolas VARRONE,0:01:36.774,LMGTE Am,,Iron Lynx,Ferrari,GF,124.363,91.869,110.569,
75,3,25,3:57.726,0,,37.509,0,1:31.576,0,1:48.641,0,206.3,1:50:44.971,23:50:44.971,0:37.509,1:31.576,1:48.641,292.4,Nicolas VARRONE,,LMGTE Am,,Iron Lynx,Ferrari,GF,37.509,91.576,108.641,
75,3,26,3:58.278,0,,37.161,0,1:31.680,0,1:49.437,0,205.9,1:54:43.249,23:54:43.249,0:37.161,1:31.680,1:49.437,289.3,Nicolas VARRONE,,LMGTE Am,,Iron Lynx,Ferrari,GF,37.161,91.680,109.437,
75,3,27,4:26.892,0,,1:06.243,0,1:31.796,0,1:48.853,0,183.8,1:59:10.141,23:59:10.141,1:06.243,1:31.796,1:48.853,291.6,Nicolas VARRONE,,LMGTE Am,,Iron Lynx,Ferrari,GF,66.243,91.796,108.853,
75,3,28,3:56.393,2,,37.118,2,1:31.243,2,1:48.032,2,207.5,2:03:06.534,00:03:06.534,0:37.118,1:31.243,1:48.032,289.3,Nicolas VARRONE,,LMGTE Am,,Iron Lynx,Ferrari,FF,37.118,91.243,108.032,
77,3,1,45:25.708,0,,42:02.494,0,1:31.728,0,1:51.486,0,17.8,45:25.708,22:45:25.708,42:02.494,1:31.728,1:51.486,292.4,Harry TINCKNELL,0:41:27.577,LMGTE Am,,Dempsey - Proton Racing,Porsche,GF,2522.494,91.728,111.486,
77,3,2,3:55.953,0,,36.910,0,1:30.981,0,1:48.062,0,207.9,49:21.661,22:49:21.661,0:36.910,1:30.981,1:48.062,294.0,Harry TINCKNELL,,LMGTE Am,,Dempsey - Proton Racing,Porsche,GF,36.910,90.981,108.062,
77,3,3,3:55.067,2,,36.810,2,1:30.607,0,1:47.650,1,208.7,53:16.728,22:53:16.728,0:36.810,1:30.607,1:47.650,294.0,Harry TINCKNELL,,LMGTE Am,,Dempsey - Proton Racing,Porsche,GF,36.810,90.607,107.650,
77,3,4,4:02.376,0,B,37.027,0,1:30.479,2,1:54.870,0,202.4,57:19.104,22:57:19.104,0:37.027,1:30.479,1:54.870,292.4,Harry TINCKNELL,,LMGTE Am,,Dempsey - Proton Racing,Porsche,GF,37.027,90.479,114.870,
77,2,5,6:57.901,0,,3:16.817,0,1:46.472,0,1:54.612,0,117.4,1:04:17.005,23:04:17.005,3:16.817,1:46.472,1:54.612,264.5,Sebastian PRIAULX,0:02:49.890,LMGTE Am,,Dempsey - Proton Racing,Porsche,GF,196.817,106.472,114.612,
77,2,6,3:56.977,0,,37.499,0,1:31.880,0,1:47.598,0,207.0,1:08:13.982,23:08:13.982,0:37.499,1:31.880,1:47.598,293.2,Sebastian PRIAULX,,LMGTE Am,,Dempsey - Proton Racing,Porsche,GF,37.499,91.880,107.598,
77,2,7,3:57.894,0,,37.274,0,1:31.482,0,1:49.138,0,206.2,1:12:11.876,23:12:11.876,0:37.274,1:31.482,1:49.138,294.0,Sebastian PRIAULX,,LMGTE Am,,Dempsey - Proton Racing,Porsche,GF,37.274,91.482,109.138,
77,2,8,3:55.956,0,,37.011,1,1:31.252,0,1:47.693,0,207.9,1:16:07.832,23:16:07.832,0:37.011,1:31.252,1:47.693,294.8,Sebastian PRIAULX,,LMGTE Am,,Dempsey - Proton Racing,Porsche,GF,37.011,91.252,107.693,
77,2,9,3:56.940,0,,37.097,0,1:31.281,0,1:48.562,0,207.0,1:20:04.772,23:20:04.772,0:37.097,1:31.281,1:48.562,297.2,Sebastian PRIAULX,,LMGTE Am,,Dempsey - Proton Racing,Porsche,GF,37.097,91.281,108.562,
77,2,10,3:55.821,0,,37.204,0,1:31.396,0,1:47.221,2,208.0,1:24:00.593,23:24:00.593,0:37.204,1:31.396,1:47.221,294.0,Sebastian PRIAULX,,LMGTE Am,,Dempsey - Proton Racing,Porsche,GF,37.204,91.396,107.221,
77,2,11,4:02.576,0,B,37.207,0,1:31.108,1,1:54.261,0,202.2,1:28:03.169,23:28:03.169,0:37.207,1:31.108,1:54.261,293.2,Sebastian PRIAULX,,LMGTE Am,,Dempsey - Proton Racing,Porsche,GF,37.207,91.108,114.261,
77,2,12,7:09.322,0,B,2:57.270,0,1:44.565,0,2:27.487,0,114.3,1:35:12.491,23:35:12.491,2:57.270,1:44.565,2:27.487,273.9,Sebastian PRIAULX,0:02:31.133,LMGTE Am,,Dempsey - Proton Racing,Porsche,GF,177.270,104.565,147.487,
77,2,13,20:04.258,0,B,16:31.342,0,1:34.814,0,1:58.102,0,40.7,1:55:16.749,23:55:16.749,16:31.342,1:34.814,1:58.102,283.9,Sebastian PRIAULX,0:16:02.181,LMGTE Am,,Dempsey - Proton Racing,Porsche,GF,991.342,94.814,118.102,
79,3,1,8:34.643,0,,5:13.339,0,1:31.739,0,1:49.565,0,94.3,8:34.643,22:08:34.643,5:13.339,1:31.739,1:49.565,293.2,Thomas MERRILL,0:04:37.413,LMGTE Am,,WeatherTech Racing,Porsche,GF,313.339,91.739,109.565,
79,3,2,3:58.521,0,,37.289,0,1:30.802,0,1:50.430,0,205.7,12:33.164,22:12:33.164,0:37.289,1:30.802,1:50.430,296.4,Thomas MERRILL,,LMGTE Am,,WeatherTech Racing,Porsche,GF,37.289,90.802,110.430,
79,3,3,4:03.077,0,B,37.096,0,1:31.307,0,1:54.674,0,201.8,16:36.241,22:16:36.241,0:37.096,1:31.307,1:54.674,295.6,Thomas MERRILL,,LMGTE Am,,WeatherTech Racing,Porsche,GF,37.096,91.307,114.674,
79,3,4,4:52.737,0,,1:33.444,0,1:31.077,0,1:48.216,0,167.6,21:28.978,22:21:28.978,1:33.444,1:31.077,1:48.216,297.2,Thomas MERRILL,0:01:07.842,LMGTE Am,,WeatherTech Racing,Porsche,GF,93.444,91.077,108.216,
79,3,5,3:58.510,0,,37.731,0,1:31.125,0,1:49.654,0,205.7,25:27.488,22:25:27.488,0:37.731,1:31.125,1:49.654,298.8,Thomas MERRILL,,LMGTE Am,,WeatherTech Racing,Porsche,GF,37.731,91.125,109.654,
79,3,6,3:56.734,0,,37.257,0,1:30.708,0,1:48.769,0,207.2,29:24.222,22:29:24.222,0:37.257,1:30.708,1:48.769,295.6,Thomas MERRILL,,LMGTE Am,,WeatherTech Racing,Porsche,GF,37.257,90.708,108.769,
79,3,7,3:56.974,0,,37.333,0,1:31.080,0,1:48.561,0,207.0,33:21.196,22:33:21.196,0:37.333,1:31.080,1:48.561,294.8,Thomas MERRILL,,LMGTE Am,,WeatherTech Racing,Porsche,GF,37.333,91.080,108.561,
79,3,8,3:56.945,0,,37.168,0,1:30.582,0,1:49.195,0,207.0,37:18.141,22:37:18.141,0:37.168,1:30.582,1:49.195,297.2,Thomas MERRILL,,LMGTE Am,,WeatherTech Racing,Porsche,GF,37.168,90.582,109.195,
79,3,9,3:59.755,0,,38.367,0,1:31.439,0,1:49.949,0,204.6,41:17.896,22:41:17.896,0:38.367,1:31.439,1:49.949,294.8,Thomas MERRILL,,LMGTE Am,,WeatherTech Racing,Porsche,GF,38.367,91.439,109.949,
79,3,10,3:57.002,0,,37.335,0,1:30.760,0,1:48.907,0,207.0,45:14.898,22:45:14.898,0:37.335,1:30.760,1:48.907,295.6,Thomas MERRILL,,LMGTE Am,,WeatherTech Racing,Porsche,GF,37.335,90.760,108.907,
79,3,11,3:56.107,0,,37.304,0,1:30.812,0,1:47.991,2,207.8,49:11.005,22:49:11.005,0:37.304,1:30.812,1:47.991,294.8,Thomas MERRILL,,LMGTE Am,,WeatherTech Racing,Porsche,GF,37.304,90.812,107.991,
79,3,12,3:57.578,0,,38.212,0,1:30.735,0,1:48.631,0,206.5,53:08.583,22:53:08.583,0:38.212,1:30.735,1:48.631,294.8,Thomas MERRILL,,LMGTE Am,,WeatherTech Racing,Porsche,GF,38.212,90.735,108.631,
79,3,13,3:57.085,0,,38.026,0,1:30.879,0,1:48.180,0,206.9,57:05.668,22:57:05.668,0:38.026,1:30.879,1:48.180,295.6,Thomas MERRILL,,LMGTE Am,,WeatherTech Racing,Porsche,GF,38.026,90.879,108.180,
79,3,14,3:56.039,2,,37.104,0,1:30.540,2,1:48.395,0,207.8,1:01:01.707,23:01:01.707,0:37.104,1:30.540,1:48.395,296.4,Thomas MERRILL,,LMGTE Am,,WeatherTech Racing,Porsche,GF,37.104,90.540,108.395,
79,3,15,4:45.947,0,,37.046,0,2:12.247,0,1:56.654,0,171.5,1:05:47.654,23:05:47.654,0:37.046,2:12.247,1:56.654,297.2,Thomas MERRILL,,LMGTE Am,,WeatherTech Racing,Porsche,GF,37.046,132.247,116.654,
79,3,16,3:56.487,0,,37.093,0,1:30.828,0,1:48.566,0,207.4,1:09:44.141,23:09:44.141,0:37.093,1:30.828,1:48.566,295.6,Thomas MERRILL,,LMGTE Am,,WeatherTech Racing,Porsche,GF,37.093,90.828,108.566,
79,3,17,4:02.050,0,B,37.032,2,1:30.574,0,1:54.444,0,202.7,1:13:46.191,23:13:46.191,0:37.032,1:30.574,1:54.444,294.8,Thomas MERRILL,,LMGTE Am,,WeatherTech Racing,Porsche,GF,37.032,90.574,114.444,
79,3,18,14:14.904,0,,10:49.510,0,1:35.273,0,1:50.121,0,57.4,1:28:01.095,23:28:01.095,10:49.510,1:35.273,1:50.121,292.4,Thomas MERRILL,0:10:23.031,LMGTE Am,,WeatherTech Racing,Porsche,GF,649.510,95.273,110.121,
79,3,19,4:01.023,0,,38.155,0,1:32.642,0,1:50.226,0,203.5,1:32:02.118,23:32:02.118,0:38.155,1:32.642,1:50.226,289.3,Thomas MERRILL,,LMGTE Am,,WeatherTech Racing,Porsche,GF,38.155,92.642,110.226,
79,3,20,3:58.360,0,,37.715,0,1:31.573,0,1:49.072,0,205.8,1:36:00.478,23:36:00.478,0:37.715,1:31.573,1:49.072,294.0,Thomas MERRILL,,LMGTE Am,,WeatherTech Racing,Porsche,GF,37.715,91.573,109.072,
79,3,21,3:59.846,0,,38.352,0,1:32.344,0,1:49.150,0,204.5,1:40:00.324,23:40:00.324,0:38.352,1:32.344,1:49.150,293.2,Thomas MERRILL,,LMGTE Am,,WeatherTech Racing,Porsche,GF,38.352,92.344,109.150,
79,3,22,3:58.603,0,,37.453,0,1:31.108,0,1:50.042,0,205.6,1:43:58.927,23:43:58.927,0:37.453,1:31.108,1:50.042,294.0,Thomas MERRILL,,LMGTE Am,,WeatherTech Racing,Porsche,GF,37.453,91.108,110.042,
79,3,23,3:59.078,0,,38.024,0,1:31.289,0,1:49.765,0,205.2,1:47:58.005,23:47:58.005,0:38.024,1:31.289,1:49.765,294.0,Thomas MERRILL,,LMGTE Am,,WeatherTech Racing,Porsche,GF,38.024,91.289,109.765,
79,3,24,3:57.862,0,,37.606,0,1:31.223,0,1:49.033,0,206.2,1:51:55.867,23:51:55.867,0:37.606,1:31.223,1:49.033,296.4,Thomas MERRILL,,LMGTE Am,,WeatherTech Racing,Porsche,GF,37.606,91.223,109.033,
79,3,25,4:04.235,0,B,37.544,0,1:31.426,0,1:55.265,0,200.8,1:56:00.102,23:56:00.102,0:37.544,1:31.426,1:55.265,294.0,Thomas MERRILL,,LMGTE Am,,WeatherTech Racing,Porsche,GF,37.544,91.426,115.265,
8,1,1,6:48.382,0,,3:49.593,0,1:21.898,0,1:36.891,0,118.8,6:48.382,22:06:48.382,3:49.593,1:21.898,1:36.891,318.2,Sébastien BUEMI,0:03:17.153,HYPERCAR,H,Toyota Gazoo Racing,Toyota,GF,229.593,81.898,96.891,
8,1,2,3:30.308,0,,33.004,0,1:20.391,0,1:36.913,0,233.2,10:18.690,22:10:18.690,0:33.004,1:20.391,1:36.913,322.9,Sébastien BUEMI,,HYPERCAR,H,Toyota Gazoo Racing,Toyota,GF,33.004,80.391,96.913,
8,1,3,3:28.992,0,,32.740,0,1:20.381,0,1:35.871,0,234.7,13:47.682,22:13:47.682,0:32.740,1:20.381,1:35.871,320.1,Sébastien BUEMI,,HYPERCAR,H,Toyota Gazoo Racing,Toyota,GF,32.740,80.381,95.871,
8,1,4,3:28.746,0,,32.780,0,1:20.257,0,1:35.709,0,235.0,17:16.428,22:17:16.428,0:32.780,1:20.257,1:35.709,325.8,Sébastien BUEMI,,HYPERCAR,H,Toyota Gazoo Racing,Toyota,GF,32.780,80.257,95.709,
8,1,5,3:29.700,0,,32.887,0,1:20.013,0,1:36.800,0,233.9,20:46.128,22:20:46.128,0:32.887,1:20.013,1:36.800,329.8,Sébastien BUEMI,,HYPERCAR,H,Toyota Gazoo Racing,Toyota,GF,32.887,80.013,96.800,
8,1,6,3:30.074,0,,34.627,0,1:20.265,0,1:35.182,3,233.5,24:16.202,22:24:16.202,0:34.627,1:20.265,1:35.182,331.8,Sébastien BUEMI,,HYPERCAR,H,Toyota Gazoo Racing,Toyota,GF,34.627,80.265,95.182,
8,1,7,3:28.684,2,,32.727,0,1:20.706,0,1:35.251,0,235.1,27:44.886,22:27:44.886,0:32.727,1:20.706,1:35.251,336.0,Sébastien BUEMI,,HYPERCAR,H,Toyota Gazoo Racing,Toyota,GF,32.727,80.706,95.251,
8,1,8,3:34.588,0,,32.746,0,1:20.844,0,1:40.998,0,228.6,31:19.474,22:31:19.474,0:32.746,1:20.844,1:40.998,334.9,Sébastien BUEMI,,HYPERCAR,H,Toyota Gazoo Racing,Toyota,GF,32.746,80.844,100.998,
8,1,9,3:37.562,0,B,32.532,3,1:19.925,3,1:45.105,0,225.5,34:57.036,22:34:57.036,0:32.532,1:19.925,1:45.105,331.8,Sébastien BUEMI,,HYPERCAR,H,Toyota Gazoo Racing,Toyota,GF,32.532,79.925,105.105,
8,3,10,4:43.283,0,,1:43.315,0,1:21.962,0,1:38.006,0,173.2,39:40.319,22:39:40.319,1:43.315,1:21.962,1:38.006,320.1,Ryo HIRAKAWA,0:01:20.268,HYPERCAR,H,Toyota Gazoo Racing,Toyota,GF,103.315,81.962,98.006,
8,3,11,3:32.981,0,,33.359,0,1:23.017,0,1:36.605,0,230.3,43:13.300,22:43:13.300,0:33.359,1:23.017,1:36.605,322.0,Ryo HIRAKAWA,,HYPERCAR,H,Toyota Gazoo Racing,Toyota,GF,33.359,83.017,96.605,
8,3,12,3:31.005,0,,32.904,1,1:20.390,0,1:37.711,0,232.5,46:44.305,22:46:44.305,0:32.904,1:20.390,1:37.711,327.8,Ryo HIRAKAWA,,HYPERCAR,H,Toyota Gazoo Racing,Toyota,GF,32.904,80.390,97.711,
8,3,13,3:31.400,0,,33.474,0,1:21.219,0,1:36.707,0,232.0,50:15.705,22:50:15.705,0:33.474,1:21.219,1:36.707,332.9,Ryo HIRAKAWA,,HYPERCAR,H,Toyota Gazoo Racing,Toyota,GF,33.474,81.219,96.707,
8,3,14,3:34.547,0,,33.120,0,1:23.046,0,1:38.381,0,228.6,53:50.252,22:53:50.252,0:33.120,1:23.046,1:38.381,329.8,Ryo HIRAKAWA,,HYPERCAR,H,Toyota Gazoo Racing,Toyota,GF,33.120,83.046,98.381,
8,3,15,3:48.463,0,B,34.830,0,1:20.674,0,1:52.959,0,214.7,57:38.715,22:57:38.715,0:34.830,1:20.674,1:52.959,327.8,Ryo HIRAKAWA,,HYPERCAR,H,Toyota Gazoo Racing,Toyota,GF,34.830,80.674,112.959,
8,3,16,7:45.746,0,,3:52.334,0,2:07.314,0,1:46.098,0,105.3,1:05:24.461,23:05:24.461,3:52.334,2:07.314,1:46.098,290.0,Ryo HIRAKAWA,0:03:26.658,HYPERCAR,H,Toyota Gazoo Racing,Toyota,GF,232.334,127.314,106.098,
8,3,17,3:33.692,0,,34.211,0,1:22.497,0,1:36.984,0,229.6,1:08:58.153,23:08:58.153,0:34.211,1:22.497,1:36.984,329.8,Ryo HIRAKAWA,,HYPERCAR,H,Toyota Gazoo Racing,Toyota,GF,34.211,82.497,96.984,
8,3,18,3:30.785,0,,33.457,0,1:20.799,0,1:36.529,0,232.7,1:12:28.938,23:12:28.938,0:33.457,1:20.799,1:36.529,327.8,Ryo HIRAKAWA,,HYPERCAR,H,Toyota Gazoo Racing,Toyota,GF,33.457,80.799,96.529,
8,3,19,3:31.553,0,,33.361,0,1:20.499,0,1:37.693,0,231.9,1:16:00.491,23:16:00.491,0:33.361,1:20.499,1:37.693,324.9,Ryo HIRAKAWA,,HYPERCAR,H,Toyota Gazoo Racing,Toyota,GF,33.361,80.499,97.693,
8,3,20,3:30.552,0,,33.400,0,1:20.619,0,1:36.533,0,233.0,1:19:31.043,23:19:31.043,0:33.400,1:20.619,1:36.533,322.0,Ryo HIRAKAWA,,HYPERCAR,H,Toyota Gazoo Racing,Toyota,GF,33.400,80.619,96.533,
8,3,21,3:32.995,0,,34.291,0,1:21.308,0,1:37.396,0,230.3,1:23:04.038,23:23:04.038,0:34.291,1:21.308,1:37.396,320.1,Ryo HIRAKAWA,,HYPERCAR,H,Toyota Gazoo Racing,Toyota,GF,34.291,81.308,97.396,
8,3,22,3:30.613,0,,33.291,0,1:20.547,0,1:36.775,0,232.9,1:26:34.651,23:26:34.651,0:33.291,1:20.547,1:36.775,333.9,Ryo HIRAKAWA,,HYPERCAR,H,Toyota Gazoo Racing,Toyota,GF,33.291,80.547,96.775,
8,3,23,3:30.874,0,,33.273,0,1:20.826,0,1:36.775,0,232.6,1:30:05.525,23:30:05.525,0:33.273,1:20.826,1:36.775,324.9,Ryo HIRAKAWA,,HYPERCAR,H,Toyota Gazoo Racing,Toyota,GF,33.273,80.826,96.775,
8,3,24,3:29.930,0,,33.312,0,1:20.374,1,1:36.244,1,233.7,1:33:35.455,23:33:35.455,0:33.312,1:20.374,1:36.244,334.9,Ryo HIRAKAWA,,HYPERCAR,H,Toyota Gazoo Racing,Toyota,GF,33.312,80.374,96.244,
8,3,25,3:37.610,0,B,33.244,0,1:20.926,0,1:43.440,0,225.4,1:37:13.065,23:37:13.065,0:33.244,1:20.926,1:43.440,330.8,Ryo HIRAKAWA,,HYPERCAR,H,Toyota Gazoo Racing,Toyota,GF,33.244,80.926,103.440,
8,2,26,5:46.762,0,,2:47.479,0,1:21.507,0,1:37.776,0,141.5,1:42:59.827,23:42:59.827,2:47.479,1:21.507,1:37.776,308.2,Brendon HARTLEY,0:02:22.561,HYPERCAR,H,Toyota Gazoo Racing,Toyota,GF,167.479,81.507,97.776,
8,2,27,3:33.636,0,,33.896,0,1:20.779,0,1:38.961,0,229.6,1:46:33.463,23:46:33.463,0:33.896,1:20.779,1:38.961,330.8,Brendon HARTLEY,,HYPERCAR,H,Toyota Gazoo Racing,Toyota,GF,33.896,80.779,98.961,
8,2,28,3:32.129,0,,33.858,0,1:20.942,0,1:37.329,0,231.2,1:50:05.592,23:50:05.592,0:33.858,1:20.942,1:37.329,328.8,Brendon HARTLEY,,HYPERCAR,H,Toyota Gazoo Racing,Toyota,GF,33.858,80.942,97.329,
8,2,29,3:34.347,0,,34.680,0,1:21.118,0,1:38.549,0,228.9,1:53:39.939,23:53:39.939,0:34.680,1:21.118,1:38.549,329.8,Brendon HARTLEY,,HYPERCAR,H,Toyota Gazoo Racing,Toyota,GF,34.680,81.118,98.549,
8,2,30,4:04.502,0,,1:05.476,0,1:21.414,0,1:37.612,0,200.6,1:57:44.441,23:57:44.441,1:05.476,1:21.414,1:37.612,327.8,Brendon HARTLEY,,HYPERCAR,H,Toyota Gazoo Racing,Toyota,GF,65.476,81.414,97.612,
8,2,31,3:30.533,0,,33.257,1,1:20.484,1,1:36.792,1,233.0,2:01:14.974,00:01:14.974,0:33.257,1:20.484,1:36.792,326.8,Brendon HARTLEY,,HYPERCAR,H,Toyota Gazoo Racing,Toyota,FF,33.257,80.484,96.792,
80,2,1,44:22.536,0,B,40:49.935,0,1:35.273,0,1:57.328,0,18.2,44:22.536,22:44:22.536,40:49.935,1:35.273,1:57.328,262.6,Giancarlo FISICHELLA,0:40:12.298,LMGTE Am,,Iron Lynx,Ferrari,GF,2449.935,95.273,117.328,
80,2,2,10:14.626,0,,6:49.687,0,1:34.147,0,1:50.792,0,79.8,54:37.162,22:54:37.162,6:49.687,1:34.147,1:50.792,285.4,Giancarlo FISICHELLA,0:06:21.614,LMGTE Am,,Iron Lynx,Ferrari,GF,409.687,94.147,110.792,
80,2,3,3:58.027,0,,37.366,0,1:31.851,0,1:48.810,0,206.1,58:35.189,22:58:35.189,0:37.366,1:31.851,1:48.810,287.7,Giancarlo FISICHELLA,,LMGTE Am,,Iron Lynx,Ferrari,GF,37.366,91.851,108.810,
80,2,4,3:57.633,0,,37.073,0,1:31.613,0,1:48.947,0,206.4,1:02:32.822,23:02:32.822,0:37.073,1:31.613,1:48.947,288.5,Giancarlo FISICHELLA,,LMGTE Am,,Iron Lynx,Ferrari,GF,37.073,91.613,108.947,
80,2,5,4:45.835,0,B,37.071,0,2:10.637,0,1:58.127,0,171.6,1:07:18.657,23:07:18.657,0:37.071,2:10.637,1:58.127,290.8,Giancarlo FISICHELLA,,LMGTE Am,,Iron Lynx,Ferrari,GF,37.071,130.637,118.127,
80,2,6,4:57.564,0,,1:31.412,0,1:33.396,0,1:52.756,0,164.9,1:12:16.221,23:12:16.221,1:31.412,1:33.396,1:52.756,287.7,Giancarlo FISICHELLA,0:01:02.684,LMGTE Am,,Iron Lynx,Ferrari,GF,91.412,93.396,112.756,
80,2,7,3:57.938,0,,37.019,0,1:31.327,0,1:49.592,0,206.2,1:16:14.159,23:16:14.159,0:37.019,1:31.327,1:49.592,289.3,Giancarlo FISICHELLA,,LMGTE Am,,Iron Lynx,Ferrari,GF,37.019,91.327,109.592,
80,2,8,3:57.287,0,,37.080,0,1:31.424,0,1:48.783,0,206.7,1:20:11.446,23:20:11.446,0:37.080,1:31.424,1:48.783,290.8,Giancarlo FISICHELLA,,LMGTE Am,,Iron Lynx,Ferrari,GF,37.080,91.424,108.783,
80,2,9,3:55.899,2,,37.018,0,1:31.189,2,1:47.692,2,207.9,1:24:07.345,23:24:07.345,0:37.018,1:31.189,1:47.692,290.0,Giancarlo FISICHELLA,,LMGTE Am,,Iron Lynx,Ferrari,GF,37.018,91.189,107.692,
80,2,10,4:04.211,0,B,36.997,2,1:31.221,0,1:55.993,0,200.9,1:28:11.556,23:28:11.556,0:36.997,1:31.221,1:55.993,290.0,Giancarlo FISICHELLA,,LMGTE Am,,Iron Lynx,Ferrari,GF,36.997,91.221,115.993,
80,2,11,4:56.485,0,,1:34.165,0,1:32.828,0,1:49.492,0,165.5,1:33:08.041,23:33:08.041,1:34.165,1:32.828,1:49.492,286.9,Giancarlo FISICHELLA,0:01:07.035,LMGTE Am,,Iron Lynx,Ferrari,GF,94.165,92.828,109.492,
80,2,12,3:56.754,0,,37.608,0,1:31.343,0,1:47.803,0,207.2,1:37:04.795,23:37:04.795,0:37.608,1:31.343,1:47.803,287.7,Giancarlo FISICHELLA,,LMGTE Am,,Iron Lynx,Ferrari,GF,37.608,91.343,107.803,
80,2,13,4:02.789,0,B,37.211,0,1:31.429,0,1:54.149,0,202.0,1:41:07.584,23:41:07.584,0:37.211,1:31.429,1:54.149,288.5,Giancarlo FISICHELLA,,LMGTE Am,,Iron Lynx,Ferrari,GF,37.211,91.429,114.149,
80,3,14,5:55.437,0,,2:29.007,0,1:33.139,0,1:53.291,0,138.0,1:47:03.021,23:47:03.021,2:29.007,1:33.139,1:53.291,289.3,Richard HEISTAND,0:01:59.450,LMGTE Am,,Iron Lynx,Ferrari,GF,149.007,93.139,113.291,
80,3,15,3:59.057,0,,37.580,0,1:32.119,0,1:49.358,0,205.2,1:51:02.078,23:51:02.078,0:37.580,1:32.119,1:49.358,289.3,Richard HEISTAND,,LMGTE Am,,Iron Lynx,Ferrari,GF,37.580,92.119,109.358,
80,3,16,3:59.734,0,,37.328,1,1:32.090,1,1:50.316,0,204.6,1:55:01.812,23:55:01.812,0:37.328,1:32.090,1:50.316,286.9,Richard HEISTAND,,LMGTE Am,,Iron Lynx,Ferrari,GF,37.328,92.090,110.316,
80,3,17,4:27.672,0,,1:05.205,0,1:32.376,0,1:50.091,0,183.3,1:59:29.484,23:59:29.484,1:05.205,1:32.376,1:50.091,288.5,Richard HEISTAND,,LMGTE Am,,Iron Lynx,Ferrari,GF,65.205,92.376,110.091,
80,3,18,3:58.718,0,,37.580,0,1:32.110,0,1:49.028,1,205.5,2:03:28.202,00:03:28.202,0:37.580,1:32.110,1:49.028,289.3,Richard HEISTAND,,LMGTE Am,,Iron Lynx,Ferrari,FF,37.580,92.110,109.028,
83,1,1,10:58.452,0,,7:48.584,0,1:25.645,0,1:44.223,0,73.7,10:58.452,22:10:58.452,7:48.584,1:25.645,1:44.223,315.4,François PERRODO,0:07:14.758,LMP2,P/A,AF Corse,Oreca,GF,468.584,85.645,104.223,
83,1,2,3:46.093,0,,36.653,0,1:26.665,0,1:42.775,0,217.0,14:44.545,22:14:44.545,0:36.653,1:26.665,1:42.775,315.4,François PERRODO,,LMP2,P/A,AF Corse,Oreca,GF,36.653,86.665,102.775,
83,1,3,3:41.277,0,,35.161,0,1:24.817,0,1:41.299,0,221.7,18:25.822,22:18:25.822,0:35.161,1:24.817,1:41.299,307.3,François PERRODO,,LMP2,P/A,AF Corse,Oreca,GF,35.161,84.817,101.299,
83,1,4,3:41.156,0,,34.704,1,1:24.791,0,1:41.661,0,221.8,22:06.978,22:22:06.978,0:34.704,1:24.791,1:41.661,321.0,François PERRODO,,LMP2,P/A,AF Corse,Oreca,GF,34.704,84.791,101.661,
83,1,5,3:43.550,0,,36.502,0,1:26.137,0,1:40.911,1,219.4,25:50.528,22:25:50.528,0:36.502,1:26.137,1:40.911,306.5,François PERRODO,,LMP2,P/A,AF Corse,Oreca,GF,36.502,86.137,100.911,
83,1,6,3:40.516,0,,34.753,0,1:24.247,1,1:41.516,0,222.4,29:31.044,22:29:31.044,0:34.753,1:24.247,1:41.516,318.2,François PERRODO,,LMP2,P/A,AF Corse,Oreca,GF,34.753,84.247,101.516,
83,1,7,3:44.332,0,,37.020,0,1:25.638,0,1:41.674,0,218.7,33:15.376,22:33:15.376,0:37.020,1:25.638,1:41.674,303.9,François PERRODO,,LMP2,P/A,AF Corse,Oreca,GF,37.020,85.638,101.674,
83,1,8,3:42.748,0,,34.874,0,1:24.371,0,1:43.503,0,220.2,36:58.124,22:36:58.124,0:34.874,1:24.371,1:43.503,319.1,François PERRODO,,LMP2,P/A,AF Corse,Oreca,GF,34.874,84.371,103.503,
83,1,9,3:49.170,0,B,35.417,0,1:25.082,0,1:48.671,0,214.0,40:47.294,22:40:47.294,0:35.417,1:25.082,1:48.671,301.3,François PERRODO,,LMP2,P/A,AF Corse,Oreca,GF,35.417,85.082,108.671,
83,2,10,5:40.152,0,,2:36.291,0,1:24.255,0,1:39.606,0,144.2,46:27.446,22:46:27.446,2:36.291,1:24.255,1:39.606,317.2,Nicklas NIELSEN,0:02:11.924,LMP2,P/A,AF Corse,Oreca,GF,156.291,84.255,99.606,
83,2,11,3:36.914,0,,34.638,0,1:23.665,0,1:38.611,0,226.1,50:04.360,22:50:04.360,0:34.638,1:23.665,1:38.611,318.2,Nicklas NIELSEN,,LMP2,P/A,AF Corse,Oreca,GF,34.638,83.665,98.611,
83,2,12,3:37.535,0,,34.276,0,1:23.483,0,1:39.776,0,225.5,53:41.895,22:53:41.895,0:34.276,1:23.483,1:39.776,320.1,Nicklas NIELSEN,,LMP2,P/A,AF Corse,Oreca,GF,34.276,83.483,99.776,
83,2,13,3:35.108,0,,34.020,0,1:23.216,0,1:37.872,0,228.0,57:17.003,22:57:17.003,0:34.020,1:23.216,1:37.872,309.1,Nicklas NIELSEN,,LMP2,P/A,AF Corse,Oreca,GF,34.020,83.216,97.872,
83,2,14,3:37.227,0,,33.931,0,1:22.894,0,1:40.402,0,225.8,1:00:54.230,23:00:54.230,0:33.931,1:22.894,1:40.402,322.0,Nicklas NIELSEN,,LMP2,P/A,AF Corse,Oreca,GF,33.931,82.894,100.402,
83,2,15,4:36.164,0,,34.978,0,2:07.300,0,1:53.886,0,177.6,1:05:30.394,23:05:30.394,0:34.978,2:07.300,1:53.886,315.4,Nicklas NIELSEN,,LMP2,P/A,AF Corse,Oreca,GF,34.978,127.300,113.886,
83,2,16,3:34.080,2,,33.993,0,1:22.709,0,1:37.378,2,229.1,1:09:04.474,23:09:04.474,0:33.993,1:22.709,1:37.378,322.9,Nicklas NIELSEN,,LMP2,P/A,AF Corse,Oreca,GF,33.993,82.709,97.378,
83,2,17,3:36.207,0,,33.938,0,1:22.928,0,1:39.341,0,226.9,1:12:40.681,23:12:40.681,0:33.938,1:22.928,1:39.341,319.1,Nicklas NIELSEN,,LMP2,P/A,AF Corse,Oreca,GF,33.938,82.928,99.341,
83,2,18,3:40.663,0,B,33.739,2,1:22.654,2,1:44.270,0,222.3,1:16:21.344,23:16:21.344,0:33.739,1:22.654,1:44.270,321.0,Nicklas NIELSEN,,LMP2,P/A,AF Corse,Oreca,GF,33.739,82.654,104.270,
83,3,19,8:19.720,0,,5:12.026,0,1:24.720,0,1:42.974,0,98.2,1:24:41.064,23:24:41.064,5:12.026,1:24.720,1:42.974,317.2,Alessio ROVERA,0:04:48.088,LMP2,P/A,AF Corse,Oreca,GF,312.026,84.720,102.974,
83,3,20,3:36.071,0,,34.081,0,1:23.270,0,1:38.720,0,227.0,1:28:17.135,23:28:17.135,0:34.081,1:23.270,1:38.720,321.0,Alessio ROVERA,,LMP2,P/A,AF Corse,Oreca,GF,34.081,83.270,98.720,
83,3,21,3:36.679,0,,33.960,0,1:22.706,0,1:40.013,0,226.4,1:31:53.814,23:31:53.814,0:33.960,1:22.706,1:40.013,321.0,Alessio ROVERA,,LMP2,P/A,AF Corse,Oreca,GF,33.960,82.706,100.013,
83,3,22,3:36.860,0,,34.126,0,1:22.941,0,1:39.793,0,226.2,1:35:30.674,23:35:30.674,0:34.126,1:22.941,1:39.793,319.1,Alessio ROVERA,,LMP2,P/A,AF Corse,Oreca,GF,34.126,82.941,99.793,
83,3,23,3:34.565,0,,33.940,0,1:22.724,0,1:37.901,1,228.6,1:39:05.239,23:39:05.239,0:33.940,1:22.724,1:37.901,319.1,Alessio ROVERA,,LMP2,P/A,AF Corse,Oreca,GF,33.940,82.724,97.901,
83,3,24,3:43.441,0,B,34.291,0,1:22.802,0,1:46.348,0,219.5,1:42:48.680,23:42:48.680,0:34.291,1:22.802,1:46.348,320.1,Alessio ROVERA,,LMP2,P/A,AF Corse,Oreca,GF,34.291,82.802,106.348,
83,3,25,5:01.392,0,,1:55.861,0,1:25.843,0,1:39.688,0,162.8,1:47:50.072,23:47:50.072,1:55.861,1:25.843,1:39.688,308.2,Alessio ROVERA,0:01:29.386,LMP2,P/A,AF Corse,Oreca,GF,115.861,85.843,99.688,
83,3,26,3:34.731,0,,33.870,0,1:22.682,0,1:38.179,0,228.4,1:51:24.803,23:51:24.803,0:33.870,1:22.682,1:38.179,319.1,Alessio ROVERA,,LMP2,P/A,AF Corse,Oreca,GF,33.870,82.682,98.179,
83,3,27,3:44.081,0,,34.023,0,1:25.190,0,1:44.868,0,218.9,1:55:08.884,23:55:08.884,0:34.023,1:25.190,1:44.868,322.0,Alessio ROVERA,,LMP2,P/A,AF Corse,Oreca,GF,34.023,85.190,104.868,
83,3,28,4:07.442,0,,1:03.425,0,1:23.396,0,1:40.621,0,198.2,1:59:16.326,23:59:16.326,1:03.425,1:23.396,1:40.621,314.5,Alessio ROVERA,,LMP2,P/A,AF Corse,Oreca,GF,63.425,83.396,100.621,
83,3,29,3:42.887,0,B,33.858,1,1:22.675,1,1:46.354,0,220.1,2:02:59.213,00:02:59.213,0:33.858,1:22.675,1:46.354,323.9,Alessio ROVERA,,LMP2,P/A,AF Corse,Oreca,FF,33.858,82.675,106.354,
85,2,1,21:09.279,0,,17:45.925,0,1:33.329,0,1:50.025,0,38.2,21:09.279,22:21:09.279,17:45.925,1:33.329,1:50.025,287.7,Michelle GATTING,0:17:09.027,LMGTE Am,,Iron Dames,Ferrari,GF,1065.925,93.329,110.025,
85,2,2,3:56.399,0,,37.233,0,1:31.251,0,1:47.915,2,207.5,25:05.678,22:25:05.678,0:37.233,1:31.251,1:47.915,291.6,Michelle GATTING,,LMGTE Am,,Iron Dames,Ferrari,GF,37.233,91.251,107.915,
85,2,3,3:59.061,0,,37.252,0,1:31.781,0,1:50.028,0,205.2,29:04.739,22:29:04.739,0:37.252,1:31.781,1:50.028,285.4,Michelle GATTING,,LMGTE Am,,Iron Dames,Ferrari,GF,37.252,91.781,110.028,
85,2,4,3:58.353,0,,37.097,0,1:31.261,0,1:49.995,0,205.8,33:03.092,22:33:03.092,0:37.097,1:31.261,1:49.995,288.5,Michelle GATTING,,LMGTE Am,,Iron Dames,Ferrari,GF,37.097,91.261,109.995,
85,2,5,3:59.023,0,,37.232,0,1:31.870,0,1:49.921,0,205.2,37:02.115,22:37:02.115,0:37.232,1:31.870,1:49.921,289.3,Michelle GATTING,,LMGTE Am,,Iron Dames,Ferrari,GF,37.232,91.870,109.921,
85,2,6,3:57.381,0,,37.676,0,1:31.347,0,1:48.358,0,206.6,40:59.496,22:40:59.496,0:37.676,1:31.347,1:48.358,289.3,Michelle GATTING,,LMGTE Am,,Iron Dames,Ferrari,GF,37.676,91.347,108.358,
85,2,7,3:58.530,0,,38.487,0,1:31.600,0,1:48.443,0,205.6,44:58.026,22:44:58.026,0:38.487,1:31.600,1:48.443,290.0,Michelle GATTING,,LMGTE Am,,Iron Dames,Ferrari,GF,38.487,91.600,108.443,
85,2,8,3:56.303,2,,37.085,2,1:30.882,2,1:48.336,0,207.6,48:54.329,22:48:54.329,0:37.085,1:30.882,1:48.336,290.0,Michelle GATTING,,LMGTE Am,,Iron Dames,Ferrari,GF,37.085,90.882,108.336,
85,2,9,4:03.549,0,B,37.684,0,1:31.088,0,1:54.777,0,201.4,52:57.878,22:52:57.878,0:37.684,1:31.088,1:54.777,287.7,Michelle GATTING,,LMGTE Am,,Iron Dames,Ferrari,GF,37.684,91.088,114.777,
85,3,10,5:19.042,0,,1:53.707,0,1:35.124,0,1:50.211,0,153.8,58:16.920,22:58:16.920,1:53.707,1:35.124,1:50.211,281.7,Sarah BOVY,0:01:26.254,LMGTE Am,,Iron Dames,Ferrari,GF,113.707,95.124,110.211,
85,3,11,3:59.823,0,,37.988,0,1:32.050,0,1:49.785,0,204.5,1:02:16.743,23:02:16.743,0:37.988,1:32.050,1:49.785,288.5,Sarah BOVY,,LMGTE Am,,Iron Dames,Ferrari,GF,37.988,92.050,109.785,
85,3,12,4:49.736,0,,38.022,0,2:13.586,0,1:58.128,0,169.3,1:07:06.479,23:07:06.479,0:38.022,2:13.586,1:58.128,288.5,Sarah BOVY,,LMGTE Am,,Iron Dames,Ferrari,GF,38.022,133.586,118.128,
85,3,13,4:01.430,0,,38.142,0,1:32.256,0,1:51.032,0,203.2,1:11:07.909,23:11:07.909,0:38.142,1:32.256,1:51.032,290.0,Sarah BOVY,,LMGTE Am,,Iron Dames,Ferrari,GF,38.142,92.256,111.032,
85,3,14,4:08.351,0,,39.568,0,1:37.095,0,1:51.688,0,197.5,1:15:16.260,23:15:16.260,0:39.568,1:37.095,1:51.688,290.8,Sarah BOVY,,LMGTE Am,,Iron Dames,Ferrari,GF,39.568,97.095,111.688,
85,3,15,4:00.818,0,,37.897,0,1:32.566,0,1:50.355,0,203.7,1:19:17.078,23:19:17.078,0:37.897,1:32.566,1:50.355,287.7,Sarah BOVY,,LMGTE Am,,Iron Dames,Ferrari,GF,37.897,92.566,110.355,
85,3,16,3:59.999,0,,37.774,0,1:32.461,0,1:49.764,1,204.4,1:23:17.077,23:23:17.077,0:37.774,1:32.461,1:49.764,288.5,Sarah BOVY,,LMGTE Am,,Iron Dames,Ferrari,GF,37.774,92.461,109.764,
85,3,17,4:01.956,0,,37.596,0,1:32.286,0,1:52.074,0,202.7,1:27:19.033,23:27:19.033,0:37.596,1:32.286,1:52.074,288.5,Sarah BOVY,,LMGTE Am,,Iron Dames,Ferrari,GF,37.596,92.286,112.074,
85,3,18,4:00.217,0,,38.006,0,1:32.236,0,1:49.975,0,204.2,1:31:19.250,23:31:19.250,0:38.006,1:32.236,1:49.975,290.0,Sarah BOVY,,LMGTE Am,,Iron Dames,Ferrari,GF,38.006,92.236,109.975,
85,3,19,4:05.538,0,B,37.521,1,1:31.928,1,1:56.089,0,199.8,1:35:24.788,23:35:24.788,0:37.521,1:31.928,1:56.089,287.7,Sarah BOVY,,LMGTE Am,,Iron Dames,Ferrari,GF,37.521,91.928,116.089,
85,1,20,5:17.821,0,,1:52.857,0,1:33.413,0,1:51.551,0,154.3,1:40:42.609,23:40:42.609,1:52.857,1:33.413,1:51.551,285.4,Rahel FREY,0:01:24.542,LMGTE Am,,Iron Dames,Ferrari,GF,112.857,93.413,111.551,
85,1,21,4:00.146,0,,37.980,0,1:31.973,0,1:50.193,0,204.3,1:44:42.755,23:44:42.755,0:37.980,1:31.973,1:50.193,286.9,Rahel FREY,,LMGTE Am,,Iron Dames,Ferrari,GF,37.980,91.973,110.193,
85,1,22,3:59.138,0,,37.707,1,1:31.871,0,1:49.560,1,205.1,1:48:41.893,23:48:41.893,0:37.707,1:31.871,1:49.560,288.5,Rahel FREY,,LMGTE Am,,Iron Dames,Ferrari,GF,37.707,91.871,109.560,
85,1,23,3:59.521,0,,37.864,0,1:31.832,0,1:49.825,0,204.8,1:52:41.414,23:52:41.414,0:37.864,1:31.832,1:49.825,289.3,Rahel FREY,,LMGTE Am,,Iron Dames,Ferrari,GF,37.864,91.832,109.825,
85,1,24,4:09.569,0,,43.828,0,1:32.799,0,1:52.942,0,196.6,1:56:50.983,23:56:50.983,0:43.828,1:32.799,1:52.942,285.4,Rahel FREY,,LMGTE Am,,Iron Dames,Ferrari,GF,43.828,92.799,112.942,
85,1,25,4:00.670,0,,37.779,0,1:31.781,1,1:51.110,0,203.8,2:00:51.653,00:00:51.653,0:37.779,1:31.781,1:51.110,287.7,Rahel FREY,,LMGTE Am,,Iron Dames,Ferrari,FF,37.779,91.781,111.110,
86,1,1,4:29.644,0,,59.836,0,1:35.281,0,1:54.527,0,180.0,4:29.644,22:04:29.644,0:59.836,1:35.281,1:54.527,289.3,Michael WAINWRIGHT,0:00:20.633,LMGTE Am,,GR Racing,Porsche,GF,59.836,95.281,114.527,
86,1,2,4:01.377,0,,38.240,0,1:32.322,1,1:50.815,1,203.2,8:31.021,22:08:31.021,0:38.240,1:32.322,1:50.815,295.6,Michael WAINWRIGHT,,LMGTE Am,,GR Racing,Porsche,GF,38.240,92.322,110.815,
86,1,3,4:11.118,0,B,37.821,1,1:32.600,0,2:00.697,0,195.3,12:42.139,22:12:42.139,0:37.821,1:32.600,2:00.697,297.2,Michael WAINWRIGHT,,LMGTE Am,,GR Racing,Porsche,GF,37.821,92.600,120.697,
86,2,4,5:56.148,0,,2:34.695,0,1:31.465,0,1:49.988,0,137.7,18:38.287,22:18:38.287,2:34.695,1:31.465,1:49.988,294.0,Riccardo PERA,0:02:09.074,LMGTE Am,,GR Racing,Porsche,GF,154.695,91.465,109.988,
86,2,5,3:55.757,0,,37.026,1,1:30.757,0,1:47.974,1,208.1,22:34.044,22:22:34.044,0:37.026,1:30.757,1:47.974,293.2,Riccardo PERA,,LMGTE Am,,GR Racing,Porsche,GF,37.026,90.757,107.974,
86,2,6,4:01.364,0,B,37.036,0,1:30.595,2,1:53.733,0,203.2,26:35.408,22:26:35.408,0:37.036,1:30.595,1:53.733,294.0,Riccardo PERA,,LMGTE Am,,GR Racing,Porsche,GF,37.036,90.595,113.733,
86,3,7,5:42.486,0,,2:20.888,0,1:32.904,0,1:48.694,0,143.2,32:17.894,22:32:17.894,2:20.888,1:32.904,1:48.694,291.6,Benjamin BARKER,0:01:54.923,LMGTE Am,,GR Racing,Porsche,GF,140.888,92.904,108.694,
86,3,8,3:55.626,2,,37.108,0,1:31.041,0,1:47.477,2,208.2,36:13.520,22:36:13.520,0:37.108,1:31.041,1:47.477,290.8,Benjamin BARKER,,LMGTE Am,,GR Racing,Porsche,GF,37.108,91.041,107.477,
86,3,9,4:01.975,0,B,36.999,2,1:30.773,1,1:54.203,0,202.7,40:15.495,22:40:15.495,0:36.999,1:30.773,1:54.203,291.6,Benjamin BARKER,,LMGTE Am,,GR Racing,Porsche,GF,36.999,90.773,114.203,
86,2,10,5:44.836,0,B,2:16.916,0,1:31.571,0,1:56.349,0,142.3,46:00.331,22:46:00.331,2:16.916,1:31.571,1:56.349,293.2,Riccardo PERA,0:01:49.933,LMGTE Am,,GR Racing,Porsche,GF,136.916,91.571,116.349,
86,3,11,4:59.661,0,B,1:34.543,0,1:31.050,0,1:54.068,0,163.7,50:59.992,22:50:59.992,1:34.543,1:31.050,1:54.068,291.6,Benjamin BARKER,0:01:09.004,LMGTE Am,,GR Racing,Porsche,GF,94.543,91.050,114.068,
88,3,1,5:54.377,0,,2:23.052,0,1:32.827,0,1:58.498,0,136.9,5:54.377,22:05:54.377,2:23.052,1:32.827,1:58.498,291.6,Jan HEYLEN,0:01:45.819,LMGTE Am,,Dempsey - Proton Racing,Porsche,GF,143.052,92.827,118.498,
88,3,2,3:57.279,0,,36.661,2,1:30.998,0,1:49.620,0,206.7,9:51.656,22:09:51.656,0:36.661,1:30.998,1:49.620,296.4,Jan HEYLEN,,LMGTE Am,,Dempsey - Proton Racing,Porsche,GF,36.661,90.998,109.620,
88,3,3,3:56.911,0,,36.730,0,1:30.323,0,1:49.858,0,207.1,13:48.567,22:13:48.567,0:36.730,1:30.323,1:49.858,294.8,Jan HEYLEN,,LMGTE Am,,Dempsey - Proton Racing,Porsche,GF,36.730,90.323,109.858,
88,3,4,3:55.383,0,,36.831,0,1:30.980,0,1:47.572,0,208.4,17:43.950,22:17:43.950,0:36.831,1:30.980,1:47.572,276.0,Jan HEYLEN,,LMGTE Am,,Dempsey - Proton Racing,Porsche,GF,36.831,90.980,107.572,
88,3,5,3:56.065,0,,37.800,0,1:30.187,2,1:48.078,0,207.8,21:40.015,22:21:40.015,0:37.800,1:30.187,1:48.078,295.6,Jan HEYLEN,,LMGTE Am,,Dempsey - Proton Racing,Porsche,GF,37.800,90.187,108.078,
88,3,6,4:01.777,0,B,37.051,0,1:30.378,0,1:54.348,0,202.9,25:41.792,22:25:41.792,0:37.051,1:30.378,1:54.348,294.8,Jan HEYLEN,,LMGTE Am,,Dempsey - Proton Racing,Porsche,GF,37.051,90.378,114.348,
88,3,7,5:51.881,0,,2:31.802,0,1:31.658,0,1:48.421,0,139.4,31:33.673,22:31:33.673,2:31.802,1:31.658,1:48.421,294.0,Jan HEYLEN,0:02:06.073,LMGTE Am,,Dempsey - Proton Racing,Porsche,GF,151.802,91.658,108.421,
88,3,8,3:59.008,0,,36.790,0,1:31.155,0,1:51.063,0,205.2,35:32.681,22:35:32.681,0:36.790,1:31.155,1:51.063,266.5,Jan HEYLEN,,LMGTE Am,,Dempsey - Proton Racing,Porsche,GF,36.790,91.155,111.063,
88,3,9,3:55.265,2,,37.376,0,1:30.733,0,1:47.156,2,208.5,39:27.946,22:39:27.946,0:37.376,1:30.733,1:47.156,292.4,Jan HEYLEN,,LMGTE Am,,Dempsey - Proton Racing,Porsche,GF,37.376,90.733,107.156,
88,3,10,3:58.156,0,,36.895,0,1:31.336,0,1:49.925,0,206.0,43:26.102,22:43:26.102,0:36.895,1:31.336,1:49.925,291.6,Jan HEYLEN,,LMGTE Am,,Dempsey - Proton Racing,Porsche,GF,36.895,91.336,109.925,
88,3,11,3:55.726,0,,36.938,0,1:31.381,0,1:47.407,0,208.1,47:21.828,22:47:21.828,0:36.938,1:31.381,1:47.407,291.6,Jan HEYLEN,,LMGTE Am,,Dempsey - Proton Racing,Porsche,GF,36.938,91.381,107.407,
88,3,12,4:02.243,0,B,36.863,0,1:31.571,0,1:53.809,0,202.5,51:24.071,22:51:24.071,0:36.863,1:31.571,1:53.809,293.2,Jan HEYLEN,,LMGTE Am,,Dempsey - Proton Racing,Porsche,GF,36.863,91.571,113.809,
88,2,13,5:09.568,0,,1:46.104,0,1:32.901,0,1:50.563,0,158.5,56:33.639,22:56:33.639,1:46.104,1:32.901,1:50.563,290.8,Maxwell ROOT,0:01:16.642,LMGTE Am,,Dempsey - Proton Racing,Porsche,GF,106.104,92.901,110.563,
88,2,14,3:58.767,0,,37.670,0,1:32.088,0,1:49.009,0,205.4,1:00:32.406,23:00:32.406,0:37.670,1:32.088,1:49.009,294.0,Maxwell ROOT,,LMGTE Am,,Dempsey - Proton Racing,Porsche,GF,37.670,92.088,109.009,
88,2,15,4:49.203,0,,37.266,0,2:14.973,0,1:56.964,0,169.6,1:05:21.609,23:05:21.609,0:37.266,2:14.973,1:56.964,294.8,Maxwell ROOT,,LMGTE Am,,Dempsey - Proton Racing,Porsche,GF,37.266,134.973,116.964,
88,2,16,3:59.368,0,,37.418,0,1:31.717,0,1:50.233,0,204.9,1:09:20.977,23:09:20.977,0:37.418,1:31.717,1:50.233,294.0,Maxwell ROOT,,LMGTE Am,,Dempsey - Proton Racing,Porsche,GF,37.418,91.717,110.233,
88,2,17,3:56.841,0,,37.340,0,1:31.137,0,1:48.364,0,207.1,1:13:17.818,23:13:17.818,0:37.340,1:31.137,1:48.364,294.0,Maxwell ROOT,,LMGTE Am,,Dempsey - Proton Racing,Porsche,GF,37.340,91.137,108.364,
88,2,18,4:07.097,0,B,38.023,0,1:32.673,0,1:56.401,0,198.5,1:17:24.915,23:17:24.915,0:38.023,1:32.673,1:56.401,280.3,Maxwell ROOT,,LMGTE Am,,Dempsey - Proton Racing,Porsche,GF,38.023,92.673,116.401,
88,2,19,5:32.788,0,,2:11.481,0,1:32.064,0,1:49.243,0,147.4,1:22:57.703,23:22:57.703,2:11.481,1:32.064,1:49.243,291.6,Maxwell ROOT,0:01:44.727,LMGTE Am,,Dempsey - Proton Racing,Porsche,GF,131.481,92.064,109.243,
88,2,20,3:56.899,0,,37.118,0,1:31.185,0,1:48.596,0,207.1,1:26:54.602,23:26:54.602,0:37.118,1:31.185,1:48.596,293.2,Maxwell ROOT,,LMGTE Am,,Dempsey - Proton Racing,Porsche,GF,37.118,91.185,108.596,
88,2,21,3:56.891,0,,37.161,0,1:31.455,0,1:48.275,1,207.1,1:30:51.493,23:30:51.493,0:37.161,1:31.455,1:48.275,294.8,Maxwell ROOT,,LMGTE Am,,Dempsey - Proton Racing,Porsche,GF,37.161,91.455,108.275,
88,2,22,3:56.718,0,,37.181,0,1:30.703,0,1:48.834,0,207.2,1:34:48.211,23:34:48.211,0:37.181,1:30.703,1:48.834,294.8,Maxwell ROOT,,LMGTE Am,,Dempsey - Proton Racing,Porsche,GF,37.181,90.703,108.834,
88,2,23,3:56.806,0,,37.026,1,1:30.480,1,1:49.300,0,207.1,1:38:45.017,23:38:45.017,0:37.026,1:30.480,1:49.300,295.6,Maxwell ROOT,,LMGTE Am,,Dempsey - Proton Racing,Porsche,GF,37.026,90.480,109.300,
88,2,24,3:58.571,0,,37.477,0,1:31.519,0,1:49.575,0,205.6,1:42:43.588,23:42:43.588,0:37.477,1:31.519,1:49.575,293.2,Maxwell ROOT,,LMGTE Am,,Dempsey - Proton Racing,Porsche,GF,37.477,91.519,109.575,
88,2,25,4:03.439,0,B,37.386,0,1:30.941,0,1:55.112,0,201.5,1:46:47.027,23:46:47.027,0:37.386,1:30.941,1:55.112,294.8,Maxwell ROOT,,LMGTE Am,,Dempsey - Proton Racing,Porsche,GF,37.386,90.941,115.112,
88,2,26,5:00.350,0,B,1:26.706,0,1:34.061,0,1:59.583,0,163.3,1:51:47.377,23:51:47.377,1:26.706,1:34.061,1:59.583,287.7,Maxwell ROOT,0:00:57.020,LMGTE Am,,Dempsey - Proton Racing,Porsche,GF,86.706,94.061,119.583,
88,2,27,5:28.687,0,B,1:56.228,0,1:34.067,0,1:58.392,0,149.2,1:57:16.064,23:57:16.064,1:56.228,1:34.067,1:58.392,282.5,Maxwell ROOT,0:01:14.992,LMGTE Am,,Dempsey - Proton Racing,Porsche,GF,116.228,94.067,118.392,
9,2,1,13:53.604,0,,10:06.998,0,1:24.664,0,2:21.942,0,58.2,13:53.604,22:13:53.604,10:06.998,1:24.664,2:21.942,322.0,Louis DELETRAZ,0:09:32.331,LMP2,,Prema Orlen Team,Oreca,GF,606.998,84.664,141.942,
9,2,2,3:36.806,0,,34.042,0,1:23.740,0,1:39.024,0,226.3,17:30.410,22:17:30.410,0:34.042,1:23.740,1:39.024,320.1,Louis DELETRAZ,,LMP2,,Prema Orlen Team,Oreca,GF,34.042,83.740,99.024,
9,2,3,3:37.650,0,,33.931,0,1:24.082,0,1:39.637,0,225.4,21:08.060,22:21:08.060,0:33.931,1:24.082,1:39.637,296.4,Louis DELETRAZ,,LMP2,,Prema Orlen Team,Oreca,GF,33.931,84.082,99.637,
9,2,4,3:35.597,0,,33.968,0,1:23.255,1,1:38.374,1,227.5,24:43.657,22:24:43.657,0:33.968,1:23.255,1:38.374,319.1,Louis DELETRAZ,,LMP2,,Prema Orlen Team,Oreca,GF,33.968,83.255,98.374,
9,2,5,3:42.454,0,B,33.788,1,1:23.474,0,1:45.192,0,220.5,28:26.111,22:28:26.111,0:33.788,1:23.474,1:45.192,310.0,Louis DELETRAZ,,LMP2,,Prema Orlen Team,Oreca,GF,33.788,83.474,105.192,
9,3,6,5:27.042,0,,2:19.768,0,1:23.663,0,1:43.611,0,150.0,33:53.153,22:33:53.153,2:19.768,1:23.663,1:43.611,316.3,Lorenzo COLOMBO,0:01:56.139,LMP2,,Prema Orlen Team,Oreca,GF,139.768,83.663,103.611,
9,3,7,3:36.816,0,,34.684,0,1:23.778,0,1:38.354,1,226.2,37:29.969,22:37:29.969,0:34.684,1:23.778,1:38.354,323.9,Lorenzo COLOMBO,,LMP2,,Prema Orlen Team,Oreca,GF,34.684,83.778,98.354,
9,3,8,3:36.918,0,,34.127,0,1:24.365,0,1:38.426,0,226.1,41:06.887,22:41:06.887,0:34.127,1:24.365,1:38.426,320.1,Lorenzo COLOMBO,,LMP2,,Prema Orlen Team,Oreca,GF,34.127,84.365,98.426,
9,3,9,3:42.456,0,B,33.862,1,1:22.597,1,1:45.997,0,220.5,44:49.343,22:44:49.343,0:33.862,1:22.597,1:45.997,321.0,Lorenzo COLOMBO,,LMP2,,Prema Orlen Team,Oreca,GF,33.862,82.597,105.997,
9,3,10,14:00.001,0,,10:53.538,0,1:24.221,0,1:42.242,0,58.4,58:49.344,22:58:49.344,10:53.538,1:24.221,1:42.242,312.7,Lorenzo COLOMBO,0:10:29.771,LMP2,,Prema Orlen Team,Oreca,GF,653.538,84.221,102.242,
9,3,11,3:38.349,0,,34.164,0,1:23.615,0,1:40.570,0,224.7,1:02:27.693,23:02:27.693,0:34.164,1:23.615,1:40.570,319.1,Lorenzo COLOMBO,,LMP2,,Prema Orlen Team,Oreca,GF,34.164,83.615,100.570,
9,3,12,4:32.663,0,B,34.695,0,2:06.521,0,1:51.447,0,179.9,1:07:00.356,23:07:00.356,0:34.695,2:06.521,1:51.447,321.0,Lorenzo COLOMBO,,LMP2,,Prema Orlen Team,Oreca,GF,34.695,126.521,111.447,
9,1,13,5:09.298,0,,2:00.809,0,1:24.968,0,1:43.521,0,158.6,1:12:09.654,23:12:09.654,2:00.809,1:24.968,1:43.521,310.0,Robert KUBICA,0:01:36.343,LMP2,,Prema Orlen Team,Oreca,GF,120.809,84.968,103.521,
9,1,14,3:38.489,0,,34.648,0,1:23.187,0,1:40.654,0,224.5,1:15:48.143,23:15:48.143,0:34.648,1:23.187,1:40.654,320.1,Robert KUBICA,,LMP2,,Prema Orlen Team,Oreca,GF,34.648,83.187,100.654,
9,1,15,3:38.677,0,,34.954,0,1:23.998,0,1:39.725,0,224.3,1:19:26.820,23:19:26.820,0:34.954,1:23.998,1:39.725,322.0,Robert KUBICA,,LMP2,,Prema Orlen Team,Oreca,GF,34.954,83.998,99.725,
9,1,16,3:45.218,0,B,34.282,0,1:23.545,0,1:47.391,0,217.8,1:23:12.038,23:23:12.038,0:34.282,1:23.545,1:47.391,322.9,Robert KUBICA,,LMP2,,Prema Orlen Team,Oreca,GF,34.282,83.545,107.391,
9,1,17,11:34.065,0,,8:29.059,0,1:23.311,0,1:41.695,0,70.7,1:34:46.103,23:34:46.103,8:29.059,1:23.311,1:41.695,318.2,Robert KUBICA,0:08:04.209,LMP2,,Prema Orlen Team,Oreca,GF,509.059,83.311,101.695,
9,1,18,3:36.006,0,,34.101,0,1:22.321,0,1:39.584,0,227.1,1:38:22.109,23:38:22.109,0:34.101,1:22.321,1:39.584,320.1,Robert KUBICA,,LMP2,,Prema Orlen Team,Oreca,GF,34.101,82.321,99.584,
9,1,19,3:35.828,0,,33.761,2,1:22.061,2,1:40.006,0,227.3,1:41:57.937,23:41:57.937,0:33.761,1:22.061,1:40.006,316.3,Robert KUBICA,,LMP2,,Prema Orlen Team,Oreca,GF,33.761,82.061,100.006,
9,1,20,3:33.269,2,,33.835,0,1:22.093,0,1:37.341,0,230.0,1:45:31.206,23:45:31.206,0:33.835,1:22.093,1:37.341,319.1,Robert KUBICA,,LMP2,,Prema Orlen Team,Oreca,GF,33.835,82.093,97.341,
9,1,21,3:42.939,0,B,33.867,0,1:23.657,0,1:45.415,0,220.0,1:49:14.145,23:49:14.145,0:33.867,1:23.657,1:45.415,318.2,Robert KUBICA,,LMP2,,Prema Orlen Team,Oreca,GF,33.867,83.657,105.415,
9,1,22,5:36.483,0,,2:31.213,0,1:24.561,0,1:40.709,0,145.8,1:54:50.628,23:54:50.628,2:31.213,1:24.561,1:40.709,316.3,Robert KUBICA,0:02:07.744,LMP2,,Prema Orlen Team,Oreca,GF,151.213,84.561,100.709,
9,1,23,4:06.075,0,,1:03.590,0,1:23.242,0,1:39.243,0,199.3,1:58:56.703,23:58:56.703,1:03.590,1:23.242,1:39.243,319.1,Robert KUBICA,,LMP2,,Prema Orlen Team,Oreca,GF,63.590,83.242,99.243,
9,1,24,3:35.986,0,,35.737,0,1:22.992,0,1:37.257,2,227.1,2:02:32.689,00:02:32.689,0:35.737,1:22.992,1:37.257,316.3,Robert KUBICA,,LMP2,,Prema Orlen Team,Oreca,FF,35.737,82.992,97.257,
91,1,1,9:18.987,0,,5:59.588,0,1:31.120,0,1:48.279,0,86.8,9:18.987,22:09:18.987,5:59.588,1:31.120,1:48.279,295.6,Gianmaria BRUNI,0:05:23.894,LMGTE Pro,,Porsche GT Team,Porsche,GF,359.588,91.120,108.279,
91,1,2,3:55.623,0,,37.119,0,1:29.723,0,1:48.781,0,208.2,13:14.610,22:13:14.610,0:37.119,1:29.723,1:48.781,298.8,Gianmaria BRUNI,,LMGTE Pro,,Porsche GT Team,Porsche,GF,37.119,89.723,108.781,
91,1,3,3:55.059,0,,36.704,0,1:29.778,0,1:48.577,0,208.7,17:09.669,22:17:09.669,0:36.704,1:29.778,1:48.577,297.2,Gianmaria BRUNI,,LMGTE Pro,,Porsche GT Team,Porsche,GF,36.704,89.778,108.577,
91,1,4,3:55.037,0,,36.649,0,1:29.703,0,1:48.685,0,208.7,21:04.706,22:21:04.706,0:36.649,1:29.703,1:48.685,298.8,Gianmaria BRUNI,,LMGTE Pro,,Porsche GT Team,Porsche,GF,36.649,89.703,108.685,
91,1,5,3:55.077,0,,36.822,0,1:29.898,0,1:48.357,0,208.7,24:59.783,22:24:59.783,0:36.822,1:29.898,1:48.357,297.2,Gianmaria BRUNI,,LMGTE Pro,,Porsche GT Team,Porsche,GF,36.822,89.898,108.357,
91,1,6,3:54.443,0,,36.656,0,1:29.914,0,1:47.873,0,209.2,28:54.226,22:28:54.226,0:36.656,1:29.914,1:47.873,298.0,Gianmaria BRUNI,,LMGTE Pro,,Porsche GT Team,Porsche,GF,36.656,89.914,107.873,
91,1,7,3:59.782,0,B,36.824,0,1:30.033,0,1:52.925,0,204.6,32:54.008,22:32:54.008,0:36.824,1:30.033,1:52.925,297.2,Gianmaria BRUNI,,LMGTE Pro,,Porsche GT Team,Porsche,GF,36.824,90.033,112.925,
91,1,8,5:19.885,0,,2:02.295,0,1:29.725,0,1:47.865,0,153.3,38:13.893,22:38:13.893,2:02.295,1:29.725,1:47.865,296.4,Gianmaria BRUNI,0:01:36.524,LMGTE Pro,,Porsche GT Team,Porsche,GF,122.295,89.725,107.865,
91,1,9,3:53.898,0,,36.728,0,1:29.702,0,1:47.468,0,209.7,42:07.791,22:42:07.791,0:36.728,1:29.702,1:47.468,292.4,Gianmaria BRUNI,,LMGTE Pro,,Porsche GT Team,Porsche,GF,36.728,89.702,107.468,
91,1,10,3:53.123,2,,36.674,0,1:29.480,0,1:46.969,2,210.4,46:00.914,22:46:00.914,0:36.674,1:29.480,1:46.969,298.0,Gianmaria BRUNI,,LMGTE Pro,,Porsche GT Team,Porsche,GF,36.674,89.480,106.969,
91,1,11,3:53.986,0,,36.907,0,1:29.623,0,1:47.456,0,209.6,49:54.900,22:49:54.900,0:36.907,1:29.623,1:47.456,297.2,Gianmaria BRUNI,,LMGTE Pro,,Porsche GT Team,Porsche,GF,36.907,89.623,107.456,
91,1,12,3:54.444,0,,36.606,0,1:29.470,2,1:48.368,0,209.2,53:49.344,22:53:49.344,0:36.606,1:29.470,1:48.368,298.0,Gianmaria BRUNI,,LMGTE Pro,,Porsche GT Team,Porsche,GF,36.606,89.470,108.368,
91,1,13,3:55.385,0,,37.554,0,1:29.890,0,1:47.941,0,208.4,57:44.729,22:57:44.729,0:37.554,1:29.890,1:47.941,298.8,Gianmaria BRUNI,,LMGTE Pro,,Porsche GT Team,Porsche,GF,37.554,89.890,107.941,
91,1,14,3:59.475,0,B,36.510,2,1:29.576,0,1:53.389,0,204.8,1:01:44.204,23:01:44.204,0:36.510,1:29.576,1:53.389,296.4,Gianmaria BRUNI,,LMGTE Pro,,Porsche GT Team,Porsche,GF,36.510,89.576,113.389,
91,1,15,5:56.625,0,B,2:13.788,0,1:44.182,0,1:58.655,0,137.5,1:07:40.829,23:07:40.829,2:13.788,1:44.182,1:58.655,294.0,Gianmaria BRUNI,0:01:47.727,LMGTE Pro,,Porsche GT Team,Porsche,GF,133.788,104.182,118.655,
91,1,16,10:05.602,0,B,6:40.417,0,1:30.948,0,1:54.237,0,81.0,1:17:46.431,23:17:46.431,6:40.417,1:30.948,1:54.237,295.6,Gianmaria BRUNI,0:06:13.650,LMGTE Pro,,Porsche GT Team,Porsche,GF,400.417,90.948,114.237,
91,3,17,5:01.800,0,,1:42.173,0,1:30.320,0,1:49.307,0,162.5,1:22:48.231,23:22:48.231,1:42.173,1:30.320,1:49.307,297.2,Frédéric MAKOWIECKI,0:01:13.975,LMGTE Pro,,Porsche GT Team,Porsche,GF,102.173,90.320,109.307,
91,3,18,4:01.827,0,,36.812,0,1:34.949,0,1:50.066,0,202.8,1:26:50.058,23:26:50.058,0:36.812,1:34.949,1:50.066,240.4,Frédéric MAKOWIECKI,,LMGTE Pro,,Porsche GT Team,Porsche,GF,36.812,94.949,110.066,
91,3,19,3:56.274,0,,37.043,0,1:30.521,0,1:48.710,0,207.6,1:30:46.332,23:30:46.332,0:37.043,1:30.521,1:48.710,294.8,Frédéric MAKOWIECKI,,LMGTE Pro,,Porsche GT Team,Porsche,GF,37.043,90.521,108.710,
91,3,20,3:54.895,0,,36.915,0,1:29.701,0,1:48.279,0,208.8,1:34:41.227,23:34:41.227,0:36.915,1:29.701,1:48.279,296.4,Frédéric MAKOWIECKI,,LMGTE Pro,,Porsche GT Team,Porsche,GF,36.915,89.701,108.279,
91,3,21,3:53.997,0,,36.865,0,1:29.713,0,1:47.419,0,209.6,1:38:35.224,23:38:35.224,0:36.865,1:29.713,1:47.419,296.4,Frédéric MAKOWIECKI,,LMGTE Pro,,Porsche GT Team,Porsche,GF,36.865,89.713,107.419,
91,3,22,3:53.716,0,,36.807,1,1:29.623,0,1:47.286,1,209.9,1:42:28.940,23:42:28.940,0:36.807,1:29.623,1:47.286,297.2,Frédéric MAKOWIECKI,,LMGTE Pro,,Porsche GT Team,Porsche,GF,36.807,89.623,107.286,
91,3,23,3:53.909,0,,36.823,0,1:29.575,1,1:47.511,0,209.7,1:46:22.849,23:46:22.849,0:36.823,1:29.575,1:47.511,298.0,Frédéric MAKOWIECKI,,LMGTE Pro,,Porsche GT Team,Porsche,GF,36.823,89.575,107.511,
91,3,24,4:02.574,0,B,36.879,0,1:30.325,0,1:55.370,0,202.2,1:50:25.423,23:50:25.423,0:36.879,1:30.325,1:55.370,295.6,Frédéric MAKOWIECKI,,LMGTE Pro,,Porsche GT Team,Porsche,GF,36.879,90.325,115.370,
91,2,25,5:07.994,0,,1:43.361,0,1:32.569,0,1:52.064,0,159.3,1:55:33.417,23:55:33.417,1:43.361,1:32.569,1:52.064,294.8,Richard LIETZ,0:01:15.849,LMGTE Pro,,Porsche GT Team,Porsche,GF,103.361,92.569,112.064,
91,2,26,4:25.057,0,,1:05.006,0,1:31.011,0,1:49.040,0,185.1,1:59:58.474,23:59:58.474,1:05.006,1:31.011,1:49.040,295.6,Richard LIETZ,,LMGTE Pro,,Porsche GT Team,Porsche,GF,65.006,91.011,109.040,
91,2,27,3:55.805,0,,37.062,1,1:30.560,1,1:48.183,1,208.0,2:03:54.279,00:03:54.279,0:37.062,1:30.560,1:48.183,294.8,Richard LIETZ,,LMGTE Pro,,Porsche GT Team,Porsche,FF,37.062,90.560,108.183,
92,3,1,7:01.773,0,,3:38.929,0,1:31.965,0,1:50.879,0,115.1,7:01.773,22:07:01.773,3:38.929,1:31.965,1:50.879,294.8,Laurens VANTHOOR,0:03:03.471,LMGTE Pro,,Porsche GT Team,Porsche,GF,218.929,91.965,110.879,
92,3,2,3:55.899,0,,37.281,0,1:30.183,0,1:48.435,0,207.9,10:57.672,22:10:57.672,0:37.281,1:30.183,1:48.435,297.2,Laurens VANTHOOR,,LMGTE Pro,,Porsche GT Team,Porsche,GF,37.281,90.183,108.435,
92,3,3,3:54.817,0,,37.160,0,1:30.210,0,1:47.447,0,208.9,14:52.489,22:14:52.489,0:37.160,1:30.210,1:47.447,285.4,Laurens VANTHOOR,,LMGTE Pro,,Porsche GT Team,Porsche,GF,37.160,90.210,107.447,
92,3,4,3:55.823,0,,37.089,0,1:30.355,0,1:48.379,0,208.0,18:48.312,22:18:48.312,0:37.089,1:30.355,1:48.379,298.0,Laurens VANTHOOR,,LMGTE Pro,,Porsche GT Team,Porsche,GF,37.089,90.355,108.379,
92,3,5,3:55.003,0,,37.126,0,1:30.427,0,1:47.450,0,208.7,22:43.315,22:22:43.315,0:37.126,1:30.427,1:47.450,298.0,Laurens VANTHOOR,,LMGTE Pro,,Porsche GT Team,Porsche,GF,37.126,90.427,107.450,
92,3,6,3:54.626,0,,37.021,0,1:30.350,0,1:47.255,0,209.1,26:37.941,22:26:37.941,0:37.021,1:30.350,1:47.255,297.2,Laurens VANTHOOR,,LMGTE Pro,,Porsche GT Team,Porsche,GF,37.021,90.350,107.255,
92,3,7,3:54.447,0,,36.932,0,1:30.151,0,1:47.364,0,209.2,30:32.388,22:30:32.388,0:36.932,1:30.151,1:47.364,298.0,Laurens VANTHOOR,,LMGTE Pro,,Porsche GT Team,Porsche,GF,36.932,90.151,107.364,
92,3,8,3:53.577,0,,36.771,0,1:29.825,0,1:46.981,2,210.0,34:25.965,22:34:25.965,0:36.771,1:29.825,1:46.981,297.2,Laurens VANTHOOR,,LMGTE Pro,,Porsche GT Team,Porsche,GF,36.771,89.825,106.981,
92,3,9,3:53.476,0,,36.773,0,1:29.613,2,1:47.090,0,210.1,38:19.441,22:38:19.441,0:36.773,1:29.613,1:47.090,298.0,Laurens VANTHOOR,,LMGTE Pro,,Porsche GT Team,Porsche,GF,36.773,89.613,107.090,
92,3,10,3:53.277,2,,36.570,2,1:29.627,0,1:47.080,0,210.3,42:12.718,22:42:12.718,0:36.570,1:29.627,1:47.080,300.5,Laurens VANTHOOR,,LMGTE Pro,,Porsche GT Team,Porsche,GF,36.570,89.627,107.080,
92,3,11,3:54.863,0,,36.952,0,1:30.471,0,1:47.440,0,208.9,46:07.581,22:46:07.581,0:36.952,1:30.471,1:47.440,298.8,Laurens VANTHOOR,,LMGTE Pro,,Porsche GT Team,Porsche,GF,36.952,90.471,107.440,
92,3,12,3:53.834,0,,36.840,0,1:29.900,0,1:47.094,0,209.8,50:01.415,22:50:01.415,0:36.840,1:29.900,1:47.094,297.2,Laurens VANTHOOR,,LMGTE Pro,,Porsche GT Team,Porsche,GF,36.840,89.900,107.094,
92,3,13,3:54.105,0,,36.848,0,1:29.806,0,1:47.451,0,209.5,53:55.520,22:53:55.520,0:36.848,1:29.806,1:47.451,298.8,Laurens VANTHOOR,,LMGTE Pro,,Porsche GT Team,Porsche,GF,36.848,89.806,107.451,
92,3,14,4:01.736,0,B,36.680,0,1:30.193,0,1:54.863,0,202.9,57:57.256,22:57:57.256,0:36.680,1:30.193,1:54.863,298.8,Laurens VANTHOOR,,LMGTE Pro,,Porsche GT Team,Porsche,GF,36.680,90.193,114.863,
92,3,15,4:59.675,0,,1:40.312,0,1:30.674,0,1:48.689,0,163.7,1:02:56.931,23:02:56.931,1:40.312,1:30.674,1:48.689,298.8,Laurens VANTHOOR,0:01:14.518,LMGTE Pro,,Porsche GT Team,Porsche,GF,100.312,90.674,108.689,
92,3,16,4:20.345,0,,36.846,0,1:55.699,0,1:47.800,0,188.4,1:07:17.276,23:07:17.276,0:36.846,1:55.699,1:47.800,298.0,Laurens VANTHOOR,,LMGTE Pro,,Porsche GT Team,Porsche,GF,36.846,115.699,107.800,
92,3,17,3:54.930,0,,36.817,0,1:29.800,0,1:48.313,0,208.8,1:11:12.206,23:11:12.206,0:36.817,1:29.800,1:48.313,300.5,Laurens VANTHOOR,,LMGTE Pro,,Porsche GT Team,Porsche,GF,36.817,89.800,108.313,
92,3,18,4:00.057,0,B,36.762,0,1:29.971,0,1:53.324,0,204.3,1:15:12.263,23:15:12.263,0:36.762,1:29.971,1:53.324,299.7,Laurens VANTHOOR,,LMGTE Pro,,Porsche GT Team,Porsche,GF,36.762,89.971,113.324,
92,3,19,6:00.774,0,,2:42.862,0,1:30.119,0,1:47.793,0,136.0,1:21:13.037,23:21:13.037,2:42.862,1:30.119,1:47.793,297.2,Laurens VANTHOOR,0:02:17.030,LMGTE Pro,,Porsche GT Team,Porsche,GF,162.862,90.119,107.793,
92,3,20,3:59.549,0,B,36.793,0,1:29.935,0,1:52.821,0,204.8,1:25:12.586,23:25:12.586,0:36.793,1:29.935,1:52.821,298.0,Laurens VANTHOOR,,LMGTE Pro,,Porsche GT Team,Porsche,GF,36.793,89.935,112.821,
92,1,21,8:53.520,0,,5:33.040,0,1:31.188,0,1:49.292,0,91.9,1:34:06.106,23:34:06.106,5:33.040,1:31.188,1:49.292,294.8,Michael CHRISTENSEN,0:05:06.592,LMGTE Pro,,Porsche GT Team,Porsche,GF,333.040,91.188,109.292,
92,1,22,3:55.834,0,,37.140,0,1:30.632,0,1:48.062,0,208.0,1:38:01.940,23:38:01.940,0:37.140,1:30.632,1:48.062,296.4,Michael CHRISTENSEN,,LMGTE Pro,,Porsche GT Team,Porsche,GF,37.140,90.632,108.062,
92,1,23,4:05.321,0,,37.713,0,1:34.557,0,1:53.051,0,200.0,1:42:07.261,23:42:07.261,0:37.713,1:34.557,1:53.051,294.8,Michael CHRISTENSEN,,LMGTE Pro,,Porsche GT Team,Porsche,GF,37.713,94.557,113.051,
92,1,24,4:01.210,0,,38.325,0,1:32.249,0,1:50.636,0,203.4,1:46:08.471,23:46:08.471,0:38.325,1:32.249,1:50.636,294.8,Michael CHRISTENSEN,,LMGTE Pro,,Porsche GT Team,Porsche,GF,38.325,92.249,110.636,
92,1,25,3:54.272,0,,36.943,0,1:29.707,1,1:47.622,1,209.4,1:50:02.743,23:50:02.743,0:36.943,1:29.707,1:47.622,298.0,Michael CHRISTENSEN,,LMGTE Pro,,Porsche GT Team,Porsche,GF,36.943,89.707,107.622,
92,1,26,4:03.609,0,B,36.896,1,1:30.544,0,1:56.169,0,201.4,1:54:06.352,23:54:06.352,0:36.896,1:30.544,1:56.169,293.2,Michael CHRISTENSEN,,LMGTE Pro,,Porsche GT Team,Porsche,GF,36.896,90.544,116.169,
93,2,1,5:25.000,0,,1:56.632,0,1:36.779,0,1:51.589,0,149.3,5:25.000,22:05:25.000,1:56.632,1:36.779,1:51.589,204.5,Matt CAMPBELL,0:01:20.548,LMGTE Am,,Proton Competition,Porsche,GF,116.632,96.779,111.589,
93,2,2,3:57.574,0,,37.624,0,1:30.903,0,1:49.047,0,206.5,9:22.574,22:09:22.574,0:37.624,1:30.903,1:49.047,295.6,Matt CAMPBELL,,LMGTE Am,,Proton Competition,Porsche,GF,37.624,90.903,109.047,
93,2,3,3:56.314,0,,37.232,0,1:30.624,0,1:48.458,0,207.6,13:18.888,22:13:18.888,0:37.232,1:30.624,1:48.458,294.0,Matt CAMPBELL,,LMGTE Am,,Proton Competition,Porsche,GF,37.232,90.624,108.458,
93,2,4,3:56.219,2,,37.017,2,1:31.013,0,1:48.189,2,207.7,17:15.107,22:17:15.107,0:37.017,1:31.013,1:48.189,294.8,Matt CAMPBELL,,LMGTE Am,,Proton Competition,Porsche,GF,37.017,91.013,108.189,
93,2,5,4:01.825,0,B,37.194,0,1:30.048,2,1:54.583,0,202.8,21:16.932,22:21:16.932,0:37.194,1:30.048,1:54.583,296.4,Matt CAMPBELL,,LMGTE Am,,Proton Competition,Porsche,GF,37.194,90.048,114.583,
93,3,6,5:41.780,0,,2:20.485,0,1:31.898,0,1:49.397,0,143.5,26:58.712,22:26:58.712,2:20.485,1:31.898,1:49.397,293.2,Zacharie ROBICHON,0:01:52.471,LMGTE Am,,Proton Competition,Porsche,GF,140.485,91.898,109.397,
93,3,7,3:57.736,0,,37.700,0,1:31.296,0,1:48.740,1,206.3,30:56.448,22:30:56.448,0:37.700,1:31.296,1:48.740,294.8,Zacharie ROBICHON,,LMGTE Am,,Proton Competition,Porsche,GF,37.700,91.296,108.740,
93,3,8,3:57.450,0,,37.291,0,1:30.195,1,1:49.964,0,206.6,34:53.898,22:34:53.898,0:37.291,1:30.195,1:49.964,295.6,Zacharie ROBICHON,,LMGTE Am,,Proton Competition,Porsche,GF,37.291,90.195,109.964,
93,3,9,3:58.223,0,,37.617,0,1:31.650,0,1:48.956,0,205.9,38:52.121,22:38:52.121,0:37.617,1:31.650,1:48.956,296.4,Zacharie ROBICHON,,LMGTE Am,,Proton Competition,Porsche,GF,37.617,91.650,108.956,
93,3,10,4:01.826,0,B,37.236,1,1:30.598,0,1:53.992,0,202.8,42:53.947,22:42:53.947,0:37.236,1:30.598,1:53.992,294.0,Zacharie ROBICHON,,LMGTE Am,,Proton Competition,Porsche,GF,37.236,90.598,113.992,
93,1,11,8:47.164,0,,5:13.807,0,1:36.351,0,1:57.006,0,93.1,51:41.111,22:51:41.111,5:13.807,1:36.351,1:57.006,286.2,Michael FASSBENDER,0:04:44.160,LMGTE Am,,Proton Competition,Porsche,GF,313.807,96.351,117.006,
93,1,12,4:11.283,0,,39.302,0,1:35.481,0,1:56.500,0,195.2,55:52.394,22:55:52.394,0:39.302,1:35.481,1:56.500,271.8,Michael FASSBENDER,,LMGTE Am,,Proton Competition,Porsche,GF,39.302,95.481,116.500,
93,1,13,4:08.614,0,,39.753,0,1:34.804,0,1:54.057,0,197.3,1:00:01.008,23:00:01.008,0:39.753,1:34.804,1:54.057,282.5,Michael FASSBENDER,,LMGTE Am,,Proton Competition,Porsche,GF,39.753,94.804,114.057,
93,1,14,4:30.490,0,,39.188,0,1:49.839,0,2:01.463,0,181.4,1:04:31.498,23:04:31.498,0:39.188,1:49.839,2:01.463,290.0,Michael FASSBENDER,,LMGTE Am,,Proton Competition,Porsche,GF,39.188,109.839,121.463,
93,1,15,4:06.536,0,,39.017,0,1:34.149,0,1:53.370,1,199.0,1:08:38.034,23:08:38.034,0:39.017,1:34.149,1:53.370,288.5,Michael FASSBENDER,,LMGTE Am,,Proton Competition,Porsche,GF,39.017,94.149,113.370,
93,1,16,4:15.512,0,B,38.700,0,1:33.819,0,2:02.993,0,192.0,1:12:53.546,23:12:53.546,0:38.700,1:33.819,2:02.993,285.4,Michael FASSBENDER,,LMGTE Am,,Proton Competition,Porsche,GF,38.700,93.819,122.993,
93,1,17,6:32.229,0,,3:04.134,0,1:33.901,0,1:54.194,0,125.1,1:19:25.775,23:19:25.775,3:04.134,1:33.901,1:54.194,284.7,Michael FASSBENDER,0:02:36.063,LMGTE Am,,Proton Competition,Porsche,GF,184.134,93.901,114.194,
93,1,18,4:07.421,0,,40.018,0,1:33.678,0,1:53.725,0,198.3,1:23:33.196,23:23:33.196,0:40.018,1:33.678,1:53.725,289.3,Michael FASSBENDER,,LMGTE Am,,Proton Competition,Porsche,GF,40.018,93.678,113.725,
93,1,19,4:07.300,0,,38.660,1,1:34.060,0,1:54.580,0,198.4,1:27:40.496,23:27:40.496,0:38.660,1:34.060,1:54.580,288.5,Michael FASSBENDER,,LMGTE Am,,Proton Competition,Porsche,GF,38.660,94.060,114.580,
93,1,20,4:07.087,0,,38.908,0,1:33.232,1,1:54.947,0,198.5,1:31:47.583,23:31:47.583,0:38.908,1:33.232,1:54.947,290.0,Michael FASSBENDER,,LMGTE Am,,Proton Competition,Porsche,GF,38.908,93.232,114.947,
93,1,21,4:12.345,0,,42.640,0,1:34.887,0,1:54.818,0,194.4,1:35:59.928,23:35:59.928,0:42.640,1:34.887,1:54.818,280.3,Michael FASSBENDER,,LMGTE Am,,Proton Competition,Porsche,GF,42.640,94.887,114.818,
93,1,22,4:16.667,0,B,39.008,0,1:35.139,0,2:02.520,0,191.1,1:40:16.595,23:40:16.595,0:39.008,1:35.139,2:02.520,287.7,Michael FASSBENDER,,LMGTE Am,,Proton Competition,Porsche,GF,39.008,95.139,122.520,
93,2,23,8:01.019,0,B,4:27.689,0,1:33.142,0,2:00.188,0,102.0,1:48:17.614,23:48:17.614,4:27.689,1:33.142,2:00.188,290.8,Matt CAMPBELL,0:04:00.863,LMGTE Am,,Proton Competition,Porsche,GF,267.689,93.142,120.188,
93,2,24,10:02.211,0,B,6:27.029,0,1:33.614,0,2:01.568,0,81.5,1:58:19.825,23:58:19.825,6:27.029,1:33.614,2:01.568,252.2,Matt CAMPBELL,0:05:45.714,LMGTE Am,,Proton Competition,Porsche,GF,387.029,93.614,121.568,
98,1,1,7:32.845,0,,4:08.248,0,1:33.534,0,1:51.063,0,107.2,7:32.845,22:07:32.845,4:08.248,1:33.534,1:51.063,286.9,Paul DALLA LANA,0:03:32.859,LMGTE Am,,Northwest AMR,Aston Martin,GF,248.248,93.534,111.063,
98,1,2,3:58.959,2,,37.517,0,1:32.133,0,1:49.309,0,205.3,11:31.804,22:11:31.804,0:37.517,1:32.133,1:49.309,289.3,Paul DALLA LANA,,LMGTE Am,,Northwest AMR,Aston Martin,GF,37.517,92.133,109.309,
98,1,3,3:59.144,0,,37.492,0,1:32.188,0,1:49.464,0,205.1,15:30.948,22:15:30.948,0:37.492,1:32.188,1:49.464,289.3,Paul DALLA LANA,,LMGTE Am,,Northwest AMR,Aston Martin,GF,37.492,92.188,109.464,
98,1,4,3:59.661,0,,37.167,2,1:32.457,0,1:50.037,0,204.7,19:30.609,22:19:30.609,0:37.167,1:32.457,1:50.037,287.7,Paul DALLA LANA,,LMGTE Am,,Northwest AMR,Aston Martin,GF,37.167,92.457,110.037,
98,1,5,3:59.607,0,,37.846,0,1:32.096,0,1:49.665,0,204.7,23:30.216,22:23:30.216,0:37.846,1:32.096,1:49.665,290.0,Paul DALLA LANA,,LMGTE Am,,Northwest AMR,Aston Martin,GF,37.846,92.096,109.665,
98,1,6,3:58.986,0,,37.711,0,1:32.165,0,1:49.110,2,205.3,27:29.202,22:27:29.202,0:37.711,1:32.165,1:49.110,289.3,Paul DALLA LANA,,LMGTE Am,,Northwest AMR,Aston Martin,GF,37.711,92.165,109.110,
98,1,7,4:06.034,0,B,37.707,0,1:32.087,2,1:56.240,0,199.4,31:35.236,22:31:35.236,0:37.707,1:32.087,1:56.240,288.5,Paul DALLA LANA,,LMGTE Am,,Northwest AMR,Aston Martin,GF,37.707,92.087,116.240,
99,2,1,5:47.030,0,,2:25.674,0,1:32.983,0,1:48.373,0,139.8,5:47.030,22:05:47.030,2:25.674,1:32.983,1:48.373,267.8,Alessio PICARIELLO,0:01:49.103,LMGTE Am,,Hardpoint Motorsport,Porsche,GF,145.674,92.983,108.373,
99,2,2,4:14.161,0,B,37.354,0,1:30.895,0,2:05.912,0,193.0,10:01.191,22:10:01.191,0:37.354,1:30.895,2:05.912,294.0,Alessio PICARIELLO,,LMGTE Am,,Hardpoint Motorsport,Porsche,GF,37.354,90.895,125.912,
99,2,3,12:04.972,0,,8:44.691,0,1:31.928,0,1:48.353,0,67.7,22:06.163,22:22:06.163,8:44.691,1:31.928,1:48.353,296.4,Alessio PICARIELLO,0:08:17.905,LMGTE Am,,Hardpoint Motorsport,Porsche,GF,524.691,91.928,108.353,
99,2,4,3:55.510,2,,36.894,2,1:31.088,0,1:47.528,2,208.3,26:01.673,22:26:01.673,0:36.894,1:31.088,1:47.528,294.0,Alessio PICARIELLO,,LMGTE Am,,Hardpoint Motorsport,Porsche,GF,36.894,91.088,107.528,
99,2,5,4:02.715,0,B,37.544,0,1:30.948,0,1:54.223,0,202.1,30:04.388,22:30:04.388,0:37.544,1:30.948,1:54.223,293.2,Alessio PICARIELLO,,LMGTE Am,,Hardpoint Motorsport,Porsche,GF,37.544,90.948,114.223,
99,1,6,5:31.014,0,,1:51.856,0,1:41.792,0,1:57.366,0,148.2,35:35.402,22:35:35.402,1:51.856,1:41.792,1:57.366,291.6,Andrew HARYANTO,0:01:22.583,LMGTE Am,,Hardpoint Motorsport,Porsche,GF,111.856,101.792,117.366,
99,1,7,4:04.645,0,,38.730,0,1:33.244,0,1:52.671,0,200.5,39:40.047,22:39:40.047,0:38.730,1:33.244,1:52.671,293.2,Andrew HARYANTO,,LMGTE Am,,Hardpoint Motorsport,Porsche,GF,38.730,93.244,112.671,
99,1,8,4:03.859,0,,38.645,0,1:33.446,0,1:51.768,1,201.2,43:43.906,22:43:43.906,0:38.645,1:33.446,1:51.768,292.4,Andrew HARYANTO,,LMGTE Am,,Hardpoint Motorsport,Porsche,GF,38.645,93.446,111.768,
99,1,9,4:03.530,0,,38.230,1,1:33.090,1,1:52.210,0,201.4,47:47.436,22:47:47.436,0:38.230,1:33.090,1:52.210,293.2,Andrew HARYANTO,,LMGTE Am,,Hardpoint Motorsport,Porsche,GF,38.230,93.090,112.210,
99,1,10,4:10.224,0,,40.866,0,1:33.641,0,1:55.717,0,196.0,51:57.660,22:51:57.660,0:40.866,1:33.641,1:55.717,291.6,Andrew HARYANTO,,LMGTE Am,,Hardpoint Motorsport,Porsche,GF,40.866,93.641,115.717,
99,1,11,4:19.610,0,B,41.047,0,1:34.196,0,2:04.367,0,189.0,56:17.270,22:56:17.270,0:41.047,1:34.196,2:04.367,290.8,Andrew HARYANTO,,LMGTE Am,,Hardpoint Motorsport,Porsche,GF,41.047,94.196,124.367,
99,3,12,6:08.915,0,,2:43.946,0,1:33.568,0,1:51.401,0,133.0,1:02:26.185,23:02:26.185,2:43.946,1:33.568,1:51.401,291.6,Martin RUMP,0:02:15.427,LMGTE Am,,Hardpoint Motorsport,Porsche,GF,163.946,93.568,111.401,
99,3,13,4:47.913,0,,38.341,0,2:13.684,0,1:55.888,0,170.4,1:07:14.098,23:07:14.098,0:38.341,2:13.684,1:55.888,292.4,Martin RUMP,,LMGTE Am,,Hardpoint Motorsport,Porsche,GF,38.341,133.684,115.888,
99,3,14,4:00.408,0,,37.721,0,1:31.535,0,1:51.152,0,204.0,1:11:14.506,23:11:14.506,0:37.721,1:31.535,1:51.152,294.0,Martin RUMP,,LMGTE Am,,Hardpoint Motorsport,Porsche,GF,37.721,91.535,111.152,
99,3,15,3:57.503,0,,37.390,0,1:31.014,0,1:49.099,0,206.5,1:15:12.009,23:15:12.009,0:37.390,1:31.014,1:49.099,296.4,Martin RUMP,,LMGTE Am,,Hardpoint Motorsport,Porsche,GF,37.390,91.014,109.099,
99,3,16,4:05.596,0,B,37.963,0,1:31.345,0,1:56.288,0,199.7,1:19:17.605,23:19:17.605,0:37.963,1:31.345,1:56.288,294.8,Martin RUMP,,LMGTE Am,,Hardpoint Motorsport,Porsche,GF,37.963,91.345,116.288,
99,3,17,5:15.496,0,,1:54.026,0,1:32.091,0,1:49.379,0,155.5,1:24:33.101,23:24:33.101,1:54.026,1:32.091,1:49.379,292.4,Martin RUMP,0:01:27.058,LMGTE Am,,Hardpoint Motorsport,Porsche,GF,114.026,92.091,109.379,
99,3,18,3:55.992,0,,37.362,0,1:30.630,2,1:48.000,1,207.9,1:28:29.093,23:28:29.093,0:37.362,1:30.630,1:48.000,295.6,Martin RUMP,,LMGTE Am,,Hardpoint Motorsport,Porsche,GF,37.362,90.630,108.000,
99,3,19,4:03.288,0,B,37.083,1,1:31.362,0,1:54.843,0,201.6,1:32:32.381,23:32:32.381,0:37.083,1:31.362,1:54.843,292.4,Martin RUMP,,LMGTE Am,,Hardpoint Motorsport,Porsche,GF,37.083,91.362,114.843,
99,2,20,5:31.234,0,,2:07.776,0,1:34.733,0,1:48.725,0,148.1,1:38:03.615,23:38:03.615,2:07.776,1:34.733,1:48.725,291.6,Alessio PICARIELLO,0:01:41.161,LMGTE Am,,Hardpoint Motorsport,Porsche,GF,127.776,94.733,108.725,
99,2,21,3:57.142,0,,37.069,0,1:31.419,0,1:48.654,0,206.9,1:42:00.757,23:42:00.757,0:37.069,1:31.419,1:48.654,273.9,Alessio PICARIELLO,,LMGTE Am,,Hardpoint Motorsport,Porsche,GF,37.069,91.419,108.654,
99,2,22,3:56.042,0,,37.140,0,1:30.872,0,1:48.030,0,207.8,1:45:56.799,23:45:56.799,0:37.140,1:30.872,1:48.030,293.2,Alessio PICARIELLO,,LMGTE Am,,Hardpoint Motorsport,Porsche,GF,37.140,90.872,108.030,
99,2,23,4:01.690,0,B,36.988,0,1:30.772,1,1:53.930,0,203.0,1:49:58.489,23:49:58.489,0:36.988,1:30.772,1:53.930,293.2,Alessio PICARIELLO,,LMGTE Am,,Hardpoint Motorsport,Porsche,GF,36.988,90.772,113.930,
