NUMBER, DRIVER_NUMBER, LAP_NUMBER, LAP_TIME, LAP_IMPROVEMENT, CROSSING_FINISH_LINE_IN_PIT, S1, S1_IMPROVEMENT, S2, S2_IMPROVEMENT, S3, S3_IMPROVEMENT, KPH, ELAPSED, HOUR,S1_LARGE,S2_LARGE,S3_LARGE,TOP_SPEED,DRIVER_NAME,PIT_TIME,CLASS,GROUP,TEAM,MANUFACTURER,
1,2,1,2:25.391,0,,1:02.466,0,45.036,0,37.889,0,127.8,2:25.391,08:32:25.391,1:02.466,0:45.036,0:37.889,157.3,Beitske VISSER,0:00:24.942,LMP2,,Richard Mille Racing Team,Oreca,
1,2,2,1:57.915,0,,37.262,0,43.983,0,36.670,0,165.2,4:23.306,08:34:23.306,0:37.262,0:43.983,0:36.670,203.7,Beitske VISSER,,LMP2,,Richard Mille Racing Team,Oreca,
1,2,3,1:56.617,0,,36.375,0,43.627,0,36.615,0,167.1,6:19.923,08:36:19.923,0:36.375,0:43.627,0:36.615,238.7,Beitske VISSER,,LMP2,,Richard Mille Racing Team,Oreca,
1,2,4,1:56.598,0,,36.250,0,43.437,0,36.911,0,167.1,8:16.521,08:38:16.521,0:36.250,0:43.437,0:36.911,246.3,Beitske VISSER,,LMP2,,Richard Mille Racing Team,Oreca,
1,2,5,1:58.492,0,,36.883,0,43.929,0,37.680,0,164.4,10:15.013,08:40:15.013,0:36.883,0:43.929,0:37.680,223.0,Beitske VISSER,,LMP2,,Richard Mille Racing Team,Oreca,
1,2,6,1:58.310,0,,36.550,0,43.942,0,37.818,0,164.7,12:13.323,08:42:13.323,0:36.550,0:43.942,0:37.818,241.9,Beitske VISSER,,LMP2,,Richard Mille Racing Team,Oreca,
1,2,7,2:02.515,0,B,37.397,0,44.084,0,41.034,0,159.0,14:15.838,08:44:15.838,0:37.397,0:44.084,0:41.034,230.6,Beitske VISSER,,LMP2,,Richard Mille Racing Team,Oreca,
1,2,8,5:01.332,0,,3:39.493,0,44.830,0,37.009,0,64.7,19:17.170,08:49:17.170,3:39.493,0:44.830,0:37.009,173.1,Beitske VISSER,0:03:06.337,LMP2,,Richard Mille Racing Team,Oreca,
1,2,9,1:53.919,2,,35.778,0,42.580,2,35.561,2,171.0,21:11.089,08:51:11.089,0:35.778,0:42.580,0:35.561,244.1,Beitske VISSER,,LMP2,,Richard Mille Racing Team,Oreca,
1,2,10,1:54.391,0,,35.679,0,42.958,0,35.754,0,170.3,23:05.480,08:53:05.480,0:35.679,0:42.958,0:35.754,262.4,Beitske VISSER,,LMP2,,Richard Mille Racing Team,Oreca,
1,2,11,1:55.291,0,,35.657,2,42.860,0,36.774,0,169.0,25:00.771,08:55:00.771,0:35.657,0:42.860,0:36.774,261.7,Beitske VISSER,,LMP2,,Richard Mille Racing Team,Oreca,
1,2,12,1:55.245,0,,35.940,0,43.222,0,36.083,0,169.1,26:56.016,08:56:56.016,0:35.940,0:43.222,0:36.083,251.4,Beitske VISSER,,LMP2,,Richard Mille Racing Team,Oreca,
1,2,13,2:01.062,0,B,36.480,0,43.776,0,40.806,0,160.9,28:57.078,08:58:57.078,0:36.480,0:43.776,0:40.806,235.6,Beitske VISSER,,LMP2,,Richard Mille Racing Team,Oreca,
1,3,14,7:04.389,0,,5:40.710,0,47.208,0,36.471,0,45.9,36:01.467,09:06:01.467,5:40.710,0:47.208,0:36.471,170.9,Gabriel AUBRY,0:05:07.415,LMP2,,Richard Mille Racing Team,Oreca,
1,3,15,1:56.745,0,,36.265,0,44.163,0,36.317,0,166.9,37:58.212,09:07:58.212,0:36.265,0:44.163,0:36.317,264.3,Gabriel AUBRY,,LMP2,,Richard Mille Racing Team,Oreca,
1,3,16,1:57.486,0,,36.272,0,44.579,0,36.635,0,165.8,39:55.698,09:09:55.698,0:36.272,0:44.579,0:36.635,258.0,Gabriel AUBRY,,LMP2,,Richard Mille Racing Team,Oreca,
1,3,17,1:56.609,0,,36.304,0,43.998,0,36.307,1,167.1,41:52.307,09:11:52.307,0:36.304,0:43.998,0:36.307,267.6,Gabriel AUBRY,,LMP2,,Richard Mille Racing Team,Oreca,
1,3,18,1:57.207,0,,37.203,0,43.660,0,36.344,0,166.2,43:49.514,09:13:49.514,0:37.203,0:43.660,0:36.344,266.2,Gabriel AUBRY,,LMP2,,Richard Mille Racing Team,Oreca,
1,3,19,2:14.291,0,B,36.969,0,43.395,1,53.927,0,145.1,46:03.805,09:16:03.805,0:36.969,0:43.395,0:53.927,272.3,Gabriel AUBRY,,LMP2,,Richard Mille Racing Team,Oreca,
1,3,20,25:11.861,0,B,22:26.536,0,1:22.295,0,1:23.030,0,12.9,1:11:15.666,09:41:15.666,22:26.536,1:22.295,1:23.030,58.6,Gabriel AUBRY,0:21:18.715,LMP2,,Richard Mille Racing Team,Oreca,
1,3,21,3:54.965,0,,2:31.494,0,45.537,0,37.934,0,82.9,1:15:10.631,09:45:10.631,2:31.494,0:45.537,0:37.934,168.3,Gabriel AUBRY,0:01:58.033,LMP2,,Richard Mille Racing Team,Oreca,
1,3,22,1:57.899,0,,36.587,0,44.771,0,36.541,0,165.3,1:17:08.530,09:47:08.530,0:36.587,0:44.771,0:36.541,239.2,Gabriel AUBRY,,LMP2,,Richard Mille Racing Team,Oreca,
1,3,23,1:56.671,0,,36.709,0,43.553,0,36.409,0,167.0,1:19:05.201,09:49:05.201,0:36.709,0:43.553,0:36.409,228.1,Gabriel AUBRY,,LMP2,,Richard Mille Racing Team,Oreca,
1,3,24,1:57.337,0,,37.133,0,43.832,0,36.372,0,166.0,1:21:02.538,09:51:02.538,0:37.133,0:43.832,0:36.372,262.4,Gabriel AUBRY,,LMP2,,Richard Mille Racing Team,Oreca,
1,3,25,2:04.525,0,B,36.152,1,43.965,0,44.408,0,156.5,1:23:07.063,09:53:07.063,0:36.152,0:43.965,0:44.408,248.0,Gabriel AUBRY,,LMP2,,Richard Mille Racing Team,Oreca,
1,1,26,3:03.645,0,,1:43.399,0,43.804,0,36.442,1,106.1,1:26:10.708,09:56:10.708,1:43.399,0:43.804,0:36.442,175.3,Sophia FLOERSCH,0:01:10.885,LMP2,,Richard Mille Racing Team,Oreca,
1,1,27,1:56.980,0,,36.519,1,43.635,1,36.826,0,166.6,1:28:07.688,09:58:07.688,0:36.519,0:43.635,0:36.826,234.0,Sophia FLOERSCH,,LMP2,,Richard Mille Racing Team,Oreca,
1,1,28,1:59.680,0,,38.513,0,44.189,0,36.978,0,162.8,1:30:07.368,10:00:07.368,0:38.513,0:44.189,0:36.978,272.9,Sophia FLOERSCH,,LMP2,,Richard Mille Racing Team,Oreca,
20,3,1,2:07.913,0,,44.523,0,45.135,0,38.255,0,145.3,2:07.913,08:32:07.913,0:44.523,0:45.135,0:38.255,163.7,Robert KUBICA,0:00:07.652,LMP2,P/A,High Class Racing,Oreca,
20,3,2,1:56.287,0,,36.628,0,43.399,0,36.260,0,167.5,4:04.200,08:34:04.200,0:36.628,0:43.399,0:36.260,270.2,Robert KUBICA,,LMP2,P/A,High Class Racing,Oreca,
20,3,3,1:55.318,0,,35.960,0,43.293,0,36.065,0,169.0,5:59.518,08:35:59.518,0:35.960,0:43.293,0:36.065,257.4,Robert KUBICA,,LMP2,P/A,High Class Racing,Oreca,
20,3,4,2:01.302,0,B,36.157,0,44.250,0,40.895,0,160.6,8:00.820,08:38:00.820,0:36.157,0:44.250,0:40.895,233.5,Robert KUBICA,,LMP2,P/A,High Class Racing,Oreca,
20,3,5,5:27.113,0,,3:54.411,0,54.558,0,38.144,0,59.6,13:27.933,08:43:27.933,3:54.411,0:54.558,0:38.144,170.6,Robert KUBICA,0:03:13.186,LMP2,P/A,High Class Racing,Oreca,
20,3,6,1:51.493,2,,35.059,2,41.567,2,34.867,2,174.7,15:19.426,08:45:19.426,0:35.059,0:41.567,0:34.867,265.6,Robert KUBICA,,LMP2,P/A,High Class Racing,Oreca,
20,3,7,2:13.879,0,,42.844,0,53.229,0,37.806,0,145.5,17:33.305,08:47:33.305,0:42.844,0:53.229,0:37.806,275.0,Robert KUBICA,,LMP2,P/A,High Class Racing,Oreca,
20,3,8,1:52.813,0,,35.264,0,42.560,0,34.989,0,172.7,19:26.118,08:49:26.118,0:35.264,0:42.560,0:34.989,268.2,Robert KUBICA,,LMP2,P/A,High Class Racing,Oreca,
20,3,9,1:58.524,0,B,35.453,0,42.892,0,40.179,0,164.4,21:24.642,08:51:24.642,0:35.453,0:42.892,0:40.179,262.4,Robert KUBICA,,LMP2,P/A,High Class Racing,Oreca,
20,1,10,3:56.005,0,,2:34.580,0,44.371,0,37.054,0,82.6,25:20.647,08:55:20.647,2:34.580,0:44.371,0:37.054,134.4,Dennis ANDERSEN,0:01:58.763,LMP2,P/A,High Class Racing,Oreca,
20,1,11,2:17.835,0,,56.574,0,44.333,0,36.928,0,141.4,27:38.482,08:57:38.482,0:56.574,0:44.333,0:36.928,279.3,Dennis ANDERSEN,,LMP2,P/A,High Class Racing,Oreca,
20,1,12,1:58.862,0,,36.799,0,44.774,0,37.289,0,163.9,29:37.344,08:59:37.344,0:36.799,0:44.774,0:37.289,255.0,Dennis ANDERSEN,,LMP2,P/A,High Class Racing,Oreca,
20,1,13,1:59.359,0,,37.134,0,44.558,0,37.667,0,163.2,31:36.703,09:01:36.703,0:37.134,0:44.558,0:37.667,249.7,Dennis ANDERSEN,,LMP2,P/A,High Class Racing,Oreca,
20,1,14,1:58.562,0,,36.764,0,44.629,0,37.169,0,164.3,33:35.265,09:03:35.265,0:36.764,0:44.629,0:37.169,263.6,Dennis ANDERSEN,,LMP2,P/A,High Class Racing,Oreca,
20,1,15,1:58.254,0,,37.065,0,44.543,0,36.646,1,164.8,35:33.519,09:05:33.519,0:37.065,0:44.543,0:36.646,237.6,Dennis ANDERSEN,,LMP2,P/A,High Class Racing,Oreca,
20,1,16,1:58.732,0,,37.145,0,44.803,0,36.784,0,164.1,37:32.251,09:07:32.251,0:37.145,0:44.803,0:36.784,244.1,Dennis ANDERSEN,,LMP2,P/A,High Class Racing,Oreca,
20,1,17,2:04.930,0,B,36.973,0,45.449,0,42.508,0,156.0,39:37.181,09:09:37.181,0:36.973,0:45.449,0:42.508,243.0,Dennis ANDERSEN,,LMP2,P/A,High Class Racing,Oreca,
20,1,18,3:45.996,0,,2:24.876,0,44.152,0,36.968,0,86.2,43:23.177,09:13:23.177,2:24.876,0:44.152,0:36.968,167.2,Dennis ANDERSEN,0:01:50.984,LMP2,P/A,High Class Racing,Oreca,
20,1,19,1:58.009,0,,36.972,0,43.935,0,37.102,0,165.1,45:21.186,09:15:21.186,0:36.972,0:43.935,0:37.102,250.8,Dennis ANDERSEN,,LMP2,P/A,High Class Racing,Oreca,
20,1,20,2:57.706,0,,37.213,0,59.110,0,1:21.383,0,109.6,48:18.892,09:18:18.892,0:37.213,0:59.110,1:21.383,244.6,Dennis ANDERSEN,,LMP2,P/A,High Class Racing,Oreca,
20,1,21,3:30.347,0,,1:20.490,0,1:21.201,0,48.656,0,92.6,51:49.239,09:21:49.239,1:20.490,1:21.201,0:48.656,80.4,Dennis ANDERSEN,,LMP2,P/A,High Class Racing,Oreca,
20,1,22,1:58.223,0,,37.086,0,43.618,1,37.519,0,164.8,53:47.462,09:23:47.462,0:37.086,0:43.618,0:37.519,234.5,Dennis ANDERSEN,,LMP2,P/A,High Class Racing,Oreca,
20,1,23,1:58.233,0,,36.533,1,44.771,0,36.929,0,164.8,55:45.695,09:25:45.695,0:36.533,0:44.771,0:36.929,251.4,Dennis ANDERSEN,,LMP2,P/A,High Class Racing,Oreca,
20,1,24,2:19.692,0,B,36.793,0,44.856,0,58.043,0,139.5,58:05.387,09:28:05.387,0:36.793,0:44.856,0:58.043,238.2,Dennis ANDERSEN,,LMP2,P/A,High Class Racing,Oreca,
20,2,25,3:41.943,0,,2:20.209,0,44.738,0,36.996,0,87.8,1:01:47.330,09:31:47.330,2:20.209,0:44.738,0:36.996,150.9,Anders FJORDBACH,0:01:46.628,LMP2,P/A,High Class Racing,Oreca,
20,2,26,2:07.240,0,,36.220,0,54.226,0,36.794,0,153.1,1:03:54.570,09:33:54.570,0:36.220,0:54.226,0:36.794,266.9,Anders FJORDBACH,,LMP2,P/A,High Class Racing,Oreca,
20,2,27,3:11.077,0,,1:05.883,0,1:20.697,0,44.497,0,102.0,1:07:05.647,09:37:05.647,1:05.883,1:20.697,0:44.497,90.1,Anders FJORDBACH,,LMP2,P/A,High Class Racing,Oreca,
20,2,28,3:30.398,0,B,1:04.611,0,1:20.998,0,1:04.789,0,92.6,1:10:36.045,09:40:36.045,1:04.611,1:20.998,1:04.789,246.8,Anders FJORDBACH,,LMP2,P/A,High Class Racing,Oreca,
20,2,29,4:37.817,0,,3:16.511,0,44.424,0,36.882,0,70.1,1:15:13.862,09:45:13.862,3:16.511,0:44.424,0:36.882,161.5,Anders FJORDBACH,0:02:43.364,LMP2,P/A,High Class Racing,Oreca,
20,2,30,1:56.977,0,,37.018,0,43.560,1,36.399,0,166.6,1:17:10.839,09:47:10.839,0:37.018,0:43.560,0:36.399,212.9,Anders FJORDBACH,,LMP2,P/A,High Class Racing,Oreca,
20,2,31,1:57.199,0,,36.034,0,44.390,0,36.775,0,166.2,1:19:08.038,09:49:08.038,0:36.034,0:44.390,0:36.775,263.0,Anders FJORDBACH,,LMP2,P/A,High Class Racing,Oreca,
20,2,32,1:56.405,0,,36.446,0,43.630,0,36.329,1,167.4,1:21:04.443,09:51:04.443,0:36.446,0:43.630,0:36.329,249.7,Anders FJORDBACH,,LMP2,P/A,High Class Racing,Oreca,
20,2,33,2:04.982,0,,43.773,0,43.950,0,37.259,0,155.9,1:23:09.425,09:53:09.425,0:43.773,0:43.950,0:37.259,273.6,Anders FJORDBACH,,LMP2,P/A,High Class Racing,Oreca,
20,2,34,2:36.805,0,B,36.011,1,44.607,0,1:16.187,0,124.3,1:25:46.230,09:55:46.230,0:36.011,0:44.607,1:16.187,264.3,Anders FJORDBACH,,LMP2,P/A,High Class Racing,Oreca,
21,2,1,2:18.257,0,,55.497,0,45.189,0,37.571,0,134.4,2:18.257,08:32:18.257,0:55.497,0:45.189,0:37.571,170.1,Juan Pablo MONTOYA,0:00:18.842,LMP2,P/A,DragonSpeed USA,Oreca,
21,2,2,1:56.037,0,,36.182,0,43.590,0,36.265,0,167.9,4:14.294,08:34:14.294,0:36.182,0:43.590,0:36.265,267.6,Juan Pablo MONTOYA,,LMP2,P/A,DragonSpeed USA,Oreca,
21,2,3,1:55.061,0,,35.958,0,43.123,0,35.980,1,169.3,6:09.355,08:36:09.355,0:35.958,0:43.123,0:35.980,268.2,Juan Pablo MONTOYA,,LMP2,P/A,DragonSpeed USA,Oreca,
21,2,4,1:57.638,0,,38.260,0,43.333,0,36.045,0,165.6,8:06.993,08:38:06.993,0:38.260,0:43.333,0:36.045,277.1,Juan Pablo MONTOYA,,LMP2,P/A,DragonSpeed USA,Oreca,
21,2,5,2:00.623,0,B,36.104,0,43.041,1,41.478,0,161.5,10:07.616,08:40:07.616,0:36.104,0:43.041,0:41.478,272.9,Juan Pablo MONTOYA,,LMP2,P/A,DragonSpeed USA,Oreca,
21,3,6,4:35.803,0,,3:16.329,0,43.513,0,35.961,0,70.6,14:43.419,08:44:43.419,3:16.329,0:43.513,0:35.961,171.5,Ben HANLEY,0:02:44.126,LMP2,P/A,DragonSpeed USA,Oreca,
21,3,7,1:54.827,0,,35.876,0,42.934,0,36.017,0,169.7,16:38.246,08:46:38.246,0:35.876,0:42.934,0:36.017,250.8,Ben HANLEY,,LMP2,P/A,DragonSpeed USA,Oreca,
21,3,8,1:55.465,0,,35.705,0,43.002,0,36.758,0,168.7,18:33.711,08:48:33.711,0:35.705,0:43.002,0:36.758,266.2,Ben HANLEY,,LMP2,P/A,DragonSpeed USA,Oreca,
21,3,9,1:59.822,0,B,35.867,0,42.939,0,41.016,0,162.6,20:33.533,08:50:33.533,0:35.867,0:42.939,0:41.016,274.3,Ben HANLEY,,LMP2,P/A,DragonSpeed USA,Oreca,
21,3,10,3:32.210,0,,2:10.252,0,44.721,0,37.237,0,91.8,24:05.743,08:54:05.743,2:10.252,0:44.721,0:37.237,167.5,Ben HANLEY,0:01:37.166,LMP2,P/A,DragonSpeed USA,Oreca,
21,3,11,1:57.728,0,,34.999,2,46.188,0,36.541,0,165.5,26:03.471,08:56:03.471,0:34.999,0:46.188,0:36.541,277.1,Ben HANLEY,,LMP2,P/A,DragonSpeed USA,Oreca,
21,3,12,1:52.160,2,,35.062,0,42.097,2,35.001,2,173.7,27:55.631,08:57:55.631,0:35.062,0:42.097,0:35.001,278.6,Ben HANLEY,,LMP2,P/A,DragonSpeed USA,Oreca,
21,3,13,1:52.504,0,,35.028,0,42.191,0,35.285,0,173.2,29:48.135,08:59:48.135,0:35.028,0:42.191,0:35.285,278.6,Ben HANLEY,,LMP2,P/A,DragonSpeed USA,Oreca,
21,3,14,1:59.315,0,B,36.365,0,42.359,0,40.591,0,163.3,31:47.450,09:01:47.450,0:36.365,0:42.359,0:40.591,245.2,Ben HANLEY,,LMP2,P/A,DragonSpeed USA,Oreca,
21,1,15,4:10.747,0,,2:48.216,0,45.170,0,37.361,0,77.7,35:58.197,09:05:58.197,2:48.216,0:45.170,0:37.361,139.3,Henrik HEDMAN,0:02:12.782,LMP2,P/A,DragonSpeed USA,Oreca,
21,1,16,1:59.179,0,,37.416,0,44.769,0,36.994,0,163.5,37:57.376,09:07:57.376,0:37.416,0:44.769,0:36.994,266.2,Henrik HEDMAN,,LMP2,P/A,DragonSpeed USA,Oreca,
21,1,17,1:58.843,0,,36.768,0,44.238,0,37.837,0,163.9,39:56.219,09:09:56.219,0:36.768,0:44.238,0:37.837,259.2,Henrik HEDMAN,,LMP2,P/A,DragonSpeed USA,Oreca,
21,1,18,2:00.456,0,,37.761,0,44.958,0,37.737,0,161.7,41:56.675,09:11:56.675,0:37.761,0:44.958,0:37.737,210.8,Henrik HEDMAN,,LMP2,P/A,DragonSpeed USA,Oreca,
21,1,19,1:57.768,0,,36.774,0,44.107,0,36.887,0,165.4,43:54.443,09:13:54.443,0:36.774,0:44.107,0:36.887,265.6,Henrik HEDMAN,,LMP2,P/A,DragonSpeed USA,Oreca,
21,1,20,1:58.476,0,,36.854,0,44.220,0,37.402,0,164.4,45:52.919,09:15:52.919,0:36.854,0:44.220,0:37.402,264.3,Henrik HEDMAN,,LMP2,P/A,DragonSpeed USA,Oreca,
21,1,21,3:25.242,0,,41.932,0,1:22.779,0,1:20.531,0,94.9,49:18.161,09:19:18.161,0:41.932,1:22.779,1:20.531,234.0,Henrik HEDMAN,,LMP2,P/A,DragonSpeed USA,Oreca,
21,1,22,2:59.925,0,,1:20.483,0,1:02.406,0,37.036,0,108.3,52:18.086,09:22:18.086,1:20.483,1:02.406,0:37.036,81.2,Henrik HEDMAN,,LMP2,P/A,DragonSpeed USA,Oreca,
21,1,23,2:04.221,0,,42.390,0,44.852,0,36.979,0,156.8,54:22.307,09:24:22.307,0:42.390,0:44.852,0:36.979,238.2,Henrik HEDMAN,,LMP2,P/A,DragonSpeed USA,Oreca,
21,1,24,2:05.972,0,,42.487,0,45.804,0,37.681,0,154.7,56:28.279,09:26:28.279,0:42.487,0:45.804,0:37.681,255.0,Henrik HEDMAN,,LMP2,P/A,DragonSpeed USA,Oreca,
21,1,25,1:56.956,0,,36.555,0,43.712,0,36.689,1,166.6,58:25.235,09:28:25.235,0:36.555,0:43.712,0:36.689,255.6,Henrik HEDMAN,,LMP2,P/A,DragonSpeed USA,Oreca,
21,1,26,1:57.856,0,,36.455,1,44.047,0,37.354,0,165.3,1:00:23.091,09:30:23.091,0:36.455,0:44.047,0:37.354,258.0,Henrik HEDMAN,,LMP2,P/A,DragonSpeed USA,Oreca,
21,1,27,1:57.405,0,,36.942,0,43.710,1,36.753,0,165.9,1:02:20.496,09:32:20.496,0:36.942,0:43.710,0:36.753,252.6,Henrik HEDMAN,,LMP2,P/A,DragonSpeed USA,Oreca,
21,1,28,2:27.246,0,B,37.615,0,43.798,0,1:05.833,0,132.3,1:04:47.742,09:34:47.742,0:37.615,0:43.798,1:05.833,267.6,Henrik HEDMAN,,LMP2,P/A,DragonSpeed USA,Oreca,
21,2,29,10:15.020,0,,8:53.164,0,45.071,0,36.785,0,31.7,1:15:02.762,09:45:02.762,8:53.164,0:45.071,0:36.785,170.9,Juan Pablo MONTOYA,0:08:19.685,LMP2,P/A,DragonSpeed USA,Oreca,
21,2,30,1:55.643,0,,36.062,0,43.495,0,36.086,0,168.5,1:16:58.405,09:46:58.405,0:36.062,0:43.495,0:36.086,259.2,Juan Pablo MONTOYA,,LMP2,P/A,DragonSpeed USA,Oreca,
21,2,31,1:55.093,0,,35.776,1,43.059,0,36.258,0,169.3,1:18:53.498,09:48:53.498,0:35.776,0:43.059,0:36.258,266.2,Juan Pablo MONTOYA,,LMP2,P/A,DragonSpeed USA,Oreca,
21,2,32,1:56.492,0,,36.198,0,43.636,0,36.658,0,167.2,1:20:49.990,09:50:49.990,0:36.198,0:43.636,0:36.658,272.3,Juan Pablo MONTOYA,,LMP2,P/A,DragonSpeed USA,Oreca,
21,2,33,1:59.827,0,,36.433,0,46.911,0,36.483,0,162.6,1:22:49.817,09:52:49.817,0:36.433,0:46.911,0:36.483,275.7,Juan Pablo MONTOYA,,LMP2,P/A,DragonSpeed USA,Oreca,
21,2,34,1:55.272,0,,35.921,0,43.241,0,36.110,0,169.0,1:24:45.089,09:54:45.089,0:35.921,0:43.241,0:36.110,262.4,Juan Pablo MONTOYA,,LMP2,P/A,DragonSpeed USA,Oreca,
21,2,35,1:55.596,0,,36.012,0,43.180,0,36.404,0,168.5,1:26:40.685,09:56:40.685,0:36.012,0:43.180,0:36.404,266.2,Juan Pablo MONTOYA,,LMP2,P/A,DragonSpeed USA,Oreca,
21,2,36,1:56.504,0,,36.109,0,43.318,0,37.077,0,167.2,1:28:37.189,09:58:37.189,0:36.109,0:43.318,0:37.077,262.4,Juan Pablo MONTOYA,,LMP2,P/A,DragonSpeed USA,Oreca,
21,2,37,1:55.358,0,,36.062,0,43.270,0,36.026,0,168.9,1:30:32.547,10:00:32.547,0:36.062,0:43.270,0:36.026,270.2,Juan Pablo MONTOYA,,LMP2,P/A,DragonSpeed USA,Oreca,
22,3,1,3:48.448,0,,2:28.425,0,43.604,0,36.419,0,81.4,3:48.448,08:33:48.448,2:28.425,0:43.604,0:36.419,167.2,Filipe ALBUQUERQUE,0:01:52.163,LMP2,,United Autosports USA,Oreca,
22,3,2,1:55.303,0,,35.877,0,43.116,0,36.310,0,169.0,5:43.751,08:35:43.751,0:35.877,0:43.116,0:36.310,273.6,Filipe ALBUQUERQUE,,LMP2,,United Autosports USA,Oreca,
22,3,3,1:55.219,0,,35.832,0,43.055,0,36.332,0,169.1,7:38.970,08:37:38.970,0:35.832,0:43.055,0:36.332,262.4,Filipe ALBUQUERQUE,,LMP2,,United Autosports USA,Oreca,
22,3,4,1:59.671,0,B,36.123,0,43.156,0,40.392,0,162.8,9:38.641,08:39:38.641,0:36.123,0:43.156,0:40.392,271.6,Filipe ALBUQUERQUE,,LMP2,,United Autosports USA,Oreca,
22,3,5,6:24.135,0,,5:01.743,0,44.153,0,38.239,0,50.7,16:02.776,08:46:02.776,5:01.743,0:44.153,0:38.239,172.3,Filipe ALBUQUERQUE,0:04:29.074,LMP2,,United Autosports USA,Oreca,
22,3,6,1:51.061,0,,34.880,2,41.437,0,34.744,0,175.4,17:53.837,08:47:53.837,0:34.880,0:41.437,0:34.744,264.9,Filipe ALBUQUERQUE,,LMP2,,United Autosports USA,Oreca,
22,3,7,1:50.979,2,,34.913,0,41.343,2,34.723,2,175.6,19:44.816,08:49:44.816,0:34.913,0:41.343,0:34.723,266.9,Filipe ALBUQUERQUE,,LMP2,,United Autosports USA,Oreca,
22,3,8,2:00.268,0,B,36.098,0,44.344,0,39.826,0,162.0,21:45.084,08:51:45.084,0:36.098,0:44.344,0:39.826,270.9,Filipe ALBUQUERQUE,,LMP2,,United Autosports USA,Oreca,
22,2,9,4:45.360,0,,3:26.662,0,43.295,0,35.403,0,68.3,26:30.444,08:56:30.444,3:26.662,0:43.295,0:35.403,157.7,Fabio SCHERER,0:02:53.613,LMP2,,United Autosports USA,Oreca,
22,2,10,1:52.568,0,,35.101,1,42.114,0,35.353,0,173.1,28:23.012,08:58:23.012,0:35.101,0:42.114,0:35.353,275.0,Fabio SCHERER,,LMP2,,United Autosports USA,Oreca,
22,2,11,1:52.865,0,,35.587,0,41.995,1,35.283,1,172.6,30:15.877,09:00:15.877,0:35.587,0:41.995,0:35.283,264.3,Fabio SCHERER,,LMP2,,United Autosports USA,Oreca,
22,2,12,1:54.257,0,,35.775,0,43.085,0,35.397,0,170.5,32:10.134,09:02:10.134,0:35.775,0:43.085,0:35.397,270.2,Fabio SCHERER,,LMP2,,United Autosports USA,Oreca,
22,2,13,1:54.369,0,,36.381,0,42.430,0,35.558,0,170.4,34:04.503,09:04:04.503,0:36.381,0:42.430,0:35.558,278.6,Fabio SCHERER,,LMP2,,United Autosports USA,Oreca,
22,2,14,2:00.284,0,B,35.631,0,42.982,0,41.671,0,162.0,36:04.787,09:06:04.787,0:35.631,0:42.982,0:41.671,256.2,Fabio SCHERER,,LMP2,,United Autosports USA,Oreca,
22,2,15,18:46.859,0,,17:22.864,0,45.749,0,38.246,0,17.3,54:51.646,09:24:51.646,17:22.864,0:45.749,0:38.246,168.5,Fabio SCHERER,0:16:47.671,LMP2,,United Autosports USA,Oreca,
22,2,16,1:54.049,0,,35.720,0,42.632,0,35.697,0,170.8,56:45.695,09:26:45.695,0:35.720,0:42.632,0:35.697,268.9,Fabio SCHERER,,LMP2,,United Autosports USA,Oreca,
22,2,17,1:53.829,0,,35.535,0,42.663,0,35.631,0,171.2,58:39.524,09:28:39.524,0:35.535,0:42.663,0:35.631,257.4,Fabio SCHERER,,LMP2,,United Autosports USA,Oreca,
22,2,18,1:54.644,0,,35.624,0,42.633,0,36.387,0,169.9,1:00:34.168,09:30:34.168,0:35.624,0:42.633,0:36.387,269.6,Fabio SCHERER,,LMP2,,United Autosports USA,Oreca,
22,2,19,1:54.094,0,,35.518,0,42.384,0,36.192,0,170.8,1:02:28.262,09:32:28.262,0:35.518,0:42.384,0:36.192,254.4,Fabio SCHERER,,LMP2,,United Autosports USA,Oreca,
22,2,20,2:26.412,0,B,35.775,0,42.915,0,1:07.722,0,133.1,1:04:54.674,09:34:54.674,0:35.775,0:42.915,1:07.722,255.6,Fabio SCHERER,,LMP2,,United Autosports USA,Oreca,
22,1,21,11:48.859,0,,10:28.894,0,43.768,0,36.197,0,27.5,1:16:43.533,09:46:43.533,10:28.894,0:43.768,0:36.197,160.5,Philip HANSON,0:09:55.823,LMP2,,United Autosports USA,Oreca,
22,1,22,1:54.303,0,,35.667,1,42.765,0,35.871,0,170.5,1:18:37.836,09:48:37.836,0:35.667,0:42.765,0:35.871,270.9,Philip HANSON,,LMP2,,United Autosports USA,Oreca,
22,1,23,1:54.691,0,,36.210,0,42.750,1,35.731,1,169.9,1:20:32.527,09:50:32.527,0:36.210,0:42.750,0:35.731,275.7,Philip HANSON,,LMP2,,United Autosports USA,Oreca,
22,1,24,1:55.864,0,,36.273,0,43.597,0,35.994,0,168.2,1:22:28.391,09:52:28.391,0:36.273,0:43.597,0:35.994,273.6,Philip HANSON,,LMP2,,United Autosports USA,Oreca,
22,1,25,1:55.756,0,,36.017,0,43.371,0,36.368,0,168.3,1:24:24.147,09:54:24.147,0:36.017,0:43.371,0:36.368,259.2,Philip HANSON,,LMP2,,United Autosports USA,Oreca,
22,1,26,1:54.692,0,,35.995,0,42.920,0,35.777,0,169.9,1:26:18.839,09:56:18.839,0:35.995,0:42.920,0:35.777,264.3,Philip HANSON,,LMP2,,United Autosports USA,Oreca,
22,1,27,1:54.531,0,,35.929,0,42.869,0,35.733,0,170.1,1:28:13.370,09:58:13.370,0:35.929,0:42.869,0:35.733,271.6,Philip HANSON,,LMP2,,United Autosports USA,Oreca,
22,1,28,1:55.736,0,,35.925,0,43.814,0,35.997,0,168.3,1:30:09.106,10:00:09.106,0:35.925,0:43.814,0:35.997,266.2,Philip HANSON,,LMP2,,United Autosports USA,Oreca,
28,3,1,2:24.436,0,,1:00.178,0,46.795,0,37.463,0,128.7,2:24.436,08:32:24.436,1:00.178,0:46.795,0:37.463,149.7,Tom BLOMQVIST,0:00:22.781,LMP2,,JOTA,Oreca,
28,3,2,1:57.043,0,,36.835,0,44.176,0,36.032,0,166.5,4:21.479,08:34:21.479,0:36.835,0:44.176,0:36.032,217.2,Tom BLOMQVIST,,LMP2,,JOTA,Oreca,
28,3,3,2:03.056,0,B,36.089,0,43.012,0,43.955,0,158.3,6:24.535,08:36:24.535,0:36.089,0:43.012,0:43.955,253.2,Tom BLOMQVIST,,LMP2,,JOTA,Oreca,
28,3,4,3:20.945,0,,2:04.334,0,41.685,0,34.926,0,97.0,9:45.480,08:39:45.480,2:04.334,0:41.685,0:34.926,163.2,Tom BLOMQVIST,0:01:30.804,LMP2,,JOTA,Oreca,
28,3,5,1:50.199,2,,34.481,2,41.212,2,34.506,2,176.8,11:35.679,08:41:35.679,0:34.481,0:41.212,0:34.506,277.1,Tom BLOMQVIST,,LMP2,,JOTA,Oreca,
28,3,6,1:57.631,0,B,34.878,0,43.313,0,39.440,0,165.6,13:33.310,08:43:33.310,0:34.878,0:43.313,0:39.440,280.0,Tom BLOMQVIST,,LMP2,,JOTA,Oreca,
28,2,7,6:15.248,0,,4:53.705,0,45.905,0,35.638,0,51.9,19:48.558,08:49:48.558,4:53.705,0:45.905,0:35.638,162.2,Stoffel VANDOORNE,0:04:19.058,LMP2,,JOTA,Oreca,
28,2,8,1:54.001,0,,35.511,0,42.651,0,35.839,0,170.9,21:42.559,08:51:42.559,0:35.511,0:42.651,0:35.839,272.3,Stoffel VANDOORNE,,LMP2,,JOTA,Oreca,
28,2,9,1:54.268,0,,36.166,0,42.519,0,35.583,0,170.5,23:36.827,08:53:36.827,0:36.166,0:42.519,0:35.583,241.9,Stoffel VANDOORNE,,LMP2,,JOTA,Oreca,
28,2,10,1:53.144,0,,35.403,0,42.389,0,35.352,1,172.2,25:29.971,08:55:29.971,0:35.403,0:42.389,0:35.352,266.2,Stoffel VANDOORNE,,LMP2,,JOTA,Oreca,
28,2,11,1:53.516,0,,35.496,0,42.317,0,35.703,0,171.6,27:23.487,08:57:23.487,0:35.496,0:42.317,0:35.703,266.9,Stoffel VANDOORNE,,LMP2,,JOTA,Oreca,
28,2,12,1:53.513,0,,35.319,1,42.226,0,35.968,0,171.6,29:17.000,08:59:17.000,0:35.319,0:42.226,0:35.968,271.6,Stoffel VANDOORNE,,LMP2,,JOTA,Oreca,
28,2,13,1:53.337,0,,35.653,0,42.206,1,35.478,0,171.9,31:10.337,09:01:10.337,0:35.653,0:42.206,0:35.478,262.4,Stoffel VANDOORNE,,LMP2,,JOTA,Oreca,
28,2,14,1:53.592,0,,35.622,0,42.373,0,35.597,0,171.5,33:03.929,09:03:03.929,0:35.622,0:42.373,0:35.597,257.4,Stoffel VANDOORNE,,LMP2,,JOTA,Oreca,
28,2,15,1:53.992,0,,35.809,0,42.704,0,35.479,0,170.9,34:57.921,09:04:57.921,0:35.809,0:42.704,0:35.479,255.6,Stoffel VANDOORNE,,LMP2,,JOTA,Oreca,
28,2,16,1:53.471,0,,35.638,0,42.349,0,35.484,0,171.7,36:51.392,09:06:51.392,0:35.638,0:42.349,0:35.484,256.8,Stoffel VANDOORNE,,LMP2,,JOTA,Oreca,
28,2,17,1:53.545,0,,35.586,0,42.407,0,35.552,0,171.6,38:44.937,09:08:44.937,0:35.586,0:42.407,0:35.552,260.5,Stoffel VANDOORNE,,LMP2,,JOTA,Oreca,
28,2,18,1:57.701,0,B,35.886,0,42.560,0,39.255,0,165.5,40:42.638,09:10:42.638,0:35.886,0:42.560,0:39.255,258.6,Stoffel VANDOORNE,,LMP2,,JOTA,Oreca,
28,1,19,3:08.467,0,,1:47.981,0,43.904,0,36.582,0,103.4,43:51.105,09:13:51.105,1:47.981,0:43.904,0:36.582,176.5,Sean GELAEL,0:01:15.990,LMP2,,JOTA,Oreca,
28,1,20,1:57.258,0,,36.239,0,43.347,0,37.672,0,166.2,45:48.363,09:15:48.363,0:36.239,0:43.347,0:37.672,258.6,Sean GELAEL,,LMP2,,JOTA,Oreca,
28,1,21,3:11.194,0,,36.318,0,1:14.091,0,1:20.785,0,101.9,48:59.557,09:18:59.557,0:36.318,1:14.091,1:20.785,270.2,Sean GELAEL,,LMP2,,JOTA,Oreca,
28,1,22,3:05.904,0,,1:20.022,0,1:09.588,0,36.294,0,104.8,52:05.461,09:22:05.461,1:20.022,1:09.588,0:36.294,80.9,Sean GELAEL,,LMP2,,JOTA,Oreca,
28,1,23,1:54.580,0,,35.861,0,42.851,0,35.868,1,170.0,54:00.041,09:24:00.041,0:35.861,0:42.851,0:35.868,260.5,Sean GELAEL,,LMP2,,JOTA,Oreca,
28,1,24,1:54.488,0,,35.776,1,42.758,0,35.954,0,170.2,55:54.529,09:25:54.529,0:35.776,0:42.758,0:35.954,264.9,Sean GELAEL,,LMP2,,JOTA,Oreca,
28,1,25,1:57.289,0,,35.930,0,43.710,0,37.649,0,166.1,57:51.818,09:27:51.818,0:35.930,0:43.710,0:37.649,263.6,Sean GELAEL,,LMP2,,JOTA,Oreca,
28,1,26,1:54.805,0,,35.968,0,42.686,1,36.151,0,169.7,59:46.623,09:29:46.623,0:35.968,0:42.686,0:36.151,261.1,Sean GELAEL,,LMP2,,JOTA,Oreca,
28,1,27,1:56.094,0,,36.311,0,43.243,0,36.540,0,167.8,1:01:42.717,09:31:42.717,0:36.311,0:43.243,0:36.540,252.0,Sean GELAEL,,LMP2,,JOTA,Oreca,
28,1,28,1:54.917,0,,35.951,0,42.911,0,36.055,0,169.5,1:03:37.634,09:33:37.634,0:35.951,0:42.911,0:36.055,257.4,Sean GELAEL,,LMP2,,JOTA,Oreca,
28,1,29,3:10.190,0,,44.699,0,1:20.708,0,1:04.783,0,102.4,1:06:47.824,09:36:47.824,0:44.699,1:20.708,1:04.783,262.4,Sean GELAEL,,LMP2,,JOTA,Oreca,
28,1,30,3:08.124,0,B,36.454,0,1:19.629,0,1:12.041,0,103.6,1:09:55.948,09:39:55.948,0:36.454,1:19.629,1:12.041,255.6,Sean GELAEL,,LMP2,,JOTA,Oreca,
28,3,31,7:30.697,0,,6:11.019,0,43.173,0,36.505,0,43.2,1:17:26.645,09:47:26.645,6:11.019,0:43.173,0:36.505,149.9,Tom BLOMQVIST,0:05:37.850,LMP2,,JOTA,Oreca,
28,3,32,1:55.815,0,,35.987,0,43.122,0,36.706,0,168.2,1:19:22.460,09:49:22.460,0:35.987,0:43.122,0:36.706,257.4,Tom BLOMQVIST,,LMP2,,JOTA,Oreca,
28,3,33,1:56.119,0,,36.767,0,43.280,0,36.072,0,167.8,1:21:18.579,09:51:18.579,0:36.767,0:43.280,0:36.072,245.7,Tom BLOMQVIST,,LMP2,,JOTA,Oreca,
28,3,34,1:55.389,0,,35.918,0,43.026,0,36.445,0,168.8,1:23:13.968,09:53:13.968,0:35.918,0:43.026,0:36.445,261.1,Tom BLOMQVIST,,LMP2,,JOTA,Oreca,
28,3,35,1:55.196,0,,35.965,0,43.052,0,36.179,0,169.1,1:25:09.164,09:55:09.164,0:35.965,0:43.052,0:36.179,260.5,Tom BLOMQVIST,,LMP2,,JOTA,Oreca,
28,3,36,1:55.077,0,,35.990,0,43.052,0,36.035,0,169.3,1:27:04.241,09:57:04.241,0:35.990,0:43.052,0:36.035,259.9,Tom BLOMQVIST,,LMP2,,JOTA,Oreca,
28,3,37,1:55.531,0,,35.942,0,43.545,0,36.044,0,168.6,1:28:59.772,09:58:59.772,0:35.942,0:43.545,0:36.044,258.0,Tom BLOMQVIST,,LMP2,,JOTA,Oreca,
28,3,38,1:55.542,0,,36.177,0,43.077,0,36.288,0,168.6,1:30:55.314,10:00:55.314,0:36.177,0:43.077,0:36.288,253.8,Tom BLOMQVIST,,LMP2,,JOTA,Oreca,
29,2,1,2:16.926,0,,53.152,0,45.913,0,37.861,0,135.7,2:16.926,08:32:16.926,0:53.152,0:45.913,0:37.861,136.8,Giedo VAN DER GARDE,0:00:14.349,LMP2,P/A,Racing Team Nederland,Oreca,
29,2,2,2:00.871,0,B,36.728,0,43.529,0,40.614,0,161.2,4:17.797,08:34:17.797,0:36.728,0:43.529,0:40.614,261.7,Giedo VAN DER GARDE,,LMP2,P/A,Racing Team Nederland,Oreca,
29,2,3,3:25.712,0,,2:03.711,0,45.195,0,36.806,1,94.7,7:43.509,08:37:43.509,2:03.711,0:45.195,0:36.806,173.9,Giedo VAN DER GARDE,0:01:30.019,LMP2,P/A,Racing Team Nederland,Oreca,
29,2,4,1:56.364,0,B,35.447,2,42.031,2,38.886,0,167.4,9:39.873,08:39:39.873,0:35.447,0:42.031,0:38.886,276.4,Giedo VAN DER GARDE,,LMP2,P/A,Racing Team Nederland,Oreca,
29,1,5,3:50.459,0,,2:29.536,0,43.973,0,36.950,0,84.5,13:30.332,08:43:30.332,2:29.536,0:43.973,0:36.950,173.9,Frits VAN EERD,0:01:54.274,LMP2,P/A,Racing Team Nederland,Oreca,
29,1,6,1:57.548,0,,36.901,0,43.886,0,36.761,0,165.7,15:27.880,08:45:27.880,0:36.901,0:43.886,0:36.761,277.1,Frits VAN EERD,,LMP2,P/A,Racing Team Nederland,Oreca,
29,1,7,1:57.297,0,,36.745,1,44.343,0,36.209,2,166.1,17:25.177,08:47:25.177,0:36.745,0:44.343,0:36.209,257.4,Frits VAN EERD,,LMP2,P/A,Racing Team Nederland,Oreca,
29,1,8,1:58.330,0,,37.579,0,43.430,1,37.321,0,164.7,19:23.507,08:49:23.507,0:37.579,0:43.430,0:37.321,268.9,Frits VAN EERD,,LMP2,P/A,Racing Team Nederland,Oreca,
29,1,9,1:58.758,0,,37.211,0,44.223,0,37.324,0,164.1,21:22.265,08:51:22.265,0:37.211,0:44.223,0:37.324,267.6,Frits VAN EERD,,LMP2,P/A,Racing Team Nederland,Oreca,
29,1,10,1:58.150,0,,37.047,0,43.982,0,37.121,0,164.9,23:20.415,08:53:20.415,0:37.047,0:43.982,0:37.121,271.6,Frits VAN EERD,,LMP2,P/A,Racing Team Nederland,Oreca,
29,1,11,1:58.688,0,,37.781,0,43.907,0,37.000,0,164.2,25:19.103,08:55:19.103,0:37.781,0:43.907,0:37.000,270.2,Frits VAN EERD,,LMP2,P/A,Racing Team Nederland,Oreca,
29,1,12,1:59.746,0,,38.811,0,43.799,0,37.136,0,162.7,27:18.849,08:57:18.849,0:38.811,0:43.799,0:37.136,277.1,Frits VAN EERD,,LMP2,P/A,Racing Team Nederland,Oreca,
29,1,13,1:58.575,0,,37.334,0,44.151,0,37.090,0,164.3,29:17.424,08:59:17.424,0:37.334,0:44.151,0:37.090,260.5,Frits VAN EERD,,LMP2,P/A,Racing Team Nederland,Oreca,
29,1,14,1:58.341,0,,37.608,0,44.036,0,36.697,0,164.6,31:15.765,09:01:15.765,0:37.608,0:44.036,0:36.697,259.2,Frits VAN EERD,,LMP2,P/A,Racing Team Nederland,Oreca,
29,1,15,1:59.448,0,,37.508,0,45.100,0,36.840,0,163.1,33:15.213,09:03:15.213,0:37.508,0:45.100,0:36.840,272.3,Frits VAN EERD,,LMP2,P/A,Racing Team Nederland,Oreca,
29,1,16,1:59.082,0,,37.620,0,44.250,0,37.212,0,163.6,35:14.295,09:05:14.295,0:37.620,0:44.250,0:37.212,269.6,Frits VAN EERD,,LMP2,P/A,Racing Team Nederland,Oreca,
29,1,17,1:59.902,0,,37.566,0,45.250,0,37.086,0,162.5,37:14.197,09:07:14.197,0:37.566,0:45.250,0:37.086,263.6,Frits VAN EERD,,LMP2,P/A,Racing Team Nederland,Oreca,
29,1,18,1:58.401,0,,37.082,0,44.100,0,37.219,0,164.6,39:12.598,09:09:12.598,0:37.082,0:44.100,0:37.219,262.4,Frits VAN EERD,,LMP2,P/A,Racing Team Nederland,Oreca,
29,1,19,1:59.493,0,,37.225,0,44.104,0,38.164,0,163.0,41:12.091,09:11:12.091,0:37.225,0:44.104,0:38.164,270.9,Frits VAN EERD,,LMP2,P/A,Racing Team Nederland,Oreca,
29,1,20,1:58.977,0,,37.159,0,44.430,0,37.388,0,163.8,43:11.068,09:13:11.068,0:37.159,0:44.430,0:37.388,262.4,Frits VAN EERD,,LMP2,P/A,Racing Team Nederland,Oreca,
29,1,21,1:58.031,0,,36.997,0,43.925,0,37.109,0,165.1,45:09.099,09:15:09.099,0:36.997,0:43.925,0:37.109,257.4,Frits VAN EERD,,LMP2,P/A,Racing Team Nederland,Oreca,
29,1,22,2:40.984,0,,37.871,0,44.121,0,1:18.992,0,121.0,47:50.083,09:17:50.083,0:37.871,0:44.121,1:18.992,268.2,Frits VAN EERD,,LMP2,P/A,Racing Team Nederland,Oreca,
29,1,23,3:45.227,0,,1:19.574,0,1:20.925,0,1:04.728,0,86.5,51:35.310,09:21:35.310,1:19.574,1:20.925,1:04.728,80.3,Frits VAN EERD,,LMP2,P/A,Racing Team Nederland,Oreca,
29,1,24,1:58.070,0,,37.386,0,43.808,0,36.876,0,165.0,53:33.380,09:23:33.380,0:37.386,0:43.808,0:36.876,232.5,Frits VAN EERD,,LMP2,P/A,Racing Team Nederland,Oreca,
29,1,25,2:00.297,0,,37.139,0,44.992,0,38.166,0,162.0,55:33.677,09:25:33.677,0:37.139,0:44.992,0:38.166,267.6,Frits VAN EERD,,LMP2,P/A,Racing Team Nederland,Oreca,
29,1,26,1:57.886,0,,37.045,0,44.058,0,36.783,0,165.3,57:31.563,09:27:31.563,0:37.045,0:44.058,0:36.783,270.9,Frits VAN EERD,,LMP2,P/A,Racing Team Nederland,Oreca,
29,1,27,2:00.072,0,,37.703,0,44.745,0,37.624,0,162.3,59:31.635,09:29:31.635,0:37.703,0:44.745,0:37.624,257.4,Frits VAN EERD,,LMP2,P/A,Racing Team Nederland,Oreca,
29,1,28,2:03.884,0,B,37.173,0,44.356,0,42.355,0,157.3,1:01:35.519,09:31:35.519,0:37.173,0:44.356,0:42.355,263.6,Frits VAN EERD,,LMP2,P/A,Racing Team Nederland,Oreca,
29,3,29,5:09.551,0,,2:37.005,0,1:20.232,0,1:12.314,0,62.9,1:06:45.070,09:36:45.070,2:37.005,1:20.232,1:12.314,174.5,Job VAN UITERT,0:01:59.354,LMP2,P/A,Racing Team Nederland,Oreca,
29,3,30,3:09.878,0,B,37.267,0,1:20.210,0,1:12.401,0,102.6,1:09:54.948,09:39:54.948,0:37.267,1:20.210,1:12.401,238.7,Job VAN UITERT,,LMP2,P/A,Racing Team Nederland,Oreca,
29,3,31,5:03.594,0,,3:43.324,0,43.779,0,36.491,0,64.2,1:14:58.542,09:44:58.542,3:43.324,0:43.779,0:36.491,147.6,Job VAN UITERT,0:03:09.429,LMP2,P/A,Racing Team Nederland,Oreca,
29,3,32,1:57.196,0,,36.310,1,43.584,1,37.302,0,166.2,1:16:55.738,09:46:55.738,0:36.310,0:43.584,0:37.302,253.8,Job VAN UITERT,,LMP2,P/A,Racing Team Nederland,Oreca,
29,3,33,1:56.755,0,,36.619,0,43.634,0,36.502,0,166.9,1:18:52.493,09:48:52.493,0:36.619,0:43.634,0:36.502,270.9,Job VAN UITERT,,LMP2,P/A,Racing Team Nederland,Oreca,
29,3,34,1:56.850,0,,36.702,0,43.649,0,36.499,0,166.7,1:20:49.343,09:50:49.343,0:36.702,0:43.649,0:36.499,274.3,Job VAN UITERT,,LMP2,P/A,Racing Team Nederland,Oreca,
29,3,35,1:56.543,2,,36.388,0,43.735,0,36.420,1,167.2,1:22:45.886,09:52:45.886,0:36.388,0:43.735,0:36.420,268.2,Job VAN UITERT,,LMP2,P/A,Racing Team Nederland,Oreca,
29,3,36,1:57.126,0,,36.519,0,43.941,0,36.666,0,166.3,1:24:43.012,09:54:43.012,0:36.519,0:43.941,0:36.666,268.2,Job VAN UITERT,,LMP2,P/A,Racing Team Nederland,Oreca,
29,3,37,1:57.514,0,,36.721,0,44.063,0,36.730,0,165.8,1:26:40.526,09:56:40.526,0:36.721,0:44.063,0:36.730,262.4,Job VAN UITERT,,LMP2,P/A,Racing Team Nederland,Oreca,
29,3,38,1:57.904,0,,36.866,0,44.117,0,36.921,0,165.2,1:28:38.430,09:58:38.430,0:36.866,0:44.117,0:36.921,259.9,Job VAN UITERT,,LMP2,P/A,Racing Team Nederland,Oreca,
29,3,39,1:58.273,0,,36.867,0,44.145,0,37.261,0,164.7,1:30:36.703,10:00:36.703,0:36.867,0:44.145,0:37.261,257.4,Job VAN UITERT,,LMP2,P/A,Racing Team Nederland,Oreca,
31,3,1,3:45.609,0,,2:22.308,0,46.871,0,36.430,0,82.4,3:45.609,08:33:45.609,2:22.308,0:46.871,0:36.430,162.5,Charles MILESI,0:01:44.381,LMP2,,Team WRT,Oreca,
31,3,2,1:54.340,0,,36.185,0,42.812,0,35.343,0,170.4,5:39.949,08:35:39.949,0:36.185,0:42.812,0:35.343,277.1,Charles MILESI,,LMP2,,Team WRT,Oreca,
31,3,3,1:54.341,0,,36.483,0,42.549,0,35.309,0,170.4,7:34.290,08:37:34.290,0:36.483,0:42.549,0:35.309,277.1,Charles MILESI,,LMP2,,Team WRT,Oreca,
31,3,4,1:57.518,0,B,35.555,0,42.621,0,39.342,0,165.8,9:31.808,08:39:31.808,0:35.555,0:42.621,0:39.342,265.6,Charles MILESI,,LMP2,,Team WRT,Oreca,
31,3,5,6:26.807,0,,5:01.537,0,46.596,0,38.674,0,50.4,15:58.615,08:45:58.615,5:01.537,0:46.596,0:38.674,164.2,Charles MILESI,0:04:24.621,LMP2,,Team WRT,Oreca,
31,3,6,1:51.075,2,,34.950,2,41.543,2,34.582,2,175.4,17:49.690,08:47:49.690,0:34.950,0:41.543,0:34.582,275.0,Charles MILESI,,LMP2,,Team WRT,Oreca,
31,3,7,1:52.540,0,,35.064,0,42.169,0,35.307,0,173.1,19:42.230,08:49:42.230,0:35.064,0:42.169,0:35.307,277.8,Charles MILESI,,LMP2,,Team WRT,Oreca,
31,3,8,2:14.042,0,B,45.223,0,49.291,0,39.528,0,145.4,21:56.272,08:51:56.272,0:45.223,0:49.291,0:39.528,140.5,Charles MILESI,,LMP2,,Team WRT,Oreca,
31,2,9,6:47.982,0,,5:28.553,0,43.494,0,35.935,0,47.8,28:44.254,08:58:44.254,5:28.553,0:43.494,0:35.935,173.9,Ferdinand HABSBURG,0:04:56.215,LMP2,,Team WRT,Oreca,
31,2,10,1:54.183,0,,35.784,0,42.823,0,35.576,0,170.6,30:38.437,09:00:38.437,0:35.784,0:42.823,0:35.576,275.7,Ferdinand HABSBURG,,LMP2,,Team WRT,Oreca,
31,2,11,1:54.694,0,,35.552,1,43.316,0,35.826,0,169.9,32:33.131,09:02:33.131,0:35.552,0:43.316,0:35.826,275.7,Ferdinand HABSBURG,,LMP2,,Team WRT,Oreca,
31,2,12,1:54.484,0,,35.659,0,42.968,0,35.857,0,170.2,34:27.615,09:04:27.615,0:35.659,0:42.968,0:35.857,272.3,Ferdinand HABSBURG,,LMP2,,Team WRT,Oreca,
31,2,13,1:54.036,0,,35.753,0,42.690,0,35.593,0,170.9,36:21.651,09:06:21.651,0:35.753,0:42.690,0:35.593,275.0,Ferdinand HABSBURG,,LMP2,,Team WRT,Oreca,
31,2,14,1:54.375,0,,35.620,0,42.935,0,35.820,0,170.3,38:16.026,09:08:16.026,0:35.620,0:42.935,0:35.820,272.9,Ferdinand HABSBURG,,LMP2,,Team WRT,Oreca,
31,2,15,2:00.921,0,B,35.695,0,43.695,0,41.531,0,161.1,40:16.947,09:10:16.947,0:35.695,0:43.695,0:41.531,272.9,Ferdinand HABSBURG,,LMP2,,Team WRT,Oreca,
31,2,16,4:41.741,0,,3:22.784,0,43.095,0,35.862,0,69.2,44:58.688,09:14:58.688,3:22.784,0:43.095,0:35.862,175.3,Ferdinand HABSBURG,0:02:50.463,LMP2,,Team WRT,Oreca,
31,2,17,2:22.267,0,B,35.639,0,42.622,0,1:04.006,0,136.9,47:20.955,09:17:20.955,0:35.639,0:42.622,1:04.006,270.2,Ferdinand HABSBURG,,LMP2,,Team WRT,Oreca,
31,2,18,5:44.088,0,,4:25.222,0,43.320,0,35.546,0,56.6,53:05.043,09:23:05.043,4:25.222,0:43.320,0:35.546,80.1,Ferdinand HABSBURG,0:03:48.885,LMP2,,Team WRT,Oreca,
31,2,19,1:53.927,0,,35.716,0,42.678,0,35.533,1,171.0,54:58.970,09:24:58.970,0:35.716,0:42.678,0:35.533,270.9,Ferdinand HABSBURG,,LMP2,,Team WRT,Oreca,
31,2,20,1:54.147,0,,35.981,0,42.531,0,35.635,0,170.7,56:53.117,09:26:53.117,0:35.981,0:42.531,0:35.635,276.4,Ferdinand HABSBURG,,LMP2,,Team WRT,Oreca,
31,2,21,1:54.153,0,,35.901,0,42.443,1,35.809,0,170.7,58:47.270,09:28:47.270,0:35.901,0:42.443,0:35.809,268.9,Ferdinand HABSBURG,,LMP2,,Team WRT,Oreca,
31,2,22,2:00.234,0,B,35.894,0,43.171,0,41.169,0,162.0,1:00:47.504,09:30:47.504,0:35.894,0:43.171,0:41.169,265.6,Ferdinand HABSBURG,,LMP2,,Team WRT,Oreca,
31,1,23,14:24.945,0,,13:03.726,0,44.899,0,36.320,0,22.5,1:15:12.449,09:45:12.449,13:03.726,0:44.899,0:36.320,172.0,Robin FRIJNS,0:12:30.879,LMP2,,Team WRT,Oreca,
31,1,24,1:55.217,0,,35.984,0,43.177,0,36.056,0,169.1,1:17:07.666,09:47:07.666,0:35.984,0:43.177,0:36.056,263.6,Robin FRIJNS,,LMP2,,Team WRT,Oreca,
31,1,25,1:53.972,0,,35.579,1,42.724,1,35.669,1,170.9,1:19:01.638,09:49:01.638,0:35.579,0:42.724,0:35.669,273.6,Robin FRIJNS,,LMP2,,Team WRT,Oreca,
31,1,26,1:54.812,0,,35.926,0,42.908,0,35.978,0,169.7,1:20:56.450,09:50:56.450,0:35.926,0:42.908,0:35.978,267.6,Robin FRIJNS,,LMP2,,Team WRT,Oreca,
31,1,27,1:54.309,0,,35.606,0,42.955,0,35.748,0,170.4,1:22:50.759,09:52:50.759,0:35.606,0:42.955,0:35.748,262.4,Robin FRIJNS,,LMP2,,Team WRT,Oreca,
31,1,28,1:54.750,0,,35.709,0,42.960,0,36.081,0,169.8,1:24:45.509,09:54:45.509,0:35.709,0:42.960,0:36.081,263.0,Robin FRIJNS,,LMP2,,Team WRT,Oreca,
31,1,29,2:00.472,0,,36.166,0,43.204,0,41.102,0,161.7,1:26:45.981,09:56:45.981,0:36.166,0:43.204,0:41.102,256.2,Robin FRIJNS,,LMP2,,Team WRT,Oreca,
31,1,30,1:54.739,0,,35.986,0,42.880,0,35.873,0,169.8,1:28:40.720,09:58:40.720,0:35.986,0:42.880,0:35.873,265.6,Robin FRIJNS,,LMP2,,Team WRT,Oreca,
31,1,31,1:55.413,0,,35.871,0,43.294,0,36.248,0,168.8,1:30:36.133,10:00:36.133,0:35.871,0:43.294,0:36.248,263.0,Robin FRIJNS,,LMP2,,Team WRT,Oreca,
33,3,1,3:15.627,0,,1:48.294,0,47.259,0,40.074,0,95.0,3:15.627,08:33:15.627,1:48.294,0:47.259,0:40.074,130.7,Felipe FRAGA,0:01:07.681,LMGTE Am,,TF Sport,Aston Martin,
33,3,2,1:59.942,0,,38.029,0,44.123,0,37.790,0,162.4,5:15.569,08:35:15.569,0:38.029,0:44.123,0:37.790,248.0,Felipe FRAGA,,LMGTE Am,,TF Sport,Aston Martin,
33,3,3,1:58.919,2,,37.444,0,43.814,2,37.661,2,163.8,7:14.488,08:37:14.488,0:37.444,0:43.814,0:37.661,245.7,Felipe FRAGA,,LMGTE Am,,TF Sport,Aston Martin,
33,3,4,2:01.577,0,,37.400,2,45.756,0,38.421,0,160.3,9:16.065,08:39:16.065,0:37.400,0:45.756,0:38.421,247.4,Felipe FRAGA,,LMGTE Am,,TF Sport,Aston Martin,
33,3,5,2:00.057,0,,37.502,0,44.644,0,37.911,0,162.3,11:16.122,08:41:16.122,0:37.502,0:44.644,0:37.911,244.1,Felipe FRAGA,,LMGTE Am,,TF Sport,Aston Martin,
33,3,6,2:00.609,0,,37.585,0,44.830,0,38.194,0,161.5,13:16.731,08:43:16.731,0:37.585,0:44.830,0:38.194,241.9,Felipe FRAGA,,LMGTE Am,,TF Sport,Aston Martin,
33,3,7,2:00.273,0,,37.556,0,44.563,0,38.154,0,162.0,15:17.004,08:45:17.004,0:37.556,0:44.563,0:38.154,240.8,Felipe FRAGA,,LMGTE Am,,TF Sport,Aston Martin,
33,3,8,2:00.184,0,,37.563,0,44.632,0,37.989,0,162.1,17:17.188,08:47:17.188,0:37.563,0:44.632,0:37.989,239.2,Felipe FRAGA,,LMGTE Am,,TF Sport,Aston Martin,
33,3,9,2:00.768,0,,37.574,0,44.950,0,38.244,0,161.3,19:17.956,08:49:17.956,0:37.574,0:44.950,0:38.244,240.3,Felipe FRAGA,,LMGTE Am,,TF Sport,Aston Martin,
33,3,10,2:05.893,0,B,37.811,0,45.525,0,42.557,0,154.8,21:23.849,08:51:23.849,0:37.811,0:45.525,0:42.557,239.2,Felipe FRAGA,,LMGTE Am,,TF Sport,Aston Martin,
33,2,11,4:21.580,0,,2:58.040,0,45.201,0,38.339,0,74.5,25:45.429,08:55:45.429,2:58.040,0:45.201,0:38.339,147.8,Dylan PEREIRA,0:02:23.612,LMGTE Am,,TF Sport,Aston Martin,
33,2,12,2:01.118,0,,38.083,0,45.001,0,38.034,1,160.9,27:46.547,08:57:46.547,0:38.083,0:45.001,0:38.034,241.9,Dylan PEREIRA,,LMGTE Am,,TF Sport,Aston Martin,
33,2,13,2:00.747,0,,37.993,0,44.667,1,38.087,0,161.4,29:47.294,08:59:47.294,0:37.993,0:44.667,0:38.087,250.3,Dylan PEREIRA,,LMGTE Am,,TF Sport,Aston Martin,
33,2,14,2:01.954,0,,38.735,0,45.106,0,38.113,0,159.8,31:49.248,09:01:49.248,0:38.735,0:45.106,0:38.113,244.1,Dylan PEREIRA,,LMGTE Am,,TF Sport,Aston Martin,
33,2,15,2:01.255,0,,37.907,0,45.116,0,38.232,0,160.7,33:50.503,09:03:50.503,0:37.907,0:45.116,0:38.232,245.2,Dylan PEREIRA,,LMGTE Am,,TF Sport,Aston Martin,
33,2,16,2:01.193,0,,37.856,0,45.082,0,38.255,0,160.8,35:51.696,09:05:51.696,0:37.856,0:45.082,0:38.255,245.7,Dylan PEREIRA,,LMGTE Am,,TF Sport,Aston Martin,
33,2,17,2:01.220,0,,38.092,0,44.928,0,38.200,0,160.7,37:52.916,09:07:52.916,0:38.092,0:44.928,0:38.200,245.7,Dylan PEREIRA,,LMGTE Am,,TF Sport,Aston Martin,
33,2,18,2:01.977,0,,38.381,0,45.127,0,38.469,0,159.7,39:54.893,09:09:54.893,0:38.381,0:45.127,0:38.469,252.0,Dylan PEREIRA,,LMGTE Am,,TF Sport,Aston Martin,
33,2,19,2:04.162,0,,38.438,0,44.997,0,40.727,0,156.9,41:59.055,09:11:59.055,0:38.438,0:44.997,0:40.727,245.7,Dylan PEREIRA,,LMGTE Am,,TF Sport,Aston Martin,
33,2,20,2:01.473,0,,37.827,0,45.142,0,38.504,0,160.4,44:00.528,09:14:00.528,0:37.827,0:45.142,0:38.504,245.7,Dylan PEREIRA,,LMGTE Am,,TF Sport,Aston Martin,
33,2,21,2:06.674,0,B,37.874,0,45.084,0,43.716,0,153.8,46:07.202,09:16:07.202,0:37.874,0:45.084,0:43.716,248.0,Dylan PEREIRA,,LMGTE Am,,TF Sport,Aston Martin,
33,1,22,5:26.973,0,,2:58.661,0,1:21.203,0,1:07.109,0,59.6,51:34.175,09:21:34.175,2:58.661,1:21.203,1:07.109,79.7,Ben KEATING,0:01:57.953,LMGTE Am,,TF Sport,Aston Martin,
33,1,23,2:08.576,0,,42.502,0,46.894,0,39.180,0,151.5,53:42.751,09:23:42.751,0:42.502,0:46.894,0:39.180,240.3,Ben KEATING,,LMGTE Am,,TF Sport,Aston Martin,
33,1,24,2:06.050,0,,39.186,0,47.219,0,39.645,0,154.6,55:48.801,09:25:48.801,0:39.186,0:47.219,0:39.645,238.2,Ben KEATING,,LMGTE Am,,TF Sport,Aston Martin,
33,1,25,2:04.560,0,,38.519,0,46.447,0,39.594,0,156.4,57:53.361,09:27:53.361,0:38.519,0:46.447,0:39.594,238.2,Ben KEATING,,LMGTE Am,,TF Sport,Aston Martin,
33,1,26,2:06.416,0,,40.927,0,46.373,0,39.116,0,154.1,59:59.777,09:29:59.777,0:40.927,0:46.373,0:39.116,254.4,Ben KEATING,,LMGTE Am,,TF Sport,Aston Martin,
33,1,27,2:04.039,0,,38.552,0,46.220,0,39.267,0,157.1,1:02:03.816,09:32:03.816,0:38.552,0:46.220,0:39.267,240.3,Ben KEATING,,LMGTE Am,,TF Sport,Aston Martin,
33,1,28,2:11.038,0,B,38.464,0,45.908,0,46.666,0,148.7,1:04:14.854,09:34:14.854,0:38.464,0:45.908,0:46.666,238.7,Ben KEATING,,LMGTE Am,,TF Sport,Aston Martin,
33,1,29,10:51.467,0,,9:24.576,0,47.605,0,39.286,0,29.9,1:15:06.321,09:45:06.321,9:24.576,0:47.605,0:39.286,144.7,Ben KEATING,0:08:48.316,LMGTE Am,,TF Sport,Aston Martin,
33,1,30,2:01.315,0,,37.995,0,44.823,0,38.497,0,160.6,1:17:07.636,09:47:07.636,0:37.995,0:44.823,0:38.497,246.3,Ben KEATING,,LMGTE Am,,TF Sport,Aston Martin,
33,1,31,2:01.252,0,,37.947,0,44.888,0,38.417,0,160.7,1:19:08.888,09:49:08.888,0:37.947,0:44.888,0:38.417,252.6,Ben KEATING,,LMGTE Am,,TF Sport,Aston Martin,
33,1,32,2:00.215,0,,37.866,0,44.401,1,37.948,1,162.1,1:21:09.103,09:51:09.103,0:37.866,0:44.401,0:37.948,251.4,Ben KEATING,,LMGTE Am,,TF Sport,Aston Martin,
33,1,33,2:04.634,0,B,37.672,1,45.161,0,41.801,0,156.3,1:23:13.737,09:53:13.737,0:37.672,0:45.161,0:41.801,249.7,Ben KEATING,,LMGTE Am,,TF Sport,Aston Martin,
33,2,34,3:47.040,0,,2:24.007,0,44.905,0,38.128,0,85.8,1:27:00.777,09:57:00.777,2:24.007,0:44.905,0:38.128,159.4,Dylan PEREIRA,0:01:49.995,LMGTE Am,,TF Sport,Aston Martin,
33,2,35,2:02.035,0,,37.669,1,46.116,0,38.250,0,159.7,1:29:02.812,09:59:02.812,0:37.669,0:46.116,0:38.250,246.8,Dylan PEREIRA,,LMGTE Am,,TF Sport,Aston Martin,
33,2,36,2:00.768,0,,37.748,0,44.703,0,38.317,0,161.3,1:31:03.580,10:01:03.580,0:37.748,0:44.703,0:38.317,248.0,Dylan PEREIRA,,LMGTE Am,,TF Sport,Aston Martin,
34,2,1,2:15.524,0,,47.424,0,45.394,0,42.706,0,137.1,2:15.524,08:32:15.524,0:47.424,0:45.394,0:42.706,153.7,Renger VAN DER ZANDE,0:00:11.075,LMP2,,Inter Europol Competition,Oreca,
34,2,2,1:55.716,0,,35.987,0,43.499,0,36.230,0,168.4,4:11.240,08:34:11.240,0:35.987,0:43.499,0:36.230,269.6,Renger VAN DER ZANDE,,LMP2,,Inter Europol Competition,Oreca,
34,2,3,1:55.495,0,,36.016,0,43.385,0,36.094,0,168.7,6:06.735,08:36:06.735,0:36.016,0:43.385,0:36.094,266.2,Renger VAN DER ZANDE,,LMP2,,Inter Europol Competition,Oreca,
34,2,4,1:55.794,0,,35.792,0,43.211,0,36.791,0,168.3,8:02.529,08:38:02.529,0:35.792,0:43.211,0:36.791,270.2,Renger VAN DER ZANDE,,LMP2,,Inter Europol Competition,Oreca,
34,2,5,1:56.171,0,,36.291,0,43.513,0,36.367,0,167.7,9:58.700,08:39:58.700,0:36.291,0:43.513,0:36.367,276.4,Renger VAN DER ZANDE,,LMP2,,Inter Europol Competition,Oreca,
34,2,6,2:12.248,0,B,47.283,0,44.215,0,40.750,0,147.3,12:10.948,08:42:10.948,0:47.283,0:44.215,0:40.750,275.0,Renger VAN DER ZANDE,,LMP2,,Inter Europol Competition,Oreca,
34,2,7,7:05.236,0,,5:36.900,0,47.164,0,41.172,0,45.8,19:16.184,08:49:16.184,5:36.900,0:47.164,0:41.172,168.0,Renger VAN DER ZANDE,0:05:03.437,LMP2,,Inter Europol Competition,Oreca,
34,2,8,1:51.595,2,,34.899,2,41.745,2,34.951,2,174.6,21:07.779,08:51:07.779,0:34.899,0:41.745,0:34.951,275.0,Renger VAN DER ZANDE,,LMP2,,Inter Europol Competition,Oreca,
34,2,9,1:52.477,0,,35.467,0,42.047,0,34.963,0,173.2,23:00.256,08:53:00.256,0:35.467,0:42.047,0:34.963,269.6,Renger VAN DER ZANDE,,LMP2,,Inter Europol Competition,Oreca,
34,2,10,1:52.498,0,,35.201,0,42.126,0,35.171,0,173.2,24:52.754,08:54:52.754,0:35.201,0:42.126,0:35.171,270.2,Renger VAN DER ZANDE,,LMP2,,Inter Europol Competition,Oreca,
34,2,11,1:53.092,0,,35.471,0,42.343,0,35.278,0,172.3,26:45.846,08:56:45.846,0:35.471,0:42.343,0:35.278,268.9,Renger VAN DER ZANDE,,LMP2,,Inter Europol Competition,Oreca,
34,2,12,1:59.475,0,B,35.946,0,42.328,0,41.201,0,163.1,28:45.321,08:58:45.321,0:35.946,0:42.328,0:41.201,259.2,Renger VAN DER ZANDE,,LMP2,,Inter Europol Competition,Oreca,
34,3,13,3:21.017,0,,2:00.567,0,44.224,0,36.226,0,96.9,32:06.338,09:02:06.338,2:00.567,0:44.224,0:36.226,176.2,Alex BRUNDLE,0:01:27.790,LMP2,,Inter Europol Competition,Oreca,
34,3,14,1:56.042,0,,36.109,0,43.893,0,36.040,0,167.9,34:02.380,09:04:02.380,0:36.109,0:43.893,0:36.040,263.0,Alex BRUNDLE,,LMP2,,Inter Europol Competition,Oreca,
34,3,15,1:56.331,0,,36.069,0,43.746,0,36.516,0,167.5,35:58.711,09:05:58.711,0:36.069,0:43.746,0:36.516,275.7,Alex BRUNDLE,,LMP2,,Inter Europol Competition,Oreca,
34,3,16,1:55.877,0,,36.304,0,43.490,0,36.083,0,168.1,37:54.588,09:07:54.588,0:36.304,0:43.490,0:36.083,275.0,Alex BRUNDLE,,LMP2,,Inter Europol Competition,Oreca,
34,3,17,1:55.450,0,,36.057,0,43.311,0,36.082,0,168.8,39:50.038,09:09:50.038,0:36.057,0:43.311,0:36.082,275.7,Alex BRUNDLE,,LMP2,,Inter Europol Competition,Oreca,
34,3,18,1:56.197,0,,36.586,0,43.433,0,36.178,0,167.7,41:46.235,09:11:46.235,0:36.586,0:43.433,0:36.178,272.9,Alex BRUNDLE,,LMP2,,Inter Europol Competition,Oreca,
34,3,19,1:56.476,0,,36.010,0,44.111,0,36.355,0,167.3,43:42.711,09:13:42.711,0:36.010,0:44.111,0:36.355,269.6,Alex BRUNDLE,,LMP2,,Inter Europol Competition,Oreca,
34,3,20,1:55.834,0,,36.368,0,43.537,0,35.929,1,168.2,45:38.545,09:15:38.545,0:36.368,0:43.537,0:35.929,259.2,Alex BRUNDLE,,LMP2,,Inter Europol Competition,Oreca,
34,3,21,3:10.866,0,,36.167,0,1:11.651,0,1:23.048,0,102.1,48:49.411,09:18:49.411,0:36.167,1:11.651,1:23.048,268.9,Alex BRUNDLE,,LMP2,,Inter Europol Competition,Oreca,
34,3,22,3:13.403,0,,1:20.286,0,1:16.633,0,36.484,0,100.7,52:02.814,09:22:02.814,1:20.286,1:16.633,0:36.484,81.0,Alex BRUNDLE,,LMP2,,Inter Europol Competition,Oreca,
34,3,23,1:54.652,0,,35.809,1,42.857,1,35.986,0,169.9,53:57.466,09:23:57.466,0:35.809,0:42.857,0:35.986,263.0,Alex BRUNDLE,,LMP2,,Inter Europol Competition,Oreca,
34,3,24,1:55.190,0,,35.954,0,43.100,0,36.136,0,169.1,55:52.656,09:25:52.656,0:35.954,0:43.100,0:36.136,270.2,Alex BRUNDLE,,LMP2,,Inter Europol Competition,Oreca,
34,3,25,1:55.232,0,,35.928,0,43.357,0,35.947,0,169.1,57:47.888,09:27:47.888,0:35.928,0:43.357,0:35.947,264.3,Alex BRUNDLE,,LMP2,,Inter Europol Competition,Oreca,
34,3,26,2:01.321,0,B,36.016,0,43.570,0,41.735,0,160.6,59:49.209,09:29:49.209,0:36.016,0:43.570,0:41.735,274.3,Alex BRUNDLE,,LMP2,,Inter Europol Competition,Oreca,
34,1,27,3:12.664,0,,1:48.777,0,46.665,0,37.222,0,101.1,1:03:01.873,09:33:01.873,1:48.777,0:46.665,0:37.222,145.1,Jakub SMIECHOWSKI,0:01:12.761,LMP2,,Inter Europol Competition,Oreca,
34,1,28,3:02.034,0,,37.116,0,1:03.813,0,1:21.105,0,107.0,1:06:03.907,09:36:03.907,0:37.116,1:03.813,1:21.105,231.0,Jakub SMIECHOWSKI,,LMP2,,Inter Europol Competition,Oreca,
34,1,29,3:23.055,0,B,57.160,0,1:04.029,0,1:21.866,0,96.0,1:09:26.962,09:39:26.962,0:57.160,1:04.029,1:21.866,79.6,Jakub SMIECHOWSKI,,LMP2,,Inter Europol Competition,Oreca,
34,1,30,6:30.954,0,,5:09.202,0,44.325,0,37.427,0,49.8,1:15:57.916,09:45:57.916,5:09.202,0:44.325,0:37.427,173.9,Jakub SMIECHOWSKI,0:04:35.423,LMP2,,Inter Europol Competition,Oreca,
34,1,31,1:57.839,0,,36.898,0,44.099,0,36.842,0,165.3,1:17:55.755,09:47:55.755,0:36.898,0:44.099,0:36.842,236.1,Jakub SMIECHOWSKI,,LMP2,,Inter Europol Competition,Oreca,
34,1,32,1:57.542,0,,36.960,0,44.075,0,36.507,1,165.8,1:19:53.297,09:49:53.297,0:36.960,0:44.075,0:36.507,226.7,Jakub SMIECHOWSKI,,LMP2,,Inter Europol Competition,Oreca,
34,1,33,1:56.767,0,,36.298,1,43.873,1,36.596,0,166.9,1:21:50.064,09:51:50.064,0:36.298,0:43.873,0:36.596,258.6,Jakub SMIECHOWSKI,,LMP2,,Inter Europol Competition,Oreca,
34,1,34,1:57.715,0,,36.639,0,44.155,0,36.921,0,165.5,1:23:47.779,09:53:47.779,0:36.639,0:44.155,0:36.921,259.2,Jakub SMIECHOWSKI,,LMP2,,Inter Europol Competition,Oreca,
34,1,35,1:59.460,0,,37.333,0,45.290,0,36.837,0,163.1,1:25:47.239,09:55:47.239,0:37.333,0:45.290,0:36.837,240.8,Jakub SMIECHOWSKI,,LMP2,,Inter Europol Competition,Oreca,
34,1,36,1:57.742,0,,36.733,0,44.464,0,36.545,0,165.5,1:27:44.981,09:57:44.981,0:36.733,0:44.464,0:36.545,258.0,Jakub SMIECHOWSKI,,LMP2,,Inter Europol Competition,Oreca,
34,1,37,1:58.173,0,,37.162,0,44.155,0,36.856,0,164.9,1:29:43.154,09:59:43.154,0:37.162,0:44.155,0:36.856,268.2,Jakub SMIECHOWSKI,,LMP2,,Inter Europol Competition,Oreca,
34,1,38,2:00.443,0,,37.214,0,46.257,0,36.972,0,161.8,1:31:43.597,10:01:43.597,0:37.214,0:46.257,0:36.972,255.6,Jakub SMIECHOWSKI,,LMP2,,Inter Europol Competition,Oreca,
36,2,1,2:33.699,0,,1:10.763,0,43.176,0,39.760,0,120.9,2:33.699,08:32:33.699,1:10.763,0:43.176,0:39.760,155.5,Nicolas LAPIERRE,0:00:35.454,HYPERCAR,,Alpine Elf Matmut,Alpine,
36,2,2,1:55.667,0,,36.936,0,42.823,0,35.908,0,168.4,4:29.366,08:34:29.366,0:36.936,0:42.823,0:35.908,288.2,Nicolas LAPIERRE,,HYPERCAR,,Alpine Elf Matmut,Alpine,
36,2,3,1:52.687,0,,34.965,0,42.354,0,35.368,0,172.9,6:22.053,08:36:22.053,0:34.965,0:42.354,0:35.368,289.0,Nicolas LAPIERRE,,HYPERCAR,,Alpine Elf Matmut,Alpine,
36,2,4,2:07.234,0,,44.301,0,43.436,0,39.497,0,153.1,8:29.287,08:38:29.287,0:44.301,0:43.436,0:39.497,292.1,Nicolas LAPIERRE,,HYPERCAR,,Alpine Elf Matmut,Alpine,
36,2,5,1:52.020,0,,34.840,0,42.236,0,34.944,0,173.9,10:21.307,08:40:21.307,0:34.840,0:42.236,0:34.944,270.9,Nicolas LAPIERRE,,HYPERCAR,,Alpine Elf Matmut,Alpine,
36,2,6,1:58.389,0,B,35.059,0,43.193,0,40.137,0,164.6,12:19.696,08:42:19.696,0:35.059,0:43.193,0:40.137,264.9,Nicolas LAPIERRE,,HYPERCAR,,Alpine Elf Matmut,Alpine,
36,1,7,5:50.495,0,,4:31.512,0,42.620,0,36.363,0,55.6,18:10.191,08:48:10.191,4:31.512,0:42.620,0:36.363,158.9,André NEGRÃO,0:03:58.970,HYPERCAR,,Alpine Elf Matmut,Alpine,
36,1,8,1:54.175,0,,35.755,0,42.534,0,35.886,0,170.6,20:04.366,08:50:04.366,0:35.755,0:42.534,0:35.886,284.4,André NEGRÃO,,HYPERCAR,,Alpine Elf Matmut,Alpine,
36,1,9,1:53.185,0,,35.052,0,42.671,0,35.462,0,172.1,21:57.551,08:51:57.551,0:35.052,0:42.671,0:35.462,270.9,André NEGRÃO,,HYPERCAR,,Alpine Elf Matmut,Alpine,
36,1,10,1:54.657,0,,35.522,0,43.289,0,35.846,0,169.9,23:52.208,08:53:52.208,0:35.522,0:43.289,0:35.846,285.9,André NEGRÃO,,HYPERCAR,,Alpine Elf Matmut,Alpine,
36,1,11,1:53.962,0,,35.569,0,42.872,0,35.521,0,171.0,25:46.170,08:55:46.170,0:35.569,0:42.872,0:35.521,249.7,André NEGRÃO,,HYPERCAR,,Alpine Elf Matmut,Alpine,
36,1,12,2:00.467,0,B,35.270,0,42.662,0,42.535,0,161.7,27:46.637,08:57:46.637,0:35.270,0:42.662,0:42.535,262.4,André NEGRÃO,,HYPERCAR,,Alpine Elf Matmut,Alpine,
36,3,13,6:55.012,0,,5:35.465,0,43.910,0,35.637,0,46.9,34:41.649,09:04:41.649,5:35.465,0:43.910,0:35.637,175.3,Matthieu VAXIVIERE,0:05:02.980,HYPERCAR,,Alpine Elf Matmut,Alpine,
36,3,14,1:55.148,0,,35.735,0,43.940,0,35.473,0,169.2,36:36.797,09:06:36.797,0:35.735,0:43.940,0:35.473,279.3,Matthieu VAXIVIERE,,HYPERCAR,,Alpine Elf Matmut,Alpine,
36,3,15,1:54.140,0,,35.280,0,42.808,0,36.052,0,170.7,38:30.937,09:08:30.937,0:35.280,0:42.808,0:36.052,269.6,Matthieu VAXIVIERE,,HYPERCAR,,Alpine Elf Matmut,Alpine,
36,3,16,1:54.273,0,,35.631,0,43.004,0,35.638,0,170.5,40:25.210,09:10:25.210,0:35.631,0:43.004,0:35.638,256.8,Matthieu VAXIVIERE,,HYPERCAR,,Alpine Elf Matmut,Alpine,
36,3,17,1:54.971,0,,35.785,0,43.536,0,35.650,0,169.5,42:20.181,09:12:20.181,0:35.785,0:43.536,0:35.650,258.6,Matthieu VAXIVIERE,,HYPERCAR,,Alpine Elf Matmut,Alpine,
36,3,18,2:00.124,0,B,35.627,0,43.073,0,41.424,0,162.2,44:20.305,09:14:20.305,0:35.627,0:43.073,0:41.424,261.1,Matthieu VAXIVIERE,,HYPERCAR,,Alpine Elf Matmut,Alpine,
36,3,19,10:47.305,0,,9:25.959,0,45.198,0,36.148,0,30.1,55:07.610,09:25:07.610,9:25.959,0:45.198,0:36.148,159.8,Matthieu VAXIVIERE,0:08:51.159,HYPERCAR,,Alpine Elf Matmut,Alpine,
36,3,20,1:50.194,2,,34.650,1,41.233,2,34.311,1,176.8,56:57.804,09:26:57.804,0:34.650,0:41.233,0:34.311,276.4,Matthieu VAXIVIERE,,HYPERCAR,,Alpine Elf Matmut,Alpine,
36,3,21,1:50.850,0,,34.671,0,41.759,0,34.420,0,175.8,58:48.654,09:28:48.654,0:34.671,0:41.759,0:34.420,275.7,Matthieu VAXIVIERE,,HYPERCAR,,Alpine Elf Matmut,Alpine,
36,3,22,1:54.192,0,,35.069,0,43.003,0,36.120,0,170.6,1:00:42.846,09:30:42.846,0:35.069,0:43.003,0:36.120,260.5,Matthieu VAXIVIERE,,HYPERCAR,,Alpine Elf Matmut,Alpine,
36,3,23,1:51.852,0,,34.957,0,42.104,0,34.791,0,174.2,1:02:34.698,09:32:34.698,0:34.957,0:42.104,0:34.791,271.6,Matthieu VAXIVIERE,,HYPERCAR,,Alpine Elf Matmut,Alpine,
36,3,24,2:28.200,0,B,34.914,0,42.799,0,1:10.487,0,131.5,1:05:02.898,09:35:02.898,0:34.914,0:42.799,1:10.487,270.9,Matthieu VAXIVIERE,,HYPERCAR,,Alpine Elf Matmut,Alpine,
36,2,25,9:58.082,0,,8:38.906,0,44.003,0,35.173,0,32.6,1:15:00.980,09:45:00.980,8:38.906,0:44.003,0:35.173,175.1,Nicolas LAPIERRE,0:08:07.415,HYPERCAR,,Alpine Elf Matmut,Alpine,
36,2,26,1:51.939,0,,35.345,0,42.298,0,34.296,2,174.1,1:16:52.919,09:46:52.919,0:35.345,0:42.298,0:34.296,252.0,Nicolas LAPIERRE,,HYPERCAR,,Alpine Elf Matmut,Alpine,
36,2,27,1:50.288,0,,34.401,2,41.273,1,34.614,0,176.7,1:18:43.207,09:48:43.207,0:34.401,0:41.273,0:34.614,280.7,Nicolas LAPIERRE,,HYPERCAR,,Alpine Elf Matmut,Alpine,
36,2,28,1:50.720,0,,34.721,0,41.301,0,34.698,0,176.0,1:20:33.927,09:50:33.927,0:34.721,0:41.301,0:34.698,283.7,Nicolas LAPIERRE,,HYPERCAR,,Alpine Elf Matmut,Alpine,
36,2,29,1:57.366,0,B,35.661,0,42.302,0,39.403,0,166.0,1:22:31.293,09:52:31.293,0:35.661,0:42.302,0:39.403,286.7,Nicolas LAPIERRE,,HYPERCAR,,Alpine Elf Matmut,Alpine,
36,1,30,2:48.151,0,,1:31.443,0,41.977,0,34.731,0,115.9,1:25:19.444,09:55:19.444,1:31.443,0:41.977,0:34.731,118.0,André NEGRÃO,0:00:58.218,HYPERCAR,,Alpine Elf Matmut,Alpine,
36,1,31,1:52.054,0,,35.271,0,42.141,0,34.642,1,173.9,1:27:11.498,09:57:11.498,0:35.271,0:42.141,0:34.642,248.5,André NEGRÃO,,HYPERCAR,,Alpine Elf Matmut,Alpine,
36,1,32,1:51.598,0,,34.812,0,42.095,0,34.691,0,174.6,1:29:03.096,09:59:03.096,0:34.812,0:42.095,0:34.691,274.3,André NEGRÃO,,HYPERCAR,,Alpine Elf Matmut,Alpine,
36,1,33,1:51.507,0,,34.667,1,41.860,1,34.980,0,174.7,1:30:54.603,10:00:54.603,0:34.667,0:41.860,0:34.980,282.9,André NEGRÃO,,HYPERCAR,,Alpine Elf Matmut,Alpine,
38,1,1,2:35.846,0,,1:09.483,0,48.174,0,38.189,0,119.3,2:35.846,08:32:35.846,1:09.483,0:48.174,0:38.189,150.7,Roberto GONZALEZ,0:00:28.474,LMP2,,JOTA,Oreca,
38,1,2,1:56.925,0,,37.326,0,43.240,0,36.359,0,166.6,4:32.771,08:34:32.771,0:37.326,0:43.240,0:36.359,223.4,Roberto GONZALEZ,,LMP2,,JOTA,Oreca,
38,1,3,1:54.573,0,,36.413,0,42.777,1,35.383,1,170.1,6:27.344,08:36:27.344,0:36.413,0:42.777,0:35.383,231.0,Roberto GONZALEZ,,LMP2,,JOTA,Oreca,
38,1,4,1:54.450,0,,35.895,0,42.911,0,35.644,0,170.2,8:21.794,08:38:21.794,0:35.895,0:42.911,0:35.644,265.6,Roberto GONZALEZ,,LMP2,,JOTA,Oreca,
38,1,5,1:55.091,0,,35.841,0,43.386,0,35.864,0,169.3,10:16.885,08:40:16.885,0:35.841,0:43.386,0:35.864,254.4,Roberto GONZALEZ,,LMP2,,JOTA,Oreca,
38,1,6,1:56.502,0,,35.865,0,43.402,0,37.235,0,167.2,12:13.387,08:42:13.387,0:35.865,0:43.402,0:37.235,246.3,Roberto GONZALEZ,,LMP2,,JOTA,Oreca,
38,1,7,1:56.684,0,,36.567,0,43.357,0,36.760,0,167.0,14:10.071,08:44:10.071,0:36.567,0:43.357,0:36.760,232.0,Roberto GONZALEZ,,LMP2,,JOTA,Oreca,
38,1,8,1:55.430,0,,35.675,1,43.731,0,36.024,0,168.8,16:05.501,08:46:05.501,0:35.675,0:43.731,0:36.024,253.2,Roberto GONZALEZ,,LMP2,,JOTA,Oreca,
38,1,9,1:56.316,0,,36.238,0,43.187,0,36.891,0,167.5,18:01.817,08:48:01.817,0:36.238,0:43.187,0:36.891,242.4,Roberto GONZALEZ,,LMP2,,JOTA,Oreca,
38,1,10,1:54.685,0,,36.106,0,42.906,0,35.673,0,169.9,19:56.502,08:49:56.502,0:36.106,0:42.906,0:35.673,251.4,Roberto GONZALEZ,,LMP2,,JOTA,Oreca,
38,1,11,1:54.401,0,,35.746,0,42.908,0,35.747,0,170.3,21:50.903,08:51:50.903,0:35.746,0:42.908,0:35.747,240.8,Roberto GONZALEZ,,LMP2,,JOTA,Oreca,
38,1,12,1:55.394,0,,36.451,0,43.203,0,35.740,0,168.8,23:46.297,08:53:46.297,0:36.451,0:43.203,0:35.740,244.6,Roberto GONZALEZ,,LMP2,,JOTA,Oreca,
38,1,13,1:56.634,0,,36.146,0,44.227,0,36.261,0,167.0,25:42.931,08:55:42.931,0:36.146,0:44.227,0:36.261,258.0,Roberto GONZALEZ,,LMP2,,JOTA,Oreca,
38,1,14,1:56.323,0,,36.769,0,43.501,0,36.053,0,167.5,27:39.254,08:57:39.254,0:36.769,0:43.501,0:36.053,265.6,Roberto GONZALEZ,,LMP2,,JOTA,Oreca,
38,1,15,1:56.555,0,,36.293,0,43.878,0,36.384,0,167.2,29:35.809,08:59:35.809,0:36.293,0:43.878,0:36.384,250.8,Roberto GONZALEZ,,LMP2,,JOTA,Oreca,
38,1,16,1:55.694,0,,36.430,0,43.392,0,35.872,0,168.4,31:31.503,09:01:31.503,0:36.430,0:43.392,0:35.872,252.0,Roberto GONZALEZ,,LMP2,,JOTA,Oreca,
38,1,17,1:54.797,0,,35.723,0,43.142,0,35.932,0,169.7,33:26.300,09:03:26.300,0:35.723,0:43.142,0:35.932,257.4,Roberto GONZALEZ,,LMP2,,JOTA,Oreca,
38,1,18,2:02.485,0,B,36.234,0,44.167,0,42.084,0,159.1,35:28.785,09:05:28.785,0:36.234,0:44.167,0:42.084,245.2,Roberto GONZALEZ,,LMP2,,JOTA,Oreca,
38,1,19,3:31.381,0,,2:11.874,0,43.454,0,36.053,0,92.2,39:00.166,09:09:00.166,2:11.874,0:43.454,0:36.053,155.2,Roberto GONZALEZ,0:01:39.286,LMP2,,JOTA,Oreca,
38,1,20,1:55.891,0,,36.309,0,43.564,0,36.018,0,168.1,40:56.057,09:10:56.057,0:36.309,0:43.564,0:36.018,264.3,Roberto GONZALEZ,,LMP2,,JOTA,Oreca,
38,1,21,1:54.911,0,,35.808,0,43.253,0,35.850,0,169.6,42:50.968,09:12:50.968,0:35.808,0:43.253,0:35.850,252.6,Roberto GONZALEZ,,LMP2,,JOTA,Oreca,
38,1,22,1:57.349,0,,36.188,0,43.963,0,37.198,0,166.0,44:48.317,09:14:48.317,0:36.188,0:43.963,0:37.198,247.4,Roberto GONZALEZ,,LMP2,,JOTA,Oreca,
38,1,23,2:12.986,0,B,36.229,0,44.010,0,52.747,0,146.5,47:01.303,09:17:01.303,0:36.229,0:44.010,0:52.747,238.7,Roberto GONZALEZ,,LMP2,,JOTA,Oreca,
38,3,24,6:22.718,0,,5:03.283,0,43.515,0,35.920,1,50.9,53:24.021,09:23:24.021,5:03.283,0:43.515,0:35.920,144.7,Anthony DAVIDSON,0:04:30.552,LMP2,,JOTA,Oreca,
38,3,25,1:56.102,0,,36.101,1,43.386,0,36.615,0,167.8,55:20.123,09:25:20.123,0:36.101,0:43.386,0:36.615,256.2,Anthony DAVIDSON,,LMP2,,JOTA,Oreca,
38,3,26,1:57.292,0,,37.306,0,43.637,0,36.349,0,166.1,57:17.415,09:27:17.415,0:37.306,0:43.637,0:36.349,267.6,Anthony DAVIDSON,,LMP2,,JOTA,Oreca,
38,3,27,1:59.099,0,B,36.104,0,43.513,0,39.482,0,163.6,59:16.514,09:29:16.514,0:36.104,0:43.513,0:39.482,258.6,Anthony DAVIDSON,,LMP2,,JOTA,Oreca,
38,3,28,3:07.378,0,,1:48.009,0,43.410,0,35.959,0,104.0,1:02:23.892,09:32:23.892,1:48.009,0:43.410,0:35.959,178.5,Anthony DAVIDSON,0:01:16.175,LMP2,,JOTA,Oreca,
38,3,29,2:24.790,0,B,36.275,0,42.993,1,1:05.522,0,134.6,1:04:48.682,09:34:48.682,0:36.275,0:42.993,1:05.522,266.2,Anthony DAVIDSON,,LMP2,,JOTA,Oreca,
38,3,30,4:44.645,0,B,2:15.315,0,1:06.999,0,1:22.331,0,68.4,1:09:33.327,09:39:33.327,2:15.315,1:06.999,1:22.331,149.1,Anthony DAVIDSON,0:01:42.211,LMP2,,JOTA,Oreca,
38,2,31,6:12.730,0,,4:52.452,0,44.058,0,36.220,0,52.3,1:15:46.057,09:45:46.057,4:52.452,0:44.058,0:36.220,153.7,Antonio Felix DA COSTA,0:04:18.631,LMP2,,JOTA,Oreca,
38,2,32,1:54.697,0,,35.988,0,43.206,0,35.503,0,169.9,1:17:40.754,09:47:40.754,0:35.988,0:43.206,0:35.503,258.0,Antonio Felix DA COSTA,,LMP2,,JOTA,Oreca,
38,2,33,1:54.594,0,,35.857,0,43.017,0,35.720,0,170.0,1:19:35.348,09:49:35.348,0:35.857,0:43.017,0:35.720,258.6,Antonio Felix DA COSTA,,LMP2,,JOTA,Oreca,
38,2,34,1:55.685,0,,35.989,0,43.264,0,36.432,0,168.4,1:21:31.033,09:51:31.033,0:35.989,0:43.264,0:36.432,245.2,Antonio Felix DA COSTA,,LMP2,,JOTA,Oreca,
38,2,35,1:53.970,0,,35.691,0,42.902,0,35.377,0,171.0,1:23:25.003,09:53:25.003,0:35.691,0:42.902,0:35.377,246.8,Antonio Felix DA COSTA,,LMP2,,JOTA,Oreca,
38,2,36,1:53.806,0,,35.649,0,42.739,0,35.418,0,171.2,1:25:18.809,09:55:18.809,0:35.649,0:42.739,0:35.418,254.4,Antonio Felix DA COSTA,,LMP2,,JOTA,Oreca,
38,2,37,1:55.399,0,,36.156,0,43.252,0,35.991,0,168.8,1:27:14.208,09:57:14.208,0:36.156,0:43.252,0:35.991,250.8,Antonio Felix DA COSTA,,LMP2,,JOTA,Oreca,
38,2,38,1:53.538,2,,35.636,0,42.613,0,35.289,2,171.6,1:29:07.746,09:59:07.746,0:35.636,0:42.613,0:35.289,256.8,Antonio Felix DA COSTA,,LMP2,,JOTA,Oreca,
38,2,39,1:53.808,0,,35.510,2,42.572,2,35.726,0,171.2,1:31:01.554,10:01:01.554,0:35.510,0:42.572,0:35.726,263.0,Antonio Felix DA COSTA,,LMP2,,JOTA,Oreca,
44,2,1,4:25.733,0,,2:58.877,0,48.768,0,38.088,0,69.9,4:25.733,08:34:25.733,2:58.877,0:48.768,0:38.088,117.7,Oliver WEBB,0:02:19.042,LMP2,P/A,ARC Bratislava,Oreca,
44,2,2,1:56.407,0,,36.194,0,44.037,0,36.176,0,167.4,6:22.140,08:36:22.140,0:36.194,0:44.037,0:36.176,249.7,Oliver WEBB,,LMP2,P/A,ARC Bratislava,Oreca,
44,2,3,1:56.133,0,,36.304,0,43.527,0,36.302,0,167.8,8:18.273,08:38:18.273,0:36.304,0:43.527,0:36.302,253.2,Oliver WEBB,,LMP2,P/A,ARC Bratislava,Oreca,
44,2,4,1:59.525,0,,36.367,0,44.751,0,38.407,0,163.0,10:17.798,08:40:17.798,0:36.367,0:44.751,0:38.407,267.6,Oliver WEBB,,LMP2,P/A,ARC Bratislava,Oreca,
44,2,5,2:04.484,0,B,36.980,0,45.236,0,42.268,0,156.5,12:22.282,08:42:22.282,0:36.980,0:45.236,0:42.268,217.2,Oliver WEBB,,LMP2,P/A,ARC Bratislava,Oreca,
44,2,6,4:33.992,0,,3:15.685,0,43.345,0,34.962,0,71.1,16:56.274,08:46:56.274,3:15.685,0:43.345,0:34.962,175.9,Oliver WEBB,0:02:43.842,LMP2,P/A,ARC Bratislava,Oreca,
44,2,7,1:51.382,2,,34.905,2,41.659,2,34.818,2,174.9,18:47.656,08:48:47.656,0:34.905,0:41.659,0:34.818,275.7,Oliver WEBB,,LMP2,P/A,ARC Bratislava,Oreca,
44,2,8,1:52.589,0,,35.438,0,41.957,0,35.194,0,173.0,20:40.245,08:50:40.245,0:35.438,0:41.957,0:35.194,278.6,Oliver WEBB,,LMP2,P/A,ARC Bratislava,Oreca,
44,2,9,1:53.065,0,,35.793,0,42.067,0,35.205,0,172.3,22:33.310,08:52:33.310,0:35.793,0:42.067,0:35.205,233.0,Oliver WEBB,,LMP2,P/A,ARC Bratislava,Oreca,
44,2,10,1:58.126,0,B,35.271,0,42.052,0,40.803,0,164.9,24:31.436,08:54:31.436,0:35.271,0:42.052,0:40.803,281.5,Oliver WEBB,,LMP2,P/A,ARC Bratislava,Oreca,
44,3,11,3:59.969,0,,2:41.771,0,42.378,0,35.820,0,81.2,28:31.405,08:58:31.405,2:41.771,0:42.378,0:35.820,167.7,Kush MAINI,0:02:08.792,LMP2,P/A,ARC Bratislava,Oreca,
44,3,12,1:54.415,0,,35.601,0,43.126,0,35.688,0,170.3,30:25.820,09:00:25.820,0:35.601,0:43.126,0:35.688,277.1,Kush MAINI,,LMP2,P/A,ARC Bratislava,Oreca,
44,3,13,1:54.237,0,,35.546,0,42.421,0,36.270,0,170.6,32:20.057,09:02:20.057,0:35.546,0:42.421,0:36.270,275.7,Kush MAINI,,LMP2,P/A,ARC Bratislava,Oreca,
44,3,14,1:54.003,0,,35.544,1,42.794,0,35.665,0,170.9,34:14.060,09:04:14.060,0:35.544,0:42.794,0:35.665,270.9,Kush MAINI,,LMP2,P/A,ARC Bratislava,Oreca,
44,3,15,1:54.717,0,,36.439,0,42.525,0,35.753,0,169.8,36:08.777,09:06:08.777,0:36.439,0:42.525,0:35.753,232.5,Kush MAINI,,LMP2,P/A,ARC Bratislava,Oreca,
44,3,16,1:53.503,0,,35.616,0,42.283,1,35.604,0,171.7,38:02.280,09:08:02.280,0:35.616,0:42.283,0:35.604,254.4,Kush MAINI,,LMP2,P/A,ARC Bratislava,Oreca,
44,3,17,1:54.078,0,,35.644,0,42.423,0,36.011,0,170.8,39:56.358,09:09:56.358,0:35.644,0:42.423,0:36.011,277.1,Kush MAINI,,LMP2,P/A,ARC Bratislava,Oreca,
44,3,18,1:56.218,0,,36.206,0,43.667,0,36.345,0,167.6,41:52.576,09:11:52.576,0:36.206,0:43.667,0:36.345,248.5,Kush MAINI,,LMP2,P/A,ARC Bratislava,Oreca,
44,3,19,1:54.244,0,,35.767,0,42.704,0,35.773,0,170.5,43:46.820,09:13:46.820,0:35.767,0:42.704,0:35.773,260.5,Kush MAINI,,LMP2,P/A,ARC Bratislava,Oreca,
44,3,20,1:56.172,0,,36.022,0,44.018,0,36.132,0,167.7,45:42.992,09:15:42.992,0:36.022,0:44.018,0:36.132,266.2,Kush MAINI,,LMP2,P/A,ARC Bratislava,Oreca,
44,3,21,3:11.902,0,B,35.611,0,1:11.850,0,1:24.441,0,101.5,48:54.894,09:18:54.894,0:35.611,1:11.850,1:24.441,270.2,Kush MAINI,,LMP2,P/A,ARC Bratislava,Oreca,
44,3,22,5:33.846,0,,4:13.239,0,44.747,0,35.860,0,58.4,54:28.740,09:24:28.740,4:13.239,0:44.747,0:35.860,165.9,Kush MAINI,0:03:39.935,LMP2,P/A,ARC Bratislava,Oreca,
44,3,23,1:55.619,0,,36.394,0,43.681,0,35.544,1,168.5,56:24.359,09:26:24.359,0:36.394,0:43.681,0:35.544,270.2,Kush MAINI,,LMP2,P/A,ARC Bratislava,Oreca,
44,3,24,1:54.874,0,,36.343,0,42.671,0,35.860,0,169.6,58:19.233,09:28:19.233,0:36.343,0:42.671,0:35.860,273.6,Kush MAINI,,LMP2,P/A,ARC Bratislava,Oreca,
44,3,25,1:54.147,0,,35.730,0,42.755,0,35.662,0,170.7,1:00:13.380,09:30:13.380,0:35.730,0:42.755,0:35.662,268.2,Kush MAINI,,LMP2,P/A,ARC Bratislava,Oreca,
44,3,26,1:54.644,0,,35.642,0,42.858,0,36.144,0,169.9,1:02:08.024,09:32:08.024,0:35.642,0:42.858,0:36.144,270.9,Kush MAINI,,LMP2,P/A,ARC Bratislava,Oreca,
44,3,27,1:55.448,0,,35.867,0,43.161,0,36.420,0,168.8,1:04:03.472,09:34:03.472,0:35.867,0:43.161,0:36.420,270.2,Kush MAINI,,LMP2,P/A,ARC Bratislava,Oreca,
44,3,28,3:17.302,0,B,1:19.936,0,1:16.319,0,41.047,0,98.7,1:07:20.774,09:37:20.774,1:19.936,1:16.319,0:41.047,81.1,Kush MAINI,,LMP2,P/A,ARC Bratislava,Oreca,
44,1,29,8:26.595,0,,6:59.546,0,48.008,0,39.041,0,38.5,1:15:47.369,09:45:47.369,6:59.546,0:48.008,0:39.041,149.5,Miroslav KONOPKA,0:06:22.194,LMP2,P/A,ARC Bratislava,Oreca,
44,1,30,1:59.513,0,,37.085,0,44.975,0,37.453,0,163.0,1:17:46.882,09:47:46.882,0:37.085,0:44.975,0:37.453,258.6,Miroslav KONOPKA,,LMP2,P/A,ARC Bratislava,Oreca,
44,1,31,1:59.908,0,,36.910,1,45.017,0,37.981,0,162.5,1:19:46.790,09:49:46.790,0:36.910,0:45.017,0:37.981,268.2,Miroslav KONOPKA,,LMP2,P/A,ARC Bratislava,Oreca,
44,1,32,2:01.011,0,,38.833,0,44.858,0,37.320,0,161.0,1:21:47.801,09:51:47.801,0:38.833,0:44.858,0:37.320,279.3,Miroslav KONOPKA,,LMP2,P/A,ARC Bratislava,Oreca,
44,1,33,1:59.498,0,,37.069,0,44.704,1,37.725,0,163.0,1:23:47.299,09:53:47.299,0:37.069,0:44.704,0:37.725,256.2,Miroslav KONOPKA,,LMP2,P/A,ARC Bratislava,Oreca,
44,1,34,2:01.350,0,,37.374,0,46.288,0,37.688,0,160.6,1:25:48.649,09:55:48.649,0:37.374,0:46.288,0:37.688,260.5,Miroslav KONOPKA,,LMP2,P/A,ARC Bratislava,Oreca,
44,1,35,1:59.892,0,,37.542,0,45.109,0,37.241,0,162.5,1:27:48.541,09:57:48.541,0:37.542,0:45.109,0:37.241,254.4,Miroslav KONOPKA,,LMP2,P/A,ARC Bratislava,Oreca,
44,1,36,1:59.066,0,,36.972,0,45.095,0,36.999,1,163.6,1:29:47.607,09:59:47.607,0:36.972,0:45.095,0:36.999,258.0,Miroslav KONOPKA,,LMP2,P/A,ARC Bratislava,Oreca,
44,1,37,2:07.597,0,B,36.971,0,45.230,0,45.396,0,152.7,1:31:55.204,10:01:55.204,0:36.971,0:45.230,0:45.396,259.9,Miroslav KONOPKA,,LMP2,P/A,ARC Bratislava,Oreca,
47,2,1,2:39.086,0,,1:12.626,0,47.397,0,39.063,0,116.8,2:39.086,08:32:39.086,1:12.626,0:47.397,0:39.063,138.6,Giorgio SERNAGIOTTO,0:00:33.067,LMGTE Am,,Cetilar Racing,Ferrari,
47,2,2,2:03.316,0,,38.621,0,45.896,0,38.799,0,158.0,4:42.402,08:34:42.402,0:38.621,0:45.896,0:38.799,248.5,Giorgio SERNAGIOTTO,,LMGTE Am,,Cetilar Racing,Ferrari,
47,2,3,2:02.490,0,,38.358,0,45.403,0,38.729,0,159.1,6:44.892,08:36:44.892,0:38.358,0:45.403,0:38.729,249.7,Giorgio SERNAGIOTTO,,LMGTE Am,,Cetilar Racing,Ferrari,
47,2,4,2:02.927,0,,38.526,0,45.362,0,39.039,0,158.5,8:47.819,08:38:47.819,0:38.526,0:45.362,0:39.039,253.8,Giorgio SERNAGIOTTO,,LMGTE Am,,Cetilar Racing,Ferrari,
47,2,5,2:02.899,0,,38.355,0,45.688,0,38.856,0,158.5,10:50.718,08:40:50.718,0:38.355,0:45.688,0:38.856,250.8,Giorgio SERNAGIOTTO,,LMGTE Am,,Cetilar Racing,Ferrari,
47,2,6,2:08.377,0,B,38.317,0,45.628,0,44.432,0,151.8,12:59.095,08:42:59.095,0:38.317,0:45.628,0:44.432,247.4,Giorgio SERNAGIOTTO,,LMGTE Am,,Cetilar Racing,Ferrari,
47,2,7,3:18.476,0,,1:54.134,0,45.787,0,38.555,0,98.2,16:17.571,08:46:17.571,1:54.134,0:45.787,0:38.555,145.8,Giorgio SERNAGIOTTO,0:01:16.840,LMGTE Am,,Cetilar Racing,Ferrari,
47,2,8,1:59.970,2,,37.761,2,44.302,2,37.907,2,162.4,18:17.541,08:48:17.541,0:37.761,0:44.302,0:37.907,252.6,Giorgio SERNAGIOTTO,,LMGTE Am,,Cetilar Racing,Ferrari,
47,2,9,2:00.339,0,,37.864,0,44.457,0,38.018,0,161.9,20:17.880,08:50:17.880,0:37.864,0:44.457,0:38.018,255.0,Giorgio SERNAGIOTTO,,LMGTE Am,,Cetilar Racing,Ferrari,
47,2,10,2:00.639,0,,37.777,0,44.753,0,38.109,0,161.5,22:18.519,08:52:18.519,0:37.777,0:44.753,0:38.109,252.6,Giorgio SERNAGIOTTO,,LMGTE Am,,Cetilar Racing,Ferrari,
47,2,11,2:05.604,0,B,38.149,0,44.726,0,42.729,0,155.1,24:24.123,08:54:24.123,0:38.149,0:44.726,0:42.729,255.6,Giorgio SERNAGIOTTO,,LMGTE Am,,Cetilar Racing,Ferrari,
47,3,12,3:10.287,0,,1:45.907,0,46.037,0,38.343,0,102.4,27:34.410,08:57:34.410,1:45.907,0:46.037,0:38.343,146.6,Antonio FUOCO,0:01:08.887,LMGTE Am,,Cetilar Racing,Ferrari,
47,3,13,2:01.432,0,,38.037,0,44.889,0,38.506,0,160.4,29:35.842,08:59:35.842,0:38.037,0:44.889,0:38.506,248.0,Antonio FUOCO,,LMGTE Am,,Cetilar Racing,Ferrari,
47,3,14,2:02.243,0,,38.039,0,45.388,0,38.816,0,159.4,31:38.085,09:01:38.085,0:38.039,0:45.388,0:38.816,245.2,Antonio FUOCO,,LMGTE Am,,Cetilar Racing,Ferrari,
47,3,15,2:01.754,0,,38.048,0,45.092,0,38.614,0,160.0,33:39.839,09:03:39.839,0:38.048,0:45.092,0:38.614,244.6,Antonio FUOCO,,LMGTE Am,,Cetilar Racing,Ferrari,
47,3,16,2:01.344,0,,38.335,0,44.797,0,38.212,1,160.6,35:41.183,09:05:41.183,0:38.335,0:44.797,0:38.212,252.0,Antonio FUOCO,,LMGTE Am,,Cetilar Racing,Ferrari,
47,3,17,2:00.672,0,,37.875,1,44.567,1,38.230,0,161.5,37:41.855,09:07:41.855,0:37.875,0:44.567,0:38.230,244.1,Antonio FUOCO,,LMGTE Am,,Cetilar Racing,Ferrari,
47,3,18,2:01.245,0,,38.043,0,44.892,0,38.310,0,160.7,39:43.100,09:09:43.100,0:38.043,0:44.892,0:38.310,246.8,Antonio FUOCO,,LMGTE Am,,Cetilar Racing,Ferrari,
47,3,19,2:05.970,0,B,38.007,0,44.963,0,43.000,0,154.7,41:49.070,09:11:49.070,0:38.007,0:44.963,0:43.000,248.5,Antonio FUOCO,,LMGTE Am,,Cetilar Racing,Ferrari,
47,3,20,3:30.576,0,,2:06.901,0,45.039,0,38.636,0,92.5,45:19.646,09:15:19.646,2:06.901,0:45.039,0:38.636,161.0,Antonio FUOCO,0:01:33.843,LMGTE Am,,Cetilar Racing,Ferrari,
47,3,21,2:58.609,0,B,38.253,0,58.628,0,1:21.728,0,109.1,48:18.255,09:18:18.255,0:38.253,0:58.628,1:21.728,248.5,Antonio FUOCO,,LMGTE Am,,Cetilar Racing,Ferrari,
47,1,22,5:13.206,0,,3:47.542,0,46.433,0,39.231,0,62.2,53:31.461,09:23:31.461,3:47.542,0:46.433,0:39.231,132.0,Roberto LACORTE,0:03:10.784,LMGTE Am,,Cetilar Racing,Ferrari,
47,1,23,2:03.527,0,,38.596,0,45.773,0,39.158,0,157.7,55:34.988,09:25:34.988,0:38.596,0:45.773,0:39.158,234.5,Roberto LACORTE,,LMGTE Am,,Cetilar Racing,Ferrari,
47,1,24,2:03.442,0,,38.302,0,46.252,0,38.888,0,157.8,57:38.430,09:27:38.430,0:38.302,0:46.252,0:38.888,251.4,Roberto LACORTE,,LMGTE Am,,Cetilar Racing,Ferrari,
47,1,25,2:04.035,0,,38.729,0,46.193,0,39.113,0,157.1,59:42.465,09:29:42.465,0:38.729,0:46.193,0:39.113,252.6,Roberto LACORTE,,LMGTE Am,,Cetilar Racing,Ferrari,
47,1,26,2:04.368,0,,38.510,0,46.664,0,39.194,0,156.7,1:01:46.833,09:31:46.833,0:38.510,0:46.664,0:39.194,251.4,Roberto LACORTE,,LMGTE Am,,Cetilar Racing,Ferrari,
47,1,27,2:09.742,0,B,39.453,0,46.144,0,44.145,0,150.2,1:03:56.575,09:33:56.575,0:39.453,0:46.144,0:44.145,228.6,Roberto LACORTE,,LMGTE Am,,Cetilar Racing,Ferrari,
47,1,28,6:02.683,0,B,3:40.927,0,1:21.516,0,1:00.240,0,53.7,1:09:59.258,09:39:59.258,3:40.927,1:21.516,1:00.240,155.2,Roberto LACORTE,0:02:55.652,LMGTE Am,,Cetilar Racing,Ferrari,
47,1,29,6:21.757,0,,4:56.573,0,46.526,0,38.658,0,51.0,1:16:21.015,09:46:21.015,4:56.573,0:46.526,0:38.658,158.7,Roberto LACORTE,0:04:20.907,LMGTE Am,,Cetilar Racing,Ferrari,
47,1,30,2:00.445,0,,37.770,1,44.500,1,38.175,1,161.8,1:18:21.460,09:48:21.460,0:37.770,0:44.500,0:38.175,255.0,Roberto LACORTE,,LMGTE Am,,Cetilar Racing,Ferrari,
47,1,31,2:01.807,0,,38.019,0,45.442,0,38.346,0,160.0,1:20:23.267,09:50:23.267,0:38.019,0:45.442,0:38.346,249.7,Roberto LACORTE,,LMGTE Am,,Cetilar Racing,Ferrari,
47,1,32,2:24.091,0,B,37.980,0,1:02.414,0,43.697,0,135.2,1:22:47.358,09:52:47.358,0:37.980,1:02.414,0:43.697,253.8,Roberto LACORTE,,LMGTE Am,,Cetilar Racing,Ferrari,
47,1,33,2:45.653,0,,1:19.199,0,45.682,0,40.772,0,117.6,1:25:33.011,09:55:33.011,1:19.199,0:45.682,0:40.772,160.5,Roberto LACORTE,0:00:44.787,LMGTE Am,,Cetilar Racing,Ferrari,
47,1,34,2:03.886,0,,38.646,0,46.134,0,39.106,0,157.3,1:27:36.897,09:57:36.897,0:38.646,0:46.134,0:39.106,251.4,Roberto LACORTE,,LMGTE Am,,Cetilar Racing,Ferrari,
47,1,35,2:04.119,0,,38.833,0,45.915,0,39.371,0,157.0,1:29:41.016,09:59:41.016,0:38.833,0:45.915,0:39.371,247.4,Roberto LACORTE,,LMGTE Am,,Cetilar Racing,Ferrari,
47,1,36,2:07.776,0,,38.966,0,48.717,0,40.093,0,152.5,1:31:48.792,10:01:48.792,0:38.966,0:48.717,0:40.093,248.0,Roberto LACORTE,,LMGTE Am,,Cetilar Racing,Ferrari,
51,1,1,2:46.147,0,,1:15.633,0,48.974,0,41.540,0,111.9,2:46.147,08:32:46.147,1:15.633,0:48.974,0:41.540,141.5,Alessandro PIER GUIDI,0:00:34.241,LMGTE Pro,,AF Corse,Ferrari,
51,1,2,2:04.965,0,,40.207,0,45.635,0,39.123,0,155.9,4:51.112,08:34:51.112,0:40.207,0:45.635,0:39.123,187.2,Alessandro PIER GUIDI,,LMGTE Pro,,AF Corse,Ferrari,
51,1,3,2:02.688,0,,38.650,0,45.122,0,38.916,0,158.8,6:53.800,08:36:53.800,0:38.650,0:45.122,0:38.916,219.8,Alessandro PIER GUIDI,,LMGTE Pro,,AF Corse,Ferrari,
51,1,4,2:08.541,0,,44.401,0,45.286,0,38.854,0,151.6,9:02.341,08:39:02.341,0:44.401,0:45.286,0:38.854,251.4,Alessandro PIER GUIDI,,LMGTE Pro,,AF Corse,Ferrari,
51,1,5,2:02.256,0,,38.387,0,45.133,0,38.736,0,159.4,11:04.597,08:41:04.597,0:38.387,0:45.133,0:38.736,238.7,Alessandro PIER GUIDI,,LMGTE Pro,,AF Corse,Ferrari,
51,1,6,2:05.279,0,B,37.976,0,44.674,0,42.629,0,155.5,13:09.876,08:43:09.876,0:37.976,0:44.674,0:42.629,249.1,Alessandro PIER GUIDI,,LMGTE Pro,,AF Corse,Ferrari,
51,2,7,7:37.203,0,,6:10.344,0,47.825,0,39.034,0,42.6,20:47.079,08:50:47.079,6:10.344,0:47.825,0:39.034,150.5,James CALADO,0:05:34.613,LMGTE Pro,,AF Corse,Ferrari,
51,2,8,2:07.271,0,B,38.275,0,45.390,0,43.606,0,153.1,22:54.350,08:52:54.350,0:38.275,0:45.390,0:43.606,248.5,James CALADO,,LMGTE Pro,,AF Corse,Ferrari,
51,2,9,3:19.127,0,,1:53.743,0,45.413,0,39.971,0,97.8,26:13.477,08:56:13.477,1:53.743,0:45.413,0:39.971,133.4,James CALADO,0:01:14.504,LMGTE Pro,,AF Corse,Ferrari,
51,2,10,1:59.317,2,,37.497,0,43.913,0,37.907,2,163.3,28:12.794,08:58:12.794,0:37.497,0:43.913,0:37.907,255.0,James CALADO,,LMGTE Pro,,AF Corse,Ferrari,
51,2,11,2:01.045,0,,37.408,2,44.775,0,38.862,0,161.0,30:13.839,09:00:13.839,0:37.408,0:44.775,0:38.862,256.8,James CALADO,,LMGTE Pro,,AF Corse,Ferrari,
51,2,12,1:59.638,0,,37.630,0,44.071,0,37.937,0,162.9,32:13.477,09:02:13.477,0:37.630,0:44.071,0:37.937,256.2,James CALADO,,LMGTE Pro,,AF Corse,Ferrari,
51,2,13,1:59.353,0,,37.517,0,43.909,2,37.927,0,163.2,34:12.830,09:04:12.830,0:37.517,0:43.909,0:37.927,255.0,James CALADO,,LMGTE Pro,,AF Corse,Ferrari,
51,2,14,2:00.233,0,,37.887,0,44.318,0,38.028,0,162.0,36:13.063,09:06:13.063,0:37.887,0:44.318,0:38.028,249.7,James CALADO,,LMGTE Pro,,AF Corse,Ferrari,
51,2,15,1:59.704,0,,37.589,0,44.146,0,37.969,0,162.8,38:12.767,09:08:12.767,0:37.589,0:44.146,0:37.969,250.8,James CALADO,,LMGTE Pro,,AF Corse,Ferrari,
51,2,16,1:59.999,0,,37.663,0,44.289,0,38.047,0,162.4,40:12.766,09:10:12.766,0:37.663,0:44.289,0:38.047,251.4,James CALADO,,LMGTE Pro,,AF Corse,Ferrari,
51,2,17,1:59.877,0,,37.634,0,44.144,0,38.099,0,162.5,42:12.643,09:12:12.643,0:37.634,0:44.144,0:38.099,250.3,James CALADO,,LMGTE Pro,,AF Corse,Ferrari,
51,2,18,2:00.066,0,,37.782,0,44.245,0,38.039,0,162.3,44:12.709,09:14:12.709,0:37.782,0:44.245,0:38.039,245.7,James CALADO,,LMGTE Pro,,AF Corse,Ferrari,
51,2,19,2:03.693,0,B,37.619,0,44.149,0,41.925,0,157.5,46:16.402,09:16:16.402,0:37.619,0:44.149,0:41.925,248.5,James CALADO,,LMGTE Pro,,AF Corse,Ferrari,
51,1,20,6:56.956,0,,5:33.229,0,45.377,0,38.350,0,46.7,53:13.358,09:23:13.358,5:33.229,0:45.377,0:38.350,98.5,Alessandro PIER GUIDI,0:04:56.209,LMGTE Pro,,AF Corse,Ferrari,
51,1,21,2:03.130,0,,39.720,0,45.126,0,38.284,0,158.2,55:16.488,09:25:16.488,0:39.720,0:45.126,0:38.284,253.2,Alessandro PIER GUIDI,,LMGTE Pro,,AF Corse,Ferrari,
51,1,22,2:01.905,0,,38.253,0,45.305,0,38.347,0,159.8,57:18.393,09:27:18.393,0:38.253,0:45.305,0:38.347,251.4,Alessandro PIER GUIDI,,LMGTE Pro,,AF Corse,Ferrari,
51,1,23,2:01.798,0,,37.992,0,45.520,0,38.286,0,160.0,59:20.191,09:29:20.191,0:37.992,0:45.520,0:38.286,250.8,Alessandro PIER GUIDI,,LMGTE Pro,,AF Corse,Ferrari,
51,1,24,2:01.166,0,,38.015,0,44.796,0,38.355,0,160.8,1:01:21.357,09:31:21.357,0:38.015,0:44.796,0:38.355,253.8,Alessandro PIER GUIDI,,LMGTE Pro,,AF Corse,Ferrari,
51,1,25,2:01.149,0,,37.943,0,44.915,0,38.291,0,160.8,1:03:22.506,09:33:22.506,0:37.943,0:44.915,0:38.291,255.0,Alessandro PIER GUIDI,,LMGTE Pro,,AF Corse,Ferrari,
51,1,26,3:14.146,0,,38.218,0,1:17.883,0,1:18.045,0,100.4,1:06:36.652,09:36:36.652,0:38.218,1:17.883,1:18.045,251.4,Alessandro PIER GUIDI,,LMGTE Pro,,AF Corse,Ferrari,
51,1,27,3:16.331,0,B,39.581,0,1:14.169,0,1:22.581,0,99.2,1:09:52.983,09:39:52.983,0:39.581,1:14.169,1:22.581,217.6,Alessandro PIER GUIDI,,LMGTE Pro,,AF Corse,Ferrari,
51,1,28,5:35.275,0,,4:09.996,0,46.804,0,38.475,0,58.1,1:15:28.258,09:45:28.258,4:09.996,0:46.804,0:38.475,160.5,Alessandro PIER GUIDI,0:03:35.415,LMGTE Pro,,AF Corse,Ferrari,
51,1,29,2:00.730,0,,37.846,0,44.696,0,38.188,0,161.4,1:17:28.988,09:47:28.988,0:37.846,0:44.696,0:38.188,253.8,Alessandro PIER GUIDI,,LMGTE Pro,,AF Corse,Ferrari,
51,1,30,2:00.693,0,,37.804,0,44.745,0,38.144,0,161.4,1:19:29.681,09:49:29.681,0:37.804,0:44.745,0:38.144,254.4,Alessandro PIER GUIDI,,LMGTE Pro,,AF Corse,Ferrari,
51,1,31,2:00.451,0,,37.723,0,44.659,0,38.069,0,161.8,1:21:30.132,09:51:30.132,0:37.723,0:44.659,0:38.069,255.6,Alessandro PIER GUIDI,,LMGTE Pro,,AF Corse,Ferrari,
51,1,32,2:00.921,0,,38.082,0,44.809,0,38.030,1,161.1,1:23:31.053,09:53:31.053,0:38.082,0:44.809,0:38.030,253.8,Alessandro PIER GUIDI,,LMGTE Pro,,AF Corse,Ferrari,
51,1,33,2:00.722,0,,38.092,0,44.577,0,38.053,0,161.4,1:25:31.775,09:55:31.775,0:38.092,0:44.577,0:38.053,254.4,Alessandro PIER GUIDI,,LMGTE Pro,,AF Corse,Ferrari,
51,1,34,2:00.407,0,,37.760,0,44.543,1,38.104,0,161.8,1:27:32.182,09:57:32.182,0:37.760,0:44.543,0:38.104,253.8,Alessandro PIER GUIDI,,LMGTE Pro,,AF Corse,Ferrari,
51,1,35,2:00.655,0,,37.663,1,44.654,0,38.338,0,161.5,1:29:32.837,09:59:32.837,0:37.663,0:44.654,0:38.338,254.4,Alessandro PIER GUIDI,,LMGTE Pro,,AF Corse,Ferrari,
51,1,36,2:01.103,0,,38.214,0,44.692,0,38.197,0,160.9,1:31:33.940,10:01:33.940,0:38.214,0:44.692,0:38.197,244.1,Alessandro PIER GUIDI,,LMGTE Pro,,AF Corse,Ferrari,
52,1,1,2:46.496,0,,1:14.175,0,49.750,0,42.571,0,111.6,2:46.496,08:32:46.496,1:14.175,0:49.750,0:42.571,106.8,Daniel SERRA,0:00:31.005,LMGTE Pro,,AF Corse,Ferrari,
52,1,2,2:10.480,0,,42.749,0,47.332,0,40.399,0,149.3,4:56.976,08:34:56.976,0:42.749,0:47.332,0:40.399,144.5,Daniel SERRA,,LMGTE Pro,,AF Corse,Ferrari,
52,1,3,2:14.236,0,B,40.442,0,46.739,0,47.055,0,145.1,7:11.212,08:37:11.212,0:40.442,0:46.739,0:47.055,202.5,Daniel SERRA,,LMGTE Pro,,AF Corse,Ferrari,
52,1,4,2:59.938,0,,1:33.422,0,46.724,0,39.792,0,108.3,10:11.150,08:40:11.150,1:33.422,0:46.724,0:39.792,148.0,Daniel SERRA,0:00:57.995,LMGTE Pro,,AF Corse,Ferrari,
52,1,5,2:09.213,0,,40.622,0,47.714,0,40.877,0,150.8,12:20.363,08:42:20.363,0:40.622,0:47.714,0:40.877,206.0,Daniel SERRA,,LMGTE Pro,,AF Corse,Ferrari,
52,1,6,2:06.261,0,,39.359,0,47.068,0,39.834,0,154.3,14:26.624,08:44:26.624,0:39.359,0:47.068,0:39.834,215.4,Daniel SERRA,,LMGTE Pro,,AF Corse,Ferrari,
52,1,7,2:13.161,0,B,39.543,0,49.164,0,44.454,0,146.3,16:39.785,08:46:39.785,0:39.543,0:49.164,0:44.454,206.4,Daniel SERRA,,LMGTE Pro,,AF Corse,Ferrari,
52,1,8,3:02.141,0,,1:33.432,0,46.726,0,41.983,0,107.0,19:41.926,08:49:41.926,1:33.432,0:46.726,0:41.983,160.5,Daniel SERRA,0:00:59.420,LMGTE Pro,,AF Corse,Ferrari,
52,1,9,2:04.408,0,,38.728,0,45.969,0,39.711,0,156.6,21:46.334,08:51:46.334,0:38.728,0:45.969,0:39.711,243.5,Daniel SERRA,,LMGTE Pro,,AF Corse,Ferrari,
52,1,10,2:06.544,0,,40.075,0,46.716,0,39.753,0,154.0,23:52.878,08:53:52.878,0:40.075,0:46.716,0:39.753,253.8,Daniel SERRA,,LMGTE Pro,,AF Corse,Ferrari,
52,1,11,2:12.855,0,B,38.918,0,47.632,0,46.305,0,146.7,26:05.733,08:56:05.733,0:38.918,0:47.632,0:46.305,246.3,Daniel SERRA,,LMGTE Pro,,AF Corse,Ferrari,
52,1,12,8:51.505,0,B,7:21.111,0,46.503,0,43.891,0,36.7,34:57.238,09:04:57.238,7:21.111,0:46.503,0:43.891,154.8,Daniel SERRA,0:06:46.097,LMGTE Pro,,AF Corse,Ferrari,
52,1,13,2:44.142,0,,1:19.198,0,46.226,0,38.718,0,118.7,37:41.380,09:07:41.380,1:19.198,0:46.226,0:38.718,157.3,Daniel SERRA,0:00:44.131,LMGTE Pro,,AF Corse,Ferrari,
52,1,14,1:59.776,0,,37.712,0,44.086,2,37.978,0,162.7,39:41.156,09:09:41.156,0:37.712,0:44.086,0:37.978,253.2,Daniel SERRA,,LMGTE Pro,,AF Corse,Ferrari,
52,1,15,2:03.075,0,,37.562,1,45.009,0,40.504,0,158.3,41:44.231,09:11:44.231,0:37.562,0:45.009,0:40.504,254.4,Daniel SERRA,,LMGTE Pro,,AF Corse,Ferrari,
52,1,16,2:05.471,0,B,37.748,0,44.751,0,42.972,0,155.3,43:49.702,09:13:49.702,0:37.748,0:44.751,0:42.972,254.4,Daniel SERRA,,LMGTE Pro,,AF Corse,Ferrari,
52,1,17,3:51.758,0,,1:51.261,0,45.668,0,1:14.829,0,84.1,47:41.460,09:17:41.460,1:51.261,0:45.668,1:14.829,158.7,Daniel SERRA,0:01:17.036,LMGTE Pro,,AF Corse,Ferrari,
52,1,18,3:51.128,0,,1:20.137,0,1:20.796,0,1:10.195,0,84.3,51:32.588,09:21:32.588,1:20.137,1:20.796,1:10.195,79.8,Daniel SERRA,,LMGTE Pro,,AF Corse,Ferrari,
52,1,19,2:00.384,0,,37.860,0,44.429,0,38.095,0,161.8,53:32.972,09:23:32.972,0:37.860,0:44.429,0:38.095,248.5,Daniel SERRA,,LMGTE Pro,,AF Corse,Ferrari,
52,1,20,2:06.103,0,,37.914,0,46.189,0,42.000,0,154.5,55:39.075,09:25:39.075,0:37.914,0:46.189,0:42.000,246.8,Daniel SERRA,,LMGTE Pro,,AF Corse,Ferrari,
52,1,21,2:00.443,0,,37.960,0,44.548,0,37.935,1,161.8,57:39.518,09:27:39.518,0:37.960,0:44.548,0:37.935,253.2,Daniel SERRA,,LMGTE Pro,,AF Corse,Ferrari,
52,1,22,2:07.204,0,B,37.801,0,46.287,0,43.116,0,153.2,59:46.722,09:29:46.722,0:37.801,0:46.287,0:43.116,255.6,Daniel SERRA,,LMGTE Pro,,AF Corse,Ferrari,
52,2,23,3:17.074,0,,1:52.446,0,46.124,0,38.504,0,98.9,1:03:03.796,09:33:03.796,1:52.446,0:46.124,0:38.504,157.3,Miguel MOLINA,0:01:17.632,LMGTE Pro,,AF Corse,Ferrari,
52,2,24,3:03.177,0,,37.839,0,1:04.170,0,1:21.168,0,106.4,1:06:06.973,09:36:06.973,0:37.839,1:04.170,1:21.168,251.4,Miguel MOLINA,,LMGTE Pro,,AF Corse,Ferrari,
52,2,25,3:29.435,0,B,57.102,0,1:10.136,0,1:22.197,0,93.0,1:09:36.408,09:39:36.408,0:57.102,1:10.136,1:22.197,104.9,Miguel MOLINA,,LMGTE Pro,,AF Corse,Ferrari,
52,2,26,5:37.191,0,,4:13.271,0,45.400,0,38.520,0,57.8,1:15:13.599,09:45:13.599,4:13.271,0:45.400,0:38.520,148.2,Miguel MOLINA,0:03:38.925,LMGTE Pro,,AF Corse,Ferrari,
52,2,27,2:01.836,0,,38.432,0,45.325,0,38.079,0,159.9,1:17:15.435,09:47:15.435,0:38.432,0:45.325,0:38.079,235.1,Miguel MOLINA,,LMGTE Pro,,AF Corse,Ferrari,
52,2,28,1:59.666,0,,37.585,0,44.330,0,37.751,0,162.8,1:19:15.101,09:49:15.101,0:37.585,0:44.330,0:37.751,253.8,Miguel MOLINA,,LMGTE Pro,,AF Corse,Ferrari,
52,2,29,1:59.486,2,,37.533,0,44.247,0,37.706,2,163.1,1:21:14.587,09:51:14.587,0:37.533,0:44.247,0:37.706,254.4,Miguel MOLINA,,LMGTE Pro,,AF Corse,Ferrari,
52,2,30,1:59.840,0,,37.521,0,44.268,0,38.051,0,162.6,1:23:14.427,09:53:14.427,0:37.521,0:44.268,0:38.051,255.6,Miguel MOLINA,,LMGTE Pro,,AF Corse,Ferrari,
52,2,31,1:59.967,0,,37.514,2,44.242,0,38.211,0,162.4,1:25:14.394,09:55:14.394,0:37.514,0:44.242,0:38.211,256.8,Miguel MOLINA,,LMGTE Pro,,AF Corse,Ferrari,
52,2,32,2:00.822,0,,37.776,0,45.006,0,38.040,0,161.3,1:27:15.216,09:57:15.216,0:37.776,0:45.006,0:38.040,253.2,Miguel MOLINA,,LMGTE Pro,,AF Corse,Ferrari,
52,2,33,1:59.892,0,,37.651,0,44.477,0,37.764,0,162.5,1:29:15.108,09:59:15.108,0:37.651,0:44.477,0:37.764,254.4,Miguel MOLINA,,LMGTE Pro,,AF Corse,Ferrari,
52,2,34,1:59.735,0,,37.674,0,44.172,1,37.889,0,162.7,1:31:14.843,10:01:14.843,0:37.674,0:44.172,0:37.889,255.0,Miguel MOLINA,,LMGTE Pro,,AF Corse,Ferrari,
54,1,1,5:13.921,0,,3:45.649,0,48.350,0,39.922,0,59.2,5:13.921,08:35:13.921,3:45.649,0:48.350,0:39.922,148.0,Thomas FLOHR,0:03:07.453,LMGTE Am,,AF Corse,Ferrari,
54,1,2,2:05.544,0,,39.815,0,46.050,0,39.679,0,155.2,7:19.465,08:37:19.465,0:39.815,0:46.050,0:39.679,244.6,Thomas FLOHR,,LMGTE Am,,AF Corse,Ferrari,
54,1,3,2:04.265,0,,38.782,0,46.124,0,39.359,0,156.8,9:23.730,08:39:23.730,0:38.782,0:46.124,0:39.359,252.0,Thomas FLOHR,,LMGTE Am,,AF Corse,Ferrari,
54,1,4,2:04.376,0,,38.750,0,46.256,0,39.370,0,156.6,11:28.106,08:41:28.106,0:38.750,0:46.256,0:39.370,249.1,Thomas FLOHR,,LMGTE Am,,AF Corse,Ferrari,
54,1,5,2:10.494,0,B,39.563,0,46.935,0,43.996,0,149.3,13:38.600,08:43:38.600,0:39.563,0:46.935,0:43.996,252.6,Thomas FLOHR,,LMGTE Am,,AF Corse,Ferrari,
54,1,6,4:34.260,0,,3:06.080,0,47.879,0,40.301,0,71.0,18:12.860,08:48:12.860,3:06.080,0:47.879,0:40.301,147.6,Thomas FLOHR,0:02:28.949,LMGTE Am,,AF Corse,Ferrari,
54,1,7,2:01.324,0,,37.931,0,45.271,0,38.122,2,160.6,20:14.184,08:50:14.184,0:37.931,0:45.271,0:38.122,252.6,Thomas FLOHR,,LMGTE Am,,AF Corse,Ferrari,
54,1,8,2:01.672,0,,38.497,0,44.958,0,38.217,0,160.1,22:15.856,08:52:15.856,0:38.497,0:44.958,0:38.217,253.2,Thomas FLOHR,,LMGTE Am,,AF Corse,Ferrari,
54,1,9,2:00.790,0,,37.945,0,44.447,2,38.398,0,161.3,24:16.646,08:54:16.646,0:37.945,0:44.447,0:38.398,252.0,Thomas FLOHR,,LMGTE Am,,AF Corse,Ferrari,
54,1,10,2:00.909,0,,38.019,0,44.562,0,38.328,0,161.1,26:17.555,08:56:17.555,0:38.019,0:44.562,0:38.328,249.7,Thomas FLOHR,,LMGTE Am,,AF Corse,Ferrari,
54,1,11,2:01.701,0,,37.883,1,44.923,0,38.895,0,160.1,28:19.256,08:58:19.256,0:37.883,0:44.923,0:38.895,251.4,Thomas FLOHR,,LMGTE Am,,AF Corse,Ferrari,
54,1,12,2:01.407,0,,38.146,0,44.502,0,38.759,0,160.5,30:20.663,09:00:20.663,0:38.146,0:44.502,0:38.759,251.4,Thomas FLOHR,,LMGTE Am,,AF Corse,Ferrari,
54,1,13,2:01.613,0,,38.055,0,44.545,0,39.013,0,160.2,32:22.276,09:02:22.276,0:38.055,0:44.545,0:39.013,252.6,Thomas FLOHR,,LMGTE Am,,AF Corse,Ferrari,
54,1,14,2:01.309,0,,37.975,0,44.939,0,38.395,0,160.6,34:23.585,09:04:23.585,0:37.975,0:44.939,0:38.395,253.8,Thomas FLOHR,,LMGTE Am,,AF Corse,Ferrari,
54,1,15,2:06.874,0,B,37.962,0,45.521,0,43.391,0,153.6,36:30.459,09:06:30.459,0:37.962,0:45.521,0:43.391,252.0,Thomas FLOHR,,LMGTE Am,,AF Corse,Ferrari,
54,3,16,6:16.886,0,,4:51.422,0,46.525,0,38.939,0,51.7,42:47.345,09:12:47.345,4:51.422,0:46.525,0:38.939,152.8,Giancarlo FISICHELLA,0:04:15.602,LMGTE Am,,AF Corse,Ferrari,
54,3,17,2:01.742,0,,38.297,0,44.886,0,38.559,0,160.0,44:49.087,09:14:49.087,0:38.297,0:44.886,0:38.559,249.7,Giancarlo FISICHELLA,,LMGTE Am,,AF Corse,Ferrari,
54,3,18,2:28.196,0,B,37.953,0,44.917,0,1:05.326,0,131.5,47:17.283,09:17:17.283,0:37.953,0:44.917,1:05.326,246.3,Giancarlo FISICHELLA,,LMGTE Am,,AF Corse,Ferrari,
54,3,19,6:49.865,0,,5:25.970,0,45.406,0,38.489,0,47.5,54:07.148,09:24:07.148,5:25.970,0:45.406,0:38.489,121.8,Giancarlo FISICHELLA,0:04:49.702,LMGTE Am,,AF Corse,Ferrari,
54,3,20,2:00.832,0,,37.807,0,44.737,0,38.288,0,161.2,56:07.980,09:26:07.980,0:37.807,0:44.737,0:38.288,249.7,Giancarlo FISICHELLA,,LMGTE Am,,AF Corse,Ferrari,
54,3,21,2:00.631,2,,37.746,2,44.670,1,38.215,1,161.5,58:08.611,09:28:08.611,0:37.746,0:44.670,0:38.215,251.4,Giancarlo FISICHELLA,,LMGTE Am,,AF Corse,Ferrari,
54,3,22,2:00.912,0,,37.782,0,44.801,0,38.329,0,161.1,1:00:09.523,09:30:09.523,0:37.782,0:44.801,0:38.329,251.4,Giancarlo FISICHELLA,,LMGTE Am,,AF Corse,Ferrari,
54,3,23,2:02.018,0,,37.942,0,45.071,0,39.005,0,159.7,1:02:11.541,09:32:11.541,0:37.942,0:45.071,0:39.005,252.6,Giancarlo FISICHELLA,,LMGTE Am,,AF Corse,Ferrari,
54,3,24,2:14.190,0,B,38.228,0,45.263,0,50.699,0,145.2,1:04:25.731,09:34:25.731,0:38.228,0:45.263,0:50.699,231.0,Giancarlo FISICHELLA,,LMGTE Am,,AF Corse,Ferrari,
54,2,25,10:59.840,0,,9:31.361,0,45.584,0,42.895,0,29.5,1:15:25.571,09:45:25.571,9:31.361,0:45.584,0:42.895,153.3,Francesco CASTELLACCI,0:08:55.691,LMGTE Am,,AF Corse,Ferrari,
54,2,26,2:02.006,0,,38.151,0,44.940,0,38.915,0,159.7,1:17:27.577,09:47:27.577,0:38.151,0:44.940,0:38.915,248.0,Francesco CASTELLACCI,,LMGTE Am,,AF Corse,Ferrari,
54,2,27,2:03.224,0,,38.238,0,46.306,0,38.680,0,158.1,1:19:30.801,09:49:30.801,0:38.238,0:46.306,0:38.680,247.4,Francesco CASTELLACCI,,LMGTE Am,,AF Corse,Ferrari,
54,2,28,2:02.264,0,,38.219,0,44.984,0,39.061,0,159.4,1:21:33.065,09:51:33.065,0:38.219,0:44.984,0:39.061,253.2,Francesco CASTELLACCI,,LMGTE Am,,AF Corse,Ferrari,
54,2,29,2:01.365,0,,38.177,0,44.793,1,38.395,1,160.5,1:23:34.430,09:53:34.430,0:38.177,0:44.793,0:38.395,254.4,Francesco CASTELLACCI,,LMGTE Am,,AF Corse,Ferrari,
54,2,30,2:01.183,0,,37.876,1,44.797,0,38.510,0,160.8,1:25:35.613,09:55:35.613,0:37.876,0:44.797,0:38.510,254.4,Francesco CASTELLACCI,,LMGTE Am,,AF Corse,Ferrari,
54,2,31,2:02.276,0,,37.933,0,45.511,0,38.832,0,159.3,1:27:37.889,09:57:37.889,0:37.933,0:45.511,0:38.832,252.0,Francesco CASTELLACCI,,LMGTE Am,,AF Corse,Ferrari,
54,2,32,2:04.657,0,,38.475,0,46.635,0,39.547,0,156.3,1:29:42.546,09:59:42.546,0:38.475,0:46.635,0:39.547,225.8,Francesco CASTELLACCI,,LMGTE Am,,AF Corse,Ferrari,
54,2,33,2:04.717,0,,38.887,0,46.610,0,39.220,0,156.2,1:31:47.263,10:01:47.263,0:38.887,0:46.610,0:39.220,234.5,Francesco CASTELLACCI,,LMGTE Am,,AF Corse,Ferrari,
56,2,1,2:47.384,0,,1:18.523,0,48.234,0,40.627,0,111.0,2:47.384,08:32:47.384,1:18.523,0:48.234,0:40.627,127.3,Matteo CAIROLI,0:00:38.360,LMGTE Am,,Team Project 1,Porsche,
56,2,2,2:18.863,0,B,44.825,0,51.625,0,42.413,0,140.3,5:06.247,08:35:06.247,0:44.825,0:51.625,0:42.413,182.4,Matteo CAIROLI,,LMGTE Am,,Team Project 1,Porsche,
56,2,3,6:02.892,0,,4:31.718,0,52.388,0,38.786,0,53.7,11:09.139,08:41:09.139,4:31.718,0:52.388,0:38.786,152.6,Matteo CAIROLI,0:03:55.328,LMGTE Am,,Team Project 1,Porsche,
56,2,4,1:58.257,0,,37.471,0,43.505,0,37.281,0,164.8,13:07.396,08:43:07.396,0:37.471,0:43.505,0:37.281,259.2,Matteo CAIROLI,,LMGTE Am,,Team Project 1,Porsche,
56,2,5,1:58.233,0,,37.295,0,43.667,0,37.271,2,164.8,15:05.629,08:45:05.629,0:37.295,0:43.667,0:37.271,258.0,Matteo CAIROLI,,LMGTE Am,,Team Project 1,Porsche,
56,2,6,1:58.015,2,,37.210,0,43.467,2,37.338,0,165.1,17:03.644,08:47:03.644,0:37.210,0:43.467,0:37.338,258.6,Matteo CAIROLI,,LMGTE Am,,Team Project 1,Porsche,
56,2,7,2:01.528,0,B,37.163,2,43.667,0,40.698,0,160.3,19:05.172,08:49:05.172,0:37.163,0:43.667,0:40.698,256.2,Matteo CAIROLI,,LMGTE Am,,Team Project 1,Porsche,
56,3,8,4:29.947,0,,3:05.738,0,46.074,0,38.135,0,72.2,23:35.119,08:53:35.119,3:05.738,0:46.074,0:38.135,159.6,Riccardo PERA,0:02:31.643,LMGTE Am,,Team Project 1,Porsche,
56,3,9,2:00.551,0,,37.911,0,44.567,0,38.073,0,161.6,25:35.670,08:55:35.670,0:37.911,0:44.567,0:38.073,256.8,Riccardo PERA,,LMGTE Am,,Team Project 1,Porsche,
56,3,10,2:00.212,0,,37.948,0,44.353,1,37.911,1,162.1,27:35.882,08:57:35.882,0:37.948,0:44.353,0:37.911,256.8,Riccardo PERA,,LMGTE Am,,Team Project 1,Porsche,
56,3,11,2:04.380,0,,37.934,0,44.856,0,41.590,0,156.6,29:40.262,08:59:40.262,0:37.934,0:44.856,0:41.590,258.0,Riccardo PERA,,LMGTE Am,,Team Project 1,Porsche,
56,3,12,2:01.167,0,,37.784,0,45.316,0,38.067,0,160.8,31:41.429,09:01:41.429,0:37.784,0:45.316,0:38.067,257.4,Riccardo PERA,,LMGTE Am,,Team Project 1,Porsche,
56,3,13,2:00.463,0,,37.753,1,44.672,0,38.038,0,161.7,33:41.892,09:03:41.892,0:37.753,0:44.672,0:38.038,256.2,Riccardo PERA,,LMGTE Am,,Team Project 1,Porsche,
56,3,14,2:00.613,0,,38.028,0,44.505,0,38.080,0,161.5,35:42.505,09:05:42.505,0:38.028,0:44.505,0:38.080,255.6,Riccardo PERA,,LMGTE Am,,Team Project 1,Porsche,
56,3,15,2:00.585,0,,37.859,0,44.507,0,38.219,0,161.6,37:43.090,09:07:43.090,0:37.859,0:44.507,0:38.219,257.4,Riccardo PERA,,LMGTE Am,,Team Project 1,Porsche,
56,3,16,2:00.749,0,,37.815,0,44.672,0,38.262,0,161.4,39:43.839,09:09:43.839,0:37.815,0:44.672,0:38.262,257.4,Riccardo PERA,,LMGTE Am,,Team Project 1,Porsche,
56,3,17,2:05.979,0,B,37.923,0,45.193,0,42.863,0,154.7,41:49.818,09:11:49.818,0:37.923,0:45.193,0:42.863,256.8,Riccardo PERA,,LMGTE Am,,Team Project 1,Porsche,
56,1,18,12:24.274,0,,10:59.548,0,45.720,0,39.006,0,26.2,54:14.092,09:24:14.092,10:59.548,0:45.720,0:39.006,158.9,Egidio PERFETTI,0:10:25.642,LMGTE Am,,Team Project 1,Porsche,
56,1,19,2:03.046,0,,38.580,0,45.421,1,39.045,0,158.3,56:17.138,09:26:17.138,0:38.580,0:45.421,0:39.045,249.7,Egidio PERFETTI,,LMGTE Am,,Team Project 1,Porsche,
56,1,20,2:03.576,0,,38.620,0,45.958,0,38.998,1,157.7,58:20.714,09:28:20.714,0:38.620,0:45.958,0:38.998,254.4,Egidio PERFETTI,,LMGTE Am,,Team Project 1,Porsche,
56,1,21,2:05.253,0,,40.062,0,45.923,0,39.268,0,155.6,1:00:25.967,09:30:25.967,0:40.062,0:45.923,0:39.268,252.0,Egidio PERFETTI,,LMGTE Am,,Team Project 1,Porsche,
56,1,22,2:04.053,0,,38.669,0,45.915,0,39.469,0,157.1,1:02:30.020,09:32:30.020,0:38.669,0:45.915,0:39.469,249.1,Egidio PERFETTI,,LMGTE Am,,Team Project 1,Porsche,
56,1,23,2:39.583,0,,38.456,1,45.838,0,1:15.289,0,122.1,1:05:09.603,09:35:09.603,0:38.456,0:45.838,1:15.289,248.5,Egidio PERFETTI,,LMGTE Am,,Team Project 1,Porsche,
56,1,24,3:22.131,0,B,1:20.632,0,47.334,0,1:14.165,0,96.4,1:08:31.734,09:38:31.734,1:20.632,0:47.334,1:14.165,80.1,Egidio PERFETTI,,LMGTE Am,,Team Project 1,Porsche,
56,1,25,6:41.001,0,,5:14.763,0,45.857,0,40.381,0,48.6,1:15:12.735,09:45:12.735,5:14.763,0:45.857,0:40.381,151.6,Egidio PERFETTI,0:04:40.438,LMGTE Am,,Team Project 1,Porsche,
56,1,26,2:04.921,0,,39.148,0,46.488,0,39.285,0,156.0,1:17:17.656,09:47:17.656,0:39.148,0:46.488,0:39.285,237.6,Egidio PERFETTI,,LMGTE Am,,Team Project 1,Porsche,
56,1,27,2:03.732,0,,38.712,0,45.452,0,39.568,0,157.5,1:19:21.388,09:49:21.388,0:38.712,0:45.452,0:39.568,241.3,Egidio PERFETTI,,LMGTE Am,,Team Project 1,Porsche,
56,1,28,2:08.767,0,B,38.655,0,46.293,0,43.819,0,151.3,1:21:30.155,09:51:30.155,0:38.655,0:46.293,0:43.819,240.3,Egidio PERFETTI,,LMGTE Am,,Team Project 1,Porsche,
56,2,29,2:55.251,0,,1:31.609,0,45.082,0,38.560,0,111.2,1:24:25.406,09:54:25.406,1:31.609,0:45.082,0:38.560,158.7,Matteo CAIROLI,0:00:58.319,LMGTE Am,,Team Project 1,Porsche,
56,2,30,2:01.284,0,,38.085,0,44.816,0,38.383,0,160.6,1:26:26.690,09:56:26.690,0:38.085,0:44.816,0:38.383,253.2,Matteo CAIROLI,,LMGTE Am,,Team Project 1,Porsche,
56,2,31,2:00.863,0,,37.757,0,44.882,0,38.224,0,161.2,1:28:27.553,09:58:27.553,0:37.757,0:44.882,0:38.224,253.8,Matteo CAIROLI,,LMGTE Am,,Team Project 1,Porsche,
56,2,32,2:00.578,0,,37.785,0,44.630,0,38.163,0,161.6,1:30:28.131,10:00:28.131,0:37.785,0:44.630,0:38.163,254.4,Matteo CAIROLI,,LMGTE Am,,Team Project 1,Porsche,
57,1,1,3:02.882,0,,1:28.956,0,50.486,0,43.440,0,101.6,3:02.882,08:33:02.882,1:28.956,0:50.486,0:43.440,138.4,Takeshi KIMURA,0:00:47.118,LMGTE Am,,Kessel Racing,Ferrari,
57,1,2,2:06.028,0,,39.532,0,46.798,0,39.698,0,154.6,5:08.910,08:35:08.910,0:39.532,0:46.798,0:39.698,240.3,Takeshi KIMURA,,LMGTE Am,,Kessel Racing,Ferrari,
57,1,3,2:01.298,0,,38.094,1,44.709,2,38.495,1,160.6,7:10.208,08:37:10.208,0:38.094,0:44.709,0:38.495,252.6,Takeshi KIMURA,,LMGTE Am,,Kessel Racing,Ferrari,
57,1,4,2:12.330,0,,40.609,0,49.830,0,41.891,0,147.2,9:22.538,08:39:22.538,0:40.609,0:49.830,0:41.891,253.2,Takeshi KIMURA,,LMGTE Am,,Kessel Racing,Ferrari,
57,1,5,2:09.014,0,,38.321,0,50.243,0,40.450,0,151.0,11:31.552,08:41:31.552,0:38.321,0:50.243,0:40.450,250.3,Takeshi KIMURA,,LMGTE Am,,Kessel Racing,Ferrari,
57,1,6,2:07.273,0,,38.584,0,47.404,0,41.285,0,153.1,13:38.825,08:43:38.825,0:38.584,0:47.404,0:41.285,253.8,Takeshi KIMURA,,LMGTE Am,,Kessel Racing,Ferrari,
57,1,7,2:02.246,0,,38.258,0,45.385,0,38.603,0,159.4,15:41.071,08:45:41.071,0:38.258,0:45.385,0:38.603,252.6,Takeshi KIMURA,,LMGTE Am,,Kessel Racing,Ferrari,
57,1,8,2:02.535,0,,38.245,0,45.295,0,38.995,0,159.0,17:43.606,08:47:43.606,0:38.245,0:45.295,0:38.995,252.0,Takeshi KIMURA,,LMGTE Am,,Kessel Racing,Ferrari,
57,1,9,2:17.791,0,B,41.041,0,51.097,0,45.653,0,141.4,20:01.397,08:50:01.397,0:41.041,0:51.097,0:45.653,253.2,Takeshi KIMURA,,LMGTE Am,,Kessel Racing,Ferrari,
57,3,10,3:55.792,0,,2:31.277,0,45.839,0,38.676,0,82.6,23:57.189,08:53:57.189,2:31.277,0:45.839,0:38.676,155.2,Scott ANDREWS,0:01:56.986,LMGTE Am,,Kessel Racing,Ferrari,
57,3,11,2:01.955,0,,38.358,0,44.930,0,38.667,0,159.8,25:59.144,08:55:59.144,0:38.358,0:44.930,0:38.667,248.5,Scott ANDREWS,,LMGTE Am,,Kessel Racing,Ferrari,
57,3,12,2:02.059,0,,38.268,0,45.425,0,38.366,0,159.6,28:01.203,08:58:01.203,0:38.268,0:45.425,0:38.366,249.1,Scott ANDREWS,,LMGTE Am,,Kessel Racing,Ferrari,
57,3,13,2:01.393,0,,38.115,0,44.988,0,38.290,0,160.5,30:02.596,09:00:02.596,0:38.115,0:44.988,0:38.290,250.3,Scott ANDREWS,,LMGTE Am,,Kessel Racing,Ferrari,
57,3,14,2:01.187,2,,38.152,0,44.787,1,38.248,0,160.8,32:03.783,09:02:03.783,0:38.152,0:44.787,0:38.248,249.7,Scott ANDREWS,,LMGTE Am,,Kessel Racing,Ferrari,
57,3,15,2:01.818,0,,38.033,2,45.096,0,38.689,0,159.9,34:05.601,09:04:05.601,0:38.033,0:45.096,0:38.689,249.7,Scott ANDREWS,,LMGTE Am,,Kessel Racing,Ferrari,
57,3,16,2:01.375,0,,38.286,0,44.858,0,38.231,2,160.5,36:06.976,09:06:06.976,0:38.286,0:44.858,0:38.231,252.6,Scott ANDREWS,,LMGTE Am,,Kessel Racing,Ferrari,
57,3,17,2:01.742,0,,38.086,0,45.191,0,38.465,0,160.0,38:08.718,09:08:08.718,0:38.086,0:45.191,0:38.465,249.1,Scott ANDREWS,,LMGTE Am,,Kessel Racing,Ferrari,
57,3,18,2:01.291,0,,38.049,0,44.811,0,38.431,0,160.6,40:10.009,09:10:10.009,0:38.049,0:44.811,0:38.431,249.1,Scott ANDREWS,,LMGTE Am,,Kessel Racing,Ferrari,
57,3,19,2:02.068,0,,38.315,0,45.217,0,38.536,0,159.6,42:12.077,09:12:12.077,0:38.315,0:45.217,0:38.536,249.7,Scott ANDREWS,,LMGTE Am,,Kessel Racing,Ferrari,
57,3,20,2:02.870,0,,38.580,0,45.435,0,38.855,0,158.6,44:14.947,09:14:14.947,0:38.580,0:45.435,0:38.855,252.0,Scott ANDREWS,,LMGTE Am,,Kessel Racing,Ferrari,
57,3,21,2:07.430,0,B,38.321,0,45.388,0,43.721,0,152.9,46:22.377,09:16:22.377,0:38.321,0:45.388,0:43.721,249.7,Scott ANDREWS,,LMGTE Am,,Kessel Racing,Ferrari,
57,2,22,5:13.675,0,,2:47.922,0,1:20.895,0,1:04.858,0,62.1,51:36.052,09:21:36.052,2:47.922,1:20.895,1:04.858,79.9,Mikkel JENSEN,0:01:47.502,LMGTE Am,,Kessel Racing,Ferrari,
57,2,23,2:02.786,0,,39.153,0,45.200,0,38.433,1,158.7,53:38.838,09:23:38.838,0:39.153,0:45.200,0:38.433,243.0,Mikkel JENSEN,,LMGTE Am,,Kessel Racing,Ferrari,
57,2,24,2:03.437,0,,38.318,0,45.359,0,39.760,0,157.8,55:42.275,09:25:42.275,0:38.318,0:45.359,0:39.760,250.3,Mikkel JENSEN,,LMGTE Am,,Kessel Racing,Ferrari,
57,2,25,2:02.262,0,,38.206,1,45.315,0,38.741,0,159.4,57:44.537,09:27:44.537,0:38.206,0:45.315,0:38.741,254.4,Mikkel JENSEN,,LMGTE Am,,Kessel Racing,Ferrari,
57,2,26,2:02.140,0,,38.453,0,45.053,1,38.634,0,159.5,59:46.677,09:29:46.677,0:38.453,0:45.053,0:38.634,254.4,Mikkel JENSEN,,LMGTE Am,,Kessel Racing,Ferrari,
57,2,27,2:03.566,0,,38.507,0,45.711,0,39.348,0,157.7,1:01:50.243,09:31:50.243,0:38.507,0:45.711,0:39.348,254.4,Mikkel JENSEN,,LMGTE Am,,Kessel Racing,Ferrari,
57,2,28,2:04.154,0,,38.622,0,46.175,0,39.357,0,156.9,1:03:54.397,09:33:54.397,0:38.622,0:46.175,0:39.357,247.4,Mikkel JENSEN,,LMGTE Am,,Kessel Racing,Ferrari,
57,2,29,3:13.160,0,,1:06.835,0,1:20.437,0,45.888,0,100.9,1:07:07.557,09:37:07.557,1:06.835,1:20.437,0:45.888,76.6,Mikkel JENSEN,,LMGTE Am,,Kessel Racing,Ferrari,
57,2,30,3:31.404,0,B,1:17.364,0,1:21.087,0,52.953,0,92.2,1:10:38.961,09:40:38.961,1:17.364,1:21.087,0:52.953,244.6,Mikkel JENSEN,,LMGTE Am,,Kessel Racing,Ferrari,
57,1,31,5:20.499,0,B,3:25.713,0,57.946,0,56.840,0,60.8,1:15:59.460,09:45:59.460,3:25.713,0:57.946,0:56.840,148.2,Takeshi KIMURA,0:02:43.692,LMGTE Am,,Kessel Racing,Ferrari,
57,1,32,4:05.665,0,B,2:10.669,0,1:00.776,0,54.220,0,79.3,1:20:05.125,09:50:05.125,2:10.669,1:00.776,0:54.220,139.1,Takeshi KIMURA,0:01:26.598,LMGTE Am,,Kessel Racing,Ferrari,
60,3,1,2:24.287,0,,58.229,0,46.667,0,39.391,0,128.8,2:24.287,08:32:24.287,0:58.229,0:46.667,0:39.391,156.1,Matteo CRESSONI,0:00:21.144,LMGTE Am,,Iron Lynx,Ferrari,
60,3,2,2:04.581,0,,38.776,0,45.543,0,40.262,0,156.4,4:28.868,08:34:28.868,0:38.776,0:45.543,0:40.262,211.6,Matteo CRESSONI,,LMGTE Am,,Iron Lynx,Ferrari,
60,3,3,2:02.299,0,,38.333,0,45.410,0,38.556,0,159.3,6:31.167,08:36:31.167,0:38.333,0:45.410,0:38.556,255.0,Matteo CRESSONI,,LMGTE Am,,Iron Lynx,Ferrari,
60,3,4,2:01.709,0,,38.004,0,45.028,0,38.677,0,160.1,8:32.876,08:38:32.876,0:38.004,0:45.028,0:38.677,249.1,Matteo CRESSONI,,LMGTE Am,,Iron Lynx,Ferrari,
60,3,5,2:01.017,2,,38.048,0,44.600,0,38.369,2,161.0,10:33.893,08:40:33.893,0:38.048,0:44.600,0:38.369,256.8,Matteo CRESSONI,,LMGTE Am,,Iron Lynx,Ferrari,
60,3,6,2:01.754,0,,38.155,0,44.973,0,38.626,0,160.0,12:35.647,08:42:35.647,0:38.155,0:44.973,0:38.626,252.6,Matteo CRESSONI,,LMGTE Am,,Iron Lynx,Ferrari,
60,3,7,2:01.065,0,,37.828,2,44.543,2,38.694,0,160.9,14:36.712,08:44:36.712,0:37.828,0:44.543,0:38.694,256.2,Matteo CRESSONI,,LMGTE Am,,Iron Lynx,Ferrari,
60,3,8,2:08.831,0,B,38.248,0,44.730,0,45.853,0,151.2,16:45.543,08:46:45.543,0:38.248,0:44.730,0:45.853,256.2,Matteo CRESSONI,,LMGTE Am,,Iron Lynx,Ferrari,
60,3,9,4:32.179,0,,3:07.877,0,45.597,0,38.705,0,71.6,21:17.722,08:51:17.722,3:07.877,0:45.597,0:38.705,159.8,Matteo CRESSONI,0:02:32.556,LMGTE Am,,Iron Lynx,Ferrari,
60,3,10,2:04.194,0,,38.761,0,44.621,0,40.812,0,156.9,23:21.916,08:53:21.916,0:38.761,0:44.621,0:40.812,256.8,Matteo CRESSONI,,LMGTE Am,,Iron Lynx,Ferrari,
60,3,11,2:01.757,0,,37.948,0,45.155,0,38.654,0,160.0,25:23.673,08:55:23.673,0:37.948,0:45.155,0:38.654,256.2,Matteo CRESSONI,,LMGTE Am,,Iron Lynx,Ferrari,
60,3,12,2:07.975,0,B,38.398,0,44.951,0,44.626,0,152.2,27:31.648,08:57:31.648,0:38.398,0:44.951,0:44.626,256.2,Matteo CRESSONI,,LMGTE Am,,Iron Lynx,Ferrari,
60,1,13,8:01.141,0,,6:35.696,0,46.327,0,39.118,0,40.5,35:32.789,09:05:32.789,6:35.696,0:46.327,0:39.118,108.9,Rino MASTRONARDI,0:05:57.254,LMGTE Am,,Iron Lynx,Ferrari,
60,1,14,2:03.968,0,,39.116,0,45.849,0,39.003,0,157.2,37:36.757,09:07:36.757,0:39.116,0:45.849,0:39.003,226.2,Rino MASTRONARDI,,LMGTE Am,,Iron Lynx,Ferrari,
60,1,15,2:02.830,0,,38.319,0,45.567,0,38.944,0,158.6,39:39.587,09:09:39.587,0:38.319,0:45.567,0:38.944,251.4,Rino MASTRONARDI,,LMGTE Am,,Iron Lynx,Ferrari,
60,1,16,2:02.422,0,,38.253,0,45.400,0,38.769,0,159.1,41:42.009,09:11:42.009,0:38.253,0:45.400,0:38.769,252.0,Rino MASTRONARDI,,LMGTE Am,,Iron Lynx,Ferrari,
60,1,17,2:02.078,0,,38.030,0,45.324,0,38.724,0,159.6,43:44.087,09:13:44.087,0:38.030,0:45.324,0:38.724,253.2,Rino MASTRONARDI,,LMGTE Am,,Iron Lynx,Ferrari,
60,1,18,2:06.698,0,,38.406,0,45.883,0,42.409,0,153.8,45:50.785,09:15:50.785,0:38.406,0:45.883,0:42.409,252.0,Rino MASTRONARDI,,LMGTE Am,,Iron Lynx,Ferrari,
60,1,19,3:27.215,0,B,39.114,0,1:25.382,0,1:22.719,0,94.0,49:18.000,09:19:18.000,0:39.114,1:25.382,1:22.719,237.1,Rino MASTRONARDI,,LMGTE Am,,Iron Lynx,Ferrari,
60,1,20,5:19.256,0,,3:45.913,0,54.226,0,39.117,0,61.0,54:37.256,09:24:37.256,3:45.913,0:54.226,0:39.117,131.2,Rino MASTRONARDI,0:03:07.349,LMGTE Am,,Iron Lynx,Ferrari,
60,1,21,2:03.229,0,,38.619,0,45.635,0,38.975,0,158.1,56:40.485,09:26:40.485,0:38.619,0:45.635,0:38.975,255.6,Rino MASTRONARDI,,LMGTE Am,,Iron Lynx,Ferrari,
60,1,22,2:02.361,0,,38.080,0,45.658,0,38.623,1,159.2,58:42.846,09:28:42.846,0:38.080,0:45.658,0:38.623,249.1,Rino MASTRONARDI,,LMGTE Am,,Iron Lynx,Ferrari,
60,1,23,2:01.911,0,,38.075,0,45.105,1,38.731,0,159.8,1:00:44.757,09:30:44.757,0:38.075,0:45.105,0:38.731,248.5,Rino MASTRONARDI,,LMGTE Am,,Iron Lynx,Ferrari,
60,1,24,2:01.844,0,,37.903,1,45.184,0,38.757,0,159.9,1:02:46.601,09:32:46.601,0:37.903,0:45.184,0:38.757,253.2,Rino MASTRONARDI,,LMGTE Am,,Iron Lynx,Ferrari,
60,1,25,2:54.966,0,B,38.240,0,54.044,0,1:22.682,0,111.4,1:05:41.567,09:35:41.567,0:38.240,0:54.044,1:22.682,244.6,Rino MASTRONARDI,,LMGTE Am,,Iron Lynx,Ferrari,
60,2,26,4:56.606,0,B,2:42.973,0,1:21.184,0,52.449,0,65.7,1:10:38.173,09:40:38.173,2:42.973,1:21.184,0:52.449,158.2,Andrea PICCINI,0:01:28.915,LMGTE Am,,Iron Lynx,Ferrari,
60,2,27,4:38.440,0,,3:12.848,0,46.922,0,38.670,0,70.0,1:15:16.613,09:45:16.613,3:12.848,0:46.922,0:38.670,158.7,Andrea PICCINI,0:02:38.911,LMGTE Am,,Iron Lynx,Ferrari,
60,2,28,2:03.930,0,,38.437,0,46.848,0,38.645,0,157.2,1:17:20.543,09:47:20.543,0:38.437,0:46.848,0:38.645,252.6,Andrea PICCINI,,LMGTE Am,,Iron Lynx,Ferrari,
60,2,29,2:04.317,0,,39.219,0,45.759,0,39.339,0,156.7,1:19:24.860,09:49:24.860,0:39.219,0:45.759,0:39.339,255.6,Andrea PICCINI,,LMGTE Am,,Iron Lynx,Ferrari,
60,2,30,2:02.326,0,,38.428,0,45.304,0,38.594,1,159.3,1:21:27.186,09:51:27.186,0:38.428,0:45.304,0:38.594,256.2,Andrea PICCINI,,LMGTE Am,,Iron Lynx,Ferrari,
60,2,31,2:06.053,0,B,37.906,1,45.518,0,42.629,0,154.6,1:23:33.239,09:53:33.239,0:37.906,0:45.518,0:42.629,253.8,Andrea PICCINI,,LMGTE Am,,Iron Lynx,Ferrari,
60,2,32,3:14.613,0,,1:50.530,0,45.184,0,38.899,0,100.1,1:26:47.852,09:56:47.852,1:50.530,0:45.184,0:38.899,160.3,Andrea PICCINI,0:01:16.625,LMGTE Am,,Iron Lynx,Ferrari,
60,2,33,2:02.120,0,,38.308,0,45.095,1,38.717,0,159.5,1:28:49.972,09:58:49.972,0:38.308,0:45.095,0:38.717,254.4,Andrea PICCINI,,LMGTE Am,,Iron Lynx,Ferrari,
60,2,34,2:02.048,0,,38.126,0,45.104,0,38.818,0,159.6,1:30:52.020,10:00:52.020,0:38.126,0:45.104,0:38.818,251.4,Andrea PICCINI,,LMGTE Am,,Iron Lynx,Ferrari,
7,2,1,2:03.820,0,,44.073,0,44.229,0,35.518,0,150.1,2:03.820,08:32:03.820,0:44.073,0:44.229,0:35.518,174.5,Kamui KOBAYASHI,0:00:08.508,HYPERCAR,H,Toyota Gazoo Racing,Toyota,
7,2,2,1:49.063,3,,34.185,0,41.216,2,33.662,3,178.6,3:52.883,08:33:52.883,0:34.185,0:41.216,0:33.662,287.4,Kamui KOBAYASHI,,HYPERCAR,H,Toyota Gazoo Racing,Toyota,
7,2,3,1:55.787,0,B,34.090,2,41.961,0,39.736,0,168.3,5:48.670,08:35:48.670,0:34.090,0:41.961,0:39.736,277.1,Kamui KOBAYASHI,,HYPERCAR,H,Toyota Gazoo Racing,Toyota,
7,1,4,2:55.937,0,,1:39.397,0,41.477,1,35.063,0,110.7,8:44.607,08:38:44.607,1:39.397,0:41.477,0:35.063,187.5,Mike CONWAY,0:01:08.667,HYPERCAR,H,Toyota Gazoo Racing,Toyota,
7,1,5,1:50.690,0,,34.329,0,41.794,0,34.567,0,176.0,10:35.297,08:40:35.297,0:34.329,0:41.794,0:34.567,264.9,Mike CONWAY,,HYPERCAR,H,Toyota Gazoo Racing,Toyota,
7,1,6,1:50.854,0,,34.649,0,41.645,0,34.560,1,175.8,12:26.151,08:42:26.151,0:34.649,0:41.645,0:34.560,264.3,Mike CONWAY,,HYPERCAR,H,Toyota Gazoo Racing,Toyota,
7,1,7,1:51.035,0,,34.328,1,42.029,0,34.678,0,175.5,14:17.186,08:44:17.186,0:34.328,0:42.029,0:34.678,271.6,Mike CONWAY,,HYPERCAR,H,Toyota Gazoo Racing,Toyota,
7,1,8,1:51.254,0,,34.867,0,41.810,0,34.577,0,175.1,16:08.440,08:46:08.440,0:34.867,0:41.810,0:34.577,276.4,Mike CONWAY,,HYPERCAR,H,Toyota Gazoo Racing,Toyota,
7,1,9,1:51.459,0,,34.614,0,41.982,0,34.863,0,174.8,17:59.899,08:47:59.899,0:34.614,0:41.982,0:34.863,265.6,Mike CONWAY,,HYPERCAR,H,Toyota Gazoo Racing,Toyota,
7,1,10,1:51.128,0,,34.461,0,41.930,0,34.737,0,175.3,19:51.027,08:49:51.027,0:34.461,0:41.930,0:34.737,272.9,Mike CONWAY,,HYPERCAR,H,Toyota Gazoo Racing,Toyota,
7,1,11,1:51.862,0,,34.550,0,41.976,0,35.336,0,174.2,21:42.889,08:51:42.889,0:34.550,0:41.976,0:35.336,275.7,Mike CONWAY,,HYPERCAR,H,Toyota Gazoo Racing,Toyota,
7,1,12,1:51.707,0,,34.972,0,41.995,0,34.740,0,174.4,23:34.596,08:53:34.596,0:34.972,0:41.995,0:34.740,239.2,Mike CONWAY,,HYPERCAR,H,Toyota Gazoo Racing,Toyota,
7,1,13,1:51.940,0,,34.777,0,41.981,0,35.182,0,174.1,25:26.536,08:55:26.536,0:34.777,0:41.981,0:35.182,276.4,Mike CONWAY,,HYPERCAR,H,Toyota Gazoo Racing,Toyota,
7,1,14,1:51.435,0,,34.617,0,41.788,0,35.030,0,174.8,27:17.971,08:57:17.971,0:34.617,0:41.788,0:35.030,274.3,Mike CONWAY,,HYPERCAR,H,Toyota Gazoo Racing,Toyota,
7,1,15,1:55.089,0,B,34.552,0,41.932,0,38.605,0,169.3,29:13.060,08:59:13.060,0:34.552,0:41.932,0:38.605,270.2,Mike CONWAY,,HYPERCAR,H,Toyota Gazoo Racing,Toyota,
7,2,16,3:24.672,0,,2:04.904,0,44.286,0,35.482,0,95.2,32:37.732,09:02:37.732,2:04.904,0:44.286,0:35.482,183.7,Kamui KOBAYASHI,0:01:32.752,HYPERCAR,H,Toyota Gazoo Racing,Toyota,
7,2,17,1:52.896,0,,35.182,0,42.588,0,35.126,0,172.6,34:30.628,09:04:30.628,0:35.182,0:42.588,0:35.126,260.5,Kamui KOBAYASHI,,HYPERCAR,H,Toyota Gazoo Racing,Toyota,
7,2,18,1:52.743,0,,34.891,0,42.382,0,35.470,0,172.8,36:23.371,09:06:23.371,0:34.891,0:42.382,0:35.470,266.2,Kamui KOBAYASHI,,HYPERCAR,H,Toyota Gazoo Racing,Toyota,
7,2,19,1:53.865,0,,35.187,0,42.596,0,36.082,0,171.1,38:17.236,09:08:17.236,0:35.187,0:42.596,0:36.082,270.9,Kamui KOBAYASHI,,HYPERCAR,H,Toyota Gazoo Racing,Toyota,
7,2,20,1:53.762,0,,34.991,0,43.092,0,35.679,0,171.3,40:10.998,09:10:10.998,0:34.991,0:43.092,0:35.679,270.2,Kamui KOBAYASHI,,HYPERCAR,H,Toyota Gazoo Racing,Toyota,
7,2,21,1:52.826,0,,35.081,0,42.467,0,35.278,0,172.7,42:03.824,09:12:03.824,0:35.081,0:42.467,0:35.278,264.9,Kamui KOBAYASHI,,HYPERCAR,H,Toyota Gazoo Racing,Toyota,
7,2,22,1:53.475,0,,35.012,0,42.717,0,35.746,0,171.7,43:57.299,09:13:57.299,0:35.012,0:42.717,0:35.746,261.7,Kamui KOBAYASHI,,HYPERCAR,H,Toyota Gazoo Racing,Toyota,
7,2,23,1:53.517,0,,35.207,0,42.563,0,35.747,0,171.6,45:50.816,09:15:50.816,0:35.207,0:42.563,0:35.747,264.9,Kamui KOBAYASHI,,HYPERCAR,H,Toyota Gazoo Racing,Toyota,
7,2,24,3:26.157,0,,40.400,0,1:24.822,0,1:20.935,0,94.5,49:16.973,09:19:16.973,0:40.400,1:24.822,1:20.935,263.6,Kamui KOBAYASHI,,HYPERCAR,H,Toyota Gazoo Racing,Toyota,
7,2,25,2:57.644,0,,1:20.100,0,1:01.546,0,35.998,0,109.7,52:14.617,09:22:14.617,1:20.100,1:01.546,0:35.998,80.2,Kamui KOBAYASHI,,HYPERCAR,H,Toyota Gazoo Racing,Toyota,
7,2,26,1:58.473,0,B,35.349,0,42.900,0,40.224,0,164.5,54:13.090,09:24:13.090,0:35.349,0:42.900,0:40.224,250.3,Kamui KOBAYASHI,,HYPERCAR,H,Toyota Gazoo Racing,Toyota,
7,2,27,6:37.840,0,,5:18.858,0,43.381,0,35.601,0,49.0,1:00:50.930,09:30:50.930,5:18.858,0:43.381,0:35.601,181.5,Kamui KOBAYASHI,0:04:46.564,HYPERCAR,H,Toyota Gazoo Racing,Toyota,
7,2,28,1:56.003,0,,35.535,0,43.197,0,37.271,0,168.0,1:02:46.933,09:32:46.933,0:35.535,0:43.197,0:37.271,262.4,Kamui KOBAYASHI,,HYPERCAR,H,Toyota Gazoo Racing,Toyota,
7,2,29,2:45.488,0,B,35.624,0,47.885,0,1:21.979,0,117.7,1:05:32.421,09:35:32.421,0:35.624,0:47.885,1:21.979,266.9,Kamui KOBAYASHI,,HYPERCAR,H,Toyota Gazoo Racing,Toyota,
7,3,30,4:29.476,0,B,2:06.186,0,1:21.607,0,1:01.683,0,72.3,1:10:01.897,09:40:01.897,2:06.186,1:21.607,1:01.683,141.1,Jose Maria LOPEZ,0:01:23.148,HYPERCAR,H,Toyota Gazoo Racing,Toyota,
7,3,31,4:58.663,0,,3:38.324,0,44.847,0,35.492,0,65.2,1:15:00.560,09:45:00.560,3:38.324,0:44.847,0:35.492,156.6,Jose Maria LOPEZ,0:03:03.720,HYPERCAR,H,Toyota Gazoo Racing,Toyota,
7,3,32,1:54.791,0,,35.547,0,43.490,0,35.754,0,169.7,1:16:55.351,09:46:55.351,0:35.547,0:43.490,0:35.754,253.8,Jose Maria LOPEZ,,HYPERCAR,H,Toyota Gazoo Racing,Toyota,
7,3,33,1:54.098,0,,35.918,0,43.003,0,35.177,1,170.8,1:18:49.449,09:48:49.449,0:35.918,0:43.003,0:35.177,282.9,Jose Maria LOPEZ,,HYPERCAR,H,Toyota Gazoo Racing,Toyota,
7,3,34,1:57.030,0,,34.751,1,46.916,0,35.363,0,166.5,1:20:46.479,09:50:46.479,0:34.751,0:46.916,0:35.363,266.9,Jose Maria LOPEZ,,HYPERCAR,H,Toyota Gazoo Racing,Toyota,
7,3,35,1:53.455,0,,34.979,0,43.031,0,35.445,0,171.7,1:22:39.934,09:52:39.934,0:34.979,0:43.031,0:35.445,268.9,Jose Maria LOPEZ,,HYPERCAR,H,Toyota Gazoo Racing,Toyota,
7,3,36,1:53.616,0,,34.943,0,42.827,0,35.846,0,171.5,1:24:33.550,09:54:33.550,0:34.943,0:42.827,0:35.846,277.1,Jose Maria LOPEZ,,HYPERCAR,H,Toyota Gazoo Racing,Toyota,
7,3,37,1:53.648,0,,35.571,0,42.794,1,35.283,0,171.4,1:26:27.198,09:56:27.198,0:35.571,0:42.794,0:35.283,270.2,Jose Maria LOPEZ,,HYPERCAR,H,Toyota Gazoo Racing,Toyota,
7,3,38,1:53.347,0,,35.068,0,43.060,0,35.219,0,171.9,1:28:20.545,09:58:20.545,0:35.068,0:43.060,0:35.219,270.9,Jose Maria LOPEZ,,HYPERCAR,H,Toyota Gazoo Racing,Toyota,
7,3,39,1:53.599,0,,35.312,0,42.902,0,35.385,0,171.5,1:30:14.144,10:00:14.144,0:35.312,0:42.902,0:35.385,259.9,Jose Maria LOPEZ,,HYPERCAR,H,Toyota Gazoo Racing,Toyota,
70,1,1,2:22.235,0,,54.815,0,48.464,0,38.956,0,130.7,2:22.235,08:32:22.235,0:54.815,0:48.464,0:38.956,132.6,Esteban GARCIA,0:00:13.578,LMP2,P/A,Realteam Racing,Oreca,
70,1,2,1:58.991,0,,37.854,0,44.085,0,37.052,0,163.7,4:21.226,08:34:21.226,0:37.854,0:44.085,0:37.052,230.6,Esteban GARCIA,,LMP2,P/A,Realteam Racing,Oreca,
70,1,3,1:57.587,0,,37.389,0,43.667,1,36.531,1,165.7,6:18.813,08:36:18.813,0:37.389,0:43.667,0:36.531,250.3,Esteban GARCIA,,LMP2,P/A,Realteam Racing,Oreca,
70,1,4,1:57.357,0,,36.476,1,43.914,0,36.967,0,166.0,8:16.170,08:38:16.170,0:36.476,0:43.914,0:36.967,268.2,Esteban GARCIA,,LMP2,P/A,Realteam Racing,Oreca,
70,1,5,1:57.442,0,,36.801,0,43.766,0,36.875,0,165.9,10:13.612,08:40:13.612,0:36.801,0:43.766,0:36.875,254.4,Esteban GARCIA,,LMP2,P/A,Realteam Racing,Oreca,
70,1,6,1:58.595,0,,37.263,0,44.248,0,37.084,0,164.3,12:12.207,08:42:12.207,0:37.263,0:44.248,0:37.084,247.4,Esteban GARCIA,,LMP2,P/A,Realteam Racing,Oreca,
70,1,7,1:58.171,0,,36.682,0,44.191,0,37.298,0,164.9,14:10.378,08:44:10.378,0:36.682,0:44.191,0:37.298,264.3,Esteban GARCIA,,LMP2,P/A,Realteam Racing,Oreca,
70,1,8,1:58.854,0,,37.067,0,44.799,0,36.988,0,163.9,16:09.232,08:46:09.232,0:37.067,0:44.799,0:36.988,238.2,Esteban GARCIA,,LMP2,P/A,Realteam Racing,Oreca,
70,1,9,1:57.602,0,,36.841,0,43.989,0,36.772,0,165.7,18:06.834,08:48:06.834,0:36.841,0:43.989,0:36.772,256.2,Esteban GARCIA,,LMP2,P/A,Realteam Racing,Oreca,
70,1,10,2:02.609,0,B,36.604,0,44.242,0,41.763,0,158.9,20:09.443,08:50:09.443,0:36.604,0:44.242,0:41.763,270.9,Esteban GARCIA,,LMP2,P/A,Realteam Racing,Oreca,
70,3,11,4:16.682,0,,2:55.787,0,44.030,0,36.865,0,75.9,24:26.125,08:54:26.125,2:55.787,0:44.030,0:36.865,168.5,Norman NATO,0:02:22.666,LMP2,P/A,Realteam Racing,Oreca,
70,3,12,1:55.342,0,,36.008,0,43.288,0,36.046,0,168.9,26:21.467,08:56:21.467,0:36.008,0:43.288,0:36.046,257.4,Norman NATO,,LMP2,P/A,Realteam Racing,Oreca,
70,3,13,1:55.963,0,,35.844,0,43.531,0,36.588,0,168.0,28:17.430,08:58:17.430,0:35.844,0:43.531,0:36.588,252.0,Norman NATO,,LMP2,P/A,Realteam Racing,Oreca,
70,3,14,1:55.120,0,,35.794,0,42.935,0,36.391,0,169.2,30:12.550,09:00:12.550,0:35.794,0:42.935,0:36.391,266.9,Norman NATO,,LMP2,P/A,Realteam Racing,Oreca,
70,3,15,1:54.567,0,,35.722,0,42.910,0,35.935,0,170.1,32:07.117,09:02:07.117,0:35.722,0:42.910,0:35.935,270.9,Norman NATO,,LMP2,P/A,Realteam Racing,Oreca,
70,3,16,1:56.065,0,,35.984,0,43.647,0,36.434,0,167.9,34:03.182,09:04:03.182,0:35.984,0:43.647,0:36.434,261.7,Norman NATO,,LMP2,P/A,Realteam Racing,Oreca,
70,3,17,2:00.214,0,B,35.883,0,43.801,0,40.530,0,162.1,36:03.396,09:06:03.396,0:35.883,0:43.801,0:40.530,266.2,Norman NATO,,LMP2,P/A,Realteam Racing,Oreca,
70,3,18,7:03.598,0,,5:42.232,0,45.249,0,36.117,0,46.0,43:06.994,09:13:06.994,5:42.232,0:45.249,0:36.117,175.9,Norman NATO,0:05:09.910,LMP2,P/A,Realteam Racing,Oreca,
70,3,19,1:56.955,0,,35.913,0,43.745,0,37.297,0,166.6,45:03.949,09:15:03.949,0:35.913,0:43.745,0:37.297,266.9,Norman NATO,,LMP2,P/A,Realteam Racing,Oreca,
70,3,20,2:28.681,0,,35.970,0,43.524,0,1:09.187,0,131.0,47:32.630,09:17:32.630,0:35.970,0:43.524,1:09.187,275.7,Norman NATO,,LMP2,P/A,Realteam Racing,Oreca,
70,3,21,3:53.033,0,,1:20.320,0,1:20.640,0,1:12.073,0,83.6,51:25.663,09:21:25.663,1:20.320,1:20.640,1:12.073,80.5,Norman NATO,,LMP2,P/A,Realteam Racing,Oreca,
70,3,22,1:57.259,0,,36.952,0,43.985,0,36.322,0,166.2,53:22.922,09:23:22.922,0:36.952,0:43.985,0:36.322,238.7,Norman NATO,,LMP2,P/A,Realteam Racing,Oreca,
70,3,23,1:55.183,0,,35.708,0,43.539,0,35.936,0,169.1,55:18.105,09:25:18.105,0:35.708,0:43.539,0:35.936,270.9,Norman NATO,,LMP2,P/A,Realteam Racing,Oreca,
70,3,24,1:54.308,2,,35.760,0,42.834,2,35.714,2,170.4,57:12.413,09:27:12.413,0:35.760,0:42.834,0:35.714,262.4,Norman NATO,,LMP2,P/A,Realteam Racing,Oreca,
70,3,25,1:54.445,0,,35.514,2,43.159,0,35.772,0,170.2,59:06.858,09:29:06.858,0:35.514,0:43.159,0:35.772,276.4,Norman NATO,,LMP2,P/A,Realteam Racing,Oreca,
77,3,1,2:45.767,0,,1:16.274,0,48.942,0,40.551,0,112.1,2:45.767,08:32:45.767,1:16.274,0:48.942,0:40.551,138.6,Matt CAMPBELL,0:00:36.360,LMGTE Am,,Dempsey - Proton Racing,Porsche,
77,3,2,2:05.956,0,B,38.233,0,44.883,0,42.840,0,154.7,4:51.723,08:34:51.723,0:38.233,0:44.883,0:42.840,245.2,Matt CAMPBELL,,LMGTE Am,,Dempsey - Proton Racing,Porsche,
77,3,3,2:59.240,0,,1:32.949,0,47.396,0,38.895,0,108.7,7:50.963,08:37:50.963,1:32.949,0:47.396,0:38.895,133.4,Matt CAMPBELL,0:00:56.869,LMGTE Am,,Dempsey - Proton Racing,Porsche,
77,3,4,1:59.718,0,,38.188,0,43.776,2,37.754,0,162.7,9:50.681,08:39:50.681,0:38.188,0:43.776,0:37.754,256.8,Matt CAMPBELL,,LMGTE Am,,Dempsey - Proton Racing,Porsche,
77,3,5,1:59.020,2,,37.462,2,43.922,0,37.636,2,163.7,11:49.701,08:41:49.701,0:37.462,0:43.922,0:37.636,256.8,Matt CAMPBELL,,LMGTE Am,,Dempsey - Proton Racing,Porsche,
77,3,6,2:03.133,0,B,37.526,0,43.919,0,41.688,0,158.2,13:52.834,08:43:52.834,0:37.526,0:43.919,0:41.688,255.6,Matt CAMPBELL,,LMGTE Am,,Dempsey - Proton Racing,Porsche,
77,3,7,6:40.930,0,,5:16.975,0,45.764,0,38.191,0,48.6,20:33.764,08:50:33.764,5:16.975,0:45.764,0:38.191,156.8,Matt CAMPBELL,0:04:41.807,LMGTE Am,,Dempsey - Proton Racing,Porsche,
77,3,8,1:59.669,0,,37.582,0,44.145,0,37.942,0,162.8,22:33.433,08:52:33.433,0:37.582,0:44.145,0:37.942,255.0,Matt CAMPBELL,,LMGTE Am,,Dempsey - Proton Racing,Porsche,
77,3,9,2:00.085,0,,37.783,0,44.139,0,38.163,0,162.2,24:33.518,08:54:33.518,0:37.783,0:44.139,0:38.163,256.8,Matt CAMPBELL,,LMGTE Am,,Dempsey - Proton Racing,Porsche,
77,3,10,2:04.757,0,B,37.776,0,44.441,0,42.540,0,156.2,26:38.275,08:56:38.275,0:37.776,0:44.441,0:42.540,255.6,Matt CAMPBELL,,LMGTE Am,,Dempsey - Proton Racing,Porsche,
77,3,11,6:23.340,0,,4:59.270,0,45.450,0,38.620,0,50.8,33:01.615,09:03:01.615,4:59.270,0:45.450,0:38.620,158.7,Matt CAMPBELL,0:04:25.527,LMGTE Am,,Dempsey - Proton Racing,Porsche,
77,3,12,2:00.478,0,,37.653,0,44.775,0,38.050,0,161.7,35:02.093,09:05:02.093,0:37.653,0:44.775,0:38.050,254.4,Matt CAMPBELL,,LMGTE Am,,Dempsey - Proton Racing,Porsche,
77,3,13,2:00.146,0,,37.880,0,44.298,0,37.968,0,162.2,37:02.239,09:07:02.239,0:37.880,0:44.298,0:37.968,256.2,Matt CAMPBELL,,LMGTE Am,,Dempsey - Proton Racing,Porsche,
77,3,14,2:05.095,0,B,37.722,0,44.717,0,42.656,0,155.7,39:07.334,09:09:07.334,0:37.722,0:44.717,0:42.656,255.0,Matt CAMPBELL,,LMGTE Am,,Dempsey - Proton Racing,Porsche,
77,1,15,4:33.558,0,,3:08.704,0,45.600,1,39.254,0,71.2,43:40.892,09:13:40.892,3:08.704,0:45.600,0:39.254,149.9,Christian RIED,0:02:33.811,LMGTE Am,,Dempsey - Proton Racing,Porsche,
77,1,16,2:07.655,0,,40.754,0,46.136,0,40.765,0,152.6,45:48.547,09:15:48.547,0:40.754,0:46.136,0:40.765,255.0,Christian RIED,,LMGTE Am,,Dempsey - Proton Racing,Porsche,
77,1,17,3:32.297,0,B,47.352,0,1:22.515,0,1:22.430,0,91.8,49:20.844,09:19:20.844,0:47.352,1:22.515,1:22.430,254.4,Christian RIED,,LMGTE Am,,Dempsey - Proton Racing,Porsche,
77,1,18,5:04.170,0,,3:38.768,0,46.200,0,39.202,0,64.1,54:25.014,09:24:25.014,3:38.768,0:46.200,0:39.202,122.7,Christian RIED,0:03:02.003,LMGTE Am,,Dempsey - Proton Racing,Porsche,
77,1,19,2:04.200,0,,38.921,0,45.938,0,39.341,0,156.9,56:29.214,09:26:29.214,0:38.921,0:45.938,0:39.341,252.0,Christian RIED,,LMGTE Am,,Dempsey - Proton Racing,Porsche,
77,1,20,2:03.559,0,,38.674,0,45.777,0,39.108,0,157.7,58:32.773,09:28:32.773,0:38.674,0:45.777,0:39.108,249.1,Christian RIED,,LMGTE Am,,Dempsey - Proton Racing,Porsche,
77,1,21,2:03.490,0,,38.565,0,45.788,0,39.137,0,157.8,1:00:36.263,09:30:36.263,0:38.565,0:45.788,0:39.137,253.8,Christian RIED,,LMGTE Am,,Dempsey - Proton Racing,Porsche,
77,1,22,2:02.966,0,,38.403,0,45.811,0,38.752,1,158.4,1:02:39.229,09:32:39.229,0:38.403,0:45.811,0:38.752,255.0,Christian RIED,,LMGTE Am,,Dempsey - Proton Racing,Porsche,
77,1,23,2:47.521,0,B,38.323,1,47.002,0,1:22.196,0,116.3,1:05:26.750,09:35:26.750,0:38.323,0:47.002,1:22.196,255.0,Christian RIED,,LMGTE Am,,Dempsey - Proton Racing,Porsche,
77,2,24,9:38.552,0,,8:12.311,0,46.532,0,39.709,0,33.7,1:15:05.302,09:45:05.302,8:12.311,0:46.532,0:39.709,149.5,Jaxon EVANS,0:07:35.383,LMGTE Am,,Dempsey - Proton Racing,Porsche,
77,2,25,2:02.651,0,,38.198,0,45.365,0,39.088,0,158.9,1:17:07.953,09:47:07.953,0:38.198,0:45.365,0:39.088,243.5,Jaxon EVANS,,LMGTE Am,,Dempsey - Proton Racing,Porsche,
77,2,26,2:02.284,0,,38.656,0,45.201,0,38.427,0,159.3,1:19:10.237,09:49:10.237,0:38.656,0:45.201,0:38.427,229.1,Jaxon EVANS,,LMGTE Am,,Dempsey - Proton Racing,Porsche,
77,2,27,2:00.985,0,,37.882,0,44.786,0,38.317,0,161.0,1:21:11.222,09:51:11.222,0:37.882,0:44.786,0:38.317,255.6,Jaxon EVANS,,LMGTE Am,,Dempsey - Proton Racing,Porsche,
77,2,28,2:00.940,0,,37.893,0,44.756,0,38.291,0,161.1,1:23:12.162,09:53:12.162,0:37.893,0:44.756,0:38.291,256.2,Jaxon EVANS,,LMGTE Am,,Dempsey - Proton Racing,Porsche,
77,2,29,2:01.778,0,,38.118,0,44.992,0,38.668,0,160.0,1:25:13.940,09:55:13.940,0:38.118,0:44.992,0:38.668,255.0,Jaxon EVANS,,LMGTE Am,,Dempsey - Proton Racing,Porsche,
77,2,30,2:02.570,0,,37.898,0,45.881,0,38.791,0,159.0,1:27:16.510,09:57:16.510,0:37.898,0:45.881,0:38.791,253.8,Jaxon EVANS,,LMGTE Am,,Dempsey - Proton Racing,Porsche,
77,2,31,2:01.088,0,,37.963,0,44.971,0,38.154,1,160.9,1:29:17.598,09:59:17.598,0:37.963,0:44.971,0:38.154,250.8,Jaxon EVANS,,LMGTE Am,,Dempsey - Proton Racing,Porsche,
77,2,32,2:00.721,0,,37.810,1,44.702,1,38.209,0,161.4,1:31:18.319,10:01:18.319,0:37.810,0:44.702,0:38.209,254.4,Jaxon EVANS,,LMGTE Am,,Dempsey - Proton Racing,Porsche,
777,2,1,3:00.628,0,,1:35.917,0,45.406,0,39.305,0,102.9,3:00.628,08:33:00.628,1:35.917,0:45.406,0:39.305,152.8,Tomonobu FUJII,0:00:56.680,LMGTE Am,,D'Station Racing,Aston Martin,
777,2,2,2:02.418,0,,39.795,0,44.534,0,38.089,0,159.2,5:03.046,08:35:03.046,0:39.795,0:44.534,0:38.089,252.6,Tomonobu FUJII,,LMGTE Am,,D'Station Racing,Aston Martin,
777,2,3,2:00.164,2,,37.374,2,44.285,2,38.505,0,162.1,7:03.210,08:37:03.210,0:37.374,0:44.285,0:38.505,248.0,Tomonobu FUJII,,LMGTE Am,,D'Station Racing,Aston Martin,
777,2,4,2:00.200,0,,37.419,0,44.763,0,38.018,1,162.1,9:03.410,08:39:03.410,0:37.419,0:44.763,0:38.018,249.1,Tomonobu FUJII,,LMGTE Am,,D'Station Racing,Aston Martin,
777,2,5,2:06.577,0,B,37.583,0,45.514,0,43.480,0,153.9,11:09.987,08:41:09.987,0:37.583,0:45.514,0:43.480,251.4,Tomonobu FUJII,,LMGTE Am,,D'Station Racing,Aston Martin,
777,2,6,4:39.922,0,,3:17.266,0,44.538,0,38.118,0,69.6,15:49.909,08:45:49.909,3:17.266,0:44.538,0:38.118,155.9,Tomonobu FUJII,0:02:42.734,LMGTE Am,,D'Station Racing,Aston Martin,
777,2,7,2:06.431,0,B,37.575,0,44.873,0,43.983,0,154.1,17:56.340,08:47:56.340,0:37.575,0:44.873,0:43.983,252.0,Tomonobu FUJII,,LMGTE Am,,D'Station Racing,Aston Martin,
777,1,8,8:10.049,0,,6:43.851,0,47.819,0,38.379,0,39.8,26:06.389,08:56:06.389,6:43.851,0:47.819,0:38.379,135.8,Satoshi HOSHINO,0:06:02.171,LMGTE Am,,D'Station Racing,Aston Martin,
777,1,9,2:04.514,0,,38.616,0,47.693,0,38.205,0,156.5,28:10.903,08:58:10.903,0:38.616,0:47.693,0:38.205,232.5,Satoshi HOSHINO,,LMGTE Am,,D'Station Racing,Aston Martin,
777,1,10,2:03.479,0,,38.208,0,45.564,0,39.707,0,157.8,30:14.382,09:00:14.382,0:38.208,0:45.564,0:39.707,237.6,Satoshi HOSHINO,,LMGTE Am,,D'Station Racing,Aston Martin,
777,1,11,2:01.478,0,,38.226,0,45.217,0,38.035,1,160.4,32:15.860,09:02:15.860,0:38.226,0:45.217,0:38.035,236.1,Satoshi HOSHINO,,LMGTE Am,,D'Station Racing,Aston Martin,
777,1,12,2:01.475,0,,38.336,0,45.080,0,38.059,0,160.4,34:17.335,09:04:17.335,0:38.336,0:45.080,0:38.059,239.2,Satoshi HOSHINO,,LMGTE Am,,D'Station Racing,Aston Martin,
777,1,13,2:01.005,0,,37.873,0,44.977,0,38.155,0,161.0,36:18.340,09:06:18.340,0:37.873,0:44.977,0:38.155,245.7,Satoshi HOSHINO,,LMGTE Am,,D'Station Racing,Aston Martin,
777,1,14,2:02.135,0,,38.152,0,45.647,0,38.336,0,159.5,38:20.475,09:08:20.475,0:38.152,0:45.647,0:38.336,246.8,Satoshi HOSHINO,,LMGTE Am,,D'Station Racing,Aston Martin,
777,1,15,2:01.760,0,,37.840,1,45.778,0,38.142,0,160.0,40:22.235,09:10:22.235,0:37.840,0:45.778,0:38.142,249.7,Satoshi HOSHINO,,LMGTE Am,,D'Station Racing,Aston Martin,
777,1,16,2:01.221,0,,37.938,0,44.852,1,38.431,0,160.7,42:23.456,09:12:23.456,0:37.938,0:44.852,0:38.431,253.8,Satoshi HOSHINO,,LMGTE Am,,D'Station Racing,Aston Martin,
777,1,17,2:01.311,0,,38.037,0,45.147,0,38.127,0,160.6,44:24.767,09:14:24.767,0:38.037,0:45.147,0:38.127,256.2,Satoshi HOSHINO,,LMGTE Am,,D'Station Racing,Aston Martin,
777,1,18,2:08.281,0,B,37.911,0,45.345,0,45.025,0,151.9,46:33.048,09:16:33.048,0:37.911,0:45.345,0:45.025,251.4,Satoshi HOSHINO,,LMGTE Am,,D'Station Racing,Aston Martin,
777,3,19,7:07.184,0,,5:43.347,0,45.225,0,38.612,0,45.6,53:40.232,09:23:40.232,5:43.347,0:45.225,0:38.612,161.3,Andrew WATSON,0:05:09.207,LMGTE Am,,D'Station Racing,Aston Martin,
777,3,20,2:01.364,0,,38.052,0,44.953,0,38.359,0,160.5,55:41.596,09:25:41.596,0:38.052,0:44.953,0:38.359,258.6,Andrew WATSON,,LMGTE Am,,D'Station Racing,Aston Martin,
777,3,21,2:00.306,0,,37.535,1,44.590,1,38.181,0,161.9,57:41.902,09:27:41.902,0:37.535,0:44.590,0:38.181,257.4,Andrew WATSON,,LMGTE Am,,D'Station Racing,Aston Martin,
777,3,22,2:03.838,0,,37.823,0,45.344,0,40.671,0,157.3,59:45.740,09:29:45.740,0:37.823,0:45.344,0:40.671,257.4,Andrew WATSON,,LMGTE Am,,D'Station Racing,Aston Martin,
777,3,23,2:01.148,0,,38.037,0,44.643,0,38.468,0,160.8,1:01:46.888,09:31:46.888,0:38.037,0:44.643,0:38.468,253.8,Andrew WATSON,,LMGTE Am,,D'Station Racing,Aston Martin,
777,3,24,2:00.744,0,,38.019,0,44.726,0,37.999,2,161.4,1:03:47.632,09:33:47.632,0:38.019,0:44.726,0:37.999,246.3,Andrew WATSON,,LMGTE Am,,D'Station Racing,Aston Martin,
777,3,25,3:10.963,0,,1:00.087,0,1:20.651,0,50.225,0,102.0,1:06:58.595,09:36:58.595,1:00.087,1:20.651,0:50.225,250.3,Andrew WATSON,,LMGTE Am,,D'Station Racing,Aston Martin,
777,3,26,3:34.997,0,B,52.262,0,1:20.574,0,1:22.161,0,90.6,1:10:33.592,09:40:33.592,0:52.262,1:20.574,1:22.161,246.3,Andrew WATSON,,LMGTE Am,,D'Station Racing,Aston Martin,
777,2,27,5:48.489,0,,4:24.478,0,45.461,0,38.550,0,55.9,1:16:22.081,09:46:22.081,4:24.478,0:45.461,0:38.550,158.0,Tomonobu FUJII,0:03:49.435,LMGTE Am,,D'Station Racing,Aston Martin,
777,2,28,2:03.592,0,,39.867,0,45.305,0,38.420,0,157.6,1:18:25.673,09:48:25.673,0:39.867,0:45.305,0:38.420,245.7,Tomonobu FUJII,,LMGTE Am,,D'Station Racing,Aston Martin,
777,2,29,2:01.230,0,,37.978,0,45.072,0,38.180,0,160.7,1:20:26.903,09:50:26.903,0:37.978,0:45.072,0:38.180,248.5,Tomonobu FUJII,,LMGTE Am,,D'Station Racing,Aston Martin,
777,2,30,2:00.990,0,,37.739,0,44.691,0,38.560,0,161.0,1:22:27.893,09:52:27.893,0:37.739,0:44.691,0:38.560,252.6,Tomonobu FUJII,,LMGTE Am,,D'Station Racing,Aston Martin,
777,2,31,2:01.534,0,,38.314,0,44.780,0,38.440,0,160.3,1:24:29.427,09:54:29.427,0:38.314,0:44.780,0:38.440,247.4,Tomonobu FUJII,,LMGTE Am,,D'Station Racing,Aston Martin,
777,2,32,2:00.958,0,,37.950,0,44.936,0,38.072,0,161.1,1:26:30.385,09:56:30.385,0:37.950,0:44.936,0:38.072,241.9,Tomonobu FUJII,,LMGTE Am,,D'Station Racing,Aston Martin,
777,2,33,2:00.919,0,,37.557,0,44.993,0,38.369,0,161.1,1:28:31.304,09:58:31.304,0:37.557,0:44.993,0:38.369,252.0,Tomonobu FUJII,,LMGTE Am,,D'Station Racing,Aston Martin,
777,2,34,2:00.873,0,,37.847,0,44.794,0,38.232,0,161.2,1:30:32.177,10:00:32.177,0:37.847,0:44.794,0:38.232,252.6,Tomonobu FUJII,,LMGTE Am,,D'Station Racing,Aston Martin,
8,3,1,2:06.210,0,,45.126,0,44.445,0,36.639,0,147.3,2:06.210,08:32:06.210,0:45.126,0:44.445,0:36.639,164.7,Brendon HARTLEY,0:00:10.268,HYPERCAR,H,Toyota Gazoo Racing,Toyota,
8,3,2,1:54.043,0,,33.855,0,42.448,0,37.740,0,170.8,4:00.253,08:34:00.253,0:33.855,0:42.448,0:37.740,285.9,Brendon HARTLEY,,HYPERCAR,H,Toyota Gazoo Racing,Toyota,
8,3,3,1:49.093,2,,33.701,3,41.002,0,34.390,2,178.6,5:49.346,08:35:49.346,0:33.701,0:41.002,0:34.390,279.3,Brendon HARTLEY,,HYPERCAR,H,Toyota Gazoo Racing,Toyota,
8,3,4,1:49.259,0,,33.702,0,40.993,3,34.564,0,178.3,7:38.605,08:37:38.605,0:33.702,0:40.993,0:34.564,285.9,Brendon HARTLEY,,HYPERCAR,H,Toyota Gazoo Racing,Toyota,
8,3,5,1:54.172,0,B,33.794,0,41.156,0,39.222,0,170.6,9:32.777,08:39:32.777,0:33.794,0:41.156,0:39.222,285.9,Brendon HARTLEY,,HYPERCAR,H,Toyota Gazoo Racing,Toyota,
8,2,6,3:09.801,0,,1:53.620,0,41.657,0,34.524,1,102.7,12:42.578,08:42:42.578,1:53.620,0:41.657,0:34.524,187.5,Kazuki NAKAJIMA,0:01:22.697,HYPERCAR,H,Toyota Gazoo Racing,Toyota,
8,2,7,1:51.046,0,,34.270,1,41.620,0,35.156,0,175.5,14:33.624,08:44:33.624,0:34.270,0:41.620,0:35.156,275.7,Kazuki NAKAJIMA,,HYPERCAR,H,Toyota Gazoo Racing,Toyota,
8,2,8,1:52.513,0,,34.540,0,43.332,0,34.641,0,173.2,16:26.137,08:46:26.137,0:34.540,0:43.332,0:34.641,273.6,Kazuki NAKAJIMA,,HYPERCAR,H,Toyota Gazoo Racing,Toyota,
8,2,9,1:50.855,0,,34.300,0,41.610,1,34.945,0,175.8,18:16.992,08:48:16.992,0:34.300,0:41.610,0:34.945,277.1,Kazuki NAKAJIMA,,HYPERCAR,H,Toyota Gazoo Racing,Toyota,
8,2,10,1:51.239,0,,34.478,0,41.956,0,34.805,0,175.1,20:08.231,08:50:08.231,0:34.478,0:41.956,0:34.805,276.4,Kazuki NAKAJIMA,,HYPERCAR,H,Toyota Gazoo Racing,Toyota,
8,2,11,1:51.066,0,,34.392,0,41.821,0,34.853,0,175.4,21:59.297,08:51:59.297,0:34.392,0:41.821,0:34.853,277.1,Kazuki NAKAJIMA,,HYPERCAR,H,Toyota Gazoo Racing,Toyota,
8,2,12,1:52.931,0,,34.470,0,43.067,0,35.394,0,172.5,23:52.228,08:53:52.228,0:34.470,0:43.067,0:35.394,279.3,Kazuki NAKAJIMA,,HYPERCAR,H,Toyota Gazoo Racing,Toyota,
8,2,13,1:55.434,0,B,34.730,0,41.938,0,38.766,0,168.8,25:47.662,08:55:47.662,0:34.730,0:41.938,0:38.766,271.6,Kazuki NAKAJIMA,,HYPERCAR,H,Toyota Gazoo Racing,Toyota,
8,2,14,7:54.781,0,,6:37.571,0,42.070,0,35.140,0,41.0,33:42.443,09:03:42.443,6:37.571,0:42.070,0:35.140,187.2,Kazuki NAKAJIMA,0:06:06.827,HYPERCAR,H,Toyota Gazoo Racing,Toyota,
8,2,15,1:52.216,0,,35.184,0,42.129,0,34.903,0,173.6,35:34.659,09:05:34.659,0:35.184,0:42.129,0:34.903,272.9,Kazuki NAKAJIMA,,HYPERCAR,H,Toyota Gazoo Racing,Toyota,
8,2,16,1:53.709,0,,35.899,0,42.463,0,35.347,0,171.3,37:28.368,09:07:28.368,0:35.899,0:42.463,0:35.347,261.1,Kazuki NAKAJIMA,,HYPERCAR,H,Toyota Gazoo Racing,Toyota,
8,2,17,1:51.687,0,,34.696,0,42.045,0,34.946,0,174.4,39:20.055,09:09:20.055,0:34.696,0:42.045,0:34.946,275.7,Kazuki NAKAJIMA,,HYPERCAR,H,Toyota Gazoo Racing,Toyota,
8,2,18,1:52.019,0,,34.692,0,42.391,0,34.936,0,173.9,41:12.074,09:11:12.074,0:34.692,0:42.391,0:34.936,272.3,Kazuki NAKAJIMA,,HYPERCAR,H,Toyota Gazoo Racing,Toyota,
8,2,19,1:52.032,0,,34.732,0,42.231,0,35.069,0,173.9,43:04.106,09:13:04.106,0:34.732,0:42.231,0:35.069,271.6,Kazuki NAKAJIMA,,HYPERCAR,H,Toyota Gazoo Racing,Toyota,
8,2,20,1:52.127,0,,35.123,0,42.052,0,34.952,0,173.8,44:56.233,09:14:56.233,0:35.123,0:42.052,0:34.952,264.3,Kazuki NAKAJIMA,,HYPERCAR,H,Toyota Gazoo Racing,Toyota,
8,2,21,2:21.720,0,B,34.956,0,42.167,0,1:04.597,0,137.5,47:17.953,09:17:17.953,0:34.956,0:42.167,1:04.597,264.9,Kazuki NAKAJIMA,,HYPERCAR,H,Toyota Gazoo Racing,Toyota,
8,1,22,4:34.012,0,,2:33.824,0,1:20.493,0,39.695,0,71.1,51:51.965,09:21:51.965,2:33.824,1:20.493,0:39.695,80.3,Sébastien BUEMI,0:01:34.194,HYPERCAR,H,Toyota Gazoo Racing,Toyota,
8,1,23,1:53.753,0,,35.406,0,43.100,0,35.247,0,171.3,53:45.718,09:23:45.718,0:35.406,0:43.100,0:35.247,262.4,Sébastien BUEMI,,HYPERCAR,H,Toyota Gazoo Racing,Toyota,
8,1,24,1:53.454,0,,35.492,0,42.325,0,35.637,0,171.7,55:39.172,09:25:39.172,0:35.492,0:42.325,0:35.637,265.6,Sébastien BUEMI,,HYPERCAR,H,Toyota Gazoo Racing,Toyota,
8,1,25,1:55.668,0,,37.412,0,42.458,0,35.798,0,168.4,57:34.840,09:27:34.840,0:37.412,0:42.458,0:35.798,278.6,Sébastien BUEMI,,HYPERCAR,H,Toyota Gazoo Racing,Toyota,
8,1,26,1:52.891,0,,35.138,0,42.664,0,35.089,0,172.6,59:27.731,09:29:27.731,0:35.138,0:42.664,0:35.089,258.6,Sébastien BUEMI,,HYPERCAR,H,Toyota Gazoo Racing,Toyota,
8,1,27,1:52.337,0,,34.994,0,42.276,0,35.067,1,173.4,1:01:20.068,09:31:20.068,0:34.994,0:42.276,0:35.067,270.2,Sébastien BUEMI,,HYPERCAR,H,Toyota Gazoo Racing,Toyota,
8,1,28,1:52.252,0,,34.881,0,42.217,1,35.154,0,173.6,1:03:12.320,09:33:12.320,0:34.881,0:42.217,0:35.154,266.9,Sébastien BUEMI,,HYPERCAR,H,Toyota Gazoo Racing,Toyota,
8,1,29,3:07.465,0,B,34.764,1,1:10.683,0,1:22.018,0,103.9,1:06:19.785,09:36:19.785,0:34.764,1:10.683,1:22.018,267.6,Sébastien BUEMI,,HYPERCAR,H,Toyota Gazoo Racing,Toyota,
8,1,30,5:26.247,0,B,1:47.918,0,1:49.965,0,1:48.364,0,59.7,1:11:46.032,09:41:46.032,1:47.918,1:49.965,1:48.364,188.1,Sébastien BUEMI,0:00:26.805,HYPERCAR,H,Toyota Gazoo Racing,Toyota,
83,3,1,2:23.566,0,,52.640,0,50.159,0,40.767,0,129.5,2:23.566,08:32:23.566,0:52.640,0:50.159,0:40.767,137.7,Alessio ROVERA,0:00:12.466,LMGTE Am,,AF Corse,Ferrari,
83,3,2,2:14.893,0,B,41.528,0,47.904,0,45.461,0,144.4,4:38.459,08:34:38.459,0:41.528,0:47.904,0:45.461,161.0,Alessio ROVERA,,LMGTE Am,,AF Corse,Ferrari,
83,3,3,3:36.833,0,,2:11.187,0,46.513,0,39.133,0,89.9,8:15.292,08:38:15.292,2:11.187,0:46.513,0:39.133,108.7,Alessio ROVERA,0:01:34.338,LMGTE Am,,AF Corse,Ferrari,
83,3,4,2:05.055,0,,39.093,0,47.013,0,38.949,0,155.8,10:20.347,08:40:20.347,0:39.093,0:47.013,0:38.949,229.6,Alessio ROVERA,,LMGTE Am,,AF Corse,Ferrari,
83,3,5,2:13.902,0,B,38.643,0,45.555,0,49.704,0,145.5,12:34.249,08:42:34.249,0:38.643,0:45.555,0:49.704,225.8,Alessio ROVERA,,LMGTE Am,,AF Corse,Ferrari,
83,3,6,3:57.960,0,,2:32.945,0,46.469,0,38.546,0,81.9,16:32.209,08:46:32.209,2:32.945,0:46.469,0:38.546,159.1,Alessio ROVERA,0:01:58.919,LMGTE Am,,AF Corse,Ferrari,
83,3,7,2:04.191,0,,39.523,0,46.218,0,38.450,0,156.9,18:36.400,08:48:36.400,0:39.523,0:46.218,0:38.450,254.4,Alessio ROVERA,,LMGTE Am,,AF Corse,Ferrari,
83,3,8,2:02.500,0,,38.476,0,45.426,0,38.598,0,159.0,20:38.900,08:50:38.900,0:38.476,0:45.426,0:38.598,256.2,Alessio ROVERA,,LMGTE Am,,AF Corse,Ferrari,
83,3,9,2:03.055,0,,38.269,0,45.427,0,39.359,0,158.3,22:41.955,08:52:41.955,0:38.269,0:45.427,0:39.359,252.0,Alessio ROVERA,,LMGTE Am,,AF Corse,Ferrari,
83,3,10,2:06.457,0,B,38.202,0,45.314,0,42.941,0,154.1,24:48.412,08:54:48.412,0:38.202,0:45.314,0:42.941,256.2,Alessio ROVERA,,LMGTE Am,,AF Corse,Ferrari,
83,1,11,3:36.960,0,,2:05.759,0,48.562,0,42.639,0,89.8,28:25.372,08:58:25.372,2:05.759,0:48.562,0:42.639,134.8,François PERRODO,0:01:28.683,LMGTE Am,,AF Corse,Ferrari,
83,1,12,2:02.002,0,,38.177,0,45.188,0,38.637,0,159.7,30:27.374,09:00:27.374,0:38.177,0:45.188,0:38.637,254.4,François PERRODO,,LMGTE Am,,AF Corse,Ferrari,
83,1,13,2:01.715,0,,38.147,0,45.066,1,38.502,0,160.1,32:29.089,09:02:29.089,0:38.147,0:45.066,0:38.502,253.2,François PERRODO,,LMGTE Am,,AF Corse,Ferrari,
83,1,14,2:01.856,0,,38.228,0,45.074,0,38.554,0,159.9,34:30.945,09:04:30.945,0:38.228,0:45.074,0:38.554,252.0,François PERRODO,,LMGTE Am,,AF Corse,Ferrari,
83,1,15,2:01.570,0,,38.055,0,45.192,0,38.323,1,160.3,36:32.515,09:06:32.515,0:38.055,0:45.192,0:38.323,252.0,François PERRODO,,LMGTE Am,,AF Corse,Ferrari,
83,1,16,2:01.874,0,,38.119,0,45.101,0,38.654,0,159.9,38:34.389,09:08:34.389,0:38.119,0:45.101,0:38.654,253.2,François PERRODO,,LMGTE Am,,AF Corse,Ferrari,
83,1,17,2:01.864,0,,38.049,0,45.137,0,38.678,0,159.9,40:36.253,09:10:36.253,0:38.049,0:45.137,0:38.678,252.0,François PERRODO,,LMGTE Am,,AF Corse,Ferrari,
83,1,18,2:01.508,0,,37.992,0,45.152,0,38.364,0,160.3,42:37.761,09:12:37.761,0:37.992,0:45.152,0:38.364,252.0,François PERRODO,,LMGTE Am,,AF Corse,Ferrari,
83,1,19,2:02.030,0,,38.377,0,45.110,0,38.543,0,159.7,44:39.791,09:14:39.791,0:38.377,0:45.110,0:38.543,253.2,François PERRODO,,LMGTE Am,,AF Corse,Ferrari,
83,1,20,2:13.425,0,B,37.907,1,45.069,0,50.449,0,146.0,46:53.216,09:16:53.216,0:37.907,0:45.069,0:50.449,253.2,François PERRODO,,LMGTE Am,,AF Corse,Ferrari,
83,2,21,6:27.009,0,,5:03.652,0,45.054,0,38.303,0,50.3,53:20.225,09:23:20.225,5:03.652,0:45.054,0:38.303,153.7,Nicklas NIELSEN,0:04:29.107,LMGTE Am,,AF Corse,Ferrari,
83,2,22,2:01.130,0,,37.950,0,44.759,0,38.421,0,160.8,55:21.355,09:25:21.355,0:37.950,0:44.759,0:38.421,253.2,Nicklas NIELSEN,,LMGTE Am,,AF Corse,Ferrari,
83,2,23,2:00.509,2,,37.817,0,44.534,0,38.158,1,161.7,57:21.864,09:27:21.864,0:37.817,0:44.534,0:38.158,254.4,Nicklas NIELSEN,,LMGTE Am,,AF Corse,Ferrari,
83,2,24,2:00.837,0,,37.812,0,44.533,0,38.492,0,161.2,59:22.701,09:29:22.701,0:37.812,0:44.533,0:38.492,255.0,Nicklas NIELSEN,,LMGTE Am,,AF Corse,Ferrari,
83,2,25,2:01.104,0,,38.207,0,44.664,0,38.233,0,160.9,1:01:23.805,09:31:23.805,0:38.207,0:44.664,0:38.233,255.0,Nicklas NIELSEN,,LMGTE Am,,AF Corse,Ferrari,
83,2,26,2:00.875,0,,37.562,2,44.487,2,38.826,0,161.2,1:03:24.680,09:33:24.680,0:37.562,0:44.487,0:38.826,255.6,Nicklas NIELSEN,,LMGTE Am,,AF Corse,Ferrari,
83,2,27,3:18.597,0,B,40.457,0,1:20.348,0,1:17.792,0,98.1,1:06:43.277,09:36:43.277,0:40.457,1:20.348,1:17.792,237.6,Nicklas NIELSEN,,LMGTE Am,,AF Corse,Ferrari,
83,3,28,8:28.373,0,,7:00.453,0,46.658,0,41.262,0,38.3,1:15:11.650,09:45:11.650,7:00.453,0:46.658,0:41.262,156.6,Alessio ROVERA,0:06:25.716,LMGTE Am,,AF Corse,Ferrari,
83,3,29,2:05.463,0,,39.409,0,46.920,0,39.134,0,155.3,1:17:17.113,09:47:17.113,0:39.409,0:46.920,0:39.134,245.2,Alessio ROVERA,,LMGTE Am,,AF Corse,Ferrari,
83,3,30,2:10.332,0,,38.686,0,50.429,0,41.217,0,149.5,1:19:27.445,09:49:27.445,0:38.686,0:50.429,0:41.217,253.8,Alessio ROVERA,,LMGTE Am,,AF Corse,Ferrari,
83,3,31,2:06.490,0,B,38.234,0,45.148,0,43.108,0,154.0,1:21:33.935,09:51:33.935,0:38.234,0:45.148,0:43.108,254.4,Alessio ROVERA,,LMGTE Am,,AF Corse,Ferrari,
83,3,32,3:02.177,0,,1:37.948,0,45.208,0,39.021,0,106.9,1:24:36.112,09:54:36.112,1:37.948,0:45.208,0:39.021,159.6,Alessio ROVERA,0:01:04.789,LMGTE Am,,AF Corse,Ferrari,
83,3,33,2:01.142,0,,38.084,0,44.902,0,38.156,2,160.8,1:26:37.254,09:56:37.254,0:38.084,0:44.902,0:38.156,253.8,Alessio ROVERA,,LMGTE Am,,AF Corse,Ferrari,
83,3,34,2:00.906,0,,37.818,1,44.795,1,38.293,0,161.1,1:28:38.160,09:58:38.160,0:37.818,0:44.795,0:38.293,255.6,Alessio ROVERA,,LMGTE Am,,AF Corse,Ferrari,
83,3,35,2:06.866,0,,40.661,0,44.898,0,41.307,0,153.6,1:30:45.026,10:00:45.026,0:40.661,0:44.898,0:41.307,246.8,Alessio ROVERA,,LMGTE Am,,AF Corse,Ferrari,
85,1,1,2:51.976,0,,1:22.887,0,49.187,0,39.902,0,108.1,2:51.976,08:32:51.976,1:22.887,0:49.187,0:39.902,140.4,Rahel FREY,0:00:41.214,LMGTE Am,,Iron Lynx,Ferrari,
85,1,2,2:08.767,0,,39.473,0,47.250,0,42.044,0,151.3,5:00.743,08:35:00.743,0:39.473,0:47.250,0:42.044,219.8,Rahel FREY,,LMGTE Am,,Iron Lynx,Ferrari,
85,1,3,2:05.676,0,,38.371,0,46.739,0,40.566,0,155.0,7:06.419,08:37:06.419,0:38.371,0:46.739,0:40.566,252.0,Rahel FREY,,LMGTE Am,,Iron Lynx,Ferrari,
85,1,4,2:01.970,0,,38.260,0,45.098,0,38.612,0,159.7,9:08.389,08:39:08.389,0:38.260,0:45.098,0:38.612,240.8,Rahel FREY,,LMGTE Am,,Iron Lynx,Ferrari,
85,1,5,2:03.020,0,,38.058,0,45.035,0,39.927,0,158.4,11:11.409,08:41:11.409,0:38.058,0:45.035,0:39.927,250.3,Rahel FREY,,LMGTE Am,,Iron Lynx,Ferrari,
85,1,6,2:02.236,0,,38.342,0,45.325,0,38.569,0,159.4,13:13.645,08:43:13.645,0:38.342,0:45.325,0:38.569,254.4,Rahel FREY,,LMGTE Am,,Iron Lynx,Ferrari,
85,1,7,2:02.024,0,,38.028,0,45.229,0,38.767,0,159.7,15:15.669,08:45:15.669,0:38.028,0:45.229,0:38.767,253.2,Rahel FREY,,LMGTE Am,,Iron Lynx,Ferrari,
85,1,8,2:03.237,0,,37.974,1,46.556,0,38.707,0,158.1,17:18.906,08:47:18.906,0:37.974,0:46.556,0:38.707,253.2,Rahel FREY,,LMGTE Am,,Iron Lynx,Ferrari,
85,1,9,2:01.562,0,,38.050,0,45.004,1,38.508,1,160.3,19:20.468,08:49:20.468,0:38.050,0:45.004,0:38.508,253.2,Rahel FREY,,LMGTE Am,,Iron Lynx,Ferrari,
85,1,10,2:02.689,0,,37.994,0,45.369,0,39.326,0,158.8,21:23.157,08:51:23.157,0:37.994,0:45.369,0:39.326,255.0,Rahel FREY,,LMGTE Am,,Iron Lynx,Ferrari,
85,1,11,2:01.838,0,,37.980,0,45.209,0,38.649,0,159.9,23:24.995,08:53:24.995,0:37.980,0:45.209,0:38.649,254.4,Rahel FREY,,LMGTE Am,,Iron Lynx,Ferrari,
85,1,12,2:02.998,0,,38.062,0,45.255,0,39.681,0,158.4,25:27.993,08:55:27.993,0:38.062,0:45.255,0:39.681,253.2,Rahel FREY,,LMGTE Am,,Iron Lynx,Ferrari,
85,1,13,2:02.743,0,,38.794,0,45.068,0,38.881,0,158.7,27:30.736,08:57:30.736,0:38.794,0:45.068,0:38.881,242.4,Rahel FREY,,LMGTE Am,,Iron Lynx,Ferrari,
85,1,14,2:03.142,0,,38.350,0,45.955,0,38.837,0,158.2,29:33.878,08:59:33.878,0:38.350,0:45.955,0:38.837,254.4,Rahel FREY,,LMGTE Am,,Iron Lynx,Ferrari,
85,1,15,2:07.902,0,B,38.942,0,45.537,0,43.423,0,152.3,31:41.780,09:01:41.780,0:38.942,0:45.537,0:43.423,251.4,Rahel FREY,,LMGTE Am,,Iron Lynx,Ferrari,
85,3,16,3:44.793,0,,2:15.622,0,46.866,0,42.305,0,86.7,35:26.573,09:05:26.573,2:15.622,0:46.866,0:42.305,153.1,Katherine LEGGE,0:01:39.734,LMGTE Am,,Iron Lynx,Ferrari,
85,3,17,2:04.041,0,,39.307,0,45.778,0,38.956,0,157.1,37:30.614,09:07:30.614,0:39.307,0:45.778,0:38.956,252.6,Katherine LEGGE,,LMGTE Am,,Iron Lynx,Ferrari,
85,3,18,2:03.569,0,,38.355,0,46.166,0,39.048,0,157.7,39:34.183,09:09:34.183,0:38.355,0:46.166,0:39.048,251.4,Katherine LEGGE,,LMGTE Am,,Iron Lynx,Ferrari,
85,3,19,2:04.324,0,,38.534,0,45.775,0,40.015,0,156.7,41:38.507,09:11:38.507,0:38.534,0:45.775,0:40.015,252.6,Katherine LEGGE,,LMGTE Am,,Iron Lynx,Ferrari,
85,3,20,2:02.665,0,,38.276,0,45.590,1,38.799,1,158.8,43:41.172,09:13:41.172,0:38.276,0:45.590,0:38.799,253.8,Katherine LEGGE,,LMGTE Am,,Iron Lynx,Ferrari,
85,3,21,2:56.098,0,B,40.084,0,45.981,0,1:30.033,0,110.6,46:37.270,09:16:37.270,0:40.084,0:45.981,1:30.033,242.4,Katherine LEGGE,,LMGTE Am,,Iron Lynx,Ferrari,
85,3,22,5:02.033,0,,2:38.029,0,1:22.799,0,1:01.205,0,64.5,51:39.303,09:21:39.303,2:38.029,1:22.799,1:01.205,80.1,Katherine LEGGE,0:01:37.469,LMGTE Am,,Iron Lynx,Ferrari,
85,3,23,2:03.902,0,,38.703,0,46.213,0,38.986,0,157.2,53:43.205,09:23:43.205,0:38.703,0:46.213,0:38.986,244.6,Katherine LEGGE,,LMGTE Am,,Iron Lynx,Ferrari,
85,3,24,2:04.796,0,,38.845,0,46.919,0,39.032,0,156.1,55:48.001,09:25:48.001,0:38.845,0:46.919,0:39.032,247.4,Katherine LEGGE,,LMGTE Am,,Iron Lynx,Ferrari,
85,3,25,2:03.753,0,,38.525,0,46.057,0,39.171,0,157.4,57:51.754,09:27:51.754,0:38.525,0:46.057,0:39.171,251.4,Katherine LEGGE,,LMGTE Am,,Iron Lynx,Ferrari,
85,3,26,2:03.199,0,,38.178,1,46.128,0,38.893,0,158.1,59:54.953,09:29:54.953,0:38.178,0:46.128,0:38.893,254.4,Katherine LEGGE,,LMGTE Am,,Iron Lynx,Ferrari,
85,3,27,2:08.342,0,B,38.263,0,46.281,0,43.798,0,151.8,1:02:03.295,09:32:03.295,0:38.263,0:46.281,0:43.798,255.0,Katherine LEGGE,,LMGTE Am,,Iron Lynx,Ferrari,
85,2,28,4:36.207,0,,1:59.815,0,1:20.861,0,1:15.531,0,70.5,1:06:39.502,09:36:39.502,1:59.815,1:20.861,1:15.531,158.4,Sarah BOVY,0:01:23.885,LMGTE Am,,Iron Lynx,Ferrari,
85,2,29,3:26.555,0,B,1:04.001,0,1:20.692,0,1:01.862,0,94.3,1:10:06.057,09:40:06.057,1:04.001,1:20.692,1:01.862,234.5,Sarah BOVY,,LMGTE Am,,Iron Lynx,Ferrari,
85,2,30,5:11.590,0,,3:44.573,0,48.615,0,38.402,0,62.5,1:15:17.647,09:45:17.647,3:44.573,0:48.615,0:38.402,150.7,Sarah BOVY,0:03:09.981,LMGTE Am,,Iron Lynx,Ferrari,
85,2,31,2:01.248,2,,37.917,2,44.994,0,38.337,0,160.7,1:17:18.895,09:47:18.895,0:37.917,0:44.994,0:38.337,255.6,Sarah BOVY,,LMGTE Am,,Iron Lynx,Ferrari,
85,2,32,2:01.832,0,,38.381,0,44.818,2,38.633,0,159.9,1:19:20.727,09:49:20.727,0:38.381,0:44.818,0:38.633,252.6,Sarah BOVY,,LMGTE Am,,Iron Lynx,Ferrari,
85,2,33,2:02.042,0,,38.511,0,45.202,0,38.329,2,159.6,1:21:22.769,09:51:22.769,0:38.511,0:45.202,0:38.329,249.7,Sarah BOVY,,LMGTE Am,,Iron Lynx,Ferrari,
85,2,34,2:02.286,0,,38.006,0,44.887,0,39.393,0,159.3,1:23:25.055,09:53:25.055,0:38.006,0:44.887,0:39.393,255.6,Sarah BOVY,,LMGTE Am,,Iron Lynx,Ferrari,
85,2,35,2:02.913,0,,38.669,0,45.582,0,38.662,0,158.5,1:25:27.968,09:55:27.968,0:38.669,0:45.582,0:38.662,251.4,Sarah BOVY,,LMGTE Am,,Iron Lynx,Ferrari,
85,2,36,2:02.297,0,,38.360,0,45.330,0,38.607,0,159.3,1:27:30.265,09:57:30.265,0:38.360,0:45.330,0:38.607,251.4,Sarah BOVY,,LMGTE Am,,Iron Lynx,Ferrari,
85,2,37,2:02.172,0,,38.171,0,45.265,0,38.736,0,159.5,1:29:32.437,09:59:32.437,0:38.171,0:45.265,0:38.736,252.0,Sarah BOVY,,LMGTE Am,,Iron Lynx,Ferrari,
85,2,38,2:03.272,0,,38.839,0,45.510,0,38.923,0,158.1,1:31:35.709,10:01:35.709,0:38.839,0:45.510,0:38.923,252.6,Sarah BOVY,,LMGTE Am,,Iron Lynx,Ferrari,
86,3,1,2:25.425,0,,56.505,0,47.685,0,41.235,0,127.8,2:25.425,08:32:25.425,0:56.505,0:47.685,0:41.235,142.0,Tom GAMBLE,0:00:17.658,LMGTE Am,,GR Racing,Porsche,
86,3,2,2:09.508,0,,40.211,0,48.414,0,40.883,0,150.4,4:34.933,08:34:34.933,0:40.211,0:48.414,0:40.883,180.9,Tom GAMBLE,,LMGTE Am,,GR Racing,Porsche,
86,3,3,2:22.446,0,,42.844,0,52.792,0,46.810,0,136.8,6:57.379,08:36:57.379,0:42.844,0:52.792,0:46.810,170.1,Tom GAMBLE,,LMGTE Am,,GR Racing,Porsche,
86,3,4,2:02.278,0,,38.581,0,45.143,0,38.554,0,159.3,8:59.657,08:38:59.657,0:38.581,0:45.143,0:38.554,241.9,Tom GAMBLE,,LMGTE Am,,GR Racing,Porsche,
86,3,5,2:01.192,0,,38.194,0,44.839,0,38.159,2,160.8,11:00.849,08:41:00.849,0:38.194,0:44.839,0:38.159,248.0,Tom GAMBLE,,LMGTE Am,,GR Racing,Porsche,
86,3,6,2:00.907,2,,37.952,0,44.686,1,38.269,0,161.1,13:01.756,08:43:01.756,0:37.952,0:44.686,0:38.269,253.8,Tom GAMBLE,,LMGTE Am,,GR Racing,Porsche,
86,3,7,2:05.879,0,B,37.928,1,44.984,0,42.967,0,154.8,15:07.635,08:45:07.635,0:37.928,0:44.984,0:42.967,251.4,Tom GAMBLE,,LMGTE Am,,GR Racing,Porsche,
86,2,8,3:58.397,0,,2:35.087,0,44.810,0,38.500,0,81.7,19:06.032,08:49:06.032,2:35.087,0:44.810,0:38.500,158.9,Benjamin BARKER,0:02:01.766,LMGTE Am,,GR Racing,Porsche,
86,2,9,2:01.745,0,,38.070,0,45.271,0,38.404,1,160.0,21:07.777,08:51:07.777,0:38.070,0:45.271,0:38.404,254.4,Benjamin BARKER,,LMGTE Am,,GR Racing,Porsche,
86,2,10,2:01.867,0,,38.132,0,45.280,0,38.455,0,159.9,23:09.644,08:53:09.644,0:38.132,0:45.280,0:38.455,250.3,Benjamin BARKER,,LMGTE Am,,GR Racing,Porsche,
86,2,11,2:01.616,0,,37.816,0,45.375,0,38.425,0,160.2,25:11.260,08:55:11.260,0:37.816,0:45.375,0:38.425,255.0,Benjamin BARKER,,LMGTE Am,,GR Racing,Porsche,
86,2,12,2:01.449,0,,37.892,0,45.023,0,38.534,0,160.4,27:12.709,08:57:12.709,0:37.892,0:45.023,0:38.534,252.0,Benjamin BARKER,,LMGTE Am,,GR Racing,Porsche,
86,2,13,2:04.927,0,B,37.957,0,44.813,0,42.157,0,156.0,29:17.636,08:59:17.636,0:37.957,0:44.813,0:42.157,249.7,Benjamin BARKER,,LMGTE Am,,GR Racing,Porsche,
86,1,14,3:50.462,0,,2:25.616,0,45.683,1,39.163,1,84.5,33:08.098,09:03:08.098,2:25.616,0:45.683,0:39.163,154.1,Michael WAINWRIGHT,0:01:51.061,LMGTE Am,,GR Racing,Porsche,
86,1,15,2:04.360,0,,38.520,1,46.235,0,39.605,0,156.7,35:12.458,09:05:12.458,0:38.520,0:46.235,0:39.605,249.7,Michael WAINWRIGHT,,LMGTE Am,,GR Racing,Porsche,
86,1,16,2:05.199,0,,39.213,0,46.187,0,39.799,0,155.6,37:17.657,09:07:17.657,0:39.213,0:46.187,0:39.799,246.8,Michael WAINWRIGHT,,LMGTE Am,,GR Racing,Porsche,
86,1,17,2:04.277,0,,38.976,0,45.999,0,39.302,0,156.8,39:21.934,09:09:21.934,0:38.976,0:45.999,0:39.302,245.2,Michael WAINWRIGHT,,LMGTE Am,,GR Racing,Porsche,
86,1,18,2:04.395,0,,38.705,0,46.345,0,39.345,0,156.6,41:26.329,09:11:26.329,0:38.705,0:46.345,0:39.345,249.7,Michael WAINWRIGHT,,LMGTE Am,,GR Racing,Porsche,
86,1,19,2:04.588,0,,39.105,0,46.201,0,39.282,0,156.4,43:30.917,09:13:30.917,0:39.105,0:46.201,0:39.282,234.5,Michael WAINWRIGHT,,LMGTE Am,,GR Racing,Porsche,
86,1,20,2:04.816,0,,38.825,0,46.715,0,39.276,0,156.1,45:35.733,09:15:35.733,0:38.825,0:46.715,0:39.276,251.4,Michael WAINWRIGHT,,LMGTE Am,,GR Racing,Porsche,
86,1,21,3:15.868,0,B,38.845,0,1:13.981,0,1:23.042,0,99.5,48:51.601,09:18:51.601,0:38.845,1:13.981,1:23.042,251.4,Michael WAINWRIGHT,,LMGTE Am,,GR Racing,Porsche,
86,2,22,7:53.601,0,,6:29.971,0,45.189,0,38.441,0,41.1,56:45.202,09:26:45.202,6:29.971,0:45.189,0:38.441,158.0,Benjamin BARKER,0:05:56.559,LMGTE Am,,GR Racing,Porsche,
86,2,23,2:01.476,0,,38.112,0,44.886,0,38.478,0,160.4,58:46.678,09:28:46.678,0:38.112,0:44.886,0:38.478,237.1,Benjamin BARKER,,LMGTE Am,,GR Racing,Porsche,
86,2,24,2:01.081,0,,38.038,0,44.608,2,38.435,0,160.9,1:00:47.759,09:30:47.759,0:38.038,0:44.608,0:38.435,236.6,Benjamin BARKER,,LMGTE Am,,GR Racing,Porsche,
86,2,25,2:06.262,0,B,38.185,0,45.389,0,42.688,0,154.3,1:02:54.021,09:32:54.021,0:38.185,0:45.389,0:42.688,254.4,Benjamin BARKER,,LMGTE Am,,GR Racing,Porsche,
86,2,26,12:38.381,0,,11:12.732,0,44.877,0,40.772,0,25.7,1:15:32.402,09:45:32.402,11:12.732,0:44.877,0:40.772,159.1,Benjamin BARKER,0:10:39.548,LMGTE Am,,GR Racing,Porsche,
86,2,27,2:00.962,0,,37.830,0,44.693,0,38.439,0,161.1,1:17:33.364,09:47:33.364,0:37.830,0:44.693,0:38.439,250.8,Benjamin BARKER,,LMGTE Am,,GR Racing,Porsche,
86,2,28,2:03.116,0,,37.821,0,46.563,0,38.732,0,158.3,1:19:36.480,09:49:36.480,0:37.821,0:46.563,0:38.732,254.4,Benjamin BARKER,,LMGTE Am,,GR Racing,Porsche,
86,2,29,2:01.217,0,,37.940,0,44.791,0,38.486,0,160.7,1:21:37.697,09:51:37.697,0:37.940,0:44.791,0:38.486,255.0,Benjamin BARKER,,LMGTE Am,,GR Racing,Porsche,
86,2,30,2:05.249,0,B,37.807,2,45.051,0,42.391,0,155.6,1:23:42.946,09:53:42.946,0:37.807,0:45.051,0:42.391,254.4,Benjamin BARKER,,LMGTE Am,,GR Racing,Porsche,
86,3,31,4:21.676,0,,2:57.658,0,45.222,0,38.796,0,74.5,1:28:04.622,09:58:04.622,2:57.658,0:45.222,0:38.796,159.4,Tom GAMBLE,0:02:24.602,LMGTE Am,,GR Racing,Porsche,
86,3,32,2:03.151,0,,38.210,0,45.221,0,39.720,0,158.2,1:30:07.773,10:00:07.773,0:38.210,0:45.221,0:39.720,253.2,Tom GAMBLE,,LMGTE Am,,GR Racing,Porsche,
88,2,1,2:48.298,0,,1:20.150,0,47.740,0,40.408,0,110.4,2:48.298,08:32:48.298,1:20.150,0:47.740,0:40.408,148.6,Adrien DE LEENER,0:00:40.323,LMGTE Am,,Dempsey - Proton Racing,Porsche,
88,2,2,2:03.344,0,,38.834,0,45.505,0,39.005,0,158.0,4:51.642,08:34:51.642,0:38.834,0:45.505,0:39.005,236.6,Adrien DE LEENER,,LMGTE Am,,Dempsey - Proton Racing,Porsche,
88,2,3,2:02.877,0,,38.846,0,45.403,0,38.628,0,158.6,6:54.519,08:36:54.519,0:38.846,0:45.403,0:38.628,216.7,Adrien DE LEENER,,LMGTE Am,,Dempsey - Proton Racing,Porsche,
88,2,4,2:02.313,0,,38.520,0,45.138,0,38.655,0,159.3,8:56.832,08:38:56.832,0:38.520,0:45.138,0:38.655,245.2,Adrien DE LEENER,,LMGTE Am,,Dempsey - Proton Racing,Porsche,
88,2,5,2:07.186,0,B,38.233,0,45.453,0,43.500,0,153.2,11:04.018,08:41:04.018,0:38.233,0:45.453,0:43.500,237.1,Adrien DE LEENER,,LMGTE Am,,Dempsey - Proton Racing,Porsche,
88,2,6,6:34.792,0,,5:09.980,0,46.398,0,38.414,0,49.4,17:38.810,08:47:38.810,5:09.980,0:46.398,0:38.414,147.2,Adrien DE LEENER,0:04:33.454,LMGTE Am,,Dempsey - Proton Racing,Porsche,
88,2,7,2:01.144,0,,38.177,0,44.620,1,38.347,0,160.8,19:39.954,08:49:39.954,0:38.177,0:44.620,0:38.347,244.6,Adrien DE LEENER,,LMGTE Am,,Dempsey - Proton Racing,Porsche,
88,2,8,2:01.131,0,,38.253,0,44.653,0,38.225,1,160.8,21:41.085,08:51:41.085,0:38.253,0:44.653,0:38.225,247.4,Adrien DE LEENER,,LMGTE Am,,Dempsey - Proton Racing,Porsche,
88,2,9,2:01.399,0,,38.276,0,44.833,0,38.290,0,160.5,23:42.484,08:53:42.484,0:38.276,0:44.833,0:38.290,248.0,Adrien DE LEENER,,LMGTE Am,,Dempsey - Proton Racing,Porsche,
88,2,10,2:01.700,0,,38.102,0,44.967,0,38.631,0,160.1,25:44.184,08:55:44.184,0:38.102,0:44.967,0:38.631,246.8,Adrien DE LEENER,,LMGTE Am,,Dempsey - Proton Racing,Porsche,
88,2,11,2:03.722,0,,38.298,0,46.509,0,38.915,0,157.5,27:47.906,08:57:47.906,0:38.298,0:46.509,0:38.915,254.4,Adrien DE LEENER,,LMGTE Am,,Dempsey - Proton Racing,Porsche,
88,2,12,2:02.060,0,,38.485,0,44.999,0,38.576,0,159.6,29:49.966,08:59:49.966,0:38.485,0:44.999,0:38.576,246.3,Adrien DE LEENER,,LMGTE Am,,Dempsey - Proton Racing,Porsche,
88,2,13,2:02.824,0,,38.081,1,45.971,0,38.772,0,158.6,31:52.790,09:01:52.790,0:38.081,0:45.971,0:38.772,248.0,Adrien DE LEENER,,LMGTE Am,,Dempsey - Proton Racing,Porsche,
88,2,14,2:01.523,0,,38.146,0,45.006,0,38.371,0,160.3,33:54.313,09:03:54.313,0:38.146,0:45.006,0:38.371,251.4,Adrien DE LEENER,,LMGTE Am,,Dempsey - Proton Racing,Porsche,
88,2,15,2:06.285,0,B,38.523,0,45.030,0,42.732,0,154.3,36:00.598,09:06:00.598,0:38.523,0:45.030,0:42.732,253.2,Adrien DE LEENER,,LMGTE Am,,Dempsey - Proton Racing,Porsche,
88,3,16,3:29.484,0,,2:06.264,0,44.950,0,38.270,0,93.0,39:30.082,09:09:30.082,2:06.264,0:44.950,0:38.270,158.4,Julien ANDLAUER,0:01:33.293,LMGTE Am,,Dempsey - Proton Racing,Porsche,
88,3,17,2:00.617,2,,37.839,2,44.642,0,38.136,2,161.5,41:30.699,09:11:30.699,0:37.839,0:44.642,0:38.136,253.8,Julien ANDLAUER,,LMGTE Am,,Dempsey - Proton Racing,Porsche,
88,3,18,2:01.217,0,,38.092,0,44.605,2,38.520,0,160.7,43:31.916,09:13:31.916,0:38.092,0:44.605,0:38.520,256.2,Julien ANDLAUER,,LMGTE Am,,Dempsey - Proton Racing,Porsche,
88,3,19,2:06.459,0,B,37.990,0,46.174,0,42.295,0,154.1,45:38.375,09:15:38.375,0:37.990,0:46.174,0:42.295,253.8,Julien ANDLAUER,,LMGTE Am,,Dempsey - Proton Racing,Porsche,
88,3,20,6:37.997,0,,4:57.160,0,1:02.380,0,38.457,0,49.0,52:16.372,09:22:16.372,4:57.160,1:02.380,0:38.457,79.7,Julien ANDLAUER,0:03:56.698,LMGTE Am,,Dempsey - Proton Racing,Porsche,
88,3,21,2:01.106,0,,37.957,0,44.771,0,38.378,0,160.9,54:17.478,09:24:17.478,0:37.957,0:44.771,0:38.378,253.2,Julien ANDLAUER,,LMGTE Am,,Dempsey - Proton Racing,Porsche,
88,3,22,2:00.923,0,,37.925,0,44.810,0,38.188,0,161.1,56:18.401,09:26:18.401,0:37.925,0:44.810,0:38.188,253.8,Julien ANDLAUER,,LMGTE Am,,Dempsey - Proton Racing,Porsche,
88,3,23,2:06.325,0,B,37.921,0,45.732,0,42.672,0,154.2,58:24.726,09:28:24.726,0:37.921,0:45.732,0:42.672,256.2,Julien ANDLAUER,,LMGTE Am,,Dempsey - Proton Racing,Porsche,
88,1,24,3:25.168,0,,1:59.718,0,46.190,0,39.260,0,95.0,1:01:49.894,09:31:49.894,1:59.718,0:46.190,0:39.260,124.6,Khaled AL QUBAISI,0:01:23.611,LMGTE Am,,Dempsey - Proton Racing,Porsche,
88,1,25,2:04.674,0,,38.541,1,46.306,0,39.827,0,156.3,1:03:54.568,09:33:54.568,0:38.541,0:46.306,0:39.827,243.5,Khaled AL QUBAISI,,LMGTE Am,,Dempsey - Proton Racing,Porsche,
88,1,26,3:13.762,0,,1:07.956,0,1:20.558,0,45.248,0,100.6,1:07:08.330,09:37:08.330,1:07.956,1:20.558,0:45.248,98.1,Khaled AL QUBAISI,,LMGTE Am,,Dempsey - Proton Racing,Porsche,
88,1,27,3:31.756,0,B,1:17.402,0,1:21.543,0,52.811,0,92.0,1:10:40.086,09:40:40.086,1:17.402,1:21.543,0:52.811,239.7,Khaled AL QUBAISI,,LMGTE Am,,Dempsey - Proton Racing,Porsche,
88,1,28,5:34.349,0,,4:09.397,0,45.849,0,39.103,0,58.3,1:16:14.435,09:46:14.435,4:09.397,0:45.849,0:39.103,160.1,Khaled AL QUBAISI,0:03:35.490,LMGTE Am,,Dempsey - Proton Racing,Porsche,
88,1,29,2:03.584,0,,39.085,0,45.472,0,39.027,0,157.7,1:18:18.019,09:48:18.019,0:39.085,0:45.472,0:39.027,240.3,Khaled AL QUBAISI,,LMGTE Am,,Dempsey - Proton Racing,Porsche,
88,1,30,2:03.197,0,,38.794,0,45.541,0,38.862,1,158.1,1:20:21.216,09:50:21.216,0:38.794,0:45.541,0:38.862,248.5,Khaled AL QUBAISI,,LMGTE Am,,Dempsey - Proton Racing,Porsche,
88,1,31,2:03.031,0,,38.689,0,45.361,1,38.981,0,158.4,1:22:24.247,09:52:24.247,0:38.689,0:45.361,0:38.981,249.7,Khaled AL QUBAISI,,LMGTE Am,,Dempsey - Proton Racing,Porsche,
88,1,32,2:04.080,0,,39.090,0,45.798,0,39.192,0,157.0,1:24:28.327,09:54:28.327,0:39.090,0:45.798,0:39.192,244.6,Khaled AL QUBAISI,,LMGTE Am,,Dempsey - Proton Racing,Porsche,
88,1,33,2:04.933,0,,39.632,0,46.111,0,39.190,0,155.9,1:26:33.260,09:56:33.260,0:39.632,0:46.111,0:39.190,243.5,Khaled AL QUBAISI,,LMGTE Am,,Dempsey - Proton Racing,Porsche,
88,1,34,2:03.525,0,,38.931,0,45.640,0,38.954,0,157.7,1:28:36.785,09:58:36.785,0:38.931,0:45.640,0:38.954,246.8,Khaled AL QUBAISI,,LMGTE Am,,Dempsey - Proton Racing,Porsche,
88,1,35,2:03.913,0,,39.030,0,45.843,0,39.040,0,157.2,1:30:40.698,10:00:40.698,0:39.030,0:45.843,0:39.040,224.3,Khaled AL QUBAISI,,LMGTE Am,,Dempsey - Proton Racing,Porsche,
91,1,1,5:48.322,0,,4:26.789,0,44.684,0,36.849,0,53.4,5:48.322,08:35:48.322,4:26.789,0:44.684,0:36.849,157.7,Gianmaria BRUNI,0:03:49.042,LMGTE Pro,,Porsche GT Team,Porsche,
91,1,2,2:00.284,0,,38.725,0,44.342,0,37.217,0,162.0,7:48.606,08:37:48.606,0:38.725,0:44.342,0:37.217,245.7,Gianmaria BRUNI,,LMGTE Pro,,Porsche GT Team,Porsche,
91,1,3,1:56.658,2,,36.884,2,43.007,2,36.767,2,167.0,9:45.264,08:39:45.264,0:36.884,0:43.007,0:36.767,259.9,Gianmaria BRUNI,,LMGTE Pro,,Porsche GT Team,Porsche,
91,1,4,2:02.693,0,B,37.217,0,43.967,0,41.509,0,158.8,11:47.957,08:41:47.957,0:37.217,0:43.967,0:41.509,252.6,Gianmaria BRUNI,,LMGTE Pro,,Porsche GT Team,Porsche,
91,1,5,5:54.842,0,,4:33.502,0,43.976,0,37.364,0,54.9,17:42.799,08:47:42.799,4:33.502,0:43.976,0:37.364,158.4,Gianmaria BRUNI,0:04:00.454,LMGTE Pro,,Porsche GT Team,Porsche,
91,1,6,1:57.560,0,,37.042,0,43.475,0,37.043,0,165.7,19:40.359,08:49:40.359,0:37.042,0:43.475,0:37.043,259.9,Gianmaria BRUNI,,LMGTE Pro,,Porsche GT Team,Porsche,
91,1,7,2:01.492,0,B,36.976,0,43.558,0,40.958,0,160.4,21:41.851,08:51:41.851,0:36.976,0:43.558,0:40.958,260.5,Gianmaria BRUNI,,LMGTE Pro,,Porsche GT Team,Porsche,
91,2,8,9:41.744,0,,8:18.561,0,45.073,0,38.110,0,33.5,31:23.595,09:01:23.595,8:18.561,0:45.073,0:38.110,157.3,Richard LIETZ,0:07:43.882,LMGTE Pro,,Porsche GT Team,Porsche,
91,2,9,2:00.793,0,,37.719,0,44.920,0,38.154,0,161.3,33:24.388,09:03:24.388,0:37.719,0:44.920,0:38.154,255.0,Richard LIETZ,,LMGTE Pro,,Porsche GT Team,Porsche,
91,2,10,2:00.961,0,,37.933,0,44.953,0,38.075,0,161.1,35:25.349,09:05:25.349,0:37.933,0:44.953,0:38.075,253.2,Richard LIETZ,,LMGTE Pro,,Porsche GT Team,Porsche,
91,2,11,2:00.205,0,,37.610,0,44.495,0,38.100,0,162.1,37:25.554,09:07:25.554,0:37.610,0:44.495,0:38.100,255.6,Richard LIETZ,,LMGTE Pro,,Porsche GT Team,Porsche,
91,2,12,2:00.555,0,,37.925,0,44.831,0,37.799,0,161.6,39:26.109,09:09:26.109,0:37.925,0:44.831,0:37.799,251.4,Richard LIETZ,,LMGTE Pro,,Porsche GT Team,Porsche,
91,2,13,2:00.189,0,,37.565,0,44.442,0,38.182,0,162.1,41:26.298,09:11:26.298,0:37.565,0:44.442,0:38.182,252.6,Richard LIETZ,,LMGTE Pro,,Porsche GT Team,Porsche,
91,2,14,2:00.222,0,,37.740,0,44.589,0,37.893,0,162.1,43:26.520,09:13:26.520,0:37.740,0:44.589,0:37.893,253.8,Richard LIETZ,,LMGTE Pro,,Porsche GT Team,Porsche,
91,2,15,2:00.426,0,,37.740,0,44.657,0,38.029,0,161.8,45:26.946,09:15:26.946,0:37.740,0:44.657,0:38.029,254.4,Richard LIETZ,,LMGTE Pro,,Porsche GT Team,Porsche,
91,2,16,3:01.476,0,,37.648,0,1:02.767,0,1:21.061,0,107.4,48:28.422,09:18:28.422,0:37.648,1:02.767,1:21.061,253.2,Richard LIETZ,,LMGTE Pro,,Porsche GT Team,Porsche,
91,2,17,3:25.051,0,,1:20.120,0,1:20.795,0,44.136,0,95.0,51:53.473,09:21:53.473,1:20.120,1:20.795,0:44.136,80.1,Richard LIETZ,,LMGTE Pro,,Porsche GT Team,Porsche,
91,2,18,2:00.441,0,,37.595,0,44.778,0,38.068,0,161.8,53:53.914,09:23:53.914,0:37.595,0:44.778,0:38.068,250.8,Richard LIETZ,,LMGTE Pro,,Porsche GT Team,Porsche,
91,2,19,2:00.063,0,,37.502,0,44.416,0,38.145,0,162.3,55:53.977,09:25:53.977,0:37.502,0:44.416,0:38.145,251.4,Richard LIETZ,,LMGTE Pro,,Porsche GT Team,Porsche,
91,2,20,2:00.610,0,,37.888,0,44.720,0,38.002,0,161.5,57:54.587,09:27:54.587,0:37.888,0:44.720,0:38.002,237.1,Richard LIETZ,,LMGTE Pro,,Porsche GT Team,Porsche,
91,2,21,2:01.418,0,,38.753,0,44.654,0,38.011,0,160.5,59:56.005,09:29:56.005,0:38.753,0:44.654,0:38.011,252.0,Richard LIETZ,,LMGTE Pro,,Porsche GT Team,Porsche,
91,2,22,2:00.993,0,,37.639,0,45.112,0,38.242,0,161.0,1:01:56.998,09:31:56.998,0:37.639,0:45.112,0:38.242,254.4,Richard LIETZ,,LMGTE Pro,,Porsche GT Team,Porsche,
91,2,23,2:00.413,0,,37.561,0,44.662,0,38.190,0,161.8,1:03:57.411,09:33:57.411,0:37.561,0:44.662,0:38.190,254.4,Richard LIETZ,,LMGTE Pro,,Porsche GT Team,Porsche,
91,2,24,3:13.110,0,,1:11.203,0,1:20.670,0,41.237,0,100.9,1:07:10.521,09:37:10.521,1:11.203,1:20.670,0:41.237,80.1,Richard LIETZ,,LMGTE Pro,,Porsche GT Team,Porsche,
91,2,25,3:33.146,0,B,1:16.152,0,1:23.237,0,53.757,0,91.4,1:10:43.667,09:40:43.667,1:16.152,1:23.237,0:53.757,200.7,Richard LIETZ,,LMGTE Pro,,Porsche GT Team,Porsche,
91,2,26,5:25.568,0,,4:02.359,0,45.088,0,38.121,0,59.8,1:16:09.235,09:46:09.235,4:02.359,0:45.088,0:38.121,161.0,Richard LIETZ,0:03:28.987,LMGTE Pro,,Porsche GT Team,Porsche,
91,2,27,1:59.586,0,,37.486,0,44.280,0,37.820,0,162.9,1:18:08.821,09:48:08.821,0:37.486,0:44.280,0:37.820,252.0,Richard LIETZ,,LMGTE Pro,,Porsche GT Team,Porsche,
91,2,28,1:59.496,0,,37.532,0,44.152,1,37.812,0,163.0,1:20:08.317,09:50:08.317,0:37.532,0:44.152,0:37.812,253.2,Richard LIETZ,,LMGTE Pro,,Porsche GT Team,Porsche,
91,2,29,1:59.589,0,,37.520,0,44.283,0,37.786,1,162.9,1:22:07.906,09:52:07.906,0:37.520,0:44.283,0:37.786,254.4,Richard LIETZ,,LMGTE Pro,,Porsche GT Team,Porsche,
91,2,30,2:00.019,0,,37.476,0,44.321,0,38.222,0,162.3,1:24:07.925,09:54:07.925,0:37.476,0:44.321,0:38.222,253.8,Richard LIETZ,,LMGTE Pro,,Porsche GT Team,Porsche,
91,2,31,1:59.942,0,,37.634,0,44.399,0,37.909,0,162.4,1:26:07.867,09:56:07.867,0:37.634,0:44.399,0:37.909,253.8,Richard LIETZ,,LMGTE Pro,,Porsche GT Team,Porsche,
91,2,32,2:00.109,0,,37.583,0,44.444,0,38.082,0,162.2,1:28:07.976,09:58:07.976,0:37.583,0:44.444,0:38.082,252.6,Richard LIETZ,,LMGTE Pro,,Porsche GT Team,Porsche,
91,2,33,2:00.134,0,,37.475,1,44.542,0,38.117,0,162.2,1:30:08.110,10:00:08.110,0:37.475,0:44.542,0:38.117,251.4,Richard LIETZ,,LMGTE Pro,,Porsche GT Team,Porsche,
92,1,1,4:59.354,0,,3:11.341,0,48.932,0,59.081,0,62.1,4:59.354,08:34:59.354,3:11.341,0:48.932,0:59.081,160.5,Kevin ESTRE,0:02:33.885,LMGTE Pro,,Porsche GT Team,Porsche,
92,1,2,1:56.658,0,,36.819,0,43.118,0,36.721,2,167.0,6:56.012,08:36:56.012,0:36.819,0:43.118,0:36.721,256.8,Kevin ESTRE,,LMGTE Pro,,Porsche GT Team,Porsche,
92,1,3,1:56.411,2,,36.595,2,43.033,2,36.783,0,167.4,8:52.423,08:38:52.423,0:36.595,0:43.033,0:36.783,264.3,Kevin ESTRE,,LMGTE Pro,,Porsche GT Team,Porsche,
92,1,4,2:06.312,0,B,38.083,0,45.876,0,42.353,0,154.2,10:58.735,08:40:58.735,0:38.083,0:45.876,0:42.353,262.4,Kevin ESTRE,,LMGTE Pro,,Porsche GT Team,Porsche,
92,1,5,8:37.495,0,,7:16.169,0,43.792,0,37.534,0,37.6,19:36.230,08:49:36.230,7:16.169,0:43.792,0:37.534,161.5,Kevin ESTRE,0:06:43.877,LMGTE Pro,,Porsche GT Team,Porsche,
92,1,6,1:58.648,0,,37.266,0,43.743,0,37.639,0,164.2,21:34.878,08:51:34.878,0:37.266,0:43.743,0:37.639,255.6,Kevin ESTRE,,LMGTE Pro,,Porsche GT Team,Porsche,
92,1,7,1:58.652,0,,37.369,0,43.809,0,37.474,0,164.2,23:33.530,08:53:33.530,0:37.369,0:43.809,0:37.474,256.8,Kevin ESTRE,,LMGTE Pro,,Porsche GT Team,Porsche,
92,1,8,1:59.391,0,,37.668,0,44.071,0,37.652,0,163.2,25:32.921,08:55:32.921,0:37.668,0:44.071,0:37.652,245.7,Kevin ESTRE,,LMGTE Pro,,Porsche GT Team,Porsche,
92,1,9,1:59.465,0,,37.347,0,44.483,0,37.635,0,163.1,27:32.386,08:57:32.386,0:37.347,0:44.483,0:37.635,253.8,Kevin ESTRE,,LMGTE Pro,,Porsche GT Team,Porsche,
92,1,10,2:02.709,0,B,37.348,0,44.264,0,41.097,0,158.8,29:35.095,08:59:35.095,0:37.348,0:44.264,0:41.097,255.0,Kevin ESTRE,,LMGTE Pro,,Porsche GT Team,Porsche,
92,1,11,7:30.267,0,,6:08.355,0,44.134,0,37.778,0,43.3,37:05.362,09:07:05.362,6:08.355,0:44.134,0:37.778,161.3,Kevin ESTRE,0:05:35.580,LMGTE Pro,,Porsche GT Team,Porsche,
92,1,12,1:59.817,0,,37.648,0,44.326,0,37.843,0,162.6,39:05.179,09:09:05.179,0:37.648,0:44.326,0:37.843,253.2,Kevin ESTRE,,LMGTE Pro,,Porsche GT Team,Porsche,
92,1,13,2:00.057,0,,37.844,0,44.324,0,37.889,0,162.3,41:05.236,09:11:05.236,0:37.844,0:44.324,0:37.889,250.8,Kevin ESTRE,,LMGTE Pro,,Porsche GT Team,Porsche,
92,1,14,1:59.870,0,,37.620,0,44.404,0,37.846,0,162.5,43:05.106,09:13:05.106,0:37.620,0:44.404,0:37.846,248.0,Kevin ESTRE,,LMGTE Pro,,Porsche GT Team,Porsche,
92,1,15,2:00.144,0,,37.579,0,44.713,0,37.852,0,162.2,45:05.250,09:15:05.250,0:37.579,0:44.713,0:37.852,250.8,Kevin ESTRE,,LMGTE Pro,,Porsche GT Team,Porsche,
92,1,16,2:36.757,0,,37.582,0,44.368,0,1:14.807,0,124.3,47:42.007,09:17:42.007,0:37.582,0:44.368,1:14.807,250.3,Kevin ESTRE,,LMGTE Pro,,Porsche GT Team,Porsche,
92,1,17,3:49.778,0,,1:20.672,0,1:20.445,0,1:08.661,0,84.8,51:31.785,09:21:31.785,1:20.672,1:20.445,1:08.661,80.1,Kevin ESTRE,,LMGTE Pro,,Porsche GT Team,Porsche,
92,1,18,1:59.773,0,,37.659,0,44.306,0,37.808,0,162.7,53:31.558,09:23:31.558,0:37.659,0:44.306,0:37.808,249.1,Kevin ESTRE,,LMGTE Pro,,Porsche GT Team,Porsche,
92,1,19,1:59.606,0,,37.660,0,44.249,0,37.697,0,162.9,55:31.164,09:25:31.164,0:37.660,0:44.249,0:37.697,244.6,Kevin ESTRE,,LMGTE Pro,,Porsche GT Team,Porsche,
92,1,20,1:59.761,0,,37.573,0,44.420,0,37.768,0,162.7,57:30.925,09:27:30.925,0:37.573,0:44.420,0:37.768,252.0,Kevin ESTRE,,LMGTE Pro,,Porsche GT Team,Porsche,
92,1,21,2:00.700,0,,37.948,0,44.534,0,38.218,0,161.4,59:31.625,09:29:31.625,0:37.948,0:44.534,0:38.218,239.2,Kevin ESTRE,,LMGTE Pro,,Porsche GT Team,Porsche,
92,1,22,2:04.739,0,B,37.830,0,44.680,0,42.229,0,156.2,1:01:36.364,09:31:36.364,0:37.830,0:44.680,0:42.229,249.7,Kevin ESTRE,,LMGTE Pro,,Porsche GT Team,Porsche,
92,2,23,4:41.780,0,,2:09.274,0,1:11.540,0,1:20.966,0,69.1,1:06:18.144,09:36:18.144,2:09.274,1:11.540,1:20.966,162.0,Neel JANI,0:01:36.062,LMGTE Pro,,Porsche GT Team,Porsche,
92,2,24,3:27.016,0,B,50.356,0,1:12.528,0,1:24.132,0,94.1,1:09:45.160,09:39:45.160,0:50.356,1:12.528,1:24.132,190.8,Neel JANI,,LMGTE Pro,,Porsche GT Team,Porsche,
92,2,25,6:18.902,0,,4:55.590,0,44.908,0,38.404,0,51.4,1:16:04.062,09:46:04.062,4:55.590,0:44.908,0:38.404,162.5,Neel JANI,0:04:22.672,LMGTE Pro,,Porsche GT Team,Porsche,
92,2,26,2:00.442,0,,37.780,0,44.671,0,37.991,1,161.8,1:18:04.504,09:48:04.504,0:37.780,0:44.671,0:37.991,252.0,Neel JANI,,LMGTE Pro,,Porsche GT Team,Porsche,
92,2,27,2:00.827,0,,37.847,0,44.968,0,38.012,0,161.2,1:20:05.331,09:50:05.331,0:37.847,0:44.968,0:38.012,254.4,Neel JANI,,LMGTE Pro,,Porsche GT Team,Porsche,
92,2,28,2:00.548,0,,37.686,1,44.614,1,38.248,0,161.6,1:22:05.879,09:52:05.879,0:37.686,0:44.614,0:38.248,254.4,Neel JANI,,LMGTE Pro,,Porsche GT Team,Porsche,
92,2,29,2:02.775,0,,37.784,0,44.860,0,40.131,0,158.7,1:24:08.654,09:54:08.654,0:37.784,0:44.860,0:40.131,255.0,Neel JANI,,LMGTE Pro,,Porsche GT Team,Porsche,
92,2,30,2:01.075,0,,38.029,0,44.975,0,38.071,0,160.9,1:26:09.729,09:56:09.729,0:38.029,0:44.975,0:38.071,253.8,Neel JANI,,LMGTE Pro,,Porsche GT Team,Porsche,
92,2,31,2:01.141,0,,37.811,0,45.041,0,38.289,0,160.8,1:28:10.870,09:58:10.870,0:37.811,0:45.041,0:38.289,254.4,Neel JANI,,LMGTE Pro,,Porsche GT Team,Porsche,
92,2,32,2:01.531,0,,37.816,0,45.215,0,38.500,0,160.3,1:30:12.401,10:00:12.401,0:37.816,0:45.215,0:38.500,257.4,Neel JANI,,LMGTE Pro,,Porsche GT Team,Porsche,
98,2,1,2:30.850,0,,56.115,0,50.425,0,44.310,0,123.2,2:30.850,08:32:30.850,0:56.115,0:50.425,0:44.310,146.0,Augusto FARFUS,0:00:16.469,LMGTE Am,,Aston Martin Racing,Aston Martin,
98,2,2,2:01.196,0,,37.945,0,44.939,0,38.312,0,160.8,4:32.046,08:34:32.046,0:37.945,0:44.939,0:38.312,247.4,Augusto FARFUS,,LMGTE Am,,Aston Martin Racing,Aston Martin,
98,2,3,2:00.392,2,,37.808,1,44.613,2,37.971,2,161.8,6:32.438,08:36:32.438,0:37.808,0:44.613,0:37.971,250.8,Augusto FARFUS,,LMGTE Am,,Aston Martin Racing,Aston Martin,
98,2,4,2:08.640,0,B,38.020,0,45.362,0,45.258,0,151.5,8:41.078,08:38:41.078,0:38.020,0:45.362,0:45.258,253.2,Augusto FARFUS,,LMGTE Am,,Aston Martin Racing,Aston Martin,
98,3,5,3:47.311,0,,2:19.634,0,47.793,0,39.884,0,85.7,12:28.389,08:42:28.389,2:19.634,0:47.793,0:39.884,145.1,Marcos GOMES,0:01:38.022,LMGTE Am,,Aston Martin Racing,Aston Martin,
98,3,6,2:02.325,0,,38.016,0,45.586,0,38.723,0,159.3,14:30.714,08:44:30.714,0:38.016,0:45.586,0:38.723,244.6,Marcos GOMES,,LMGTE Am,,Aston Martin Racing,Aston Martin,
98,3,7,2:02.264,0,,38.030,0,45.547,0,38.687,0,159.4,16:32.978,08:46:32.978,0:38.030,0:45.547,0:38.687,253.8,Marcos GOMES,,LMGTE Am,,Aston Martin Racing,Aston Martin,
98,3,8,2:01.442,0,,37.970,1,44.964,1,38.508,0,160.4,18:34.420,08:48:34.420,0:37.970,0:44.964,0:38.508,249.7,Marcos GOMES,,LMGTE Am,,Aston Martin Racing,Aston Martin,
98,3,9,2:03.598,0,,38.660,0,46.448,0,38.490,0,157.6,20:38.018,08:50:38.018,0:38.660,0:46.448,0:38.490,254.4,Marcos GOMES,,LMGTE Am,,Aston Martin Racing,Aston Martin,
98,3,10,2:02.074,0,,38.184,0,45.520,0,38.370,1,159.6,22:40.092,08:52:40.092,0:38.184,0:45.520,0:38.370,243.5,Marcos GOMES,,LMGTE Am,,Aston Martin Racing,Aston Martin,
98,3,11,2:01.880,0,,38.081,0,45.219,0,38.580,0,159.9,24:41.972,08:54:41.972,0:38.081,0:45.219,0:38.580,247.4,Marcos GOMES,,LMGTE Am,,Aston Martin Racing,Aston Martin,
98,3,12,2:02.987,0,,37.977,0,46.260,0,38.750,0,158.4,26:44.959,08:56:44.959,0:37.977,0:46.260,0:38.750,251.4,Marcos GOMES,,LMGTE Am,,Aston Martin Racing,Aston Martin,
98,3,13,2:03.077,0,,38.958,0,45.257,0,38.862,0,158.3,28:48.036,08:58:48.036,0:38.958,0:45.257,0:38.862,244.1,Marcos GOMES,,LMGTE Am,,Aston Martin Racing,Aston Martin,
98,3,14,2:02.587,0,,38.126,0,45.367,0,39.094,0,158.9,30:50.623,09:00:50.623,0:38.126,0:45.367,0:39.094,250.8,Marcos GOMES,,LMGTE Am,,Aston Martin Racing,Aston Martin,
98,3,15,2:02.488,0,,38.187,0,45.476,0,38.825,0,159.1,32:53.111,09:02:53.111,0:38.187,0:45.476,0:38.825,253.2,Marcos GOMES,,LMGTE Am,,Aston Martin Racing,Aston Martin,
98,3,16,2:03.062,0,,38.105,0,45.604,0,39.353,0,158.3,34:56.173,09:04:56.173,0:38.105,0:45.604,0:39.353,251.4,Marcos GOMES,,LMGTE Am,,Aston Martin Racing,Aston Martin,
98,3,17,2:08.187,0,B,38.137,0,45.595,0,44.455,0,152.0,37:04.360,09:07:04.360,0:38.137,0:45.595,0:44.455,253.2,Marcos GOMES,,LMGTE Am,,Aston Martin Racing,Aston Martin,
98,1,18,4:32.111,0,,3:06.998,0,45.822,0,39.291,0,71.6,41:36.471,09:11:36.471,3:06.998,0:45.822,0:39.291,102.4,Paul DALLA LANA,0:02:24.085,LMGTE Am,,Aston Martin Racing,Aston Martin,
98,1,19,2:03.079,0,,38.479,0,45.667,0,38.933,0,158.3,43:39.550,09:13:39.550,0:38.479,0:45.667,0:38.933,248.0,Paul DALLA LANA,,LMGTE Am,,Aston Martin Racing,Aston Martin,
98,1,20,2:03.784,0,,38.565,0,46.131,0,39.088,0,157.4,45:43.334,09:15:43.334,0:38.565,0:46.131,0:39.088,253.8,Paul DALLA LANA,,LMGTE Am,,Aston Martin Racing,Aston Martin,
98,1,21,3:12.380,0,,38.550,0,1:12.665,0,1:21.165,0,101.3,48:55.714,09:18:55.714,0:38.550,1:12.665,1:21.165,252.0,Paul DALLA LANA,,LMGTE Am,,Aston Martin Racing,Aston Martin,
98,1,22,3:13.269,0,,1:20.903,0,1:13.436,0,38.930,0,100.8,52:08.983,09:22:08.983,1:20.903,1:13.436,0:38.930,79.9,Paul DALLA LANA,,LMGTE Am,,Aston Martin Racing,Aston Martin,
98,1,23,2:03.387,0,,38.926,0,45.609,0,38.852,0,157.9,54:12.370,09:24:12.370,0:38.926,0:45.609,0:38.852,250.8,Paul DALLA LANA,,LMGTE Am,,Aston Martin Racing,Aston Martin,
98,1,24,2:03.318,0,,38.586,0,45.481,0,39.251,0,158.0,56:15.688,09:26:15.688,0:38.586,0:45.481,0:39.251,244.1,Paul DALLA LANA,,LMGTE Am,,Aston Martin Racing,Aston Martin,
98,1,25,2:03.139,0,,38.695,0,45.484,0,38.960,0,158.2,58:18.827,09:28:18.827,0:38.695,0:45.484,0:38.960,245.2,Paul DALLA LANA,,LMGTE Am,,Aston Martin Racing,Aston Martin,
98,1,26,2:04.462,0,,38.499,0,46.715,0,39.248,0,156.5,1:00:23.289,09:30:23.289,0:38.499,0:46.715,0:39.248,249.7,Paul DALLA LANA,,LMGTE Am,,Aston Martin Racing,Aston Martin,
98,1,27,2:04.133,0,,38.745,0,45.666,0,39.722,0,157.0,1:02:27.422,09:32:27.422,0:38.745,0:45.666,0:39.722,245.7,Paul DALLA LANA,,LMGTE Am,,Aston Martin Racing,Aston Martin,
98,1,28,2:37.433,0,B,38.797,0,46.020,0,1:12.616,0,123.8,1:05:04.855,09:35:04.855,0:38.797,0:46.020,1:12.616,245.7,Paul DALLA LANA,,LMGTE Am,,Aston Martin Racing,Aston Martin,
98,1,29,14:29.744,0,,12:58.266,0,51.115,0,40.363,0,22.4,1:19:34.599,09:49:34.599,12:58.266,0:51.115,0:40.363,118.6,Paul DALLA LANA,0:12:20.466,LMGTE Am,,Aston Martin Racing,Aston Martin,
98,1,30,2:01.223,0,,38.421,0,44.643,1,38.159,1,160.7,1:21:35.822,09:51:35.822,0:38.421,0:44.643,0:38.159,241.9,Paul DALLA LANA,,LMGTE Am,,Aston Martin Racing,Aston Martin,
98,1,31,2:01.349,0,,37.891,0,44.759,0,38.699,0,160.6,1:23:37.171,09:53:37.171,0:37.891,0:44.759,0:38.699,249.1,Paul DALLA LANA,,LMGTE Am,,Aston Martin Racing,Aston Martin,
98,1,32,2:01.279,0,,38.042,0,44.766,0,38.471,0,160.6,1:25:38.450,09:55:38.450,0:38.042,0:44.766,0:38.471,258.0,Paul DALLA LANA,,LMGTE Am,,Aston Martin Racing,Aston Martin,
98,1,33,2:00.722,0,,37.775,2,44.733,0,38.214,0,161.4,1:27:39.172,09:57:39.172,0:37.775,0:44.733,0:38.214,253.8,Paul DALLA LANA,,LMGTE Am,,Aston Martin Racing,Aston Martin,
98,1,34,2:01.546,0,,38.032,0,45.018,0,38.496,0,160.3,1:29:40.718,09:59:40.718,0:38.032,0:45.018,0:38.496,245.2,Paul DALLA LANA,,LMGTE Am,,Aston Martin Racing,Aston Martin,
98,1,35,2:05.924,0,B,38.186,0,45.072,0,42.666,0,154.7,1:31:46.642,10:01:46.642,0:38.186,0:45.072,0:42.666,250.3,Paul DALLA LANA,,LMGTE Am,,Aston Martin Racing,Aston Martin,
