NUMBER, DRIVER_NUMBER, LAP_NUMBER, LAP_TIME, LAP_IMPROVEMENT, CROSSING_FINISH_LINE_IN_PIT, S1, S1_IMPROVEMENT, S2, S2_IMPROVEMENT, S3, S3_IMPROVEMENT, KPH, ELAPSED, HOUR,S1_LARGE,S2_LARGE,S3_LARGE,TOP_SPEED,DRIVER_NAME,PIT_TIME,CLASS,GROUP,TEAM,MANUFACTURER,FLAG_AT_FL,
023,4,1,2:40.568,0,,1:05.182,0,59.637,0,35.749,0,128.5,2:40.568,18:32:40.568,1:05.182,0:59.637,0:35.749,269.2,Onofrio Triarsi,0:00:42.480,GTD,,Triarsi Competizione,Ferrari,GF,
023,4,2,1:52.547,0,,28.143,0,51.446,0,32.958,0,183.3,4:33.115,18:34:33.115,0:28.143,0:51.446,0:32.958,270.9,Onofrio Triarsi,,GTD,,Triarsi Competizione,Ferrari,GF,
023,4,3,1:48.827,0,,25.403,0,50.528,1,32.896,0,189.5,6:21.942,18:36:21.942,0:25.403,0:50.528,0:32.896,267.0,Onofrio Triarsi,,GTD,,Triarsi Competizione,Ferrari,GF,
023,4,4,1:49.024,0,,25.501,0,50.789,0,32.734,1,189.2,8:10.966,18:38:10.966,0:25.501,0:50.789,0:32.734,271.4,Onofrio Triarsi,,GTD,,Triarsi Competizione,Ferrari,GF,
023,4,5,1:49.176,0,,25.351,0,50.879,0,32.946,0,188.9,10:00.142,18:40:00.142,0:25.351,0:50.879,0:32.946,270.3,Onofrio Triarsi,,GTD,,Triarsi Competizione,Ferrari,GF,
023,4,6,1:49.663,0,,25.242,2,51.296,0,33.125,0,188.1,11:49.805,18:41:49.805,0:25.242,0:51.296,0:33.125,271.4,Onofrio Triarsi,,GTD,,Triarsi Competizione,Ferrari,GF,
023,4,7,2:02.463,0,B,25.283,0,50.840,0,46.340,0,168.4,13:52.268,18:43:52.268,0:25.283,0:50.840,0:46.340,,Onofrio Triarsi,,GTD,,Triarsi Competizione,Ferrari,GF,
023,1,8,5:56.962,0,B,4:18.395,0,52.328,0,46.239,0,57.8,19:49.230,18:49:49.230,4:18.395,0:52.328,0:46.239,,Yifei Ye,0:04:13.127,GTD,,Triarsi Competizione,Ferrari,GF,
023,1,9,4:11.661,0,,2:46.896,0,51.297,0,33.468,0,82.0,24:00.891,18:54:00.891,2:46.896,0:51.297,0:33.468,270.3,Yifei Ye,0:02:44.039,GTD,,Triarsi Competizione,Ferrari,GF,
023,1,10,1:49.166,0,,25.609,0,50.868,0,32.689,0,188.9,25:50.057,18:55:50.057,0:25.609,0:50.868,0:32.689,269.8,Yifei Ye,,GTD,,Triarsi Competizione,Ferrari,GF,
023,1,11,1:49.416,0,,25.725,0,51.052,0,32.639,0,188.5,27:39.473,18:57:39.473,0:25.725,0:51.052,0:32.639,269.2,Yifei Ye,,GTD,,Triarsi Competizione,Ferrari,GF,
023,1,12,1:49.271,0,,25.800,0,50.787,0,32.684,0,188.8,29:28.744,18:59:28.744,0:25.800,0:50.787,0:32.684,270.3,Yifei Ye,,GTD,,Triarsi Competizione,Ferrari,GF,
023,1,13,1:49.006,0,,25.609,0,50.724,0,32.673,0,189.2,31:17.750,19:01:17.750,0:25.609,0:50.724,0:32.673,269.8,Yifei Ye,,GTD,,Triarsi Competizione,Ferrari,GF,
023,1,14,1:48.546,2,,25.587,1,50.460,2,32.499,1,190.0,33:06.296,19:03:06.296,0:25.587,0:50.460,0:32.499,270.3,Yifei Ye,,GTD,,Triarsi Competizione,Ferrari,GF,
023,1,15,2:01.762,0,B,25.889,0,50.650,0,45.223,0,169.4,35:08.058,19:05:08.058,0:25.889,0:50.650,0:45.223,,Yifei Ye,,GTD,,Triarsi Competizione,Ferrari,GF,
023,2,16,3:11.248,0,,1:44.416,0,53.461,0,33.371,0,107.8,38:19.306,19:08:19.306,1:44.416,0:53.461,0:33.371,272.0,Robert Megennis,0:01:39.647,GTD,,Triarsi Competizione,Ferrari,GF,
023,2,17,1:48.965,0,,25.515,0,50.532,1,32.918,0,189.3,40:08.271,19:10:08.271,0:25.515,0:50.532,0:32.918,269.8,Robert Megennis,,GTD,,Triarsi Competizione,Ferrari,GF,
023,2,18,1:48.898,0,,25.692,0,50.570,0,32.636,0,189.4,41:57.169,19:11:57.169,0:25.692,0:50.570,0:32.636,270.3,Robert Megennis,,GTD,,Triarsi Competizione,Ferrari,GF,
023,2,19,1:49.488,0,,26.350,0,50.756,0,32.382,2,188.4,43:46.657,19:13:46.657,0:26.350,0:50.756,0:32.382,270.9,Robert Megennis,,GTD,,Triarsi Competizione,Ferrari,GF,
023,2,20,2:02.604,0,B,25.369,1,50.547,0,46.688,0,168.2,45:49.261,19:15:49.261,0:25.369,0:50.547,0:46.688,,Robert Megennis,,GTD,,Triarsi Competizione,Ferrari,GF,
023,3,21,3:21.779,0,,1:56.858,0,51.783,0,33.138,0,102.2,49:11.040,19:19:11.040,1:56.858,0:51.783,0:33.138,272.0,Kenton Koch,0:01:52.986,GTD,,Triarsi Competizione,Ferrari,GF,
023,3,22,1:48.888,0,,25.495,1,50.769,0,32.624,1,189.4,50:59.928,19:20:59.928,0:25.495,0:50.769,0:32.624,276.0,Kenton Koch,,GTD,,Triarsi Competizione,Ferrari,GF,
023,3,23,1:49.423,0,,25.751,0,50.884,0,32.788,0,188.5,52:49.351,19:22:49.351,0:25.751,0:50.884,0:32.788,270.9,Kenton Koch,,GTD,,Triarsi Competizione,Ferrari,GF,
023,3,24,2:03.000,0,B,25.846,0,50.998,0,46.156,0,167.7,54:52.351,19:24:52.351,0:25.846,0:50.998,0:46.156,,Kenton Koch,,GTD,,Triarsi Competizione,Ferrari,GF,
023,3,25,3:43.210,0,,2:18.665,0,51.458,0,33.087,0,92.4,58:35.561,19:28:35.561,2:18.665,0:51.458,0:33.087,274.3,Kenton Koch,0:02:15.339,GTD,,Triarsi Competizione,Ferrari,GF,
023,3,26,1:50.306,0,,26.153,0,51.064,0,33.089,0,187.0,1:00:25.867,19:30:25.867,0:26.153,0:51.064,0:33.089,273.1,Kenton Koch,,GTD,,Triarsi Competizione,Ferrari,GF,
023,3,27,1:50.156,0,,26.084,0,51.333,0,32.739,0,187.2,1:02:16.023,19:32:16.023,0:26.084,0:51.333,0:32.739,275.4,Kenton Koch,,GTD,,Triarsi Competizione,Ferrari,GF,
023,3,28,2:02.670,0,B,25.593,0,50.718,0,46.359,0,168.1,1:04:18.693,19:34:18.693,0:25.593,0:50.718,0:46.359,,Kenton Koch,,GTD,,Triarsi Competizione,Ferrari,GF,
023,3,29,6:01.886,0,,4:38.185,0,51.037,0,32.664,0,57.0,1:10:20.579,19:40:20.579,4:38.185,0:51.037,0:32.664,269.8,Kenton Koch,0:04:34.706,GTD,,Triarsi Competizione,Ferrari,GF,
023,3,30,2:02.436,0,B,25.756,0,50.677,1,46.003,0,168.5,1:12:23.015,19:42:23.015,0:25.756,0:50.677,0:46.003,,Kenton Koch,,GTD,,Triarsi Competizione,Ferrari,GF,
033,3,1,3:16.895,0,,1:39.750,0,1:00.862,0,36.283,0,104.8,3:16.895,18:33:16.895,1:39.750,1:00.862,0:36.283,266.0,Miguel Molina,0:01:17.550,GTDPRO,,Triarsi Competizione,Ferrari,GF,
033,3,2,1:59.730,0,,30.689,0,54.608,0,34.433,0,172.3,5:16.625,18:35:16.625,0:30.689,0:54.608,0:34.433,268.1,Miguel Molina,,GTDPRO,,Triarsi Competizione,Ferrari,GF,
033,3,3,1:55.169,0,,27.980,0,53.511,0,33.678,0,179.1,7:11.794,18:37:11.794,0:27.980,0:53.511,0:33.678,270.3,Miguel Molina,,GTDPRO,,Triarsi Competizione,Ferrari,GF,
033,3,4,1:50.427,0,,26.319,0,51.160,0,32.948,0,186.8,9:02.221,18:39:02.221,0:26.319,0:51.160,0:32.948,272.0,Miguel Molina,,GTDPRO,,Triarsi Competizione,Ferrari,GF,
033,3,5,1:49.788,0,,25.907,0,51.172,0,32.709,0,187.9,10:52.009,18:40:52.009,0:25.907,0:51.172,0:32.709,272.6,Miguel Molina,,GTDPRO,,Triarsi Competizione,Ferrari,GF,
033,3,6,1:50.641,0,,25.925,0,51.687,0,33.029,0,186.4,12:42.650,18:42:42.650,0:25.925,0:51.687,0:33.029,272.0,Miguel Molina,,GTDPRO,,Triarsi Competizione,Ferrari,GF,
033,3,7,2:02.836,0,B,25.813,1,51.637,0,45.386,0,167.9,14:45.486,18:44:45.486,0:25.813,0:51.637,0:45.386,,Miguel Molina,,GTDPRO,,Triarsi Competizione,Ferrari,GF,
033,3,8,4:05.520,0,B,2:29.082,0,51.319,0,45.119,0,84.0,18:51.006,18:48:51.006,2:29.082,0:51.319,0:45.119,,Miguel Molina,0:02:25.920,GTDPRO,,Triarsi Competizione,Ferrari,GF,
033,3,9,6:14.683,0,B,4:38.111,0,51.236,0,45.336,0,55.0,25:05.689,18:55:05.689,4:38.111,0:51.236,0:45.336,,Miguel Molina,0:04:34.623,GTDPRO,,Triarsi Competizione,Ferrari,GF,
033,3,10,2:29.761,0,B,48.984,0,52.953,0,47.824,0,137.7,27:35.450,18:57:35.450,0:48.984,0:52.953,0:47.824,,Miguel Molina,0:00:44.501,GTDPRO,,Triarsi Competizione,Ferrari,GF,
033,3,11,3:23.094,0,B,1:45.975,0,51.539,0,45.580,0,101.6,30:58.544,19:00:58.544,1:45.975,0:51.539,0:45.580,,Miguel Molina,0:01:42.630,GTDPRO,,Triarsi Competizione,Ferrari,GF,
033,3,12,2:11.574,0,,47.829,0,51.111,1,32.634,1,156.8,33:10.118,19:03:10.118,0:47.829,0:51.111,0:32.634,271.4,Miguel Molina,0:00:44.559,GTDPRO,,Triarsi Competizione,Ferrari,GF,
033,3,13,2:03.451,0,B,26.035,0,51.254,0,46.162,0,167.1,35:13.569,19:05:13.569,0:26.035,0:51.254,0:46.162,,Miguel Molina,,GTDPRO,,Triarsi Competizione,Ferrari,GF,
033,4,14,2:59.926,0,,1:35.416,0,51.622,0,32.888,0,114.6,38:13.495,19:08:13.495,1:35.416,0:51.622,0:32.888,272.0,Alessio Rovera,0:01:29.853,GTDPRO,,Triarsi Competizione,Ferrari,GF,
033,4,15,1:49.311,0,,25.988,0,50.801,0,32.522,0,188.7,40:02.806,19:10:02.806,0:25.988,0:50.801,0:32.522,272.0,Alessio Rovera,,GTDPRO,,Triarsi Competizione,Ferrari,GF,
033,4,16,1:49.242,0,,25.881,0,51.036,0,32.325,0,188.8,41:52.048,19:11:52.048,0:25.881,0:51.036,0:32.325,273.7,Alessio Rovera,,GTDPRO,,Triarsi Competizione,Ferrari,GF,
033,4,17,1:49.510,0,,25.794,0,50.890,0,32.826,0,188.3,43:41.558,19:13:41.558,0:25.794,0:50.890,0:32.826,273.7,Alessio Rovera,,GTDPRO,,Triarsi Competizione,Ferrari,GF,
033,4,18,1:48.742,2,,25.798,0,50.590,0,32.354,0,189.7,45:30.300,19:15:30.300,0:25.798,0:50.590,0:32.354,273.7,Alessio Rovera,,GTDPRO,,Triarsi Competizione,Ferrari,GF,
033,4,19,1:48.789,0,,25.733,0,50.567,2,32.489,0,189.6,47:19.089,19:17:19.089,0:25.733,0:50.567,0:32.489,270.9,Alessio Rovera,,GTDPRO,,Triarsi Competizione,Ferrari,GF,
033,4,20,1:49.401,0,,25.922,0,50.856,0,32.623,0,188.5,49:08.490,19:19:08.490,0:25.922,0:50.856,0:32.623,274.8,Alessio Rovera,,GTDPRO,,Triarsi Competizione,Ferrari,GF,
033,4,21,1:48.860,0,,25.827,0,50.741,0,32.292,2,189.5,50:57.350,19:20:57.350,0:25.827,0:50.741,0:32.292,274.3,Alessio Rovera,,GTDPRO,,Triarsi Competizione,Ferrari,GF,
033,4,22,2:02.121,0,B,25.684,2,51.158,0,45.279,0,168.9,52:59.471,19:22:59.471,0:25.684,0:51.158,0:45.279,,Alessio Rovera,,GTDPRO,,Triarsi Competizione,Ferrari,GF,
033,1,23,4:14.551,0,B,2:37.694,0,51.272,1,45.585,0,81.0,57:14.022,19:27:14.022,2:37.694,0:51.272,0:45.585,,James Calado,0:02:32.857,GTDPRO,,Triarsi Competizione,Ferrari,GF,
033,1,24,2:13.066,0,,48.187,0,51.692,0,33.187,1,155.0,59:27.088,19:29:27.088,0:48.187,0:51.692,0:33.187,273.7,James Calado,0:00:44.595,GTDPRO,,Triarsi Competizione,Ferrari,GF,
033,1,25,2:04.791,0,B,27.154,1,51.561,0,46.076,0,165.3,1:01:31.879,19:31:31.879,0:27.154,0:51.561,0:46.076,,James Calado,,GTDPRO,,Triarsi Competizione,Ferrari,GF,
033,1,26,2:25.301,0,B,47.959,0,51.421,0,45.921,0,141.9,1:03:57.180,19:33:57.180,0:47.959,0:51.421,0:45.921,,James Calado,0:00:44.561,GTDPRO,,Triarsi Competizione,Ferrari,GF,
033,2,27,2:59.183,0,,1:34.361,0,51.800,0,33.022,0,115.1,1:06:56.363,19:36:56.363,1:34.361,0:51.800,0:33.022,269.2,Riccardo Agostini,0:01:29.383,GTDPRO,,Triarsi Competizione,Ferrari,GF,
033,2,28,1:50.378,0,,26.430,0,51.214,0,32.734,0,186.9,1:08:46.741,19:38:46.741,0:26.430,0:51.214,0:32.734,270.9,Riccardo Agostini,,GTDPRO,,Triarsi Competizione,Ferrari,GF,
033,2,29,1:51.657,0,,26.316,0,51.454,0,33.887,0,184.7,1:10:38.398,19:40:38.398,0:26.316,0:51.454,0:33.887,273.7,Riccardo Agostini,,GTDPRO,,Triarsi Competizione,Ferrari,GF,
033,2,30,1:49.920,0,,26.085,0,51.024,0,32.811,0,187.6,1:12:28.318,19:42:28.318,0:26.085,0:51.024,0:32.811,270.9,Riccardo Agostini,,GTDPRO,,Triarsi Competizione,Ferrari,GF,
033,2,31,1:49.824,0,,26.089,0,51.151,0,32.584,1,187.8,1:14:18.142,19:44:18.142,0:26.089,0:51.151,0:32.584,270.3,Riccardo Agostini,,GTDPRO,,Triarsi Competizione,Ferrari,GF,
04,2,1,2:20.708,0,,56.171,0,53.002,0,31.535,0,146.6,2:20.708,18:32:20.708,0:56.171,0:53.002,0:31.535,291.3,Alex Quinn,0:00:37.030,LMP2,,Crowdstrike Racing by APR,Gibson,GF,
04,2,2,1:43.988,0,,24.626,0,49.449,0,29.913,0,198.3,4:04.696,18:34:04.696,0:24.626,0:49.449,0:29.913,292.6,Alex Quinn,,LMP2,,Crowdstrike Racing by APR,Gibson,GF,
04,2,3,1:41.087,0,,23.842,0,47.487,0,29.758,0,204.0,5:45.783,18:35:45.783,0:23.842,0:47.487,0:29.758,292.6,Alex Quinn,,LMP2,,Crowdstrike Racing by APR,Gibson,GF,
04,2,4,1:41.057,0,,23.656,2,47.392,0,30.009,0,204.1,7:26.840,18:37:26.840,0:23.656,0:47.392,0:30.009,293.9,Alex Quinn,,LMP2,,Crowdstrike Racing by APR,Gibson,GF,
04,2,5,1:40.549,2,,23.826,0,47.167,0,29.556,1,205.1,9:07.389,18:39:07.389,0:23.826,0:47.167,0:29.556,294.5,Alex Quinn,,LMP2,,Crowdstrike Racing by APR,Gibson,GF,
04,2,6,1:40.894,0,,23.683,0,47.436,0,29.775,0,204.4,10:48.283,18:40:48.283,0:23.683,0:47.436,0:29.775,296.5,Alex Quinn,,LMP2,,Crowdstrike Racing by APR,Gibson,GF,
04,2,7,1:40.997,0,,23.932,0,47.181,0,29.884,0,204.2,12:29.280,18:42:29.280,0:23.932,0:47.181,0:29.884,297.9,Alex Quinn,,LMP2,,Crowdstrike Racing by APR,Gibson,GF,
04,2,8,1:41.404,0,,24.496,0,47.153,2,29.755,0,203.4,14:10.684,18:44:10.684,0:24.496,0:47.153,0:29.755,296.5,Alex Quinn,,LMP2,,Crowdstrike Racing by APR,Gibson,GF,
04,2,9,1:41.763,0,,24.137,0,47.496,0,30.130,0,202.7,15:52.447,18:45:52.447,0:24.137,0:47.496,0:30.130,292.6,Alex Quinn,,LMP2,,Crowdstrike Racing by APR,Gibson,GF,
04,2,10,1:54.130,0,B,24.022,0,47.702,0,42.406,0,180.7,17:46.577,18:47:46.577,0:24.022,0:47.702,0:42.406,,Alex Quinn,,LMP2,,Crowdstrike Racing by APR,Gibson,GF,
04,1,11,4:41.420,0,,3:21.762,0,48.948,0,30.710,0,73.3,22:27.997,18:52:27.997,3:21.762,0:48.948,0:30.710,290.6,George Kurtz,0:03:18.393,LMP2,,Crowdstrike Racing by APR,Gibson,GF,
04,1,12,1:42.969,0,,24.348,0,47.993,1,30.628,0,200.3,24:10.966,18:54:10.966,0:24.348,0:47.993,0:30.628,294.5,George Kurtz,,LMP2,,Crowdstrike Racing by APR,Gibson,GF,
04,1,13,1:42.643,0,,24.278,0,48.010,0,30.355,0,200.9,25:53.609,18:55:53.609,0:24.278,0:48.010,0:30.355,293.2,George Kurtz,,LMP2,,Crowdstrike Racing by APR,Gibson,GF,
04,1,14,1:45.404,0,,25.242,0,49.047,0,31.115,0,195.7,27:39.013,18:57:39.013,0:25.242,0:49.047,0:31.115,290.6,George Kurtz,,LMP2,,Crowdstrike Racing by APR,Gibson,GF,
04,1,15,1:42.798,0,,24.164,1,48.289,0,30.345,1,200.6,29:21.811,18:59:21.811,0:24.164,0:48.289,0:30.345,291.3,George Kurtz,,LMP2,,Crowdstrike Racing by APR,Gibson,GF,
04,1,16,1:44.060,0,,24.663,0,48.819,0,30.578,0,198.2,31:05.871,19:01:05.871,0:24.663,0:48.819,0:30.578,290.6,George Kurtz,,LMP2,,Crowdstrike Racing by APR,Gibson,GF,
04,1,17,1:43.374,0,,24.549,0,48.408,0,30.417,0,199.5,32:49.245,19:02:49.245,0:24.549,0:48.408,0:30.417,294.5,George Kurtz,,LMP2,,Crowdstrike Racing by APR,Gibson,GF,
04,1,18,1:44.264,0,,24.679,0,49.157,0,30.428,0,197.8,34:33.509,19:04:33.509,0:24.679,0:49.157,0:30.428,290.6,George Kurtz,,LMP2,,Crowdstrike Racing by APR,Gibson,GF,
04,1,19,1:45.124,0,,24.306,0,49.390,0,31.428,0,196.2,36:18.633,19:06:18.633,0:24.306,0:49.390,0:31.428,297.9,George Kurtz,,LMP2,,Crowdstrike Racing by APR,Gibson,GF,
04,1,20,1:46.817,0,,25.448,0,50.214,0,31.155,0,193.1,38:05.450,19:08:05.450,0:25.448,0:50.214,0:31.155,297.9,George Kurtz,,LMP2,,Crowdstrike Racing by APR,Gibson,GF,
04,1,21,1:44.312,0,,24.860,0,48.835,0,30.617,0,197.7,39:49.762,19:09:49.762,0:24.860,0:48.835,0:30.617,292.6,George Kurtz,,LMP2,,Crowdstrike Racing by APR,Gibson,GF,
04,1,22,1:43.422,0,,24.555,0,48.377,0,30.490,0,199.4,41:33.184,19:11:33.184,0:24.555,0:48.377,0:30.490,290.6,George Kurtz,,LMP2,,Crowdstrike Racing by APR,Gibson,GF,
04,1,23,1:44.200,0,,24.559,0,48.397,0,31.244,0,197.9,43:17.384,19:13:17.384,0:24.559,0:48.397,0:31.244,291.3,George Kurtz,,LMP2,,Crowdstrike Racing by APR,Gibson,GF,
04,1,24,2:02.277,0,B,24.835,0,52.593,0,44.849,0,168.7,45:19.661,19:15:19.661,0:24.835,0:52.593,0:44.849,,George Kurtz,,LMP2,,Crowdstrike Racing by APR,Gibson,GF,
04,4,25,3:58.401,0,,2:39.482,0,48.213,0,30.706,0,86.5,49:18.062,19:19:18.062,2:39.482,0:48.213,0:30.706,291.3,Malthe Jakobsen,0:02:37.683,LMP2,,Crowdstrike Racing by APR,Gibson,GF,
04,4,26,1:41.901,0,,24.445,0,47.671,0,29.785,0,202.4,50:59.963,19:20:59.963,0:24.445,0:47.671,0:29.785,297.2,Malthe Jakobsen,,LMP2,,Crowdstrike Racing by APR,Gibson,GF,
04,4,27,1:42.925,0,,24.323,0,47.809,0,30.793,0,200.4,52:42.888,19:22:42.888,0:24.323,0:47.809,0:30.793,293.9,Malthe Jakobsen,,LMP2,,Crowdstrike Racing by APR,Gibson,GF,
04,4,28,1:41.466,0,,24.339,0,47.450,0,29.677,0,203.3,54:24.354,19:24:24.354,0:24.339,0:47.450,0:29.677,294.5,Malthe Jakobsen,,LMP2,,Crowdstrike Racing by APR,Gibson,GF,
04,4,29,1:41.149,0,,23.969,0,47.703,0,29.477,2,203.9,56:05.503,19:26:05.503,0:23.969,0:47.703,0:29.477,294.5,Malthe Jakobsen,,LMP2,,Crowdstrike Racing by APR,Gibson,GF,
04,4,30,1:41.155,0,,23.918,0,47.562,0,29.675,0,203.9,57:46.658,19:27:46.658,0:23.918,0:47.562,0:29.675,291.3,Malthe Jakobsen,,LMP2,,Crowdstrike Racing by APR,Gibson,GF,
04,4,31,1:41.348,0,,23.854,1,47.312,0,30.182,0,203.5,59:28.006,19:29:28.006,0:23.854,0:47.312,0:30.182,297.2,Malthe Jakobsen,,LMP2,,Crowdstrike Racing by APR,Gibson,GF,
04,4,32,1:43.424,0,,25.604,0,47.400,0,30.420,0,199.4,1:01:11.430,19:31:11.430,0:25.604,0:47.400,0:30.420,295.2,Malthe Jakobsen,,LMP2,,Crowdstrike Racing by APR,Gibson,GF,
04,4,33,1:40.868,0,,23.886,0,47.392,0,29.590,0,204.5,1:02:52.298,19:32:52.298,0:23.886,0:47.392,0:29.590,293.9,Malthe Jakobsen,,LMP2,,Crowdstrike Racing by APR,Gibson,GF,
04,4,34,1:54.661,0,B,24.288,0,47.268,1,43.105,0,179.9,1:04:46.959,19:34:46.959,0:24.288,0:47.268,0:43.105,,Malthe Jakobsen,,LMP2,,Crowdstrike Racing by APR,Gibson,GF,
04,3,35,4:35.284,0,,3:13.885,0,50.693,0,30.706,0,74.9,1:09:22.243,19:39:22.243,3:13.885,0:50.693,0:30.706,291.3,Toby Sowery,0:03:09.265,LMP2,,Crowdstrike Racing by APR,Gibson,GF,
04,3,36,1:42.871,0,,24.792,0,48.013,0,30.066,0,200.5,1:11:05.114,19:41:05.114,0:24.792,0:48.013,0:30.066,291.9,Toby Sowery,,LMP2,,Crowdstrike Racing by APR,Gibson,GF,
04,3,37,1:42.961,0,,24.120,1,48.089,0,30.752,0,200.3,1:12:48.075,19:42:48.075,0:24.120,0:48.089,0:30.752,293.9,Toby Sowery,,LMP2,,Crowdstrike Racing by APR,Gibson,GF,
04,3,38,1:42.733,0,,24.732,0,48.128,0,29.873,0,200.8,1:14:30.808,19:44:30.808,0:24.732,0:48.128,0:29.873,295.2,Toby Sowery,,LMP2,,Crowdstrike Racing by APR,Gibson,GF,
04,3,39,1:42.109,0,,24.550,0,47.835,0,29.724,1,202.0,1:16:12.917,19:46:12.917,0:24.550,0:47.835,0:29.724,295.8,Toby Sowery,,LMP2,,Crowdstrike Racing by APR,Gibson,GF,
04,3,40,1:42.286,0,,24.486,0,47.884,0,29.916,0,201.6,1:17:55.203,19:47:55.203,0:24.486,0:47.884,0:29.916,293.2,Toby Sowery,,LMP2,,Crowdstrike Racing by APR,Gibson,GF,
04,3,41,1:42.663,0,,24.406,0,47.787,0,30.470,0,200.9,1:19:37.866,19:49:37.866,0:24.406,0:47.787,0:30.470,297.2,Toby Sowery,,LMP2,,Crowdstrike Racing by APR,Gibson,GF,
04,3,42,1:43.976,0,,25.495,0,48.010,0,30.471,0,198.4,1:21:21.842,19:51:21.842,0:25.495,0:48.010,0:30.471,293.9,Toby Sowery,,LMP2,,Crowdstrike Racing by APR,Gibson,GF,
04,3,43,1:42.710,0,,24.712,0,48.186,0,29.812,0,200.8,1:23:04.552,19:53:04.552,0:24.712,0:48.186,0:29.812,295.2,Toby Sowery,,LMP2,,Crowdstrike Racing by APR,Gibson,GF,
04,3,44,1:56.851,0,B,24.695,0,48.115,0,44.041,0,176.5,1:25:01.403,19:55:01.403,0:24.695,0:48.115,0:44.041,,Toby Sowery,,LMP2,,Crowdstrike Racing by APR,Gibson,GF,
04,3,45,4:46.892,0,,3:26.540,0,49.735,0,30.617,0,71.9,1:29:48.295,19:59:48.295,3:26.540,0:49.735,0:30.617,290.6,Toby Sowery,0:03:22.881,LMP2,,Crowdstrike Racing by APR,Gibson,GF,
04,3,46,1:43.823,0,,24.597,0,48.234,0,30.992,0,198.7,1:31:32.118,20:01:32.118,0:24.597,0:48.234,0:30.992,292.6,Toby Sowery,,LMP2,,Crowdstrike Racing by APR,Gibson,GF,
04,3,47,1:42.270,0,,24.154,0,47.620,1,30.496,0,201.7,1:33:14.388,20:03:14.388,0:24.154,0:47.620,0:30.496,289.3,Toby Sowery,,LMP2,,Crowdstrike Racing by APR,Gibson,GF,
04,3,48,1:42.444,0,,24.337,0,48.380,0,29.727,0,201.3,1:34:56.832,20:04:56.832,0:24.337,0:48.380,0:29.727,293.9,Toby Sowery,,LMP2,,Crowdstrike Racing by APR,Gibson,GF,
04,3,49,1:43.482,0,,25.137,0,48.539,0,29.806,0,199.3,1:36:40.314,20:06:40.314,0:25.137,0:48.539,0:29.806,290.6,Toby Sowery,,LMP2,,Crowdstrike Racing by APR,Gibson,GF,
04,3,50,1:42.457,0,,24.652,0,47.747,0,30.058,0,201.3,1:38:22.771,20:08:22.771,0:24.652,0:47.747,0:30.058,291.9,Toby Sowery,,LMP2,,Crowdstrike Racing by APR,Gibson,GF,
04,3,51,1:42.113,0,,24.547,0,47.790,0,29.776,0,202.0,1:40:04.884,20:10:04.884,0:24.547,0:47.790,0:29.776,290.6,Toby Sowery,,LMP2,,Crowdstrike Racing by APR,Gibson,GF,
04,3,52,1:43.075,0,,24.153,0,47.946,0,30.976,0,200.1,1:41:47.959,20:11:47.959,0:24.153,0:47.946,0:30.976,291.9,Toby Sowery,,LMP2,,Crowdstrike Racing by APR,Gibson,GF,
04,3,53,1:42.479,0,,24.343,0,47.920,0,30.216,0,201.3,1:43:30.438,20:13:30.438,0:24.343,0:47.920,0:30.216,295.8,Toby Sowery,,LMP2,,Crowdstrike Racing by APR,Gibson,GF,
04,3,54,1:43.386,0,,24.626,0,48.421,0,30.339,0,199.5,1:45:13.824,20:15:13.824,0:24.626,0:48.421,0:30.339,293.2,Toby Sowery,,LMP2,,Crowdstrike Racing by APR,Gibson,GF,
04,3,55,1:55.098,0,B,24.455,0,47.746,0,42.897,0,179.2,1:47:08.922,20:17:08.922,0:24.455,0:47.746,0:42.897,,Toby Sowery,,LMP2,,Crowdstrike Racing by APR,Gibson,GF,
04,1,56,3:40.697,0,,2:20.044,0,50.016,0,30.637,0,93.5,1:50:49.619,20:20:49.619,2:20.044,0:50.016,0:30.637,290.0,George Kurtz,0:02:16.735,LMP2,,Crowdstrike Racing by APR,Gibson,GF,
04,1,57,2:00.302,0,B,26.351,0,49.494,0,44.457,0,171.4,1:52:49.921,20:22:49.921,0:26.351,0:49.494,0:44.457,,George Kurtz,,LMP2,,Crowdstrike Racing by APR,Gibson,GF,
04,1,58,2:46.482,0,,1:21.890,0,52.767,0,31.825,0,123.9,1:55:36.403,20:25:36.403,1:21.890,0:52.767,0:31.825,288.1,George Kurtz,0:01:15.983,LMP2,,Crowdstrike Racing by APR,Gibson,GF,
04,1,59,1:44.700,0,,25.325,0,48.773,0,30.602,0,197.0,1:57:21.103,20:27:21.103,0:25.325,0:48.773,0:30.602,290.6,George Kurtz,,LMP2,,Crowdstrike Racing by APR,Gibson,GF,
04,1,60,1:43.197,0,,24.296,0,48.126,0,30.775,0,199.9,1:59:04.300,20:29:04.300,0:24.296,0:48.126,0:30.775,288.7,George Kurtz,,LMP2,,Crowdstrike Racing by APR,Gibson,GF,
04,1,61,1:43.462,0,,24.640,0,48.209,0,30.613,0,199.4,2:00:47.762,20:30:47.762,0:24.640,0:48.209,0:30.613,289.3,George Kurtz,,LMP2,,Crowdstrike Racing by APR,Gibson,FF,
1,2,1,3:27.682,0,,2:00.141,0,53.918,0,33.623,0,99.3,3:27.682,18:33:27.682,2:00.141,0:53.918,0:33.623,269.2,Connor De Phillippi,0:01:38.206,GTDPRO,,Paul Miller Racing,BMW,GF,
1,2,2,1:51.779,0,,25.577,0,50.882,0,35.320,0,184.5,5:19.461,18:35:19.461,0:25.577,0:50.882,0:35.320,229.8,Connor De Phillippi,,GTDPRO,,Paul Miller Racing,BMW,GF,
1,2,3,1:50.578,0,,25.666,0,52.145,0,32.767,1,186.5,7:10.039,18:37:10.039,0:25.666,0:52.145,0:32.767,268.7,Connor De Phillippi,,GTDPRO,,Paul Miller Racing,BMW,GF,
1,2,4,3:57.389,0,B,25.226,2,50.606,1,2:41.557,0,86.9,11:07.428,18:41:07.428,0:25.226,0:50.606,2:41.557,,Connor De Phillippi,,GTDPRO,,Paul Miller Racing,BMW,GF,
1,2,5,2:15.658,0,,49.726,0,52.432,0,33.500,0,152.0,13:23.086,18:43:23.086,0:49.726,0:52.432,0:33.500,266.5,Connor De Phillippi,0:02:40.782,GTDPRO,,Paul Miller Racing,BMW,GF,
1,2,6,1:51.513,0,,26.378,0,52.062,0,33.073,0,185.0,15:14.599,18:45:14.599,0:26.378,0:52.062,0:33.073,269.2,Connor De Phillippi,,GTDPRO,,Paul Miller Racing,BMW,GF,
1,2,7,1:49.122,0,,25.366,0,50.836,0,32.920,0,189.0,17:03.721,18:47:03.721,0:25.366,0:50.836,0:32.920,268.1,Connor De Phillippi,,GTDPRO,,Paul Miller Racing,BMW,GF,
1,2,8,3:20.148,0,B,25.696,0,51.121,0,2:03.331,0,103.1,20:23.869,18:50:23.869,0:25.696,0:51.121,2:03.331,,Connor De Phillippi,,GTDPRO,,Paul Miller Racing,BMW,GF,
1,3,9,2:16.743,0,,50.192,0,52.704,0,33.847,0,150.8,22:40.612,18:52:40.612,0:50.192,0:52.704,0:33.847,269.8,Max Hesse,0:02:03.167,GTDPRO,,Paul Miller Racing,BMW,GF,
1,3,10,2:04.573,0,B,25.975,0,51.220,0,47.378,0,165.6,24:45.185,18:54:45.185,0:25.975,0:51.220,0:47.378,,Max Hesse,,GTDPRO,,Paul Miller Racing,BMW,GF,
1,3,11,2:15.093,0,,50.688,0,51.043,0,33.362,0,152.7,27:00.278,18:57:00.278,0:50.688,0:51.043,0:33.362,267.6,Max Hesse,0:00:47.150,GTDPRO,,Paul Miller Racing,BMW,GF,
1,3,12,1:52.649,0,,25.490,0,52.326,0,34.833,0,183.1,28:52.927,18:58:52.927,0:25.490,0:52.326,0:34.833,267.6,Max Hesse,,GTDPRO,,Paul Miller Racing,BMW,GF,
1,3,13,1:50.212,0,,25.642,0,51.190,0,33.380,0,187.1,30:43.139,19:00:43.139,0:25.642,0:51.190,0:33.380,269.8,Max Hesse,,GTDPRO,,Paul Miller Racing,BMW,GF,
1,3,14,1:50.269,0,,25.401,1,51.197,0,33.671,0,187.0,32:33.408,19:02:33.408,0:25.401,0:51.197,0:33.671,269.8,Max Hesse,,GTDPRO,,Paul Miller Racing,BMW,GF,
1,3,15,1:49.912,0,,25.619,0,51.087,0,33.206,0,187.7,34:23.320,19:04:23.320,0:25.619,0:51.087,0:33.206,268.7,Max Hesse,,GTDPRO,,Paul Miller Racing,BMW,GF,
1,3,16,1:52.173,0,,26.065,0,52.326,0,33.782,0,183.9,36:15.493,19:06:15.493,0:26.065,0:52.326,0:33.782,272.0,Max Hesse,,GTDPRO,,Paul Miller Racing,BMW,GF,
1,3,17,1:51.391,0,,25.847,0,51.904,0,33.640,0,185.2,38:06.884,19:08:06.884,0:25.847,0:51.904,0:33.640,270.9,Max Hesse,,GTDPRO,,Paul Miller Racing,BMW,GF,
1,3,18,1:49.039,0,,25.485,0,50.590,2,32.964,1,189.2,39:55.923,19:09:55.923,0:25.485,0:50.590,0:32.964,270.9,Max Hesse,,GTDPRO,,Paul Miller Racing,BMW,GF,
1,3,19,1:49.669,0,,25.590,0,50.750,0,33.329,0,188.1,41:45.592,19:11:45.592,0:25.590,0:50.750,0:33.329,270.9,Max Hesse,,GTDPRO,,Paul Miller Racing,BMW,GF,
1,3,20,4:39.166,0,B,25.518,0,53.054,0,3:20.594,0,73.9,46:24.758,19:16:24.758,0:25.518,0:53.054,3:20.594,,Max Hesse,,GTDPRO,,Paul Miller Racing,BMW,GF,
1,1,21,2:16.268,0,,49.535,0,53.119,0,33.614,0,151.4,48:41.026,19:18:41.026,0:49.535,0:53.119,0:33.614,269.8,Neil Verhagen,0:03:18.029,GTDPRO,,Paul Miller Racing,BMW,GF,
1,1,22,1:50.345,0,,26.282,0,50.879,0,33.184,0,186.9,50:31.371,19:20:31.371,0:26.282,0:50.879,0:33.184,268.7,Neil Verhagen,,GTDPRO,,Paul Miller Racing,BMW,GF,
1,1,23,1:49.988,0,,25.595,1,50.902,0,33.491,0,187.5,52:21.359,19:22:21.359,0:25.595,0:50.902,0:33.491,266.5,Neil Verhagen,,GTDPRO,,Paul Miller Racing,BMW,GF,
1,1,24,1:49.821,0,,25.827,0,50.806,0,33.188,0,187.8,54:11.180,19:24:11.180,0:25.827,0:50.806,0:33.188,268.1,Neil Verhagen,,GTDPRO,,Paul Miller Racing,BMW,GF,
1,1,25,1:49.829,0,,25.724,0,50.968,0,33.137,0,187.8,56:01.009,19:26:01.009,0:25.724,0:50.968,0:33.137,267.0,Neil Verhagen,,GTDPRO,,Paul Miller Racing,BMW,GF,
1,1,26,1:49.234,0,,25.680,0,50.772,0,32.782,1,188.8,57:50.243,19:27:50.243,0:25.680,0:50.772,0:32.782,268.1,Neil Verhagen,,GTDPRO,,Paul Miller Racing,BMW,GF,
1,1,27,1:49.449,0,,25.601,0,50.768,0,33.080,0,188.4,59:39.692,19:29:39.692,0:25.601,0:50.768,0:33.080,268.1,Neil Verhagen,,GTDPRO,,Paul Miller Racing,BMW,GF,
1,1,28,1:50.322,0,,25.835,0,51.372,0,33.115,0,187.0,1:01:30.014,19:31:30.014,0:25.835,0:51.372,0:33.115,268.1,Neil Verhagen,,GTDPRO,,Paul Miller Racing,BMW,GF,
1,1,29,1:50.651,0,,25.940,0,51.496,0,33.215,0,186.4,1:03:20.665,19:33:20.665,0:25.940,0:51.496,0:33.215,269.8,Neil Verhagen,,GTDPRO,,Paul Miller Racing,BMW,GF,
1,1,30,4:56.730,0,B,25.730,0,50.684,1,3:40.316,0,69.5,1:08:17.395,19:38:17.395,0:25.730,0:50.684,3:40.316,,Neil Verhagen,,GTDPRO,,Paul Miller Racing,BMW,GF,
1,4,31,2:34.925,0,B,51.634,0,54.926,0,48.365,0,133.1,1:10:52.320,19:40:52.320,0:51.634,0:54.926,0:48.365,,Dan Harper,0:03:40.419,GTDPRO,,Paul Miller Racing,BMW,GF,
1,4,32,2:15.720,0,,48.739,0,53.056,0,33.925,0,152.0,1:13:08.040,19:43:08.040,0:48.739,0:53.056,0:33.925,265.4,Dan Harper,0:00:45.192,GTDPRO,,Paul Miller Racing,BMW,GF,
1,4,33,1:50.957,0,,26.126,0,51.470,0,33.361,0,185.9,1:14:58.997,19:44:58.997,0:26.126,0:51.470,0:33.361,266.5,Dan Harper,,GTDPRO,,Paul Miller Racing,BMW,GF,
1,4,34,1:49.837,0,,25.702,0,51.118,0,33.017,0,187.8,1:16:48.834,19:46:48.834,0:25.702,0:51.118,0:33.017,266.5,Dan Harper,,GTDPRO,,Paul Miller Racing,BMW,GF,
1,4,35,1:49.111,0,,25.672,0,50.901,0,32.538,0,189.0,1:18:37.945,19:48:37.945,0:25.672,0:50.901,0:32.538,267.6,Dan Harper,,GTDPRO,,Paul Miller Racing,BMW,GF,
1,4,36,1:48.849,0,,25.588,0,50.645,1,32.616,0,189.5,1:20:26.794,19:50:26.794,0:25.588,0:50.645,0:32.616,268.1,Dan Harper,,GTDPRO,,Paul Miller Racing,BMW,GF,
1,4,37,1:48.890,0,,25.387,0,50.818,0,32.685,0,189.4,1:22:15.684,19:52:15.684,0:25.387,0:50.818,0:32.685,268.1,Dan Harper,,GTDPRO,,Paul Miller Racing,BMW,GF,
1,4,38,1:48.514,2,,25.377,1,50.646,0,32.491,2,190.1,1:24:04.198,19:54:04.198,0:25.377,0:50.646,0:32.491,268.7,Dan Harper,,GTDPRO,,Paul Miller Racing,BMW,GF,
1,4,39,1:49.087,0,,25.508,0,50.856,0,32.723,0,189.1,1:25:53.285,19:55:53.285,0:25.508,0:50.856,0:32.723,268.1,Dan Harper,,GTDPRO,,Paul Miller Racing,BMW,GF,
1,4,40,1:50.019,0,,25.986,0,50.941,0,33.092,0,187.5,1:27:43.304,19:57:43.304,0:25.986,0:50.941,0:33.092,268.7,Dan Harper,,GTDPRO,,Paul Miller Racing,BMW,GF,
1,4,41,1:48.981,0,,25.722,0,50.718,0,32.541,0,189.3,1:29:32.285,19:59:32.285,0:25.722,0:50.718,0:32.541,269.2,Dan Harper,,GTDPRO,,Paul Miller Racing,BMW,GF,
1,4,42,4:39.735,0,B,25.602,0,51.422,0,3:22.711,0,73.7,1:34:12.020,20:04:12.020,0:25.602,0:51.422,3:22.711,,Dan Harper,,GTDPRO,,Paul Miller Racing,BMW,GF,
1,1,43,2:30.554,0,B,48.220,0,54.262,0,48.072,0,137.0,1:36:42.574,20:06:42.574,0:48.220,0:54.262,0:48.072,,Neil Verhagen,0:03:20.939,GTDPRO,,Paul Miller Racing,BMW,GF,
1,1,44,2:12.728,0,,47.807,0,51.399,0,33.522,0,155.4,1:38:55.302,20:08:55.302,0:47.807,0:51.399,0:33.522,267.0,Neil Verhagen,0:00:44.874,GTDPRO,,Paul Miller Racing,BMW,GF,
1,1,45,1:50.123,0,,26.003,0,51.069,0,33.051,0,187.3,1:40:45.425,20:10:45.425,0:26.003,0:51.069,0:33.051,269.2,Neil Verhagen,,GTDPRO,,Paul Miller Racing,BMW,GF,
1,1,46,1:49.899,0,,25.662,0,50.924,0,33.313,0,187.7,1:42:35.324,20:12:35.324,0:25.662,0:50.924,0:33.313,267.0,Neil Verhagen,,GTDPRO,,Paul Miller Racing,BMW,GF,
1,1,47,1:50.196,0,,25.654,0,51.391,0,33.151,0,187.2,1:44:25.520,20:14:25.520,0:25.654,0:51.391,0:33.151,267.0,Neil Verhagen,,GTDPRO,,Paul Miller Racing,BMW,GF,
1,1,48,1:49.775,0,,25.989,0,50.769,0,33.017,0,187.9,1:46:15.295,20:16:15.295,0:25.989,0:50.769,0:33.017,267.0,Neil Verhagen,,GTDPRO,,Paul Miller Racing,BMW,GF,
1,1,49,1:50.289,0,,25.817,0,51.454,0,33.018,0,187.0,1:48:05.584,20:18:05.584,0:25.817,0:51.454,0:33.018,268.1,Neil Verhagen,,GTDPRO,,Paul Miller Racing,BMW,GF,
1,1,50,1:49.430,0,,25.716,0,50.793,0,32.921,0,188.5,1:49:55.014,20:19:55.014,0:25.716,0:50.793,0:32.921,269.8,Neil Verhagen,,GTDPRO,,Paul Miller Racing,BMW,GF,
1,1,51,1:49.620,0,,25.783,0,50.844,0,32.993,0,188.2,1:51:44.634,20:21:44.634,0:25.783,0:50.844,0:32.993,267.6,Neil Verhagen,,GTDPRO,,Paul Miller Racing,BMW,GF,
1,1,52,1:49.501,0,,25.896,0,50.750,0,32.855,0,188.4,1:53:34.135,20:23:34.135,0:25.896,0:50.750,0:32.855,268.1,Neil Verhagen,,GTDPRO,,Paul Miller Racing,BMW,GF,
1,1,53,1:49.719,0,,25.757,0,51.016,0,32.946,0,188.0,1:55:23.854,20:25:23.854,0:25.757,0:51.016,0:32.946,268.1,Neil Verhagen,,GTDPRO,,Paul Miller Racing,BMW,GF,
10,3,1,2:39.976,0,,1:17.466,0,52.280,0,30.230,0,128.9,2:39.976,18:32:39.976,1:17.466,0:52.280,0:30.230,309.8,Will Stevens,0:00:58.591,GTP,,Cadillac Wayne Taylor Racing,Cadillac,GF,
10,3,2,1:41.953,0,,25.585,0,47.303,0,29.065,0,202.3,4:21.929,18:34:21.929,0:25.585,0:47.303,0:29.065,317.2,Will Stevens,,GTP,,Cadillac Wayne Taylor Racing,Cadillac,GF,
10,3,3,1:41.971,0,,24.332,0,47.990,0,29.649,0,202.3,6:03.900,18:36:03.900,0:24.332,0:47.990,0:29.649,319.5,Will Stevens,,GTP,,Cadillac Wayne Taylor Racing,Cadillac,GF,
10,3,4,1:42.346,0,,23.990,0,48.043,0,30.313,0,201.5,7:46.246,18:37:46.246,0:23.990,0:48.043,0:30.313,305.5,Will Stevens,,GTP,,Cadillac Wayne Taylor Racing,Cadillac,GF,
10,3,5,1:40.901,0,,24.027,0,46.424,0,30.450,0,204.4,9:27.147,18:39:27.147,0:24.027,0:46.424,0:30.450,318.8,Will Stevens,,GTP,,Cadillac Wayne Taylor Racing,Cadillac,GF,
10,3,6,1:39.048,0,,23.872,0,45.744,0,29.432,0,208.2,11:06.195,18:41:06.195,0:23.872,0:45.744,0:29.432,315.7,Will Stevens,,GTP,,Cadillac Wayne Taylor Racing,Cadillac,GF,
10,3,7,1:37.797,0,,23.760,0,45.554,0,28.483,0,210.9,12:43.992,18:42:43.992,0:23.760,0:45.554,0:28.483,318.0,Will Stevens,,GTP,,Cadillac Wayne Taylor Racing,Cadillac,GF,
10,3,8,1:40.120,0,,24.623,0,46.785,0,28.712,0,206.0,14:24.112,18:44:24.112,0:24.623,0:46.785,0:28.712,320.3,Will Stevens,,GTP,,Cadillac Wayne Taylor Racing,Cadillac,GF,
10,3,9,1:38.059,0,,23.703,0,45.750,0,28.606,0,210.3,16:02.171,18:46:02.171,0:23.703,0:45.750,0:28.606,318.0,Will Stevens,,GTP,,Cadillac Wayne Taylor Racing,Cadillac,GF,
10,3,10,1:43.196,0,,24.067,0,46.599,0,32.530,0,199.9,17:45.367,18:47:45.367,0:24.067,0:46.599,0:32.530,317.2,Will Stevens,,GTP,,Cadillac Wayne Taylor Racing,Cadillac,GF,
10,3,11,1:39.714,0,,24.284,0,46.795,0,28.635,0,206.8,19:25.081,18:49:25.081,0:24.284,0:46.795,0:28.635,317.2,Will Stevens,,GTP,,Cadillac Wayne Taylor Racing,Cadillac,GF,
10,3,12,12:42.530,0,B,24.684,0,45.778,0,11:32.068,0,27.0,32:07.611,19:02:07.611,0:24.684,0:45.778,11:32.068,,Will Stevens,,GTP,,Cadillac Wayne Taylor Racing,Cadillac,GF,
10,3,13,2:05.349,0,,47.924,0,47.565,0,29.860,0,164.5,34:12.960,19:04:12.960,0:47.924,0:47.565,0:29.860,316.5,Will Stevens,0:11:34.975,GTP,,Cadillac Wayne Taylor Racing,Cadillac,GF,
10,3,14,1:41.667,0,,24.049,0,46.180,0,31.438,0,202.9,35:54.627,19:05:54.627,0:24.049,0:46.180,0:31.438,316.5,Will Stevens,,GTP,,Cadillac Wayne Taylor Racing,Cadillac,GF,
10,3,15,1:38.165,0,,23.690,0,45.829,0,28.646,0,210.1,37:32.792,19:07:32.792,0:23.690,0:45.829,0:28.646,318.0,Will Stevens,,GTP,,Cadillac Wayne Taylor Racing,Cadillac,GF,
10,3,16,1:39.112,0,,24.130,0,45.806,0,29.176,0,208.1,39:11.904,19:09:11.904,0:24.130,0:45.806,0:29.176,318.0,Will Stevens,,GTP,,Cadillac Wayne Taylor Racing,Cadillac,GF,
10,3,17,1:39.376,0,,23.679,2,47.177,0,28.520,0,207.5,40:51.280,19:10:51.280,0:23.679,0:47.177,0:28.520,319.5,Will Stevens,,GTP,,Cadillac Wayne Taylor Racing,Cadillac,GF,
10,3,18,1:38.148,0,,23.786,0,45.894,0,28.468,0,210.1,42:29.428,19:12:29.428,0:23.786,0:45.894,0:28.468,318.8,Will Stevens,,GTP,,Cadillac Wayne Taylor Racing,Cadillac,GF,
10,3,19,1:37.493,2,,23.684,0,45.339,2,28.470,0,211.6,44:06.921,19:14:06.921,0:23.684,0:45.339,0:28.470,320.3,Will Stevens,,GTP,,Cadillac Wayne Taylor Racing,Cadillac,GF,
10,3,20,1:39.949,0,,25.534,0,45.955,0,28.460,1,206.4,45:46.870,19:15:46.870,0:25.534,0:45.955,0:28.460,320.3,Will Stevens,,GTP,,Cadillac Wayne Taylor Racing,Cadillac,GF,
10,3,21,10:32.780,0,B,23.856,0,45.695,0,9:23.229,0,32.6,56:19.650,19:26:19.650,0:23.856,0:45.695,9:23.229,,Will Stevens,,GTP,,Cadillac Wayne Taylor Racing,Cadillac,GF,
10,3,22,2:04.587,0,,47.952,0,47.611,0,29.024,0,165.6,58:24.237,19:28:24.237,0:47.952,0:47.611,0:29.024,318.0,Will Stevens,0:09:25.991,GTP,,Cadillac Wayne Taylor Racing,Cadillac,GF,
10,3,23,1:38.097,0,,23.782,0,45.486,0,28.829,0,210.3,1:00:02.334,19:30:02.334,0:23.782,0:45.486,0:28.829,316.5,Will Stevens,,GTP,,Cadillac Wayne Taylor Racing,Cadillac,GF,
10,3,24,1:39.390,0,,23.848,0,46.470,0,29.072,0,207.5,1:01:41.724,19:31:41.724,0:23.848,0:46.470,0:29.072,321.1,Will Stevens,,GTP,,Cadillac Wayne Taylor Racing,Cadillac,GF,
10,3,25,1:38.406,0,,24.101,0,45.729,0,28.576,0,209.6,1:03:20.130,19:33:20.130,0:24.101,0:45.729,0:28.576,321.1,Will Stevens,,GTP,,Cadillac Wayne Taylor Racing,Cadillac,GF,
10,3,26,4:44.086,0,B,23.848,0,45.709,0,3:34.529,0,72.6,1:08:04.216,19:38:04.216,0:23.848,0:45.709,3:34.529,,Will Stevens,,GTP,,Cadillac Wayne Taylor Racing,Cadillac,GF,
10,1,27,2:09.724,0,,50.560,0,49.728,0,29.436,0,159.0,1:10:13.940,19:40:13.940,0:50.560,0:49.728,0:29.436,318.0,Ricky Taylor,0:03:37.645,GTP,,Cadillac Wayne Taylor Racing,Cadillac,GF,
10,1,28,1:39.832,0,,24.464,0,46.571,0,28.797,0,206.6,1:11:53.772,19:41:53.772,0:24.464,0:46.571,0:28.797,318.0,Ricky Taylor,,GTP,,Cadillac Wayne Taylor Racing,Cadillac,GF,
10,1,29,1:39.662,0,,24.156,0,46.482,0,29.024,0,207.0,1:13:33.434,19:43:33.434,0:24.156,0:46.482,0:29.024,318.0,Ricky Taylor,,GTP,,Cadillac Wayne Taylor Racing,Cadillac,GF,
10,1,30,1:39.299,0,,24.325,0,46.115,0,28.859,0,207.7,1:15:12.733,19:45:12.733,0:24.325,0:46.115,0:28.859,320.3,Ricky Taylor,,GTP,,Cadillac Wayne Taylor Racing,Cadillac,GF,
10,1,31,1:39.152,0,,24.128,0,46.143,0,28.881,0,208.0,1:16:51.885,19:46:51.885,0:24.128,0:46.143,0:28.881,318.0,Ricky Taylor,,GTP,,Cadillac Wayne Taylor Racing,Cadillac,GF,
10,1,32,10:06.897,0,B,24.058,0,46.613,0,8:56.226,0,34.0,1:26:58.782,19:56:58.782,0:24.058,0:46.613,8:56.226,,Ricky Taylor,,GTP,,Cadillac Wayne Taylor Racing,Cadillac,GF,
10,1,33,2:09.265,0,,49.951,0,50.287,0,29.027,0,159.6,1:29:08.047,19:59:08.047,0:49.951,0:50.287,0:29.027,318.0,Ricky Taylor,0:08:59.111,GTP,,Cadillac Wayne Taylor Racing,Cadillac,GF,
10,1,34,1:39.244,0,,24.255,0,46.198,0,28.791,0,207.8,1:30:47.291,20:00:47.291,0:24.255,0:46.198,0:28.791,317.2,Ricky Taylor,,GTP,,Cadillac Wayne Taylor Racing,Cadillac,GF,
10,1,35,1:38.749,0,,24.074,0,46.085,0,28.590,0,208.9,1:32:26.040,20:02:26.040,0:24.074,0:46.085,0:28.590,318.0,Ricky Taylor,,GTP,,Cadillac Wayne Taylor Racing,Cadillac,GF,
10,1,36,1:38.895,0,,24.011,1,46.237,0,28.647,0,208.6,1:34:04.935,20:04:04.935,0:24.011,0:46.237,0:28.647,318.8,Ricky Taylor,,GTP,,Cadillac Wayne Taylor Racing,Cadillac,GF,
10,1,37,1:41.567,0,,24.780,0,47.217,0,29.570,0,203.1,1:35:46.502,20:05:46.502,0:24.780,0:47.217,0:29.570,318.0,Ricky Taylor,,GTP,,Cadillac Wayne Taylor Racing,Cadillac,GF,
10,1,38,1:39.382,0,,24.457,0,45.902,1,29.023,0,207.5,1:37:25.884,20:07:25.884,0:24.457,0:45.902,0:29.023,317.2,Ricky Taylor,,GTP,,Cadillac Wayne Taylor Racing,Cadillac,GF,
10,1,39,1:38.438,0,,24.069,0,45.977,0,28.392,2,209.5,1:39:04.322,20:09:04.322,0:24.069,0:45.977,0:28.392,319.5,Ricky Taylor,,GTP,,Cadillac Wayne Taylor Racing,Cadillac,GF,
10,1,40,5:15.607,0,B,24.099,0,45.928,0,4:05.580,0,65.4,1:44:19.929,20:14:19.929,0:24.099,0:45.928,4:05.580,,Ricky Taylor,,GTP,,Cadillac Wayne Taylor Racing,Cadillac,GF,
10,1,41,2:03.417,0,,47.905,0,46.672,0,28.840,0,167.1,1:46:23.346,20:16:23.346,0:47.905,0:46.672,0:28.840,316.5,Ricky Taylor,0:04:08.096,GTP,,Cadillac Wayne Taylor Racing,Cadillac,GF,
10,1,42,1:39.355,0,,24.354,0,46.254,0,28.747,0,207.6,1:48:02.701,20:18:02.701,0:24.354,0:46.254,0:28.747,319.5,Ricky Taylor,,GTP,,Cadillac Wayne Taylor Racing,Cadillac,GF,
10,1,43,1:39.103,0,,24.065,0,46.299,0,28.739,0,208.1,1:49:41.804,20:19:41.804,0:24.065,0:46.299,0:28.739,320.3,Ricky Taylor,,GTP,,Cadillac Wayne Taylor Racing,Cadillac,GF,
10,1,44,1:39.041,0,,24.266,0,46.112,0,28.663,0,208.3,1:51:20.845,20:21:20.845,0:24.266,0:46.112,0:28.663,321.1,Ricky Taylor,,GTP,,Cadillac Wayne Taylor Racing,Cadillac,GF,
10,1,45,3:06.935,0,B,24.376,0,45.975,0,1:56.584,0,110.3,1:54:27.780,20:24:27.780,0:24.376,0:45.975,1:56.584,,Ricky Taylor,,GTP,,Cadillac Wayne Taylor Racing,Cadillac,GF,
10,2,46,2:03.227,0,,47.788,0,46.509,0,28.930,0,167.4,1:56:31.007,20:26:31.007,0:47.788,0:46.509,0:28.930,316.5,Filipe Albuquerque,0:01:56.998,GTP,,Cadillac Wayne Taylor Racing,Cadillac,GF,
10,2,47,1:39.815,0,,24.258,1,46.034,1,29.523,0,206.6,1:58:10.822,20:28:10.822,0:24.258,0:46.034,0:29.523,306.9,Filipe Albuquerque,,GTP,,Cadillac Wayne Taylor Racing,Cadillac,GF,
10,2,48,1:40.505,0,,25.310,0,46.646,0,28.549,0,205.2,1:59:51.327,20:29:51.327,0:25.310,0:46.646,0:28.549,318.8,Filipe Albuquerque,,GTP,,Cadillac Wayne Taylor Racing,Cadillac,GF,
10,2,49,1:38.820,0,,24.313,0,46.066,0,28.441,1,208.7,2:01:30.147,20:31:30.147,0:24.313,0:46.066,0:28.441,317.2,Filipe Albuquerque,,GTP,,Cadillac Wayne Taylor Racing,Cadillac,FF,
11,3,1,2:30.203,0,,1:05.132,0,53.993,0,31.078,0,137.3,2:30.203,18:32:30.203,1:05.132,0:53.993,0:31.078,288.1,David Heinemeier Hansson,0:00:44.131,LMP2,,TDS Racing,Gibson,GF,
11,3,2,1:58.883,0,B,25.212,0,49.597,0,44.074,0,173.5,4:29.086,18:34:29.086,0:25.212,0:49.597,0:44.074,,David Heinemeier Hansson,,LMP2,,TDS Racing,Gibson,GF,
11,3,3,2:51.650,0,,1:30.168,0,50.573,0,30.909,0,120.2,7:20.736,18:37:20.736,1:30.168,0:50.573,0:30.909,291.3,David Heinemeier Hansson,0:01:25.945,LMP2,,TDS Racing,Gibson,GF,
11,3,4,1:42.558,0,,24.457,0,48.042,0,30.059,0,201.1,9:03.294,18:39:03.294,0:24.457,0:48.042,0:30.059,293.9,David Heinemeier Hansson,,LMP2,,TDS Racing,Gibson,GF,
11,3,5,1:43.645,0,,25.266,0,48.247,0,30.132,0,199.0,10:46.939,18:40:46.939,0:25.266,0:48.247,0:30.132,291.9,David Heinemeier Hansson,,LMP2,,TDS Racing,Gibson,GF,
11,3,6,1:41.839,0,,23.950,1,47.770,0,30.119,0,202.5,12:28.778,18:42:28.778,0:23.950,0:47.770,0:30.119,291.9,David Heinemeier Hansson,,LMP2,,TDS Racing,Gibson,GF,
11,3,7,1:41.928,0,,24.309,0,47.569,0,30.050,0,202.4,14:10.706,18:44:10.706,0:24.309,0:47.569,0:30.050,290.6,David Heinemeier Hansson,,LMP2,,TDS Racing,Gibson,GF,
11,3,8,1:43.500,0,,24.719,0,48.103,0,30.678,0,199.3,15:54.206,18:45:54.206,0:24.719,0:48.103,0:30.678,291.9,David Heinemeier Hansson,,LMP2,,TDS Racing,Gibson,GF,
11,3,9,1:41.768,0,,23.987,0,47.676,0,30.105,0,202.7,17:35.974,18:47:35.974,0:23.987,0:47.676,0:30.105,293.9,David Heinemeier Hansson,,LMP2,,TDS Racing,Gibson,GF,
11,3,10,1:44.522,0,,24.006,0,49.774,0,30.742,0,197.3,19:20.496,18:49:20.496,0:24.006,0:49.774,0:30.742,293.9,David Heinemeier Hansson,,LMP2,,TDS Racing,Gibson,GF,
11,3,11,1:42.952,0,,24.363,0,47.896,0,30.693,0,200.3,21:03.448,18:51:03.448,0:24.363,0:47.896,0:30.693,293.9,David Heinemeier Hansson,,LMP2,,TDS Racing,Gibson,GF,
11,3,12,1:42.044,0,,24.263,0,47.791,0,29.990,0,202.1,22:45.492,18:52:45.492,0:24.263,0:47.791,0:29.990,293.9,David Heinemeier Hansson,,LMP2,,TDS Racing,Gibson,GF,
11,3,13,1:41.685,0,,23.968,0,47.770,0,29.947,0,202.8,24:27.177,18:54:27.177,0:23.968,0:47.770,0:29.947,294.5,David Heinemeier Hansson,,LMP2,,TDS Racing,Gibson,GF,
11,3,14,1:42.564,0,,24.647,0,48.074,0,29.843,0,201.1,26:09.741,18:56:09.741,0:24.647,0:48.074,0:29.843,291.9,David Heinemeier Hansson,,LMP2,,TDS Racing,Gibson,GF,
11,3,15,1:41.383,0,,24.087,0,47.513,1,29.783,1,203.4,27:51.124,18:57:51.124,0:24.087,0:47.513,0:29.783,293.2,David Heinemeier Hansson,,LMP2,,TDS Racing,Gibson,GF,
11,3,16,1:55.499,0,B,24.656,0,47.673,0,43.170,0,178.6,29:46.623,18:59:46.623,0:24.656,0:47.673,0:43.170,,David Heinemeier Hansson,,LMP2,,TDS Racing,Gibson,GF,
11,1,17,4:08.293,0,,2:45.929,0,50.434,0,31.930,0,83.1,33:54.916,19:03:54.916,2:45.929,0:50.434,0:31.930,290.0,Tobi Lutke,0:02:40.145,LMP2,,TDS Racing,Gibson,GF,
11,1,18,1:44.353,0,,25.283,0,48.536,0,30.534,0,197.7,35:39.269,19:05:39.269,0:25.283,0:48.536,0:30.534,290.6,Tobi Lutke,,LMP2,,TDS Racing,Gibson,GF,
11,1,19,1:44.518,0,,25.075,0,48.832,0,30.611,0,197.3,37:23.787,19:07:23.787,0:25.075,0:48.832,0:30.611,291.9,Tobi Lutke,,LMP2,,TDS Racing,Gibson,GF,
11,1,20,1:46.048,0,,24.878,0,49.544,0,31.626,0,194.5,39:09.835,19:09:09.835,0:24.878,0:49.544,0:31.626,290.6,Tobi Lutke,,LMP2,,TDS Racing,Gibson,GF,
11,1,21,1:45.643,0,,25.093,0,49.867,0,30.683,0,195.2,40:55.478,19:10:55.478,0:25.093,0:49.867,0:30.683,290.6,Tobi Lutke,,LMP2,,TDS Racing,Gibson,GF,
11,1,22,1:44.051,0,,25.270,0,48.264,0,30.517,1,198.2,42:39.529,19:12:39.529,0:25.270,0:48.264,0:30.517,291.9,Tobi Lutke,,LMP2,,TDS Racing,Gibson,GF,
11,1,23,1:43.429,0,,24.331,1,48.435,0,30.663,0,199.4,44:22.958,19:14:22.958,0:24.331,0:48.435,0:30.663,290.6,Tobi Lutke,,LMP2,,TDS Racing,Gibson,GF,
11,1,24,1:44.730,0,,24.829,0,48.626,0,31.275,0,196.9,46:07.688,19:16:07.688,0:24.829,0:48.626,0:31.275,290.0,Tobi Lutke,,LMP2,,TDS Racing,Gibson,GF,
11,1,25,1:44.186,0,,24.877,0,48.283,0,31.026,0,198.0,47:51.874,19:17:51.874,0:24.877,0:48.283,0:31.026,293.2,Tobi Lutke,,LMP2,,TDS Racing,Gibson,GF,
11,1,26,1:45.083,0,,25.195,0,49.175,0,30.713,0,196.3,49:36.957,19:19:36.957,0:25.195,0:49.175,0:30.713,293.2,Tobi Lutke,,LMP2,,TDS Racing,Gibson,GF,
11,1,27,1:45.297,0,,25.239,0,48.696,0,31.362,0,195.9,51:22.254,19:21:22.254,0:25.239,0:48.696,0:31.362,291.3,Tobi Lutke,,LMP2,,TDS Racing,Gibson,GF,
11,1,28,1:43.362,0,,24.495,0,48.229,0,30.638,0,199.5,53:05.616,19:23:05.616,0:24.495,0:48.229,0:30.638,292.6,Tobi Lutke,,LMP2,,TDS Racing,Gibson,GF,
11,1,29,1:43.390,0,,24.596,0,48.139,1,30.655,0,199.5,54:49.006,19:24:49.006,0:24.596,0:48.139,0:30.655,295.2,Tobi Lutke,,LMP2,,TDS Racing,Gibson,GF,
11,1,30,1:44.118,0,,24.948,0,48.592,0,30.578,0,198.1,56:33.124,19:26:33.124,0:24.948,0:48.592,0:30.578,295.8,Tobi Lutke,,LMP2,,TDS Racing,Gibson,GF,
11,1,31,1:59.104,0,B,25.644,0,48.205,0,45.255,0,173.2,58:32.228,19:28:32.228,0:25.644,0:48.205,0:45.255,,Tobi Lutke,,LMP2,,TDS Racing,Gibson,GF,
11,2,32,2:59.004,0,,1:36.964,0,50.803,0,31.237,0,115.2,1:01:31.232,19:31:31.232,1:36.964,0:50.803,0:31.237,295.2,Mathias Beche,0:01:32.692,LMP2,,TDS Racing,Gibson,GF,
11,2,33,1:43.402,0,,25.005,0,48.069,0,30.328,0,199.5,1:03:14.634,19:33:14.634,0:25.005,0:48.069,0:30.328,295.2,Mathias Beche,,LMP2,,TDS Racing,Gibson,GF,
11,2,34,1:41.868,0,,24.300,0,47.364,0,30.204,0,202.5,1:04:56.502,19:34:56.502,0:24.300,0:47.364,0:30.204,293.2,Mathias Beche,,LMP2,,TDS Racing,Gibson,GF,
11,2,35,1:41.304,0,,23.879,0,47.493,0,29.932,0,203.6,1:06:37.806,19:36:37.806,0:23.879,0:47.493,0:29.932,292.6,Mathias Beche,,LMP2,,TDS Racing,Gibson,GF,
11,2,36,1:41.437,0,,23.936,0,47.496,0,30.005,0,203.3,1:08:19.243,19:38:19.243,0:23.936,0:47.496,0:30.005,290.0,Mathias Beche,,LMP2,,TDS Racing,Gibson,GF,
11,2,37,1:41.183,0,,23.853,0,47.430,0,29.900,0,203.8,1:10:00.426,19:40:00.426,0:23.853,0:47.430,0:29.900,293.2,Mathias Beche,,LMP2,,TDS Racing,Gibson,GF,
11,2,38,1:41.547,0,,23.840,2,47.682,0,30.025,0,203.1,1:11:41.973,19:41:41.973,0:23.840,0:47.682,0:30.025,291.9,Mathias Beche,,LMP2,,TDS Racing,Gibson,GF,
11,2,39,1:41.953,0,,24.253,0,47.421,0,30.279,0,202.3,1:13:23.926,19:43:23.926,0:24.253,0:47.421,0:30.279,293.2,Mathias Beche,,LMP2,,TDS Racing,Gibson,GF,
11,2,40,1:42.432,0,,24.501,0,48.142,0,29.789,0,201.4,1:15:06.358,19:45:06.358,0:24.501,0:48.142,0:29.789,291.9,Mathias Beche,,LMP2,,TDS Racing,Gibson,GF,
11,2,41,1:41.943,0,,24.774,0,47.525,0,29.644,0,202.3,1:16:48.301,19:46:48.301,0:24.774,0:47.525,0:29.644,292.6,Mathias Beche,,LMP2,,TDS Racing,Gibson,GF,
11,2,42,1:40.731,2,,23.874,0,47.324,2,29.533,1,204.8,1:18:29.032,19:48:29.032,0:23.874,0:47.324,0:29.533,294.5,Mathias Beche,,LMP2,,TDS Racing,Gibson,GF,
11,2,43,1:42.650,0,,24.462,0,47.625,0,30.563,0,200.9,1:20:11.682,19:50:11.682,0:24.462,0:47.625,0:30.563,294.5,Mathias Beche,,LMP2,,TDS Racing,Gibson,GF,
11,2,44,1:42.146,0,,24.516,0,47.694,0,29.936,0,201.9,1:21:53.828,19:51:53.828,0:24.516,0:47.694,0:29.936,294.5,Mathias Beche,,LMP2,,TDS Racing,Gibson,GF,
11,2,45,1:42.871,0,,24.304,0,47.654,0,30.913,0,200.5,1:23:36.699,19:53:36.699,0:24.304,0:47.654,0:30.913,290.0,Mathias Beche,,LMP2,,TDS Racing,Gibson,GF,
11,2,46,1:54.996,0,B,24.308,0,47.576,0,43.112,0,179.4,1:25:31.695,19:55:31.695,0:24.308,0:47.576,0:43.112,,Mathias Beche,,LMP2,,TDS Racing,Gibson,GF,
11,4,47,2:48.038,0,,1:29.053,0,48.738,0,30.247,0,122.7,1:28:19.733,19:58:19.733,1:29.053,0:48.738,0:30.247,289.3,Charles Milesi,0:01:26.770,LMP2,,TDS Racing,Gibson,GF,
11,4,48,1:41.480,0,,23.964,0,47.522,0,29.994,0,203.2,1:30:01.213,20:00:01.213,0:23.964,0:47.522,0:29.994,292.6,Charles Milesi,,LMP2,,TDS Racing,Gibson,GF,
11,4,49,1:44.437,0,,24.288,0,49.829,0,30.320,0,197.5,1:31:45.650,20:01:45.650,0:24.288,0:49.829,0:30.320,293.9,Charles Milesi,,LMP2,,TDS Racing,Gibson,GF,
11,4,50,1:41.591,0,,23.982,0,47.615,0,29.994,0,203.0,1:33:27.241,20:03:27.241,0:23.982,0:47.615,0:29.994,291.9,Charles Milesi,,LMP2,,TDS Racing,Gibson,GF,
11,4,51,1:41.304,0,,23.918,1,47.875,0,29.511,2,203.6,1:35:08.545,20:05:08.545,0:23.918,0:47.875,0:29.511,295.2,Charles Milesi,,LMP2,,TDS Racing,Gibson,GF,
11,4,52,1:41.217,0,,23.918,0,47.542,0,29.757,0,203.8,1:36:49.762,20:06:49.762,0:23.918,0:47.542,0:29.757,293.9,Charles Milesi,,LMP2,,TDS Racing,Gibson,GF,
11,4,53,1:43.391,0,,24.650,0,48.913,0,29.828,0,199.5,1:38:33.153,20:08:33.153,0:24.650,0:48.913,0:29.828,294.5,Charles Milesi,,LMP2,,TDS Racing,Gibson,GF,
11,4,54,1:42.499,0,,24.434,0,48.257,0,29.808,0,201.2,1:40:15.652,20:10:15.652,0:24.434,0:48.257,0:29.808,291.9,Charles Milesi,,LMP2,,TDS Racing,Gibson,GF,
11,4,55,1:41.994,0,,24.363,0,47.953,0,29.678,0,202.2,1:41:57.646,20:11:57.646,0:24.363,0:47.953,0:29.678,291.9,Charles Milesi,,LMP2,,TDS Racing,Gibson,GF,
11,4,56,1:54.451,0,B,23.941,0,47.492,1,43.018,0,180.2,1:43:52.097,20:13:52.097,0:23.941,0:47.492,0:43.018,,Charles Milesi,,LMP2,,TDS Racing,Gibson,GF,
11,4,57,4:35.874,0,,3:17.843,0,47.827,0,30.204,0,74.8,1:48:27.971,20:18:27.971,3:17.843,0:47.827,0:30.204,293.9,Charles Milesi,0:03:15.489,LMP2,,TDS Racing,Gibson,GF,
11,4,58,1:41.530,0,,24.276,0,47.566,0,29.688,0,203.1,1:50:09.501,20:20:09.501,0:24.276,0:47.566,0:29.688,293.9,Charles Milesi,,LMP2,,TDS Racing,Gibson,GF,
11,4,59,1:44.205,0,,24.725,0,47.675,0,31.805,0,197.9,1:51:53.706,20:21:53.706,0:24.725,0:47.675,0:31.805,296.5,Charles Milesi,,LMP2,,TDS Racing,Gibson,GF,
11,4,60,1:42.089,0,,24.669,0,47.735,0,29.685,0,202.0,1:53:35.795,20:23:35.795,0:24.669,0:47.735,0:29.685,294.5,Charles Milesi,,LMP2,,TDS Racing,Gibson,GF,
11,4,61,1:41.709,0,,24.337,0,47.597,0,29.775,0,202.8,1:55:17.504,20:25:17.504,0:24.337,0:47.597,0:29.775,295.2,Charles Milesi,,LMP2,,TDS Racing,Gibson,GF,
11,4,62,1:41.821,0,,24.192,0,47.689,0,29.940,0,202.6,1:56:59.325,20:26:59.325,0:24.192,0:47.689,0:29.940,294.5,Charles Milesi,,LMP2,,TDS Racing,Gibson,GF,
11,4,63,1:41.973,0,,24.319,0,47.968,0,29.686,0,202.3,1:58:41.298,20:28:41.298,0:24.319,0:47.968,0:29.686,295.8,Charles Milesi,,LMP2,,TDS Racing,Gibson,GF,
11,4,64,1:41.834,0,,24.358,0,47.627,0,29.849,0,202.5,2:00:23.132,20:30:23.132,0:24.358,0:47.627,0:29.849,292.6,Charles Milesi,,LMP2,,TDS Racing,Gibson,FF,
12,4,1,3:01.921,0,,1:31.836,0,55.923,0,34.162,0,113.4,3:01.921,18:33:01.921,1:31.836,0:55.923,0:34.162,264.9,Aaron Telitz,0:01:12.211,GTD,,Vasser Sullivan Racing,Lexus,GF,
12,4,2,1:51.126,0,,26.821,0,51.392,0,32.913,0,185.6,4:53.047,18:34:53.047,0:26.821,0:51.392,0:32.913,269.8,Aaron Telitz,,GTD,,Vasser Sullivan Racing,Lexus,GF,
12,4,3,1:49.089,0,,25.809,0,50.637,0,32.643,0,189.1,6:42.136,18:36:42.136,0:25.809,0:50.637,0:32.643,272.0,Aaron Telitz,,GTD,,Vasser Sullivan Racing,Lexus,GF,
12,4,4,1:48.428,0,,25.559,1,50.461,1,32.408,1,190.2,8:30.564,18:38:30.564,0:25.559,0:50.461,0:32.408,269.8,Aaron Telitz,,GTD,,Vasser Sullivan Racing,Lexus,GF,
12,4,5,1:49.462,0,,25.699,0,51.100,0,32.663,0,188.4,10:20.026,18:40:20.026,0:25.699,0:51.100,0:32.663,272.6,Aaron Telitz,,GTD,,Vasser Sullivan Racing,Lexus,GF,
12,4,6,2:30.505,0,B,25.588,0,50.744,0,1:14.173,0,137.0,12:50.531,18:42:50.531,0:25.588,0:50.744,1:14.173,,Aaron Telitz,,GTD,,Vasser Sullivan Racing,Lexus,GF,
12,4,7,2:19.734,0,,50.657,0,55.580,0,33.497,0,147.6,15:10.265,18:45:10.265,0:50.657,0:55.580,0:33.497,270.3,Aaron Telitz,0:01:12.445,GTD,,Vasser Sullivan Racing,Lexus,GF,
12,4,8,1:50.339,0,,26.206,0,51.118,0,33.015,0,186.9,17:00.604,18:47:00.604,0:26.206,0:51.118,0:33.015,271.4,Aaron Telitz,,GTD,,Vasser Sullivan Racing,Lexus,GF,
12,4,9,2:58.040,0,B,26.702,0,50.817,0,1:40.521,0,115.8,19:58.644,18:49:58.644,0:26.702,0:50.817,1:40.521,,Aaron Telitz,,GTD,,Vasser Sullivan Racing,Lexus,GF,
12,3,10,2:15.755,0,,51.778,0,51.162,0,32.815,0,151.9,22:14.399,18:52:14.399,0:51.778,0:51.162,0:32.815,269.8,Benjamin Pedersen,0:01:39.738,GTD,,Vasser Sullivan Racing,Lexus,GF,
12,3,11,1:48.841,0,,25.739,0,50.665,0,32.437,0,189.5,24:03.240,18:54:03.240,0:25.739,0:50.665,0:32.437,272.6,Benjamin Pedersen,,GTD,,Vasser Sullivan Racing,Lexus,GF,
12,3,12,1:49.175,0,,25.626,0,50.718,0,32.831,0,188.9,25:52.415,18:55:52.415,0:25.626,0:50.718,0:32.831,273.1,Benjamin Pedersen,,GTD,,Vasser Sullivan Racing,Lexus,GF,
12,3,13,1:52.078,0,,25.656,0,52.452,0,33.970,0,184.0,27:44.493,18:57:44.493,0:25.656,0:52.452,0:33.970,272.6,Benjamin Pedersen,,GTD,,Vasser Sullivan Racing,Lexus,GF,
12,3,14,1:49.330,0,,25.732,0,50.614,1,32.984,0,188.7,29:33.823,18:59:33.823,0:25.732,0:50.614,0:32.984,270.3,Benjamin Pedersen,,GTD,,Vasser Sullivan Racing,Lexus,GF,
12,3,15,1:48.812,0,,25.639,0,50.676,0,32.497,0,189.6,31:22.635,19:01:22.635,0:25.639,0:50.676,0:32.497,269.8,Benjamin Pedersen,,GTD,,Vasser Sullivan Racing,Lexus,GF,
12,3,16,2:34.731,0,B,25.500,1,50.704,0,1:18.527,0,133.3,33:57.366,19:03:57.366,0:25.500,0:50.704,1:18.527,,Benjamin Pedersen,,GTD,,Vasser Sullivan Racing,Lexus,GF,
12,3,17,2:16.712,0,,50.326,0,53.228,0,33.158,0,150.9,36:14.078,19:06:14.078,0:50.326,0:53.228,0:33.158,269.8,Benjamin Pedersen,0:01:18.321,GTD,,Vasser Sullivan Racing,Lexus,GF,
12,3,18,2:41.208,0,B,26.455,0,51.773,0,1:22.980,0,127.9,38:55.286,19:08:55.286,0:26.455,0:51.773,1:22.980,,Benjamin Pedersen,,GTD,,Vasser Sullivan Racing,Lexus,GF,
12,2,19,2:15.494,0,,50.536,0,51.294,0,33.664,0,152.2,41:10.780,19:11:10.780,0:50.536,0:51.294,0:33.664,270.9,Frankie Montecalvo,0:01:24.078,GTD,,Vasser Sullivan Racing,Lexus,GF,
12,2,20,1:49.583,0,,25.738,0,50.809,0,33.036,0,188.2,43:00.363,19:13:00.363,0:25.738,0:50.809,0:33.036,272.0,Frankie Montecalvo,,GTD,,Vasser Sullivan Racing,Lexus,GF,
12,2,21,1:49.620,0,,25.636,1,50.781,0,33.203,0,188.2,44:49.983,19:14:49.983,0:25.636,0:50.781,0:33.203,274.8,Frankie Montecalvo,,GTD,,Vasser Sullivan Racing,Lexus,GF,
12,2,22,1:49.652,0,,25.788,0,50.831,0,33.033,0,188.1,46:39.635,19:16:39.635,0:25.788,0:50.831,0:33.033,273.7,Frankie Montecalvo,,GTD,,Vasser Sullivan Racing,Lexus,GF,
12,2,23,1:49.212,0,,25.736,0,50.613,0,32.863,0,188.9,48:28.847,19:18:28.847,0:25.736,0:50.613,0:32.863,273.7,Frankie Montecalvo,,GTD,,Vasser Sullivan Racing,Lexus,GF,
12,2,24,1:49.586,0,,25.983,0,50.853,0,32.750,0,188.2,50:18.433,19:20:18.433,0:25.983,0:50.853,0:32.750,273.1,Frankie Montecalvo,,GTD,,Vasser Sullivan Racing,Lexus,GF,
12,2,25,1:48.969,0,,25.814,0,50.586,0,32.569,1,189.3,52:07.402,19:22:07.402,0:25.814,0:50.586,0:32.569,270.9,Frankie Montecalvo,,GTD,,Vasser Sullivan Racing,Lexus,GF,
12,2,26,2:28.858,0,B,25.715,0,50.560,1,1:12.583,0,138.6,54:36.260,19:24:36.260,0:25.715,0:50.560,1:12.583,,Frankie Montecalvo,,GTD,,Vasser Sullivan Racing,Lexus,GF,
12,2,27,2:16.893,0,,50.930,0,52.777,0,33.186,0,150.7,56:53.153,19:26:53.153,0:50.930,0:52.777,0:33.186,269.8,Frankie Montecalvo,0:01:12.003,GTD,,Vasser Sullivan Racing,Lexus,GF,
12,2,28,1:50.006,0,,26.338,0,51.008,0,32.660,0,187.5,58:43.159,19:28:43.159,0:26.338,0:51.008,0:32.660,273.1,Frankie Montecalvo,,GTD,,Vasser Sullivan Racing,Lexus,GF,
12,2,29,2:43.890,0,B,26.150,0,50.873,0,1:26.867,0,125.8,1:01:27.049,19:31:27.049,0:26.150,0:50.873,1:26.867,,Frankie Montecalvo,,GTD,,Vasser Sullivan Racing,Lexus,GF,
12,1,30,2:21.155,0,,51.585,0,55.332,0,34.238,0,146.1,1:03:48.204,19:33:48.204,0:51.585,0:55.332,0:34.238,268.7,Esteban Masson,0:01:26.754,GTD,,Vasser Sullivan Racing,Lexus,GF,
12,1,31,1:50.267,0,,25.786,0,51.230,0,33.251,0,187.0,1:05:38.471,19:35:38.471,0:25.786,0:51.230,0:33.251,272.0,Esteban Masson,,GTD,,Vasser Sullivan Racing,Lexus,GF,
12,1,32,1:49.105,0,,25.525,0,50.661,0,32.919,0,189.0,1:07:27.576,19:37:27.576,0:25.525,0:50.661,0:32.919,272.0,Esteban Masson,,GTD,,Vasser Sullivan Racing,Lexus,GF,
12,1,33,1:48.720,0,,25.430,0,50.501,0,32.789,0,189.7,1:09:16.296,19:39:16.296,0:25.430,0:50.501,0:32.789,271.4,Esteban Masson,,GTD,,Vasser Sullivan Racing,Lexus,GF,
12,1,34,1:49.660,0,,25.642,0,50.875,0,33.143,0,188.1,1:11:05.956,19:41:05.956,0:25.642,0:50.875,0:33.143,273.1,Esteban Masson,,GTD,,Vasser Sullivan Racing,Lexus,GF,
12,1,35,1:49.945,0,,26.223,0,50.877,0,32.845,0,187.6,1:12:55.901,19:42:55.901,0:26.223,0:50.877,0:32.845,273.7,Esteban Masson,,GTD,,Vasser Sullivan Racing,Lexus,GF,
12,1,36,1:48.723,0,,25.414,0,50.627,0,32.682,0,189.7,1:14:44.624,19:44:44.624,0:25.414,0:50.627,0:32.682,274.3,Esteban Masson,,GTD,,Vasser Sullivan Racing,Lexus,GF,
12,1,37,1:53.106,0,,26.304,0,53.672,0,33.130,0,182.4,1:16:37.730,19:46:37.730,0:26.304,0:53.672,0:33.130,272.6,Esteban Masson,,GTD,,Vasser Sullivan Racing,Lexus,GF,
12,1,38,1:48.620,0,,25.510,0,50.586,0,32.524,0,189.9,1:18:26.350,19:48:26.350,0:25.510,0:50.586,0:32.524,270.3,Esteban Masson,,GTD,,Vasser Sullivan Racing,Lexus,GF,
12,1,39,1:48.321,0,,25.444,0,50.365,2,32.512,0,190.4,1:20:14.671,19:50:14.671,0:25.444,0:50.365,0:32.512,276.0,Esteban Masson,,GTD,,Vasser Sullivan Racing,Lexus,GF,
12,1,40,1:56.735,0,,25.379,0,58.442,0,32.914,0,176.7,1:22:11.406,19:52:11.406,0:25.379,0:58.442,0:32.914,270.9,Esteban Masson,,GTD,,Vasser Sullivan Racing,Lexus,GF,
12,1,41,1:48.402,0,,25.428,0,50.392,0,32.582,0,190.3,1:23:59.808,19:53:59.808,0:25.428,0:50.392,0:32.582,271.4,Esteban Masson,,GTD,,Vasser Sullivan Racing,Lexus,GF,
12,1,42,1:48.300,2,,25.376,2,50.519,0,32.405,2,190.4,1:25:48.108,19:55:48.108,0:25.376,0:50.519,0:32.405,274.8,Esteban Masson,,GTD,,Vasser Sullivan Racing,Lexus,GF,
12,1,43,1:49.711,0,,25.442,0,51.314,0,32.955,0,188.0,1:27:37.819,19:57:37.819,0:25.442,0:51.314,0:32.955,272.0,Esteban Masson,,GTD,,Vasser Sullivan Racing,Lexus,GF,
12,1,44,6:10.967,0,B,26.096,0,51.418,0,4:53.453,0,55.6,1:33:48.786,20:03:48.786,0:26.096,0:51.418,4:53.453,,Esteban Masson,,GTD,,Vasser Sullivan Racing,Lexus,GF,
12,3,45,2:15.508,0,,49.469,0,52.517,0,33.522,0,152.2,1:36:04.294,20:06:04.294,0:49.469,0:52.517,0:33.522,270.9,Benjamin Pedersen,0:04:53.051,GTD,,Vasser Sullivan Racing,Lexus,GF,
12,3,46,1:49.981,0,,25.765,0,51.082,0,33.134,0,187.5,1:37:54.275,20:07:54.275,0:25.765,0:51.082,0:33.134,269.2,Benjamin Pedersen,,GTD,,Vasser Sullivan Racing,Lexus,GF,
12,3,47,1:52.127,0,,25.745,0,53.555,0,32.827,0,183.9,1:39:46.402,20:09:46.402,0:25.745,0:53.555,0:32.827,268.1,Benjamin Pedersen,,GTD,,Vasser Sullivan Racing,Lexus,GF,
12,3,48,1:49.341,0,,25.891,0,50.812,0,32.638,0,188.6,1:41:35.743,20:11:35.743,0:25.891,0:50.812,0:32.638,269.2,Benjamin Pedersen,,GTD,,Vasser Sullivan Racing,Lexus,GF,
12,3,49,1:49.071,0,,25.701,0,50.726,0,32.644,0,189.1,1:43:24.814,20:13:24.814,0:25.701,0:50.726,0:32.644,268.1,Benjamin Pedersen,,GTD,,Vasser Sullivan Racing,Lexus,GF,
12,3,50,1:48.861,0,,25.602,0,50.759,0,32.500,0,189.5,1:45:13.675,20:15:13.675,0:25.602,0:50.759,0:32.500,269.2,Benjamin Pedersen,,GTD,,Vasser Sullivan Racing,Lexus,GF,
12,3,51,1:49.532,0,,26.282,0,50.720,0,32.530,0,188.3,1:47:03.207,20:17:03.207,0:26.282,0:50.720,0:32.530,268.7,Benjamin Pedersen,,GTD,,Vasser Sullivan Racing,Lexus,GF,
12,3,52,1:49.409,0,,25.544,0,51.140,0,32.725,0,188.5,1:48:52.616,20:18:52.616,0:25.544,0:51.140,0:32.725,269.8,Benjamin Pedersen,,GTD,,Vasser Sullivan Racing,Lexus,GF,
12,3,53,1:49.057,0,,25.617,0,50.896,0,32.544,0,189.1,1:50:41.673,20:20:41.673,0:25.617,0:50.896,0:32.544,268.7,Benjamin Pedersen,,GTD,,Vasser Sullivan Racing,Lexus,GF,
12,3,54,1:48.875,0,,25.678,0,50.678,0,32.519,0,189.4,1:52:30.548,20:22:30.548,0:25.678,0:50.678,0:32.519,268.1,Benjamin Pedersen,,GTD,,Vasser Sullivan Racing,Lexus,GF,
12,3,55,1:48.700,0,,25.574,0,50.704,0,32.422,1,189.7,1:54:19.248,20:24:19.248,0:25.574,0:50.704,0:32.422,269.2,Benjamin Pedersen,,GTD,,Vasser Sullivan Racing,Lexus,GF,
12,3,56,1:48.953,0,,25.742,0,50.693,0,32.518,0,189.3,1:56:08.201,20:26:08.201,0:25.742,0:50.693,0:32.518,268.7,Benjamin Pedersen,,GTD,,Vasser Sullivan Racing,Lexus,GF,
120,3,1,2:40.685,0,,1:10.154,0,55.335,0,35.196,0,128.4,2:40.685,18:32:40.685,1:10.154,0:55.335,0:35.196,267.0,Elliott Skeer,0:00:50.190,GTD,,Wright Motorsports,Porsche,GF,
120,3,2,1:51.295,0,,27.670,0,50.901,0,32.724,0,185.3,4:31.980,18:34:31.980,0:27.670,0:50.901,0:32.724,272.0,Elliott Skeer,,GTD,,Wright Motorsports,Porsche,GF,
120,3,3,1:49.050,0,,25.872,0,50.661,0,32.517,0,189.1,6:21.030,18:36:21.030,0:25.872,0:50.661,0:32.517,271.4,Elliott Skeer,,GTD,,Wright Motorsports,Porsche,GF,
120,3,4,1:49.276,0,,25.902,0,50.783,0,32.591,0,188.7,8:10.306,18:38:10.306,0:25.902,0:50.783,0:32.591,269.8,Elliott Skeer,,GTD,,Wright Motorsports,Porsche,GF,
120,3,5,1:50.076,0,,25.480,0,51.576,0,33.020,0,187.4,10:00.382,18:40:00.382,0:25.480,0:51.576,0:33.020,270.3,Elliott Skeer,,GTD,,Wright Motorsports,Porsche,GF,
120,3,6,1:50.417,0,,25.624,0,50.854,0,33.939,0,186.8,11:50.799,18:41:50.799,0:25.624,0:50.854,0:33.939,276.0,Elliott Skeer,,GTD,,Wright Motorsports,Porsche,GF,
120,3,7,2:01.876,0,B,25.408,2,50.595,1,45.873,0,169.2,13:52.675,18:43:52.675,0:25.408,0:50.595,0:45.873,,Elliott Skeer,,GTD,,Wright Motorsports,Porsche,GF,
120,3,8,6:59.846,0,,5:35.680,0,51.227,0,32.939,0,49.1,20:52.521,18:50:52.521,5:35.680,0:51.227,0:32.939,270.3,Elliott Skeer,0:05:32.262,GTD,,Wright Motorsports,Porsche,GF,
120,3,9,1:49.418,0,,26.050,0,50.686,0,32.682,0,188.5,22:41.939,18:52:41.939,0:26.050,0:50.686,0:32.682,270.3,Elliott Skeer,,GTD,,Wright Motorsports,Porsche,GF,
120,3,10,1:49.456,0,,25.496,0,51.024,0,32.936,0,188.4,24:31.395,18:54:31.395,0:25.496,0:51.024,0:32.936,272.6,Elliott Skeer,,GTD,,Wright Motorsports,Porsche,GF,
120,3,11,1:48.545,2,,25.510,0,50.623,0,32.412,2,190.0,26:19.940,18:56:19.940,0:25.510,0:50.623,0:32.412,272.6,Elliott Skeer,,GTD,,Wright Motorsports,Porsche,GF,
120,3,12,2:02.184,0,B,25.846,0,51.214,0,45.124,0,168.8,28:22.124,18:58:22.124,0:25.846,0:51.214,0:45.124,,Elliott Skeer,,GTD,,Wright Motorsports,Porsche,GF,
120,2,13,3:34.593,0,,2:10.458,0,51.196,0,32.939,0,96.1,31:56.717,19:01:56.717,2:10.458,0:51.196,0:32.939,271.4,Tom Sargent,0:02:05.610,GTD,,Wright Motorsports,Porsche,GF,
120,2,14,1:49.225,0,,25.896,0,50.712,0,32.617,0,188.8,33:45.942,19:03:45.942,0:25.896,0:50.712,0:32.617,271.4,Tom Sargent,,GTD,,Wright Motorsports,Porsche,GF,
120,2,15,1:50.902,0,,25.685,0,50.830,0,34.387,0,186.0,35:36.844,19:05:36.844,0:25.685,0:50.830,0:34.387,272.0,Tom Sargent,,GTD,,Wright Motorsports,Porsche,GF,
120,2,16,1:49.116,0,,25.682,0,50.809,0,32.625,0,189.0,37:25.960,19:07:25.960,0:25.682,0:50.809,0:32.625,273.1,Tom Sargent,,GTD,,Wright Motorsports,Porsche,GF,
120,2,17,1:48.864,0,,25.632,0,50.644,1,32.588,0,189.5,39:14.824,19:09:14.824,0:25.632,0:50.644,0:32.588,274.8,Tom Sargent,,GTD,,Wright Motorsports,Porsche,GF,
120,2,18,2:02.413,0,B,25.985,0,50.814,0,45.614,0,168.5,41:17.237,19:11:17.237,0:25.985,0:50.814,0:45.614,,Tom Sargent,,GTD,,Wright Motorsports,Porsche,GF,
120,2,19,5:29.699,0,,4:04.799,0,52.089,0,32.811,0,62.6,46:46.936,19:16:46.936,4:04.799,0:52.089,0:32.811,272.6,Tom Sargent,0:04:01.743,GTD,,Wright Motorsports,Porsche,GF,
120,2,20,1:48.808,0,,25.587,1,50.721,0,32.500,1,189.6,48:35.744,19:18:35.744,0:25.587,0:50.721,0:32.500,272.0,Tom Sargent,,GTD,,Wright Motorsports,Porsche,GF,
120,2,21,1:49.084,0,,25.636,0,50.824,0,32.624,0,189.1,50:24.828,19:20:24.828,0:25.636,0:50.824,0:32.624,271.4,Tom Sargent,,GTD,,Wright Motorsports,Porsche,GF,
120,2,22,1:49.373,0,,25.726,0,50.898,0,32.749,0,188.6,52:14.201,19:22:14.201,0:25.726,0:50.898,0:32.749,272.0,Tom Sargent,,GTD,,Wright Motorsports,Porsche,GF,
120,2,23,2:01.951,0,B,25.680,0,50.804,0,45.467,0,169.1,54:16.152,19:24:16.152,0:25.680,0:50.804,0:45.467,,Tom Sargent,,GTD,,Wright Motorsports,Porsche,GF,
120,1,24,3:49.771,0,,2:22.574,0,53.881,0,33.316,0,89.8,58:05.923,19:28:05.923,2:22.574,0:53.881,0:33.316,271.4,Callum Ilott,0:02:17.954,GTD,,Wright Motorsports,Porsche,GF,
120,1,25,1:49.196,0,,25.910,0,50.721,0,32.565,0,188.9,59:55.119,19:29:55.119,0:25.910,0:50.721,0:32.565,272.0,Callum Ilott,,GTD,,Wright Motorsports,Porsche,GF,
120,1,26,1:48.661,0,,25.596,0,50.632,0,32.433,1,189.8,1:01:43.780,19:31:43.780,0:25.596,0:50.632,0:32.433,276.6,Callum Ilott,,GTD,,Wright Motorsports,Porsche,GF,
120,1,27,1:48.571,0,,25.532,0,50.557,2,32.482,0,190.0,1:03:32.351,19:33:32.351,0:25.532,0:50.557,0:32.482,273.7,Callum Ilott,,GTD,,Wright Motorsports,Porsche,GF,
120,1,28,1:48.711,0,,25.638,0,50.608,0,32.465,0,189.7,1:05:21.062,19:35:21.062,0:25.638,0:50.608,0:32.465,277.7,Callum Ilott,,GTD,,Wright Motorsports,Porsche,GF,
120,1,29,1:49.078,0,,25.682,0,50.773,0,32.623,0,189.1,1:07:10.140,19:37:10.140,0:25.682,0:50.773,0:32.623,272.6,Callum Ilott,,GTD,,Wright Motorsports,Porsche,GF,
120,1,30,2:02.039,0,B,26.072,0,50.986,0,44.981,0,169.0,1:09:12.179,19:39:12.179,0:26.072,0:50.986,0:44.981,,Callum Ilott,,GTD,,Wright Motorsports,Porsche,GF,
120,1,31,4:56.244,0,B,3:17.235,0,52.793,0,46.216,0,69.6,1:14:08.423,19:44:08.423,3:17.235,0:52.793,0:46.216,,Callum Ilott,0:03:13.508,GTD,,Wright Motorsports,Porsche,GF,
120,1,32,2:12.096,0,,47.757,0,51.472,0,32.867,0,156.1,1:16:20.519,19:46:20.519,0:47.757,0:51.472,0:32.867,269.8,Callum Ilott,0:00:45.084,GTD,,Wright Motorsports,Porsche,GF,
120,1,33,1:49.706,0,,25.667,0,51.257,0,32.782,0,188.0,1:18:10.225,19:48:10.225,0:25.667,0:51.257,0:32.782,269.2,Callum Ilott,,GTD,,Wright Motorsports,Porsche,GF,
120,1,34,1:49.343,0,,25.552,0,50.964,0,32.827,0,188.6,1:19:59.568,19:49:59.568,0:25.552,0:50.964,0:32.827,267.6,Callum Ilott,,GTD,,Wright Motorsports,Porsche,GF,
120,1,35,1:49.397,0,,25.417,1,51.280,0,32.700,0,188.5,1:21:48.965,19:51:48.965,0:25.417,0:51.280,0:32.700,269.2,Callum Ilott,,GTD,,Wright Motorsports,Porsche,GF,
120,1,36,1:49.305,0,,25.674,0,50.878,0,32.753,0,188.7,1:23:38.270,19:53:38.270,0:25.674,0:50.878,0:32.753,268.7,Callum Ilott,,GTD,,Wright Motorsports,Porsche,GF,
120,1,37,1:49.378,0,,25.555,0,50.972,0,32.851,0,188.6,1:25:27.648,19:55:27.648,0:25.555,0:50.972,0:32.851,268.1,Callum Ilott,,GTD,,Wright Motorsports,Porsche,GF,
120,1,38,2:02.122,0,B,25.595,0,50.994,0,45.533,0,168.9,1:27:29.770,19:57:29.770,0:25.595,0:50.994,0:45.533,,Callum Ilott,,GTD,,Wright Motorsports,Porsche,GF,
120,4,39,3:02.014,0,,1:37.035,0,51.541,0,33.438,0,113.3,1:30:31.784,20:00:31.784,1:37.035,0:51.541,0:33.438,269.8,Adam Adelson,0:01:33.728,GTD,,Wright Motorsports,Porsche,GF,
120,4,40,1:50.218,0,,25.956,0,51.249,0,33.013,0,187.1,1:32:22.002,20:02:22.002,0:25.956,0:51.249,0:33.013,270.3,Adam Adelson,,GTD,,Wright Motorsports,Porsche,GF,
120,4,41,1:49.729,0,,25.774,0,51.115,0,32.840,0,188.0,1:34:11.731,20:04:11.731,0:25.774,0:51.115,0:32.840,270.9,Adam Adelson,,GTD,,Wright Motorsports,Porsche,GF,
120,4,42,1:50.485,0,,26.294,0,51.215,0,32.976,0,186.7,1:36:02.216,20:06:02.216,0:26.294,0:51.215,0:32.976,269.8,Adam Adelson,,GTD,,Wright Motorsports,Porsche,GF,
120,4,43,1:50.773,0,,26.263,0,51.628,0,32.882,0,186.2,1:37:52.989,20:07:52.989,0:26.263,0:51.628,0:32.882,269.8,Adam Adelson,,GTD,,Wright Motorsports,Porsche,GF,
120,4,44,1:50.031,0,,25.871,0,51.236,0,32.924,0,187.5,1:39:43.020,20:09:43.020,0:25.871,0:51.236,0:32.924,270.3,Adam Adelson,,GTD,,Wright Motorsports,Porsche,GF,
120,4,45,2:02.920,0,B,25.644,1,51.859,0,45.417,0,167.8,1:41:45.940,20:11:45.940,0:25.644,0:51.859,0:45.417,,Adam Adelson,,GTD,,Wright Motorsports,Porsche,GF,
120,4,46,4:11.092,0,,2:46.965,0,51.320,0,32.807,0,82.1,1:45:57.032,20:15:57.032,2:46.965,0:51.320,0:32.807,271.4,Adam Adelson,0:02:44.027,GTD,,Wright Motorsports,Porsche,GF,
120,4,47,1:49.504,0,,25.830,0,50.940,0,32.734,0,188.4,1:47:46.536,20:17:46.536,0:25.830,0:50.940,0:32.734,271.4,Adam Adelson,,GTD,,Wright Motorsports,Porsche,GF,
120,4,48,1:49.544,0,,25.656,0,51.140,0,32.748,0,188.3,1:49:36.080,20:19:36.080,0:25.656,0:51.140,0:32.748,272.0,Adam Adelson,,GTD,,Wright Motorsports,Porsche,GF,
120,4,49,1:49.404,0,,25.953,0,50.817,1,32.634,1,188.5,1:51:25.484,20:21:25.484,0:25.953,0:50.817,0:32.634,270.9,Adam Adelson,,GTD,,Wright Motorsports,Porsche,GF,
120,4,50,2:03.925,0,B,26.859,0,51.900,0,45.166,0,166.4,1:53:29.409,20:23:29.409,0:26.859,0:51.900,0:45.166,,Adam Adelson,,GTD,,Wright Motorsports,Porsche,GF,
120,4,51,3:26.654,0,,2:02.180,0,51.654,0,32.820,0,99.8,1:56:56.063,20:26:56.063,2:02.180,0:51.654,0:32.820,273.7,Adam Adelson,0:01:58.896,GTD,,Wright Motorsports,Porsche,GF,
120,4,52,1:49.833,0,,25.885,0,51.091,0,32.857,0,187.8,1:58:45.896,20:28:45.896,0:25.885,0:51.091,0:32.857,273.1,Adam Adelson,,GTD,,Wright Motorsports,Porsche,GF,
120,4,53,1:49.509,0,,25.654,0,51.038,0,32.817,0,188.3,2:00:35.405,20:30:35.405,0:25.654,0:51.038,0:32.817,273.1,Adam Adelson,,GTD,,Wright Motorsports,Porsche,FF,
123,4,1,5:56.131,0,,4:13.508,0,1:04.752,0,37.871,0,57.9,5:56.131,18:35:56.131,4:13.508,1:04.752,0:37.871,237.6,Dave Musial,0:03:48.313,GTD,,"Muehlner Motorsports America, LLC",Porsche,GF,
123,4,2,2:04.534,0,,30.044,0,58.246,0,36.244,0,165.6,8:00.665,18:38:00.665,0:30.044,0:58.246,0:36.244,229.8,Dave Musial,,GTD,,"Muehlner Motorsports America, LLC",Porsche,GF,
123,4,3,1:55.234,0,,27.959,0,53.395,0,33.880,0,179.0,9:55.899,18:39:55.899,0:27.959,0:53.395,0:33.880,269.8,Dave Musial,,GTD,,"Muehlner Motorsports America, LLC",Porsche,GF,
123,4,4,1:55.129,0,,27.210,0,53.458,0,34.461,0,179.2,11:51.028,18:41:51.028,0:27.210,0:53.458,0:34.461,268.7,Dave Musial,,GTD,,"Muehlner Motorsports America, LLC",Porsche,GF,
123,4,5,1:52.474,0,,26.370,1,52.311,0,33.793,0,183.4,13:43.502,18:43:43.502,0:26.370,0:52.311,0:33.793,268.7,Dave Musial,,GTD,,"Muehlner Motorsports America, LLC",Porsche,GF,
123,4,6,1:53.615,0,,27.662,0,52.216,1,33.737,1,181.5,15:37.117,18:45:37.117,0:27.662,0:52.216,0:33.737,268.7,Dave Musial,,GTD,,"Muehlner Motorsports America, LLC",Porsche,GF,
123,4,7,1:53.817,0,,26.900,0,53.072,0,33.845,0,181.2,17:30.934,18:47:30.934,0:26.900,0:53.072,0:33.845,268.1,Dave Musial,,GTD,,"Muehlner Motorsports America, LLC",Porsche,GF,
123,4,8,2:08.230,0,B,27.207,0,53.180,0,47.843,0,160.8,19:39.164,18:49:39.164,0:27.207,0:53.180,0:47.843,,Dave Musial,,GTD,,"Muehlner Motorsports America, LLC",Porsche,GF,
123,2,9,7:16.014,0,,5:43.165,0,57.934,0,34.915,0,47.3,26:55.178,18:56:55.178,5:43.165,0:57.934,0:34.915,266.0,Peter Ludwig,0:05:37.282,GTD,,"Muehlner Motorsports America, LLC",Porsche,GF,
123,2,10,1:53.941,0,,26.980,0,53.284,0,33.677,0,181.0,28:49.119,18:58:49.119,0:26.980,0:53.284,0:33.677,267.6,Peter Ludwig,,GTD,,"Muehlner Motorsports America, LLC",Porsche,GF,
123,2,11,1:51.382,0,,26.240,0,51.853,0,33.289,0,185.2,30:40.501,19:00:40.501,0:26.240,0:51.853,0:33.289,267.0,Peter Ludwig,,GTD,,"Muehlner Motorsports America, LLC",Porsche,GF,
123,2,12,1:51.669,0,,26.450,0,52.083,0,33.136,0,184.7,32:32.170,19:02:32.170,0:26.450,0:52.083,0:33.136,268.1,Peter Ludwig,,GTD,,"Muehlner Motorsports America, LLC",Porsche,GF,
123,2,13,1:51.546,0,,26.246,0,52.111,0,33.189,0,184.9,34:23.716,19:04:23.716,0:26.246,0:52.111,0:33.189,271.4,Peter Ludwig,,GTD,,"Muehlner Motorsports America, LLC",Porsche,GF,
123,2,14,1:52.683,0,,26.739,0,52.503,0,33.441,0,183.0,36:16.399,19:06:16.399,0:26.739,0:52.503,0:33.441,272.6,Peter Ludwig,,GTD,,"Muehlner Motorsports America, LLC",Porsche,GF,
123,2,15,1:52.447,0,,26.585,0,52.588,0,33.274,0,183.4,38:08.846,19:08:08.846,0:26.585,0:52.588,0:33.274,270.9,Peter Ludwig,,GTD,,"Muehlner Motorsports America, LLC",Porsche,GF,
123,2,16,1:51.488,0,,26.405,0,51.908,0,33.175,0,185.0,40:00.334,19:10:00.334,0:26.405,0:51.908,0:33.175,270.3,Peter Ludwig,,GTD,,"Muehlner Motorsports America, LLC",Porsche,GF,
123,2,17,1:51.044,0,,26.298,0,51.664,0,33.082,1,185.7,41:51.378,19:11:51.378,0:26.298,0:51.664,0:33.082,269.8,Peter Ludwig,,GTD,,"Muehlner Motorsports America, LLC",Porsche,GF,
123,2,18,1:50.470,0,,25.858,1,51.281,1,33.331,0,186.7,43:41.848,19:13:41.848,0:25.858,0:51.281,0:33.331,274.3,Peter Ludwig,,GTD,,"Muehlner Motorsports America, LLC",Porsche,GF,
123,2,19,2:05.294,0,B,26.129,0,51.568,0,47.597,0,164.6,45:47.142,19:15:47.142,0:26.129,0:51.568,0:47.597,,Peter Ludwig,,GTD,,"Muehlner Motorsports America, LLC",Porsche,GF,
123,1,20,4:48.470,0,,3:23.713,0,51.654,0,33.103,0,71.5,50:35.612,19:20:35.612,3:23.713,0:51.654,0:33.103,269.2,Ryan Yardley,0:03:20.659,GTD,,"Muehlner Motorsports America, LLC",Porsche,GF,
123,1,21,1:50.171,0,,25.942,0,51.088,0,33.141,0,187.2,52:25.783,19:22:25.783,0:25.942,0:51.088,0:33.141,268.7,Ryan Yardley,,GTD,,"Muehlner Motorsports America, LLC",Porsche,GF,
123,1,22,1:50.066,0,,25.851,0,51.258,0,32.957,0,187.4,54:15.849,19:24:15.849,0:25.851,0:51.258,0:32.957,269.8,Ryan Yardley,,GTD,,"Muehlner Motorsports America, LLC",Porsche,GF,
123,1,23,1:49.539,0,,25.825,0,51.044,0,32.670,0,188.3,56:05.388,19:26:05.388,0:25.825,0:51.044,0:32.670,269.8,Ryan Yardley,,GTD,,"Muehlner Motorsports America, LLC",Porsche,GF,
123,1,24,1:49.720,0,,26.228,0,50.967,0,32.525,0,188.0,57:55.108,19:27:55.108,0:26.228,0:50.967,0:32.525,271.4,Ryan Yardley,,GTD,,"Muehlner Motorsports America, LLC",Porsche,GF,
123,1,25,1:49.085,0,,25.738,0,50.807,0,32.540,0,189.1,59:44.193,19:29:44.193,0:25.738,0:50.807,0:32.540,272.6,Ryan Yardley,,GTD,,"Muehlner Motorsports America, LLC",Porsche,GF,
123,1,26,1:51.028,0,,26.008,0,51.720,0,33.300,0,185.8,1:01:35.221,19:31:35.221,0:26.008,0:51.720,0:33.300,271.4,Ryan Yardley,,GTD,,"Muehlner Motorsports America, LLC",Porsche,GF,
123,1,27,1:49.170,0,,25.801,0,50.824,0,32.545,0,188.9,1:03:24.391,19:33:24.391,0:25.801,0:50.824,0:32.545,274.8,Ryan Yardley,,GTD,,"Muehlner Motorsports America, LLC",Porsche,GF,
123,1,28,1:49.760,0,,25.795,0,51.425,0,32.540,0,187.9,1:05:14.151,19:35:14.151,0:25.795,0:51.425,0:32.540,273.1,Ryan Yardley,,GTD,,"Muehlner Motorsports America, LLC",Porsche,GF,
123,1,29,2:03.953,0,B,25.872,0,51.532,0,46.549,0,166.4,1:07:18.104,19:37:18.104,0:25.872,0:51.532,0:46.549,,Ryan Yardley,,GTD,,"Muehlner Motorsports America, LLC",Porsche,GF,
123,1,30,3:42.889,0,,2:13.976,0,55.141,0,33.772,0,92.5,1:11:00.993,19:41:00.993,2:13.976,0:55.141,0:33.772,267.0,Ryan Yardley,0:02:08.437,GTD,,"Muehlner Motorsports America, LLC",Porsche,GF,
123,1,31,1:50.210,0,,26.371,0,50.932,0,32.907,0,187.1,1:12:51.203,19:42:51.203,0:26.371,0:50.932,0:32.907,270.3,Ryan Yardley,,GTD,,"Muehlner Motorsports America, LLC",Porsche,GF,
123,1,32,1:48.854,0,,25.335,2,50.503,2,33.016,0,189.5,1:14:40.057,19:44:40.057,0:25.335,0:50.503,0:33.016,271.4,Ryan Yardley,,GTD,,"Muehlner Motorsports America, LLC",Porsche,GF,
123,1,33,1:49.870,0,,25.924,0,50.959,0,32.987,0,187.7,1:16:29.927,19:46:29.927,0:25.924,0:50.959,0:32.987,268.1,Ryan Yardley,,GTD,,"Muehlner Motorsports America, LLC",Porsche,GF,
123,1,34,1:48.814,0,,25.487,0,50.677,0,32.650,0,189.5,1:18:18.741,19:48:18.741,0:25.487,0:50.677,0:32.650,270.3,Ryan Yardley,,GTD,,"Muehlner Motorsports America, LLC",Porsche,GF,
123,1,35,1:49.518,0,,25.419,0,51.336,0,32.763,0,188.3,1:20:08.259,19:50:08.259,0:25.419,0:51.336,0:32.763,269.2,Ryan Yardley,,GTD,,"Muehlner Motorsports America, LLC",Porsche,GF,
123,1,36,2:01.828,0,B,25.590,0,50.843,0,45.395,0,169.3,1:22:10.087,19:52:10.087,0:25.590,0:50.843,0:45.395,,Ryan Yardley,,GTD,,"Muehlner Motorsports America, LLC",Porsche,GF,
123,3,37,5:05.875,0,,3:37.476,0,54.671,0,33.728,0,67.4,1:27:15.962,19:57:15.962,3:37.476,0:54.671,0:33.728,268.1,Dave Musial Jr.,0:03:30.609,GTD,,"Muehlner Motorsports America, LLC",Porsche,GF,
123,3,38,1:53.368,0,,26.847,0,52.909,0,33.612,0,181.9,1:29:09.330,19:59:09.330,0:26.847,0:52.909,0:33.612,268.1,Dave Musial Jr.,,GTD,,"Muehlner Motorsports America, LLC",Porsche,GF,
123,3,39,1:54.463,0,,28.525,0,52.719,0,33.219,1,180.2,1:31:03.793,20:01:03.793,0:28.525,0:52.719,0:33.219,269.2,Dave Musial Jr.,,GTD,,"Muehlner Motorsports America, LLC",Porsche,GF,
123,3,40,1:51.353,0,,26.191,1,51.931,0,33.231,0,185.2,1:32:55.146,20:02:55.146,0:26.191,0:51.931,0:33.231,268.1,Dave Musial Jr.,,GTD,,"Muehlner Motorsports America, LLC",Porsche,GF,
123,3,41,1:51.805,0,,26.385,0,51.958,0,33.462,0,184.5,1:34:46.951,20:04:46.951,0:26.385,0:51.958,0:33.462,267.6,Dave Musial Jr.,,GTD,,"Muehlner Motorsports America, LLC",Porsche,GF,
123,3,42,1:51.452,0,,26.430,0,51.788,0,33.234,0,185.1,1:36:38.403,20:06:38.403,0:26.430,0:51.788,0:33.234,268.7,Dave Musial Jr.,,GTD,,"Muehlner Motorsports America, LLC",Porsche,GF,
123,3,43,1:54.041,0,,26.851,0,53.528,0,33.662,0,180.9,1:38:32.444,20:08:32.444,0:26.851,0:53.528,0:33.662,268.7,Dave Musial Jr.,,GTD,,"Muehlner Motorsports America, LLC",Porsche,GF,
123,3,44,1:51.895,0,,26.801,0,51.729,1,33.365,0,184.3,1:40:24.339,20:10:24.339,0:26.801,0:51.729,0:33.365,269.2,Dave Musial Jr.,,GTD,,"Muehlner Motorsports America, LLC",Porsche,GF,
123,3,45,2:08.406,0,B,26.918,0,52.802,0,48.686,0,160.6,1:42:32.745,20:12:32.745,0:26.918,0:52.802,0:48.686,,Dave Musial Jr.,,GTD,,"Muehlner Motorsports America, LLC",Porsche,GF,
123,1,46,4:34.188,0,,3:09.526,0,51.523,0,33.139,0,75.2,1:47:06.933,20:17:06.933,3:09.526,0:51.523,0:33.139,268.1,Ryan Yardley,0:03:07.649,GTD,,"Muehlner Motorsports America, LLC",Porsche,GF,
123,1,47,1:49.893,0,,25.753,0,51.139,0,33.001,0,187.7,1:48:56.826,20:18:56.826,0:25.753,0:51.139,0:33.001,269.2,Ryan Yardley,,GTD,,"Muehlner Motorsports America, LLC",Porsche,GF,
123,1,48,1:49.265,0,,25.673,0,50.883,0,32.709,0,188.8,1:50:46.091,20:20:46.091,0:25.673,0:50.883,0:32.709,268.7,Ryan Yardley,,GTD,,"Muehlner Motorsports America, LLC",Porsche,GF,
123,1,49,1:48.789,0,,25.407,0,50.841,0,32.541,0,189.6,1:52:34.880,20:22:34.880,0:25.407,0:50.841,0:32.541,269.2,Ryan Yardley,,GTD,,"Muehlner Motorsports America, LLC",Porsche,GF,
123,1,50,1:48.694,2,,25.432,0,50.859,0,32.403,2,189.8,1:54:23.574,20:24:23.574,0:25.432,0:50.859,0:32.403,269.2,Ryan Yardley,,GTD,,"Muehlner Motorsports America, LLC",Porsche,GF,
123,1,51,1:48.745,0,,25.492,0,50.707,0,32.546,0,189.7,1:56:12.319,20:26:12.319,0:25.492,0:50.707,0:32.546,269.8,Ryan Yardley,,GTD,,"Muehlner Motorsports America, LLC",Porsche,GF,
123,1,52,2:01.424,0,B,25.476,0,50.769,0,45.179,0,169.9,1:58:13.743,20:28:13.743,0:25.476,0:50.769,0:45.179,,Ryan Yardley,,GTD,,"Muehlner Motorsports America, LLC",Porsche,GF,
13,2,1,2:28.086,0,,57.122,0,56.470,0,34.494,0,139.3,2:28.086,18:32:28.086,0:57.122,0:56.470,0:34.494,272.6,Lars Kern,0:00:36.520,GTD,,13 Autosport,Chevrolet,GF,
13,2,2,1:50.409,0,,26.042,0,51.215,0,33.152,0,186.8,4:18.495,18:34:18.495,0:26.042,0:51.215,0:33.152,274.3,Lars Kern,,GTD,,13 Autosport,Chevrolet,GF,
13,2,3,1:49.209,0,,25.674,0,50.930,0,32.605,0,188.9,6:07.704,18:36:07.704,0:25.674,0:50.930,0:32.605,279.5,Lars Kern,,GTD,,13 Autosport,Chevrolet,GF,
13,2,4,1:48.811,0,,25.626,0,50.530,1,32.655,0,189.6,7:56.515,18:37:56.515,0:25.626,0:50.530,0:32.655,274.3,Lars Kern,,GTD,,13 Autosport,Chevrolet,GF,
13,2,5,1:48.556,0,,25.433,2,50.685,0,32.438,1,190.0,9:45.071,18:39:45.071,0:25.433,0:50.685,0:32.438,275.4,Lars Kern,,GTD,,13 Autosport,Chevrolet,GF,
13,2,6,1:49.054,0,,25.589,0,50.775,0,32.690,0,189.1,11:34.125,18:41:34.125,0:25.589,0:50.775,0:32.690,272.0,Lars Kern,,GTD,,13 Autosport,Chevrolet,GF,
13,2,7,1:49.006,0,,25.548,0,50.774,0,32.684,0,189.2,13:23.131,18:43:23.131,0:25.548,0:50.774,0:32.684,273.1,Lars Kern,,GTD,,13 Autosport,Chevrolet,GF,
13,2,8,2:02.008,0,B,25.879,0,50.777,0,45.352,0,169.0,15:25.139,18:45:25.139,0:25.879,0:50.777,0:45.352,,Lars Kern,,GTD,,13 Autosport,Chevrolet,GF,
13,1,9,3:36.366,0,,2:13.157,0,50.619,0,32.590,0,95.3,19:01.505,18:49:01.505,2:13.157,0:50.619,0:32.590,273.1,Ben Green,0:02:10.672,GTD,,13 Autosport,Chevrolet,GF,
13,1,10,1:48.734,0,,25.644,0,50.483,2,32.607,0,189.7,20:50.239,18:50:50.239,0:25.644,0:50.483,0:32.607,272.6,Ben Green,,GTD,,13 Autosport,Chevrolet,GF,
13,1,11,1:48.536,0,,25.609,0,50.588,0,32.339,0,190.0,22:38.775,18:52:38.775,0:25.609,0:50.588,0:32.339,272.0,Ben Green,,GTD,,13 Autosport,Chevrolet,GF,
13,1,12,1:48.436,2,,25.632,0,50.583,0,32.221,2,190.2,24:27.211,18:54:27.211,0:25.632,0:50.583,0:32.221,273.7,Ben Green,,GTD,,13 Autosport,Chevrolet,GF,
13,1,13,1:50.783,0,,26.085,0,52.268,0,32.430,0,186.2,26:17.994,18:56:17.994,0:26.085,0:52.268,0:32.430,272.6,Ben Green,,GTD,,13 Autosport,Chevrolet,GF,
13,1,14,1:56.246,0,,25.751,0,57.432,0,33.063,0,177.4,28:14.240,18:58:14.240,0:25.751,0:57.432,0:33.063,272.0,Ben Green,,GTD,,13 Autosport,Chevrolet,GF,
13,1,15,1:50.641,0,,25.621,0,50.931,0,34.089,0,186.4,30:04.881,19:00:04.881,0:25.621,0:50.931,0:34.089,264.4,Ben Green,,GTD,,13 Autosport,Chevrolet,GF,
13,1,16,2:01.728,0,B,25.528,1,50.566,0,45.634,0,169.4,32:06.609,19:02:06.609,0:25.528,0:50.566,0:45.634,,Ben Green,,GTD,,13 Autosport,Chevrolet,GF,
13,3,17,5:25.797,0,,3:57.631,0,53.889,0,34.277,0,63.3,37:32.406,19:07:32.406,3:57.631,0:53.889,0:34.277,269.2,Matthew Bell,0:03:52.402,GTD,,13 Autosport,Chevrolet,GF,
13,3,18,2:03.501,0,B,25.822,0,51.942,0,45.737,0,167.0,39:35.907,19:09:35.907,0:25.822,0:51.942,0:45.737,,Matthew Bell,,GTD,,13 Autosport,Chevrolet,GF,
13,4,19,4:02.944,0,,2:33.540,0,53.593,0,35.811,0,84.9,43:38.851,19:13:38.851,2:33.540,0:53.593,0:35.811,235.1,Orey Fidani,0:02:28.118,GTD,,13 Autosport,Chevrolet,GF,
13,4,20,1:50.332,0,,26.252,0,51.135,0,32.945,0,186.9,45:29.183,19:15:29.183,0:26.252,0:51.135,0:32.945,272.0,Orey Fidani,,GTD,,13 Autosport,Chevrolet,GF,
13,4,21,1:49.651,0,,25.888,0,50.954,1,32.809,0,188.1,47:18.834,19:17:18.834,0:25.888,0:50.954,0:32.809,274.3,Orey Fidani,,GTD,,13 Autosport,Chevrolet,GF,
13,4,22,1:49.801,0,,25.838,1,50.976,0,32.987,0,187.8,49:08.635,19:19:08.635,0:25.838,0:50.976,0:32.987,271.4,Orey Fidani,,GTD,,13 Autosport,Chevrolet,GF,
13,4,23,1:50.435,0,,25.955,0,51.061,0,33.419,0,186.8,50:59.070,19:20:59.070,0:25.955,0:51.061,0:33.419,273.7,Orey Fidani,,GTD,,13 Autosport,Chevrolet,GF,
13,4,24,1:50.761,0,,26.885,0,51.206,0,32.670,1,186.2,52:49.831,19:22:49.831,0:26.885,0:51.206,0:32.670,276.6,Orey Fidani,,GTD,,13 Autosport,Chevrolet,GF,
13,4,25,1:50.665,0,,26.033,0,51.382,0,33.250,0,186.4,54:40.496,19:24:40.496,0:26.033,0:51.382,0:33.250,272.6,Orey Fidani,,GTD,,13 Autosport,Chevrolet,GF,
13,4,26,2:03.424,0,B,26.169,0,51.165,0,46.090,0,167.1,56:43.920,19:26:43.920,0:26.169,0:51.165,0:46.090,,Orey Fidani,,GTD,,13 Autosport,Chevrolet,GF,
13,3,27,3:44.313,0,,2:20.401,0,51.181,0,32.731,0,91.9,1:00:28.233,19:30:28.233,2:20.401,0:51.181,0:32.731,276.6,Matthew Bell,0:02:17.404,GTD,,13 Autosport,Chevrolet,GF,
13,3,28,1:50.600,0,,25.799,0,52.271,0,32.530,0,186.5,1:02:18.833,19:32:18.833,0:25.799,0:52.271,0:32.530,276.0,Matthew Bell,,GTD,,13 Autosport,Chevrolet,GF,
13,3,29,1:48.983,0,,25.630,0,50.931,1,32.422,1,189.3,1:04:07.816,19:34:07.816,0:25.630,0:50.931,0:32.422,273.1,Matthew Bell,,GTD,,13 Autosport,Chevrolet,GF,
13,3,30,1:49.202,0,,25.801,0,50.957,0,32.444,0,188.9,1:05:57.018,19:35:57.018,0:25.801,0:50.957,0:32.444,270.9,Matthew Bell,,GTD,,13 Autosport,Chevrolet,GF,
13,3,31,1:49.346,0,,25.593,0,51.218,0,32.535,0,188.6,1:07:46.364,19:37:46.364,0:25.593,0:51.218,0:32.535,270.9,Matthew Bell,,GTD,,13 Autosport,Chevrolet,GF,
13,3,32,1:48.986,0,,25.534,1,51.006,0,32.446,0,189.2,1:09:35.350,19:39:35.350,0:25.534,0:51.006,0:32.446,270.3,Matthew Bell,,GTD,,13 Autosport,Chevrolet,GF,
13,3,33,2:07.147,0,B,26.764,0,52.507,0,47.876,0,162.2,1:11:42.497,19:41:42.497,0:26.764,0:52.507,0:47.876,,Matthew Bell,,GTD,,13 Autosport,Chevrolet,GF,
13,3,34,7:49.675,0,B,6:11.907,0,51.437,0,46.331,0,43.9,1:19:32.172,19:49:32.172,6:11.907,0:51.437,0:46.331,,Matthew Bell,0:06:09.062,GTD,,13 Autosport,Chevrolet,GF,
13,3,35,4:19.199,0,,2:54.916,0,51.016,0,33.267,0,79.6,1:23:51.371,19:53:51.371,2:54.916,0:51.016,0:33.267,270.3,Matthew Bell,0:02:52.306,GTD,,13 Autosport,Chevrolet,GF,
13,3,36,1:52.050,0,,25.948,0,52.161,0,33.941,0,184.1,1:25:43.421,19:55:43.421,0:25.948,0:52.161,0:33.941,274.8,Matthew Bell,,GTD,,13 Autosport,Chevrolet,GF,
13,3,37,1:54.200,0,,26.512,0,53.419,0,34.269,0,180.6,1:27:37.621,19:57:37.621,0:26.512,0:53.419,0:34.269,260.7,Matthew Bell,,GTD,,13 Autosport,Chevrolet,GF,
13,3,38,1:51.766,0,,26.827,0,51.889,0,33.050,0,184.5,1:29:29.387,19:59:29.387,0:26.827,0:51.889,0:33.050,271.4,Matthew Bell,,GTD,,13 Autosport,Chevrolet,GF,
13,3,39,2:03.441,0,B,26.234,0,51.615,0,45.592,0,167.1,1:31:32.828,20:01:32.828,0:26.234,0:51.615,0:45.592,,Matthew Bell,,GTD,,13 Autosport,Chevrolet,GF,
14,1,1,2:57.954,0,,1:30.467,0,54.115,0,33.372,1,115.9,2:57.954,18:32:57.954,1:30.467,0:54.115,0:33.372,272.6,Jack Hawksworth,0:01:10.908,GTDPRO,,Vasser Sullivan Racing,Lexus,GF,
14,1,2,2:27.209,0,B,26.420,0,51.097,0,1:09.692,0,140.1,5:25.163,18:35:25.163,0:26.420,0:51.097,1:09.692,,Jack Hawksworth,,GTDPRO,,Vasser Sullivan Racing,Lexus,GF,
14,3,3,2:19.441,0,,51.685,0,54.282,0,33.474,0,147.9,7:44.604,18:37:44.604,0:51.685,0:54.282,0:33.474,267.0,Kyle Kirkwood,0:01:09.934,GTDPRO,,Vasser Sullivan Racing,Lexus,GF,
14,3,4,1:50.577,0,,26.378,0,51.332,0,32.867,0,186.5,9:35.181,18:39:35.181,0:26.378,0:51.332,0:32.867,269.8,Kyle Kirkwood,,GTDPRO,,Vasser Sullivan Racing,Lexus,GF,
14,3,5,1:49.842,0,,26.247,1,50.912,1,32.683,2,187.8,11:25.023,18:41:25.023,0:26.247,0:50.912,0:32.683,269.8,Kyle Kirkwood,,GTDPRO,,Vasser Sullivan Racing,Lexus,GF,
14,3,6,4:47.933,0,B,26.979,0,58.423,0,3:22.531,0,71.6,16:12.956,18:46:12.956,0:26.979,0:58.423,3:22.531,,Kyle Kirkwood,,GTDPRO,,Vasser Sullivan Racing,Lexus,GF,
14,2,7,2:19.892,0,,51.266,0,54.092,0,34.534,0,147.4,18:32.848,18:48:32.848,0:51.266,0:54.092,0:34.534,271.4,Ben Barnicoat,0:03:07.714,GTDPRO,,Vasser Sullivan Racing,Lexus,GF,
14,2,8,1:50.007,0,,25.984,0,51.023,0,33.000,0,187.5,20:22.855,18:50:22.855,0:25.984,0:51.023,0:33.000,268.1,Ben Barnicoat,,GTDPRO,,Vasser Sullivan Racing,Lexus,GF,
14,2,9,1:49.339,0,,25.822,0,50.689,0,32.828,0,188.6,22:12.194,18:52:12.194,0:25.822,0:50.689,0:32.828,270.3,Ben Barnicoat,,GTDPRO,,Vasser Sullivan Racing,Lexus,GF,
14,2,10,1:49.162,2,,25.680,0,50.665,2,32.817,1,188.9,24:01.356,18:54:01.356,0:25.680,0:50.665,0:32.817,270.9,Ben Barnicoat,,GTDPRO,,Vasser Sullivan Racing,Lexus,GF,
14,2,11,1:49.993,0,,25.757,0,51.261,0,32.975,0,187.5,25:51.349,18:55:51.349,0:25.757,0:51.261,0:32.975,272.0,Ben Barnicoat,,GTDPRO,,Vasser Sullivan Racing,Lexus,GF,
14,2,12,2:21.121,0,B,25.583,2,51.502,0,1:04.036,0,146.2,28:12.470,18:58:12.470,0:25.583,0:51.502,1:04.036,,Ben Barnicoat,,GTDPRO,,Vasser Sullivan Racing,Lexus,GF,
14,1,13,2:21.129,0,,49.301,0,56.607,0,35.221,0,146.1,30:33.599,19:00:33.599,0:49.301,0:56.607,0:35.221,269.2,Jack Hawksworth,0:01:02.603,GTDPRO,,Vasser Sullivan Racing,Lexus,GF,
14,1,14,6:36.387,0,B,25.938,1,50.839,1,5:19.610,0,52.0,37:09.986,19:07:09.986,0:25.938,0:50.839,5:19.610,,Jack Hawksworth,,GTDPRO,,Vasser Sullivan Racing,Lexus,GF,
16,2,1,2:18.662,0,,48.231,0,56.564,0,33.867,0,148.7,2:18.662,18:32:18.662,0:48.231,0:56.564,0:33.867,272.6,Jenson Altzman,0:00:29.539,GTD,,Myers Riley Motorsports,Ford,GF,
16,2,2,1:51.521,0,,26.320,0,52.544,0,32.657,0,184.9,4:10.183,18:34:10.183,0:26.320,0:52.544,0:32.657,274.3,Jenson Altzman,,GTD,,Myers Riley Motorsports,Ford,GF,
16,2,3,1:50.710,0,,26.225,0,51.221,0,33.264,0,186.3,6:00.893,18:36:00.893,0:26.225,0:51.221,0:33.264,276.0,Jenson Altzman,,GTD,,Myers Riley Motorsports,Ford,GF,
16,2,4,1:50.263,0,,26.285,0,51.478,0,32.500,0,187.1,7:51.156,18:37:51.156,0:26.285,0:51.478,0:32.500,277.7,Jenson Altzman,,GTD,,Myers Riley Motorsports,Ford,GF,
16,2,5,1:49.277,0,,25.751,0,50.502,0,33.024,0,188.7,9:40.433,18:39:40.433,0:25.751,0:50.502,0:33.024,278.9,Jenson Altzman,,GTD,,Myers Riley Motorsports,Ford,GF,
16,2,6,1:48.609,0,,25.784,0,50.563,0,32.262,0,189.9,11:29.042,18:41:29.042,0:25.784,0:50.563,0:32.262,277.7,Jenson Altzman,,GTD,,Myers Riley Motorsports,Ford,GF,
16,2,7,1:48.517,0,,25.688,1,50.547,0,32.282,0,190.1,13:17.559,18:43:17.559,0:25.688,0:50.547,0:32.282,277.2,Jenson Altzman,,GTD,,Myers Riley Motorsports,Ford,GF,
16,2,8,1:49.916,0,,25.717,0,51.559,0,32.640,0,187.6,15:07.475,18:45:07.475,0:25.717,0:51.559,0:32.640,277.2,Jenson Altzman,,GTD,,Myers Riley Motorsports,Ford,GF,
16,2,9,1:49.071,0,,26.028,0,50.632,0,32.411,0,189.1,16:56.546,18:46:56.546,0:26.028,0:50.632,0:32.411,277.2,Jenson Altzman,,GTD,,Myers Riley Motorsports,Ford,GF,
16,2,10,1:48.384,0,,25.776,0,50.421,1,32.187,1,190.3,18:44.930,18:48:44.930,0:25.776,0:50.421,0:32.187,277.7,Jenson Altzman,,GTD,,Myers Riley Motorsports,Ford,GF,
16,2,11,1:48.583,0,,25.746,0,50.555,0,32.282,0,190.0,20:33.513,18:50:33.513,0:25.746,0:50.555,0:32.282,277.7,Jenson Altzman,,GTD,,Myers Riley Motorsports,Ford,GF,
16,2,12,1:48.842,0,,25.947,0,50.587,0,32.308,0,189.5,22:22.355,18:52:22.355,0:25.947,0:50.587,0:32.308,278.3,Jenson Altzman,,GTD,,Myers Riley Motorsports,Ford,GF,
16,2,13,2:02.029,0,B,25.778,0,50.609,0,45.642,0,169.0,24:24.384,18:54:24.384,0:25.778,0:50.609,0:45.642,,Jenson Altzman,,GTD,,Myers Riley Motorsports,Ford,GF,
16,4,14,4:15.511,0,,2:49.471,0,52.986,0,33.054,0,80.7,28:39.895,18:58:39.895,2:49.471,0:52.986,0:33.054,276.6,Sheena Monk,0:02:44.794,GTD,,Myers Riley Motorsports,Ford,GF,
16,4,15,1:50.214,0,,26.086,1,51.335,0,32.793,0,187.1,30:30.109,19:00:30.109,0:26.086,0:51.335,0:32.793,276.6,Sheena Monk,,GTD,,Myers Riley Motorsports,Ford,GF,
16,4,16,1:51.620,0,,26.097,0,51.018,1,34.505,0,184.8,32:21.729,19:02:21.729,0:26.097,0:51.018,0:34.505,279.5,Sheena Monk,,GTD,,Myers Riley Motorsports,Ford,GF,
16,4,17,1:51.182,0,,26.883,0,51.603,0,32.696,1,185.5,34:12.911,19:04:12.911,0:26.883,0:51.603,0:32.696,277.7,Sheena Monk,,GTD,,Myers Riley Motorsports,Ford,GF,
16,4,18,2:04.277,0,B,26.360,0,51.207,0,46.710,0,166.0,36:17.188,19:06:17.188,0:26.360,0:51.207,0:46.710,,Sheena Monk,,GTD,,Myers Riley Motorsports,Ford,GF,
16,3,19,4:43.433,0,,3:15.807,0,54.313,0,33.313,0,72.8,41:00.621,19:11:00.621,3:15.807,0:54.313,0:33.313,272.6,Felipe Fraga,0:03:09.850,GTD,,Myers Riley Motorsports,Ford,GF,
16,3,20,1:49.549,0,,25.906,0,50.938,0,32.705,0,188.3,42:50.170,19:12:50.170,0:25.906,0:50.938,0:32.705,274.8,Felipe Fraga,,GTD,,Myers Riley Motorsports,Ford,GF,
16,3,21,1:47.733,2,,25.367,0,50.140,2,32.226,0,191.4,44:37.903,19:14:37.903,0:25.367,0:50.140,0:32.226,274.3,Felipe Fraga,,GTD,,Myers Riley Motorsports,Ford,GF,
16,3,22,1:47.807,0,,25.200,2,50.319,0,32.288,0,191.3,46:25.710,19:16:25.710,0:25.200,0:50.319,0:32.288,274.3,Felipe Fraga,,GTD,,Myers Riley Motorsports,Ford,GF,
16,3,23,1:47.908,0,,25.309,0,50.346,0,32.253,0,191.1,48:13.618,19:18:13.618,0:25.309,0:50.346,0:32.253,274.8,Felipe Fraga,,GTD,,Myers Riley Motorsports,Ford,GF,
16,3,24,1:48.073,0,,25.483,0,50.426,0,32.164,0,190.8,50:01.691,19:20:01.691,0:25.483,0:50.426,0:32.164,275.4,Felipe Fraga,,GTD,,Myers Riley Motorsports,Ford,GF,
16,3,25,1:48.161,0,,25.441,0,50.418,0,32.302,0,190.7,51:49.852,19:21:49.852,0:25.441,0:50.418,0:32.302,275.4,Felipe Fraga,,GTD,,Myers Riley Motorsports,Ford,GF,
16,3,26,1:48.750,0,,25.833,0,50.566,0,32.351,0,189.7,53:38.602,19:23:38.602,0:25.833,0:50.566,0:32.351,274.8,Felipe Fraga,,GTD,,Myers Riley Motorsports,Ford,GF,
16,3,27,1:49.183,0,,25.983,0,50.807,0,32.393,0,188.9,55:27.785,19:25:27.785,0:25.983,0:50.807,0:32.393,277.2,Felipe Fraga,,GTD,,Myers Riley Motorsports,Ford,GF,
16,3,28,1:48.466,0,,25.580,0,50.614,0,32.272,0,190.2,57:16.251,19:27:16.251,0:25.580,0:50.614,0:32.272,275.4,Felipe Fraga,,GTD,,Myers Riley Motorsports,Ford,GF,
16,3,29,1:48.415,0,,25.618,0,50.562,0,32.235,0,190.2,59:04.666,19:29:04.666,0:25.618,0:50.562,0:32.235,276.0,Felipe Fraga,,GTD,,Myers Riley Motorsports,Ford,GF,
16,3,30,1:48.675,0,,25.630,0,50.512,0,32.533,0,189.8,1:00:53.341,19:30:53.341,0:25.630,0:50.512,0:32.533,276.0,Felipe Fraga,,GTD,,Myers Riley Motorsports,Ford,GF,
16,3,31,1:48.799,0,,25.708,0,50.729,0,32.362,0,189.6,1:02:42.140,19:32:42.140,0:25.708,0:50.729,0:32.362,275.4,Felipe Fraga,,GTD,,Myers Riley Motorsports,Ford,GF,
16,3,32,1:48.420,0,,25.641,0,50.620,0,32.159,2,190.2,1:04:30.560,19:34:30.560,0:25.641,0:50.620,0:32.159,275.4,Felipe Fraga,,GTD,,Myers Riley Motorsports,Ford,GF,
16,3,33,1:48.465,0,,25.664,0,50.556,0,32.245,0,190.2,1:06:19.025,19:36:19.025,0:25.664,0:50.556,0:32.245,274.8,Felipe Fraga,,GTD,,Myers Riley Motorsports,Ford,GF,
16,3,34,1:48.646,0,,25.663,0,50.704,0,32.279,0,189.8,1:08:07.671,19:38:07.671,0:25.663,0:50.704,0:32.279,276.0,Felipe Fraga,,GTD,,Myers Riley Motorsports,Ford,GF,
16,3,35,1:48.815,0,,25.916,0,50.690,0,32.209,0,189.5,1:09:56.486,19:39:56.486,0:25.916,0:50.690,0:32.209,275.4,Felipe Fraga,,GTD,,Myers Riley Motorsports,Ford,GF,
16,3,36,1:48.768,0,,25.782,0,50.696,0,32.290,0,189.6,1:11:45.254,19:41:45.254,0:25.782,0:50.696,0:32.290,276.0,Felipe Fraga,,GTD,,Myers Riley Motorsports,Ford,GF,
16,3,37,1:48.738,0,,25.837,0,50.670,0,32.231,0,189.7,1:13:33.992,19:43:33.992,0:25.837,0:50.670,0:32.231,276.0,Felipe Fraga,,GTD,,Myers Riley Motorsports,Ford,GF,
16,3,38,1:49.650,0,,26.551,0,50.938,0,32.161,0,188.1,1:15:23.642,19:45:23.642,0:26.551,0:50.938,0:32.161,276.6,Felipe Fraga,,GTD,,Myers Riley Motorsports,Ford,GF,
16,3,39,1:48.719,0,,25.818,0,50.736,0,32.165,0,189.7,1:17:12.361,19:47:12.361,0:25.818,0:50.736,0:32.165,278.3,Felipe Fraga,,GTD,,Myers Riley Motorsports,Ford,GF,
16,3,40,1:49.033,0,,25.936,0,50.745,0,32.352,0,189.2,1:19:01.394,19:49:01.394,0:25.936,0:50.745,0:32.352,277.7,Felipe Fraga,,GTD,,Myers Riley Motorsports,Ford,GF,
16,3,41,1:49.598,0,,25.942,0,51.203,0,32.453,0,188.2,1:20:50.992,19:50:50.992,0:25.942,0:51.203,0:32.453,275.4,Felipe Fraga,,GTD,,Myers Riley Motorsports,Ford,GF,
16,3,42,1:49.146,0,,25.921,0,50.940,0,32.285,0,189.0,1:22:40.138,19:52:40.138,0:25.921,0:50.940,0:32.285,277.2,Felipe Fraga,,GTD,,Myers Riley Motorsports,Ford,GF,
16,3,43,1:49.179,0,,26.100,0,50.824,0,32.255,0,188.9,1:24:29.317,19:54:29.317,0:26.100,0:50.824,0:32.255,277.2,Felipe Fraga,,GTD,,Myers Riley Motorsports,Ford,GF,
16,3,44,1:49.149,0,,26.151,0,50.835,0,32.163,0,189.0,1:26:18.466,19:56:18.466,0:26.151,0:50.835,0:32.163,276.6,Felipe Fraga,,GTD,,Myers Riley Motorsports,Ford,GF,
16,3,45,1:49.146,0,,26.058,0,50.897,0,32.191,0,189.0,1:28:07.612,19:58:07.612,0:26.058,0:50.897,0:32.191,278.9,Felipe Fraga,,GTD,,Myers Riley Motorsports,Ford,GF,
16,3,46,1:50.163,0,,25.886,0,51.582,0,32.695,0,187.2,1:29:57.775,19:59:57.775,0:25.886,0:51.582,0:32.695,278.3,Felipe Fraga,,GTD,,Myers Riley Motorsports,Ford,GF,
16,3,47,2:02.788,0,B,26.314,0,51.747,0,44.727,0,168.0,1:32:00.563,20:02:00.563,0:26.314,0:51.747,0:44.727,,Felipe Fraga,,GTD,,Myers Riley Motorsports,Ford,GF,
16,3,48,4:32.459,0,,3:05.033,0,54.935,0,32.491,0,75.7,1:36:33.022,20:06:33.022,3:05.033,0:54.935,0:32.491,276.0,Felipe Fraga,0:03:01.456,GTD,,Myers Riley Motorsports,Ford,GF,
16,3,49,1:49.237,0,,26.050,0,50.826,0,32.361,0,188.8,1:38:22.259,20:08:22.259,0:26.050,0:50.826,0:32.361,274.8,Felipe Fraga,,GTD,,Myers Riley Motorsports,Ford,GF,
16,3,50,1:49.523,0,,26.068,0,50.973,0,32.482,0,188.3,1:40:11.782,20:10:11.782,0:26.068,0:50.973,0:32.482,274.8,Felipe Fraga,,GTD,,Myers Riley Motorsports,Ford,GF,
16,3,51,1:49.642,0,,26.214,0,51.072,0,32.356,0,188.1,1:42:01.424,20:12:01.424,0:26.214,0:51.072,0:32.356,275.4,Felipe Fraga,,GTD,,Myers Riley Motorsports,Ford,GF,
16,3,52,1:52.176,0,,26.329,0,52.507,0,33.340,0,183.9,1:43:53.600,20:13:53.600,0:26.329,0:52.507,0:33.340,276.0,Felipe Fraga,,GTD,,Myers Riley Motorsports,Ford,GF,
16,3,53,1:49.958,0,,26.457,0,51.043,0,32.458,0,187.6,1:45:43.558,20:15:43.558,0:26.457,0:51.043,0:32.458,276.6,Felipe Fraga,,GTD,,Myers Riley Motorsports,Ford,GF,
16,3,54,1:49.995,0,,26.494,0,50.973,0,32.528,0,187.5,1:47:33.553,20:17:33.553,0:26.494,0:50.973,0:32.528,274.8,Felipe Fraga,,GTD,,Myers Riley Motorsports,Ford,GF,
18,1,1,2:28.751,0,,59.785,0,55.027,0,33.939,0,138.7,2:28.751,18:32:28.751,0:59.785,0:55.027,0:33.939,288.7,Naveen Rao,0:00:39.175,LMP2,,Era Motorsport,Gibson,GF,
18,1,2,1:46.908,0,,26.250,0,49.870,0,30.788,0,192.9,4:15.659,18:34:15.659,0:26.250,0:49.870,0:30.788,292.6,Naveen Rao,,LMP2,,Era Motorsport,Gibson,GF,
18,1,3,1:45.164,0,,25.559,0,49.024,0,30.581,0,196.1,6:00.823,18:36:00.823,0:25.559,0:49.024,0:30.581,291.9,Naveen Rao,,LMP2,,Era Motorsport,Gibson,GF,
18,1,4,1:45.496,0,,24.911,0,49.139,0,31.446,0,195.5,7:46.319,18:37:46.319,0:24.911,0:49.139,0:31.446,295.2,Naveen Rao,,LMP2,,Era Motorsport,Gibson,GF,
18,1,5,1:45.210,0,,25.386,0,49.370,0,30.454,0,196.0,9:31.529,18:39:31.529,0:25.386,0:49.370,0:30.454,293.2,Naveen Rao,,LMP2,,Era Motorsport,Gibson,GF,
18,1,6,1:44.120,0,,24.725,0,48.624,0,30.771,0,198.1,11:15.649,18:41:15.649,0:24.725,0:48.624,0:30.771,290.6,Naveen Rao,,LMP2,,Era Motorsport,Gibson,GF,
18,1,7,1:43.590,0,,24.570,1,48.442,0,30.578,0,199.1,12:59.239,18:42:59.239,0:24.570,0:48.442,0:30.578,292.6,Naveen Rao,,LMP2,,Era Motorsport,Gibson,GF,
18,1,8,1:44.077,0,,25.186,0,48.188,0,30.703,0,198.2,14:43.316,18:44:43.316,0:25.186,0:48.188,0:30.703,292.6,Naveen Rao,,LMP2,,Era Motorsport,Gibson,GF,
18,1,9,1:44.538,0,,25.809,0,48.130,0,30.599,0,197.3,16:27.854,18:46:27.854,0:25.809,0:48.130,0:30.599,291.9,Naveen Rao,,LMP2,,Era Motorsport,Gibson,GF,
18,1,10,1:43.727,0,,25.261,0,48.027,1,30.439,0,198.8,18:11.581,18:48:11.581,0:25.261,0:48.027,0:30.439,295.2,Naveen Rao,,LMP2,,Era Motorsport,Gibson,GF,
18,1,11,1:43.496,0,,24.600,0,48.076,0,30.820,0,199.3,19:55.077,18:49:55.077,0:24.600,0:48.076,0:30.820,293.2,Naveen Rao,,LMP2,,Era Motorsport,Gibson,GF,
18,1,12,1:42.989,0,,24.605,0,48.029,0,30.355,1,200.3,21:38.066,18:51:38.066,0:24.605,0:48.029,0:30.355,294.5,Naveen Rao,,LMP2,,Era Motorsport,Gibson,GF,
18,1,13,1:44.305,0,,25.423,0,48.462,0,30.420,0,197.7,23:22.371,18:53:22.371,0:25.423,0:48.462,0:30.420,298.5,Naveen Rao,,LMP2,,Era Motorsport,Gibson,GF,
18,1,14,1:58.499,0,B,25.063,0,48.379,0,45.057,0,174.1,25:20.870,18:55:20.870,0:25.063,0:48.379,0:45.057,,Naveen Rao,,LMP2,,Era Motorsport,Gibson,GF,
18,3,15,6:28.791,0,,5:02.837,0,53.459,0,32.495,0,53.1,31:49.661,19:01:49.661,5:02.837,0:53.459,0:32.495,287.4,Jacob Abel,0:04:56.501,LMP2,,Era Motorsport,Gibson,GF,
18,3,16,1:44.832,0,,25.275,0,48.959,0,30.598,0,196.7,33:34.493,19:03:34.493,0:25.275,0:48.959,0:30.598,290.6,Jacob Abel,,LMP2,,Era Motorsport,Gibson,GF,
18,3,17,1:42.233,0,,24.330,0,47.783,0,30.120,0,201.7,35:16.726,19:05:16.726,0:24.330,0:47.783,0:30.120,290.6,Jacob Abel,,LMP2,,Era Motorsport,Gibson,GF,
18,3,18,1:43.406,0,,24.200,0,48.667,0,30.539,0,199.5,37:00.132,19:07:00.132,0:24.200,0:48.667,0:30.539,293.2,Jacob Abel,,LMP2,,Era Motorsport,Gibson,GF,
18,3,19,1:43.595,0,,25.223,0,48.026,0,30.346,0,199.1,38:43.727,19:08:43.727,0:25.223,0:48.026,0:30.346,290.6,Jacob Abel,,LMP2,,Era Motorsport,Gibson,GF,
18,3,20,1:43.827,0,,24.415,0,48.131,0,31.281,0,198.7,40:27.554,19:10:27.554,0:24.415,0:48.131,0:31.281,290.6,Jacob Abel,,LMP2,,Era Motorsport,Gibson,GF,
18,3,21,1:43.452,0,,24.349,0,48.941,0,30.162,0,199.4,42:11.006,19:12:11.006,0:24.349,0:48.941,0:30.162,291.3,Jacob Abel,,LMP2,,Era Motorsport,Gibson,GF,
18,3,22,1:42.008,0,,24.161,0,47.666,0,30.181,0,202.2,43:53.014,19:13:53.014,0:24.161,0:47.666,0:30.181,293.2,Jacob Abel,,LMP2,,Era Motorsport,Gibson,GF,
18,3,23,1:43.125,0,,24.553,0,48.286,0,30.286,0,200.0,45:36.139,19:15:36.139,0:24.553,0:48.286,0:30.286,291.9,Jacob Abel,,LMP2,,Era Motorsport,Gibson,GF,
18,3,24,1:41.777,0,,24.104,0,47.581,1,30.092,0,202.7,47:17.916,19:17:17.916,0:24.104,0:47.581,0:30.092,295.2,Jacob Abel,,LMP2,,Era Motorsport,Gibson,GF,
18,3,25,1:44.799,0,,24.827,0,49.159,0,30.813,0,196.8,49:02.715,19:19:02.715,0:24.827,0:49.159,0:30.813,294.5,Jacob Abel,,LMP2,,Era Motorsport,Gibson,GF,
18,3,26,1:44.434,0,,25.038,0,48.944,0,30.452,0,197.5,50:47.149,19:20:47.149,0:25.038,0:48.944,0:30.452,292.6,Jacob Abel,,LMP2,,Era Motorsport,Gibson,GF,
18,3,27,1:41.794,0,,24.096,1,47.667,0,30.031,1,202.6,52:28.943,19:22:28.943,0:24.096,0:47.667,0:30.031,291.3,Jacob Abel,,LMP2,,Era Motorsport,Gibson,GF,
18,3,28,1:56.408,0,B,24.420,0,48.129,0,43.859,0,177.2,54:25.351,19:24:25.351,0:24.420,0:48.129,0:43.859,,Jacob Abel,,LMP2,,Era Motorsport,Gibson,GF,
18,2,29,5:24.005,0,,3:59.779,0,52.663,0,31.563,0,63.7,59:49.356,19:29:49.356,3:59.779,0:52.663,0:31.563,290.0,Ferdinand Habsburg,0:03:55.449,LMP2,,Era Motorsport,Gibson,GF,
18,2,30,1:43.113,0,,24.540,0,47.656,0,30.917,0,200.0,1:01:32.469,19:31:32.469,0:24.540,0:47.656,0:30.917,295.8,Ferdinand Habsburg,,LMP2,,Era Motorsport,Gibson,GF,
18,2,31,1:44.965,0,,25.064,0,48.900,0,31.001,0,196.5,1:03:17.434,19:33:17.434,0:25.064,0:48.900,0:31.001,293.9,Ferdinand Habsburg,,LMP2,,Era Motorsport,Gibson,GF,
18,2,32,1:44.810,0,,23.926,0,48.255,0,32.629,0,196.8,1:05:02.244,19:35:02.244,0:23.926,0:48.255,0:32.629,291.9,Ferdinand Habsburg,,LMP2,,Era Motorsport,Gibson,GF,
18,2,33,1:40.903,0,,23.802,0,47.379,0,29.722,0,204.4,1:06:43.147,19:36:43.147,0:23.802,0:47.379,0:29.722,294.5,Ferdinand Habsburg,,LMP2,,Era Motorsport,Gibson,GF,
18,2,34,1:43.011,0,,23.757,0,48.026,0,31.228,0,200.2,1:08:26.158,19:38:26.158,0:23.757,0:48.026,0:31.228,292.6,Ferdinand Habsburg,,LMP2,,Era Motorsport,Gibson,GF,
18,2,35,1:40.831,0,,23.729,0,47.393,0,29.709,0,204.6,1:10:06.989,19:40:06.989,0:23.729,0:47.393,0:29.709,291.3,Ferdinand Habsburg,,LMP2,,Era Motorsport,Gibson,GF,
18,2,36,1:41.076,0,,23.720,2,47.381,0,29.975,0,204.1,1:11:48.065,19:41:48.065,0:23.720,0:47.381,0:29.975,291.9,Ferdinand Habsburg,,LMP2,,Era Motorsport,Gibson,GF,
18,2,37,1:41.113,0,,23.883,0,47.490,0,29.740,0,204.0,1:13:29.178,19:43:29.178,0:23.883,0:47.490,0:29.740,291.9,Ferdinand Habsburg,,LMP2,,Era Motorsport,Gibson,GF,
18,2,38,1:42.075,0,,23.879,0,47.395,0,30.801,0,202.1,1:15:11.253,19:45:11.253,0:23.879,0:47.395,0:30.801,293.2,Ferdinand Habsburg,,LMP2,,Era Motorsport,Gibson,GF,
18,2,39,1:40.643,2,,23.892,0,47.308,2,29.443,2,204.9,1:16:51.896,19:46:51.896,0:23.892,0:47.308,0:29.443,291.9,Ferdinand Habsburg,,LMP2,,Era Motorsport,Gibson,GF,
18,2,40,1:54.433,0,B,24.513,0,47.702,0,42.218,0,180.2,1:18:46.329,19:48:46.329,0:24.513,0:47.702,0:42.218,,Ferdinand Habsburg,,LMP2,,Era Motorsport,Gibson,GF,
18,4,41,7:44.215,0,,6:24.762,0,48.425,0,31.028,0,44.4,1:26:30.544,19:56:30.544,6:24.762,0:48.425,0:31.028,288.7,Logan Sargeant,0:06:22.132,LMP2,,Era Motorsport,Gibson,GF,
18,4,42,1:41.586,0,,24.089,0,47.660,0,29.837,0,203.0,1:28:12.130,19:58:12.130,0:24.089,0:47.660,0:29.837,290.0,Logan Sargeant,,LMP2,,Era Motorsport,Gibson,GF,
18,4,43,1:41.986,0,,24.115,0,48.043,0,29.828,0,202.2,1:29:54.116,19:59:54.116,0:24.115,0:48.043,0:29.828,290.6,Logan Sargeant,,LMP2,,Era Motorsport,Gibson,GF,
18,4,44,1:42.515,0,,24.302,0,48.528,0,29.685,0,201.2,1:31:36.631,20:01:36.631,0:24.302,0:48.528,0:29.685,293.9,Logan Sargeant,,LMP2,,Era Motorsport,Gibson,GF,
18,4,45,1:43.084,0,,24.295,0,47.523,0,31.266,0,200.1,1:33:19.715,20:03:19.715,0:24.295,0:47.523,0:31.266,291.3,Logan Sargeant,,LMP2,,Era Motorsport,Gibson,GF,
18,4,46,1:44.863,0,,24.501,0,49.073,0,31.289,0,196.7,1:35:04.578,20:05:04.578,0:24.501,0:49.073,0:31.289,293.2,Logan Sargeant,,LMP2,,Era Motorsport,Gibson,GF,
18,4,47,1:42.783,0,,24.187,0,47.674,0,30.922,0,200.7,1:36:47.361,20:06:47.361,0:24.187,0:47.674,0:30.922,269.2,Logan Sargeant,,LMP2,,Era Motorsport,Gibson,GF,
18,4,48,1:43.528,0,,24.910,0,47.474,0,31.144,0,199.2,1:38:30.889,20:08:30.889,0:24.910,0:47.474,0:31.144,288.7,Logan Sargeant,,LMP2,,Era Motorsport,Gibson,GF,
18,4,49,1:47.759,0,,25.566,0,51.548,0,30.645,0,191.4,1:40:18.648,20:10:18.648,0:25.566,0:51.548,0:30.645,290.6,Logan Sargeant,,LMP2,,Era Motorsport,Gibson,GF,
18,4,50,1:43.130,0,,25.171,0,47.779,0,30.180,0,200.0,1:42:01.778,20:12:01.778,0:25.171,0:47.779,0:30.180,292.6,Logan Sargeant,,LMP2,,Era Motorsport,Gibson,GF,
18,4,51,1:41.733,0,,24.855,0,47.359,0,29.519,1,202.7,1:43:43.511,20:13:43.511,0:24.855,0:47.359,0:29.519,291.9,Logan Sargeant,,LMP2,,Era Motorsport,Gibson,GF,
18,4,52,1:54.694,0,B,24.156,0,47.437,0,43.101,0,179.8,1:45:38.205,20:15:38.205,0:24.156,0:47.437,0:43.101,,Logan Sargeant,,LMP2,,Era Motorsport,Gibson,GF,
18,4,53,7:21.121,0,,6:03.826,0,47.530,0,29.765,0,46.8,1:52:59.326,20:22:59.326,6:03.826,0:47.530,0:29.765,290.6,Logan Sargeant,0:06:01.676,LMP2,,Era Motorsport,Gibson,GF,
18,4,54,1:41.229,0,,24.243,0,47.405,0,29.581,0,203.7,1:54:40.555,20:24:40.555,0:24.243,0:47.405,0:29.581,290.6,Logan Sargeant,,LMP2,,Era Motorsport,Gibson,GF,
18,4,55,1:41.383,0,,24.017,1,47.350,0,30.016,0,203.4,1:56:21.938,20:26:21.938,0:24.017,0:47.350,0:30.016,290.0,Logan Sargeant,,LMP2,,Era Motorsport,Gibson,GF,
18,4,56,1:41.009,0,,24.097,0,47.346,1,29.566,0,204.2,1:58:02.947,20:28:02.947,0:24.097,0:47.346,0:29.566,291.9,Logan Sargeant,,LMP2,,Era Motorsport,Gibson,GF,
18,4,57,1:54.100,0,B,24.195,0,47.421,0,42.484,0,180.8,1:59:57.047,20:29:57.047,0:24.195,0:47.421,0:42.484,,Logan Sargeant,,LMP2,,Era Motorsport,Gibson,GF,
19,3,1,12:57.736,0,,11:25.622,0,57.779,0,34.335,0,26.5,12:57.736,18:42:57.736,11:25.622,0:57.779,0:34.335,270.3,Valentin Hasse Clot,0:11:04.023,GTD,,van der Steur Racing,Aston Martin,GF,
19,3,2,1:54.468,0,,27.276,0,54.051,0,33.141,0,180.2,14:52.204,18:44:52.204,0:27.276,0:54.051,0:33.141,274.3,Valentin Hasse Clot,,GTD,,van der Steur Racing,Aston Martin,GF,
19,3,3,1:49.266,0,,25.886,0,50.793,0,32.587,0,188.8,16:41.470,18:46:41.470,0:25.886,0:50.793,0:32.587,273.1,Valentin Hasse Clot,,GTD,,van der Steur Racing,Aston Martin,GF,
19,3,4,1:49.082,0,,25.856,0,50.755,0,32.471,0,189.1,18:30.552,18:48:30.552,0:25.856,0:50.755,0:32.471,275.4,Valentin Hasse Clot,,GTD,,van der Steur Racing,Aston Martin,GF,
19,3,5,1:48.941,0,,25.554,1,50.819,0,32.568,0,189.3,20:19.493,18:50:19.493,0:25.554,0:50.819,0:32.568,275.4,Valentin Hasse Clot,,GTD,,van der Steur Racing,Aston Martin,GF,
19,3,6,1:48.793,0,,25.577,0,50.633,1,32.583,0,189.6,22:08.286,18:52:08.286,0:25.577,0:50.633,0:32.583,275.4,Valentin Hasse Clot,,GTD,,van der Steur Racing,Aston Martin,GF,
19,3,7,1:50.382,0,,25.741,0,52.185,0,32.456,0,186.9,23:58.668,18:53:58.668,0:25.741,0:52.185,0:32.456,277.2,Valentin Hasse Clot,,GTD,,van der Steur Racing,Aston Martin,GF,
19,3,8,2:01.846,0,B,25.612,0,50.661,0,45.573,0,169.3,26:00.514,18:56:00.514,0:25.612,0:50.661,0:45.573,,Valentin Hasse Clot,,GTD,,van der Steur Racing,Aston Martin,GF,
19,1,9,3:01.424,0,,1:35.097,0,53.019,0,33.308,0,113.7,29:01.938,18:59:01.938,1:35.097,0:53.019,0:33.308,276.6,Carl Bennett,0:01:31.257,GTD,,van der Steur Racing,Aston Martin,GF,
19,1,10,1:52.898,0,,27.012,0,51.896,0,33.990,0,182.7,30:54.836,19:00:54.836,0:27.012,0:51.896,0:33.990,275.4,Carl Bennett,,GTD,,van der Steur Racing,Aston Martin,GF,
19,1,11,1:50.961,0,,26.525,0,51.445,0,32.991,0,185.9,32:45.797,19:02:45.797,0:26.525,0:51.445,0:32.991,275.4,Carl Bennett,,GTD,,van der Steur Racing,Aston Martin,GF,
19,1,12,1:50.030,0,,26.144,0,51.494,0,32.392,1,187.5,34:35.827,19:04:35.827,0:26.144,0:51.494,0:32.392,276.0,Carl Bennett,,GTD,,van der Steur Racing,Aston Martin,GF,
19,1,13,1:49.738,0,,25.950,0,51.134,0,32.654,0,188.0,36:25.565,19:06:25.565,0:25.950,0:51.134,0:32.654,274.8,Carl Bennett,,GTD,,van der Steur Racing,Aston Martin,GF,
19,1,14,2:02.187,0,B,25.846,1,50.898,1,45.443,0,168.8,38:27.752,19:08:27.752,0:25.846,0:50.898,0:45.443,,Carl Bennett,,GTD,,van der Steur Racing,Aston Martin,GF,
19,4,15,3:21.853,0,,1:58.008,0,51.098,0,32.747,0,102.2,41:49.605,19:11:49.605,1:58.008,0:51.098,0:32.747,274.8,Rory van der Steur,0:01:54.747,GTD,,van der Steur Racing,Aston Martin,GF,
19,4,16,1:48.785,2,,25.752,1,50.492,2,32.541,0,189.6,43:38.390,19:13:38.390,0:25.752,0:50.492,0:32.541,278.3,Rory van der Steur,,GTD,,van der Steur Racing,Aston Martin,GF,
19,4,17,1:49.194,0,,25.938,0,50.841,0,32.415,0,188.9,45:27.584,19:15:27.584,0:25.938,0:50.841,0:32.415,276.0,Rory van der Steur,,GTD,,van der Steur Racing,Aston Martin,GF,
19,4,18,1:49.238,0,,26.031,0,50.824,0,32.383,0,188.8,47:16.822,19:17:16.822,0:26.031,0:50.824,0:32.383,278.3,Rory van der Steur,,GTD,,van der Steur Racing,Aston Martin,GF,
19,4,19,1:49.772,0,,25.781,0,51.588,0,32.403,0,187.9,49:06.594,19:19:06.594,0:25.781,0:51.588,0:32.403,275.4,Rory van der Steur,,GTD,,van der Steur Racing,Aston Martin,GF,
19,4,20,1:49.130,0,,26.090,0,50.766,0,32.274,2,189.0,50:55.724,19:20:55.724,0:26.090,0:50.766,0:32.274,277.2,Rory van der Steur,,GTD,,van der Steur Racing,Aston Martin,GF,
19,4,21,2:08.756,0,B,27.993,0,54.102,0,46.661,0,160.2,53:04.480,19:23:04.480,0:27.993,0:54.102,0:46.661,,Rory van der Steur,,GTD,,van der Steur Racing,Aston Martin,GF,
19,2,22,4:43.810,0,,3:18.743,0,51.877,0,33.190,0,72.7,57:48.290,19:27:48.290,3:18.743,0:51.877,0:33.190,273.7,Sebastien Baud,0:03:15.533,GTD,,van der Steur Racing,Aston Martin,GF,
19,2,23,1:50.781,0,,26.232,0,51.599,0,32.950,0,186.2,59:39.071,19:29:39.071,0:26.232,0:51.599,0:32.950,276.0,Sebastien Baud,,GTD,,van der Steur Racing,Aston Martin,GF,
19,2,24,1:52.091,0,,26.119,0,52.389,0,33.583,0,184.0,1:01:31.162,19:31:31.162,0:26.119,0:52.389,0:33.583,277.2,Sebastien Baud,,GTD,,van der Steur Racing,Aston Martin,GF,
19,2,25,1:50.942,0,,27.031,0,51.424,0,32.487,0,185.9,1:03:22.104,19:33:22.104,0:27.031,0:51.424,0:32.487,280.7,Sebastien Baud,,GTD,,van der Steur Racing,Aston Martin,GF,
19,2,26,1:50.170,0,,26.288,0,51.141,0,32.741,0,187.2,1:05:12.274,19:35:12.274,0:26.288,0:51.141,0:32.741,278.3,Sebastien Baud,,GTD,,van der Steur Racing,Aston Martin,GF,
19,2,27,1:51.480,0,,26.759,0,51.782,0,32.939,0,185.0,1:07:03.754,19:37:03.754,0:26.759,0:51.782,0:32.939,273.7,Sebastien Baud,,GTD,,van der Steur Racing,Aston Martin,GF,
19,2,28,1:49.570,0,,26.208,0,50.883,1,32.479,0,188.2,1:08:53.324,19:38:53.324,0:26.208,0:50.883,0:32.479,276.6,Sebastien Baud,,GTD,,van der Steur Racing,Aston Martin,GF,
19,2,29,2:02.284,0,B,25.843,0,50.918,0,45.523,0,168.7,1:10:55.608,19:40:55.608,0:25.843,0:50.918,0:45.523,,Sebastien Baud,,GTD,,van der Steur Racing,Aston Martin,GF,
19,2,30,3:03.148,0,,1:34.832,0,54.850,0,33.466,0,112.6,1:13:58.756,19:43:58.756,1:34.832,0:54.850,0:33.466,275.4,Sebastien Baud,0:01:28.505,GTD,,van der Steur Racing,Aston Martin,GF,
19,2,31,1:49.786,0,,25.995,0,51.091,0,32.700,0,187.9,1:15:48.542,19:45:48.542,0:25.995,0:51.091,0:32.700,274.8,Sebastien Baud,,GTD,,van der Steur Racing,Aston Martin,GF,
19,2,32,1:50.219,0,,25.762,0,51.926,0,32.531,0,187.1,1:17:38.761,19:47:38.761,0:25.762,0:51.926,0:32.531,274.8,Sebastien Baud,,GTD,,van der Steur Racing,Aston Martin,GF,
19,2,33,1:49.239,0,,25.530,2,51.281,0,32.428,1,188.8,1:19:28.000,19:49:28.000,0:25.530,0:51.281,0:32.428,275.4,Sebastien Baud,,GTD,,van der Steur Racing,Aston Martin,GF,
19,2,34,1:49.392,0,,25.692,0,51.023,0,32.677,0,188.5,1:21:17.392,19:51:17.392,0:25.692,0:51.023,0:32.677,274.8,Sebastien Baud,,GTD,,van der Steur Racing,Aston Martin,GF,
19,2,35,1:51.297,0,,25.927,0,52.610,0,32.760,0,185.3,1:23:08.689,19:53:08.689,0:25.927,0:52.610,0:32.760,276.6,Sebastien Baud,,GTD,,van der Steur Racing,Aston Martin,GF,
19,2,36,2:02.657,0,B,25.765,0,51.011,0,45.881,0,168.2,1:25:11.346,19:55:11.346,0:25.765,0:51.011,0:45.881,,Sebastien Baud,,GTD,,van der Steur Racing,Aston Martin,GF,
19,2,37,2:49.538,0,,1:23.568,0,52.454,0,33.516,0,121.7,1:28:00.884,19:58:00.884,1:23.568,0:52.454,0:33.516,275.4,Sebastien Baud,0:01:20.524,GTD,,van der Steur Racing,Aston Martin,GF,
19,2,38,2:02.958,0,B,25.751,0,51.394,0,45.813,0,167.7,1:30:03.842,20:00:03.842,0:25.751,0:51.394,0:45.813,,Sebastien Baud,,GTD,,van der Steur Racing,Aston Martin,GF,
19,1,39,3:01.735,0,,1:35.814,0,53.012,0,32.909,0,113.5,1:33:05.577,20:03:05.577,1:35.814,0:53.012,0:32.909,274.3,Carl Bennett,0:01:32.374,GTD,,van der Steur Racing,Aston Martin,GF,
19,1,40,1:50.209,0,,26.178,0,51.361,0,32.670,0,187.1,1:34:55.786,20:04:55.786,0:26.178,0:51.361,0:32.670,273.1,Carl Bennett,,GTD,,van der Steur Racing,Aston Martin,GF,
19,1,41,1:51.286,0,,26.125,0,51.716,0,33.445,0,185.3,1:36:47.072,20:06:47.072,0:26.125,0:51.716,0:33.445,274.8,Carl Bennett,,GTD,,van der Steur Racing,Aston Martin,GF,
19,1,42,1:50.218,0,,26.424,0,51.265,0,32.529,0,187.1,1:38:37.290,20:08:37.290,0:26.424,0:51.265,0:32.529,275.4,Carl Bennett,,GTD,,van der Steur Racing,Aston Martin,GF,
19,1,43,1:50.229,0,,26.594,0,51.115,0,32.520,0,187.1,1:40:27.519,20:10:27.519,0:26.594,0:51.115,0:32.520,275.4,Carl Bennett,,GTD,,van der Steur Racing,Aston Martin,GF,
19,1,44,1:51.034,0,,26.063,0,51.399,0,33.572,0,185.8,1:42:18.553,20:12:18.553,0:26.063,0:51.399,0:33.572,275.4,Carl Bennett,,GTD,,van der Steur Racing,Aston Martin,GF,
19,1,45,1:50.287,0,,26.302,0,51.289,0,32.696,0,187.0,1:44:08.840,20:14:08.840,0:26.302,0:51.289,0:32.696,274.3,Carl Bennett,,GTD,,van der Steur Racing,Aston Martin,GF,
19,1,46,1:50.025,0,,26.229,0,51.357,0,32.439,0,187.5,1:45:58.865,20:15:58.865,0:26.229,0:51.357,0:32.439,276.6,Carl Bennett,,GTD,,van der Steur Racing,Aston Martin,GF,
19,1,47,1:50.189,0,,26.261,0,51.244,0,32.684,0,187.2,1:47:49.054,20:17:49.054,0:26.261,0:51.244,0:32.684,276.0,Carl Bennett,,GTD,,van der Steur Racing,Aston Martin,GF,
19,1,48,2:07.175,0,B,27.460,0,52.578,0,47.137,0,162.2,1:49:56.229,20:19:56.229,0:27.460,0:52.578,0:47.137,,Carl Bennett,,GTD,,van der Steur Racing,Aston Martin,GF,
19,3,49,3:16.838,0,,1:52.122,0,51.885,0,32.831,0,104.8,1:53:13.067,20:23:13.067,1:52.122,0:51.885,0:32.831,277.2,Valentin Hasse Clot,0:01:47.372,GTD,,van der Steur Racing,Aston Martin,GF,
19,3,50,1:51.611,0,,26.890,0,52.163,0,32.558,0,184.8,1:55:04.678,20:25:04.678,0:26.890,0:52.163,0:32.558,274.8,Valentin Hasse Clot,,GTD,,van der Steur Racing,Aston Martin,GF,
19,3,51,1:50.456,0,,26.282,0,51.394,0,32.780,0,186.7,1:56:55.134,20:26:55.134,0:26.282,0:51.394,0:32.780,276.0,Valentin Hasse Clot,,GTD,,van der Steur Racing,Aston Martin,GF,
19,3,52,1:49.194,0,,26.102,0,50.768,0,32.324,1,188.9,1:58:44.328,20:28:44.328,0:26.102,0:50.768,0:32.324,277.7,Valentin Hasse Clot,,GTD,,van der Steur Racing,Aston Martin,GF,
19,3,53,1:49.403,0,,25.989,0,50.890,0,32.524,0,188.5,2:00:33.731,20:30:33.731,0:25.989,0:50.890,0:32.524,274.3,Valentin Hasse Clot,,GTD,,van der Steur Racing,Aston Martin,FF,
2,4,1,3:35.486,0,,2:10.940,0,53.415,0,31.131,0,95.7,3:35.486,18:33:35.486,2:10.940,0:53.415,0:31.131,292.6,Mikkel Jensen,0:01:51.576,LMP2,,United Autosports USA,Gibson,GF,
2,4,2,1:43.082,0,,24.696,0,48.505,0,29.881,0,200.1,5:18.568,18:35:18.568,0:24.696,0:48.505,0:29.881,296.5,Mikkel Jensen,,LMP2,,United Autosports USA,Gibson,GF,
2,4,3,1:41.985,0,,24.439,0,47.751,0,29.795,0,202.2,7:00.553,18:37:00.553,0:24.439,0:47.751,0:29.795,293.2,Mikkel Jensen,,LMP2,,United Autosports USA,Gibson,GF,
2,4,4,1:40.114,0,,23.639,0,46.762,0,29.713,0,206.0,8:40.667,18:38:40.667,0:23.639,0:46.762,0:29.713,294.5,Mikkel Jensen,,LMP2,,United Autosports USA,Gibson,GF,
2,4,5,1:39.770,2,,23.570,2,46.730,2,29.470,0,206.7,10:20.437,18:40:20.437,0:23.570,0:46.730,0:29.470,298.5,Mikkel Jensen,,LMP2,,United Autosports USA,Gibson,GF,
2,4,6,1:42.059,0,,23.682,0,47.633,0,30.744,0,202.1,12:02.496,18:42:02.496,0:23.682,0:47.633,0:30.744,296.5,Mikkel Jensen,,LMP2,,United Autosports USA,Gibson,GF,
2,4,7,1:41.498,0,,23.763,0,48.320,0,29.415,2,203.2,13:43.994,18:43:43.994,0:23.763,0:48.320,0:29.415,301.3,Mikkel Jensen,,LMP2,,United Autosports USA,Gibson,GF,
2,4,8,1:41.172,0,,24.680,0,47.058,0,29.434,0,203.9,15:25.166,18:45:25.166,0:24.680,0:47.058,0:29.434,299.9,Mikkel Jensen,,LMP2,,United Autosports USA,Gibson,GF,
2,4,9,1:42.131,0,,24.169,0,47.405,0,30.557,0,202.0,17:07.297,18:47:07.297,0:24.169,0:47.405,0:30.557,296.5,Mikkel Jensen,,LMP2,,United Autosports USA,Gibson,GF,
2,4,10,1:42.054,0,,24.315,0,47.981,0,29.758,0,202.1,18:49.351,18:48:49.351,0:24.315,0:47.981,0:29.758,297.2,Mikkel Jensen,,LMP2,,United Autosports USA,Gibson,GF,
2,4,11,1:40.793,0,,23.758,0,47.166,0,29.869,0,204.6,20:30.144,18:50:30.144,0:23.758,0:47.166,0:29.869,295.8,Mikkel Jensen,,LMP2,,United Autosports USA,Gibson,GF,
2,4,12,1:52.838,0,B,23.673,0,47.176,0,41.989,0,182.8,22:22.982,18:52:22.982,0:23.673,0:47.176,0:41.989,,Mikkel Jensen,,LMP2,,United Autosports USA,Gibson,GF,
2,1,13,5:01.190,0,,3:41.337,0,49.263,0,30.590,0,68.5,27:24.172,18:57:24.172,3:41.337,0:49.263,0:30.590,296.5,Phil Fayer,0:03:37.990,LMP2,,United Autosports USA,Gibson,GF,
2,1,14,1:43.997,0,,24.770,0,48.689,0,30.538,0,198.3,29:08.169,18:59:08.169,0:24.770,0:48.689,0:30.538,297.9,Phil Fayer,,LMP2,,United Autosports USA,Gibson,GF,
2,1,15,1:45.395,0,,25.119,0,48.553,0,31.723,0,195.7,30:53.564,19:00:53.564,0:25.119,0:48.553,0:31.723,295.8,Phil Fayer,,LMP2,,United Autosports USA,Gibson,GF,
2,1,16,1:44.864,0,,25.262,0,48.531,0,31.071,0,196.7,32:38.428,19:02:38.428,0:25.262,0:48.531,0:31.071,297.2,Phil Fayer,,LMP2,,United Autosports USA,Gibson,GF,
2,1,17,1:44.699,0,,25.279,0,48.168,0,31.252,0,197.0,34:23.127,19:04:23.127,0:25.279,0:48.168,0:31.252,295.2,Phil Fayer,,LMP2,,United Autosports USA,Gibson,GF,
2,1,18,1:47.278,0,,25.207,0,51.509,0,30.562,0,192.3,36:10.405,19:06:10.405,0:25.207,0:51.509,0:30.562,295.2,Phil Fayer,,LMP2,,United Autosports USA,Gibson,GF,
2,1,19,1:45.806,0,,24.824,0,50.437,0,30.545,0,194.9,37:56.211,19:07:56.211,0:24.824,0:50.437,0:30.545,294.5,Phil Fayer,,LMP2,,United Autosports USA,Gibson,GF,
2,1,20,1:43.722,0,,24.868,0,48.198,0,30.656,0,198.9,39:39.933,19:09:39.933,0:24.868,0:48.198,0:30.656,294.5,Phil Fayer,,LMP2,,United Autosports USA,Gibson,GF,
2,1,21,1:43.265,0,,24.855,0,48.176,0,30.234,1,199.7,41:23.198,19:11:23.198,0:24.855,0:48.176,0:30.234,297.2,Phil Fayer,,LMP2,,United Autosports USA,Gibson,GF,
2,1,22,1:44.974,0,,24.853,0,49.326,0,30.795,0,196.5,43:08.172,19:13:08.172,0:24.853,0:49.326,0:30.795,295.2,Phil Fayer,,LMP2,,United Autosports USA,Gibson,GF,
2,1,23,1:43.059,0,,24.646,0,48.086,0,30.327,0,200.1,44:51.231,19:14:51.231,0:24.646,0:48.086,0:30.327,299.9,Phil Fayer,,LMP2,,United Autosports USA,Gibson,GF,
2,1,24,1:59.662,0,B,25.630,0,49.145,0,44.887,0,172.4,46:50.893,19:16:50.893,0:25.630,0:49.145,0:44.887,,Phil Fayer,,LMP2,,United Autosports USA,Gibson,GF,
2,3,25,4:38.781,0,,3:20.025,0,48.389,0,30.367,0,74.0,51:29.674,19:21:29.674,3:20.025,0:48.389,0:30.367,295.2,Hunter McElrea,0:03:17.118,LMP2,,United Autosports USA,Gibson,GF,
2,3,26,1:42.326,0,,24.380,0,47.961,0,29.985,0,201.6,53:12.000,19:23:12.000,0:24.380,0:47.961,0:29.985,301.3,Hunter McElrea,,LMP2,,United Autosports USA,Gibson,GF,
2,3,27,1:41.990,0,,24.503,0,47.699,0,29.788,0,202.2,54:53.990,19:24:53.990,0:24.503,0:47.699,0:29.788,297.2,Hunter McElrea,,LMP2,,United Autosports USA,Gibson,GF,
2,3,28,1:41.853,0,,24.173,1,47.809,0,29.871,0,202.5,56:35.843,19:26:35.843,0:24.173,0:47.809,0:29.871,299.9,Hunter McElrea,,LMP2,,United Autosports USA,Gibson,GF,
2,3,29,1:42.065,0,,24.374,0,48.021,0,29.670,0,202.1,58:17.908,19:28:17.908,0:24.374,0:48.021,0:29.670,298.5,Hunter McElrea,,LMP2,,United Autosports USA,Gibson,GF,
2,3,30,1:41.748,0,,24.234,0,47.977,0,29.537,1,202.7,59:59.656,19:29:59.656,0:24.234,0:47.977,0:29.537,299.2,Hunter McElrea,,LMP2,,United Autosports USA,Gibson,GF,
2,3,31,1:42.884,0,,24.825,0,47.643,1,30.416,0,200.5,1:01:42.540,19:31:42.540,0:24.825,0:47.643,0:30.416,301.3,Hunter McElrea,,LMP2,,United Autosports USA,Gibson,GF,
2,3,32,1:42.870,0,,24.662,0,47.781,0,30.427,0,200.5,1:03:25.410,19:33:25.410,0:24.662,0:47.781,0:30.427,298.5,Hunter McElrea,,LMP2,,United Autosports USA,Gibson,GF,
2,3,33,1:56.291,0,B,24.545,0,48.782,0,42.964,0,177.4,1:05:21.701,19:35:21.701,0:24.545,0:48.782,0:42.964,,Hunter McElrea,,LMP2,,United Autosports USA,Gibson,GF,
2,2,34,5:44.219,0,,4:25.940,0,48.453,0,29.826,0,59.9,1:11:05.920,19:41:05.920,4:25.940,0:48.453,0:29.826,299.2,Ben Hanley,0:04:22.903,LMP2,,United Autosports USA,Gibson,GF,
2,2,35,1:42.212,0,,24.349,0,47.656,0,30.207,0,201.8,1:12:48.132,19:42:48.132,0:24.349,0:47.656,0:30.207,302.0,Ben Hanley,,LMP2,,United Autosports USA,Gibson,GF,
2,2,36,1:42.144,0,,24.426,0,47.712,0,30.006,0,201.9,1:14:30.276,19:44:30.276,0:24.426,0:47.712,0:30.006,296.5,Ben Hanley,,LMP2,,United Autosports USA,Gibson,GF,
2,2,37,1:42.265,0,,24.136,0,47.670,0,30.459,0,201.7,1:16:12.541,19:46:12.541,0:24.136,0:47.670,0:30.459,297.9,Ben Hanley,,LMP2,,United Autosports USA,Gibson,GF,
2,2,38,1:41.263,0,,24.132,1,47.442,0,29.689,1,203.7,1:17:53.804,19:47:53.804,0:24.132,0:47.442,0:29.689,296.5,Ben Hanley,,LMP2,,United Autosports USA,Gibson,GF,
2,2,39,1:43.432,0,,24.372,0,47.397,1,31.663,0,199.4,1:19:37.236,19:49:37.236,0:24.372,0:47.397,0:31.663,298.5,Ben Hanley,,LMP2,,United Autosports USA,Gibson,GF,
2,2,40,1:43.130,0,,25.336,0,48.033,0,29.761,0,200.0,1:21:20.366,19:51:20.366,0:25.336,0:48.033,0:29.761,301.3,Ben Hanley,,LMP2,,United Autosports USA,Gibson,GF,
2,2,41,1:42.187,0,,24.502,0,47.968,0,29.717,0,201.8,1:23:02.553,19:53:02.553,0:24.502,0:47.968,0:29.717,299.2,Ben Hanley,,LMP2,,United Autosports USA,Gibson,GF,
2,2,42,1:41.934,0,,24.472,0,47.722,0,29.740,0,202.3,1:24:44.487,19:54:44.487,0:24.472,0:47.722,0:29.740,296.5,Ben Hanley,,LMP2,,United Autosports USA,Gibson,GF,
2,2,43,1:55.963,0,B,24.448,0,47.990,0,43.525,0,177.9,1:26:40.450,19:56:40.450,0:24.448,0:47.990,0:43.525,,Ben Hanley,,LMP2,,United Autosports USA,Gibson,GF,
2,1,44,5:39.286,0,,4:12.427,0,54.854,0,32.005,0,60.8,1:32:19.736,20:02:19.736,4:12.427,0:54.854,0:32.005,285.0,Phil Fayer,0:04:06.821,LMP2,,United Autosports USA,Gibson,GF,
2,1,45,1:45.785,0,,25.832,0,49.000,0,30.953,0,195.0,1:34:05.521,20:04:05.521,0:25.832,0:49.000,0:30.953,292.6,Phil Fayer,,LMP2,,United Autosports USA,Gibson,GF,
2,1,46,1:45.897,0,,25.692,0,48.461,0,31.744,0,194.8,1:35:51.418,20:05:51.418,0:25.692,0:48.461,0:31.744,284.3,Phil Fayer,,LMP2,,United Autosports USA,Gibson,GF,
2,1,47,1:45.516,0,,24.974,0,49.787,0,30.755,0,195.5,1:37:36.934,20:07:36.934,0:24.974,0:49.787,0:30.755,293.2,Phil Fayer,,LMP2,,United Autosports USA,Gibson,GF,
2,1,48,1:43.236,0,,24.705,0,48.207,0,30.324,0,199.8,1:39:20.170,20:09:20.170,0:24.705,0:48.207,0:30.324,293.2,Phil Fayer,,LMP2,,United Autosports USA,Gibson,GF,
2,1,49,1:44.526,0,,24.764,0,49.298,0,30.464,0,197.3,1:41:04.696,20:11:04.696,0:24.764,0:49.298,0:30.464,294.5,Phil Fayer,,LMP2,,United Autosports USA,Gibson,GF,
2,1,50,1:44.062,0,,24.850,0,48.477,0,30.735,0,198.2,1:42:48.758,20:12:48.758,0:24.850,0:48.477,0:30.735,293.2,Phil Fayer,,LMP2,,United Autosports USA,Gibson,GF,
2,1,51,1:43.767,0,,24.794,0,48.230,0,30.743,0,198.8,1:44:32.525,20:14:32.525,0:24.794,0:48.230,0:30.743,292.6,Phil Fayer,,LMP2,,United Autosports USA,Gibson,GF,
2,1,52,1:44.778,0,,24.761,0,48.289,0,31.728,0,196.8,1:46:17.303,20:16:17.303,0:24.761,0:48.289,0:31.728,293.9,Phil Fayer,,LMP2,,United Autosports USA,Gibson,GF,
2,1,53,1:43.701,0,,24.663,0,48.632,0,30.406,0,198.9,1:48:01.004,20:18:01.004,0:24.663,0:48.632,0:30.406,293.9,Phil Fayer,,LMP2,,United Autosports USA,Gibson,GF,
2,1,54,1:43.294,0,,24.844,0,48.122,0,30.328,0,199.7,1:49:44.298,20:19:44.298,0:24.844,0:48.122,0:30.328,296.5,Phil Fayer,,LMP2,,United Autosports USA,Gibson,GF,
2,1,55,1:44.010,0,,24.630,0,49.062,0,30.318,0,198.3,1:51:28.308,20:21:28.308,0:24.630,0:49.062,0:30.318,294.5,Phil Fayer,,LMP2,,United Autosports USA,Gibson,GF,
2,1,56,1:44.970,0,,24.787,0,49.092,0,31.091,0,196.5,1:53:13.278,20:23:13.278,0:24.787,0:49.092,0:31.091,295.2,Phil Fayer,,LMP2,,United Autosports USA,Gibson,GF,
2,1,57,1:44.459,0,,24.594,0,48.913,0,30.952,0,197.4,1:54:57.737,20:24:57.737,0:24.594,0:48.913,0:30.952,295.2,Phil Fayer,,LMP2,,United Autosports USA,Gibson,GF,
2,1,58,1:43.737,0,,25.038,0,48.254,0,30.445,0,198.8,1:56:41.474,20:26:41.474,0:25.038,0:48.254,0:30.445,293.9,Phil Fayer,,LMP2,,United Autosports USA,Gibson,GF,
2,1,59,1:42.793,0,,24.478,1,48.047,1,30.268,0,200.6,1:58:24.267,20:28:24.267,0:24.478,0:48.047,0:30.268,294.5,Phil Fayer,,LMP2,,United Autosports USA,Gibson,GF,
2,1,60,1:43.058,0,,24.522,0,48.142,0,30.394,0,200.1,2:00:07.325,20:30:07.325,0:24.522,0:48.142,0:30.394,294.5,Phil Fayer,,LMP2,,United Autosports USA,Gibson,FF,
21,4,1,2:57.678,0,,1:28.470,0,54.933,0,34.275,0,116.1,2:57.678,18:32:57.678,1:28.470,0:54.933,0:34.275,270.3,Simon Mann,0:01:08.000,GTD,,Af Corse Usa,Ferrari,GF,
21,4,2,1:52.548,0,,27.385,0,52.251,0,32.912,0,183.3,4:50.226,18:34:50.226,0:27.385,0:52.251,0:32.912,272.6,Simon Mann,,GTD,,Af Corse Usa,Ferrari,GF,
21,4,3,1:49.479,0,,26.014,0,50.821,0,32.644,0,188.4,6:39.705,18:36:39.705,0:26.014,0:50.821,0:32.644,270.9,Simon Mann,,GTD,,Af Corse Usa,Ferrari,GF,
21,4,4,1:49.283,0,,25.825,0,50.807,0,32.651,0,188.7,8:28.988,18:38:28.988,0:25.825,0:50.807,0:32.651,270.9,Simon Mann,,GTD,,Af Corse Usa,Ferrari,GF,
21,4,5,1:48.957,0,,25.834,0,50.690,0,32.433,1,189.3,10:17.945,18:40:17.945,0:25.834,0:50.690,0:32.433,270.9,Simon Mann,,GTD,,Af Corse Usa,Ferrari,GF,
21,4,6,1:48.644,0,,25.304,2,50.886,0,32.454,0,189.8,12:06.589,18:42:06.589,0:25.304,0:50.886,0:32.454,272.0,Simon Mann,,GTD,,Af Corse Usa,Ferrari,GF,
21,4,7,1:48.822,0,,25.464,0,50.792,0,32.566,0,189.5,13:55.411,18:43:55.411,0:25.464,0:50.792,0:32.566,272.0,Simon Mann,,GTD,,Af Corse Usa,Ferrari,GF,
21,4,8,1:48.648,0,,25.395,0,50.469,2,32.784,0,189.8,15:44.059,18:45:44.059,0:25.395,0:50.469,0:32.784,273.1,Simon Mann,,GTD,,Af Corse Usa,Ferrari,GF,
21,4,9,1:49.065,0,,25.647,0,50.945,0,32.473,0,189.1,17:33.124,18:47:33.124,0:25.647,0:50.945,0:32.473,272.0,Simon Mann,,GTD,,Af Corse Usa,Ferrari,GF,
21,4,10,2:03.517,0,B,25.969,0,51.855,0,45.693,0,167.0,19:36.641,18:49:36.641,0:25.969,0:51.855,0:45.693,,Simon Mann,,GTD,,Af Corse Usa,Ferrari,GF,
21,3,11,3:27.971,0,,2:03.184,0,52.067,0,32.720,0,99.2,23:04.612,18:53:04.612,2:03.184,0:52.067,0:32.720,272.6,Lilou Wadoux Ducellier,0:01:59.917,GTD,,Af Corse Usa,Ferrari,GF,
21,3,12,1:49.764,0,,25.844,0,51.237,0,32.683,0,187.9,24:54.376,18:54:54.376,0:25.844,0:51.237,0:32.683,275.4,Lilou Wadoux Ducellier,,GTD,,Af Corse Usa,Ferrari,GF,
21,3,13,1:49.309,0,,25.860,0,50.882,0,32.567,0,188.7,26:43.685,18:56:43.685,0:25.860,0:50.882,0:32.567,273.1,Lilou Wadoux Ducellier,,GTD,,Af Corse Usa,Ferrari,GF,
21,3,14,1:49.602,0,,25.761,0,50.815,0,33.026,0,188.2,28:33.287,18:58:33.287,0:25.761,0:50.815,0:33.026,275.4,Lilou Wadoux Ducellier,,GTD,,Af Corse Usa,Ferrari,GF,
21,3,15,1:50.157,0,,25.913,0,51.355,0,32.889,0,187.2,30:23.444,19:00:23.444,0:25.913,0:51.355,0:32.889,272.6,Lilou Wadoux Ducellier,,GTD,,Af Corse Usa,Ferrari,GF,
21,3,16,1:49.064,0,,25.816,0,50.868,0,32.380,0,189.1,32:12.508,19:02:12.508,0:25.816,0:50.868,0:32.380,272.6,Lilou Wadoux Ducellier,,GTD,,Af Corse Usa,Ferrari,GF,
21,3,17,1:48.617,2,,25.701,0,50.699,0,32.217,1,189.9,34:01.125,19:04:01.125,0:25.701,0:50.699,0:32.217,272.0,Lilou Wadoux Ducellier,,GTD,,Af Corse Usa,Ferrari,GF,
21,3,18,1:48.702,0,,25.775,0,50.670,0,32.257,0,189.7,35:49.827,19:05:49.827,0:25.775,0:50.670,0:32.257,272.6,Lilou Wadoux Ducellier,,GTD,,Af Corse Usa,Ferrari,GF,
21,3,19,1:48.622,0,,25.663,1,50.738,0,32.221,0,189.9,37:38.449,19:07:38.449,0:25.663,0:50.738,0:32.221,272.6,Lilou Wadoux Ducellier,,GTD,,Af Corse Usa,Ferrari,GF,
21,3,20,2:01.817,0,B,25.751,0,50.665,1,45.401,0,169.3,39:40.266,19:09:40.266,0:25.751,0:50.665,0:45.401,,Lilou Wadoux Ducellier,,GTD,,Af Corse Usa,Ferrari,GF,
21,1,21,3:38.052,0,,2:13.801,0,51.483,0,32.768,0,94.6,43:18.318,19:13:18.318,2:13.801,0:51.483,0:32.768,273.7,Antonio Fuoco,0:02:08.539,GTD,,Af Corse Usa,Ferrari,GF,
21,1,22,1:50.976,0,,25.594,0,52.574,0,32.808,0,185.9,45:09.294,19:15:09.294,0:25.594,0:52.574,0:32.808,276.0,Antonio Fuoco,,GTD,,Af Corse Usa,Ferrari,GF,
21,1,23,1:49.072,0,,25.886,0,50.741,1,32.445,0,189.1,46:58.366,19:16:58.366,0:25.886,0:50.741,0:32.445,273.7,Antonio Fuoco,,GTD,,Af Corse Usa,Ferrari,GF,
21,1,24,1:48.783,0,,25.514,1,50.997,0,32.272,1,189.6,48:47.149,19:18:47.149,0:25.514,0:50.997,0:32.272,274.8,Antonio Fuoco,,GTD,,Af Corse Usa,Ferrari,GF,
21,1,25,2:01.353,0,B,25.632,0,51.248,0,44.473,0,170.0,50:48.502,19:20:48.502,0:25.632,0:51.248,0:44.473,,Antonio Fuoco,,GTD,,Af Corse Usa,Ferrari,GF,
21,2,26,3:32.149,0,,2:04.239,0,54.971,0,32.939,0,97.2,54:20.651,19:24:20.651,2:04.239,0:54.971,0:32.939,273.1,Tommaso Mosca,0:01:57.825,GTD,,Af Corse Usa,Ferrari,GF,
21,2,27,1:52.439,0,,27.412,0,52.478,0,32.549,0,183.4,56:13.090,19:26:13.090,0:27.412,0:52.478,0:32.549,271.4,Tommaso Mosca,,GTD,,Af Corse Usa,Ferrari,GF,
21,2,28,1:51.212,0,,26.110,0,52.336,0,32.766,0,185.5,58:04.302,19:28:04.302,0:26.110,0:52.336,0:32.766,270.9,Tommaso Mosca,,GTD,,Af Corse Usa,Ferrari,GF,
21,2,29,1:49.371,0,,25.995,0,50.988,0,32.388,0,188.6,59:53.673,19:29:53.673,0:25.995,0:50.988,0:32.388,272.0,Tommaso Mosca,,GTD,,Af Corse Usa,Ferrari,GF,
21,2,30,1:48.889,0,,25.795,0,50.830,0,32.264,0,189.4,1:01:42.562,19:31:42.562,0:25.795,0:50.830,0:32.264,273.1,Tommaso Mosca,,GTD,,Af Corse Usa,Ferrari,GF,
21,2,31,1:48.989,0,,25.943,0,50.790,0,32.256,0,189.2,1:03:31.551,19:33:31.551,0:25.943,0:50.790,0:32.256,273.7,Tommaso Mosca,,GTD,,Af Corse Usa,Ferrari,GF,
21,2,32,1:48.771,0,,25.689,1,50.785,0,32.297,0,189.6,1:05:20.322,19:35:20.322,0:25.689,0:50.785,0:32.297,275.4,Tommaso Mosca,,GTD,,Af Corse Usa,Ferrari,GF,
21,2,33,1:49.126,0,,25.826,0,50.778,1,32.522,0,189.0,1:07:09.448,19:37:09.448,0:25.826,0:50.778,0:32.522,273.7,Tommaso Mosca,,GTD,,Af Corse Usa,Ferrari,GF,
21,2,34,1:49.175,0,,26.104,0,50.891,0,32.180,2,188.9,1:08:58.623,19:38:58.623,0:26.104,0:50.891,0:32.180,274.3,Tommaso Mosca,,GTD,,Af Corse Usa,Ferrari,GF,
21,2,35,1:48.798,0,,25.704,0,50.823,0,32.271,0,189.6,1:10:47.421,19:40:47.421,0:25.704,0:50.823,0:32.271,276.0,Tommaso Mosca,,GTD,,Af Corse Usa,Ferrari,GF,
21,2,36,2:01.601,0,B,25.813,0,50.829,0,44.959,0,169.6,1:12:49.022,19:42:49.022,0:25.813,0:50.829,0:44.959,,Tommaso Mosca,,GTD,,Af Corse Usa,Ferrari,GF,
21,2,37,3:07.590,0,,1:44.009,0,51.129,0,32.452,0,109.9,1:15:56.612,19:45:56.612,1:44.009,0:51.129,0:32.452,271.4,Tommaso Mosca,0:01:40.724,GTD,,Af Corse Usa,Ferrari,GF,
21,2,38,1:49.272,0,,25.755,0,50.879,0,32.638,0,188.8,1:17:45.884,19:47:45.884,0:25.755,0:50.879,0:32.638,272.0,Tommaso Mosca,,GTD,,Af Corse Usa,Ferrari,GF,
21,2,39,1:49.068,0,,25.728,0,50.975,0,32.365,0,189.1,1:19:34.952,19:49:34.952,0:25.728,0:50.975,0:32.365,271.4,Tommaso Mosca,,GTD,,Af Corse Usa,Ferrari,GF,
21,2,40,2:01.338,0,B,25.711,0,50.929,0,44.698,0,170.0,1:21:36.290,19:51:36.290,0:25.711,0:50.929,0:44.698,,Tommaso Mosca,,GTD,,Af Corse Usa,Ferrari,GF,
21,2,41,2:48.064,0,,1:20.360,0,54.750,0,32.954,0,122.7,1:24:24.354,19:54:24.354,1:20.360,0:54.750,0:32.954,269.8,Tommaso Mosca,0:01:15.218,GTD,,Af Corse Usa,Ferrari,GF,
21,2,42,1:49.058,0,,25.721,0,50.927,0,32.410,0,189.1,1:26:13.412,19:56:13.412,0:25.721,0:50.927,0:32.410,270.3,Tommaso Mosca,,GTD,,Af Corse Usa,Ferrari,GF,
21,2,43,1:48.913,0,,25.859,0,50.815,0,32.239,0,189.4,1:28:02.325,19:58:02.325,0:25.859,0:50.815,0:32.239,273.1,Tommaso Mosca,,GTD,,Af Corse Usa,Ferrari,GF,
21,2,44,1:49.961,0,,25.904,0,51.216,0,32.841,0,187.6,1:29:52.286,19:59:52.286,0:25.904,0:51.216,0:32.841,272.0,Tommaso Mosca,,GTD,,Af Corse Usa,Ferrari,GF,
21,2,45,2:02.279,0,B,25.693,0,51.675,0,44.911,0,168.7,1:31:54.565,20:01:54.565,0:25.693,0:51.675,0:44.911,,Tommaso Mosca,,GTD,,Af Corse Usa,Ferrari,GF,
21,2,46,5:03.855,0,B,3:25.589,0,52.785,0,45.481,0,67.9,1:36:58.420,20:06:58.420,3:25.589,0:52.785,0:45.481,,Tommaso Mosca,0:03:21.623,GTD,,Af Corse Usa,Ferrari,GF,
22,1,1,33:31.644,0,,32:04.064,0,55.575,0,32.005,0,10.3,33:31.644,19:03:31.644,32:04.064,0:55.575,0:32.005,290.0,Daniel Goldburg,0:31:43.678,LMP2,,United Autosports USA,Gibson,GF,
22,1,2,2:03.163,0,,25.363,0,1:04.311,0,33.489,0,167.5,35:34.807,19:05:34.807,0:25.363,1:04.311,0:33.489,289.3,Daniel Goldburg,,LMP2,,United Autosports USA,Gibson,GF,
22,1,3,1:44.620,0,,25.309,0,48.736,0,30.575,0,197.1,37:19.427,19:07:19.427,0:25.309,0:48.736,0:30.575,295.2,Daniel Goldburg,,LMP2,,United Autosports USA,Gibson,GF,
22,1,4,1:43.534,0,,25.362,0,47.944,0,30.228,1,199.2,39:02.961,19:09:02.961,0:25.362,0:47.944,0:30.228,293.9,Daniel Goldburg,,LMP2,,United Autosports USA,Gibson,GF,
22,1,5,1:56.454,0,B,23.995,0,47.943,0,44.516,0,177.1,40:59.415,19:10:59.415,0:23.995,0:47.943,0:44.516,,Daniel Goldburg,,LMP2,,United Autosports USA,Gibson,GF,
22,1,6,7:13.790,0,,5:55.102,0,48.375,0,30.313,0,47.5,48:13.205,19:18:13.205,5:55.102,0:48.375,0:30.313,293.2,Daniel Goldburg,0:05:52.345,LMP2,,United Autosports USA,Gibson,GF,
22,1,7,1:42.230,0,,23.980,1,47.870,0,30.380,0,201.8,49:55.435,19:19:55.435,0:23.980,0:47.870,0:30.380,292.6,Daniel Goldburg,,LMP2,,United Autosports USA,Gibson,GF,
22,1,8,1:43.279,0,,24.735,0,48.098,0,30.446,0,199.7,51:38.714,19:21:38.714,0:24.735,0:48.098,0:30.446,293.9,Daniel Goldburg,,LMP2,,United Autosports USA,Gibson,GF,
22,1,9,1:56.100,0,B,24.356,0,47.658,1,44.086,0,177.7,53:34.814,19:23:34.814,0:24.356,0:47.658,0:44.086,,Daniel Goldburg,,LMP2,,United Autosports USA,Gibson,GF,
22,2,10,7:04.869,0,,5:46.134,0,48.308,0,30.427,0,48.5,1:00:39.683,19:30:39.683,5:46.134,0:48.308,0:30.427,293.9,Paul Di Resta,0:05:43.949,LMP2,,United Autosports USA,Gibson,GF,
22,2,11,1:42.752,0,,24.078,0,47.715,0,30.959,0,200.7,1:02:22.435,19:32:22.435,0:24.078,0:47.715,0:30.959,293.9,Paul Di Resta,,LMP2,,United Autosports USA,Gibson,GF,
22,2,12,1:41.185,0,,23.892,0,47.686,0,29.607,2,203.8,1:04:03.620,19:34:03.620,0:23.892,0:47.686,0:29.607,297.2,Paul Di Resta,,LMP2,,United Autosports USA,Gibson,GF,
22,2,13,1:40.961,0,,23.880,0,47.353,0,29.728,0,204.3,1:05:44.581,19:35:44.581,0:23.880,0:47.353,0:29.728,294.5,Paul Di Resta,,LMP2,,United Autosports USA,Gibson,GF,
22,2,14,1:54.024,0,B,23.747,0,47.324,0,42.953,0,180.9,1:07:38.605,19:37:38.605,0:23.747,0:47.324,0:42.953,,Paul Di Resta,,LMP2,,United Autosports USA,Gibson,GF,
22,2,15,4:18.344,0,,2:59.311,0,48.467,0,30.566,0,79.8,1:11:56.949,19:41:56.949,2:59.311,0:48.467,0:30.566,293.9,Paul Di Resta,0:02:57.333,LMP2,,United Autosports USA,Gibson,GF,
22,2,16,1:41.017,0,,23.761,0,47.248,0,30.008,0,204.2,1:13:37.966,19:43:37.966,0:23.761,0:47.248,0:30.008,296.5,Paul Di Resta,,LMP2,,United Autosports USA,Gibson,GF,
22,2,17,1:41.033,0,,23.741,2,47.397,0,29.895,0,204.1,1:15:18.999,19:45:18.999,0:23.741,0:47.397,0:29.895,294.5,Paul Di Resta,,LMP2,,United Autosports USA,Gibson,GF,
22,2,18,1:53.754,0,B,23.977,0,47.181,1,42.596,0,181.3,1:17:12.753,19:47:12.753,0:23.977,0:47.181,0:42.596,,Paul Di Resta,,LMP2,,United Autosports USA,Gibson,GF,
22,4,19,5:36.220,0,,4:13.827,0,51.192,0,31.201,0,61.3,1:22:48.973,19:52:48.973,4:13.827,0:51.192,0:31.201,291.3,Gregoire Saucy,0:04:09.270,LMP2,,United Autosports USA,Gibson,GF,
22,4,20,1:42.324,0,,24.661,0,47.592,0,30.071,0,201.6,1:24:31.297,19:54:31.297,0:24.661,0:47.592,0:30.071,295.2,Gregoire Saucy,,LMP2,,United Autosports USA,Gibson,GF,
22,4,21,1:41.530,0,,24.307,0,47.259,0,29.964,0,203.1,1:26:12.827,19:56:12.827,0:24.307,0:47.259,0:29.964,294.5,Gregoire Saucy,,LMP2,,United Autosports USA,Gibson,GF,
22,4,22,1:40.935,0,,23.840,0,47.174,0,29.921,0,204.3,1:27:53.762,19:57:53.762,0:23.840,0:47.174,0:29.921,293.9,Gregoire Saucy,,LMP2,,United Autosports USA,Gibson,GF,
22,4,23,1:41.188,0,,23.957,0,47.540,0,29.691,0,203.8,1:29:34.950,19:59:34.950,0:23.957,0:47.540,0:29.691,295.2,Gregoire Saucy,,LMP2,,United Autosports USA,Gibson,GF,
22,4,24,1:40.965,0,,23.886,0,47.353,0,29.726,0,204.3,1:31:15.915,20:01:15.915,0:23.886,0:47.353,0:29.726,297.2,Gregoire Saucy,,LMP2,,United Autosports USA,Gibson,GF,
22,4,25,1:41.376,0,,23.950,0,47.653,0,29.773,0,203.5,1:32:57.291,20:02:57.291,0:23.950,0:47.653,0:29.773,294.5,Gregoire Saucy,,LMP2,,United Autosports USA,Gibson,GF,
22,4,26,1:40.861,0,,23.934,0,47.255,0,29.672,0,204.5,1:34:38.152,20:04:38.152,0:23.934,0:47.255,0:29.672,295.8,Gregoire Saucy,,LMP2,,United Autosports USA,Gibson,GF,
22,4,27,1:43.679,0,,24.169,0,48.573,0,30.937,0,198.9,1:36:21.831,20:06:21.831,0:24.169,0:48.573,0:30.937,294.5,Gregoire Saucy,,LMP2,,United Autosports USA,Gibson,GF,
22,4,28,1:41.169,0,,23.991,0,47.442,0,29.736,0,203.9,1:38:03.000,20:08:03.000,0:23.991,0:47.442,0:29.736,294.5,Gregoire Saucy,,LMP2,,United Autosports USA,Gibson,GF,
22,4,29,1:42.795,0,,24.729,0,47.611,0,30.455,0,200.6,1:39:45.795,20:09:45.795,0:24.729,0:47.611,0:30.455,296.5,Gregoire Saucy,,LMP2,,United Autosports USA,Gibson,GF,
22,4,30,1:44.471,0,,24.254,0,49.754,0,30.463,0,197.4,1:41:30.266,20:11:30.266,0:24.254,0:49.754,0:30.463,293.2,Gregoire Saucy,,LMP2,,United Autosports USA,Gibson,GF,
22,4,31,1:40.565,2,,23.799,1,47.053,2,29.713,0,205.1,1:43:10.831,20:13:10.831,0:23.799,0:47.053,0:29.713,293.9,Gregoire Saucy,,LMP2,,United Autosports USA,Gibson,GF,
22,4,32,1:41.142,0,,23.890,0,47.328,0,29.924,0,203.9,1:44:51.973,20:14:51.973,0:23.890,0:47.328,0:29.924,293.9,Gregoire Saucy,,LMP2,,United Autosports USA,Gibson,GF,
22,4,33,1:48.879,0,,23.815,0,47.096,0,37.968,0,189.4,1:46:40.852,20:16:40.852,0:23.815,0:47.096,0:37.968,290.6,Gregoire Saucy,,LMP2,,United Autosports USA,Gibson,GF,
22,4,34,1:41.174,0,,23.917,0,47.456,0,29.801,0,203.9,1:48:22.026,20:18:22.026,0:23.917,0:47.456,0:29.801,292.6,Gregoire Saucy,,LMP2,,United Autosports USA,Gibson,GF,
22,4,35,1:42.383,0,,24.009,0,47.596,0,30.778,0,201.5,1:50:04.409,20:20:04.409,0:24.009,0:47.596,0:30.778,296.5,Gregoire Saucy,,LMP2,,United Autosports USA,Gibson,GF,
22,4,36,1:41.808,0,,24.479,0,47.335,0,29.994,0,202.6,1:51:46.217,20:21:46.217,0:24.479,0:47.335,0:29.994,293.9,Gregoire Saucy,,LMP2,,United Autosports USA,Gibson,GF,
22,4,37,1:41.520,0,,24.460,0,47.273,0,29.787,0,203.2,1:53:27.737,20:23:27.737,0:24.460,0:47.273,0:29.787,295.2,Gregoire Saucy,,LMP2,,United Autosports USA,Gibson,GF,
22,4,38,1:42.641,0,,25.160,0,47.350,0,30.131,0,200.9,1:55:10.378,20:25:10.378,0:25.160,0:47.350,0:30.131,295.8,Gregoire Saucy,,LMP2,,United Autosports USA,Gibson,GF,
22,4,39,1:41.784,0,,23.957,0,47.565,0,30.262,0,202.6,1:56:52.162,20:26:52.162,0:23.957,0:47.565,0:30.262,296.5,Gregoire Saucy,,LMP2,,United Autosports USA,Gibson,GF,
22,4,40,1:42.253,0,,24.943,0,47.429,0,29.881,0,201.7,1:58:34.415,20:28:34.415,0:24.943,0:47.429,0:29.881,293.9,Gregoire Saucy,,LMP2,,United Autosports USA,Gibson,GF,
22,4,41,1:40.907,0,,23.938,0,47.351,0,29.618,1,204.4,2:00:15.322,20:30:15.322,0:23.938,0:47.351,0:29.618,295.2,Gregoire Saucy,,LMP2,,United Autosports USA,Gibson,FF,
24,2,1,2:32.773,0,,1:08.856,0,53.460,0,30.457,0,135.0,2:32.773,18:32:32.773,1:08.856,0:53.460,0:30.457,311.2,Sheldon van der Linde,0:00:49.180,GTP,,BMW M Team WRT,BMW,GF,
24,2,2,1:40.488,0,,24.650,0,46.619,0,29.219,0,205.3,4:13.261,18:34:13.261,0:24.650,0:46.619,0:29.219,318.8,Sheldon van der Linde,,GTP,,BMW M Team WRT,BMW,GF,
24,2,3,1:39.648,0,,24.146,1,46.210,0,29.292,0,207.0,5:52.909,18:35:52.909,0:24.146,0:46.210,0:29.292,316.5,Sheldon van der Linde,,GTP,,BMW M Team WRT,BMW,GF,
24,2,4,1:38.866,0,,24.348,0,46.105,0,28.413,0,208.6,7:31.775,18:37:31.775,0:24.348,0:46.105,0:28.413,321.1,Sheldon van der Linde,,GTP,,BMW M Team WRT,BMW,GF,
24,2,5,1:39.587,0,,25.011,0,46.155,0,28.421,0,207.1,9:11.362,18:39:11.362,0:25.011,0:46.155,0:28.421,318.8,Sheldon van der Linde,,GTP,,BMW M Team WRT,BMW,GF,
24,2,6,1:38.696,0,,24.174,0,46.012,0,28.510,0,209.0,10:50.058,18:40:50.058,0:24.174,0:46.012,0:28.510,321.1,Sheldon van der Linde,,GTP,,BMW M Team WRT,BMW,GF,
24,2,7,1:39.202,0,,24.316,0,45.992,1,28.894,0,207.9,12:29.260,18:42:29.260,0:24.316,0:45.992,0:28.894,320.3,Sheldon van der Linde,,GTP,,BMW M Team WRT,BMW,GF,
24,2,8,1:41.031,0,,25.802,0,46.863,0,28.366,0,204.1,14:10.291,18:44:10.291,0:25.802,0:46.863,0:28.366,321.9,Sheldon van der Linde,,GTP,,BMW M Team WRT,BMW,GF,
24,2,9,1:39.282,0,,24.260,0,46.197,0,28.825,0,207.7,15:49.573,18:45:49.573,0:24.260,0:46.197,0:28.825,319.5,Sheldon van der Linde,,GTP,,BMW M Team WRT,BMW,GF,
24,2,10,5:51.866,0,B,24.302,0,46.017,0,4:41.547,0,58.6,21:41.439,18:51:41.439,0:24.302,0:46.017,4:41.547,,Sheldon van der Linde,,GTP,,BMW M Team WRT,BMW,GF,
24,2,11,2:02.444,0,,47.479,0,46.383,0,28.582,0,168.4,23:43.883,18:53:43.883,0:47.479,0:46.383,0:28.582,318.0,Sheldon van der Linde,0:04:44.825,GTP,,BMW M Team WRT,BMW,GF,
24,2,12,1:39.080,0,,24.340,0,46.348,0,28.392,0,208.2,25:22.963,18:55:22.963,0:24.340,0:46.348,0:28.392,321.1,Sheldon van der Linde,,GTP,,BMW M Team WRT,BMW,GF,
24,2,13,1:40.033,0,,25.191,0,46.489,0,28.353,1,206.2,27:02.996,18:57:02.996,0:25.191,0:46.489,0:28.353,319.5,Sheldon van der Linde,,GTP,,BMW M Team WRT,BMW,GF,
24,2,14,1:39.531,0,,24.463,0,46.656,0,28.412,0,207.2,28:42.527,18:58:42.527,0:24.463,0:46.656,0:28.412,319.5,Sheldon van der Linde,,GTP,,BMW M Team WRT,BMW,GF,
24,2,15,1:40.154,0,,24.376,0,46.792,0,28.986,0,205.9,30:22.681,19:00:22.681,0:24.376,0:46.792,0:28.986,322.7,Sheldon van der Linde,,GTP,,BMW M Team WRT,BMW,GF,
24,2,16,6:37.248,0,B,24.458,0,46.473,0,5:26.317,0,51.9,36:59.929,19:06:59.929,0:24.458,0:46.473,5:26.317,,Sheldon van der Linde,,GTP,,BMW M Team WRT,BMW,GF,
24,2,17,2:06.281,0,,48.878,0,48.754,0,28.649,0,163.3,39:06.210,19:09:06.210,0:48.878,0:48.754,0:28.649,318.0,Sheldon van der Linde,0:05:28.209,GTP,,BMW M Team WRT,BMW,GF,
24,2,18,1:39.149,0,,24.295,0,46.252,0,28.602,0,208.0,40:45.359,19:10:45.359,0:24.295,0:46.252,0:28.602,319.5,Sheldon van der Linde,,GTP,,BMW M Team WRT,BMW,GF,
24,2,19,1:39.436,0,,24.458,0,46.253,0,28.725,0,207.4,42:24.795,19:12:24.795,0:24.458,0:46.253,0:28.725,321.1,Sheldon van der Linde,,GTP,,BMW M Team WRT,BMW,GF,
24,2,20,1:39.104,0,,24.480,0,46.144,0,28.480,0,208.1,44:03.899,19:14:03.899,0:24.480,0:46.144,0:28.480,318.8,Sheldon van der Linde,,GTP,,BMW M Team WRT,BMW,GF,
24,2,21,1:38.965,0,,24.436,0,46.122,0,28.407,0,208.4,45:42.864,19:15:42.864,0:24.436,0:46.122,0:28.407,319.5,Sheldon van der Linde,,GTP,,BMW M Team WRT,BMW,GF,
24,2,22,5:54.726,0,B,25.021,0,46.906,0,4:42.799,0,58.1,51:37.590,19:21:37.590,0:25.021,0:46.906,4:42.799,,Sheldon van der Linde,,GTP,,BMW M Team WRT,BMW,GF,
24,1,23,2:07.484,0,,49.581,0,48.225,0,29.678,0,161.8,53:45.074,19:23:45.074,0:49.581,0:48.225,0:29.678,317.2,Dries Vanthoor,0:04:46.863,GTP,,BMW M Team WRT,BMW,GF,
24,1,24,1:38.256,0,,24.142,0,45.746,0,28.368,0,209.9,55:23.330,19:25:23.330,0:24.142,0:45.746,0:28.368,320.3,Dries Vanthoor,,GTP,,BMW M Team WRT,BMW,GF,
24,1,25,1:38.947,0,,23.855,0,46.890,0,28.202,0,208.4,57:02.277,19:27:02.277,0:23.855,0:46.890,0:28.202,321.1,Dries Vanthoor,,GTP,,BMW M Team WRT,BMW,GF,
24,1,26,1:38.050,0,,23.560,2,45.714,0,28.776,0,210.4,58:40.327,19:28:40.327,0:23.560,0:45.714,0:28.776,318.8,Dries Vanthoor,,GTP,,BMW M Team WRT,BMW,GF,
24,1,27,1:40.179,0,,24.093,0,46.797,0,29.289,0,205.9,1:00:20.506,19:30:20.506,0:24.093,0:46.797,0:29.289,320.3,Dries Vanthoor,,GTP,,BMW M Team WRT,BMW,GF,
24,1,28,1:38.381,0,,23.872,0,45.913,0,28.596,0,209.6,1:01:58.887,19:31:58.887,0:23.872,0:45.913,0:28.596,320.3,Dries Vanthoor,,GTP,,BMW M Team WRT,BMW,GF,
24,1,29,1:38.584,0,,23.880,0,46.428,0,28.276,0,209.2,1:03:37.471,19:33:37.471,0:23.880,0:46.428,0:28.276,321.9,Dries Vanthoor,,GTP,,BMW M Team WRT,BMW,GF,
24,1,30,1:38.114,0,,24.008,0,46.017,0,28.089,0,210.2,1:05:15.585,19:35:15.585,0:24.008,0:46.017,0:28.089,324.3,Dries Vanthoor,,GTP,,BMW M Team WRT,BMW,GF,
24,1,31,1:38.269,0,,23.925,0,46.133,0,28.211,0,209.9,1:06:53.854,19:36:53.854,0:23.925,0:46.133,0:28.211,320.3,Dries Vanthoor,,GTP,,BMW M Team WRT,BMW,GF,
24,1,32,1:38.036,0,,23.724,0,46.083,0,28.229,0,210.4,1:08:31.890,19:38:31.890,0:23.724,0:46.083,0:28.229,320.3,Dries Vanthoor,,GTP,,BMW M Team WRT,BMW,GF,
24,1,33,1:38.031,0,,23.906,0,45.856,0,28.269,0,210.4,1:10:09.921,19:40:09.921,0:23.906,0:45.856,0:28.269,320.3,Dries Vanthoor,,GTP,,BMW M Team WRT,BMW,GF,
24,1,34,1:37.639,0,,23.710,0,45.705,2,28.224,0,211.2,1:11:47.560,19:41:47.560,0:23.710,0:45.705,0:28.224,321.9,Dries Vanthoor,,GTP,,BMW M Team WRT,BMW,GF,
24,1,35,1:37.556,2,,23.782,0,45.733,0,28.041,2,211.4,1:13:25.116,19:43:25.116,0:23.782,0:45.733,0:28.041,321.9,Dries Vanthoor,,GTP,,BMW M Team WRT,BMW,GF,
24,1,36,1:40.829,0,,24.167,0,48.336,0,28.326,0,204.6,1:15:05.945,19:45:05.945,0:24.167,0:48.336,0:28.326,322.7,Dries Vanthoor,,GTP,,BMW M Team WRT,BMW,GF,
24,1,37,1:39.344,0,,24.508,0,45.976,0,28.860,0,207.6,1:16:45.289,19:46:45.289,0:24.508,0:45.976,0:28.860,318.8,Dries Vanthoor,,GTP,,BMW M Team WRT,BMW,GF,
24,1,38,1:37.939,0,,23.965,0,45.756,0,28.218,0,210.6,1:18:23.228,19:48:23.228,0:23.965,0:45.756,0:28.218,321.9,Dries Vanthoor,,GTP,,BMW M Team WRT,BMW,GF,
24,1,39,1:38.801,0,,23.799,0,46.193,0,28.809,0,208.8,1:20:02.029,19:50:02.029,0:23.799,0:46.193,0:28.809,320.3,Dries Vanthoor,,GTP,,BMW M Team WRT,BMW,GF,
24,1,40,1:39.398,0,,24.103,0,47.011,0,28.284,0,207.5,1:21:41.427,19:51:41.427,0:24.103,0:47.011,0:28.284,318.8,Dries Vanthoor,,GTP,,BMW M Team WRT,BMW,GF,
24,1,41,1:38.677,0,,23.868,0,45.955,0,28.854,0,209.0,1:23:20.104,19:53:20.104,0:23.868,0:45.955,0:28.854,321.1,Dries Vanthoor,,GTP,,BMW M Team WRT,BMW,GF,
24,1,42,1:38.254,0,,24.074,0,45.922,0,28.258,0,209.9,1:24:58.358,19:54:58.358,0:24.074,0:45.922,0:28.258,321.9,Dries Vanthoor,,GTP,,BMW M Team WRT,BMW,GF,
24,1,43,1:48.404,0,,23.760,0,45.856,0,38.788,0,190.3,1:26:46.762,19:56:46.762,0:23.760,0:45.856,0:38.788,318.0,Dries Vanthoor,,GTP,,BMW M Team WRT,BMW,GF,
24,1,44,1:37.937,0,,23.921,0,45.793,0,28.223,0,210.6,1:28:24.699,19:58:24.699,0:23.921,0:45.793,0:28.223,323.5,Dries Vanthoor,,GTP,,BMW M Team WRT,BMW,GF,
24,1,45,1:38.372,0,,24.100,0,46.019,0,28.253,0,209.7,1:30:03.071,20:00:03.071,0:24.100,0:46.019,0:28.253,321.9,Dries Vanthoor,,GTP,,BMW M Team WRT,BMW,GF,
24,1,46,1:40.491,0,,24.419,0,46.845,0,29.227,0,205.2,1:31:43.562,20:01:43.562,0:24.419,0:46.845,0:29.227,320.3,Dries Vanthoor,,GTP,,BMW M Team WRT,BMW,GF,
24,1,47,1:37.987,0,,24.008,0,45.712,0,28.267,0,210.5,1:33:21.549,20:03:21.549,0:24.008,0:45.712,0:28.267,321.9,Dries Vanthoor,,GTP,,BMW M Team WRT,BMW,GF,
24,1,48,6:25.666,0,B,23.810,0,46.179,0,5:15.677,0,53.5,1:39:47.215,20:09:47.215,0:23.810,0:46.179,5:15.677,,Dries Vanthoor,,GTP,,BMW M Team WRT,BMW,GF,
24,3,49,2:04.172,0,,48.425,0,46.645,0,29.102,0,166.1,1:41:51.387,20:11:51.387,0:48.425,0:46.645,0:29.102,318.0,Robin Frijns,0:05:17.236,GTP,,BMW M Team WRT,BMW,GF,
24,3,50,1:39.742,0,,24.265,0,46.845,0,28.632,0,206.8,1:43:31.129,20:13:31.129,0:24.265,0:46.845,0:28.632,319.5,Robin Frijns,,GTP,,BMW M Team WRT,BMW,GF,
24,3,51,1:40.340,0,,24.603,0,47.063,0,28.674,0,205.6,1:45:11.469,20:15:11.469,0:24.603,0:47.063,0:28.674,317.2,Robin Frijns,,GTP,,BMW M Team WRT,BMW,GF,
24,3,52,1:38.953,0,,24.193,0,46.307,0,28.453,0,208.4,1:46:50.422,20:16:50.422,0:24.193,0:46.307,0:28.453,319.5,Robin Frijns,,GTP,,BMW M Team WRT,BMW,GF,
24,3,53,1:39.732,0,,24.167,1,46.460,0,29.105,0,206.8,1:48:30.154,20:18:30.154,0:24.167,0:46.460,0:29.105,321.1,Robin Frijns,,GTP,,BMW M Team WRT,BMW,GF,
24,3,54,1:39.227,0,,24.386,0,46.209,0,28.632,0,207.9,1:50:09.381,20:20:09.381,0:24.386,0:46.209,0:28.632,321.1,Robin Frijns,,GTP,,BMW M Team WRT,BMW,GF,
24,3,55,1:39.752,0,,24.215,0,46.364,0,29.173,0,206.8,1:51:49.133,20:21:49.133,0:24.215,0:46.364,0:29.173,320.3,Robin Frijns,,GTP,,BMW M Team WRT,BMW,GF,
24,3,56,1:38.644,0,,24.290,0,46.070,1,28.284,1,209.1,1:53:27.777,20:23:27.777,0:24.290,0:46.070,0:28.284,320.3,Robin Frijns,,GTP,,BMW M Team WRT,BMW,GF,
24,3,57,2:32.670,0,B,24.764,0,46.477,0,1:21.429,0,135.1,1:56:00.447,20:26:00.447,0:24.764,0:46.477,1:21.429,,Robin Frijns,,GTP,,BMW M Team WRT,BMW,GF,
24,2,58,2:59.567,0,B,49.905,0,48.783,0,1:20.879,0,114.9,1:59:00.014,20:29:00.014,0:49.905,0:48.783,1:20.879,,Sheldon van der Linde,0:01:24.606,GTP,,BMW M Team WRT,BMW,GF,
25,1,1,5:06.994,0,,3:46.340,0,50.575,0,30.079,0,67.2,5:06.994,18:35:06.994,3:46.340,0:50.575,0:30.079,317.2,Philipp Eng,0:03:28.264,GTP,,BMW M Team WRT,BMW,GF,
25,1,2,1:39.307,0,,24.189,0,46.326,0,28.792,0,207.7,6:46.301,18:36:46.301,0:24.189,0:46.326,0:28.792,320.3,Philipp Eng,,GTP,,BMW M Team WRT,BMW,GF,
25,1,3,1:38.638,0,,23.943,0,45.908,0,28.787,0,209.1,8:24.939,18:38:24.939,0:23.943,0:45.908,0:28.787,321.1,Philipp Eng,,GTP,,BMW M Team WRT,BMW,GF,
25,1,4,1:39.103,0,,24.302,0,46.214,0,28.587,0,208.1,10:04.042,18:40:04.042,0:24.302,0:46.214,0:28.587,323.5,Philipp Eng,,GTP,,BMW M Team WRT,BMW,GF,
25,1,5,2:23.570,0,B,24.012,0,46.487,0,1:13.071,0,143.7,12:27.612,18:42:27.612,0:24.012,0:46.487,1:13.071,,Philipp Eng,,GTP,,BMW M Team WRT,BMW,GF,
25,1,6,2:07.765,0,,49.706,0,48.662,0,29.397,0,161.4,14:35.377,18:44:35.377,0:49.706,0:48.662,0:29.397,321.1,Philipp Eng,0:01:16.562,GTP,,BMW M Team WRT,BMW,GF,
25,1,7,1:39.851,0,,24.239,0,46.664,0,28.948,0,206.6,16:15.228,18:46:15.228,0:24.239,0:46.664,0:28.948,320.3,Philipp Eng,,GTP,,BMW M Team WRT,BMW,GF,
25,1,8,1:38.203,0,,23.730,2,45.511,2,28.962,0,210.0,17:53.431,18:47:53.431,0:23.730,0:45.511,0:28.962,322.7,Philipp Eng,,GTP,,BMW M Team WRT,BMW,GF,
25,1,9,1:39.144,0,,24.095,0,45.669,0,29.380,0,208.0,19:32.575,18:49:32.575,0:24.095,0:45.669,0:29.380,321.1,Philipp Eng,,GTP,,BMW M Team WRT,BMW,GF,
25,1,10,1:37.636,2,,23.762,0,45.657,0,28.217,0,211.2,21:10.211,18:51:10.211,0:23.762,0:45.657,0:28.217,319.5,Philipp Eng,,GTP,,BMW M Team WRT,BMW,GF,
25,1,11,1:38.407,0,,23.878,0,46.237,0,28.292,0,209.6,22:48.618,18:52:48.618,0:23.878,0:46.237,0:28.292,321.9,Philipp Eng,,GTP,,BMW M Team WRT,BMW,GF,
25,1,12,1:38.702,0,,23.813,0,45.585,0,29.304,0,209.0,24:27.320,18:54:27.320,0:23.813,0:45.585,0:29.304,321.1,Philipp Eng,,GTP,,BMW M Team WRT,BMW,GF,
25,1,13,1:38.807,0,,24.486,0,46.009,0,28.312,0,208.7,26:06.127,18:56:06.127,0:24.486,0:46.009,0:28.312,320.3,Philipp Eng,,GTP,,BMW M Team WRT,BMW,GF,
25,1,14,1:37.842,0,,23.888,0,45.759,0,28.195,2,210.8,27:43.969,18:57:43.969,0:23.888,0:45.759,0:28.195,322.7,Philipp Eng,,GTP,,BMW M Team WRT,BMW,GF,
25,1,15,9:01.890,0,B,24.126,0,46.394,0,7:51.370,0,38.1,36:45.859,19:06:45.859,0:24.126,0:46.394,7:51.370,,Philipp Eng,,GTP,,BMW M Team WRT,BMW,GF,
25,1,16,2:03.666,0,,47.453,0,47.280,0,28.933,0,166.8,38:49.525,19:08:49.525,0:47.453,0:47.280,0:28.933,319.5,Philipp Eng,0:07:54.797,GTP,,BMW M Team WRT,BMW,GF,
25,1,17,1:38.420,0,,24.095,0,45.936,0,28.389,0,209.6,40:27.945,19:10:27.945,0:24.095,0:45.936,0:28.389,321.1,Philipp Eng,,GTP,,BMW M Team WRT,BMW,GF,
25,1,18,1:38.722,0,,24.313,0,45.906,0,28.503,0,208.9,42:06.667,19:12:06.667,0:24.313,0:45.906,0:28.503,320.3,Philipp Eng,,GTP,,BMW M Team WRT,BMW,GF,
25,1,19,1:39.114,0,,23.960,0,45.799,0,29.355,0,208.1,43:45.781,19:13:45.781,0:23.960,0:45.799,0:29.355,321.9,Philipp Eng,,GTP,,BMW M Team WRT,BMW,GF,
25,1,20,1:38.712,0,,24.032,0,46.098,0,28.582,0,208.9,45:24.493,19:15:24.493,0:24.032,0:46.098,0:28.582,321.9,Philipp Eng,,GTP,,BMW M Team WRT,BMW,GF,
25,1,21,1:38.824,0,,24.003,0,46.526,0,28.295,0,208.7,47:03.317,19:17:03.317,0:24.003,0:46.526,0:28.295,321.1,Philipp Eng,,GTP,,BMW M Team WRT,BMW,GF,
25,1,22,1:38.579,0,,24.458,0,45.925,0,28.196,0,209.2,48:41.896,19:18:41.896,0:24.458,0:45.925,0:28.196,321.9,Philipp Eng,,GTP,,BMW M Team WRT,BMW,GF,
25,1,23,3:40.259,0,B,24.033,0,45.914,0,2:30.312,0,93.6,52:22.155,19:22:22.155,0:24.033,0:45.914,2:30.312,,Philipp Eng,,GTP,,BMW M Team WRT,BMW,GF,
25,3,24,2:05.003,0,,47.964,0,48.063,0,28.976,0,165.0,54:27.158,19:24:27.158,0:47.964,0:48.063,0:28.976,320.3,Kevin Magnussen,0:02:33.229,GTP,,BMW M Team WRT,BMW,GF,
25,3,25,1:39.750,0,,24.412,0,46.678,0,28.660,0,206.8,56:06.908,19:26:06.908,0:24.412,0:46.678,0:28.660,319.5,Kevin Magnussen,,GTP,,BMW M Team WRT,BMW,GF,
25,3,26,1:40.127,0,,24.385,0,46.467,0,29.275,0,206.0,57:47.035,19:27:47.035,0:24.385,0:46.467,0:29.275,317.2,Kevin Magnussen,,GTP,,BMW M Team WRT,BMW,GF,
25,3,27,1:39.050,0,,24.323,0,46.358,0,28.369,0,208.2,59:26.085,19:29:26.085,0:24.323,0:46.358,0:28.369,323.5,Kevin Magnussen,,GTP,,BMW M Team WRT,BMW,GF,
25,3,28,1:40.745,0,,25.175,0,46.948,0,28.622,0,204.7,1:01:06.830,19:31:06.830,0:25.175,0:46.948,0:28.622,319.5,Kevin Magnussen,,GTP,,BMW M Team WRT,BMW,GF,
25,3,29,1:39.033,0,,24.249,0,46.241,0,28.543,0,208.3,1:02:45.863,19:32:45.863,0:24.249,0:46.241,0:28.543,320.3,Kevin Magnussen,,GTP,,BMW M Team WRT,BMW,GF,
25,3,30,1:38.806,0,,24.361,0,46.090,0,28.355,1,208.7,1:04:24.669,19:34:24.669,0:24.361,0:46.090,0:28.355,319.5,Kevin Magnussen,,GTP,,BMW M Team WRT,BMW,GF,
25,3,31,1:38.686,0,,24.073,0,46.015,1,28.598,0,209.0,1:06:03.355,19:36:03.355,0:24.073,0:46.015,0:28.598,321.9,Kevin Magnussen,,GTP,,BMW M Team WRT,BMW,GF,
25,3,32,1:38.573,0,,24.022,1,46.043,0,28.508,0,209.2,1:07:41.928,19:37:41.928,0:24.022,0:46.043,0:28.508,320.3,Kevin Magnussen,,GTP,,BMW M Team WRT,BMW,GF,
25,3,33,3:37.759,0,B,24.425,0,46.300,0,2:27.034,0,94.7,1:11:19.687,19:41:19.687,0:24.425,0:46.300,2:27.034,,Kevin Magnussen,,GTP,,BMW M Team WRT,BMW,GF,
25,3,34,2:02.308,0,,47.064,0,46.569,0,28.675,0,168.6,1:13:21.995,19:43:21.995,0:47.064,0:46.569,0:28.675,319.5,Kevin Magnussen,0:02:30.631,GTP,,BMW M Team WRT,BMW,GF,
25,3,35,1:40.259,0,,25.168,0,46.078,0,29.013,0,205.7,1:15:02.254,19:45:02.254,0:25.168,0:46.078,0:29.013,318.0,Kevin Magnussen,,GTP,,BMW M Team WRT,BMW,GF,
25,3,36,1:39.419,0,,24.348,0,46.512,0,28.559,0,207.5,1:16:41.673,19:46:41.673,0:24.348,0:46.512,0:28.559,318.0,Kevin Magnussen,,GTP,,BMW M Team WRT,BMW,GF,
25,3,37,1:39.241,0,,24.402,0,46.372,0,28.467,0,207.8,1:18:20.914,19:48:20.914,0:24.402,0:46.372,0:28.467,321.1,Kevin Magnussen,,GTP,,BMW M Team WRT,BMW,GF,
25,3,38,1:40.440,0,,24.744,0,46.780,0,28.916,0,205.4,1:20:01.354,19:50:01.354,0:24.744,0:46.780,0:28.916,318.8,Kevin Magnussen,,GTP,,BMW M Team WRT,BMW,GF,
25,3,39,1:40.037,0,,24.529,0,46.851,0,28.657,0,206.2,1:21:41.391,19:51:41.391,0:24.529,0:46.851,0:28.657,313.5,Kevin Magnussen,,GTP,,BMW M Team WRT,BMW,GF,
25,3,40,1:39.718,0,,24.866,0,46.268,0,28.584,0,206.8,1:23:21.109,19:53:21.109,0:24.866,0:46.268,0:28.584,324.3,Kevin Magnussen,,GTP,,BMW M Team WRT,BMW,GF,
25,3,41,4:54.033,0,B,24.464,0,46.431,0,3:43.138,0,70.1,1:28:15.142,19:58:15.142,0:24.464,0:46.431,3:43.138,,Kevin Magnussen,,GTP,,BMW M Team WRT,BMW,GF,
25,3,42,2:02.886,0,,47.698,0,46.560,0,28.628,0,167.8,1:30:18.028,20:00:18.028,0:47.698,0:46.560,0:28.628,323.5,Kevin Magnussen,0:03:46.459,GTP,,BMW M Team WRT,BMW,GF,
25,3,43,1:39.993,0,,24.422,0,47.113,0,28.458,0,206.3,1:31:58.021,20:01:58.021,0:24.422,0:47.113,0:28.458,320.3,Kevin Magnussen,,GTP,,BMW M Team WRT,BMW,GF,
25,3,44,1:39.361,0,,24.301,0,46.440,0,28.620,0,207.6,1:33:37.382,20:03:37.382,0:24.301,0:46.440,0:28.620,319.5,Kevin Magnussen,,GTP,,BMW M Team WRT,BMW,GF,
25,3,45,1:40.439,0,,24.464,0,46.676,0,29.299,0,205.4,1:35:17.821,20:05:17.821,0:24.464,0:46.676,0:29.299,318.8,Kevin Magnussen,,GTP,,BMW M Team WRT,BMW,GF,
25,3,46,1:40.447,0,,24.706,0,47.122,0,28.619,0,205.3,1:36:58.268,20:06:58.268,0:24.706,0:47.122,0:28.619,320.3,Kevin Magnussen,,GTP,,BMW M Team WRT,BMW,GF,
25,3,47,1:39.920,0,,24.698,0,46.213,0,29.009,0,206.4,1:38:38.188,20:08:38.188,0:24.698,0:46.213,0:29.009,321.9,Kevin Magnussen,,GTP,,BMW M Team WRT,BMW,GF,
25,3,48,1:40.164,0,,24.632,0,46.426,0,29.106,0,205.9,1:40:18.352,20:10:18.352,0:24.632,0:46.426,0:29.106,321.1,Kevin Magnussen,,GTP,,BMW M Team WRT,BMW,GF,
25,3,49,1:40.762,0,,25.249,0,46.673,0,28.840,0,204.7,1:41:59.114,20:11:59.114,0:25.249,0:46.673,0:28.840,320.3,Kevin Magnussen,,GTP,,BMW M Team WRT,BMW,GF,
25,3,50,4:08.352,0,B,24.677,0,46.396,0,2:57.279,0,83.0,1:46:07.466,20:16:07.466,0:24.677,0:46.396,2:57.279,,Kevin Magnussen,,GTP,,BMW M Team WRT,BMW,GF,
25,3,51,2:03.147,0,,47.403,0,46.704,0,29.040,0,167.5,1:48:10.613,20:18:10.613,0:47.403,0:46.704,0:29.040,322.7,Kevin Magnussen,0:02:59.726,GTP,,BMW M Team WRT,BMW,GF,
25,3,52,1:41.115,0,,25.615,0,46.338,0,29.162,0,204.0,1:49:51.728,20:19:51.728,0:25.615,0:46.338,0:29.162,319.5,Kevin Magnussen,,GTP,,BMW M Team WRT,BMW,GF,
25,3,53,1:39.477,0,,24.321,0,46.228,0,28.928,0,207.3,1:51:31.205,20:21:31.205,0:24.321,0:46.228,0:28.928,320.3,Kevin Magnussen,,GTP,,BMW M Team WRT,BMW,GF,
25,3,54,1:40.429,0,,24.420,0,46.302,0,29.707,0,205.4,1:53:11.634,20:23:11.634,0:24.420,0:46.302,0:29.707,321.9,Kevin Magnussen,,GTP,,BMW M Team WRT,BMW,GF,
25,3,55,1:40.874,0,,24.851,0,47.244,0,28.779,0,204.5,1:54:52.508,20:24:52.508,0:24.851,0:47.244,0:28.779,318.8,Kevin Magnussen,,GTP,,BMW M Team WRT,BMW,GF,
25,3,56,1:41.003,0,,24.650,0,47.495,0,28.858,0,204.2,1:56:33.511,20:26:33.511,0:24.650,0:47.495,0:28.858,321.1,Kevin Magnussen,,GTP,,BMW M Team WRT,BMW,GF,
25,3,57,1:39.263,0,,24.551,0,46.262,0,28.450,0,207.8,1:58:12.774,20:28:12.774,0:24.551,0:46.262,0:28.450,323.5,Kevin Magnussen,,GTP,,BMW M Team WRT,BMW,GF,
25,3,58,1:39.793,0,,24.537,0,46.326,0,28.930,0,206.7,1:59:52.567,20:29:52.567,0:24.537,0:46.326,0:28.930,322.7,Kevin Magnussen,,GTP,,BMW M Team WRT,BMW,GF,
25,3,59,1:39.914,0,,24.883,0,46.531,0,28.500,0,206.4,2:01:32.481,20:31:32.481,0:24.883,0:46.531,0:28.500,320.3,Kevin Magnussen,,GTP,,BMW M Team WRT,BMW,FF,
27,1,1,4:40.316,0,,3:10.902,0,56.127,0,33.287,0,73.6,4:40.316,18:34:40.316,3:10.902,0:56.127,0:33.287,281.3,Mattia Drudi,0:02:48.727,GTD,,Heart of Racing Team,Aston Martin,GF,
27,1,2,1:50.191,0,,26.030,0,50.985,0,33.176,0,187.2,6:30.507,18:36:30.507,0:26.030,0:50.985,0:33.176,275.4,Mattia Drudi,,GTD,,Heart of Racing Team,Aston Martin,GF,
27,1,3,1:53.933,0,,26.511,0,54.352,0,33.070,0,181.0,8:24.440,18:38:24.440,0:26.511,0:54.352,0:33.070,279.5,Mattia Drudi,,GTD,,Heart of Racing Team,Aston Martin,GF,
27,1,4,1:49.296,0,,26.065,0,50.878,0,32.353,0,188.7,10:13.736,18:40:13.736,0:26.065,0:50.878,0:32.353,282.5,Mattia Drudi,,GTD,,Heart of Racing Team,Aston Martin,GF,
27,1,5,1:49.830,0,,25.869,0,51.663,0,32.298,0,187.8,12:03.566,18:42:03.566,0:25.869,0:51.663,0:32.298,280.7,Mattia Drudi,,GTD,,Heart of Racing Team,Aston Martin,GF,
27,1,6,1:49.119,0,,25.943,0,50.770,0,32.406,0,189.0,13:52.685,18:43:52.685,0:25.943,0:50.770,0:32.406,280.1,Mattia Drudi,,GTD,,Heart of Racing Team,Aston Martin,GF,
27,1,7,1:48.986,0,,25.888,0,50.920,0,32.178,2,189.2,15:41.671,18:45:41.671,0:25.888,0:50.920,0:32.178,279.5,Mattia Drudi,,GTD,,Heart of Racing Team,Aston Martin,GF,
27,1,8,7:35.198,0,B,26.315,0,50.760,1,6:18.123,0,45.3,23:16.869,18:53:16.869,0:26.315,0:50.760,6:18.123,,Mattia Drudi,,GTD,,Heart of Racing Team,Aston Martin,GF,
27,1,9,2:15.002,0,,48.648,0,53.237,0,33.117,0,152.8,25:31.871,18:55:31.871,0:48.648,0:53.237,0:33.117,278.3,Mattia Drudi,0:06:18.009,GTD,,Heart of Racing Team,Aston Martin,GF,
27,1,10,1:49.984,0,,25.882,0,50.979,0,33.123,0,187.5,27:21.855,18:57:21.855,0:25.882,0:50.979,0:33.123,282.5,Mattia Drudi,,GTD,,Heart of Racing Team,Aston Martin,GF,
27,1,11,1:48.970,0,,25.866,0,50.812,0,32.292,0,189.3,29:10.825,18:59:10.825,0:25.866,0:50.812,0:32.292,277.7,Mattia Drudi,,GTD,,Heart of Racing Team,Aston Martin,GF,
27,1,12,8:42.474,0,B,25.842,0,50.858,0,7:25.774,0,39.5,37:53.299,19:07:53.299,0:25.842,0:50.858,7:25.774,,Mattia Drudi,,GTD,,Heart of Racing Team,Aston Martin,GF,
27,1,13,2:12.069,0,,48.580,0,50.929,0,32.560,0,156.2,40:05.368,19:10:05.368,0:48.580,0:50.929,0:32.560,280.1,Mattia Drudi,0:07:25.173,GTD,,Heart of Racing Team,Aston Martin,GF,
27,1,14,1:49.686,0,,25.790,1,51.352,0,32.544,0,188.0,41:55.054,19:11:55.054,0:25.790,0:51.352,0:32.544,282.5,Mattia Drudi,,GTD,,Heart of Racing Team,Aston Martin,GF,
27,1,15,3:05.663,0,B,25.930,0,50.916,0,1:48.817,0,111.1,45:00.717,19:15:00.717,0:25.930,0:50.916,1:48.817,,Mattia Drudi,,GTD,,Heart of Racing Team,Aston Martin,GF,
27,3,16,2:15.372,0,,49.513,0,53.047,0,32.812,0,152.4,47:16.089,19:17:16.089,0:49.513,0:53.047,0:32.812,281.3,Dudu Barrichello,0:01:48.566,GTD,,Heart of Racing Team,Aston Martin,GF,
27,3,17,2:08.101,0,B,26.126,0,54.861,0,47.114,0,161.0,49:24.190,19:19:24.190,0:26.126,0:54.861,0:47.114,,Dudu Barrichello,,GTD,,Heart of Racing Team,Aston Martin,GF,
27,3,18,2:15.567,0,,50.068,0,52.944,0,32.555,0,152.1,51:39.757,19:21:39.757,0:50.068,0:52.944,0:32.555,277.7,Dudu Barrichello,0:00:44.840,GTD,,Heart of Racing Team,Aston Martin,GF,
27,3,19,1:49.650,0,,26.411,0,50.737,0,32.502,0,188.1,53:29.407,19:23:29.407,0:26.411,0:50.737,0:32.502,281.9,Dudu Barrichello,,GTD,,Heart of Racing Team,Aston Martin,GF,
27,3,20,1:49.695,0,,26.193,0,51.040,0,32.462,0,188.0,55:19.102,19:25:19.102,0:26.193,0:51.040,0:32.462,280.1,Dudu Barrichello,,GTD,,Heart of Racing Team,Aston Martin,GF,
27,3,21,1:49.507,0,,26.261,0,50.846,0,32.400,1,188.3,57:08.609,19:27:08.609,0:26.261,0:50.846,0:32.400,280.7,Dudu Barrichello,,GTD,,Heart of Racing Team,Aston Martin,GF,
27,3,22,2:50.156,0,B,25.984,0,50.637,1,1:33.535,0,121.2,59:58.765,19:29:58.765,0:25.984,0:50.637,1:33.535,,Dudu Barrichello,,GTD,,Heart of Racing Team,Aston Martin,GF,
27,3,23,2:25.083,0,,52.236,0,59.334,0,33.513,0,142.2,1:02:23.848,19:32:23.848,0:52.236,0:59.334,0:33.513,276.6,Dudu Barrichello,0:01:33.550,GTD,,Heart of Racing Team,Aston Martin,GF,
27,3,24,1:54.348,0,,26.799,0,53.626,0,33.923,0,180.4,1:04:18.196,19:34:18.196,0:26.799,0:53.626,0:33.923,280.7,Dudu Barrichello,,GTD,,Heart of Racing Team,Aston Martin,GF,
27,3,25,1:49.495,0,,25.825,0,50.976,0,32.694,0,188.4,1:06:07.691,19:36:07.691,0:25.825,0:50.976,0:32.694,282.5,Dudu Barrichello,,GTD,,Heart of Racing Team,Aston Martin,GF,
27,3,26,1:49.959,0,,25.933,0,51.525,0,32.501,0,187.6,1:07:57.650,19:37:57.650,0:25.933,0:51.525,0:32.501,277.2,Dudu Barrichello,,GTD,,Heart of Racing Team,Aston Martin,GF,
27,3,27,1:49.152,0,,25.757,1,50.818,0,32.577,0,189.0,1:09:46.802,19:39:46.802,0:25.757,0:50.818,0:32.577,279.5,Dudu Barrichello,,GTD,,Heart of Racing Team,Aston Martin,GF,
27,3,28,5:28.888,0,B,26.059,0,50.898,0,4:11.931,0,62.7,1:15:15.690,19:45:15.690,0:26.059,0:50.898,4:11.931,,Dudu Barrichello,,GTD,,Heart of Racing Team,Aston Martin,GF,
27,2,29,2:14.260,0,,49.133,0,51.654,0,33.473,0,153.6,1:17:29.950,19:47:29.950,0:49.133,0:51.654,0:33.473,274.8,Zacharie Robichon,0:04:11.057,GTD,,Heart of Racing Team,Aston Martin,GF,
27,2,30,1:51.149,0,,26.969,0,51.283,0,32.897,0,185.6,1:19:21.099,19:49:21.099,0:26.969,0:51.283,0:32.897,278.3,Zacharie Robichon,,GTD,,Heart of Racing Team,Aston Martin,GF,
27,2,31,1:52.023,0,,26.360,0,52.300,0,33.363,0,184.1,1:21:13.122,19:51:13.122,0:26.360,0:52.300,0:33.363,280.1,Zacharie Robichon,,GTD,,Heart of Racing Team,Aston Martin,GF,
27,2,32,1:49.695,0,,26.170,0,51.091,0,32.434,0,188.0,1:23:02.817,19:53:02.817,0:26.170,0:51.091,0:32.434,278.9,Zacharie Robichon,,GTD,,Heart of Racing Team,Aston Martin,GF,
27,2,33,1:49.427,0,,26.096,0,51.070,0,32.261,1,188.5,1:24:52.244,19:54:52.244,0:26.096,0:51.070,0:32.261,283.1,Zacharie Robichon,,GTD,,Heart of Racing Team,Aston Martin,GF,
27,2,34,9:07.399,0,B,26.044,1,50.817,1,7:50.538,0,37.7,1:33:59.643,20:03:59.643,0:26.044,0:50.817,7:50.538,,Zacharie Robichon,,GTD,,Heart of Racing Team,Aston Martin,GF,
27,2,35,2:26.468,0,B,48.773,0,51.621,0,46.074,0,140.8,1:36:26.111,20:06:26.111,0:48.773,0:51.621,0:46.074,,Zacharie Robichon,0:07:49.527,GTD,,Heart of Racing Team,Aston Martin,GF,
27,2,36,2:14.790,0,,49.375,0,51.684,0,33.731,0,153.0,1:38:40.901,20:08:40.901,0:49.375,0:51.684,0:33.731,277.2,Zacharie Robichon,0:00:44.993,GTD,,Heart of Racing Team,Aston Martin,GF,
27,2,37,3:58.100,0,B,27.119,0,51.472,0,2:39.509,0,86.6,1:42:39.001,20:12:39.001,0:27.119,0:51.472,2:39.509,,Zacharie Robichon,,GTD,,Heart of Racing Team,Aston Martin,GF,
27,4,38,2:14.462,0,,49.078,0,52.554,0,32.830,0,153.4,1:44:53.463,20:14:53.463,0:49.078,0:52.554,0:32.830,277.7,Tom Gamble,0:02:39.101,GTD,,Heart of Racing Team,Aston Martin,GF,
27,4,39,1:50.079,0,,26.170,0,51.085,0,32.824,0,187.4,1:46:43.542,20:16:43.542,0:26.170,0:51.085,0:32.824,276.6,Tom Gamble,,GTD,,Heart of Racing Team,Aston Martin,GF,
27,4,40,1:49.449,0,,26.219,0,50.854,0,32.376,0,188.4,1:48:32.991,20:18:32.991,0:26.219,0:50.854,0:32.376,278.3,Tom Gamble,,GTD,,Heart of Racing Team,Aston Martin,GF,
27,4,41,1:49.002,0,,25.837,0,50.799,0,32.366,1,189.2,1:50:21.993,20:20:21.993,0:25.837,0:50.799,0:32.366,280.1,Tom Gamble,,GTD,,Heart of Racing Team,Aston Martin,GF,
27,4,42,1:48.862,2,,25.844,0,50.594,2,32.424,0,189.5,1:52:10.855,20:22:10.855,0:25.844,0:50.594,0:32.424,277.7,Tom Gamble,,GTD,,Heart of Racing Team,Aston Martin,GF,
27,4,43,1:49.150,0,,25.766,0,50.854,0,32.530,0,189.0,1:54:00.005,20:24:00.005,0:25.766,0:50.854,0:32.530,277.7,Tom Gamble,,GTD,,Heart of Racing Team,Aston Martin,GF,
27,4,44,1:49.059,0,,25.815,0,50.817,0,32.427,0,189.1,1:55:49.064,20:25:49.064,0:25.815,0:50.817,0:32.427,279.5,Tom Gamble,,GTD,,Heart of Racing Team,Aston Martin,GF,
28,2,1,2:35.567,0,,46.741,0,1:05.820,0,43.006,0,132.6,2:35.567,18:32:35.567,0:46.741,1:05.820,0:43.006,201.3,Jan Heylen,0:00:27.576,GTD,,Rs1,Porsche,GF,
28,2,2,2:16.904,0,,32.110,0,1:04.824,0,39.970,0,150.7,4:52.471,18:34:52.471,0:32.110,1:04.824,0:39.970,183.9,Jan Heylen,,GTD,,Rs1,Porsche,GF,
28,2,3,1:56.933,0,,28.811,0,52.654,0,35.468,0,176.4,6:49.404,18:36:49.404,0:28.811,0:52.654,0:35.468,269.8,Jan Heylen,,GTD,,Rs1,Porsche,GF,
28,2,4,1:49.727,0,,26.094,0,50.909,0,32.724,0,188.0,8:39.131,18:38:39.131,0:26.094,0:50.909,0:32.724,269.8,Jan Heylen,,GTD,,Rs1,Porsche,GF,
28,2,5,1:48.983,2,,25.686,0,50.680,2,32.617,2,189.3,10:28.114,18:40:28.114,0:25.686,0:50.680,0:32.617,270.9,Jan Heylen,,GTD,,Rs1,Porsche,GF,
28,2,6,2:05.961,0,B,25.514,2,50.680,0,49.767,0,163.7,12:34.075,18:42:34.075,0:25.514,0:50.680,0:49.767,,Jan Heylen,,GTD,,Rs1,Porsche,GF,
28,2,7,14:45.663,0,B,12:08.593,0,1:19.623,0,1:17.447,0,23.3,27:19.738,18:57:19.738,12:08.593,1:19.623,1:17.447,,Jan Heylen,0:12:06.029,GTD,,Rs1,Porsche,GF,
3,2,1,2:52.232,0,,1:23.985,0,53.486,0,34.761,0,119.8,2:52.232,18:32:52.232,1:23.985,0:53.486,0:34.761,272.0,Alexander Sims,0:01:04.687,GTDPRO,,Corvette Racing by Pratt Miller Motorsports,Chevrolet,GF,
3,2,2,2:39.449,0,B,25.563,0,50.742,0,1:23.144,0,129.4,5:31.681,18:35:31.681,0:25.563,0:50.742,1:23.144,,Alexander Sims,,GTDPRO,,Corvette Racing by Pratt Miller Motorsports,Chevrolet,GF,
3,2,3,2:15.418,0,,50.318,0,52.181,0,32.919,0,152.3,7:47.099,18:37:47.099,0:50.318,0:52.181,0:32.919,270.9,Alexander Sims,0:01:22.110,GTDPRO,,Corvette Racing by Pratt Miller Motorsports,Chevrolet,GF,
3,2,4,1:49.550,0,,25.542,0,51.091,0,32.917,0,188.3,9:36.649,18:39:36.649,0:25.542,0:51.091,0:32.917,274.8,Alexander Sims,,GTDPRO,,Corvette Racing by Pratt Miller Motorsports,Chevrolet,GF,
3,2,5,1:59.737,0,,25.505,0,52.947,0,41.285,0,172.3,11:36.386,18:41:36.386,0:25.505,0:52.947,0:41.285,191.6,Alexander Sims,,GTDPRO,,Corvette Racing by Pratt Miller Motorsports,Chevrolet,GF,
3,2,6,1:57.594,0,,33.736,0,51.015,0,32.843,0,175.4,13:33.980,18:43:33.980,0:33.736,0:51.015,0:32.843,271.4,Alexander Sims,,GTDPRO,,Corvette Racing by Pratt Miller Motorsports,Chevrolet,GF,
3,2,7,1:49.169,0,,25.630,0,50.966,0,32.573,0,188.9,15:23.149,18:45:23.149,0:25.630,0:50.966,0:32.573,273.7,Alexander Sims,,GTDPRO,,Corvette Racing by Pratt Miller Motorsports,Chevrolet,GF,
3,2,8,1:48.511,0,,25.496,0,50.706,0,32.309,1,190.1,17:11.660,18:47:11.660,0:25.496,0:50.706,0:32.309,272.6,Alexander Sims,,GTDPRO,,Corvette Racing by Pratt Miller Motorsports,Chevrolet,GF,
3,2,9,51:00.842,0,B,25.328,0,50.532,0,49:44.982,0,6.7,1:08:12.502,19:38:12.502,0:25.328,0:50.532,49:44.982,,Alexander Sims,,GTDPRO,,Corvette Racing by Pratt Miller Motorsports,Chevrolet,GF,
3,2,10,3:22.099,0,B,50.688,0,52.962,0,1:38.449,0,102.1,1:11:34.601,19:41:34.601,0:50.688,0:52.962,1:38.449,,Alexander Sims,0:49:45.193,GTDPRO,,Corvette Racing by Pratt Miller Motorsports,Chevrolet,GF,
3,2,11,2:12.356,0,,48.065,0,51.283,0,33.008,0,155.8,1:13:46.957,19:43:46.957,0:48.065,0:51.283,0:33.008,268.7,Alexander Sims,0:01:37.820,GTDPRO,,Corvette Racing by Pratt Miller Motorsports,Chevrolet,GF,
3,2,12,1:48.844,0,,25.448,0,50.753,0,32.643,0,189.5,1:15:35.801,19:45:35.801,0:25.448,0:50.753,0:32.643,269.2,Alexander Sims,,GTDPRO,,Corvette Racing by Pratt Miller Motorsports,Chevrolet,GF,
3,2,13,1:48.560,0,,25.578,0,50.578,0,32.404,0,190.0,1:17:24.361,19:47:24.361,0:25.578,0:50.578,0:32.404,271.4,Alexander Sims,,GTDPRO,,Corvette Racing by Pratt Miller Motorsports,Chevrolet,GF,
3,2,14,1:48.406,0,,25.296,0,50.620,0,32.490,0,190.3,1:19:12.767,19:49:12.767,0:25.296,0:50.620,0:32.490,271.4,Alexander Sims,,GTDPRO,,Corvette Racing by Pratt Miller Motorsports,Chevrolet,GF,
3,2,15,1:48.193,0,,25.220,0,50.580,0,32.393,0,190.6,1:21:00.960,19:51:00.960,0:25.220,0:50.580,0:32.393,271.4,Alexander Sims,,GTDPRO,,Corvette Racing by Pratt Miller Motorsports,Chevrolet,GF,
3,2,16,11:13.302,0,B,25.838,0,51.898,0,9:55.566,0,30.6,1:32:14.262,20:02:14.262,0:25.838,0:51.898,9:55.566,,Alexander Sims,,GTDPRO,,Corvette Racing by Pratt Miller Motorsports,Chevrolet,GF,
3,2,17,2:11.478,0,,48.009,0,50.805,0,32.664,0,156.9,1:34:25.740,20:04:25.740,0:48.009,0:50.805,0:32.664,269.2,Alexander Sims,0:09:56.198,GTDPRO,,Corvette Racing by Pratt Miller Motorsports,Chevrolet,GF,
3,2,18,1:48.294,0,,25.188,2,50.618,0,32.488,0,190.5,1:36:14.034,20:06:14.034,0:25.188,0:50.618,0:32.488,269.8,Alexander Sims,,GTDPRO,,Corvette Racing by Pratt Miller Motorsports,Chevrolet,GF,
3,2,19,1:48.746,0,,25.361,0,50.772,0,32.613,0,189.7,1:38:02.780,20:08:02.780,0:25.361,0:50.772,0:32.613,270.3,Alexander Sims,,GTDPRO,,Corvette Racing by Pratt Miller Motorsports,Chevrolet,GF,
3,2,20,1:48.822,0,,25.729,0,50.646,0,32.447,0,189.5,1:39:51.602,20:09:51.602,0:25.729,0:50.646,0:32.447,272.6,Alexander Sims,,GTDPRO,,Corvette Racing by Pratt Miller Motorsports,Chevrolet,GF,
3,2,21,1:48.292,0,,25.314,0,50.572,0,32.406,0,190.5,1:41:39.894,20:11:39.894,0:25.314,0:50.572,0:32.406,272.6,Alexander Sims,,GTDPRO,,Corvette Racing by Pratt Miller Motorsports,Chevrolet,GF,
3,2,22,1:48.142,2,,25.267,0,50.401,2,32.474,0,190.7,1:43:28.036,20:13:28.036,0:25.267,0:50.401,0:32.474,272.6,Alexander Sims,,GTDPRO,,Corvette Racing by Pratt Miller Motorsports,Chevrolet,GF,
3,2,23,2:44.481,0,B,25.694,0,51.163,0,1:27.624,0,125.4,1:46:12.517,20:16:12.517,0:25.694,0:51.163,1:27.624,,Alexander Sims,,GTDPRO,,Corvette Racing by Pratt Miller Motorsports,Chevrolet,GF,
3,1,24,2:13.790,0,,49.974,0,51.012,0,32.804,0,154.2,1:48:26.307,20:18:26.307,0:49.974,0:51.012,0:32.804,273.1,Antonio Garcia,0:01:28.118,GTDPRO,,Corvette Racing by Pratt Miller Motorsports,Chevrolet,GF,
3,1,25,1:49.139,0,,25.815,0,50.758,0,32.566,0,189.0,1:50:15.446,20:20:15.446,0:25.815,0:50.758,0:32.566,272.6,Antonio Garcia,,GTDPRO,,Corvette Racing by Pratt Miller Motorsports,Chevrolet,GF,
3,1,26,1:48.617,0,,25.525,0,50.784,0,32.308,0,189.9,1:52:04.063,20:22:04.063,0:25.525,0:50.784,0:32.308,274.3,Antonio Garcia,,GTDPRO,,Corvette Racing by Pratt Miller Motorsports,Chevrolet,GF,
3,1,27,1:48.627,0,,25.442,0,50.676,0,32.509,0,189.9,1:53:52.690,20:23:52.690,0:25.442,0:50.676,0:32.509,272.6,Antonio Garcia,,GTDPRO,,Corvette Racing by Pratt Miller Motorsports,Chevrolet,GF,
3,1,28,1:48.220,0,,25.408,1,50.533,1,32.279,2,190.6,1:55:40.910,20:25:40.910,0:25.408,0:50.533,0:32.279,274.3,Antonio Garcia,,GTDPRO,,Corvette Racing by Pratt Miller Motorsports,Chevrolet,GF,
3,1,29,1:48.741,0,,25.416,0,50.846,0,32.479,0,189.7,1:57:29.651,20:27:29.651,0:25.416,0:50.846,0:32.479,272.6,Antonio Garcia,,GTDPRO,,Corvette Racing by Pratt Miller Motorsports,Chevrolet,GF,
3,1,30,1:48.618,0,,25.600,0,50.645,0,32.373,0,189.9,1:59:18.269,20:29:18.269,0:25.600,0:50.645,0:32.373,272.6,Antonio Garcia,,GTDPRO,,Corvette Racing by Pratt Miller Motorsports,Chevrolet,GF,
3,1,31,1:56.707,0,,27.383,0,55.692,0,33.632,0,176.7,2:01:14.976,20:31:14.976,0:27.383,0:55.692,0:33.632,265.4,Antonio Garcia,,GTDPRO,,Corvette Racing by Pratt Miller Motorsports,Chevrolet,FF,
31,2,1,2:39.144,0,,1:16.110,0,52.655,0,30.379,0,129.6,2:39.144,18:32:39.144,1:16.110,0:52.655,0:30.379,318.8,Earl Bamber,0:00:56.588,GTP,,Cadillac Whelen,Cadillac,GF,
31,2,2,1:41.657,0,,25.289,0,47.210,0,29.158,0,202.9,4:20.801,18:34:20.801,0:25.289,0:47.210,0:29.158,323.5,Earl Bamber,,GTP,,Cadillac Whelen,Cadillac,GF,
31,2,3,1:41.329,0,,24.468,0,47.915,0,28.946,0,203.5,6:02.130,18:36:02.130,0:24.468,0:47.915,0:28.946,320.3,Earl Bamber,,GTP,,Cadillac Whelen,Cadillac,GF,
31,2,4,1:39.512,0,,24.384,0,46.322,0,28.806,0,207.3,7:41.642,18:37:41.642,0:24.384,0:46.322,0:28.806,315.0,Earl Bamber,,GTP,,Cadillac Whelen,Cadillac,GF,
31,2,5,1:39.643,0,,24.758,0,46.016,0,28.869,0,207.0,9:21.285,18:39:21.285,0:24.758,0:46.016,0:28.869,317.2,Earl Bamber,,GTP,,Cadillac Whelen,Cadillac,GF,
31,2,6,1:38.095,0,,23.910,0,45.625,0,28.560,0,210.3,10:59.380,18:40:59.380,0:23.910,0:45.625,0:28.560,315.7,Earl Bamber,,GTP,,Cadillac Whelen,Cadillac,GF,
31,2,7,1:39.075,0,,24.020,0,46.091,0,28.964,0,208.2,12:38.455,18:42:38.455,0:24.020,0:46.091,0:28.964,320.3,Earl Bamber,,GTP,,Cadillac Whelen,Cadillac,GF,
31,2,8,1:37.919,0,,23.969,0,45.594,0,28.356,1,210.6,14:16.374,18:44:16.374,0:23.969,0:45.594,0:28.356,318.0,Earl Bamber,,GTP,,Cadillac Whelen,Cadillac,GF,
31,2,9,8:29.910,0,B,24.045,0,46.034,0,7:19.831,0,40.4,22:46.284,18:52:46.284,0:24.045,0:46.034,7:19.831,,Earl Bamber,,GTP,,Cadillac Whelen,Cadillac,GF,
31,2,10,2:04.016,0,,47.935,0,47.063,0,29.018,0,166.3,24:50.300,18:54:50.300,0:47.935,0:47.063,0:29.018,316.5,Earl Bamber,0:07:22.037,GTP,,Cadillac Whelen,Cadillac,GF,
31,2,11,1:42.652,0,,23.996,0,48.220,0,30.436,0,200.9,26:32.952,18:56:32.952,0:23.996,0:48.220,0:30.436,318.0,Earl Bamber,,GTP,,Cadillac Whelen,Cadillac,GF,
31,2,12,1:38.380,0,,23.831,1,45.680,0,28.869,0,209.7,28:11.332,18:58:11.332,0:23.831,0:45.680,0:28.869,318.0,Earl Bamber,,GTP,,Cadillac Whelen,Cadillac,GF,
31,2,13,1:39.173,0,,24.017,0,46.403,0,28.753,0,208.0,29:50.505,18:59:50.505,0:24.017,0:46.403,0:28.753,315.7,Earl Bamber,,GTP,,Cadillac Whelen,Cadillac,GF,
31,2,14,1:38.087,0,,23.959,0,45.565,1,28.563,0,210.3,31:28.592,19:01:28.592,0:23.959,0:45.565,0:28.563,318.8,Earl Bamber,,GTP,,Cadillac Whelen,Cadillac,GF,
31,2,15,3:15.477,0,B,24.882,0,46.625,0,2:03.970,0,105.5,34:44.069,19:04:44.069,0:24.882,0:46.625,2:03.970,,Earl Bamber,,GTP,,Cadillac Whelen,Cadillac,GF,
31,3,16,2:05.523,0,,48.575,0,47.744,0,29.204,0,164.3,36:49.592,19:06:49.592,0:48.575,0:47.744,0:29.204,315.7,Frederik Vesti,0:02:07.208,GTP,,Cadillac Whelen,Cadillac,GF,
31,3,17,1:39.793,0,,24.481,0,46.318,0,28.994,0,206.7,38:29.385,19:08:29.385,0:24.481,0:46.318,0:28.994,317.2,Frederik Vesti,,GTP,,Cadillac Whelen,Cadillac,GF,
31,3,18,1:39.721,0,,24.141,0,46.852,0,28.728,0,206.8,40:09.106,19:10:09.106,0:24.141,0:46.852,0:28.728,318.0,Frederik Vesti,,GTP,,Cadillac Whelen,Cadillac,GF,
31,3,19,2:48.574,0,B,25.209,0,46.752,0,1:36.613,0,122.4,42:57.680,19:12:57.680,0:25.209,0:46.752,1:36.613,,Frederik Vesti,,GTP,,Cadillac Whelen,Cadillac,GF,
31,3,20,2:08.139,0,,49.605,0,48.879,0,29.655,0,161.0,45:05.819,19:15:05.819,0:49.605,0:48.879,0:29.655,315.0,Frederik Vesti,0:01:39.695,GTP,,Cadillac Whelen,Cadillac,GF,
31,3,21,1:38.407,0,,24.013,0,45.625,0,28.769,0,209.6,46:44.226,19:16:44.226,0:24.013,0:45.625,0:28.769,316.5,Frederik Vesti,,GTP,,Cadillac Whelen,Cadillac,GF,
31,3,22,1:38.496,0,,23.776,0,45.637,0,29.083,0,209.4,48:22.722,19:18:22.722,0:23.776,0:45.637,0:29.083,315.0,Frederik Vesti,,GTP,,Cadillac Whelen,Cadillac,GF,
31,3,23,1:37.791,0,,23.769,1,45.526,0,28.496,0,210.9,50:00.513,19:20:00.513,0:23.769,0:45.526,0:28.496,318.0,Frederik Vesti,,GTP,,Cadillac Whelen,Cadillac,GF,
31,3,24,1:38.028,0,,23.867,0,45.656,0,28.505,0,210.4,51:38.541,19:21:38.541,0:23.867,0:45.656,0:28.505,318.0,Frederik Vesti,,GTP,,Cadillac Whelen,Cadillac,GF,
31,3,25,1:37.516,2,,23.819,0,45.412,2,28.285,2,211.5,53:16.057,19:23:16.057,0:23.819,0:45.412,0:28.285,321.1,Frederik Vesti,,GTP,,Cadillac Whelen,Cadillac,GF,
31,3,26,1:39.616,0,,25.057,0,46.014,0,28.545,0,207.0,54:55.673,19:24:55.673,0:25.057,0:46.014,0:28.545,318.8,Frederik Vesti,,GTP,,Cadillac Whelen,Cadillac,GF,
31,3,27,1:39.532,0,,24.337,0,46.234,0,28.961,0,207.2,56:35.205,19:26:35.205,0:24.337,0:46.234,0:28.961,320.3,Frederik Vesti,,GTP,,Cadillac Whelen,Cadillac,GF,
31,3,28,1:39.521,0,,24.273,0,46.658,0,28.590,0,207.2,58:14.726,19:28:14.726,0:24.273,0:46.658,0:28.590,317.2,Frederik Vesti,,GTP,,Cadillac Whelen,Cadillac,GF,
31,3,29,1:38.511,0,,23.987,0,46.005,0,28.519,0,209.4,59:53.237,19:29:53.237,0:23.987,0:46.005,0:28.519,318.8,Frederik Vesti,,GTP,,Cadillac Whelen,Cadillac,GF,
31,3,30,3:26.433,0,B,23.947,0,46.185,0,2:16.301,0,99.9,1:03:19.670,19:33:19.670,0:23.947,0:46.185,2:16.301,,Frederik Vesti,,GTP,,Cadillac Whelen,Cadillac,GF,
31,4,31,2:09.763,0,,50.881,0,49.346,0,29.536,0,158.9,1:05:29.433,19:35:29.433,0:50.881,0:49.346,0:29.536,317.2,Connor Zilisch,0:02:19.013,GTP,,Cadillac Whelen,Cadillac,GF,
31,4,32,1:38.774,0,,24.275,0,45.730,0,28.769,0,208.8,1:07:08.207,19:37:08.207,0:24.275,0:45.730,0:28.769,319.5,Connor Zilisch,,GTP,,Cadillac Whelen,Cadillac,GF,
31,4,33,1:39.451,0,,24.661,0,46.192,0,28.598,0,207.4,1:08:47.658,19:38:47.658,0:24.661,0:46.192,0:28.598,318.8,Connor Zilisch,,GTP,,Cadillac Whelen,Cadillac,GF,
31,4,34,1:39.481,0,,24.521,0,45.801,0,29.159,0,207.3,1:10:27.139,19:40:27.139,0:24.521,0:45.801,0:29.159,318.8,Connor Zilisch,,GTP,,Cadillac Whelen,Cadillac,GF,
31,4,35,1:39.646,0,,23.839,0,46.479,0,29.328,0,207.0,1:12:06.785,19:42:06.785,0:23.839,0:46.479,0:29.328,316.5,Connor Zilisch,,GTP,,Cadillac Whelen,Cadillac,GF,
31,4,36,1:39.185,0,,23.915,0,46.552,0,28.718,0,207.9,1:13:45.970,19:43:45.970,0:23.915,0:46.552,0:28.718,315.7,Connor Zilisch,,GTP,,Cadillac Whelen,Cadillac,GF,
31,4,37,1:38.520,0,,23.658,2,45.755,0,29.107,0,209.4,1:15:24.490,19:45:24.490,0:23.658,0:45.755,0:29.107,316.5,Connor Zilisch,,GTP,,Cadillac Whelen,Cadillac,GF,
31,4,38,1:39.221,0,,24.523,0,45.820,0,28.878,0,207.9,1:17:03.711,19:47:03.711,0:24.523,0:45.820,0:28.878,318.0,Connor Zilisch,,GTP,,Cadillac Whelen,Cadillac,GF,
31,4,39,1:38.339,0,,23.939,0,45.874,0,28.526,0,209.7,1:18:42.050,19:48:42.050,0:23.939,0:45.874,0:28.526,316.5,Connor Zilisch,,GTP,,Cadillac Whelen,Cadillac,GF,
31,4,40,1:37.956,0,,23.768,0,45.748,0,28.440,1,210.6,1:20:20.006,19:50:20.006,0:23.768,0:45.748,0:28.440,318.8,Connor Zilisch,,GTP,,Cadillac Whelen,Cadillac,GF,
31,4,41,1:38.911,0,,23.703,0,45.719,0,29.489,0,208.5,1:21:58.917,19:51:58.917,0:23.703,0:45.719,0:29.489,318.8,Connor Zilisch,,GTP,,Cadillac Whelen,Cadillac,GF,
31,4,42,1:37.647,0,,23.664,0,45.461,1,28.522,0,211.2,1:23:36.564,19:53:36.564,0:23.664,0:45.461,0:28.522,317.2,Connor Zilisch,,GTP,,Cadillac Whelen,Cadillac,GF,
31,4,43,1:37.658,0,,23.671,0,45.527,0,28.460,0,211.2,1:25:14.222,19:55:14.222,0:23.671,0:45.527,0:28.460,318.8,Connor Zilisch,,GTP,,Cadillac Whelen,Cadillac,GF,
31,4,44,1:38.607,0,,24.153,0,45.955,0,28.499,0,209.2,1:26:52.829,19:56:52.829,0:24.153,0:45.955,0:28.499,318.0,Connor Zilisch,,GTP,,Cadillac Whelen,Cadillac,GF,
31,4,45,1:38.289,0,,23.853,0,45.813,0,28.623,0,209.8,1:28:31.118,19:58:31.118,0:23.853,0:45.813,0:28.623,319.5,Connor Zilisch,,GTP,,Cadillac Whelen,Cadillac,GF,
31,4,46,1:40.167,0,,24.323,0,46.236,0,29.608,0,205.9,1:30:11.285,20:00:11.285,0:24.323,0:46.236,0:29.608,315.7,Connor Zilisch,,GTP,,Cadillac Whelen,Cadillac,GF,
31,4,47,4:04.169,0,B,23.865,0,45.464,0,2:54.840,0,84.5,1:34:15.454,20:04:15.454,0:23.865,0:45.464,2:54.840,,Connor Zilisch,,GTP,,Cadillac Whelen,Cadillac,GF,
31,1,48,2:03.481,0,,47.526,0,47.130,0,28.825,0,167.0,1:36:18.935,20:06:18.935,0:47.526,0:47.130,0:28.825,314.2,Jack Aitken,0:02:57.381,GTP,,Cadillac Whelen,Cadillac,GF,
31,1,49,1:39.304,0,,24.228,0,46.355,0,28.721,0,207.7,1:37:58.239,20:07:58.239,0:24.228,0:46.355,0:28.721,317.2,Jack Aitken,,GTP,,Cadillac Whelen,Cadillac,GF,
31,1,50,1:39.491,0,,24.403,0,46.268,0,28.820,0,207.3,1:39:37.730,20:09:37.730,0:24.403,0:46.268,0:28.820,314.2,Jack Aitken,,GTP,,Cadillac Whelen,Cadillac,GF,
31,1,51,1:39.200,0,,24.176,0,46.028,0,28.996,0,207.9,1:41:16.930,20:11:16.930,0:24.176,0:46.028,0:28.996,315.0,Jack Aitken,,GTP,,Cadillac Whelen,Cadillac,GF,
31,1,52,1:38.837,0,,24.213,0,45.927,0,28.697,0,208.7,1:42:55.767,20:12:55.767,0:24.213,0:45.927,0:28.697,314.2,Jack Aitken,,GTP,,Cadillac Whelen,Cadillac,GF,
31,1,53,1:38.493,0,,24.122,0,45.811,1,28.560,0,209.4,1:44:34.260,20:14:34.260,0:24.122,0:45.811,0:28.560,318.0,Jack Aitken,,GTP,,Cadillac Whelen,Cadillac,GF,
31,1,54,1:38.871,0,,24.168,0,46.139,0,28.564,0,208.6,1:46:13.131,20:16:13.131,0:24.168,0:46.139,0:28.564,317.2,Jack Aitken,,GTP,,Cadillac Whelen,Cadillac,GF,
31,1,55,1:38.680,0,,23.985,1,45.893,0,28.802,0,209.0,1:47:51.811,20:17:51.811,0:23.985,0:45.893,0:28.802,320.3,Jack Aitken,,GTP,,Cadillac Whelen,Cadillac,GF,
31,1,56,1:39.294,0,,24.593,0,46.138,0,28.563,0,207.7,1:49:31.105,20:19:31.105,0:24.593,0:46.138,0:28.563,318.0,Jack Aitken,,GTP,,Cadillac Whelen,Cadillac,GF,
31,1,57,1:38.844,0,,24.213,0,46.048,0,28.583,0,208.7,1:51:09.949,20:21:09.949,0:24.213,0:46.048,0:28.583,316.5,Jack Aitken,,GTP,,Cadillac Whelen,Cadillac,GF,
31,1,58,1:39.614,0,,24.125,0,45.879,0,29.610,0,207.1,1:52:49.563,20:22:49.563,0:24.125,0:45.879,0:29.610,315.7,Jack Aitken,,GTP,,Cadillac Whelen,Cadillac,GF,
31,1,59,1:39.110,0,,24.671,0,46.017,0,28.422,1,208.1,1:54:28.673,20:24:28.673,0:24.671,0:46.017,0:28.422,316.5,Jack Aitken,,GTP,,Cadillac Whelen,Cadillac,GF,
31,1,60,1:38.591,0,,24.197,0,45.916,0,28.478,0,209.2,1:56:07.264,20:26:07.264,0:24.197,0:45.916,0:28.478,316.5,Jack Aitken,,GTP,,Cadillac Whelen,Cadillac,GF,
34,3,1,3:44.599,0,,2:04.388,0,1:02.598,0,37.613,0,91.8,3:44.599,18:33:44.599,2:04.388,1:02.598,0:37.613,237.6,Albert Costa,0:01:42.629,GTD,,Conquest Racing,Ferrari,GF,
34,3,2,1:55.760,0,,28.069,0,53.301,0,34.390,0,178.2,5:40.359,18:35:40.359,0:28.069,0:53.301,0:34.390,244.3,Albert Costa,,GTD,,Conquest Racing,Ferrari,GF,
34,3,3,1:51.732,0,,26.377,0,51.646,0,33.709,0,184.6,7:32.091,18:37:32.091,0:26.377,0:51.646,0:33.709,270.9,Albert Costa,,GTD,,Conquest Racing,Ferrari,GF,
34,3,4,1:49.113,0,,25.840,0,50.573,0,32.700,0,189.0,9:21.204,18:39:21.204,0:25.840,0:50.573,0:32.700,269.8,Albert Costa,,GTD,,Conquest Racing,Ferrari,GF,
34,3,5,1:57.627,0,,26.982,0,57.450,0,33.195,0,175.3,11:18.831,18:41:18.831,0:26.982,0:57.450,0:33.195,271.4,Albert Costa,,GTD,,Conquest Racing,Ferrari,GF,
34,3,6,1:48.918,0,,25.796,0,50.529,0,32.593,0,189.4,13:07.749,18:43:07.749,0:25.796,0:50.529,0:32.593,269.8,Albert Costa,,GTD,,Conquest Racing,Ferrari,GF,
34,3,7,1:48.726,0,,25.408,0,50.605,0,32.713,0,189.7,14:56.475,18:44:56.475,0:25.408,0:50.605,0:32.713,270.3,Albert Costa,,GTD,,Conquest Racing,Ferrari,GF,
34,3,8,2:01.424,0,B,25.538,0,50.403,2,45.483,0,169.9,16:57.899,18:46:57.899,0:25.538,0:50.403,0:45.483,,Albert Costa,,GTD,,Conquest Racing,Ferrari,GF,
34,3,9,18:10.189,0,,16:43.289,0,52.460,0,34.440,0,18.9,35:08.088,19:05:08.088,16:43.289,0:52.460,0:34.440,267.6,Albert Costa,0:16:38.639,GTD,,Conquest Racing,Ferrari,GF,
34,3,10,2:07.044,0,B,26.961,0,52.877,0,47.206,0,162.3,37:15.132,19:07:15.132,0:26.961,0:52.877,0:47.206,,Albert Costa,,GTD,,Conquest Racing,Ferrari,GF,
34,3,11,8:32.504,0,,7:07.314,0,52.313,0,32.877,0,40.2,45:47.636,19:15:47.636,7:07.314,0:52.313,0:32.877,269.2,Albert Costa,0:07:03.581,GTD,,Conquest Racing,Ferrari,GF,
34,3,12,1:48.690,0,,25.572,0,50.507,0,32.611,0,189.8,47:36.326,19:17:36.326,0:25.572,0:50.507,0:32.611,271.4,Albert Costa,,GTD,,Conquest Racing,Ferrari,GF,
34,3,13,1:48.601,0,,25.477,0,50.449,0,32.675,0,189.9,49:24.927,19:19:24.927,0:25.477,0:50.449,0:32.675,270.9,Albert Costa,,GTD,,Conquest Racing,Ferrari,GF,
34,3,14,1:48.558,2,,25.416,0,50.545,0,32.597,0,190.0,51:13.485,19:21:13.485,0:25.416,0:50.545,0:32.597,272.0,Albert Costa,,GTD,,Conquest Racing,Ferrari,GF,
34,3,15,2:01.687,0,B,25.548,0,50.781,0,45.358,0,169.5,53:15.172,19:23:15.172,0:25.548,0:50.781,0:45.358,,Albert Costa,,GTD,,Conquest Racing,Ferrari,GF,
34,3,16,4:18.107,0,,2:46.575,0,57.075,0,34.457,0,79.9,57:33.279,19:27:33.279,2:46.575,0:57.075,0:34.457,266.5,Albert Costa,0:02:39.446,GTD,,Conquest Racing,Ferrari,GF,
34,3,17,1:49.763,0,,26.050,0,50.897,0,32.816,0,187.9,59:23.042,19:29:23.042,0:26.050,0:50.897,0:32.816,271.4,Albert Costa,,GTD,,Conquest Racing,Ferrari,GF,
34,3,18,1:48.777,0,,25.359,2,50.689,0,32.729,0,189.6,1:01:11.819,19:31:11.819,0:25.359,0:50.689,0:32.729,270.3,Albert Costa,,GTD,,Conquest Racing,Ferrari,GF,
34,3,19,1:49.066,0,,25.361,0,50.632,0,33.073,0,189.1,1:03:00.885,19:33:00.885,0:25.361,0:50.632,0:33.073,269.8,Albert Costa,,GTD,,Conquest Racing,Ferrari,GF,
34,3,20,1:48.777,0,,25.513,0,50.525,0,32.739,0,189.6,1:04:49.662,19:34:49.662,0:25.513,0:50.525,0:32.739,269.8,Albert Costa,,GTD,,Conquest Racing,Ferrari,GF,
34,3,21,1:48.618,0,,25.455,0,50.462,0,32.701,0,189.9,1:06:38.280,19:36:38.280,0:25.455,0:50.462,0:32.701,269.8,Albert Costa,,GTD,,Conquest Racing,Ferrari,GF,
34,3,22,1:48.618,0,,25.479,0,50.492,0,32.647,0,189.9,1:08:26.898,19:38:26.898,0:25.479,0:50.492,0:32.647,272.0,Albert Costa,,GTD,,Conquest Racing,Ferrari,GF,
34,3,23,1:48.586,0,,25.445,0,50.489,0,32.652,0,189.9,1:10:15.484,19:40:15.484,0:25.445,0:50.489,0:32.652,268.7,Albert Costa,,GTD,,Conquest Racing,Ferrari,GF,
34,3,24,1:48.731,0,,25.454,0,50.534,0,32.743,0,189.7,1:12:04.215,19:42:04.215,0:25.454,0:50.534,0:32.743,269.2,Albert Costa,,GTD,,Conquest Racing,Ferrari,GF,
34,3,25,2:02.429,0,B,25.613,0,51.862,0,44.954,0,168.5,1:14:06.644,19:44:06.644,0:25.613,0:51.862,0:44.954,,Albert Costa,,GTD,,Conquest Racing,Ferrari,GF,
34,3,26,3:01.159,0,,1:37.252,0,51.113,0,32.794,0,113.9,1:17:07.803,19:47:07.803,1:37.252,0:51.113,0:32.794,270.3,Albert Costa,0:01:34.560,GTD,,Conquest Racing,Ferrari,GF,
34,3,27,1:48.610,0,,25.471,0,50.558,0,32.581,1,189.9,1:18:56.413,19:48:56.413,0:25.471,0:50.558,0:32.581,271.4,Albert Costa,,GTD,,Conquest Racing,Ferrari,GF,
34,3,28,1:49.028,0,,25.501,0,50.824,0,32.703,0,189.2,1:20:45.441,19:50:45.441,0:25.501,0:50.824,0:32.703,272.0,Albert Costa,,GTD,,Conquest Racing,Ferrari,GF,
34,3,29,2:01.840,0,B,25.581,0,50.614,0,45.645,0,169.3,1:22:47.281,19:52:47.281,0:25.581,0:50.614,0:45.645,,Albert Costa,,GTD,,Conquest Racing,Ferrari,GF,
34,4,30,3:46.860,0,,2:20.172,0,52.575,0,34.113,0,90.9,1:26:34.141,19:56:34.141,2:20.172,0:52.575,0:34.113,270.3,Manny Franco,0:02:16.339,GTD,,Conquest Racing,Ferrari,GF,
34,4,31,1:50.842,0,,26.054,0,51.650,0,33.138,0,186.1,1:28:24.983,19:58:24.983,0:26.054,0:51.650,0:33.138,270.3,Manny Franco,,GTD,,Conquest Racing,Ferrari,GF,
34,4,32,1:50.779,0,,26.016,0,51.415,0,33.348,0,186.2,1:30:15.762,20:00:15.762,0:26.016,0:51.415,0:33.348,273.1,Manny Franco,,GTD,,Conquest Racing,Ferrari,GF,
34,4,33,1:51.933,0,,26.583,0,52.140,0,33.210,0,184.3,1:32:07.695,20:02:07.695,0:26.583,0:52.140,0:33.210,273.1,Manny Franco,,GTD,,Conquest Racing,Ferrari,GF,
34,4,34,1:50.742,0,,26.605,0,51.175,0,32.962,1,186.2,1:33:58.437,20:03:58.437,0:26.605,0:51.175,0:32.962,270.3,Manny Franco,,GTD,,Conquest Racing,Ferrari,GF,
34,4,35,1:50.187,0,,25.781,0,50.834,1,33.572,0,187.2,1:35:48.624,20:05:48.624,0:25.781,0:50.834,0:33.572,270.3,Manny Franco,,GTD,,Conquest Racing,Ferrari,GF,
34,4,36,2:03.138,0,B,25.768,1,51.017,0,46.353,0,167.5,1:37:51.762,20:07:51.762,0:25.768,0:51.017,0:46.353,,Manny Franco,,GTD,,Conquest Racing,Ferrari,GF,
34,2,37,6:37.255,0,,5:13.256,0,51.208,0,32.791,0,51.9,1:44:29.017,20:14:29.017,5:13.256,0:51.208,0:32.791,271.4,Lorenzo Patrese,0:05:10.145,GTD,,Conquest Racing,Ferrari,GF,
34,2,38,1:48.970,0,,25.563,1,50.622,0,32.785,0,189.3,1:46:17.987,20:16:17.987,0:25.563,0:50.622,0:32.785,270.9,Lorenzo Patrese,,GTD,,Conquest Racing,Ferrari,GF,
34,2,39,1:48.740,0,,25.678,0,50.451,1,32.611,0,189.7,1:48:06.727,20:18:06.727,0:25.678,0:50.451,0:32.611,273.1,Lorenzo Patrese,,GTD,,Conquest Racing,Ferrari,GF,
34,2,40,1:48.800,0,,25.608,0,50.628,0,32.564,1,189.6,1:49:55.527,20:19:55.527,0:25.608,0:50.628,0:32.564,273.7,Lorenzo Patrese,,GTD,,Conquest Racing,Ferrari,GF,
34,2,41,2:02.516,0,B,25.761,0,51.167,0,45.588,0,168.3,1:51:58.043,20:21:58.043,0:25.761,0:51.167,0:45.588,,Lorenzo Patrese,,GTD,,Conquest Racing,Ferrari,GF,
34,1,42,2:35.817,0,,1:12.082,0,51.045,0,32.690,0,132.4,1:54:33.860,20:24:33.860,1:12.082,0:51.045,0:32.690,269.2,Thierry Vermeulen,0:01:09.241,GTD,,Conquest Racing,Ferrari,GF,
34,1,43,1:49.606,0,,26.039,0,50.960,0,32.607,0,188.2,1:56:23.466,20:26:23.466,0:26.039,0:50.960,0:32.607,269.8,Thierry Vermeulen,,GTD,,Conquest Racing,Ferrari,GF,
34,1,44,1:50.162,0,,25.798,0,51.620,0,32.744,0,187.2,1:58:13.628,20:28:13.628,0:25.798,0:51.620,0:32.744,272.0,Thierry Vermeulen,,GTD,,Conquest Racing,Ferrari,GF,
34,1,45,1:48.734,0,,25.695,1,50.661,1,32.378,2,189.7,2:00:02.362,20:30:02.362,0:25.695,0:50.661,0:32.378,273.1,Thierry Vermeulen,,GTD,,Conquest Racing,Ferrari,FF,
343,2,1,2:13.725,0,,47.524,0,54.428,0,31.773,0,154.2,2:13.725,18:32:13.725,0:47.524,0:54.428,0:31.773,291.3,George Kolovos,0:00:28.566,LMP2,,Inter Europol Competition,Gibson,GF,
343,2,2,1:48.000,0,,26.122,0,50.555,0,31.323,0,191.0,4:01.725,18:34:01.725,0:26.122,0:50.555,0:31.323,293.9,George Kolovos,,LMP2,,Inter Europol Competition,Gibson,GF,
343,2,3,1:45.875,0,,25.156,0,50.411,0,30.308,0,194.8,5:47.600,18:35:47.600,0:25.156,0:50.411,0:30.308,297.2,George Kolovos,,LMP2,,Inter Europol Competition,Gibson,GF,
343,2,4,1:43.062,0,,24.700,0,47.943,0,30.419,0,200.1,7:30.662,18:37:30.662,0:24.700,0:47.943,0:30.419,297.2,George Kolovos,,LMP2,,Inter Europol Competition,Gibson,GF,
343,2,5,1:42.798,0,,25.046,0,47.603,0,30.149,0,200.6,9:13.460,18:39:13.460,0:25.046,0:47.603,0:30.149,297.9,George Kolovos,,LMP2,,Inter Europol Competition,Gibson,GF,
343,2,6,1:42.483,0,,24.803,0,47.745,0,29.935,0,201.3,10:55.943,18:40:55.943,0:24.803,0:47.745,0:29.935,296.5,George Kolovos,,LMP2,,Inter Europol Competition,Gibson,GF,
343,2,7,1:43.209,0,,25.076,0,48.026,0,30.107,0,199.8,12:39.152,18:42:39.152,0:25.076,0:48.026,0:30.107,296.5,George Kolovos,,LMP2,,Inter Europol Competition,Gibson,GF,
343,2,8,1:45.081,0,,24.795,0,48.668,0,31.618,0,196.3,14:24.233,18:44:24.233,0:24.795,0:48.668,0:31.618,296.5,George Kolovos,,LMP2,,Inter Europol Competition,Gibson,GF,
343,2,9,1:42.825,0,,24.722,0,47.738,0,30.365,0,200.6,16:07.058,18:46:07.058,0:24.722,0:47.738,0:30.365,298.5,George Kolovos,,LMP2,,Inter Europol Competition,Gibson,GF,
343,2,10,1:44.785,0,,25.865,0,48.420,0,30.500,0,196.8,17:51.843,18:47:51.843,0:25.865,0:48.420,0:30.500,299.9,George Kolovos,,LMP2,,Inter Europol Competition,Gibson,GF,
343,2,11,1:44.228,0,,25.444,0,48.623,0,30.161,0,197.9,19:36.071,18:49:36.071,0:25.444,0:48.623,0:30.161,299.2,George Kolovos,,LMP2,,Inter Europol Competition,Gibson,GF,
343,2,12,1:43.050,0,,24.677,0,47.889,0,30.484,0,200.1,21:19.121,18:51:19.121,0:24.677,0:47.889,0:30.484,295.2,George Kolovos,,LMP2,,Inter Europol Competition,Gibson,GF,
343,2,13,1:42.698,0,,24.717,0,47.756,0,30.225,0,200.8,23:01.819,18:53:01.819,0:24.717,0:47.756,0:30.225,297.2,George Kolovos,,LMP2,,Inter Europol Competition,Gibson,GF,
343,2,14,1:41.761,0,,24.438,1,47.537,1,29.786,1,202.7,24:43.580,18:54:43.580,0:24.438,0:47.537,0:29.786,299.9,George Kolovos,,LMP2,,Inter Europol Competition,Gibson,GF,
343,2,15,1:46.397,0,,26.906,0,49.257,0,30.234,0,193.9,26:29.977,18:56:29.977,0:26.906,0:49.257,0:30.234,294.5,George Kolovos,,LMP2,,Inter Europol Competition,Gibson,GF,
343,2,16,2:00.340,0,B,25.030,0,47.839,0,47.471,0,171.4,28:30.317,18:58:30.317,0:25.030,0:47.839,0:47.471,,George Kolovos,,LMP2,,Inter Europol Competition,Gibson,GF,
343,1,17,3:32.869,0,,2:02.918,0,58.381,0,31.570,0,96.9,32:03.186,19:02:03.186,2:02.918,0:58.381,0:31.570,293.2,Jakub Smiechowski,0:01:58.904,LMP2,,Inter Europol Competition,Gibson,GF,
343,1,18,1:45.392,0,,26.522,0,48.710,0,30.160,0,195.7,33:48.578,19:03:48.578,0:26.522,0:48.710,0:30.160,296.5,Jakub Smiechowski,,LMP2,,Inter Europol Competition,Gibson,GF,
343,1,19,1:47.048,0,,25.065,0,47.870,0,34.113,0,192.7,35:35.626,19:05:35.626,0:25.065,0:47.870,0:34.113,294.5,Jakub Smiechowski,,LMP2,,Inter Europol Competition,Gibson,GF,
343,1,20,1:43.851,0,,24.978,0,48.570,0,30.303,0,198.6,37:19.477,19:07:19.477,0:24.978,0:48.570,0:30.303,302.0,Jakub Smiechowski,,LMP2,,Inter Europol Competition,Gibson,GF,
343,1,21,1:41.748,0,,24.805,0,47.383,0,29.560,1,202.7,39:01.225,19:09:01.225,0:24.805,0:47.383,0:29.560,299.2,Jakub Smiechowski,,LMP2,,Inter Europol Competition,Gibson,GF,
343,1,22,1:42.698,0,,24.311,0,48.420,0,29.967,0,200.8,40:43.923,19:10:43.923,0:24.311,0:48.420,0:29.967,302.0,Jakub Smiechowski,,LMP2,,Inter Europol Competition,Gibson,GF,
343,1,23,1:42.884,0,,24.560,0,47.687,0,30.637,0,200.5,42:26.807,19:12:26.807,0:24.560,0:47.687,0:30.637,300.6,Jakub Smiechowski,,LMP2,,Inter Europol Competition,Gibson,GF,
343,1,24,1:42.007,0,,24.451,0,47.436,0,30.120,0,202.2,44:08.814,19:14:08.814,0:24.451,0:47.436,0:30.120,302.0,Jakub Smiechowski,,LMP2,,Inter Europol Competition,Gibson,GF,
343,1,25,1:42.753,0,,24.682,0,48.436,0,29.635,0,200.7,45:51.567,19:15:51.567,0:24.682,0:48.436,0:29.635,301.3,Jakub Smiechowski,,LMP2,,Inter Europol Competition,Gibson,GF,
343,1,26,1:41.525,0,,24.306,0,47.401,0,29.818,0,203.2,47:33.092,19:17:33.092,0:24.306,0:47.401,0:29.818,299.9,Jakub Smiechowski,,LMP2,,Inter Europol Competition,Gibson,GF,
343,1,27,1:43.727,0,,24.308,0,48.970,0,30.449,0,198.8,49:16.819,19:19:16.819,0:24.308,0:48.970,0:30.449,299.2,Jakub Smiechowski,,LMP2,,Inter Europol Competition,Gibson,GF,
343,1,28,1:42.073,0,,24.253,1,47.412,0,30.408,0,202.1,50:58.892,19:20:58.892,0:24.253,0:47.412,0:30.408,303.3,Jakub Smiechowski,,LMP2,,Inter Europol Competition,Gibson,GF,
343,1,29,1:44.393,0,,24.843,0,48.324,0,31.226,0,197.6,52:43.285,19:22:43.285,0:24.843,0:48.324,0:31.226,301.3,Jakub Smiechowski,,LMP2,,Inter Europol Competition,Gibson,GF,
343,1,30,1:46.253,0,,26.170,0,49.559,0,30.524,0,194.1,54:29.538,19:24:29.538,0:26.170,0:49.559,0:30.524,297.9,Jakub Smiechowski,,LMP2,,Inter Europol Competition,Gibson,GF,
343,1,31,1:42.648,0,,24.286,0,47.790,0,30.572,0,200.9,56:12.186,19:26:12.186,0:24.286,0:47.790,0:30.572,297.9,Jakub Smiechowski,,LMP2,,Inter Europol Competition,Gibson,GF,
343,1,32,1:41.573,0,,24.331,0,47.267,1,29.975,0,203.1,57:53.759,19:27:53.759,0:24.331,0:47.267,0:29.975,299.2,Jakub Smiechowski,,LMP2,,Inter Europol Competition,Gibson,GF,
343,1,33,1:44.121,0,,24.263,0,49.044,0,30.814,0,198.1,59:37.880,19:29:37.880,0:24.263,0:49.044,0:30.814,295.8,Jakub Smiechowski,,LMP2,,Inter Europol Competition,Gibson,GF,
343,1,34,2:16.346,0,B,24.646,0,49.720,0,1:01.980,0,151.3,1:01:54.226,19:31:54.226,0:24.646,0:49.720,1:01.980,,Jakub Smiechowski,,LMP2,,Inter Europol Competition,Gibson,GF,
343,3,35,4:46.352,0,,3:24.954,0,50.639,0,30.759,0,72.0,1:06:40.578,19:36:40.578,3:24.954,0:50.639,0:30.759,293.2,Nolan Siegel,0:03:20.378,LMP2,,Inter Europol Competition,Gibson,GF,
343,3,36,1:42.867,0,,25.233,0,47.823,0,29.811,0,200.5,1:08:23.445,19:38:23.445,0:25.233,0:47.823,0:29.811,299.9,Nolan Siegel,,LMP2,,Inter Europol Competition,Gibson,GF,
343,3,37,1:40.921,0,,24.056,0,47.290,0,29.575,0,204.4,1:10:04.366,19:40:04.366,0:24.056,0:47.290,0:29.575,297.9,Nolan Siegel,,LMP2,,Inter Europol Competition,Gibson,GF,
343,3,38,1:40.206,0,,23.923,0,46.969,2,29.314,0,205.8,1:11:44.572,19:41:44.572,0:23.923,0:46.969,0:29.314,301.3,Nolan Siegel,,LMP2,,Inter Europol Competition,Gibson,GF,
343,3,39,1:40.121,2,,23.772,2,47.045,0,29.304,0,206.0,1:13:24.693,19:43:24.693,0:23.772,0:47.045,0:29.304,299.2,Nolan Siegel,,LMP2,,Inter Europol Competition,Gibson,GF,
343,3,40,1:43.468,0,,24.104,0,49.452,0,29.912,0,199.3,1:15:08.161,19:45:08.161,0:24.104,0:49.452,0:29.912,298.5,Nolan Siegel,,LMP2,,Inter Europol Competition,Gibson,GF,
343,3,41,1:40.613,0,,23.983,0,47.237,0,29.393,0,205.0,1:16:48.774,19:46:48.774,0:23.983,0:47.237,0:29.393,299.2,Nolan Siegel,,LMP2,,Inter Europol Competition,Gibson,GF,
343,3,42,1:40.440,0,,24.090,0,47.002,0,29.348,0,205.4,1:18:29.214,19:48:29.214,0:24.090,0:47.002,0:29.348,302.6,Nolan Siegel,,LMP2,,Inter Europol Competition,Gibson,GF,
343,3,43,1:42.372,0,,24.918,0,47.170,0,30.284,0,201.5,1:20:11.586,19:50:11.586,0:24.918,0:47.170,0:30.284,300.6,Nolan Siegel,,LMP2,,Inter Europol Competition,Gibson,GF,
343,3,44,1:41.015,0,,24.029,0,47.242,0,29.744,0,204.2,1:21:52.601,19:51:52.601,0:24.029,0:47.242,0:29.744,299.9,Nolan Siegel,,LMP2,,Inter Europol Competition,Gibson,GF,
343,3,45,1:40.765,0,,24.031,0,47.391,0,29.343,0,204.7,1:23:33.366,19:53:33.366,0:24.031,0:47.391,0:29.343,297.9,Nolan Siegel,,LMP2,,Inter Europol Competition,Gibson,GF,
343,3,46,1:40.508,0,,23.891,0,47.473,0,29.144,2,205.2,1:25:13.874,19:55:13.874,0:23.891,0:47.473,0:29.144,302.0,Nolan Siegel,,LMP2,,Inter Europol Competition,Gibson,GF,
343,3,47,1:40.328,0,,23.877,0,47.095,0,29.356,0,205.6,1:26:54.202,19:56:54.202,0:23.877,0:47.095,0:29.356,301.3,Nolan Siegel,,LMP2,,Inter Europol Competition,Gibson,GF,
343,3,48,1:41.808,0,,24.184,0,47.121,0,30.503,0,202.6,1:28:36.010,19:58:36.010,0:24.184,0:47.121,0:30.503,299.9,Nolan Siegel,,LMP2,,Inter Europol Competition,Gibson,GF,
343,3,49,1:40.833,0,,23.964,0,47.127,0,29.742,0,204.5,1:30:16.843,20:00:16.843,0:23.964,0:47.127,0:29.742,299.9,Nolan Siegel,,LMP2,,Inter Europol Competition,Gibson,GF,
343,3,50,1:56.086,0,B,24.860,0,48.285,0,42.941,0,177.7,1:32:12.929,20:02:12.929,0:24.860,0:48.285,0:42.941,,Nolan Siegel,,LMP2,,Inter Europol Competition,Gibson,GF,
343,4,51,3:42.657,0,,2:20.779,0,51.340,0,30.538,0,92.6,1:35:55.586,20:05:55.586,2:20.779,0:51.340,0:30.538,295.2,Nick Cassidy,0:02:14.234,LMP2,,Inter Europol Competition,Gibson,GF,
343,4,52,1:43.397,0,,24.834,0,47.991,0,30.572,0,199.5,1:37:38.983,20:07:38.983,0:24.834,0:47.991,0:30.572,297.2,Nick Cassidy,,LMP2,,Inter Europol Competition,Gibson,GF,
343,4,53,1:41.975,0,,24.381,0,47.479,0,30.115,0,202.3,1:39:20.958,20:09:20.958,0:24.381,0:47.479,0:30.115,297.9,Nick Cassidy,,LMP2,,Inter Europol Competition,Gibson,GF,
343,4,54,1:42.240,0,,24.308,0,48.271,0,29.661,0,201.7,1:41:03.198,20:11:03.198,0:24.308,0:48.271,0:29.661,297.2,Nick Cassidy,,LMP2,,Inter Europol Competition,Gibson,GF,
343,4,55,1:40.824,0,,23.982,0,47.321,0,29.521,0,204.6,1:42:44.022,20:12:44.022,0:23.982,0:47.321,0:29.521,297.2,Nick Cassidy,,LMP2,,Inter Europol Competition,Gibson,GF,
343,4,56,1:41.365,0,,24.029,0,47.475,0,29.861,0,203.5,1:44:25.387,20:14:25.387,0:24.029,0:47.475,0:29.861,297.2,Nick Cassidy,,LMP2,,Inter Europol Competition,Gibson,GF,
343,4,57,1:41.986,0,,24.384,0,47.952,0,29.650,0,202.2,1:46:07.373,20:16:07.373,0:24.384,0:47.952,0:29.650,297.2,Nick Cassidy,,LMP2,,Inter Europol Competition,Gibson,GF,
343,4,58,1:41.384,0,,24.075,0,47.687,0,29.622,0,203.4,1:47:48.757,20:17:48.757,0:24.075,0:47.687,0:29.622,297.9,Nick Cassidy,,LMP2,,Inter Europol Competition,Gibson,GF,
343,4,59,1:42.469,0,,24.253,0,47.686,0,30.530,0,201.3,1:49:31.226,20:19:31.226,0:24.253,0:47.686,0:30.530,297.9,Nick Cassidy,,LMP2,,Inter Europol Competition,Gibson,GF,
343,4,60,1:41.829,0,,24.743,0,47.392,0,29.694,0,202.5,1:51:13.055,20:21:13.055,0:24.743,0:47.392,0:29.694,296.5,Nick Cassidy,,LMP2,,Inter Europol Competition,Gibson,GF,
343,4,61,1:40.692,0,,23.872,0,47.247,0,29.573,0,204.8,1:52:53.747,20:22:53.747,0:23.872,0:47.247,0:29.573,295.2,Nick Cassidy,,LMP2,,Inter Europol Competition,Gibson,GF,
343,4,62,1:40.764,0,,23.964,0,47.136,1,29.664,0,204.7,1:54:34.511,20:24:34.511,0:23.964,0:47.136,0:29.664,299.2,Nick Cassidy,,LMP2,,Inter Europol Competition,Gibson,GF,
343,4,63,1:41.581,0,,24.628,0,47.233,0,29.720,0,203.0,1:56:16.092,20:26:16.092,0:24.628,0:47.233,0:29.720,297.2,Nick Cassidy,,LMP2,,Inter Europol Competition,Gibson,GF,
343,4,64,1:40.626,0,,23.857,1,47.259,0,29.510,0,205.0,1:57:56.718,20:27:56.718,0:23.857,0:47.259,0:29.510,299.2,Nick Cassidy,,LMP2,,Inter Europol Competition,Gibson,GF,
343,4,65,1:41.311,0,,24.521,0,47.389,0,29.401,1,203.6,1:59:38.029,20:29:38.029,0:24.521,0:47.389,0:29.401,299.2,Nick Cassidy,,LMP2,,Inter Europol Competition,Gibson,GF,
343,4,66,1:42.936,0,,25.589,0,47.751,0,29.596,0,200.4,2:01:20.965,20:31:20.965,0:25.589,0:47.751,0:29.596,297.9,Nick Cassidy,,LMP2,,Inter Europol Competition,Gibson,FF,
36,1,1,2:39.860,0,,1:01.308,0,1:02.014,0,36.538,0,129.0,2:39.860,18:32:39.860,1:01.308,1:02.014,0:36.538,270.3,Salih Yoluc,0:00:38.642,GTD,,DXDT Racing,Chevrolet,GF,
36,1,2,1:58.817,0,,28.366,0,56.367,0,34.084,0,173.6,4:38.677,18:34:38.677,0:28.366,0:56.367,0:34.084,269.2,Salih Yoluc,,GTD,,DXDT Racing,Chevrolet,GF,
36,1,3,1:51.752,0,,26.352,0,52.034,0,33.366,0,184.6,6:30.429,18:36:30.429,0:26.352,0:52.034,0:33.366,271.4,Salih Yoluc,,GTD,,DXDT Racing,Chevrolet,GF,
36,1,4,1:50.705,0,,25.871,0,50.810,0,34.024,0,186.3,8:21.134,18:38:21.134,0:25.871,0:50.810,0:34.024,270.9,Salih Yoluc,,GTD,,DXDT Racing,Chevrolet,GF,
36,1,5,1:49.345,0,,25.747,0,50.564,0,33.034,0,188.6,10:10.479,18:40:10.479,0:25.747,0:50.564,0:33.034,273.1,Salih Yoluc,,GTD,,DXDT Racing,Chevrolet,GF,
36,1,6,1:48.835,0,,25.659,0,50.516,0,32.660,0,189.5,11:59.314,18:41:59.314,0:25.659,0:50.516,0:32.660,272.6,Salih Yoluc,,GTD,,DXDT Racing,Chevrolet,GF,
36,1,7,1:50.485,0,,25.905,0,51.713,0,32.867,0,186.7,13:49.799,18:43:49.799,0:25.905,0:51.713,0:32.867,271.4,Salih Yoluc,,GTD,,DXDT Racing,Chevrolet,GF,
36,1,8,1:48.899,0,,25.643,0,50.527,0,32.729,0,189.4,15:38.698,18:45:38.698,0:25.643,0:50.527,0:32.729,272.0,Salih Yoluc,,GTD,,DXDT Racing,Chevrolet,GF,
36,1,9,1:50.073,0,,26.040,0,50.987,0,33.046,0,187.4,17:28.771,18:47:28.771,0:26.040,0:50.987,0:33.046,272.0,Salih Yoluc,,GTD,,DXDT Racing,Chevrolet,GF,
36,1,10,1:48.978,0,,25.630,0,50.563,0,32.785,0,189.3,19:17.749,18:49:17.749,0:25.630,0:50.563,0:32.785,272.6,Salih Yoluc,,GTD,,DXDT Racing,Chevrolet,GF,
36,1,11,1:48.647,0,,25.493,0,50.604,0,32.550,0,189.8,21:06.396,18:51:06.396,0:25.493,0:50.604,0:32.550,274.8,Salih Yoluc,,GTD,,DXDT Racing,Chevrolet,GF,
36,1,12,1:48.876,0,,25.730,0,50.652,0,32.494,0,189.4,22:55.272,18:52:55.272,0:25.730,0:50.652,0:32.494,273.7,Salih Yoluc,,GTD,,DXDT Racing,Chevrolet,GF,
36,1,13,1:48.607,0,,25.556,0,50.598,0,32.453,1,189.9,24:43.879,18:54:43.879,0:25.556,0:50.598,0:32.453,275.4,Salih Yoluc,,GTD,,DXDT Racing,Chevrolet,GF,
36,1,14,1:51.758,0,,27.031,0,51.300,0,33.427,0,184.6,26:35.637,18:56:35.637,0:27.031,0:51.300,0:33.427,274.3,Salih Yoluc,,GTD,,DXDT Racing,Chevrolet,GF,
36,1,15,1:49.021,0,,25.536,0,50.685,0,32.800,0,189.2,28:24.658,18:58:24.658,0:25.536,0:50.685,0:32.800,272.0,Salih Yoluc,,GTD,,DXDT Racing,Chevrolet,GF,
36,1,16,1:54.022,0,,27.101,0,53.697,0,33.224,0,180.9,30:18.680,19:00:18.680,0:27.101,0:53.697,0:33.224,273.1,Salih Yoluc,,GTD,,DXDT Racing,Chevrolet,GF,
36,1,17,1:49.061,0,,25.696,0,50.626,0,32.739,0,189.1,32:07.741,19:02:07.741,0:25.696,0:50.626,0:32.739,273.1,Salih Yoluc,,GTD,,DXDT Racing,Chevrolet,GF,
36,1,18,1:49.712,0,,25.731,0,51.228,0,32.753,0,188.0,33:57.453,19:03:57.453,0:25.731,0:51.228,0:32.753,273.1,Salih Yoluc,,GTD,,DXDT Racing,Chevrolet,GF,
36,1,19,1:48.891,0,,25.536,0,50.661,0,32.694,0,189.4,35:46.344,19:05:46.344,0:25.536,0:50.661,0:32.694,271.4,Salih Yoluc,,GTD,,DXDT Racing,Chevrolet,GF,
36,1,20,1:48.736,0,,25.639,0,50.624,0,32.473,0,189.7,37:35.080,19:07:35.080,0:25.639,0:50.624,0:32.473,275.4,Salih Yoluc,,GTD,,DXDT Racing,Chevrolet,GF,
36,1,21,2:01.710,0,B,25.469,1,50.496,1,45.745,0,169.5,39:36.790,19:09:36.790,0:25.469,0:50.496,0:45.745,,Salih Yoluc,,GTD,,DXDT Racing,Chevrolet,GF,
36,2,22,3:24.248,0,,2:00.608,0,51.166,0,32.474,0,101.0,43:01.038,19:13:01.038,2:00.608,0:51.166,0:32.474,271.4,Scott McLaughlin,0:01:56.831,GTD,,DXDT Racing,Chevrolet,GF,
36,2,23,1:49.480,0,,25.627,0,50.557,0,33.296,0,188.4,44:50.518,19:14:50.518,0:25.627,0:50.557,0:33.296,272.0,Scott McLaughlin,,GTD,,DXDT Racing,Chevrolet,GF,
36,2,24,2:04.540,0,B,25.919,0,53.103,0,45.518,0,165.6,46:55.058,19:16:55.058,0:25.919,0:53.103,0:45.518,,Scott McLaughlin,,GTD,,DXDT Racing,Chevrolet,GF,
36,2,25,3:21.549,0,,1:58.286,0,50.764,0,32.499,0,102.3,50:16.607,19:20:16.607,1:58.286,0:50.764,0:32.499,270.3,Scott McLaughlin,0:01:55.886,GTD,,DXDT Racing,Chevrolet,GF,
36,2,26,1:48.385,2,,25.463,0,50.499,0,32.423,0,190.3,52:04.992,19:22:04.992,0:25.463,0:50.499,0:32.423,273.1,Scott McLaughlin,,GTD,,DXDT Racing,Chevrolet,GF,
36,2,27,2:03.044,0,B,25.540,0,50.786,0,46.718,0,167.6,54:08.036,19:24:08.036,0:25.540,0:50.786,0:46.718,,Scott McLaughlin,,GTD,,DXDT Racing,Chevrolet,GF,
36,2,28,2:55.624,0,,1:29.301,0,53.177,0,33.146,0,117.4,57:03.660,19:27:03.660,1:29.301,0:53.177,0:33.146,268.7,Scott McLaughlin,0:01:24.098,GTD,,DXDT Racing,Chevrolet,GF,
36,2,29,1:48.728,0,,25.531,0,50.535,0,32.662,0,189.7,58:52.388,19:28:52.388,0:25.531,0:50.535,0:32.662,273.1,Scott McLaughlin,,GTD,,DXDT Racing,Chevrolet,GF,
36,2,30,1:48.532,0,,25.132,2,51.044,0,32.356,0,190.0,1:00:40.920,19:30:40.920,0:25.132,0:51.044,0:32.356,272.0,Scott McLaughlin,,GTD,,DXDT Racing,Chevrolet,GF,
36,2,31,2:00.572,0,B,25.166,0,50.339,2,45.067,0,171.1,1:02:41.492,19:32:41.492,0:25.166,0:50.339,0:45.067,,Scott McLaughlin,,GTD,,DXDT Racing,Chevrolet,GF,
36,2,32,7:03.641,0,,5:40.423,0,50.732,0,32.486,0,48.7,1:09:45.133,19:39:45.133,5:40.423,0:50.732,0:32.486,270.3,Scott McLaughlin,0:05:37.693,GTD,,DXDT Racing,Chevrolet,GF,
36,2,33,1:48.473,0,,25.320,0,50.617,0,32.536,0,190.1,1:11:33.606,19:41:33.606,0:25.320,0:50.617,0:32.536,272.6,Scott McLaughlin,,GTD,,DXDT Racing,Chevrolet,GF,
36,2,34,1:48.566,0,,25.400,0,50.551,0,32.615,0,190.0,1:13:22.172,19:43:22.172,0:25.400,0:50.551,0:32.615,272.0,Scott McLaughlin,,GTD,,DXDT Racing,Chevrolet,GF,
36,2,35,2:02.270,0,B,25.892,0,51.265,0,45.113,0,168.7,1:15:24.442,19:45:24.442,0:25.892,0:51.265,0:45.113,,Scott McLaughlin,,GTD,,DXDT Racing,Chevrolet,GF,
36,2,36,6:11.069,0,,4:48.216,0,50.590,0,32.263,2,55.6,1:21:35.511,19:51:35.511,4:48.216,0:50.590,0:32.263,272.6,Scott McLaughlin,0:04:45.625,GTD,,DXDT Racing,Chevrolet,GF,
36,2,37,1:48.587,0,,25.330,0,50.549,0,32.708,0,189.9,1:23:24.098,19:53:24.098,0:25.330,0:50.549,0:32.708,271.4,Scott McLaughlin,,GTD,,DXDT Racing,Chevrolet,GF,
36,2,38,2:02.398,0,B,25.303,0,52.038,0,45.057,0,168.5,1:25:26.496,19:55:26.496,0:25.303,0:52.038,0:45.057,,Scott McLaughlin,,GTD,,DXDT Racing,Chevrolet,GF,
36,4,39,2:57.082,0,,1:31.285,0,52.423,0,33.374,0,116.5,1:28:23.578,19:58:23.578,1:31.285,0:52.423,0:33.374,269.8,Mason Filippi,0:01:26.968,GTD,,DXDT Racing,Chevrolet,GF,
36,4,40,1:51.009,0,,26.497,0,51.154,0,33.358,0,185.8,1:30:14.587,20:00:14.587,0:26.497,0:51.154,0:33.358,269.2,Mason Filippi,,GTD,,DXDT Racing,Chevrolet,GF,
36,4,41,1:54.456,0,,27.681,0,53.548,0,33.227,0,180.2,1:32:09.043,20:02:09.043,0:27.681,0:53.548,0:33.227,275.4,Mason Filippi,,GTD,,DXDT Racing,Chevrolet,GF,
36,4,42,1:50.438,0,,26.184,0,51.344,0,32.910,0,186.8,1:33:59.481,20:03:59.481,0:26.184,0:51.344,0:32.910,273.1,Mason Filippi,,GTD,,DXDT Racing,Chevrolet,GF,
36,4,43,1:50.038,0,,25.856,0,50.659,0,33.523,0,187.4,1:35:49.519,20:05:49.519,0:25.856,0:50.659,0:33.523,272.6,Mason Filippi,,GTD,,DXDT Racing,Chevrolet,GF,
36,4,44,1:51.178,0,,25.797,0,52.497,0,32.884,0,185.5,1:37:40.697,20:07:40.697,0:25.797,0:52.497,0:32.884,272.0,Mason Filippi,,GTD,,DXDT Racing,Chevrolet,GF,
36,4,45,1:49.243,0,,25.719,0,50.589,0,32.935,0,188.8,1:39:29.940,20:09:29.940,0:25.719,0:50.589,0:32.935,269.8,Mason Filippi,,GTD,,DXDT Racing,Chevrolet,GF,
36,4,46,1:49.567,0,,25.983,0,50.873,0,32.711,0,188.2,1:41:19.507,20:11:19.507,0:25.983,0:50.873,0:32.711,272.0,Mason Filippi,,GTD,,DXDT Racing,Chevrolet,GF,
36,4,47,1:49.109,0,,25.699,0,50.662,0,32.748,0,189.0,1:43:08.616,20:13:08.616,0:25.699,0:50.662,0:32.748,270.3,Mason Filippi,,GTD,,DXDT Racing,Chevrolet,GF,
36,4,48,1:48.677,0,,25.420,1,50.650,0,32.607,0,189.8,1:44:57.293,20:14:57.293,0:25.420,0:50.650,0:32.607,271.4,Mason Filippi,,GTD,,DXDT Racing,Chevrolet,GF,
36,4,49,1:48.645,0,,25.611,0,50.359,1,32.675,0,189.8,1:46:45.938,20:16:45.938,0:25.611,0:50.359,0:32.675,272.0,Mason Filippi,,GTD,,DXDT Racing,Chevrolet,GF,
36,4,50,1:49.720,0,,25.742,0,51.286,0,32.692,0,188.0,1:48:35.658,20:18:35.658,0:25.742,0:51.286,0:32.692,272.6,Mason Filippi,,GTD,,DXDT Racing,Chevrolet,GF,
36,4,51,1:48.830,0,,25.659,0,50.643,0,32.528,1,189.5,1:50:24.488,20:20:24.488,0:25.659,0:50.643,0:32.528,272.6,Mason Filippi,,GTD,,DXDT Racing,Chevrolet,GF,
36,4,52,1:49.080,0,,25.715,0,50.695,0,32.670,0,189.1,1:52:13.568,20:22:13.568,0:25.715,0:50.695,0:32.670,271.4,Mason Filippi,,GTD,,DXDT Racing,Chevrolet,GF,
36,4,53,1:49.062,0,,25.702,0,50.669,0,32.691,0,189.1,1:54:02.630,20:24:02.630,0:25.702,0:50.669,0:32.691,271.4,Mason Filippi,,GTD,,DXDT Racing,Chevrolet,GF,
36,4,54,1:49.048,0,,25.724,0,50.565,0,32.759,0,189.1,1:55:51.678,20:25:51.678,0:25.724,0:50.565,0:32.759,270.9,Mason Filippi,,GTD,,DXDT Racing,Chevrolet,GF,
36,4,55,1:48.955,0,,25.703,0,50.683,0,32.569,0,189.3,1:57:40.633,20:27:40.633,0:25.703,0:50.683,0:32.569,272.0,Mason Filippi,,GTD,,DXDT Racing,Chevrolet,GF,
36,4,56,2:02.180,0,B,25.654,0,50.799,0,45.727,0,168.8,1:59:42.813,20:29:42.813,0:25.654,0:50.799,0:45.727,,Mason Filippi,,GTD,,DXDT Racing,Chevrolet,GF,
37,4,1,2:10.610,0,,44.790,0,54.647,0,31.173,0,157.9,2:10.610,18:32:10.610,0:44.790,0:54.647,0:31.173,287.4,Job Van Uitert,0:00:26.484,LMP2,,Intersport Racing,Gibson,GF,
37,4,2,1:42.982,0,,24.973,0,47.944,0,30.065,0,200.3,3:53.592,18:33:53.592,0:24.973,0:47.944,0:30.065,291.3,Job Van Uitert,,LMP2,,Intersport Racing,Gibson,GF,
37,4,3,1:41.080,0,,23.846,0,47.507,0,29.727,0,204.1,5:34.672,18:35:34.672,0:23.846,0:47.507,0:29.727,292.6,Job Van Uitert,,LMP2,,Intersport Racing,Gibson,GF,
37,4,4,1:41.895,0,,24.019,0,47.507,0,30.369,0,202.4,7:16.567,18:37:16.567,0:24.019,0:47.507,0:30.369,293.9,Job Van Uitert,,LMP2,,Intersport Racing,Gibson,GF,
37,4,5,1:40.907,0,,23.529,3,47.808,0,29.570,0,204.4,8:57.474,18:38:57.474,0:23.529,0:47.808,0:29.570,294.5,Job Van Uitert,,LMP2,,Intersport Racing,Gibson,GF,
37,4,6,1:41.608,0,,23.815,0,47.735,0,30.058,0,203.0,10:39.082,18:40:39.082,0:23.815,0:47.735,0:30.058,292.6,Job Van Uitert,,LMP2,,Intersport Racing,Gibson,GF,
37,4,7,1:40.690,2,,23.886,0,47.198,2,29.606,0,204.8,12:19.772,18:42:19.772,0:23.886,0:47.198,0:29.606,293.9,Job Van Uitert,,LMP2,,Intersport Racing,Gibson,GF,
37,4,8,1:41.946,0,,23.732,0,48.050,0,30.164,0,202.3,14:01.718,18:44:01.718,0:23.732,0:48.050,0:30.164,295.2,Job Van Uitert,,LMP2,,Intersport Racing,Gibson,GF,
37,4,9,1:41.199,0,,24.293,0,47.232,0,29.674,0,203.8,15:42.917,18:45:42.917,0:24.293,0:47.232,0:29.674,295.8,Job Van Uitert,,LMP2,,Intersport Racing,Gibson,GF,
37,4,10,1:41.821,0,,24.082,0,47.880,0,29.859,0,202.6,17:24.738,18:47:24.738,0:24.082,0:47.880,0:29.859,292.6,Job Van Uitert,,LMP2,,Intersport Racing,Gibson,GF,
37,4,11,1:41.671,0,,23.967,0,48.143,0,29.561,2,202.9,19:06.409,18:49:06.409,0:23.967,0:48.143,0:29.561,295.8,Job Van Uitert,,LMP2,,Intersport Racing,Gibson,GF,
37,4,12,1:42.153,0,,24.049,0,47.634,0,30.470,0,201.9,20:48.562,18:50:48.562,0:24.049,0:47.634,0:30.470,294.5,Job Van Uitert,,LMP2,,Intersport Racing,Gibson,GF,
37,4,13,1:41.180,0,,24.149,0,47.469,0,29.562,0,203.8,22:29.742,18:52:29.742,0:24.149,0:47.469,0:29.562,294.5,Job Van Uitert,,LMP2,,Intersport Racing,Gibson,GF,
37,4,14,1:42.126,0,,24.125,0,47.516,0,30.485,0,202.0,24:11.868,18:54:11.868,0:24.125,0:47.516,0:30.485,294.5,Job Van Uitert,,LMP2,,Intersport Racing,Gibson,GF,
37,4,15,1:54.704,0,B,24.327,0,47.346,0,43.031,0,179.8,26:06.572,18:56:06.572,0:24.327,0:47.346,0:43.031,,Job Van Uitert,,LMP2,,Intersport Racing,Gibson,GF,
37,3,16,3:34.693,0,,2:13.894,0,49.643,0,31.156,0,96.1,29:41.265,18:59:41.265,2:13.894,0:49.643,0:31.156,291.9,Seth Lucas,0:02:10.010,LMP2,,Intersport Racing,Gibson,GF,
37,3,17,1:57.531,0,B,24.701,0,48.839,0,43.991,0,175.5,31:38.796,19:01:38.796,0:24.701,0:48.839,0:43.991,,Seth Lucas,,LMP2,,Intersport Racing,Gibson,GF,
37,3,18,2:06.934,0,,48.494,0,48.366,0,30.074,0,162.5,33:45.730,19:03:45.730,0:48.494,0:48.366,0:30.074,293.9,Seth Lucas,0:00:45.890,LMP2,,Intersport Racing,Gibson,GF,
37,3,19,1:41.825,0,,23.929,1,47.770,0,30.126,0,202.6,35:27.555,19:05:27.555,0:23.929,0:47.770,0:30.126,292.6,Seth Lucas,,LMP2,,Intersport Racing,Gibson,GF,
37,3,20,1:42.123,0,,24.227,0,47.748,1,30.148,0,202.0,37:09.678,19:07:09.678,0:24.227,0:47.748,0:30.148,295.2,Seth Lucas,,LMP2,,Intersport Racing,Gibson,GF,
37,3,21,1:42.707,0,,24.333,0,48.215,0,30.159,0,200.8,38:52.385,19:08:52.385,0:24.333,0:48.215,0:30.159,293.9,Seth Lucas,,LMP2,,Intersport Racing,Gibson,GF,
37,3,22,1:42.914,0,,24.710,0,48.164,0,30.040,1,200.4,40:35.299,19:10:35.299,0:24.710,0:48.164,0:30.040,295.2,Seth Lucas,,LMP2,,Intersport Racing,Gibson,GF,
37,3,23,1:42.799,0,,24.533,0,48.082,0,30.184,0,200.6,42:18.098,19:12:18.098,0:24.533,0:48.082,0:30.184,295.8,Seth Lucas,,LMP2,,Intersport Racing,Gibson,GF,
37,3,24,1:56.434,0,B,24.761,0,47.980,0,43.693,0,177.1,44:14.532,19:14:14.532,0:24.761,0:47.980,0:43.693,,Seth Lucas,,LMP2,,Intersport Racing,Gibson,GF,
37,2,25,15:32.876,0,,14:12.847,0,49.377,0,30.652,0,22.1,59:47.408,19:29:47.408,14:12.847,0:49.377,0:30.652,291.9,Oliver Jarvis,0:14:07.855,LMP2,,Intersport Racing,Gibson,GF,
37,2,26,1:44.656,0,,24.217,0,49.026,0,31.413,0,197.1,1:01:32.064,19:31:32.064,0:24.217,0:49.026,0:31.413,294.5,Oliver Jarvis,,LMP2,,Intersport Racing,Gibson,GF,
37,2,27,1:44.588,0,,25.275,0,48.062,0,31.251,0,197.2,1:03:16.652,19:33:16.652,0:25.275,0:48.062,0:31.251,293.2,Oliver Jarvis,,LMP2,,Intersport Racing,Gibson,GF,
37,2,28,1:41.558,0,,24.154,0,47.649,0,29.755,0,203.1,1:04:58.210,19:34:58.210,0:24.154,0:47.649,0:29.755,296.5,Oliver Jarvis,,LMP2,,Intersport Racing,Gibson,GF,
37,2,29,1:42.293,0,,24.884,0,47.558,0,29.851,0,201.6,1:06:40.503,19:36:40.503,0:24.884,0:47.558,0:29.851,299.9,Oliver Jarvis,,LMP2,,Intersport Racing,Gibson,GF,
37,2,30,1:42.494,0,,24.280,0,48.282,0,29.932,0,201.2,1:08:22.997,19:38:22.997,0:24.280,0:48.282,0:29.932,293.2,Oliver Jarvis,,LMP2,,Intersport Racing,Gibson,GF,
37,2,31,1:56.308,0,B,24.385,0,48.360,0,43.563,0,177.3,1:10:19.305,19:40:19.305,0:24.385,0:48.360,0:43.563,,Oliver Jarvis,,LMP2,,Intersport Racing,Gibson,GF,
37,3,32,12:07.362,0,,10:44.973,0,51.310,0,31.079,0,28.4,1:22:26.667,19:52:26.667,10:44.973,0:51.310,0:31.079,291.3,Seth Lucas,0:10:40.999,LMP2,,Intersport Racing,Gibson,GF,
37,3,33,1:45.417,0,,25.661,0,48.977,0,30.779,0,195.7,1:24:12.084,19:54:12.084,0:25.661,0:48.977,0:30.779,288.7,Seth Lucas,,LMP2,,Intersport Racing,Gibson,GF,
37,3,34,1:43.400,0,,24.523,0,48.467,0,30.410,0,199.5,1:25:55.484,19:55:55.484,0:24.523,0:48.467,0:30.410,293.2,Seth Lucas,,LMP2,,Intersport Racing,Gibson,GF,
37,3,35,1:43.936,0,,24.681,0,48.887,0,30.368,0,198.4,1:27:39.420,19:57:39.420,0:24.681,0:48.887,0:30.368,293.9,Seth Lucas,,LMP2,,Intersport Racing,Gibson,GF,
37,3,36,1:57.939,0,B,25.225,0,48.758,0,43.956,0,174.9,1:29:37.359,19:59:37.359,0:25.225,0:48.758,0:43.956,,Seth Lucas,,LMP2,,Intersport Racing,Gibson,GF,
37,3,37,3:37.262,0,,2:11.743,0,53.176,0,32.343,0,94.9,1:33:14.621,20:03:14.621,2:11.743,0:53.176,0:32.343,273.1,Seth Lucas,0:02:06.535,LMP2,,Intersport Racing,Gibson,GF,
37,3,38,1:48.213,0,,25.794,0,51.006,0,31.413,0,190.6,1:35:02.834,20:05:02.834,0:25.794,0:51.006,0:31.413,289.3,Seth Lucas,,LMP2,,Intersport Racing,Gibson,GF,
37,3,39,1:43.688,0,,24.958,0,48.184,0,30.546,0,198.9,1:36:46.522,20:06:46.522,0:24.958,0:48.184,0:30.546,292.6,Seth Lucas,,LMP2,,Intersport Racing,Gibson,GF,
37,3,40,1:44.011,0,,24.500,0,48.203,0,31.308,0,198.3,1:38:30.533,20:08:30.533,0:24.500,0:48.203,0:31.308,293.9,Seth Lucas,,LMP2,,Intersport Racing,Gibson,GF,
37,3,41,1:42.294,0,,24.197,0,47.841,0,30.256,0,201.6,1:40:12.827,20:10:12.827,0:24.197,0:47.841,0:30.256,292.6,Seth Lucas,,LMP2,,Intersport Racing,Gibson,GF,
37,3,42,1:42.557,0,,24.650,0,47.787,0,30.120,0,201.1,1:41:55.384,20:11:55.384,0:24.650,0:47.787,0:30.120,291.9,Seth Lucas,,LMP2,,Intersport Racing,Gibson,GF,
37,3,43,1:42.468,0,,24.495,0,47.916,0,30.057,0,201.3,1:43:37.852,20:13:37.852,0:24.495,0:47.916,0:30.057,295.8,Seth Lucas,,LMP2,,Intersport Racing,Gibson,GF,
37,3,44,1:43.985,0,,25.152,0,48.504,0,30.329,0,198.3,1:45:21.837,20:15:21.837,0:25.152,0:48.504,0:30.329,293.2,Seth Lucas,,LMP2,,Intersport Racing,Gibson,GF,
37,3,45,1:43.293,0,,24.341,0,48.099,0,30.853,0,199.7,1:47:05.130,20:17:05.130,0:24.341,0:48.099,0:30.853,293.2,Seth Lucas,,LMP2,,Intersport Racing,Gibson,GF,
37,3,46,1:57.358,0,B,24.507,0,49.260,0,43.591,0,175.7,1:49:02.488,20:19:02.488,0:24.507,0:49.260,0:43.591,,Seth Lucas,,LMP2,,Intersport Racing,Gibson,GF,
37,2,47,3:21.169,0,,2:00.451,0,50.059,0,30.659,0,102.5,1:52:23.657,20:22:23.657,2:00.451,0:50.059,0:30.659,290.6,Oliver Jarvis,0:01:57.382,LMP2,,Intersport Racing,Gibson,GF,
37,2,48,1:42.006,0,,24.225,0,47.623,0,30.158,0,202.2,1:54:05.663,20:24:05.663,0:24.225,0:47.623,0:30.158,295.2,Oliver Jarvis,,LMP2,,Intersport Racing,Gibson,GF,
37,2,49,1:42.382,0,,24.468,0,47.824,0,30.090,0,201.5,1:55:48.045,20:25:48.045,0:24.468,0:47.824,0:30.090,292.6,Oliver Jarvis,,LMP2,,Intersport Racing,Gibson,GF,
37,2,50,1:41.107,0,,24.004,0,47.454,0,29.649,1,204.0,1:57:29.152,20:27:29.152,0:24.004,0:47.454,0:29.649,295.2,Oliver Jarvis,,LMP2,,Intersport Racing,Gibson,GF,
37,2,51,1:42.166,0,,23.851,1,47.435,0,30.880,0,201.9,1:59:11.318,20:29:11.318,0:23.851,0:47.435,0:30.880,293.9,Oliver Jarvis,,LMP2,,Intersport Racing,Gibson,GF,
37,2,52,1:41.885,0,,24.798,0,47.396,1,29.691,0,202.4,2:00:53.203,20:30:53.203,0:24.798,0:47.396,0:29.691,293.2,Oliver Jarvis,,LMP2,,Intersport Racing,Gibson,FF,
4,3,1,2:49.059,0,,1:20.536,0,54.610,0,33.913,0,122.0,2:49.059,18:32:49.059,1:20.536,0:54.610,0:33.913,269.2,Nico Varrone,0:01:00.836,GTDPRO,,Corvette Racing by Pratt Miller Motorsports,Chevrolet,GF,
4,3,2,1:50.064,0,,25.926,0,51.276,0,32.862,0,187.4,4:39.123,18:34:39.123,0:25.926,0:51.276,0:32.862,275.4,Nico Varrone,,GTDPRO,,Corvette Racing by Pratt Miller Motorsports,Chevrolet,GF,
4,3,3,1:50.265,0,,26.072,0,51.330,0,32.863,0,187.1,6:29.388,18:36:29.388,0:26.072,0:51.330,0:32.863,272.6,Nico Varrone,,GTDPRO,,Corvette Racing by Pratt Miller Motorsports,Chevrolet,GF,
4,3,4,1:48.880,0,,25.690,0,50.692,0,32.498,0,189.4,8:18.268,18:38:18.268,0:25.690,0:50.692,0:32.498,273.1,Nico Varrone,,GTDPRO,,Corvette Racing by Pratt Miller Motorsports,Chevrolet,GF,
4,3,5,1:48.421,0,,25.537,0,50.613,1,32.271,1,190.2,10:06.689,18:40:06.689,0:25.537,0:50.613,0:32.271,274.3,Nico Varrone,,GTDPRO,,Corvette Racing by Pratt Miller Motorsports,Chevrolet,GF,
4,3,6,1:48.717,0,,25.482,0,50.722,0,32.513,0,189.7,11:55.406,18:41:55.406,0:25.482,0:50.722,0:32.513,277.2,Nico Varrone,,GTDPRO,,Corvette Racing by Pratt Miller Motorsports,Chevrolet,GF,
4,3,7,5:04.553,0,B,26.157,0,50.779,0,3:47.617,0,67.7,16:59.959,18:46:59.959,0:26.157,0:50.779,3:47.617,,Nico Varrone,,GTDPRO,,Corvette Racing by Pratt Miller Motorsports,Chevrolet,GF,
4,3,8,2:16.151,0,,50.719,0,52.516,0,32.916,0,151.5,19:16.110,18:49:16.110,0:50.719,0:52.516,0:32.916,269.8,Nico Varrone,0:03:47.931,GTDPRO,,Corvette Racing by Pratt Miller Motorsports,Chevrolet,GF,
4,3,9,1:49.983,0,,25.451,0,51.377,0,33.155,0,187.5,21:06.093,18:51:06.093,0:25.451,0:51.377,0:33.155,272.6,Nico Varrone,,GTDPRO,,Corvette Racing by Pratt Miller Motorsports,Chevrolet,GF,
4,3,10,1:48.431,0,,25.357,0,50.696,0,32.378,0,190.2,22:54.524,18:52:54.524,0:25.357,0:50.696,0:32.378,271.4,Nico Varrone,,GTDPRO,,Corvette Racing by Pratt Miller Motorsports,Chevrolet,GF,
4,3,11,1:48.534,0,,25.284,1,50.783,0,32.467,0,190.0,24:43.058,18:54:43.058,0:25.284,0:50.783,0:32.467,273.1,Nico Varrone,,GTDPRO,,Corvette Racing by Pratt Miller Motorsports,Chevrolet,GF,
4,3,12,1:51.656,0,,26.902,0,51.857,0,32.897,0,184.7,26:34.714,18:56:34.714,0:26.902,0:51.857,0:32.897,271.4,Nico Varrone,,GTDPRO,,Corvette Racing by Pratt Miller Motorsports,Chevrolet,GF,
4,3,13,3:23.598,0,B,25.472,0,50.966,0,2:07.160,0,101.3,29:58.312,18:59:58.312,0:25.472,0:50.966,2:07.160,,Nico Varrone,,GTDPRO,,Corvette Racing by Pratt Miller Motorsports,Chevrolet,GF,
4,1,14,2:15.388,0,,49.661,0,52.634,0,33.093,0,152.3,32:13.700,19:02:13.700,0:49.661,0:52.634,0:33.093,272.0,Tommy Milner,0:02:07.298,GTDPRO,,Corvette Racing by Pratt Miller Motorsports,Chevrolet,GF,
4,1,15,1:49.467,0,,25.659,0,51.001,0,32.807,0,188.4,34:03.167,19:04:03.167,0:25.659,0:51.001,0:32.807,271.4,Tommy Milner,,GTDPRO,,Corvette Racing by Pratt Miller Motorsports,Chevrolet,GF,
4,1,16,1:49.041,0,,25.553,0,50.844,0,32.644,0,189.2,35:52.208,19:05:52.208,0:25.553,0:50.844,0:32.644,271.4,Tommy Milner,,GTDPRO,,Corvette Racing by Pratt Miller Motorsports,Chevrolet,GF,
4,1,17,1:49.184,0,,25.455,0,50.975,0,32.754,0,188.9,37:41.392,19:07:41.392,0:25.455,0:50.975,0:32.754,270.9,Tommy Milner,,GTDPRO,,Corvette Racing by Pratt Miller Motorsports,Chevrolet,GF,
4,1,18,1:49.306,0,,25.448,0,50.924,0,32.934,0,188.7,39:30.698,19:09:30.698,0:25.448,0:50.924,0:32.934,271.4,Tommy Milner,,GTDPRO,,Corvette Racing by Pratt Miller Motorsports,Chevrolet,GF,
4,1,19,4:08.606,0,B,25.598,0,51.214,0,2:51.794,0,83.0,43:39.304,19:13:39.304,0:25.598,0:51.214,2:51.794,,Tommy Milner,,GTDPRO,,Corvette Racing by Pratt Miller Motorsports,Chevrolet,GF,
4,1,20,2:12.392,0,,48.317,0,51.437,0,32.638,0,155.8,45:51.696,19:15:51.696,0:48.317,0:51.437,0:32.638,273.7,Tommy Milner,0:02:50.574,GTDPRO,,Corvette Racing by Pratt Miller Motorsports,Chevrolet,GF,
4,1,21,1:48.819,0,,25.513,0,50.667,1,32.639,0,189.5,47:40.515,19:17:40.515,0:25.513,0:50.667,0:32.639,269.8,Tommy Milner,,GTDPRO,,Corvette Racing by Pratt Miller Motorsports,Chevrolet,GF,
4,1,22,1:48.567,0,,25.259,2,50.788,0,32.520,0,190.0,49:29.082,19:19:29.082,0:25.259,0:50.788,0:32.520,270.3,Tommy Milner,,GTDPRO,,Corvette Racing by Pratt Miller Motorsports,Chevrolet,GF,
4,1,23,1:48.368,2,,25.337,0,50.678,0,32.353,1,190.3,51:17.450,19:21:17.450,0:25.337,0:50.678,0:32.353,270.9,Tommy Milner,,GTDPRO,,Corvette Racing by Pratt Miller Motorsports,Chevrolet,GF,
4,1,24,1:48.695,0,,25.447,0,50.861,0,32.387,0,189.8,53:06.145,19:23:06.145,0:25.447,0:50.861,0:32.387,272.0,Tommy Milner,,GTDPRO,,Corvette Racing by Pratt Miller Motorsports,Chevrolet,GF,
4,1,25,1:48.714,0,,25.359,0,50.966,0,32.389,0,189.7,54:54.859,19:24:54.859,0:25.359,0:50.966,0:32.389,272.0,Tommy Milner,,GTDPRO,,Corvette Racing by Pratt Miller Motorsports,Chevrolet,GF,
4,1,26,1:48.819,0,,25.468,0,50.876,0,32.475,0,189.5,56:43.678,19:26:43.678,0:25.468,0:50.876,0:32.475,270.9,Tommy Milner,,GTDPRO,,Corvette Racing by Pratt Miller Motorsports,Chevrolet,GF,
4,1,27,1:49.368,0,,25.493,0,51.352,0,32.523,0,188.6,58:33.046,19:28:33.046,0:25.493,0:51.352,0:32.523,274.3,Tommy Milner,,GTDPRO,,Corvette Racing by Pratt Miller Motorsports,Chevrolet,GF,
4,1,28,2:47.974,0,B,28.129,0,51.238,0,1:28.607,0,122.8,1:01:21.020,19:31:21.020,0:28.129,0:51.238,1:28.607,,Tommy Milner,,GTDPRO,,Corvette Racing by Pratt Miller Motorsports,Chevrolet,GF,
4,2,29,2:14.293,0,,50.084,0,51.411,0,32.798,0,153.6,1:03:35.313,19:33:35.313,0:50.084,0:51.411,0:32.798,272.0,Nicky Catsburg,0:01:28.652,GTDPRO,,Corvette Racing by Pratt Miller Motorsports,Chevrolet,GF,
4,2,30,1:53.160,0,,26.134,0,53.282,0,33.744,0,182.3,1:05:28.473,19:35:28.473,0:26.134,0:53.282,0:33.744,272.6,Nicky Catsburg,,GTDPRO,,Corvette Racing by Pratt Miller Motorsports,Chevrolet,GF,
4,2,31,1:49.367,0,,25.730,0,51.011,0,32.626,0,188.6,1:07:17.840,19:37:17.840,0:25.730,0:51.011,0:32.626,272.0,Nicky Catsburg,,GTDPRO,,Corvette Racing by Pratt Miller Motorsports,Chevrolet,GF,
4,2,32,1:48.985,0,,25.592,0,50.902,0,32.491,0,189.2,1:09:06.825,19:39:06.825,0:25.592,0:50.902,0:32.491,272.0,Nicky Catsburg,,GTDPRO,,Corvette Racing by Pratt Miller Motorsports,Chevrolet,GF,
4,2,33,1:49.406,0,,25.753,0,51.015,0,32.638,0,188.5,1:10:56.231,19:40:56.231,0:25.753,0:51.015,0:32.638,273.1,Nicky Catsburg,,GTDPRO,,Corvette Racing by Pratt Miller Motorsports,Chevrolet,GF,
4,2,34,8:05.386,0,B,26.251,0,53.521,0,6:45.614,0,42.5,1:19:01.617,19:49:01.617,0:26.251,0:53.521,6:45.614,,Nicky Catsburg,,GTDPRO,,Corvette Racing by Pratt Miller Motorsports,Chevrolet,GF,
4,2,35,2:26.092,0,B,48.560,0,51.641,0,45.891,0,141.2,1:21:27.709,19:51:27.709,0:48.560,0:51.641,0:45.891,,Nicky Catsburg,0:06:40.252,GTDPRO,,Corvette Racing by Pratt Miller Motorsports,Chevrolet,GF,
4,2,36,2:11.377,0,,48.051,0,50.977,0,32.349,0,157.0,1:23:39.086,19:53:39.086,0:48.051,0:50.977,0:32.349,277.7,Nicky Catsburg,0:00:45.040,GTDPRO,,Corvette Racing by Pratt Miller Motorsports,Chevrolet,GF,
4,2,37,1:48.984,0,,25.875,0,50.714,0,32.395,0,189.3,1:25:28.070,19:55:28.070,0:25.875,0:50.714,0:32.395,275.4,Nicky Catsburg,,GTDPRO,,Corvette Racing by Pratt Miller Motorsports,Chevrolet,GF,
4,2,38,1:53.818,0,,25.680,0,54.794,0,33.344,0,181.2,1:27:21.888,19:57:21.888,0:25.680,0:54.794,0:33.344,276.6,Nicky Catsburg,,GTDPRO,,Corvette Racing by Pratt Miller Motorsports,Chevrolet,GF,
4,2,39,1:51.590,0,,26.314,0,53.022,0,32.254,0,184.8,1:29:13.478,19:59:13.478,0:26.314,0:53.022,0:32.254,275.4,Nicky Catsburg,,GTDPRO,,Corvette Racing by Pratt Miller Motorsports,Chevrolet,GF,
4,2,40,1:48.388,0,,25.657,0,50.596,0,32.135,2,190.3,1:31:01.866,20:01:01.866,0:25.657,0:50.596,0:32.135,275.4,Nicky Catsburg,,GTDPRO,,Corvette Racing by Pratt Miller Motorsports,Chevrolet,GF,
4,2,41,14:54.822,0,B,25.564,1,50.454,2,13:38.804,0,23.0,1:45:56.688,20:15:56.688,0:25.564,0:50.454,13:38.804,,Nicky Catsburg,,GTDPRO,,Corvette Racing by Pratt Miller Motorsports,Chevrolet,GF,
4,2,42,2:13.129,0,,48.689,0,51.737,0,32.703,0,154.9,1:48:09.817,20:18:09.817,0:48.689,0:51.737,0:32.703,273.1,Nicky Catsburg,0:13:36.923,GTDPRO,,Corvette Racing by Pratt Miller Motorsports,Chevrolet,GF,
4,2,43,1:52.058,0,,27.633,0,51.827,0,32.598,0,184.1,1:50:01.875,20:20:01.875,0:27.633,0:51.827,0:32.598,270.9,Nicky Catsburg,,GTDPRO,,Corvette Racing by Pratt Miller Motorsports,Chevrolet,GF,
4,2,44,1:50.532,0,,26.004,0,51.684,0,32.844,0,186.6,1:51:52.407,20:21:52.407,0:26.004,0:51.684,0:32.844,270.9,Nicky Catsburg,,GTDPRO,,Corvette Racing by Pratt Miller Motorsports,Chevrolet,GF,
4,2,45,1:50.334,0,,26.701,0,51.057,0,32.576,0,186.9,1:53:42.741,20:23:42.741,0:26.701,0:51.057,0:32.576,270.3,Nicky Catsburg,,GTDPRO,,Corvette Racing by Pratt Miller Motorsports,Chevrolet,GF,
4,2,46,1:49.512,0,,25.775,0,51.184,0,32.553,0,188.3,1:55:32.253,20:25:32.253,0:25.775,0:51.184,0:32.553,270.9,Nicky Catsburg,,GTDPRO,,Corvette Racing by Pratt Miller Motorsports,Chevrolet,GF,
4,2,47,1:49.474,0,,25.860,0,51.080,0,32.534,0,188.4,1:57:21.727,20:27:21.727,0:25.860,0:51.080,0:32.534,271.4,Nicky Catsburg,,GTDPRO,,Corvette Racing by Pratt Miller Motorsports,Chevrolet,GF,
4,2,48,1:48.997,0,,25.727,0,50.909,0,32.361,0,189.2,1:59:10.724,20:29:10.724,0:25.727,0:50.909,0:32.361,271.4,Nicky Catsburg,,GTDPRO,,Corvette Racing by Pratt Miller Motorsports,Chevrolet,GF,
40,1,1,2:41.521,0,,1:16.835,0,54.243,0,30.443,0,127.7,2:41.521,18:32:41.521,1:16.835,0:54.243,0:30.443,322.7,Jordan Taylor,0:00:57.560,GTP,,Cadillac Wayne Taylor Racing,Cadillac,GF,
40,1,2,1:47.772,0,,27.911,0,50.267,0,29.594,0,191.4,4:29.293,18:34:29.293,0:27.911,0:50.267,0:29.594,315.7,Jordan Taylor,,GTP,,Cadillac Wayne Taylor Racing,Cadillac,GF,
40,1,3,1:38.920,0,,24.177,0,45.938,0,28.805,0,208.5,6:08.213,18:36:08.213,0:24.177,0:45.938,0:28.805,320.3,Jordan Taylor,,GTP,,Cadillac Wayne Taylor Racing,Cadillac,GF,
40,1,4,1:40.990,0,,24.807,0,46.755,0,29.428,0,204.2,7:49.203,18:37:49.203,0:24.807,0:46.755,0:29.428,321.1,Jordan Taylor,,GTP,,Cadillac Wayne Taylor Racing,Cadillac,GF,
40,1,5,1:40.106,0,,24.675,0,46.651,0,28.780,0,206.0,9:29.309,18:39:29.309,0:24.675,0:46.651,0:28.780,318.8,Jordan Taylor,,GTP,,Cadillac Wayne Taylor Racing,Cadillac,GF,
40,1,6,1:38.843,0,,24.135,0,45.996,0,28.712,0,208.7,11:08.152,18:41:08.152,0:24.135,0:45.996,0:28.712,318.0,Jordan Taylor,,GTP,,Cadillac Wayne Taylor Racing,Cadillac,GF,
40,1,7,1:42.360,0,,24.219,0,47.557,0,30.584,0,201.5,12:50.512,18:42:50.512,0:24.219,0:47.557,0:30.584,316.5,Jordan Taylor,,GTP,,Cadillac Wayne Taylor Racing,Cadillac,GF,
40,1,8,1:39.859,0,,24.592,0,45.979,0,29.288,0,206.5,14:30.371,18:44:30.371,0:24.592,0:45.979,0:29.288,317.2,Jordan Taylor,,GTP,,Cadillac Wayne Taylor Racing,Cadillac,GF,
40,1,9,1:38.406,0,,23.976,0,45.907,0,28.523,0,209.6,16:08.777,18:46:08.777,0:23.976,0:45.907,0:28.523,318.8,Jordan Taylor,,GTP,,Cadillac Wayne Taylor Racing,Cadillac,GF,
40,1,10,1:40.449,0,,24.587,0,46.713,0,29.149,0,205.3,17:49.226,18:47:49.226,0:24.587,0:46.713,0:29.149,317.2,Jordan Taylor,,GTP,,Cadillac Wayne Taylor Racing,Cadillac,GF,
40,1,11,1:38.075,0,,23.976,0,45.723,0,28.376,1,210.3,19:27.301,18:49:27.301,0:23.976,0:45.723,0:28.376,320.3,Jordan Taylor,,GTP,,Cadillac Wayne Taylor Racing,Cadillac,GF,
40,1,12,13:47.023,0,B,24.298,0,45.906,0,12:36.819,0,24.9,33:14.324,19:03:14.324,0:24.298,0:45.906,12:36.819,,Jordan Taylor,,GTP,,Cadillac Wayne Taylor Racing,Cadillac,GF,
40,1,13,2:07.545,0,,49.221,0,49.070,0,29.254,0,161.7,35:21.869,19:05:21.869,0:49.221,0:49.070,0:29.254,314.2,Jordan Taylor,0:12:39.670,GTP,,Cadillac Wayne Taylor Racing,Cadillac,GF,
40,1,14,1:38.531,0,,23.991,0,45.686,1,28.854,0,209.3,37:00.400,19:07:00.400,0:23.991,0:45.686,0:28.854,318.8,Jordan Taylor,,GTP,,Cadillac Wayne Taylor Racing,Cadillac,GF,
40,1,15,1:38.654,0,,23.969,0,45.969,0,28.716,0,209.1,38:39.054,19:08:39.054,0:23.969,0:45.969,0:28.716,318.0,Jordan Taylor,,GTP,,Cadillac Wayne Taylor Racing,Cadillac,GF,
40,1,16,1:39.210,0,,23.956,1,46.457,0,28.797,0,207.9,40:18.264,19:10:18.264,0:23.956,0:46.457,0:28.797,318.0,Jordan Taylor,,GTP,,Cadillac Wayne Taylor Racing,Cadillac,GF,
40,1,17,1:39.441,0,,24.127,0,46.728,0,28.586,0,207.4,41:57.705,19:11:57.705,0:24.127,0:46.728,0:28.586,319.5,Jordan Taylor,,GTP,,Cadillac Wayne Taylor Racing,Cadillac,GF,
40,1,18,3:55.170,0,B,24.664,0,46.827,0,2:43.679,0,87.7,45:52.875,19:15:52.875,0:24.664,0:46.827,2:43.679,,Jordan Taylor,,GTP,,Cadillac Wayne Taylor Racing,Cadillac,GF,
40,3,19,2:08.093,0,,50.473,0,48.574,0,29.046,0,161.0,48:00.968,19:18:00.968,0:50.473,0:48.574,0:29.046,315.7,Colton Herta,0:02:45.551,GTP,,Cadillac Wayne Taylor Racing,Cadillac,GF,
40,3,20,2:18.710,0,B,24.009,0,45.902,0,1:08.799,0,148.7,50:19.678,19:20:19.678,0:24.009,0:45.902,1:08.799,,Colton Herta,,GTP,,Cadillac Wayne Taylor Racing,Cadillac,GF,
40,3,21,2:02.832,0,,47.550,0,46.066,0,29.216,0,167.9,52:22.510,19:22:22.510,0:47.550,0:46.066,0:29.216,316.5,Colton Herta,0:01:11.567,GTP,,Cadillac Wayne Taylor Racing,Cadillac,GF,
40,3,22,1:38.123,0,,24.011,0,45.472,0,28.640,0,210.2,54:00.633,19:24:00.633,0:24.011,0:45.472,0:28.640,315.7,Colton Herta,,GTP,,Cadillac Wayne Taylor Racing,Cadillac,GF,
40,3,23,1:37.342,2,,23.583,2,45.385,2,28.374,1,211.9,55:37.975,19:25:37.975,0:23.583,0:45.385,0:28.374,316.5,Colton Herta,,GTP,,Cadillac Wayne Taylor Racing,Cadillac,GF,
40,3,24,1:37.845,0,,23.783,0,45.462,0,28.600,0,210.8,57:15.820,19:27:15.820,0:23.783,0:45.462,0:28.600,318.0,Colton Herta,,GTP,,Cadillac Wayne Taylor Racing,Cadillac,GF,
40,3,25,1:39.357,0,,23.765,0,46.294,0,29.298,0,207.6,58:55.177,19:28:55.177,0:23.765,0:46.294,0:29.298,316.5,Colton Herta,,GTP,,Cadillac Wayne Taylor Racing,Cadillac,GF,
40,3,26,1:38.405,0,,23.862,0,46.073,0,28.470,0,209.6,1:00:33.582,19:30:33.582,0:23.862,0:46.073,0:28.470,320.3,Colton Herta,,GTP,,Cadillac Wayne Taylor Racing,Cadillac,GF,
40,3,27,1:39.774,0,,24.249,0,46.356,0,29.169,0,206.7,1:02:13.356,19:32:13.356,0:24.249,0:46.356,0:29.169,319.5,Colton Herta,,GTP,,Cadillac Wayne Taylor Racing,Cadillac,GF,
40,3,28,1:40.034,0,,24.290,0,45.684,0,30.060,0,206.2,1:03:53.390,19:33:53.390,0:24.290,0:45.684,0:30.060,318.8,Colton Herta,,GTP,,Cadillac Wayne Taylor Racing,Cadillac,GF,
40,3,29,1:40.047,0,,25.501,0,45.880,0,28.666,0,206.2,1:05:33.437,19:35:33.437,0:25.501,0:45.880,0:28.666,319.5,Colton Herta,,GTP,,Cadillac Wayne Taylor Racing,Cadillac,GF,
40,3,30,1:39.381,0,,23.931,0,46.272,0,29.178,0,207.5,1:07:12.818,19:37:12.818,0:23.931,0:46.272,0:29.178,323.5,Colton Herta,,GTP,,Cadillac Wayne Taylor Racing,Cadillac,GF,
40,3,31,1:39.767,0,,23.976,0,47.101,0,28.690,0,206.7,1:08:52.585,19:38:52.585,0:23.976,0:47.101,0:28.690,321.9,Colton Herta,,GTP,,Cadillac Wayne Taylor Racing,Cadillac,GF,
40,3,32,7:02.725,0,B,23.840,0,46.022,0,5:52.863,0,48.8,1:15:55.310,19:45:55.310,0:23.840,0:46.022,5:52.863,,Colton Herta,,GTP,,Cadillac Wayne Taylor Racing,Cadillac,GF,
40,3,33,2:05.677,0,,49.079,0,47.646,0,28.952,0,164.1,1:18:00.987,19:48:00.987,0:49.079,0:47.646,0:28.952,318.0,Colton Herta,0:05:55.480,GTP,,Cadillac Wayne Taylor Racing,Cadillac,GF,
40,3,34,1:38.006,0,,23.843,0,45.629,0,28.534,0,210.5,1:19:38.993,19:49:38.993,0:23.843,0:45.629,0:28.534,325.1,Colton Herta,,GTP,,Cadillac Wayne Taylor Racing,Cadillac,GF,
40,3,35,1:40.860,0,,24.638,0,47.367,0,28.855,0,204.5,1:21:19.853,19:51:19.853,0:24.638,0:47.367,0:28.855,320.3,Colton Herta,,GTP,,Cadillac Wayne Taylor Racing,Cadillac,GF,
40,3,36,1:40.290,0,,24.056,0,47.119,0,29.115,0,205.7,1:23:00.143,19:53:00.143,0:24.056,0:47.119,0:29.115,318.8,Colton Herta,,GTP,,Cadillac Wayne Taylor Racing,Cadillac,GF,
40,3,37,1:39.810,0,,23.939,0,46.422,0,29.449,0,206.6,1:24:39.953,19:54:39.953,0:23.939,0:46.422,0:29.449,316.5,Colton Herta,,GTP,,Cadillac Wayne Taylor Racing,Cadillac,GF,
40,3,38,1:38.447,0,,24.044,0,45.736,0,28.667,0,209.5,1:26:18.400,19:56:18.400,0:24.044,0:45.736,0:28.667,320.3,Colton Herta,,GTP,,Cadillac Wayne Taylor Racing,Cadillac,GF,
40,3,39,6:30.762,0,B,23.917,0,46.081,0,5:20.764,0,52.8,1:32:49.162,20:02:49.162,0:23.917,0:46.081,5:20.764,,Colton Herta,,GTP,,Cadillac Wayne Taylor Racing,Cadillac,GF,
40,2,40,2:24.359,0,B,48.742,0,52.308,0,43.309,0,142.9,1:35:13.521,20:05:13.521,0:48.742,0:52.308,0:43.309,,Louis Deletraz,0:05:24.139,GTP,,Cadillac Wayne Taylor Racing,Cadillac,GF,
40,2,41,2:02.566,0,,47.912,0,45.966,0,28.688,0,168.3,1:37:16.087,20:07:16.087,0:47.912,0:45.966,0:28.688,319.5,Louis Deletraz,0:00:45.017,GTP,,Cadillac Wayne Taylor Racing,Cadillac,GF,
40,2,42,1:38.722,0,,24.194,0,45.972,0,28.556,0,208.9,1:38:54.809,20:08:54.809,0:24.194,0:45.972,0:28.556,319.5,Louis Deletraz,,GTP,,Cadillac Wayne Taylor Racing,Cadillac,GF,
40,2,43,1:39.072,0,,24.555,0,46.088,0,28.429,0,208.2,1:40:33.881,20:10:33.881,0:24.555,0:46.088,0:28.429,318.8,Louis Deletraz,,GTP,,Cadillac Wayne Taylor Racing,Cadillac,GF,
40,2,44,1:41.351,0,,24.879,0,46.186,0,30.286,0,203.5,1:42:15.232,20:12:15.232,0:24.879,0:46.186,0:30.286,318.8,Louis Deletraz,,GTP,,Cadillac Wayne Taylor Racing,Cadillac,GF,
40,2,45,1:38.373,0,,24.114,0,45.821,0,28.438,0,209.7,1:43:53.605,20:13:53.605,0:24.114,0:45.821,0:28.438,317.2,Louis Deletraz,,GTP,,Cadillac Wayne Taylor Racing,Cadillac,GF,
40,2,46,5:20.203,0,B,24.238,0,45.652,0,4:10.313,0,64.4,1:49:13.808,20:19:13.808,0:24.238,0:45.652,4:10.313,,Louis Deletraz,,GTP,,Cadillac Wayne Taylor Racing,Cadillac,GF,
40,2,47,2:02.931,0,,47.630,0,46.283,0,29.018,0,167.8,1:51:16.739,20:21:16.739,0:47.630,0:46.283,0:29.018,317.2,Louis Deletraz,0:04:13.099,GTP,,Cadillac Wayne Taylor Racing,Cadillac,GF,
40,2,48,1:37.462,0,,24.023,0,45.418,1,28.021,2,211.6,1:52:54.201,20:22:54.201,0:24.023,0:45.418,0:28.021,321.9,Louis Deletraz,,GTP,,Cadillac Wayne Taylor Racing,Cadillac,GF,
40,2,49,1:38.708,0,,24.091,0,46.104,0,28.513,0,209.0,1:54:32.909,20:24:32.909,0:24.091,0:46.104,0:28.513,319.5,Louis Deletraz,,GTP,,Cadillac Wayne Taylor Racing,Cadillac,GF,
40,2,50,1:37.730,0,,23.955,1,45.489,0,28.286,0,211.0,1:56:10.639,20:26:10.639,0:23.955,0:45.489,0:28.286,320.3,Louis Deletraz,,GTP,,Cadillac Wayne Taylor Racing,Cadillac,GF,
40,2,51,1:39.768,0,,24.164,0,46.287,0,29.317,0,206.7,1:57:50.407,20:27:50.407,0:24.164,0:46.287,0:29.317,318.8,Louis Deletraz,,GTP,,Cadillac Wayne Taylor Racing,Cadillac,GF,
40,2,52,1:38.793,0,,24.059,0,45.915,0,28.819,0,208.8,1:59:29.200,20:29:29.200,0:24.059,0:45.915,0:28.819,317.2,Louis Deletraz,,GTP,,Cadillac Wayne Taylor Racing,Cadillac,GF,
40,2,53,1:38.750,0,,24.320,0,45.871,0,28.559,0,208.9,2:01:07.950,20:31:07.950,0:24.320,0:45.871,0:28.559,318.8,Louis Deletraz,,GTP,,Cadillac Wayne Taylor Racing,Cadillac,FF,
43,4,1,2:35.118,0,,1:06.444,0,56.378,0,32.296,0,133.0,2:35.118,18:32:35.118,1:06.444,0:56.378,0:32.296,293.9,Jeremy Clarke,0:00:45.659,LMP2,,Inter Europol Competition,Gibson,GF,
43,4,2,1:44.301,0,,25.551,0,48.417,0,30.333,0,197.7,4:19.419,18:34:19.419,0:25.551,0:48.417,0:30.333,295.2,Jeremy Clarke,,LMP2,,Inter Europol Competition,Gibson,GF,
43,4,3,1:46.397,0,,25.267,0,50.121,0,31.009,0,193.9,6:05.816,18:36:05.816,0:25.267,0:50.121,0:31.009,299.2,Jeremy Clarke,,LMP2,,Inter Europol Competition,Gibson,GF,
43,4,4,1:44.208,0,,24.481,0,48.734,0,30.993,0,197.9,7:50.024,18:37:50.024,0:24.481,0:48.734,0:30.993,296.5,Jeremy Clarke,,LMP2,,Inter Europol Competition,Gibson,GF,
43,4,5,1:45.329,0,,24.564,0,49.921,0,30.844,0,195.8,9:35.353,18:39:35.353,0:24.564,0:49.921,0:30.844,300.6,Jeremy Clarke,,LMP2,,Inter Europol Competition,Gibson,GF,
43,4,6,1:43.227,0,,25.321,0,47.852,0,30.054,0,199.8,11:18.580,18:41:18.580,0:25.321,0:47.852,0:30.054,297.2,Jeremy Clarke,,LMP2,,Inter Europol Competition,Gibson,GF,
43,4,7,1:42.629,0,,24.527,0,47.888,0,30.214,0,201.0,13:01.209,18:43:01.209,0:24.527,0:47.888,0:30.214,295.2,Jeremy Clarke,,LMP2,,Inter Europol Competition,Gibson,GF,
43,4,8,1:42.377,0,,24.485,0,47.884,0,30.008,0,201.5,14:43.586,18:44:43.586,0:24.485,0:47.884,0:30.008,299.2,Jeremy Clarke,,LMP2,,Inter Europol Competition,Gibson,GF,
43,4,9,1:44.176,0,,26.045,0,48.027,0,30.104,0,198.0,16:27.762,18:46:27.762,0:26.045,0:48.027,0:30.104,298.5,Jeremy Clarke,,LMP2,,Inter Europol Competition,Gibson,GF,
43,4,10,1:43.024,0,,24.921,0,47.778,0,30.325,0,200.2,18:10.786,18:48:10.786,0:24.921,0:47.778,0:30.325,294.5,Jeremy Clarke,,LMP2,,Inter Europol Competition,Gibson,GF,
43,4,11,1:42.866,0,,24.320,0,47.933,0,30.613,0,200.5,19:53.652,18:49:53.652,0:24.320,0:47.933,0:30.613,297.2,Jeremy Clarke,,LMP2,,Inter Europol Competition,Gibson,GF,
43,4,12,1:43.317,0,,25.075,0,48.270,0,29.972,0,199.6,21:36.969,18:51:36.969,0:25.075,0:48.270,0:29.972,302.0,Jeremy Clarke,,LMP2,,Inter Europol Competition,Gibson,GF,
43,4,13,1:44.801,0,,25.562,0,48.826,0,30.413,0,196.8,23:21.770,18:53:21.770,0:25.562,0:48.826,0:30.413,297.9,Jeremy Clarke,,LMP2,,Inter Europol Competition,Gibson,GF,
43,4,14,1:44.460,0,,25.108,0,48.644,0,30.708,0,197.4,25:06.230,18:55:06.230,0:25.108,0:48.644,0:30.708,296.5,Jeremy Clarke,,LMP2,,Inter Europol Competition,Gibson,GF,
43,4,15,1:43.550,0,,25.099,0,48.024,0,30.427,0,199.2,26:49.780,18:56:49.780,0:25.099,0:48.024,0:30.427,294.5,Jeremy Clarke,,LMP2,,Inter Europol Competition,Gibson,GF,
43,4,16,1:43.003,0,,24.461,0,47.578,1,30.964,0,200.2,28:32.783,18:58:32.783,0:24.461,0:47.578,0:30.964,294.5,Jeremy Clarke,,LMP2,,Inter Europol Competition,Gibson,GF,
43,4,17,1:44.267,0,,24.432,0,48.764,0,31.071,0,197.8,30:17.050,19:00:17.050,0:24.432,0:48.764,0:31.071,294.5,Jeremy Clarke,,LMP2,,Inter Europol Competition,Gibson,GF,
43,4,18,1:43.234,0,,25.339,0,47.868,0,30.027,0,199.8,32:00.284,19:02:00.284,0:25.339,0:47.868,0:30.027,294.5,Jeremy Clarke,,LMP2,,Inter Europol Competition,Gibson,GF,
43,4,19,1:41.895,0,,24.304,0,47.656,0,29.935,0,202.4,33:42.179,19:03:42.179,0:24.304,0:47.656,0:29.935,293.9,Jeremy Clarke,,LMP2,,Inter Europol Competition,Gibson,GF,
43,4,20,1:42.921,0,,25.103,0,48.059,0,29.759,0,200.4,35:25.100,19:05:25.100,0:25.103,0:48.059,0:29.759,295.2,Jeremy Clarke,,LMP2,,Inter Europol Competition,Gibson,GF,
43,4,21,1:41.724,0,,24.324,0,47.774,0,29.626,1,202.8,37:06.824,19:07:06.824,0:24.324,0:47.774,0:29.626,295.8,Jeremy Clarke,,LMP2,,Inter Europol Competition,Gibson,GF,
43,4,22,1:42.256,0,,24.289,1,48.106,0,29.861,0,201.7,38:49.080,19:08:49.080,0:24.289,0:48.106,0:29.861,296.5,Jeremy Clarke,,LMP2,,Inter Europol Competition,Gibson,GF,
43,4,23,1:58.480,0,B,24.382,0,47.953,0,46.145,0,174.1,40:47.560,19:10:47.560,0:24.382,0:47.953,0:46.145,,Jeremy Clarke,,LMP2,,Inter Europol Competition,Gibson,GF,
43,3,24,4:18.196,0,,2:55.560,0,51.447,0,31.189,0,79.9,45:05.756,19:15:05.756,2:55.560,0:51.447,0:31.189,291.9,Antonio Felix da Costa,0:02:50.168,LMP2,,Inter Europol Competition,Gibson,GF,
43,3,25,1:43.006,0,,25.146,0,47.883,0,29.977,0,200.2,46:48.762,19:16:48.762,0:25.146,0:47.883,0:29.977,297.9,Antonio Felix da Costa,,LMP2,,Inter Europol Competition,Gibson,GF,
43,3,26,1:40.802,0,,23.993,0,47.056,0,29.753,0,204.6,48:29.564,19:18:29.564,0:23.993,0:47.056,0:29.753,296.5,Antonio Felix da Costa,,LMP2,,Inter Europol Competition,Gibson,GF,
43,3,27,1:40.829,0,,24.040,0,47.052,0,29.737,0,204.6,50:10.393,19:20:10.393,0:24.040,0:47.052,0:29.737,294.5,Antonio Felix da Costa,,LMP2,,Inter Europol Competition,Gibson,GF,
43,3,28,1:40.215,2,,23.585,2,47.008,2,29.622,0,205.8,51:50.608,19:21:50.608,0:23.585,0:47.008,0:29.622,295.8,Antonio Felix da Costa,,LMP2,,Inter Europol Competition,Gibson,GF,
43,3,29,1:40.826,0,,24.138,0,47.022,0,29.666,0,204.6,53:31.434,19:23:31.434,0:24.138,0:47.022,0:29.666,295.8,Antonio Felix da Costa,,LMP2,,Inter Europol Competition,Gibson,GF,
43,3,30,1:41.293,0,,24.106,0,47.304,0,29.883,0,203.6,55:12.727,19:25:12.727,0:24.106,0:47.304,0:29.883,294.5,Antonio Felix da Costa,,LMP2,,Inter Europol Competition,Gibson,GF,
43,3,31,1:41.298,0,,24.093,0,47.386,0,29.819,0,203.6,56:54.025,19:26:54.025,0:24.093,0:47.386,0:29.819,295.2,Antonio Felix da Costa,,LMP2,,Inter Europol Competition,Gibson,GF,
43,3,32,1:41.168,0,,24.321,0,47.299,0,29.548,0,203.9,58:35.193,19:28:35.193,0:24.321,0:47.299,0:29.548,298.5,Antonio Felix da Costa,,LMP2,,Inter Europol Competition,Gibson,GF,
43,3,33,1:41.623,0,,24.380,0,47.697,0,29.546,2,203.0,1:00:16.816,19:30:16.816,0:24.380,0:47.697,0:29.546,295.2,Antonio Felix da Costa,,LMP2,,Inter Europol Competition,Gibson,GF,
43,3,34,1:42.730,0,,24.238,0,48.742,0,29.750,0,200.8,1:01:59.546,19:31:59.546,0:24.238,0:48.742,0:29.750,295.2,Antonio Felix da Costa,,LMP2,,Inter Europol Competition,Gibson,GF,
43,3,35,1:43.078,0,,24.353,0,47.778,0,30.947,0,200.1,1:03:42.624,19:33:42.624,0:24.353,0:47.778,0:30.947,293.9,Antonio Felix da Costa,,LMP2,,Inter Europol Competition,Gibson,GF,
43,3,36,1:41.558,0,,24.149,0,47.232,0,30.177,0,203.1,1:05:24.182,19:35:24.182,0:24.149,0:47.232,0:30.177,295.2,Antonio Felix da Costa,,LMP2,,Inter Europol Competition,Gibson,GF,
43,3,37,1:43.696,0,,25.141,0,47.970,0,30.585,0,198.9,1:07:07.878,19:37:07.878,0:25.141,0:47.970,0:30.585,297.2,Antonio Felix da Costa,,LMP2,,Inter Europol Competition,Gibson,GF,
43,3,38,1:41.783,0,,24.594,0,47.446,0,29.743,0,202.6,1:08:49.661,19:38:49.661,0:24.594,0:47.446,0:29.743,295.8,Antonio Felix da Costa,,LMP2,,Inter Europol Competition,Gibson,GF,
43,3,39,1:41.946,0,,24.287,0,47.941,0,29.718,0,202.3,1:10:31.607,19:40:31.607,0:24.287,0:47.941,0:29.718,295.8,Antonio Felix da Costa,,LMP2,,Inter Europol Competition,Gibson,GF,
43,3,40,1:42.017,0,,24.688,0,47.529,0,29.800,0,202.2,1:12:13.624,19:42:13.624,0:24.688,0:47.529,0:29.800,295.8,Antonio Felix da Costa,,LMP2,,Inter Europol Competition,Gibson,GF,
43,3,41,1:42.046,0,,24.114,0,47.680,0,30.252,0,202.1,1:13:55.670,19:43:55.670,0:24.114,0:47.680,0:30.252,297.2,Antonio Felix da Costa,,LMP2,,Inter Europol Competition,Gibson,GF,
43,3,42,1:41.063,0,,24.091,0,47.221,0,29.751,0,204.1,1:15:36.733,19:45:36.733,0:24.091,0:47.221,0:29.751,298.5,Antonio Felix da Costa,,LMP2,,Inter Europol Competition,Gibson,GF,
43,3,43,1:42.101,0,,24.623,0,47.564,0,29.914,0,202.0,1:17:18.834,19:47:18.834,0:24.623,0:47.564,0:29.914,295.2,Antonio Felix da Costa,,LMP2,,Inter Europol Competition,Gibson,GF,
43,3,44,1:54.498,0,B,24.114,0,47.520,0,42.864,0,180.1,1:19:13.332,19:49:13.332,0:24.114,0:47.520,0:42.864,,Antonio Felix da Costa,,LMP2,,Inter Europol Competition,Gibson,GF,
43,2,45,5:56.481,0,B,4:22.905,0,48.661,0,44.915,0,57.9,1:25:09.813,19:55:09.813,4:22.905,0:48.661,0:44.915,,Bijoy Garg,0:04:19.972,LMP2,,Inter Europol Competition,Gibson,GF,
43,2,46,2:06.409,0,,47.682,0,48.493,0,30.234,0,163.2,1:27:16.222,19:57:16.222,0:47.682,0:48.493,0:30.234,295.2,Bijoy Garg,0:00:45.550,LMP2,,Inter Europol Competition,Gibson,GF,
43,2,47,1:42.476,0,,24.502,0,47.977,0,29.997,0,201.3,1:28:58.698,19:58:58.698,0:24.502,0:47.977,0:29.997,293.2,Bijoy Garg,,LMP2,,Inter Europol Competition,Gibson,GF,
43,2,48,1:42.864,0,,24.879,0,47.959,0,30.026,0,200.5,1:30:41.562,20:00:41.562,0:24.879,0:47.959,0:30.026,294.5,Bijoy Garg,,LMP2,,Inter Europol Competition,Gibson,GF,
43,2,49,1:42.322,0,,24.528,0,47.909,0,29.885,0,201.6,1:32:23.884,20:02:23.884,0:24.528,0:47.909,0:29.885,294.5,Bijoy Garg,,LMP2,,Inter Europol Competition,Gibson,GF,
43,2,50,1:43.602,0,,24.457,0,48.431,0,30.714,0,199.1,1:34:07.486,20:04:07.486,0:24.457,0:48.431,0:30.714,293.2,Bijoy Garg,,LMP2,,Inter Europol Competition,Gibson,GF,
43,2,51,1:43.653,0,,25.114,0,47.997,0,30.542,0,199.0,1:35:51.139,20:05:51.139,0:25.114,0:47.997,0:30.542,297.2,Bijoy Garg,,LMP2,,Inter Europol Competition,Gibson,GF,
43,2,52,1:43.204,0,,24.530,0,48.668,0,30.006,0,199.9,1:37:34.343,20:07:34.343,0:24.530,0:48.668,0:30.006,294.5,Bijoy Garg,,LMP2,,Inter Europol Competition,Gibson,GF,
43,2,53,1:42.987,0,,25.113,0,47.918,0,29.956,0,200.3,1:39:17.330,20:09:17.330,0:25.113,0:47.918,0:29.956,295.2,Bijoy Garg,,LMP2,,Inter Europol Competition,Gibson,GF,
43,2,54,1:42.011,0,,24.465,0,47.777,0,29.769,0,202.2,1:40:59.341,20:10:59.341,0:24.465,0:47.777,0:29.769,293.9,Bijoy Garg,,LMP2,,Inter Europol Competition,Gibson,GF,
43,2,55,1:41.535,0,,24.190,1,47.658,1,29.687,1,203.1,1:42:40.876,20:12:40.876,0:24.190,0:47.658,0:29.687,294.5,Bijoy Garg,,LMP2,,Inter Europol Competition,Gibson,GF,
43,2,56,1:44.009,0,,24.682,0,49.378,0,29.949,0,198.3,1:44:24.885,20:14:24.885,0:24.682,0:49.378,0:29.949,294.5,Bijoy Garg,,LMP2,,Inter Europol Competition,Gibson,GF,
43,2,57,1:44.087,0,,24.578,0,49.209,0,30.300,0,198.2,1:46:08.972,20:16:08.972,0:24.578,0:49.209,0:30.300,293.9,Bijoy Garg,,LMP2,,Inter Europol Competition,Gibson,GF,
43,2,58,1:42.633,0,,24.633,0,48.082,0,29.918,0,201.0,1:47:51.605,20:17:51.605,0:24.633,0:48.082,0:29.918,298.5,Bijoy Garg,,LMP2,,Inter Europol Competition,Gibson,GF,
43,2,59,1:43.462,0,,25.236,0,48.242,0,29.984,0,199.4,1:49:35.067,20:19:35.067,0:25.236,0:48.242,0:29.984,295.8,Bijoy Garg,,LMP2,,Inter Europol Competition,Gibson,GF,
43,2,60,1:43.402,0,,24.568,0,48.228,0,30.606,0,199.5,1:51:18.469,20:21:18.469,0:24.568,0:48.228,0:30.606,297.9,Bijoy Garg,,LMP2,,Inter Europol Competition,Gibson,GF,
43,2,61,1:42.125,0,,24.501,0,47.755,0,29.869,0,202.0,1:53:00.594,20:23:00.594,0:24.501,0:47.755,0:29.869,293.9,Bijoy Garg,,LMP2,,Inter Europol Competition,Gibson,GF,
43,2,62,1:42.540,0,,24.617,0,47.933,0,29.990,0,201.1,1:54:43.134,20:24:43.134,0:24.617,0:47.933,0:29.990,293.9,Bijoy Garg,,LMP2,,Inter Europol Competition,Gibson,GF,
43,2,63,1:43.177,0,,24.667,0,48.027,0,30.483,0,199.9,1:56:26.311,20:26:26.311,0:24.667,0:48.027,0:30.483,295.8,Bijoy Garg,,LMP2,,Inter Europol Competition,Gibson,GF,
43,2,64,1:44.179,0,,24.719,0,49.386,0,30.074,0,198.0,1:58:10.490,20:28:10.490,0:24.719,0:49.386,0:30.074,295.8,Bijoy Garg,,LMP2,,Inter Europol Competition,Gibson,GF,
43,2,65,1:43.886,0,,25.186,0,47.987,0,30.713,0,198.5,1:59:54.376,20:29:54.376,0:25.186,0:47.987,0:30.713,296.5,Bijoy Garg,,LMP2,,Inter Europol Competition,Gibson,GF,
43,2,66,1:43.035,0,,24.767,0,48.316,0,29.952,0,200.2,2:01:37.411,20:31:37.411,0:24.767,0:48.316,0:29.952,295.2,Bijoy Garg,,LMP2,,Inter Europol Competition,Gibson,FF,
44,4,1,14:25.838,0,,12:52.230,0,59.346,0,34.262,0,23.8,14:25.838,18:44:25.838,12:52.230,0:59.346,0:34.262,269.8,John Potter,0:12:30.706,GTD,,Magnus Racing,Aston Martin,GF,
44,4,2,1:51.366,0,,26.884,0,51.662,0,32.820,0,185.2,16:17.204,18:46:17.204,0:26.884,0:51.662,0:32.820,276.0,John Potter,,GTD,,Magnus Racing,Aston Martin,GF,
44,4,3,1:49.162,0,,25.914,0,50.657,1,32.591,0,188.9,18:06.366,18:48:06.366,0:25.914,0:50.657,0:32.591,276.0,John Potter,,GTD,,Magnus Racing,Aston Martin,GF,
44,4,4,1:49.632,0,,26.129,0,50.780,0,32.723,0,188.1,19:55.998,18:49:55.998,0:26.129,0:50.780,0:32.723,280.7,John Potter,,GTD,,Magnus Racing,Aston Martin,GF,
44,4,5,1:48.853,0,,25.796,0,50.682,0,32.375,1,189.5,21:44.851,18:51:44.851,0:25.796,0:50.682,0:32.375,277.7,John Potter,,GTD,,Magnus Racing,Aston Martin,GF,
44,4,6,1:49.052,0,,25.768,1,50.670,0,32.614,0,189.1,23:33.903,18:53:33.903,0:25.768,0:50.670,0:32.614,277.2,John Potter,,GTD,,Magnus Racing,Aston Martin,GF,
44,4,7,1:49.207,0,,25.793,0,50.890,0,32.524,0,188.9,25:23.110,18:55:23.110,0:25.793,0:50.890,0:32.524,276.6,John Potter,,GTD,,Magnus Racing,Aston Martin,GF,
44,4,8,2:02.798,0,B,26.086,0,50.771,0,45.941,0,168.0,27:25.908,18:57:25.908,0:26.086,0:50.771,0:45.941,,John Potter,,GTD,,Magnus Racing,Aston Martin,GF,
44,1,9,5:57.145,0,,4:29.002,0,54.402,0,33.741,0,57.8,33:23.053,19:03:23.053,4:29.002,0:54.402,0:33.741,276.0,Madison Snow,0:04:22.852,GTD,,Magnus Racing,Aston Martin,GF,
44,1,10,1:50.158,0,,26.370,0,50.928,0,32.860,0,187.2,35:13.211,19:05:13.211,0:26.370,0:50.928,0:32.860,276.0,Madison Snow,,GTD,,Magnus Racing,Aston Martin,GF,
44,1,11,1:50.050,0,,26.055,0,50.904,0,33.091,0,187.4,37:03.261,19:07:03.261,0:26.055,0:50.904,0:33.091,278.3,Madison Snow,,GTD,,Magnus Racing,Aston Martin,GF,
44,1,12,1:49.393,0,,25.920,0,50.964,0,32.509,0,188.5,38:52.654,19:08:52.654,0:25.920,0:50.964,0:32.509,277.2,Madison Snow,,GTD,,Magnus Racing,Aston Martin,GF,
44,1,13,1:49.446,0,,25.934,0,50.567,0,32.945,0,188.5,40:42.100,19:10:42.100,0:25.934,0:50.567,0:32.945,276.0,Madison Snow,,GTD,,Magnus Racing,Aston Martin,GF,
44,1,14,1:48.769,0,,25.807,0,50.566,1,32.396,1,189.6,42:30.869,19:12:30.869,0:25.807,0:50.566,0:32.396,277.2,Madison Snow,,GTD,,Magnus Racing,Aston Martin,GF,
44,1,15,1:48.774,0,,25.563,1,50.636,0,32.575,0,189.6,44:19.643,19:14:19.643,0:25.563,0:50.636,0:32.575,276.0,Madison Snow,,GTD,,Magnus Racing,Aston Martin,GF,
44,1,16,1:49.146,0,,25.640,0,50.806,0,32.700,0,189.0,46:08.789,19:16:08.789,0:25.640,0:50.806,0:32.700,276.0,Madison Snow,,GTD,,Magnus Racing,Aston Martin,GF,
44,1,17,1:49.283,0,,26.095,0,50.704,0,32.484,0,188.7,47:58.072,19:17:58.072,0:26.095,0:50.704,0:32.484,276.6,Madison Snow,,GTD,,Magnus Racing,Aston Martin,GF,
44,1,18,1:49.034,0,,25.592,0,50.760,0,32.682,0,189.2,49:47.106,19:19:47.106,0:25.592,0:50.760,0:32.682,277.7,Madison Snow,,GTD,,Magnus Racing,Aston Martin,GF,
44,1,19,2:02.688,0,B,26.112,0,50.730,0,45.846,0,168.1,51:49.794,19:21:49.794,0:26.112,0:50.730,0:45.846,,Madison Snow,,GTD,,Magnus Racing,Aston Martin,GF,
44,3,20,2:56.796,0,,1:32.229,0,51.665,0,32.902,0,116.7,54:46.590,19:24:46.590,1:32.229,0:51.665,0:32.902,278.3,Spencer Pumpelly,0:01:28.162,GTD,,Magnus Racing,Aston Martin,GF,
44,3,21,1:50.510,0,,26.524,0,51.484,0,32.502,0,186.6,56:37.100,19:26:37.100,0:26.524,0:51.484,0:32.502,278.9,Spencer Pumpelly,,GTD,,Magnus Racing,Aston Martin,GF,
44,3,22,1:49.076,0,,26.297,0,50.472,0,32.307,0,189.1,58:26.176,19:28:26.176,0:26.297,0:50.472,0:32.307,279.5,Spencer Pumpelly,,GTD,,Magnus Racing,Aston Martin,GF,
44,3,23,1:48.794,0,,25.730,0,50.723,0,32.341,0,189.6,1:00:14.970,19:30:14.970,0:25.730,0:50.723,0:32.341,279.5,Spencer Pumpelly,,GTD,,Magnus Racing,Aston Martin,GF,
44,3,24,1:49.005,0,,26.025,0,50.788,0,32.192,2,189.2,1:02:03.975,19:32:03.975,0:26.025,0:50.788,0:32.192,280.1,Spencer Pumpelly,,GTD,,Magnus Racing,Aston Martin,GF,
44,3,25,1:48.490,0,,25.497,0,50.663,0,32.330,0,190.1,1:03:52.465,19:33:52.465,0:25.497,0:50.663,0:32.330,277.7,Spencer Pumpelly,,GTD,,Magnus Racing,Aston Martin,GF,
44,3,26,1:49.398,0,,26.563,0,50.527,0,32.308,0,188.5,1:05:41.863,19:35:41.863,0:26.563,0:50.527,0:32.308,278.3,Spencer Pumpelly,,GTD,,Magnus Racing,Aston Martin,GF,
44,3,27,1:48.998,0,,25.411,2,51.065,0,32.522,0,189.2,1:07:30.861,19:37:30.861,0:25.411,0:51.065,0:32.522,278.9,Spencer Pumpelly,,GTD,,Magnus Racing,Aston Martin,GF,
44,3,28,1:48.617,0,,25.727,0,50.485,0,32.405,0,189.9,1:09:19.478,19:39:19.478,0:25.727,0:50.485,0:32.405,278.9,Spencer Pumpelly,,GTD,,Magnus Racing,Aston Martin,GF,
44,3,29,1:49.262,0,,26.046,0,50.718,0,32.498,0,188.8,1:11:08.740,19:41:08.740,0:26.046,0:50.718,0:32.498,279.5,Spencer Pumpelly,,GTD,,Magnus Racing,Aston Martin,GF,
44,3,30,1:49.346,0,,26.309,0,50.522,0,32.515,0,188.6,1:12:58.086,19:42:58.086,0:26.309,0:50.522,0:32.515,278.9,Spencer Pumpelly,,GTD,,Magnus Racing,Aston Martin,GF,
44,3,31,2:01.299,0,B,25.794,0,50.317,2,45.188,0,170.0,1:14:59.385,19:44:59.385,0:25.794,0:50.317,0:45.188,,Spencer Pumpelly,,GTD,,Magnus Racing,Aston Martin,GF,
44,2,32,2:48.772,0,,1:24.887,0,51.114,0,32.771,0,122.2,1:17:48.157,19:47:48.157,1:24.887,0:51.114,0:32.771,280.1,Nicki Thiim,0:01:21.567,GTD,,Magnus Racing,Aston Martin,GF,
44,2,33,1:50.954,0,,26.090,0,51.715,0,33.149,0,185.9,1:19:39.111,19:49:39.111,0:26.090,0:51.715,0:33.149,279.5,Nicki Thiim,,GTD,,Magnus Racing,Aston Martin,GF,
44,2,34,1:50.643,0,,26.689,0,51.621,0,32.333,0,186.4,1:21:29.754,19:51:29.754,0:26.689,0:51.621,0:32.333,281.3,Nicki Thiim,,GTD,,Magnus Racing,Aston Martin,GF,
44,2,35,1:49.594,0,,26.154,0,50.943,0,32.497,0,188.2,1:23:19.348,19:53:19.348,0:26.154,0:50.943,0:32.497,276.6,Nicki Thiim,,GTD,,Magnus Racing,Aston Martin,GF,
44,2,36,1:49.675,0,,26.064,0,51.173,0,32.438,0,188.1,1:25:09.023,19:55:09.023,0:26.064,0:51.173,0:32.438,278.9,Nicki Thiim,,GTD,,Magnus Racing,Aston Martin,GF,
44,2,37,1:48.835,0,,25.622,0,50.771,0,32.442,0,189.5,1:26:57.858,19:56:57.858,0:25.622,0:50.771,0:32.442,278.3,Nicki Thiim,,GTD,,Magnus Racing,Aston Martin,GF,
44,2,38,1:49.003,0,,25.979,0,50.772,0,32.252,0,189.2,1:28:46.861,19:58:46.861,0:25.979,0:50.772,0:32.252,277.7,Nicki Thiim,,GTD,,Magnus Racing,Aston Martin,GF,
44,2,39,1:48.765,0,,25.735,0,50.812,0,32.218,1,189.6,1:30:35.626,20:00:35.626,0:25.735,0:50.812,0:32.218,278.3,Nicki Thiim,,GTD,,Magnus Racing,Aston Martin,GF,
44,2,40,2:01.506,0,B,25.777,0,50.978,0,44.751,0,169.7,1:32:37.132,20:02:37.132,0:25.777,0:50.978,0:44.751,,Nicki Thiim,,GTD,,Magnus Racing,Aston Martin,GF,
44,2,41,15:35.803,0,,14:10.154,0,52.321,0,33.328,0,22.0,1:48:12.935,20:18:12.935,14:10.154,0:52.321,0:33.328,276.6,Nicki Thiim,0:14:07.029,GTD,,Magnus Racing,Aston Martin,GF,
44,2,42,1:52.574,0,,27.336,0,52.489,0,32.749,0,183.2,1:50:05.509,20:20:05.509,0:27.336,0:52.489,0:32.749,276.0,Nicki Thiim,,GTD,,Magnus Racing,Aston Martin,GF,
44,2,43,1:49.643,0,,25.915,0,51.054,0,32.674,0,188.1,1:51:55.152,20:21:55.152,0:25.915,0:51.054,0:32.674,281.3,Nicki Thiim,,GTD,,Magnus Racing,Aston Martin,GF,
44,2,44,1:48.712,0,,25.713,0,50.703,0,32.296,0,189.7,1:53:43.864,20:23:43.864,0:25.713,0:50.703,0:32.296,277.2,Nicki Thiim,,GTD,,Magnus Racing,Aston Martin,GF,
44,2,45,1:48.775,0,,25.700,0,50.735,0,32.340,0,189.6,1:55:32.639,20:25:32.639,0:25.700,0:50.735,0:32.340,279.5,Nicki Thiim,,GTD,,Magnus Racing,Aston Martin,GF,
44,2,46,1:51.567,0,,25.909,0,52.913,0,32.745,0,184.9,1:57:24.206,20:27:24.206,0:25.909,0:52.913,0:32.745,278.3,Nicki Thiim,,GTD,,Magnus Racing,Aston Martin,GF,
44,2,47,1:48.246,2,,25.556,1,50.460,1,32.230,0,190.5,1:59:12.452,20:29:12.452,0:25.556,0:50.460,0:32.230,278.9,Nicki Thiim,,GTD,,Magnus Racing,Aston Martin,GF,
44,2,48,1:49.786,0,,25.716,0,51.605,0,32.465,0,187.9,2:01:02.238,20:31:02.238,0:25.716,0:51.605,0:32.465,277.2,Nicki Thiim,,GTD,,Magnus Racing,Aston Martin,FF,
45,1,1,4:55.704,0,B,2:32.177,0,55.902,0,1:27.625,0,69.8,4:55.704,18:34:55.704,2:32.177,0:55.902,1:27.625,,Marcus Ericsson,0:02:12.512,GTD,,Wayne Taylor Racing,Lamborghini,GF,
45,1,2,2:16.542,0,,50.047,0,53.497,0,32.998,0,151.1,7:12.246,18:37:12.246,0:50.047,0:53.497,0:32.998,276.0,Marcus Ericsson,0:01:24.621,GTD,,Wayne Taylor Racing,Lamborghini,GF,
45,1,3,1:50.394,0,,26.505,0,51.265,0,32.624,0,186.8,9:02.640,18:39:02.640,0:26.505,0:51.265,0:32.624,278.3,Marcus Ericsson,,GTD,,Wayne Taylor Racing,Lamborghini,GF,
45,1,4,1:50.515,0,,26.561,0,51.319,0,32.635,0,186.6,10:53.155,18:40:53.155,0:26.561,0:51.319,0:32.635,273.7,Marcus Ericsson,,GTD,,Wayne Taylor Racing,Lamborghini,GF,
45,1,5,1:50.073,0,,25.888,0,50.997,0,33.188,0,187.4,12:43.228,18:42:43.228,0:25.888,0:50.997,0:33.188,276.0,Marcus Ericsson,,GTD,,Wayne Taylor Racing,Lamborghini,GF,
45,1,6,1:49.764,0,,25.950,0,51.196,0,32.618,0,187.9,14:32.992,18:44:32.992,0:25.950,0:51.196,0:32.618,277.7,Marcus Ericsson,,GTD,,Wayne Taylor Racing,Lamborghini,GF,
45,1,7,1:49.302,0,,25.827,0,50.837,0,32.638,0,188.7,16:22.294,18:46:22.294,0:25.827,0:50.837,0:32.638,275.4,Marcus Ericsson,,GTD,,Wayne Taylor Racing,Lamborghini,GF,
45,1,8,1:49.706,0,,25.987,0,51.300,0,32.419,0,188.0,18:12.000,18:48:12.000,0:25.987,0:51.300,0:32.419,277.7,Marcus Ericsson,,GTD,,Wayne Taylor Racing,Lamborghini,GF,
45,1,9,1:49.252,0,,25.927,0,50.518,1,32.807,0,188.8,20:01.252,18:50:01.252,0:25.927,0:50.518,0:32.807,274.8,Marcus Ericsson,,GTD,,Wayne Taylor Racing,Lamborghini,GF,
45,1,10,1:48.956,0,,25.818,0,50.706,0,32.432,0,189.3,21:50.208,18:51:50.208,0:25.818,0:50.706,0:32.432,275.4,Marcus Ericsson,,GTD,,Wayne Taylor Racing,Lamborghini,GF,
45,1,11,1:48.893,0,,25.649,1,50.668,0,32.576,0,189.4,23:39.101,18:53:39.101,0:25.649,0:50.668,0:32.576,274.8,Marcus Ericsson,,GTD,,Wayne Taylor Racing,Lamborghini,GF,
45,1,12,1:48.636,0,,25.724,0,50.569,0,32.343,2,189.9,25:27.737,18:55:27.737,0:25.724,0:50.569,0:32.343,277.7,Marcus Ericsson,,GTD,,Wayne Taylor Racing,Lamborghini,GF,
45,1,13,1:49.525,0,,26.173,0,50.774,0,32.578,0,188.3,27:17.262,18:57:17.262,0:26.173,0:50.774,0:32.578,276.6,Marcus Ericsson,,GTD,,Wayne Taylor Racing,Lamborghini,GF,
45,1,14,1:50.028,0,,25.800,0,51.873,0,32.355,0,187.5,29:07.290,18:59:07.290,0:25.800,0:51.873,0:32.355,276.6,Marcus Ericsson,,GTD,,Wayne Taylor Racing,Lamborghini,GF,
45,1,15,1:49.425,0,,25.830,0,51.223,0,32.372,0,188.5,30:56.715,19:00:56.715,0:25.830,0:51.223,0:32.372,277.2,Marcus Ericsson,,GTD,,Wayne Taylor Racing,Lamborghini,GF,
45,1,16,1:49.259,0,,25.874,0,50.746,0,32.639,0,188.8,32:45.974,19:02:45.974,0:25.874,0:50.746,0:32.639,278.9,Marcus Ericsson,,GTD,,Wayne Taylor Racing,Lamborghini,GF,
45,1,17,2:51.961,0,B,26.528,0,51.378,0,1:34.055,0,119.9,35:37.935,19:05:37.935,0:26.528,0:51.378,1:34.055,,Marcus Ericsson,,GTD,,Wayne Taylor Racing,Lamborghini,GF,
45,2,18,2:24.260,0,,54.037,0,56.131,0,34.092,0,143.0,38:02.195,19:08:02.195,0:54.037,0:56.131,0:34.092,272.0,Graham Doyle,0:01:34.881,GTD,,Wayne Taylor Racing,Lamborghini,GF,
45,2,19,1:52.858,0,,26.576,0,52.665,0,33.617,0,182.8,39:55.053,19:09:55.053,0:26.576,0:52.665,0:33.617,273.7,Graham Doyle,,GTD,,Wayne Taylor Racing,Lamborghini,GF,
45,2,20,1:49.921,0,,25.704,0,50.969,0,33.248,0,187.6,41:44.974,19:11:44.974,0:25.704,0:50.969,0:33.248,274.3,Graham Doyle,,GTD,,Wayne Taylor Racing,Lamborghini,GF,
45,2,21,1:51.045,0,,25.728,0,52.126,0,33.191,0,185.7,43:36.019,19:13:36.019,0:25.728,0:52.126,0:33.191,273.1,Graham Doyle,,GTD,,Wayne Taylor Racing,Lamborghini,GF,
45,2,22,1:49.339,0,,25.709,0,50.773,0,32.857,0,188.6,45:25.358,19:15:25.358,0:25.709,0:50.773,0:32.857,273.7,Graham Doyle,,GTD,,Wayne Taylor Racing,Lamborghini,GF,
45,2,23,1:49.039,0,,25.669,0,50.654,0,32.716,0,189.2,47:14.397,19:17:14.397,0:25.669,0:50.654,0:32.716,274.3,Graham Doyle,,GTD,,Wayne Taylor Racing,Lamborghini,GF,
45,2,24,1:48.993,0,,25.531,1,50.712,0,32.750,0,189.2,49:03.390,19:19:03.390,0:25.531,0:50.712,0:32.750,276.6,Graham Doyle,,GTD,,Wayne Taylor Racing,Lamborghini,GF,
45,2,25,1:48.980,0,,25.818,0,50.480,1,32.682,1,189.3,50:52.370,19:20:52.370,0:25.818,0:50.480,0:32.682,277.2,Graham Doyle,,GTD,,Wayne Taylor Racing,Lamborghini,GF,
45,2,26,1:50.557,0,,25.674,0,52.027,0,32.856,0,186.6,52:42.927,19:22:42.927,0:25.674,0:52.027,0:32.856,273.7,Graham Doyle,,GTD,,Wayne Taylor Racing,Lamborghini,GF,
45,2,27,1:51.819,0,,26.699,0,52.219,0,32.901,0,184.5,54:34.746,19:24:34.746,0:26.699,0:52.219,0:32.901,273.1,Graham Doyle,,GTD,,Wayne Taylor Racing,Lamborghini,GF,
45,2,28,2:36.634,0,B,25.929,0,50.941,0,1:19.764,0,131.7,57:11.380,19:27:11.380,0:25.929,0:50.941,1:19.764,,Graham Doyle,,GTD,,Wayne Taylor Racing,Lamborghini,GF,
45,4,29,2:16.475,0,,49.492,0,53.072,0,33.911,0,151.1,59:27.855,19:29:27.855,0:49.492,0:53.072,0:33.911,275.4,Danny Formal,0:01:19.718,GTD,,Wayne Taylor Racing,Lamborghini,GF,
45,4,30,1:53.876,0,,27.045,0,53.406,0,33.425,0,181.1,1:01:21.731,19:31:21.731,0:27.045,0:53.406,0:33.425,258.6,Danny Formal,,GTD,,Wayne Taylor Racing,Lamborghini,GF,
45,4,31,5:02.815,0,B,29.010,0,54.009,0,3:39.796,0,68.1,1:06:24.546,19:36:24.546,0:29.010,0:54.009,3:39.796,,Danny Formal,,GTD,,Wayne Taylor Racing,Lamborghini,GF,
45,4,32,2:15.030,0,,49.945,0,52.250,0,32.835,0,152.7,1:08:39.576,19:38:39.576,0:49.945,0:52.250,0:32.835,274.3,Danny Formal,0:03:37.310,GTD,,Wayne Taylor Racing,Lamborghini,GF,
45,4,33,1:50.315,0,,25.748,0,51.843,0,32.724,0,187.0,1:10:29.891,19:40:29.891,0:25.748,0:51.843,0:32.724,274.8,Danny Formal,,GTD,,Wayne Taylor Racing,Lamborghini,GF,
45,4,34,5:45.450,0,B,29.289,0,55.468,0,4:20.693,0,59.7,1:16:15.341,19:46:15.341,0:29.289,0:55.468,4:20.693,,Danny Formal,,GTD,,Wayne Taylor Racing,Lamborghini,GF,
45,4,35,2:13.180,0,,49.145,0,51.264,0,32.771,0,154.9,1:18:28.521,19:48:28.521,0:49.145,0:51.264,0:32.771,273.1,Danny Formal,0:04:17.094,GTD,,Wayne Taylor Racing,Lamborghini,GF,
45,4,36,1:49.227,0,,26.275,0,50.536,0,32.416,1,188.8,1:20:17.748,19:50:17.748,0:26.275,0:50.536,0:32.416,274.8,Danny Formal,,GTD,,Wayne Taylor Racing,Lamborghini,GF,
45,4,37,1:48.370,2,,25.336,2,50.535,0,32.499,0,190.3,1:22:06.118,19:52:06.118,0:25.336,0:50.535,0:32.499,271.4,Danny Formal,,GTD,,Wayne Taylor Racing,Lamborghini,GF,
45,4,38,1:48.437,0,,25.434,0,50.455,0,32.548,0,190.2,1:23:54.555,19:53:54.555,0:25.434,0:50.455,0:32.548,271.4,Danny Formal,,GTD,,Wayne Taylor Racing,Lamborghini,GF,
45,4,39,1:49.528,0,,26.139,0,50.971,0,32.418,0,188.3,1:25:44.083,19:55:44.083,0:26.139,0:50.971,0:32.418,277.2,Danny Formal,,GTD,,Wayne Taylor Racing,Lamborghini,GF,
45,4,40,1:49.202,0,,25.941,0,50.803,0,32.458,0,188.9,1:27:33.285,19:57:33.285,0:25.941,0:50.803,0:32.458,275.4,Danny Formal,,GTD,,Wayne Taylor Racing,Lamborghini,GF,
45,4,41,1:49.477,0,,25.769,0,51.160,0,32.548,0,188.4,1:29:22.762,19:59:22.762,0:25.769,0:51.160,0:32.548,274.8,Danny Formal,,GTD,,Wayne Taylor Racing,Lamborghini,GF,
45,4,42,1:49.941,0,,26.103,0,50.769,0,33.069,0,187.6,1:31:12.703,20:01:12.703,0:26.103,0:50.769,0:33.069,274.3,Danny Formal,,GTD,,Wayne Taylor Racing,Lamborghini,GF,
45,4,43,2:56.958,0,B,25.617,0,50.331,2,1:41.010,0,116.6,1:34:09.661,20:04:09.661,0:25.617,0:50.331,1:41.010,,Danny Formal,,GTD,,Wayne Taylor Racing,Lamborghini,GF,
45,3,44,2:13.420,0,,48.922,0,51.521,0,32.977,0,154.6,1:36:23.081,20:06:23.081,0:48.922,0:51.521,0:32.977,276.6,Trent Hindman,0:01:40.557,GTD,,Wayne Taylor Racing,Lamborghini,GF,
45,3,45,1:48.748,0,,25.581,0,50.538,0,32.629,0,189.7,1:38:11.829,20:08:11.829,0:25.581,0:50.538,0:32.629,273.7,Trent Hindman,,GTD,,Wayne Taylor Racing,Lamborghini,GF,
45,3,46,1:48.661,0,,25.525,0,50.600,0,32.536,0,189.8,1:40:00.490,20:10:00.490,0:25.525,0:50.600,0:32.536,275.4,Trent Hindman,,GTD,,Wayne Taylor Racing,Lamborghini,GF,
45,3,47,1:48.792,0,,25.585,0,50.637,0,32.570,0,189.6,1:41:49.282,20:11:49.282,0:25.585,0:50.637,0:32.570,277.2,Trent Hindman,,GTD,,Wayne Taylor Racing,Lamborghini,GF,
45,3,48,1:48.649,0,,25.449,1,50.710,0,32.490,0,189.8,1:43:37.931,20:13:37.931,0:25.449,0:50.710,0:32.490,276.0,Trent Hindman,,GTD,,Wayne Taylor Racing,Lamborghini,GF,
45,3,49,1:48.789,0,,25.899,0,50.492,0,32.398,1,189.6,1:45:26.720,20:15:26.720,0:25.899,0:50.492,0:32.398,276.6,Trent Hindman,,GTD,,Wayne Taylor Racing,Lamborghini,GF,
45,3,50,1:48.462,0,,25.493,0,50.432,1,32.537,0,190.2,1:47:15.182,20:17:15.182,0:25.493,0:50.432,0:32.537,276.0,Trent Hindman,,GTD,,Wayne Taylor Racing,Lamborghini,GF,
45,3,51,1:48.533,0,,25.550,0,50.559,0,32.424,0,190.0,1:49:03.715,20:19:03.715,0:25.550,0:50.559,0:32.424,276.6,Trent Hindman,,GTD,,Wayne Taylor Racing,Lamborghini,GF,
45,3,52,1:48.934,0,,25.590,0,50.743,0,32.601,0,189.3,1:50:52.649,20:20:52.649,0:25.590,0:50.743,0:32.601,275.4,Trent Hindman,,GTD,,Wayne Taylor Racing,Lamborghini,GF,
48,1,1,7:28.365,0,,5:42.436,0,1:02.903,0,43.026,0,46.0,7:28.365,18:37:28.365,5:42.436,1:02.903,0:43.026,258.1,Scott Noble,0:05:17.709,GTDPRO,,WINWARD RACING,Mercedes-AMG,GF,
48,1,2,2:01.104,0,,31.242,0,55.803,0,34.059,0,170.3,9:29.469,18:39:29.469,0:31.242,0:55.803,0:34.059,274.8,Scott Noble,,GTDPRO,,WINWARD RACING,Mercedes-AMG,GF,
48,1,3,1:53.455,0,,26.460,0,53.630,0,33.365,0,181.8,11:22.924,18:41:22.924,0:26.460,0:53.630,0:33.365,273.7,Scott Noble,,GTDPRO,,WINWARD RACING,Mercedes-AMG,GF,
48,1,4,1:51.945,0,,26.351,0,52.005,0,33.589,0,184.2,13:14.869,18:43:14.869,0:26.351,0:52.005,0:33.589,273.1,Scott Noble,,GTDPRO,,WINWARD RACING,Mercedes-AMG,GF,
48,1,5,1:51.928,0,,26.491,0,51.988,0,33.449,0,184.3,15:06.797,18:45:06.797,0:26.491,0:51.988,0:33.449,273.1,Scott Noble,,GTDPRO,,WINWARD RACING,Mercedes-AMG,GF,
48,1,6,1:52.793,0,,26.590,0,52.789,0,33.414,0,182.9,16:59.590,18:46:59.590,0:26.590,0:52.789,0:33.414,272.6,Scott Noble,,GTDPRO,,WINWARD RACING,Mercedes-AMG,GF,
48,1,7,1:58.303,0,,30.829,0,54.022,0,33.452,0,174.3,18:57.893,18:48:57.893,0:30.829,0:54.022,0:33.452,274.3,Scott Noble,,GTDPRO,,WINWARD RACING,Mercedes-AMG,GF,
48,1,8,1:58.873,0,,27.665,0,52.359,0,38.849,0,173.5,20:56.766,18:50:56.766,0:27.665,0:52.359,0:38.849,270.9,Scott Noble,,GTDPRO,,WINWARD RACING,Mercedes-AMG,GF,
48,1,9,1:53.589,0,,27.066,0,52.908,0,33.615,0,181.6,22:50.355,18:52:50.355,0:27.066,0:52.908,0:33.615,273.1,Scott Noble,,GTDPRO,,WINWARD RACING,Mercedes-AMG,GF,
48,1,10,1:52.185,0,,26.596,0,52.138,0,33.451,0,183.9,24:42.540,18:54:42.540,0:26.596,0:52.138,0:33.451,273.7,Scott Noble,,GTDPRO,,WINWARD RACING,Mercedes-AMG,GF,
48,1,11,1:57.676,0,,28.693,0,54.885,0,34.098,0,175.3,26:40.216,18:56:40.216,0:28.693,0:54.885,0:34.098,273.1,Scott Noble,,GTDPRO,,WINWARD RACING,Mercedes-AMG,GF,
48,1,12,1:53.831,0,,27.729,0,52.399,0,33.703,0,181.2,28:34.047,18:58:34.047,0:27.729,0:52.399,0:33.703,276.6,Scott Noble,,GTDPRO,,WINWARD RACING,Mercedes-AMG,GF,
48,1,13,1:51.960,0,,26.478,0,51.919,0,33.563,0,184.2,30:26.007,19:00:26.007,0:26.478,0:51.919,0:33.563,274.8,Scott Noble,,GTDPRO,,WINWARD RACING,Mercedes-AMG,GF,
48,1,14,1:53.164,0,,26.792,0,52.953,0,33.419,0,182.3,32:19.171,19:02:19.171,0:26.792,0:52.953,0:33.419,278.9,Scott Noble,,GTDPRO,,WINWARD RACING,Mercedes-AMG,GF,
48,1,15,1:56.619,0,,30.031,0,53.403,0,33.185,0,176.9,34:15.790,19:04:15.790,0:30.031,0:53.403,0:33.185,276.0,Scott Noble,,GTDPRO,,WINWARD RACING,Mercedes-AMG,GF,
48,1,16,1:51.220,0,,26.442,0,51.539,0,33.239,0,185.4,36:07.010,19:06:07.010,0:26.442,0:51.539,0:33.239,273.7,Scott Noble,,GTDPRO,,WINWARD RACING,Mercedes-AMG,GF,
48,1,17,1:52.750,0,,26.391,0,53.230,0,33.129,0,182.9,37:59.760,19:07:59.760,0:26.391,0:53.230,0:33.129,273.1,Scott Noble,,GTDPRO,,WINWARD RACING,Mercedes-AMG,GF,
48,1,18,1:50.926,0,,26.679,0,51.263,0,32.984,0,185.9,39:50.686,19:09:50.686,0:26.679,0:51.263,0:32.984,276.0,Scott Noble,,GTDPRO,,WINWARD RACING,Mercedes-AMG,GF,
48,1,19,1:50.423,0,,26.019,0,51.173,0,33.231,0,186.8,41:41.109,19:11:41.109,0:26.019,0:51.173,0:33.231,273.7,Scott Noble,,GTDPRO,,WINWARD RACING,Mercedes-AMG,GF,
48,1,20,1:51.292,0,,26.689,0,51.638,0,32.965,0,185.3,43:32.401,19:13:32.401,0:26.689,0:51.638,0:32.965,274.8,Scott Noble,,GTDPRO,,WINWARD RACING,Mercedes-AMG,GF,
48,1,21,1:49.886,0,,25.877,0,51.144,0,32.865,0,187.7,45:22.287,19:15:22.287,0:25.877,0:51.144,0:32.865,273.1,Scott Noble,,GTDPRO,,WINWARD RACING,Mercedes-AMG,GF,
48,1,22,1:50.010,0,,25.823,0,51.298,0,32.889,0,187.5,47:12.297,19:17:12.297,0:25.823,0:51.298,0:32.889,274.3,Scott Noble,,GTDPRO,,WINWARD RACING,Mercedes-AMG,GF,
48,1,23,1:49.151,0,,25.827,0,50.838,0,32.486,1,189.0,49:01.448,19:19:01.448,0:25.827,0:50.838,0:32.486,277.7,Scott Noble,,GTDPRO,,WINWARD RACING,Mercedes-AMG,GF,
48,1,24,1:50.390,0,,26.825,0,50.791,0,32.774,0,186.8,50:51.838,19:20:51.838,0:26.825,0:50.791,0:32.774,274.8,Scott Noble,,GTDPRO,,WINWARD RACING,Mercedes-AMG,GF,
48,1,25,1:51.359,0,,25.743,1,52.744,0,32.872,0,185.2,52:43.197,19:22:43.197,0:25.743,0:52.744,0:32.872,277.2,Scott Noble,,GTDPRO,,WINWARD RACING,Mercedes-AMG,GF,
48,1,26,1:52.839,0,,27.670,0,52.446,0,32.723,0,182.8,54:36.036,19:24:36.036,0:27.670,0:52.446,0:32.723,277.7,Scott Noble,,GTDPRO,,WINWARD RACING,Mercedes-AMG,GF,
48,1,27,1:49.497,0,,25.788,0,51.012,0,32.697,0,188.4,56:25.533,19:26:25.533,0:25.788,0:51.012,0:32.697,274.8,Scott Noble,,GTDPRO,,WINWARD RACING,Mercedes-AMG,GF,
48,1,28,1:49.489,0,,25.915,0,50.784,1,32.790,0,188.4,58:15.022,19:28:15.022,0:25.915,0:50.784,0:32.790,274.3,Scott Noble,,GTDPRO,,WINWARD RACING,Mercedes-AMG,GF,
48,1,29,1:49.698,0,,25.846,0,51.241,0,32.611,0,188.0,1:00:04.720,19:30:04.720,0:25.846,0:51.241,0:32.611,275.4,Scott Noble,,GTDPRO,,WINWARD RACING,Mercedes-AMG,GF,
48,1,30,2:46.151,0,B,25.835,0,50.784,0,1:29.532,0,124.1,1:02:50.871,19:32:50.871,0:25.835,0:50.784,1:29.532,,Scott Noble,,GTDPRO,,WINWARD RACING,Mercedes-AMG,GF,
48,2,31,2:25.240,0,,57.383,0,54.456,0,33.401,0,142.0,1:05:16.111,19:35:16.111,0:57.383,0:54.456,0:33.401,272.6,Jason Hart,0:01:34.777,GTDPRO,,WINWARD RACING,Mercedes-AMG,GF,
48,2,32,1:50.654,0,,26.562,0,51.599,0,32.493,0,186.4,1:07:06.765,19:37:06.765,0:26.562,0:51.599,0:32.493,274.8,Jason Hart,,GTDPRO,,WINWARD RACING,Mercedes-AMG,GF,
48,2,33,1:50.037,0,,26.327,0,50.987,0,32.723,0,187.4,1:08:56.802,19:38:56.802,0:26.327,0:50.987,0:32.723,273.7,Jason Hart,,GTDPRO,,WINWARD RACING,Mercedes-AMG,GF,
48,2,34,1:48.909,0,,25.817,0,50.620,0,32.472,0,189.4,1:10:45.711,19:40:45.711,0:25.817,0:50.620,0:32.472,275.4,Jason Hart,,GTDPRO,,WINWARD RACING,Mercedes-AMG,GF,
48,2,35,1:48.891,0,,25.775,0,50.592,1,32.524,0,189.4,1:12:34.602,19:42:34.602,0:25.775,0:50.592,0:32.524,274.3,Jason Hart,,GTDPRO,,WINWARD RACING,Mercedes-AMG,GF,
48,2,36,1:48.894,0,,25.872,0,50.637,0,32.385,1,189.4,1:14:23.496,19:44:23.496,0:25.872,0:50.637,0:32.385,274.3,Jason Hart,,GTDPRO,,WINWARD RACING,Mercedes-AMG,GF,
48,2,37,1:48.984,0,,25.698,1,50.873,0,32.413,0,189.3,1:16:12.480,19:46:12.480,0:25.698,0:50.873,0:32.413,273.7,Jason Hart,,GTDPRO,,WINWARD RACING,Mercedes-AMG,GF,
48,2,38,2:03.958,0,B,26.503,0,50.602,0,46.853,0,166.4,1:18:16.438,19:48:16.438,0:26.503,0:50.602,0:46.853,,Jason Hart,,GTDPRO,,WINWARD RACING,Mercedes-AMG,GF,
48,3,39,2:56.204,0,,1:31.261,0,51.539,0,33.404,0,117.1,1:21:12.642,19:51:12.642,1:31.261,0:51.539,0:33.404,272.6,Maxime Martin,0:01:29.515,GTDPRO,,WINWARD RACING,Mercedes-AMG,GF,
48,3,40,1:48.785,0,,25.637,2,50.694,0,32.454,0,189.6,1:23:01.427,19:53:01.427,0:25.637,0:50.694,0:32.454,274.8,Maxime Martin,,GTDPRO,,WINWARD RACING,Mercedes-AMG,GF,
48,3,41,1:48.824,0,,25.843,0,50.672,0,32.309,0,189.5,1:24:50.251,19:54:50.251,0:25.843,0:50.672,0:32.309,276.6,Maxime Martin,,GTDPRO,,WINWARD RACING,Mercedes-AMG,GF,
48,3,42,1:48.374,2,,25.753,0,50.547,0,32.074,2,190.3,1:26:38.625,19:56:38.625,0:25.753,0:50.547,0:32.074,276.0,Maxime Martin,,GTDPRO,,WINWARD RACING,Mercedes-AMG,GF,
48,3,43,2:04.224,0,B,25.723,0,50.446,2,48.055,0,166.0,1:28:42.849,19:58:42.849,0:25.723,0:50.446,0:48.055,,Maxime Martin,,GTDPRO,,WINWARD RACING,Mercedes-AMG,GF,
48,1,44,3:24.348,0,B,1:40.514,0,54.413,0,49.421,0,100.9,1:32:07.197,20:02:07.197,1:40.514,0:54.413,0:49.421,,Scott Noble,0:01:38.665,GTDPRO,,WINWARD RACING,Mercedes-AMG,GF,
48,2,45,3:51.179,0,B,1:31.203,0,51.353,0,1:28.623,0,89.2,1:35:58.376,20:05:58.376,1:31.203,0:51.353,1:28.623,,Jason Hart,0:01:29.678,GTDPRO,,WINWARD RACING,Mercedes-AMG,GF,
48,1,46,2:32.334,0,B,51.887,0,52.081,0,48.366,0,135.4,1:38:30.710,20:08:30.710,0:51.887,0:52.081,0:48.366,,Scott Noble,0:01:30.073,GTDPRO,,WINWARD RACING,Mercedes-AMG,GF,
48,3,47,17:17.586,0,B,1:24.569,0,50.758,0,15:02.259,0,19.9,1:55:48.296,20:25:48.296,1:24.569,0:50.758,15:02.259,,Maxime Martin,0:01:23.980,GTDPRO,,WINWARD RACING,Mercedes-AMG,GF,
52,3,1,3:11.568,0,,1:34.236,0,1:00.995,0,36.337,0,107.7,3:11.568,18:33:11.568,1:34.236,1:00.995,0:36.337,207.0,Parker Thompson,0:01:13.321,LMP2,,Bryan Herta Autosport with PR1/Mathiasen,Gibson,GF,
52,3,2,1:52.877,0,,27.444,0,54.198,0,31.235,0,182.7,5:04.445,18:35:04.445,0:27.444,0:54.198,0:31.235,290.0,Parker Thompson,,LMP2,,Bryan Herta Autosport with PR1/Mathiasen,Gibson,GF,
52,3,3,1:42.759,0,,24.516,0,47.797,0,30.446,0,200.7,6:47.204,18:36:47.204,0:24.516,0:47.797,0:30.446,293.2,Parker Thompson,,LMP2,,Bryan Herta Autosport with PR1/Mathiasen,Gibson,GF,
52,3,4,1:42.787,0,,24.348,0,47.817,0,30.622,0,200.7,8:29.991,18:38:29.991,0:24.348,0:47.817,0:30.622,294.5,Parker Thompson,,LMP2,,Bryan Herta Autosport with PR1/Mathiasen,Gibson,GF,
52,3,5,1:43.018,0,,25.010,0,47.769,0,30.239,0,200.2,10:13.009,18:40:13.009,0:25.010,0:47.769,0:30.239,292.6,Parker Thompson,,LMP2,,Bryan Herta Autosport with PR1/Mathiasen,Gibson,GF,
52,3,6,1:42.976,0,,24.775,0,48.211,0,29.990,0,200.3,11:55.985,18:41:55.985,0:24.775,0:48.211,0:29.990,295.8,Parker Thompson,,LMP2,,Bryan Herta Autosport with PR1/Mathiasen,Gibson,GF,
52,3,7,1:43.369,0,,24.941,0,48.392,0,30.036,0,199.5,13:39.354,18:43:39.354,0:24.941,0:48.392,0:30.036,294.5,Parker Thompson,,LMP2,,Bryan Herta Autosport with PR1/Mathiasen,Gibson,GF,
52,3,8,1:42.562,0,,24.307,0,47.809,0,30.446,0,201.1,15:21.916,18:45:21.916,0:24.307,0:47.809,0:30.446,293.2,Parker Thompson,,LMP2,,Bryan Herta Autosport with PR1/Mathiasen,Gibson,GF,
52,3,9,1:55.868,0,B,24.241,0,48.077,0,43.550,0,178.0,17:17.784,18:47:17.784,0:24.241,0:48.077,0:43.550,,Parker Thompson,,LMP2,,Bryan Herta Autosport with PR1/Mathiasen,Gibson,GF,
52,3,10,6:37.229,0,,5:16.003,0,50.629,0,30.597,0,51.9,23:55.013,18:53:55.013,5:16.003,0:50.629,0:30.597,293.2,Parker Thompson,0:05:11.299,LMP2,,Bryan Herta Autosport with PR1/Mathiasen,Gibson,GF,
52,3,11,1:40.739,2,,23.940,0,47.203,2,29.596,2,204.7,25:35.752,18:55:35.752,0:23.940,0:47.203,0:29.596,295.8,Parker Thompson,,LMP2,,Bryan Herta Autosport with PR1/Mathiasen,Gibson,GF,
52,3,12,1:43.779,0,,24.851,0,47.834,0,31.094,0,198.7,27:19.531,18:57:19.531,0:24.851,0:47.834,0:31.094,294.5,Parker Thompson,,LMP2,,Bryan Herta Autosport with PR1/Mathiasen,Gibson,GF,
52,3,13,1:41.252,0,,23.876,0,47.286,0,30.090,0,203.7,29:00.783,18:59:00.783,0:23.876,0:47.286,0:30.090,295.8,Parker Thompson,,LMP2,,Bryan Herta Autosport with PR1/Mathiasen,Gibson,GF,
52,3,14,1:41.191,0,,23.718,2,47.708,0,29.765,0,203.8,30:41.974,19:00:41.974,0:23.718,0:47.708,0:29.765,294.5,Parker Thompson,,LMP2,,Bryan Herta Autosport with PR1/Mathiasen,Gibson,GF,
52,3,15,1:42.624,0,,24.237,0,47.228,0,31.159,0,201.0,32:24.598,19:02:24.598,0:24.237,0:47.228,0:31.159,295.2,Parker Thompson,,LMP2,,Bryan Herta Autosport with PR1/Mathiasen,Gibson,GF,
52,3,16,1:56.384,0,B,24.563,0,48.592,0,43.229,0,177.2,34:20.982,19:04:20.982,0:24.563,0:48.592,0:43.229,,Parker Thompson,,LMP2,,Bryan Herta Autosport with PR1/Mathiasen,Gibson,GF,
52,4,17,2:57.908,0,,1:38.165,0,49.082,0,30.661,0,115.9,37:18.890,19:07:18.890,1:38.165,0:49.082,0:30.661,293.2,Harry Tincknell,0:01:34.954,LMP2,,Bryan Herta Autosport with PR1/Mathiasen,Gibson,GF,
52,4,18,1:41.852,0,,24.282,0,47.593,0,29.977,0,202.5,39:00.742,19:09:00.742,0:24.282,0:47.593,0:29.977,292.6,Harry Tincknell,,LMP2,,Bryan Herta Autosport with PR1/Mathiasen,Gibson,GF,
52,4,19,1:42.880,0,,24.317,0,48.706,0,29.857,0,200.5,40:43.622,19:10:43.622,0:24.317,0:48.706,0:29.857,294.5,Harry Tincknell,,LMP2,,Bryan Herta Autosport with PR1/Mathiasen,Gibson,GF,
52,4,20,1:41.418,0,,24.180,0,47.305,1,29.933,0,203.4,42:25.040,19:12:25.040,0:24.180,0:47.305,0:29.933,292.6,Harry Tincknell,,LMP2,,Bryan Herta Autosport with PR1/Mathiasen,Gibson,GF,
52,4,21,1:42.185,0,,24.479,0,47.543,0,30.163,0,201.8,44:07.225,19:14:07.225,0:24.479,0:47.543,0:30.163,294.5,Harry Tincknell,,LMP2,,Bryan Herta Autosport with PR1/Mathiasen,Gibson,GF,
52,4,22,1:43.212,0,,25.760,0,47.445,0,30.007,0,199.8,45:50.437,19:15:50.437,0:25.760,0:47.445,0:30.007,295.2,Harry Tincknell,,LMP2,,Bryan Herta Autosport with PR1/Mathiasen,Gibson,GF,
52,4,23,1:41.515,0,,24.109,0,47.655,0,29.751,1,203.2,47:31.952,19:17:31.952,0:24.109,0:47.655,0:29.751,295.2,Harry Tincknell,,LMP2,,Bryan Herta Autosport with PR1/Mathiasen,Gibson,GF,
52,4,24,1:41.704,0,,23.975,0,47.847,0,29.882,0,202.8,49:13.656,19:19:13.656,0:23.975,0:47.847,0:29.882,295.2,Harry Tincknell,,LMP2,,Bryan Herta Autosport with PR1/Mathiasen,Gibson,GF,
52,4,25,1:55.622,0,B,23.933,1,47.500,0,44.189,0,178.4,51:09.278,19:21:09.278,0:23.933,0:47.500,0:44.189,,Harry Tincknell,,LMP2,,Bryan Herta Autosport with PR1/Mathiasen,Gibson,GF,
52,2,26,3:12.400,0,,1:46.069,0,54.939,0,31.392,0,107.2,54:21.678,19:24:21.678,1:46.069,0:54.939,0:31.392,293.2,Ben Keating,0:01:40.545,LMP2,,Bryan Herta Autosport with PR1/Mathiasen,Gibson,GF,
52,2,27,1:55.632,0,,25.552,0,59.180,0,30.900,0,178.4,56:17.310,19:26:17.310,0:25.552,0:59.180,0:30.900,293.2,Ben Keating,,LMP2,,Bryan Herta Autosport with PR1/Mathiasen,Gibson,GF,
52,2,28,1:44.876,0,,25.306,0,48.634,0,30.936,0,196.7,58:02.186,19:28:02.186,0:25.306,0:48.634,0:30.936,291.3,Ben Keating,,LMP2,,Bryan Herta Autosport with PR1/Mathiasen,Gibson,GF,
52,2,29,1:42.767,0,,24.484,0,48.040,0,30.243,0,200.7,59:44.953,19:29:44.953,0:24.484,0:48.040,0:30.243,295.2,Ben Keating,,LMP2,,Bryan Herta Autosport with PR1/Mathiasen,Gibson,GF,
52,2,30,1:45.780,0,,24.910,0,49.925,0,30.945,0,195.0,1:01:30.733,19:31:30.733,0:24.910,0:49.925,0:30.945,295.2,Ben Keating,,LMP2,,Bryan Herta Autosport with PR1/Mathiasen,Gibson,GF,
52,2,31,1:43.515,0,,24.844,0,48.186,0,30.485,0,199.3,1:03:14.248,19:33:14.248,0:24.844,0:48.186,0:30.485,292.6,Ben Keating,,LMP2,,Bryan Herta Autosport with PR1/Mathiasen,Gibson,GF,
52,2,32,1:58.420,0,,36.425,0,51.337,0,30.658,0,174.2,1:05:12.668,19:35:12.668,0:36.425,0:51.337,0:30.658,297.2,Ben Keating,,LMP2,,Bryan Herta Autosport with PR1/Mathiasen,Gibson,GF,
52,2,33,1:44.725,0,,25.929,0,48.513,0,30.283,0,196.9,1:06:57.393,19:36:57.393,0:25.929,0:48.513,0:30.283,295.2,Ben Keating,,LMP2,,Bryan Herta Autosport with PR1/Mathiasen,Gibson,GF,
52,2,34,1:43.058,0,,24.429,0,48.183,0,30.446,0,200.1,1:08:40.451,19:38:40.451,0:24.429,0:48.183,0:30.446,293.9,Ben Keating,,LMP2,,Bryan Herta Autosport with PR1/Mathiasen,Gibson,GF,
52,2,35,1:45.458,0,,25.213,0,49.232,0,31.013,0,195.6,1:10:25.909,19:40:25.909,0:25.213,0:49.232,0:31.013,293.9,Ben Keating,,LMP2,,Bryan Herta Autosport with PR1/Mathiasen,Gibson,GF,
52,2,36,1:44.356,0,,24.550,0,48.883,0,30.923,0,197.6,1:12:10.265,19:42:10.265,0:24.550,0:48.883,0:30.923,293.9,Ben Keating,,LMP2,,Bryan Herta Autosport with PR1/Mathiasen,Gibson,GF,
52,2,37,1:43.412,0,,24.888,0,48.193,0,30.331,0,199.4,1:13:53.677,19:43:53.677,0:24.888,0:48.193,0:30.331,295.8,Ben Keating,,LMP2,,Bryan Herta Autosport with PR1/Mathiasen,Gibson,GF,
52,2,38,1:42.585,0,,24.420,1,47.937,0,30.228,1,201.1,1:15:36.262,19:45:36.262,0:24.420,0:47.937,0:30.228,295.2,Ben Keating,,LMP2,,Bryan Herta Autosport with PR1/Mathiasen,Gibson,GF,
52,2,39,2:03.867,0,B,24.809,0,47.932,1,51.126,0,166.5,1:17:40.129,19:47:40.129,0:24.809,0:47.932,0:51.126,,Ben Keating,,LMP2,,Bryan Herta Autosport with PR1/Mathiasen,Gibson,GF,
52,1,40,3:40.469,0,,2:15.967,0,52.149,0,32.353,0,93.6,1:21:20.598,19:51:20.598,2:15.967,0:52.149,0:32.353,288.7,Misha Goikhberg,0:02:10.763,LMP2,,Bryan Herta Autosport with PR1/Mathiasen,Gibson,GF,
52,1,41,1:45.525,0,,25.703,0,49.286,0,30.536,0,195.5,1:23:06.123,19:53:06.123,0:25.703,0:49.286,0:30.536,293.9,Misha Goikhberg,,LMP2,,Bryan Herta Autosport with PR1/Mathiasen,Gibson,GF,
52,1,42,1:44.009,0,,24.587,0,48.353,0,31.069,0,198.3,1:24:50.132,19:54:50.132,0:24.587,0:48.353,0:31.069,295.2,Misha Goikhberg,,LMP2,,Bryan Herta Autosport with PR1/Mathiasen,Gibson,GF,
52,1,43,1:59.509,0,,24.566,0,49.186,0,45.757,0,172.6,1:26:49.641,19:56:49.641,0:24.566,0:49.186,0:45.757,290.6,Misha Goikhberg,,LMP2,,Bryan Herta Autosport with PR1/Mathiasen,Gibson,GF,
52,1,44,1:46.686,0,,24.781,0,50.785,0,31.120,0,193.3,1:28:36.327,19:58:36.327,0:24.781,0:50.785,0:31.120,290.6,Misha Goikhberg,,LMP2,,Bryan Herta Autosport with PR1/Mathiasen,Gibson,GF,
52,1,45,1:44.257,0,,25.035,0,48.458,0,30.764,0,197.8,1:30:20.584,20:00:20.584,0:25.035,0:48.458,0:30.764,294.5,Misha Goikhberg,,LMP2,,Bryan Herta Autosport with PR1/Mathiasen,Gibson,GF,
52,1,46,1:45.203,0,,24.568,0,49.303,0,31.332,0,196.1,1:32:05.787,20:02:05.787,0:24.568,0:49.303,0:31.332,291.9,Misha Goikhberg,,LMP2,,Bryan Herta Autosport with PR1/Mathiasen,Gibson,GF,
52,1,47,1:44.055,0,,24.498,0,48.568,0,30.989,0,198.2,1:33:49.842,20:03:49.842,0:24.498,0:48.568,0:30.989,292.6,Misha Goikhberg,,LMP2,,Bryan Herta Autosport with PR1/Mathiasen,Gibson,GF,
52,1,48,1:43.689,0,,24.718,0,48.181,0,30.790,0,198.9,1:35:33.531,20:05:33.531,0:24.718,0:48.181,0:30.790,291.9,Misha Goikhberg,,LMP2,,Bryan Herta Autosport with PR1/Mathiasen,Gibson,GF,
52,1,49,1:43.526,0,,24.911,0,47.990,0,30.625,0,199.2,1:37:17.057,20:07:17.057,0:24.911,0:47.990,0:30.625,293.9,Misha Goikhberg,,LMP2,,Bryan Herta Autosport with PR1/Mathiasen,Gibson,GF,
52,1,50,1:43.253,0,,24.328,0,47.933,0,30.992,0,199.8,1:39:00.310,20:09:00.310,0:24.328,0:47.933,0:30.992,293.2,Misha Goikhberg,,LMP2,,Bryan Herta Autosport with PR1/Mathiasen,Gibson,GF,
52,1,51,1:43.513,0,,24.683,0,47.917,0,30.913,0,199.3,1:40:43.823,20:10:43.823,0:24.683,0:47.917,0:30.913,292.6,Misha Goikhberg,,LMP2,,Bryan Herta Autosport with PR1/Mathiasen,Gibson,GF,
52,1,52,1:43.656,0,,24.696,0,48.203,0,30.757,0,199.0,1:42:27.479,20:12:27.479,0:24.696,0:48.203,0:30.757,292.6,Misha Goikhberg,,LMP2,,Bryan Herta Autosport with PR1/Mathiasen,Gibson,GF,
52,1,53,1:43.951,0,,24.460,0,48.329,0,31.162,0,198.4,1:44:11.430,20:14:11.430,0:24.460,0:48.329,0:31.162,294.5,Misha Goikhberg,,LMP2,,Bryan Herta Autosport with PR1/Mathiasen,Gibson,GF,
52,1,54,1:44.371,0,,24.658,0,49.153,0,30.560,0,197.6,1:45:55.801,20:15:55.801,0:24.658,0:49.153,0:30.560,293.9,Misha Goikhberg,,LMP2,,Bryan Herta Autosport with PR1/Mathiasen,Gibson,GF,
52,1,55,1:44.048,0,,24.567,0,48.905,0,30.576,0,198.2,1:47:39.849,20:17:39.849,0:24.567,0:48.905,0:30.576,292.6,Misha Goikhberg,,LMP2,,Bryan Herta Autosport with PR1/Mathiasen,Gibson,GF,
52,1,56,1:44.629,0,,25.816,0,48.204,0,30.609,0,197.1,1:49:24.478,20:19:24.478,0:25.816,0:48.204,0:30.609,291.9,Misha Goikhberg,,LMP2,,Bryan Herta Autosport with PR1/Mathiasen,Gibson,GF,
52,1,57,1:42.753,0,,24.327,1,47.971,0,30.455,0,200.7,1:51:07.231,20:21:07.231,0:24.327,0:47.971,0:30.455,290.6,Misha Goikhberg,,LMP2,,Bryan Herta Autosport with PR1/Mathiasen,Gibson,GF,
52,1,58,1:43.219,0,,24.422,0,48.091,0,30.706,0,199.8,1:52:50.450,20:22:50.450,0:24.422,0:48.091,0:30.706,293.2,Misha Goikhberg,,LMP2,,Bryan Herta Autosport with PR1/Mathiasen,Gibson,GF,
52,1,59,1:42.916,0,,24.551,0,47.968,0,30.397,0,200.4,1:54:33.366,20:24:33.366,0:24.551,0:47.968,0:30.397,293.9,Misha Goikhberg,,LMP2,,Bryan Herta Autosport with PR1/Mathiasen,Gibson,GF,
52,1,60,1:51.070,0,,24.329,0,47.817,1,38.924,0,185.7,1:56:24.436,20:26:24.436,0:24.329,0:47.817,0:38.924,291.3,Misha Goikhberg,,LMP2,,Bryan Herta Autosport with PR1/Mathiasen,Gibson,GF,
52,1,61,1:43.964,0,,25.123,0,48.542,0,30.299,1,198.4,1:58:08.400,20:28:08.400,0:25.123,0:48.542,0:30.299,292.6,Misha Goikhberg,,LMP2,,Bryan Herta Autosport with PR1/Mathiasen,Gibson,GF,
52,1,62,1:43.211,0,,24.416,0,48.071,0,30.724,0,199.8,1:59:51.611,20:29:51.611,0:24.416,0:48.071,0:30.724,293.9,Misha Goikhberg,,LMP2,,Bryan Herta Autosport with PR1/Mathiasen,Gibson,GF,
52,1,63,1:56.693,0,B,24.814,0,48.047,0,43.832,0,176.7,2:01:48.304,20:31:48.304,0:24.814,0:48.047,0:43.832,,Misha Goikhberg,,LMP2,,Bryan Herta Autosport with PR1/Mathiasen,Gibson,FF,
57,1,1,3:25.337,0,,1:58.469,0,53.305,0,33.563,0,100.4,3:25.337,18:33:25.337,1:58.469,0:53.305,0:33.563,269.2,Lucas Auer,0:01:36.204,GTD,,WINWARD RACING,Mercedes-AMG,GF,
57,1,2,1:49.777,0,,25.808,0,50.994,0,32.975,0,187.9,5:15.114,18:35:15.114,0:25.808,0:50.994,0:32.975,273.1,Lucas Auer,,GTD,,WINWARD RACING,Mercedes-AMG,GF,
57,1,3,1:48.791,0,,25.528,0,50.609,0,32.654,0,189.6,7:03.905,18:37:03.905,0:25.528,0:50.609,0:32.654,274.3,Lucas Auer,,GTD,,WINWARD RACING,Mercedes-AMG,GF,
57,1,4,1:48.161,0,,25.345,2,50.332,0,32.484,0,190.7,8:52.066,18:38:52.066,0:25.345,0:50.332,0:32.484,273.1,Lucas Auer,,GTD,,WINWARD RACING,Mercedes-AMG,GF,
57,1,5,1:48.308,0,,25.546,0,50.249,0,32.513,0,190.4,10:40.374,18:40:40.374,0:25.546,0:50.249,0:32.513,274.8,Lucas Auer,,GTD,,WINWARD RACING,Mercedes-AMG,GF,
57,1,6,1:48.243,0,,25.396,0,50.332,0,32.515,0,190.5,12:28.617,18:42:28.617,0:25.396,0:50.332,0:32.515,274.8,Lucas Auer,,GTD,,WINWARD RACING,Mercedes-AMG,GF,
57,1,7,1:50.146,0,,26.873,0,50.827,0,32.446,0,187.3,14:18.763,18:44:18.763,0:26.873,0:50.827,0:32.446,277.7,Lucas Auer,,GTD,,WINWARD RACING,Mercedes-AMG,GF,
57,1,8,1:48.184,0,,25.615,0,50.223,1,32.346,1,190.7,16:06.947,18:46:06.947,0:25.615,0:50.223,0:32.346,275.4,Lucas Auer,,GTD,,WINWARD RACING,Mercedes-AMG,GF,
57,1,9,1:49.511,0,,26.578,0,50.559,0,32.374,0,188.3,17:56.458,18:47:56.458,0:26.578,0:50.559,0:32.374,278.3,Lucas Auer,,GTD,,WINWARD RACING,Mercedes-AMG,GF,
57,1,10,1:48.419,0,,25.698,0,50.303,0,32.418,0,190.2,19:44.877,18:49:44.877,0:25.698,0:50.303,0:32.418,276.6,Lucas Auer,,GTD,,WINWARD RACING,Mercedes-AMG,GF,
57,1,11,1:48.516,0,,25.654,0,50.368,0,32.494,0,190.1,21:33.393,18:51:33.393,0:25.654,0:50.368,0:32.494,276.6,Lucas Auer,,GTD,,WINWARD RACING,Mercedes-AMG,GF,
57,1,12,2:45.308,0,B,25.594,0,50.298,0,1:29.416,0,124.8,24:18.701,18:54:18.701,0:25.594,0:50.298,1:29.416,,Lucas Auer,,GTD,,WINWARD RACING,Mercedes-AMG,GF,
57,3,13,2:22.140,0,,51.770,0,56.056,0,34.314,0,145.1,26:40.841,18:56:40.841,0:51.770,0:56.056,0:34.314,276.0,Philip Ellis,0:01:30.229,GTD,,WINWARD RACING,Mercedes-AMG,GF,
57,3,14,2:30.600,0,B,26.418,0,51.142,0,1:13.040,0,137.0,29:11.441,18:59:11.441,0:26.418,0:51.142,1:13.040,,Philip Ellis,,GTD,,WINWARD RACING,Mercedes-AMG,GF,
57,3,15,2:18.238,0,,51.524,0,53.451,0,33.263,0,149.2,31:29.679,19:01:29.679,0:51.524,0:53.451,0:33.263,272.0,Philip Ellis,0:01:13.414,GTD,,WINWARD RACING,Mercedes-AMG,GF,
57,3,16,3:07.745,0,B,25.612,0,51.494,0,1:50.639,0,109.9,34:37.424,19:04:37.424,0:25.612,0:51.494,1:50.639,,Philip Ellis,,GTD,,WINWARD RACING,Mercedes-AMG,GF,
57,4,17,2:14.560,0,,50.006,0,51.462,0,33.092,0,153.3,36:51.984,19:06:51.984,0:50.006,0:51.462,0:33.092,274.3,Russell Ward,0:01:51.067,GTD,,WINWARD RACING,Mercedes-AMG,GF,
57,4,18,1:48.903,0,,25.816,0,50.419,0,32.668,0,189.4,38:40.887,19:08:40.887,0:25.816,0:50.419,0:32.668,276.6,Russell Ward,,GTD,,WINWARD RACING,Mercedes-AMG,GF,
57,4,19,1:48.458,0,,25.467,0,50.346,0,32.645,0,190.2,40:29.345,19:10:29.345,0:25.467,0:50.346,0:32.645,276.6,Russell Ward,,GTD,,WINWARD RACING,Mercedes-AMG,GF,
57,4,20,1:48.138,0,,25.406,1,50.168,1,32.564,0,190.7,42:17.483,19:12:17.483,0:25.406,0:50.168,0:32.564,274.3,Russell Ward,,GTD,,WINWARD RACING,Mercedes-AMG,GF,
57,4,21,1:49.062,0,,25.902,0,50.515,0,32.645,0,189.1,44:06.545,19:14:06.545,0:25.902,0:50.515,0:32.645,275.4,Russell Ward,,GTD,,WINWARD RACING,Mercedes-AMG,GF,
57,4,22,1:49.626,0,,26.371,0,50.687,0,32.568,0,188.1,45:56.171,19:15:56.171,0:26.371,0:50.687,0:32.568,274.3,Russell Ward,,GTD,,WINWARD RACING,Mercedes-AMG,GF,
57,4,23,1:48.932,0,,25.817,0,50.444,0,32.671,0,189.3,47:45.103,19:17:45.103,0:25.817,0:50.444,0:32.671,275.4,Russell Ward,,GTD,,WINWARD RACING,Mercedes-AMG,GF,
57,4,24,1:49.051,0,,25.856,0,50.423,0,32.772,0,189.1,49:34.154,19:19:34.154,0:25.856,0:50.423,0:32.772,274.8,Russell Ward,,GTD,,WINWARD RACING,Mercedes-AMG,GF,
57,4,25,1:48.958,0,,25.789,0,50.514,0,32.655,0,189.3,51:23.112,19:21:23.112,0:25.789,0:50.514,0:32.655,274.8,Russell Ward,,GTD,,WINWARD RACING,Mercedes-AMG,GF,
57,4,26,1:49.076,0,,25.901,0,50.630,0,32.545,1,189.1,53:12.188,19:23:12.188,0:25.901,0:50.630,0:32.545,275.4,Russell Ward,,GTD,,WINWARD RACING,Mercedes-AMG,GF,
57,4,27,3:09.757,0,B,25.983,0,50.598,0,1:53.176,0,108.7,56:21.945,19:26:21.945,0:25.983,0:50.598,1:53.176,,Russell Ward,,GTD,,WINWARD RACING,Mercedes-AMG,GF,
57,2,28,2:12.166,0,,48.351,0,51.201,0,32.614,0,156.1,58:34.111,19:28:34.111,0:48.351,0:51.201,0:32.614,276.6,Indy Dontje,0:01:53.526,GTD,,WINWARD RACING,Mercedes-AMG,GF,
57,2,29,1:49.449,0,,26.046,0,50.668,0,32.735,0,188.4,1:00:23.560,19:30:23.560,0:26.046,0:50.668,0:32.735,275.4,Indy Dontje,,GTD,,WINWARD RACING,Mercedes-AMG,GF,
57,2,30,1:48.941,0,,25.675,0,50.718,0,32.548,0,189.3,1:02:12.501,19:32:12.501,0:25.675,0:50.718,0:32.548,275.4,Indy Dontje,,GTD,,WINWARD RACING,Mercedes-AMG,GF,
57,2,31,1:48.919,0,,25.739,0,50.727,0,32.453,0,189.4,1:04:01.420,19:34:01.420,0:25.739,0:50.727,0:32.453,276.0,Indy Dontje,,GTD,,WINWARD RACING,Mercedes-AMG,GF,
57,2,32,1:48.539,0,,25.547,0,50.547,0,32.445,0,190.0,1:05:49.959,19:35:49.959,0:25.547,0:50.547,0:32.445,276.0,Indy Dontje,,GTD,,WINWARD RACING,Mercedes-AMG,GF,
57,2,33,1:48.295,0,,25.503,0,50.458,0,32.334,0,190.5,1:07:38.254,19:37:38.254,0:25.503,0:50.458,0:32.334,277.2,Indy Dontje,,GTD,,WINWARD RACING,Mercedes-AMG,GF,
57,2,34,1:48.442,0,,25.669,0,50.418,0,32.355,0,190.2,1:09:26.696,19:39:26.696,0:25.669,0:50.418,0:32.355,276.6,Indy Dontje,,GTD,,WINWARD RACING,Mercedes-AMG,GF,
57,2,35,1:48.417,0,,25.792,0,50.332,0,32.293,0,190.2,1:11:15.113,19:41:15.113,0:25.792,0:50.332,0:32.293,276.6,Indy Dontje,,GTD,,WINWARD RACING,Mercedes-AMG,GF,
57,2,36,1:48.027,2,,25.446,1,50.317,0,32.264,2,190.9,1:13:03.140,19:43:03.140,0:25.446,0:50.317,0:32.264,277.2,Indy Dontje,,GTD,,WINWARD RACING,Mercedes-AMG,GF,
57,2,37,3:01.614,0,B,25.659,0,50.313,1,1:45.642,0,113.6,1:16:04.754,19:46:04.754,0:25.659,0:50.313,1:45.642,,Indy Dontje,,GTD,,WINWARD RACING,Mercedes-AMG,GF,
57,3,38,2:12.138,0,,48.898,0,50.511,0,32.729,0,156.1,1:18:16.892,19:48:16.892,0:48.898,0:50.511,0:32.729,274.8,Philip Ellis,0:01:45.809,GTD,,WINWARD RACING,Mercedes-AMG,GF,
57,3,39,1:48.951,0,,25.734,0,50.652,0,32.565,0,189.3,1:20:05.843,19:50:05.843,0:25.734,0:50.652,0:32.565,277.7,Philip Ellis,,GTD,,WINWARD RACING,Mercedes-AMG,GF,
57,3,40,1:48.128,0,,25.586,0,50.253,0,32.289,1,190.7,1:21:53.971,19:51:53.971,0:25.586,0:50.253,0:32.289,276.6,Philip Ellis,,GTD,,WINWARD RACING,Mercedes-AMG,GF,
57,3,41,1:48.308,0,,25.708,0,50.113,2,32.487,0,190.4,1:23:42.279,19:53:42.279,0:25.708,0:50.113,0:32.487,280.7,Philip Ellis,,GTD,,WINWARD RACING,Mercedes-AMG,GF,
57,3,42,5:52.496,0,B,25.345,1,50.509,0,4:36.642,0,58.5,1:29:34.775,19:59:34.775,0:25.345,0:50.509,4:36.642,,Philip Ellis,,GTD,,WINWARD RACING,Mercedes-AMG,GF,
57,3,43,2:11.559,0,,48.315,0,50.611,0,32.633,0,156.8,1:31:46.334,20:01:46.334,0:48.315,0:50.611,0:32.633,274.3,Philip Ellis,0:04:36.672,GTD,,WINWARD RACING,Mercedes-AMG,GF,
57,3,44,1:48.461,0,,25.485,0,50.413,0,32.563,0,190.2,1:33:34.795,20:03:34.795,0:25.485,0:50.413,0:32.563,276.0,Philip Ellis,,GTD,,WINWARD RACING,Mercedes-AMG,GF,
57,3,45,1:49.191,0,,25.660,0,50.950,0,32.581,0,188.9,1:35:23.986,20:05:23.986,0:25.660,0:50.950,0:32.581,277.7,Philip Ellis,,GTD,,WINWARD RACING,Mercedes-AMG,GF,
57,3,46,1:48.760,0,,25.751,0,50.484,0,32.525,0,189.6,1:37:12.746,20:07:12.746,0:25.751,0:50.484,0:32.525,276.6,Philip Ellis,,GTD,,WINWARD RACING,Mercedes-AMG,GF,
57,3,47,1:48.611,0,,25.672,0,50.489,0,32.450,0,189.9,1:39:01.357,20:09:01.357,0:25.672,0:50.489,0:32.450,275.4,Philip Ellis,,GTD,,WINWARD RACING,Mercedes-AMG,GF,
57,3,48,1:48.698,0,,25.569,0,50.476,0,32.653,0,189.7,1:40:50.055,20:10:50.055,0:25.569,0:50.476,0:32.653,278.9,Philip Ellis,,GTD,,WINWARD RACING,Mercedes-AMG,GF,
57,3,49,7:30.211,0,B,25.585,0,50.381,0,6:14.245,0,45.8,1:48:20.266,20:18:20.266,0:25.585,0:50.381,6:14.245,,Philip Ellis,,GTD,,WINWARD RACING,Mercedes-AMG,GF,
59,4,1,2:37.596,0,,1:05.343,0,56.964,0,35.289,0,130.9,2:37.596,18:32:37.596,1:05.343,0:56.964,0:35.289,270.3,Dean MacDonald,0:00:43.466,GTDPRO,,RLL Team McLaren,McLaren,GF,
59,4,2,1:53.041,0,,27.423,0,52.735,0,32.883,0,182.5,4:30.637,18:34:30.637,0:27.423,0:52.735,0:32.883,271.4,Dean MacDonald,,GTDPRO,,RLL Team McLaren,McLaren,GF,
59,4,3,1:49.072,0,,25.430,1,50.627,0,33.015,0,189.1,6:19.709,18:36:19.709,0:25.430,0:50.627,0:33.015,273.7,Dean MacDonald,,GTDPRO,,RLL Team McLaren,McLaren,GF,
59,4,4,1:49.690,0,,26.795,0,50.561,0,32.334,0,188.0,8:09.399,18:38:09.399,0:26.795,0:50.561,0:32.334,276.0,Dean MacDonald,,GTDPRO,,RLL Team McLaren,McLaren,GF,
59,4,5,1:48.273,0,,25.606,0,50.463,1,32.204,0,190.5,9:57.672,18:39:57.672,0:25.606,0:50.463,0:32.204,275.4,Dean MacDonald,,GTDPRO,,RLL Team McLaren,McLaren,GF,
59,4,6,1:49.742,0,,25.897,0,51.576,0,32.269,0,187.9,11:47.414,18:41:47.414,0:25.897,0:51.576,0:32.269,276.0,Dean MacDonald,,GTDPRO,,RLL Team McLaren,McLaren,GF,
59,4,7,1:48.739,0,,25.900,0,50.639,0,32.200,0,189.7,13:36.153,18:43:36.153,0:25.900,0:50.639,0:32.200,276.6,Dean MacDonald,,GTDPRO,,RLL Team McLaren,McLaren,GF,
59,4,8,1:48.481,0,,25.653,0,50.491,0,32.337,0,190.1,15:24.634,18:45:24.634,0:25.653,0:50.491,0:32.337,276.0,Dean MacDonald,,GTDPRO,,RLL Team McLaren,McLaren,GF,
59,4,9,1:48.808,0,,26.001,0,50.693,0,32.114,0,189.6,17:13.442,18:47:13.442,0:26.001,0:50.693,0:32.114,278.3,Dean MacDonald,,GTDPRO,,RLL Team McLaren,McLaren,GF,
59,4,10,1:48.142,2,,25.644,0,50.532,0,31.966,2,190.7,19:01.584,18:49:01.584,0:25.644,0:50.532,0:31.966,278.3,Dean MacDonald,,GTDPRO,,RLL Team McLaren,McLaren,GF,
59,4,11,1:49.093,0,,25.950,0,50.741,0,32.402,0,189.1,20:50.677,18:50:50.677,0:25.950,0:50.741,0:32.402,276.6,Dean MacDonald,,GTDPRO,,RLL Team McLaren,McLaren,GF,
59,4,12,2:02.802,0,B,25.974,0,50.743,0,46.085,0,168.0,22:53.479,18:52:53.479,0:25.974,0:50.743,0:46.085,,Dean MacDonald,,GTDPRO,,RLL Team McLaren,McLaren,GF,
59,1,13,7:54.872,0,,6:24.986,0,56.494,0,33.392,0,43.4,30:48.351,19:00:48.351,6:24.986,0:56.494,0:33.392,273.7,Max Esterson,0:06:17.621,GTDPRO,,RLL Team McLaren,McLaren,GF,
59,1,14,1:49.570,0,,25.995,0,51.012,0,32.563,0,188.2,32:37.921,19:02:37.921,0:25.995,0:51.012,0:32.563,273.7,Max Esterson,,GTDPRO,,RLL Team McLaren,McLaren,GF,
59,1,15,1:49.088,0,,26.306,0,50.461,0,32.321,1,189.1,34:27.009,19:04:27.009,0:26.306,0:50.461,0:32.321,274.8,Max Esterson,,GTDPRO,,RLL Team McLaren,McLaren,GF,
59,1,16,1:49.153,0,,25.362,2,50.825,0,32.966,0,189.0,36:16.162,19:06:16.162,0:25.362,0:50.825,0:32.966,280.1,Max Esterson,,GTDPRO,,RLL Team McLaren,McLaren,GF,
59,1,17,1:49.212,0,,25.908,0,50.572,0,32.732,0,188.9,38:05.374,19:08:05.374,0:25.908,0:50.572,0:32.732,276.6,Max Esterson,,GTDPRO,,RLL Team McLaren,McLaren,GF,
59,1,18,1:48.215,0,,25.664,0,50.126,2,32.425,0,190.6,39:53.589,19:09:53.589,0:25.664,0:50.126,0:32.425,274.8,Max Esterson,,GTDPRO,,RLL Team McLaren,McLaren,GF,
59,1,19,1:48.464,0,,25.505,0,50.292,0,32.667,0,190.2,41:42.053,19:11:42.053,0:25.505,0:50.292,0:32.667,276.0,Max Esterson,,GTDPRO,,RLL Team McLaren,McLaren,GF,
59,1,20,1:49.429,0,,26.328,0,50.727,0,32.374,0,188.5,43:31.482,19:13:31.482,0:26.328,0:50.727,0:32.374,274.8,Max Esterson,,GTDPRO,,RLL Team McLaren,McLaren,GF,
59,1,21,1:48.722,0,,25.793,0,50.375,0,32.554,0,189.7,45:20.204,19:15:20.204,0:25.793,0:50.375,0:32.554,276.0,Max Esterson,,GTDPRO,,RLL Team McLaren,McLaren,GF,
59,1,22,1:49.882,0,,25.992,0,51.151,0,32.739,0,187.7,47:10.086,19:17:10.086,0:25.992,0:51.151,0:32.739,273.7,Max Esterson,,GTDPRO,,RLL Team McLaren,McLaren,GF,
59,1,23,1:48.620,0,,25.758,0,50.479,0,32.383,0,189.9,48:58.706,19:18:58.706,0:25.758,0:50.479,0:32.383,273.7,Max Esterson,,GTDPRO,,RLL Team McLaren,McLaren,GF,
59,1,24,2:02.265,0,B,25.799,0,50.588,0,45.878,0,168.7,51:00.971,19:21:00.971,0:25.799,0:50.588,0:45.878,,Max Esterson,,GTDPRO,,RLL Team McLaren,McLaren,GF,
59,3,25,3:36.491,0,,2:07.386,0,55.708,0,33.397,0,95.3,54:37.462,19:24:37.462,2:07.386,0:55.708,0:33.397,273.7,Juri Vips,0:02:01.849,GTDPRO,,RLL Team McLaren,McLaren,GF,
59,3,26,1:49.449,0,,26.113,0,51.042,0,32.294,0,188.4,56:26.911,19:26:26.911,0:26.113,0:51.042,0:32.294,274.8,Juri Vips,,GTDPRO,,RLL Team McLaren,McLaren,GF,
59,3,27,1:48.784,0,,25.752,1,50.724,0,32.308,0,189.6,58:15.695,19:28:15.695,0:25.752,0:50.724,0:32.308,274.8,Juri Vips,,GTDPRO,,RLL Team McLaren,McLaren,GF,
59,3,28,1:49.270,0,,25.754,0,51.073,0,32.443,0,188.8,1:00:04.965,19:30:04.965,0:25.754,0:51.073,0:32.443,277.2,Juri Vips,,GTDPRO,,RLL Team McLaren,McLaren,GF,
59,3,29,1:49.468,0,,26.020,0,50.699,1,32.749,0,188.4,1:01:54.433,19:31:54.433,0:26.020,0:50.699,0:32.749,274.3,Juri Vips,,GTDPRO,,RLL Team McLaren,McLaren,GF,
59,3,30,1:50.023,0,,25.777,0,51.795,0,32.451,0,187.5,1:03:44.456,19:33:44.456,0:25.777,0:51.795,0:32.451,276.6,Juri Vips,,GTDPRO,,RLL Team McLaren,McLaren,GF,
59,3,31,1:50.832,0,,26.043,0,52.289,0,32.500,0,186.1,1:05:35.288,19:35:35.288,0:26.043,0:52.289,0:32.500,274.8,Juri Vips,,GTDPRO,,RLL Team McLaren,McLaren,GF,
59,3,32,1:48.766,0,,25.800,0,50.783,0,32.183,0,189.6,1:07:24.054,19:37:24.054,0:25.800,0:50.783,0:32.183,274.8,Juri Vips,,GTDPRO,,RLL Team McLaren,McLaren,GF,
59,3,33,1:48.673,0,,25.804,0,50.741,0,32.128,1,189.8,1:09:12.727,19:39:12.727,0:25.804,0:50.741,0:32.128,274.3,Juri Vips,,GTDPRO,,RLL Team McLaren,McLaren,GF,
59,3,34,1:48.984,0,,25.986,0,50.857,0,32.141,0,189.3,1:11:01.711,19:41:01.711,0:25.986,0:50.857,0:32.141,275.4,Juri Vips,,GTDPRO,,RLL Team McLaren,McLaren,GF,
59,3,35,1:50.026,0,,26.155,0,51.403,0,32.468,0,187.5,1:12:51.737,19:42:51.737,0:26.155,0:51.403,0:32.468,276.0,Juri Vips,,GTDPRO,,RLL Team McLaren,McLaren,GF,
59,3,36,2:02.503,0,B,26.115,0,51.294,0,45.094,0,168.4,1:14:54.240,19:44:54.240,0:26.115,0:51.294,0:45.094,,Juri Vips,,GTDPRO,,RLL Team McLaren,McLaren,GF,
59,2,37,5:18.275,0,,3:51.200,0,53.902,0,33.173,0,64.8,1:20:12.515,19:50:12.515,3:51.200,0:53.902,0:33.173,277.2,Nikita Johnson,0:03:46.320,GTDPRO,,RLL Team McLaren,McLaren,GF,
59,2,38,1:50.793,0,,26.654,0,51.377,0,32.762,0,186.2,1:22:03.308,19:52:03.308,0:26.654,0:51.377,0:32.762,276.6,Nikita Johnson,,GTDPRO,,RLL Team McLaren,McLaren,GF,
59,2,39,1:50.504,0,,26.450,0,51.231,0,32.823,0,186.6,1:23:53.812,19:53:53.812,0:26.450,0:51.231,0:32.823,274.8,Nikita Johnson,,GTDPRO,,RLL Team McLaren,McLaren,GF,
59,2,40,1:51.149,0,,26.311,0,52.090,0,32.748,0,185.6,1:25:44.961,19:55:44.961,0:26.311,0:52.090,0:32.748,276.6,Nikita Johnson,,GTDPRO,,RLL Team McLaren,McLaren,GF,
59,2,41,1:50.230,0,,26.295,0,51.259,0,32.676,0,187.1,1:27:35.191,19:57:35.191,0:26.295,0:51.259,0:32.676,276.6,Nikita Johnson,,GTDPRO,,RLL Team McLaren,McLaren,GF,
59,2,42,1:50.524,0,,26.187,0,51.539,0,32.798,0,186.6,1:29:25.715,19:59:25.715,0:26.187,0:51.539,0:32.798,276.0,Nikita Johnson,,GTDPRO,,RLL Team McLaren,McLaren,GF,
59,2,43,1:50.931,0,,26.692,0,51.564,0,32.675,0,185.9,1:31:16.646,20:01:16.646,0:26.692,0:51.564,0:32.675,277.7,Nikita Johnson,,GTDPRO,,RLL Team McLaren,McLaren,GF,
59,2,44,1:50.232,0,,26.135,0,51.375,0,32.722,0,187.1,1:33:06.878,20:03:06.878,0:26.135,0:51.375,0:32.722,274.8,Nikita Johnson,,GTDPRO,,RLL Team McLaren,McLaren,GF,
59,2,45,1:50.163,0,,26.131,0,51.242,0,32.790,0,187.2,1:34:57.041,20:04:57.041,0:26.131,0:51.242,0:32.790,273.7,Nikita Johnson,,GTDPRO,,RLL Team McLaren,McLaren,GF,
59,2,46,1:50.314,0,,26.218,0,51.017,1,33.079,0,187.0,1:36:47.355,20:06:47.355,0:26.218,0:51.017,0:33.079,273.1,Nikita Johnson,,GTDPRO,,RLL Team McLaren,McLaren,GF,
59,2,47,1:51.975,0,,27.607,0,51.412,0,32.956,0,184.2,1:38:39.330,20:08:39.330,0:27.607,0:51.412,0:32.956,274.8,Nikita Johnson,,GTDPRO,,RLL Team McLaren,McLaren,GF,
59,2,48,1:49.831,0,,26.121,0,51.095,0,32.615,0,187.8,1:40:29.161,20:10:29.161,0:26.121,0:51.095,0:32.615,275.4,Nikita Johnson,,GTDPRO,,RLL Team McLaren,McLaren,GF,
59,2,49,1:49.820,0,,26.020,1,51.101,0,32.699,0,187.8,1:42:18.981,20:12:18.981,0:26.020,0:51.101,0:32.699,272.0,Nikita Johnson,,GTDPRO,,RLL Team McLaren,McLaren,GF,
59,2,50,1:50.382,0,,26.273,0,51.431,0,32.678,0,186.9,1:44:09.363,20:14:09.363,0:26.273,0:51.431,0:32.678,274.8,Nikita Johnson,,GTDPRO,,RLL Team McLaren,McLaren,GF,
59,2,51,1:50.077,0,,26.137,0,51.491,0,32.449,1,187.4,1:45:59.440,20:15:59.440,0:26.137,0:51.491,0:32.449,278.3,Nikita Johnson,,GTDPRO,,RLL Team McLaren,McLaren,GF,
59,2,52,2:04.946,0,B,26.049,0,51.542,0,47.355,0,165.1,1:48:04.386,20:18:04.386,0:26.049,0:51.542,0:47.355,,Nikita Johnson,,GTDPRO,,RLL Team McLaren,McLaren,GF,
59,4,53,2:55.829,0,,1:30.933,0,52.307,0,32.589,0,117.3,1:51:00.215,20:21:00.215,1:30.933,0:52.307,0:32.589,272.6,Dean MacDonald,0:01:27.327,GTDPRO,,RLL Team McLaren,McLaren,GF,
59,4,54,2:01.080,0,B,25.744,0,50.805,0,44.531,0,170.3,1:53:01.295,20:23:01.295,0:25.744,0:50.805,0:44.531,,Dean MacDonald,,GTDPRO,,RLL Team McLaren,McLaren,GF,
59,1,55,3:01.970,0,,1:36.335,0,52.171,0,33.464,0,113.3,1:56:03.265,20:26:03.265,1:36.335,0:52.171,0:33.464,272.6,Max Esterson,0:01:31.869,GTDPRO,,RLL Team McLaren,McLaren,GF,
59,1,56,2:03.388,0,B,26.161,0,51.331,0,45.896,0,167.2,1:58:06.653,20:28:06.653,0:26.161,0:51.331,0:45.896,,Max Esterson,,GTDPRO,,RLL Team McLaren,McLaren,GF,
59,3,57,2:56.559,0,,1:31.213,0,52.909,0,32.437,0,116.8,2:01:03.212,20:31:03.212,1:31.213,0:52.909,0:32.437,272.6,Juri Vips,0:01:27.796,GTDPRO,,RLL Team McLaren,McLaren,FF,
6,1,1,3:50.818,0,B,1:21.093,0,53.234,0,1:36.491,0,89.4,3:50.818,18:33:50.818,1:21.093,0:53.234,1:36.491,,Laurens Vanthoor,0:01:03.400,GTP,,Porsche Penske Motorsport,Porsche,GF,
6,3,2,3:25.551,0,B,49.199,0,51.879,0,1:44.473,0,100.3,7:16.369,18:37:16.369,0:49.199,0:51.879,1:44.473,,Matt Campbell,0:01:36.195,GTP,,Porsche Penske Motorsport,Porsche,GF,
6,2,3,3:08.901,0,B,48.675,0,46.872,1,1:33.354,0,109.2,10:25.270,18:40:25.270,0:48.675,0:46.872,1:33.354,,Kevin Estre,0:01:45.642,GTP,,Porsche Penske Motorsport,Porsche,GF,
6,3,4,2:08.900,0,,49.987,0,49.384,0,29.529,0,160.0,12:34.170,18:42:34.170,0:49.987,0:49.384,0:29.529,321.1,Matt Campbell,0:01:32.909,GTP,,Porsche Penske Motorsport,Porsche,GF,
6,3,5,1:40.041,0,,24.482,0,46.416,0,29.143,0,206.2,14:14.211,18:44:14.211,0:24.482,0:46.416,0:29.143,322.7,Matt Campbell,,GTP,,Porsche Penske Motorsport,Porsche,GF,
6,3,6,1:40.323,0,,23.760,0,46.476,0,30.087,0,205.6,15:54.534,18:45:54.534,0:23.760,0:46.476,0:30.087,310.5,Matt Campbell,,GTP,,Porsche Penske Motorsport,Porsche,GF,
6,3,7,1:39.255,0,,24.106,0,46.332,0,28.817,0,207.8,17:33.789,18:47:33.789,0:24.106,0:46.332,0:28.817,321.1,Matt Campbell,,GTP,,Porsche Penske Motorsport,Porsche,GF,
6,3,8,1:39.245,0,,24.788,0,45.600,0,28.857,0,207.8,19:13.034,18:49:13.034,0:24.788,0:45.600,0:28.857,321.1,Matt Campbell,,GTP,,Porsche Penske Motorsport,Porsche,GF,
6,3,9,1:37.655,0,,23.614,0,45.337,0,28.704,0,211.2,20:50.689,18:50:50.689,0:23.614,0:45.337,0:28.704,318.0,Matt Campbell,,GTP,,Porsche Penske Motorsport,Porsche,GF,
6,3,10,1:40.539,0,,24.702,0,46.824,0,29.013,0,205.1,22:31.228,18:52:31.228,0:24.702,0:46.824,0:29.013,318.8,Matt Campbell,,GTP,,Porsche Penske Motorsport,Porsche,GF,
6,3,11,1:38.749,0,,23.564,0,45.763,0,29.422,0,208.9,24:09.977,18:54:09.977,0:23.564,0:45.763,0:29.422,321.1,Matt Campbell,,GTP,,Porsche Penske Motorsport,Porsche,GF,
6,3,12,1:38.384,0,,23.637,0,45.540,0,29.207,0,209.6,25:48.361,18:55:48.361,0:23.637,0:45.540,0:29.207,319.5,Matt Campbell,,GTP,,Porsche Penske Motorsport,Porsche,GF,
6,3,13,1:38.153,0,,23.554,1,45.406,0,29.193,0,210.1,27:26.514,18:57:26.514,0:23.554,0:45.406,0:29.193,323.5,Matt Campbell,,GTP,,Porsche Penske Motorsport,Porsche,GF,
6,3,14,1:38.760,0,,24.033,0,46.195,0,28.532,0,208.8,29:05.274,18:59:05.274,0:24.033,0:46.195,0:28.532,322.7,Matt Campbell,,GTP,,Porsche Penske Motorsport,Porsche,GF,
6,3,15,1:39.971,0,,23.779,0,46.456,0,29.736,0,206.3,30:45.245,19:00:45.245,0:23.779,0:46.456,0:29.736,321.9,Matt Campbell,,GTP,,Porsche Penske Motorsport,Porsche,GF,
6,3,16,1:38.428,0,,23.753,0,45.931,0,28.744,0,209.5,32:23.673,19:02:23.673,0:23.753,0:45.931,0:28.744,321.9,Matt Campbell,,GTP,,Porsche Penske Motorsport,Porsche,GF,
6,3,17,1:39.659,0,,25.143,0,46.108,0,28.408,0,207.0,34:03.332,19:04:03.332,0:25.143,0:46.108,0:28.408,320.3,Matt Campbell,,GTP,,Porsche Penske Motorsport,Porsche,GF,
6,3,18,1:37.667,0,,23.881,0,45.389,0,28.397,0,211.2,35:40.999,19:05:40.999,0:23.881,0:45.389,0:28.397,320.3,Matt Campbell,,GTP,,Porsche Penske Motorsport,Porsche,GF,
6,3,19,1:39.615,0,,23.669,0,47.116,0,28.830,0,207.1,37:20.614,19:07:20.614,0:23.669,0:47.116,0:28.830,318.8,Matt Campbell,,GTP,,Porsche Penske Motorsport,Porsche,GF,
6,3,20,1:40.172,0,,24.609,0,46.869,0,28.694,0,205.9,39:00.786,19:09:00.786,0:24.609,0:46.869,0:28.694,322.7,Matt Campbell,,GTP,,Porsche Penske Motorsport,Porsche,GF,
6,3,21,1:39.178,0,,23.672,0,46.998,0,28.508,0,208.0,40:39.964,19:10:39.964,0:23.672,0:46.998,0:28.508,321.1,Matt Campbell,,GTP,,Porsche Penske Motorsport,Porsche,GF,
6,3,22,1:37.425,0,,23.638,0,45.282,1,28.505,0,211.7,42:17.389,19:12:17.389,0:23.638,0:45.282,0:28.505,321.9,Matt Campbell,,GTP,,Porsche Penske Motorsport,Porsche,GF,
6,3,23,12:36.880,0,B,23.618,0,45.915,0,11:27.347,0,27.3,54:54.269,19:24:54.269,0:23.618,0:45.915,11:27.347,,Matt Campbell,,GTP,,Porsche Penske Motorsport,Porsche,GF,
6,3,24,2:06.913,0,,49.000,0,48.482,0,29.431,0,162.5,57:01.182,19:27:01.182,0:49.000,0:48.482,0:29.431,317.2,Matt Campbell,0:11:30.404,GTP,,Porsche Penske Motorsport,Porsche,GF,
6,3,25,1:38.999,0,,23.971,0,45.864,0,29.164,0,208.3,58:40.181,19:28:40.181,0:23.971,0:45.864,0:29.164,318.8,Matt Campbell,,GTP,,Porsche Penske Motorsport,Porsche,GF,
6,3,26,1:42.094,0,,24.048,0,47.405,0,30.641,0,202.0,1:00:22.275,19:30:22.275,0:24.048,0:47.405,0:30.641,317.2,Matt Campbell,,GTP,,Porsche Penske Motorsport,Porsche,GF,
6,3,27,1:39.259,0,,23.775,0,46.349,0,29.135,0,207.8,1:02:01.534,19:32:01.534,0:23.775,0:46.349,0:29.135,321.1,Matt Campbell,,GTP,,Porsche Penske Motorsport,Porsche,GF,
6,3,28,1:38.579,0,,23.729,0,45.813,0,29.037,0,209.2,1:03:40.113,19:33:40.113,0:23.729,0:45.813,0:29.037,319.5,Matt Campbell,,GTP,,Porsche Penske Motorsport,Porsche,GF,
6,3,29,1:39.124,0,,23.929,0,46.513,0,28.682,0,208.1,1:05:19.237,19:35:19.237,0:23.929,0:46.513,0:28.682,323.5,Matt Campbell,,GTP,,Porsche Penske Motorsport,Porsche,GF,
6,3,30,1:41.947,0,,25.076,0,46.875,0,29.996,0,202.3,1:07:01.184,19:37:01.184,0:25.076,0:46.875,0:29.996,321.1,Matt Campbell,,GTP,,Porsche Penske Motorsport,Porsche,GF,
6,3,31,1:38.795,0,,24.027,0,46.021,0,28.747,0,208.8,1:08:39.979,19:38:39.979,0:24.027,0:46.021,0:28.747,321.9,Matt Campbell,,GTP,,Porsche Penske Motorsport,Porsche,GF,
6,3,32,1:40.033,0,,24.056,0,46.593,0,29.384,0,206.2,1:10:20.012,19:40:20.012,0:24.056,0:46.593,0:29.384,321.1,Matt Campbell,,GTP,,Porsche Penske Motorsport,Porsche,GF,
6,3,33,1:37.616,0,,23.664,0,45.475,0,28.477,0,211.3,1:11:57.628,19:41:57.628,0:23.664,0:45.475,0:28.477,319.5,Matt Campbell,,GTP,,Porsche Penske Motorsport,Porsche,GF,
6,3,34,1:38.414,0,,23.741,0,45.898,0,28.775,0,209.6,1:13:36.042,19:43:36.042,0:23.741,0:45.898,0:28.775,323.5,Matt Campbell,,GTP,,Porsche Penske Motorsport,Porsche,GF,
6,3,35,1:38.849,0,,23.983,0,46.220,0,28.646,0,208.7,1:15:14.891,19:45:14.891,0:23.983,0:46.220,0:28.646,321.1,Matt Campbell,,GTP,,Porsche Penske Motorsport,Porsche,GF,
6,3,36,1:40.788,0,,24.445,0,47.316,0,29.027,0,204.6,1:16:55.679,19:46:55.679,0:24.445,0:47.316,0:29.027,319.5,Matt Campbell,,GTP,,Porsche Penske Motorsport,Porsche,GF,
6,3,37,1:37.577,0,,23.819,0,45.392,0,28.366,1,211.4,1:18:33.256,19:48:33.256,0:23.819,0:45.392,0:28.366,323.5,Matt Campbell,,GTP,,Porsche Penske Motorsport,Porsche,GF,
6,3,38,3:57.511,0,B,23.846,0,46.300,0,2:47.365,0,86.8,1:22:30.767,19:52:30.767,0:23.846,0:46.300,2:47.365,,Matt Campbell,,GTP,,Porsche Penske Motorsport,Porsche,GF,
6,1,39,2:06.839,0,,49.868,0,48.077,0,28.894,0,162.6,1:24:37.606,19:54:37.606,0:49.868,0:48.077,0:28.894,319.5,Laurens Vanthoor,0:02:49.212,GTP,,Porsche Penske Motorsport,Porsche,GF,
6,1,40,1:38.025,0,,23.960,0,45.535,0,28.530,0,210.4,1:26:15.631,19:56:15.631,0:23.960,0:45.535,0:28.530,318.8,Laurens Vanthoor,,GTP,,Porsche Penske Motorsport,Porsche,GF,
6,1,41,1:37.531,0,,23.640,0,45.418,0,28.473,0,211.5,1:27:53.162,19:57:53.162,0:23.640,0:45.418,0:28.473,319.5,Laurens Vanthoor,,GTP,,Porsche Penske Motorsport,Porsche,GF,
6,1,42,1:37.790,0,,23.580,0,46.062,0,28.148,2,210.9,1:29:30.952,19:59:30.952,0:23.580,0:46.062,0:28.148,321.9,Laurens Vanthoor,,GTP,,Porsche Penske Motorsport,Porsche,GF,
6,1,43,1:39.209,0,,23.985,0,45.638,0,29.586,0,207.9,1:31:10.161,20:01:10.161,0:23.985,0:45.638,0:29.586,318.0,Laurens Vanthoor,,GTP,,Porsche Penske Motorsport,Porsche,GF,
6,1,44,1:37.598,0,,23.547,2,45.616,0,28.435,0,211.3,1:32:47.759,20:02:47.759,0:23.547,0:45.616,0:28.435,318.8,Laurens Vanthoor,,GTP,,Porsche Penske Motorsport,Porsche,GF,
6,1,45,1:37.499,0,,23.769,0,45.301,0,28.429,0,211.5,1:34:25.258,20:04:25.258,0:23.769,0:45.301,0:28.429,317.2,Laurens Vanthoor,,GTP,,Porsche Penske Motorsport,Porsche,GF,
6,1,46,1:37.437,0,,23.547,0,45.534,0,28.356,0,211.7,1:36:02.695,20:06:02.695,0:23.547,0:45.534,0:28.356,319.5,Laurens Vanthoor,,GTP,,Porsche Penske Motorsport,Porsche,GF,
6,1,47,8:38.575,0,B,23.936,0,45.320,0,7:29.319,0,39.8,1:44:41.270,20:14:41.270,0:23.936,0:45.320,7:29.319,,Laurens Vanthoor,,GTP,,Porsche Penske Motorsport,Porsche,GF,
6,1,48,2:07.977,0,,48.829,0,50.703,0,28.445,0,161.2,1:46:49.247,20:16:49.247,0:48.829,0:50.703,0:28.445,318.8,Laurens Vanthoor,0:07:31.913,GTP,,Porsche Penske Motorsport,Porsche,GF,
6,1,49,1:38.197,0,,23.632,0,46.204,0,28.361,0,210.0,1:48:27.444,20:18:27.444,0:23.632,0:46.204,0:28.361,318.8,Laurens Vanthoor,,GTP,,Porsche Penske Motorsport,Porsche,GF,
6,1,50,1:37.239,3,,24.022,0,45.017,3,28.200,0,212.1,1:50:04.683,20:20:04.683,0:24.022,0:45.017,0:28.200,320.3,Laurens Vanthoor,,GTP,,Porsche Penske Motorsport,Porsche,GF,
6,1,51,1:39.604,0,,24.721,0,46.191,0,28.692,0,207.1,1:51:44.287,20:21:44.287,0:24.721,0:46.191,0:28.692,318.0,Laurens Vanthoor,,GTP,,Porsche Penske Motorsport,Porsche,GF,
6,1,52,1:37.428,0,,23.570,0,45.558,0,28.300,0,211.7,1:53:21.715,20:23:21.715,0:23.570,0:45.558,0:28.300,321.1,Laurens Vanthoor,,GTP,,Porsche Penske Motorsport,Porsche,GF,
6,1,53,1:37.598,0,,23.619,0,45.604,0,28.375,0,211.3,1:54:59.313,20:24:59.313,0:23.619,0:45.604,0:28.375,321.1,Laurens Vanthoor,,GTP,,Porsche Penske Motorsport,Porsche,GF,
6,1,54,1:38.906,0,,24.540,0,45.976,0,28.390,0,208.5,1:56:38.219,20:26:38.219,0:24.540,0:45.976,0:28.390,321.9,Laurens Vanthoor,,GTP,,Porsche Penske Motorsport,Porsche,GF,
6,1,55,1:37.439,0,,23.791,0,45.316,0,28.332,0,211.7,1:58:15.658,20:28:15.658,0:23.791,0:45.316,0:28.332,321.1,Laurens Vanthoor,,GTP,,Porsche Penske Motorsport,Porsche,GF,
60,1,1,2:57.723,0,B,1:11.950,0,49.774,0,55.999,0,116.1,2:57.723,18:32:57.723,1:11.950,0:49.774,0:55.999,,Tom Blomqvist,0:00:53.227,GTP,,Acura Meyer Shank Racing w/Curb Agajanian,Acura,GF,
60,1,2,2:02.066,0,,47.509,0,46.083,0,28.474,0,169.0,4:59.789,18:34:59.789,0:47.509,0:46.083,0:28.474,315.7,Tom Blomqvist,0:00:56.850,GTP,,Acura Meyer Shank Racing w/Curb Agajanian,Acura,GF,
60,1,3,9:20.172,0,B,23.779,2,46.494,0,8:09.899,0,36.8,14:19.961,18:44:19.961,0:23.779,0:46.494,8:09.899,,Tom Blomqvist,,GTP,,Acura Meyer Shank Racing w/Curb Agajanian,Acura,GF,
60,1,4,2:03.322,0,,47.803,0,46.087,0,29.432,0,167.2,16:23.283,18:46:23.283,0:47.803,0:46.087,0:29.432,318.8,Tom Blomqvist,0:08:13.755,GTP,,Acura Meyer Shank Racing w/Curb Agajanian,Acura,GF,
60,1,5,1:38.485,0,,24.182,0,45.844,0,28.459,0,209.4,18:01.768,18:48:01.768,0:24.182,0:45.844,0:28.459,316.5,Tom Blomqvist,,GTP,,Acura Meyer Shank Racing w/Curb Agajanian,Acura,GF,
60,1,6,1:38.105,0,,23.966,0,45.709,0,28.430,0,210.2,19:39.873,18:49:39.873,0:23.966,0:45.709,0:28.430,318.0,Tom Blomqvist,,GTP,,Acura Meyer Shank Racing w/Curb Agajanian,Acura,GF,
60,1,7,1:38.758,0,,23.842,0,45.578,0,29.338,0,208.8,21:18.631,18:51:18.631,0:23.842,0:45.578,0:29.338,317.2,Tom Blomqvist,,GTP,,Acura Meyer Shank Racing w/Curb Agajanian,Acura,GF,
60,1,8,1:38.111,0,,23.851,0,45.960,0,28.300,0,210.2,22:56.742,18:52:56.742,0:23.851,0:45.960,0:28.300,319.5,Tom Blomqvist,,GTP,,Acura Meyer Shank Racing w/Curb Agajanian,Acura,GF,
60,1,9,1:38.956,0,,24.187,0,46.467,0,28.302,0,208.4,24:35.698,18:54:35.698,0:24.187,0:46.467,0:28.302,317.2,Tom Blomqvist,,GTP,,Acura Meyer Shank Racing w/Curb Agajanian,Acura,GF,
60,1,10,1:37.708,0,,23.835,0,45.615,0,28.258,0,211.1,26:13.406,18:56:13.406,0:23.835,0:45.615,0:28.258,319.5,Tom Blomqvist,,GTP,,Acura Meyer Shank Racing w/Curb Agajanian,Acura,GF,
60,1,11,1:37.755,0,,23.953,0,45.615,0,28.187,1,211.0,27:51.161,18:57:51.161,0:23.953,0:45.615,0:28.187,319.5,Tom Blomqvist,,GTP,,Acura Meyer Shank Racing w/Curb Agajanian,Acura,GF,
60,1,12,1:38.383,0,,24.031,0,45.573,1,28.779,0,209.6,29:29.544,18:59:29.544,0:24.031,0:45.573,0:28.779,318.8,Tom Blomqvist,,GTP,,Acura Meyer Shank Racing w/Curb Agajanian,Acura,GF,
60,1,13,1:39.781,0,,24.377,0,46.592,0,28.812,0,206.7,31:09.325,19:01:09.325,0:24.377,0:46.592,0:28.812,318.8,Tom Blomqvist,,GTP,,Acura Meyer Shank Racing w/Curb Agajanian,Acura,GF,
60,1,14,1:38.697,0,,23.926,0,46.041,0,28.730,0,209.0,32:48.022,19:02:48.022,0:23.926,0:46.041,0:28.730,318.0,Tom Blomqvist,,GTP,,Acura Meyer Shank Racing w/Curb Agajanian,Acura,GF,
60,1,15,6:09.543,0,B,24.327,0,45.817,0,4:59.399,0,55.8,38:57.565,19:08:57.565,0:24.327,0:45.817,4:59.399,,Tom Blomqvist,,GTP,,Acura Meyer Shank Racing w/Curb Agajanian,Acura,GF,
60,4,16,2:09.114,0,,50.718,0,48.786,0,29.610,0,159.7,41:06.679,19:11:06.679,0:50.718,0:48.786,0:29.610,315.7,AJ Allmendinger,0:05:02.288,GTP,,Acura Meyer Shank Racing w/Curb Agajanian,Acura,GF,
60,4,17,1:39.112,0,,24.304,0,46.003,0,28.805,0,208.1,42:45.791,19:12:45.791,0:24.304,0:46.003,0:28.805,316.5,AJ Allmendinger,,GTP,,Acura Meyer Shank Racing w/Curb Agajanian,Acura,GF,
60,4,18,1:38.316,0,,24.257,0,45.788,0,28.271,0,209.8,44:24.107,19:14:24.107,0:24.257,0:45.788,0:28.271,316.5,AJ Allmendinger,,GTP,,Acura Meyer Shank Racing w/Curb Agajanian,Acura,GF,
60,4,19,1:37.911,0,,23.840,1,45.737,0,28.334,0,210.7,46:02.018,19:16:02.018,0:23.840,0:45.737,0:28.334,317.2,AJ Allmendinger,,GTP,,Acura Meyer Shank Racing w/Curb Agajanian,Acura,GF,
60,4,20,1:37.895,0,,23.882,0,45.809,0,28.204,1,210.7,47:39.913,19:17:39.913,0:23.882,0:45.809,0:28.204,318.8,AJ Allmendinger,,GTP,,Acura Meyer Shank Racing w/Curb Agajanian,Acura,GF,
60,4,21,1:38.180,0,,23.874,0,45.826,0,28.480,0,210.1,49:18.093,19:19:18.093,0:23.874,0:45.826,0:28.480,321.1,AJ Allmendinger,,GTP,,Acura Meyer Shank Racing w/Curb Agajanian,Acura,GF,
60,4,22,1:38.948,0,,23.950,0,45.817,0,29.181,0,208.4,50:57.041,19:20:57.041,0:23.950,0:45.817,0:29.181,321.1,AJ Allmendinger,,GTP,,Acura Meyer Shank Racing w/Curb Agajanian,Acura,GF,
60,4,23,1:39.342,0,,24.218,0,46.723,0,28.401,0,207.6,52:36.383,19:22:36.383,0:24.218,0:46.723,0:28.401,318.8,AJ Allmendinger,,GTP,,Acura Meyer Shank Racing w/Curb Agajanian,Acura,GF,
60,4,24,1:39.371,0,,24.150,0,46.541,0,28.680,0,207.6,54:15.754,19:24:15.754,0:24.150,0:46.541,0:28.680,318.8,AJ Allmendinger,,GTP,,Acura Meyer Shank Racing w/Curb Agajanian,Acura,GF,
60,4,25,1:38.290,0,,23.898,0,46.020,0,28.372,0,209.8,55:54.044,19:25:54.044,0:23.898,0:46.020,0:28.372,315.0,AJ Allmendinger,,GTP,,Acura Meyer Shank Racing w/Curb Agajanian,Acura,GF,
60,4,26,1:37.685,2,,23.916,0,45.408,2,28.361,0,211.1,57:31.729,19:27:31.729,0:23.916,0:45.408,0:28.361,317.2,AJ Allmendinger,,GTP,,Acura Meyer Shank Racing w/Curb Agajanian,Acura,GF,
60,4,27,1:39.407,0,,24.000,0,46.152,0,29.255,0,207.5,59:11.136,19:29:11.136,0:24.000,0:46.152,0:29.255,318.0,AJ Allmendinger,,GTP,,Acura Meyer Shank Racing w/Curb Agajanian,Acura,GF,
60,4,28,1:39.248,0,,23.875,0,45.950,0,29.423,0,207.8,1:00:50.384,19:30:50.384,0:23.875,0:45.950,0:29.423,315.7,AJ Allmendinger,,GTP,,Acura Meyer Shank Racing w/Curb Agajanian,Acura,GF,
60,4,29,4:52.106,0,B,24.092,0,45.745,0,3:42.269,0,70.6,1:05:42.490,19:35:42.490,0:24.092,0:45.745,3:42.269,,AJ Allmendinger,,GTP,,Acura Meyer Shank Racing w/Curb Agajanian,Acura,GF,
60,3,30,2:07.195,0,,50.620,0,47.761,0,28.814,0,162.2,1:07:49.685,19:37:49.685,0:50.620,0:47.761,0:28.814,316.5,Scott Dixon,0:03:46.062,GTP,,Acura Meyer Shank Racing w/Curb Agajanian,Acura,GF,
60,3,31,1:37.831,0,,23.877,1,45.642,0,28.312,0,210.8,1:09:27.516,19:39:27.516,0:23.877,0:45.642,0:28.312,318.0,Scott Dixon,,GTP,,Acura Meyer Shank Racing w/Curb Agajanian,Acura,GF,
60,3,32,1:38.765,0,,24.516,0,45.801,0,28.448,0,208.8,1:11:06.281,19:41:06.281,0:24.516,0:45.801,0:28.448,321.1,Scott Dixon,,GTP,,Acura Meyer Shank Racing w/Curb Agajanian,Acura,GF,
60,3,33,1:39.841,0,,24.562,0,46.427,0,28.852,0,206.6,1:12:46.122,19:42:46.122,0:24.562,0:46.427,0:28.852,317.2,Scott Dixon,,GTP,,Acura Meyer Shank Racing w/Curb Agajanian,Acura,GF,
60,3,34,1:39.390,0,,24.578,0,46.369,0,28.443,0,207.5,1:14:25.512,19:44:25.512,0:24.578,0:46.369,0:28.443,316.5,Scott Dixon,,GTP,,Acura Meyer Shank Racing w/Curb Agajanian,Acura,GF,
60,3,35,1:38.865,0,,24.143,0,45.845,0,28.877,0,208.6,1:16:04.377,19:46:04.377,0:24.143,0:45.845,0:28.877,318.0,Scott Dixon,,GTP,,Acura Meyer Shank Racing w/Curb Agajanian,Acura,GF,
60,3,36,1:38.441,0,,24.123,0,45.897,0,28.421,0,209.5,1:17:42.818,19:47:42.818,0:24.123,0:45.897,0:28.421,319.5,Scott Dixon,,GTP,,Acura Meyer Shank Racing w/Curb Agajanian,Acura,GF,
60,3,37,1:38.460,0,,24.183,0,46.024,0,28.253,0,209.5,1:19:21.278,19:49:21.278,0:24.183,0:46.024,0:28.253,319.5,Scott Dixon,,GTP,,Acura Meyer Shank Racing w/Curb Agajanian,Acura,GF,
60,3,38,1:38.076,0,,23.960,0,45.703,0,28.413,0,210.3,1:20:59.354,19:50:59.354,0:23.960,0:45.703,0:28.413,318.8,Scott Dixon,,GTP,,Acura Meyer Shank Racing w/Curb Agajanian,Acura,GF,
60,3,39,1:38.663,0,,24.237,0,45.796,0,28.630,0,209.0,1:22:38.017,19:52:38.017,0:24.237,0:45.796,0:28.630,318.8,Scott Dixon,,GTP,,Acura Meyer Shank Racing w/Curb Agajanian,Acura,GF,
60,3,40,1:38.353,0,,24.205,0,45.921,0,28.227,0,209.7,1:24:16.370,19:54:16.370,0:24.205,0:45.921,0:28.227,321.1,Scott Dixon,,GTP,,Acura Meyer Shank Racing w/Curb Agajanian,Acura,GF,
60,3,41,1:38.296,0,,24.300,0,45.859,0,28.137,0,209.8,1:25:54.666,19:55:54.666,0:24.300,0:45.859,0:28.137,318.8,Scott Dixon,,GTP,,Acura Meyer Shank Racing w/Curb Agajanian,Acura,GF,
60,3,42,1:38.352,0,,24.207,0,45.624,0,28.521,0,209.7,1:27:33.018,19:57:33.018,0:24.207,0:45.624,0:28.521,320.3,Scott Dixon,,GTP,,Acura Meyer Shank Racing w/Curb Agajanian,Acura,GF,
60,3,43,1:37.731,0,,24.242,0,45.497,1,27.992,3,211.0,1:29:10.749,19:59:10.749,0:24.242,0:45.497,0:27.992,322.7,Scott Dixon,,GTP,,Acura Meyer Shank Racing w/Curb Agajanian,Acura,GF,
60,3,44,5:01.811,0,B,26.080,0,45.805,0,3:49.926,0,68.3,1:34:12.560,20:04:12.560,0:26.080,0:45.805,3:49.926,,Scott Dixon,,GTP,,Acura Meyer Shank Racing w/Curb Agajanian,Acura,GF,
60,2,45,2:05.178,0,,48.233,0,47.953,0,28.992,0,164.8,1:36:17.738,20:06:17.738,0:48.233,0:47.953,0:28.992,318.0,Colin Braun,0:03:53.231,GTP,,Acura Meyer Shank Racing w/Curb Agajanian,Acura,GF,
60,2,46,1:38.094,0,,24.139,0,45.647,1,28.308,0,210.3,1:37:55.832,20:07:55.832,0:24.139,0:45.647,0:28.308,316.5,Colin Braun,,GTP,,Acura Meyer Shank Racing w/Curb Agajanian,Acura,GF,
60,2,47,1:39.005,0,,24.455,0,46.026,0,28.524,0,208.3,1:39:34.837,20:09:34.837,0:24.455,0:46.026,0:28.524,315.0,Colin Braun,,GTP,,Acura Meyer Shank Racing w/Curb Agajanian,Acura,GF,
60,2,48,1:38.457,0,,24.076,0,45.988,0,28.393,0,209.5,1:41:13.294,20:11:13.294,0:24.076,0:45.988,0:28.393,315.7,Colin Braun,,GTP,,Acura Meyer Shank Racing w/Curb Agajanian,Acura,GF,
60,2,49,1:38.270,0,,24.070,1,45.957,0,28.243,1,209.9,1:42:51.564,20:12:51.564,0:24.070,0:45.957,0:28.243,316.5,Colin Braun,,GTP,,Acura Meyer Shank Racing w/Curb Agajanian,Acura,GF,
60,2,50,1:38.297,0,,24.133,0,45.819,0,28.345,0,209.8,1:44:29.861,20:14:29.861,0:24.133,0:45.819,0:28.345,318.8,Colin Braun,,GTP,,Acura Meyer Shank Racing w/Curb Agajanian,Acura,GF,
60,2,51,1:39.383,0,,24.438,0,46.515,0,28.430,0,207.5,1:46:09.244,20:16:09.244,0:24.438,0:46.515,0:28.430,317.2,Colin Braun,,GTP,,Acura Meyer Shank Racing w/Curb Agajanian,Acura,GF,
60,2,52,1:40.036,0,,24.552,0,46.062,0,29.422,0,206.2,1:47:49.280,20:17:49.280,0:24.552,0:46.062,0:29.422,321.9,Colin Braun,,GTP,,Acura Meyer Shank Racing w/Curb Agajanian,Acura,GF,
60,2,53,1:40.221,0,,24.579,0,46.662,0,28.980,0,205.8,1:49:29.501,20:19:29.501,0:24.579,0:46.662,0:28.980,315.7,Colin Braun,,GTP,,Acura Meyer Shank Racing w/Curb Agajanian,Acura,GF,
60,2,54,2:30.555,0,B,24.292,0,46.073,0,1:20.190,0,137.0,1:52:00.056,20:22:00.056,0:24.292,0:46.073,1:20.190,,Colin Braun,,GTP,,Acura Meyer Shank Racing w/Curb Agajanian,Acura,GF,
60,3,55,2:26.368,0,B,48.112,0,46.944,0,51.312,0,140.9,1:54:26.424,20:24:26.424,0:48.112,0:46.944,0:51.312,,Scott Dixon,0:01:23.068,GTP,,Acura Meyer Shank Racing w/Curb Agajanian,Acura,GF,
62,1,1,11:57.149,0,,10:18.153,0,1:00.953,0,38.043,0,28.8,11:57.149,18:41:57.149,10:18.153,1:00.953,0:38.043,234.3,Daniel Serra,0:09:57.600,GTDPRO,,Risi Competizione,Ferrari,GF,
62,1,2,2:02.119,0,,30.485,0,57.425,0,34.209,0,168.9,13:59.268,18:43:59.268,0:30.485,0:57.425,0:34.209,266.5,Daniel Serra,,GTDPRO,,Risi Competizione,Ferrari,GF,
62,1,3,1:59.646,0,,27.822,0,57.149,0,34.675,0,172.4,15:58.914,18:45:58.914,0:27.822,0:57.149,0:34.675,270.9,Daniel Serra,,GTDPRO,,Risi Competizione,Ferrari,GF,
62,1,4,1:52.299,0,,27.824,0,51.750,0,32.725,0,183.7,17:51.213,18:47:51.213,0:27.824,0:51.750,0:32.725,270.9,Daniel Serra,,GTDPRO,,Risi Competizione,Ferrari,GF,
62,1,5,1:50.958,0,,27.321,0,50.933,0,32.704,0,185.9,19:42.171,18:49:42.171,0:27.321,0:50.933,0:32.704,269.2,Daniel Serra,,GTDPRO,,Risi Competizione,Ferrari,GF,
62,1,6,1:48.717,0,,25.598,0,50.597,0,32.522,2,189.7,21:30.888,18:51:30.888,0:25.598,0:50.597,0:32.522,269.2,Daniel Serra,,GTDPRO,,Risi Competizione,Ferrari,GF,
62,1,7,2:02.589,0,B,25.390,1,50.866,0,46.333,0,168.2,23:33.477,18:53:33.477,0:25.390,0:50.866,0:46.333,,Daniel Serra,,GTDPRO,,Risi Competizione,Ferrari,GF,
62,1,8,10:38.036,0,,9:13.426,0,51.861,0,32.749,0,32.3,34:11.513,19:04:11.513,9:13.426,0:51.861,0:32.749,271.4,Daniel Serra,0:09:08.596,GTDPRO,,Risi Competizione,Ferrari,GF,
62,1,9,1:48.814,0,,25.521,0,50.733,0,32.560,0,189.5,36:00.327,19:06:00.327,0:25.521,0:50.733,0:32.560,269.2,Daniel Serra,,GTDPRO,,Risi Competizione,Ferrari,GF,
62,1,10,1:48.764,0,,25.419,0,50.496,0,32.849,0,189.6,37:49.091,19:07:49.091,0:25.419,0:50.496,0:32.849,269.8,Daniel Serra,,GTDPRO,,Risi Competizione,Ferrari,GF,
62,1,11,1:48.693,2,,25.459,0,50.523,0,32.711,0,189.8,39:37.784,19:09:37.784,0:25.459,0:50.523,0:32.711,272.0,Daniel Serra,,GTDPRO,,Risi Competizione,Ferrari,GF,
62,1,12,1:48.857,0,,25.448,0,50.692,0,32.717,0,189.5,41:26.641,19:11:26.641,0:25.448,0:50.692,0:32.717,273.7,Daniel Serra,,GTDPRO,,Risi Competizione,Ferrari,GF,
62,1,13,1:48.860,0,,25.672,0,50.396,2,32.792,0,189.5,43:15.501,19:13:15.501,0:25.672,0:50.396,0:32.792,269.8,Daniel Serra,,GTDPRO,,Risi Competizione,Ferrari,GF,
62,1,14,2:01.825,0,B,25.463,0,50.510,0,45.852,0,169.3,45:17.326,19:15:17.326,0:25.463,0:50.510,0:45.852,,Daniel Serra,,GTDPRO,,Risi Competizione,Ferrari,GF,
62,3,15,4:25.713,0,,3:02.494,0,50.552,0,32.667,1,77.6,49:43.039,19:19:43.039,3:02.494,0:50.552,0:32.667,271.4,Alessandro Pier Guidi,0:02:59.759,GTDPRO,,Risi Competizione,Ferrari,GF,
62,3,16,1:49.148,0,,25.704,0,50.729,0,32.715,0,189.0,51:32.187,19:21:32.187,0:25.704,0:50.729,0:32.715,270.9,Alessandro Pier Guidi,,GTDPRO,,Risi Competizione,Ferrari,GF,
62,3,17,1:48.844,0,,25.476,0,50.550,1,32.818,0,189.5,53:21.031,19:23:21.031,0:25.476,0:50.550,0:32.818,270.9,Alessandro Pier Guidi,,GTDPRO,,Risi Competizione,Ferrari,GF,
62,3,18,2:03.889,0,B,25.759,0,50.679,0,47.451,0,166.5,55:24.920,19:25:24.920,0:25.759,0:50.679,0:47.451,,Alessandro Pier Guidi,,GTDPRO,,Risi Competizione,Ferrari,GF,
62,3,19,3:10.653,0,,1:43.197,0,53.819,0,33.637,0,108.2,58:35.573,19:28:35.573,1:43.197,0:53.819,0:33.637,270.3,Alessandro Pier Guidi,0:01:36.973,GTDPRO,,Risi Competizione,Ferrari,GF,
62,3,20,1:50.614,0,,26.606,0,50.816,0,33.192,0,186.5,1:00:26.187,19:30:26.187,0:26.606,0:50.816,0:33.192,274.3,Alessandro Pier Guidi,,GTDPRO,,Risi Competizione,Ferrari,GF,
62,3,21,1:49.234,0,,25.813,0,50.724,0,32.697,0,188.8,1:02:15.421,19:32:15.421,0:25.813,0:50.724,0:32.697,269.2,Alessandro Pier Guidi,,GTDPRO,,Risi Competizione,Ferrari,GF,
62,3,22,1:49.026,0,,25.202,0,51.029,0,32.795,0,189.2,1:04:04.447,19:34:04.447,0:25.202,0:51.029,0:32.795,268.7,Alessandro Pier Guidi,,GTDPRO,,Risi Competizione,Ferrari,GF,
62,3,23,2:07.746,0,B,25.119,2,57.349,0,45.278,0,161.5,1:06:12.193,19:36:12.193,0:25.119,0:57.349,0:45.278,,Alessandro Pier Guidi,,GTDPRO,,Risi Competizione,Ferrari,GF,
62,3,24,7:56.259,0,,6:31.255,0,52.176,0,32.828,0,43.3,1:14:08.452,19:44:08.452,6:31.255,0:52.176,0:32.828,269.2,Alessandro Pier Guidi,0:06:28.500,GTDPRO,,Risi Competizione,Ferrari,GF,
62,3,25,1:48.856,0,,25.338,0,50.767,0,32.751,0,189.5,1:15:57.308,19:45:57.308,0:25.338,0:50.767,0:32.751,270.3,Alessandro Pier Guidi,,GTDPRO,,Risi Competizione,Ferrari,GF,
62,3,26,1:50.387,0,,25.382,0,52.126,0,32.879,0,186.8,1:17:47.695,19:47:47.695,0:25.382,0:52.126,0:32.879,270.9,Alessandro Pier Guidi,,GTDPRO,,Risi Competizione,Ferrari,GF,
62,3,27,1:49.159,0,,25.316,0,50.758,0,33.085,0,188.9,1:19:36.854,19:49:36.854,0:25.316,0:50.758,0:33.085,268.7,Alessandro Pier Guidi,,GTDPRO,,Risi Competizione,Ferrari,GF,
62,3,28,2:05.150,0,B,26.277,0,51.310,0,47.563,0,164.8,1:21:42.004,19:51:42.004,0:26.277,0:51.310,0:47.563,,Alessandro Pier Guidi,,GTDPRO,,Risi Competizione,Ferrari,GF,
62,2,29,3:48.666,0,,2:24.584,0,51.134,0,32.948,0,90.2,1:25:30.670,19:55:30.670,2:24.584,0:51.134,0:32.948,272.0,Davide Rigon,0:02:21.205,GTDPRO,,Risi Competizione,Ferrari,GF,
62,2,30,1:49.580,0,,25.599,0,51.236,0,32.745,0,188.2,1:27:20.250,19:57:20.250,0:25.599,0:51.236,0:32.745,271.4,Davide Rigon,,GTDPRO,,Risi Competizione,Ferrari,GF,
62,2,31,1:49.533,0,,25.901,0,50.838,0,32.794,0,188.3,1:29:09.783,19:59:09.783,0:25.901,0:50.838,0:32.794,272.6,Davide Rigon,,GTDPRO,,Risi Competizione,Ferrari,GF,
62,2,32,1:50.487,0,,26.668,0,51.032,0,32.787,0,186.7,1:31:00.270,20:01:00.270,0:26.668,0:51.032,0:32.787,270.3,Davide Rigon,,GTDPRO,,Risi Competizione,Ferrari,GF,
62,2,33,1:48.889,0,,25.492,0,50.812,0,32.585,1,189.4,1:32:49.159,20:02:49.159,0:25.492,0:50.812,0:32.585,268.1,Davide Rigon,,GTDPRO,,Risi Competizione,Ferrari,GF,
62,2,34,1:48.829,0,,25.312,1,50.907,0,32.610,0,189.5,1:34:37.988,20:04:37.988,0:25.312,0:50.907,0:32.610,271.4,Davide Rigon,,GTDPRO,,Risi Competizione,Ferrari,GF,
62,2,35,2:03.212,0,B,25.797,0,50.652,1,46.763,0,167.4,1:36:41.200,20:06:41.200,0:25.797,0:50.652,0:46.763,,Davide Rigon,,GTDPRO,,Risi Competizione,Ferrari,GF,
62,2,36,3:13.711,0,,1:48.261,0,52.374,0,33.076,0,106.5,1:39:54.911,20:09:54.911,1:48.261,0:52.374,0:33.076,270.3,Davide Rigon,0:01:44.744,GTDPRO,,Risi Competizione,Ferrari,GF,
62,2,37,1:48.971,0,,25.340,0,50.877,0,32.754,0,189.3,1:41:43.882,20:11:43.882,0:25.340,0:50.877,0:32.754,270.3,Davide Rigon,,GTDPRO,,Risi Competizione,Ferrari,GF,
62,2,38,1:49.469,0,,25.439,0,51.152,0,32.878,0,188.4,1:43:33.351,20:13:33.351,0:25.439,0:51.152,0:32.878,274.3,Davide Rigon,,GTDPRO,,Risi Competizione,Ferrari,GF,
62,2,39,2:02.768,0,B,25.445,0,50.803,0,46.520,0,168.0,1:45:36.119,20:15:36.119,0:25.445,0:50.803,0:46.520,,Davide Rigon,,GTDPRO,,Risi Competizione,Ferrari,GF,
62,2,40,7:50.960,0,,6:24.633,0,53.488,0,32.839,0,43.8,1:53:27.079,20:23:27.079,6:24.633,0:53.488,0:32.839,273.1,Davide Rigon,0:06:20.219,GTDPRO,,Risi Competizione,Ferrari,GF,
62,2,41,1:49.347,0,,25.500,0,51.080,0,32.767,0,188.6,1:55:16.426,20:25:16.426,0:25.500,0:51.080,0:32.767,270.3,Davide Rigon,,GTDPRO,,Risi Competizione,Ferrari,GF,
62,2,42,1:49.108,0,,25.595,0,50.844,0,32.669,0,189.0,1:57:05.534,20:27:05.534,0:25.595,0:50.844,0:32.669,270.3,Davide Rigon,,GTDPRO,,Risi Competizione,Ferrari,GF,
62,2,43,2:02.759,0,B,25.652,0,50.839,0,46.268,0,168.0,1:59:08.293,20:29:08.293,0:25.652,0:50.839,0:46.268,,Davide Rigon,,GTDPRO,,Risi Competizione,Ferrari,GF,
64,2,1,2:40.478,0,,1:12.961,0,53.718,0,33.799,0,128.5,2:40.478,18:32:40.478,1:12.961,0:53.718,0:33.799,276.0,Dennis Olsen,0:00:53.955,GTDPRO,,Ford Racing,Ford,GF,
64,2,2,1:50.684,0,,27.326,0,50.808,0,32.550,0,186.3,4:31.162,18:34:31.162,0:27.326,0:50.808,0:32.550,274.8,Dennis Olsen,,GTDPRO,,Ford Racing,Ford,GF,
64,2,3,1:48.996,0,,26.039,0,50.456,0,32.501,0,189.2,6:20.158,18:36:20.158,0:26.039,0:50.456,0:32.501,274.3,Dennis Olsen,,GTDPRO,,Ford Racing,Ford,GF,
64,2,4,1:48.576,0,,26.006,0,50.215,2,32.355,0,190.0,8:08.734,18:38:08.734,0:26.006,0:50.215,0:32.355,273.7,Dennis Olsen,,GTDPRO,,Ford Racing,Ford,GF,
64,2,5,1:48.613,0,,25.723,1,50.383,0,32.507,0,189.9,9:57.347,18:39:57.347,0:25.723,0:50.383,0:32.507,274.8,Dennis Olsen,,GTDPRO,,Ford Racing,Ford,GF,
64,2,6,1:49.226,0,,26.027,0,50.693,0,32.506,0,188.8,11:46.573,18:41:46.573,0:26.027,0:50.693,0:32.506,274.3,Dennis Olsen,,GTDPRO,,Ford Racing,Ford,GF,
64,2,7,1:48.433,0,,25.864,0,50.241,0,32.328,1,190.2,13:35.006,18:43:35.006,0:25.864,0:50.241,0:32.328,274.8,Dennis Olsen,,GTDPRO,,Ford Racing,Ford,GF,
64,2,8,7:10.312,0,B,25.966,0,50.519,0,5:53.827,0,47.9,20:45.318,18:50:45.318,0:25.966,0:50.519,5:53.827,,Dennis Olsen,,GTDPRO,,Ford Racing,Ford,GF,
64,1,9,2:12.094,0,,47.938,0,51.713,0,32.443,0,156.1,22:57.412,18:52:57.412,0:47.938,0:51.713,0:32.443,274.8,Ben Barker,0:05:52.987,GTDPRO,,Ford Racing,Ford,GF,
64,1,10,1:49.565,0,,26.427,0,50.744,0,32.394,0,188.2,24:46.977,18:54:46.977,0:26.427,0:50.744,0:32.394,275.4,Ben Barker,,GTDPRO,,Ford Racing,Ford,GF,
64,1,11,1:49.982,0,,26.135,1,51.509,0,32.338,1,187.5,26:36.959,18:56:36.959,0:26.135,0:51.509,0:32.338,276.6,Ben Barker,,GTDPRO,,Ford Racing,Ford,GF,
64,1,12,1:49.295,0,,26.175,0,50.764,0,32.356,0,188.7,28:26.254,18:58:26.254,0:26.175,0:50.764,0:32.356,276.6,Ben Barker,,GTDPRO,,Ford Racing,Ford,GF,
64,1,13,1:50.138,0,,26.304,0,51.329,0,32.505,0,187.3,30:16.392,19:00:16.392,0:26.304,0:51.329,0:32.505,274.3,Ben Barker,,GTDPRO,,Ford Racing,Ford,GF,
64,1,14,1:49.246,0,,26.353,0,50.549,1,32.344,0,188.8,32:05.638,19:02:05.638,0:26.353,0:50.549,0:32.344,276.6,Ben Barker,,GTDPRO,,Ford Racing,Ford,GF,
64,1,15,4:30.824,0,B,26.361,0,50.669,0,3:13.794,0,76.2,36:36.462,19:06:36.462,0:26.361,0:50.669,3:13.794,,Ben Barker,,GTDPRO,,Ford Racing,Ford,GF,
64,3,16,2:20.384,0,,51.685,0,54.758,0,33.941,0,146.9,38:56.846,19:08:56.846,0:51.685,0:54.758,0:33.941,272.0,Mike Rockenfeller,0:03:14.554,GTDPRO,,Ford Racing,Ford,GF,
64,3,17,1:51.218,0,,26.653,0,51.608,0,32.957,0,185.5,40:48.064,19:10:48.064,0:26.653,0:51.608,0:32.957,274.8,Mike Rockenfeller,,GTDPRO,,Ford Racing,Ford,GF,
64,3,18,12:33.642,0,B,25.759,0,51.898,0,11:15.985,0,27.4,53:21.706,19:23:21.706,0:25.759,0:51.898,11:15.985,,Mike Rockenfeller,,GTDPRO,,Ford Racing,Ford,GF,
64,3,19,2:13.898,0,,48.805,0,51.929,0,33.164,0,154.0,55:35.604,19:25:35.604,0:48.805,0:51.929,0:33.164,272.6,Mike Rockenfeller,0:11:14.017,GTDPRO,,Ford Racing,Ford,GF,
64,3,20,1:49.404,0,,25.796,0,50.726,0,32.882,0,188.5,57:25.008,19:27:25.008,0:25.796,0:50.726,0:32.882,273.1,Mike Rockenfeller,,GTDPRO,,Ford Racing,Ford,GF,
64,3,21,1:49.064,0,,25.619,0,50.811,0,32.634,0,189.1,59:14.072,19:29:14.072,0:25.619,0:50.811,0:32.634,273.7,Mike Rockenfeller,,GTDPRO,,Ford Racing,Ford,GF,
64,3,22,1:48.312,2,,25.647,0,50.266,1,32.399,0,190.4,1:01:02.384,19:31:02.384,0:25.647,0:50.266,0:32.399,272.6,Mike Rockenfeller,,GTDPRO,,Ford Racing,Ford,GF,
64,3,23,1:49.031,0,,25.745,0,50.683,0,32.603,0,189.2,1:02:51.415,19:32:51.415,0:25.745,0:50.683,0:32.603,274.3,Mike Rockenfeller,,GTDPRO,,Ford Racing,Ford,GF,
64,3,24,1:49.198,0,,25.955,0,50.541,0,32.702,0,188.9,1:04:40.613,19:34:40.613,0:25.955,0:50.541,0:32.702,273.1,Mike Rockenfeller,,GTDPRO,,Ford Racing,Ford,GF,
64,3,25,7:48.776,0,B,25.540,2,51.873,0,6:31.363,0,44.0,1:12:29.389,19:42:29.389,0:25.540,0:51.873,6:31.363,,Mike Rockenfeller,,GTDPRO,,Ford Racing,Ford,GF,
64,3,26,2:14.050,0,,50.055,0,51.397,0,32.598,0,153.9,1:14:43.439,19:44:43.439,0:50.055,0:51.397,0:32.598,275.4,Mike Rockenfeller,0:06:30.918,GTDPRO,,Ford Racing,Ford,GF,
64,3,27,1:48.632,0,,25.930,0,50.293,0,32.409,0,189.9,1:16:32.071,19:46:32.071,0:25.930,0:50.293,0:32.409,275.4,Mike Rockenfeller,,GTDPRO,,Ford Racing,Ford,GF,
64,3,28,1:51.467,0,,25.668,0,53.057,0,32.742,0,185.0,1:18:23.538,19:48:23.538,0:25.668,0:53.057,0:32.742,276.6,Mike Rockenfeller,,GTDPRO,,Ford Racing,Ford,GF,
64,3,29,4:43.840,0,B,25.874,0,50.619,0,3:27.347,0,72.7,1:23:07.378,19:53:07.378,0:25.874,0:50.619,3:27.347,,Mike Rockenfeller,,GTDPRO,,Ford Racing,Ford,GF,
64,3,30,2:12.778,0,,48.196,0,51.471,0,33.111,0,155.3,1:25:20.156,19:55:20.156,0:48.196,0:51.471,0:33.111,274.8,Mike Rockenfeller,0:03:25.878,GTDPRO,,Ford Racing,Ford,GF,
64,3,31,1:48.867,0,,25.731,0,50.515,0,32.621,0,189.5,1:27:09.023,19:57:09.023,0:25.731,0:50.515,0:32.621,273.1,Mike Rockenfeller,,GTDPRO,,Ford Racing,Ford,GF,
64,3,32,1:48.678,0,,25.654,0,50.609,0,32.415,0,189.8,1:28:57.701,19:58:57.701,0:25.654,0:50.609,0:32.415,273.7,Mike Rockenfeller,,GTDPRO,,Ford Racing,Ford,GF,
64,3,33,7:16.097,0,B,26.152,0,50.722,0,5:59.223,0,47.3,1:36:13.798,20:06:13.798,0:26.152,0:50.722,5:59.223,,Mike Rockenfeller,,GTDPRO,,Ford Racing,Ford,GF,
64,3,34,2:11.728,0,,48.204,0,50.896,0,32.628,0,156.6,1:38:25.526,20:08:25.526,0:48.204,0:50.896,0:32.628,276.0,Mike Rockenfeller,0:05:58.521,GTDPRO,,Ford Racing,Ford,GF,
64,3,35,1:48.612,0,,25.770,0,50.388,0,32.454,0,189.9,1:40:14.138,20:10:14.138,0:25.770,0:50.388,0:32.454,276.6,Mike Rockenfeller,,GTDPRO,,Ford Racing,Ford,GF,
64,3,36,1:48.879,0,,25.692,0,50.763,0,32.424,0,189.4,1:42:03.017,20:12:03.017,0:25.692,0:50.763,0:32.424,278.3,Mike Rockenfeller,,GTDPRO,,Ford Racing,Ford,GF,
64,3,37,1:48.857,0,,25.806,0,50.631,0,32.420,0,189.5,1:43:51.874,20:13:51.874,0:25.806,0:50.631,0:32.420,275.4,Mike Rockenfeller,,GTDPRO,,Ford Racing,Ford,GF,
64,3,38,6:08.175,0,B,25.680,0,50.560,0,4:51.935,0,56.0,1:50:00.049,20:20:00.049,0:25.680,0:50.560,4:51.935,,Mike Rockenfeller,,GTDPRO,,Ford Racing,Ford,GF,
64,3,39,2:16.258,0,,49.710,0,54.042,0,32.506,0,151.4,1:52:16.307,20:22:16.307,0:49.710,0:54.042,0:32.506,277.2,Mike Rockenfeller,0:04:51.423,GTDPRO,,Ford Racing,Ford,GF,
64,3,40,1:48.457,0,,25.778,0,50.521,0,32.158,0,190.2,1:54:04.764,20:24:04.764,0:25.778,0:50.521,0:32.158,276.0,Mike Rockenfeller,,GTDPRO,,Ford Racing,Ford,GF,
64,3,41,1:48.333,0,,25.778,0,50.378,0,32.177,0,190.4,1:55:53.097,20:25:53.097,0:25.778,0:50.378,0:32.177,277.7,Mike Rockenfeller,,GTDPRO,,Ford Racing,Ford,GF,
64,3,42,1:54.854,0,,27.268,0,54.479,0,33.107,0,179.6,1:57:47.951,20:27:47.951,0:27.268,0:54.479,0:33.107,277.2,Mike Rockenfeller,,GTDPRO,,Ford Racing,Ford,GF,
64,3,43,1:48.651,0,,26.002,0,50.392,0,32.257,0,189.8,1:59:36.602,20:29:36.602,0:26.002,0:50.392,0:32.257,277.2,Mike Rockenfeller,,GTDPRO,,Ford Racing,Ford,GF,
64,3,44,1:48.871,0,,25.875,0,50.839,0,32.157,2,189.4,2:01:25.473,20:31:25.473,0:25.875,0:50.839,0:32.157,277.7,Mike Rockenfeller,,GTDPRO,,Ford Racing,Ford,FF,
65,2,1,2:41.266,0,,1:13.872,0,53.758,0,33.636,0,127.9,2:41.266,18:32:41.266,1:13.872,0:53.758,0:33.636,272.6,Frederic Vervisch,0:00:55.415,GTDPRO,,Ford Racing,Ford,GF,
65,2,2,1:55.610,0,,29.472,0,53.329,0,32.809,0,178.4,4:36.876,18:34:36.876,0:29.472,0:53.329,0:32.809,278.3,Frederic Vervisch,,GTDPRO,,Ford Racing,Ford,GF,
65,2,3,1:49.252,0,,25.867,0,50.906,0,32.479,0,188.8,6:26.128,18:36:26.128,0:25.867,0:50.906,0:32.479,280.1,Frederic Vervisch,,GTDPRO,,Ford Racing,Ford,GF,
65,2,4,1:49.660,0,,26.209,0,51.014,0,32.437,0,188.1,8:15.788,18:38:15.788,0:26.209,0:51.014,0:32.437,278.3,Frederic Vervisch,,GTDPRO,,Ford Racing,Ford,GF,
65,2,5,1:48.896,0,,25.707,0,50.726,0,32.463,0,189.4,10:04.684,18:40:04.684,0:25.707,0:50.726,0:32.463,277.2,Frederic Vervisch,,GTDPRO,,Ford Racing,Ford,GF,
65,2,6,1:49.250,0,,26.109,0,50.587,0,32.554,0,188.8,11:53.934,18:41:53.934,0:26.109,0:50.587,0:32.554,277.2,Frederic Vervisch,,GTDPRO,,Ford Racing,Ford,GF,
65,2,7,1:49.476,0,,25.855,0,50.770,0,32.851,0,188.4,13:43.410,18:43:43.410,0:25.855,0:50.770,0:32.851,278.9,Frederic Vervisch,,GTDPRO,,Ford Racing,Ford,GF,
65,2,8,6:02.935,0,B,25.908,0,50.420,1,4:46.607,0,56.8,19:46.345,18:49:46.345,0:25.908,0:50.420,4:46.607,,Frederic Vervisch,,GTDPRO,,Ford Racing,Ford,GF,
65,2,9,2:11.169,0,,47.791,0,50.703,0,32.675,0,157.2,21:57.514,18:51:57.514,0:47.791,0:50.703,0:32.675,276.0,Frederic Vervisch,0:04:46.356,GTDPRO,,Ford Racing,Ford,GF,
65,2,10,1:48.871,0,,25.772,0,50.818,0,32.281,0,189.4,23:46.385,18:53:46.385,0:25.772,0:50.818,0:32.281,277.7,Frederic Vervisch,,GTDPRO,,Ford Racing,Ford,GF,
65,2,11,1:48.603,0,,25.901,0,50.496,0,32.206,0,189.9,25:34.988,18:55:34.988,0:25.901,0:50.496,0:32.206,277.7,Frederic Vervisch,,GTDPRO,,Ford Racing,Ford,GF,
65,2,12,1:49.398,0,,26.444,0,50.769,0,32.185,0,188.5,27:24.386,18:57:24.386,0:26.444,0:50.769,0:32.185,277.7,Frederic Vervisch,,GTDPRO,,Ford Racing,Ford,GF,
65,2,13,1:49.000,0,,26.199,0,50.673,0,32.128,1,189.2,29:13.386,18:59:13.386,0:26.199,0:50.673,0:32.128,278.9,Frederic Vervisch,,GTDPRO,,Ford Racing,Ford,GF,
65,2,14,7:45.333,0,B,25.772,0,50.550,0,6:29.011,0,44.3,36:58.719,19:06:58.719,0:25.772,0:50.550,6:29.011,,Frederic Vervisch,,GTDPRO,,Ford Racing,Ford,GF,
65,2,15,2:15.582,0,,49.611,0,52.736,0,33.235,0,152.1,39:14.301,19:09:14.301,0:49.611,0:52.736,0:33.235,276.0,Frederic Vervisch,0:06:23.917,GTDPRO,,Ford Racing,Ford,GF,
65,2,16,1:53.715,0,,26.534,0,54.328,0,32.853,0,181.4,41:08.016,19:11:08.016,0:26.534,0:54.328,0:32.853,273.7,Frederic Vervisch,,GTDPRO,,Ford Racing,Ford,GF,
65,2,17,1:50.100,0,,26.267,0,51.079,0,32.754,0,187.3,42:58.116,19:12:58.116,0:26.267,0:51.079,0:32.754,274.8,Frederic Vervisch,,GTDPRO,,Ford Racing,Ford,GF,
65,2,18,1:49.612,0,,26.101,0,50.958,0,32.553,0,188.2,44:47.728,19:14:47.728,0:26.101,0:50.958,0:32.553,274.8,Frederic Vervisch,,GTDPRO,,Ford Racing,Ford,GF,
65,2,19,1:49.161,0,,25.963,0,50.718,0,32.480,0,188.9,46:36.889,19:16:36.889,0:25.963,0:50.718,0:32.480,274.3,Frederic Vervisch,,GTDPRO,,Ford Racing,Ford,GF,
65,2,20,1:48.685,0,,25.659,0,50.709,0,32.317,0,189.8,48:25.574,19:18:25.574,0:25.659,0:50.709,0:32.317,274.8,Frederic Vervisch,,GTDPRO,,Ford Racing,Ford,GF,
65,2,21,1:48.508,0,,25.629,2,50.587,0,32.292,0,190.1,50:14.082,19:20:14.082,0:25.629,0:50.587,0:32.292,276.6,Frederic Vervisch,,GTDPRO,,Ford Racing,Ford,GF,
65,2,22,6:56.010,0,B,25.714,0,50.445,0,5:39.851,0,49.6,57:10.092,19:27:10.092,0:25.714,0:50.445,5:39.851,,Frederic Vervisch,,GTDPRO,,Ford Racing,Ford,GF,
65,2,23,2:12.121,0,,47.940,0,51.487,0,32.694,0,156.1,59:22.213,19:29:22.213,0:47.940,0:51.487,0:32.694,275.4,Frederic Vervisch,0:05:39.490,GTDPRO,,Ford Racing,Ford,GF,
65,2,24,1:50.923,0,,25.874,0,52.330,0,32.719,0,185.9,1:01:13.136,19:31:13.136,0:25.874,0:52.330,0:32.719,278.3,Frederic Vervisch,,GTDPRO,,Ford Racing,Ford,GF,
65,2,25,1:48.607,0,,25.692,0,50.426,0,32.489,0,189.9,1:03:01.743,19:33:01.743,0:25.692,0:50.426,0:32.489,276.6,Frederic Vervisch,,GTDPRO,,Ford Racing,Ford,GF,
65,2,26,1:53.314,0,,29.598,0,51.204,0,32.512,0,182.0,1:04:55.057,19:34:55.057,0:29.598,0:51.204,0:32.512,276.0,Frederic Vervisch,,GTDPRO,,Ford Racing,Ford,GF,
65,2,27,1:48.460,0,,25.747,0,50.538,0,32.175,0,190.2,1:06:43.517,19:36:43.517,0:25.747,0:50.538,0:32.175,276.6,Frederic Vervisch,,GTDPRO,,Ford Racing,Ford,GF,
65,2,28,5:43.093,0,B,25.685,0,50.558,0,4:26.850,0,60.1,1:12:26.610,19:42:26.610,0:25.685,0:50.558,4:26.850,,Frederic Vervisch,,GTDPRO,,Ford Racing,Ford,GF,
65,3,29,2:11.937,0,,48.406,0,50.784,0,32.747,0,156.3,1:14:38.547,19:44:38.547,0:48.406,0:50.784,0:32.747,275.4,Sebastian Priaulx,0:04:27.555,GTDPRO,,Ford Racing,Ford,GF,
65,3,30,1:48.753,0,,25.808,0,50.527,0,32.418,0,189.7,1:16:27.300,19:46:27.300,0:25.808,0:50.527,0:32.418,276.0,Sebastian Priaulx,,GTDPRO,,Ford Racing,Ford,GF,
65,3,31,1:48.573,0,,25.904,0,50.377,0,32.292,0,190.0,1:18:15.873,19:48:15.873,0:25.904,0:50.377,0:32.292,276.0,Sebastian Priaulx,,GTDPRO,,Ford Racing,Ford,GF,
65,3,32,1:48.188,2,,25.725,0,50.235,0,32.228,1,190.6,1:20:04.061,19:50:04.061,0:25.725,0:50.235,0:32.228,278.9,Sebastian Priaulx,,GTDPRO,,Ford Racing,Ford,GF,
65,3,33,1:48.432,0,,25.692,0,50.385,0,32.355,0,190.2,1:21:52.493,19:51:52.493,0:25.692,0:50.385,0:32.355,277.2,Sebastian Priaulx,,GTDPRO,,Ford Racing,Ford,GF,
65,3,34,7:31.896,0,B,25.984,0,50.486,0,6:15.426,0,45.6,1:29:24.389,19:59:24.389,0:25.984,0:50.486,6:15.426,,Sebastian Priaulx,,GTDPRO,,Ford Racing,Ford,GF,
65,3,35,2:11.053,0,,47.951,0,50.690,0,32.412,0,157.4,1:31:35.442,20:01:35.442,0:47.951,0:50.690,0:32.412,276.6,Sebastian Priaulx,0:06:15.632,GTDPRO,,Ford Racing,Ford,GF,
65,3,36,1:48.598,0,,25.806,0,50.497,0,32.295,0,189.9,1:33:24.040,20:03:24.040,0:25.806,0:50.497,0:32.295,276.0,Sebastian Priaulx,,GTDPRO,,Ford Racing,Ford,GF,
65,3,37,1:48.340,0,,25.792,0,50.180,2,32.368,0,190.4,1:35:12.380,20:05:12.380,0:25.792,0:50.180,0:32.368,277.7,Sebastian Priaulx,,GTDPRO,,Ford Racing,Ford,GF,
65,3,38,1:48.338,0,,25.682,1,50.370,0,32.286,0,190.4,1:37:00.718,20:07:00.718,0:25.682,0:50.370,0:32.286,278.3,Sebastian Priaulx,,GTDPRO,,Ford Racing,Ford,GF,
65,3,39,1:48.880,0,,26.030,0,50.523,0,32.327,0,189.4,1:38:49.598,20:08:49.598,0:26.030,0:50.523,0:32.327,276.6,Sebastian Priaulx,,GTDPRO,,Ford Racing,Ford,GF,
65,3,40,4:48.935,0,B,25.758,0,50.447,0,3:32.730,0,71.4,1:43:38.533,20:13:38.533,0:25.758,0:50.447,3:32.730,,Sebastian Priaulx,,GTDPRO,,Ford Racing,Ford,GF,
65,1,41,2:14.829,0,,48.982,0,51.661,0,34.186,0,153.0,1:45:53.362,20:15:53.362,0:48.982,0:51.661,0:34.186,276.0,Christopher Mies,0:03:32.578,GTDPRO,,Ford Racing,Ford,GF,
65,1,42,1:49.844,0,,26.005,0,51.429,0,32.410,0,187.8,1:47:43.206,20:17:43.206,0:26.005,0:51.429,0:32.410,276.6,Christopher Mies,,GTDPRO,,Ford Racing,Ford,GF,
65,1,43,1:48.997,0,,26.138,0,50.563,0,32.296,0,189.2,1:49:32.203,20:19:32.203,0:26.138,0:50.563,0:32.296,278.3,Christopher Mies,,GTDPRO,,Ford Racing,Ford,GF,
65,1,44,1:48.805,0,,25.958,0,50.595,0,32.252,0,189.6,1:51:21.008,20:21:21.008,0:25.958,0:50.595,0:32.252,277.2,Christopher Mies,,GTDPRO,,Ford Racing,Ford,GF,
65,1,45,1:48.438,0,,25.853,1,50.506,1,32.079,2,190.2,1:53:09.446,20:23:09.446,0:25.853,0:50.506,0:32.079,278.3,Christopher Mies,,GTDPRO,,Ford Racing,Ford,GF,
65,1,46,1:51.439,0,,26.372,0,51.580,0,33.487,0,185.1,1:55:00.885,20:25:00.885,0:26.372,0:51.580,0:33.487,277.2,Christopher Mies,,GTDPRO,,Ford Racing,Ford,GF,
65,1,47,1:49.415,0,,26.062,0,50.683,0,32.670,0,188.5,1:56:50.300,20:26:50.300,0:26.062,0:50.683,0:32.670,276.0,Christopher Mies,,GTDPRO,,Ford Racing,Ford,GF,
65,1,48,1:49.363,0,,26.187,0,50.811,0,32.365,0,188.6,1:58:39.663,20:28:39.663,0:26.187,0:50.811,0:32.365,276.0,Christopher Mies,,GTDPRO,,Ford Racing,Ford,GF,
66,2,1,2:25.983,0,,55.787,0,56.353,0,33.843,0,141.3,2:25.983,18:32:25.983,0:55.787,0:56.353,0:33.843,272.6,Corey Lewis,0:00:35.550,GTD,,Gradient Racing,Ford,GF,
66,2,2,1:50.055,0,,26.378,0,50.959,0,32.718,0,187.4,4:16.038,18:34:16.038,0:26.378,0:50.959,0:32.718,273.7,Corey Lewis,,GTD,,Gradient Racing,Ford,GF,
66,2,3,1:50.537,0,,26.038,0,51.845,0,32.654,0,186.6,6:06.575,18:36:06.575,0:26.038,0:51.845,0:32.654,274.8,Corey Lewis,,GTD,,Gradient Racing,Ford,GF,
66,2,4,1:48.483,0,,25.699,0,50.490,0,32.294,0,190.1,7:55.058,18:37:55.058,0:25.699,0:50.490,0:32.294,274.8,Corey Lewis,,GTD,,Gradient Racing,Ford,GF,
66,2,5,1:48.414,0,,25.676,1,50.460,0,32.278,1,190.2,9:43.472,18:39:43.472,0:25.676,0:50.460,0:32.278,275.4,Corey Lewis,,GTD,,Gradient Racing,Ford,GF,
66,2,6,2:02.007,0,B,25.968,0,50.424,1,45.615,0,169.1,11:45.479,18:41:45.479,0:25.968,0:50.424,0:45.615,,Corey Lewis,,GTD,,Gradient Racing,Ford,GF,
66,2,7,6:43.509,0,,5:19.201,0,51.622,0,32.686,0,51.1,18:28.988,18:48:28.988,5:19.201,0:51.622,0:32.686,272.6,Corey Lewis,0:05:15.914,GTD,,Gradient Racing,Ford,GF,
66,2,8,1:49.042,0,,25.882,0,50.551,0,32.609,0,189.2,20:18.030,18:50:18.030,0:25.882,0:50.551,0:32.609,271.4,Corey Lewis,,GTD,,Gradient Racing,Ford,GF,
66,2,9,1:48.867,0,,25.687,0,50.578,0,32.602,0,189.5,22:06.897,18:52:06.897,0:25.687,0:50.578,0:32.602,271.4,Corey Lewis,,GTD,,Gradient Racing,Ford,GF,
66,2,10,2:01.222,0,B,25.690,0,50.621,0,44.911,0,170.1,24:08.119,18:54:08.119,0:25.690,0:50.621,0:44.911,,Corey Lewis,,GTD,,Gradient Racing,Ford,GF,
66,2,11,3:21.282,0,,1:58.026,0,50.712,0,32.544,0,102.5,27:29.401,18:57:29.401,1:58.026,0:50.712,0:32.544,275.4,Corey Lewis,0:01:55.535,GTD,,Gradient Racing,Ford,GF,
66,2,12,2:02.182,0,B,25.825,0,50.798,0,45.559,0,168.8,29:31.583,18:59:31.583,0:25.825,0:50.798,0:45.559,,Corey Lewis,,GTD,,Gradient Racing,Ford,GF,
66,2,13,2:47.712,0,,1:22.975,0,51.392,0,33.345,0,123.0,32:19.295,19:02:19.295,1:22.975,0:51.392,0:33.345,278.9,Corey Lewis,0:01:20.306,GTD,,Gradient Racing,Ford,GF,
66,2,14,2:02.866,0,B,26.595,0,50.614,0,45.657,0,167.9,34:22.161,19:04:22.161,0:26.595,0:50.614,0:45.657,,Corey Lewis,,GTD,,Gradient Racing,Ford,GF,
66,2,15,3:19.597,0,,1:56.012,0,51.299,0,32.286,0,103.3,37:41.758,19:07:41.758,1:56.012,0:51.299,0:32.286,276.0,Corey Lewis,0:01:52.397,GTD,,Gradient Racing,Ford,GF,
66,2,16,2:02.498,0,B,25.878,0,50.739,0,45.881,0,168.4,39:44.256,19:09:44.256,0:25.878,0:50.739,0:45.881,,Corey Lewis,,GTD,,Gradient Racing,Ford,GF,
66,4,17,4:04.797,0,,2:40.583,0,51.131,0,33.083,0,84.3,43:49.053,19:13:49.053,2:40.583,0:51.131,0:33.083,274.3,Jake Walker,0:02:36.639,GTD,,Gradient Racing,Ford,GF,
66,4,18,1:50.488,0,,26.297,0,51.396,0,32.795,0,186.7,45:39.541,19:15:39.541,0:26.297,0:51.396,0:32.795,273.7,Jake Walker,,GTD,,Gradient Racing,Ford,GF,
66,4,19,1:49.579,0,,26.137,0,51.047,0,32.395,0,188.2,47:29.120,19:17:29.120,0:26.137,0:51.047,0:32.395,273.7,Jake Walker,,GTD,,Gradient Racing,Ford,GF,
66,4,20,1:51.490,0,,26.586,0,52.406,0,32.498,0,185.0,49:20.610,19:19:20.610,0:26.586,0:52.406,0:32.498,274.8,Jake Walker,,GTD,,Gradient Racing,Ford,GF,
66,4,21,1:49.478,0,,26.000,0,50.905,0,32.573,0,188.4,51:10.088,19:21:10.088,0:26.000,0:50.905,0:32.573,273.1,Jake Walker,,GTD,,Gradient Racing,Ford,GF,
66,4,22,1:49.816,0,,26.166,0,51.077,0,32.573,0,187.8,52:59.904,19:22:59.904,0:26.166,0:51.077,0:32.573,273.7,Jake Walker,,GTD,,Gradient Racing,Ford,GF,
66,4,23,2:03.779,0,B,26.171,0,51.008,0,46.600,0,166.6,55:03.683,19:25:03.683,0:26.171,0:51.008,0:46.600,,Jake Walker,,GTD,,Gradient Racing,Ford,GF,
66,4,24,4:22.229,0,,2:50.563,0,57.547,0,34.119,0,78.7,59:25.912,19:29:25.912,2:50.563,0:57.547,0:34.119,269.2,Jake Walker,0:02:44.438,GTD,,Gradient Racing,Ford,GF,
66,4,25,1:54.293,0,,28.297,0,52.581,0,33.415,0,180.5,1:01:20.205,19:31:20.205,0:28.297,0:52.581,0:33.415,270.3,Jake Walker,,GTD,,Gradient Racing,Ford,GF,
66,4,26,1:48.982,0,,25.765,0,50.566,0,32.651,0,189.3,1:03:09.187,19:33:09.187,0:25.765,0:50.566,0:32.651,272.6,Jake Walker,,GTD,,Gradient Racing,Ford,GF,
66,4,27,1:48.472,0,,25.481,0,50.504,0,32.487,0,190.1,1:04:57.659,19:34:57.659,0:25.481,0:50.504,0:32.487,273.7,Jake Walker,,GTD,,Gradient Racing,Ford,GF,
66,4,28,1:48.350,0,,25.608,0,50.533,0,32.209,2,190.4,1:06:46.009,19:36:46.009,0:25.608,0:50.533,0:32.209,274.8,Jake Walker,,GTD,,Gradient Racing,Ford,GF,
66,4,29,1:48.346,0,,25.537,0,50.423,0,32.386,0,190.4,1:08:34.355,19:38:34.355,0:25.537,0:50.423,0:32.386,274.3,Jake Walker,,GTD,,Gradient Racing,Ford,GF,
66,4,30,1:48.332,0,,25.465,2,50.441,0,32.426,0,190.4,1:10:22.687,19:40:22.687,0:25.465,0:50.441,0:32.426,274.3,Jake Walker,,GTD,,Gradient Racing,Ford,GF,
66,4,31,1:48.237,2,,25.577,0,50.381,2,32.279,0,190.6,1:12:10.924,19:42:10.924,0:25.577,0:50.381,0:32.279,274.3,Jake Walker,,GTD,,Gradient Racing,Ford,GF,
66,4,32,2:03.626,0,B,25.718,0,50.949,0,46.959,0,166.8,1:14:14.550,19:44:14.550,0:25.718,0:50.949,0:46.959,,Jake Walker,,GTD,,Gradient Racing,Ford,GF,
66,4,33,4:59.660,0,,3:35.053,0,51.834,0,32.773,0,68.8,1:19:14.210,19:49:14.210,3:35.053,0:51.834,0:32.773,272.6,Jake Walker,0:03:31.186,GTD,,Gradient Racing,Ford,GF,
66,4,34,1:50.155,0,,25.748,0,51.371,0,33.036,0,187.2,1:21:04.365,19:51:04.365,0:25.748,0:51.371,0:33.036,272.6,Jake Walker,,GTD,,Gradient Racing,Ford,GF,
66,4,35,1:49.120,0,,25.787,0,50.726,0,32.607,0,189.0,1:22:53.485,19:52:53.485,0:25.787,0:50.726,0:32.607,272.6,Jake Walker,,GTD,,Gradient Racing,Ford,GF,
66,4,36,1:48.882,0,,25.672,0,50.745,0,32.465,0,189.4,1:24:42.367,19:54:42.367,0:25.672,0:50.745,0:32.465,273.7,Jake Walker,,GTD,,Gradient Racing,Ford,GF,
66,4,37,2:04.803,0,B,25.830,0,51.541,0,47.432,0,165.3,1:26:47.170,19:56:47.170,0:25.830,0:51.541,0:47.432,,Jake Walker,,GTD,,Gradient Racing,Ford,GF,
66,4,38,2:51.868,0,,1:27.532,0,51.585,0,32.751,0,120.0,1:29:39.038,19:59:39.038,1:27.532,0:51.585,0:32.751,273.7,Jake Walker,0:01:24.195,GTD,,Gradient Racing,Ford,GF,
66,4,39,1:48.939,0,,25.806,0,50.719,0,32.414,0,189.3,1:31:27.977,20:01:27.977,0:25.806,0:50.719,0:32.414,272.6,Jake Walker,,GTD,,Gradient Racing,Ford,GF,
66,4,40,1:48.862,0,,25.837,0,50.667,0,32.358,0,189.5,1:33:16.839,20:03:16.839,0:25.837,0:50.667,0:32.358,273.7,Jake Walker,,GTD,,Gradient Racing,Ford,GF,
66,4,41,2:04.981,0,B,25.755,0,51.408,0,47.818,0,165.0,1:35:21.820,20:05:21.820,0:25.755,0:51.408,0:47.818,,Jake Walker,,GTD,,Gradient Racing,Ford,GF,
66,3,42,3:09.400,0,,1:43.799,0,52.569,0,33.032,0,108.9,1:38:31.220,20:08:31.220,1:43.799,0:52.569,0:33.032,272.0,Till Bechtolsheimer,0:01:39.910,GTD,,Gradient Racing,Ford,GF,
66,3,43,1:50.305,0,,26.167,0,51.441,0,32.697,0,187.0,1:40:21.525,20:10:21.525,0:26.167,0:51.441,0:32.697,271.4,Till Bechtolsheimer,,GTD,,Gradient Racing,Ford,GF,
66,3,44,1:49.496,0,,26.014,0,50.840,0,32.642,0,188.4,1:42:11.021,20:12:11.021,0:26.014,0:50.840,0:32.642,271.4,Till Bechtolsheimer,,GTD,,Gradient Racing,Ford,GF,
66,3,45,1:49.439,0,,25.962,1,50.893,0,32.584,0,188.5,1:44:00.460,20:14:00.460,0:25.962,0:50.893,0:32.584,272.0,Till Bechtolsheimer,,GTD,,Gradient Racing,Ford,GF,
66,3,46,1:49.208,0,,26.047,0,50.742,1,32.419,0,188.9,1:45:49.668,20:15:49.668,0:26.047,0:50.742,0:32.419,272.6,Till Bechtolsheimer,,GTD,,Gradient Racing,Ford,GF,
66,3,47,1:49.631,0,,26.149,0,50.950,0,32.532,0,188.1,1:47:39.299,20:17:39.299,0:26.149,0:50.950,0:32.532,272.0,Till Bechtolsheimer,,GTD,,Gradient Racing,Ford,GF,
66,3,48,1:50.129,0,,26.714,0,50.973,0,32.442,0,187.3,1:49:29.428,20:19:29.428,0:26.714,0:50.973,0:32.442,272.0,Till Bechtolsheimer,,GTD,,Gradient Racing,Ford,GF,
66,3,49,1:49.904,0,,26.553,0,50.953,0,32.398,0,187.7,1:51:19.332,20:21:19.332,0:26.553,0:50.953,0:32.398,275.4,Till Bechtolsheimer,,GTD,,Gradient Racing,Ford,GF,
66,3,50,1:49.663,0,,26.415,0,50.793,0,32.455,0,188.1,1:53:08.995,20:23:08.995,0:26.415,0:50.793,0:32.455,272.6,Till Bechtolsheimer,,GTD,,Gradient Racing,Ford,GF,
66,3,51,1:49.715,0,,26.255,0,51.136,0,32.324,1,188.0,1:54:58.710,20:24:58.710,0:26.255,0:51.136,0:32.324,277.7,Till Bechtolsheimer,,GTD,,Gradient Racing,Ford,GF,
66,3,52,2:03.356,0,B,26.338,0,50.814,0,46.204,0,167.2,1:57:02.066,20:27:02.066,0:26.338,0:50.814,0:46.204,,Till Bechtolsheimer,,GTD,,Gradient Racing,Ford,GF,
66,3,53,2:28.646,0,,1:05.165,0,50.776,0,32.705,0,138.8,1:59:30.712,20:29:30.712,1:05.165,0:50.776,0:32.705,272.6,Till Bechtolsheimer,0:01:02.038,GTD,,Gradient Racing,Ford,GF,
66,3,54,2:03.440,0,B,26.644,0,50.908,0,45.888,0,167.1,2:01:34.152,20:31:34.152,0:26.644,0:50.908,0:45.888,,Till Bechtolsheimer,,GTD,,Gradient Racing,Ford,FF,
69,3,1,2:40.811,0,,1:12.131,0,55.086,0,33.594,0,128.3,2:40.811,18:32:40.811,1:12.131,0:55.086,0:33.594,275.4,Fabian Schiller,0:00:52.510,GTDPRO,,GetSpeed,Mercedes-AMG,GF,
69,3,2,1:54.990,0,,28.257,0,52.773,0,33.960,0,179.4,4:35.801,18:34:35.801,0:28.257,0:52.773,0:33.960,274.8,Fabian Schiller,,GTDPRO,,GetSpeed,Mercedes-AMG,GF,
69,3,3,1:49.001,0,,25.940,0,50.455,0,32.606,0,189.2,6:24.802,18:36:24.802,0:25.940,0:50.455,0:32.606,275.4,Fabian Schiller,,GTDPRO,,GetSpeed,Mercedes-AMG,GF,
69,3,4,1:48.537,0,,25.807,0,50.349,0,32.381,0,190.0,8:13.339,18:38:13.339,0:25.807,0:50.349,0:32.381,273.7,Fabian Schiller,,GTDPRO,,GetSpeed,Mercedes-AMG,GF,
69,3,5,3:36.062,0,B,25.505,0,50.271,0,2:20.286,0,95.5,11:49.401,18:41:49.401,0:25.505,0:50.271,2:20.286,,Fabian Schiller,,GTDPRO,,GetSpeed,Mercedes-AMG,GF,
69,3,6,2:17.458,0,,50.815,0,53.493,0,33.150,0,150.0,14:06.859,18:44:06.859,0:50.815,0:53.493,0:33.150,272.6,Fabian Schiller,0:02:21.271,GTDPRO,,GetSpeed,Mercedes-AMG,GF,
69,3,7,1:48.200,0,,25.457,0,50.533,0,32.210,0,190.6,15:55.059,18:45:55.059,0:25.457,0:50.533,0:32.210,277.2,Fabian Schiller,,GTDPRO,,GetSpeed,Mercedes-AMG,GF,
69,3,8,1:47.982,0,,25.433,2,50.379,0,32.170,1,191.0,17:43.041,18:47:43.041,0:25.433,0:50.379,0:32.170,273.1,Fabian Schiller,,GTDPRO,,GetSpeed,Mercedes-AMG,GF,
69,3,9,1:49.503,0,,25.839,0,51.235,0,32.429,0,188.4,19:32.544,18:49:32.544,0:25.839,0:51.235,0:32.429,273.7,Fabian Schiller,,GTDPRO,,GetSpeed,Mercedes-AMG,GF,
69,3,10,3:34.231,0,B,26.117,0,50.750,0,2:17.364,0,96.3,23:06.775,18:53:06.775,0:26.117,0:50.750,2:17.364,,Fabian Schiller,,GTDPRO,,GetSpeed,Mercedes-AMG,GF,
69,3,11,2:17.787,0,,50.823,0,53.691,0,33.273,0,149.7,25:24.562,18:55:24.562,0:50.823,0:53.691,0:33.273,274.3,Fabian Schiller,0:02:16.632,GTDPRO,,GetSpeed,Mercedes-AMG,GF,
69,3,12,1:49.029,0,,25.785,0,50.478,0,32.766,0,189.2,27:13.591,18:57:13.591,0:25.785,0:50.478,0:32.766,274.3,Fabian Schiller,,GTDPRO,,GetSpeed,Mercedes-AMG,GF,
69,3,13,1:48.512,0,,25.481,0,50.392,0,32.639,0,190.1,29:02.103,18:59:02.103,0:25.481,0:50.392,0:32.639,277.2,Fabian Schiller,,GTDPRO,,GetSpeed,Mercedes-AMG,GF,
69,3,14,1:48.720,0,,25.642,0,50.879,0,32.199,0,189.7,30:50.823,19:00:50.823,0:25.642,0:50.879,0:32.199,274.3,Fabian Schiller,,GTDPRO,,GetSpeed,Mercedes-AMG,GF,
69,3,15,3:56.575,0,B,25.496,0,50.756,0,2:40.323,0,87.2,34:47.398,19:04:47.398,0:25.496,0:50.756,2:40.323,,Fabian Schiller,,GTDPRO,,GetSpeed,Mercedes-AMG,GF,
69,3,16,2:10.454,0,,47.819,0,50.281,0,32.354,0,158.1,36:57.852,19:06:57.852,0:47.819,0:50.281,0:32.354,273.1,Fabian Schiller,0:02:40.345,GTDPRO,,GetSpeed,Mercedes-AMG,GF,
69,3,17,1:48.128,0,,25.513,0,50.265,0,32.350,0,190.7,38:45.980,19:08:45.980,0:25.513,0:50.265,0:32.350,274.8,Fabian Schiller,,GTDPRO,,GetSpeed,Mercedes-AMG,GF,
69,3,18,1:47.966,2,,25.562,0,50.227,1,32.177,0,191.0,40:33.946,19:10:33.946,0:25.562,0:50.227,0:32.177,274.3,Fabian Schiller,,GTDPRO,,GetSpeed,Mercedes-AMG,GF,
69,3,19,3:58.834,0,B,25.630,0,51.195,0,2:42.009,0,86.4,44:32.780,19:14:32.780,0:25.630,0:51.195,2:42.009,,Fabian Schiller,,GTDPRO,,GetSpeed,Mercedes-AMG,GF,
69,3,20,2:11.571,0,,47.906,0,50.686,0,32.979,0,156.8,46:44.351,19:16:44.351,0:47.906,0:50.686,0:32.979,274.3,Fabian Schiller,0:02:42.271,GTDPRO,,GetSpeed,Mercedes-AMG,GF,
69,3,21,1:48.532,0,,25.530,0,50.592,0,32.410,0,190.0,48:32.883,19:18:32.883,0:25.530,0:50.592,0:32.410,273.1,Fabian Schiller,,GTDPRO,,GetSpeed,Mercedes-AMG,GF,
69,3,22,5:16.577,0,B,25.559,0,50.512,0,4:00.506,0,65.2,53:49.460,19:23:49.460,0:25.559,0:50.512,4:00.506,,Fabian Schiller,,GTDPRO,,GetSpeed,Mercedes-AMG,GF,
69,1,23,2:12.333,0,,48.134,0,51.261,0,32.938,0,155.9,56:01.793,19:26:01.793,0:48.134,0:51.261,0:32.938,274.8,Anthony Bartone,0:03:59.998,GTDPRO,,GetSpeed,Mercedes-AMG,GF,
69,1,24,1:49.299,0,,25.727,0,50.888,0,32.684,0,188.7,57:51.092,19:27:51.092,0:25.727,0:50.888,0:32.684,277.2,Anthony Bartone,,GTDPRO,,GetSpeed,Mercedes-AMG,GF,
69,1,25,1:48.995,0,,25.973,0,50.664,0,32.358,0,189.2,59:40.087,19:29:40.087,0:25.973,0:50.664,0:32.358,277.7,Anthony Bartone,,GTDPRO,,GetSpeed,Mercedes-AMG,GF,
69,1,26,1:50.363,0,,26.129,0,51.128,0,33.106,0,186.9,1:01:30.450,19:31:30.450,0:26.129,0:51.128,0:33.106,276.0,Anthony Bartone,,GTDPRO,,GetSpeed,Mercedes-AMG,GF,
69,1,27,1:51.220,0,,26.693,0,51.724,0,32.803,0,185.4,1:03:21.670,19:33:21.670,0:26.693,0:51.724,0:32.803,277.2,Anthony Bartone,,GTDPRO,,GetSpeed,Mercedes-AMG,GF,
69,1,28,1:50.164,0,,26.172,0,51.178,0,32.814,0,187.2,1:05:11.834,19:35:11.834,0:26.172,0:51.178,0:32.814,276.0,Anthony Bartone,,GTDPRO,,GetSpeed,Mercedes-AMG,GF,
69,1,29,1:48.036,0,,25.460,1,50.311,0,32.265,0,190.9,1:06:59.870,19:36:59.870,0:25.460,0:50.311,0:32.265,276.6,Anthony Bartone,,GTDPRO,,GetSpeed,Mercedes-AMG,GF,
69,1,30,1:48.156,0,,25.780,0,50.158,2,32.218,1,190.7,1:08:48.026,19:38:48.026,0:25.780,0:50.158,0:32.218,277.2,Anthony Bartone,,GTDPRO,,GetSpeed,Mercedes-AMG,GF,
69,1,31,4:45.986,0,B,25.509,0,51.599,0,3:28.878,0,72.1,1:13:34.012,19:43:34.012,0:25.509,0:51.599,3:28.878,,Anthony Bartone,,GTDPRO,,GetSpeed,Mercedes-AMG,GF,
69,2,32,2:11.791,0,,48.141,0,50.867,0,32.783,0,156.5,1:15:45.803,19:45:45.803,0:48.141,0:50.867,0:32.783,274.3,Maximilian Goetz,0:03:25.921,GTDPRO,,GetSpeed,Mercedes-AMG,GF,
69,2,33,1:48.423,0,,25.574,0,50.421,0,32.428,0,190.2,1:17:34.226,19:47:34.226,0:25.574,0:50.421,0:32.428,275.4,Maximilian Goetz,,GTDPRO,,GetSpeed,Mercedes-AMG,GF,
69,2,34,1:48.428,0,,25.543,1,50.507,0,32.378,0,190.2,1:19:22.654,19:49:22.654,0:25.543,0:50.507,0:32.378,277.2,Maximilian Goetz,,GTDPRO,,GetSpeed,Mercedes-AMG,GF,
69,2,35,1:49.241,0,,25.630,0,50.895,0,32.716,0,188.8,1:21:11.895,19:51:11.895,0:25.630,0:50.895,0:32.716,276.0,Maximilian Goetz,,GTDPRO,,GetSpeed,Mercedes-AMG,GF,
69,2,36,1:48.648,0,,25.627,0,50.541,0,32.480,0,189.8,1:23:00.543,19:53:00.543,0:25.627,0:50.541,0:32.480,274.3,Maximilian Goetz,,GTDPRO,,GetSpeed,Mercedes-AMG,GF,
69,2,37,1:48.190,0,,25.574,0,50.465,0,32.151,2,190.6,1:24:48.733,19:54:48.733,0:25.574,0:50.465,0:32.151,277.2,Maximilian Goetz,,GTDPRO,,GetSpeed,Mercedes-AMG,GF,
69,2,38,1:48.492,0,,25.634,0,50.391,1,32.467,0,190.1,1:26:37.225,19:56:37.225,0:25.634,0:50.391,0:32.467,276.6,Maximilian Goetz,,GTDPRO,,GetSpeed,Mercedes-AMG,GF,
69,2,39,1:48.476,0,,25.765,0,50.413,0,32.298,0,190.1,1:28:25.701,19:58:25.701,0:25.765,0:50.413,0:32.298,277.2,Maximilian Goetz,,GTDPRO,,GetSpeed,Mercedes-AMG,GF,
69,2,40,1:48.956,0,,25.873,0,50.633,0,32.450,0,189.3,1:30:14.657,20:00:14.657,0:25.873,0:50.633,0:32.450,276.0,Maximilian Goetz,,GTDPRO,,GetSpeed,Mercedes-AMG,GF,
69,2,41,8:04.763,0,B,26.219,0,50.817,0,6:47.727,0,42.5,1:38:19.420,20:08:19.420,0:26.219,0:50.817,6:47.727,,Maximilian Goetz,,GTDPRO,,GetSpeed,Mercedes-AMG,GF,
7,1,1,3:51.836,0,B,1:23.984,0,49.925,1,1:37.927,0,89.0,3:51.836,18:33:51.836,1:23.984,0:49.925,1:37.927,,Felipe Nasr,0:01:05.697,GTP,,Porsche Penske Motorsport,Porsche,GF,
7,2,2,3:25.717,0,B,49.324,0,50.187,0,1:46.206,0,100.3,7:17.553,18:37:17.553,0:49.324,0:50.187,1:46.206,,Julien Andlauer,0:01:37.195,GTP,,Porsche Penske Motorsport,Porsche,GF,
7,3,3,3:10.499,0,B,48.703,0,48.452,0,1:33.344,0,108.3,10:28.052,18:40:28.052,0:48.703,0:48.452,1:33.344,,Laurin Heinrich,0:01:47.143,GTP,,Porsche Penske Motorsport,Porsche,GF,
7,2,4,2:10.318,0,,49.625,0,49.068,0,31.625,0,158.3,12:38.370,18:42:38.370,0:49.625,0:49.068,0:31.625,274.3,Julien Andlauer,0:01:36.847,GTP,,Porsche Penske Motorsport,Porsche,GF,
7,2,5,1:41.204,0,,25.922,0,46.326,0,28.956,0,203.8,14:19.574,18:44:19.574,0:25.922,0:46.326,0:28.956,321.9,Julien Andlauer,,GTP,,Porsche Penske Motorsport,Porsche,GF,
7,2,6,1:40.179,0,,24.250,0,46.871,0,29.058,0,205.9,15:59.753,18:45:59.753,0:24.250,0:46.871,0:29.058,321.9,Julien Andlauer,,GTP,,Porsche Penske Motorsport,Porsche,GF,
7,2,7,1:38.126,0,,23.925,0,45.675,0,28.526,0,210.2,17:37.879,18:47:37.879,0:23.925,0:45.675,0:28.526,321.9,Julien Andlauer,,GTP,,Porsche Penske Motorsport,Porsche,GF,
7,2,8,1:41.451,0,,23.935,0,48.353,0,29.163,0,203.3,19:19.330,18:49:19.330,0:23.935,0:48.353,0:29.163,321.1,Julien Andlauer,,GTP,,Porsche Penske Motorsport,Porsche,GF,
7,2,9,1:38.261,0,,23.968,0,45.750,0,28.543,0,209.9,20:57.591,18:50:57.591,0:23.968,0:45.750,0:28.543,320.3,Julien Andlauer,,GTP,,Porsche Penske Motorsport,Porsche,GF,
7,2,10,1:39.926,0,,24.589,0,46.037,0,29.300,0,206.4,22:37.517,18:52:37.517,0:24.589,0:46.037,0:29.300,320.3,Julien Andlauer,,GTP,,Porsche Penske Motorsport,Porsche,GF,
7,2,11,1:38.171,0,,24.264,0,45.541,0,28.366,0,210.1,24:15.688,18:54:15.688,0:24.264,0:45.541,0:28.366,320.3,Julien Andlauer,,GTP,,Porsche Penske Motorsport,Porsche,GF,
7,2,12,1:38.167,0,,23.715,0,45.847,0,28.605,0,210.1,25:53.855,18:55:53.855,0:23.715,0:45.847,0:28.605,323.5,Julien Andlauer,,GTP,,Porsche Penske Motorsport,Porsche,GF,
7,2,13,1:38.847,0,,24.572,0,46.031,0,28.244,1,208.7,27:32.702,18:57:32.702,0:24.572,0:46.031,0:28.244,321.9,Julien Andlauer,,GTP,,Porsche Penske Motorsport,Porsche,GF,
7,2,14,7:36.846,0,B,23.697,1,46.148,0,6:27.001,0,45.1,35:09.548,19:05:09.548,0:23.697,0:46.148,6:27.001,,Julien Andlauer,,GTP,,Porsche Penske Motorsport,Porsche,GF,
7,2,15,2:01.416,0,,46.854,0,45.830,0,28.732,0,169.9,37:10.964,19:07:10.964,0:46.854,0:45.830,0:28.732,317.2,Julien Andlauer,0:06:29.989,GTP,,Porsche Penske Motorsport,Porsche,GF,
7,2,16,1:43.957,0,,24.340,0,50.510,0,29.107,0,198.4,38:54.921,19:08:54.921,0:24.340,0:50.510,0:29.107,321.1,Julien Andlauer,,GTP,,Porsche Penske Motorsport,Porsche,GF,
7,2,17,1:38.024,0,,23.852,0,45.668,0,28.504,0,210.4,40:32.945,19:10:32.945,0:23.852,0:45.668,0:28.504,321.9,Julien Andlauer,,GTP,,Porsche Penske Motorsport,Porsche,GF,
7,2,18,1:38.659,0,,23.708,0,46.543,0,28.408,0,209.1,42:11.604,19:12:11.604,0:23.708,0:46.543,0:28.408,320.3,Julien Andlauer,,GTP,,Porsche Penske Motorsport,Porsche,GF,
7,2,19,1:38.850,0,,24.145,0,46.221,0,28.484,0,208.7,43:50.454,19:13:50.454,0:24.145,0:46.221,0:28.484,322.7,Julien Andlauer,,GTP,,Porsche Penske Motorsport,Porsche,GF,
7,2,20,10:39.689,0,B,24.235,0,45.762,0,9:29.692,0,32.2,54:30.143,19:24:30.143,0:24.235,0:45.762,9:29.692,,Julien Andlauer,,GTP,,Porsche Penske Motorsport,Porsche,GF,
7,2,21,2:02.034,0,,47.108,0,46.240,0,28.686,0,169.0,56:32.177,19:26:32.177,0:47.108,0:46.240,0:28.686,313.5,Julien Andlauer,0:09:31.532,GTP,,Porsche Penske Motorsport,Porsche,GF,
7,2,22,1:37.638,0,,23.758,0,45.502,1,28.378,0,211.2,58:09.815,19:28:09.815,0:23.758,0:45.502,0:28.378,320.3,Julien Andlauer,,GTP,,Porsche Penske Motorsport,Porsche,GF,
7,2,23,1:38.768,0,,24.026,0,46.081,0,28.661,0,208.8,59:48.583,19:29:48.583,0:24.026,0:46.081,0:28.661,321.9,Julien Andlauer,,GTP,,Porsche Penske Motorsport,Porsche,GF,
7,2,24,1:40.426,0,,24.125,0,47.034,0,29.267,0,205.4,1:01:29.009,19:31:29.009,0:24.125,0:47.034,0:29.267,319.5,Julien Andlauer,,GTP,,Porsche Penske Motorsport,Porsche,GF,
7,2,25,1:38.670,0,,23.813,0,45.917,0,28.940,0,209.0,1:03:07.679,19:33:07.679,0:23.813,0:45.917,0:28.940,319.5,Julien Andlauer,,GTP,,Porsche Penske Motorsport,Porsche,GF,
7,2,26,2:54.133,0,B,23.737,0,46.419,0,1:43.977,0,118.4,1:06:01.812,19:36:01.812,0:23.737,0:46.419,1:43.977,,Julien Andlauer,,GTP,,Porsche Penske Motorsport,Porsche,GF,
7,3,27,2:06.896,0,,49.401,0,48.448,0,29.047,0,162.5,1:08:08.708,19:38:08.708,0:49.401,0:48.448,0:29.047,318.8,Laurin Heinrich,0:01:46.691,GTP,,Porsche Penske Motorsport,Porsche,GF,
7,3,28,1:38.011,0,,24.369,0,45.236,2,28.406,0,210.4,1:09:46.719,19:39:46.719,0:24.369,0:45.236,0:28.406,320.3,Laurin Heinrich,,GTP,,Porsche Penske Motorsport,Porsche,GF,
7,3,29,1:38.834,0,,24.126,0,46.212,0,28.496,0,208.7,1:11:25.553,19:41:25.553,0:24.126,0:46.212,0:28.496,318.8,Laurin Heinrich,,GTP,,Porsche Penske Motorsport,Porsche,GF,
7,3,30,1:38.648,0,,23.943,0,45.322,0,29.383,0,209.1,1:13:04.201,19:43:04.201,0:23.943,0:45.322,0:29.383,319.5,Laurin Heinrich,,GTP,,Porsche Penske Motorsport,Porsche,GF,
7,3,31,1:37.775,0,,24.084,0,45.384,0,28.307,0,210.9,1:14:41.976,19:44:41.976,0:24.084,0:45.384,0:28.307,321.1,Laurin Heinrich,,GTP,,Porsche Penske Motorsport,Porsche,GF,
7,3,32,1:38.614,0,,24.096,0,45.656,0,28.862,0,209.2,1:16:20.590,19:46:20.590,0:24.096,0:45.656,0:28.862,319.5,Laurin Heinrich,,GTP,,Porsche Penske Motorsport,Porsche,GF,
7,3,33,1:38.435,0,,23.908,0,45.729,0,28.798,0,209.5,1:17:59.025,19:47:59.025,0:23.908,0:45.729,0:28.798,321.1,Laurin Heinrich,,GTP,,Porsche Penske Motorsport,Porsche,GF,
7,3,34,1:38.203,0,,23.731,0,45.947,0,28.525,0,210.0,1:19:37.228,19:49:37.228,0:23.731,0:45.947,0:28.525,320.3,Laurin Heinrich,,GTP,,Porsche Penske Motorsport,Porsche,GF,
7,3,35,5:44.173,0,B,25.659,0,46.193,0,4:32.321,0,59.9,1:25:21.401,19:55:21.401,0:25.659,0:46.193,4:32.321,,Laurin Heinrich,,GTP,,Porsche Penske Motorsport,Porsche,GF,
7,3,36,2:01.770,0,,47.248,0,46.123,0,28.399,0,169.4,1:27:23.171,19:57:23.171,0:47.248,0:46.123,0:28.399,320.3,Laurin Heinrich,0:04:35.011,GTP,,Porsche Penske Motorsport,Porsche,GF,
7,3,37,1:38.638,0,,24.233,0,46.129,0,28.276,0,209.1,1:29:01.809,19:59:01.809,0:24.233,0:46.129,0:28.276,320.3,Laurin Heinrich,,GTP,,Porsche Penske Motorsport,Porsche,GF,
7,3,38,1:38.750,0,,24.212,0,45.907,0,28.631,0,208.9,1:30:40.559,20:00:40.559,0:24.212,0:45.907,0:28.631,319.5,Laurin Heinrich,,GTP,,Porsche Penske Motorsport,Porsche,GF,
7,3,39,1:37.886,0,,23.653,0,45.594,0,28.639,0,210.7,1:32:18.445,20:02:18.445,0:23.653,0:45.594,0:28.639,320.3,Laurin Heinrich,,GTP,,Porsche Penske Motorsport,Porsche,GF,
7,3,40,1:37.711,0,,23.563,2,45.590,0,28.558,0,211.1,1:33:56.156,20:03:56.156,0:23.563,0:45.590,0:28.558,320.3,Laurin Heinrich,,GTP,,Porsche Penske Motorsport,Porsche,GF,
7,3,41,1:37.546,0,,23.644,0,45.435,0,28.467,0,211.4,1:35:33.702,20:05:33.702,0:23.644,0:45.435,0:28.467,321.9,Laurin Heinrich,,GTP,,Porsche Penske Motorsport,Porsche,GF,
7,3,42,7:30.632,0,B,23.716,0,45.621,0,6:21.295,0,45.8,1:43:04.334,20:13:04.334,0:23.716,0:45.621,6:21.295,,Laurin Heinrich,,GTP,,Porsche Penske Motorsport,Porsche,GF,
7,3,43,2:01.357,0,,46.970,0,46.010,0,28.377,0,170.0,1:45:05.691,20:15:05.691,0:46.970,0:46.010,0:28.377,318.0,Laurin Heinrich,0:06:24.601,GTP,,Porsche Penske Motorsport,Porsche,GF,
7,3,44,1:37.611,0,,23.690,0,45.431,0,28.490,0,211.3,1:46:43.302,20:16:43.302,0:23.690,0:45.431,0:28.490,319.5,Laurin Heinrich,,GTP,,Porsche Penske Motorsport,Porsche,GF,
7,3,45,1:38.189,0,,23.729,0,46.064,0,28.396,0,210.1,1:48:21.491,20:18:21.491,0:23.729,0:46.064,0:28.396,318.8,Laurin Heinrich,,GTP,,Porsche Penske Motorsport,Porsche,GF,
7,3,46,1:38.065,0,,23.656,0,45.633,0,28.776,0,210.3,1:49:59.556,20:19:59.556,0:23.656,0:45.633,0:28.776,321.1,Laurin Heinrich,,GTP,,Porsche Penske Motorsport,Porsche,GF,
7,3,47,1:37.503,2,,23.590,0,45.661,0,28.252,0,211.5,1:51:37.059,20:21:37.059,0:23.590,0:45.661,0:28.252,320.3,Laurin Heinrich,,GTP,,Porsche Penske Motorsport,Porsche,GF,
7,3,48,1:37.861,0,,23.695,0,46.093,0,28.073,2,210.8,1:53:14.920,20:23:14.920,0:23.695,0:46.093,0:28.073,325.1,Laurin Heinrich,,GTP,,Porsche Penske Motorsport,Porsche,GF,
7,3,49,1:38.911,0,,24.030,0,46.290,0,28.591,0,208.5,1:54:53.831,20:24:53.831,0:24.030,0:46.290,0:28.591,318.0,Laurin Heinrich,,GTP,,Porsche Penske Motorsport,Porsche,GF,
7,3,50,1:38.270,0,,23.821,0,46.078,0,28.371,0,209.9,1:56:32.101,20:26:32.101,0:23.821,0:46.078,0:28.371,321.1,Laurin Heinrich,,GTP,,Porsche Penske Motorsport,Porsche,GF,
7,3,51,1:38.512,0,,24.023,0,45.672,0,28.817,0,209.4,1:58:10.613,20:28:10.613,0:24.023,0:45.672,0:28.817,321.9,Laurin Heinrich,,GTP,,Porsche Penske Motorsport,Porsche,GF,
7,3,52,1:37.556,0,,23.846,0,45.347,0,28.363,0,211.4,1:59:48.169,20:29:48.169,0:23.846,0:45.347,0:28.363,319.5,Laurin Heinrich,,GTP,,Porsche Penske Motorsport,Porsche,GF,
70,3,1,2:54.638,0,,1:27.226,0,53.897,0,33.515,0,118.1,2:54.638,18:32:54.638,1:27.226,0:53.897,0:33.515,267.6,Frederik Schandorff,0:01:06.729,GTD,,Inception Racing,Ferrari,GF,
70,3,2,1:49.539,0,,25.813,0,50.852,0,32.874,0,188.3,4:44.177,18:34:44.177,0:25.813,0:50.852,0:32.874,270.3,Frederik Schandorff,,GTD,,Inception Racing,Ferrari,GF,
70,3,3,1:48.779,0,,25.516,0,50.526,0,32.737,0,189.6,6:32.956,18:36:32.956,0:25.516,0:50.526,0:32.737,269.2,Frederik Schandorff,,GTD,,Inception Racing,Ferrari,GF,
70,3,4,1:48.724,0,,25.469,0,50.439,0,32.816,0,189.7,8:21.680,18:38:21.680,0:25.469,0:50.439,0:32.816,270.3,Frederik Schandorff,,GTD,,Inception Racing,Ferrari,GF,
70,3,5,1:49.149,0,,25.720,0,50.573,0,32.856,0,189.0,10:10.829,18:40:10.829,0:25.720,0:50.573,0:32.856,273.1,Frederik Schandorff,,GTD,,Inception Racing,Ferrari,GF,
70,3,6,2:01.177,0,B,25.693,0,50.618,0,44.866,0,170.2,12:12.006,18:42:12.006,0:25.693,0:50.618,0:44.866,,Frederik Schandorff,,GTD,,Inception Racing,Ferrari,GF,
70,3,7,4:57.261,0,,3:31.747,0,52.389,0,33.125,0,69.4,17:09.267,18:47:09.267,3:31.747,0:52.389,0:33.125,270.9,Frederik Schandorff,0:03:27.208,GTD,,Inception Racing,Ferrari,GF,
70,3,8,1:49.506,0,,25.636,0,50.729,0,33.141,0,188.3,18:58.773,18:48:58.773,0:25.636,0:50.729,0:33.141,271.4,Frederik Schandorff,,GTD,,Inception Racing,Ferrari,GF,
70,3,9,1:49.021,0,,25.558,0,50.773,0,32.690,0,189.2,20:47.794,18:50:47.794,0:25.558,0:50.773,0:32.690,268.1,Frederik Schandorff,,GTD,,Inception Racing,Ferrari,GF,
70,3,10,1:48.615,2,,25.579,0,50.438,2,32.598,0,189.9,22:36.409,18:52:36.409,0:25.579,0:50.438,0:32.598,268.7,Frederik Schandorff,,GTD,,Inception Racing,Ferrari,GF,
70,3,11,1:49.251,0,,25.822,0,50.667,0,32.762,0,188.8,24:25.660,18:54:25.660,0:25.822,0:50.667,0:32.762,268.7,Frederik Schandorff,,GTD,,Inception Racing,Ferrari,GF,
70,3,12,1:49.575,0,,25.878,0,51.112,0,32.585,0,188.2,26:15.235,18:56:15.235,0:25.878,0:51.112,0:32.585,269.2,Frederik Schandorff,,GTD,,Inception Racing,Ferrari,GF,
70,3,13,1:49.079,0,,25.548,0,50.883,0,32.648,0,189.1,28:04.314,18:58:04.314,0:25.548,0:50.883,0:32.648,268.7,Frederik Schandorff,,GTD,,Inception Racing,Ferrari,GF,
70,3,14,1:48.808,0,,25.462,2,50.791,0,32.555,0,189.6,29:53.122,18:59:53.122,0:25.462,0:50.791,0:32.555,270.3,Frederik Schandorff,,GTD,,Inception Racing,Ferrari,GF,
70,3,15,1:48.922,0,,25.647,0,50.844,0,32.431,2,189.4,31:42.044,19:01:42.044,0:25.647,0:50.844,0:32.431,269.2,Frederik Schandorff,,GTD,,Inception Racing,Ferrari,GF,
70,3,16,2:01.462,0,B,25.572,0,50.546,0,45.344,0,169.8,33:43.506,19:03:43.506,0:25.572,0:50.546,0:45.344,,Frederik Schandorff,,GTD,,Inception Racing,Ferrari,GF,
70,4,17,3:47.930,0,,2:22.355,0,52.104,0,33.471,0,90.5,37:31.436,19:07:31.436,2:22.355,0:52.104,0:33.471,268.7,Brendan Iribe,0:02:17.970,GTD,,Inception Racing,Ferrari,GF,
70,4,18,1:49.974,0,,26.097,0,50.983,0,32.894,0,187.5,39:21.410,19:09:21.410,0:26.097,0:50.983,0:32.894,269.8,Brendan Iribe,,GTD,,Inception Racing,Ferrari,GF,
70,4,19,1:49.896,0,,26.058,0,50.866,1,32.972,0,187.7,41:11.306,19:11:11.306,0:26.058,0:50.866,0:32.972,272.6,Brendan Iribe,,GTD,,Inception Racing,Ferrari,GF,
70,4,20,1:50.858,0,,26.140,0,51.794,0,32.924,0,186.1,43:02.164,19:13:02.164,0:26.140,0:51.794,0:32.924,272.0,Brendan Iribe,,GTD,,Inception Racing,Ferrari,GF,
70,4,21,1:49.286,0,,25.569,1,51.194,0,32.523,1,188.7,44:51.450,19:14:51.450,0:25.569,0:51.194,0:32.523,273.7,Brendan Iribe,,GTD,,Inception Racing,Ferrari,GF,
70,4,22,2:02.411,0,B,25.813,0,51.157,0,45.441,0,168.5,46:53.861,19:16:53.861,0:25.813,0:51.157,0:45.441,,Brendan Iribe,,GTD,,Inception Racing,Ferrari,GF,
70,4,23,5:58.746,0,,4:34.130,0,51.775,0,32.841,0,57.5,52:52.607,19:22:52.607,4:34.130,0:51.775,0:32.841,271.4,Brendan Iribe,0:04:30.151,GTD,,Inception Racing,Ferrari,GF,
70,4,24,1:50.216,0,,25.926,0,50.907,0,33.383,0,187.1,54:42.823,19:24:42.823,0:25.926,0:50.907,0:33.383,271.4,Brendan Iribe,,GTD,,Inception Racing,Ferrari,GF,
70,4,25,1:49.752,0,,25.981,0,50.999,0,32.772,0,187.9,56:32.575,19:26:32.575,0:25.981,0:50.999,0:32.772,270.3,Brendan Iribe,,GTD,,Inception Racing,Ferrari,GF,
70,4,26,1:52.157,0,,26.255,0,52.010,0,33.892,0,183.9,58:24.732,19:28:24.732,0:26.255,0:52.010,0:33.892,268.1,Brendan Iribe,,GTD,,Inception Racing,Ferrari,GF,
70,4,27,1:49.844,0,,25.875,0,51.016,0,32.953,0,187.8,1:00:14.576,19:30:14.576,0:25.875,0:51.016,0:32.953,271.4,Brendan Iribe,,GTD,,Inception Racing,Ferrari,GF,
70,4,28,1:51.173,0,,25.883,0,51.889,0,33.401,0,185.5,1:02:05.749,19:32:05.749,0:25.883,0:51.889,0:33.401,270.9,Brendan Iribe,,GTD,,Inception Racing,Ferrari,GF,
70,4,29,2:03.763,0,B,25.810,0,50.953,0,47.000,0,166.7,1:04:09.512,19:34:09.512,0:25.810,0:50.953,0:47.000,,Brendan Iribe,,GTD,,Inception Racing,Ferrari,GF,
70,1,30,3:03.897,0,,1:37.942,0,52.597,0,33.358,0,112.2,1:07:13.409,19:37:13.409,1:37.942,0:52.597,0:33.358,269.8,David Fumanelli,0:01:31.067,GTD,,Inception Racing,Ferrari,GF,
70,1,31,1:50.998,0,,26.191,0,51.483,0,33.324,0,185.8,1:09:04.407,19:39:04.407,0:26.191,0:51.483,0:33.324,268.7,David Fumanelli,,GTD,,Inception Racing,Ferrari,GF,
70,1,32,1:51.611,0,,26.319,0,52.031,0,33.261,0,184.8,1:10:56.018,19:40:56.018,0:26.319,0:52.031,0:33.261,267.6,David Fumanelli,,GTD,,Inception Racing,Ferrari,GF,
70,1,33,1:52.300,0,,27.267,0,51.871,0,33.162,0,183.7,1:12:48.318,19:42:48.318,0:27.267,0:51.871,0:33.162,268.1,David Fumanelli,,GTD,,Inception Racing,Ferrari,GF,
70,1,34,1:51.110,0,,26.310,0,51.288,0,33.512,0,185.6,1:14:39.428,19:44:39.428,0:26.310,0:51.288,0:33.512,267.6,David Fumanelli,,GTD,,Inception Racing,Ferrari,GF,
70,1,35,1:51.030,0,,26.312,0,51.310,0,33.408,0,185.8,1:16:30.458,19:46:30.458,0:26.312,0:51.310,0:33.408,270.3,David Fumanelli,,GTD,,Inception Racing,Ferrari,GF,
70,1,36,1:50.183,0,,26.069,0,51.172,0,32.942,0,187.2,1:18:20.641,19:48:20.641,0:26.069,0:51.172,0:32.942,269.8,David Fumanelli,,GTD,,Inception Racing,Ferrari,GF,
70,1,37,1:50.697,0,,26.079,0,51.615,0,33.003,0,186.3,1:20:11.338,19:50:11.338,0:26.079,0:51.615,0:33.003,267.6,David Fumanelli,,GTD,,Inception Racing,Ferrari,GF,
70,1,38,1:50.685,0,,26.362,0,51.311,0,33.012,0,186.3,1:22:02.023,19:52:02.023,0:26.362,0:51.311,0:33.012,269.2,David Fumanelli,,GTD,,Inception Racing,Ferrari,GF,
70,1,39,1:50.323,0,,26.214,0,51.118,0,32.991,0,187.0,1:23:52.346,19:53:52.346,0:26.214,0:51.118,0:32.991,270.3,David Fumanelli,,GTD,,Inception Racing,Ferrari,GF,
70,1,40,1:50.302,0,,26.115,0,51.081,0,33.106,0,187.0,1:25:42.648,19:55:42.648,0:26.115,0:51.081,0:33.106,269.8,David Fumanelli,,GTD,,Inception Racing,Ferrari,GF,
70,1,41,1:50.094,0,,26.175,0,51.095,0,32.824,0,187.3,1:27:32.742,19:57:32.742,0:26.175,0:51.095,0:32.824,268.1,David Fumanelli,,GTD,,Inception Racing,Ferrari,GF,
70,1,42,1:49.912,0,,26.170,0,51.016,1,32.726,1,187.7,1:29:22.654,19:59:22.654,0:26.170,0:51.016,0:32.726,269.2,David Fumanelli,,GTD,,Inception Racing,Ferrari,GF,
70,1,43,1:50.886,0,,25.912,1,51.057,0,33.917,0,186.0,1:31:13.540,20:01:13.540,0:25.912,0:51.057,0:33.917,269.2,David Fumanelli,,GTD,,Inception Racing,Ferrari,GF,
70,1,44,2:04.543,0,B,26.575,0,52.042,0,45.926,0,165.6,1:33:18.083,20:03:18.083,0:26.575,0:52.042,0:45.926,,David Fumanelli,,GTD,,Inception Racing,Ferrari,GF,
70,2,45,2:47.733,0,,1:20.449,0,54.015,0,33.269,0,123.0,1:36:05.816,20:06:05.816,1:20.449,0:54.015,0:33.269,269.8,Ollie Millroy,0:01:16.567,GTD,,Inception Racing,Ferrari,GF,
70,2,46,1:50.445,0,,26.109,0,51.202,0,33.134,0,186.7,1:37:56.261,20:07:56.261,0:26.109,0:51.202,0:33.134,268.7,Ollie Millroy,,GTD,,Inception Racing,Ferrari,GF,
70,2,47,1:51.239,0,,26.306,0,51.278,0,33.655,0,185.4,1:39:47.500,20:09:47.500,0:26.306,0:51.278,0:33.655,255.6,Ollie Millroy,,GTD,,Inception Racing,Ferrari,GF,
70,2,48,1:49.933,0,,26.081,0,51.134,0,32.718,0,187.6,1:41:37.433,20:11:37.433,0:26.081,0:51.134,0:32.718,270.3,Ollie Millroy,,GTD,,Inception Racing,Ferrari,GF,
70,2,49,1:49.879,0,,26.111,0,51.043,1,32.725,0,187.7,1:43:27.312,20:13:27.312,0:26.111,0:51.043,0:32.725,269.2,Ollie Millroy,,GTD,,Inception Racing,Ferrari,GF,
70,2,50,1:49.743,0,,26.106,0,51.048,0,32.589,1,187.9,1:45:17.055,20:15:17.055,0:26.106,0:51.048,0:32.589,270.9,Ollie Millroy,,GTD,,Inception Racing,Ferrari,GF,
70,2,51,1:50.478,0,,26.265,0,51.079,0,33.134,0,186.7,1:47:07.533,20:17:07.533,0:26.265,0:51.079,0:33.134,272.0,Ollie Millroy,,GTD,,Inception Racing,Ferrari,GF,
70,2,52,1:49.975,0,,26.003,1,51.204,0,32.768,0,187.5,1:48:57.508,20:18:57.508,0:26.003,0:51.204,0:32.768,270.3,Ollie Millroy,,GTD,,Inception Racing,Ferrari,GF,
70,2,53,1:49.874,0,,26.087,0,51.095,0,32.692,0,187.7,1:50:47.382,20:20:47.382,0:26.087,0:51.095,0:32.692,270.3,Ollie Millroy,,GTD,,Inception Racing,Ferrari,GF,
70,2,54,1:49.785,0,,26.056,0,51.102,0,32.627,0,187.9,1:52:37.167,20:22:37.167,0:26.056,0:51.102,0:32.627,269.8,Ollie Millroy,,GTD,,Inception Racing,Ferrari,GF,
70,2,55,2:02.848,0,B,26.032,0,51.059,0,45.757,0,167.9,1:54:40.015,20:24:40.015,0:26.032,0:51.059,0:45.757,,Ollie Millroy,,GTD,,Inception Racing,Ferrari,GF,
70,3,56,3:20.854,0,,1:56.870,0,51.132,0,32.852,0,102.7,1:58:00.869,20:28:00.869,1:56.870,0:51.132,0:32.852,269.8,Frederik Schandorff,0:01:54.032,GTD,,Inception Racing,Ferrari,GF,
70,3,57,1:50.390,0,,26.317,0,51.294,0,32.779,0,186.8,1:59:51.259,20:29:51.259,0:26.317,0:51.294,0:32.779,268.1,Frederik Schandorff,,GTD,,Inception Racing,Ferrari,GF,
70,3,58,1:50.131,0,,26.245,0,51.193,0,32.693,0,187.3,2:01:41.390,20:31:41.390,0:26.245,0:51.193,0:32.693,270.9,Frederik Schandorff,,GTD,,Inception Racing,Ferrari,FF,
73,2,1,2:15.759,0,,49.368,0,54.807,0,31.584,0,151.9,2:15.759,18:32:15.759,0:49.368,0:54.807,0:31.584,290.0,Manuel Espirito Santo,0:00:30.333,LMP2,,Pratt Miller Motorsports,Gibson,GF,
73,2,2,1:45.234,0,,25.175,0,49.220,0,30.839,0,196.0,4:00.993,18:34:00.993,0:25.175,0:49.220,0:30.839,293.2,Manuel Espirito Santo,,LMP2,,Pratt Miller Motorsports,Gibson,GF,
73,2,3,1:42.426,0,,24.559,0,47.831,0,30.036,0,201.4,5:43.419,18:35:43.419,0:24.559,0:47.831,0:30.036,294.5,Manuel Espirito Santo,,LMP2,,Pratt Miller Motorsports,Gibson,GF,
73,2,4,1:42.118,0,,23.978,0,47.873,0,30.267,0,202.0,7:25.537,18:37:25.537,0:23.978,0:47.873,0:30.267,295.2,Manuel Espirito Santo,,LMP2,,Pratt Miller Motorsports,Gibson,GF,
73,2,5,1:40.698,0,,23.938,0,47.090,2,29.670,1,204.8,9:06.235,18:39:06.235,0:23.938,0:47.090,0:29.670,297.9,Manuel Espirito Santo,,LMP2,,Pratt Miller Motorsports,Gibson,GF,
73,2,6,1:41.567,0,,23.830,2,47.958,0,29.779,0,203.1,10:47.802,18:40:47.802,0:23.830,0:47.958,0:29.779,295.8,Manuel Espirito Santo,,LMP2,,Pratt Miller Motorsports,Gibson,GF,
73,2,7,1:41.072,0,,23.928,0,47.331,0,29.813,0,204.1,12:28.874,18:42:28.874,0:23.928,0:47.331,0:29.813,299.9,Manuel Espirito Santo,,LMP2,,Pratt Miller Motorsports,Gibson,GF,
73,2,8,1:43.424,0,,25.657,0,47.706,0,30.061,0,199.4,14:12.298,18:44:12.298,0:25.657,0:47.706,0:30.061,297.9,Manuel Espirito Santo,,LMP2,,Pratt Miller Motorsports,Gibson,GF,
73,2,9,1:42.302,0,,24.018,0,47.916,0,30.368,0,201.6,15:54.600,18:45:54.600,0:24.018,0:47.916,0:30.368,298.5,Manuel Espirito Santo,,LMP2,,Pratt Miller Motorsports,Gibson,GF,
73,2,10,1:42.068,0,,24.892,0,47.442,0,29.734,0,202.1,17:36.668,18:47:36.668,0:24.892,0:47.442,0:29.734,296.5,Manuel Espirito Santo,,LMP2,,Pratt Miller Motorsports,Gibson,GF,
73,2,11,1:43.177,0,,23.951,0,49.055,0,30.171,0,199.9,19:19.845,18:49:19.845,0:23.951,0:49.055,0:30.171,296.5,Manuel Espirito Santo,,LMP2,,Pratt Miller Motorsports,Gibson,GF,
73,2,12,1:43.048,0,,24.197,0,48.020,0,30.831,0,200.2,21:02.893,18:51:02.893,0:24.197,0:48.020,0:30.831,295.2,Manuel Espirito Santo,,LMP2,,Pratt Miller Motorsports,Gibson,GF,
73,2,13,1:41.813,0,,23.982,0,48.004,0,29.827,0,202.6,22:44.706,18:52:44.706,0:23.982,0:48.004,0:29.827,296.5,Manuel Espirito Santo,,LMP2,,Pratt Miller Motorsports,Gibson,GF,
73,2,14,1:41.393,0,,24.013,0,47.575,0,29.805,0,203.4,24:26.099,18:54:26.099,0:24.013,0:47.575,0:29.805,297.9,Manuel Espirito Santo,,LMP2,,Pratt Miller Motorsports,Gibson,GF,
73,2,15,1:55.224,0,B,24.972,0,47.268,0,42.984,0,179.0,26:21.323,18:56:21.323,0:24.972,0:47.268,0:42.984,,Manuel Espirito Santo,,LMP2,,Pratt Miller Motorsports,Gibson,GF,
73,1,16,3:31.828,0,,2:12.809,0,48.707,0,30.312,0,97.4,29:53.151,18:59:53.151,2:12.809,0:48.707,0:30.312,297.9,Pietro Fittipaldi,0:02:09.687,LMP2,,Pratt Miller Motorsports,Gibson,GF,
73,1,17,1:42.197,0,,24.241,0,48.145,0,29.811,0,201.8,31:35.348,19:01:35.348,0:24.241,0:48.145,0:29.811,296.5,Pietro Fittipaldi,,LMP2,,Pratt Miller Motorsports,Gibson,GF,
73,1,18,1:42.871,0,,23.865,1,48.105,0,30.901,0,200.5,33:18.219,19:03:18.219,0:23.865,0:48.105,0:30.901,296.5,Pietro Fittipaldi,,LMP2,,Pratt Miller Motorsports,Gibson,GF,
73,1,19,1:41.022,0,,24.019,0,47.472,0,29.531,0,204.2,34:59.241,19:04:59.241,0:24.019,0:47.472,0:29.531,298.5,Pietro Fittipaldi,,LMP2,,Pratt Miller Motorsports,Gibson,GF,
73,1,20,1:40.597,0,,23.891,0,47.368,0,29.338,2,205.0,36:39.838,19:06:39.838,0:23.891,0:47.368,0:29.338,297.2,Pietro Fittipaldi,,LMP2,,Pratt Miller Motorsports,Gibson,GF,
73,1,21,1:53.344,0,B,24.107,0,47.190,0,42.047,0,182.0,38:33.182,19:08:33.182,0:24.107,0:47.190,0:42.047,,Pietro Fittipaldi,,LMP2,,Pratt Miller Motorsports,Gibson,GF,
73,1,22,2:48.954,0,,1:28.935,0,49.288,0,30.731,0,122.1,41:22.136,19:11:22.136,1:28.935,0:49.288,0:30.731,294.5,Pietro Fittipaldi,0:01:25.079,LMP2,,Pratt Miller Motorsports,Gibson,GF,
73,1,23,1:41.952,0,,24.643,0,47.451,0,29.858,0,202.3,43:04.088,19:13:04.088,0:24.643,0:47.451,0:29.858,296.5,Pietro Fittipaldi,,LMP2,,Pratt Miller Motorsports,Gibson,GF,
73,1,24,1:43.355,0,,24.122,0,48.595,0,30.638,0,199.6,44:47.443,19:14:47.443,0:24.122,0:48.595,0:30.638,296.5,Pietro Fittipaldi,,LMP2,,Pratt Miller Motorsports,Gibson,GF,
73,1,25,1:40.964,0,,24.026,0,47.212,0,29.726,0,204.3,46:28.407,19:16:28.407,0:24.026,0:47.212,0:29.726,297.9,Pietro Fittipaldi,,LMP2,,Pratt Miller Motorsports,Gibson,GF,
73,1,26,1:41.332,0,,24.078,0,47.576,0,29.678,0,203.5,48:09.739,19:18:09.739,0:24.078,0:47.576,0:29.678,297.2,Pietro Fittipaldi,,LMP2,,Pratt Miller Motorsports,Gibson,GF,
73,1,27,1:40.464,2,,23.904,0,47.107,1,29.453,0,205.3,49:50.203,19:19:50.203,0:23.904,0:47.107,0:29.453,297.2,Pietro Fittipaldi,,LMP2,,Pratt Miller Motorsports,Gibson,GF,
73,1,28,1:41.390,0,,24.220,0,47.594,0,29.576,0,203.4,51:31.593,19:21:31.593,0:24.220,0:47.594,0:29.576,299.9,Pietro Fittipaldi,,LMP2,,Pratt Miller Motorsports,Gibson,GF,
73,1,29,1:55.881,0,B,24.241,0,47.590,0,44.050,0,178.0,53:27.474,19:23:27.474,0:24.241,0:47.590,0:44.050,,Pietro Fittipaldi,,LMP2,,Pratt Miller Motorsports,Gibson,GF,
73,3,30,3:43.630,0,,2:20.411,0,51.844,0,31.375,0,92.2,57:11.104,19:27:11.104,2:20.411,0:51.844,0:31.375,291.9,Chris Cumming,0:02:13.720,LMP2,,Pratt Miller Motorsports,Gibson,GF,
73,3,31,1:45.925,0,,26.534,0,48.700,0,30.691,0,194.7,58:57.029,19:28:57.029,0:26.534,0:48.700,0:30.691,296.5,Chris Cumming,,LMP2,,Pratt Miller Motorsports,Gibson,GF,
73,3,32,1:43.490,0,,24.839,0,48.349,0,30.302,0,199.3,1:00:40.519,19:30:40.519,0:24.839,0:48.349,0:30.302,296.5,Chris Cumming,,LMP2,,Pratt Miller Motorsports,Gibson,GF,
73,3,33,1:44.312,0,,24.342,0,48.241,0,31.729,0,197.7,1:02:24.831,19:32:24.831,0:24.342,0:48.241,0:31.729,298.5,Chris Cumming,,LMP2,,Pratt Miller Motorsports,Gibson,GF,
73,3,34,1:44.144,0,,24.916,0,48.665,0,30.563,0,198.0,1:04:08.975,19:34:08.975,0:24.916,0:48.665,0:30.563,295.8,Chris Cumming,,LMP2,,Pratt Miller Motorsports,Gibson,GF,
73,3,35,1:43.032,0,,24.332,1,48.193,0,30.507,0,200.2,1:05:52.007,19:35:52.007,0:24.332,0:48.193,0:30.507,292.6,Chris Cumming,,LMP2,,Pratt Miller Motorsports,Gibson,GF,
73,3,36,1:43.290,0,,24.430,0,48.529,0,30.331,0,199.7,1:07:35.297,19:37:35.297,0:24.430,0:48.529,0:30.331,294.5,Chris Cumming,,LMP2,,Pratt Miller Motorsports,Gibson,GF,
73,3,37,1:43.406,0,,24.476,0,48.109,0,30.821,0,199.5,1:09:18.703,19:39:18.703,0:24.476,0:48.109,0:30.821,294.5,Chris Cumming,,LMP2,,Pratt Miller Motorsports,Gibson,GF,
73,3,38,1:43.201,0,,24.404,0,48.449,0,30.348,0,199.9,1:11:01.904,19:41:01.904,0:24.404,0:48.449,0:30.348,295.2,Chris Cumming,,LMP2,,Pratt Miller Motorsports,Gibson,GF,
73,3,39,1:43.603,0,,24.984,0,47.993,0,30.626,0,199.1,1:12:45.507,19:42:45.507,0:24.984,0:47.993,0:30.626,293.2,Chris Cumming,,LMP2,,Pratt Miller Motorsports,Gibson,GF,
73,3,40,1:43.263,0,,24.705,0,48.173,0,30.385,0,199.7,1:14:28.770,19:44:28.770,0:24.705,0:48.173,0:30.385,294.5,Chris Cumming,,LMP2,,Pratt Miller Motorsports,Gibson,GF,
73,3,41,1:44.411,0,,24.429,0,47.755,1,32.227,0,197.5,1:16:13.181,19:46:13.181,0:24.429,0:47.755,0:32.227,287.4,Chris Cumming,,LMP2,,Pratt Miller Motorsports,Gibson,GF,
73,3,42,1:43.642,0,,25.517,0,47.941,0,30.184,1,199.0,1:17:56.823,19:47:56.823,0:25.517,0:47.941,0:30.184,293.9,Chris Cumming,,LMP2,,Pratt Miller Motorsports,Gibson,GF,
73,3,43,1:42.915,0,,24.621,0,48.026,0,30.268,0,200.4,1:19:39.738,19:49:39.738,0:24.621,0:48.026,0:30.268,297.2,Chris Cumming,,LMP2,,Pratt Miller Motorsports,Gibson,GF,
73,3,44,1:58.070,0,B,25.606,0,48.684,0,43.780,0,174.7,1:21:37.808,19:51:37.808,0:25.606,0:48.684,0:43.780,,Chris Cumming,,LMP2,,Pratt Miller Motorsports,Gibson,GF,
73,4,45,3:36.099,0,,2:11.125,0,53.445,0,31.529,0,95.4,1:25:13.907,19:55:13.907,2:11.125,0:53.445,0:31.529,293.2,Enzo Fittipaldi,0:02:02.660,LMP2,,Pratt Miller Motorsports,Gibson,GF,
73,4,46,1:44.136,0,,25.395,0,48.403,0,30.338,0,198.1,1:26:58.043,19:56:58.043,0:25.395,0:48.403,0:30.338,295.8,Enzo Fittipaldi,,LMP2,,Pratt Miller Motorsports,Gibson,GF,
73,4,47,1:41.886,0,,24.043,0,47.670,0,30.173,0,202.4,1:28:39.929,19:58:39.929,0:24.043,0:47.670,0:30.173,294.5,Enzo Fittipaldi,,LMP2,,Pratt Miller Motorsports,Gibson,GF,
73,4,48,1:41.568,0,,24.250,0,47.575,0,29.743,0,203.1,1:30:21.497,20:00:21.497,0:24.250,0:47.575,0:29.743,296.5,Enzo Fittipaldi,,LMP2,,Pratt Miller Motorsports,Gibson,GF,
73,4,49,1:44.471,0,,24.399,0,48.936,0,31.136,0,197.4,1:32:05.968,20:02:05.968,0:24.399,0:48.936,0:31.136,298.5,Enzo Fittipaldi,,LMP2,,Pratt Miller Motorsports,Gibson,GF,
73,4,50,1:42.384,0,,24.603,0,47.970,0,29.811,0,201.5,1:33:48.352,20:03:48.352,0:24.603,0:47.970,0:29.811,295.2,Enzo Fittipaldi,,LMP2,,Pratt Miller Motorsports,Gibson,GF,
73,4,51,1:40.754,0,,23.887,1,47.365,0,29.502,1,204.7,1:35:29.106,20:05:29.106,0:23.887,0:47.365,0:29.502,295.8,Enzo Fittipaldi,,LMP2,,Pratt Miller Motorsports,Gibson,GF,
73,4,52,1:42.470,0,,24.255,0,47.699,0,30.516,0,201.3,1:37:11.576,20:07:11.576,0:24.255,0:47.699,0:30.516,297.2,Enzo Fittipaldi,,LMP2,,Pratt Miller Motorsports,Gibson,GF,
73,4,53,1:42.942,0,,25.222,0,47.692,0,30.028,0,200.4,1:38:54.518,20:08:54.518,0:25.222,0:47.692,0:30.028,296.5,Enzo Fittipaldi,,LMP2,,Pratt Miller Motorsports,Gibson,GF,
73,4,54,1:55.238,0,B,24.243,0,47.424,0,43.571,0,179.0,1:40:49.756,20:10:49.756,0:24.243,0:47.424,0:43.571,,Enzo Fittipaldi,,LMP2,,Pratt Miller Motorsports,Gibson,GF,
73,4,55,9:12.722,0,,7:53.041,0,49.336,0,30.345,0,37.3,1:50:02.478,20:20:02.478,7:53.041,0:49.336,0:30.345,296.5,Enzo Fittipaldi,0:07:49.516,LMP2,,Pratt Miller Motorsports,Gibson,GF,
73,4,56,1:42.303,0,,24.893,0,47.461,0,29.949,0,201.6,1:51:44.781,20:21:44.781,0:24.893,0:47.461,0:29.949,296.5,Enzo Fittipaldi,,LMP2,,Pratt Miller Motorsports,Gibson,GF,
73,4,57,1:41.076,0,,23.953,0,47.261,1,29.862,0,204.1,1:53:25.857,20:23:25.857,0:23.953,0:47.261,0:29.862,297.2,Enzo Fittipaldi,,LMP2,,Pratt Miller Motorsports,Gibson,GF,
73,4,58,1:42.051,0,,23.888,0,48.436,0,29.727,0,202.1,1:55:07.908,20:25:07.908,0:23.888,0:48.436,0:29.727,295.8,Enzo Fittipaldi,,LMP2,,Pratt Miller Motorsports,Gibson,GF,
73,4,59,1:42.297,0,,24.023,0,47.837,0,30.437,0,201.6,1:56:50.205,20:26:50.205,0:24.023,0:47.837,0:30.437,297.2,Enzo Fittipaldi,,LMP2,,Pratt Miller Motorsports,Gibson,GF,
73,4,60,1:41.830,0,,24.170,0,47.347,0,30.313,0,202.5,1:58:32.035,20:28:32.035,0:24.170,0:47.347,0:30.313,296.5,Enzo Fittipaldi,,LMP2,,Pratt Miller Motorsports,Gibson,GF,
73,4,61,1:40.887,0,,24.016,0,47.321,0,29.550,0,204.4,2:00:12.922,20:30:12.922,0:24.016,0:47.321,0:29.550,295.8,Enzo Fittipaldi,,LMP2,,Pratt Miller Motorsports,Gibson,FF,
75,4,1,8:05.554,0,B,3:25.319,0,56.186,0,3:44.049,0,42.5,8:05.554,18:38:05.554,3:25.319,0:56.186,3:44.049,,Chaz Mostert,0:03:04.609,GTDPRO,,75 Express,Mercedes-AMG,GF,
75,3,2,2:16.748,0,,50.410,0,52.865,0,33.473,0,150.8,10:22.302,18:40:22.302,0:50.410,0:52.865,0:33.473,272.6,Will Power,0:03:43.414,GTDPRO,,75 Express,Mercedes-AMG,GF,
75,3,3,1:50.831,0,,26.697,0,51.203,0,32.931,0,186.1,12:13.133,18:42:13.133,0:26.697,0:51.203,0:32.931,273.7,Will Power,,GTDPRO,,75 Express,Mercedes-AMG,GF,
75,3,4,4:24.923,0,B,26.203,0,51.027,0,3:07.693,0,77.9,16:38.056,18:46:38.056,0:26.203,0:51.027,3:07.693,,Will Power,,GTDPRO,,75 Express,Mercedes-AMG,GF,
75,4,5,8:53.270,0,B,50.354,0,1:00.779,0,7:02.137,0,38.7,25:31.326,18:55:31.326,0:50.354,1:00.779,7:02.137,,Chaz Mostert,0:03:07.367,GTDPRO,,75 Express,Mercedes-AMG,GF,
75,4,6,5:01.740,0,B,49.098,0,52.297,0,3:20.345,0,68.4,30:33.066,19:00:33.066,0:49.098,0:52.297,3:20.345,,Chaz Mostert,0:06:57.182,GTDPRO,,75 Express,Mercedes-AMG,GF,
75,3,7,2:20.508,0,,51.768,0,54.870,0,33.870,0,146.8,32:53.574,19:02:53.574,0:51.768,0:54.870,0:33.870,271.4,Will Power,0:03:20.578,GTDPRO,,75 Express,Mercedes-AMG,GF,
75,3,8,1:49.018,0,,25.913,0,50.538,0,32.567,0,189.2,34:42.592,19:04:42.592,0:25.913,0:50.538,0:32.567,274.8,Will Power,,GTDPRO,,75 Express,Mercedes-AMG,GF,
75,3,9,1:48.181,0,,26.006,0,49.968,0,32.207,1,190.7,36:30.773,19:06:30.773,0:26.006,0:49.968,0:32.207,275.4,Will Power,,GTDPRO,,75 Express,Mercedes-AMG,GF,
75,3,10,1:47.673,2,,25.264,2,49.859,2,32.550,0,191.6,38:18.446,19:08:18.446,0:25.264,0:49.859,0:32.550,276.6,Will Power,,GTDPRO,,75 Express,Mercedes-AMG,GF,
75,3,11,1:48.005,0,,25.551,0,50.176,0,32.278,0,191.0,40:06.451,19:10:06.451,0:25.551,0:50.176,0:32.278,276.6,Will Power,,GTDPRO,,75 Express,Mercedes-AMG,GF,
75,3,12,5:33.568,0,B,25.324,0,50.390,0,4:17.854,0,61.8,45:40.019,19:15:40.019,0:25.324,0:50.390,4:17.854,,Will Power,,GTDPRO,,75 Express,Mercedes-AMG,GF,
75,3,13,2:11.102,0,,48.011,0,50.622,0,32.469,0,157.3,47:51.121,19:17:51.121,0:48.011,0:50.622,0:32.469,273.1,Will Power,0:04:17.556,GTDPRO,,75 Express,Mercedes-AMG,GF,
75,3,14,1:48.105,0,,25.474,0,50.208,0,32.423,0,190.8,49:39.226,19:19:39.226,0:25.474,0:50.208,0:32.423,274.8,Will Power,,GTDPRO,,75 Express,Mercedes-AMG,GF,
75,3,15,1:47.968,0,,25.347,0,50.229,0,32.392,0,191.0,51:27.194,19:21:27.194,0:25.347,0:50.229,0:32.392,276.6,Will Power,,GTDPRO,,75 Express,Mercedes-AMG,GF,
75,3,16,1:48.417,0,,25.495,0,50.381,0,32.541,0,190.2,53:15.611,19:23:15.611,0:25.495,0:50.381,0:32.541,276.0,Will Power,,GTDPRO,,75 Express,Mercedes-AMG,GF,
75,3,17,3:57.541,0,B,25.735,0,50.093,0,2:41.713,0,86.8,57:13.152,19:27:13.152,0:25.735,0:50.093,2:41.713,,Will Power,,GTDPRO,,75 Express,Mercedes-AMG,GF,
75,3,18,2:12.667,0,,48.315,0,51.618,0,32.734,0,155.5,59:25.819,19:29:25.819,0:48.315,0:51.618,0:32.734,276.0,Will Power,0:02:41.867,GTDPRO,,75 Express,Mercedes-AMG,GF,
75,3,19,1:55.538,0,,27.663,0,55.170,0,32.705,0,178.5,1:01:21.357,19:31:21.357,0:27.663,0:55.170,0:32.705,274.8,Will Power,,GTDPRO,,75 Express,Mercedes-AMG,GF,
75,3,20,1:48.990,0,,26.102,0,50.421,0,32.467,0,189.2,1:03:10.347,19:33:10.347,0:26.102,0:50.421,0:32.467,276.0,Will Power,,GTDPRO,,75 Express,Mercedes-AMG,GF,
75,3,21,1:48.787,0,,26.174,0,50.325,0,32.288,0,189.6,1:04:59.134,19:34:59.134,0:26.174,0:50.325,0:32.288,278.3,Will Power,,GTDPRO,,75 Express,Mercedes-AMG,GF,
75,3,22,1:48.784,0,,25.901,0,50.578,0,32.305,0,189.6,1:06:47.918,19:36:47.918,0:25.901,0:50.578,0:32.305,277.7,Will Power,,GTDPRO,,75 Express,Mercedes-AMG,GF,
75,3,23,1:48.425,0,,25.740,0,50.406,0,32.279,0,190.2,1:08:36.343,19:38:36.343,0:25.740,0:50.406,0:32.279,275.4,Will Power,,GTDPRO,,75 Express,Mercedes-AMG,GF,
75,3,24,3:24.054,0,B,25.569,0,50.381,0,2:08.104,0,101.1,1:12:00.397,19:42:00.397,0:25.569,0:50.381,2:08.104,,Will Power,,GTDPRO,,75 Express,Mercedes-AMG,GF,
75,3,25,2:11.296,0,,47.837,0,50.915,0,32.544,0,157.1,1:14:11.693,19:44:11.693,0:47.837,0:50.915,0:32.544,274.3,Will Power,0:02:08.011,GTDPRO,,75 Express,Mercedes-AMG,GF,
75,3,26,1:48.734,0,,25.838,0,50.442,0,32.454,0,189.7,1:16:00.427,19:46:00.427,0:25.838,0:50.442,0:32.454,274.3,Will Power,,GTDPRO,,75 Express,Mercedes-AMG,GF,
75,3,27,1:48.505,0,,25.713,0,50.467,0,32.325,0,190.1,1:17:48.932,19:47:48.932,0:25.713,0:50.467,0:32.325,277.7,Will Power,,GTDPRO,,75 Express,Mercedes-AMG,GF,
75,3,28,1:49.808,0,,25.763,0,50.717,0,33.328,0,187.8,1:19:38.740,19:49:38.740,0:25.763,0:50.717,0:33.328,276.0,Will Power,,GTDPRO,,75 Express,Mercedes-AMG,GF,
75,3,29,2:54.405,0,B,26.359,0,51.364,0,1:36.682,0,118.3,1:22:33.145,19:52:33.145,0:26.359,0:51.364,1:36.682,,Will Power,,GTDPRO,,75 Express,Mercedes-AMG,GF,
75,4,30,2:27.845,0,B,49.558,0,52.649,0,45.638,0,139.5,1:25:00.990,19:55:00.990,0:49.558,0:52.649,0:45.638,,Chaz Mostert,0:01:36.196,GTDPRO,,75 Express,Mercedes-AMG,GF,
75,4,31,2:11.825,0,,47.990,0,51.383,0,32.452,0,156.5,1:27:12.815,19:57:12.815,0:47.990,0:51.383,0:32.452,273.1,Chaz Mostert,0:00:45.274,GTDPRO,,75 Express,Mercedes-AMG,GF,
75,4,32,1:48.454,0,,25.736,0,50.406,0,32.312,0,190.2,1:29:01.269,19:59:01.269,0:25.736,0:50.406,0:32.312,275.4,Chaz Mostert,,GTDPRO,,75 Express,Mercedes-AMG,GF,
75,4,33,1:50.038,0,,26.670,0,51.010,0,32.358,0,187.4,1:30:51.307,20:00:51.307,0:26.670,0:51.010,0:32.358,273.1,Chaz Mostert,,GTDPRO,,75 Express,Mercedes-AMG,GF,
75,4,34,1:48.594,0,,25.769,0,50.459,0,32.366,0,189.9,1:32:39.901,20:02:39.901,0:25.769,0:50.459,0:32.366,273.1,Chaz Mostert,,GTDPRO,,75 Express,Mercedes-AMG,GF,
75,4,35,1:48.131,0,,25.611,0,50.362,0,32.158,0,190.7,1:34:28.032,20:04:28.032,0:25.611,0:50.362,0:32.158,274.8,Chaz Mostert,,GTDPRO,,75 Express,Mercedes-AMG,GF,
75,4,36,1:48.007,0,,25.612,0,50.238,0,32.157,0,191.0,1:36:16.039,20:06:16.039,0:25.612,0:50.238,0:32.157,276.0,Chaz Mostert,,GTDPRO,,75 Express,Mercedes-AMG,GF,
75,4,37,1:51.357,0,,25.580,1,53.446,0,32.331,0,185.2,1:38:07.396,20:08:07.396,0:25.580,0:53.446,0:32.331,274.8,Chaz Mostert,,GTDPRO,,75 Express,Mercedes-AMG,GF,
75,4,38,1:50.123,0,,25.694,0,50.433,0,33.996,0,187.3,1:39:57.519,20:09:57.519,0:25.694,0:50.433,0:33.996,255.6,Chaz Mostert,,GTDPRO,,75 Express,Mercedes-AMG,GF,
75,4,39,1:47.987,0,,25.752,0,50.179,0,32.056,2,191.0,1:41:45.506,20:11:45.506,0:25.752,0:50.179,0:32.056,277.2,Chaz Mostert,,GTDPRO,,75 Express,Mercedes-AMG,GF,
75,4,40,1:50.952,0,,25.694,0,52.582,0,32.676,0,185.9,1:43:36.458,20:13:36.458,0:25.694,0:52.582,0:32.676,277.2,Chaz Mostert,,GTDPRO,,75 Express,Mercedes-AMG,GF,
75,4,41,1:48.130,0,,25.703,0,50.309,0,32.118,0,190.7,1:45:24.588,20:15:24.588,0:25.703,0:50.309,0:32.118,277.2,Chaz Mostert,,GTDPRO,,75 Express,Mercedes-AMG,GF,
75,4,42,1:48.078,0,,25.695,0,50.269,0,32.114,0,190.8,1:47:12.666,20:17:12.666,0:25.695,0:50.269,0:32.114,275.4,Chaz Mostert,,GTDPRO,,75 Express,Mercedes-AMG,GF,
75,4,43,1:47.911,0,,25.690,0,50.151,0,32.070,0,191.1,1:49:00.577,20:19:00.577,0:25.690,0:50.151,0:32.070,276.0,Chaz Mostert,,GTDPRO,,75 Express,Mercedes-AMG,GF,
77,2,1,2:52.510,0,B,1:06.923,0,57.084,0,48.503,0,119.6,2:52.510,18:32:52.510,1:06.923,0:57.084,0:48.503,,Alessio Picariello,0:00:47.185,GTDPRO,,AO Racing,Porsche,GF,
77,2,2,3:35.453,0,,2:11.056,0,51.426,0,32.971,0,95.7,6:27.963,18:36:27.963,2:11.056,0:51.426,0:32.971,273.1,Alessio Picariello,0:02:08.197,GTDPRO,,AO Racing,Porsche,GF,
77,2,3,1:49.017,0,,25.565,0,50.835,0,32.617,0,189.2,8:16.980,18:38:16.980,0:25.565,0:50.835,0:32.617,274.3,Alessio Picariello,,GTDPRO,,AO Racing,Porsche,GF,
77,2,4,1:48.860,0,,25.330,0,50.993,0,32.537,0,189.5,10:05.840,18:40:05.840,0:25.330,0:50.993,0:32.537,273.1,Alessio Picariello,,GTDPRO,,AO Racing,Porsche,GF,
77,2,5,1:48.925,0,,25.498,0,50.745,0,32.682,0,189.4,11:54.765,18:41:54.765,0:25.498,0:50.745,0:32.682,275.4,Alessio Picariello,,GTDPRO,,AO Racing,Porsche,GF,
77,2,6,1:49.390,0,,25.435,0,51.211,0,32.744,0,188.5,13:44.155,18:43:44.155,0:25.435,0:51.211,0:32.744,273.7,Alessio Picariello,,GTDPRO,,AO Racing,Porsche,GF,
77,2,7,1:49.436,0,,25.874,0,50.888,0,32.674,0,188.5,15:33.591,18:45:33.591,0:25.874,0:50.888,0:32.674,271.4,Alessio Picariello,,GTDPRO,,AO Racing,Porsche,GF,
77,2,8,1:49.137,0,,25.439,0,50.981,0,32.717,0,189.0,17:22.728,18:47:22.728,0:25.439,0:50.981,0:32.717,269.8,Alessio Picariello,,GTDPRO,,AO Racing,Porsche,GF,
77,2,9,2:01.111,0,B,25.320,2,50.965,0,44.826,0,170.3,19:23.839,18:49:23.839,0:25.320,0:50.965,0:44.826,,Alessio Picariello,,GTDPRO,,AO Racing,Porsche,GF,
77,2,10,5:58.675,0,,4:34.225,0,51.620,0,32.830,0,57.5,25:22.514,18:55:22.514,4:34.225,0:51.620,0:32.830,270.3,Alessio Picariello,0:04:31.202,GTDPRO,,AO Racing,Porsche,GF,
77,2,11,1:49.398,0,,25.895,0,50.771,0,32.732,0,188.5,27:11.912,18:57:11.912,0:25.895,0:50.771,0:32.732,269.8,Alessio Picariello,,GTDPRO,,AO Racing,Porsche,GF,
77,2,12,1:48.880,0,,25.371,0,50.851,0,32.658,0,189.4,29:00.792,18:59:00.792,0:25.371,0:50.851,0:32.658,271.4,Alessio Picariello,,GTDPRO,,AO Racing,Porsche,GF,
77,2,13,1:48.589,2,,25.410,0,50.718,1,32.461,1,189.9,30:49.381,19:00:49.381,0:25.410,0:50.718,0:32.461,273.7,Alessio Picariello,,GTDPRO,,AO Racing,Porsche,GF,
77,2,14,1:49.282,0,,25.537,0,51.039,0,32.706,0,188.7,32:38.663,19:02:38.663,0:25.537,0:51.039,0:32.706,272.0,Alessio Picariello,,GTDPRO,,AO Racing,Porsche,GF,
77,2,15,1:49.269,0,,25.846,0,50.888,0,32.535,0,188.8,34:27.932,19:04:27.932,0:25.846,0:50.888,0:32.535,272.6,Alessio Picariello,,GTDPRO,,AO Racing,Porsche,GF,
77,2,16,1:49.473,0,,25.817,0,51.078,0,32.578,0,188.4,36:17.405,19:06:17.405,0:25.817,0:51.078,0:32.578,273.1,Alessio Picariello,,GTDPRO,,AO Racing,Porsche,GF,
77,2,17,2:02.307,0,B,25.785,0,51.472,0,45.050,0,168.6,38:19.712,19:08:19.712,0:25.785,0:51.472,0:45.050,,Alessio Picariello,,GTDPRO,,AO Racing,Porsche,GF,
77,3,18,3:26.413,0,,2:02.019,0,51.253,0,33.141,0,99.9,41:46.125,19:11:46.125,2:02.019,0:51.253,0:33.141,272.6,Nick Tandy,0:01:58.898,GTDPRO,,AO Racing,Porsche,GF,
77,3,19,1:50.987,0,,25.596,0,51.685,0,33.706,0,185.8,43:37.112,19:13:37.112,0:25.596,0:51.685,0:33.706,271.4,Nick Tandy,,GTDPRO,,AO Racing,Porsche,GF,
77,3,20,1:49.172,0,,25.576,0,50.926,0,32.670,0,188.9,45:26.284,19:15:26.284,0:25.576,0:50.926,0:32.670,273.1,Nick Tandy,,GTDPRO,,AO Racing,Porsche,GF,
77,3,21,1:49.104,0,,25.437,0,50.878,0,32.789,0,189.0,47:15.388,19:17:15.388,0:25.437,0:50.878,0:32.789,273.7,Nick Tandy,,GTDPRO,,AO Racing,Porsche,GF,
77,3,22,1:48.715,0,,25.407,0,50.746,0,32.562,0,189.7,49:04.103,19:19:04.103,0:25.407,0:50.746,0:32.562,274.8,Nick Tandy,,GTDPRO,,AO Racing,Porsche,GF,
77,3,23,1:50.424,0,,25.566,0,51.407,0,33.451,0,186.8,50:54.527,19:20:54.527,0:25.566,0:51.407,0:33.451,274.3,Nick Tandy,,GTDPRO,,AO Racing,Porsche,GF,
77,3,24,2:02.172,0,B,25.550,0,51.111,0,45.511,0,168.8,52:56.699,19:22:56.699,0:25.550,0:51.111,0:45.511,,Nick Tandy,,GTDPRO,,AO Racing,Porsche,GF,
77,3,25,4:21.204,0,,2:53.354,0,54.291,0,33.559,0,79.0,57:17.903,19:27:17.903,2:53.354,0:54.291,0:33.559,269.8,Nick Tandy,0:02:48.920,GTDPRO,,AO Racing,Porsche,GF,
77,3,26,1:49.240,0,,25.569,0,50.872,0,32.799,0,188.8,59:07.143,19:29:07.143,0:25.569,0:50.872,0:32.799,270.3,Nick Tandy,,GTDPRO,,AO Racing,Porsche,GF,
77,3,27,1:48.912,0,,25.337,0,50.788,0,32.787,0,189.4,1:00:56.055,19:30:56.055,0:25.337,0:50.788,0:32.787,270.3,Nick Tandy,,GTDPRO,,AO Racing,Porsche,GF,
77,3,28,1:48.792,0,,25.431,0,50.694,2,32.667,0,189.6,1:02:44.847,19:32:44.847,0:25.431,0:50.694,0:32.667,269.2,Nick Tandy,,GTDPRO,,AO Racing,Porsche,GF,
77,3,29,1:49.205,0,,25.677,0,50.870,0,32.658,0,188.9,1:04:34.052,19:34:34.052,0:25.677,0:50.870,0:32.658,270.3,Nick Tandy,,GTDPRO,,AO Racing,Porsche,GF,
77,3,30,1:48.949,0,,25.382,0,50.829,0,32.738,0,189.3,1:06:23.001,19:36:23.001,0:25.382,0:50.829,0:32.738,269.2,Nick Tandy,,GTDPRO,,AO Racing,Porsche,GF,
77,3,31,1:48.853,0,,25.331,1,50.877,0,32.645,0,189.5,1:08:11.854,19:38:11.854,0:25.331,0:50.877,0:32.645,272.6,Nick Tandy,,GTDPRO,,AO Racing,Porsche,GF,
77,3,32,1:48.812,0,,25.378,0,50.862,0,32.572,0,189.6,1:10:00.666,19:40:00.666,0:25.378,0:50.862,0:32.572,270.3,Nick Tandy,,GTDPRO,,AO Racing,Porsche,GF,
77,3,33,1:49.090,0,,25.489,0,50.841,0,32.760,0,189.1,1:11:49.756,19:41:49.756,0:25.489,0:50.841,0:32.760,272.0,Nick Tandy,,GTDPRO,,AO Racing,Porsche,GF,
77,3,34,1:49.007,0,,25.409,0,50.965,0,32.633,0,189.2,1:13:38.763,19:43:38.763,0:25.409,0:50.965,0:32.633,269.8,Nick Tandy,,GTDPRO,,AO Racing,Porsche,GF,
77,3,35,1:48.678,0,,25.334,0,50.852,0,32.492,1,189.8,1:15:27.441,19:45:27.441,0:25.334,0:50.852,0:32.492,272.0,Nick Tandy,,GTDPRO,,AO Racing,Porsche,GF,
77,3,36,1:48.886,0,,25.464,0,50.855,0,32.567,0,189.4,1:17:16.327,19:47:16.327,0:25.464,0:50.855,0:32.567,270.9,Nick Tandy,,GTDPRO,,AO Racing,Porsche,GF,
77,3,37,1:49.514,0,,25.456,0,51.467,0,32.591,0,188.3,1:19:05.841,19:49:05.841,0:25.456,0:51.467,0:32.591,270.9,Nick Tandy,,GTDPRO,,AO Racing,Porsche,GF,
77,3,38,1:49.844,0,,25.605,0,51.519,0,32.720,0,187.8,1:20:55.685,19:50:55.685,0:25.605,0:51.519,0:32.720,270.9,Nick Tandy,,GTDPRO,,AO Racing,Porsche,GF,
77,3,39,1:49.354,0,,25.492,0,51.195,0,32.667,0,188.6,1:22:45.039,19:52:45.039,0:25.492,0:51.195,0:32.667,270.9,Nick Tandy,,GTDPRO,,AO Racing,Porsche,GF,
77,3,40,2:01.942,0,B,25.621,0,51.091,0,45.230,0,169.1,1:24:46.981,19:54:46.981,0:25.621,0:51.091,0:45.230,,Nick Tandy,,GTDPRO,,AO Racing,Porsche,GF,
77,1,41,8:24.150,0,,6:58.060,0,51.336,0,34.754,0,40.9,1:33:11.131,20:03:11.131,6:58.060,0:51.336,0:34.754,201.3,Harry King,0:06:55.442,GTDPRO,,AO Racing,Porsche,GF,
77,1,42,1:50.505,0,,26.248,0,51.143,0,33.114,0,186.6,1:35:01.636,20:05:01.636,0:26.248,0:51.143,0:33.114,268.7,Harry King,,GTDPRO,,AO Racing,Porsche,GF,
77,1,43,1:49.922,0,,25.864,0,51.363,0,32.695,0,187.6,1:36:51.558,20:06:51.558,0:25.864,0:51.363,0:32.695,273.1,Harry King,,GTDPRO,,AO Racing,Porsche,GF,
77,1,44,1:49.710,0,,25.634,0,50.892,0,33.184,0,188.0,1:38:41.268,20:08:41.268,0:25.634,0:50.892,0:33.184,276.0,Harry King,,GTDPRO,,AO Racing,Porsche,GF,
77,1,45,1:50.409,0,,26.382,0,51.338,0,32.689,0,186.8,1:40:31.677,20:10:31.677,0:26.382,0:51.338,0:32.689,269.8,Harry King,,GTDPRO,,AO Racing,Porsche,GF,
77,1,46,1:49.044,0,,25.558,1,50.980,0,32.506,0,189.1,1:42:20.721,20:12:20.721,0:25.558,0:50.980,0:32.506,271.4,Harry King,,GTDPRO,,AO Racing,Porsche,GF,
77,1,47,1:49.582,0,,25.761,0,50.965,0,32.856,0,188.2,1:44:10.303,20:14:10.303,0:25.761,0:50.965,0:32.856,271.4,Harry King,,GTDPRO,,AO Racing,Porsche,GF,
77,1,48,1:52.747,0,,27.303,0,52.972,0,32.472,0,182.9,1:46:03.050,20:16:03.050,0:27.303,0:52.972,0:32.472,274.3,Harry King,,GTDPRO,,AO Racing,Porsche,GF,
77,1,49,1:49.387,0,,25.873,0,50.821,1,32.693,0,188.6,1:47:52.437,20:17:52.437,0:25.873,0:50.821,0:32.693,270.9,Harry King,,GTDPRO,,AO Racing,Porsche,GF,
77,1,50,1:50.008,0,,25.778,0,51.003,0,33.227,0,187.5,1:49:42.445,20:19:42.445,0:25.778,0:51.003,0:33.227,270.3,Harry King,,GTDPRO,,AO Racing,Porsche,GF,
77,1,51,1:49.941,0,,25.758,0,51.519,0,32.664,0,187.6,1:51:32.386,20:21:32.386,0:25.758,0:51.519,0:32.664,268.7,Harry King,,GTDPRO,,AO Racing,Porsche,GF,
77,1,52,1:49.738,0,,25.815,0,51.277,0,32.646,0,188.0,1:53:22.124,20:23:22.124,0:25.815,0:51.277,0:32.646,269.8,Harry King,,GTDPRO,,AO Racing,Porsche,GF,
77,1,53,1:49.075,0,,25.649,0,50.948,0,32.478,0,189.1,1:55:11.199,20:25:11.199,0:25.649,0:50.948,0:32.478,270.9,Harry King,,GTDPRO,,AO Racing,Porsche,GF,
77,1,54,1:49.539,0,,25.777,0,51.118,0,32.644,0,188.3,1:57:00.738,20:27:00.738,0:25.777,0:51.118,0:32.644,271.4,Harry King,,GTDPRO,,AO Racing,Porsche,GF,
77,1,55,1:49.165,0,,25.763,0,50.950,0,32.452,2,188.9,1:58:49.903,20:28:49.903,0:25.763,0:50.950,0:32.452,270.9,Harry King,,GTDPRO,,AO Racing,Porsche,GF,
77,1,56,1:49.358,0,,25.818,0,51.002,0,32.538,0,188.6,2:00:39.261,20:30:39.261,0:25.818,0:51.002,0:32.538,270.9,Harry King,,GTDPRO,,AO Racing,Porsche,FF,
8,1,1,2:22.385,0,,54.770,0,55.392,0,32.223,0,144.9,2:22.385,18:32:22.385,0:54.770,0:55.392,0:32.223,290.6,John Farano,0:00:34.408,LMP2,,Tower Motorsports,Gibson,GF,
8,1,2,1:47.249,0,,26.150,0,49.575,0,31.524,0,192.3,4:09.634,18:34:09.634,0:26.150,0:49.575,0:31.524,291.3,John Farano,,LMP2,,Tower Motorsports,Gibson,GF,
8,1,3,1:45.135,0,,24.977,0,48.483,0,31.675,0,196.2,5:54.769,18:35:54.769,0:24.977,0:48.483,0:31.675,291.3,John Farano,,LMP2,,Tower Motorsports,Gibson,GF,
8,1,4,1:44.237,0,,24.557,0,48.653,0,31.027,0,197.9,7:39.006,18:37:39.006,0:24.557,0:48.653,0:31.027,293.2,John Farano,,LMP2,,Tower Motorsports,Gibson,GF,
8,1,5,1:44.690,0,,25.091,0,48.580,0,31.019,0,197.0,9:23.696,18:39:23.696,0:25.091,0:48.580,0:31.019,293.2,John Farano,,LMP2,,Tower Motorsports,Gibson,GF,
8,1,6,1:43.529,0,,24.448,1,48.346,0,30.735,0,199.2,11:07.225,18:41:07.225,0:24.448,0:48.346,0:30.735,295.8,John Farano,,LMP2,,Tower Motorsports,Gibson,GF,
8,1,7,1:45.424,0,,24.591,0,49.814,0,31.019,0,195.6,12:52.649,18:42:52.649,0:24.591,0:49.814,0:31.019,294.5,John Farano,,LMP2,,Tower Motorsports,Gibson,GF,
8,1,8,1:46.474,0,,24.834,0,50.841,0,30.799,0,193.7,14:39.123,18:44:39.123,0:24.834,0:50.841,0:30.799,297.2,John Farano,,LMP2,,Tower Motorsports,Gibson,GF,
8,1,9,1:45.311,0,,24.607,0,49.762,0,30.942,0,195.9,16:24.434,18:46:24.434,0:24.607,0:49.762,0:30.942,293.9,John Farano,,LMP2,,Tower Motorsports,Gibson,GF,
8,1,10,1:44.086,0,,24.551,0,48.928,0,30.607,0,198.2,18:08.520,18:48:08.520,0:24.551,0:48.928,0:30.607,294.5,John Farano,,LMP2,,Tower Motorsports,Gibson,GF,
8,1,11,1:44.904,0,,24.597,0,49.777,0,30.530,0,196.6,19:53.424,18:49:53.424,0:24.597,0:49.777,0:30.530,295.8,John Farano,,LMP2,,Tower Motorsports,Gibson,GF,
8,1,12,1:43.459,0,,24.711,0,48.242,1,30.506,1,199.4,21:36.883,18:51:36.883,0:24.711,0:48.242,0:30.506,297.9,John Farano,,LMP2,,Tower Motorsports,Gibson,GF,
8,1,13,1:44.726,0,,25.207,0,48.824,0,30.695,0,196.9,23:21.609,18:53:21.609,0:25.207,0:48.824,0:30.695,299.9,John Farano,,LMP2,,Tower Motorsports,Gibson,GF,
8,1,14,1:45.204,0,,24.981,0,48.824,0,31.399,0,196.1,25:06.813,18:55:06.813,0:24.981,0:48.824,0:31.399,296.5,John Farano,,LMP2,,Tower Motorsports,Gibson,GF,
8,1,15,1:58.857,0,B,25.052,0,48.484,0,45.321,0,173.5,27:05.670,18:57:05.670,0:25.052,0:48.484,0:45.321,,John Farano,,LMP2,,Tower Motorsports,Gibson,GF,
8,3,16,3:32.665,0,B,1:46.861,0,58.055,0,47.749,0,97.0,30:38.335,19:00:38.335,1:46.861,0:58.055,0:47.749,,Sebastian Alvarez,0:01:37.946,LMP2,,Tower Motorsports,Gibson,GF,
8,3,17,2:52.294,0,B,1:15.220,0,52.224,0,44.850,0,119.7,33:30.629,19:03:30.629,1:15.220,0:52.224,0:44.850,,Sebastian Alvarez,0:01:09.143,LMP2,,Tower Motorsports,Gibson,GF,
8,3,18,2:47.972,0,,1:23.851,0,52.515,0,31.606,0,122.8,36:18.601,19:06:18.601,1:23.851,0:52.515,0:31.606,295.2,Sebastian Alvarez,0:01:17.922,LMP2,,Tower Motorsports,Gibson,GF,
8,3,19,1:46.700,0,,25.534,0,49.844,0,31.322,0,193.3,38:05.301,19:08:05.301,0:25.534,0:49.844,0:31.322,297.2,Sebastian Alvarez,,LMP2,,Tower Motorsports,Gibson,GF,
8,3,20,1:42.063,0,,24.203,0,47.781,0,30.079,0,202.1,39:47.364,19:09:47.364,0:24.203,0:47.781,0:30.079,293.9,Sebastian Alvarez,,LMP2,,Tower Motorsports,Gibson,GF,
8,3,21,1:41.926,0,,23.897,0,47.391,0,30.638,0,202.4,41:29.290,19:11:29.290,0:23.897,0:47.391,0:30.638,296.5,Sebastian Alvarez,,LMP2,,Tower Motorsports,Gibson,GF,
8,3,22,1:43.343,0,,24.744,0,48.177,0,30.422,0,199.6,43:12.633,19:13:12.633,0:24.744,0:48.177,0:30.422,295.2,Sebastian Alvarez,,LMP2,,Tower Motorsports,Gibson,GF,
8,3,23,1:41.602,0,,24.159,0,47.393,0,30.050,0,203.0,44:54.235,19:14:54.235,0:24.159,0:47.393,0:30.050,294.5,Sebastian Alvarez,,LMP2,,Tower Motorsports,Gibson,GF,
8,3,24,1:42.527,0,,23.872,0,48.223,0,30.432,0,201.2,46:36.762,19:16:36.762,0:23.872,0:48.223,0:30.432,295.8,Sebastian Alvarez,,LMP2,,Tower Motorsports,Gibson,GF,
8,3,25,1:40.922,0,,23.782,2,47.397,0,29.743,0,204.4,48:17.684,19:18:17.684,0:23.782,0:47.397,0:29.743,295.2,Sebastian Alvarez,,LMP2,,Tower Motorsports,Gibson,GF,
8,3,26,1:41.256,0,,23.901,0,47.414,0,29.941,0,203.7,49:58.940,19:19:58.940,0:23.901,0:47.414,0:29.941,294.5,Sebastian Alvarez,,LMP2,,Tower Motorsports,Gibson,GF,
8,3,27,1:41.492,0,,23.859,0,47.430,0,30.203,0,203.2,51:40.432,19:21:40.432,0:23.859,0:47.430,0:30.203,297.9,Sebastian Alvarez,,LMP2,,Tower Motorsports,Gibson,GF,
8,3,28,1:42.286,0,,25.020,0,47.415,0,29.851,0,201.6,53:22.718,19:23:22.718,0:25.020,0:47.415,0:29.851,296.5,Sebastian Alvarez,,LMP2,,Tower Motorsports,Gibson,GF,
8,3,29,1:41.875,0,,24.079,0,47.579,0,30.217,0,202.5,55:04.593,19:25:04.593,0:24.079,0:47.579,0:30.217,296.5,Sebastian Alvarez,,LMP2,,Tower Motorsports,Gibson,GF,
8,3,30,1:42.587,0,,23.968,0,48.577,0,30.042,0,201.1,56:47.180,19:26:47.180,0:23.968,0:48.577,0:30.042,295.2,Sebastian Alvarez,,LMP2,,Tower Motorsports,Gibson,GF,
8,3,31,1:43.524,0,,24.132,0,48.277,0,31.115,0,199.2,58:30.704,19:28:30.704,0:24.132,0:48.277,0:31.115,293.9,Sebastian Alvarez,,LMP2,,Tower Motorsports,Gibson,GF,
8,3,32,1:42.391,0,,23.893,0,47.545,0,30.953,0,201.4,1:00:13.095,19:30:13.095,0:23.893,0:47.545,0:30.953,295.2,Sebastian Alvarez,,LMP2,,Tower Motorsports,Gibson,GF,
8,3,33,1:40.869,2,,24.039,0,47.152,2,29.678,1,204.5,1:01:53.964,19:31:53.964,0:24.039,0:47.152,0:29.678,296.5,Sebastian Alvarez,,LMP2,,Tower Motorsports,Gibson,GF,
8,3,34,1:41.778,0,,24.026,0,47.409,0,30.343,0,202.7,1:03:35.742,19:33:35.742,0:24.026,0:47.409,0:30.343,297.2,Sebastian Alvarez,,LMP2,,Tower Motorsports,Gibson,GF,
8,3,35,1:43.297,0,,25.066,0,47.522,0,30.709,0,199.7,1:05:19.039,19:35:19.039,0:25.066,0:47.522,0:30.709,297.9,Sebastian Alvarez,,LMP2,,Tower Motorsports,Gibson,GF,
8,3,36,1:43.992,0,,24.679,0,47.852,0,31.461,0,198.3,1:07:03.031,19:37:03.031,0:24.679,0:47.852,0:31.461,297.9,Sebastian Alvarez,,LMP2,,Tower Motorsports,Gibson,GF,
8,3,37,1:42.241,0,,24.068,0,48.042,0,30.131,0,201.7,1:08:45.272,19:38:45.272,0:24.068,0:48.042,0:30.131,296.5,Sebastian Alvarez,,LMP2,,Tower Motorsports,Gibson,GF,
8,3,38,1:42.528,0,,24.144,0,47.362,0,31.022,0,201.2,1:10:27.800,19:40:27.800,0:24.144,0:47.362,0:31.022,295.2,Sebastian Alvarez,,LMP2,,Tower Motorsports,Gibson,GF,
8,3,39,1:42.415,0,,24.289,0,47.462,0,30.664,0,201.4,1:12:10.215,19:42:10.215,0:24.289,0:47.462,0:30.664,299.9,Sebastian Alvarez,,LMP2,,Tower Motorsports,Gibson,GF,
8,3,40,1:42.577,0,,24.090,0,47.615,0,30.872,0,201.1,1:13:52.792,19:43:52.792,0:24.090,0:47.615,0:30.872,294.5,Sebastian Alvarez,,LMP2,,Tower Motorsports,Gibson,GF,
8,3,41,1:54.396,0,B,24.016,0,47.571,0,42.809,0,180.3,1:15:47.188,19:45:47.188,0:24.016,0:47.571,0:42.809,,Sebastian Alvarez,,LMP2,,Tower Motorsports,Gibson,GF,
8,4,42,3:43.550,0,B,2:09.165,0,49.918,0,44.467,0,92.3,1:19:30.738,19:49:30.738,2:09.165,0:49.918,0:44.467,,Kyffin Simpson,0:02:05.180,LMP2,,Tower Motorsports,Gibson,GF,
8,4,43,2:07.106,0,,48.026,0,48.553,0,30.527,0,162.3,1:21:37.844,19:51:37.844,0:48.026,0:48.553,0:30.527,293.9,Kyffin Simpson,0:00:44.935,LMP2,,Tower Motorsports,Gibson,GF,
8,4,44,1:43.238,0,,24.772,0,48.291,0,30.175,0,199.8,1:23:21.082,19:53:21.082,0:24.772,0:48.291,0:30.175,293.9,Kyffin Simpson,,LMP2,,Tower Motorsports,Gibson,GF,
8,4,45,1:44.696,0,,25.039,0,49.113,0,30.544,0,197.0,1:25:05.778,19:55:05.778,0:25.039,0:49.113,0:30.544,292.6,Kyffin Simpson,,LMP2,,Tower Motorsports,Gibson,GF,
8,4,46,1:43.366,0,,24.639,0,48.351,0,30.376,0,199.5,1:26:49.144,19:56:49.144,0:24.639,0:48.351,0:30.376,294.5,Kyffin Simpson,,LMP2,,Tower Motorsports,Gibson,GF,
8,4,47,1:43.083,0,,24.714,0,48.032,0,30.337,0,200.1,1:28:32.227,19:58:32.227,0:24.714,0:48.032,0:30.337,296.5,Kyffin Simpson,,LMP2,,Tower Motorsports,Gibson,GF,
8,4,48,1:43.166,0,,24.740,0,48.267,0,30.159,0,199.9,1:30:15.393,20:00:15.393,0:24.740,0:48.267,0:30.159,297.9,Kyffin Simpson,,LMP2,,Tower Motorsports,Gibson,GF,
8,4,49,1:46.155,0,,25.900,0,50.003,0,30.252,0,194.3,1:32:01.548,20:02:01.548,0:25.900,0:50.003,0:30.252,294.5,Kyffin Simpson,,LMP2,,Tower Motorsports,Gibson,GF,
8,4,50,1:42.843,0,,24.547,0,48.252,0,30.044,0,200.6,1:33:44.391,20:03:44.391,0:24.547,0:48.252,0:30.044,292.6,Kyffin Simpson,,LMP2,,Tower Motorsports,Gibson,GF,
8,4,51,1:42.846,0,,24.510,0,48.170,0,30.166,0,200.5,1:35:27.237,20:05:27.237,0:24.510,0:48.170,0:30.166,295.2,Kyffin Simpson,,LMP2,,Tower Motorsports,Gibson,GF,
8,4,52,1:44.309,0,,25.563,0,48.110,0,30.636,0,197.7,1:37:11.546,20:07:11.546,0:25.563,0:48.110,0:30.636,293.9,Kyffin Simpson,,LMP2,,Tower Motorsports,Gibson,GF,
8,4,53,1:43.672,0,,24.890,0,48.148,0,30.634,0,198.9,1:38:55.218,20:08:55.218,0:24.890,0:48.148,0:30.634,294.5,Kyffin Simpson,,LMP2,,Tower Motorsports,Gibson,GF,
8,4,54,1:56.706,0,B,24.961,0,48.262,0,43.483,0,176.7,1:40:51.924,20:10:51.924,0:24.961,0:48.262,0:43.483,,Kyffin Simpson,,LMP2,,Tower Motorsports,Gibson,GF,
8,4,55,2:38.542,0,,1:16.944,0,50.973,0,30.625,0,130.1,1:43:30.466,20:13:30.466,1:16.944,0:50.973,0:30.625,290.6,Kyffin Simpson,0:01:12.416,LMP2,,Tower Motorsports,Gibson,GF,
8,4,56,1:43.776,0,,24.946,0,48.692,0,30.138,0,198.7,1:45:14.242,20:15:14.242,0:24.946,0:48.692,0:30.138,296.5,Kyffin Simpson,,LMP2,,Tower Motorsports,Gibson,GF,
8,4,57,1:42.873,0,,25.194,0,47.671,0,30.008,0,200.5,1:46:57.115,20:16:57.115,0:25.194,0:47.671,0:30.008,291.9,Kyffin Simpson,,LMP2,,Tower Motorsports,Gibson,GF,
8,4,58,1:41.660,0,,24.085,1,47.540,0,30.035,0,202.9,1:48:38.775,20:18:38.775,0:24.085,0:47.540,0:30.035,294.5,Kyffin Simpson,,LMP2,,Tower Motorsports,Gibson,GF,
8,4,59,1:42.082,0,,24.206,0,47.778,0,30.098,0,202.0,1:50:20.857,20:20:20.857,0:24.206,0:47.778,0:30.098,293.9,Kyffin Simpson,,LMP2,,Tower Motorsports,Gibson,GF,
8,4,60,1:42.016,0,,24.139,0,47.668,0,30.209,0,202.2,1:52:02.873,20:22:02.873,0:24.139,0:47.668,0:30.209,293.2,Kyffin Simpson,,LMP2,,Tower Motorsports,Gibson,GF,
8,4,61,1:42.079,0,,24.182,0,47.511,0,30.386,0,202.1,1:53:44.952,20:23:44.952,0:24.182,0:47.511,0:30.386,295.8,Kyffin Simpson,,LMP2,,Tower Motorsports,Gibson,GF,
8,4,62,1:42.913,0,,24.212,0,48.835,0,29.866,0,200.4,1:55:27.865,20:25:27.865,0:24.212,0:48.835,0:29.866,293.9,Kyffin Simpson,,LMP2,,Tower Motorsports,Gibson,GF,
8,4,63,1:41.926,0,,24.189,0,47.525,0,30.212,0,202.4,1:57:09.791,20:27:09.791,0:24.189,0:47.525,0:30.212,293.2,Kyffin Simpson,,LMP2,,Tower Motorsports,Gibson,GF,
8,4,64,1:41.166,0,,24.101,0,47.400,1,29.665,2,203.9,1:58:50.957,20:28:50.957,0:24.101,0:47.400,0:29.665,296.5,Kyffin Simpson,,LMP2,,Tower Motorsports,Gibson,GF,
8,4,65,1:56.597,0,B,24.382,0,47.538,0,44.677,0,176.9,2:00:47.554,20:30:47.554,0:24.382,0:47.538,0:44.677,,Kyffin Simpson,,LMP2,,Tower Motorsports,Gibson,FF,
80,1,1,2:40.923,0,B,55.272,0,57.307,0,48.344,0,128.2,2:40.923,18:32:40.923,0:55.272,0:57.307,0:48.344,,Ralf Aron,0:00:33.574,GTD,,Lone Star Racing,Mercedes-AMG,GF,
80,2,2,3:14.720,0,,1:44.464,0,56.234,0,34.022,0,105.9,5:55.643,18:35:55.643,1:44.464,0:56.234,0:34.022,277.2,James Roe,0:01:37.542,GTD,,Lone Star Racing,Mercedes-AMG,GF,
80,2,3,1:51.762,0,,27.066,0,51.799,0,32.897,0,184.5,7:47.405,18:37:47.405,0:27.066,0:51.799,0:32.897,280.7,James Roe,,GTD,,Lone Star Racing,Mercedes-AMG,GF,
80,2,4,1:50.230,0,,26.166,0,51.269,0,32.795,0,187.1,9:37.635,18:39:37.635,0:26.166,0:51.269,0:32.795,279.5,James Roe,,GTD,,Lone Star Racing,Mercedes-AMG,GF,
80,2,5,2:04.423,0,B,26.295,0,51.229,0,46.899,0,165.8,11:42.058,18:41:42.058,0:26.295,0:51.229,0:46.899,,James Roe,,GTD,,Lone Star Racing,Mercedes-AMG,GF,
80,2,6,2:55.111,0,,1:25.530,0,55.950,0,33.631,0,117.8,14:37.169,18:44:37.169,1:25.530,0:55.950,0:33.631,275.4,James Roe,0:01:19.597,GTD,,Lone Star Racing,Mercedes-AMG,GF,
80,2,7,1:49.970,0,,26.096,0,51.117,0,32.757,0,187.6,16:27.139,18:46:27.139,0:26.096,0:51.117,0:32.757,277.2,James Roe,,GTD,,Lone Star Racing,Mercedes-AMG,GF,
80,2,8,1:48.614,0,,25.885,0,50.498,0,32.231,2,189.9,18:15.753,18:48:15.753,0:25.885,0:50.498,0:32.231,276.6,James Roe,,GTD,,Lone Star Racing,Mercedes-AMG,GF,
80,2,9,2:03.677,0,B,25.242,2,50.146,2,48.289,0,166.8,20:19.430,18:50:19.430,0:25.242,0:50.146,0:48.289,,James Roe,,GTD,,Lone Star Racing,Mercedes-AMG,GF,
80,2,10,3:30.435,0,,2:05.785,0,51.880,0,32.770,0,98.0,23:49.865,18:53:49.865,2:05.785,0:51.880,0:32.770,276.6,James Roe,0:02:02.321,GTD,,Lone Star Racing,Mercedes-AMG,GF,
80,2,11,2:03.497,0,B,26.123,0,50.860,0,46.514,0,167.0,25:53.362,18:55:53.362,0:26.123,0:50.860,0:46.514,,James Roe,,GTD,,Lone Star Racing,Mercedes-AMG,GF,
80,4,12,3:03.628,0,,1:39.571,0,51.210,0,32.847,0,112.3,28:56.990,18:58:56.990,1:39.571,0:51.210,0:32.847,274.8,Scott Andrews,0:01:36.487,GTD,,Lone Star Racing,Mercedes-AMG,GF,
80,4,13,1:49.476,0,,25.781,0,50.935,0,32.760,0,188.4,30:46.466,19:00:46.466,0:25.781,0:50.935,0:32.760,276.6,Scott Andrews,,GTD,,Lone Star Racing,Mercedes-AMG,GF,
80,4,14,1:48.579,2,,25.518,1,50.557,0,32.504,1,190.0,32:35.045,19:02:35.045,0:25.518,0:50.557,0:32.504,277.2,Scott Andrews,,GTD,,Lone Star Racing,Mercedes-AMG,GF,
80,4,15,1:48.979,0,,25.949,0,50.497,0,32.533,0,189.3,34:24.024,19:04:24.024,0:25.949,0:50.497,0:32.533,280.1,Scott Andrews,,GTD,,Lone Star Racing,Mercedes-AMG,GF,
80,4,16,1:50.210,0,,26.195,0,51.325,0,32.690,0,187.1,36:14.234,19:06:14.234,0:26.195,0:51.325,0:32.690,278.3,Scott Andrews,,GTD,,Lone Star Racing,Mercedes-AMG,GF,
80,4,17,2:01.872,0,B,26.166,0,50.489,1,45.217,0,169.2,38:16.106,19:08:16.106,0:26.166,0:50.489,0:45.217,,Scott Andrews,,GTD,,Lone Star Racing,Mercedes-AMG,GF,
80,1,18,3:04.361,0,,1:39.479,0,51.320,0,33.562,0,111.9,41:20.467,19:11:20.467,1:39.479,0:51.320,0:33.562,274.3,Ralf Aron,0:01:36.932,GTD,,Lone Star Racing,Mercedes-AMG,GF,
80,1,19,1:50.455,0,,26.449,0,51.044,0,32.962,0,186.7,43:10.922,19:13:10.922,0:26.449,0:51.044,0:32.962,276.0,Ralf Aron,,GTD,,Lone Star Racing,Mercedes-AMG,GF,
80,1,20,1:49.381,0,,25.703,0,50.848,0,32.830,0,188.6,45:00.303,19:15:00.303,0:25.703,0:50.848,0:32.830,275.4,Ralf Aron,,GTD,,Lone Star Racing,Mercedes-AMG,GF,
80,1,21,1:48.988,0,,25.792,0,50.590,1,32.606,1,189.2,46:49.291,19:16:49.291,0:25.792,0:50.590,0:32.606,277.2,Ralf Aron,,GTD,,Lone Star Racing,Mercedes-AMG,GF,
80,1,22,1:49.240,0,,25.480,1,51.037,0,32.723,0,188.8,48:38.531,19:18:38.531,0:25.480,0:51.037,0:32.723,277.7,Ralf Aron,,GTD,,Lone Star Racing,Mercedes-AMG,GF,
80,1,23,2:02.340,0,B,25.803,0,51.269,0,45.268,0,168.6,50:40.871,19:20:40.871,0:25.803,0:51.269,0:45.268,,Ralf Aron,,GTD,,Lone Star Racing,Mercedes-AMG,GF,
81,1,1,7:34.952,0,,5:55.261,0,59.858,0,39.833,0,45.3,7:34.952,18:37:34.952,5:55.261,0:59.858,0:39.833,262.3,Giacomo Altoè,0:05:33.990,GTD,,DragonSpeed,Chevrolet,GF,
81,1,2,2:06.314,0,,31.706,0,59.703,0,34.905,0,163.3,9:41.266,18:39:41.266,0:31.706,0:59.703,0:34.905,269.2,Giacomo Altoè,,GTD,,DragonSpeed,Chevrolet,GF,
81,1,3,1:55.768,0,,28.616,0,53.612,0,33.540,0,178.2,11:37.034,18:41:37.034,0:28.616,0:53.612,0:33.540,273.1,Giacomo Altoè,,GTD,,DragonSpeed,Chevrolet,GF,
81,1,4,1:50.292,0,,26.082,0,51.149,0,33.061,0,187.0,13:27.326,18:43:27.326,0:26.082,0:51.149,0:33.061,273.1,Giacomo Altoè,,GTD,,DragonSpeed,Chevrolet,GF,
81,1,5,1:49.427,0,,26.034,0,50.593,0,32.800,0,188.5,15:16.753,18:45:16.753,0:26.034,0:50.593,0:32.800,272.0,Giacomo Altoè,,GTD,,DragonSpeed,Chevrolet,GF,
81,1,6,1:48.936,0,,25.700,0,50.751,0,32.485,0,189.3,17:05.689,18:47:05.689,0:25.700,0:50.751,0:32.485,274.3,Giacomo Altoè,,GTD,,DragonSpeed,Chevrolet,GF,
81,1,7,2:07.666,0,B,26.521,0,52.909,0,48.236,0,161.6,19:13.355,18:49:13.355,0:26.521,0:52.909,0:48.236,,Giacomo Altoè,,GTD,,DragonSpeed,Chevrolet,GF,
81,1,8,9:47.508,0,B,8:09.731,0,51.731,0,46.046,0,35.1,29:00.863,18:59:00.863,8:09.731,0:51.731,0:46.046,,Giacomo Altoè,0:08:06.990,GTD,,DragonSpeed,Chevrolet,GF,
81,3,9,3:59.722,0,,2:29.912,0,56.197,0,33.613,0,86.0,33:00.585,19:03:00.585,2:29.912,0:56.197,0:33.613,267.6,Casper Stevenson,0:02:22.011,GTD,,DragonSpeed,Chevrolet,GF,
81,3,10,1:49.515,0,,25.934,0,50.652,0,32.929,0,188.3,34:50.100,19:04:50.100,0:25.934,0:50.652,0:32.929,269.8,Casper Stevenson,,GTD,,DragonSpeed,Chevrolet,GF,
81,3,11,1:48.792,0,,25.112,0,50.789,0,32.891,0,189.6,36:38.892,19:06:38.892,0:25.112,0:50.789,0:32.891,269.8,Casper Stevenson,,GTD,,DragonSpeed,Chevrolet,GF,
81,3,12,1:48.787,0,,25.335,0,50.979,0,32.473,0,189.6,38:27.679,19:08:27.679,0:25.335,0:50.979,0:32.473,272.0,Casper Stevenson,,GTD,,DragonSpeed,Chevrolet,GF,
81,3,13,1:48.806,0,,25.045,2,50.888,0,32.873,0,189.6,40:16.485,19:10:16.485,0:25.045,0:50.888,0:32.873,269.8,Casper Stevenson,,GTD,,DragonSpeed,Chevrolet,GF,
81,3,14,1:48.403,0,,25.050,0,50.921,0,32.432,0,190.3,42:04.888,19:12:04.888,0:25.050,0:50.921,0:32.432,271.4,Casper Stevenson,,GTD,,DragonSpeed,Chevrolet,GF,
81,3,15,1:48.116,0,,25.228,0,50.455,0,32.433,0,190.8,43:53.004,19:13:53.004,0:25.228,0:50.455,0:32.433,272.6,Casper Stevenson,,GTD,,DragonSpeed,Chevrolet,GF,
81,3,16,1:48.096,2,,25.386,0,50.422,2,32.288,2,190.8,45:41.100,19:15:41.100,0:25.386,0:50.422,0:32.288,271.4,Casper Stevenson,,GTD,,DragonSpeed,Chevrolet,GF,
81,3,17,1:48.691,0,,25.367,0,50.931,0,32.393,0,189.8,47:29.791,19:17:29.791,0:25.367,0:50.931,0:32.393,273.1,Casper Stevenson,,GTD,,DragonSpeed,Chevrolet,GF,
81,3,18,2:02.324,0,B,25.675,0,51.131,0,45.518,0,168.6,49:32.115,19:19:32.115,0:25.675,0:51.131,0:45.518,,Casper Stevenson,,GTD,,DragonSpeed,Chevrolet,GF,
81,4,19,3:24.448,0,,1:58.906,0,52.325,0,33.217,0,100.9,52:56.563,19:22:56.563,1:58.906,0:52.325,0:33.217,273.1,Henrik Hedman,0:01:54.939,GTD,,DragonSpeed,Chevrolet,GF,
81,4,20,1:51.364,0,,26.243,0,51.898,0,33.223,0,185.2,54:47.927,19:24:47.927,0:26.243,0:51.898,0:33.223,272.6,Henrik Hedman,,GTD,,DragonSpeed,Chevrolet,GF,
81,4,21,1:52.813,0,,26.665,0,52.488,0,33.660,0,182.8,56:40.740,19:26:40.740,0:26.665,0:52.488,0:33.660,273.1,Henrik Hedman,,GTD,,DragonSpeed,Chevrolet,GF,
81,4,22,1:51.516,0,,26.117,0,52.116,0,33.283,0,185.0,58:32.256,19:28:32.256,0:26.117,0:52.116,0:33.283,272.0,Henrik Hedman,,GTD,,DragonSpeed,Chevrolet,GF,
81,4,23,1:53.231,0,,26.420,0,52.569,0,34.242,0,182.2,1:00:25.487,19:30:25.487,0:26.420,0:52.569,0:34.242,272.6,Henrik Hedman,,GTD,,DragonSpeed,Chevrolet,GF,
81,4,24,1:57.450,0,,27.216,0,56.801,0,33.433,0,175.6,1:02:22.937,19:32:22.937,0:27.216,0:56.801,0:33.433,270.3,Henrik Hedman,,GTD,,DragonSpeed,Chevrolet,GF,
81,4,25,1:51.048,0,,26.224,0,52.013,0,32.811,1,185.7,1:04:13.985,19:34:13.985,0:26.224,0:52.013,0:32.811,272.6,Henrik Hedman,,GTD,,DragonSpeed,Chevrolet,GF,
81,4,26,1:52.386,0,,26.523,0,52.864,0,32.999,0,183.5,1:06:06.371,19:36:06.371,0:26.523,0:52.864,0:32.999,274.3,Henrik Hedman,,GTD,,DragonSpeed,Chevrolet,GF,
81,4,27,1:52.720,0,,26.796,0,53.008,0,32.916,0,183.0,1:07:59.091,19:37:59.091,0:26.796,0:53.008,0:32.916,272.6,Henrik Hedman,,GTD,,DragonSpeed,Chevrolet,GF,
81,4,28,1:51.020,0,,26.342,0,51.303,1,33.375,0,185.8,1:09:50.111,19:39:50.111,0:26.342,0:51.303,0:33.375,272.6,Henrik Hedman,,GTD,,DragonSpeed,Chevrolet,GF,
81,4,29,1:50.438,0,,26.094,1,51.453,0,32.891,0,186.8,1:11:40.549,19:41:40.549,0:26.094,0:51.453,0:32.891,273.1,Henrik Hedman,,GTD,,DragonSpeed,Chevrolet,GF,
81,4,30,2:06.083,0,B,26.763,0,52.647,0,46.673,0,163.6,1:13:46.632,19:43:46.632,0:26.763,0:52.647,0:46.673,,Henrik Hedman,,GTD,,DragonSpeed,Chevrolet,GF,
81,1,31,3:25.262,0,,2:00.878,0,51.468,0,32.916,0,100.5,1:17:11.894,19:47:11.894,2:00.878,0:51.468,0:32.916,270.9,Giacomo Altoè,0:01:58.192,GTD,,DragonSpeed,Chevrolet,GF,
81,1,32,1:49.657,0,,25.750,0,51.033,0,32.874,0,188.1,1:19:01.551,19:49:01.551,0:25.750,0:51.033,0:32.874,270.9,Giacomo Altoè,,GTD,,DragonSpeed,Chevrolet,GF,
81,1,33,1:50.544,0,,26.184,0,51.396,0,32.964,0,186.6,1:20:52.095,19:50:52.095,0:26.184,0:51.396,0:32.964,273.1,Giacomo Altoè,,GTD,,DragonSpeed,Chevrolet,GF,
81,1,34,1:50.362,0,,26.310,0,50.930,0,33.122,0,186.9,1:22:42.457,19:52:42.457,0:26.310,0:50.930,0:33.122,272.0,Giacomo Altoè,,GTD,,DragonSpeed,Chevrolet,GF,
81,1,35,1:48.921,0,,25.549,0,50.834,0,32.538,0,189.4,1:24:31.378,19:54:31.378,0:25.549,0:50.834,0:32.538,273.1,Giacomo Altoè,,GTD,,DragonSpeed,Chevrolet,GF,
81,1,36,1:48.967,0,,25.715,0,50.766,0,32.486,0,189.3,1:26:20.345,19:56:20.345,0:25.715,0:50.766,0:32.486,273.7,Giacomo Altoè,,GTD,,DragonSpeed,Chevrolet,GF,
81,1,37,1:48.945,0,,25.619,0,50.715,0,32.611,0,189.3,1:28:09.290,19:58:09.290,0:25.619,0:50.715,0:32.611,273.1,Giacomo Altoè,,GTD,,DragonSpeed,Chevrolet,GF,
81,1,38,1:49.125,0,,25.533,1,50.822,0,32.770,0,189.0,1:29:58.415,19:59:58.415,0:25.533,0:50.822,0:32.770,272.0,Giacomo Altoè,,GTD,,DragonSpeed,Chevrolet,GF,
81,1,39,1:51.121,0,,25.997,0,52.394,0,32.730,0,185.6,1:31:49.536,20:01:49.536,0:25.997,0:52.394,0:32.730,274.3,Giacomo Altoè,,GTD,,DragonSpeed,Chevrolet,GF,
81,1,40,1:48.869,0,,25.584,0,50.756,0,32.529,0,189.5,1:33:38.405,20:03:38.405,0:25.584,0:50.756,0:32.529,271.4,Giacomo Altoè,,GTD,,DragonSpeed,Chevrolet,GF,
81,1,41,1:48.589,0,,25.609,0,50.679,0,32.301,1,189.9,1:35:26.994,20:05:26.994,0:25.609,0:50.679,0:32.301,272.0,Giacomo Altoè,,GTD,,DragonSpeed,Chevrolet,GF,
81,1,42,2:02.628,0,B,26.294,0,50.766,0,45.568,0,168.2,1:37:29.622,20:07:29.622,0:26.294,0:50.766,0:45.568,,Giacomo Altoè,,GTD,,DragonSpeed,Chevrolet,GF,
81,1,43,5:31.657,0,,4:08.320,0,50.813,0,32.524,0,62.2,1:43:01.279,20:13:01.279,4:08.320,0:50.813,0:32.524,270.3,Giacomo Altoè,0:04:05.387,GTD,,DragonSpeed,Chevrolet,GF,
81,1,44,1:49.082,0,,25.794,0,50.836,0,32.452,0,189.1,1:44:50.361,20:14:50.361,0:25.794,0:50.836,0:32.452,269.8,Giacomo Altoè,,GTD,,DragonSpeed,Chevrolet,GF,
81,1,45,1:49.147,0,,25.929,0,50.784,0,32.434,0,189.0,1:46:39.508,20:16:39.508,0:25.929,0:50.784,0:32.434,269.8,Giacomo Altoè,,GTD,,DragonSpeed,Chevrolet,GF,
81,1,46,1:49.164,0,,25.720,0,50.985,0,32.459,0,188.9,1:48:28.672,20:18:28.672,0:25.720,0:50.985,0:32.459,270.9,Giacomo Altoè,,GTD,,DragonSpeed,Chevrolet,GF,
81,1,47,2:01.670,0,B,25.590,0,50.627,0,45.453,0,169.5,1:50:30.342,20:20:30.342,0:25.590,0:50.627,0:45.453,,Giacomo Altoè,,GTD,,DragonSpeed,Chevrolet,GF,
81,1,48,3:35.708,0,,2:12.242,0,50.913,0,32.553,0,95.6,1:54:06.050,20:24:06.050,2:12.242,0:50.913,0:32.553,272.6,Giacomo Altoè,0:02:09.704,GTD,,DragonSpeed,Chevrolet,GF,
81,1,49,1:49.060,0,,26.048,0,50.602,0,32.410,0,189.1,1:55:55.110,20:25:55.110,0:26.048,0:50.602,0:32.410,272.6,Giacomo Altoè,,GTD,,DragonSpeed,Chevrolet,GF,
81,1,50,1:49.009,0,,25.699,0,50.617,0,32.693,0,189.2,1:57:44.119,20:27:44.119,0:25.699,0:50.617,0:32.693,272.0,Giacomo Altoè,,GTD,,DragonSpeed,Chevrolet,GF,
81,1,51,1:48.952,0,,25.726,0,50.734,0,32.492,0,189.3,1:59:33.071,20:29:33.071,0:25.726,0:50.734,0:32.492,273.1,Giacomo Altoè,,GTD,,DragonSpeed,Chevrolet,GF,
81,1,52,2:01.827,0,B,25.580,0,50.576,1,45.671,0,169.3,2:01:34.898,20:31:34.898,0:25.580,0:50.576,0:45.671,,Giacomo Altoè,,GTD,,DragonSpeed,Chevrolet,FF,
83,3,1,2:21.449,0,,50.969,0,57.781,0,32.699,0,145.8,2:21.449,18:32:21.449,0:50.969,0:57.781,0:32.699,262.3,Nicklas Nielsen,0:00:31.665,LMP2,,Af Corse Usa,Gibson,GF,
83,3,2,1:52.286,0,,27.781,0,52.910,0,31.595,0,183.7,4:13.735,18:34:13.735,0:27.781,0:52.910,0:31.595,289.3,Nicklas Nielsen,,LMP2,,Af Corse Usa,Gibson,GF,
83,3,3,1:45.559,0,,25.677,0,48.250,0,31.632,0,195.4,5:59.294,18:35:59.294,0:25.677,0:48.250,0:31.632,281.9,Nicklas Nielsen,,LMP2,,Af Corse Usa,Gibson,GF,
83,3,4,1:44.158,0,,24.434,0,49.505,0,30.219,0,198.0,7:43.452,18:37:43.452,0:24.434,0:49.505,0:30.219,295.8,Nicklas Nielsen,,LMP2,,Af Corse Usa,Gibson,GF,
83,3,5,1:44.326,0,,24.084,0,48.811,0,31.431,0,197.7,9:27.778,18:39:27.778,0:24.084,0:48.811,0:31.431,293.9,Nicklas Nielsen,,LMP2,,Af Corse Usa,Gibson,GF,
83,3,6,1:45.167,0,,24.133,0,50.356,0,30.678,0,196.1,11:12.945,18:41:12.945,0:24.133,0:50.356,0:30.678,291.9,Nicklas Nielsen,,LMP2,,Af Corse Usa,Gibson,GF,
83,3,7,1:42.779,0,,23.911,0,47.524,0,31.344,0,200.7,12:55.724,18:42:55.724,0:23.911,0:47.524,0:31.344,292.6,Nicklas Nielsen,,LMP2,,Af Corse Usa,Gibson,GF,
83,3,8,1:55.074,0,B,23.961,0,48.177,0,42.936,0,179.2,14:50.798,18:44:50.798,0:23.961,0:48.177,0:42.936,,Nicklas Nielsen,,LMP2,,Af Corse Usa,Gibson,GF,
83,1,9,3:15.075,0,,1:54.733,0,49.014,0,31.328,0,105.7,18:05.873,18:48:05.873,1:54.733,0:49.014,0:31.328,292.6,Francois Perrodo,0:01:51.652,LMP2,,Af Corse Usa,Gibson,GF,
83,1,10,1:44.797,0,,25.252,0,48.661,0,30.884,0,196.8,19:50.670,18:49:50.670,0:25.252,0:48.661,0:30.884,291.3,Francois Perrodo,,LMP2,,Af Corse Usa,Gibson,GF,
83,1,11,1:44.552,0,,24.809,0,48.507,0,31.236,0,197.3,21:35.222,18:51:35.222,0:24.809,0:48.507,0:31.236,293.9,Francois Perrodo,,LMP2,,Af Corse Usa,Gibson,GF,
83,1,12,1:45.897,0,,25.197,0,49.437,0,31.263,0,194.8,23:21.119,18:53:21.119,0:25.197,0:49.437,0:31.263,291.9,Francois Perrodo,,LMP2,,Af Corse Usa,Gibson,GF,
83,1,13,1:44.960,0,,24.885,0,48.476,0,31.599,0,196.5,25:06.079,18:55:06.079,0:24.885,0:48.476,0:31.599,290.0,Francois Perrodo,,LMP2,,Af Corse Usa,Gibson,GF,
83,1,14,1:58.578,0,B,24.954,0,48.427,0,45.197,0,173.9,27:04.657,18:57:04.657,0:24.954,0:48.427,0:45.197,,Francois Perrodo,,LMP2,,Af Corse Usa,Gibson,GF,
83,1,15,4:10.610,0,,2:43.554,0,55.065,0,31.991,0,82.3,31:15.267,19:01:15.267,2:43.554,0:55.065,0:31.991,291.3,Francois Perrodo,0:02:37.930,LMP2,,Af Corse Usa,Gibson,GF,
83,1,16,1:45.575,0,,26.500,0,48.588,0,30.487,1,195.4,33:00.842,19:03:00.842,0:26.500,0:48.588,0:30.487,293.2,Francois Perrodo,,LMP2,,Af Corse Usa,Gibson,GF,
83,1,17,1:44.355,0,,25.527,0,48.089,0,30.739,0,197.6,34:45.197,19:04:45.197,0:25.527,0:48.089,0:30.739,292.6,Francois Perrodo,,LMP2,,Af Corse Usa,Gibson,GF,
83,1,18,1:43.461,0,,24.955,0,47.906,0,30.600,0,199.4,36:28.658,19:06:28.658,0:24.955,0:47.906,0:30.600,291.9,Francois Perrodo,,LMP2,,Af Corse Usa,Gibson,GF,
83,1,19,1:45.215,0,,24.403,1,50.036,0,30.776,0,196.0,38:13.873,19:08:13.873,0:24.403,0:50.036,0:30.776,295.8,Francois Perrodo,,LMP2,,Af Corse Usa,Gibson,GF,
83,1,20,1:43.988,0,,25.259,0,48.016,0,30.713,0,198.3,39:57.861,19:09:57.861,0:25.259,0:48.016,0:30.713,292.6,Francois Perrodo,,LMP2,,Af Corse Usa,Gibson,GF,
83,1,21,1:44.369,0,,24.588,0,49.121,0,30.660,0,197.6,41:42.230,19:11:42.230,0:24.588,0:49.121,0:30.660,293.9,Francois Perrodo,,LMP2,,Af Corse Usa,Gibson,GF,
83,1,22,1:43.662,0,,25.085,0,47.891,1,30.686,0,199.0,43:25.892,19:13:25.892,0:25.085,0:47.891,0:30.686,291.3,Francois Perrodo,,LMP2,,Af Corse Usa,Gibson,GF,
83,1,23,1:43.500,0,,24.731,0,48.155,0,30.614,0,199.3,45:09.392,19:15:09.392,0:24.731,0:48.155,0:30.614,295.2,Francois Perrodo,,LMP2,,Af Corse Usa,Gibson,GF,
83,1,24,1:43.342,0,,24.493,0,48.098,0,30.751,0,199.6,46:52.734,19:16:52.734,0:24.493,0:48.098,0:30.751,292.6,Francois Perrodo,,LMP2,,Af Corse Usa,Gibson,GF,
83,1,25,1:58.763,0,B,24.493,0,48.281,0,45.989,0,173.7,48:51.497,19:18:51.497,0:24.493,0:48.281,0:45.989,,Francois Perrodo,,LMP2,,Af Corse Usa,Gibson,GF,
83,4,26,4:47.357,0,,3:28.852,0,48.269,0,30.236,0,71.8,53:38.854,19:23:38.854,3:28.852,0:48.269,0:30.236,292.6,Dylan Murry,0:03:24.848,LMP2,,Af Corse Usa,Gibson,GF,
83,4,27,1:42.840,0,,24.704,0,48.258,0,29.878,0,200.6,55:21.694,19:25:21.694,0:24.704,0:48.258,0:29.878,291.9,Dylan Murry,,LMP2,,Af Corse Usa,Gibson,GF,
83,4,28,1:43.219,0,,24.944,0,48.405,0,29.870,0,199.8,57:04.913,19:27:04.913,0:24.944,0:48.405,0:29.870,292.6,Dylan Murry,,LMP2,,Af Corse Usa,Gibson,GF,
83,4,29,1:43.274,0,,24.716,0,48.846,0,29.712,0,199.7,58:48.187,19:28:48.187,0:24.716,0:48.846,0:29.712,293.2,Dylan Murry,,LMP2,,Af Corse Usa,Gibson,GF,
83,4,30,1:43.372,0,,24.442,0,48.138,0,30.792,0,199.5,1:00:31.559,19:30:31.559,0:24.442,0:48.138,0:30.792,294.5,Dylan Murry,,LMP2,,Af Corse Usa,Gibson,GF,
83,4,31,1:43.395,0,,24.435,0,48.897,0,30.063,0,199.5,1:02:14.954,19:32:14.954,0:24.435,0:48.897,0:30.063,297.9,Dylan Murry,,LMP2,,Af Corse Usa,Gibson,GF,
83,4,32,1:55.852,0,B,24.241,1,48.390,0,43.221,0,178.0,1:04:10.806,19:34:10.806,0:24.241,0:48.390,0:43.221,,Dylan Murry,,LMP2,,Af Corse Usa,Gibson,GF,
83,4,33,3:49.340,0,,2:31.459,0,48.033,0,29.848,0,89.9,1:08:00.146,19:38:00.146,2:31.459,0:48.033,0:29.848,291.9,Dylan Murry,0:02:28.497,LMP2,,Af Corse Usa,Gibson,GF,
83,4,34,1:43.432,0,,24.766,0,48.013,0,30.653,0,199.4,1:09:43.578,19:39:43.578,0:24.766,0:48.013,0:30.653,292.6,Dylan Murry,,LMP2,,Af Corse Usa,Gibson,GF,
83,4,35,1:42.821,0,,25.036,0,47.808,1,29.977,0,200.6,1:11:26.399,19:41:26.399,0:25.036,0:47.808,0:29.977,292.6,Dylan Murry,,LMP2,,Af Corse Usa,Gibson,GF,
83,4,36,1:42.049,0,,24.505,0,47.998,0,29.546,1,202.1,1:13:08.448,19:43:08.448,0:24.505,0:47.998,0:29.546,293.2,Dylan Murry,,LMP2,,Af Corse Usa,Gibson,GF,
83,4,37,1:55.170,0,B,24.767,0,48.012,0,42.391,0,179.1,1:15:03.618,19:45:03.618,0:24.767,0:48.012,0:42.391,,Dylan Murry,,LMP2,,Af Corse Usa,Gibson,GF,
83,3,38,3:44.294,0,,2:20.860,0,52.615,0,30.819,0,92.0,1:18:47.912,19:48:47.912,2:20.860,0:52.615,0:30.819,293.9,Nicklas Nielsen,0:02:14.454,LMP2,,Af Corse Usa,Gibson,GF,
83,3,39,1:46.796,0,,25.367,0,50.910,0,30.519,0,193.1,1:20:34.708,19:50:34.708,0:25.367,0:50.910,0:30.519,292.6,Nicklas Nielsen,,LMP2,,Af Corse Usa,Gibson,GF,
83,3,40,1:40.730,0,,23.845,0,47.104,2,29.781,0,204.8,1:22:15.438,19:52:15.438,0:23.845,0:47.104,0:29.781,295.2,Nicklas Nielsen,,LMP2,,Af Corse Usa,Gibson,GF,
83,3,41,1:40.379,2,,23.679,2,47.160,0,29.540,1,205.5,1:23:55.817,19:53:55.817,0:23.679,0:47.160,0:29.540,293.9,Nicklas Nielsen,,LMP2,,Af Corse Usa,Gibson,GF,
83,3,42,1:42.385,0,,24.470,0,47.649,0,30.266,0,201.4,1:25:38.202,19:55:38.202,0:24.470,0:47.649,0:30.266,291.9,Nicklas Nielsen,,LMP2,,Af Corse Usa,Gibson,GF,
83,3,43,1:42.637,0,,23.901,0,47.510,0,31.226,0,201.0,1:27:20.839,19:57:20.839,0:23.901,0:47.510,0:31.226,293.2,Nicklas Nielsen,,LMP2,,Af Corse Usa,Gibson,GF,
83,3,44,1:44.324,0,,24.609,0,49.102,0,30.613,0,197.7,1:29:05.163,19:59:05.163,0:24.609,0:49.102,0:30.613,291.9,Nicklas Nielsen,,LMP2,,Af Corse Usa,Gibson,GF,
83,3,45,1:54.381,0,B,23.792,0,47.799,0,42.790,0,180.3,1:30:59.544,20:00:59.544,0:23.792,0:47.799,0:42.790,,Nicklas Nielsen,,LMP2,,Af Corse Usa,Gibson,GF,
83,2,46,3:35.246,0,,2:11.435,0,52.248,0,31.563,0,95.8,1:34:34.790,20:04:34.790,2:11.435,0:52.248,0:31.563,291.3,Matthieu Vaxiviere,0:02:08.138,LMP2,,Af Corse Usa,Gibson,GF,
83,2,47,1:43.976,0,,24.356,0,49.119,0,30.501,0,198.4,1:36:18.766,20:06:18.766,0:24.356,0:49.119,0:30.501,293.9,Matthieu Vaxiviere,,LMP2,,Af Corse Usa,Gibson,GF,
83,2,48,1:43.460,0,,24.956,0,48.235,0,30.269,0,199.4,1:38:02.226,20:08:02.226,0:24.956,0:48.235,0:30.269,293.2,Matthieu Vaxiviere,,LMP2,,Af Corse Usa,Gibson,GF,
83,2,49,1:43.288,0,,24.103,0,47.914,0,31.271,0,199.7,1:39:45.514,20:09:45.514,0:24.103,0:47.914,0:31.271,293.2,Matthieu Vaxiviere,,LMP2,,Af Corse Usa,Gibson,GF,
83,2,50,1:41.310,0,,23.971,0,47.511,0,29.828,0,203.6,1:41:26.824,20:11:26.824,0:23.971,0:47.511,0:29.828,292.6,Matthieu Vaxiviere,,LMP2,,Af Corse Usa,Gibson,GF,
83,2,51,1:40.937,0,,23.866,0,47.399,0,29.672,0,204.3,1:43:07.761,20:13:07.761,0:23.866,0:47.399,0:29.672,294.5,Matthieu Vaxiviere,,LMP2,,Af Corse Usa,Gibson,GF,
83,2,52,1:41.105,0,,23.805,0,47.468,0,29.832,0,204.0,1:44:48.866,20:14:48.866,0:23.805,0:47.468,0:29.832,291.9,Matthieu Vaxiviere,,LMP2,,Af Corse Usa,Gibson,GF,
83,2,53,1:40.950,0,,23.802,0,47.349,0,29.799,0,204.3,1:46:29.816,20:16:29.816,0:23.802,0:47.349,0:29.799,293.2,Matthieu Vaxiviere,,LMP2,,Af Corse Usa,Gibson,GF,
83,2,54,1:41.817,0,,23.783,1,47.392,0,30.642,0,202.6,1:48:11.633,20:18:11.633,0:23.783,0:47.392,0:30.642,297.2,Matthieu Vaxiviere,,LMP2,,Af Corse Usa,Gibson,GF,
83,2,55,1:56.868,0,B,25.603,0,48.030,0,43.235,0,176.5,1:50:08.501,20:20:08.501,0:25.603,0:48.030,0:43.235,,Matthieu Vaxiviere,,LMP2,,Af Corse Usa,Gibson,GF,
83,2,56,3:03.016,0,,1:43.781,0,48.881,0,30.354,0,112.7,1:53:11.517,20:23:11.517,1:43.781,0:48.881,0:30.354,295.2,Matthieu Vaxiviere,0:01:41.328,LMP2,,Af Corse Usa,Gibson,GF,
83,2,57,1:43.417,0,,24.447,0,48.216,0,30.754,0,199.4,1:54:54.934,20:24:54.934,0:24.447,0:48.216,0:30.754,293.9,Matthieu Vaxiviere,,LMP2,,Af Corse Usa,Gibson,GF,
83,2,58,1:41.537,0,,24.040,0,47.579,0,29.918,0,203.1,1:56:36.471,20:26:36.471,0:24.040,0:47.579,0:29.918,294.5,Matthieu Vaxiviere,,LMP2,,Af Corse Usa,Gibson,GF,
83,2,59,1:41.085,0,,23.938,0,47.282,1,29.865,0,204.0,1:58:17.556,20:28:17.556,0:23.938,0:47.282,0:29.865,296.5,Matthieu Vaxiviere,,LMP2,,Af Corse Usa,Gibson,GF,
83,2,60,1:40.842,0,,23.996,0,47.344,0,29.502,2,204.5,1:59:58.398,20:29:58.398,0:23.996,0:47.344,0:29.502,295.2,Matthieu Vaxiviere,,LMP2,,Af Corse Usa,Gibson,GF,
83,2,61,1:41.211,0,,23.972,0,47.390,0,29.849,0,203.8,2:01:39.609,20:31:39.609,0:23.972,0:47.390,0:29.849,295.2,Matthieu Vaxiviere,,LMP2,,Af Corse Usa,Gibson,FF,
85,3,1,2:36.525,0,,1:11.301,0,53.511,0,31.713,0,131.8,2:36.525,18:32:36.525,1:11.301,0:53.511,0:31.713,320.3,Kaylen Frederick,0:00:51.163,GTP,,JDC-Miller MotorSports,Porsche,GF,
85,3,2,1:43.372,0,,27.146,0,47.386,0,28.840,0,199.5,4:19.897,18:34:19.897,0:27.146,0:47.386,0:28.840,323.5,Kaylen Frederick,,GTP,,JDC-Miller MotorSports,Porsche,GF,
85,3,3,1:42.721,0,,25.186,0,48.323,0,29.212,0,200.8,6:02.618,18:36:02.618,0:25.186,0:48.323,0:29.212,299.2,Kaylen Frederick,,GTP,,JDC-Miller MotorSports,Porsche,GF,
85,3,4,1:39.841,0,,24.652,0,46.367,0,28.822,0,206.6,7:42.459,18:37:42.459,0:24.652,0:46.367,0:28.822,319.5,Kaylen Frederick,,GTP,,JDC-Miller MotorSports,Porsche,GF,
85,3,5,1:40.055,0,,24.515,0,46.982,0,28.558,0,206.1,9:22.514,18:39:22.514,0:24.515,0:46.982,0:28.558,322.7,Kaylen Frederick,,GTP,,JDC-Miller MotorSports,Porsche,GF,
85,3,6,1:39.617,0,,24.914,0,46.175,0,28.528,0,207.0,11:02.131,18:41:02.131,0:24.914,0:46.175,0:28.528,318.8,Kaylen Frederick,,GTP,,JDC-Miller MotorSports,Porsche,GF,
85,3,7,1:39.068,0,,24.384,0,46.217,0,28.467,0,208.2,12:41.199,18:42:41.199,0:24.384,0:46.217,0:28.467,321.9,Kaylen Frederick,,GTP,,JDC-Miller MotorSports,Porsche,GF,
85,3,8,1:40.771,0,,24.155,0,46.619,0,29.997,0,204.7,14:21.970,18:44:21.970,0:24.155,0:46.619,0:29.997,321.9,Kaylen Frederick,,GTP,,JDC-Miller MotorSports,Porsche,GF,
85,3,9,1:39.340,0,,24.430,0,46.178,0,28.732,0,207.6,16:01.310,18:46:01.310,0:24.430,0:46.178,0:28.732,321.9,Kaylen Frederick,,GTP,,JDC-Miller MotorSports,Porsche,GF,
85,3,10,1:38.973,0,,24.140,0,46.290,0,28.543,0,208.4,17:40.283,18:47:40.283,0:24.140,0:46.290,0:28.543,322.7,Kaylen Frederick,,GTP,,JDC-Miller MotorSports,Porsche,GF,
85,3,11,1:41.277,0,,24.175,0,47.023,0,30.079,0,203.7,19:21.560,18:49:21.560,0:24.175,0:47.023,0:30.079,322.7,Kaylen Frederick,,GTP,,JDC-Miller MotorSports,Porsche,GF,
85,3,12,1:39.285,0,,24.302,0,46.095,0,28.888,0,207.7,21:00.845,18:51:00.845,0:24.302,0:46.095,0:28.888,320.3,Kaylen Frederick,,GTP,,JDC-Miller MotorSports,Porsche,GF,
85,3,13,1:38.942,0,,24.192,0,46.418,0,28.332,0,208.5,22:39.787,18:52:39.787,0:24.192,0:46.418,0:28.332,323.5,Kaylen Frederick,,GTP,,JDC-Miller MotorSports,Porsche,GF,
85,3,14,1:39.032,0,,24.638,0,46.072,0,28.322,0,208.3,24:18.819,18:54:18.819,0:24.638,0:46.072,0:28.322,321.1,Kaylen Frederick,,GTP,,JDC-Miller MotorSports,Porsche,GF,
85,3,15,1:38.445,0,,24.232,0,45.934,0,28.279,0,209.5,25:57.264,18:55:57.264,0:24.232,0:45.934,0:28.279,323.5,Kaylen Frederick,,GTP,,JDC-Miller MotorSports,Porsche,GF,
85,3,16,3:21.195,0,B,24.198,0,47.417,0,2:09.580,0,102.5,29:18.459,18:59:18.459,0:24.198,0:47.417,2:09.580,,Kaylen Frederick,,GTP,,JDC-Miller MotorSports,Porsche,GF,
85,1,17,2:17.669,0,,56.330,0,52.083,0,29.256,0,149.8,31:36.128,19:01:36.128,0:56.330,0:52.083,0:29.256,315.7,Tijmen van der Helm,0:02:14.534,GTP,,JDC-Miller MotorSports,Porsche,GF,
85,1,18,1:39.599,0,,23.968,0,46.445,0,29.186,0,207.1,33:15.727,19:03:15.727,0:23.968,0:46.445,0:29.186,317.2,Tijmen van der Helm,,GTP,,JDC-Miller MotorSports,Porsche,GF,
85,1,19,1:37.718,0,,23.768,2,45.602,1,28.348,1,211.1,34:53.445,19:04:53.445,0:23.768,0:45.602,0:28.348,318.0,Tijmen van der Helm,,GTP,,JDC-Miller MotorSports,Porsche,GF,
85,1,20,1:40.932,0,,23.828,0,47.055,0,30.049,0,204.3,36:34.377,19:06:34.377,0:23.828,0:47.055,0:30.049,318.8,Tijmen van der Helm,,GTP,,JDC-Miller MotorSports,Porsche,GF,
85,1,21,1:38.405,0,,23.923,0,45.988,0,28.494,0,209.6,38:12.782,19:08:12.782,0:23.923,0:45.988,0:28.494,321.1,Tijmen van der Helm,,GTP,,JDC-Miller MotorSports,Porsche,GF,
85,1,22,8:56.109,0,B,24.127,0,46.583,0,7:45.399,0,38.5,47:08.891,19:17:08.891,0:24.127,0:46.583,7:45.399,,Tijmen van der Helm,,GTP,,JDC-Miller MotorSports,Porsche,GF,
85,1,23,2:05.817,0,,48.977,0,48.048,0,28.792,0,163.9,49:14.708,19:19:14.708,0:48.977,0:48.048,0:28.792,318.8,Tijmen van der Helm,0:07:47.270,GTP,,JDC-Miller MotorSports,Porsche,GF,
85,1,24,1:40.264,0,,24.098,0,46.566,0,29.600,0,205.7,50:54.972,19:20:54.972,0:24.098,0:46.566,0:29.600,316.5,Tijmen van der Helm,,GTP,,JDC-Miller MotorSports,Porsche,GF,
85,1,25,1:40.164,0,,24.211,0,47.572,0,28.381,0,205.9,52:35.136,19:22:35.136,0:24.211,0:47.572,0:28.381,317.2,Tijmen van der Helm,,GTP,,JDC-Miller MotorSports,Porsche,GF,
85,1,26,4:16.269,0,B,24.179,0,47.451,0,3:04.639,0,80.5,56:51.405,19:26:51.405,0:24.179,0:47.451,3:04.639,,Tijmen van der Helm,,GTP,,JDC-Miller MotorSports,Porsche,GF,
85,3,27,2:04.117,0,,47.944,0,47.229,0,28.944,0,166.2,58:55.522,19:28:55.522,0:47.944,0:47.229,0:28.944,321.9,Kaylen Frederick,0:03:06.822,GTP,,JDC-Miller MotorSports,Porsche,GF,
85,3,28,1:38.829,0,,24.538,0,45.878,0,28.413,0,208.7,1:00:34.351,19:30:34.351,0:24.538,0:45.878,0:28.413,324.3,Kaylen Frederick,,GTP,,JDC-Miller MotorSports,Porsche,GF,
85,3,29,1:39.630,0,,24.376,0,46.527,0,28.727,0,207.0,1:02:13.981,19:32:13.981,0:24.376,0:46.527,0:28.727,324.3,Kaylen Frederick,,GTP,,JDC-Miller MotorSports,Porsche,GF,
85,3,30,1:39.408,0,,24.510,0,46.011,0,28.887,0,207.5,1:03:53.389,19:33:53.389,0:24.510,0:46.011,0:28.887,315.7,Kaylen Frederick,,GTP,,JDC-Miller MotorSports,Porsche,GF,
85,3,31,1:38.973,0,,24.605,0,45.748,0,28.620,0,208.4,1:05:32.362,19:35:32.362,0:24.605,0:45.748,0:28.620,320.3,Kaylen Frederick,,GTP,,JDC-Miller MotorSports,Porsche,GF,
85,3,32,1:38.461,0,,24.302,0,45.903,0,28.256,0,209.5,1:07:10.823,19:37:10.823,0:24.302,0:45.903,0:28.256,323.5,Kaylen Frederick,,GTP,,JDC-Miller MotorSports,Porsche,GF,
85,3,33,1:39.517,0,,24.340,0,46.246,0,28.931,0,207.3,1:08:50.340,19:38:50.340,0:24.340,0:46.246,0:28.931,322.7,Kaylen Frederick,,GTP,,JDC-Miller MotorSports,Porsche,GF,
85,3,34,1:39.315,0,,24.187,0,46.958,0,28.170,1,207.7,1:10:29.655,19:40:29.655,0:24.187,0:46.958,0:28.170,323.5,Kaylen Frederick,,GTP,,JDC-Miller MotorSports,Porsche,GF,
85,3,35,1:38.199,0,,23.943,1,45.501,1,28.755,0,210.0,1:12:07.854,19:42:07.854,0:23.943,0:45.501,0:28.755,322.7,Kaylen Frederick,,GTP,,JDC-Miller MotorSports,Porsche,GF,
85,3,36,3:28.843,0,B,24.074,0,47.255,0,2:17.514,0,98.8,1:15:36.697,19:45:36.697,0:24.074,0:47.255,2:17.514,,Kaylen Frederick,,GTP,,JDC-Miller MotorSports,Porsche,GF,
85,2,37,2:05.340,0,,48.636,0,47.796,0,28.908,0,164.6,1:17:42.037,19:47:42.037,0:48.636,0:47.796,0:28.908,318.8,Nico Pino,0:02:21.436,GTP,,JDC-Miller MotorSports,Porsche,GF,
85,2,38,1:38.554,0,,23.946,0,46.111,0,28.497,0,209.3,1:19:20.591,19:49:20.591,0:23.946,0:46.111,0:28.497,319.5,Nico Pino,,GTP,,JDC-Miller MotorSports,Porsche,GF,
85,2,39,1:38.031,0,,23.822,1,45.651,0,28.558,0,210.4,1:20:58.622,19:50:58.622,0:23.822,0:45.651,0:28.558,318.0,Nico Pino,,GTP,,JDC-Miller MotorSports,Porsche,GF,
85,2,40,1:38.514,0,,23.938,0,45.990,0,28.586,0,209.4,1:22:37.136,19:52:37.136,0:23.938,0:45.990,0:28.586,318.8,Nico Pino,,GTP,,JDC-Miller MotorSports,Porsche,GF,
85,2,41,1:38.381,0,,24.051,0,46.047,0,28.283,0,209.6,1:24:15.517,19:54:15.517,0:24.051,0:46.047,0:28.283,320.3,Nico Pino,,GTP,,JDC-Miller MotorSports,Porsche,GF,
85,2,42,1:37.508,2,,23.926,0,45.382,0,28.200,0,211.5,1:25:53.025,19:55:53.025,0:23.926,0:45.382,0:28.200,320.3,Nico Pino,,GTP,,JDC-Miller MotorSports,Porsche,GF,
85,2,43,1:39.010,0,,24.024,0,45.845,0,29.141,0,208.3,1:27:32.035,19:57:32.035,0:24.024,0:45.845,0:29.141,321.1,Nico Pino,,GTP,,JDC-Miller MotorSports,Porsche,GF,
85,2,44,1:38.362,0,,24.123,0,45.377,0,28.862,0,209.7,1:29:10.397,19:59:10.397,0:24.123,0:45.377,0:28.862,321.9,Nico Pino,,GTP,,JDC-Miller MotorSports,Porsche,GF,
85,2,45,1:38.516,0,,24.747,0,45.543,0,28.226,0,209.4,1:30:48.913,20:00:48.913,0:24.747,0:45.543,0:28.226,321.9,Nico Pino,,GTP,,JDC-Miller MotorSports,Porsche,GF,
85,2,46,1:37.668,0,,24.050,0,45.529,0,28.089,2,211.2,1:32:26.581,20:02:26.581,0:24.050,0:45.529,0:28.089,325.1,Nico Pino,,GTP,,JDC-Miller MotorSports,Porsche,GF,
85,2,47,1:38.816,0,,24.192,0,45.818,0,28.806,0,208.7,1:34:05.397,20:04:05.397,0:24.192,0:45.818,0:28.806,320.3,Nico Pino,,GTP,,JDC-Miller MotorSports,Porsche,GF,
85,2,48,1:38.388,0,,24.229,0,45.527,0,28.632,0,209.6,1:35:43.785,20:05:43.785,0:24.229,0:45.527,0:28.632,318.0,Nico Pino,,GTP,,JDC-Miller MotorSports,Porsche,GF,
85,2,49,1:37.914,0,,24.390,0,45.333,2,28.191,0,210.6,1:37:21.699,20:07:21.699,0:24.390,0:45.333,0:28.191,320.3,Nico Pino,,GTP,,JDC-Miller MotorSports,Porsche,GF,
85,2,50,2:32.487,0,B,24.431,0,45.402,0,1:22.654,0,135.3,1:39:54.186,20:09:54.186,0:24.431,0:45.402,1:22.654,,Nico Pino,,GTP,,JDC-Miller MotorSports,Porsche,GF,
85,2,51,3:19.073,0,B,53.836,0,56.476,0,1:28.761,0,103.6,1:43:13.259,20:13:13.259,0:53.836,0:56.476,1:28.761,,Nico Pino,0:01:24.629,GTP,,JDC-Miller MotorSports,Porsche,GF,
85,3,52,3:02.779,0,B,51.009,0,52.639,0,1:19.131,0,112.8,1:46:16.038,20:16:16.038,0:51.009,0:52.639,1:19.131,,Kaylen Frederick,0:01:28.367,GTP,,JDC-Miller MotorSports,Porsche,GF,
9,3,1,8:09.639,0,B,2:01.489,0,1:09.570,0,4:58.580,0,42.1,8:09.639,18:38:09.639,2:01.489,1:09.570,4:58.580,,Mirko Bortolotti,0:01:35.489,GTDPRO,,Pfaff Motorsports,Lamborghini,GF,
9,3,2,24:19.573,0,,22:42.920,0,59.430,0,37.223,0,14.1,32:29.212,19:02:29.212,22:42.920,0:59.430,0:37.223,166.4,Mirko Bortolotti,0:26:37.901,GTDPRO,,Pfaff Motorsports,Lamborghini,GF,
9,3,3,2:11.877,0,,33.967,0,1:00.342,0,37.568,0,156.4,34:41.089,19:04:41.089,0:33.967,1:00.342,0:37.568,193.0,Mirko Bortolotti,,GTDPRO,,Pfaff Motorsports,Lamborghini,GF,
9,3,4,2:07.760,0,,31.947,0,59.025,0,36.788,0,161.4,36:48.849,19:06:48.849,0:31.947,0:59.025,0:36.788,197.1,Mirko Bortolotti,,GTDPRO,,Pfaff Motorsports,Lamborghini,GF,
9,3,5,2:02.222,0,,30.640,0,55.005,0,36.577,0,168.8,38:51.071,19:08:51.071,0:30.640,0:55.005,0:36.577,151.8,Mirko Bortolotti,,GTDPRO,,Pfaff Motorsports,Lamborghini,GF,
9,3,6,2:01.990,0,,30.505,0,57.762,0,33.723,0,169.1,40:53.061,19:10:53.061,0:30.505,0:57.762,0:33.723,273.7,Mirko Bortolotti,,GTDPRO,,Pfaff Motorsports,Lamborghini,GF,
9,3,7,1:58.713,0,,29.387,0,52.454,0,36.872,0,173.7,42:51.774,19:12:51.774,0:29.387,0:52.454,0:36.872,248.9,Mirko Bortolotti,,GTDPRO,,Pfaff Motorsports,Lamborghini,GF,
9,3,8,1:50.913,0,,26.576,0,51.565,0,32.772,0,186.0,44:42.687,19:14:42.687,0:26.576,0:51.565,0:32.772,272.6,Mirko Bortolotti,,GTDPRO,,Pfaff Motorsports,Lamborghini,GF,
9,3,9,5:41.690,0,B,25.906,0,56.051,0,4:19.733,0,60.4,50:24.377,19:20:24.377,0:25.906,0:56.051,4:19.733,,Mirko Bortolotti,,GTDPRO,,Pfaff Motorsports,Lamborghini,GF,
9,3,10,2:19.782,0,,51.593,0,54.782,0,33.407,0,147.6,52:44.159,19:22:44.159,0:51.593,0:54.782,0:33.407,274.3,Mirko Bortolotti,0:03:36.636,GTDPRO,,Pfaff Motorsports,Lamborghini,GF,
9,3,11,3:47.517,0,B,26.690,0,52.006,0,2:28.821,0,90.7,56:31.676,19:26:31.676,0:26.690,0:52.006,2:28.821,,Mirko Bortolotti,,GTDPRO,,Pfaff Motorsports,Lamborghini,GF,
9,3,12,2:13.118,0,,48.889,0,51.623,0,32.606,0,154.9,58:44.794,19:28:44.794,0:48.889,0:51.623,0:32.606,273.7,Mirko Bortolotti,0:02:29.002,GTDPRO,,Pfaff Motorsports,Lamborghini,GF,
9,3,13,1:49.049,0,,25.757,0,50.717,0,32.575,0,189.1,1:00:33.843,19:30:33.843,0:25.757,0:50.717,0:32.575,273.7,Mirko Bortolotti,,GTDPRO,,Pfaff Motorsports,Lamborghini,GF,
9,3,14,1:51.823,0,,26.527,0,52.080,0,33.216,0,184.4,1:02:25.666,19:32:25.666,0:26.527,0:52.080,0:33.216,275.4,Mirko Bortolotti,,GTDPRO,,Pfaff Motorsports,Lamborghini,GF,
9,3,15,1:48.930,0,,25.553,0,50.949,0,32.428,0,189.3,1:04:14.596,19:34:14.596,0:25.553,0:50.949,0:32.428,274.3,Mirko Bortolotti,,GTDPRO,,Pfaff Motorsports,Lamborghini,GF,
9,3,16,1:49.135,0,,25.880,0,50.693,0,32.562,0,189.0,1:06:03.731,19:36:03.731,0:25.880,0:50.693,0:32.562,272.6,Mirko Bortolotti,,GTDPRO,,Pfaff Motorsports,Lamborghini,GF,
9,3,17,1:48.919,0,,25.546,0,50.888,0,32.485,0,189.4,1:07:52.650,19:37:52.650,0:25.546,0:50.888,0:32.485,273.1,Mirko Bortolotti,,GTDPRO,,Pfaff Motorsports,Lamborghini,GF,
9,3,18,3:06.159,0,B,25.747,0,51.013,0,1:49.399,0,110.8,1:10:58.809,19:40:58.809,0:25.747,0:51.013,1:49.399,,Mirko Bortolotti,,GTDPRO,,Pfaff Motorsports,Lamborghini,GF,
9,3,19,2:17.985,0,,51.302,0,53.542,0,33.141,0,149.5,1:13:16.794,19:43:16.794,0:51.302,0:53.542,0:33.141,271.4,Mirko Bortolotti,0:01:50.336,GTDPRO,,Pfaff Motorsports,Lamborghini,GF,
9,3,20,1:48.589,0,,25.505,0,50.607,0,32.477,0,189.9,1:15:05.383,19:45:05.383,0:25.505,0:50.607,0:32.477,273.1,Mirko Bortolotti,,GTDPRO,,Pfaff Motorsports,Lamborghini,GF,
9,3,21,1:51.002,0,,25.680,0,52.551,0,32.771,0,185.8,1:16:56.385,19:46:56.385,0:25.680,0:52.551,0:32.771,273.7,Mirko Bortolotti,,GTDPRO,,Pfaff Motorsports,Lamborghini,GF,
9,3,22,1:51.127,0,,25.992,0,52.457,0,32.678,0,185.6,1:18:47.512,19:48:47.512,0:25.992,0:52.457,0:32.678,272.6,Mirko Bortolotti,,GTDPRO,,Pfaff Motorsports,Lamborghini,GF,
9,3,23,1:49.875,0,,25.494,0,51.809,0,32.572,0,187.7,1:20:37.387,19:50:37.387,0:25.494,0:51.809,0:32.572,272.6,Mirko Bortolotti,,GTDPRO,,Pfaff Motorsports,Lamborghini,GF,
9,3,24,1:48.297,0,,25.381,0,50.568,0,32.348,0,190.5,1:22:25.684,19:52:25.684,0:25.381,0:50.568,0:32.348,272.6,Mirko Bortolotti,,GTDPRO,,Pfaff Motorsports,Lamborghini,GF,
9,3,25,1:48.307,0,,25.387,0,50.451,1,32.469,0,190.4,1:24:13.991,19:54:13.991,0:25.387,0:50.451,0:32.469,273.7,Mirko Bortolotti,,GTDPRO,,Pfaff Motorsports,Lamborghini,GF,
9,3,26,1:51.706,0,,26.692,0,52.388,0,32.626,0,184.6,1:26:05.697,19:56:05.697,0:26.692,0:52.388,0:32.626,272.6,Mirko Bortolotti,,GTDPRO,,Pfaff Motorsports,Lamborghini,GF,
9,3,27,1:48.216,0,,25.272,2,50.476,0,32.468,0,190.6,1:27:53.913,19:57:53.913,0:25.272,0:50.476,0:32.468,271.4,Mirko Bortolotti,,GTDPRO,,Pfaff Motorsports,Lamborghini,GF,
9,3,28,1:50.748,0,,25.936,0,51.802,0,33.010,0,186.2,1:29:44.661,19:59:44.661,0:25.936,0:51.802,0:33.010,273.1,Mirko Bortolotti,,GTDPRO,,Pfaff Motorsports,Lamborghini,GF,
9,3,29,1:48.330,0,,25.381,0,50.582,0,32.367,0,190.4,1:31:32.991,20:01:32.991,0:25.381,0:50.582,0:32.367,273.1,Mirko Bortolotti,,GTDPRO,,Pfaff Motorsports,Lamborghini,GF,
9,3,30,1:48.119,0,,25.337,0,50.560,0,32.222,2,190.8,1:33:21.110,20:03:21.110,0:25.337,0:50.560,0:32.222,274.8,Mirko Bortolotti,,GTDPRO,,Pfaff Motorsports,Lamborghini,GF,
9,3,31,1:48.198,0,,25.457,0,50.467,0,32.274,0,190.6,1:35:09.308,20:05:09.308,0:25.457,0:50.467,0:32.274,273.7,Mirko Bortolotti,,GTDPRO,,Pfaff Motorsports,Lamborghini,GF,
9,3,32,1:48.198,0,,25.326,0,50.591,0,32.281,0,190.6,1:36:57.506,20:06:57.506,0:25.326,0:50.591,0:32.281,272.6,Mirko Bortolotti,,GTDPRO,,Pfaff Motorsports,Lamborghini,GF,
9,3,33,3:11.993,0,B,25.798,0,50.993,0,1:55.202,0,107.4,1:40:09.499,20:10:09.499,0:25.798,0:50.993,1:55.202,,Mirko Bortolotti,,GTDPRO,,Pfaff Motorsports,Lamborghini,GF,
9,1,34,2:14.555,0,,48.536,0,53.416,0,32.603,0,153.3,1:42:24.054,20:12:24.054,0:48.536,0:53.416,0:32.603,273.1,Andrea Caldarelli,0:01:55.443,GTDPRO,,Pfaff Motorsports,Lamborghini,GF,
9,1,35,1:48.343,0,,25.430,0,50.486,0,32.427,0,190.4,1:44:12.397,20:14:12.397,0:25.430,0:50.486,0:32.427,275.4,Andrea Caldarelli,,GTDPRO,,Pfaff Motorsports,Lamborghini,GF,
9,1,36,1:48.152,0,,25.552,0,50.362,0,32.238,0,190.7,1:46:00.549,20:16:00.549,0:25.552,0:50.362,0:32.238,274.8,Andrea Caldarelli,,GTDPRO,,Pfaff Motorsports,Lamborghini,GF,
9,1,37,1:48.873,0,,25.381,0,50.667,0,32.825,0,189.4,1:47:49.422,20:17:49.422,0:25.381,0:50.667,0:32.825,273.1,Andrea Caldarelli,,GTDPRO,,Pfaff Motorsports,Lamborghini,GF,
9,1,38,1:48.362,0,,25.730,0,50.406,0,32.226,1,190.3,1:49:37.784,20:19:37.784,0:25.730,0:50.406,0:32.226,275.4,Andrea Caldarelli,,GTDPRO,,Pfaff Motorsports,Lamborghini,GF,
9,1,39,1:48.054,0,,25.347,1,50.327,2,32.380,0,190.9,1:51:25.838,20:21:25.838,0:25.347,0:50.327,0:32.380,275.4,Andrea Caldarelli,,GTDPRO,,Pfaff Motorsports,Lamborghini,GF,
9,1,40,1:49.434,0,,25.993,0,50.742,0,32.699,0,188.5,1:53:15.272,20:23:15.272,0:25.993,0:50.742,0:32.699,275.4,Andrea Caldarelli,,GTDPRO,,Pfaff Motorsports,Lamborghini,GF,
9,1,41,1:48.352,0,,25.592,0,50.534,0,32.226,0,190.4,1:55:03.624,20:25:03.624,0:25.592,0:50.534,0:32.226,276.0,Andrea Caldarelli,,GTDPRO,,Pfaff Motorsports,Lamborghini,GF,
9,1,42,1:48.025,2,,25.424,0,50.344,0,32.257,0,190.9,1:56:51.649,20:26:51.649,0:25.424,0:50.344,0:32.257,274.8,Andrea Caldarelli,,GTDPRO,,Pfaff Motorsports,Lamborghini,GF,
9,1,43,1:50.595,0,,25.792,0,52.263,0,32.540,0,186.5,1:58:42.244,20:28:42.244,0:25.792,0:52.263,0:32.540,272.0,Andrea Caldarelli,,GTDPRO,,Pfaff Motorsports,Lamborghini,GF,
9,1,44,1:48.592,0,,25.631,0,50.528,0,32.433,0,189.9,2:00:30.836,20:30:30.836,0:25.631,0:50.528,0:32.433,273.7,Andrea Caldarelli,,GTDPRO,,Pfaff Motorsports,Lamborghini,FF,
911,2,1,3:33.310,0,,2:04.071,0,55.562,0,33.677,0,96.7,3:33.310,18:33:33.310,2:04.071,0:55.562,0:33.677,267.0,Ayhancan Guven,0:01:44.735,GTDPRO,,Manthey,Porsche,GF,
911,2,2,1:50.993,0,,26.157,0,51.867,0,32.969,0,185.8,5:24.303,18:35:24.303,0:26.157,0:51.867,0:32.969,269.2,Ayhancan Guven,,GTDPRO,,Manthey,Porsche,GF,
911,2,3,1:52.703,0,,25.911,0,51.642,0,35.150,0,183.0,7:17.006,18:37:17.006,0:25.911,0:51.642,0:35.150,269.8,Ayhancan Guven,,GTDPRO,,Manthey,Porsche,GF,
911,2,4,2:02.190,0,B,25.856,0,51.292,0,45.042,0,168.8,9:19.196,18:39:19.196,0:25.856,0:51.292,0:45.042,,Ayhancan Guven,,GTDPRO,,Manthey,Porsche,GF,
911,2,5,5:23.556,0,,3:56.598,0,53.785,0,33.173,0,63.7,14:42.752,18:44:42.752,3:56.598,0:53.785,0:33.173,268.7,Ayhancan Guven,0:03:51.804,GTDPRO,,Manthey,Porsche,GF,
911,2,6,1:51.605,0,,26.697,0,52.102,0,32.806,0,184.8,16:34.357,18:46:34.357,0:26.697,0:52.102,0:32.806,268.7,Ayhancan Guven,,GTDPRO,,Manthey,Porsche,GF,
911,2,7,2:01.566,0,B,25.688,0,51.038,0,44.840,0,169.7,18:35.923,18:48:35.923,0:25.688,0:51.038,0:44.840,,Ayhancan Guven,,GTDPRO,,Manthey,Porsche,GF,
911,2,8,9:37.063,0,,8:08.432,0,55.219,0,33.412,0,35.7,28:12.986,18:58:12.986,8:08.432,0:55.219,0:33.412,268.7,Ayhancan Guven,0:08:03.706,GTDPRO,,Manthey,Porsche,GF,
911,2,9,1:50.331,0,,25.722,0,51.733,0,32.876,0,186.9,30:03.317,19:00:03.317,0:25.722,0:51.733,0:32.876,268.1,Ayhancan Guven,,GTDPRO,,Manthey,Porsche,GF,
911,2,10,2:02.380,0,B,25.700,0,51.235,0,45.445,0,168.5,32:05.697,19:02:05.697,0:25.700,0:51.235,0:45.445,,Ayhancan Guven,,GTDPRO,,Manthey,Porsche,GF,
911,2,11,6:26.233,0,,4:56.777,0,56.325,0,33.131,0,53.4,38:31.930,19:08:31.930,4:56.777,0:56.325,0:33.131,269.2,Ayhancan Guven,0:04:52.688,GTDPRO,,Manthey,Porsche,GF,
911,2,12,1:49.159,0,,25.566,0,50.973,0,32.620,1,188.9,40:21.089,19:10:21.089,0:25.566,0:50.973,0:32.620,269.8,Ayhancan Guven,,GTDPRO,,Manthey,Porsche,GF,
911,2,13,2:01.268,0,B,25.349,1,50.850,1,45.069,0,170.1,42:22.357,19:12:22.357,0:25.349,0:50.850,0:45.069,,Ayhancan Guven,,GTDPRO,,Manthey,Porsche,GF,
911,1,14,2:57.675,0,,1:30.540,0,53.691,0,33.444,0,116.1,45:20.032,19:15:20.032,1:30.540,0:53.691,0:33.444,269.2,Ricardo Feller,0:01:25.820,GTDPRO,,Manthey,Porsche,GF,
911,1,15,1:51.351,0,,25.662,0,51.992,0,33.697,0,185.2,47:11.383,19:17:11.383,0:25.662,0:51.992,0:33.697,271.4,Ricardo Feller,,GTDPRO,,Manthey,Porsche,GF,
911,1,16,1:49.877,0,,25.738,0,51.416,0,32.723,0,187.7,49:01.260,19:19:01.260,0:25.738,0:51.416,0:32.723,272.0,Ricardo Feller,,GTDPRO,,Manthey,Porsche,GF,
911,1,17,1:49.407,0,,25.734,0,51.037,0,32.636,0,188.5,50:50.667,19:20:50.667,0:25.734,0:51.037,0:32.636,271.4,Ricardo Feller,,GTDPRO,,Manthey,Porsche,GF,
911,1,18,1:50.955,0,,25.877,0,52.198,0,32.880,0,185.9,52:41.622,19:22:41.622,0:25.877,0:52.198,0:32.880,270.9,Ricardo Feller,,GTDPRO,,Manthey,Porsche,GF,
911,1,19,1:50.523,0,,26.248,0,51.099,0,33.176,0,186.6,54:32.145,19:24:32.145,0:26.248,0:51.099,0:33.176,272.6,Ricardo Feller,,GTDPRO,,Manthey,Porsche,GF,
911,1,20,1:49.592,0,,25.734,0,51.173,0,32.685,0,188.2,56:21.737,19:26:21.737,0:25.734,0:51.173,0:32.685,271.4,Ricardo Feller,,GTDPRO,,Manthey,Porsche,GF,
911,1,21,1:48.991,0,,25.481,0,50.926,0,32.584,0,189.2,58:10.728,19:28:10.728,0:25.481,0:50.926,0:32.584,270.9,Ricardo Feller,,GTDPRO,,Manthey,Porsche,GF,
911,1,22,1:48.609,0,,25.426,0,50.813,0,32.370,1,189.9,59:59.337,19:29:59.337,0:25.426,0:50.813,0:32.370,272.6,Ricardo Feller,,GTDPRO,,Manthey,Porsche,GF,
911,1,23,1:49.420,0,,25.720,0,51.028,0,32.672,0,188.5,1:01:48.757,19:31:48.757,0:25.720,0:51.028,0:32.672,273.7,Ricardo Feller,,GTDPRO,,Manthey,Porsche,GF,
911,1,24,1:48.410,2,,25.239,2,50.709,1,32.462,0,190.3,1:03:37.167,19:33:37.167,0:25.239,0:50.709,0:32.462,275.4,Ricardo Feller,,GTDPRO,,Manthey,Porsche,GF,
911,1,25,1:49.506,0,,25.766,0,51.122,0,32.618,0,188.3,1:05:26.673,19:35:26.673,0:25.766,0:51.122,0:32.618,274.8,Ricardo Feller,,GTDPRO,,Manthey,Porsche,GF,
911,1,26,1:49.020,0,,25.616,0,50.839,0,32.565,0,189.2,1:07:15.693,19:37:15.693,0:25.616,0:50.839,0:32.565,275.4,Ricardo Feller,,GTDPRO,,Manthey,Porsche,GF,
911,1,27,1:49.265,0,,25.702,0,51.016,0,32.547,0,188.8,1:09:04.958,19:39:04.958,0:25.702,0:51.016,0:32.547,274.3,Ricardo Feller,,GTDPRO,,Manthey,Porsche,GF,
911,1,28,1:49.910,0,,26.088,0,51.257,0,32.565,0,187.7,1:10:54.868,19:40:54.868,0:26.088,0:51.257,0:32.565,273.1,Ricardo Feller,,GTDPRO,,Manthey,Porsche,GF,
911,1,29,1:49.880,0,,26.099,0,51.205,0,32.576,0,187.7,1:12:44.748,19:42:44.748,0:26.099,0:51.205,0:32.576,272.0,Ricardo Feller,,GTDPRO,,Manthey,Porsche,GF,
911,1,30,1:49.811,0,,25.994,0,51.227,0,32.590,0,187.8,1:14:34.559,19:44:34.559,0:25.994,0:51.227,0:32.590,272.6,Ricardo Feller,,GTDPRO,,Manthey,Porsche,GF,
911,1,31,1:49.237,0,,25.611,0,50.983,0,32.643,0,188.8,1:16:23.796,19:46:23.796,0:25.611,0:50.983,0:32.643,273.1,Ricardo Feller,,GTDPRO,,Manthey,Porsche,GF,
911,1,32,1:48.870,0,,25.553,0,50.769,0,32.548,0,189.4,1:18:12.666,19:48:12.666,0:25.553,0:50.769,0:32.548,272.6,Ricardo Feller,,GTDPRO,,Manthey,Porsche,GF,
911,1,33,1:49.444,0,,25.631,0,50.788,0,33.025,0,188.5,1:20:02.110,19:50:02.110,0:25.631,0:50.788,0:33.025,272.0,Ricardo Feller,,GTDPRO,,Manthey,Porsche,GF,
911,1,34,2:02.296,0,B,25.957,0,50.880,0,45.459,0,168.7,1:22:04.406,19:52:04.406,0:25.957,0:50.880,0:45.459,,Ricardo Feller,,GTDPRO,,Manthey,Porsche,GF,
911,4,35,2:47.018,0,,1:23.432,0,50.934,0,32.652,0,123.5,1:24:51.424,19:54:51.424,1:23.432,0:50.934,0:32.652,274.3,Thomas Preining,0:01:19.985,GTDPRO,,Manthey,Porsche,GF,
911,4,36,1:49.364,0,,25.773,0,50.858,0,32.733,0,188.6,1:26:40.788,19:56:40.788,0:25.773,0:50.858,0:32.733,273.7,Thomas Preining,,GTDPRO,,Manthey,Porsche,GF,
911,4,37,1:48.858,0,,25.605,0,50.824,0,32.429,0,189.5,1:28:29.646,19:58:29.646,0:25.605,0:50.824,0:32.429,273.1,Thomas Preining,,GTDPRO,,Manthey,Porsche,GF,
911,4,38,1:48.952,0,,25.955,0,50.689,0,32.308,0,189.3,1:30:18.598,20:00:18.598,0:25.955,0:50.689,0:32.308,273.7,Thomas Preining,,GTDPRO,,Manthey,Porsche,GF,
911,4,39,1:49.366,0,,25.585,0,51.039,0,32.742,0,188.6,1:32:07.964,20:02:07.964,0:25.585,0:51.039,0:32.742,276.0,Thomas Preining,,GTDPRO,,Manthey,Porsche,GF,
911,4,40,1:48.648,0,,25.649,0,50.634,0,32.365,0,189.8,1:33:56.612,20:03:56.612,0:25.649,0:50.634,0:32.365,270.9,Thomas Preining,,GTDPRO,,Manthey,Porsche,GF,
911,4,41,1:48.720,0,,25.565,0,50.758,0,32.397,0,189.7,1:35:45.332,20:05:45.332,0:25.565,0:50.758,0:32.397,270.9,Thomas Preining,,GTDPRO,,Manthey,Porsche,GF,
911,4,42,1:48.536,0,,25.700,0,50.597,0,32.239,0,190.0,1:37:33.868,20:07:33.868,0:25.700,0:50.597,0:32.239,271.4,Thomas Preining,,GTDPRO,,Manthey,Porsche,GF,
911,4,43,1:48.673,0,,25.792,0,50.665,0,32.216,2,189.8,1:39:22.541,20:09:22.541,0:25.792,0:50.665,0:32.216,273.7,Thomas Preining,,GTDPRO,,Manthey,Porsche,GF,
911,4,44,2:00.994,0,B,25.495,1,50.577,2,44.922,0,170.5,1:41:23.535,20:11:23.535,0:25.495,0:50.577,0:44.922,,Thomas Preining,,GTDPRO,,Manthey,Porsche,GF,
911,3,45,2:48.742,0,,1:24.597,0,51.218,0,32.927,0,122.2,1:44:12.277,20:14:12.277,1:24.597,0:51.218,0:32.927,273.7,Klaus Bachler,0:01:21.564,GTDPRO,,Manthey,Porsche,GF,
911,3,46,1:50.475,0,,26.281,0,51.185,0,33.009,0,186.7,1:46:02.752,20:16:02.752,0:26.281,0:51.185,0:33.009,271.4,Klaus Bachler,,GTDPRO,,Manthey,Porsche,GF,
911,3,47,1:52.158,0,,26.744,0,52.655,0,32.759,0,183.9,1:47:54.910,20:17:54.910,0:26.744,0:52.655,0:32.759,272.6,Klaus Bachler,,GTDPRO,,Manthey,Porsche,GF,
911,3,48,1:50.008,0,,25.960,0,51.299,0,32.749,0,187.5,1:49:44.918,20:19:44.918,0:25.960,0:51.299,0:32.749,272.6,Klaus Bachler,,GTDPRO,,Manthey,Porsche,GF,
911,3,49,1:49.347,0,,25.783,0,51.021,0,32.543,1,188.6,1:51:34.265,20:21:34.265,0:25.783,0:51.021,0:32.543,272.0,Klaus Bachler,,GTDPRO,,Manthey,Porsche,GF,
911,3,50,1:49.259,0,,25.594,0,51.112,0,32.553,0,188.8,1:53:23.524,20:23:23.524,0:25.594,0:51.112,0:32.553,273.1,Klaus Bachler,,GTDPRO,,Manthey,Porsche,GF,
911,3,51,1:49.750,0,,25.550,1,51.255,0,32.945,0,187.9,1:55:13.274,20:25:13.274,0:25.550,0:51.255,0:32.945,273.7,Klaus Bachler,,GTDPRO,,Manthey,Porsche,GF,
911,3,52,1:49.143,0,,25.613,0,50.929,0,32.601,0,189.0,1:57:02.417,20:27:02.417,0:25.613,0:50.929,0:32.601,273.7,Klaus Bachler,,GTDPRO,,Manthey,Porsche,GF,
911,3,53,1:49.061,0,,25.633,0,50.837,1,32.591,0,189.1,1:58:51.478,20:28:51.478,0:25.633,0:50.837,0:32.591,272.0,Klaus Bachler,,GTDPRO,,Manthey,Porsche,GF,
911,3,54,1:53.998,0,,25.644,0,50.840,0,37.514,0,180.9,2:00:45.476,20:30:45.476,0:25.644,0:50.840,0:37.514,269.8,Klaus Bachler,,GTDPRO,,Manthey,Porsche,FF,
912,4,1,2:35.869,0,,1:02.276,0,58.944,0,34.649,0,132.3,2:35.869,18:32:35.869,1:02.276,0:58.944,0:34.649,268.7,Ryan Hardwick,0:00:40.537,GTD,,Manthey 1St Phorm,Porsche,GF,
912,4,2,1:55.115,0,,28.589,0,52.973,0,33.553,0,179.2,4:30.984,18:34:30.984,0:28.589,0:52.973,0:33.553,270.9,Ryan Hardwick,,GTD,,Manthey 1St Phorm,Porsche,GF,
912,4,3,2:06.495,0,B,27.353,0,52.476,0,46.666,0,163.1,6:37.479,18:36:37.479,0:27.353,0:52.476,0:46.666,,Ryan Hardwick,,GTD,,Manthey 1St Phorm,Porsche,GF,
912,4,4,5:32.478,0,,4:01.116,0,56.996,0,34.366,0,62.0,12:09.957,18:42:09.957,4:01.116,0:56.996,0:34.366,267.6,Ryan Hardwick,0:03:53.130,GTD,,Manthey 1St Phorm,Porsche,GF,
912,4,5,1:52.501,0,,26.651,0,52.278,0,33.572,0,183.3,14:02.458,18:44:02.458,0:26.651,0:52.278,0:33.572,269.2,Ryan Hardwick,,GTD,,Manthey 1St Phorm,Porsche,GF,
912,4,6,2:05.249,0,B,26.365,0,52.160,0,46.724,0,164.7,16:07.707,18:46:07.707,0:26.365,0:52.160,0:46.724,,Ryan Hardwick,,GTD,,Manthey 1St Phorm,Porsche,GF,
912,4,7,5:16.275,0,,3:43.133,0,58.096,0,35.046,0,65.2,21:23.982,18:51:23.982,3:43.133,0:58.096,0:35.046,268.1,Ryan Hardwick,0:03:36.810,GTD,,Manthey 1St Phorm,Porsche,GF,
912,4,8,1:51.403,0,,26.238,0,51.810,0,33.355,0,185.1,23:15.385,18:53:15.385,0:26.238,0:51.810,0:33.355,267.6,Ryan Hardwick,,GTD,,Manthey 1St Phorm,Porsche,GF,
912,4,9,2:04.570,0,B,26.144,0,52.014,0,46.412,0,165.6,25:19.955,18:55:19.955,0:26.144,0:52.014,0:46.412,,Ryan Hardwick,,GTD,,Manthey 1St Phorm,Porsche,GF,
912,4,10,5:04.001,0,,3:32.201,0,57.221,0,34.579,0,67.8,30:23.956,19:00:23.956,3:32.201,0:57.221,0:34.579,267.6,Ryan Hardwick,0:03:25.018,GTD,,Manthey 1St Phorm,Porsche,GF,
912,4,11,1:57.683,0,,27.852,0,54.898,0,34.933,0,175.3,32:21.639,19:02:21.639,0:27.852,0:54.898,0:34.933,270.9,Ryan Hardwick,,GTD,,Manthey 1St Phorm,Porsche,GF,
912,4,12,2:08.695,0,B,28.511,0,53.349,0,46.835,0,160.3,34:30.334,19:04:30.334,0:28.511,0:53.349,0:46.835,,Ryan Hardwick,,GTD,,Manthey 1St Phorm,Porsche,GF,
912,1,13,5:59.095,0,,4:29.546,0,55.522,0,34.027,0,57.4,40:29.429,19:10:29.429,4:29.546,0:55.522,0:34.027,267.6,Morris Schuring,0:04:24.230,GTD,,Manthey 1St Phorm,Porsche,GF,
912,1,14,1:50.217,0,,25.935,0,51.343,0,32.939,0,187.1,42:19.646,19:12:19.646,0:25.935,0:51.343,0:32.939,270.9,Morris Schuring,,GTD,,Manthey 1St Phorm,Porsche,GF,
912,1,15,1:49.289,0,,25.460,0,51.118,0,32.711,0,188.7,44:08.935,19:14:08.935,0:25.460,0:51.118,0:32.711,273.1,Morris Schuring,,GTD,,Manthey 1St Phorm,Porsche,GF,
912,1,16,1:49.495,0,,25.530,0,51.230,0,32.735,0,188.4,45:58.430,19:15:58.430,0:25.530,0:51.230,0:32.735,269.8,Morris Schuring,,GTD,,Manthey 1St Phorm,Porsche,GF,
912,1,17,1:49.262,0,,25.396,0,51.135,0,32.731,0,188.8,47:47.692,19:17:47.692,0:25.396,0:51.135,0:32.731,269.8,Morris Schuring,,GTD,,Manthey 1St Phorm,Porsche,GF,
912,1,18,1:48.888,0,,25.368,0,50.900,0,32.620,0,189.4,49:36.580,19:19:36.580,0:25.368,0:50.900,0:32.620,270.9,Morris Schuring,,GTD,,Manthey 1St Phorm,Porsche,GF,
912,1,19,1:49.716,0,,25.822,0,51.099,0,32.795,0,188.0,51:26.296,19:21:26.296,0:25.822,0:51.099,0:32.795,270.9,Morris Schuring,,GTD,,Manthey 1St Phorm,Porsche,GF,
912,1,20,1:49.227,0,,25.473,0,51.001,0,32.753,0,188.8,53:15.523,19:23:15.523,0:25.473,0:51.001,0:32.753,272.6,Morris Schuring,,GTD,,Manthey 1St Phorm,Porsche,GF,
912,1,21,1:50.629,0,,26.658,0,51.206,0,32.765,0,186.4,55:06.152,19:25:06.152,0:26.658,0:51.206,0:32.765,271.4,Morris Schuring,,GTD,,Manthey 1St Phorm,Porsche,GF,
912,1,22,1:49.438,0,,25.553,0,51.162,0,32.723,0,188.5,56:55.590,19:26:55.590,0:25.553,0:51.162,0:32.723,272.0,Morris Schuring,,GTD,,Manthey 1St Phorm,Porsche,GF,
912,1,23,1:49.853,0,,25.593,0,51.456,0,32.804,0,187.8,58:45.443,19:28:45.443,0:25.593,0:51.456,0:32.804,275.4,Morris Schuring,,GTD,,Manthey 1St Phorm,Porsche,GF,
912,1,24,1:51.026,0,,25.498,0,51.056,0,34.472,0,185.8,1:00:36.469,19:30:36.469,0:25.498,0:51.056,0:34.472,272.0,Morris Schuring,,GTD,,Manthey 1St Phorm,Porsche,GF,
912,1,25,1:49.805,0,,25.476,0,50.859,0,33.470,0,187.8,1:02:26.274,19:32:26.274,0:25.476,0:50.859,0:33.470,274.8,Morris Schuring,,GTD,,Manthey 1St Phorm,Porsche,GF,
912,1,26,1:49.514,0,,25.521,0,51.261,0,32.732,0,188.3,1:04:15.788,19:34:15.788,0:25.521,0:51.261,0:32.732,272.0,Morris Schuring,,GTD,,Manthey 1St Phorm,Porsche,GF,
912,1,27,1:49.795,0,,25.446,0,51.215,0,33.134,0,187.9,1:06:05.583,19:36:05.583,0:25.446,0:51.215,0:33.134,270.9,Morris Schuring,,GTD,,Manthey 1St Phorm,Porsche,GF,
912,1,28,1:48.736,0,,25.392,0,50.816,0,32.528,0,189.7,1:07:54.319,19:37:54.319,0:25.392,0:50.816,0:32.528,272.0,Morris Schuring,,GTD,,Manthey 1St Phorm,Porsche,GF,
912,1,29,1:48.805,0,,25.319,2,50.813,0,32.673,0,189.6,1:09:43.124,19:39:43.124,0:25.319,0:50.813,0:32.673,270.9,Morris Schuring,,GTD,,Manthey 1St Phorm,Porsche,GF,
912,1,30,1:49.468,0,,25.787,0,51.081,0,32.600,0,188.4,1:11:32.592,19:41:32.592,0:25.787,0:51.081,0:32.600,269.8,Morris Schuring,,GTD,,Manthey 1St Phorm,Porsche,GF,
912,1,31,1:48.976,0,,25.527,0,50.716,0,32.733,0,189.3,1:13:21.568,19:43:21.568,0:25.527,0:50.716,0:32.733,270.9,Morris Schuring,,GTD,,Manthey 1St Phorm,Porsche,GF,
912,1,32,1:52.838,0,,26.775,0,52.746,0,33.317,0,182.8,1:15:14.406,19:45:14.406,0:26.775,0:52.746,0:33.317,272.0,Morris Schuring,,GTD,,Manthey 1St Phorm,Porsche,GF,
912,1,33,1:49.773,0,,25.928,0,51.066,0,32.779,0,187.9,1:17:04.179,19:47:04.179,0:25.928,0:51.066,0:32.779,272.0,Morris Schuring,,GTD,,Manthey 1St Phorm,Porsche,GF,
912,1,34,1:49.854,0,,26.020,0,51.090,0,32.744,0,187.8,1:18:54.033,19:48:54.033,0:26.020,0:51.090,0:32.744,270.3,Morris Schuring,,GTD,,Manthey 1St Phorm,Porsche,GF,
912,1,35,1:49.871,0,,25.812,0,51.276,0,32.783,0,187.7,1:20:43.904,19:50:43.904,0:25.812,0:51.276,0:32.783,268.7,Morris Schuring,,GTD,,Manthey 1St Phorm,Porsche,GF,
912,1,36,1:49.309,0,,25.592,0,51.084,0,32.633,0,188.7,1:22:33.213,19:52:33.213,0:25.592,0:51.084,0:32.633,269.2,Morris Schuring,,GTD,,Manthey 1St Phorm,Porsche,GF,
912,1,37,1:48.977,0,,25.415,0,50.961,0,32.601,0,189.3,1:24:22.190,19:54:22.190,0:25.415,0:50.961,0:32.601,269.8,Morris Schuring,,GTD,,Manthey 1St Phorm,Porsche,GF,
912,1,38,1:48.904,0,,25.599,0,50.870,0,32.435,0,189.4,1:26:11.094,19:56:11.094,0:25.599,0:50.870,0:32.435,269.2,Morris Schuring,,GTD,,Manthey 1St Phorm,Porsche,GF,
912,1,39,1:49.184,0,,25.444,0,50.888,0,32.852,0,188.9,1:28:00.278,19:58:00.278,0:25.444,0:50.888,0:32.852,270.9,Morris Schuring,,GTD,,Manthey 1St Phorm,Porsche,GF,
912,1,40,1:48.643,0,,25.396,0,50.812,0,32.435,0,189.8,1:29:48.921,19:59:48.921,0:25.396,0:50.812,0:32.435,269.2,Morris Schuring,,GTD,,Manthey 1St Phorm,Porsche,GF,
912,1,41,1:48.610,2,,25.525,0,50.735,0,32.350,2,189.9,1:31:37.531,20:01:37.531,0:25.525,0:50.735,0:32.350,270.3,Morris Schuring,,GTD,,Manthey 1St Phorm,Porsche,GF,
912,1,42,2:07.527,0,B,25.623,0,50.634,2,51.270,0,161.7,1:33:45.058,20:03:45.058,0:25.623,0:50.634,0:51.270,,Morris Schuring,,GTD,,Manthey 1St Phorm,Porsche,GF,
912,4,43,3:02.187,0,,1:34.755,0,53.573,0,33.859,0,113.2,1:36:47.245,20:06:47.245,1:34.755,0:53.573,0:33.859,271.4,Ryan Hardwick,0:01:30.421,GTD,,Manthey 1St Phorm,Porsche,GF,
912,4,44,1:53.491,0,,27.060,0,52.184,0,34.247,0,181.7,1:38:40.736,20:08:40.736,0:27.060,0:52.184,0:34.247,271.4,Ryan Hardwick,,GTD,,Manthey 1St Phorm,Porsche,GF,
912,4,45,1:52.739,0,,26.448,0,52.661,0,33.630,0,182.9,1:40:33.475,20:10:33.475,0:26.448,0:52.661,0:33.630,270.3,Ryan Hardwick,,GTD,,Manthey 1St Phorm,Porsche,GF,
912,4,46,2:00.670,0,,26.934,0,52.020,0,41.716,0,170.9,1:42:34.145,20:12:34.145,0:26.934,0:52.020,0:41.716,266.5,Ryan Hardwick,,GTD,,Manthey 1St Phorm,Porsche,GF,
912,4,47,1:52.057,0,,26.263,0,52.182,0,33.612,0,184.1,1:44:26.202,20:14:26.202,0:26.263,0:52.182,0:33.612,271.4,Ryan Hardwick,,GTD,,Manthey 1St Phorm,Porsche,GF,
912,4,48,1:52.040,0,,26.438,0,52.310,0,33.292,0,184.1,1:46:18.242,20:16:18.242,0:26.438,0:52.310,0:33.292,272.6,Ryan Hardwick,,GTD,,Manthey 1St Phorm,Porsche,GF,
912,4,49,1:51.397,0,,26.382,0,51.682,0,33.333,0,185.2,1:48:09.639,20:18:09.639,0:26.382,0:51.682,0:33.333,271.4,Ryan Hardwick,,GTD,,Manthey 1St Phorm,Porsche,GF,
912,4,50,1:53.542,0,,27.527,0,52.779,0,33.236,0,181.7,1:50:03.181,20:20:03.181,0:27.527,0:52.779,0:33.236,271.4,Ryan Hardwick,,GTD,,Manthey 1St Phorm,Porsche,GF,
912,4,51,1:52.294,0,,26.613,0,51.909,0,33.772,0,183.7,1:51:55.475,20:21:55.475,0:26.613,0:51.909,0:33.772,269.2,Ryan Hardwick,,GTD,,Manthey 1St Phorm,Porsche,GF,
912,4,52,1:51.355,0,,26.343,0,51.744,0,33.268,0,185.2,1:53:46.830,20:23:46.830,0:26.343,0:51.744,0:33.268,272.6,Ryan Hardwick,,GTD,,Manthey 1St Phorm,Porsche,GF,
912,4,53,1:52.550,0,,26.269,0,52.749,0,33.532,0,183.3,1:55:39.380,20:25:39.380,0:26.269,0:52.749,0:33.532,270.3,Ryan Hardwick,,GTD,,Manthey 1St Phorm,Porsche,GF,
912,4,54,1:51.632,0,,26.328,0,52.106,0,33.198,0,184.8,1:57:31.012,20:27:31.012,0:26.328,0:52.106,0:33.198,272.0,Ryan Hardwick,,GTD,,Manthey 1St Phorm,Porsche,GF,
912,4,55,1:50.513,0,,26.122,1,51.447,1,32.944,1,186.6,1:59:21.525,20:29:21.525,0:26.122,0:51.447,0:32.944,270.9,Ryan Hardwick,,GTD,,Manthey 1St Phorm,Porsche,GF,
912,4,56,1:51.347,0,,26.216,0,51.822,0,33.309,0,185.2,2:01:12.872,20:31:12.872,0:26.216,0:51.822,0:33.309,270.3,Ryan Hardwick,,GTD,,Manthey 1St Phorm,Porsche,FF,
93,2,1,3:00.525,0,B,40.835,0,49.158,0,1:30.532,0,114.3,3:00.525,18:33:00.525,0:40.835,0:49.158,1:30.532,,Nick Yelloly,0:00:22.303,GTP,,Acura Meyer Shank Racing w/Curb Agajanian,Acura,GF,
93,2,2,2:07.709,0,,49.774,0,48.916,0,29.019,0,161.5,5:08.234,18:35:08.234,0:49.774,0:48.916,0:29.019,316.5,Nick Yelloly,0:01:31.871,GTP,,Acura Meyer Shank Racing w/Curb Agajanian,Acura,GF,
93,2,3,1:41.416,0,,24.087,0,47.007,0,30.322,0,203.4,6:49.650,18:36:49.650,0:24.087,0:47.007,0:30.322,318.8,Nick Yelloly,,GTP,,Acura Meyer Shank Racing w/Curb Agajanian,Acura,GF,
93,2,4,1:37.881,0,,23.750,0,45.573,0,28.558,0,210.7,8:27.531,18:38:27.531,0:23.750,0:45.573,0:28.558,320.3,Nick Yelloly,,GTP,,Acura Meyer Shank Racing w/Curb Agajanian,Acura,GF,
93,2,5,1:38.513,0,,23.807,0,46.059,0,28.647,0,209.4,10:06.044,18:40:06.044,0:23.807,0:46.059,0:28.647,321.9,Nick Yelloly,,GTP,,Acura Meyer Shank Racing w/Curb Agajanian,Acura,GF,
93,2,6,1:38.713,0,,24.091,0,45.810,0,28.812,0,208.9,11:44.757,18:41:44.757,0:24.091,0:45.810,0:28.812,317.2,Nick Yelloly,,GTP,,Acura Meyer Shank Racing w/Curb Agajanian,Acura,GF,
93,2,7,1:39.393,0,,24.048,0,45.764,0,29.581,0,207.5,13:24.150,18:43:24.150,0:24.048,0:45.764,0:29.581,319.5,Nick Yelloly,,GTP,,Acura Meyer Shank Racing w/Curb Agajanian,Acura,GF,
93,2,8,1:39.445,0,,24.882,0,45.509,0,29.054,0,207.4,15:03.595,18:45:03.595,0:24.882,0:45.509,0:29.054,315.7,Nick Yelloly,,GTP,,Acura Meyer Shank Racing w/Curb Agajanian,Acura,GF,
93,2,9,1:38.508,0,,23.909,0,45.723,0,28.876,0,209.4,16:42.103,18:46:42.103,0:23.909,0:45.723,0:28.876,316.5,Nick Yelloly,,GTP,,Acura Meyer Shank Racing w/Curb Agajanian,Acura,GF,
93,2,10,1:39.347,0,,24.626,0,46.256,0,28.465,0,207.6,18:21.450,18:48:21.450,0:24.626,0:46.256,0:28.465,316.5,Nick Yelloly,,GTP,,Acura Meyer Shank Racing w/Curb Agajanian,Acura,GF,
93,2,11,1:38.019,0,,23.955,0,45.538,0,28.526,0,210.4,19:59.469,18:49:59.469,0:23.955,0:45.538,0:28.526,318.0,Nick Yelloly,,GTP,,Acura Meyer Shank Racing w/Curb Agajanian,Acura,GF,
93,2,12,1:38.109,0,,23.819,0,46.023,0,28.267,0,210.2,21:37.578,18:51:37.578,0:23.819,0:46.023,0:28.267,320.3,Nick Yelloly,,GTP,,Acura Meyer Shank Racing w/Curb Agajanian,Acura,GF,
93,2,13,1:41.895,0,,25.132,0,47.499,0,29.264,0,202.4,23:19.473,18:53:19.473,0:25.132,0:47.499,0:29.264,316.5,Nick Yelloly,,GTP,,Acura Meyer Shank Racing w/Curb Agajanian,Acura,GF,
93,2,14,1:38.647,0,,24.122,0,46.067,0,28.458,0,209.1,24:58.120,18:54:58.120,0:24.122,0:46.067,0:28.458,318.0,Nick Yelloly,,GTP,,Acura Meyer Shank Racing w/Curb Agajanian,Acura,GF,
93,2,15,1:39.239,0,,23.954,0,45.881,0,29.404,0,207.8,26:37.359,18:56:37.359,0:23.954,0:45.881,0:29.404,320.3,Nick Yelloly,,GTP,,Acura Meyer Shank Racing w/Curb Agajanian,Acura,GF,
93,2,16,1:38.623,0,,24.254,0,46.040,0,28.329,0,209.1,28:15.982,18:58:15.982,0:24.254,0:46.040,0:28.329,319.5,Nick Yelloly,,GTP,,Acura Meyer Shank Racing w/Curb Agajanian,Acura,GF,
93,2,17,1:38.258,0,,24.118,0,45.880,0,28.260,0,209.9,29:54.240,18:59:54.240,0:24.118,0:45.880,0:28.260,318.0,Nick Yelloly,,GTP,,Acura Meyer Shank Racing w/Curb Agajanian,Acura,GF,
93,2,18,1:38.853,0,,24.147,0,46.469,0,28.237,0,208.6,31:33.093,19:01:33.093,0:24.147,0:46.469,0:28.237,318.8,Nick Yelloly,,GTP,,Acura Meyer Shank Racing w/Curb Agajanian,Acura,GF,
93,2,19,1:39.828,0,,24.022,0,47.568,0,28.238,0,206.6,33:12.921,19:03:12.921,0:24.022,0:47.568,0:28.238,320.3,Nick Yelloly,,GTP,,Acura Meyer Shank Racing w/Curb Agajanian,Acura,GF,
93,2,20,1:39.548,0,,24.011,0,46.653,0,28.884,0,207.2,34:52.469,19:04:52.469,0:24.011,0:46.653,0:28.884,318.8,Nick Yelloly,,GTP,,Acura Meyer Shank Racing w/Curb Agajanian,Acura,GF,
93,2,21,1:38.354,0,,24.039,0,46.134,0,28.181,0,209.7,36:30.823,19:06:30.823,0:24.039,0:46.134,0:28.181,318.0,Nick Yelloly,,GTP,,Acura Meyer Shank Racing w/Curb Agajanian,Acura,GF,
93,2,22,1:39.639,0,,24.070,0,47.194,0,28.375,0,207.0,38:10.462,19:08:10.462,0:24.070,0:47.194,0:28.375,321.1,Nick Yelloly,,GTP,,Acura Meyer Shank Racing w/Curb Agajanian,Acura,GF,
93,2,23,1:38.566,0,,24.192,0,45.837,0,28.537,0,209.3,39:49.028,19:09:49.028,0:24.192,0:45.837,0:28.537,318.0,Nick Yelloly,,GTP,,Acura Meyer Shank Racing w/Curb Agajanian,Acura,GF,
93,2,24,1:37.800,0,,23.915,0,45.582,0,28.303,0,210.9,41:26.828,19:11:26.828,0:23.915,0:45.582,0:28.303,319.5,Nick Yelloly,,GTP,,Acura Meyer Shank Racing w/Curb Agajanian,Acura,GF,
93,2,25,1:38.806,0,,24.298,0,46.056,0,28.452,0,208.7,43:05.634,19:13:05.634,0:24.298,0:46.056,0:28.452,320.3,Nick Yelloly,,GTP,,Acura Meyer Shank Racing w/Curb Agajanian,Acura,GF,
93,2,26,1:39.214,0,,24.154,0,46.456,0,28.604,0,207.9,44:44.848,19:14:44.848,0:24.154,0:46.456,0:28.604,318.0,Nick Yelloly,,GTP,,Acura Meyer Shank Racing w/Curb Agajanian,Acura,GF,
93,2,27,1:38.250,0,,23.954,0,45.769,0,28.527,0,209.9,46:23.098,19:16:23.098,0:23.954,0:45.769,0:28.527,315.0,Nick Yelloly,,GTP,,Acura Meyer Shank Racing w/Curb Agajanian,Acura,GF,
93,2,28,4:19.477,0,B,23.994,0,45.860,0,3:09.623,0,79.5,50:42.575,19:20:42.575,0:23.994,0:45.860,3:09.623,,Nick Yelloly,,GTP,,Acura Meyer Shank Racing w/Curb Agajanian,Acura,GF,
93,2,29,2:08.926,0,,50.779,0,48.975,0,29.172,0,160.0,52:51.501,19:22:51.501,0:50.779,0:48.975,0:29.172,318.8,Nick Yelloly,0:03:13.176,GTP,,Acura Meyer Shank Racing w/Curb Agajanian,Acura,GF,
93,2,30,1:40.192,0,,24.654,0,46.348,0,29.190,0,205.9,54:31.693,19:24:31.693,0:24.654,0:46.348,0:29.190,318.0,Nick Yelloly,,GTP,,Acura Meyer Shank Racing w/Curb Agajanian,Acura,GF,
93,2,31,1:38.553,0,,23.905,0,45.705,0,28.943,0,209.3,56:10.246,19:26:10.246,0:23.905,0:45.705,0:28.943,317.2,Nick Yelloly,,GTP,,Acura Meyer Shank Racing w/Curb Agajanian,Acura,GF,
93,2,32,1:38.084,0,,23.783,0,45.825,0,28.476,0,210.3,57:48.330,19:27:48.330,0:23.783,0:45.825,0:28.476,317.2,Nick Yelloly,,GTP,,Acura Meyer Shank Racing w/Curb Agajanian,Acura,GF,
93,2,33,1:38.787,0,,23.691,2,46.059,0,29.037,0,208.8,59:27.117,19:29:27.117,0:23.691,0:46.059,0:29.037,321.9,Nick Yelloly,,GTP,,Acura Meyer Shank Racing w/Curb Agajanian,Acura,GF,
93,2,34,1:39.102,0,,24.779,0,45.931,0,28.392,0,208.1,1:01:06.219,19:31:06.219,0:24.779,0:45.931,0:28.392,315.7,Nick Yelloly,,GTP,,Acura Meyer Shank Racing w/Curb Agajanian,Acura,GF,
93,2,35,1:37.689,0,,23.723,0,45.569,0,28.397,0,211.1,1:02:43.908,19:32:43.908,0:23.723,0:45.569,0:28.397,316.5,Nick Yelloly,,GTP,,Acura Meyer Shank Racing w/Curb Agajanian,Acura,GF,
93,2,36,1:37.853,0,,23.990,0,45.528,0,28.335,0,210.8,1:04:21.761,19:34:21.761,0:23.990,0:45.528,0:28.335,317.2,Nick Yelloly,,GTP,,Acura Meyer Shank Racing w/Curb Agajanian,Acura,GF,
93,2,37,1:38.944,0,,23.808,0,46.038,0,29.098,0,208.5,1:06:00.705,19:36:00.705,0:23.808,0:46.038,0:29.098,317.2,Nick Yelloly,,GTP,,Acura Meyer Shank Racing w/Curb Agajanian,Acura,GF,
93,2,38,1:37.741,0,,23.775,0,45.714,0,28.252,0,211.0,1:07:38.446,19:37:38.446,0:23.775,0:45.714,0:28.252,318.8,Nick Yelloly,,GTP,,Acura Meyer Shank Racing w/Curb Agajanian,Acura,GF,
93,2,39,1:39.041,0,,23.771,0,46.270,0,29.000,0,208.3,1:09:17.487,19:39:17.487,0:23.771,0:46.270,0:29.000,318.8,Nick Yelloly,,GTP,,Acura Meyer Shank Racing w/Curb Agajanian,Acura,GF,
93,2,40,1:38.450,0,,24.032,0,45.757,0,28.661,0,209.5,1:10:55.937,19:40:55.937,0:24.032,0:45.757,0:28.661,318.8,Nick Yelloly,,GTP,,Acura Meyer Shank Racing w/Curb Agajanian,Acura,GF,
93,2,41,1:38.513,0,,24.317,0,45.605,0,28.591,0,209.4,1:12:34.450,19:42:34.450,0:24.317,0:45.605,0:28.591,315.7,Nick Yelloly,,GTP,,Acura Meyer Shank Racing w/Curb Agajanian,Acura,GF,
93,2,42,1:38.133,0,,23.960,0,45.837,0,28.336,0,210.2,1:14:12.583,19:44:12.583,0:23.960,0:45.837,0:28.336,318.0,Nick Yelloly,,GTP,,Acura Meyer Shank Racing w/Curb Agajanian,Acura,GF,
93,2,43,1:38.572,0,,24.455,0,45.816,0,28.301,0,209.2,1:15:51.155,19:45:51.155,0:24.455,0:45.816,0:28.301,316.5,Nick Yelloly,,GTP,,Acura Meyer Shank Racing w/Curb Agajanian,Acura,GF,
93,2,44,1:38.787,0,,24.068,0,46.249,0,28.470,0,208.8,1:17:29.942,19:47:29.942,0:24.068,0:46.249,0:28.470,317.2,Nick Yelloly,,GTP,,Acura Meyer Shank Racing w/Curb Agajanian,Acura,GF,
93,2,45,1:37.999,0,,23.946,0,45.800,0,28.253,0,210.5,1:19:07.941,19:49:07.941,0:23.946,0:45.800,0:28.253,318.0,Nick Yelloly,,GTP,,Acura Meyer Shank Racing w/Curb Agajanian,Acura,GF,
93,2,46,1:38.643,0,,24.093,0,46.102,0,28.448,0,209.1,1:20:46.584,19:50:46.584,0:24.093,0:46.102,0:28.448,318.0,Nick Yelloly,,GTP,,Acura Meyer Shank Racing w/Curb Agajanian,Acura,GF,
93,2,47,1:39.117,0,,24.159,0,46.327,0,28.631,0,208.1,1:22:25.701,19:52:25.701,0:24.159,0:46.327,0:28.631,317.2,Nick Yelloly,,GTP,,Acura Meyer Shank Racing w/Curb Agajanian,Acura,GF,
93,2,48,1:37.632,2,,23.884,0,45.593,0,28.155,2,211.3,1:24:03.333,19:54:03.333,0:23.884,0:45.593,0:28.155,318.0,Nick Yelloly,,GTP,,Acura Meyer Shank Racing w/Curb Agajanian,Acura,GF,
93,2,49,1:38.863,0,,23.989,0,46.039,0,28.835,0,208.6,1:25:42.196,19:55:42.196,0:23.989,0:46.039,0:28.835,315.7,Nick Yelloly,,GTP,,Acura Meyer Shank Racing w/Curb Agajanian,Acura,GF,
93,2,50,1:37.960,0,,24.026,0,45.719,0,28.215,0,210.5,1:27:20.156,19:57:20.156,0:24.026,0:45.719,0:28.215,321.1,Nick Yelloly,,GTP,,Acura Meyer Shank Racing w/Curb Agajanian,Acura,GF,
93,2,51,1:38.765,0,,23.971,0,46.400,0,28.394,0,208.8,1:28:58.921,19:58:58.921,0:23.971,0:46.400,0:28.394,318.0,Nick Yelloly,,GTP,,Acura Meyer Shank Racing w/Curb Agajanian,Acura,GF,
93,2,52,1:38.674,0,,24.744,0,45.537,0,28.393,0,209.0,1:30:37.595,20:00:37.595,0:24.744,0:45.537,0:28.393,317.2,Nick Yelloly,,GTP,,Acura Meyer Shank Racing w/Curb Agajanian,Acura,GF,
93,2,53,1:38.101,0,,24.072,0,45.691,0,28.338,0,210.2,1:32:15.696,20:02:15.696,0:24.072,0:45.691,0:28.338,316.5,Nick Yelloly,,GTP,,Acura Meyer Shank Racing w/Curb Agajanian,Acura,GF,
93,2,54,1:37.969,0,,23.936,0,45.540,0,28.493,0,210.5,1:33:53.665,20:03:53.665,0:23.936,0:45.540,0:28.493,315.7,Nick Yelloly,,GTP,,Acura Meyer Shank Racing w/Curb Agajanian,Acura,GF,
93,2,55,1:38.463,0,,23.786,0,45.786,0,28.891,0,209.5,1:35:32.128,20:05:32.128,0:23.786,0:45.786,0:28.891,318.0,Nick Yelloly,,GTP,,Acura Meyer Shank Racing w/Curb Agajanian,Acura,GF,
93,2,56,1:38.620,0,,23.970,0,45.970,0,28.680,0,209.1,1:37:10.748,20:07:10.748,0:23.970,0:45.970,0:28.680,316.5,Nick Yelloly,,GTP,,Acura Meyer Shank Racing w/Curb Agajanian,Acura,GF,
93,2,57,1:37.656,0,,23.908,0,45.396,2,28.352,0,211.2,1:38:48.404,20:08:48.404,0:23.908,0:45.396,0:28.352,318.0,Nick Yelloly,,GTP,,Acura Meyer Shank Racing w/Curb Agajanian,Acura,GF,
93,2,58,2:39.789,0,B,23.976,0,45.740,0,1:30.073,0,129.1,1:41:28.193,20:11:28.193,0:23.976,0:45.740,1:30.073,,Nick Yelloly,,GTP,,Acura Meyer Shank Racing w/Curb Agajanian,Acura,GF,
93,2,59,2:03.627,0,,47.821,0,47.145,0,28.661,0,166.8,1:43:31.820,20:13:31.820,0:47.821,0:47.145,0:28.661,318.8,Nick Yelloly,0:01:33.205,GTP,,Acura Meyer Shank Racing w/Curb Agajanian,Acura,GF,
93,2,60,1:40.210,0,,24.435,0,46.954,0,28.821,0,205.8,1:45:12.030,20:15:12.030,0:24.435,0:46.954,0:28.821,313.5,Nick Yelloly,,GTP,,Acura Meyer Shank Racing w/Curb Agajanian,Acura,GF,
93,2,61,1:41.019,0,,24.335,0,46.632,0,30.052,0,204.2,1:46:53.049,20:16:53.049,0:24.335,0:46.632,0:30.052,315.7,Nick Yelloly,,GTP,,Acura Meyer Shank Racing w/Curb Agajanian,Acura,GF,
93,2,62,1:40.084,0,,24.332,0,46.969,0,28.783,0,206.1,1:48:33.133,20:18:33.133,0:24.332,0:46.969,0:28.783,318.0,Nick Yelloly,,GTP,,Acura Meyer Shank Racing w/Curb Agajanian,Acura,GF,
93,2,63,1:39.809,0,,24.508,0,46.409,0,28.892,0,206.6,1:50:12.942,20:20:12.942,0:24.508,0:46.409,0:28.892,317.2,Nick Yelloly,,GTP,,Acura Meyer Shank Racing w/Curb Agajanian,Acura,GF,
93,2,64,1:39.738,0,,24.287,0,46.221,0,29.230,0,206.8,1:51:52.680,20:21:52.680,0:24.287,0:46.221,0:29.230,317.2,Nick Yelloly,,GTP,,Acura Meyer Shank Racing w/Curb Agajanian,Acura,GF,
93,2,65,1:39.672,0,,24.694,0,46.260,0,28.718,0,206.9,1:53:32.352,20:23:32.352,0:24.694,0:46.260,0:28.718,315.7,Nick Yelloly,,GTP,,Acura Meyer Shank Racing w/Curb Agajanian,Acura,GF,
93,2,66,1:39.014,0,,24.298,0,46.209,0,28.507,0,208.3,1:55:11.366,20:25:11.366,0:24.298,0:46.209,0:28.507,319.5,Nick Yelloly,,GTP,,Acura Meyer Shank Racing w/Curb Agajanian,Acura,GF,
93,2,67,1:39.236,0,,24.399,0,46.099,0,28.738,0,207.8,1:56:50.602,20:26:50.602,0:24.399,0:46.099,0:28.738,317.2,Nick Yelloly,,GTP,,Acura Meyer Shank Racing w/Curb Agajanian,Acura,GF,
93,2,68,1:40.696,0,,24.882,0,46.618,0,29.196,0,204.8,1:58:31.298,20:28:31.298,0:24.882,0:46.618,0:29.196,315.7,Nick Yelloly,,GTP,,Acura Meyer Shank Racing w/Curb Agajanian,Acura,GF,
93,2,69,1:38.873,0,,24.204,0,46.177,0,28.492,0,208.6,2:00:10.171,20:30:10.171,0:24.204,0:46.177,0:28.492,315.7,Nick Yelloly,,GTP,,Acura Meyer Shank Racing w/Curb Agajanian,Acura,FF,
96,2,1,3:26.866,0,,1:59.190,0,53.919,0,33.757,0,99.7,3:26.866,18:33:26.866,1:59.190,0:53.919,0:33.757,269.2,Jens Klingmann,0:01:37.070,GTD,,Turner Motorsport,BMW,GF,
96,2,2,1:49.949,0,,25.854,0,50.722,0,33.373,0,187.6,5:16.815,18:35:16.815,0:25.854,0:50.722,0:33.373,271.4,Jens Klingmann,,GTD,,Turner Motorsport,BMW,GF,
96,2,3,1:48.801,0,,25.599,0,50.444,0,32.758,0,189.6,7:05.616,18:37:05.616,0:25.599,0:50.444,0:32.758,271.4,Jens Klingmann,,GTD,,Turner Motorsport,BMW,GF,
96,2,4,1:48.691,2,,25.590,0,50.427,0,32.674,0,189.8,8:54.307,18:38:54.307,0:25.590,0:50.427,0:32.674,270.3,Jens Klingmann,,GTD,,Turner Motorsport,BMW,GF,
96,2,5,1:48.759,0,,25.688,0,50.500,0,32.571,2,189.6,10:43.066,18:40:43.066,0:25.688,0:50.500,0:32.571,272.0,Jens Klingmann,,GTD,,Turner Motorsport,BMW,GF,
96,2,6,1:49.191,0,,25.695,0,50.540,0,32.956,0,188.9,12:32.257,18:42:32.257,0:25.695,0:50.540,0:32.956,274.3,Jens Klingmann,,GTD,,Turner Motorsport,BMW,GF,
96,2,7,2:02.206,0,B,25.957,0,51.021,0,45.228,0,168.8,14:34.463,18:44:34.463,0:25.957,0:51.021,0:45.228,,Jens Klingmann,,GTD,,Turner Motorsport,BMW,GF,
96,2,8,3:18.842,0,,1:53.269,0,52.422,0,33.151,0,103.7,17:53.305,18:47:53.305,1:53.269,0:52.422,0:33.151,270.9,Jens Klingmann,0:01:49.168,GTD,,Turner Motorsport,BMW,GF,
96,2,9,1:49.339,0,,25.821,0,50.607,0,32.911,0,188.6,19:42.644,18:49:42.644,0:25.821,0:50.607,0:32.911,274.3,Jens Klingmann,,GTD,,Turner Motorsport,BMW,GF,
96,2,10,1:53.189,0,,29.667,0,50.733,0,32.789,0,182.2,21:35.833,18:51:35.833,0:29.667,0:50.733,0:32.789,270.9,Jens Klingmann,,GTD,,Turner Motorsport,BMW,GF,
96,2,11,1:49.003,0,,25.656,0,50.413,2,32.934,0,189.2,23:24.836,18:53:24.836,0:25.656,0:50.413,0:32.934,274.8,Jens Klingmann,,GTD,,Turner Motorsport,BMW,GF,
96,2,12,1:48.718,0,,25.532,0,50.434,0,32.752,0,189.7,25:13.554,18:55:13.554,0:25.532,0:50.434,0:32.752,272.0,Jens Klingmann,,GTD,,Turner Motorsport,BMW,GF,
96,2,13,2:01.563,0,B,25.502,2,50.525,0,45.536,0,169.7,27:15.117,18:57:15.117,0:25.502,0:50.525,0:45.536,,Jens Klingmann,,GTD,,Turner Motorsport,BMW,GF,
96,1,14,3:57.769,0,,2:28.099,0,55.551,0,34.119,0,86.7,31:12.886,19:01:12.886,2:28.099,0:55.551,0:34.119,268.1,Francis Selldorff,0:02:20.622,GTD,,Turner Motorsport,BMW,GF,
96,1,15,1:52.020,0,,26.307,0,51.746,0,33.967,0,184.1,33:04.906,19:03:04.906,0:26.307,0:51.746,0:33.967,269.2,Francis Selldorff,,GTD,,Turner Motorsport,BMW,GF,
96,1,16,1:50.167,0,,26.092,0,50.931,0,33.144,0,187.2,34:55.073,19:04:55.073,0:26.092,0:50.931,0:33.144,269.8,Francis Selldorff,,GTD,,Turner Motorsport,BMW,GF,
96,1,17,1:49.790,0,,26.014,0,50.848,0,32.928,0,187.9,36:44.863,19:06:44.863,0:26.014,0:50.848,0:32.928,269.8,Francis Selldorff,,GTD,,Turner Motorsport,BMW,GF,
96,1,18,1:49.743,0,,25.949,0,50.753,0,33.041,0,187.9,38:34.606,19:08:34.606,0:25.949,0:50.753,0:33.041,272.0,Francis Selldorff,,GTD,,Turner Motorsport,BMW,GF,
96,1,19,2:05.246,0,B,25.991,0,52.643,0,46.612,0,164.7,40:39.852,19:10:39.852,0:25.991,0:52.643,0:46.612,,Francis Selldorff,,GTD,,Turner Motorsport,BMW,GF,
96,1,20,2:40.817,0,,1:13.566,0,53.581,0,33.670,0,128.3,43:20.669,19:13:20.669,1:13.566,0:53.581,0:33.670,270.9,Francis Selldorff,0:01:08.680,GTD,,Turner Motorsport,BMW,GF,
96,1,21,1:52.424,0,,26.750,0,52.292,0,33.382,0,183.5,45:13.093,19:15:13.093,0:26.750,0:52.292,0:33.382,270.3,Francis Selldorff,,GTD,,Turner Motorsport,BMW,GF,
96,1,22,1:49.636,0,,25.983,0,50.786,0,32.867,0,188.1,47:02.729,19:17:02.729,0:25.983,0:50.786,0:32.867,270.3,Francis Selldorff,,GTD,,Turner Motorsport,BMW,GF,
96,1,23,1:49.884,0,,26.414,0,50.685,0,32.785,0,187.7,48:52.613,19:18:52.613,0:26.414,0:50.685,0:32.785,269.8,Francis Selldorff,,GTD,,Turner Motorsport,BMW,GF,
96,1,24,1:49.255,0,,25.926,1,50.592,1,32.737,1,188.8,50:41.868,19:20:41.868,0:25.926,0:50.592,0:32.737,272.0,Francis Selldorff,,GTD,,Turner Motorsport,BMW,GF,
96,1,25,1:50.805,0,,26.323,0,51.324,0,33.158,0,186.1,52:32.673,19:22:32.673,0:26.323,0:51.324,0:33.158,270.3,Francis Selldorff,,GTD,,Turner Motorsport,BMW,GF,
96,1,26,1:52.081,0,,25.945,0,53.035,0,33.101,0,184.0,54:24.754,19:24:24.754,0:25.945,0:53.035,0:33.101,271.4,Francis Selldorff,,GTD,,Turner Motorsport,BMW,GF,
96,1,27,2:04.219,0,B,25.929,0,51.305,0,46.985,0,166.0,56:28.973,19:26:28.973,0:25.929,0:51.305,0:46.985,,Francis Selldorff,,GTD,,Turner Motorsport,BMW,GF,
96,4,28,3:14.127,0,,1:48.342,0,52.288,0,33.497,0,106.2,59:43.100,19:29:43.100,1:48.342,0:52.288,0:33.497,270.9,Patrick Gallagher,0:01:44.095,GTD,,Turner Motorsport,BMW,GF,
96,4,29,1:54.049,0,,26.086,0,53.584,0,34.379,0,180.8,1:01:37.149,19:31:37.149,0:26.086,0:53.584,0:34.379,269.8,Patrick Gallagher,,GTD,,Turner Motorsport,BMW,GF,
96,4,30,1:50.330,0,,26.109,0,50.985,0,33.236,0,186.9,1:03:27.479,19:33:27.479,0:26.109,0:50.985,0:33.236,272.6,Patrick Gallagher,,GTD,,Turner Motorsport,BMW,GF,
96,4,31,1:50.584,0,,26.126,0,51.019,0,33.439,0,186.5,1:05:18.063,19:35:18.063,0:26.126,0:51.019,0:33.439,272.0,Patrick Gallagher,,GTD,,Turner Motorsport,BMW,GF,
96,4,32,2:04.112,0,B,26.694,0,51.425,0,45.993,0,166.2,1:07:22.175,19:37:22.175,0:26.694,0:51.425,0:45.993,,Patrick Gallagher,,GTD,,Turner Motorsport,BMW,GF,
96,4,33,5:59.128,0,,4:29.534,0,54.790,0,34.804,0,57.4,1:13:21.303,19:43:21.303,4:29.534,0:54.790,0:34.804,267.6,Patrick Gallagher,0:04:25.660,GTD,,Turner Motorsport,BMW,GF,
96,4,34,1:51.686,0,,26.525,0,51.775,0,33.386,0,184.7,1:15:12.989,19:45:12.989,0:26.525,0:51.775,0:33.386,271.4,Patrick Gallagher,,GTD,,Turner Motorsport,BMW,GF,
96,4,35,1:50.637,0,,26.203,0,51.070,0,33.364,0,186.4,1:17:03.626,19:47:03.626,0:26.203,0:51.070,0:33.364,269.2,Patrick Gallagher,,GTD,,Turner Motorsport,BMW,GF,
96,4,36,1:50.069,0,,26.035,1,50.866,1,33.168,1,187.4,1:18:53.695,19:48:53.695,0:26.035,0:50.866,0:33.168,270.3,Patrick Gallagher,,GTD,,Turner Motorsport,BMW,GF,
96,4,37,2:05.261,0,B,26.396,0,51.875,0,46.990,0,164.7,1:20:58.956,19:50:58.956,0:26.396,0:51.875,0:46.990,,Patrick Gallagher,,GTD,,Turner Motorsport,BMW,GF,
96,3,38,4:40.669,0,,3:15.268,0,52.075,0,33.326,1,73.5,1:25:39.625,19:55:39.625,3:15.268,0:52.075,0:33.326,272.0,Robby Foley,0:03:11.432,GTD,,Turner Motorsport,BMW,GF,
99,1,1,2:36.068,0,,1:07.723,0,55.328,0,33.017,0,132.2,2:36.068,18:32:36.068,1:07.723,0:55.328,0:33.017,290.0,PJ Hyett,0:00:48.081,LMP2,,AO Racing,Gibson,GF,
99,1,2,1:44.997,0,,26.194,0,48.367,0,30.436,0,196.4,4:21.065,18:34:21.065,0:26.194,0:48.367,0:30.436,290.6,PJ Hyett,,LMP2,,AO Racing,Gibson,GF,
99,1,3,1:45.103,0,,24.739,0,49.752,0,30.612,0,196.2,6:06.168,18:36:06.168,0:24.739,0:49.752,0:30.612,297.9,PJ Hyett,,LMP2,,AO Racing,Gibson,GF,
99,1,4,1:44.550,0,,24.338,0,49.283,0,30.929,0,197.3,7:50.718,18:37:50.718,0:24.338,0:49.283,0:30.929,298.5,PJ Hyett,,LMP2,,AO Racing,Gibson,GF,
99,1,5,1:44.504,0,,24.944,0,48.440,0,31.120,0,197.4,9:35.222,18:39:35.222,0:24.944,0:48.440,0:31.120,294.5,PJ Hyett,,LMP2,,AO Racing,Gibson,GF,
99,1,6,1:42.287,0,,24.231,0,47.933,0,30.123,0,201.6,11:17.509,18:41:17.509,0:24.231,0:47.933,0:30.123,292.6,PJ Hyett,,LMP2,,AO Racing,Gibson,GF,
99,1,7,1:42.413,0,,24.138,0,47.804,1,30.471,0,201.4,12:59.922,18:42:59.922,0:24.138,0:47.804,0:30.471,293.9,PJ Hyett,,LMP2,,AO Racing,Gibson,GF,
99,1,8,1:43.456,0,,24.816,0,48.133,0,30.507,0,199.4,14:43.378,18:44:43.378,0:24.816,0:48.133,0:30.507,298.5,PJ Hyett,,LMP2,,AO Racing,Gibson,GF,
99,1,9,1:42.990,0,,25.107,0,47.861,0,30.022,0,200.3,16:26.368,18:46:26.368,0:25.107,0:47.861,0:30.022,294.5,PJ Hyett,,LMP2,,AO Racing,Gibson,GF,
99,1,10,1:42.396,0,,24.543,0,48.040,0,29.813,1,201.4,18:08.764,18:48:08.764,0:24.543,0:48.040,0:29.813,297.2,PJ Hyett,,LMP2,,AO Racing,Gibson,GF,
99,1,11,1:44.186,0,,24.704,0,49.141,0,30.341,0,198.0,19:52.950,18:49:52.950,0:24.704,0:49.141,0:30.341,291.9,PJ Hyett,,LMP2,,AO Racing,Gibson,GF,
99,1,12,1:42.819,0,,24.323,0,48.433,0,30.063,0,200.6,21:35.769,18:51:35.769,0:24.323,0:48.433,0:30.063,294.5,PJ Hyett,,LMP2,,AO Racing,Gibson,GF,
99,1,13,1:42.614,0,,24.788,0,47.901,0,29.925,0,201.0,23:18.383,18:53:18.383,0:24.788,0:47.901,0:29.925,291.9,PJ Hyett,,LMP2,,AO Racing,Gibson,GF,
99,1,14,1:41.860,0,,24.067,1,47.808,0,29.985,0,202.5,25:00.243,18:55:00.243,0:24.067,0:47.808,0:29.985,291.9,PJ Hyett,,LMP2,,AO Racing,Gibson,GF,
99,1,15,1:56.434,0,B,24.223,0,48.578,0,43.633,0,177.1,26:56.677,18:56:56.677,0:24.223,0:48.578,0:43.633,,PJ Hyett,,LMP2,,AO Racing,Gibson,GF,
99,3,16,4:14.281,0,,2:52.187,0,50.783,0,31.311,0,81.1,31:10.958,19:01:10.958,2:52.187,0:50.783,0:31.311,289.3,Jonny Edgar,0:02:49.377,LMP2,,AO Racing,Gibson,GF,
99,3,17,1:41.867,0,,24.277,0,47.580,0,30.010,0,202.5,32:52.825,19:02:52.825,0:24.277,0:47.580,0:30.010,291.9,Jonny Edgar,,LMP2,,AO Racing,Gibson,GF,
99,3,18,1:42.632,0,,23.789,0,47.502,0,31.341,0,201.0,34:35.457,19:04:35.457,0:23.789,0:47.502,0:31.341,291.9,Jonny Edgar,,LMP2,,AO Racing,Gibson,GF,
99,3,19,1:41.631,0,,23.844,0,47.621,0,30.166,0,202.9,36:17.088,19:06:17.088,0:23.844,0:47.621,0:30.166,295.8,Jonny Edgar,,LMP2,,AO Racing,Gibson,GF,
99,3,20,1:43.375,0,,24.662,0,47.970,0,30.743,0,199.5,38:00.463,19:08:00.463,0:24.662,0:47.970,0:30.743,290.6,Jonny Edgar,,LMP2,,AO Racing,Gibson,GF,
99,3,21,1:41.658,0,,24.455,0,47.333,0,29.870,0,202.9,39:42.121,19:09:42.121,0:24.455,0:47.333,0:29.870,292.6,Jonny Edgar,,LMP2,,AO Racing,Gibson,GF,
99,3,22,1:41.182,0,,23.830,0,47.449,0,29.903,0,203.8,41:23.303,19:11:23.303,0:23.830,0:47.449,0:29.903,299.9,Jonny Edgar,,LMP2,,AO Racing,Gibson,GF,
99,3,23,1:41.496,0,,24.042,0,47.823,0,29.631,0,203.2,43:04.799,19:13:04.799,0:24.042,0:47.823,0:29.631,295.2,Jonny Edgar,,LMP2,,AO Racing,Gibson,GF,
99,3,24,1:42.115,0,,23.950,0,47.705,0,30.460,0,202.0,44:46.914,19:14:46.914,0:23.950,0:47.705,0:30.460,292.6,Jonny Edgar,,LMP2,,AO Racing,Gibson,GF,
99,3,25,1:40.950,0,,23.676,2,47.617,0,29.657,0,204.3,46:27.864,19:16:27.864,0:23.676,0:47.617,0:29.657,291.9,Jonny Edgar,,LMP2,,AO Racing,Gibson,GF,
99,3,26,1:40.652,0,,23.750,0,47.334,0,29.568,1,204.9,48:08.516,19:18:08.516,0:23.750,0:47.334,0:29.568,291.3,Jonny Edgar,,LMP2,,AO Racing,Gibson,GF,
99,3,27,1:40.632,2,,23.758,0,47.304,1,29.570,0,205.0,49:49.148,19:19:49.148,0:23.758,0:47.304,0:29.570,293.2,Jonny Edgar,,LMP2,,AO Racing,Gibson,GF,
99,3,28,1:41.611,0,,24.203,0,47.375,0,30.033,0,203.0,51:30.759,19:21:30.759,0:24.203,0:47.375,0:30.033,295.8,Jonny Edgar,,LMP2,,AO Racing,Gibson,GF,
99,3,29,1:41.303,0,,23.970,0,47.645,0,29.688,0,203.6,53:12.062,19:23:12.062,0:23.970,0:47.645,0:29.688,301.3,Jonny Edgar,,LMP2,,AO Racing,Gibson,GF,
99,3,30,1:54.770,0,B,23.831,0,47.435,0,43.504,0,179.7,55:06.832,19:25:06.832,0:23.831,0:47.435,0:43.504,,Jonny Edgar,,LMP2,,AO Racing,Gibson,GF,
99,4,31,4:52.545,0,,3:31.499,0,50.400,0,30.646,0,70.5,59:59.377,19:29:59.377,3:31.499,0:50.400,0:30.646,290.6,Christian Rasmussen,0:03:28.475,LMP2,,AO Racing,Gibson,GF,
99,4,32,1:43.071,0,,24.254,0,47.907,0,30.910,0,200.1,1:01:42.448,19:31:42.448,0:24.254,0:47.907,0:30.910,294.5,Christian Rasmussen,,LMP2,,AO Racing,Gibson,GF,
99,4,33,1:41.158,0,,24.016,0,47.520,1,29.622,0,203.9,1:03:23.606,19:33:23.606,0:24.016,0:47.520,0:29.622,293.9,Christian Rasmussen,,LMP2,,AO Racing,Gibson,GF,
99,4,34,1:41.959,0,,24.321,0,47.925,0,29.713,0,202.3,1:05:05.565,19:35:05.565,0:24.321,0:47.925,0:29.713,291.3,Christian Rasmussen,,LMP2,,AO Racing,Gibson,GF,
99,4,35,1:41.298,0,,24.012,1,47.533,0,29.753,0,203.6,1:06:46.863,19:36:46.863,0:24.012,0:47.533,0:29.753,293.2,Christian Rasmussen,,LMP2,,AO Racing,Gibson,GF,
99,4,36,1:41.874,0,,24.303,0,47.743,0,29.828,0,202.5,1:08:28.737,19:38:28.737,0:24.303,0:47.743,0:29.828,290.0,Christian Rasmussen,,LMP2,,AO Racing,Gibson,GF,
99,4,37,1:41.705,0,,24.189,0,47.741,0,29.775,0,202.8,1:10:10.442,19:40:10.442,0:24.189,0:47.741,0:29.775,290.0,Christian Rasmussen,,LMP2,,AO Racing,Gibson,GF,
99,4,38,1:41.706,0,,24.303,0,47.759,0,29.644,0,202.8,1:11:52.148,19:41:52.148,0:24.303,0:47.759,0:29.644,290.6,Christian Rasmussen,,LMP2,,AO Racing,Gibson,GF,
99,4,39,1:41.462,0,,24.087,0,47.877,0,29.498,2,203.3,1:13:33.610,19:43:33.610,0:24.087,0:47.877,0:29.498,292.6,Christian Rasmussen,,LMP2,,AO Racing,Gibson,GF,
99,4,40,1:42.014,0,,24.546,0,47.660,0,29.808,0,202.2,1:15:15.624,19:45:15.624,0:24.546,0:47.660,0:29.808,292.6,Christian Rasmussen,,LMP2,,AO Racing,Gibson,GF,
99,4,41,1:42.082,0,,24.329,0,47.796,0,29.957,0,202.0,1:16:57.706,19:46:57.706,0:24.329,0:47.796,0:29.957,290.0,Christian Rasmussen,,LMP2,,AO Racing,Gibson,GF,
99,4,42,1:41.283,0,,24.069,0,47.644,0,29.570,0,203.6,1:18:38.989,19:48:38.989,0:24.069,0:47.644,0:29.570,292.6,Christian Rasmussen,,LMP2,,AO Racing,Gibson,GF,
99,4,43,1:41.414,0,,24.221,0,47.625,0,29.568,0,203.4,1:20:20.403,19:50:20.403,0:24.221,0:47.625,0:29.568,291.3,Christian Rasmussen,,LMP2,,AO Racing,Gibson,GF,
99,4,44,1:42.157,0,,24.218,0,48.245,0,29.694,0,201.9,1:22:02.560,19:52:02.560,0:24.218,0:48.245,0:29.694,294.5,Christian Rasmussen,,LMP2,,AO Racing,Gibson,GF,
99,4,45,2:02.294,0,B,24.089,0,47.547,0,50.658,0,168.7,1:24:04.854,19:54:04.854,0:24.089,0:47.547,0:50.658,,Christian Rasmussen,,LMP2,,AO Racing,Gibson,GF,
99,2,46,2:43.563,0,,1:22.570,0,50.276,0,30.717,0,126.1,1:26:48.417,19:56:48.417,1:22.570,0:50.276,0:30.717,290.0,Dane Cameron,0:01:18.150,LMP2,,AO Racing,Gibson,GF,
99,2,47,1:42.055,0,,24.438,0,47.696,0,29.921,0,202.1,1:28:30.472,19:58:30.472,0:24.438,0:47.696,0:29.921,291.9,Dane Cameron,,LMP2,,AO Racing,Gibson,GF,
99,2,48,1:43.705,0,,24.436,0,47.743,0,31.526,0,198.9,1:30:14.177,20:00:14.177,0:24.436,0:47.743,0:31.526,292.6,Dane Cameron,,LMP2,,AO Racing,Gibson,GF,
99,2,49,1:40.896,0,,23.800,0,47.315,0,29.781,0,204.4,1:31:55.073,20:01:55.073,0:23.800,0:47.315,0:29.781,291.3,Dane Cameron,,LMP2,,AO Racing,Gibson,GF,
99,2,50,1:41.771,0,,23.743,1,47.482,0,30.546,0,202.7,1:33:36.844,20:03:36.844,0:23.743,0:47.482,0:30.546,289.3,Dane Cameron,,LMP2,,AO Racing,Gibson,GF,
99,2,51,1:41.061,0,,23.960,0,47.297,2,29.804,0,204.1,1:35:17.905,20:05:17.905,0:23.960,0:47.297,0:29.804,290.0,Dane Cameron,,LMP2,,AO Racing,Gibson,GF,
99,2,52,1:43.271,0,,24.377,0,48.841,0,30.053,0,199.7,1:37:01.176,20:07:01.176,0:24.377,0:48.841,0:30.053,293.9,Dane Cameron,,LMP2,,AO Racing,Gibson,GF,
99,2,53,1:55.557,0,B,24.589,0,47.632,0,43.336,0,178.5,1:38:56.733,20:08:56.733,0:24.589,0:47.632,0:43.336,,Dane Cameron,,LMP2,,AO Racing,Gibson,GF,
99,2,54,10:55.562,0,,9:36.635,0,48.499,0,30.428,0,31.5,1:49:52.295,20:19:52.295,9:36.635,0:48.499,0:30.428,288.7,Dane Cameron,0:09:34.597,LMP2,,AO Racing,Gibson,GF,
99,2,55,1:41.250,0,,24.046,0,47.410,0,29.794,0,203.7,1:51:33.545,20:21:33.545,0:24.046,0:47.410,0:29.794,293.2,Dane Cameron,,LMP2,,AO Racing,Gibson,GF,
99,2,56,1:41.744,0,,24.148,0,47.386,0,30.210,0,202.7,1:53:15.289,20:23:15.289,0:24.148,0:47.386,0:30.210,291.9,Dane Cameron,,LMP2,,AO Racing,Gibson,GF,
99,2,57,1:42.506,0,,24.333,0,47.579,0,30.594,0,201.2,1:54:57.795,20:24:57.795,0:24.333,0:47.579,0:30.594,297.9,Dane Cameron,,LMP2,,AO Racing,Gibson,GF,
99,2,58,1:40.922,0,,23.961,0,47.308,0,29.653,1,204.4,1:56:38.717,20:26:38.717,0:23.961,0:47.308,0:29.653,290.6,Dane Cameron,,LMP2,,AO Racing,Gibson,GF,
99,2,59,1:41.376,0,,24.156,0,47.477,0,29.743,0,203.5,1:58:20.093,20:28:20.093,0:24.156,0:47.477,0:29.743,291.9,Dane Cameron,,LMP2,,AO Racing,Gibson,GF,
99,2,60,1:41.026,0,,23.754,0,47.334,0,29.938,0,204.2,2:00:01.119,20:30:01.119,0:23.754,0:47.334,0:29.938,292.6,Dane Cameron,,LMP2,,AO Racing,Gibson,FF,
