NUMBER, DRIVER_NUMBER, LAP_NUMBER, LAP_TIME, LAP_IMPROVEMENT, CROSSING_FINISH_LINE_IN_PIT, S1, S1_IMPROVEMENT, S2, S2_IMPROVEMENT, S3, S3_IMPROVEMENT, KPH, ELAPSED, HOUR,S1_LARGE,S2_LARGE,S3_LARGE,TOP_SPEED,DRIVER_NAME,PIT_TIME,CLASS,GROUP,TEAM,MANUFACTURER,FLAG_AT_FL,
04,1,1,2:27.136,0,,1:25.071,0,32.000,0,30.065,0,96.0,2:27.136,10:47:27.136,1:25.071,0:32.000,0:30.065,211.4,George Kurtz,0:00:55.777,LMP2,,Crowdstrike Racing by APR,Gibson,GF,
04,1,2,1:25.174,0,,30.408,0,28.759,0,26.007,0,165.9,3:52.310,10:48:52.310,0:30.408,0:28.759,0:26.007,251.3,George Kurtz,,LMP2,,Crowdstrike Racing by APR,Gibson,GF,
04,1,3,1:22.196,0,,28.247,0,27.697,0,26.252,0,171.9,5:14.506,10:50:14.506,0:28.247,0:27.697,0:26.252,258.2,George Kurtz,,LMP2,,Crowdstrike Racing by APR,Gibson,GF,
04,1,4,1:22.369,0,,28.047,0,28.257,0,26.065,0,171.6,6:36.875,10:51:36.875,0:28.047,0:28.257,0:26.065,258.2,George Kurtz,,LMP2,,Crowdstrike Racing by APR,Gibson,GF,
04,1,5,1:20.363,0,,27.597,0,27.472,0,25.294,0,175.8,7:57.238,10:52:57.238,0:27.597,0:27.472,0:25.294,257.2,George Kurtz,,LMP2,,Crowdstrike Racing by APR,Gibson,GF,
04,1,6,1:20.782,0,,27.454,0,27.705,0,25.623,0,174.9,9:18.020,10:54:18.020,0:27.454,0:27.705,0:25.623,254.7,George Kurtz,,LMP2,,Crowdstrike Racing by APR,Gibson,GF,
04,1,7,3:57.035,0,B,28.336,0,30.413,0,2:58.286,0,59.6,13:15.055,10:58:15.055,0:28.336,0:30.413,2:58.286,208.3,George Kurtz,,LMP2,,Crowdstrike Racing by APR,Gibson,GF,
04,1,8,1:41.903,0,,48.444,0,28.088,0,25.371,0,138.7,14:56.958,10:59:56.958,0:48.444,0:28.088,0:25.371,255.2,George Kurtz,0:03:02.475,LMP2,,Crowdstrike Racing by APR,Gibson,GF,
04,1,9,1:19.262,0,,27.114,0,27.091,0,25.057,0,178.3,16:16.220,11:01:16.220,0:27.114,0:27.091,0:25.057,256.7,George Kurtz,,LMP2,,Crowdstrike Racing by APR,Gibson,GF,
04,1,10,1:21.213,0,,27.073,1,28.244,0,25.896,0,174.0,17:37.433,11:02:37.433,0:27.073,0:28.244,0:25.896,239.4,George Kurtz,,LMP2,,Crowdstrike Racing by APR,Gibson,GF,
04,1,11,1:21.762,0,,28.076,0,28.511,0,25.175,0,172.8,18:59.195,11:03:59.195,0:28.076,0:28.511,0:25.175,252.2,George Kurtz,,LMP2,,Crowdstrike Racing by APR,Gibson,GF,
04,1,12,1:20.758,0,,27.627,0,27.766,0,25.365,0,175.0,20:19.953,11:05:19.953,0:27.627,0:27.766,0:25.365,260.2,George Kurtz,,LMP2,,Crowdstrike Racing by APR,Gibson,GF,
04,1,13,1:20.122,0,,28.030,0,27.036,1,25.056,0,176.4,21:40.075,11:06:40.075,0:28.030,0:27.036,0:25.056,258.2,George Kurtz,,LMP2,,Crowdstrike Racing by APR,Gibson,GF,
04,1,14,1:20.909,0,,27.892,0,27.857,0,25.160,0,174.6,23:00.984,11:08:00.984,0:27.892,0:27.857,0:25.160,259.7,George Kurtz,,LMP2,,Crowdstrike Racing by APR,Gibson,GF,
04,1,15,1:22.005,0,,28.077,0,27.857,0,26.071,0,172.3,24:22.989,11:09:22.989,0:28.077,0:27.857,0:26.071,258.2,George Kurtz,,LMP2,,Crowdstrike Racing by APR,Gibson,GF,
04,1,16,1:21.569,0,,27.812,0,28.518,0,25.239,0,173.2,25:44.558,11:10:44.558,0:27.812,0:28.518,0:25.239,254.7,George Kurtz,,LMP2,,Crowdstrike Racing by APR,Gibson,GF,
04,1,17,1:19.538,0,,27.145,0,27.377,0,25.016,1,177.7,27:04.096,11:12:04.096,0:27.145,0:27.377,0:25.016,256.7,George Kurtz,,LMP2,,Crowdstrike Racing by APR,Gibson,GF,
04,1,18,1:21.946,0,,27.772,0,28.314,0,25.860,0,172.4,28:26.042,11:13:26.042,0:27.772,0:28.314,0:25.860,257.2,George Kurtz,,LMP2,,Crowdstrike Racing by APR,Gibson,GF,
04,1,19,1:22.638,0,,28.148,0,28.540,0,25.950,0,171.0,29:48.680,11:14:48.680,0:28.148,0:28.540,0:25.950,252.7,George Kurtz,,LMP2,,Crowdstrike Racing by APR,Gibson,GF,
04,1,20,4:01.027,0,B,28.046,0,27.605,0,3:05.376,0,58.6,33:49.707,11:18:49.707,0:28.046,0:27.605,3:05.376,256.7,George Kurtz,,LMP2,,Crowdstrike Racing by APR,Gibson,GF,
04,2,21,1:40.781,0,,47.649,0,27.590,0,25.542,0,140.2,35:30.488,11:20:30.488,0:47.649,0:27.590,0:25.542,254.2,Alexander Quinn,0:03:10.815,LMP2,,Crowdstrike Racing by APR,Gibson,GF,
04,2,22,1:18.837,0,,27.040,0,26.970,0,24.827,0,179.2,36:49.325,11:21:49.325,0:27.040,0:26.970,0:24.827,254.2,Alexander Quinn,,LMP2,,Crowdstrike Racing by APR,Gibson,GF,
04,2,23,1:19.029,0,,26.612,0,27.720,0,24.697,0,178.8,38:08.354,11:23:08.354,0:26.612,0:27.720,0:24.697,259.2,Alexander Quinn,,LMP2,,Crowdstrike Racing by APR,Gibson,GF,
04,2,24,1:18.384,0,,26.582,0,27.013,0,24.789,0,180.3,39:26.738,11:24:26.738,0:26.582,0:27.013,0:24.789,259.2,Alexander Quinn,,LMP2,,Crowdstrike Racing by APR,Gibson,GF,
04,2,25,1:17.930,0,,26.507,0,26.587,0,24.836,0,181.3,40:44.668,11:25:44.668,0:26.507,0:26.587,0:24.836,260.2,Alexander Quinn,,LMP2,,Crowdstrike Racing by APR,Gibson,GF,
04,2,26,1:18.553,0,,26.623,0,27.356,0,24.574,0,179.9,42:03.221,11:27:03.221,0:26.623,0:27.356,0:24.574,261.3,Alexander Quinn,,LMP2,,Crowdstrike Racing by APR,Gibson,GF,
04,2,27,1:17.993,0,,26.772,0,26.716,0,24.505,0,181.2,43:21.214,11:28:21.214,0:26.772,0:26.716,0:24.505,256.7,Alexander Quinn,,LMP2,,Crowdstrike Racing by APR,Gibson,GF,
04,2,28,1:17.520,0,,26.509,0,26.483,0,24.528,0,182.3,44:38.734,11:29:38.734,0:26.509,0:26.483,0:24.528,260.7,Alexander Quinn,,LMP2,,Crowdstrike Racing by APR,Gibson,GF,
04,2,29,1:18.357,0,,26.695,0,27.015,0,24.647,0,180.3,45:57.091,11:30:57.091,0:26.695,0:27.015,0:24.647,259.2,Alexander Quinn,,LMP2,,Crowdstrike Racing by APR,Gibson,GF,
04,2,30,1:17.898,0,,26.644,0,26.550,0,24.704,0,181.4,47:14.989,11:32:14.989,0:26.644,0:26.550,0:24.704,258.7,Alexander Quinn,,LMP2,,Crowdstrike Racing by APR,Gibson,GF,
04,2,31,1:18.216,0,,26.710,0,26.686,0,24.820,0,180.7,48:33.205,11:33:33.205,0:26.710,0:26.686,0:24.820,258.7,Alexander Quinn,,LMP2,,Crowdstrike Racing by APR,Gibson,GF,
04,2,32,1:18.346,0,,26.704,0,27.172,0,24.470,2,180.4,49:51.551,11:34:51.551,0:26.704,0:27.172,0:24.470,261.8,Alexander Quinn,,LMP2,,Crowdstrike Racing by APR,Gibson,GF,
04,2,33,1:17.521,0,,26.569,0,26.353,0,24.599,0,182.3,51:09.072,11:36:09.072,0:26.569,0:26.353,0:24.599,258.7,Alexander Quinn,,LMP2,,Crowdstrike Racing by APR,Gibson,GF,
04,2,34,1:17.664,0,,26.390,2,26.328,2,24.946,0,181.9,52:26.736,11:37:26.736,0:26.390,0:26.328,0:24.946,260.7,Alexander Quinn,,LMP2,,Crowdstrike Racing by APR,Gibson,GF,
04,2,35,1:17.409,2,,26.415,0,26.389,0,24.605,0,182.5,53:44.145,11:38:44.145,0:26.415,0:26.389,0:24.605,260.2,Alexander Quinn,,LMP2,,Crowdstrike Racing by APR,Gibson,GF,
04,2,36,1:18.018,0,,26.786,0,26.519,0,24.713,0,181.1,55:02.163,11:40:02.163,0:26.786,0:26.519,0:24.713,260.7,Alexander Quinn,,LMP2,,Crowdstrike Racing by APR,Gibson,GF,
04,2,37,1:18.037,0,,26.483,0,26.519,0,25.035,0,181.1,56:20.200,11:41:20.200,0:26.483,0:26.519,0:25.035,259.2,Alexander Quinn,,LMP2,,Crowdstrike Racing by APR,Gibson,GF,
04,2,38,5:08.694,0,B,27.364,0,27.381,0,4:13.949,0,45.8,1:01:28.894,11:46:28.894,0:27.364,0:27.381,4:13.949,251.3,Alexander Quinn,,LMP2,,Crowdstrike Racing by APR,Gibson,GF,
04,1,39,2:03.207,0,B,48.788,0,28.302,0,46.117,0,114.7,1:03:32.101,11:48:32.101,0:48.788,0:28.302,0:46.117,248.9,George Kurtz,0:04:20.367,LMP2,,Crowdstrike Racing by APR,Gibson,GF,
04,1,40,1:43.349,0,,49.623,0,28.099,0,25.627,0,136.7,1:05:15.450,11:50:15.450,0:49.623,0:28.099,0:25.627,256.7,George Kurtz,0:00:51.703,LMP2,,Crowdstrike Racing by APR,Gibson,GF,
04,1,41,1:21.799,0,,27.573,0,28.609,0,25.617,0,172.7,1:06:37.249,11:51:37.249,0:27.573,0:28.609,0:25.617,255.2,George Kurtz,,LMP2,,Crowdstrike Racing by APR,Gibson,GF,
04,1,42,1:21.795,0,,28.029,0,28.026,0,25.740,0,172.8,1:07:59.044,11:52:59.044,0:28.029,0:28.026,0:25.740,255.7,George Kurtz,,LMP2,,Crowdstrike Racing by APR,Gibson,GF,
04,1,43,1:20.056,0,,27.420,0,27.498,0,25.138,0,176.5,1:09:19.100,11:54:19.100,0:27.420,0:27.498,0:25.138,255.7,George Kurtz,,LMP2,,Crowdstrike Racing by APR,Gibson,GF,
04,1,44,1:20.777,0,,27.366,0,27.749,0,25.662,0,174.9,1:10:39.877,11:55:39.877,0:27.366,0:27.749,0:25.662,256.7,George Kurtz,,LMP2,,Crowdstrike Racing by APR,Gibson,GF,
04,1,45,1:21.718,0,,27.823,0,28.284,0,25.611,0,172.9,1:12:01.595,11:57:01.595,0:27.823,0:28.284,0:25.611,259.2,George Kurtz,,LMP2,,Crowdstrike Racing by APR,Gibson,GF,
04,1,46,1:20.342,0,,27.481,0,27.789,0,25.072,0,175.9,1:13:21.937,11:58:21.937,0:27.481,0:27.789,0:25.072,256.7,George Kurtz,,LMP2,,Crowdstrike Racing by APR,Gibson,GF,
04,1,47,1:19.596,0,,27.158,0,27.374,0,25.064,0,177.5,1:14:41.533,11:59:41.533,0:27.158,0:27.374,0:25.064,257.7,George Kurtz,,LMP2,,Crowdstrike Racing by APR,Gibson,GF,
04,1,48,1:20.029,0,,27.553,0,27.393,0,25.083,0,176.6,1:16:01.562,12:01:01.562,0:27.553,0:27.393,0:25.083,259.2,George Kurtz,,LMP2,,Crowdstrike Racing by APR,Gibson,GF,
04,1,49,1:21.156,0,,28.196,0,27.779,0,25.181,0,174.1,1:17:22.718,12:02:22.718,0:28.196,0:27.779,0:25.181,259.7,George Kurtz,,LMP2,,Crowdstrike Racing by APR,Gibson,GF,
04,1,50,1:19.553,0,,27.204,0,27.311,0,25.038,0,177.6,1:18:42.271,12:03:42.271,0:27.204,0:27.311,0:25.038,259.7,George Kurtz,,LMP2,,Crowdstrike Racing by APR,Gibson,GF,
04,1,51,1:21.814,0,,28.440,0,28.097,0,25.277,0,172.7,1:20:04.085,12:05:04.085,0:28.440,0:28.097,0:25.277,255.7,George Kurtz,,LMP2,,Crowdstrike Racing by APR,Gibson,GF,
04,1,52,3:59.124,0,B,27.746,0,28.736,0,3:02.642,0,59.1,1:24:03.209,12:09:03.209,0:27.746,0:28.736,3:02.642,253.2,George Kurtz,,LMP2,,Crowdstrike Racing by APR,Gibson,GF,
04,1,53,1:40.966,0,,48.225,0,27.458,0,25.283,0,140.0,1:25:44.175,12:10:44.175,0:48.225,0:27.458,0:25.283,257.7,George Kurtz,0:03:08.245,LMP2,,Crowdstrike Racing by APR,Gibson,GF,
04,1,54,1:20.291,0,,27.333,0,27.483,0,25.475,0,176.0,1:27:04.466,12:12:04.466,0:27.333,0:27.483,0:25.475,256.7,George Kurtz,,LMP2,,Crowdstrike Racing by APR,Gibson,GF,
04,1,55,1:22.230,0,,28.118,0,28.399,0,25.713,0,171.8,1:28:26.696,12:13:26.696,0:28.118,0:28.399,0:25.713,256.7,George Kurtz,,LMP2,,Crowdstrike Racing by APR,Gibson,GF,
04,1,56,1:20.126,0,,27.504,0,27.484,0,25.138,0,176.4,1:29:46.822,12:14:46.822,0:27.504,0:27.484,0:25.138,256.2,George Kurtz,,LMP2,,Crowdstrike Racing by APR,Gibson,GF,
1,1,1,2:11.268,0,,1:04.225,0,36.575,0,30.468,0,107.6,2:11.268,10:47:11.268,1:04.225,0:36.575,0:30.468,166.0,Neil Verhagen,0:00:32.686,GTDPRO,,Paul Miller Racing,BMW,GF,
1,1,2,1:32.687,0,,32.892,0,32.492,0,27.303,0,152.5,3:43.955,10:48:43.955,0:32.892,0:32.492,0:27.303,217.6,Neil Verhagen,,GTDPRO,,Paul Miller Racing,BMW,GF,
1,1,3,1:28.902,0,,29.953,0,31.737,0,27.212,0,158.9,5:12.857,10:50:12.857,0:29.953,0:31.737,0:27.212,234.3,Neil Verhagen,,GTDPRO,,Paul Miller Racing,BMW,GF,
1,1,4,1:26.011,0,,29.471,0,29.769,0,26.771,0,164.3,6:38.868,10:51:38.868,0:29.471,0:29.769,0:26.771,244.7,Neil Verhagen,,GTDPRO,,Paul Miller Racing,BMW,GF,
1,1,5,1:36.097,0,,29.889,0,34.739,0,31.469,0,147.0,8:14.965,10:53:14.965,0:29.889,0:34.739,0:31.469,155.6,Neil Verhagen,,GTDPRO,,Paul Miller Racing,BMW,GF,
1,1,6,1:25.372,0,,29.257,0,29.328,0,26.787,0,165.5,9:40.337,10:54:40.337,0:29.257,0:29.328,0:26.787,244.3,Neil Verhagen,,GTDPRO,,Paul Miller Racing,BMW,RF,
1,1,7,2:07.176,0,B,34.031,0,39.717,0,53.428,0,111.1,11:47.513,10:56:47.513,0:34.031,0:39.717,0:53.428,154.5,Neil Verhagen,,GTDPRO,,Paul Miller Racing,BMW,RF,
1,1,8,2:45.432,0,,1:48.799,0,29.879,0,26.754,0,85.4,14:32.945,10:59:32.945,1:48.799,0:29.879,0:26.754,245.2,Neil Verhagen,0:01:51.103,GTDPRO,,Paul Miller Racing,BMW,GF,
1,1,9,1:26.409,0,,28.990,0,29.470,0,27.949,0,163.5,15:59.354,11:00:59.354,0:28.990,0:29.470,0:27.949,243.4,Neil Verhagen,,GTDPRO,,Paul Miller Racing,BMW,GF,
1,1,10,1:25.024,0,,29.011,0,29.258,0,26.755,0,166.2,17:24.378,11:02:24.378,0:29.011,0:29.258,0:26.755,245.2,Neil Verhagen,,GTDPRO,,Paul Miller Racing,BMW,GF,
1,1,11,1:24.881,0,,28.972,0,29.208,0,26.701,0,166.5,18:49.259,11:03:49.259,0:28.972,0:29.208,0:26.701,244.7,Neil Verhagen,,GTDPRO,,Paul Miller Racing,BMW,GF,
1,1,12,1:46.975,0,B,29.142,0,30.240,0,47.593,0,132.1,20:36.234,11:05:36.234,0:29.142,0:30.240,0:47.593,246.1,Neil Verhagen,,GTDPRO,,Paul Miller Racing,BMW,GF,
1,1,13,2:32.022,0,,1:27.052,0,35.791,0,29.179,0,93.0,23:08.256,11:08:08.256,1:27.052,0:35.791,0:29.179,182.9,Neil Verhagen,0:01:22.539,GTDPRO,,Paul Miller Racing,BMW,GF,
1,1,14,1:32.682,0,,31.749,0,32.287,0,28.646,0,152.5,24:40.938,11:09:40.938,0:31.749,0:32.287,0:28.646,202.6,Neil Verhagen,,GTDPRO,,Paul Miller Racing,BMW,GF,
1,1,15,1:28.666,0,,29.472,0,31.819,0,27.375,0,159.4,26:09.604,11:11:09.604,0:29.472,0:31.819,0:27.375,195.1,Neil Verhagen,,GTDPRO,,Paul Miller Racing,BMW,GF,
1,1,16,1:24.222,0,,28.809,0,28.940,0,26.473,1,167.8,27:33.826,11:12:33.826,0:28.809,0:28.940,0:26.473,242.0,Neil Verhagen,,GTDPRO,,Paul Miller Racing,BMW,GF,
1,1,17,1:27.143,0,,28.567,2,30.612,0,27.964,0,162.2,29:00.969,11:14:00.969,0:28.567,0:30.612,0:27.964,243.8,Neil Verhagen,,GTDPRO,,Paul Miller Racing,BMW,GF,
1,1,18,1:24.390,0,,28.585,0,29.278,0,26.527,0,167.4,30:25.359,11:15:25.359,0:28.585,0:29.278,0:26.527,242.9,Neil Verhagen,,GTDPRO,,Paul Miller Racing,BMW,GF,
1,1,19,1:44.307,0,B,28.707,0,28.922,1,46.678,0,135.5,32:09.666,11:17:09.666,0:28.707,0:28.922,0:46.678,241.6,Neil Verhagen,,GTDPRO,,Paul Miller Racing,BMW,GF,
1,2,20,4:19.128,0,,3:22.258,0,29.982,0,26.888,0,54.5,36:28.794,11:21:28.794,3:22.258,0:29.982,0:26.888,238.5,Connor de Phillippi,0:03:22.651,GTDPRO,,Paul Miller Racing,BMW,GF,
1,2,21,1:25.012,0,,29.005,0,29.338,0,26.669,0,166.2,37:53.806,11:22:53.806,0:29.005,0:29.338,0:26.669,241.2,Connor de Phillippi,,GTDPRO,,Paul Miller Racing,BMW,GF,
1,2,22,1:24.332,0,,28.877,0,28.956,0,26.499,0,167.6,39:18.138,11:24:18.138,0:28.877,0:28.956,0:26.499,241.2,Connor de Phillippi,,GTDPRO,,Paul Miller Racing,BMW,GF,
1,2,23,1:26.533,0,,29.134,0,29.637,0,27.762,0,163.3,40:44.671,11:25:44.671,0:29.134,0:29.637,0:27.762,224.3,Connor de Phillippi,,GTDPRO,,Paul Miller Racing,BMW,GF,
1,2,24,1:45.681,0,B,29.457,0,29.591,0,46.633,0,133.7,42:30.352,11:27:30.352,0:29.457,0:29.591,0:46.633,230.2,Connor de Phillippi,,GTDPRO,,Paul Miller Racing,BMW,GF,
1,2,25,6:37.767,0,,5:39.466,0,30.311,0,27.990,0,35.5,49:08.119,11:34:08.119,5:39.466,0:30.311,0:27.990,221.7,Connor de Phillippi,0:05:41.301,GTDPRO,,Paul Miller Racing,BMW,GF,
1,2,26,1:27.482,0,,29.550,0,30.943,0,26.989,0,161.5,50:35.601,11:35:35.601,0:29.550,0:30.943,0:26.989,234.7,Connor de Phillippi,,GTDPRO,,Paul Miller Racing,BMW,GF,
1,2,27,1:24.467,0,,28.862,0,28.988,0,26.617,0,167.3,52:00.068,11:37:00.068,0:28.862,0:28.988,0:26.617,242.5,Connor de Phillippi,,GTDPRO,,Paul Miller Racing,BMW,GF,
1,2,28,1:45.753,0,B,29.329,0,30.094,0,46.330,0,133.6,53:45.821,11:38:45.821,0:29.329,0:30.094,0:46.330,228.6,Connor de Phillippi,,GTDPRO,,Paul Miller Racing,BMW,GF,
1,2,29,5:02.287,0,,4:05.985,0,29.538,0,26.764,0,46.7,58:48.108,11:43:48.108,4:05.985,0:29.538,0:26.764,242.0,Connor de Phillippi,0:04:05.944,GTDPRO,,Paul Miller Racing,BMW,GF,
1,2,30,1:24.724,0,,29.076,0,29.139,0,26.509,0,166.8,1:00:12.832,11:45:12.832,0:29.076,0:29.139,0:26.509,242.5,Connor de Phillippi,,GTDPRO,,Paul Miller Racing,BMW,GF,
1,2,31,1:24.448,0,,28.929,0,29.002,0,26.517,0,167.3,1:01:37.280,11:46:37.280,0:28.929,0:29.002,0:26.517,243.4,Connor de Phillippi,,GTDPRO,,Paul Miller Racing,BMW,GF,
1,2,32,1:24.183,0,,28.849,0,28.861,2,26.473,0,167.9,1:03:01.463,11:48:01.463,0:28.849,0:28.861,0:26.473,243.8,Connor de Phillippi,,GTDPRO,,Paul Miller Racing,BMW,GF,
1,2,33,1:46.357,0,B,29.360,0,30.084,0,46.913,0,132.9,1:04:47.820,11:49:47.820,0:29.360,0:30.084,0:46.913,218.0,Connor de Phillippi,,GTDPRO,,Paul Miller Racing,BMW,GF,
1,2,34,3:55.282,0,,2:58.878,0,29.517,0,26.887,0,60.1,1:08:43.102,11:53:43.102,2:58.878,0:29.517,0:26.887,242.9,Connor de Phillippi,0:03:01.101,GTDPRO,,Paul Miller Racing,BMW,GF,
1,2,35,1:24.363,0,,28.917,0,28.934,0,26.512,0,167.5,1:10:07.465,11:55:07.465,0:28.917,0:28.934,0:26.512,243.4,Connor de Phillippi,,GTDPRO,,Paul Miller Racing,BMW,GF,
1,2,36,1:24.177,2,,28.869,0,28.874,0,26.434,2,167.9,1:11:31.642,11:56:31.642,0:28.869,0:28.874,0:26.434,242.9,Connor de Phillippi,,GTDPRO,,Paul Miller Racing,BMW,GF,
1,2,37,1:24.234,0,,28.809,1,28.865,0,26.560,0,167.8,1:12:55.876,11:57:55.876,0:28.809,0:28.865,0:26.560,243.4,Connor de Phillippi,,GTDPRO,,Paul Miller Racing,BMW,GF,
1,2,38,1:44.897,0,B,29.282,0,29.307,0,46.308,0,134.7,1:14:40.773,11:59:40.773,0:29.282,0:29.307,0:46.308,243.8,Connor de Phillippi,,GTDPRO,,Paul Miller Racing,BMW,GF,
1,1,39,4:46.289,0,,3:49.243,0,30.024,0,27.022,0,49.4,1:19:27.062,12:04:27.062,3:49.243,0:30.024,0:27.022,245.7,Neil Verhagen,0:03:50.965,GTDPRO,,Paul Miller Racing,BMW,GF,
1,1,40,1:24.640,0,,29.048,0,29.118,0,26.474,0,166.9,1:20:51.702,12:05:51.702,0:29.048,0:29.118,0:26.474,244.3,Neil Verhagen,,GTDPRO,,Paul Miller Racing,BMW,GF,
1,1,41,1:25.029,0,,28.754,0,29.684,0,26.591,0,166.2,1:22:16.731,12:07:16.731,0:28.754,0:29.684,0:26.591,246.6,Neil Verhagen,,GTDPRO,,Paul Miller Racing,BMW,GF,
1,1,42,1:24.338,0,,28.830,0,28.982,0,26.526,0,167.5,1:23:41.069,12:08:41.069,0:28.830,0:28.982,0:26.526,244.3,Neil Verhagen,,GTDPRO,,Paul Miller Racing,BMW,GF,
1,1,43,1:26.617,0,,29.071,0,29.327,0,28.219,0,163.1,1:25:07.686,12:10:07.686,0:29.071,0:29.327,0:28.219,245.2,Neil Verhagen,,GTDPRO,,Paul Miller Racing,BMW,GF,
1,1,44,1:24.933,0,,29.095,0,29.320,0,26.518,0,166.4,1:26:32.619,12:11:32.619,0:29.095,0:29.320,0:26.518,243.4,Neil Verhagen,,GTDPRO,,Paul Miller Racing,BMW,GF,
10,1,1,1:37.171,0,,39.707,0,31.106,0,26.358,0,145.4,1:37.171,10:46:37.171,0:39.707,0:31.106,0:26.358,206.7,Ricky Taylor,0:00:10.098,GTP,,Cadillac Wayne Taylor Racing,Cadillac,GF,
10,1,2,1:20.169,0,,28.088,0,27.605,0,24.476,0,176.3,2:57.340,10:47:57.340,0:28.088,0:27.605,0:24.476,260.7,Ricky Taylor,,GTP,,Cadillac Wayne Taylor Racing,Cadillac,GF,
10,1,3,1:18.972,0,,26.979,0,27.195,0,24.798,0,178.9,4:16.312,10:49:16.312,0:26.979,0:27.195,0:24.798,266.5,Ricky Taylor,,GTP,,Cadillac Wayne Taylor Racing,Cadillac,GF,
10,1,4,1:18.336,0,,26.707,0,26.837,0,24.792,0,180.4,5:34.648,10:50:34.648,0:26.707,0:26.837,0:24.792,272.6,Ricky Taylor,,GTP,,Cadillac Wayne Taylor Racing,Cadillac,GF,
10,1,5,1:18.983,0,,27.279,0,27.355,0,24.349,0,178.9,6:53.631,10:51:53.631,0:27.279,0:27.355,0:24.349,275.5,Ricky Taylor,,GTP,,Cadillac Wayne Taylor Racing,Cadillac,GF,
10,1,6,1:17.614,0,,26.830,0,26.529,0,24.255,0,182.1,8:11.245,10:53:11.245,0:26.830,0:26.529,0:24.255,276.0,Ricky Taylor,,GTP,,Cadillac Wayne Taylor Racing,Cadillac,GF,
10,1,7,1:21.013,0,,28.223,0,27.087,0,25.703,0,174.4,9:32.258,10:54:32.258,0:28.223,0:27.087,0:25.703,272.6,Ricky Taylor,,GTP,,Cadillac Wayne Taylor Racing,Cadillac,GF,
10,1,8,1:56.740,0,B,31.517,0,34.064,0,51.159,0,121.0,11:28.998,10:56:28.998,0:31.517,0:34.064,0:51.159,188.6,Ricky Taylor,,GTP,,Cadillac Wayne Taylor Racing,Cadillac,RF,
10,1,9,2:54.697,0,,2:01.972,0,28.447,0,24.278,0,80.9,14:23.695,10:59:23.695,2:01.972,0:28.447,0:24.278,254.7,Ricky Taylor,0:02:04.570,GTP,,Cadillac Wayne Taylor Racing,Cadillac,GF,
10,1,10,1:18.643,0,,26.738,0,27.047,0,24.858,0,179.7,15:42.338,11:00:42.338,0:26.738,0:27.047,0:24.858,269.8,Ricky Taylor,,GTP,,Cadillac Wayne Taylor Racing,Cadillac,GF,
10,1,11,1:17.693,0,,26.503,0,26.580,0,24.610,0,181.9,17:00.031,11:02:00.031,0:26.503,0:26.580,0:24.610,274.3,Ricky Taylor,,GTP,,Cadillac Wayne Taylor Racing,Cadillac,GF,
10,1,12,1:24.512,0,,32.217,0,27.902,0,24.393,0,167.2,18:24.543,11:03:24.543,0:32.217,0:27.902,0:24.393,253.7,Ricky Taylor,,GTP,,Cadillac Wayne Taylor Racing,Cadillac,GF,
10,1,13,1:16.571,0,,26.351,0,26.298,1,23.922,1,184.5,19:41.114,11:04:41.114,0:26.351,0:26.298,0:23.922,272.6,Ricky Taylor,,GTP,,Cadillac Wayne Taylor Racing,Cadillac,GF,
10,1,14,1:27.929,0,,31.587,0,27.940,0,28.402,0,160.7,21:09.043,11:06:09.043,0:31.587,0:27.940,0:28.402,247.5,Ricky Taylor,,GTP,,Cadillac Wayne Taylor Racing,Cadillac,GF,
10,1,15,1:17.301,0,,26.575,0,26.539,0,24.187,0,182.8,22:26.344,11:07:26.344,0:26.575,0:26.539,0:24.187,269.8,Ricky Taylor,,GTP,,Cadillac Wayne Taylor Racing,Cadillac,GF,
10,1,16,1:16.992,0,,26.551,0,26.380,0,24.061,0,183.5,23:43.336,11:08:43.336,0:26.551,0:26.380,0:24.061,271.5,Ricky Taylor,,GTP,,Cadillac Wayne Taylor Racing,Cadillac,GF,
10,1,17,1:16.921,0,,26.349,0,26.363,0,24.209,0,183.7,25:00.257,11:10:00.257,0:26.349,0:26.363,0:24.209,273.2,Ricky Taylor,,GTP,,Cadillac Wayne Taylor Racing,Cadillac,GF,
10,1,18,1:40.570,0,B,26.311,0,27.710,0,46.549,0,140.5,26:40.827,11:11:40.827,0:26.311,0:27.710,0:46.549,277.2,Ricky Taylor,,GTP,,Cadillac Wayne Taylor Racing,Cadillac,GF,
10,1,19,7:41.723,0,,6:50.115,0,27.436,0,24.172,0,30.6,34:22.550,11:19:22.550,6:50.115,0:27.436,0:24.172,266.0,Ricky Taylor,0:06:53.636,GTP,,Cadillac Wayne Taylor Racing,Cadillac,GF,
10,1,20,1:17.573,0,,26.359,0,26.728,0,24.486,0,182.2,35:40.123,11:20:40.123,0:26.359,0:26.728,0:24.486,270.4,Ricky Taylor,,GTP,,Cadillac Wayne Taylor Racing,Cadillac,GF,
10,1,21,1:18.845,0,,27.221,0,27.047,0,24.577,0,179.2,36:58.968,11:21:58.968,0:27.221,0:27.047,0:24.577,272.6,Ricky Taylor,,GTP,,Cadillac Wayne Taylor Racing,Cadillac,GF,
10,1,22,1:18.807,0,,27.489,0,27.097,0,24.221,0,179.3,38:17.775,11:23:17.775,0:27.489,0:27.097,0:24.221,270.9,Ricky Taylor,,GTP,,Cadillac Wayne Taylor Racing,Cadillac,GF,
10,1,23,1:17.761,0,,26.197,1,26.515,0,25.049,0,181.7,39:35.536,11:24:35.536,0:26.197,0:26.515,0:25.049,274.9,Ricky Taylor,,GTP,,Cadillac Wayne Taylor Racing,Cadillac,GF,
10,1,24,1:18.903,0,,26.473,0,27.184,0,25.246,0,179.1,40:54.439,11:25:54.439,0:26.473,0:27.184,0:25.246,280.8,Ricky Taylor,,GTP,,Cadillac Wayne Taylor Racing,Cadillac,GF,
10,1,25,1:39.483,0,B,26.366,0,26.521,0,46.596,0,142.0,42:33.922,11:27:33.922,0:26.366,0:26.521,0:46.596,274.9,Ricky Taylor,,GTP,,Cadillac Wayne Taylor Racing,Cadillac,GF,
10,2,26,4:49.939,0,,3:57.586,0,27.690,0,24.663,0,48.7,47:23.861,11:32:23.861,3:57.586,0:27.690,0:24.663,239.4,Filipe Albuquerque,0:03:59.403,GTP,,Cadillac Wayne Taylor Racing,Cadillac,GF,
10,2,27,1:17.786,0,,26.956,0,26.687,0,24.143,0,181.7,48:41.647,11:33:41.647,0:26.956,0:26.687,0:24.143,269.8,Filipe Albuquerque,,GTP,,Cadillac Wayne Taylor Racing,Cadillac,GF,
10,2,28,1:19.128,0,,27.556,0,27.187,0,24.385,0,178.6,50:00.775,11:35:00.775,0:27.556,0:27.187,0:24.385,267.1,Filipe Albuquerque,,GTP,,Cadillac Wayne Taylor Racing,Cadillac,GF,
10,2,29,1:23.832,0,,32.296,0,27.118,0,24.418,0,168.6,51:24.607,11:36:24.607,0:32.296,0:27.118,0:24.418,277.8,Filipe Albuquerque,,GTP,,Cadillac Wayne Taylor Racing,Cadillac,GF,
10,2,30,1:17.810,0,,26.500,0,26.753,0,24.557,0,181.6,52:42.417,11:37:42.417,0:26.500,0:26.753,0:24.557,269.3,Filipe Albuquerque,,GTP,,Cadillac Wayne Taylor Racing,Cadillac,GF,
10,2,31,1:17.302,0,,26.616,0,26.578,0,24.108,0,182.8,53:59.719,11:38:59.719,0:26.616,0:26.578,0:24.108,268.7,Filipe Albuquerque,,GTP,,Cadillac Wayne Taylor Racing,Cadillac,GF,
10,2,32,1:41.019,0,B,28.527,0,26.965,0,45.527,0,139.9,55:40.738,11:40:40.738,0:28.527,0:26.965,0:45.527,286.9,Filipe Albuquerque,,GTP,,Cadillac Wayne Taylor Racing,Cadillac,GF,
10,2,33,5:13.078,0,B,3:56.040,0,30.239,0,46.799,0,45.1,1:00:53.816,11:45:53.816,3:56.040,0:30.239,0:46.799,215.5,Filipe Albuquerque,0:03:55.501,GTP,,Cadillac Wayne Taylor Racing,Cadillac,GF,
10,2,34,2:01.983,0,,1:08.168,0,28.957,0,24.858,0,115.8,1:02:55.799,11:47:55.799,1:08.168,0:28.957,0:24.858,248.9,Filipe Albuquerque,0:01:08.838,GTP,,Cadillac Wayne Taylor Racing,Cadillac,GF,
10,2,35,1:19.448,0,,26.676,0,26.903,0,25.869,0,177.9,1:04:15.247,11:49:15.247,0:26.676,0:26.903,0:25.869,280.2,Filipe Albuquerque,,GTP,,Cadillac Wayne Taylor Racing,Cadillac,GF,
10,2,36,1:16.875,0,,26.282,0,26.541,0,24.052,0,183.8,1:05:32.122,11:50:32.122,0:26.282,0:26.541,0:24.052,284.4,Filipe Albuquerque,,GTP,,Cadillac Wayne Taylor Racing,Cadillac,GF,
10,2,37,1:17.336,0,,26.215,0,26.465,0,24.656,0,182.7,1:06:49.458,11:51:49.458,0:26.215,0:26.465,0:24.656,285.6,Filipe Albuquerque,,GTP,,Cadillac Wayne Taylor Racing,Cadillac,GF,
10,2,38,1:19.100,0,,27.011,0,27.315,0,24.774,0,178.6,1:08:08.558,11:53:08.558,0:27.011,0:27.315,0:24.774,279.0,Filipe Albuquerque,,GTP,,Cadillac Wayne Taylor Racing,Cadillac,GF,
10,2,39,1:17.808,0,,26.280,0,27.238,0,24.290,0,181.6,1:09:26.366,11:54:26.366,0:26.280,0:27.238,0:24.290,288.1,Filipe Albuquerque,,GTP,,Cadillac Wayne Taylor Racing,Cadillac,GF,
10,2,40,1:21.175,0,,27.973,0,28.174,0,25.028,0,174.1,1:10:47.541,11:55:47.541,0:27.973,0:28.174,0:25.028,261.3,Filipe Albuquerque,,GTP,,Cadillac Wayne Taylor Racing,Cadillac,GF,
10,2,41,1:16.433,0,,26.115,2,26.234,0,24.084,0,184.9,1:12:03.974,11:57:03.974,0:26.115,0:26.234,0:24.084,288.8,Filipe Albuquerque,,GTP,,Cadillac Wayne Taylor Racing,Cadillac,GF,
10,2,42,1:21.596,0,,27.659,0,28.043,0,25.894,0,173.2,1:13:25.570,11:58:25.570,0:27.659,0:28.043,0:25.894,274.9,Filipe Albuquerque,,GTP,,Cadillac Wayne Taylor Racing,Cadillac,GF,
10,2,43,1:16.374,0,,26.157,0,26.349,0,23.868,0,185.0,1:14:41.944,11:59:41.944,0:26.157,0:26.349,0:23.868,287.5,Filipe Albuquerque,,GTP,,Cadillac Wayne Taylor Racing,Cadillac,GF,
10,2,44,1:45.597,0,B,32.688,0,26.727,0,46.182,0,133.8,1:16:27.541,12:01:27.541,0:32.688,0:26.727,0:46.182,288.1,Filipe Albuquerque,,GTP,,Cadillac Wayne Taylor Racing,Cadillac,GF,
10,2,45,4:11.454,0,,3:19.899,0,26.988,0,24.567,0,56.2,1:20:38.995,12:05:38.995,3:19.899,0:26.988,0:24.567,282.0,Filipe Albuquerque,0:03:23.997,GTP,,Cadillac Wayne Taylor Racing,Cadillac,GF,
10,2,46,1:19.303,0,,27.263,0,26.938,0,25.102,0,178.2,1:21:58.298,12:06:58.298,0:27.263,0:26.938,0:25.102,287.5,Filipe Albuquerque,,GTP,,Cadillac Wayne Taylor Racing,Cadillac,GF,
10,2,47,1:16.850,0,,26.418,0,26.477,0,23.955,0,183.9,1:23:15.148,12:08:15.148,0:26.418,0:26.477,0:23.955,287.5,Filipe Albuquerque,,GTP,,Cadillac Wayne Taylor Racing,Cadillac,GF,
10,2,48,1:17.004,0,,26.464,0,26.287,0,24.253,0,183.5,1:24:32.152,12:09:32.152,0:26.464,0:26.287,0:24.253,288.8,Filipe Albuquerque,,GTP,,Cadillac Wayne Taylor Racing,Cadillac,GF,
10,2,49,1:19.744,0,,27.104,0,27.496,0,25.144,0,177.2,1:25:51.896,12:10:51.896,0:27.104,0:27.496,0:25.144,283.2,Filipe Albuquerque,,GTP,,Cadillac Wayne Taylor Racing,Cadillac,GF,
10,2,50,1:16.125,2,,26.118,0,26.188,2,23.819,2,185.6,1:27:08.021,12:12:08.021,0:26.118,0:26.188,0:23.819,289.4,Filipe Albuquerque,,GTP,,Cadillac Wayne Taylor Racing,Cadillac,GF,
10,2,51,1:18.595,0,,26.318,0,26.967,0,25.310,0,179.8,1:28:26.616,12:13:26.616,0:26.318,0:26.967,0:25.310,289.4,Filipe Albuquerque,,GTP,,Cadillac Wayne Taylor Racing,Cadillac,GF,
10,2,52,1:17.446,0,,26.237,0,26.399,0,24.810,0,182.5,1:29:44.062,12:14:44.062,0:26.237,0:26.399,0:24.810,290.0,Filipe Albuquerque,,GTP,,Cadillac Wayne Taylor Racing,Cadillac,GF,
10,2,53,1:47.069,0,B,26.447,0,28.950,0,51.672,0,132.0,1:31:31.131,12:16:31.131,0:26.447,0:28.950,0:51.672,255.2,Filipe Albuquerque,,GTP,,Cadillac Wayne Taylor Racing,Cadillac,FF,
11,1,1,2:34.745,0,,1:35.247,0,32.226,0,27.272,0,91.3,2:34.745,10:47:34.745,1:35.247,0:32.226,0:27.272,210.0,Tobi Lutke,0:01:06.796,LMP2,,TDS Racing,Gibson,GF,
11,1,2,1:25.467,0,,29.543,0,29.799,0,26.125,0,165.3,4:00.212,10:49:00.212,0:29.543,0:29.799,0:26.125,206.1,Tobi Lutke,,LMP2,,TDS Racing,Gibson,GF,
11,1,3,1:24.921,0,,30.317,0,29.139,0,25.465,0,166.4,5:25.133,10:50:25.133,0:30.317,0:29.139,0:25.465,236.8,Tobi Lutke,,LMP2,,TDS Racing,Gibson,GF,
11,1,4,1:21.105,0,,27.718,0,28.109,0,25.278,0,174.2,6:46.238,10:51:46.238,0:27.718,0:28.109,0:25.278,256.7,Tobi Lutke,,LMP2,,TDS Racing,Gibson,GF,
11,1,5,1:22.624,0,,28.494,0,28.338,0,25.792,0,171.0,8:08.862,10:53:08.862,0:28.494,0:28.338,0:25.792,258.2,Tobi Lutke,,LMP2,,TDS Racing,Gibson,GF,
11,1,6,1:20.275,0,,27.263,0,27.939,0,25.073,0,176.0,9:29.137,10:54:29.137,0:27.263,0:27.939,0:25.073,258.7,Tobi Lutke,,LMP2,,TDS Racing,Gibson,GF,
11,1,7,1:58.171,0,B,33.799,0,33.504,0,50.868,0,119.6,11:27.308,10:56:27.308,0:33.799,0:33.504,0:50.868,193.6,Tobi Lutke,,LMP2,,TDS Racing,Gibson,RF,
11,1,8,3:00.155,0,,2:03.340,0,30.174,0,26.641,0,78.4,14:27.463,10:59:27.463,2:03.340,0:30.174,0:26.641,236.8,Tobi Lutke,0:02:05.102,LMP2,,TDS Racing,Gibson,GF,
11,1,9,1:21.519,0,,28.141,0,28.137,0,25.241,0,173.3,15:48.982,11:00:48.982,0:28.141,0:28.137,0:25.241,258.2,Tobi Lutke,,LMP2,,TDS Racing,Gibson,GF,
11,1,10,1:22.301,0,,29.157,0,28.300,0,24.844,0,171.7,17:11.283,11:02:11.283,0:29.157,0:28.300,0:24.844,257.2,Tobi Lutke,,LMP2,,TDS Racing,Gibson,GF,
11,1,11,1:21.201,0,,27.927,0,28.100,0,25.174,0,174.0,18:32.484,11:03:32.484,0:27.927,0:28.100,0:25.174,242.5,Tobi Lutke,,LMP2,,TDS Racing,Gibson,GF,
11,1,12,3:08.809,0,B,27.013,1,27.263,1,2:14.533,0,74.8,21:41.293,11:06:41.293,0:27.013,0:27.263,2:14.533,259.7,Tobi Lutke,,LMP2,,TDS Racing,Gibson,GF,
11,2,13,2:03.314,0,B,48.415,0,28.062,0,46.837,0,114.6,23:44.607,11:08:44.607,0:48.415,0:28.062,0:46.837,246.1,Mathias Beche,0:02:18.517,LMP2,,TDS Racing,Gibson,GF,
11,2,14,1:40.455,0,,46.916,0,27.296,0,26.243,0,140.7,25:25.062,11:10:25.062,0:46.916,0:27.296,0:26.243,252.7,Mathias Beche,0:00:51.323,LMP2,,TDS Racing,Gibson,GF,
11,2,15,1:18.774,0,,26.683,0,27.366,0,24.725,0,179.4,26:43.836,11:11:43.836,0:26.683,0:27.366,0:24.725,255.2,Mathias Beche,,LMP2,,TDS Racing,Gibson,GF,
11,2,16,1:17.993,0,,26.554,0,26.912,0,24.527,0,181.2,28:01.829,11:13:01.829,0:26.554,0:26.912,0:24.527,257.7,Mathias Beche,,LMP2,,TDS Racing,Gibson,GF,
11,2,17,1:18.213,0,,26.503,0,27.209,0,24.501,0,180.7,29:20.042,11:14:20.042,0:26.503,0:27.209,0:24.501,257.7,Mathias Beche,,LMP2,,TDS Racing,Gibson,GF,
11,2,18,1:17.668,0,,26.367,2,26.949,0,24.352,0,181.9,30:37.710,11:15:37.710,0:26.367,0:26.949,0:24.352,260.7,Mathias Beche,,LMP2,,TDS Racing,Gibson,GF,
11,2,19,1:19.960,0,,28.149,0,26.719,0,25.092,0,176.7,31:57.670,11:16:57.670,0:28.149,0:26.719,0:25.092,257.7,Mathias Beche,,LMP2,,TDS Racing,Gibson,GF,
11,2,20,1:19.085,0,,27.314,0,27.300,0,24.471,0,178.7,33:16.755,11:18:16.755,0:27.314,0:27.300,0:24.471,259.2,Mathias Beche,,LMP2,,TDS Racing,Gibson,GF,
11,2,21,1:17.551,0,,26.602,0,26.601,0,24.348,2,182.2,34:34.306,11:19:34.306,0:26.602,0:26.601,0:24.348,257.2,Mathias Beche,,LMP2,,TDS Racing,Gibson,GF,
11,2,22,1:20.956,0,,29.600,0,26.708,0,24.648,0,174.5,35:55.262,11:20:55.262,0:29.600,0:26.708,0:24.648,256.7,Mathias Beche,,LMP2,,TDS Racing,Gibson,GF,
11,2,23,1:17.421,2,,26.450,0,26.545,2,24.426,0,182.5,37:12.683,11:22:12.683,0:26.450,0:26.545,0:24.426,257.7,Mathias Beche,,LMP2,,TDS Racing,Gibson,GF,
11,2,24,7:06.885,0,B,26.732,0,27.044,0,6:13.109,0,33.1,44:19.568,11:29:19.568,0:26.732,0:27.044,6:13.109,258.7,Mathias Beche,,LMP2,,TDS Racing,Gibson,GF,
11,2,25,1:41.155,0,,48.432,0,27.248,0,25.475,0,139.7,46:00.723,11:31:00.723,0:48.432,0:27.248,0:25.475,254.7,Mathias Beche,0:06:19.229,LMP2,,TDS Racing,Gibson,GF,
11,2,26,1:19.667,0,,28.066,0,26.986,0,24.615,0,177.4,47:20.390,11:32:20.390,0:28.066,0:26.986,0:24.615,256.2,Mathias Beche,,LMP2,,TDS Racing,Gibson,GF,
11,2,27,1:18.094,0,,26.568,0,26.707,0,24.819,0,180.9,48:38.484,11:33:38.484,0:26.568,0:26.707,0:24.819,257.7,Mathias Beche,,LMP2,,TDS Racing,Gibson,GF,
11,2,28,1:18.419,0,,26.409,0,27.063,0,24.947,0,180.2,49:56.903,11:34:56.903,0:26.409,0:27.063,0:24.947,258.2,Mathias Beche,,LMP2,,TDS Racing,Gibson,GF,
11,2,29,1:18.717,0,,26.995,0,26.857,0,24.865,0,179.5,51:15.620,11:36:15.620,0:26.995,0:26.857,0:24.865,257.7,Mathias Beche,,LMP2,,TDS Racing,Gibson,GF,
11,2,30,1:19.623,0,,26.511,0,26.767,0,26.345,0,177.5,52:35.243,11:37:35.243,0:26.511,0:26.767,0:26.345,259.2,Mathias Beche,,LMP2,,TDS Racing,Gibson,GF,
11,2,31,1:18.480,0,,26.670,0,26.727,0,25.083,0,180.1,53:53.723,11:38:53.723,0:26.670,0:26.727,0:25.083,259.7,Mathias Beche,,LMP2,,TDS Racing,Gibson,GF,
11,2,32,1:18.051,0,,26.757,0,26.694,0,24.600,0,181.0,55:11.774,11:40:11.774,0:26.757,0:26.694,0:24.600,259.7,Mathias Beche,,LMP2,,TDS Racing,Gibson,GF,
11,2,33,1:19.087,0,,26.584,0,27.469,0,25.034,0,178.7,56:30.861,11:41:30.861,0:26.584,0:27.469,0:25.034,259.7,Mathias Beche,,LMP2,,TDS Racing,Gibson,GF,
11,2,34,1:18.403,0,,26.487,0,26.801,0,25.115,0,180.2,57:49.264,11:42:49.264,0:26.487,0:26.801,0:25.115,259.2,Mathias Beche,,LMP2,,TDS Racing,Gibson,GF,
11,2,35,1:19.083,0,,26.725,0,27.760,0,24.598,0,178.7,59:08.347,11:44:08.347,0:26.725,0:27.760,0:24.598,259.7,Mathias Beche,,LMP2,,TDS Racing,Gibson,GF,
11,2,36,2:53.242,0,B,26.614,0,26.829,0,1:59.799,0,81.6,1:02:01.589,11:47:01.589,0:26.614,0:26.829,1:59.799,259.2,Mathias Beche,,LMP2,,TDS Racing,Gibson,GF,
11,1,37,1:41.863,0,,48.597,0,28.070,0,25.196,0,138.7,1:03:43.452,11:48:43.452,0:48.597,0:28.070,0:25.196,254.2,Tobi Lutke,0:02:06.058,LMP2,,TDS Racing,Gibson,GF,
11,1,38,1:21.398,0,,28.293,0,27.951,0,25.154,0,173.6,1:05:04.850,11:50:04.850,0:28.293,0:27.951,0:25.154,254.7,Tobi Lutke,,LMP2,,TDS Racing,Gibson,GF,
11,1,39,1:21.509,0,,27.604,0,28.203,0,25.702,0,173.4,1:06:26.359,11:51:26.359,0:27.604,0:28.203,0:25.702,250.3,Tobi Lutke,,LMP2,,TDS Racing,Gibson,GF,
11,1,40,1:21.859,0,,28.104,0,28.185,0,25.570,0,172.6,1:07:48.218,11:52:48.218,0:28.104,0:28.185,0:25.570,255.7,Tobi Lutke,,LMP2,,TDS Racing,Gibson,GF,
11,1,41,1:22.198,0,,28.554,0,28.444,0,25.200,0,171.9,1:09:10.416,11:54:10.416,0:28.554,0:28.444,0:25.200,257.2,Tobi Lutke,,LMP2,,TDS Racing,Gibson,GF,
11,1,42,1:23.613,0,,28.242,0,29.698,0,25.673,0,169.0,1:10:34.029,11:55:34.029,0:28.242,0:29.698,0:25.673,256.2,Tobi Lutke,,LMP2,,TDS Racing,Gibson,GF,
11,1,43,1:21.684,0,,27.669,0,28.682,0,25.333,0,173.0,1:11:55.713,11:56:55.713,0:27.669,0:28.682,0:25.333,254.7,Tobi Lutke,,LMP2,,TDS Racing,Gibson,GF,
11,1,44,1:20.394,0,,27.389,0,27.985,0,25.020,0,175.8,1:13:16.107,11:58:16.107,0:27.389,0:27.985,0:25.020,256.2,Tobi Lutke,,LMP2,,TDS Racing,Gibson,GF,
11,1,45,1:20.731,0,,27.464,0,28.193,0,25.074,0,175.0,1:14:36.838,11:59:36.838,0:27.464,0:28.193,0:25.074,255.7,Tobi Lutke,,LMP2,,TDS Racing,Gibson,GF,
11,1,46,1:20.928,0,,28.261,0,27.652,0,25.015,0,174.6,1:15:57.766,12:00:57.766,0:28.261,0:27.652,0:25.015,258.7,Tobi Lutke,,LMP2,,TDS Racing,Gibson,GF,
11,1,47,1:21.279,0,,28.319,0,27.970,0,24.990,0,173.9,1:17:19.045,12:02:19.045,0:28.319,0:27.970,0:24.990,255.7,Tobi Lutke,,LMP2,,TDS Racing,Gibson,GF,
11,1,48,1:19.797,0,,27.250,0,27.470,0,25.077,0,177.1,1:18:38.842,12:03:38.842,0:27.250,0:27.470,0:25.077,258.2,Tobi Lutke,,LMP2,,TDS Racing,Gibson,GF,
11,1,49,1:20.277,0,,27.201,0,27.615,0,25.461,0,176.0,1:19:59.119,12:04:59.119,0:27.201,0:27.615,0:25.461,259.2,Tobi Lutke,,LMP2,,TDS Racing,Gibson,GF,
11,1,50,1:19.871,0,,27.388,0,27.720,0,24.763,1,176.9,1:21:18.990,12:06:18.990,0:27.388,0:27.720,0:24.763,258.7,Tobi Lutke,,LMP2,,TDS Racing,Gibson,GF,
11,1,51,1:19.735,0,,27.147,0,27.674,0,24.914,0,177.2,1:22:38.725,12:07:38.725,0:27.147,0:27.674,0:24.914,258.7,Tobi Lutke,,LMP2,,TDS Racing,Gibson,GF,
11,1,52,1:21.140,0,,28.668,0,27.517,0,24.955,0,174.2,1:23:59.865,12:08:59.865,0:28.668,0:27.517,0:24.955,256.2,Tobi Lutke,,LMP2,,TDS Racing,Gibson,GF,
11,1,53,1:20.387,0,,27.691,0,27.428,0,25.268,0,175.8,1:25:20.252,12:10:20.252,0:27.691,0:27.428,0:25.268,258.7,Tobi Lutke,,LMP2,,TDS Racing,Gibson,GF,
11,1,54,1:27.086,0,,34.511,0,27.543,0,25.032,0,162.3,1:26:47.338,12:11:47.338,0:34.511,0:27.543,0:25.032,257.7,Tobi Lutke,,LMP2,,TDS Racing,Gibson,GF,
11,1,55,1:20.832,0,,27.357,0,28.005,0,25.470,0,174.8,1:28:08.170,12:13:08.170,0:27.357,0:28.005,0:25.470,259.2,Tobi Lutke,,LMP2,,TDS Racing,Gibson,GF,
11,1,56,1:20.113,0,,27.215,0,27.467,0,25.431,0,176.4,1:29:28.283,12:14:28.283,0:27.215,0:27.467,0:25.431,257.7,Tobi Lutke,,LMP2,,TDS Racing,Gibson,GF,
12,2,1,2:25.021,0,,1:24.218,0,32.288,0,28.515,0,97.4,2:25.021,10:47:25.021,1:24.218,0:32.288,0:28.515,217.6,Benjamin Pedersen,0:00:54.714,GTD,,Vasser Sullivan Racing,Lexus,GF,
12,2,2,1:27.654,0,,30.182,0,30.185,0,27.287,0,161.2,3:52.675,10:48:52.675,0:30.182,0:30.185,0:27.287,239.8,Benjamin Pedersen,,GTD,,Vasser Sullivan Racing,Lexus,GF,
12,2,3,1:26.139,0,,29.524,0,29.722,0,26.893,0,164.0,5:18.814,10:50:18.814,0:29.524,0:29.722,0:26.893,242.9,Benjamin Pedersen,,GTD,,Vasser Sullivan Racing,Lexus,GF,
12,2,4,1:25.843,0,,29.349,0,29.480,0,27.014,0,164.6,6:44.657,10:51:44.657,0:29.349,0:29.480,0:27.014,243.4,Benjamin Pedersen,,GTD,,Vasser Sullivan Racing,Lexus,GF,
12,2,5,2:13.103,0,B,29.656,0,30.241,0,1:13.206,0,106.2,8:57.760,10:53:57.760,0:29.656,0:30.241,1:13.206,220.6,Benjamin Pedersen,,GTD,,Vasser Sullivan Racing,Lexus,GF,
12,2,6,2:22.651,0,B,1:00.883,0,33.394,0,48.374,0,99.1,11:20.411,10:56:20.411,1:00.883,0:33.394,0:48.374,217.3,Benjamin Pedersen,0:01:18.277,GTD,,Vasser Sullivan Racing,Lexus,RF,
12,2,7,3:06.651,0,,2:08.649,0,30.712,0,27.290,0,75.7,14:27.062,10:59:27.062,2:08.649,0:30.712,0:27.290,235.6,Benjamin Pedersen,0:02:08.470,GTD,,Vasser Sullivan Racing,Lexus,GF,
12,2,8,1:28.508,0,,30.648,0,29.973,0,27.887,0,159.7,15:55.570,11:00:55.570,0:30.648,0:29.973,0:27.887,229.0,Benjamin Pedersen,,GTD,,Vasser Sullivan Racing,Lexus,GF,
12,2,9,1:24.400,0,,28.930,0,29.044,0,26.426,0,167.4,17:19.970,11:02:19.970,0:28.930,0:29.044,0:26.426,244.3,Benjamin Pedersen,,GTD,,Vasser Sullivan Racing,Lexus,GF,
12,2,10,1:23.987,2,,28.669,2,28.944,2,26.374,2,168.2,18:43.957,11:03:43.957,0:28.669,0:28.944,0:26.374,244.3,Benjamin Pedersen,,GTD,,Vasser Sullivan Racing,Lexus,GF,
12,2,11,1:26.911,0,,29.468,0,30.188,0,27.255,0,162.6,20:10.868,11:05:10.868,0:29.468,0:30.188,0:27.255,226.2,Benjamin Pedersen,,GTD,,Vasser Sullivan Racing,Lexus,GF,
12,2,12,1:26.777,0,,30.017,0,29.864,0,26.896,0,162.8,21:37.645,11:06:37.645,0:30.017,0:29.864,0:26.896,240.7,Benjamin Pedersen,,GTD,,Vasser Sullivan Racing,Lexus,GF,
12,2,13,10:29.217,0,B,31.108,0,30.259,0,9:27.850,0,22.5,32:06.862,11:17:06.862,0:31.108,0:30.259,9:27.850,222.0,Benjamin Pedersen,,GTD,,Vasser Sullivan Racing,Lexus,GF,
12,1,14,1:48.072,0,,50.456,0,30.066,0,27.550,0,130.8,33:54.934,11:18:54.934,0:50.456,0:30.066,0:27.550,220.2,Aaron Telitz,0:09:33.624,GTD,,Vasser Sullivan Racing,Lexus,GF,
12,1,15,1:25.765,0,,29.181,0,29.652,0,26.932,0,164.8,35:20.699,11:20:20.699,0:29.181,0:29.652,0:26.932,240.7,Aaron Telitz,,GTD,,Vasser Sullivan Racing,Lexus,GF,
12,1,16,1:25.025,0,,28.961,1,29.305,0,26.759,0,166.2,36:45.724,11:21:45.724,0:28.961,0:29.305,0:26.759,240.7,Aaron Telitz,,GTD,,Vasser Sullivan Racing,Lexus,GF,
12,1,17,1:25.671,0,,29.049,0,29.632,0,26.990,0,164.9,38:11.395,11:23:11.395,0:29.049,0:29.632,0:26.990,241.6,Aaron Telitz,,GTD,,Vasser Sullivan Racing,Lexus,GF,
12,1,18,1:25.021,0,,29.036,0,29.240,0,26.745,0,166.2,39:36.416,11:24:36.416,0:29.036,0:29.240,0:26.745,240.7,Aaron Telitz,,GTD,,Vasser Sullivan Racing,Lexus,GF,
12,1,19,1:25.542,0,,29.378,0,29.409,0,26.755,0,165.2,41:01.958,11:26:01.958,0:29.378,0:29.409,0:26.755,242.5,Aaron Telitz,,GTD,,Vasser Sullivan Racing,Lexus,GF,
12,1,20,1:25.081,0,,29.129,0,29.296,0,26.656,1,166.1,42:27.039,11:27:27.039,0:29.129,0:29.296,0:26.656,242.5,Aaron Telitz,,GTD,,Vasser Sullivan Racing,Lexus,GF,
12,1,21,1:25.353,0,,28.974,0,29.267,0,27.112,0,165.6,43:52.392,11:28:52.392,0:28.974,0:29.267,0:27.112,243.4,Aaron Telitz,,GTD,,Vasser Sullivan Racing,Lexus,GF,
12,1,22,1:25.054,0,,29.163,0,29.210,1,26.681,0,166.1,45:17.446,11:30:17.446,0:29.163,0:29.210,0:26.681,242.0,Aaron Telitz,,GTD,,Vasser Sullivan Racing,Lexus,GF,
12,1,23,1:25.604,0,,29.049,0,29.378,0,27.177,0,165.1,46:43.050,11:31:43.050,0:29.049,0:29.378,0:27.177,242.0,Aaron Telitz,,GTD,,Vasser Sullivan Racing,Lexus,GF,
12,1,24,1:26.500,0,,29.658,0,29.775,0,27.067,0,163.4,48:09.550,11:33:09.550,0:29.658,0:29.775,0:27.067,239.4,Aaron Telitz,,GTD,,Vasser Sullivan Racing,Lexus,GF,
12,1,25,1:25.741,0,,29.403,0,29.448,0,26.890,0,164.8,49:35.291,11:34:35.291,0:29.403,0:29.448,0:26.890,236.0,Aaron Telitz,,GTD,,Vasser Sullivan Racing,Lexus,GF,
12,1,26,1:25.873,0,,29.389,0,29.646,0,26.838,0,164.6,51:01.164,11:36:01.164,0:29.389,0:29.646,0:26.838,233.1,Aaron Telitz,,GTD,,Vasser Sullivan Racing,Lexus,GF,
12,1,27,1:25.839,0,,29.402,0,29.462,0,26.975,0,164.6,52:27.003,11:37:27.003,0:29.402,0:29.462,0:26.975,234.3,Aaron Telitz,,GTD,,Vasser Sullivan Racing,Lexus,GF,
12,1,28,1:27.456,0,,29.331,0,30.676,0,27.449,0,161.6,53:54.459,11:38:54.459,0:29.331,0:30.676,0:27.449,227.4,Aaron Telitz,,GTD,,Vasser Sullivan Racing,Lexus,GF,
12,1,29,1:25.913,0,,29.367,0,29.559,0,26.987,0,164.5,55:20.372,11:40:20.372,0:29.367,0:29.559,0:26.987,232.6,Aaron Telitz,,GTD,,Vasser Sullivan Racing,Lexus,GF,
12,1,30,9:31.571,0,B,29.250,0,29.559,0,8:32.762,0,24.7,1:04:51.943,11:49:51.943,0:29.250,0:29.559,8:32.762,231.8,Aaron Telitz,,GTD,,Vasser Sullivan Racing,Lexus,GF,
12,1,31,1:45.402,0,,49.102,0,29.478,0,26.822,0,134.1,1:06:37.345,11:51:37.345,0:49.102,0:29.478,0:26.822,243.4,Aaron Telitz,0:08:38.220,GTD,,Vasser Sullivan Racing,Lexus,GF,
12,1,32,1:25.789,0,,29.430,0,29.435,0,26.924,0,164.7,1:08:03.134,11:53:03.134,0:29.430,0:29.435,0:26.924,243.4,Aaron Telitz,,GTD,,Vasser Sullivan Racing,Lexus,GF,
12,1,33,1:26.737,0,,29.110,0,29.945,0,27.682,0,162.9,1:09:29.871,11:54:29.871,0:29.110,0:29.945,0:27.682,244.7,Aaron Telitz,,GTD,,Vasser Sullivan Racing,Lexus,GF,
12,1,34,1:25.677,0,,29.170,0,29.341,0,27.166,0,164.9,1:10:55.548,11:55:55.548,0:29.170,0:29.341,0:27.166,245.2,Aaron Telitz,,GTD,,Vasser Sullivan Racing,Lexus,GF,
12,1,35,1:25.626,0,,29.274,0,29.436,0,26.916,0,165.0,1:12:21.174,11:57:21.174,0:29.274,0:29.436,0:26.916,244.3,Aaron Telitz,,GTD,,Vasser Sullivan Racing,Lexus,GF,
12,1,36,7:59.559,0,B,29.422,0,29.387,0,7:00.750,0,29.5,1:20:20.733,12:05:20.733,0:29.422,0:29.387,7:00.750,243.8,Aaron Telitz,,GTD,,Vasser Sullivan Racing,Lexus,GF,
12,1,37,1:47.726,0,,49.671,0,30.519,0,27.536,0,131.2,1:22:08.459,12:07:08.459,0:49.671,0:30.519,0:27.536,216.6,Aaron Telitz,0:07:06.475,GTD,,Vasser Sullivan Racing,Lexus,GF,
12,1,38,1:25.986,0,,29.360,0,29.570,0,27.056,0,164.3,1:23:34.445,12:08:34.445,0:29.360,0:29.570,0:27.056,246.1,Aaron Telitz,,GTD,,Vasser Sullivan Racing,Lexus,GF,
12,1,39,1:25.209,0,,29.192,0,29.224,0,26.793,0,165.8,1:24:59.654,12:09:59.654,0:29.192,0:29.224,0:26.793,244.3,Aaron Telitz,,GTD,,Vasser Sullivan Racing,Lexus,GF,
12,1,40,1:25.161,0,,29.128,0,29.257,0,26.776,0,165.9,1:26:24.815,12:11:24.815,0:29.128,0:29.257,0:26.776,244.3,Aaron Telitz,,GTD,,Vasser Sullivan Racing,Lexus,GF,
12,1,41,1:25.783,0,,29.365,0,29.350,0,27.068,0,164.7,1:27:50.598,12:12:50.598,0:29.365,0:29.350,0:27.068,244.7,Aaron Telitz,,GTD,,Vasser Sullivan Racing,Lexus,GF,
12,1,42,1:25.934,0,,29.397,0,29.357,0,27.180,0,164.4,1:29:16.532,12:14:16.532,0:29.397,0:29.357,0:27.180,232.2,Aaron Telitz,,GTD,,Vasser Sullivan Racing,Lexus,GF,
120,2,1,3:18.334,0,B,1:36.882,0,33.196,0,1:08.256,0,71.2,3:18.334,10:48:18.334,1:36.882,0:33.196,1:08.256,212.4,Callum Ilott,0:01:07.855,GTD,,Wright Motorsports,Porsche,GF,
120,2,2,2:30.749,0,B,51.509,0,32.495,0,1:06.745,0,93.7,5:49.083,10:50:49.083,0:51.509,0:32.495,1:06.745,206.1,Callum Ilott,0:01:11.938,GTD,,Wright Motorsports,Porsche,GF,
120,2,3,1:48.815,0,,50.622,0,31.028,0,27.165,0,129.9,7:37.898,10:52:37.898,0:50.622,0:31.028,0:27.165,232.6,Callum Ilott,0:01:10.389,GTD,,Wright Motorsports,Porsche,GF,
120,2,4,1:26.275,0,,29.820,0,29.519,0,26.936,0,163.8,9:04.173,10:54:04.173,0:29.820,0:29.519,0:26.936,241.2,Callum Ilott,,GTD,,Wright Motorsports,Porsche,GF,
120,2,5,4:50.932,0,B,29.292,0,29.989,0,3:51.651,0,48.6,13:55.105,10:58:55.105,0:29.292,0:29.989,3:51.651,206.7,Callum Ilott,,GTD,,Wright Motorsports,Porsche,GF,
120,2,6,1:48.098,0,,50.975,0,30.190,0,26.933,0,130.7,15:43.203,11:00:43.203,0:50.975,0:30.190,0:26.933,223.9,Callum Ilott,0:03:56.118,GTD,,Wright Motorsports,Porsche,GF,
120,2,7,1:25.414,0,,29.364,0,29.239,0,26.811,0,165.4,17:08.617,11:02:08.617,0:29.364,0:29.239,0:26.811,242.9,Callum Ilott,,GTD,,Wright Motorsports,Porsche,GF,
120,2,8,1:25.216,0,,28.966,0,29.036,0,27.214,0,165.8,18:33.833,11:03:33.833,0:28.966,0:29.036,0:27.214,242.0,Callum Ilott,,GTD,,Wright Motorsports,Porsche,GF,
120,2,9,1:26.009,0,,29.927,0,29.319,0,26.763,0,164.3,19:59.842,11:04:59.842,0:29.927,0:29.319,0:26.763,244.3,Callum Ilott,,GTD,,Wright Motorsports,Porsche,GF,
120,2,10,1:25.242,0,,29.257,0,29.243,0,26.742,0,165.8,21:25.084,11:06:25.084,0:29.257,0:29.243,0:26.742,244.3,Callum Ilott,,GTD,,Wright Motorsports,Porsche,GF,
120,2,11,1:25.216,0,,29.048,0,29.236,0,26.932,0,165.8,22:50.300,11:07:50.300,0:29.048,0:29.236,0:26.932,241.6,Callum Ilott,,GTD,,Wright Motorsports,Porsche,GF,
120,2,12,5:11.276,0,B,29.356,0,29.332,0,4:12.588,0,45.4,28:01.576,11:13:01.576,0:29.356,0:29.332,4:12.588,242.0,Callum Ilott,,GTD,,Wright Motorsports,Porsche,GF,
120,2,13,1:45.875,0,,49.105,0,29.619,0,27.151,0,133.5,29:47.451,11:14:47.451,0:49.105,0:29.619,0:27.151,239.8,Callum Ilott,0:04:17.810,GTD,,Wright Motorsports,Porsche,GF,
120,2,14,1:26.171,0,,29.660,0,29.312,0,27.199,0,164.0,31:13.622,11:16:13.622,0:29.660,0:29.312,0:27.199,242.0,Callum Ilott,,GTD,,Wright Motorsports,Porsche,GF,
120,2,15,1:25.037,0,,29.074,0,29.179,0,26.784,0,166.2,32:38.659,11:17:38.659,0:29.074,0:29.179,0:26.784,240.7,Callum Ilott,,GTD,,Wright Motorsports,Porsche,GF,
120,2,16,1:24.921,0,,29.219,0,29.088,0,26.614,2,166.4,34:03.580,11:19:03.580,0:29.219,0:29.088,0:26.614,241.2,Callum Ilott,,GTD,,Wright Motorsports,Porsche,GF,
120,2,17,1:24.706,0,,28.960,2,29.090,0,26.656,0,166.8,35:28.286,11:20:28.286,0:28.960,0:29.090,0:26.656,242.0,Callum Ilott,,GTD,,Wright Motorsports,Porsche,GF,
120,2,18,3:55.937,0,B,29.072,0,29.584,0,2:57.281,0,59.9,39:24.223,11:24:24.223,0:29.072,0:29.584,2:57.281,233.9,Callum Ilott,,GTD,,Wright Motorsports,Porsche,GF,
120,1,19,1:56.714,0,,54.939,0,33.317,0,28.458,0,121.1,41:20.937,11:26:20.937,0:54.939,0:33.317,0:28.458,198.6,Adam Adelson,0:03:02.475,GTD,,Wright Motorsports,Porsche,GF,
120,1,20,1:28.770,0,,30.521,0,30.843,0,27.406,0,159.2,42:49.707,11:27:49.707,0:30.521,0:30.843,0:27.406,239.0,Adam Adelson,,GTD,,Wright Motorsports,Porsche,GF,
120,1,21,1:26.474,0,,29.364,0,29.888,0,27.222,0,163.4,44:16.181,11:29:16.181,0:29.364,0:29.888,0:27.222,242.0,Adam Adelson,,GTD,,Wright Motorsports,Porsche,GF,
120,1,22,1:25.890,0,,29.339,0,29.604,0,26.947,0,164.5,45:42.071,11:30:42.071,0:29.339,0:29.604,0:26.947,239.8,Adam Adelson,,GTD,,Wright Motorsports,Porsche,GF,
120,1,23,1:25.652,0,,29.218,0,29.561,0,26.873,0,165.0,47:07.723,11:32:07.723,0:29.218,0:29.561,0:26.873,240.3,Adam Adelson,,GTD,,Wright Motorsports,Porsche,GF,
120,1,24,1:26.013,0,,29.498,0,29.533,0,26.982,0,164.3,48:33.736,11:33:33.736,0:29.498,0:29.533,0:26.982,240.3,Adam Adelson,,GTD,,Wright Motorsports,Porsche,GF,
120,1,25,1:26.184,0,,29.192,0,29.830,0,27.162,0,164.0,49:59.920,11:34:59.920,0:29.192,0:29.830,0:27.162,241.2,Adam Adelson,,GTD,,Wright Motorsports,Porsche,GF,
120,1,26,4:54.252,0,B,29.363,0,29.559,0,3:55.330,0,48.0,54:54.172,11:39:54.172,0:29.363,0:29.559,3:55.330,241.6,Adam Adelson,,GTD,,Wright Motorsports,Porsche,GF,
120,1,27,1:45.936,0,,49.520,0,29.590,0,26.826,0,133.4,56:40.108,11:41:40.108,0:49.520,0:29.590,0:26.826,239.0,Adam Adelson,0:04:00.008,GTD,,Wright Motorsports,Porsche,GF,
120,1,28,1:25.805,0,,29.191,0,29.664,0,26.950,0,164.7,58:05.913,11:43:05.913,0:29.191,0:29.664,0:26.950,241.2,Adam Adelson,,GTD,,Wright Motorsports,Porsche,GF,
120,1,29,1:26.426,0,,29.181,1,30.123,0,27.122,0,163.5,59:32.339,11:44:32.339,0:29.181,0:30.123,0:27.122,240.3,Adam Adelson,,GTD,,Wright Motorsports,Porsche,GF,
120,1,30,6:25.132,0,B,29.293,0,29.463,0,5:26.376,0,36.7,1:05:57.471,11:50:57.471,0:29.293,0:29.463,5:26.376,241.2,Adam Adelson,,GTD,,Wright Motorsports,Porsche,GF,
120,1,31,1:45.738,0,,49.418,0,29.416,0,26.904,0,133.6,1:07:43.209,11:52:43.209,0:49.418,0:29.416,0:26.904,240.7,Adam Adelson,0:05:31.307,GTD,,Wright Motorsports,Porsche,GF,
120,1,32,1:25.397,0,,29.317,0,29.279,1,26.801,1,165.5,1:09:08.606,11:54:08.606,0:29.317,0:29.279,0:26.801,241.2,Adam Adelson,,GTD,,Wright Motorsports,Porsche,GF,
120,1,33,1:27.019,0,,29.445,0,30.023,0,27.551,0,162.4,1:10:35.625,11:55:35.625,0:29.445,0:30.023,0:27.551,240.3,Adam Adelson,,GTD,,Wright Motorsports,Porsche,GF,
120,1,34,1:26.353,0,,29.727,0,29.635,0,26.991,0,163.6,1:12:01.978,11:57:01.978,0:29.727,0:29.635,0:26.991,241.2,Adam Adelson,,GTD,,Wright Motorsports,Porsche,GF,
120,1,35,1:25.948,0,,29.416,0,29.565,0,26.967,0,164.4,1:13:27.926,11:58:27.926,0:29.416,0:29.565,0:26.967,242.5,Adam Adelson,,GTD,,Wright Motorsports,Porsche,GF,
120,1,36,1:27.125,0,,29.762,0,30.441,0,26.922,0,162.2,1:14:55.051,11:59:55.051,0:29.762,0:30.441,0:26.922,209.0,Adam Adelson,,GTD,,Wright Motorsports,Porsche,GF,
120,1,37,1:26.242,0,,29.462,0,29.757,0,27.023,0,163.8,1:16:21.293,12:01:21.293,0:29.462,0:29.757,0:27.023,242.9,Adam Adelson,,GTD,,Wright Motorsports,Porsche,GF,
120,1,38,1:26.227,0,,29.485,0,29.704,0,27.038,0,163.9,1:17:47.520,12:02:47.520,0:29.485,0:29.704,0:27.038,242.9,Adam Adelson,,GTD,,Wright Motorsports,Porsche,GF,
120,1,39,2:30.675,0,B,29.403,0,29.550,0,1:31.722,0,93.8,1:20:18.195,12:05:18.195,0:29.403,0:29.550,1:31.722,244.3,Adam Adelson,,GTD,,Wright Motorsports,Porsche,GF,
120,2,40,1:46.198,0,,49.481,0,29.558,0,27.159,0,133.1,1:22:04.393,12:07:04.393,0:49.481,0:29.558,0:27.159,242.9,Callum Ilott,0:01:36.576,GTD,,Wright Motorsports,Porsche,GF,
120,2,41,1:25.468,0,,29.244,0,29.403,0,26.821,0,165.3,1:23:29.861,12:08:29.861,0:29.244,0:29.403,0:26.821,241.6,Callum Ilott,,GTD,,Wright Motorsports,Porsche,GF,
120,2,42,1:25.581,0,,29.361,0,29.431,0,26.789,0,165.1,1:24:55.442,12:09:55.442,0:29.361,0:29.431,0:26.789,242.0,Callum Ilott,,GTD,,Wright Motorsports,Porsche,GF,
120,2,43,1:25.047,0,,29.144,0,29.198,0,26.705,0,166.2,1:26:20.489,12:11:20.489,0:29.144,0:29.198,0:26.705,241.6,Callum Ilott,,GTD,,Wright Motorsports,Porsche,GF,
120,2,44,1:24.983,0,,29.058,0,29.196,0,26.729,0,166.3,1:27:45.472,12:12:45.472,0:29.058,0:29.196,0:26.729,244.3,Callum Ilott,,GTD,,Wright Motorsports,Porsche,GF,
120,2,45,1:24.674,2,,29.000,0,29.006,2,26.668,0,166.9,1:29:10.146,12:14:10.146,0:29.000,0:29.006,0:26.668,244.3,Callum Ilott,,GTD,,Wright Motorsports,Porsche,GF,
120,2,46,1:25.833,0,,29.076,0,29.182,0,27.575,0,164.6,1:30:35.979,12:15:35.979,0:29.076,0:29.182,0:27.575,244.3,Callum Ilott,,GTD,,Wright Motorsports,Porsche,FF,
13,2,1,2:33.572,0,,1:33.606,0,31.150,0,28.816,0,92.0,2:33.572,10:47:33.572,1:33.606,0:31.150,0:28.816,229.0,Matthew Bell,0:01:05.250,GTD,B,13 Autosport,Chevrolet,GF,
13,2,2,1:27.862,0,,29.704,0,30.086,0,28.072,0,160.8,4:01.434,10:49:01.434,0:29.704,0:30.086,0:28.072,237.7,Matthew Bell,,GTD,B,13 Autosport,Chevrolet,GF,
13,2,3,1:26.751,0,,29.387,0,30.510,0,26.854,0,162.9,5:28.185,10:50:28.185,0:29.387,0:30.510,0:26.854,239.0,Matthew Bell,,GTD,B,13 Autosport,Chevrolet,GF,
13,2,4,1:25.672,0,,29.244,0,29.166,0,27.262,0,164.9,6:53.857,10:51:53.857,0:29.244,0:29.166,0:27.262,244.7,Matthew Bell,,GTD,B,13 Autosport,Chevrolet,GF,
13,2,5,1:25.314,0,,29.078,0,29.425,0,26.811,0,165.6,8:19.171,10:53:19.171,0:29.078,0:29.425,0:26.811,243.4,Matthew Bell,,GTD,B,13 Autosport,Chevrolet,GF,
13,2,6,1:24.744,0,,29.224,0,29.107,0,26.413,0,166.7,9:43.915,10:54:43.915,0:29.224,0:29.107,0:26.413,247.0,Matthew Bell,,GTD,B,13 Autosport,Chevrolet,RF,
13,2,7,5:16.978,0,B,33.480,0,39.510,0,4:03.988,0,44.6,15:00.893,11:00:00.893,0:33.480,0:39.510,4:03.988,137.0,Matthew Bell,,GTD,B,13 Autosport,Chevrolet,GF,
13,2,8,1:45.290,0,,49.143,0,29.374,0,26.773,0,134.2,16:46.183,11:01:46.183,0:49.143,0:29.374,0:26.773,245.7,Matthew Bell,0:04:01.515,GTD,B,13 Autosport,Chevrolet,GF,
13,2,9,1:24.697,0,,28.938,0,29.346,0,26.413,0,166.8,18:10.880,11:03:10.880,0:28.938,0:29.346,0:26.413,244.7,Matthew Bell,,GTD,B,13 Autosport,Chevrolet,GF,
13,2,10,1:24.830,0,,28.873,0,29.301,0,26.656,0,166.6,19:35.710,11:04:35.710,0:28.873,0:29.301,0:26.656,246.6,Matthew Bell,,GTD,B,13 Autosport,Chevrolet,GF,
13,2,11,1:24.443,0,,29.008,0,29.059,0,26.376,2,167.3,21:00.153,11:06:00.153,0:29.008,0:29.059,0:26.376,246.1,Matthew Bell,,GTD,B,13 Autosport,Chevrolet,GF,
13,2,12,1:25.139,0,,28.890,0,29.469,0,26.780,0,166.0,22:25.292,11:07:25.292,0:28.890,0:29.469,0:26.780,246.1,Matthew Bell,,GTD,B,13 Autosport,Chevrolet,GF,
13,2,13,4:37.479,0,B,29.484,0,29.167,0,3:38.828,0,50.9,27:02.771,11:12:02.771,0:29.484,0:29.167,3:38.828,246.6,Matthew Bell,,GTD,B,13 Autosport,Chevrolet,GF,
13,1,14,1:55.814,0,,53.711,0,34.281,0,27.822,0,122.0,28:58.585,11:13:58.585,0:53.711,0:34.281,0:27.822,178.7,Orey Fidani,0:03:43.784,GTD,B,13 Autosport,Chevrolet,GF,
13,1,15,1:27.956,0,,29.883,0,30.563,0,27.510,0,160.7,30:26.541,11:15:26.541,0:29.883,0:30.563,0:27.510,242.9,Orey Fidani,,GTD,B,13 Autosport,Chevrolet,GF,
13,1,16,1:26.435,0,,29.246,0,30.181,0,27.008,0,163.5,31:52.976,11:16:52.976,0:29.246,0:30.181,0:27.008,242.9,Orey Fidani,,GTD,B,13 Autosport,Chevrolet,GF,
13,1,17,1:27.345,0,,29.279,0,30.107,0,27.959,0,161.8,33:20.321,11:18:20.321,0:29.279,0:30.107,0:27.959,242.5,Orey Fidani,,GTD,B,13 Autosport,Chevrolet,GF,
13,1,18,1:26.791,0,,29.727,0,30.091,0,26.973,0,162.8,34:47.112,11:19:47.112,0:29.727,0:30.091,0:26.973,243.4,Orey Fidani,,GTD,B,13 Autosport,Chevrolet,GF,
13,1,19,1:26.389,0,,29.280,0,30.319,0,26.790,1,163.6,36:13.501,11:21:13.501,0:29.280,0:30.319,0:26.790,242.5,Orey Fidani,,GTD,B,13 Autosport,Chevrolet,GF,
13,1,20,1:28.591,0,,29.316,0,30.454,0,28.821,0,159.5,37:42.092,11:22:42.092,0:29.316,0:30.454,0:28.821,242.9,Orey Fidani,,GTD,B,13 Autosport,Chevrolet,GF,
13,1,21,1:26.565,0,,29.255,0,30.121,0,27.189,0,163.2,39:08.657,11:24:08.657,0:29.255,0:30.121,0:27.189,241.2,Orey Fidani,,GTD,B,13 Autosport,Chevrolet,GF,
13,1,22,1:29.137,0,,31.047,0,30.821,0,27.269,0,158.5,40:37.794,11:25:37.794,0:31.047,0:30.821,0:27.269,237.7,Orey Fidani,,GTD,B,13 Autosport,Chevrolet,GF,
13,1,23,1:35.377,0,,37.653,0,30.744,0,26.980,0,148.2,42:13.171,11:27:13.171,0:37.653,0:30.744,0:26.980,237.2,Orey Fidani,,GTD,B,13 Autosport,Chevrolet,GF,
13,1,24,1:26.769,0,,30.070,0,29.782,1,26.917,0,162.9,43:39.940,11:28:39.940,0:30.070,0:29.782,0:26.917,243.4,Orey Fidani,,GTD,B,13 Autosport,Chevrolet,GF,
13,1,25,1:25.949,0,,29.240,1,29.800,0,26.909,0,164.4,45:05.889,11:30:05.889,0:29.240,0:29.800,0:26.909,242.9,Orey Fidani,,GTD,B,13 Autosport,Chevrolet,GF,
13,1,26,1:26.230,0,,29.445,0,29.907,0,26.878,0,163.9,46:32.119,11:31:32.119,0:29.445,0:29.907,0:26.878,243.8,Orey Fidani,,GTD,B,13 Autosport,Chevrolet,GF,
13,1,27,1:26.561,0,,29.389,0,29.874,0,27.298,0,163.2,47:58.680,11:32:58.680,0:29.389,0:29.874,0:27.298,243.4,Orey Fidani,,GTD,B,13 Autosport,Chevrolet,GF,
13,1,28,5:17.490,0,B,29.459,0,30.938,0,4:17.093,0,44.5,53:16.170,11:38:16.170,0:29.459,0:30.938,4:17.093,243.4,Orey Fidani,,GTD,B,13 Autosport,Chevrolet,GF,
13,1,29,1:49.043,0,,50.796,0,30.098,0,28.149,0,129.6,55:05.213,11:40:05.213,0:50.796,0:30.098,0:28.149,241.6,Orey Fidani,0:04:20.517,GTD,B,13 Autosport,Chevrolet,GF,
13,1,30,1:27.077,0,,29.772,0,29.897,0,27.408,0,162.3,56:32.290,11:41:32.290,0:29.772,0:29.897,0:27.408,243.4,Orey Fidani,,GTD,B,13 Autosport,Chevrolet,GF,
13,1,31,1:29.275,0,,31.320,0,31.004,0,26.951,0,158.3,58:01.565,11:43:01.565,0:31.320,0:31.004,0:26.951,225.5,Orey Fidani,,GTD,B,13 Autosport,Chevrolet,GF,
13,1,32,1:26.379,0,,29.517,0,29.917,0,26.945,0,163.6,59:27.944,11:44:27.944,0:29.517,0:29.917,0:26.945,243.8,Orey Fidani,,GTD,B,13 Autosport,Chevrolet,GF,
13,1,33,1:26.979,0,,29.997,0,30.011,0,26.971,0,162.5,1:00:54.923,11:45:54.923,0:29.997,0:30.011,0:26.971,242.5,Orey Fidani,,GTD,B,13 Autosport,Chevrolet,GF,
13,1,34,1:26.956,0,,29.517,0,30.050,0,27.389,0,162.5,1:02:21.879,11:47:21.879,0:29.517,0:30.050,0:27.389,242.0,Orey Fidani,,GTD,B,13 Autosport,Chevrolet,GF,
13,1,35,1:27.934,0,,29.799,0,30.941,0,27.194,0,160.7,1:03:49.813,11:48:49.813,0:29.799,0:30.941,0:27.194,242.9,Orey Fidani,,GTD,B,13 Autosport,Chevrolet,GF,
13,1,36,1:33.858,0,,35.471,0,31.247,0,27.140,0,150.6,1:05:23.671,11:50:23.671,0:35.471,0:31.247,0:27.140,242.9,Orey Fidani,,GTD,B,13 Autosport,Chevrolet,GF,
13,1,37,1:28.374,0,,29.697,0,30.879,0,27.798,0,159.9,1:06:52.045,11:51:52.045,0:29.697,0:30.879,0:27.798,241.6,Orey Fidani,,GTD,B,13 Autosport,Chevrolet,GF,
13,1,38,1:28.663,0,,29.902,0,30.678,0,28.083,0,159.4,1:08:20.708,11:53:20.708,0:29.902,0:30.678,0:28.083,246.1,Orey Fidani,,GTD,B,13 Autosport,Chevrolet,GF,
13,1,39,1:29.431,0,,32.271,0,30.155,0,27.005,0,158.0,1:09:50.139,11:54:50.139,0:32.271,0:30.155,0:27.005,242.9,Orey Fidani,,GTD,B,13 Autosport,Chevrolet,GF,
13,1,40,1:26.268,0,,29.282,0,29.853,0,27.133,0,163.8,1:11:16.407,11:56:16.407,0:29.282,0:29.853,0:27.133,243.8,Orey Fidani,,GTD,B,13 Autosport,Chevrolet,GF,
13,1,41,2:18.767,0,B,29.831,0,31.413,0,1:17.523,0,101.8,1:13:35.174,11:58:35.174,0:29.831,0:31.413,1:17.523,242.9,Orey Fidani,,GTD,B,13 Autosport,Chevrolet,GF,
13,2,42,2:45.444,0,B,51.968,0,31.665,0,1:21.811,0,85.4,1:16:20.618,12:01:20.618,0:51.968,0:31.665,1:21.811,206.4,Matthew Bell,0:01:20.151,GTD,B,13 Autosport,Chevrolet,GF,
13,2,43,1:45.389,0,,49.270,0,29.404,0,26.715,0,134.1,1:18:06.007,12:03:06.007,0:49.270,0:29.404,0:26.715,243.4,Matthew Bell,0:01:25.969,GTD,B,13 Autosport,Chevrolet,GF,
13,2,44,1:24.606,0,,29.042,0,29.090,0,26.474,0,167.0,1:19:30.613,12:04:30.613,0:29.042,0:29.090,0:26.474,244.7,Matthew Bell,,GTD,B,13 Autosport,Chevrolet,GF,
13,2,45,1:24.771,0,,28.821,0,28.961,0,26.989,0,166.7,1:20:55.384,12:05:55.384,0:28.821,0:28.961,0:26.989,246.6,Matthew Bell,,GTD,B,13 Autosport,Chevrolet,GF,
13,2,46,1:24.716,0,,29.183,0,29.136,0,26.397,0,166.8,1:22:20.100,12:07:20.100,0:29.183,0:29.136,0:26.397,246.1,Matthew Bell,,GTD,B,13 Autosport,Chevrolet,GF,
13,2,47,1:24.321,2,,28.871,0,28.920,2,26.530,0,167.6,1:23:44.421,12:08:44.421,0:28.871,0:28.920,0:26.530,245.2,Matthew Bell,,GTD,B,13 Autosport,Chevrolet,GF,
13,2,48,1:24.552,0,,29.005,0,29.059,0,26.488,0,167.1,1:25:08.973,12:10:08.973,0:29.005,0:29.059,0:26.488,245.7,Matthew Bell,,GTD,B,13 Autosport,Chevrolet,GF,
13,2,49,1:24.399,0,,28.791,2,29.076,0,26.532,0,167.4,1:26:33.372,12:11:33.372,0:28.791,0:29.076,0:26.532,245.2,Matthew Bell,,GTD,B,13 Autosport,Chevrolet,GF,
13,2,50,1:25.025,0,,29.048,0,29.347,0,26.630,0,166.2,1:27:58.397,12:12:58.397,0:29.048,0:29.347,0:26.630,245.7,Matthew Bell,,GTD,B,13 Autosport,Chevrolet,GF,
13,2,51,1:24.757,0,,29.002,0,29.165,0,26.590,0,166.7,1:29:23.154,12:14:23.154,0:29.002,0:29.165,0:26.590,245.2,Matthew Bell,,GTD,B,13 Autosport,Chevrolet,GF,
14,2,1,4:29.070,0,,3:25.505,0,34.030,0,29.535,0,52.5,4:29.070,10:49:29.070,3:25.505,0:34.030,0:29.535,213.4,Benjamin Barnicoat,0:02:54.687,GTDPRO,,Vasser Sullivan Racing,Lexus,GF,
14,2,2,1:32.144,0,,32.089,0,32.404,0,27.651,0,153.4,6:01.214,10:51:01.214,0:32.089,0:32.404,0:27.651,162.0,Benjamin Barnicoat,,GTDPRO,,Vasser Sullivan Racing,Lexus,GF,
14,2,3,1:26.086,0,,29.677,0,29.644,0,26.765,0,164.1,7:27.300,10:52:27.300,0:29.677,0:29.644,0:26.765,240.3,Benjamin Barnicoat,,GTDPRO,,Vasser Sullivan Racing,Lexus,GF,
14,2,4,1:24.509,0,,28.968,0,29.001,0,26.540,0,167.2,8:51.809,10:53:51.809,0:28.968,0:29.001,0:26.540,239.4,Benjamin Barnicoat,,GTDPRO,,Vasser Sullivan Racing,Lexus,GF,
14,2,5,7:02.615,0,B,28.957,0,31.180,0,6:02.478,0,33.4,15:54.424,11:00:54.424,0:28.957,0:31.180,6:02.478,242.0,Benjamin Barnicoat,,GTDPRO,,Vasser Sullivan Racing,Lexus,GF,
14,2,6,1:48.145,0,,50.785,0,29.304,0,28.056,0,130.7,17:42.569,11:02:42.569,0:50.785,0:29.304,0:28.056,240.3,Benjamin Barnicoat,0:06:01.632,GTDPRO,,Vasser Sullivan Racing,Lexus,GF,
14,2,7,1:24.562,0,,28.942,0,29.117,0,26.503,0,167.1,19:07.131,11:04:07.131,0:28.942,0:29.117,0:26.503,240.7,Benjamin Barnicoat,,GTDPRO,,Vasser Sullivan Racing,Lexus,GF,
14,2,8,1:24.163,0,,28.756,2,29.009,0,26.398,0,167.9,20:31.294,11:05:31.294,0:28.756,0:29.009,0:26.398,240.7,Benjamin Barnicoat,,GTDPRO,,Vasser Sullivan Racing,Lexus,GF,
14,2,9,1:24.191,0,,28.846,0,28.901,0,26.444,0,167.8,21:55.485,11:06:55.485,0:28.846,0:28.901,0:26.444,240.3,Benjamin Barnicoat,,GTDPRO,,Vasser Sullivan Racing,Lexus,GF,
14,2,10,5:25.115,0,B,28.879,0,29.153,0,4:27.083,0,43.5,27:20.600,11:12:20.600,0:28.879,0:29.153,4:27.083,241.2,Benjamin Barnicoat,,GTDPRO,,Vasser Sullivan Racing,Lexus,GF,
14,2,11,1:45.214,0,,49.203,0,29.194,0,26.817,0,134.3,29:05.814,11:14:05.814,0:49.203,0:29.194,0:26.817,239.4,Benjamin Barnicoat,0:04:32.845,GTDPRO,,Vasser Sullivan Racing,Lexus,GF,
14,2,12,1:26.129,0,,28.886,0,29.837,0,27.406,0,164.1,30:31.943,11:15:31.943,0:28.886,0:29.837,0:27.406,241.2,Benjamin Barnicoat,,GTDPRO,,Vasser Sullivan Racing,Lexus,GF,
14,2,13,1:24.936,0,,28.994,0,29.230,0,26.712,0,166.4,31:56.879,11:16:56.879,0:28.994,0:29.230,0:26.712,241.2,Benjamin Barnicoat,,GTDPRO,,Vasser Sullivan Racing,Lexus,GF,
14,2,14,4:20.244,0,B,29.145,0,29.601,0,3:21.498,0,54.3,36:17.123,11:21:17.123,0:29.145,0:29.601,3:21.498,237.7,Benjamin Barnicoat,,GTDPRO,,Vasser Sullivan Racing,Lexus,GF,
14,1,15,1:46.399,0,,49.801,0,29.734,0,26.864,0,132.8,38:03.522,11:23:03.522,0:49.801,0:29.734,0:26.864,239.0,Jack Hawksworth,0:03:26.814,GTDPRO,,Vasser Sullivan Racing,Lexus,GF,
14,1,16,1:25.789,0,,29.013,0,29.571,0,27.205,0,164.7,39:29.311,11:24:29.311,0:29.013,0:29.571,0:27.205,240.3,Jack Hawksworth,,GTDPRO,,Vasser Sullivan Racing,Lexus,GF,
14,1,17,1:25.328,0,,29.023,0,29.606,0,26.699,0,165.6,40:54.639,11:25:54.639,0:29.023,0:29.606,0:26.699,240.3,Jack Hawksworth,,GTDPRO,,Vasser Sullivan Racing,Lexus,GF,
14,1,18,1:24.898,0,,29.075,0,29.213,0,26.610,1,166.4,42:19.537,11:27:19.537,0:29.075,0:29.213,0:26.610,240.3,Jack Hawksworth,,GTDPRO,,Vasser Sullivan Racing,Lexus,GF,
14,1,19,1:24.890,0,,29.075,0,29.114,1,26.701,0,166.5,43:44.427,11:28:44.427,0:29.075,0:29.114,0:26.701,241.2,Jack Hawksworth,,GTDPRO,,Vasser Sullivan Racing,Lexus,GF,
14,1,20,1:25.131,0,,29.062,0,29.205,0,26.864,0,166.0,45:09.558,11:30:09.558,0:29.062,0:29.205,0:26.864,240.7,Jack Hawksworth,,GTDPRO,,Vasser Sullivan Racing,Lexus,GF,
14,1,21,1:27.597,0,,29.274,0,29.989,0,28.334,0,161.3,46:37.155,11:31:37.155,0:29.274,0:29.989,0:28.334,241.2,Jack Hawksworth,,GTDPRO,,Vasser Sullivan Racing,Lexus,GF,
14,1,22,9:20.889,0,B,29.218,0,29.674,0,8:21.997,0,25.2,55:58.044,11:40:58.044,0:29.218,0:29.674,8:21.997,241.2,Jack Hawksworth,,GTDPRO,,Vasser Sullivan Racing,Lexus,GF,
14,1,23,1:52.188,0,,51.188,0,30.911,0,30.089,0,126.0,57:50.232,11:42:50.232,0:51.188,0:30.911,0:30.089,224.3,Jack Hawksworth,0:08:27.343,GTDPRO,,Vasser Sullivan Racing,Lexus,GF,
14,1,24,1:25.659,0,,29.330,0,29.548,0,26.781,0,165.0,59:15.891,11:44:15.891,0:29.330,0:29.548,0:26.781,239.4,Jack Hawksworth,,GTDPRO,,Vasser Sullivan Racing,Lexus,GF,
14,1,25,1:25.575,0,,29.093,0,29.674,0,26.808,0,165.1,1:00:41.466,11:45:41.466,0:29.093,0:29.674,0:26.808,236.0,Jack Hawksworth,,GTDPRO,,Vasser Sullivan Racing,Lexus,GF,
14,1,26,1:24.932,0,,29.004,1,29.242,0,26.686,0,166.4,1:02:06.398,11:47:06.398,0:29.004,0:29.242,0:26.686,242.9,Jack Hawksworth,,GTDPRO,,Vasser Sullivan Racing,Lexus,GF,
14,1,27,9:50.901,0,B,29.311,0,29.553,0,8:52.037,0,23.9,1:11:57.299,11:56:57.299,0:29.311,0:29.553,8:52.037,242.0,Jack Hawksworth,,GTDPRO,,Vasser Sullivan Racing,Lexus,GF,
14,1,28,1:46.257,0,,49.639,0,29.681,0,26.937,0,133.0,1:13:43.556,11:58:43.556,0:49.639,0:29.681,0:26.937,238.5,Jack Hawksworth,0:08:57.628,GTDPRO,,Vasser Sullivan Racing,Lexus,GF,
14,1,29,1:27.989,0,,29.484,0,30.930,0,27.575,0,160.6,1:15:11.545,12:00:11.545,0:29.484,0:30.930,0:27.575,240.3,Jack Hawksworth,,GTDPRO,,Vasser Sullivan Racing,Lexus,GF,
14,1,30,7:12.159,0,B,29.245,0,29.772,0,6:13.142,0,32.7,1:22:23.704,12:07:23.704,0:29.245,0:29.772,6:13.142,242.5,Jack Hawksworth,,GTDPRO,,Vasser Sullivan Racing,Lexus,GF,
14,2,31,2:00.204,0,,57.647,0,33.497,0,29.060,0,117.6,1:24:23.908,12:09:23.908,0:57.647,0:33.497,0:29.060,180.9,Benjamin Barnicoat,0:06:18.740,GTDPRO,,Vasser Sullivan Racing,Lexus,GF,
14,2,32,1:29.777,0,,31.431,0,30.692,0,27.654,0,157.4,1:25:53.685,12:10:53.685,0:31.431,0:30.692,0:27.654,200.1,Benjamin Barnicoat,,GTDPRO,,Vasser Sullivan Racing,Lexus,GF,
14,2,33,1:24.320,0,,28.994,0,28.966,0,26.360,0,167.6,1:27:18.005,12:12:18.005,0:28.994,0:28.966,0:26.360,241.6,Benjamin Barnicoat,,GTDPRO,,Vasser Sullivan Racing,Lexus,GF,
14,2,34,1:23.856,2,,28.825,0,28.834,2,26.197,2,168.5,1:28:41.861,12:13:41.861,0:28.825,0:28.834,0:26.197,242.9,Benjamin Barnicoat,,GTDPRO,,Vasser Sullivan Racing,Lexus,GF,
16,2,1,3:37.860,0,B,1:50.734,0,34.830,0,1:12.296,0,64.9,3:37.860,10:48:37.860,1:50.734,0:34.830,1:12.296,179.1,Felipe Fraga,0:01:17.772,GTD,B,Myers Riley Motorsports,Ford,GF,
16,2,2,1:50.012,0,,52.204,0,31.019,0,26.789,0,128.4,5:27.872,10:50:27.872,0:52.204,0:31.019,0:26.789,214.1,Felipe Fraga,0:01:14.299,GTD,B,Myers Riley Motorsports,Ford,GF,
16,2,3,1:24.721,2,,29.083,0,29.096,0,26.542,2,166.8,6:52.593,10:51:52.593,0:29.083,0:29.096,0:26.542,241.6,Felipe Fraga,,GTD,B,Myers Riley Motorsports,Ford,GF,
16,2,4,1:26.017,0,,29.639,0,29.525,0,26.853,0,164.3,8:18.610,10:53:18.610,0:29.639,0:29.525,0:26.853,245.7,Felipe Fraga,,GTD,B,Myers Riley Motorsports,Ford,GF,
16,2,5,1:24.151,0,,28.775,2,29.011,2,26.365,0,167.9,9:42.761,10:54:42.761,0:28.775,0:29.011,0:26.365,244.7,Felipe Fraga,,GTD,B,Myers Riley Motorsports,Ford,RF,
16,2,6,6:55.241,0,B,34.228,0,39.429,0,5:41.584,0,34.0,16:38.002,11:01:38.002,0:34.228,0:39.429,5:41.584,143.4,Felipe Fraga,,GTD,B,Myers Riley Motorsports,Ford,GF,
16,1,7,1:51.033,0,,52.471,0,30.020,0,28.542,0,127.3,18:29.035,11:03:29.035,0:52.471,0:30.020,0:28.542,239.8,Sheena Monk,0:05:40.106,GTD,B,Myers Riley Motorsports,Ford,GF,
16,1,8,1:27.460,0,,29.855,0,30.021,0,27.584,0,161.6,19:56.495,11:04:56.495,0:29.855,0:30.021,0:27.584,241.2,Sheena Monk,,GTD,B,Myers Riley Motorsports,Ford,GF,
16,1,9,1:26.933,0,,29.670,0,29.894,0,27.369,0,162.5,21:23.428,11:06:23.428,0:29.670,0:29.894,0:27.369,242.0,Sheena Monk,,GTD,B,Myers Riley Motorsports,Ford,GF,
16,1,10,1:26.545,0,,29.748,0,29.806,0,26.991,0,163.3,22:49.973,11:07:49.973,0:29.748,0:29.806,0:26.991,242.5,Sheena Monk,,GTD,B,Myers Riley Motorsports,Ford,GF,
16,1,11,1:31.011,0,,29.313,1,33.397,0,28.301,0,155.3,24:20.984,11:09:20.984,0:29.313,0:33.397,0:28.301,243.4,Sheena Monk,,GTD,B,Myers Riley Motorsports,Ford,GF,
16,1,12,1:29.744,0,,29.665,0,31.365,0,28.714,0,157.5,25:50.728,11:10:50.728,0:29.665,0:31.365,0:28.714,222.0,Sheena Monk,,GTD,B,Myers Riley Motorsports,Ford,GF,
16,1,13,1:27.286,0,,30.063,0,29.730,0,27.493,0,161.9,27:18.014,11:12:18.014,0:30.063,0:29.730,0:27.493,243.4,Sheena Monk,,GTD,B,Myers Riley Motorsports,Ford,GF,
16,1,14,1:26.775,0,,30.067,0,29.614,0,27.094,0,162.8,28:44.789,11:13:44.789,0:30.067,0:29.614,0:27.094,242.9,Sheena Monk,,GTD,B,Myers Riley Motorsports,Ford,GF,
16,1,15,1:25.891,0,,29.484,0,29.525,0,26.882,0,164.5,30:10.680,11:15:10.680,0:29.484,0:29.525,0:26.882,243.4,Sheena Monk,,GTD,B,Myers Riley Motorsports,Ford,GF,
16,1,16,1:26.136,0,,29.673,0,29.450,1,27.013,0,164.1,31:36.816,11:16:36.816,0:29.673,0:29.450,0:27.013,242.9,Sheena Monk,,GTD,B,Myers Riley Motorsports,Ford,GF,
16,1,17,6:22.198,0,B,30.014,0,29.692,0,5:22.492,0,37.0,37:59.014,11:22:59.014,0:30.014,0:29.692,5:22.492,242.0,Sheena Monk,,GTD,B,Myers Riley Motorsports,Ford,GF,
16,1,18,1:47.223,0,,50.530,0,29.723,0,26.970,0,131.8,39:46.237,11:24:46.237,0:50.530,0:29.723,0:26.970,241.2,Sheena Monk,0:05:27.367,GTD,B,Myers Riley Motorsports,Ford,GF,
16,1,19,1:26.565,0,,29.982,0,29.608,0,26.975,0,163.2,41:12.802,11:26:12.802,0:29.982,0:29.608,0:26.975,240.7,Sheena Monk,,GTD,B,Myers Riley Motorsports,Ford,GF,
16,1,20,1:25.908,0,,29.436,0,29.659,0,26.813,1,164.5,42:38.710,11:27:38.710,0:29.436,0:29.659,0:26.813,242.0,Sheena Monk,,GTD,B,Myers Riley Motorsports,Ford,GF,
16,1,21,1:26.730,0,,30.060,0,29.822,0,26.848,0,162.9,44:05.440,11:29:05.440,0:30.060,0:29.822,0:26.848,236.0,Sheena Monk,,GTD,B,Myers Riley Motorsports,Ford,GF,
16,1,22,1:26.168,0,,29.580,0,29.584,0,27.004,0,164.0,45:31.608,11:30:31.608,0:29.580,0:29.584,0:27.004,244.7,Sheena Monk,,GTD,B,Myers Riley Motorsports,Ford,GF,
16,1,23,1:26.703,0,,29.714,0,29.892,0,27.097,0,163.0,46:58.311,11:31:58.311,0:29.714,0:29.892,0:27.097,244.7,Sheena Monk,,GTD,B,Myers Riley Motorsports,Ford,GF,
16,1,24,1:26.624,0,,29.761,0,29.708,0,27.155,0,163.1,48:24.935,11:33:24.935,0:29.761,0:29.708,0:27.155,243.4,Sheena Monk,,GTD,B,Myers Riley Motorsports,Ford,GF,
16,1,25,1:26.163,0,,29.568,0,29.736,0,26.859,0,164.0,49:51.098,11:34:51.098,0:29.568,0:29.736,0:26.859,240.7,Sheena Monk,,GTD,B,Myers Riley Motorsports,Ford,GF,
16,1,26,1:26.316,0,,29.767,0,29.456,0,27.093,0,163.7,51:17.414,11:36:17.414,0:29.767,0:29.456,0:27.093,243.4,Sheena Monk,,GTD,B,Myers Riley Motorsports,Ford,GF,
16,1,27,1:26.215,0,,29.477,0,29.560,0,27.178,0,163.9,52:43.629,11:37:43.629,0:29.477,0:29.560,0:27.178,243.4,Sheena Monk,,GTD,B,Myers Riley Motorsports,Ford,GF,
16,1,28,1:26.591,0,,29.768,0,29.685,0,27.138,0,163.2,54:10.220,11:39:10.220,0:29.768,0:29.685,0:27.138,244.3,Sheena Monk,,GTD,B,Myers Riley Motorsports,Ford,GF,
16,1,29,1:26.635,0,,29.646,0,29.954,0,27.035,0,163.1,55:36.855,11:40:36.855,0:29.646,0:29.954,0:27.035,244.3,Sheena Monk,,GTD,B,Myers Riley Motorsports,Ford,GF,
16,1,30,1:26.500,0,,29.660,0,29.810,0,27.030,0,163.4,57:03.355,11:42:03.355,0:29.660,0:29.810,0:27.030,242.9,Sheena Monk,,GTD,B,Myers Riley Motorsports,Ford,GF,
16,1,31,1:26.528,0,,29.800,0,29.459,0,27.269,0,163.3,58:29.883,11:43:29.883,0:29.800,0:29.459,0:27.269,243.4,Sheena Monk,,GTD,B,Myers Riley Motorsports,Ford,GF,
16,1,32,1:26.544,0,,29.653,0,29.790,0,27.101,0,163.3,59:56.427,11:44:56.427,0:29.653,0:29.790,0:27.101,242.5,Sheena Monk,,GTD,B,Myers Riley Motorsports,Ford,GF,
16,1,33,4:20.997,0,B,29.909,0,29.581,0,3:21.507,0,54.1,1:04:17.424,11:49:17.424,0:29.909,0:29.581,3:21.507,243.4,Sheena Monk,,GTD,B,Myers Riley Motorsports,Ford,GF,
16,2,34,1:45.904,0,,49.477,0,29.466,0,26.961,0,133.4,1:06:03.328,11:51:03.328,0:49.477,0:29.466,0:26.961,242.5,Felipe Fraga,0:03:25.428,GTD,B,Myers Riley Motorsports,Ford,GF,
16,2,35,1:25.602,0,,29.256,0,29.519,0,26.827,0,165.1,1:07:28.930,11:52:28.930,0:29.256,0:29.519,0:26.827,242.5,Felipe Fraga,,GTD,B,Myers Riley Motorsports,Ford,GF,
16,2,36,1:25.003,0,,29.282,0,29.164,0,26.557,0,166.2,1:08:53.933,11:53:53.933,0:29.282,0:29.164,0:26.557,243.8,Felipe Fraga,,GTD,B,Myers Riley Motorsports,Ford,GF,
16,2,37,1:24.920,0,,29.125,0,29.186,0,26.609,0,166.4,1:10:18.853,11:55:18.853,0:29.125,0:29.186,0:26.609,242.9,Felipe Fraga,,GTD,B,Myers Riley Motorsports,Ford,GF,
16,2,38,1:25.248,0,,29.384,0,29.112,0,26.752,0,165.8,1:11:44.101,11:56:44.101,0:29.384,0:29.112,0:26.752,242.9,Felipe Fraga,,GTD,B,Myers Riley Motorsports,Ford,GF,
16,2,39,1:25.234,0,,29.361,0,29.195,0,26.678,0,165.8,1:13:09.335,11:58:09.335,0:29.361,0:29.195,0:26.678,242.9,Felipe Fraga,,GTD,B,Myers Riley Motorsports,Ford,GF,
16,2,40,1:26.352,0,,29.700,0,29.793,0,26.859,0,163.6,1:14:35.687,11:59:35.687,0:29.700,0:29.793,0:26.859,243.8,Felipe Fraga,,GTD,B,Myers Riley Motorsports,Ford,GF,
16,2,41,1:25.240,0,,29.227,0,29.332,0,26.681,0,165.8,1:16:00.927,12:01:00.927,0:29.227,0:29.332,0:26.681,245.2,Felipe Fraga,,GTD,B,Myers Riley Motorsports,Ford,GF,
16,2,42,1:25.499,0,,29.333,0,29.390,0,26.776,0,165.3,1:17:26.426,12:02:26.426,0:29.333,0:29.390,0:26.776,245.2,Felipe Fraga,,GTD,B,Myers Riley Motorsports,Ford,GF,
16,2,43,1:25.488,0,,29.280,0,29.387,0,26.821,0,165.3,1:18:51.914,12:03:51.914,0:29.280,0:29.387,0:26.821,243.8,Felipe Fraga,,GTD,B,Myers Riley Motorsports,Ford,GF,
16,2,44,1:25.384,0,,29.284,0,29.253,0,26.847,0,165.5,1:20:17.298,12:05:17.298,0:29.284,0:29.253,0:26.847,243.8,Felipe Fraga,,GTD,B,Myers Riley Motorsports,Ford,GF,
16,2,45,1:25.214,0,,29.253,0,29.256,0,26.705,0,165.8,1:21:42.512,12:06:42.512,0:29.253,0:29.256,0:26.705,245.7,Felipe Fraga,,GTD,B,Myers Riley Motorsports,Ford,GF,
16,2,46,1:30.686,0,,34.247,0,29.594,0,26.845,0,155.8,1:23:13.198,12:08:13.198,0:34.247,0:29.594,0:26.845,244.3,Felipe Fraga,,GTD,B,Myers Riley Motorsports,Ford,GF,
16,2,47,1:25.570,0,,29.403,0,29.396,0,26.771,0,165.1,1:24:38.768,12:09:38.768,0:29.403,0:29.396,0:26.771,244.7,Felipe Fraga,,GTD,B,Myers Riley Motorsports,Ford,GF,
16,2,48,1:25.084,0,,29.154,0,29.204,0,26.726,0,166.1,1:26:03.852,12:11:03.852,0:29.154,0:29.204,0:26.726,243.8,Felipe Fraga,,GTD,B,Myers Riley Motorsports,Ford,GF,
16,2,49,1:26.137,0,,29.178,0,29.869,0,27.090,0,164.0,1:27:29.989,12:12:29.989,0:29.178,0:29.869,0:27.090,240.3,Felipe Fraga,,GTD,B,Myers Riley Motorsports,Ford,GF,
16,2,50,1:25.644,0,,29.324,0,29.365,0,26.955,0,165.0,1:28:55.633,12:13:55.633,0:29.324,0:29.365,0:26.955,242.0,Felipe Fraga,,GTD,B,Myers Riley Motorsports,Ford,GF,
18,1,1,1:39.986,0,,36.519,0,34.696,0,28.771,0,141.3,1:39.986,10:46:39.986,0:36.519,0:34.696,0:28.771,166.0,Nicholas Boulle,0:00:04.258,LMP2,,Era Motorsport,Gibson,GF,
18,1,2,1:28.529,0,,31.898,0,30.429,0,26.202,0,159.6,3:08.515,10:48:08.515,0:31.898,0:30.429,0:26.202,212.7,Nicholas Boulle,,LMP2,,Era Motorsport,Gibson,GF,
18,1,3,1:21.968,0,,28.287,0,28.644,0,25.037,0,172.4,4:30.483,10:49:30.483,0:28.287,0:28.644,0:25.037,231.8,Nicholas Boulle,,LMP2,,Era Motorsport,Gibson,GF,
18,1,4,1:20.607,0,,28.393,0,27.435,0,24.779,0,175.3,5:51.090,10:50:51.090,0:28.393,0:27.435,0:24.779,257.2,Nicholas Boulle,,LMP2,,Era Motorsport,Gibson,GF,
18,1,5,1:26.837,0,,34.138,0,27.773,0,24.926,0,162.7,7:17.927,10:52:17.927,0:34.138,0:27.773,0:24.926,252.7,Nicholas Boulle,,LMP2,,Era Motorsport,Gibson,GF,
18,1,6,1:22.280,0,,27.951,0,27.651,0,26.678,0,171.7,8:40.207,10:53:40.207,0:27.951,0:27.651,0:26.678,258.2,Nicholas Boulle,,LMP2,,Era Motorsport,Gibson,GF,
18,1,7,1:47.464,0,B,27.507,0,27.617,0,52.340,0,131.5,10:27.671,10:55:27.671,0:27.507,0:27.617,0:52.340,258.2,Nicholas Boulle,,LMP2,,Era Motorsport,Gibson,RF,
18,1,8,3:51.871,0,,2:55.029,0,29.615,0,27.227,0,60.9,14:19.542,10:59:19.542,2:55.029,0:29.615,0:27.227,220.9,Nicholas Boulle,0:02:59.537,LMP2,,Era Motorsport,Gibson,GF,
18,1,9,1:19.855,0,,27.327,0,27.528,0,25.000,0,177.0,15:39.397,11:00:39.397,0:27.327,0:27.528,0:25.000,255.2,Nicholas Boulle,,LMP2,,Era Motorsport,Gibson,GF,
18,1,10,12:31.116,0,B,28.158,0,27.319,0,11:35.639,0,18.8,28:10.513,11:13:10.513,0:28.158,0:27.319,11:35.639,257.2,Nicholas Boulle,,LMP2,,Era Motorsport,Gibson,GF,
18,2,11,1:42.137,0,,48.788,0,27.990,0,25.359,0,138.3,29:52.650,11:14:52.650,0:48.788,0:27.990,0:25.359,245.2,Christian Rasmussen,0:11:41.098,LMP2,,Era Motorsport,Gibson,GF,
18,2,12,1:20.326,0,,27.769,0,27.542,0,25.015,0,175.9,31:12.976,11:16:12.976,0:27.769,0:27.542,0:25.015,255.7,Christian Rasmussen,,LMP2,,Era Motorsport,Gibson,GF,
18,2,13,1:22.075,0,,30.477,0,27.054,0,24.544,0,172.2,32:35.051,11:17:35.051,0:30.477,0:27.054,0:24.544,257.2,Christian Rasmussen,,LMP2,,Era Motorsport,Gibson,GF,
18,2,14,1:22.780,0,,30.625,0,27.409,0,24.746,0,170.7,33:57.831,11:18:57.831,0:30.625,0:27.409,0:24.746,256.2,Christian Rasmussen,,LMP2,,Era Motorsport,Gibson,GF,
18,2,15,1:18.755,0,,26.848,0,27.226,0,24.681,0,179.4,35:16.586,11:20:16.586,0:26.848,0:27.226,0:24.681,257.2,Christian Rasmussen,,LMP2,,Era Motorsport,Gibson,GF,
18,2,16,1:17.609,2,,26.498,2,26.733,2,24.378,2,182.1,36:34.195,11:21:34.195,0:26.498,0:26.733,0:24.378,258.7,Christian Rasmussen,,LMP2,,Era Motorsport,Gibson,GF,
18,2,17,1:19.101,0,,27.083,0,26.807,0,25.211,0,178.6,37:53.296,11:22:53.296,0:27.083,0:26.807,0:25.211,260.2,Christian Rasmussen,,LMP2,,Era Motorsport,Gibson,GF,
18,2,18,8:16.583,0,B,27.234,0,28.031,0,7:21.318,0,28.5,46:09.879,11:31:09.879,0:27.234,0:28.031,7:21.318,255.2,Christian Rasmussen,,LMP2,,Era Motorsport,Gibson,GF,
18,2,19,1:40.414,0,,47.902,0,27.704,0,24.808,0,140.7,47:50.293,11:32:50.293,0:47.902,0:27.704,0:24.808,248.0,Christian Rasmussen,0:07:28.075,LMP2,,Era Motorsport,Gibson,GF,
18,2,20,1:19.486,0,,26.970,0,27.459,0,25.057,0,177.8,49:09.779,11:34:09.779,0:26.970,0:27.459,0:25.057,254.2,Christian Rasmussen,,LMP2,,Era Motorsport,Gibson,GF,
18,2,21,1:20.168,0,,27.233,0,27.558,0,25.377,0,176.3,50:29.947,11:35:29.947,0:27.233,0:27.558,0:25.377,256.2,Christian Rasmussen,,LMP2,,Era Motorsport,Gibson,GF,
18,2,22,1:20.010,0,,27.575,0,27.560,0,24.875,0,176.6,51:49.957,11:36:49.957,0:27.575,0:27.560,0:24.875,253.7,Christian Rasmussen,,LMP2,,Era Motorsport,Gibson,GF,
18,2,23,1:19.073,0,,26.904,0,26.889,0,25.280,0,178.7,53:09.030,11:38:09.030,0:26.904,0:26.889,0:25.280,257.2,Christian Rasmussen,,LMP2,,Era Motorsport,Gibson,GF,
18,2,24,1:18.954,0,,26.516,0,27.758,0,24.680,0,179.0,54:27.984,11:39:27.984,0:26.516,0:27.758,0:24.680,254.7,Christian Rasmussen,,LMP2,,Era Motorsport,Gibson,GF,
18,2,25,1:19.200,0,,26.879,0,27.272,0,25.049,0,178.4,55:47.184,11:40:47.184,0:26.879,0:27.272,0:25.049,258.7,Christian Rasmussen,,LMP2,,Era Motorsport,Gibson,GF,
18,2,26,10:13.533,0,B,26.896,0,27.010,0,9:19.627,0,23.0,1:06:00.717,11:51:00.717,0:26.896,0:27.010,9:19.627,258.7,Christian Rasmussen,,LMP2,,Era Motorsport,Gibson,GF,
18,1,27,1:46.113,0,,51.142,0,29.614,0,25.357,0,133.2,1:07:46.830,11:52:46.830,0:51.142,0:29.614,0:25.357,222.0,Nicholas Boulle,0:09:26.704,LMP2,,Era Motorsport,Gibson,GF,
18,1,28,1:21.667,0,,27.526,0,28.072,0,26.069,0,173.0,1:09:08.497,11:54:08.497,0:27.526,0:28.072,0:26.069,255.2,Nicholas Boulle,,LMP2,,Era Motorsport,Gibson,GF,
18,1,29,1:21.023,0,,28.088,0,27.685,0,25.250,0,174.4,1:10:29.520,11:55:29.520,0:28.088,0:27.685,0:25.250,254.2,Nicholas Boulle,,LMP2,,Era Motorsport,Gibson,GF,
18,1,30,1:19.589,0,,26.985,0,27.572,0,25.032,0,177.5,1:11:49.109,11:56:49.109,0:26.985,0:27.572,0:25.032,257.2,Nicholas Boulle,,LMP2,,Era Motorsport,Gibson,GF,
18,1,31,1:20.888,0,,27.107,0,28.056,0,25.725,0,174.7,1:13:09.997,11:58:09.997,0:27.107,0:28.056,0:25.725,259.2,Nicholas Boulle,,LMP2,,Era Motorsport,Gibson,GF,
18,1,32,1:22.869,0,,29.371,0,28.152,0,25.346,0,170.5,1:14:32.866,11:59:32.866,0:29.371,0:28.152,0:25.346,255.7,Nicholas Boulle,,LMP2,,Era Motorsport,Gibson,GF,
18,1,33,1:19.810,0,,27.279,0,27.672,0,24.859,0,177.1,1:15:52.676,12:00:52.676,0:27.279,0:27.672,0:24.859,257.7,Nicholas Boulle,,LMP2,,Era Motorsport,Gibson,GF,
18,1,34,1:19.788,0,,27.504,0,27.424,0,24.860,0,177.1,1:17:12.464,12:02:12.464,0:27.504,0:27.424,0:24.860,258.7,Nicholas Boulle,,LMP2,,Era Motorsport,Gibson,GF,
18,1,35,1:20.184,0,,27.132,0,28.261,0,24.791,0,176.2,1:18:32.648,12:03:32.648,0:27.132,0:28.261,0:24.791,259.7,Nicholas Boulle,,LMP2,,Era Motorsport,Gibson,GF,
18,1,36,1:19.152,0,,26.905,0,27.553,0,24.694,0,178.5,1:19:51.800,12:04:51.800,0:26.905,0:27.553,0:24.694,257.7,Nicholas Boulle,,LMP2,,Era Motorsport,Gibson,GF,
18,1,37,1:19.119,0,,26.828,1,27.577,0,24.714,0,178.6,1:21:10.919,12:06:10.919,0:26.828,0:27.577,0:24.714,261.3,Nicholas Boulle,,LMP2,,Era Motorsport,Gibson,GF,
18,1,38,1:20.317,0,,27.836,0,27.368,0,25.113,0,175.9,1:22:31.236,12:07:31.236,0:27.836,0:27.368,0:25.113,261.3,Nicholas Boulle,,LMP2,,Era Motorsport,Gibson,GF,
18,1,39,1:19.098,0,,27.270,0,27.189,1,24.639,1,178.6,1:23:50.334,12:08:50.334,0:27.270,0:27.189,0:24.639,258.7,Nicholas Boulle,,LMP2,,Era Motorsport,Gibson,GF,
2,1,1,1:49.499,0,,49.368,0,32.976,0,27.155,0,129.0,1:49.499,10:46:49.499,0:49.368,0:32.976,0:27.155,178.2,Philip Fayer,0:00:20.013,LMP2,,United Autosports USA,Gibson,GF,
2,1,2,1:23.921,0,,29.240,0,29.135,0,25.546,0,168.4,3:13.420,10:48:13.420,0:29.240,0:29.135,0:25.546,251.8,Philip Fayer,,LMP2,,United Autosports USA,Gibson,GF,
2,1,3,1:22.707,0,,28.198,0,29.204,0,25.305,0,170.9,4:36.127,10:49:36.127,0:28.198,0:29.204,0:25.305,229.4,Philip Fayer,,LMP2,,United Autosports USA,Gibson,GF,
2,1,4,1:19.341,0,,27.175,0,27.186,0,24.980,0,178.1,5:55.468,10:50:55.468,0:27.175,0:27.186,0:24.980,258.2,Philip Fayer,,LMP2,,United Autosports USA,Gibson,GF,
2,1,5,1:19.114,0,,27.086,0,27.146,0,24.882,0,178.6,7:14.582,10:52:14.582,0:27.086,0:27.146,0:24.882,257.7,Philip Fayer,,LMP2,,United Autosports USA,Gibson,GF,
2,1,6,1:19.601,0,,27.718,0,27.054,0,24.829,0,177.5,8:34.183,10:53:34.183,0:27.718,0:27.054,0:24.829,258.2,Philip Fayer,,LMP2,,United Autosports USA,Gibson,GF,
2,1,7,4:46.833,0,B,43.750,0,29.760,0,3:33.323,0,49.3,13:21.016,10:58:21.016,0:43.750,0:29.760,3:33.323,257.7,Philip Fayer,,LMP2,,United Autosports USA,Gibson,GF,
2,1,8,1:41.475,0,,48.794,0,27.686,0,24.995,0,139.3,15:02.491,11:00:02.491,0:48.794,0:27.686,0:24.995,252.2,Philip Fayer,0:03:32.487,LMP2,,United Autosports USA,Gibson,GF,
2,1,9,1:18.324,0,,26.689,1,26.865,1,24.770,1,180.4,16:20.815,11:01:20.815,0:26.689,0:26.865,0:24.770,257.2,Philip Fayer,,LMP2,,United Autosports USA,Gibson,GF,
2,1,10,1:18.551,0,,26.696,0,27.031,0,24.824,0,179.9,17:39.366,11:02:39.366,0:26.696,0:27.031,0:24.824,258.2,Philip Fayer,,LMP2,,United Autosports USA,Gibson,GF,
2,1,11,1:21.149,0,,27.233,0,27.929,0,25.987,0,174.1,19:00.515,11:04:00.515,0:27.233,0:27.929,0:25.987,258.2,Philip Fayer,,LMP2,,United Autosports USA,Gibson,GF,
2,1,12,4:58.288,0,B,27.176,0,27.522,0,4:03.590,0,47.4,23:58.803,11:08:58.803,0:27.176,0:27.522,4:03.590,259.2,Philip Fayer,,LMP2,,United Autosports USA,Gibson,GF,
2,2,13,3:53.865,0,B,49.227,0,28.313,0,2:36.325,0,60.4,27:52.668,11:12:52.668,0:49.227,0:28.313,2:36.325,251.3,Mikkel Jensen,0:04:08.386,LMP2,,United Autosports USA,Gibson,GF,
2,2,14,1:42.182,0,,48.160,0,27.706,0,26.316,0,138.3,29:34.850,11:14:34.850,0:48.160,0:27.706,0:26.316,252.2,Mikkel Jensen,0:02:42.384,LMP2,,United Autosports USA,Gibson,GF,
2,2,15,1:22.164,0,,27.336,0,27.384,0,27.444,0,172.0,30:57.014,11:15:57.014,0:27.336,0:27.384,0:27.444,254.2,Mikkel Jensen,,LMP2,,United Autosports USA,Gibson,GF,
2,2,16,1:21.079,0,,26.926,0,27.320,0,26.833,0,174.3,32:18.093,11:17:18.093,0:26.926,0:27.320,0:26.833,253.7,Mikkel Jensen,,LMP2,,United Autosports USA,Gibson,GF,
2,2,17,1:18.942,0,,26.655,0,27.088,0,25.199,0,179.0,33:37.035,11:18:37.035,0:26.655,0:27.088,0:25.199,254.7,Mikkel Jensen,,LMP2,,United Autosports USA,Gibson,GF,
2,2,18,1:19.292,0,,27.538,0,26.995,0,24.759,0,178.2,34:56.327,11:19:56.327,0:27.538,0:26.995,0:24.759,254.2,Mikkel Jensen,,LMP2,,United Autosports USA,Gibson,GF,
2,2,19,1:20.395,0,,27.202,0,28.007,0,25.186,0,175.8,36:16.722,11:21:16.722,0:27.202,0:28.007,0:25.186,253.7,Mikkel Jensen,,LMP2,,United Autosports USA,Gibson,GF,
2,2,20,1:23.124,0,,27.475,0,28.955,0,26.694,0,170.0,37:39.846,11:22:39.846,0:27.475,0:28.955,0:26.694,254.2,Mikkel Jensen,,LMP2,,United Autosports USA,Gibson,GF,
2,2,21,1:18.424,0,,26.829,0,26.915,0,24.680,0,180.2,38:58.270,11:23:58.270,0:26.829,0:26.915,0:24.680,255.7,Mikkel Jensen,,LMP2,,United Autosports USA,Gibson,GF,
2,2,22,1:17.810,2,,26.642,2,26.618,2,24.550,2,181.6,40:16.080,11:25:16.080,0:26.642,0:26.618,0:24.550,256.2,Mikkel Jensen,,LMP2,,United Autosports USA,Gibson,GF,
2,2,23,1:18.854,0,,26.790,0,27.033,0,25.031,0,179.2,41:34.934,11:26:34.934,0:26.790,0:27.033,0:25.031,257.2,Mikkel Jensen,,LMP2,,United Autosports USA,Gibson,GF,
2,2,24,1:18.362,0,,26.714,0,26.827,0,24.821,0,180.3,42:53.296,11:27:53.296,0:26.714,0:26.827,0:24.821,257.2,Mikkel Jensen,,LMP2,,United Autosports USA,Gibson,GF,
2,2,25,1:20.414,0,,26.855,0,27.786,0,25.773,0,175.7,44:13.710,11:29:13.710,0:26.855,0:27.786,0:25.773,257.7,Mikkel Jensen,,LMP2,,United Autosports USA,Gibson,GF,
2,2,26,1:19.265,0,,26.990,0,27.310,0,24.965,0,178.3,45:32.975,11:30:32.975,0:26.990,0:27.310,0:24.965,254.2,Mikkel Jensen,,LMP2,,United Autosports USA,Gibson,GF,
2,2,27,1:19.687,0,,27.167,0,27.657,0,24.863,0,177.3,46:52.662,11:31:52.662,0:27.167,0:27.657,0:24.863,251.3,Mikkel Jensen,,LMP2,,United Autosports USA,Gibson,GF,
2,2,28,1:18.712,0,,26.770,0,26.881,0,25.061,0,179.5,48:11.374,11:33:11.374,0:26.770,0:26.881,0:25.061,252.7,Mikkel Jensen,,LMP2,,United Autosports USA,Gibson,GF,
2,2,29,1:18.811,0,,27.191,0,26.885,0,24.735,0,179.3,49:30.185,11:34:30.185,0:27.191,0:26.885,0:24.735,254.2,Mikkel Jensen,,LMP2,,United Autosports USA,Gibson,GF,
2,2,30,1:19.015,0,,26.786,0,27.503,0,24.726,0,178.8,50:49.200,11:35:49.200,0:26.786,0:27.503,0:24.726,255.7,Mikkel Jensen,,LMP2,,United Autosports USA,Gibson,GF,
2,2,31,1:18.028,0,,26.659,0,26.757,0,24.612,0,181.1,52:07.228,11:37:07.228,0:26.659,0:26.757,0:24.612,255.7,Mikkel Jensen,,LMP2,,United Autosports USA,Gibson,GF,
2,2,32,1:20.327,0,,27.246,0,27.401,0,25.680,0,175.9,53:27.555,11:38:27.555,0:27.246,0:27.401,0:25.680,256.2,Mikkel Jensen,,LMP2,,United Autosports USA,Gibson,GF,
2,2,33,1:21.055,0,,26.715,0,27.814,0,26.526,0,174.3,54:48.610,11:39:48.610,0:26.715,0:27.814,0:26.526,257.2,Mikkel Jensen,,LMP2,,United Autosports USA,Gibson,GF,
2,2,34,1:22.678,0,,28.435,0,28.823,0,25.420,0,170.9,56:11.288,11:41:11.288,0:28.435,0:28.823,0:25.420,242.9,Mikkel Jensen,,LMP2,,United Autosports USA,Gibson,GF,
2,2,35,5:01.934,0,B,27.336,0,27.454,0,4:07.144,0,46.8,1:01:13.222,11:46:13.222,0:27.336,0:27.454,4:07.144,253.2,Mikkel Jensen,,LMP2,,United Autosports USA,Gibson,GF,
2,1,36,1:43.791,0,,49.964,0,28.233,0,25.594,0,136.1,1:02:57.013,11:47:57.013,0:49.964,0:28.233,0:25.594,251.8,Philip Fayer,0:04:12.977,LMP2,,United Autosports USA,Gibson,GF,
2,1,37,1:20.453,0,,27.542,0,27.609,0,25.302,0,175.6,1:04:17.466,11:49:17.466,0:27.542,0:27.609,0:25.302,253.2,Philip Fayer,,LMP2,,United Autosports USA,Gibson,GF,
2,1,38,1:20.787,0,,27.785,0,27.770,0,25.232,0,174.9,1:05:38.253,11:50:38.253,0:27.785,0:27.770,0:25.232,255.2,Philip Fayer,,LMP2,,United Autosports USA,Gibson,GF,
2,1,39,1:21.593,0,,27.902,0,27.789,0,25.902,0,173.2,1:06:59.846,11:51:59.846,0:27.902,0:27.789,0:25.902,253.2,Philip Fayer,,LMP2,,United Autosports USA,Gibson,GF,
2,1,40,1:21.029,0,,27.456,0,27.564,0,26.009,0,174.4,1:08:20.875,11:53:20.875,0:27.456,0:27.564,0:26.009,256.2,Philip Fayer,,LMP2,,United Autosports USA,Gibson,GF,
2,1,41,1:21.029,0,,28.049,0,27.724,0,25.256,0,174.4,1:09:41.904,11:54:41.904,0:28.049,0:27.724,0:25.256,254.7,Philip Fayer,,LMP2,,United Autosports USA,Gibson,GF,
2,1,42,1:21.508,0,,27.964,0,27.997,0,25.547,0,173.4,1:11:03.412,11:56:03.412,0:27.964,0:27.997,0:25.547,257.7,Philip Fayer,,LMP2,,United Autosports USA,Gibson,GF,
2,1,43,1:21.506,0,,27.973,0,27.771,0,25.762,0,173.4,1:12:24.918,11:57:24.918,0:27.973,0:27.771,0:25.762,254.7,Philip Fayer,,LMP2,,United Autosports USA,Gibson,GF,
2,1,44,1:22.422,0,,28.222,0,28.716,0,25.484,0,171.4,1:13:47.340,11:58:47.340,0:28.222,0:28.716,0:25.484,257.2,Philip Fayer,,LMP2,,United Autosports USA,Gibson,GF,
2,1,45,1:22.240,0,,27.706,0,28.933,0,25.601,0,171.8,1:15:09.580,12:00:09.580,0:27.706,0:28.933,0:25.601,256.2,Philip Fayer,,LMP2,,United Autosports USA,Gibson,GF,
2,1,46,1:20.940,0,,27.720,0,27.803,0,25.417,0,174.6,1:16:30.520,12:01:30.520,0:27.720,0:27.803,0:25.417,255.7,Philip Fayer,,LMP2,,United Autosports USA,Gibson,GF,
2,1,47,1:21.342,0,,27.473,0,28.059,0,25.810,0,173.7,1:17:51.862,12:02:51.862,0:27.473,0:28.059,0:25.810,256.2,Philip Fayer,,LMP2,,United Autosports USA,Gibson,GF,
2,1,48,1:22.636,0,,27.817,0,28.822,0,25.997,0,171.0,1:19:14.498,12:04:14.498,0:27.817,0:28.822,0:25.997,258.2,Philip Fayer,,LMP2,,United Autosports USA,Gibson,GF,
2,1,49,1:22.430,0,,27.840,0,28.320,0,26.270,0,171.4,1:20:36.928,12:05:36.928,0:27.840,0:28.320,0:26.270,247.5,Philip Fayer,,LMP2,,United Autosports USA,Gibson,GF,
2,1,50,1:22.549,0,,27.708,0,28.406,0,26.435,0,171.2,1:21:59.477,12:06:59.477,0:27.708,0:28.406,0:26.435,252.2,Philip Fayer,,LMP2,,United Autosports USA,Gibson,GF,
22,2,1,2:24.259,0,,1:27.494,0,29.825,0,26.940,0,98.0,2:24.259,10:47:24.259,1:27.494,0:29.825,0:26.940,233.1,Paul di Resta,0:00:59.918,LMP2,,United Autosports USA,Gibson,GF,
22,2,2,1:19.612,0,,27.297,0,27.260,0,25.055,0,177.5,3:43.871,10:48:43.871,0:27.297,0:27.260,0:25.055,256.7,Paul di Resta,,LMP2,,United Autosports USA,Gibson,GF,
22,2,3,1:19.388,0,,26.954,0,27.402,0,25.032,0,178.0,5:03.259,10:50:03.259,0:26.954,0:27.402,0:25.032,257.7,Paul di Resta,,LMP2,,United Autosports USA,Gibson,GF,
22,2,4,1:18.501,0,,27.499,0,26.481,2,24.521,0,180.0,6:21.760,10:51:21.760,0:27.499,0:26.481,0:24.521,258.2,Paul di Resta,,LMP2,,United Autosports USA,Gibson,GF,
22,2,5,1:18.373,0,,26.463,2,26.543,0,25.367,0,180.3,7:40.133,10:52:40.133,0:26.463,0:26.543,0:25.367,260.7,Paul di Resta,,LMP2,,United Autosports USA,Gibson,GF,
22,2,6,1:19.513,0,,26.724,0,26.800,0,25.989,0,177.7,8:59.646,10:53:59.646,0:26.724,0:26.800,0:25.989,261.8,Paul di Resta,,LMP2,,United Autosports USA,Gibson,GF,
22,2,7,9:21.572,0,B,3:21.721,0,32.971,0,5:26.880,0,25.2,18:21.218,11:03:21.218,3:21.721,0:32.971,5:26.880,206.1,Paul di Resta,,LMP2,,United Autosports USA,Gibson,GF,
22,1,8,1:53.106,0,,54.606,0,31.877,0,26.623,0,124.9,20:14.324,11:05:14.324,0:54.606,0:31.877,0:26.623,193.9,Daniel Goldburg,0:05:32.492,LMP2,,United Autosports USA,Gibson,GF,
22,1,9,1:23.487,0,,28.866,0,29.237,0,25.384,0,169.3,21:37.811,11:06:37.811,0:28.866,0:29.237,0:25.384,226.6,Daniel Goldburg,,LMP2,,United Autosports USA,Gibson,GF,
22,1,10,1:22.064,0,,28.524,0,28.612,0,24.928,0,172.2,22:59.875,11:07:59.875,0:28.524,0:28.612,0:24.928,236.0,Daniel Goldburg,,LMP2,,United Autosports USA,Gibson,GF,
22,1,11,1:21.221,0,,28.214,0,27.773,0,25.234,0,174.0,24:21.096,11:09:21.096,0:28.214,0:27.773,0:25.234,258.2,Daniel Goldburg,,LMP2,,United Autosports USA,Gibson,GF,
22,1,12,1:21.882,0,,27.909,0,27.916,0,26.057,0,172.6,25:42.978,11:10:42.978,0:27.909,0:27.916,0:26.057,256.7,Daniel Goldburg,,LMP2,,United Autosports USA,Gibson,GF,
22,1,13,1:18.741,0,,26.764,0,27.308,0,24.669,0,179.5,27:01.719,11:12:01.719,0:26.764,0:27.308,0:24.669,253.2,Daniel Goldburg,,LMP2,,United Autosports USA,Gibson,GF,
22,1,14,1:23.690,0,,26.746,0,30.487,0,26.457,0,168.8,28:25.409,11:13:25.409,0:26.746,0:30.487,0:26.457,153.1,Daniel Goldburg,,LMP2,,United Autosports USA,Gibson,GF,
22,1,15,1:21.007,0,,28.207,0,27.314,0,25.486,0,174.4,29:46.416,11:14:46.416,0:28.207,0:27.314,0:25.486,257.2,Daniel Goldburg,,LMP2,,United Autosports USA,Gibson,GF,
22,1,16,1:22.112,0,,28.591,0,27.279,0,26.242,0,172.1,31:08.528,11:16:08.528,0:28.591,0:27.279,0:26.242,258.7,Daniel Goldburg,,LMP2,,United Autosports USA,Gibson,GF,
22,1,17,1:18.423,0,,26.884,0,26.686,0,24.853,0,180.2,32:26.951,11:17:26.951,0:26.884,0:26.686,0:24.853,257.2,Daniel Goldburg,,LMP2,,United Autosports USA,Gibson,GF,
22,1,18,1:18.029,0,,26.807,0,26.660,1,24.562,1,181.1,33:44.980,11:18:44.980,0:26.807,0:26.660,0:24.562,259.2,Daniel Goldburg,,LMP2,,United Autosports USA,Gibson,GF,
22,1,19,1:18.077,0,,26.626,1,26.737,0,24.714,0,181.0,35:03.057,11:20:03.057,0:26.626,0:26.737,0:24.714,259.7,Daniel Goldburg,,LMP2,,United Autosports USA,Gibson,GF,
22,1,20,3:23.717,0,B,27.266,0,27.183,0,2:29.268,0,69.4,38:26.774,11:23:26.774,0:27.266,0:27.183,2:29.268,258.7,Daniel Goldburg,,LMP2,,United Autosports USA,Gibson,GF,
22,2,21,1:40.674,0,,48.040,0,26.854,0,25.780,0,140.4,40:07.448,11:25:07.448,0:48.040,0:26.854,0:25.780,258.7,Paul di Resta,0:02:34.592,LMP2,,United Autosports USA,Gibson,GF,
22,2,22,1:17.912,0,,26.555,0,26.689,0,24.668,0,181.4,41:25.360,11:26:25.360,0:26.555,0:26.689,0:24.668,257.2,Paul di Resta,,LMP2,,United Autosports USA,Gibson,GF,
22,2,23,1:20.385,0,,27.462,0,27.697,0,25.226,0,175.8,42:45.745,11:27:45.745,0:27.462,0:27.697,0:25.226,259.7,Paul di Resta,,LMP2,,United Autosports USA,Gibson,GF,
22,2,24,1:19.296,0,,27.252,0,26.965,0,25.079,0,178.2,44:05.041,11:29:05.041,0:27.252,0:26.965,0:25.079,256.7,Paul di Resta,,LMP2,,United Autosports USA,Gibson,GF,
22,2,25,1:17.877,0,,26.739,0,26.590,0,24.548,0,181.4,45:22.918,11:30:22.918,0:26.739,0:26.590,0:24.548,257.7,Paul di Resta,,LMP2,,United Autosports USA,Gibson,GF,
22,2,26,1:17.927,0,,26.626,0,26.618,0,24.683,0,181.3,46:40.845,11:31:40.845,0:26.626,0:26.618,0:24.683,258.7,Paul di Resta,,LMP2,,United Autosports USA,Gibson,GF,
22,2,27,9:23.578,0,B,26.585,0,27.916,0,8:29.077,0,25.1,56:04.423,11:41:04.423,0:26.585,0:27.916,8:29.077,250.8,Paul di Resta,,LMP2,,United Autosports USA,Gibson,GF,
22,2,28,2:01.612,0,B,47.796,0,27.840,0,45.976,0,116.2,58:06.035,11:43:06.035,0:47.796,0:27.840,0:45.976,256.7,Paul di Resta,0:08:35.485,LMP2,,United Autosports USA,Gibson,GF,
22,2,29,1:42.863,0,,46.874,0,27.293,0,28.696,0,137.4,59:48.898,11:44:48.898,0:46.874,0:27.293,0:28.696,256.2,Paul di Resta,0:00:51.856,LMP2,,United Autosports USA,Gibson,GF,
22,2,30,1:17.807,0,,26.682,0,26.647,0,24.478,2,181.6,1:01:06.705,11:46:06.705,0:26.682,0:26.647,0:24.478,257.7,Paul di Resta,,LMP2,,United Autosports USA,Gibson,GF,
22,2,31,1:18.199,0,,26.569,0,27.114,0,24.516,0,180.7,1:02:24.904,11:47:24.904,0:26.569,0:27.114,0:24.516,260.7,Paul di Resta,,LMP2,,United Autosports USA,Gibson,GF,
22,2,32,1:21.313,0,,26.891,0,27.023,0,27.399,0,173.8,1:03:46.217,11:48:46.217,0:26.891,0:27.023,0:27.399,257.7,Paul di Resta,,LMP2,,United Autosports USA,Gibson,GF,
22,2,33,1:22.455,0,,26.806,0,26.917,0,28.732,0,171.4,1:05:08.672,11:50:08.672,0:26.806,0:26.917,0:28.732,257.7,Paul di Resta,,LMP2,,United Autosports USA,Gibson,GF,
22,2,34,1:17.698,2,,26.536,0,26.635,0,24.527,0,181.9,1:06:26.370,11:51:26.370,0:26.536,0:26.635,0:24.527,258.2,Paul di Resta,,LMP2,,United Autosports USA,Gibson,GF,
22,2,35,10:17.978,0,B,26.705,0,27.759,0,9:23.514,0,22.9,1:16:44.348,12:01:44.348,0:26.705,0:27.759,9:23.514,260.2,Paul di Resta,,LMP2,,United Autosports USA,Gibson,GF,
22,1,36,1:42.519,0,,49.712,0,27.772,0,25.035,0,137.8,1:18:26.867,12:03:26.867,0:49.712,0:27.772,0:25.035,248.9,Daniel Goldburg,0:09:29.803,LMP2,,United Autosports USA,Gibson,GF,
22,1,37,1:19.848,0,,27.378,0,27.546,0,24.924,0,177.0,1:19:46.715,12:04:46.715,0:27.378,0:27.546,0:24.924,256.2,Daniel Goldburg,,LMP2,,United Autosports USA,Gibson,GF,
22,1,38,1:18.791,0,,27.087,0,27.061,0,24.643,0,179.3,1:21:05.506,12:06:05.506,0:27.087,0:27.061,0:24.643,256.7,Daniel Goldburg,,LMP2,,United Autosports USA,Gibson,GF,
22,1,39,1:20.004,0,,27.164,0,27.871,0,24.969,0,176.6,1:22:25.510,12:07:25.510,0:27.164,0:27.871,0:24.969,257.7,Daniel Goldburg,,LMP2,,United Autosports USA,Gibson,GF,
22,1,40,1:19.143,0,,27.223,0,27.130,0,24.790,0,178.5,1:23:44.653,12:08:44.653,0:27.223,0:27.130,0:24.790,259.7,Daniel Goldburg,,LMP2,,United Autosports USA,Gibson,GF,
23,1,1,2:19.808,0,B,37.559,0,32.262,0,1:09.987,0,101.1,2:19.808,10:47:19.808,0:37.559,0:32.262,1:09.987,185.7,Ross Gunn,0:00:06.207,GTP,,ASTON MARTIN THOR Team,Aston Martin,GF,
23,1,2,1:54.137,0,,54.930,0,31.614,0,27.593,0,123.8,4:13.945,10:49:13.945,0:54.930,0:31.614,0:27.593,210.0,Ross Gunn,0:01:12.738,GTP,,ASTON MARTIN THOR Team,Aston Martin,GF,
23,1,3,1:24.485,0,,30.837,0,28.414,0,25.234,0,167.3,5:38.430,10:50:38.430,0:30.837,0:28.414,0:25.234,260.2,Ross Gunn,,GTP,,ASTON MARTIN THOR Team,Aston Martin,GF,
23,1,4,1:20.653,0,,28.151,0,27.905,0,24.597,0,175.2,6:59.083,10:51:59.083,0:28.151,0:27.905,0:24.597,259.7,Ross Gunn,,GTP,,ASTON MARTIN THOR Team,Aston Martin,GF,
23,1,5,1:20.805,0,,28.413,0,27.403,0,24.989,0,174.9,8:19.888,10:53:19.888,0:28.413,0:27.403,0:24.989,267.1,Ross Gunn,,GTP,,ASTON MARTIN THOR Team,Aston Martin,GF,
23,1,6,1:21.167,0,,27.770,0,27.193,0,26.204,0,174.1,9:41.055,10:54:41.055,0:27.770,0:27.193,0:26.204,270.4,Ross Gunn,,GTP,,ASTON MARTIN THOR Team,Aston Martin,RF,
23,1,7,2:07.877,0,B,34.592,0,39.700,0,53.585,0,110.5,11:48.932,10:56:48.932,0:34.592,0:39.700,0:53.585,156.2,Ross Gunn,,GTP,,ASTON MARTIN THOR Team,Aston Martin,RF,
23,1,8,2:41.176,0,,1:47.833,0,27.996,0,25.347,0,87.7,14:30.108,10:59:30.108,1:47.833,0:27.996,0:25.347,249.4,Ross Gunn,0:01:51.543,GTP,,ASTON MARTIN THOR Team,Aston Martin,GF,
23,1,9,1:18.954,0,,26.556,0,27.410,0,24.988,0,179.0,15:49.062,11:00:49.062,0:26.556,0:27.410,0:24.988,264.9,Ross Gunn,,GTP,,ASTON MARTIN THOR Team,Aston Martin,GF,
23,1,10,1:18.881,0,,27.006,0,26.788,0,25.087,0,179.1,17:07.943,11:02:07.943,0:27.006,0:26.788,0:25.087,279.6,Ross Gunn,,GTP,,ASTON MARTIN THOR Team,Aston Martin,GF,
23,1,11,1:19.289,0,,26.292,0,26.261,0,26.736,0,178.2,18:27.232,11:03:27.232,0:26.292,0:26.261,0:26.736,286.2,Ross Gunn,,GTP,,ASTON MARTIN THOR Team,Aston Martin,GF,
23,1,12,1:16.097,2,,26.129,2,26.070,2,23.898,2,185.7,19:43.329,11:04:43.329,0:26.129,0:26.070,0:23.898,286.9,Ross Gunn,,GTP,,ASTON MARTIN THOR Team,Aston Martin,GF,
23,1,13,1:22.452,0,,28.871,0,28.167,0,25.414,0,171.4,21:05.781,11:06:05.781,0:28.871,0:28.167,0:25.414,257.7,Ross Gunn,,GTP,,ASTON MARTIN THOR Team,Aston Martin,GF,
23,1,14,8:10.643,0,B,26.238,0,27.940,0,7:16.465,0,28.8,29:16.424,11:14:16.424,0:26.238,0:27.940,7:16.465,253.2,Ross Gunn,,GTP,,ASTON MARTIN THOR Team,Aston Martin,GF,
23,2,15,1:39.590,0,,48.057,0,27.170,0,24.363,0,141.9,30:56.014,11:15:56.014,0:48.057,0:27.170,0:24.363,276.0,Roman de Angelis,0:07:20.021,GTP,,ASTON MARTIN THOR Team,Aston Martin,GF,
23,2,16,1:17.595,0,,26.540,0,26.725,0,24.330,0,182.1,32:13.609,11:17:13.609,0:26.540,0:26.725,0:24.330,279.6,Roman de Angelis,,GTP,,ASTON MARTIN THOR Team,Aston Martin,GF,
23,2,17,1:19.298,0,,27.380,0,27.057,0,24.861,0,178.2,33:32.907,11:18:32.907,0:27.380,0:27.057,0:24.861,278.4,Roman de Angelis,,GTP,,ASTON MARTIN THOR Team,Aston Martin,GF,
23,2,18,1:18.785,0,,26.627,0,27.292,0,24.866,0,179.4,34:51.692,11:19:51.692,0:26.627,0:27.292,0:24.866,274.9,Roman de Angelis,,GTP,,ASTON MARTIN THOR Team,Aston Martin,GF,
23,2,19,1:18.169,0,,26.676,0,27.282,0,24.211,0,180.8,36:09.861,11:21:09.861,0:26.676,0:27.282,0:24.211,277.8,Roman de Angelis,,GTP,,ASTON MARTIN THOR Team,Aston Martin,GF,
23,2,20,1:17.518,0,,26.626,0,26.567,0,24.325,0,182.3,37:27.379,11:22:27.379,0:26.626,0:26.567,0:24.325,283.2,Roman de Angelis,,GTP,,ASTON MARTIN THOR Team,Aston Martin,GF,
23,2,21,1:17.278,0,,26.417,0,26.353,0,24.508,0,182.9,38:44.657,11:23:44.657,0:26.417,0:26.353,0:24.508,284.4,Roman de Angelis,,GTP,,ASTON MARTIN THOR Team,Aston Martin,GF,
23,2,22,1:16.991,0,,26.502,0,26.477,0,24.012,0,183.5,40:01.648,11:25:01.648,0:26.502,0:26.477,0:24.012,283.2,Roman de Angelis,,GTP,,ASTON MARTIN THOR Team,Aston Martin,GF,
23,2,23,6:47.098,0,B,27.610,0,26.946,0,5:52.542,0,34.7,46:48.746,11:31:48.746,0:27.610,0:26.946,5:52.542,279.6,Roman de Angelis,,GTP,,ASTON MARTIN THOR Team,Aston Martin,GF,
23,2,24,1:38.781,0,,47.765,0,26.965,0,24.051,0,143.1,48:27.527,11:33:27.527,0:47.765,0:26.965,0:24.051,273.2,Roman de Angelis,0:05:58.578,GTP,,ASTON MARTIN THOR Team,Aston Martin,GF,
23,2,25,1:18.396,0,,27.148,0,27.128,0,24.120,0,180.2,49:45.923,11:34:45.923,0:27.148,0:27.128,0:24.120,274.3,Roman de Angelis,,GTP,,ASTON MARTIN THOR Team,Aston Martin,GF,
23,2,26,1:16.871,0,,26.430,0,26.436,0,24.005,0,183.8,51:02.794,11:36:02.794,0:26.430,0:26.436,0:24.005,283.2,Roman de Angelis,,GTP,,ASTON MARTIN THOR Team,Aston Martin,GF,
23,2,27,1:17.430,0,,26.861,0,26.453,0,24.116,0,182.5,52:20.224,11:37:20.224,0:26.861,0:26.453,0:24.116,283.8,Roman de Angelis,,GTP,,ASTON MARTIN THOR Team,Aston Martin,GF,
23,2,28,1:17.027,0,,26.354,0,26.373,0,24.300,0,183.5,53:37.251,11:38:37.251,0:26.354,0:26.373,0:24.300,285.6,Roman de Angelis,,GTP,,ASTON MARTIN THOR Team,Aston Martin,GF,
23,2,29,9:08.188,0,B,26.820,0,26.962,0,8:14.406,0,25.8,1:02:45.439,11:47:45.439,0:26.820,0:26.962,8:14.406,282.0,Roman de Angelis,,GTP,,ASTON MARTIN THOR Team,Aston Martin,GF,
23,2,30,1:39.401,0,,47.875,0,27.300,0,24.226,0,142.2,1:04:24.840,11:49:24.840,0:47.875,0:27.300,0:24.226,268.7,Roman de Angelis,0:08:20.166,GTP,,ASTON MARTIN THOR Team,Aston Martin,GF,
23,2,31,1:16.863,0,,26.528,0,26.403,0,23.932,1,183.8,1:05:41.703,11:50:41.703,0:26.528,0:26.403,0:23.932,283.2,Roman de Angelis,,GTP,,ASTON MARTIN THOR Team,Aston Martin,GF,
23,2,32,1:16.949,0,,26.347,0,26.346,1,24.256,0,183.6,1:06:58.652,11:51:58.652,0:26.347,0:26.346,0:24.256,285.6,Roman de Angelis,,GTP,,ASTON MARTIN THOR Team,Aston Martin,GF,
23,2,33,9:42.173,0,B,26.455,0,26.921,0,8:48.797,0,24.3,1:16:40.825,12:01:40.825,0:26.455,0:26.921,8:48.797,285.6,Roman de Angelis,,GTP,,ASTON MARTIN THOR Team,Aston Martin,GF,
23,2,34,1:39.200,0,,48.454,0,26.568,0,24.178,0,142.4,1:18:20.025,12:03:20.025,0:48.454,0:26.568,0:24.178,283.2,Roman de Angelis,0:08:49.852,GTP,,ASTON MARTIN THOR Team,Aston Martin,GF,
23,2,35,1:17.563,0,,26.715,0,26.675,0,24.173,0,182.2,1:19:37.588,12:04:37.588,0:26.715,0:26.675,0:24.173,286.9,Roman de Angelis,,GTP,,ASTON MARTIN THOR Team,Aston Martin,GF,
23,2,36,1:17.338,0,,26.329,1,26.585,0,24.424,0,182.7,1:20:54.926,12:05:54.926,0:26.329,0:26.585,0:24.424,288.8,Roman de Angelis,,GTP,,ASTON MARTIN THOR Team,Aston Martin,GF,
23,2,37,3:36.884,0,B,26.897,0,27.014,0,2:42.973,0,65.2,1:24:31.810,12:09:31.810,0:26.897,0:27.014,2:42.973,285.0,Roman de Angelis,,GTP,,ASTON MARTIN THOR Team,Aston Martin,GF,
23,1,38,1:41.045,0,,48.675,0,27.467,0,24.903,0,139.8,1:26:12.855,12:11:12.855,0:48.675,0:27.467,0:24.903,255.7,Ross Gunn,0:02:49.153,GTP,,ASTON MARTIN THOR Team,Aston Martin,GF,
23,1,39,1:25.671,0,,32.774,0,27.936,0,24.961,0,164.9,1:27:38.526,12:12:38.526,0:32.774,0:27.936,0:24.961,257.7,Ross Gunn,,GTP,,ASTON MARTIN THOR Team,Aston Martin,GF,
23,1,40,1:17.204,0,,26.590,0,26.480,0,24.134,0,183.0,1:28:55.730,12:13:55.730,0:26.590,0:26.480,0:24.134,286.2,Ross Gunn,,GTP,,ASTON MARTIN THOR Team,Aston Martin,GF,
23,1,41,1:19.493,0,,26.419,0,27.424,0,25.650,0,177.8,1:30:15.223,12:15:15.223,0:26.419,0:27.424,0:25.650,285.6,Ross Gunn,,GTP,,ASTON MARTIN THOR Team,Aston Martin,FF,
24,1,1,2:17.560,0,,1:18.430,0,31.628,0,27.502,0,102.7,2:17.560,10:47:17.560,1:18.430,0:31.628,0:27.502,216.6,Dries Vanthoor,0:00:46.271,GTP,,BMW M Team WRT,BMW,GF,
24,1,2,1:20.202,0,,28.161,0,27.591,0,24.450,0,176.2,3:37.762,10:48:37.762,0:28.161,0:27.591,0:24.450,270.4,Dries Vanthoor,,GTP,,BMW M Team WRT,BMW,GF,
24,1,3,1:21.508,0,,26.908,0,27.093,0,27.507,0,173.4,4:59.270,10:49:59.270,0:26.908,0:27.093,0:27.507,283.2,Dries Vanthoor,,GTP,,BMW M Team WRT,BMW,GF,
24,1,4,1:17.417,0,,26.110,0,26.519,0,24.788,0,182.5,6:16.687,10:51:16.687,0:26.110,0:26.519,0:24.788,287.5,Dries Vanthoor,,GTP,,BMW M Team WRT,BMW,GF,
24,1,5,1:16.835,0,,26.107,0,27.007,0,23.721,2,183.9,7:33.522,10:52:33.522,0:26.107,0:27.007,0:23.721,289.4,Dries Vanthoor,,GTP,,BMW M Team WRT,BMW,GF,
24,1,6,1:18.175,0,,26.892,0,26.295,0,24.988,0,180.8,8:51.697,10:53:51.697,0:26.892,0:26.295,0:24.988,290.7,Dries Vanthoor,,GTP,,BMW M Team WRT,BMW,GF,
24,1,7,1:47.094,0,B,26.661,0,28.676,0,51.757,0,131.9,10:38.791,10:55:38.791,0:26.661,0:28.676,0:51.757,290.7,Dries Vanthoor,,GTP,,BMW M Team WRT,BMW,RF,
24,2,8,6:57.777,0,,6:02.176,0,30.077,0,25.524,0,33.8,17:36.568,11:02:36.568,6:02.176,0:30.077,0:25.524,230.6,Sheldon van der Linde,0:06:02.053,GTP,,BMW M Team WRT,BMW,GF,
24,2,9,1:19.053,0,,27.589,0,27.250,0,24.214,0,178.7,18:55.621,11:03:55.621,0:27.589,0:27.250,0:24.214,277.8,Sheldon van der Linde,,GTP,,BMW M Team WRT,BMW,GF,
24,2,10,1:18.937,0,,26.893,0,27.163,0,24.881,0,179.0,20:14.558,11:05:14.558,0:26.893,0:27.163,0:24.881,255.7,Sheldon van der Linde,,GTP,,BMW M Team WRT,BMW,GF,
24,2,11,1:17.800,0,,26.539,0,26.729,0,24.532,0,181.6,21:32.358,11:06:32.358,0:26.539,0:26.729,0:24.532,269.8,Sheldon van der Linde,,GTP,,BMW M Team WRT,BMW,GF,
24,2,12,1:17.282,0,,26.472,0,26.366,0,24.444,0,182.8,22:49.640,11:07:49.640,0:26.472,0:26.366,0:24.444,270.4,Sheldon van der Linde,,GTP,,BMW M Team WRT,BMW,GF,
24,2,13,1:16.606,0,,26.361,1,26.196,1,24.049,0,184.5,24:06.246,11:09:06.246,0:26.361,0:26.196,0:24.049,270.4,Sheldon van der Linde,,GTP,,BMW M Team WRT,BMW,GF,
24,2,14,1:17.350,0,,26.374,0,26.600,0,24.376,0,182.7,25:23.596,11:10:23.596,0:26.374,0:26.600,0:24.376,271.5,Sheldon van der Linde,,GTP,,BMW M Team WRT,BMW,GF,
24,2,15,1:18.549,0,,26.606,0,27.471,0,24.472,0,179.9,26:42.145,11:11:42.145,0:26.606,0:27.471,0:24.472,270.4,Sheldon van der Linde,,GTP,,BMW M Team WRT,BMW,GF,
24,2,16,1:16.572,0,,26.384,0,26.225,0,23.963,0,184.5,27:58.717,11:12:58.717,0:26.384,0:26.225,0:23.963,272.6,Sheldon van der Linde,,GTP,,BMW M Team WRT,BMW,GF,
24,2,17,1:17.782,0,,26.851,0,26.411,0,24.520,0,181.7,29:16.499,11:14:16.499,0:26.851,0:26.411,0:24.520,263.3,Sheldon van der Linde,,GTP,,BMW M Team WRT,BMW,GF,
24,2,18,1:17.677,0,,26.378,0,26.859,0,24.440,0,181.9,30:34.176,11:15:34.176,0:26.378,0:26.859,0:24.440,266.5,Sheldon van der Linde,,GTP,,BMW M Team WRT,BMW,GF,
24,2,19,1:18.000,0,,26.995,0,26.538,0,24.467,0,181.2,31:52.176,11:16:52.176,0:26.995,0:26.538,0:24.467,268.7,Sheldon van der Linde,,GTP,,BMW M Team WRT,BMW,GF,
24,2,20,1:17.194,0,,26.485,0,26.475,0,24.234,0,183.1,33:09.370,11:18:09.370,0:26.485,0:26.475,0:24.234,266.5,Sheldon van der Linde,,GTP,,BMW M Team WRT,BMW,GF,
24,2,21,1:16.944,0,,26.498,0,26.496,0,23.950,1,183.6,34:26.314,11:19:26.314,0:26.498,0:26.496,0:23.950,259.2,Sheldon van der Linde,,GTP,,BMW M Team WRT,BMW,GF,
24,2,22,1:17.198,0,,26.568,0,26.494,0,24.136,0,183.0,35:43.512,11:20:43.512,0:26.568,0:26.494,0:24.136,259.7,Sheldon van der Linde,,GTP,,BMW M Team WRT,BMW,GF,
24,2,23,1:17.596,0,,26.694,0,26.705,0,24.197,0,182.1,37:01.108,11:22:01.108,0:26.694,0:26.705,0:24.197,261.3,Sheldon van der Linde,,GTP,,BMW M Team WRT,BMW,GF,
24,2,24,1:19.489,0,,26.711,0,26.950,0,25.828,0,177.8,38:20.597,11:23:20.597,0:26.711,0:26.950,0:25.828,262.3,Sheldon van der Linde,,GTP,,BMW M Team WRT,BMW,GF,
24,2,25,1:17.068,0,,26.473,0,26.490,0,24.105,0,183.4,39:37.665,11:24:37.665,0:26.473,0:26.490,0:24.105,260.2,Sheldon van der Linde,,GTP,,BMW M Team WRT,BMW,GF,
24,2,26,1:19.098,0,,26.983,0,26.536,0,25.579,0,178.6,40:56.763,11:25:56.763,0:26.983,0:26.536,0:25.579,261.8,Sheldon van der Linde,,GTP,,BMW M Team WRT,BMW,GF,
24,2,27,1:18.732,0,,27.928,0,26.532,0,24.272,0,179.5,42:15.495,11:27:15.495,0:27.928,0:26.532,0:24.272,279.0,Sheldon van der Linde,,GTP,,BMW M Team WRT,BMW,GF,
24,2,28,1:17.049,0,,26.735,0,26.211,0,24.103,0,183.4,43:32.544,11:28:32.544,0:26.735,0:26.211,0:24.103,282.6,Sheldon van der Linde,,GTP,,BMW M Team WRT,BMW,GF,
24,2,29,1:16.821,0,,26.403,0,26.401,0,24.017,0,183.9,44:49.365,11:29:49.365,0:26.403,0:26.401,0:24.017,285.6,Sheldon van der Linde,,GTP,,BMW M Team WRT,BMW,GF,
24,2,30,1:17.252,0,,26.678,0,26.294,0,24.280,0,182.9,46:06.617,11:31:06.617,0:26.678,0:26.294,0:24.280,284.4,Sheldon van der Linde,,GTP,,BMW M Team WRT,BMW,GF,
24,2,31,1:39.704,0,B,26.473,0,26.898,0,46.333,0,141.7,47:46.321,11:32:46.321,0:26.473,0:26.898,0:46.333,285.6,Sheldon van der Linde,,GTP,,BMW M Team WRT,BMW,GF,
24,1,32,4:46.338,0,,3:54.941,0,27.125,0,24.272,0,49.3,52:32.659,11:37:32.659,3:54.941,0:27.125,0:24.272,277.2,Dries Vanthoor,0:03:59.405,GTP,,BMW M Team WRT,BMW,GF,
24,1,33,1:18.488,0,,27.032,0,27.048,0,24.408,0,180.0,53:51.147,11:38:51.147,0:27.032,0:27.048,0:24.408,285.0,Dries Vanthoor,,GTP,,BMW M Team WRT,BMW,GF,
24,1,34,1:16.784,0,,26.376,0,26.351,0,24.057,0,184.0,55:07.931,11:40:07.931,0:26.376,0:26.351,0:24.057,286.2,Dries Vanthoor,,GTP,,BMW M Team WRT,BMW,GF,
24,1,35,1:20.284,0,,27.283,0,26.927,0,26.074,0,176.0,56:28.215,11:41:28.215,0:27.283,0:26.927,0:26.074,279.0,Dries Vanthoor,,GTP,,BMW M Team WRT,BMW,GF,
24,1,36,1:17.595,0,,26.434,0,26.526,0,24.635,0,182.1,57:45.810,11:42:45.810,0:26.434,0:26.526,0:24.635,286.9,Dries Vanthoor,,GTP,,BMW M Team WRT,BMW,GF,
24,1,37,1:16.788,0,,26.246,0,26.415,0,24.127,0,184.0,59:02.598,11:44:02.598,0:26.246,0:26.415,0:24.127,283.2,Dries Vanthoor,,GTP,,BMW M Team WRT,BMW,GF,
24,1,38,1:25.940,0,,34.375,0,27.010,0,24.555,0,164.4,1:00:28.538,11:45:28.538,0:34.375,0:27.010,0:24.555,284.4,Dries Vanthoor,,GTP,,BMW M Team WRT,BMW,GF,
24,1,39,1:17.091,0,,26.493,0,26.446,0,24.152,0,183.3,1:01:45.629,11:46:45.629,0:26.493,0:26.446,0:24.152,284.4,Dries Vanthoor,,GTP,,BMW M Team WRT,BMW,GF,
24,1,40,1:16.691,0,,26.294,0,26.306,0,24.091,0,184.3,1:03:02.320,11:48:02.320,0:26.294,0:26.306,0:24.091,285.6,Dries Vanthoor,,GTP,,BMW M Team WRT,BMW,GF,
24,1,41,1:39.810,0,B,26.284,0,27.972,0,45.554,0,141.6,1:04:42.130,11:49:42.130,0:26.284,0:27.972,0:45.554,230.2,Dries Vanthoor,,GTP,,BMW M Team WRT,BMW,GF,
24,1,42,7:34.827,0,B,6:22.013,0,27.290,0,45.524,0,31.1,1:12:16.957,11:57:16.957,6:22.013,0:27.290,0:45.524,275.5,Dries Vanthoor,0:06:24.771,GTP,,BMW M Team WRT,BMW,GF,
24,1,43,3:20.277,0,,2:27.856,0,27.848,0,24.573,0,70.6,1:15:37.234,12:00:37.234,2:27.856,0:27.848,0:24.573,273.7,Dries Vanthoor,0:02:29.519,GTP,,BMW M Team WRT,BMW,GF,
24,1,44,1:18.097,0,,26.958,0,26.615,0,24.524,0,180.9,1:16:55.331,12:01:55.331,0:26.958,0:26.615,0:24.524,285.6,Dries Vanthoor,,GTP,,BMW M Team WRT,BMW,GF,
24,1,45,1:16.712,0,,26.259,0,26.351,0,24.102,0,184.2,1:18:12.043,12:03:12.043,0:26.259,0:26.351,0:24.102,291.3,Dries Vanthoor,,GTP,,BMW M Team WRT,BMW,GF,
24,1,46,1:16.167,0,,26.064,0,26.277,0,23.826,0,185.5,1:19:28.210,12:04:28.210,0:26.064,0:26.277,0:23.826,292.6,Dries Vanthoor,,GTP,,BMW M Team WRT,BMW,GF,
24,1,47,1:17.863,0,,26.549,0,26.620,0,24.694,0,181.5,1:20:46.073,12:05:46.073,0:26.549,0:26.620,0:24.694,292.0,Dries Vanthoor,,GTP,,BMW M Team WRT,BMW,GF,
24,1,48,1:22.216,0,,26.154,0,31.484,0,24.578,0,171.9,1:22:08.289,12:07:08.289,0:26.154,0:31.484,0:24.578,292.6,Dries Vanthoor,,GTP,,BMW M Team WRT,BMW,GF,
24,1,49,1:16.243,0,,26.140,0,26.218,0,23.885,0,185.3,1:23:24.532,12:08:24.532,0:26.140,0:26.218,0:23.885,290.7,Dries Vanthoor,,GTP,,BMW M Team WRT,BMW,GF,
24,1,50,1:20.418,0,,26.747,0,28.052,0,25.619,0,175.7,1:24:44.950,12:09:44.950,0:26.747,0:28.052,0:25.619,225.1,Dries Vanthoor,,GTP,,BMW M Team WRT,BMW,GF,
24,1,51,1:16.031,0,,26.051,2,26.183,0,23.797,0,185.9,1:26:00.981,12:11:00.981,0:26.051,0:26.183,0:23.797,290.7,Dries Vanthoor,,GTP,,BMW M Team WRT,BMW,GF,
24,1,52,1:17.835,0,,26.375,0,26.674,0,24.786,0,181.5,1:27:18.816,12:12:18.816,0:26.375,0:26.674,0:24.786,285.0,Dries Vanthoor,,GTP,,BMW M Team WRT,BMW,GF,
24,1,53,1:15.876,2,,26.070,0,26.014,2,23.792,0,186.2,1:28:34.692,12:13:34.692,0:26.070,0:26.014,0:23.792,290.7,Dries Vanthoor,,GTP,,BMW M Team WRT,BMW,GF,
24,1,54,1:38.376,0,B,26.169,0,26.699,0,45.508,0,143.6,1:30:13.068,12:15:13.068,0:26.169,0:26.699,0:45.508,290.7,Dries Vanthoor,,GTP,,BMW M Team WRT,BMW,FF,
25,1,1,2:17.962,0,,1:19.040,0,31.797,0,27.125,0,102.4,2:17.962,10:47:17.962,1:19.040,0:31.797,0:27.125,206.4,Philipp Eng,0:00:47.366,GTP,,BMW M Team WRT,BMW,GF,
25,1,2,1:43.993,0,B,28.735,0,28.629,0,46.629,0,135.9,4:01.955,10:49:01.955,0:28.735,0:28.629,0:46.629,242.0,Philipp Eng,,GTP,,BMW M Team WRT,BMW,GF,
25,1,3,2:16.020,0,,1:18.608,0,30.368,0,27.044,0,103.9,6:17.975,10:51:17.975,1:18.608,0:30.368,0:27.044,228.2,Philipp Eng,0:01:18.280,GTP,,BMW M Team WRT,BMW,GF,
25,1,4,1:19.748,0,,27.818,0,27.548,0,24.382,0,177.2,7:37.723,10:52:37.723,0:27.818,0:27.548,0:24.382,263.9,Philipp Eng,,GTP,,BMW M Team WRT,BMW,GF,
25,1,5,1:17.175,0,,26.340,0,26.484,0,24.351,0,183.1,8:54.898,10:53:54.898,0:26.340,0:26.484,0:24.351,285.6,Philipp Eng,,GTP,,BMW M Team WRT,BMW,GF,
25,1,6,1:47.031,0,B,26.263,0,27.844,0,52.924,0,132.0,10:41.929,10:55:41.929,0:26.263,0:27.844,0:52.924,292.0,Philipp Eng,,GTP,,BMW M Team WRT,BMW,RF,
25,1,7,3:31.393,0,,2:39.823,0,26.979,0,24.591,0,66.8,14:13.322,10:59:13.322,2:39.823,0:26.979,0:24.591,277.8,Philipp Eng,0:02:42.774,GTP,,BMW M Team WRT,BMW,GF,
25,1,8,1:15.903,2,,26.023,0,26.242,0,23.638,2,186.2,15:29.225,11:00:29.225,0:26.023,0:26.242,0:23.638,291.3,Philipp Eng,,GTP,,BMW M Team WRT,BMW,GF,
25,1,9,1:21.397,0,,30.414,0,26.588,0,24.395,0,173.6,16:50.622,11:01:50.622,0:30.414,0:26.588,0:24.395,286.9,Philipp Eng,,GTP,,BMW M Team WRT,BMW,GF,
25,1,10,1:16.073,0,,25.868,4,26.415,0,23.790,0,185.8,18:06.695,11:03:06.695,0:25.868,0:26.415,0:23.790,292.0,Philipp Eng,,GTP,,BMW M Team WRT,BMW,GF,
25,1,11,1:19.844,0,,27.754,0,27.413,0,24.677,0,177.0,19:26.539,11:04:26.539,0:27.754,0:27.413,0:24.677,279.6,Philipp Eng,,GTP,,BMW M Team WRT,BMW,GF,
25,1,12,1:37.675,0,B,26.366,0,26.355,0,44.954,0,144.7,21:04.214,11:06:04.214,0:26.366,0:26.355,0:44.954,289.4,Philipp Eng,,GTP,,BMW M Team WRT,BMW,GF,
25,2,13,3:20.430,0,,2:24.771,0,30.026,0,25.633,0,70.5,24:24.644,11:09:24.644,2:24.771,0:30.026,0:25.633,235.6,Marco Wittmann,0:02:24.578,GTP,,BMW M Team WRT,BMW,GF,
25,2,14,1:21.467,0,,27.665,0,28.791,0,25.011,0,173.5,25:46.111,11:10:46.111,0:27.665,0:28.791,0:25.011,264.4,Marco Wittmann,,GTP,,BMW M Team WRT,BMW,GF,
25,2,15,1:18.263,0,,26.868,0,27.041,0,24.354,0,180.6,27:04.374,11:12:04.374,0:26.868,0:27.041,0:24.354,279.0,Marco Wittmann,,GTP,,BMW M Team WRT,BMW,GF,
25,2,16,1:19.292,0,,26.801,0,28.056,0,24.435,0,178.2,28:23.666,11:13:23.666,0:26.801,0:28.056,0:24.435,269.3,Marco Wittmann,,GTP,,BMW M Team WRT,BMW,GF,
25,2,17,1:23.440,0,,31.185,0,27.432,0,24.823,0,169.4,29:47.106,11:14:47.106,0:31.185,0:27.432,0:24.823,266.5,Marco Wittmann,,GTP,,BMW M Team WRT,BMW,GF,
25,2,18,1:17.780,0,,26.944,0,26.701,0,24.135,0,181.7,31:04.886,11:16:04.886,0:26.944,0:26.701,0:24.135,267.6,Marco Wittmann,,GTP,,BMW M Team WRT,BMW,GF,
25,2,19,1:16.941,0,,26.462,1,26.561,0,23.918,1,183.7,32:21.827,11:17:21.827,0:26.462,0:26.561,0:23.918,268.7,Marco Wittmann,,GTP,,BMW M Team WRT,BMW,GF,
25,2,20,1:21.521,0,,30.526,0,26.698,0,24.297,0,173.3,33:43.348,11:18:43.348,0:30.526,0:26.698,0:24.297,271.5,Marco Wittmann,,GTP,,BMW M Team WRT,BMW,GF,
25,2,21,1:17.804,0,,26.707,0,26.826,0,24.271,0,181.6,35:01.152,11:20:01.152,0:26.707,0:26.826,0:24.271,272.1,Marco Wittmann,,GTP,,BMW M Team WRT,BMW,GF,
25,2,22,1:18.002,0,,26.547,0,26.565,0,24.890,0,181.2,36:19.154,11:21:19.154,0:26.547,0:26.565,0:24.890,270.9,Marco Wittmann,,GTP,,BMW M Team WRT,BMW,GF,
25,2,23,1:19.687,0,,27.340,0,26.986,0,25.361,0,177.3,37:38.841,11:22:38.841,0:27.340,0:26.986,0:25.361,261.8,Marco Wittmann,,GTP,,BMW M Team WRT,BMW,GF,
25,2,24,1:17.528,0,,26.667,0,26.605,0,24.256,0,182.3,38:56.369,11:23:56.369,0:26.667,0:26.605,0:24.256,260.2,Marco Wittmann,,GTP,,BMW M Team WRT,BMW,GF,
25,2,25,1:17.123,0,,26.523,0,26.508,0,24.092,0,183.2,40:13.492,11:25:13.492,0:26.523,0:26.508,0:24.092,260.2,Marco Wittmann,,GTP,,BMW M Team WRT,BMW,GF,
25,2,26,1:18.117,0,,26.863,0,26.888,0,24.366,0,180.9,41:31.609,11:26:31.609,0:26.863,0:26.888,0:24.366,262.8,Marco Wittmann,,GTP,,BMW M Team WRT,BMW,GF,
25,2,27,1:17.817,0,,26.503,0,26.570,0,24.744,0,181.6,42:49.426,11:27:49.426,0:26.503,0:26.570,0:24.744,262.8,Marco Wittmann,,GTP,,BMW M Team WRT,BMW,GF,
25,2,28,1:19.298,0,,27.084,0,27.343,0,24.871,0,178.2,44:08.724,11:29:08.724,0:27.084,0:27.343,0:24.871,270.9,Marco Wittmann,,GTP,,BMW M Team WRT,BMW,GF,
25,2,29,1:18.966,0,,26.708,0,27.557,0,24.701,0,178.9,45:27.690,11:30:27.690,0:26.708,0:27.557,0:24.701,268.2,Marco Wittmann,,GTP,,BMW M Team WRT,BMW,GF,
25,2,30,1:17.324,0,,26.579,0,26.462,0,24.283,0,182.7,46:45.014,11:31:45.014,0:26.579,0:26.462,0:24.283,264.9,Marco Wittmann,,GTP,,BMW M Team WRT,BMW,GF,
25,2,31,1:17.985,0,,27.003,0,26.631,0,24.351,0,181.2,48:02.999,11:33:02.999,0:27.003,0:26.631,0:24.351,262.8,Marco Wittmann,,GTP,,BMW M Team WRT,BMW,GF,
25,2,32,1:19.654,0,,27.116,0,27.783,0,24.755,0,177.4,49:22.653,11:34:22.653,0:27.116,0:27.783,0:24.755,270.9,Marco Wittmann,,GTP,,BMW M Team WRT,BMW,GF,
25,2,33,1:17.127,0,,26.604,0,26.482,0,24.041,0,183.2,50:39.780,11:35:39.780,0:26.604,0:26.482,0:24.041,267.1,Marco Wittmann,,GTP,,BMW M Team WRT,BMW,GF,
25,2,34,1:18.475,0,,26.903,0,26.859,0,24.713,0,180.1,51:58.255,11:36:58.255,0:26.903,0:26.859,0:24.713,281.4,Marco Wittmann,,GTP,,BMW M Team WRT,BMW,GF,
25,2,35,1:19.732,0,,27.558,0,27.488,0,24.686,0,177.2,53:17.987,11:38:17.987,0:27.558,0:27.488,0:24.686,282.0,Marco Wittmann,,GTP,,BMW M Team WRT,BMW,GF,
25,2,36,1:16.891,0,,26.472,0,26.367,1,24.052,0,183.8,54:34.878,11:39:34.878,0:26.472,0:26.367,0:24.052,283.2,Marco Wittmann,,GTP,,BMW M Team WRT,BMW,GF,
25,2,37,1:42.081,0,B,26.906,0,28.813,0,46.362,0,138.4,56:16.959,11:41:16.959,0:26.906,0:28.813,0:46.362,237.2,Marco Wittmann,,GTP,,BMW M Team WRT,BMW,GF,
25,1,38,5:06.904,0,,4:15.595,0,26.875,0,24.434,0,46.0,1:01:23.863,11:46:23.863,4:15.595,0:26.875,0:24.434,272.6,Philipp Eng,0:04:19.098,GTP,,BMW M Team WRT,BMW,GF,
25,1,39,1:18.433,0,,27.115,0,26.641,0,24.677,0,180.2,1:02:42.296,11:47:42.296,0:27.115,0:26.641,0:24.677,282.0,Philipp Eng,,GTP,,BMW M Team WRT,BMW,GF,
25,1,40,1:19.570,0,,26.517,0,26.847,0,26.206,0,177.6,1:04:01.866,11:49:01.866,0:26.517,0:26.847,0:26.206,286.2,Philipp Eng,,GTP,,BMW M Team WRT,BMW,GF,
25,1,41,1:17.975,0,,26.780,0,26.948,0,24.247,0,181.2,1:05:19.841,11:50:19.841,0:26.780,0:26.948,0:24.247,285.6,Philipp Eng,,GTP,,BMW M Team WRT,BMW,GF,
25,1,42,1:17.902,0,,26.872,0,26.436,0,24.594,0,181.4,1:06:37.743,11:51:37.743,0:26.872,0:26.436,0:24.594,283.8,Philipp Eng,,GTP,,BMW M Team WRT,BMW,GF,
25,1,43,1:17.275,0,,26.644,0,26.166,2,24.465,0,182.9,1:07:55.018,11:52:55.018,0:26.644,0:26.166,0:24.465,286.2,Philipp Eng,,GTP,,BMW M Team WRT,BMW,GF,
25,1,44,1:17.529,0,,26.512,0,26.353,0,24.664,0,182.3,1:09:12.547,11:54:12.547,0:26.512,0:26.353,0:24.664,286.2,Philipp Eng,,GTP,,BMW M Team WRT,BMW,GF,
25,1,45,1:19.470,0,,27.377,0,27.815,0,24.278,0,177.8,1:10:32.017,11:55:32.017,0:27.377,0:27.815,0:24.278,279.0,Philipp Eng,,GTP,,BMW M Team WRT,BMW,GF,
25,1,46,1:18.447,0,,26.350,0,26.538,0,25.559,0,180.1,1:11:50.464,11:56:50.464,0:26.350,0:26.538,0:25.559,286.9,Philipp Eng,,GTP,,BMW M Team WRT,BMW,GF,
25,1,47,1:19.946,0,,26.704,0,27.250,0,25.992,0,176.8,1:13:10.410,11:58:10.410,0:26.704,0:27.250,0:25.992,262.8,Philipp Eng,,GTP,,BMW M Team WRT,BMW,GF,
25,1,48,1:17.682,0,,26.905,0,26.625,0,24.152,0,181.9,1:14:28.092,11:59:28.092,0:26.905,0:26.625,0:24.152,277.2,Philipp Eng,,GTP,,BMW M Team WRT,BMW,GF,
25,1,49,1:38.216,0,B,26.460,0,26.357,0,45.399,0,143.9,1:16:06.308,12:01:06.308,0:26.460,0:26.357,0:45.399,277.2,Philipp Eng,,GTP,,BMW M Team WRT,BMW,GF,
25,1,50,3:37.697,0,,2:43.222,0,29.034,0,25.441,0,64.9,1:19:44.005,12:04:44.005,2:43.222,0:29.034,0:25.441,243.8,Philipp Eng,0:02:45.140,GTP,,BMW M Team WRT,BMW,GF,
25,1,51,1:22.699,0,,31.210,0,27.066,0,24.423,0,170.9,1:21:06.704,12:06:06.704,0:31.210,0:27.066,0:24.423,275.5,Philipp Eng,,GTP,,BMW M Team WRT,BMW,GF,
25,1,52,1:17.429,0,,26.657,0,26.666,0,24.106,0,182.5,1:22:24.133,12:07:24.133,0:26.657,0:26.666,0:24.106,288.1,Philipp Eng,,GTP,,BMW M Team WRT,BMW,GF,
25,1,53,1:17.900,0,,26.755,0,26.810,0,24.335,0,181.4,1:23:42.033,12:08:42.033,0:26.755,0:26.810,0:24.335,276.6,Philipp Eng,,GTP,,BMW M Team WRT,BMW,GF,
25,1,54,1:17.287,0,,26.472,0,26.615,0,24.200,0,182.8,1:24:59.320,12:09:59.320,0:26.472,0:26.615,0:24.200,280.8,Philipp Eng,,GTP,,BMW M Team WRT,BMW,GF,
25,1,55,1:17.184,0,,26.564,0,26.496,0,24.124,0,183.1,1:26:16.504,12:11:16.504,0:26.564,0:26.496,0:24.124,291.3,Philipp Eng,,GTP,,BMW M Team WRT,BMW,GF,
25,1,56,1:18.873,0,,28.078,0,26.616,0,24.179,0,179.2,1:27:35.377,12:12:35.377,0:28.078,0:26.616,0:24.179,277.8,Philipp Eng,,GTP,,BMW M Team WRT,BMW,GF,
25,1,57,1:17.178,0,,26.517,0,26.579,0,24.082,0,183.1,1:28:52.555,12:13:52.555,0:26.517,0:26.579,0:24.082,281.4,Philipp Eng,,GTP,,BMW M Team WRT,BMW,GF,
25,1,58,1:18.685,0,,26.469,0,27.261,0,24.955,0,179.6,1:30:11.240,12:15:11.240,0:26.469,0:27.261,0:24.955,279.6,Philipp Eng,,GTP,,BMW M Team WRT,BMW,FF,
27,2,1,2:23.666,0,,1:21.008,0,31.967,0,30.691,0,98.4,2:23.666,10:47:23.666,1:21.008,0:31.967,0:30.691,209.7,Thomas Gamble,0:00:53.529,GTD,,Heart of Racing Team,Aston Martin,GF,
27,2,2,1:27.774,0,,30.559,0,30.093,0,27.122,0,161.0,3:51.440,10:48:51.440,0:30.559,0:30.093,0:27.122,234.7,Thomas Gamble,,GTD,,Heart of Racing Team,Aston Martin,GF,
27,2,3,1:25.534,0,,29.608,0,29.179,0,26.747,0,165.2,5:16.974,10:50:16.974,0:29.608,0:29.179,0:26.747,239.0,Thomas Gamble,,GTD,,Heart of Racing Team,Aston Martin,GF,
27,2,4,1:24.734,0,,29.161,0,29.015,0,26.558,0,166.8,6:41.708,10:51:41.708,0:29.161,0:29.015,0:26.558,240.7,Thomas Gamble,,GTD,,Heart of Racing Team,Aston Martin,GF,
27,2,5,8:02.848,0,B,29.195,0,30.147,0,7:03.506,0,29.3,14:44.556,10:59:44.556,0:29.195,0:30.147,7:03.506,240.3,Thomas Gamble,,GTD,,Heart of Racing Team,Aston Martin,GF,
27,2,6,1:53.182,0,,51.790,0,34.010,0,27.382,0,124.8,16:37.738,11:01:37.738,0:51.790,0:34.010,0:27.382,133.5,Thomas Gamble,0:07:08.683,GTD,,Heart of Racing Team,Aston Martin,GF,
27,2,7,1:25.636,0,,29.669,0,29.237,0,26.730,0,165.0,18:03.374,11:03:03.374,0:29.669,0:29.237,0:26.730,239.0,Thomas Gamble,,GTD,,Heart of Racing Team,Aston Martin,GF,
27,2,8,1:25.476,0,,28.898,0,28.748,2,27.830,0,165.3,19:28.850,11:04:28.850,0:28.898,0:28.748,0:27.830,239.4,Thomas Gamble,,GTD,,Heart of Racing Team,Aston Martin,GF,
27,2,9,1:23.845,2,,28.710,2,28.782,0,26.353,2,168.5,20:52.695,11:05:52.695,0:28.710,0:28.782,0:26.353,239.8,Thomas Gamble,,GTD,,Heart of Racing Team,Aston Martin,GF,
27,2,10,1:25.066,0,,29.744,0,28.868,0,26.454,0,166.1,22:17.761,11:07:17.761,0:29.744,0:28.868,0:26.454,239.4,Thomas Gamble,,GTD,,Heart of Racing Team,Aston Martin,GF,
27,2,11,5:31.982,0,B,28.745,0,28.900,0,4:34.337,0,42.6,27:49.743,11:12:49.743,0:28.745,0:28.900,4:34.337,239.4,Thomas Gamble,,GTD,,Heart of Racing Team,Aston Martin,GF,
27,2,12,1:44.377,0,,48.782,0,28.944,0,26.651,0,135.4,29:34.120,11:14:34.120,0:48.782,0:28.944,0:26.651,237.2,Thomas Gamble,0:04:39.157,GTD,,Heart of Racing Team,Aston Martin,GF,
27,2,13,1:26.921,0,,29.158,0,29.668,0,28.095,0,162.6,31:01.041,11:16:01.041,0:29.158,0:29.668,0:28.095,237.2,Thomas Gamble,,GTD,,Heart of Racing Team,Aston Martin,GF,
27,2,14,1:26.135,0,,28.895,0,29.806,0,27.434,0,164.1,32:27.176,11:17:27.176,0:28.895,0:29.806,0:27.434,239.0,Thomas Gamble,,GTD,,Heart of Racing Team,Aston Martin,GF,
27,2,15,6:40.738,0,B,29.025,0,29.319,0,5:42.394,0,35.3,39:07.914,11:24:07.914,0:29.025,0:29.319,5:42.394,239.4,Thomas Gamble,,GTD,,Heart of Racing Team,Aston Martin,GF,
27,2,16,1:48.481,0,,50.875,0,29.791,0,27.815,0,130.3,40:56.395,11:25:56.395,0:50.875,0:29.791,0:27.815,239.8,Thomas Gamble,0:05:47.272,GTD,,Heart of Racing Team,Aston Martin,GF,
27,2,17,1:27.504,0,,29.264,0,30.991,0,27.249,0,161.5,42:23.899,11:27:23.899,0:29.264,0:30.991,0:27.249,209.0,Thomas Gamble,,GTD,,Heart of Racing Team,Aston Martin,GF,
27,2,18,5:44.301,0,B,28.905,0,28.866,0,4:46.530,0,41.0,48:08.200,11:33:08.200,0:28.905,0:28.866,4:46.530,240.3,Thomas Gamble,,GTD,,Heart of Racing Team,Aston Martin,GF,
27,1,19,1:49.177,0,,52.416,0,30.027,0,26.734,0,129.4,49:57.377,11:34:57.377,0:52.416,0:30.027,0:26.734,236.8,Dudu Barrichello,0:04:49.168,GTD,,Heart of Racing Team,Aston Martin,GF,
27,1,20,1:26.279,0,,29.822,0,29.659,0,26.798,0,163.8,51:23.656,11:36:23.656,0:29.822,0:29.659,0:26.798,237.7,Dudu Barrichello,,GTD,,Heart of Racing Team,Aston Martin,GF,
27,1,21,1:25.551,0,,29.259,0,29.804,0,26.488,0,165.2,52:49.207,11:37:49.207,0:29.259,0:29.804,0:26.488,239.8,Dudu Barrichello,,GTD,,Heart of Racing Team,Aston Martin,GF,
27,1,22,1:24.585,0,,28.896,1,29.145,0,26.544,0,167.1,54:13.792,11:39:13.792,0:28.896,0:29.145,0:26.544,239.4,Dudu Barrichello,,GTD,,Heart of Racing Team,Aston Martin,GF,
27,1,23,1:24.462,0,,28.917,0,29.009,0,26.536,0,167.3,55:38.254,11:40:38.254,0:28.917,0:29.009,0:26.536,240.3,Dudu Barrichello,,GTD,,Heart of Racing Team,Aston Martin,GF,
27,1,24,8:09.918,0,B,29.096,0,30.033,0,7:10.789,0,28.8,1:03:48.172,11:48:48.172,0:29.096,0:30.033,7:10.789,239.4,Dudu Barrichello,,GTD,,Heart of Racing Team,Aston Martin,GF,
27,1,25,1:49.136,0,,51.525,0,30.672,0,26.939,0,129.5,1:05:37.308,11:50:37.308,0:51.525,0:30.672,0:26.939,196.8,Dudu Barrichello,0:07:15.540,GTD,,Heart of Racing Team,Aston Martin,GF,
27,1,26,1:26.065,0,,29.379,0,30.072,0,26.614,0,164.2,1:07:03.373,11:52:03.373,0:29.379,0:30.072,0:26.614,220.2,Dudu Barrichello,,GTD,,Heart of Racing Team,Aston Martin,GF,
27,1,27,1:24.825,0,,29.157,0,29.191,0,26.477,0,166.6,1:08:28.198,11:53:28.198,0:29.157,0:29.191,0:26.477,240.7,Dudu Barrichello,,GTD,,Heart of Racing Team,Aston Martin,GF,
27,1,28,1:24.301,0,,28.960,0,28.951,1,26.390,1,167.6,1:09:52.499,11:54:52.499,0:28.960,0:28.951,0:26.390,239.8,Dudu Barrichello,,GTD,,Heart of Racing Team,Aston Martin,GF,
27,1,29,1:25.507,0,,28.930,0,29.099,0,27.478,0,165.3,1:11:18.006,11:56:18.006,0:28.930,0:29.099,0:27.478,240.7,Dudu Barrichello,,GTD,,Heart of Racing Team,Aston Martin,GF,
27,1,30,6:55.582,0,B,29.670,0,30.347,0,5:55.565,0,34.0,1:18:13.588,12:03:13.588,0:29.670,0:30.347,5:55.565,241.6,Dudu Barrichello,,GTD,,Heart of Racing Team,Aston Martin,GF,
27,2,31,1:45.597,0,,48.853,0,29.325,0,27.419,0,133.8,1:19:59.185,12:04:59.185,0:48.853,0:29.325,0:27.419,239.0,Thomas Gamble,0:05:57.385,GTD,,Heart of Racing Team,Aston Martin,GF,
27,2,32,1:24.743,0,,29.159,0,28.999,0,26.585,0,166.7,1:21:23.928,12:06:23.928,0:29.159,0:28.999,0:26.585,239.8,Thomas Gamble,,GTD,,Heart of Racing Team,Aston Martin,GF,
27,2,33,1:24.996,0,,29.087,0,29.291,0,26.618,0,166.3,1:22:48.924,12:07:48.924,0:29.087,0:29.291,0:26.618,239.8,Thomas Gamble,,GTD,,Heart of Racing Team,Aston Martin,GF,
27,2,34,1:24.569,0,,29.083,0,28.914,0,26.572,0,167.1,1:24:13.493,12:09:13.493,0:29.083,0:28.914,0:26.572,239.4,Thomas Gamble,,GTD,,Heart of Racing Team,Aston Martin,GF,
27,2,35,1:25.847,0,,29.528,0,29.080,0,27.239,0,164.6,1:25:39.340,12:10:39.340,0:29.528,0:29.080,0:27.239,239.4,Thomas Gamble,,GTD,,Heart of Racing Team,Aston Martin,GF,
27,2,36,1:24.402,0,,28.983,0,28.907,0,26.512,0,167.4,1:27:03.742,12:12:03.742,0:28.983,0:28.907,0:26.512,241.6,Thomas Gamble,,GTD,,Heart of Racing Team,Aston Martin,GF,
27,2,37,1:27.457,0,,29.336,0,29.342,0,28.779,0,161.6,1:28:31.199,12:13:31.199,0:29.336,0:29.342,0:28.779,241.2,Thomas Gamble,,GTD,,Heart of Racing Team,Aston Martin,GF,
27,2,38,1:25.887,0,,29.116,0,29.015,0,27.756,0,164.5,1:29:57.086,12:14:57.086,0:29.116,0:29.015,0:27.756,242.0,Thomas Gamble,,GTD,,Heart of Racing Team,Aston Martin,GF,
3,1,1,2:17.301,0,,1:16.786,0,32.708,0,27.807,0,102.9,2:17.301,10:47:17.301,1:16.786,0:32.708,0:27.807,220.9,Antonio Garcia,0:00:45.317,GTDPRO,,Corvette Racing by Pratt Miller Motorsports,Chevrolet,GF,
3,1,2,1:27.740,0,,31.137,0,29.667,0,26.936,0,161.1,3:45.041,10:48:45.041,0:31.137,0:29.667,0:26.936,242.5,Antonio Garcia,,GTDPRO,,Corvette Racing by Pratt Miller Motorsports,Chevrolet,GF,
3,1,3,1:25.907,0,,29.266,0,29.883,0,26.758,0,164.5,5:10.948,10:50:10.948,0:29.266,0:29.883,0:26.758,244.7,Antonio Garcia,,GTDPRO,,Corvette Racing by Pratt Miller Motorsports,Chevrolet,GF,
3,1,4,1:24.478,0,,28.970,0,29.086,0,26.422,0,167.3,6:35.426,10:51:35.426,0:28.970,0:29.086,0:26.422,244.7,Antonio Garcia,,GTDPRO,,Corvette Racing by Pratt Miller Motorsports,Chevrolet,GF,
3,1,5,1:24.341,0,,28.879,0,29.150,0,26.312,0,167.5,7:59.767,10:52:59.767,0:28.879,0:29.150,0:26.312,245.2,Antonio Garcia,,GTDPRO,,Corvette Racing by Pratt Miller Motorsports,Chevrolet,GF,
3,1,6,1:23.959,0,,28.773,0,28.864,0,26.322,0,168.3,9:23.726,10:54:23.726,0:28.773,0:28.864,0:26.322,245.2,Antonio Garcia,,GTDPRO,,Corvette Racing by Pratt Miller Motorsports,Chevrolet,GF,
3,1,7,1:57.490,0,B,35.456,0,33.474,0,48.560,0,120.3,11:21.216,10:56:21.216,0:35.456,0:33.474,0:48.560,207.7,Antonio Garcia,,GTDPRO,,Corvette Racing by Pratt Miller Motorsports,Chevrolet,RF,
3,1,8,6:24.835,0,,5:25.569,0,32.703,0,26.563,0,36.7,17:46.051,11:02:46.051,5:25.569,0:32.703,0:26.563,204.1,Antonio Garcia,0:05:21.135,GTDPRO,,Corvette Racing by Pratt Miller Motorsports,Chevrolet,GF,
3,1,9,1:24.420,0,,28.878,0,29.128,0,26.414,0,167.4,19:10.471,11:04:10.471,0:28.878,0:29.128,0:26.414,245.2,Antonio Garcia,,GTDPRO,,Corvette Racing by Pratt Miller Motorsports,Chevrolet,GF,
3,1,10,1:25.001,0,,29.187,0,29.478,0,26.336,0,166.2,20:35.472,11:05:35.472,0:29.187,0:29.478,0:26.336,245.7,Antonio Garcia,,GTDPRO,,Corvette Racing by Pratt Miller Motorsports,Chevrolet,GF,
3,1,11,1:24.443,0,,28.893,0,29.074,0,26.476,0,167.3,21:59.915,11:06:59.915,0:28.893,0:29.074,0:26.476,244.7,Antonio Garcia,,GTDPRO,,Corvette Racing by Pratt Miller Motorsports,Chevrolet,GF,
3,1,12,1:24.712,0,,28.898,0,28.981,0,26.833,0,166.8,23:24.627,11:08:24.627,0:28.898,0:28.981,0:26.833,245.2,Antonio Garcia,,GTDPRO,,Corvette Racing by Pratt Miller Motorsports,Chevrolet,GF,
3,1,13,1:24.257,0,,28.872,0,28.985,0,26.400,0,167.7,24:48.884,11:09:48.884,0:28.872,0:28.985,0:26.400,244.7,Antonio Garcia,,GTDPRO,,Corvette Racing by Pratt Miller Motorsports,Chevrolet,GF,
3,1,14,1:24.162,0,,28.873,0,28.951,0,26.338,0,167.9,26:13.046,11:11:13.046,0:28.873,0:28.951,0:26.338,245.2,Antonio Garcia,,GTDPRO,,Corvette Racing by Pratt Miller Motorsports,Chevrolet,GF,
3,1,15,1:44.840,0,B,29.007,0,29.384,0,46.449,0,134.8,27:57.886,11:12:57.886,0:29.007,0:29.384,0:46.449,244.7,Antonio Garcia,,GTDPRO,,Corvette Racing by Pratt Miller Motorsports,Chevrolet,GF,
3,1,16,6:13.338,0,,5:08.520,0,35.015,0,29.803,0,37.8,34:11.224,11:19:11.224,5:08.520,0:35.015,0:29.803,184.7,Antonio Garcia,0:05:06.147,GTDPRO,,Corvette Racing by Pratt Miller Motorsports,Chevrolet,GF,
3,1,17,1:27.108,0,,30.204,0,30.121,0,26.783,0,162.2,35:38.332,11:20:38.332,0:30.204,0:30.121,0:26.783,223.9,Antonio Garcia,,GTDPRO,,Corvette Racing by Pratt Miller Motorsports,Chevrolet,GF,
3,1,18,1:25.820,0,,28.848,0,30.117,0,26.855,0,164.7,37:04.152,11:22:04.152,0:28.848,0:30.117,0:26.855,229.4,Antonio Garcia,,GTDPRO,,Corvette Racing by Pratt Miller Motorsports,Chevrolet,GF,
3,1,19,1:24.029,0,,28.876,0,28.844,0,26.309,2,168.2,38:28.181,11:23:28.181,0:28.876,0:28.844,0:26.309,242.9,Antonio Garcia,,GTDPRO,,Corvette Racing by Pratt Miller Motorsports,Chevrolet,GF,
3,1,20,1:23.522,2,,28.500,2,28.689,2,26.333,0,169.2,39:51.703,11:24:51.703,0:28.500,0:28.689,0:26.333,244.3,Antonio Garcia,,GTDPRO,,Corvette Racing by Pratt Miller Motorsports,Chevrolet,GF,
3,1,21,1:28.428,0,,30.582,0,31.174,0,26.672,0,159.8,41:20.131,11:26:20.131,0:30.582,0:31.174,0:26.672,202.6,Antonio Garcia,,GTDPRO,,Corvette Racing by Pratt Miller Motorsports,Chevrolet,GF,
3,1,22,1:25.525,0,,28.763,0,28.758,0,28.004,0,165.2,42:45.656,11:27:45.656,0:28.763,0:28.758,0:28.004,244.3,Antonio Garcia,,GTDPRO,,Corvette Racing by Pratt Miller Motorsports,Chevrolet,GF,
3,1,23,1:45.562,0,B,29.094,0,29.459,0,47.009,0,133.9,44:31.218,11:29:31.218,0:29.094,0:29.459,0:47.009,241.6,Antonio Garcia,,GTDPRO,,Corvette Racing by Pratt Miller Motorsports,Chevrolet,GF,
3,1,24,4:44.372,0,,3:45.903,0,31.613,0,26.856,0,49.7,49:15.590,11:34:15.590,3:45.903,0:31.613,0:26.856,212.0,Antonio Garcia,0:03:41.565,GTDPRO,,Corvette Racing by Pratt Miller Motorsports,Chevrolet,GF,
3,1,25,1:24.253,0,,28.947,0,28.993,0,26.313,0,167.7,50:39.843,11:35:39.843,0:28.947,0:28.993,0:26.313,242.9,Antonio Garcia,,GTDPRO,,Corvette Racing by Pratt Miller Motorsports,Chevrolet,GF,
3,1,26,1:24.237,0,,28.741,0,28.901,0,26.595,0,167.7,52:04.080,11:37:04.080,0:28.741,0:28.901,0:26.595,246.1,Antonio Garcia,,GTDPRO,,Corvette Racing by Pratt Miller Motorsports,Chevrolet,GF,
3,1,27,1:44.433,0,B,28.775,0,28.883,0,46.775,0,135.3,53:48.513,11:38:48.513,0:28.775,0:28.883,0:46.775,247.0,Antonio Garcia,,GTDPRO,,Corvette Racing by Pratt Miller Motorsports,Chevrolet,GF,
3,2,28,4:15.683,0,,3:18.232,0,29.728,0,27.723,0,55.3,58:04.196,11:43:04.196,3:18.232,0:29.728,0:27.723,240.7,Alexander Sims,0:03:18.683,GTDPRO,,Corvette Racing by Pratt Miller Motorsports,Chevrolet,GF,
3,2,29,1:34.570,0,,29.089,0,38.697,0,26.784,0,149.4,59:38.766,11:44:38.766,0:29.089,0:38.697,0:26.784,115.2,Alexander Sims,,GTDPRO,,Corvette Racing by Pratt Miller Motorsports,Chevrolet,GF,
3,2,30,1:24.714,0,,28.885,0,29.229,0,26.600,0,166.8,1:01:03.480,11:46:03.480,0:28.885,0:29.229,0:26.600,242.9,Alexander Sims,,GTDPRO,,Corvette Racing by Pratt Miller Motorsports,Chevrolet,GF,
3,2,31,1:24.421,0,,28.784,1,29.163,0,26.474,1,167.4,1:02:27.901,11:47:27.901,0:28.784,0:29.163,0:26.474,243.8,Alexander Sims,,GTDPRO,,Corvette Racing by Pratt Miller Motorsports,Chevrolet,GF,
3,2,32,1:24.831,0,,29.223,0,29.088,0,26.520,0,166.6,1:03:52.732,11:48:52.732,0:29.223,0:29.088,0:26.520,243.8,Alexander Sims,,GTDPRO,,Corvette Racing by Pratt Miller Motorsports,Chevrolet,GF,
3,2,33,1:25.589,0,,29.760,0,29.264,0,26.565,0,165.1,1:05:18.321,11:50:18.321,0:29.760,0:29.264,0:26.565,242.0,Alexander Sims,,GTDPRO,,Corvette Racing by Pratt Miller Motorsports,Chevrolet,GF,
3,2,34,1:24.986,0,,29.367,0,29.007,0,26.612,0,166.3,1:06:43.307,11:51:43.307,0:29.367,0:29.007,0:26.612,243.4,Alexander Sims,,GTDPRO,,Corvette Racing by Pratt Miller Motorsports,Chevrolet,GF,
3,2,35,1:24.307,0,,28.793,0,29.000,1,26.514,0,167.6,1:08:07.614,11:53:07.614,0:28.793,0:29.000,0:26.514,244.7,Alexander Sims,,GTDPRO,,Corvette Racing by Pratt Miller Motorsports,Chevrolet,GF,
3,2,36,1:24.690,0,,29.058,0,29.049,0,26.583,0,166.9,1:09:32.304,11:54:32.304,0:29.058,0:29.049,0:26.583,243.8,Alexander Sims,,GTDPRO,,Corvette Racing by Pratt Miller Motorsports,Chevrolet,GF,
3,2,37,1:24.581,0,,28.896,0,29.077,0,26.608,0,167.1,1:10:56.885,11:55:56.885,0:28.896,0:29.077,0:26.608,243.8,Alexander Sims,,GTDPRO,,Corvette Racing by Pratt Miller Motorsports,Chevrolet,GF,
3,2,38,1:44.558,0,B,28.950,0,29.186,0,46.422,0,135.1,1:12:41.443,11:57:41.443,0:28.950,0:29.186,0:46.422,245.7,Alexander Sims,,GTDPRO,,Corvette Racing by Pratt Miller Motorsports,Chevrolet,GF,
3,2,39,5:15.909,0,,4:19.474,0,29.739,0,26.696,0,44.7,1:17:57.352,12:02:57.352,4:19.474,0:29.739,0:26.696,244.3,Alexander Sims,0:04:18.935,GTDPRO,,Corvette Racing by Pratt Miller Motorsports,Chevrolet,GF,
3,2,40,1:26.135,0,,28.862,0,30.444,0,26.829,0,164.1,1:19:23.487,12:04:23.487,0:28.862,0:30.444,0:26.829,244.3,Alexander Sims,,GTDPRO,,Corvette Racing by Pratt Miller Motorsports,Chevrolet,GF,
3,2,41,1:24.709,0,,28.980,0,29.128,0,26.601,0,166.8,1:20:48.196,12:05:48.196,0:28.980,0:29.128,0:26.601,244.7,Alexander Sims,,GTDPRO,,Corvette Racing by Pratt Miller Motorsports,Chevrolet,GF,
3,2,42,1:25.425,0,,29.194,0,29.207,0,27.024,0,165.4,1:22:13.621,12:07:13.621,0:29.194,0:29.207,0:27.024,244.7,Alexander Sims,,GTDPRO,,Corvette Racing by Pratt Miller Motorsports,Chevrolet,GF,
3,2,43,1:44.395,0,B,29.116,0,29.132,0,46.147,0,135.4,1:23:58.016,12:08:58.016,0:29.116,0:29.132,0:46.147,244.7,Alexander Sims,,GTDPRO,,Corvette Racing by Pratt Miller Motorsports,Chevrolet,GF,
3,2,44,3:28.228,0,,2:29.167,0,29.326,0,29.735,0,67.9,1:27:26.244,12:12:26.244,2:29.167,0:29.326,0:29.735,245.2,Alexander Sims,0:02:29.462,GTDPRO,,Corvette Racing by Pratt Miller Motorsports,Chevrolet,GF,
3,2,45,1:25.301,0,,29.530,0,29.131,0,26.640,0,165.7,1:28:51.545,12:13:51.545,0:29.530,0:29.131,0:26.640,244.3,Alexander Sims,,GTDPRO,,Corvette Racing by Pratt Miller Motorsports,Chevrolet,GF,
3,2,46,1:27.387,0,,29.032,0,29.315,0,29.040,0,161.7,1:30:18.932,12:15:18.932,0:29.032,0:29.315,0:29.040,244.3,Alexander Sims,,GTDPRO,,Corvette Racing by Pratt Miller Motorsports,Chevrolet,FF,
31,1,1,1:59.207,0,B,42.525,0,29.341,0,47.341,0,118.5,1:59.207,10:46:59.207,0:42.525,0:29.341,0:47.341,230.2,Jack Aitken,0:00:16.033,GTP,,Cadillac Whelen,Cadillac,GF,
31,2,2,2:14.879,0,,1:19.969,0,29.298,0,25.612,0,104.8,4:14.086,10:49:14.086,1:19.969,0:29.298,0:25.612,241.6,Earl Bamber,0:01:19.776,GTP,,Cadillac Whelen,Cadillac,GF,
31,2,3,1:20.061,0,,27.908,0,27.100,0,25.053,0,176.5,5:34.147,10:50:34.147,0:27.908,0:27.100,0:25.053,277.8,Earl Bamber,,GTP,,Cadillac Whelen,Cadillac,GF,
31,2,4,1:17.716,0,,26.798,0,26.536,0,24.382,0,181.8,6:51.863,10:51:51.863,0:26.798,0:26.536,0:24.382,279.0,Earl Bamber,,GTP,,Cadillac Whelen,Cadillac,GF,
31,2,5,1:17.916,0,,26.267,0,26.553,0,25.096,0,181.4,8:09.779,10:53:09.779,0:26.267,0:26.553,0:25.096,273.7,Earl Bamber,,GTP,,Cadillac Whelen,Cadillac,GF,
31,2,6,1:17.225,0,,26.785,0,26.274,0,24.166,0,183.0,9:27.004,10:54:27.004,0:26.785,0:26.274,0:24.166,284.4,Earl Bamber,,GTP,,Cadillac Whelen,Cadillac,GF,
31,2,7,1:54.873,0,B,33.095,0,33.305,0,48.473,0,123.0,11:21.877,10:56:21.877,0:33.095,0:33.305,0:48.473,186.2,Earl Bamber,,GTP,,Cadillac Whelen,Cadillac,RF,
31,2,8,2:55.736,0,,2:02.576,0,28.001,0,25.159,0,80.4,14:17.613,10:59:17.613,2:02.576,0:28.001,0:25.159,269.3,Earl Bamber,0:02:07.337,GTP,,Cadillac Whelen,Cadillac,GF,
31,2,9,1:17.943,0,,26.904,0,26.244,0,24.795,0,181.3,15:35.556,11:00:35.556,0:26.904,0:26.244,0:24.795,283.8,Earl Bamber,,GTP,,Cadillac Whelen,Cadillac,GF,
31,2,10,1:16.710,0,,26.662,0,26.088,2,23.960,0,184.2,16:52.266,11:01:52.266,0:26.662,0:26.088,0:23.960,286.2,Earl Bamber,,GTP,,Cadillac Whelen,Cadillac,GF,
31,2,11,1:19.300,0,,28.616,0,26.714,0,23.970,0,178.2,18:11.566,11:03:11.566,0:28.616,0:26.714,0:23.970,259.2,Earl Bamber,,GTP,,Cadillac Whelen,Cadillac,GF,
31,2,12,1:17.572,0,,27.171,0,26.358,0,24.043,0,182.2,19:29.138,11:04:29.138,0:27.171,0:26.358,0:24.043,285.0,Earl Bamber,,GTP,,Cadillac Whelen,Cadillac,GF,
31,2,13,1:16.734,0,,26.441,0,26.359,0,23.934,0,184.2,20:45.872,11:05:45.872,0:26.441,0:26.359,0:23.934,286.2,Earl Bamber,,GTP,,Cadillac Whelen,Cadillac,GF,
31,2,14,1:16.621,0,,26.429,0,26.213,0,23.979,0,184.4,22:02.493,11:07:02.493,0:26.429,0:26.213,0:23.979,286.9,Earl Bamber,,GTP,,Cadillac Whelen,Cadillac,GF,
31,2,15,1:16.968,0,,26.665,0,26.291,0,24.012,0,183.6,23:19.461,11:08:19.461,0:26.665,0:26.291,0:24.012,282.0,Earl Bamber,,GTP,,Cadillac Whelen,Cadillac,GF,
31,2,16,1:18.006,0,,26.292,0,26.754,0,24.960,0,181.1,24:37.467,11:09:37.467,0:26.292,0:26.754,0:24.960,290.0,Earl Bamber,,GTP,,Cadillac Whelen,Cadillac,GF,
31,2,17,1:16.689,0,,26.505,0,26.305,0,23.879,1,184.3,25:54.156,11:10:54.156,0:26.505,0:26.305,0:23.879,286.9,Earl Bamber,,GTP,,Cadillac Whelen,Cadillac,GF,
31,2,18,1:18.009,0,,26.885,0,26.896,0,24.228,0,181.1,27:12.165,11:12:12.165,0:26.885,0:26.896,0:24.228,275.5,Earl Bamber,,GTP,,Cadillac Whelen,Cadillac,GF,
31,2,19,1:16.491,0,,26.268,0,26.211,0,24.012,0,184.7,28:28.656,11:13:28.656,0:26.268,0:26.211,0:24.012,286.9,Earl Bamber,,GTP,,Cadillac Whelen,Cadillac,GF,
31,2,20,1:18.789,0,,27.058,0,27.223,0,24.508,0,179.3,29:47.445,11:14:47.445,0:27.058,0:27.223,0:24.508,265.5,Earl Bamber,,GTP,,Cadillac Whelen,Cadillac,GF,
31,2,21,1:17.978,0,,27.059,0,26.700,0,24.219,0,181.2,31:05.423,11:16:05.423,0:27.059,0:26.700,0:24.219,282.0,Earl Bamber,,GTP,,Cadillac Whelen,Cadillac,GF,
31,2,22,1:17.696,0,,26.578,0,27.109,0,24.009,0,181.9,32:23.119,11:17:23.119,0:26.578,0:27.109,0:24.009,277.8,Earl Bamber,,GTP,,Cadillac Whelen,Cadillac,GF,
31,2,23,1:16.979,0,,26.463,0,26.468,0,24.048,0,183.6,33:40.098,11:18:40.098,0:26.463,0:26.468,0:24.048,274.9,Earl Bamber,,GTP,,Cadillac Whelen,Cadillac,GF,
31,2,24,1:38.962,0,B,26.838,0,26.853,0,45.271,0,142.8,35:19.060,11:20:19.060,0:26.838,0:26.853,0:45.271,270.4,Earl Bamber,,GTP,,Cadillac Whelen,Cadillac,GF,
31,2,25,6:48.368,0,,5:56.589,0,27.829,0,23.950,0,34.6,42:07.428,11:27:07.428,5:56.589,0:27.829,0:23.950,258.7,Earl Bamber,0:05:59.630,GTP,,Cadillac Whelen,Cadillac,GF,
31,2,26,1:16.718,0,,26.387,0,26.247,0,24.084,0,184.2,43:24.146,11:28:24.146,0:26.387,0:26.247,0:24.084,288.1,Earl Bamber,,GTP,,Cadillac Whelen,Cadillac,GF,
31,2,27,1:16.464,0,,26.238,1,26.315,0,23.911,0,184.8,44:40.610,11:29:40.610,0:26.238,0:26.315,0:23.911,288.1,Earl Bamber,,GTP,,Cadillac Whelen,Cadillac,GF,
31,2,28,1:38.649,0,B,26.922,0,26.461,0,45.266,0,143.2,46:19.259,11:31:19.259,0:26.922,0:26.461,0:45.266,280.2,Earl Bamber,,GTP,,Cadillac Whelen,Cadillac,GF,
31,1,29,2:47.452,0,,1:56.158,0,26.719,0,24.575,0,84.4,49:06.711,11:34:06.711,1:56.158,0:26.719,0:24.575,275.5,Jack Aitken,0:01:59.486,GTP,,Cadillac Whelen,Cadillac,GF,
31,1,30,1:17.915,0,,26.854,0,27.129,0,23.932,0,181.4,50:24.626,11:35:24.626,0:26.854,0:27.129,0:23.932,283.8,Jack Aitken,,GTP,,Cadillac Whelen,Cadillac,GF,
31,1,31,1:17.061,0,,26.487,0,26.469,0,24.105,0,183.4,51:41.687,11:36:41.687,0:26.487,0:26.469,0:24.105,288.1,Jack Aitken,,GTP,,Cadillac Whelen,Cadillac,GF,
31,1,32,1:16.804,0,,26.533,0,26.325,0,23.946,0,184.0,52:58.491,11:37:58.491,0:26.533,0:26.325,0:23.946,289.4,Jack Aitken,,GTP,,Cadillac Whelen,Cadillac,GF,
31,1,33,1:34.937,0,,26.369,0,44.165,0,24.403,0,148.8,54:33.428,11:39:33.428,0:26.369,0:44.165,0:24.403,241.6,Jack Aitken,,GTP,,Cadillac Whelen,Cadillac,GF,
31,1,34,1:17.395,0,,26.533,0,26.520,0,24.342,0,182.6,55:50.823,11:40:50.823,0:26.533,0:26.520,0:24.342,287.5,Jack Aitken,,GTP,,Cadillac Whelen,Cadillac,GF,
31,1,35,1:37.536,0,B,26.323,0,26.526,0,44.687,0,144.9,57:28.359,11:42:28.359,0:26.323,0:26.526,0:44.687,288.1,Jack Aitken,,GTP,,Cadillac Whelen,Cadillac,GF,
31,1,36,10:25.120,0,,9:29.295,0,29.899,0,25.926,0,22.6,1:07:53.479,11:52:53.479,9:29.295,0:29.899,0:25.926,255.7,Jack Aitken,0:09:29.344,GTP,,Cadillac Whelen,Cadillac,GF,
31,1,37,1:21.631,0,,28.976,0,27.548,0,25.107,0,173.1,1:09:15.110,11:54:15.110,0:28.976,0:27.548,0:25.107,282.0,Jack Aitken,,GTP,,Cadillac Whelen,Cadillac,GF,
31,1,38,1:19.877,0,,27.831,0,27.337,0,24.709,0,176.9,1:10:34.987,11:55:34.987,0:27.831,0:27.337,0:24.709,281.4,Jack Aitken,,GTP,,Cadillac Whelen,Cadillac,GF,
31,1,39,1:19.531,0,,27.035,0,26.918,0,25.578,0,177.7,1:11:54.518,11:56:54.518,0:27.035,0:26.918,0:25.578,286.2,Jack Aitken,,GTP,,Cadillac Whelen,Cadillac,GF,
31,1,40,1:19.198,0,,26.150,0,26.206,0,26.842,0,178.4,1:13:13.716,11:58:13.716,0:26.150,0:26.206,0:26.842,287.5,Jack Aitken,,GTP,,Cadillac Whelen,Cadillac,GF,
31,1,41,1:16.070,0,,26.175,0,26.190,1,23.705,0,185.8,1:14:29.786,11:59:29.786,0:26.175,0:26.190,0:23.705,289.4,Jack Aitken,,GTP,,Cadillac Whelen,Cadillac,GF,
31,1,42,1:15.793,2,,25.972,2,26.199,0,23.622,2,186.4,1:15:45.579,12:00:45.579,0:25.972,0:26.199,0:23.622,290.0,Jack Aitken,,GTP,,Cadillac Whelen,Cadillac,GF,
31,1,43,1:16.229,0,,26.065,0,26.337,0,23.827,0,185.4,1:17:01.808,12:02:01.808,0:26.065,0:26.337,0:23.827,289.4,Jack Aitken,,GTP,,Cadillac Whelen,Cadillac,GF,
31,1,44,1:16.562,0,,26.266,0,26.398,0,23.898,0,184.6,1:18:18.370,12:03:18.370,0:26.266,0:26.398,0:23.898,273.7,Jack Aitken,,GTP,,Cadillac Whelen,Cadillac,GF,
31,1,45,1:17.496,0,,26.377,0,26.811,0,24.308,0,182.3,1:19:35.866,12:04:35.866,0:26.377,0:26.811,0:24.308,266.5,Jack Aitken,,GTP,,Cadillac Whelen,Cadillac,GF,
31,1,46,1:18.084,0,,26.502,0,26.818,0,24.764,0,181.0,1:20:53.950,12:05:53.950,0:26.502,0:26.818,0:24.764,268.7,Jack Aitken,,GTP,,Cadillac Whelen,Cadillac,GF,
31,1,47,1:17.582,0,,26.635,0,26.770,0,24.177,0,182.1,1:22:11.532,12:07:11.532,0:26.635,0:26.770,0:24.177,267.1,Jack Aitken,,GTP,,Cadillac Whelen,Cadillac,GF,
31,1,48,1:17.334,0,,26.480,0,26.369,0,24.485,0,182.7,1:23:28.866,12:08:28.866,0:26.480,0:26.369,0:24.485,269.8,Jack Aitken,,GTP,,Cadillac Whelen,Cadillac,GF,
31,1,49,1:17.691,0,,26.347,0,26.711,0,24.633,0,181.9,1:24:46.557,12:09:46.557,0:26.347,0:26.711,0:24.633,266.0,Jack Aitken,,GTP,,Cadillac Whelen,Cadillac,GF,
31,1,50,1:17.055,0,,26.673,0,26.371,0,24.011,0,183.4,1:26:03.612,12:11:03.612,0:26.673,0:26.371,0:24.011,289.4,Jack Aitken,,GTP,,Cadillac Whelen,Cadillac,GF,
31,1,51,1:17.134,0,,26.271,0,26.462,0,24.401,0,183.2,1:27:20.746,12:12:20.746,0:26.271,0:26.462,0:24.401,291.3,Jack Aitken,,GTP,,Cadillac Whelen,Cadillac,GF,
31,1,52,1:16.842,0,,26.879,0,26.210,0,23.753,0,183.9,1:28:37.588,12:13:37.588,0:26.879,0:26.210,0:23.753,289.4,Jack Aitken,,GTP,,Cadillac Whelen,Cadillac,GF,
31,1,53,1:17.916,0,,26.126,0,26.317,0,25.473,0,181.4,1:29:55.504,12:14:55.504,0:26.126,0:26.317,0:25.473,292.0,Jack Aitken,,GTP,,Cadillac Whelen,Cadillac,GF,
31,1,54,1:39.929,0,B,26.667,0,26.628,0,46.634,0,141.4,1:31:35.433,12:16:35.433,0:26.667,0:26.628,0:46.634,290.0,Jack Aitken,,GTP,,Cadillac Whelen,Cadillac,FF,
34,2,1,3:08.774,0,,2:08.034,0,32.472,0,28.268,0,74.9,3:08.774,10:48:08.774,2:08.034,0:32.472,0:28.268,227.4,Lorenzo Patrese,0:01:36.415,GTD,,Conquest Racing,Ferrari,GF,
34,2,2,1:30.593,0,,31.672,0,31.438,0,27.483,0,156.0,4:39.367,10:49:39.367,0:31.672,0:31.438,0:27.483,180.1,Lorenzo Patrese,,GTD,,Conquest Racing,Ferrari,GF,
34,2,3,1:28.761,0,,29.031,0,29.029,0,30.701,0,159.2,6:08.128,10:51:08.128,0:29.031,0:29.029,0:30.701,242.0,Lorenzo Patrese,,GTD,,Conquest Racing,Ferrari,GF,
34,2,4,1:23.588,0,,28.481,2,28.688,2,26.419,0,169.1,7:31.716,10:52:31.716,0:28.481,0:28.688,0:26.419,245.7,Lorenzo Patrese,,GTD,,Conquest Racing,Ferrari,GF,
34,2,5,1:23.522,2,,28.566,0,28.796,0,26.160,2,169.2,8:55.238,10:53:55.238,0:28.566,0:28.796,0:26.160,246.1,Lorenzo Patrese,,GTD,,Conquest Racing,Ferrari,GF,
34,2,6,7:21.361,0,B,28.698,0,31.742,0,6:20.921,0,32.0,16:16.599,11:01:16.599,0:28.698,0:31.742,6:20.921,233.9,Lorenzo Patrese,,GTD,,Conquest Racing,Ferrari,GF,
34,2,7,1:48.724,0,,51.910,0,29.553,0,27.261,0,130.0,18:05.323,11:03:05.323,0:51.910,0:29.553,0:27.261,243.4,Lorenzo Patrese,0:06:19.444,GTD,,Conquest Racing,Ferrari,GF,
34,2,8,1:24.452,0,,28.947,0,29.046,0,26.459,0,167.3,19:29.775,11:04:29.775,0:28.947,0:29.046,0:26.459,244.7,Lorenzo Patrese,,GTD,,Conquest Racing,Ferrari,GF,
34,2,9,1:24.926,0,,29.259,0,29.150,0,26.517,0,166.4,20:54.701,11:05:54.701,0:29.259,0:29.150,0:26.517,243.8,Lorenzo Patrese,,GTD,,Conquest Racing,Ferrari,GF,
34,2,10,1:24.296,0,,28.836,0,28.988,0,26.472,0,167.6,22:18.997,11:07:18.997,0:28.836,0:28.988,0:26.472,243.8,Lorenzo Patrese,,GTD,,Conquest Racing,Ferrari,GF,
34,2,11,1:24.549,0,,28.955,0,29.006,0,26.588,0,167.1,23:43.546,11:08:43.546,0:28.955,0:29.006,0:26.588,243.4,Lorenzo Patrese,,GTD,,Conquest Racing,Ferrari,GF,
34,2,12,1:24.303,0,,28.821,0,28.996,0,26.486,0,167.6,25:07.849,11:10:07.849,0:28.821,0:28.996,0:26.486,242.9,Lorenzo Patrese,,GTD,,Conquest Racing,Ferrari,GF,
34,2,13,1:24.662,0,,28.834,0,29.211,0,26.617,0,166.9,26:32.511,11:11:32.511,0:28.834,0:29.211,0:26.617,242.9,Lorenzo Patrese,,GTD,,Conquest Racing,Ferrari,GF,
34,2,14,1:24.666,0,,28.931,0,29.148,0,26.587,0,166.9,27:57.177,11:12:57.177,0:28.931,0:29.148,0:26.587,242.5,Lorenzo Patrese,,GTD,,Conquest Racing,Ferrari,GF,
34,2,15,1:25.139,0,,29.273,0,29.222,0,26.644,0,166.0,29:22.316,11:14:22.316,0:29.273,0:29.222,0:26.644,242.9,Lorenzo Patrese,,GTD,,Conquest Racing,Ferrari,GF,
34,2,16,1:25.186,0,,29.229,0,29.317,0,26.640,0,165.9,30:47.502,11:15:47.502,0:29.229,0:29.317,0:26.640,242.0,Lorenzo Patrese,,GTD,,Conquest Racing,Ferrari,GF,
34,2,17,1:24.783,0,,29.106,0,29.131,0,26.546,0,166.7,32:12.285,11:17:12.285,0:29.106,0:29.131,0:26.546,243.4,Lorenzo Patrese,,GTD,,Conquest Racing,Ferrari,GF,
34,2,18,1:26.113,0,,29.430,0,29.723,0,26.960,0,164.1,33:38.398,11:18:38.398,0:29.430,0:29.723,0:26.960,244.7,Lorenzo Patrese,,GTD,,Conquest Racing,Ferrari,GF,
34,2,19,15:12.261,0,B,35.631,0,29.828,0,14:06.802,0,15.5,48:50.659,11:33:50.659,0:35.631,0:29.828,14:06.802,242.9,Lorenzo Patrese,,GTD,,Conquest Racing,Ferrari,GF,
34,2,20,1:47.377,0,,51.084,0,29.634,0,26.659,0,131.6,50:38.036,11:35:38.036,0:51.084,0:29.634,0:26.659,242.5,Lorenzo Patrese,0:14:11.575,GTD,,Conquest Racing,Ferrari,GF,
34,2,21,1:27.254,0,,29.488,0,29.658,0,28.108,0,161.9,52:05.290,11:37:05.290,0:29.488,0:29.658,0:28.108,242.5,Lorenzo Patrese,,GTD,,Conquest Racing,Ferrari,GF,
34,2,22,1:25.258,0,,29.072,0,29.206,0,26.980,0,165.7,53:30.548,11:38:30.548,0:29.072,0:29.206,0:26.980,245.2,Lorenzo Patrese,,GTD,,Conquest Racing,Ferrari,GF,
34,2,23,1:25.707,0,,29.078,0,29.581,0,27.048,0,164.9,54:56.255,11:39:56.255,0:29.078,0:29.581,0:27.048,244.3,Lorenzo Patrese,,GTD,,Conquest Racing,Ferrari,GF,
34,2,24,1:25.157,0,,29.040,0,29.245,0,26.872,0,165.9,56:21.412,11:41:21.412,0:29.040,0:29.245,0:26.872,244.7,Lorenzo Patrese,,GTD,,Conquest Racing,Ferrari,GF,
34,2,25,5:46.733,0,B,29.058,0,30.154,0,4:47.521,0,40.8,1:02:08.145,11:47:08.145,0:29.058,0:30.154,4:47.521,244.7,Lorenzo Patrese,,GTD,,Conquest Racing,Ferrari,GF,
34,1,26,1:46.558,0,,50.086,0,29.631,0,26.841,0,132.6,1:03:54.703,11:48:54.703,0:50.086,0:29.631,0:26.841,243.8,Albert Costa,0:04:51.556,GTD,,Conquest Racing,Ferrari,GF,
34,1,27,1:24.911,0,,29.110,0,29.186,0,26.615,0,166.4,1:05:19.614,11:50:19.614,0:29.110,0:29.186,0:26.615,244.3,Albert Costa,,GTD,,Conquest Racing,Ferrari,GF,
34,1,28,1:24.677,0,,28.890,1,29.226,0,26.561,0,166.9,1:06:44.291,11:51:44.291,0:28.890,0:29.226,0:26.561,245.2,Albert Costa,,GTD,,Conquest Racing,Ferrari,GF,
34,1,29,1:24.845,0,,29.059,0,29.128,0,26.658,0,166.5,1:08:09.136,11:53:09.136,0:29.059,0:29.128,0:26.658,245.7,Albert Costa,,GTD,,Conquest Racing,Ferrari,GF,
34,1,30,1:24.726,0,,29.033,0,29.019,0,26.674,0,166.8,1:09:33.862,11:54:33.862,0:29.033,0:29.019,0:26.674,245.2,Albert Costa,,GTD,,Conquest Racing,Ferrari,GF,
34,1,31,1:24.602,0,,28.985,0,29.049,0,26.568,0,167.0,1:10:58.464,11:55:58.464,0:28.985,0:29.049,0:26.568,245.7,Albert Costa,,GTD,,Conquest Racing,Ferrari,GF,
34,1,32,1:24.653,0,,29.086,0,28.980,0,26.587,0,166.9,1:12:23.117,11:57:23.117,0:29.086,0:28.980,0:26.587,246.1,Albert Costa,,GTD,,Conquest Racing,Ferrari,GF,
34,1,33,4:26.112,0,B,28.952,0,29.963,0,3:27.197,0,53.1,1:16:49.229,12:01:49.229,0:28.952,0:29.963,3:27.197,246.1,Albert Costa,,GTD,,Conquest Racing,Ferrari,GF,
34,1,34,2:05.076,0,B,49.225,0,29.719,0,46.132,0,113.0,1:18:54.305,12:03:54.305,0:49.225,0:29.719,0:46.132,244.3,Albert Costa,0:03:32.171,GTD,,Conquest Racing,Ferrari,GF,
34,1,35,1:45.216,0,,49.080,0,29.408,0,26.728,0,134.3,1:20:39.521,12:05:39.521,0:49.080,0:29.408,0:26.728,245.7,Albert Costa,0:00:51.170,GTD,,Conquest Racing,Ferrari,GF,
34,1,36,1:25.585,0,,29.413,0,29.459,0,26.713,0,165.1,1:22:05.106,12:07:05.106,0:29.413,0:29.459,0:26.713,245.2,Albert Costa,,GTD,,Conquest Racing,Ferrari,GF,
34,1,37,1:26.112,0,,29.155,0,29.254,0,27.703,0,164.1,1:23:31.218,12:08:31.218,0:29.155,0:29.254,0:27.703,238.5,Albert Costa,,GTD,,Conquest Racing,Ferrari,GF,
34,1,38,1:25.186,0,,29.068,0,29.336,0,26.782,0,165.9,1:24:56.404,12:09:56.404,0:29.068,0:29.336,0:26.782,233.9,Albert Costa,,GTD,,Conquest Racing,Ferrari,GF,
34,1,39,1:25.381,0,,29.248,0,29.320,0,26.813,0,165.5,1:26:21.785,12:11:21.785,0:29.248,0:29.320,0:26.813,229.4,Albert Costa,,GTD,,Conquest Racing,Ferrari,GF,
34,1,40,1:24.857,0,,29.094,0,29.221,0,26.542,1,166.5,1:27:46.642,12:12:46.642,0:29.094,0:29.221,0:26.542,239.0,Albert Costa,,GTD,,Conquest Racing,Ferrari,GF,
34,1,41,1:24.660,0,,29.102,0,28.960,1,26.598,0,166.9,1:29:11.302,12:14:11.302,0:29.102,0:28.960,0:26.598,246.6,Albert Costa,,GTD,,Conquest Racing,Ferrari,GF,
34,1,42,1:32.665,0,,29.002,0,31.389,0,32.274,0,152.5,1:30:43.967,12:15:43.967,0:29.002,0:31.389,0:32.274,246.1,Albert Costa,,GTD,,Conquest Racing,Ferrari,FF,
36,1,1,2:40.105,0,,1:40.736,0,31.785,0,27.584,0,88.3,2:40.105,10:47:40.105,1:40.736,0:31.785,0:27.584,233.1,Mason Filippi,0:01:12.343,GTD,,DXDT Racing,Chevrolet,GF,
36,1,2,1:26.641,0,,29.886,0,29.906,0,26.849,0,163.1,4:06.746,10:49:06.746,0:29.886,0:29.906,0:26.849,242.9,Mason Filippi,,GTD,,DXDT Racing,Chevrolet,GF,
36,1,3,1:25.620,0,,29.187,0,29.638,0,26.795,0,165.0,5:32.366,10:50:32.366,0:29.187,0:29.638,0:26.795,244.7,Mason Filippi,,GTD,,DXDT Racing,Chevrolet,GF,
36,1,4,1:25.753,0,,29.412,0,29.610,0,26.731,0,164.8,6:58.119,10:51:58.119,0:29.412,0:29.610,0:26.731,246.6,Mason Filippi,,GTD,,DXDT Racing,Chevrolet,GF,
36,1,5,1:25.330,0,,29.143,0,29.424,0,26.763,0,165.6,8:23.449,10:53:23.449,0:29.143,0:29.424,0:26.763,245.7,Mason Filippi,,GTD,,DXDT Racing,Chevrolet,GF,
36,1,6,1:25.060,0,,29.076,0,29.241,0,26.743,0,166.1,9:48.509,10:54:48.509,0:29.076,0:29.241,0:26.743,244.3,Mason Filippi,,GTD,,DXDT Racing,Chevrolet,RF,
36,1,7,4:21.209,0,B,33.061,0,37.814,0,3:10.334,0,54.1,14:09.718,10:59:09.718,0:33.061,0:37.814,3:10.334,137.9,Mason Filippi,,GTD,,DXDT Racing,Chevrolet,GF,
36,1,8,1:47.929,0,,51.666,0,29.519,0,26.744,0,130.9,15:57.647,11:00:57.647,0:51.666,0:29.519,0:26.744,243.4,Mason Filippi,0:03:05.884,GTD,,DXDT Racing,Chevrolet,GF,
36,1,9,1:25.152,0,,29.064,0,29.406,0,26.682,0,165.9,17:22.799,11:02:22.799,0:29.064,0:29.406,0:26.682,244.3,Mason Filippi,,GTD,,DXDT Racing,Chevrolet,GF,
36,1,10,1:25.188,0,,29.200,0,29.228,0,26.760,0,165.9,18:47.987,11:03:47.987,0:29.200,0:29.228,0:26.760,244.3,Mason Filippi,,GTD,,DXDT Racing,Chevrolet,GF,
36,1,11,4:01.632,0,B,29.281,0,30.994,0,3:01.357,0,58.5,22:49.619,11:07:49.619,0:29.281,0:30.994,3:01.357,243.8,Mason Filippi,,GTD,,DXDT Racing,Chevrolet,GF,
36,1,12,1:48.744,0,,51.933,0,29.788,0,27.023,0,129.9,24:38.363,11:09:38.363,0:51.933,0:29.788,0:27.023,246.1,Mason Filippi,0:03:05.731,GTD,,DXDT Racing,Chevrolet,GF,
36,1,13,1:25.499,0,,29.099,0,29.254,0,27.146,0,165.3,26:03.862,11:11:03.862,0:29.099,0:29.254,0:27.146,244.3,Mason Filippi,,GTD,,DXDT Racing,Chevrolet,GF,
36,1,14,1:24.787,0,,29.089,0,29.167,0,26.531,0,166.7,27:28.649,11:12:28.649,0:29.089,0:29.167,0:26.531,243.8,Mason Filippi,,GTD,,DXDT Racing,Chevrolet,GF,
36,1,15,1:24.966,0,,29.065,0,29.209,0,26.692,0,166.3,28:53.615,11:13:53.615,0:29.065,0:29.209,0:26.692,243.8,Mason Filippi,,GTD,,DXDT Racing,Chevrolet,GF,
36,1,16,1:25.478,0,,29.146,0,29.228,0,27.104,0,165.3,30:19.093,11:15:19.093,0:29.146,0:29.228,0:27.104,240.3,Mason Filippi,,GTD,,DXDT Racing,Chevrolet,GF,
36,1,17,1:25.068,0,,29.215,0,29.248,0,26.605,0,166.1,31:44.161,11:16:44.161,0:29.215,0:29.248,0:26.605,238.1,Mason Filippi,,GTD,,DXDT Racing,Chevrolet,GF,
36,1,18,1:25.101,0,,29.129,0,29.184,0,26.788,0,166.0,33:09.262,11:18:09.262,0:29.129,0:29.184,0:26.788,240.7,Mason Filippi,,GTD,,DXDT Racing,Chevrolet,GF,
36,1,19,2:05.092,0,B,29.541,0,29.380,0,1:06.171,0,113.0,35:14.354,11:20:14.354,0:29.541,0:29.380,1:06.171,238.1,Mason Filippi,,GTD,,DXDT Racing,Chevrolet,GF,
36,1,20,1:54.980,0,,51.964,0,34.344,0,28.672,0,122.9,37:09.334,11:22:09.334,0:51.964,0:34.344,0:28.672,211.0,Mason Filippi,0:01:11.247,GTD,,DXDT Racing,Chevrolet,GF,
36,1,21,1:26.018,0,,29.521,0,29.848,0,26.649,0,164.3,38:35.352,11:23:35.352,0:29.521,0:29.848,0:26.649,230.6,Mason Filippi,,GTD,,DXDT Racing,Chevrolet,GF,
36,1,22,1:24.750,0,,28.840,0,29.097,0,26.813,0,166.7,40:00.102,11:25:00.102,0:28.840,0:29.097,0:26.813,242.0,Mason Filippi,,GTD,,DXDT Racing,Chevrolet,GF,
36,1,23,1:25.679,0,,28.929,0,29.473,0,27.277,0,164.9,41:25.781,11:26:25.781,0:28.929,0:29.473,0:27.277,234.3,Mason Filippi,,GTD,,DXDT Racing,Chevrolet,GF,
36,1,24,1:24.562,0,,28.924,0,29.068,0,26.570,0,167.1,42:50.343,11:27:50.343,0:28.924,0:29.068,0:26.570,243.4,Mason Filippi,,GTD,,DXDT Racing,Chevrolet,GF,
36,1,25,1:31.260,0,,29.612,0,32.220,0,29.428,0,154.8,44:21.603,11:29:21.603,0:29.612,0:32.220,0:29.428,199.8,Mason Filippi,,GTD,,DXDT Racing,Chevrolet,GF,
36,1,26,1:24.326,0,,28.819,2,28.861,0,26.646,0,167.6,45:45.929,11:30:45.929,0:28.819,0:28.861,0:26.646,243.8,Mason Filippi,,GTD,,DXDT Racing,Chevrolet,GF,
36,1,27,1:24.085,2,,28.852,0,28.840,2,26.393,2,168.1,47:10.014,11:32:10.014,0:28.852,0:28.840,0:26.393,243.8,Mason Filippi,,GTD,,DXDT Racing,Chevrolet,GF,
36,1,28,4:29.078,0,B,28.958,0,29.674,0,3:30.446,0,52.5,51:39.092,11:36:39.092,0:28.958,0:29.674,3:30.446,244.3,Mason Filippi,,GTD,,DXDT Racing,Chevrolet,GF,
36,2,29,1:48.657,0,,51.344,0,30.197,0,27.116,0,130.0,53:27.749,11:38:27.749,0:51.344,0:30.197,0:27.116,238.5,Robert Wickens,0:03:35.444,GTD,,DXDT Racing,Chevrolet,GF,
36,2,30,1:27.438,0,,30.214,0,30.115,0,27.109,0,161.6,54:55.187,11:39:55.187,0:30.214,0:30.115,0:27.109,229.4,Robert Wickens,,GTD,,DXDT Racing,Chevrolet,GF,
36,2,31,1:25.063,0,,29.129,0,29.341,0,26.593,0,166.1,56:20.250,11:41:20.250,0:29.129,0:29.341,0:26.593,242.5,Robert Wickens,,GTD,,DXDT Racing,Chevrolet,GF,
36,2,32,1:25.526,0,,29.312,0,29.452,0,26.762,0,165.2,57:45.776,11:42:45.776,0:29.312,0:29.452,0:26.762,243.4,Robert Wickens,,GTD,,DXDT Racing,Chevrolet,GF,
36,2,33,1:25.245,0,,29.143,0,29.409,0,26.693,0,165.8,59:11.021,11:44:11.021,0:29.143,0:29.409,0:26.693,242.5,Robert Wickens,,GTD,,DXDT Racing,Chevrolet,GF,
36,2,34,1:25.162,0,,29.076,0,29.094,0,26.992,0,165.9,1:00:36.183,11:45:36.183,0:29.076,0:29.094,0:26.992,242.5,Robert Wickens,,GTD,,DXDT Racing,Chevrolet,GF,
36,2,35,1:24.855,0,,29.055,0,29.191,0,26.609,0,166.5,1:02:01.038,11:47:01.038,0:29.055,0:29.191,0:26.609,243.8,Robert Wickens,,GTD,,DXDT Racing,Chevrolet,GF,
36,2,36,1:24.750,0,,28.979,0,29.184,0,26.587,0,166.7,1:03:25.788,11:48:25.788,0:28.979,0:29.184,0:26.587,242.5,Robert Wickens,,GTD,,DXDT Racing,Chevrolet,GF,
36,2,37,5:42.512,0,B,28.954,1,29.756,0,4:43.802,0,41.3,1:09:08.300,11:54:08.300,0:28.954,0:29.756,4:43.802,235.6,Robert Wickens,,GTD,,DXDT Racing,Chevrolet,GF,
36,2,38,1:45.416,0,,49.180,0,29.405,0,26.831,0,134.0,1:10:53.716,11:55:53.716,0:49.180,0:29.405,0:26.831,243.4,Robert Wickens,0:04:48.977,GTD,,DXDT Racing,Chevrolet,GF,
36,2,39,1:25.363,0,,29.152,0,29.294,0,26.917,0,165.5,1:12:19.079,11:57:19.079,0:29.152,0:29.294,0:26.917,242.0,Robert Wickens,,GTD,,DXDT Racing,Chevrolet,GF,
36,2,40,1:25.004,0,,28.998,0,29.225,0,26.781,0,166.2,1:13:44.083,11:58:44.083,0:28.998,0:29.225,0:26.781,243.4,Robert Wickens,,GTD,,DXDT Racing,Chevrolet,GF,
36,2,41,1:25.445,0,,29.276,0,29.248,0,26.921,0,165.4,1:15:09.528,12:00:09.528,0:29.276,0:29.248,0:26.921,244.3,Robert Wickens,,GTD,,DXDT Racing,Chevrolet,GF,
36,2,42,4:45.689,0,B,29.316,0,29.349,0,3:47.024,0,49.5,1:19:55.217,12:04:55.217,0:29.316,0:29.349,3:47.024,242.9,Robert Wickens,,GTD,,DXDT Racing,Chevrolet,GF,
36,2,43,1:44.719,0,,48.720,0,29.371,0,26.628,0,134.9,1:21:39.936,12:06:39.936,0:48.720,0:29.371,0:26.628,245.2,Robert Wickens,0:03:52.168,GTD,,DXDT Racing,Chevrolet,GF,
36,2,44,1:25.100,0,,29.058,0,29.407,0,26.635,0,166.0,1:23:05.036,12:08:05.036,0:29.058,0:29.407,0:26.635,239.4,Robert Wickens,,GTD,,DXDT Racing,Chevrolet,GF,
36,2,45,1:24.942,0,,29.180,0,29.096,0,26.666,0,166.4,1:24:29.978,12:09:29.978,0:29.180,0:29.096,0:26.666,243.8,Robert Wickens,,GTD,,DXDT Racing,Chevrolet,GF,
36,2,46,1:24.997,0,,29.082,0,29.288,0,26.627,0,166.2,1:25:54.975,12:10:54.975,0:29.082,0:29.288,0:26.627,243.8,Robert Wickens,,GTD,,DXDT Racing,Chevrolet,GF,
36,2,47,1:25.649,0,,29.194,0,29.202,0,27.253,0,165.0,1:27:20.624,12:12:20.624,0:29.194,0:29.202,0:27.253,241.6,Robert Wickens,,GTD,,DXDT Racing,Chevrolet,GF,
36,2,48,1:24.813,0,,29.201,0,29.031,1,26.581,1,166.6,1:28:45.437,12:13:45.437,0:29.201,0:29.031,0:26.581,238.1,Robert Wickens,,GTD,,DXDT Racing,Chevrolet,GF,
36,2,49,1:26.341,0,,29.174,0,29.579,0,27.588,0,163.7,1:30:11.778,12:15:11.778,0:29.174,0:29.579,0:27.588,245.7,Robert Wickens,,GTD,,DXDT Racing,Chevrolet,FF,
4,1,1,2:07.724,0,,1:06.545,0,33.100,0,28.079,0,110.6,2:07.724,10:47:07.724,1:06.545,0:33.100,0:28.079,205.7,Tommy Milner,0:00:35.546,GTDPRO,,Corvette Racing by Pratt Miller Motorsports,Chevrolet,GF,
4,1,2,1:28.779,0,,30.532,0,30.350,0,27.897,0,159.2,3:36.503,10:48:36.503,0:30.532,0:30.350,0:27.897,240.7,Tommy Milner,,GTDPRO,,Corvette Racing by Pratt Miller Motorsports,Chevrolet,GF,
4,1,3,1:27.670,0,,29.937,0,30.704,0,27.029,0,161.2,5:04.173,10:50:04.173,0:29.937,0:30.704,0:27.029,198.6,Tommy Milner,,GTDPRO,,Corvette Racing by Pratt Miller Motorsports,Chevrolet,GF,
4,1,4,1:25.346,0,,29.119,0,29.570,0,26.657,0,165.6,6:29.519,10:51:29.519,0:29.119,0:29.570,0:26.657,244.3,Tommy Milner,,GTDPRO,,Corvette Racing by Pratt Miller Motorsports,Chevrolet,GF,
4,1,5,1:24.607,0,,28.838,0,29.192,0,26.577,0,167.0,7:54.126,10:52:54.126,0:28.838,0:29.192,0:26.577,244.3,Tommy Milner,,GTDPRO,,Corvette Racing by Pratt Miller Motorsports,Chevrolet,GF,
4,1,6,1:25.423,0,,28.852,0,29.046,0,27.525,0,165.4,9:19.549,10:54:19.549,0:28.852,0:29.046,0:27.525,244.7,Tommy Milner,,GTDPRO,,Corvette Racing by Pratt Miller Motorsports,Chevrolet,GF,
4,1,7,1:46.192,0,B,29.534,0,29.870,0,46.788,0,133.1,11:05.741,10:56:05.741,0:29.534,0:29.870,0:46.788,240.3,Tommy Milner,,GTDPRO,,Corvette Racing by Pratt Miller Motorsports,Chevrolet,RF,
4,1,8,4:13.751,0,,3:13.476,0,32.395,0,27.880,0,55.7,15:19.492,11:00:19.492,3:13.476,0:32.395,0:27.880,225.5,Tommy Milner,0:03:11.813,GTDPRO,,Corvette Racing by Pratt Miller Motorsports,Chevrolet,GF,
4,1,9,1:26.218,0,,29.523,0,29.651,0,27.044,0,163.9,16:45.710,11:01:45.710,0:29.523,0:29.651,0:27.044,242.0,Tommy Milner,,GTDPRO,,Corvette Racing by Pratt Miller Motorsports,Chevrolet,GF,
4,1,10,1:24.202,0,,28.724,0,29.015,0,26.463,0,167.8,18:09.912,11:03:09.912,0:28.724,0:29.015,0:26.463,244.3,Tommy Milner,,GTDPRO,,Corvette Racing by Pratt Miller Motorsports,Chevrolet,GF,
4,1,11,1:23.881,0,,28.564,0,28.768,2,26.549,0,168.5,19:33.793,11:04:33.793,0:28.564,0:28.768,0:26.549,247.0,Tommy Milner,,GTDPRO,,Corvette Racing by Pratt Miller Motorsports,Chevrolet,GF,
4,1,12,1:23.574,2,,28.504,2,28.847,0,26.223,2,169.1,20:57.367,11:05:57.367,0:28.504,0:28.847,0:26.223,246.1,Tommy Milner,,GTDPRO,,Corvette Racing by Pratt Miller Motorsports,Chevrolet,GF,
4,1,13,1:48.702,0,B,29.286,0,31.557,0,47.859,0,130.0,22:46.069,11:07:46.069,0:29.286,0:31.557,0:47.859,225.1,Tommy Milner,,GTDPRO,,Corvette Racing by Pratt Miller Motorsports,Chevrolet,GF,
4,1,14,2:45.104,0,,1:49.209,0,29.305,0,26.590,0,85.6,25:31.173,11:10:31.173,1:49.209,0:29.305,0:26.590,240.7,Tommy Milner,0:01:51.361,GTDPRO,,Corvette Racing by Pratt Miller Motorsports,Chevrolet,GF,
4,1,15,1:23.842,0,,28.549,0,28.907,0,26.386,0,168.5,26:55.015,11:11:55.015,0:28.549,0:28.907,0:26.386,242.9,Tommy Milner,,GTDPRO,,Corvette Racing by Pratt Miller Motorsports,Chevrolet,GF,
4,1,16,1:23.757,0,,28.587,0,28.832,0,26.338,0,168.7,28:18.772,11:13:18.772,0:28.587,0:28.832,0:26.338,242.9,Tommy Milner,,GTDPRO,,Corvette Racing by Pratt Miller Motorsports,Chevrolet,GF,
4,1,17,1:23.893,0,,28.577,0,28.911,0,26.405,0,168.4,29:42.665,11:14:42.665,0:28.577,0:28.911,0:26.405,243.4,Tommy Milner,,GTDPRO,,Corvette Racing by Pratt Miller Motorsports,Chevrolet,GF,
4,1,18,1:44.622,0,,35.778,0,36.731,0,32.113,0,135.1,31:27.287,11:16:27.287,0:35.778,0:36.731,0:32.113,199.8,Tommy Milner,,GTDPRO,,Corvette Racing by Pratt Miller Motorsports,Chevrolet,GF,
4,1,19,1:47.426,0,B,29.032,0,31.062,0,47.332,0,131.5,33:14.713,11:18:14.713,0:29.032,0:31.062,0:47.332,240.3,Tommy Milner,,GTDPRO,,Corvette Racing by Pratt Miller Motorsports,Chevrolet,GF,
4,1,20,4:14.645,0,B,2:56.775,0,30.073,0,47.797,0,55.5,37:29.358,11:22:29.358,2:56.775,0:30.073,0:47.797,239.4,Tommy Milner,0:02:57.947,GTDPRO,,Corvette Racing by Pratt Miller Motorsports,Chevrolet,GF,
4,1,21,1:47.510,0,,51.057,0,29.758,0,26.695,0,131.4,39:16.868,11:24:16.868,0:51.057,0:29.758,0:26.695,229.8,Tommy Milner,0:00:51.466,GTDPRO,,Corvette Racing by Pratt Miller Motorsports,Chevrolet,GF,
4,1,22,1:24.793,0,,29.013,0,29.207,0,26.573,0,166.6,40:41.661,11:25:41.661,0:29.013,0:29.207,0:26.573,242.0,Tommy Milner,,GTDPRO,,Corvette Racing by Pratt Miller Motorsports,Chevrolet,GF,
4,1,23,1:25.121,0,,28.862,0,29.562,0,26.697,0,166.0,42:06.782,11:27:06.782,0:28.862,0:29.562,0:26.697,239.0,Tommy Milner,,GTDPRO,,Corvette Racing by Pratt Miller Motorsports,Chevrolet,GF,
4,1,24,1:25.010,0,,29.173,0,29.240,0,26.597,0,166.2,43:31.792,11:28:31.792,0:29.173,0:29.240,0:26.597,243.4,Tommy Milner,,GTDPRO,,Corvette Racing by Pratt Miller Motorsports,Chevrolet,GF,
4,1,25,1:24.769,0,,29.102,0,29.156,0,26.511,0,166.7,44:56.561,11:29:56.561,0:29.102,0:29.156,0:26.511,244.3,Tommy Milner,,GTDPRO,,Corvette Racing by Pratt Miller Motorsports,Chevrolet,GF,
4,1,26,1:24.708,0,,28.966,0,29.112,0,26.630,0,166.8,46:21.269,11:31:21.269,0:28.966,0:29.112,0:26.630,243.8,Tommy Milner,,GTDPRO,,Corvette Racing by Pratt Miller Motorsports,Chevrolet,GF,
4,1,27,1:24.676,0,,28.955,0,29.044,0,26.677,0,166.9,47:45.945,11:32:45.945,0:28.955,0:29.044,0:26.677,242.9,Tommy Milner,,GTDPRO,,Corvette Racing by Pratt Miller Motorsports,Chevrolet,GF,
4,1,28,1:25.025,0,,28.885,0,29.126,0,27.014,0,166.2,49:10.970,11:34:10.970,0:28.885,0:29.126,0:27.014,244.3,Tommy Milner,,GTDPRO,,Corvette Racing by Pratt Miller Motorsports,Chevrolet,GF,
4,1,29,1:25.072,0,,28.955,0,29.393,0,26.724,0,166.1,50:36.042,11:35:36.042,0:28.955,0:29.393,0:26.724,243.8,Tommy Milner,,GTDPRO,,Corvette Racing by Pratt Miller Motorsports,Chevrolet,GF,
4,1,30,1:45.340,0,B,29.196,0,29.692,0,46.452,0,134.1,52:21.382,11:37:21.382,0:29.196,0:29.692,0:46.452,224.7,Tommy Milner,,GTDPRO,,Corvette Racing by Pratt Miller Motorsports,Chevrolet,GF,
4,2,31,3:04.894,0,,2:06.549,0,31.180,0,27.165,0,76.4,55:26.276,11:40:26.276,2:06.549,0:31.180,0:27.165,243.4,Nicky Catsburg,0:02:07.955,GTDPRO,,Corvette Racing by Pratt Miller Motorsports,Chevrolet,GF,
4,2,32,1:26.068,0,,29.526,0,29.468,0,27.074,0,164.2,56:52.344,11:41:52.344,0:29.526,0:29.468,0:27.074,242.9,Nicky Catsburg,,GTDPRO,,Corvette Racing by Pratt Miller Motorsports,Chevrolet,GF,
4,2,33,1:24.950,0,,29.083,0,29.238,0,26.629,0,166.3,58:17.294,11:43:17.294,0:29.083,0:29.238,0:26.629,242.9,Nicky Catsburg,,GTDPRO,,Corvette Racing by Pratt Miller Motorsports,Chevrolet,GF,
4,2,34,1:24.809,0,,28.965,0,29.287,0,26.557,0,166.6,59:42.103,11:44:42.103,0:28.965,0:29.287,0:26.557,243.4,Nicky Catsburg,,GTDPRO,,Corvette Racing by Pratt Miller Motorsports,Chevrolet,GF,
4,2,35,1:24.598,0,,29.049,0,29.053,0,26.496,0,167.0,1:01:06.701,11:46:06.701,0:29.049,0:29.053,0:26.496,245.2,Nicky Catsburg,,GTDPRO,,Corvette Racing by Pratt Miller Motorsports,Chevrolet,GF,
4,2,36,1:25.535,0,,29.010,0,29.725,0,26.800,0,165.2,1:02:32.236,11:47:32.236,0:29.010,0:29.725,0:26.800,244.7,Nicky Catsburg,,GTDPRO,,Corvette Racing by Pratt Miller Motorsports,Chevrolet,GF,
4,2,37,1:24.563,0,,28.992,0,29.086,0,26.485,0,167.1,1:03:56.799,11:48:56.799,0:28.992,0:29.086,0:26.485,245.2,Nicky Catsburg,,GTDPRO,,Corvette Racing by Pratt Miller Motorsports,Chevrolet,GF,
4,2,38,1:26.145,0,,29.020,0,29.187,0,27.938,0,164.0,1:05:22.944,11:50:22.944,0:29.020,0:29.187,0:27.938,246.1,Nicky Catsburg,,GTDPRO,,Corvette Racing by Pratt Miller Motorsports,Chevrolet,GF,
4,2,39,1:24.452,0,,28.879,0,29.064,0,26.509,0,167.3,1:06:47.396,11:51:47.396,0:28.879,0:29.064,0:26.509,244.3,Nicky Catsburg,,GTDPRO,,Corvette Racing by Pratt Miller Motorsports,Chevrolet,GF,
4,2,40,1:24.289,0,,28.890,0,28.954,1,26.445,1,167.6,1:08:11.685,11:53:11.685,0:28.890,0:28.954,0:26.445,246.6,Nicky Catsburg,,GTDPRO,,Corvette Racing by Pratt Miller Motorsports,Chevrolet,GF,
4,2,41,1:27.466,0,,28.940,0,30.460,0,28.066,0,161.6,1:09:39.151,11:54:39.151,0:28.940,0:30.460,0:28.066,244.7,Nicky Catsburg,,GTDPRO,,Corvette Racing by Pratt Miller Motorsports,Chevrolet,GF,
4,2,42,1:24.468,0,,28.968,0,29.035,0,26.465,0,167.3,1:11:03.619,11:56:03.619,0:28.968,0:29.035,0:26.465,244.3,Nicky Catsburg,,GTDPRO,,Corvette Racing by Pratt Miller Motorsports,Chevrolet,GF,
4,2,43,1:24.474,0,,29.047,0,28.959,0,26.468,0,167.3,1:12:28.093,11:57:28.093,0:29.047,0:28.959,0:26.468,244.3,Nicky Catsburg,,GTDPRO,,Corvette Racing by Pratt Miller Motorsports,Chevrolet,GF,
4,2,44,1:24.663,0,,28.906,0,28.964,0,26.793,0,166.9,1:13:52.756,11:58:52.756,0:28.906,0:28.964,0:26.793,244.7,Nicky Catsburg,,GTDPRO,,Corvette Racing by Pratt Miller Motorsports,Chevrolet,GF,
4,2,45,1:45.955,0,B,29.017,0,30.000,0,46.938,0,133.4,1:15:38.711,12:00:38.711,0:29.017,0:30.000,0:46.938,193.9,Nicky Catsburg,,GTDPRO,,Corvette Racing by Pratt Miller Motorsports,Chevrolet,GF,
4,2,46,4:07.792,0,,3:09.084,0,31.488,0,27.220,0,57.0,1:19:46.503,12:04:46.503,3:09.084,0:31.488,0:27.220,245.2,Nicky Catsburg,0:03:09.931,GTDPRO,,Corvette Racing by Pratt Miller Motorsports,Chevrolet,GF,
4,2,47,1:26.690,0,,30.210,0,29.667,0,26.813,0,163.0,1:21:13.193,12:06:13.193,0:30.210,0:29.667,0:26.813,240.3,Nicky Catsburg,,GTDPRO,,Corvette Racing by Pratt Miller Motorsports,Chevrolet,GF,
4,2,48,1:24.982,0,,29.067,0,29.344,0,26.571,0,166.3,1:22:38.175,12:07:38.175,0:29.067,0:29.344,0:26.571,243.8,Nicky Catsburg,,GTDPRO,,Corvette Racing by Pratt Miller Motorsports,Chevrolet,GF,
4,2,49,1:24.624,0,,29.069,0,29.049,0,26.506,0,167.0,1:24:02.799,12:09:02.799,0:29.069,0:29.049,0:26.506,244.3,Nicky Catsburg,,GTDPRO,,Corvette Racing by Pratt Miller Motorsports,Chevrolet,GF,
4,2,50,1:24.221,0,,28.789,1,28.960,0,26.472,0,167.8,1:25:27.020,12:10:27.020,0:28.789,0:28.960,0:26.472,244.3,Nicky Catsburg,,GTDPRO,,Corvette Racing by Pratt Miller Motorsports,Chevrolet,GF,
4,2,51,1:25.403,0,,28.890,0,29.095,0,27.418,0,165.5,1:26:52.423,12:11:52.423,0:28.890,0:29.095,0:27.418,245.2,Nicky Catsburg,,GTDPRO,,Corvette Racing by Pratt Miller Motorsports,Chevrolet,GF,
4,2,52,1:27.025,0,,28.887,0,29.514,0,28.624,0,162.4,1:28:19.448,12:13:19.448,0:28.887,0:29.514,0:28.624,245.2,Nicky Catsburg,,GTDPRO,,Corvette Racing by Pratt Miller Motorsports,Chevrolet,GF,
4,2,53,1:24.736,0,,28.980,0,29.150,0,26.606,0,166.8,1:29:44.184,12:14:44.184,0:28.980,0:29.150,0:26.606,243.4,Nicky Catsburg,,GTDPRO,,Corvette Racing by Pratt Miller Motorsports,Chevrolet,GF,
4,2,54,1:28.729,0,,28.993,0,29.558,0,30.178,0,159.3,1:31:12.913,12:16:12.913,0:28.993,0:29.558,0:30.178,246.1,Nicky Catsburg,,GTDPRO,,Corvette Racing by Pratt Miller Motorsports,Chevrolet,FF,
40,2,1,2:32.064,0,B,1:12.497,0,31.613,0,47.954,0,92.9,2:32.064,10:47:32.064,1:12.497,0:31.613,0:47.954,219.1,Louis Deletraz,0:00:42.648,GTP,,Cadillac Wayne Taylor Racing,Cadillac,GF,
40,1,2,3:04.399,0,,2:06.436,0,29.829,0,28.134,0,76.6,5:36.463,10:50:36.463,2:06.436,0:29.829,0:28.134,229.4,Jordan Taylor,0:02:05.621,GTP,,Cadillac Wayne Taylor Racing,Cadillac,GF,
40,1,3,1:20.508,0,,28.141,0,27.648,0,24.719,0,175.5,6:56.971,10:51:56.971,0:28.141,0:27.648,0:24.719,262.3,Jordan Taylor,,GTP,,Cadillac Wayne Taylor Racing,Cadillac,GF,
40,1,4,1:18.673,0,,26.885,0,27.705,0,24.083,0,179.6,8:15.644,10:53:15.644,0:26.885,0:27.705,0:24.083,259.2,Jordan Taylor,,GTP,,Cadillac Wayne Taylor Racing,Cadillac,GF,
40,1,5,1:19.062,0,,26.404,0,27.167,0,25.491,0,178.7,9:34.706,10:54:34.706,0:26.404,0:27.167,0:25.491,270.9,Jordan Taylor,,GTP,,Cadillac Wayne Taylor Racing,Cadillac,GF,
40,1,6,1:55.611,0,B,29.589,0,34.980,0,51.042,0,122.2,11:30.317,10:56:30.317,0:29.589,0:34.980,0:51.042,154.0,Jordan Taylor,,GTP,,Cadillac Wayne Taylor Racing,Cadillac,RF,
40,1,7,2:56.236,0,,2:01.507,0,28.836,0,25.893,0,80.2,14:26.553,10:59:26.553,2:01.507,0:28.836,0:25.893,237.2,Jordan Taylor,0:02:05.243,GTP,,Cadillac Wayne Taylor Racing,Cadillac,GF,
40,1,8,1:18.421,0,,26.401,0,26.612,0,25.408,0,180.2,15:44.974,11:00:44.974,0:26.401,0:26.612,0:25.408,272.1,Jordan Taylor,,GTP,,Cadillac Wayne Taylor Racing,Cadillac,GF,
40,1,9,1:16.939,0,,26.612,0,26.293,1,24.034,0,183.7,17:01.913,11:02:01.913,0:26.612,0:26.293,0:24.034,270.4,Jordan Taylor,,GTP,,Cadillac Wayne Taylor Racing,Cadillac,GF,
40,1,10,1:17.082,0,,26.721,0,26.345,0,24.016,0,183.3,18:18.995,11:03:18.995,0:26.721,0:26.345,0:24.016,277.8,Jordan Taylor,,GTP,,Cadillac Wayne Taylor Racing,Cadillac,GF,
40,1,11,1:16.464,0,,26.229,1,26.297,0,23.938,1,184.8,19:35.459,11:04:35.459,0:26.229,0:26.297,0:23.938,271.5,Jordan Taylor,,GTP,,Cadillac Wayne Taylor Racing,Cadillac,GF,
40,1,12,1:18.090,0,,27.013,0,26.657,0,24.420,0,181.0,20:53.549,11:05:53.549,0:27.013,0:26.657,0:24.420,271.5,Jordan Taylor,,GTP,,Cadillac Wayne Taylor Racing,Cadillac,GF,
40,1,13,1:17.015,0,,26.533,0,26.488,0,23.994,0,183.5,22:10.564,11:07:10.564,0:26.533,0:26.488,0:23.994,270.9,Jordan Taylor,,GTP,,Cadillac Wayne Taylor Racing,Cadillac,GF,
40,1,14,1:16.828,0,,26.320,0,26.332,0,24.176,0,183.9,23:27.392,11:08:27.392,0:26.320,0:26.332,0:24.176,270.9,Jordan Taylor,,GTP,,Cadillac Wayne Taylor Racing,Cadillac,GF,
40,1,15,1:16.781,0,,26.472,0,26.350,0,23.959,0,184.0,24:44.173,11:09:44.173,0:26.472,0:26.350,0:23.959,271.5,Jordan Taylor,,GTP,,Cadillac Wayne Taylor Racing,Cadillac,GF,
40,1,16,1:17.434,0,,26.516,0,26.369,0,24.549,0,182.5,26:01.607,11:11:01.607,0:26.516,0:26.369,0:24.549,271.5,Jordan Taylor,,GTP,,Cadillac Wayne Taylor Racing,Cadillac,GF,
40,1,17,1:16.715,0,,26.344,0,26.319,0,24.052,0,184.2,27:18.322,11:12:18.322,0:26.344,0:26.319,0:24.052,272.6,Jordan Taylor,,GTP,,Cadillac Wayne Taylor Racing,Cadillac,GF,
40,1,18,1:38.016,0,B,26.487,0,26.450,0,45.079,0,144.2,28:56.338,11:13:56.338,0:26.487,0:26.450,0:45.079,268.7,Jordan Taylor,,GTP,,Cadillac Wayne Taylor Racing,Cadillac,GF,
40,1,19,9:07.420,0,,8:14.390,0,27.368,0,25.662,0,25.8,38:03.758,11:23:03.758,8:14.390,0:27.368,0:25.662,261.3,Jordan Taylor,0:08:17.747,GTP,,Cadillac Wayne Taylor Racing,Cadillac,GF,
40,1,20,1:22.006,0,,26.462,0,30.166,0,25.378,0,172.3,39:25.764,11:24:25.764,0:26.462,0:30.166,0:25.378,264.9,Jordan Taylor,,GTP,,Cadillac Wayne Taylor Racing,Cadillac,GF,
40,1,21,1:17.886,0,,26.513,0,26.721,0,24.652,0,181.4,40:43.650,11:25:43.650,0:26.513,0:26.721,0:24.652,274.9,Jordan Taylor,,GTP,,Cadillac Wayne Taylor Racing,Cadillac,GF,
40,1,22,1:18.075,0,,27.056,0,26.991,0,24.028,0,181.0,42:01.725,11:27:01.725,0:27.056,0:26.991,0:24.028,279.6,Jordan Taylor,,GTP,,Cadillac Wayne Taylor Racing,Cadillac,GF,
40,1,23,1:16.753,0,,26.448,0,26.330,0,23.975,0,184.1,43:18.478,11:28:18.478,0:26.448,0:26.330,0:23.975,273.2,Jordan Taylor,,GTP,,Cadillac Wayne Taylor Racing,Cadillac,GF,
40,1,24,1:17.664,0,,26.412,0,26.336,0,24.916,0,181.9,44:36.142,11:29:36.142,0:26.412,0:26.336,0:24.916,274.3,Jordan Taylor,,GTP,,Cadillac Wayne Taylor Racing,Cadillac,GF,
40,1,25,1:19.292,0,,27.349,0,26.677,0,25.266,0,178.2,45:55.434,11:30:55.434,0:27.349,0:26.677,0:25.266,270.9,Jordan Taylor,,GTP,,Cadillac Wayne Taylor Racing,Cadillac,GF,
40,1,26,1:17.397,0,,26.492,0,26.674,0,24.231,0,182.6,47:12.831,11:32:12.831,0:26.492,0:26.674,0:24.231,279.6,Jordan Taylor,,GTP,,Cadillac Wayne Taylor Racing,Cadillac,GF,
40,1,27,1:18.550,0,,26.570,0,27.192,0,24.788,0,179.9,48:31.381,11:33:31.381,0:26.570,0:27.192,0:24.788,276.0,Jordan Taylor,,GTP,,Cadillac Wayne Taylor Racing,Cadillac,GF,
40,1,28,1:39.413,0,B,27.719,0,26.793,0,44.901,0,142.1,50:10.794,11:35:10.794,0:27.719,0:26.793,0:44.901,269.8,Jordan Taylor,,GTP,,Cadillac Wayne Taylor Racing,Cadillac,GF,
40,2,29,5:43.405,0,,4:51.598,0,27.168,0,24.639,0,41.1,55:54.199,11:40:54.199,4:51.598,0:27.168,0:24.639,250.3,Louis Deletraz,0:04:53.672,GTP,,Cadillac Wayne Taylor Racing,Cadillac,GF,
40,2,30,1:17.817,0,,26.815,0,26.946,0,24.056,0,181.6,57:12.016,11:42:12.016,0:26.815,0:26.946,0:24.056,279.0,Louis Deletraz,,GTP,,Cadillac Wayne Taylor Racing,Cadillac,GF,
40,2,31,1:22.291,0,,30.807,0,26.682,0,24.802,0,171.7,58:34.307,11:43:34.307,0:30.807,0:26.682,0:24.802,277.8,Louis Deletraz,,GTP,,Cadillac Wayne Taylor Racing,Cadillac,GF,
40,2,32,1:19.591,0,,26.558,0,26.809,0,26.224,0,177.5,59:53.898,11:44:53.898,0:26.558,0:26.809,0:26.224,280.8,Louis Deletraz,,GTP,,Cadillac Wayne Taylor Racing,Cadillac,GF,
40,2,33,1:17.038,0,,26.239,0,26.706,0,24.093,0,183.4,1:01:10.936,11:46:10.936,0:26.239,0:26.706,0:24.093,284.4,Louis Deletraz,,GTP,,Cadillac Wayne Taylor Racing,Cadillac,GF,
40,2,34,1:17.935,0,,26.616,0,27.130,0,24.189,0,181.3,1:02:28.871,11:47:28.871,0:26.616,0:27.130,0:24.189,282.0,Louis Deletraz,,GTP,,Cadillac Wayne Taylor Racing,Cadillac,GF,
40,2,35,1:38.014,0,B,26.574,0,26.649,0,44.791,0,144.2,1:04:06.885,11:49:06.885,0:26.574,0:26.649,0:44.791,286.9,Louis Deletraz,,GTP,,Cadillac Wayne Taylor Racing,Cadillac,GF,
40,2,36,9:02.256,0,,8:06.960,0,29.702,0,25.594,0,26.1,1:13:09.141,11:58:09.141,8:06.960,0:29.702,0:25.594,236.0,Louis Deletraz,0:08:06.451,GTP,,Cadillac Wayne Taylor Racing,Cadillac,GF,
40,2,37,1:22.367,0,,27.333,0,28.228,0,26.806,0,171.6,1:14:31.508,11:59:31.508,0:27.333,0:28.228,0:26.806,267.6,Louis Deletraz,,GTP,,Cadillac Wayne Taylor Racing,Cadillac,GF,
40,2,38,1:18.571,0,,26.352,0,26.575,0,25.644,0,179.8,1:15:50.079,12:00:50.079,0:26.352,0:26.575,0:25.644,282.0,Louis Deletraz,,GTP,,Cadillac Wayne Taylor Racing,Cadillac,GF,
40,2,39,1:15.978,0,,26.077,0,26.247,0,23.654,2,186.0,1:17:06.057,12:02:06.057,0:26.077,0:26.247,0:23.654,289.4,Louis Deletraz,,GTP,,Cadillac Wayne Taylor Racing,Cadillac,GF,
40,2,40,1:15.851,2,,25.978,2,26.197,2,23.676,0,186.3,1:18:21.908,12:03:21.908,0:25.978,0:26.197,0:23.676,289.4,Louis Deletraz,,GTP,,Cadillac Wayne Taylor Racing,Cadillac,GF,
40,2,41,1:17.676,0,,26.387,0,26.850,0,24.439,0,181.9,1:19:39.584,12:04:39.584,0:26.387,0:26.850,0:24.439,286.2,Louis Deletraz,,GTP,,Cadillac Wayne Taylor Racing,Cadillac,GF,
40,2,42,1:16.282,0,,26.031,0,26.291,0,23.960,0,185.2,1:20:55.866,12:05:55.866,0:26.031,0:26.291,0:23.960,289.4,Louis Deletraz,,GTP,,Cadillac Wayne Taylor Racing,Cadillac,GF,
40,2,43,1:18.538,0,,26.596,0,27.339,0,24.603,0,179.9,1:22:14.404,12:07:14.404,0:26.596,0:27.339,0:24.603,267.1,Louis Deletraz,,GTP,,Cadillac Wayne Taylor Racing,Cadillac,GF,
40,2,44,1:19.751,0,,26.763,0,26.873,0,26.115,0,177.2,1:23:34.155,12:08:34.155,0:26.763,0:26.873,0:26.115,285.0,Louis Deletraz,,GTP,,Cadillac Wayne Taylor Racing,Cadillac,GF,
40,2,45,1:17.347,0,,26.288,0,26.911,0,24.148,0,182.7,1:24:51.502,12:09:51.502,0:26.288,0:26.911,0:24.148,286.2,Louis Deletraz,,GTP,,Cadillac Wayne Taylor Racing,Cadillac,GF,
40,2,46,1:19.198,0,,27.135,0,27.605,0,24.458,0,178.4,1:26:10.700,12:11:10.700,0:27.135,0:27.605,0:24.458,277.2,Louis Deletraz,,GTP,,Cadillac Wayne Taylor Racing,Cadillac,GF,
40,2,47,1:16.462,0,,26.105,0,26.266,0,24.091,0,184.8,1:27:27.162,12:12:27.162,0:26.105,0:26.266,0:24.091,290.0,Louis Deletraz,,GTP,,Cadillac Wayne Taylor Racing,Cadillac,GF,
40,2,48,1:17.603,0,,26.501,0,27.190,0,23.912,0,182.1,1:28:44.765,12:13:44.765,0:26.501,0:27.190,0:23.912,277.8,Louis Deletraz,,GTP,,Cadillac Wayne Taylor Racing,Cadillac,GF,
40,2,49,1:17.191,0,,26.427,0,26.393,0,24.371,0,183.1,1:30:01.956,12:15:01.956,0:26.427,0:26.393,0:24.371,289.4,Louis Deletraz,,GTP,,Cadillac Wayne Taylor Racing,Cadillac,FF,
43,1,1,11:44.945,0,B,10:11.560,0,40.375,0,53.010,0,20.0,11:44.945,10:56:44.945,10:11.560,0:40.375,0:53.010,158.1,Jeremy Clarke,0:09:32.631,LMP2,,Inter Europol Competition,Gibson,RF,
43,1,2,2:46.592,0,,1:50.663,0,29.192,0,26.737,0,84.8,14:31.537,10:59:31.537,1:50.663,0:29.192,0:26.737,241.6,Jeremy Clarke,0:01:52.142,LMP2,,Inter Europol Competition,Gibson,GF,
43,1,3,1:21.332,0,,28.069,0,28.161,0,25.102,0,173.7,15:52.869,11:00:52.869,0:28.069,0:28.161,0:25.102,254.7,Jeremy Clarke,,LMP2,,Inter Europol Competition,Gibson,GF,
43,1,4,1:19.938,0,,26.850,0,27.965,0,25.123,0,176.8,17:12.807,11:02:12.807,0:26.850,0:27.965,0:25.123,263.3,Jeremy Clarke,,LMP2,,Inter Europol Competition,Gibson,GF,
43,1,5,1:21.203,0,,28.576,0,27.453,0,25.174,0,174.0,18:34.010,11:03:34.010,0:28.576,0:27.453,0:25.174,256.7,Jeremy Clarke,,LMP2,,Inter Europol Competition,Gibson,GF,
43,1,6,1:20.123,0,,27.317,0,27.598,0,25.208,0,176.4,19:54.133,11:04:54.133,0:27.317,0:27.598,0:25.208,260.7,Jeremy Clarke,,LMP2,,Inter Europol Competition,Gibson,GF,
43,1,7,1:18.612,0,,26.750,0,27.068,0,24.794,0,179.8,21:12.745,11:06:12.745,0:26.750,0:27.068,0:24.794,260.2,Jeremy Clarke,,LMP2,,Inter Europol Competition,Gibson,GF,
43,1,8,1:18.387,0,,26.657,0,27.153,0,24.577,0,180.3,22:31.132,11:07:31.132,0:26.657,0:27.153,0:24.577,260.2,Jeremy Clarke,,LMP2,,Inter Europol Competition,Gibson,GF,
43,1,9,1:18.685,0,,26.683,0,27.121,0,24.881,0,179.6,23:49.817,11:08:49.817,0:26.683,0:27.121,0:24.881,261.8,Jeremy Clarke,,LMP2,,Inter Europol Competition,Gibson,GF,
43,1,10,1:19.453,0,,27.074,0,27.645,0,24.734,0,177.8,25:09.270,11:10:09.270,0:27.074,0:27.645,0:24.734,261.3,Jeremy Clarke,,LMP2,,Inter Europol Competition,Gibson,GF,
43,1,11,1:19.272,0,,27.613,0,27.136,0,24.523,0,178.3,26:28.542,11:11:28.542,0:27.613,0:27.136,0:24.523,259.7,Jeremy Clarke,,LMP2,,Inter Europol Competition,Gibson,GF,
43,1,12,1:20.989,0,,27.597,0,26.979,0,26.413,0,174.5,27:49.531,11:12:49.531,0:27.597,0:26.979,0:26.413,259.7,Jeremy Clarke,,LMP2,,Inter Europol Competition,Gibson,GF,
43,1,13,1:19.416,0,,26.657,0,27.432,0,25.327,0,177.9,29:08.947,11:14:08.947,0:26.657,0:27.432,0:25.327,261.8,Jeremy Clarke,,LMP2,,Inter Europol Competition,Gibson,GF,
43,1,14,1:20.198,0,,26.648,0,28.819,0,24.731,0,176.2,30:29.145,11:15:29.145,0:26.648,0:28.819,0:24.731,261.8,Jeremy Clarke,,LMP2,,Inter Europol Competition,Gibson,GF,
43,1,15,1:19.174,0,,26.877,0,27.144,0,25.153,0,178.5,31:48.319,11:16:48.319,0:26.877,0:27.144,0:25.153,260.7,Jeremy Clarke,,LMP2,,Inter Europol Competition,Gibson,GF,
43,1,16,1:20.638,0,,27.745,0,27.422,0,25.471,0,175.2,33:08.957,11:18:08.957,0:27.745,0:27.422,0:25.471,256.2,Jeremy Clarke,,LMP2,,Inter Europol Competition,Gibson,GF,
43,1,17,1:19.302,0,,27.583,0,27.114,0,24.605,0,178.2,34:28.259,11:19:28.259,0:27.583,0:27.114,0:24.605,259.7,Jeremy Clarke,,LMP2,,Inter Europol Competition,Gibson,GF,
43,1,18,1:17.876,0,,26.526,1,26.836,1,24.514,1,181.5,35:46.135,11:20:46.135,0:26.526,0:26.836,0:24.514,259.7,Jeremy Clarke,,LMP2,,Inter Europol Competition,Gibson,GF,
43,1,19,4:08.303,0,B,26.549,0,28.278,0,3:13.476,0,56.9,39:54.438,11:24:54.438,0:26.549,0:28.278,3:13.476,260.2,Jeremy Clarke,,LMP2,,Inter Europol Competition,Gibson,GF,
43,2,20,1:39.763,0,,47.226,0,27.705,0,24.832,0,141.6,41:34.201,11:26:34.201,0:47.226,0:27.705,0:24.832,257.7,Thomas Dillmann,0:03:19.095,LMP2,,Inter Europol Competition,Gibson,GF,
43,2,21,1:17.894,0,,26.662,0,26.778,0,24.454,0,181.4,42:52.095,11:27:52.095,0:26.662,0:26.778,0:24.454,259.7,Thomas Dillmann,,LMP2,,Inter Europol Competition,Gibson,GF,
43,2,22,1:40.947,0,B,27.194,0,28.062,0,45.691,0,140.0,44:33.042,11:29:33.042,0:27.194,0:28.062,0:45.691,259.7,Thomas Dillmann,,LMP2,,Inter Europol Competition,Gibson,GF,
43,2,23,1:38.745,0,,47.350,0,26.817,0,24.578,0,143.1,46:11.787,11:31:11.787,0:47.350,0:26.817,0:24.578,260.2,Thomas Dillmann,0:00:51.123,LMP2,,Inter Europol Competition,Gibson,GF,
43,2,24,1:20.804,0,,26.919,0,27.096,0,26.789,0,174.9,47:32.591,11:32:32.591,0:26.919,0:27.096,0:26.789,259.7,Thomas Dillmann,,LMP2,,Inter Europol Competition,Gibson,GF,
43,2,25,1:18.342,0,,26.520,0,26.851,0,24.971,0,180.4,48:50.933,11:33:50.933,0:26.520,0:26.851,0:24.971,260.2,Thomas Dillmann,,LMP2,,Inter Europol Competition,Gibson,GF,
43,2,26,1:17.504,0,,26.557,0,26.557,0,24.390,0,182.3,50:08.437,11:35:08.437,0:26.557,0:26.557,0:24.390,259.7,Thomas Dillmann,,LMP2,,Inter Europol Competition,Gibson,GF,
43,2,27,1:19.149,0,,26.659,0,27.784,0,24.706,0,178.5,51:27.586,11:36:27.586,0:26.659,0:27.784,0:24.706,260.7,Thomas Dillmann,,LMP2,,Inter Europol Competition,Gibson,GF,
43,2,28,1:17.587,0,,26.364,2,26.901,0,24.322,0,182.1,52:45.173,11:37:45.173,0:26.364,0:26.901,0:24.322,262.8,Thomas Dillmann,,LMP2,,Inter Europol Competition,Gibson,GF,
43,2,29,1:20.583,0,,27.188,0,26.894,0,26.501,0,175.4,54:05.756,11:39:05.756,0:27.188,0:26.894,0:26.501,260.2,Thomas Dillmann,,LMP2,,Inter Europol Competition,Gibson,GF,
43,2,30,1:17.719,0,,26.494,0,26.530,2,24.695,0,181.8,55:23.475,11:40:23.475,0:26.494,0:26.530,0:24.695,262.3,Thomas Dillmann,,LMP2,,Inter Europol Competition,Gibson,GF,
43,2,31,1:18.899,0,,26.684,0,26.964,0,25.251,0,179.1,56:42.374,11:41:42.374,0:26.684,0:26.964,0:25.251,261.3,Thomas Dillmann,,LMP2,,Inter Europol Competition,Gibson,GF,
43,2,32,1:19.046,0,,27.052,0,27.326,0,24.668,0,178.8,58:01.420,11:43:01.420,0:27.052,0:27.326,0:24.668,255.7,Thomas Dillmann,,LMP2,,Inter Europol Competition,Gibson,GF,
43,2,33,1:17.884,0,,26.720,0,26.587,0,24.577,0,181.4,59:19.304,11:44:19.304,0:26.720,0:26.587,0:24.577,258.7,Thomas Dillmann,,LMP2,,Inter Europol Competition,Gibson,GF,
43,2,34,3:48.716,0,B,26.495,0,26.739,0,2:55.482,0,61.8,1:03:08.020,11:48:08.020,0:26.495,0:26.739,2:55.482,262.3,Thomas Dillmann,,LMP2,,Inter Europol Competition,Gibson,GF,
43,2,35,1:40.670,0,,47.419,0,27.479,0,25.772,0,140.4,1:04:48.690,11:49:48.690,0:47.419,0:27.479,0:25.772,258.7,Thomas Dillmann,0:03:01.487,LMP2,,Inter Europol Competition,Gibson,GF,
43,2,36,1:18.046,0,,26.609,0,26.574,0,24.863,0,181.1,1:06:06.736,11:51:06.736,0:26.609,0:26.574,0:24.863,261.3,Thomas Dillmann,,LMP2,,Inter Europol Competition,Gibson,GF,
43,2,37,1:17.707,0,,26.644,0,26.706,0,24.357,0,181.8,1:07:24.443,11:52:24.443,0:26.644,0:26.706,0:24.357,262.3,Thomas Dillmann,,LMP2,,Inter Europol Competition,Gibson,GF,
43,2,38,1:17.941,0,,26.574,0,26.662,0,24.705,0,181.3,1:08:42.384,11:53:42.384,0:26.574,0:26.662,0:24.705,260.7,Thomas Dillmann,,LMP2,,Inter Europol Competition,Gibson,GF,
43,2,39,1:17.234,2,,26.416,0,26.544,0,24.274,2,183.0,1:09:59.618,11:54:59.618,0:26.416,0:26.544,0:24.274,261.3,Thomas Dillmann,,LMP2,,Inter Europol Competition,Gibson,GF,
43,2,40,1:18.283,0,,26.594,0,26.633,0,25.056,0,180.5,1:11:17.901,11:56:17.901,0:26.594,0:26.633,0:25.056,262.3,Thomas Dillmann,,LMP2,,Inter Europol Competition,Gibson,GF,
43,2,41,1:19.253,0,,27.271,0,26.972,0,25.010,0,178.3,1:12:37.154,11:57:37.154,0:27.271,0:26.972,0:25.010,259.7,Thomas Dillmann,,LMP2,,Inter Europol Competition,Gibson,GF,
43,2,42,1:17.645,0,,26.711,0,26.566,0,24.368,0,182.0,1:13:54.799,11:58:54.799,0:26.711,0:26.566,0:24.368,261.8,Thomas Dillmann,,LMP2,,Inter Europol Competition,Gibson,GF,
43,2,43,1:21.013,0,,27.089,0,27.055,0,26.869,0,174.4,1:15:15.812,12:00:15.812,0:27.089,0:27.055,0:26.869,258.7,Thomas Dillmann,,LMP2,,Inter Europol Competition,Gibson,GF,
43,2,44,1:18.774,0,,26.792,0,27.349,0,24.633,0,179.4,1:16:34.586,12:01:34.586,0:26.792,0:27.349,0:24.633,260.7,Thomas Dillmann,,LMP2,,Inter Europol Competition,Gibson,GF,
43,2,45,5:17.023,0,B,27.011,0,27.539,0,4:22.473,0,44.6,1:21:51.609,12:06:51.609,0:27.011,0:27.539,4:22.473,261.3,Thomas Dillmann,,LMP2,,Inter Europol Competition,Gibson,GF,
43,2,46,2:05.179,0,B,50.514,0,28.506,0,46.159,0,112.9,1:23:56.788,12:08:56.788,0:50.514,0:28.506,0:46.159,246.6,Thomas Dillmann,0:04:28.084,LMP2,,Inter Europol Competition,Gibson,GF,
43,2,47,1:40.162,0,,47.400,0,27.926,0,24.836,0,141.1,1:25:36.950,12:10:36.950,0:47.400,0:27.926,0:24.836,256.7,Thomas Dillmann,0:00:51.232,LMP2,,Inter Europol Competition,Gibson,GF,
43,2,48,1:19.520,0,,27.720,0,27.142,0,24.658,0,177.7,1:26:56.470,12:11:56.470,0:27.720,0:27.142,0:24.658,256.2,Thomas Dillmann,,LMP2,,Inter Europol Competition,Gibson,GF,
43,2,49,1:19.007,0,,26.825,0,27.345,0,24.837,0,178.9,1:28:15.477,12:13:15.477,0:26.825,0:27.345,0:24.837,259.7,Thomas Dillmann,,LMP2,,Inter Europol Competition,Gibson,GF,
43,2,50,1:21.677,0,,27.795,0,28.113,0,25.769,0,173.0,1:29:37.154,12:14:37.154,0:27.795,0:28.113,0:25.769,261.3,Thomas Dillmann,,LMP2,,Inter Europol Competition,Gibson,GF,
45,1,1,2:27.225,0,,1:18.117,0,37.512,0,31.596,0,96.0,2:27.225,10:47:27.225,1:18.117,0:37.512,0:31.596,165.8,Danny Formal,0:00:44.287,GTD,,Wayne Taylor Racing,Lamborghini,GF,
45,1,2,1:51.863,0,B,32.744,0,31.172,0,47.947,0,126.3,4:19.088,10:49:19.088,0:32.744,0:31.172,0:47.947,213.8,Danny Formal,,GTD,,Wayne Taylor Racing,Lamborghini,GF,
45,1,3,2:32.836,0,,1:33.495,0,31.541,0,27.800,0,92.5,6:51.924,10:51:51.924,1:33.495,0:31.541,0:27.800,211.7,Danny Formal,0:01:32.197,GTD,,Wayne Taylor Racing,Lamborghini,GF,
45,1,4,1:28.511,0,,30.054,0,30.147,0,28.310,0,159.6,8:20.435,10:53:20.435,0:30.054,0:30.147,0:28.310,244.7,Danny Formal,,GTD,,Wayne Taylor Racing,Lamborghini,GF,
45,1,5,1:25.656,0,,29.263,0,29.546,0,26.847,0,165.0,9:46.091,10:54:46.091,0:29.263,0:29.546,0:26.847,242.5,Danny Formal,,GTD,,Wayne Taylor Racing,Lamborghini,RF,
45,1,6,2:06.142,0,B,33.074,0,38.310,0,54.758,0,112.0,11:52.233,10:56:52.233,0:33.074,0:38.310,0:54.758,136.2,Danny Formal,,GTD,,Wayne Taylor Racing,Lamborghini,RF,
45,1,7,3:46.060,0,,2:43.886,0,33.074,0,29.100,0,62.5,15:38.293,11:00:38.293,2:43.886,0:33.074,0:29.100,207.7,Danny Formal,0:02:40.599,GTD,,Wayne Taylor Racing,Lamborghini,GF,
45,1,8,1:31.813,0,,31.452,0,31.274,0,29.087,0,153.9,17:10.106,11:02:10.106,0:31.452,0:31.274,0:29.087,188.9,Danny Formal,,GTD,,Wayne Taylor Racing,Lamborghini,GF,
45,1,9,1:27.938,0,,30.715,0,30.641,0,26.582,0,160.7,18:38.044,11:03:38.044,0:30.715,0:30.641,0:26.582,157.9,Danny Formal,,GTD,,Wayne Taylor Racing,Lamborghini,GF,
45,1,10,1:23.497,0,,28.598,0,28.717,0,26.182,0,169.2,20:01.541,11:05:01.541,0:28.598,0:28.717,0:26.182,245.2,Danny Formal,,GTD,,Wayne Taylor Racing,Lamborghini,GF,
45,1,11,1:27.766,0,,30.132,0,30.134,0,27.500,0,161.0,21:29.307,11:06:29.307,0:30.132,0:30.134,0:27.500,240.7,Danny Formal,,GTD,,Wayne Taylor Racing,Lamborghini,GF,
45,1,12,1:23.240,2,,28.470,2,28.762,0,26.008,2,169.8,22:52.547,11:07:52.547,0:28.470,0:28.762,0:26.008,244.7,Danny Formal,,GTD,,Wayne Taylor Racing,Lamborghini,GF,
45,1,13,1:27.693,0,,28.497,0,28.861,0,30.335,0,161.1,24:20.240,11:09:20.240,0:28.497,0:28.861,0:30.335,246.1,Danny Formal,,GTD,,Wayne Taylor Racing,Lamborghini,GF,
45,1,14,1:28.213,0,,29.338,0,31.181,0,27.694,0,160.2,25:48.453,11:10:48.453,0:29.338,0:31.181,0:27.694,231.4,Danny Formal,,GTD,,Wayne Taylor Racing,Lamborghini,GF,
45,1,15,1:43.506,0,B,28.576,0,28.630,2,46.300,0,136.5,27:31.959,11:12:31.959,0:28.576,0:28.630,0:46.300,243.8,Danny Formal,,GTD,,Wayne Taylor Racing,Lamborghini,GF,
45,2,16,3:47.507,0,,2:51.513,0,29.401,0,26.593,0,62.1,31:19.466,11:16:19.466,2:51.513,0:29.401,0:26.593,242.0,Trent Hindman,0:02:54.473,GTD,,Wayne Taylor Racing,Lamborghini,GF,
45,2,17,1:24.808,0,,29.248,0,29.122,0,26.438,0,166.6,32:44.274,11:17:44.274,0:29.248,0:29.122,0:26.438,241.6,Trent Hindman,,GTD,,Wayne Taylor Racing,Lamborghini,GF,
45,2,18,1:24.232,0,,28.829,1,29.024,0,26.379,1,167.8,34:08.506,11:19:08.506,0:28.829,0:29.024,0:26.379,242.0,Trent Hindman,,GTD,,Wayne Taylor Racing,Lamborghini,GF,
45,2,19,1:25.196,0,,29.299,0,29.117,0,26.780,0,165.9,35:33.702,11:20:33.702,0:29.299,0:29.117,0:26.780,242.0,Trent Hindman,,GTD,,Wayne Taylor Racing,Lamborghini,GF,
45,2,20,1:24.461,0,,28.846,0,29.182,0,26.433,0,167.3,36:58.163,11:21:58.163,0:28.846,0:29.182,0:26.433,242.0,Trent Hindman,,GTD,,Wayne Taylor Racing,Lamborghini,GF,
45,2,21,1:28.169,0,,29.067,0,29.321,0,29.781,0,160.3,38:26.332,11:23:26.332,0:29.067,0:29.321,0:29.781,243.4,Trent Hindman,,GTD,,Wayne Taylor Racing,Lamborghini,GF,
45,2,22,1:24.570,0,,28.893,0,28.992,1,26.685,0,167.1,39:50.902,11:24:50.902,0:28.893,0:28.992,0:26.685,242.5,Trent Hindman,,GTD,,Wayne Taylor Racing,Lamborghini,GF,
45,2,23,1:24.561,0,,28.974,0,29.116,0,26.471,0,167.1,41:15.463,11:26:15.463,0:28.974,0:29.116,0:26.471,242.0,Trent Hindman,,GTD,,Wayne Taylor Racing,Lamborghini,GF,
45,2,24,1:45.476,0,B,29.806,0,29.067,0,46.603,0,134.0,43:00.939,11:28:00.939,0:29.806,0:29.067,0:46.603,244.3,Trent Hindman,,GTD,,Wayne Taylor Racing,Lamborghini,GF,
45,2,25,4:37.740,0,,3:38.261,0,29.884,0,29.595,0,50.9,47:38.679,11:32:38.679,3:38.261,0:29.884,0:29.595,241.6,Trent Hindman,0:03:40.072,GTD,,Wayne Taylor Racing,Lamborghini,GF,
45,2,26,1:24.414,0,,28.871,0,29.139,0,26.404,0,167.4,49:03.093,11:34:03.093,0:28.871,0:29.139,0:26.404,241.2,Trent Hindman,,GTD,,Wayne Taylor Racing,Lamborghini,GF,
45,2,27,1:25.397,0,,29.016,0,29.888,0,26.493,0,165.5,50:28.490,11:35:28.490,0:29.016,0:29.888,0:26.493,242.0,Trent Hindman,,GTD,,Wayne Taylor Racing,Lamborghini,GF,
45,2,28,1:24.871,0,,28.901,0,29.391,0,26.579,0,166.5,51:53.361,11:36:53.361,0:28.901,0:29.391,0:26.579,230.6,Trent Hindman,,GTD,,Wayne Taylor Racing,Lamborghini,GF,
45,2,29,1:24.867,0,,28.837,0,29.312,0,26.718,0,166.5,53:18.228,11:38:18.228,0:28.837,0:29.312,0:26.718,242.9,Trent Hindman,,GTD,,Wayne Taylor Racing,Lamborghini,GF,
45,2,30,1:45.754,0,B,29.371,0,29.794,0,46.589,0,133.6,55:03.982,11:40:03.982,0:29.371,0:29.794,0:46.589,244.7,Trent Hindman,,GTD,,Wayne Taylor Racing,Lamborghini,GF,
45,1,31,4:08.879,0,,3:11.880,0,30.108,0,26.891,0,56.8,59:12.861,11:44:12.861,3:11.880,0:30.108,0:26.891,240.7,Danny Formal,0:03:12.460,GTD,,Wayne Taylor Racing,Lamborghini,GF,
45,1,32,1:25.277,0,,29.336,0,29.267,0,26.674,0,165.7,1:00:38.138,11:45:38.138,0:29.336,0:29.267,0:26.674,243.8,Danny Formal,,GTD,,Wayne Taylor Racing,Lamborghini,GF,
45,1,33,1:24.581,0,,29.044,0,29.046,0,26.491,0,167.1,1:02:02.719,11:47:02.719,0:29.044,0:29.046,0:26.491,246.1,Danny Formal,,GTD,,Wayne Taylor Racing,Lamborghini,GF,
45,1,34,1:24.472,0,,28.930,0,29.018,0,26.524,0,167.3,1:03:27.191,11:48:27.191,0:28.930,0:29.018,0:26.524,244.3,Danny Formal,,GTD,,Wayne Taylor Racing,Lamborghini,GF,
45,1,35,1:24.568,0,,29.011,0,29.087,0,26.470,0,167.1,1:04:51.759,11:49:51.759,0:29.011,0:29.087,0:26.470,244.7,Danny Formal,,GTD,,Wayne Taylor Racing,Lamborghini,GF,
45,1,36,1:24.445,0,,29.020,0,28.920,0,26.505,0,167.3,1:06:16.204,11:51:16.204,0:29.020,0:28.920,0:26.505,244.3,Danny Formal,,GTD,,Wayne Taylor Racing,Lamborghini,GF,
45,1,37,1:24.403,0,,28.892,0,28.950,0,26.561,0,167.4,1:07:40.607,11:52:40.607,0:28.892,0:28.950,0:26.561,243.8,Danny Formal,,GTD,,Wayne Taylor Racing,Lamborghini,GF,
45,1,38,1:24.546,0,,29.048,0,29.017,0,26.481,0,167.1,1:09:05.153,11:54:05.153,0:29.048,0:29.017,0:26.481,244.7,Danny Formal,,GTD,,Wayne Taylor Racing,Lamborghini,GF,
45,1,39,1:26.509,0,,29.357,0,29.430,0,27.722,0,163.3,1:10:31.662,11:55:31.662,0:29.357,0:29.430,0:27.722,242.9,Danny Formal,,GTD,,Wayne Taylor Racing,Lamborghini,GF,
45,1,40,1:26.947,0,,28.970,0,30.216,0,27.761,0,162.5,1:11:58.609,11:56:58.609,0:28.970,0:30.216,0:27.761,235.1,Danny Formal,,GTD,,Wayne Taylor Racing,Lamborghini,GF,
45,1,41,1:46.743,0,B,29.910,0,30.039,0,46.794,0,132.4,1:13:45.352,11:58:45.352,0:29.910,0:30.039,0:46.794,238.1,Danny Formal,,GTD,,Wayne Taylor Racing,Lamborghini,GF,
45,2,42,2:59.659,0,B,1:42.366,0,30.182,0,47.111,0,78.7,1:16:45.011,12:01:45.011,1:42.366,0:30.182,0:47.111,239.4,Trent Hindman,0:01:43.907,GTD,,Wayne Taylor Racing,Lamborghini,GF,
45,1,43,2:53.799,0,B,1:37.215,0,29.789,0,46.795,0,81.3,1:19:38.810,12:04:38.810,1:37.215,0:29.789,0:46.795,243.4,Danny Formal,0:01:39.095,GTD,,Wayne Taylor Racing,Lamborghini,GF,
5,2,1,2:09.156,0,,1:09.290,0,32.398,0,27.468,0,109.4,2:09.156,10:47:09.156,1:09.290,0:32.398,0:27.468,201.0,Nicolas Mueller,0:00:40.028,GTP,,JDC-Miller MotorSports,Porsche,GF,
5,2,2,1:21.202,0,,28.365,0,27.944,0,24.893,0,174.0,3:30.358,10:48:30.358,0:28.365,0:27.944,0:24.893,276.6,Nicolas Mueller,,GTP,,JDC-Miller MotorSports,Porsche,GF,
5,2,3,1:18.025,0,,26.646,0,26.764,0,24.615,0,181.1,4:48.383,10:49:48.383,0:26.646,0:26.764,0:24.615,284.4,Nicolas Mueller,,GTP,,JDC-Miller MotorSports,Porsche,GF,
5,2,4,1:17.396,0,,26.505,0,26.467,0,24.424,0,182.6,6:05.779,10:51:05.779,0:26.505,0:26.467,0:24.424,285.6,Nicolas Mueller,,GTP,,JDC-Miller MotorSports,Porsche,GF,
5,2,5,1:17.352,0,,26.522,0,26.596,0,24.234,0,182.7,7:23.131,10:52:23.131,0:26.522,0:26.596,0:24.234,283.2,Nicolas Mueller,,GTP,,JDC-Miller MotorSports,Porsche,GF,
5,2,6,1:17.097,2,,26.456,2,26.392,2,24.249,0,183.3,8:40.228,10:53:40.228,0:26.456,0:26.392,0:24.249,285.0,Nicolas Mueller,,GTP,,JDC-Miller MotorSports,Porsche,GF,
5,2,7,1:45.981,0,B,26.847,0,26.586,0,52.548,0,133.3,10:26.209,10:55:26.209,0:26.847,0:26.586,0:52.548,283.8,Nicolas Mueller,,GTP,,JDC-Miller MotorSports,Porsche,RF,
5,2,8,8:37.834,0,,7:44.157,0,28.253,0,25.424,0,27.3,19:04.043,11:04:04.043,7:44.157,0:28.253,0:25.424,255.2,Nicolas Mueller,0:07:48.976,GTP,,JDC-Miller MotorSports,Porsche,GF,
5,2,9,1:19.185,0,,27.017,0,27.502,0,24.666,0,178.5,20:23.228,11:05:23.228,0:27.017,0:27.502,0:24.666,274.9,Nicolas Mueller,,GTP,,JDC-Miller MotorSports,Porsche,GF,
5,2,10,1:19.205,0,,27.291,0,27.455,0,24.459,0,178.4,21:42.433,11:06:42.433,0:27.291,0:27.455,0:24.459,278.4,Nicolas Mueller,,GTP,,JDC-Miller MotorSports,Porsche,GF,
5,2,11,1:18.742,0,,26.989,0,27.494,0,24.259,0,179.5,23:01.175,11:08:01.175,0:26.989,0:27.494,0:24.259,282.6,Nicolas Mueller,,GTP,,JDC-Miller MotorSports,Porsche,GF,
5,2,12,1:41.475,0,B,27.405,0,27.909,0,46.161,0,139.3,24:42.650,11:09:42.650,0:27.405,0:27.909,0:46.161,260.2,Nicolas Mueller,,GTP,,JDC-Miller MotorSports,Porsche,GF,
5,2,13,16:08.500,0,,15:16.372,0,27.668,0,24.460,0,14.6,40:51.150,11:25:51.150,15:16.372,0:27.668,0:24.460,255.2,Nicolas Mueller,0:15:18.316,GTP,,JDC-Miller MotorSports,Porsche,GF,
5,2,14,1:18.625,0,,26.541,0,27.598,0,24.486,0,179.7,42:09.775,11:27:09.775,0:26.541,0:27.598,0:24.486,261.8,Nicolas Mueller,,GTP,,JDC-Miller MotorSports,Porsche,GF,
5,2,15,1:17.672,0,,26.603,0,26.718,0,24.351,0,181.9,43:27.447,11:28:27.447,0:26.603,0:26.718,0:24.351,281.4,Nicolas Mueller,,GTP,,JDC-Miller MotorSports,Porsche,GF,
5,2,16,1:17.634,0,,26.759,0,26.664,0,24.211,0,182.0,44:45.081,11:29:45.081,0:26.759,0:26.664,0:24.211,282.0,Nicolas Mueller,,GTP,,JDC-Miller MotorSports,Porsche,GF,
5,2,17,1:18.511,0,,27.250,0,26.932,0,24.329,0,180.0,46:03.592,11:31:03.592,0:27.250,0:26.932,0:24.329,272.1,Nicolas Mueller,,GTP,,JDC-Miller MotorSports,Porsche,GF,
5,2,18,1:17.761,0,,26.850,0,26.783,0,24.128,2,181.7,47:21.353,11:32:21.353,0:26.850,0:26.783,0:24.128,279.6,Nicolas Mueller,,GTP,,JDC-Miller MotorSports,Porsche,GF,
5,2,19,1:17.911,0,,26.738,0,26.706,0,24.467,0,181.4,48:39.264,11:33:39.264,0:26.738,0:26.706,0:24.467,274.9,Nicolas Mueller,,GTP,,JDC-Miller MotorSports,Porsche,GF,
5,2,20,1:18.357,0,,27.196,0,26.594,0,24.567,0,180.3,49:57.621,11:34:57.621,0:27.196,0:26.594,0:24.567,267.1,Nicolas Mueller,,GTP,,JDC-Miller MotorSports,Porsche,GF,
5,2,21,1:39.224,0,B,27.170,0,26.789,0,45.265,0,142.4,51:36.845,11:36:36.845,0:27.170,0:26.789,0:45.265,266.5,Nicolas Mueller,,GTP,,JDC-Miller MotorSports,Porsche,GF,
5,1,22,6:21.770,0,,5:26.123,0,29.963,0,25.684,0,37.0,57:58.615,11:42:58.615,5:26.123,0:29.963,0:25.684,215.2,Tijmen van der Helm,0:05:28.313,GTP,,JDC-Miller MotorSports,Porsche,GF,
5,1,23,1:17.784,0,,26.590,0,26.840,0,24.354,0,181.7,59:16.399,11:44:16.399,0:26.590,0:26.840,0:24.354,280.8,Tijmen van der Helm,,GTP,,JDC-Miller MotorSports,Porsche,GF,
5,1,24,1:17.835,0,,26.541,0,26.728,1,24.566,0,181.5,1:00:34.234,11:45:34.234,0:26.541,0:26.728,0:24.566,282.6,Tijmen van der Helm,,GTP,,JDC-Miller MotorSports,Porsche,GF,
5,1,25,1:19.150,0,,26.780,0,27.677,0,24.693,0,178.5,1:01:53.384,11:46:53.384,0:26.780,0:27.677,0:24.693,284.4,Tijmen van der Helm,,GTP,,JDC-Miller MotorSports,Porsche,GF,
5,1,26,1:40.692,0,B,27.322,0,27.322,0,46.048,0,140.3,1:03:34.076,11:48:34.076,0:27.322,0:27.322,0:46.048,275.5,Tijmen van der Helm,,GTP,,JDC-Miller MotorSports,Porsche,GF,
5,1,27,3:40.837,0,,2:45.614,0,27.226,0,27.997,0,64.0,1:07:14.913,11:52:14.913,2:45.614,0:27.226,0:27.997,269.3,Tijmen van der Helm,0:02:49.450,GTP,,JDC-Miller MotorSports,Porsche,GF,
5,1,28,1:18.457,0,,26.730,0,27.047,0,24.680,0,180.1,1:08:33.370,11:53:33.370,0:26.730,0:27.047,0:24.680,278.4,Tijmen van der Helm,,GTP,,JDC-Miller MotorSports,Porsche,GF,
5,1,29,1:39.841,0,B,26.997,0,27.104,0,45.740,0,141.5,1:10:13.211,11:55:13.211,0:26.997,0:27.104,0:45.740,282.0,Tijmen van der Helm,,GTP,,JDC-Miller MotorSports,Porsche,GF,
5,1,30,3:56.355,0,,3:01.745,0,29.274,0,25.336,0,59.8,1:14:09.566,11:59:09.566,3:01.745,0:29.274,0:25.336,231.8,Tijmen van der Helm,0:03:02.133,GTP,,JDC-Miller MotorSports,Porsche,GF,
5,1,31,1:24.767,0,,27.454,0,27.453,0,29.860,0,166.7,1:15:34.333,12:00:34.333,0:27.454,0:27.453,0:29.860,279.6,Tijmen van der Helm,,GTP,,JDC-Miller MotorSports,Porsche,GF,
5,1,32,1:18.176,0,,26.637,0,27.023,0,24.516,0,180.8,1:16:52.509,12:01:52.509,0:26.637,0:27.023,0:24.516,280.8,Tijmen van der Helm,,GTP,,JDC-Miller MotorSports,Porsche,GF,
5,1,33,1:24.247,0,,26.666,0,29.162,0,28.419,0,167.7,1:18:16.756,12:03:16.756,0:26.666,0:29.162,0:28.419,282.6,Tijmen van der Helm,,GTP,,JDC-Miller MotorSports,Porsche,GF,
5,1,34,1:18.671,0,,26.727,0,27.364,0,24.580,0,179.6,1:19:35.427,12:04:35.427,0:26.727,0:27.364,0:24.580,277.8,Tijmen van der Helm,,GTP,,JDC-Miller MotorSports,Porsche,GF,
5,1,35,1:18.504,0,,26.481,1,27.165,0,24.858,0,180.0,1:20:53.931,12:05:53.931,0:26.481,0:27.165,0:24.858,285.6,Tijmen van der Helm,,GTP,,JDC-Miller MotorSports,Porsche,GF,
5,1,36,1:19.002,0,,27.126,0,27.292,0,24.584,0,178.9,1:22:12.933,12:07:12.933,0:27.126,0:27.292,0:24.584,276.6,Tijmen van der Helm,,GTP,,JDC-Miller MotorSports,Porsche,GF,
5,1,37,1:18.599,0,,27.232,0,26.970,0,24.397,0,179.8,1:23:31.532,12:08:31.532,0:27.232,0:26.970,0:24.397,282.0,Tijmen van der Helm,,GTP,,JDC-Miller MotorSports,Porsche,GF,
5,1,38,1:18.111,0,,27.027,0,26.780,0,24.304,0,180.9,1:24:49.643,12:09:49.643,0:27.027,0:26.780,0:24.304,276.6,Tijmen van der Helm,,GTP,,JDC-Miller MotorSports,Porsche,GF,
5,1,39,1:18.605,0,,27.178,0,27.169,0,24.258,1,179.8,1:26:08.248,12:11:08.248,0:27.178,0:27.169,0:24.258,274.9,Tijmen van der Helm,,GTP,,JDC-Miller MotorSports,Porsche,GF,
5,1,40,1:18.782,0,,26.550,0,27.546,0,24.686,0,179.4,1:27:27.030,12:12:27.030,0:26.550,0:27.546,0:24.686,278.4,Tijmen van der Helm,,GTP,,JDC-Miller MotorSports,Porsche,GF,
5,1,41,1:18.802,0,,27.152,0,27.137,0,24.513,0,179.3,1:28:45.832,12:13:45.832,0:27.152,0:27.137,0:24.513,284.4,Tijmen van der Helm,,GTP,,JDC-Miller MotorSports,Porsche,GF,
5,1,42,1:18.831,0,,27.141,0,27.267,0,24.423,0,179.3,1:30:04.663,12:15:04.663,0:27.141,0:27.267,0:24.423,282.6,Tijmen van der Helm,,GTP,,JDC-Miller MotorSports,Porsche,FF,
52,1,1,3:32.737,0,B,1:28.869,0,34.495,0,1:29.373,0,66.4,3:32.737,10:48:32.737,1:28.869,0:34.495,1:29.373,184.4,Misha Goikhberg,0:01:00.715,LMP2,,Bryan Herta Autosport with PR1/Mathiasen,Gibson,GF,
52,1,2,2:05.769,0,,55.397,0,38.770,0,31.602,0,112.4,5:38.506,10:50:38.506,0:55.397,0:38.770,0:31.602,157.5,Misha Goikhberg,0:01:33.288,LMP2,,Bryan Herta Autosport with PR1/Mathiasen,Gibson,GF,
52,1,3,1:27.985,0,,30.436,0,30.885,0,26.664,0,160.6,7:06.491,10:52:06.491,0:30.436,0:30.885,0:26.664,200.4,Misha Goikhberg,,LMP2,,Bryan Herta Autosport with PR1/Mathiasen,Gibson,GF,
52,1,4,1:22.313,0,,28.285,0,28.635,0,25.393,0,171.7,8:28.804,10:53:28.804,0:28.285,0:28.635,0:25.393,254.7,Misha Goikhberg,,LMP2,,Bryan Herta Autosport with PR1/Mathiasen,Gibson,GF,
52,1,5,1:19.449,0,,26.912,0,27.417,0,25.120,0,177.9,9:48.253,10:54:48.253,0:26.912,0:27.417,0:25.120,258.2,Misha Goikhberg,,LMP2,,Bryan Herta Autosport with PR1/Mathiasen,Gibson,RF,
52,1,6,2:06.946,0,B,32.545,0,37.462,0,56.939,0,111.3,11:55.199,10:56:55.199,0:32.545,0:37.462,0:56.939,148.6,Misha Goikhberg,,LMP2,,Bryan Herta Autosport with PR1/Mathiasen,Gibson,RF,
52,1,7,2:58.821,0,,1:55.555,0,37.550,0,25.716,0,79.0,14:54.020,10:59:54.020,1:55.555,0:37.550,0:25.716,167.7,Misha Goikhberg,0:01:57.771,LMP2,,Bryan Herta Autosport with PR1/Mathiasen,Gibson,GF,
52,1,8,1:18.944,0,,26.928,0,27.276,0,24.740,1,179.0,16:12.964,11:01:12.964,0:26.928,0:27.276,0:24.740,256.7,Misha Goikhberg,,LMP2,,Bryan Herta Autosport with PR1/Mathiasen,Gibson,GF,
52,1,9,1:25.511,0,,28.413,0,29.968,0,27.130,0,165.2,17:38.475,11:02:38.475,0:28.413,0:29.968,0:27.130,242.5,Misha Goikhberg,,LMP2,,Bryan Herta Autosport with PR1/Mathiasen,Gibson,GF,
52,1,10,1:19.944,0,,27.295,0,27.550,0,25.099,0,176.8,18:58.419,11:03:58.419,0:27.295,0:27.550,0:25.099,256.7,Misha Goikhberg,,LMP2,,Bryan Herta Autosport with PR1/Mathiasen,Gibson,GF,
52,1,11,1:20.844,0,,27.857,0,27.980,0,25.007,0,174.8,20:19.263,11:05:19.263,0:27.857,0:27.980,0:25.007,258.7,Misha Goikhberg,,LMP2,,Bryan Herta Autosport with PR1/Mathiasen,Gibson,GF,
52,1,12,1:18.797,0,,26.777,0,27.275,0,24.745,0,179.3,21:38.060,11:06:38.060,0:26.777,0:27.275,0:24.745,259.7,Misha Goikhberg,,LMP2,,Bryan Herta Autosport with PR1/Mathiasen,Gibson,GF,
52,1,13,1:19.407,0,,27.244,0,27.328,0,24.835,0,178.0,22:57.467,11:07:57.467,0:27.244,0:27.328,0:24.835,258.2,Misha Goikhberg,,LMP2,,Bryan Herta Autosport with PR1/Mathiasen,Gibson,GF,
52,1,14,4:15.529,0,B,26.695,1,27.487,0,3:21.347,0,55.3,27:12.996,11:12:12.996,0:26.695,0:27.487,3:21.347,259.2,Misha Goikhberg,,LMP2,,Bryan Herta Autosport with PR1/Mathiasen,Gibson,GF,
52,2,15,1:44.295,0,,49.638,0,28.598,0,26.059,0,135.5,28:57.291,11:13:57.291,0:49.638,0:28.598,0:26.059,250.8,Harry Tincknell,0:03:26.715,LMP2,,Bryan Herta Autosport with PR1/Mathiasen,Gibson,GF,
52,2,16,1:20.193,0,,27.528,0,27.520,0,25.145,0,176.2,30:17.484,11:15:17.484,0:27.528,0:27.520,0:25.145,255.2,Harry Tincknell,,LMP2,,Bryan Herta Autosport with PR1/Mathiasen,Gibson,GF,
52,2,17,1:18.575,0,,26.603,0,26.824,0,25.148,0,179.8,31:36.059,11:16:36.059,0:26.603,0:26.824,0:25.148,256.7,Harry Tincknell,,LMP2,,Bryan Herta Autosport with PR1/Mathiasen,Gibson,GF,
52,2,18,1:18.027,0,,26.670,0,26.628,0,24.729,0,181.1,32:54.086,11:17:54.086,0:26.670,0:26.628,0:24.729,257.2,Harry Tincknell,,LMP2,,Bryan Herta Autosport with PR1/Mathiasen,Gibson,GF,
52,2,19,1:18.440,0,,26.540,0,27.353,0,24.547,0,180.1,34:12.526,11:19:12.526,0:26.540,0:27.353,0:24.547,257.7,Harry Tincknell,,LMP2,,Bryan Herta Autosport with PR1/Mathiasen,Gibson,GF,
52,2,20,1:19.094,0,,27.219,0,27.162,0,24.713,0,178.7,35:31.620,11:20:31.620,0:27.219,0:27.162,0:24.713,258.2,Harry Tincknell,,LMP2,,Bryan Herta Autosport with PR1/Mathiasen,Gibson,GF,
52,2,21,1:19.545,0,,26.533,0,27.166,0,25.846,0,177.6,36:51.165,11:21:51.165,0:26.533,0:27.166,0:25.846,259.2,Harry Tincknell,,LMP2,,Bryan Herta Autosport with PR1/Mathiasen,Gibson,GF,
52,2,22,1:18.109,0,,26.499,2,26.723,0,24.887,0,180.9,38:09.274,11:23:09.274,0:26.499,0:26.723,0:24.887,258.7,Harry Tincknell,,LMP2,,Bryan Herta Autosport with PR1/Mathiasen,Gibson,GF,
52,2,23,3:37.120,0,B,26.558,0,26.753,0,2:43.809,0,65.1,41:46.394,11:26:46.394,0:26.558,0:26.753,2:43.809,259.7,Harry Tincknell,,LMP2,,Bryan Herta Autosport with PR1/Mathiasen,Gibson,GF,
52,2,24,1:39.563,0,,47.940,0,26.927,0,24.696,0,141.9,43:25.957,11:28:25.957,0:47.940,0:26.927,0:24.696,258.7,Harry Tincknell,0:02:50.152,LMP2,,Bryan Herta Autosport with PR1/Mathiasen,Gibson,GF,
52,2,25,1:17.916,0,,26.692,0,26.657,0,24.567,0,181.4,44:43.873,11:29:43.873,0:26.692,0:26.657,0:24.567,257.7,Harry Tincknell,,LMP2,,Bryan Herta Autosport with PR1/Mathiasen,Gibson,GF,
52,2,26,1:18.922,0,,27.607,0,26.618,0,24.697,0,179.0,46:02.795,11:31:02.795,0:27.607,0:26.618,0:24.697,257.7,Harry Tincknell,,LMP2,,Bryan Herta Autosport with PR1/Mathiasen,Gibson,GF,
52,2,27,1:23.407,0,,27.265,0,29.146,0,26.996,0,169.4,47:26.202,11:32:26.202,0:27.265,0:29.146,0:26.996,254.7,Harry Tincknell,,LMP2,,Bryan Herta Autosport with PR1/Mathiasen,Gibson,GF,
52,2,28,1:18.060,0,,26.794,0,26.699,0,24.567,0,181.0,48:44.262,11:33:44.262,0:26.794,0:26.699,0:24.567,257.2,Harry Tincknell,,LMP2,,Bryan Herta Autosport with PR1/Mathiasen,Gibson,GF,
52,2,29,1:18.328,0,,26.508,0,27.204,0,24.616,0,180.4,50:02.590,11:35:02.590,0:26.508,0:27.204,0:24.616,258.7,Harry Tincknell,,LMP2,,Bryan Herta Autosport with PR1/Mathiasen,Gibson,GF,
52,2,30,3:50.728,0,B,26.821,0,27.329,0,2:56.578,0,61.2,53:53.318,11:38:53.318,0:26.821,0:27.329,2:56.578,256.2,Harry Tincknell,,LMP2,,Bryan Herta Autosport with PR1/Mathiasen,Gibson,GF,
52,2,31,1:39.671,0,,47.359,0,27.694,0,24.618,0,141.8,55:32.989,11:40:32.989,0:47.359,0:27.694,0:24.618,254.7,Harry Tincknell,0:03:02.964,LMP2,,Bryan Herta Autosport with PR1/Mathiasen,Gibson,GF,
52,2,32,1:18.503,0,,26.697,0,26.733,0,25.073,0,180.0,56:51.492,11:41:51.492,0:26.697,0:26.733,0:25.073,257.2,Harry Tincknell,,LMP2,,Bryan Herta Autosport with PR1/Mathiasen,Gibson,GF,
52,2,33,1:18.337,0,,26.607,0,26.716,0,25.014,0,180.4,58:09.829,11:43:09.829,0:26.607,0:26.716,0:25.014,258.2,Harry Tincknell,,LMP2,,Bryan Herta Autosport with PR1/Mathiasen,Gibson,GF,
52,2,34,1:19.031,0,,27.214,0,27.314,0,24.503,0,178.8,59:28.860,11:44:28.860,0:27.214,0:27.314,0:24.503,258.7,Harry Tincknell,,LMP2,,Bryan Herta Autosport with PR1/Mathiasen,Gibson,GF,
52,2,35,1:23.591,0,,27.445,0,26.510,0,29.636,0,169.0,1:00:52.451,11:45:52.451,0:27.445,0:26.510,0:29.636,258.2,Harry Tincknell,,LMP2,,Bryan Herta Autosport with PR1/Mathiasen,Gibson,GF,
52,2,36,1:17.540,2,,26.623,0,26.498,2,24.419,2,182.2,1:02:09.991,11:47:09.991,0:26.623,0:26.498,0:24.419,259.2,Harry Tincknell,,LMP2,,Bryan Herta Autosport with PR1/Mathiasen,Gibson,GF,
52,2,37,1:25.493,0,,26.533,0,30.547,0,28.413,0,165.3,1:03:35.484,11:48:35.484,0:26.533,0:30.547,0:28.413,262.8,Harry Tincknell,,LMP2,,Bryan Herta Autosport with PR1/Mathiasen,Gibson,GF,
52,2,38,4:35.795,0,B,27.186,0,28.217,0,3:40.392,0,51.2,1:08:11.279,11:53:11.279,0:27.186,0:28.217,3:40.392,247.0,Harry Tincknell,,LMP2,,Bryan Herta Autosport with PR1/Mathiasen,Gibson,GF,
52,1,39,1:44.128,0,,50.813,0,28.189,0,25.126,0,135.7,1:09:55.407,11:54:55.407,0:50.813,0:28.189,0:25.126,249.9,Misha Goikhberg,0:03:46.359,LMP2,,Bryan Herta Autosport with PR1/Mathiasen,Gibson,GF,
52,1,40,1:22.437,0,,27.082,0,29.158,0,26.197,0,171.4,1:11:17.844,11:56:17.844,0:27.082,0:29.158,0:26.197,250.8,Misha Goikhberg,,LMP2,,Bryan Herta Autosport with PR1/Mathiasen,Gibson,GF,
52,1,41,1:21.506,0,,28.635,0,27.640,0,25.231,0,173.4,1:12:39.350,11:57:39.350,0:28.635,0:27.640,0:25.231,256.7,Misha Goikhberg,,LMP2,,Bryan Herta Autosport with PR1/Mathiasen,Gibson,GF,
52,1,42,1:20.237,0,,27.570,0,27.550,0,25.117,0,176.1,1:13:59.587,11:58:59.587,0:27.570,0:27.550,0:25.117,254.2,Misha Goikhberg,,LMP2,,Bryan Herta Autosport with PR1/Mathiasen,Gibson,GF,
52,1,43,1:21.989,0,,27.769,0,28.996,0,25.224,0,172.3,1:15:21.576,12:00:21.576,0:27.769,0:28.996,0:25.224,229.8,Misha Goikhberg,,LMP2,,Bryan Herta Autosport with PR1/Mathiasen,Gibson,GF,
52,1,44,1:19.550,0,,26.897,0,27.416,0,25.237,0,177.6,1:16:41.126,12:01:41.126,0:26.897,0:27.416,0:25.237,259.7,Misha Goikhberg,,LMP2,,Bryan Herta Autosport with PR1/Mathiasen,Gibson,GF,
52,1,45,1:19.023,0,,26.919,0,27.258,0,24.846,0,178.8,1:18:00.149,12:03:00.149,0:26.919,0:27.258,0:24.846,257.7,Misha Goikhberg,,LMP2,,Bryan Herta Autosport with PR1/Mathiasen,Gibson,GF,
52,1,46,1:21.041,0,,27.041,0,28.878,0,25.122,0,174.4,1:19:21.190,12:04:21.190,0:27.041,0:28.878,0:25.122,260.7,Misha Goikhberg,,LMP2,,Bryan Herta Autosport with PR1/Mathiasen,Gibson,GF,
52,1,47,1:19.254,0,,27.129,0,27.230,1,24.895,0,178.3,1:20:40.444,12:05:40.444,0:27.129,0:27.230,0:24.895,261.3,Misha Goikhberg,,LMP2,,Bryan Herta Autosport with PR1/Mathiasen,Gibson,GF,
52,1,48,3:24.185,0,B,28.771,0,27.894,0,2:27.520,0,69.2,1:24:04.629,12:09:04.629,0:28.771,0:27.894,2:27.520,258.7,Misha Goikhberg,,LMP2,,Bryan Herta Autosport with PR1/Mathiasen,Gibson,GF,
52,2,49,2:41.205,0,B,50.129,0,28.459,0,1:22.617,0,87.7,1:26:45.834,12:11:45.834,0:50.129,0:28.459,1:22.617,247.5,Harry Tincknell,0:02:33.057,LMP2,,Bryan Herta Autosport with PR1/Mathiasen,Gibson,GF,
57,1,1,8:31.770,0,,7:30.656,0,32.413,0,28.701,0,27.6,8:31.770,10:53:31.770,7:30.656,0:32.413,0:28.701,231.0,Russell Ward,0:06:58.111,GTD,,Winward Racing,Mercedes-AMG,GF,
57,1,2,1:53.797,0,B,29.978,0,29.975,0,53.844,0,124.2,10:25.567,10:55:25.567,0:29.978,0:29.975,0:53.844,236.8,Russell Ward,,GTD,,Winward Racing,Mercedes-AMG,RF,
57,1,3,3:55.208,0,,2:55.879,0,31.280,0,28.049,0,60.1,14:20.775,10:59:20.775,2:55.879,0:31.280,0:28.049,227.8,Russell Ward,0:02:59.429,GTD,,Winward Racing,Mercedes-AMG,GF,
57,1,4,1:24.584,0,,28.881,0,29.201,0,26.502,0,167.1,15:45.359,11:00:45.359,0:28.881,0:29.201,0:26.502,239.4,Russell Ward,,GTD,,Winward Racing,Mercedes-AMG,GF,
57,1,5,1:24.311,2,,28.683,0,29.035,1,26.593,0,167.6,17:09.670,11:02:09.670,0:28.683,0:29.035,0:26.593,239.8,Russell Ward,,GTD,,Winward Racing,Mercedes-AMG,GF,
57,1,6,1:24.340,0,,28.617,2,29.050,0,26.673,0,167.5,18:34.010,11:03:34.010,0:28.617,0:29.050,0:26.673,240.3,Russell Ward,,GTD,,Winward Racing,Mercedes-AMG,GF,
57,1,7,1:24.573,0,,29.108,0,29.105,0,26.360,2,167.1,19:58.583,11:04:58.583,0:29.108,0:29.105,0:26.360,240.3,Russell Ward,,GTD,,Winward Racing,Mercedes-AMG,GF,
57,1,8,3:24.686,0,B,28.986,0,29.192,0,2:26.508,0,69.0,23:23.269,11:08:23.269,0:28.986,0:29.192,2:26.508,240.3,Russell Ward,,GTD,,Winward Racing,Mercedes-AMG,GF,
57,2,9,1:48.667,0,,50.829,0,30.665,0,27.173,0,130.0,25:11.936,11:10:11.936,0:50.829,0:30.665,0:27.173,236.4,Philip Ellis,0:02:31.740,GTD,,Winward Racing,Mercedes-AMG,GF,
57,2,10,2:11.972,0,B,29.626,0,30.091,0,1:12.255,0,107.1,27:23.908,11:12:23.908,0:29.626,0:30.091,1:12.255,237.2,Philip Ellis,,GTD,,Winward Racing,Mercedes-AMG,GF,
57,2,11,1:47.024,0,,50.443,0,29.878,0,26.703,0,132.0,29:10.932,11:14:10.932,0:50.443,0:29.878,0:26.703,238.1,Philip Ellis,0:01:17.419,GTD,,Winward Racing,Mercedes-AMG,GF,
57,2,12,1:25.469,0,,29.173,0,29.368,0,26.928,0,165.3,30:36.401,11:15:36.401,0:29.173,0:29.368,0:26.928,239.0,Philip Ellis,,GTD,,Winward Racing,Mercedes-AMG,GF,
57,2,13,1:25.176,0,,29.248,0,29.221,0,26.707,0,165.9,32:01.577,11:17:01.577,0:29.248,0:29.221,0:26.707,238.1,Philip Ellis,,GTD,,Winward Racing,Mercedes-AMG,GF,
57,2,14,1:25.215,0,,29.174,0,29.313,0,26.728,0,165.8,33:26.792,11:18:26.792,0:29.174,0:29.313,0:26.728,238.5,Philip Ellis,,GTD,,Winward Racing,Mercedes-AMG,GF,
57,2,15,1:25.370,0,,29.139,0,29.395,0,26.836,0,165.5,34:52.162,11:19:52.162,0:29.139,0:29.395,0:26.836,238.1,Philip Ellis,,GTD,,Winward Racing,Mercedes-AMG,GF,
57,2,16,1:25.655,0,,29.279,0,29.350,0,27.026,0,165.0,36:17.817,11:21:17.817,0:29.279,0:29.350,0:27.026,235.1,Philip Ellis,,GTD,,Winward Racing,Mercedes-AMG,GF,
57,2,17,1:25.656,0,,29.512,0,29.350,0,26.794,0,165.0,37:43.473,11:22:43.473,0:29.512,0:29.350,0:26.794,237.7,Philip Ellis,,GTD,,Winward Racing,Mercedes-AMG,GF,
57,2,18,1:25.639,0,,29.280,0,29.615,0,26.744,0,165.0,39:09.112,11:24:09.112,0:29.280,0:29.615,0:26.744,235.6,Philip Ellis,,GTD,,Winward Racing,Mercedes-AMG,GF,
57,2,19,1:25.867,0,,29.673,0,29.471,0,26.723,0,164.6,40:34.979,11:25:34.979,0:29.673,0:29.471,0:26.723,236.4,Philip Ellis,,GTD,,Winward Racing,Mercedes-AMG,GF,
57,2,20,1:25.543,0,,29.326,0,29.463,0,26.754,0,165.2,42:00.522,11:27:00.522,0:29.326,0:29.463,0:26.754,234.7,Philip Ellis,,GTD,,Winward Racing,Mercedes-AMG,GF,
57,2,21,1:25.770,0,,29.351,0,29.436,0,26.983,0,164.8,43:26.292,11:28:26.292,0:29.351,0:29.436,0:26.983,237.2,Philip Ellis,,GTD,,Winward Racing,Mercedes-AMG,GF,
57,2,22,1:25.817,0,,29.517,0,29.458,0,26.842,0,164.7,44:52.109,11:29:52.109,0:29.517,0:29.458,0:26.842,231.0,Philip Ellis,,GTD,,Winward Racing,Mercedes-AMG,GF,
57,2,23,1:25.696,0,,29.646,0,29.292,0,26.758,0,164.9,46:17.805,11:31:17.805,0:29.646,0:29.292,0:26.758,236.0,Philip Ellis,,GTD,,Winward Racing,Mercedes-AMG,GF,
57,2,24,1:25.777,0,,29.541,0,29.321,0,26.915,0,164.7,47:43.582,11:32:43.582,0:29.541,0:29.321,0:26.915,231.8,Philip Ellis,,GTD,,Winward Racing,Mercedes-AMG,GF,
57,2,25,3:48.007,0,B,29.292,0,29.259,0,2:49.456,0,62.0,51:31.589,11:36:31.589,0:29.292,0:29.259,2:49.456,238.5,Philip Ellis,,GTD,,Winward Racing,Mercedes-AMG,GF,
57,1,26,1:46.319,0,,49.922,0,29.629,0,26.768,0,132.9,53:17.908,11:38:17.908,0:49.922,0:29.629,0:26.768,236.8,Russell Ward,0:02:54.349,GTD,,Winward Racing,Mercedes-AMG,GF,
57,1,27,1:25.997,0,,29.323,0,29.892,0,26.782,0,164.3,54:43.905,11:39:43.905,0:29.323,0:29.892,0:26.782,239.4,Russell Ward,,GTD,,Winward Racing,Mercedes-AMG,GF,
57,1,28,1:25.350,0,,29.069,0,29.544,0,26.737,0,165.6,56:09.255,11:41:09.255,0:29.069,0:29.544,0:26.737,237.7,Russell Ward,,GTD,,Winward Racing,Mercedes-AMG,GF,
57,1,29,1:25.583,0,,29.183,0,29.510,0,26.890,0,165.1,57:34.838,11:42:34.838,0:29.183,0:29.510,0:26.890,233.9,Russell Ward,,GTD,,Winward Racing,Mercedes-AMG,GF,
57,1,30,1:25.455,0,,29.241,0,29.378,0,26.836,0,165.4,59:00.293,11:44:00.293,0:29.241,0:29.378,0:26.836,235.6,Russell Ward,,GTD,,Winward Racing,Mercedes-AMG,GF,
57,1,31,1:25.243,0,,29.062,0,29.354,0,26.827,0,165.8,1:00:25.536,11:45:25.536,0:29.062,0:29.354,0:26.827,235.1,Russell Ward,,GTD,,Winward Racing,Mercedes-AMG,GF,
57,1,32,1:25.415,0,,29.263,0,29.287,0,26.865,0,165.4,1:01:50.951,11:46:50.951,0:29.263,0:29.287,0:26.865,238.5,Russell Ward,,GTD,,Winward Racing,Mercedes-AMG,GF,
57,1,33,1:25.796,0,,29.584,0,29.192,0,27.020,0,164.7,1:03:16.747,11:48:16.747,0:29.584,0:29.192,0:27.020,238.1,Russell Ward,,GTD,,Winward Racing,Mercedes-AMG,GF,
57,1,34,1:25.340,0,,29.251,0,29.313,0,26.776,0,165.6,1:04:42.087,11:49:42.087,0:29.251,0:29.313,0:26.776,235.6,Russell Ward,,GTD,,Winward Racing,Mercedes-AMG,GF,
57,1,35,1:25.979,0,,29.357,0,29.399,0,27.223,0,164.3,1:06:08.066,11:51:08.066,0:29.357,0:29.399,0:27.223,237.2,Russell Ward,,GTD,,Winward Racing,Mercedes-AMG,GF,
57,1,36,1:25.279,0,,29.187,0,29.407,0,26.685,0,165.7,1:07:33.345,11:52:33.345,0:29.187,0:29.407,0:26.685,235.1,Russell Ward,,GTD,,Winward Racing,Mercedes-AMG,GF,
57,1,37,1:25.306,0,,29.196,0,29.349,0,26.761,0,165.6,1:08:58.651,11:53:58.651,0:29.196,0:29.349,0:26.761,238.5,Russell Ward,,GTD,,Winward Racing,Mercedes-AMG,GF,
57,1,38,1:25.379,0,,29.164,0,29.391,0,26.824,0,165.5,1:10:24.030,11:55:24.030,0:29.164,0:29.391,0:26.824,229.0,Russell Ward,,GTD,,Winward Racing,Mercedes-AMG,GF,
57,1,39,3:45.759,0,B,29.086,0,29.279,0,2:47.394,0,62.6,1:14:09.789,11:59:09.789,0:29.086,0:29.279,2:47.394,239.0,Russell Ward,,GTD,,Winward Racing,Mercedes-AMG,GF,
57,2,40,1:46.740,0,,49.774,0,30.134,0,26.832,0,132.4,1:15:56.529,12:00:56.529,0:49.774,0:30.134,0:26.832,230.2,Philip Ellis,0:02:52.632,GTD,,Winward Racing,Mercedes-AMG,GF,
57,2,41,1:25.828,0,,29.317,0,29.761,0,26.750,0,164.6,1:17:22.357,12:02:22.357,0:29.317,0:29.761,0:26.750,229.4,Philip Ellis,,GTD,,Winward Racing,Mercedes-AMG,GF,
57,2,42,1:25.477,0,,29.476,0,29.268,0,26.733,0,165.3,1:18:47.834,12:03:47.834,0:29.476,0:29.268,0:26.733,239.8,Philip Ellis,,GTD,,Winward Racing,Mercedes-AMG,GF,
57,2,43,1:25.598,0,,29.525,0,29.415,0,26.658,0,165.1,1:20:13.432,12:05:13.432,0:29.525,0:29.415,0:26.658,240.7,Philip Ellis,,GTD,,Winward Racing,Mercedes-AMG,GF,
57,2,44,1:25.303,0,,29.266,0,29.389,0,26.648,0,165.7,1:21:38.735,12:06:38.735,0:29.266,0:29.389,0:26.648,240.3,Philip Ellis,,GTD,,Winward Racing,Mercedes-AMG,GF,
57,2,45,1:25.313,0,,29.173,0,29.478,0,26.662,0,165.6,1:23:04.048,12:08:04.048,0:29.173,0:29.478,0:26.662,239.0,Philip Ellis,,GTD,,Winward Racing,Mercedes-AMG,GF,
57,2,46,1:24.897,0,,29.124,1,29.232,0,26.541,0,166.4,1:24:28.945,12:09:28.945,0:29.124,0:29.232,0:26.541,240.7,Philip Ellis,,GTD,,Winward Racing,Mercedes-AMG,GF,
57,2,47,1:25.354,0,,29.124,0,29.561,0,26.669,0,165.6,1:25:54.299,12:10:54.299,0:29.124,0:29.561,0:26.669,239.8,Philip Ellis,,GTD,,Winward Racing,Mercedes-AMG,GF,
57,2,48,1:25.061,0,,29.280,0,29.117,0,26.664,0,166.1,1:27:19.360,12:12:19.360,0:29.280,0:29.117,0:26.664,241.2,Philip Ellis,,GTD,,Winward Racing,Mercedes-AMG,GF,
57,2,49,1:24.871,0,,29.286,0,29.103,0,26.482,1,166.5,1:28:44.231,12:13:44.231,0:29.286,0:29.103,0:26.482,241.2,Philip Ellis,,GTD,,Winward Racing,Mercedes-AMG,GF,
59,2,1,2:26.720,0,,1:26.482,0,31.575,0,28.663,0,96.3,2:26.720,10:47:26.720,1:26.482,0:31.575,0:28.663,227.8,Nikita Johnson,0:00:57.490,GTDPRO,,RLL Team McLaren,McLaren,GF,
59,2,2,1:27.580,0,,30.578,0,30.101,0,26.901,0,161.3,3:54.300,10:48:54.300,0:30.578,0:30.101,0:26.901,234.7,Nikita Johnson,,GTDPRO,,RLL Team McLaren,McLaren,GF,
59,2,3,1:25.560,0,,29.541,0,29.418,0,26.601,0,165.2,5:19.860,10:50:19.860,0:29.541,0:29.418,0:26.601,241.2,Nikita Johnson,,GTDPRO,,RLL Team McLaren,McLaren,GF,
59,2,4,1:25.146,0,,29.061,0,29.553,0,26.532,0,166.0,6:45.006,10:51:45.006,0:29.061,0:29.553,0:26.532,236.0,Nikita Johnson,,GTDPRO,,RLL Team McLaren,McLaren,GF,
59,2,5,1:26.068,0,,29.115,0,29.754,0,27.199,0,164.2,8:11.074,10:53:11.074,0:29.115,0:29.754,0:27.199,243.4,Nikita Johnson,,GTDPRO,,RLL Team McLaren,McLaren,GF,
59,2,6,5:06.695,0,B,29.078,0,29.180,0,4:08.437,0,46.1,13:17.769,10:58:17.769,0:29.078,0:29.180,4:08.437,244.3,Nikita Johnson,,GTDPRO,,RLL Team McLaren,McLaren,GF,
59,2,7,1:50.872,0,,51.840,0,31.477,0,27.555,0,127.5,15:08.641,11:00:08.641,0:51.840,0:31.477,0:27.555,229.4,Nikita Johnson,0:04:12.570,GTDPRO,,RLL Team McLaren,McLaren,GF,
59,2,8,1:25.738,0,,29.546,0,29.566,0,26.626,0,164.8,16:34.379,11:01:34.379,0:29.546,0:29.566,0:26.626,240.7,Nikita Johnson,,GTDPRO,,RLL Team McLaren,McLaren,GF,
59,2,9,1:25.240,0,,28.852,0,29.578,0,26.810,0,165.8,17:59.619,11:02:59.619,0:28.852,0:29.578,0:26.810,233.1,Nikita Johnson,,GTDPRO,,RLL Team McLaren,McLaren,GF,
59,2,10,1:24.329,0,,28.837,0,29.091,0,26.401,1,167.6,19:23.948,11:04:23.948,0:28.837,0:29.091,0:26.401,230.2,Nikita Johnson,,GTDPRO,,RLL Team McLaren,McLaren,GF,
59,2,11,1:24.477,0,,28.797,1,29.087,0,26.593,0,167.3,20:48.425,11:05:48.425,0:28.797,0:29.087,0:26.593,232.2,Nikita Johnson,,GTDPRO,,RLL Team McLaren,McLaren,GF,
59,2,12,1:24.608,0,,29.050,0,29.048,0,26.510,0,167.0,22:13.033,11:07:13.033,0:29.050,0:29.048,0:26.510,231.0,Nikita Johnson,,GTDPRO,,RLL Team McLaren,McLaren,GF,
59,2,13,1:24.460,0,,28.871,0,28.952,0,26.637,0,167.3,23:37.493,11:08:37.493,0:28.871,0:28.952,0:26.637,231.8,Nikita Johnson,,GTDPRO,,RLL Team McLaren,McLaren,GF,
59,2,14,1:24.823,0,,28.964,0,29.147,0,26.712,0,166.6,25:02.316,11:10:02.316,0:28.964,0:29.147,0:26.712,230.2,Nikita Johnson,,GTDPRO,,RLL Team McLaren,McLaren,GF,
59,2,15,1:24.671,0,,28.841,0,29.043,0,26.787,0,166.9,26:26.987,11:11:26.987,0:28.841,0:29.043,0:26.787,234.3,Nikita Johnson,,GTDPRO,,RLL Team McLaren,McLaren,GF,
59,2,16,1:24.993,0,,28.934,0,29.093,0,26.966,0,166.3,27:51.980,11:12:51.980,0:28.934,0:29.093,0:26.966,233.5,Nikita Johnson,,GTDPRO,,RLL Team McLaren,McLaren,GF,
59,2,17,1:24.577,0,,29.062,0,28.942,0,26.573,0,167.1,29:16.557,11:14:16.557,0:29.062,0:28.942,0:26.573,233.9,Nikita Johnson,,GTDPRO,,RLL Team McLaren,McLaren,GF,
59,2,18,1:24.691,0,,28.913,0,29.323,0,26.455,0,166.8,30:41.248,11:15:41.248,0:28.913,0:29.323,0:26.455,232.6,Nikita Johnson,,GTDPRO,,RLL Team McLaren,McLaren,GF,
59,2,19,4:53.262,0,B,30.151,0,29.433,0,3:53.678,0,48.2,35:34.510,11:20:34.510,0:30.151,0:29.433,3:53.678,240.7,Nikita Johnson,,GTDPRO,,RLL Team McLaren,McLaren,GF,
59,2,20,1:46.004,0,,49.743,0,29.820,0,26.441,0,133.3,37:20.514,11:22:20.514,0:49.743,0:29.820,0:26.441,232.6,Nikita Johnson,0:03:58.394,GTDPRO,,RLL Team McLaren,McLaren,GF,
59,2,21,1:24.773,0,,29.077,0,29.121,0,26.575,0,166.7,38:45.287,11:23:45.287,0:29.077,0:29.121,0:26.575,236.4,Nikita Johnson,,GTDPRO,,RLL Team McLaren,McLaren,GF,
59,2,22,1:25.745,0,,29.088,0,29.501,0,27.156,0,164.8,40:11.032,11:25:11.032,0:29.088,0:29.501,0:27.156,238.5,Nikita Johnson,,GTDPRO,,RLL Team McLaren,McLaren,GF,
59,2,23,1:25.520,0,,29.144,0,29.217,0,27.159,0,165.2,41:36.552,11:26:36.552,0:29.144,0:29.217,0:27.159,235.6,Nikita Johnson,,GTDPRO,,RLL Team McLaren,McLaren,GF,
59,2,24,1:24.591,0,,29.037,0,28.968,0,26.586,0,167.0,43:01.143,11:28:01.143,0:29.037,0:28.968,0:26.586,239.8,Nikita Johnson,,GTDPRO,,RLL Team McLaren,McLaren,GF,
59,2,25,1:24.554,0,,28.990,0,28.941,1,26.623,0,167.1,44:25.697,11:29:25.697,0:28.990,0:28.941,0:26.623,237.7,Nikita Johnson,,GTDPRO,,RLL Team McLaren,McLaren,GF,
59,2,26,1:24.676,0,,28.972,0,29.032,0,26.672,0,166.9,45:50.373,11:30:50.373,0:28.972,0:29.032,0:26.672,235.1,Nikita Johnson,,GTDPRO,,RLL Team McLaren,McLaren,GF,
59,2,27,1:24.738,0,,29.087,0,29.006,0,26.645,0,166.8,47:15.111,11:32:15.111,0:29.087,0:29.006,0:26.645,233.9,Nikita Johnson,,GTDPRO,,RLL Team McLaren,McLaren,GF,
59,2,28,1:24.863,0,,29.009,0,28.963,0,26.891,0,166.5,48:39.974,11:33:39.974,0:29.009,0:28.963,0:26.891,235.1,Nikita Johnson,,GTDPRO,,RLL Team McLaren,McLaren,GF,
59,2,29,1:25.099,0,,28.996,0,29.449,0,26.654,0,166.0,50:05.073,11:35:05.073,0:28.996,0:29.449,0:26.654,233.5,Nikita Johnson,,GTDPRO,,RLL Team McLaren,McLaren,GF,
59,2,30,1:25.010,0,,29.072,0,29.326,0,26.612,0,166.2,51:30.083,11:36:30.083,0:29.072,0:29.326,0:26.612,236.4,Nikita Johnson,,GTDPRO,,RLL Team McLaren,McLaren,GF,
59,2,31,3:26.353,0,B,29.009,0,29.244,0,2:28.100,0,68.5,54:56.436,11:39:56.436,0:29.009,0:29.244,2:28.100,241.2,Nikita Johnson,,GTDPRO,,RLL Team McLaren,McLaren,GF,
59,1,32,1:47.396,0,,50.044,0,29.835,0,27.517,0,131.6,56:43.832,11:41:43.832,0:50.044,0:29.835,0:27.517,235.6,Maximilian Esterson,0:02:32.848,GTDPRO,,RLL Team McLaren,McLaren,GF,
59,1,33,1:25.339,0,,29.358,0,29.470,0,26.511,0,165.6,58:09.171,11:43:09.171,0:29.358,0:29.470,0:26.511,237.7,Maximilian Esterson,,GTDPRO,,RLL Team McLaren,McLaren,GF,
59,1,34,1:24.860,0,,29.303,0,29.113,0,26.444,0,166.5,59:34.031,11:44:34.031,0:29.303,0:29.113,0:26.444,238.1,Maximilian Esterson,,GTDPRO,,RLL Team McLaren,McLaren,GF,
59,1,35,1:24.745,0,,29.047,0,29.166,0,26.532,0,166.7,1:00:58.776,11:45:58.776,0:29.047,0:29.166,0:26.532,239.8,Maximilian Esterson,,GTDPRO,,RLL Team McLaren,McLaren,GF,
59,1,36,1:24.738,0,,29.209,0,29.058,0,26.471,0,166.8,1:02:23.514,11:47:23.514,0:29.209,0:29.058,0:26.471,239.8,Maximilian Esterson,,GTDPRO,,RLL Team McLaren,McLaren,GF,
59,1,37,1:25.165,0,,29.213,0,29.479,0,26.473,0,165.9,1:03:48.679,11:48:48.679,0:29.213,0:29.479,0:26.473,239.0,Maximilian Esterson,,GTDPRO,,RLL Team McLaren,McLaren,GF,
59,1,38,1:24.692,0,,29.263,0,29.068,0,26.361,0,166.8,1:05:13.371,11:50:13.371,0:29.263,0:29.068,0:26.361,235.1,Maximilian Esterson,,GTDPRO,,RLL Team McLaren,McLaren,GF,
59,1,39,1:25.174,0,,28.902,0,29.536,0,26.736,0,165.9,1:06:38.545,11:51:38.545,0:28.902,0:29.536,0:26.736,239.4,Maximilian Esterson,,GTDPRO,,RLL Team McLaren,McLaren,GF,
59,1,40,1:24.976,0,,28.949,0,29.119,0,26.908,0,166.3,1:08:03.521,11:53:03.521,0:28.949,0:29.119,0:26.908,242.5,Maximilian Esterson,,GTDPRO,,RLL Team McLaren,McLaren,GF,
59,1,41,1:25.635,0,,29.382,0,29.508,0,26.745,0,165.0,1:09:29.156,11:54:29.156,0:29.382,0:29.508,0:26.745,245.7,Maximilian Esterson,,GTDPRO,,RLL Team McLaren,McLaren,GF,
59,1,42,1:24.873,0,,29.076,0,29.089,0,26.708,0,166.5,1:10:54.029,11:55:54.029,0:29.076,0:29.089,0:26.708,245.2,Maximilian Esterson,,GTDPRO,,RLL Team McLaren,McLaren,GF,
59,1,43,1:26.075,0,,29.201,0,29.774,0,27.100,0,164.2,1:12:20.104,11:57:20.104,0:29.201,0:29.774,0:27.100,245.7,Maximilian Esterson,,GTDPRO,,RLL Team McLaren,McLaren,GF,
59,1,44,5:45.064,0,B,29.114,0,29.093,0,4:46.857,0,41.0,1:18:05.168,12:03:05.168,0:29.114,0:29.093,4:46.857,245.7,Maximilian Esterson,,GTDPRO,,RLL Team McLaren,McLaren,GF,
59,1,45,1:53.731,0,,54.245,0,31.174,0,28.312,0,124.2,1:19:58.899,12:04:58.899,0:54.245,0:31.174,0:28.312,233.9,Maximilian Esterson,0:04:51.837,GTDPRO,,RLL Team McLaren,McLaren,GF,
59,1,46,1:29.418,0,,31.442,0,30.738,0,27.238,0,158.0,1:21:28.317,12:06:28.317,0:31.442,0:30.738,0:27.238,226.6,Maximilian Esterson,,GTDPRO,,RLL Team McLaren,McLaren,GF,
59,1,47,1:25.028,0,,29.343,0,29.241,0,26.444,0,166.2,1:22:53.345,12:07:53.345,0:29.343,0:29.241,0:26.444,240.7,Maximilian Esterson,,GTDPRO,,RLL Team McLaren,McLaren,GF,
59,1,48,1:23.838,0,,28.732,0,28.878,0,26.228,2,168.5,1:24:17.183,12:09:17.183,0:28.732,0:28.878,0:26.228,242.5,Maximilian Esterson,,GTDPRO,,RLL Team McLaren,McLaren,GF,
59,1,49,1:23.611,2,,28.611,2,28.708,2,26.292,0,169.0,1:25:40.794,12:10:40.794,0:28.611,0:28.708,0:26.292,244.3,Maximilian Esterson,,GTDPRO,,RLL Team McLaren,McLaren,GF,
59,1,50,2:40.743,0,B,28.615,0,28.844,0,1:43.284,0,87.9,1:28:21.537,12:13:21.537,0:28.615,0:28.844,1:43.284,245.2,Maximilian Esterson,,GTDPRO,,RLL Team McLaren,McLaren,GF,
6,2,1,6:14.604,0,,5:12.887,0,32.979,0,28.738,0,37.7,6:14.604,10:51:14.604,5:12.887,0:32.979,0:28.738,197.4,Kevin Estre,0:04:40.826,GTP,,Porsche Penske Motorsport,Porsche,GF,
6,2,2,1:24.371,0,,29.202,0,28.878,0,26.291,0,167.5,7:38.975,10:52:38.975,0:29.202,0:28.878,0:26.291,224.7,Kevin Estre,,GTP,,Porsche Penske Motorsport,Porsche,GF,
6,2,3,1:21.309,0,,27.531,0,26.867,0,26.911,0,173.8,9:00.284,10:54:00.284,0:27.531,0:26.867,0:26.911,269.8,Kevin Estre,,GTP,,Porsche Penske Motorsport,Porsche,GF,
6,2,4,1:49.676,0,B,28.390,0,31.812,0,49.474,0,128.8,10:49.960,10:55:49.960,0:28.390,0:31.812,0:49.474,179.4,Kevin Estre,,GTP,,Porsche Penske Motorsport,Porsche,RF,
6,2,5,3:24.864,0,,2:32.903,0,27.500,0,24.461,0,69.0,14:14.824,10:59:14.824,2:32.903,0:27.500,0:24.461,264.9,Kevin Estre,0:02:36.621,GTP,,Porsche Penske Motorsport,Porsche,GF,
6,2,6,1:18.943,0,,26.719,0,26.974,0,25.250,0,179.0,15:33.767,11:00:33.767,0:26.719,0:26.974,0:25.250,270.4,Kevin Estre,,GTP,,Porsche Penske Motorsport,Porsche,GF,
6,2,7,1:23.249,0,,26.866,0,26.689,0,29.694,0,169.7,16:57.016,11:01:57.016,0:26.866,0:26.689,0:29.694,282.6,Kevin Estre,,GTP,,Porsche Penske Motorsport,Porsche,GF,
6,2,8,1:17.376,0,,26.010,2,26.067,2,25.299,0,182.6,18:14.392,11:03:14.392,0:26.010,0:26.067,0:25.299,287.5,Kevin Estre,,GTP,,Porsche Penske Motorsport,Porsche,GF,
6,2,9,1:17.303,0,,26.326,0,27.066,0,23.911,0,182.8,19:31.695,11:04:31.695,0:26.326,0:27.066,0:23.911,284.4,Kevin Estre,,GTP,,Porsche Penske Motorsport,Porsche,GF,
6,2,10,1:16.924,0,,26.373,0,26.452,0,24.099,0,183.7,20:48.619,11:05:48.619,0:26.373,0:26.452,0:24.099,288.8,Kevin Estre,,GTP,,Porsche Penske Motorsport,Porsche,GF,
6,2,11,1:16.044,2,,26.047,0,26.190,0,23.807,2,185.8,22:04.663,11:07:04.663,0:26.047,0:26.190,0:23.807,288.8,Kevin Estre,,GTP,,Porsche Penske Motorsport,Porsche,GF,
6,2,12,1:17.330,0,,26.481,0,26.804,0,24.045,0,182.7,23:21.993,11:08:21.993,0:26.481,0:26.804,0:24.045,276.0,Kevin Estre,,GTP,,Porsche Penske Motorsport,Porsche,GF,
6,2,13,1:41.076,0,B,26.229,0,26.100,0,48.747,0,139.8,25:03.069,11:10:03.069,0:26.229,0:26.100,0:48.747,288.1,Kevin Estre,,GTP,,Porsche Penske Motorsport,Porsche,GF,
6,2,14,11:14.011,0,,10:22.591,0,26.970,0,24.450,0,21.0,36:17.080,11:21:17.080,10:22.591,0:26.970,0:24.450,269.8,Kevin Estre,0:10:26.491,GTP,,Porsche Penske Motorsport,Porsche,GF,
6,2,15,1:17.554,0,,26.669,0,26.640,0,24.245,0,182.2,37:34.634,11:22:34.634,0:26.669,0:26.640,0:24.245,273.2,Kevin Estre,,GTP,,Porsche Penske Motorsport,Porsche,GF,
6,2,16,1:16.679,0,,26.346,0,26.418,0,23.915,0,184.3,38:51.313,11:23:51.313,0:26.346,0:26.418,0:23.915,276.6,Kevin Estre,,GTP,,Porsche Penske Motorsport,Porsche,GF,
6,2,17,1:17.388,0,,26.333,0,26.437,0,24.618,0,182.6,40:08.701,11:25:08.701,0:26.333,0:26.437,0:24.618,279.0,Kevin Estre,,GTP,,Porsche Penske Motorsport,Porsche,GF,
6,2,18,1:17.183,0,,26.466,0,26.573,0,24.144,0,183.1,41:25.884,11:26:25.884,0:26.466,0:26.573,0:24.144,272.1,Kevin Estre,,GTP,,Porsche Penske Motorsport,Porsche,GF,
6,2,19,1:17.784,0,,26.393,0,26.894,0,24.497,0,181.7,42:43.668,11:27:43.668,0:26.393,0:26.894,0:24.497,273.7,Kevin Estre,,GTP,,Porsche Penske Motorsport,Porsche,GF,
6,2,20,1:19.314,0,,27.233,0,27.339,0,24.742,0,178.2,44:02.982,11:29:02.982,0:27.233,0:27.339,0:24.742,274.3,Kevin Estre,,GTP,,Porsche Penske Motorsport,Porsche,GF,
6,2,21,1:17.789,0,,27.070,0,26.552,0,24.167,0,181.7,45:20.771,11:30:20.771,0:27.070,0:26.552,0:24.167,267.6,Kevin Estre,,GTP,,Porsche Penske Motorsport,Porsche,GF,
6,2,22,1:16.972,0,,26.520,0,26.473,0,23.979,0,183.6,46:37.743,11:31:37.743,0:26.520,0:26.473,0:23.979,278.4,Kevin Estre,,GTP,,Porsche Penske Motorsport,Porsche,GF,
6,2,23,1:18.134,0,,27.257,0,26.727,0,24.150,0,180.9,47:55.877,11:32:55.877,0:27.257,0:26.727,0:24.150,273.7,Kevin Estre,,GTP,,Porsche Penske Motorsport,Porsche,GF,
6,2,24,1:17.123,0,,26.695,0,26.403,0,24.025,0,183.2,49:13.000,11:34:13.000,0:26.695,0:26.403,0:24.025,280.8,Kevin Estre,,GTP,,Porsche Penske Motorsport,Porsche,GF,
6,2,25,1:18.132,0,,27.036,0,27.036,0,24.060,0,180.9,50:31.132,11:35:31.132,0:27.036,0:27.036,0:24.060,272.1,Kevin Estre,,GTP,,Porsche Penske Motorsport,Porsche,GF,
6,2,26,1:17.241,0,,26.805,0,26.444,0,23.992,0,182.9,51:48.373,11:36:48.373,0:26.805,0:26.444,0:23.992,274.3,Kevin Estre,,GTP,,Porsche Penske Motorsport,Porsche,GF,
6,2,27,1:17.858,0,,26.372,0,27.190,0,24.296,0,181.5,53:06.231,11:38:06.231,0:26.372,0:27.190,0:24.296,277.8,Kevin Estre,,GTP,,Porsche Penske Motorsport,Porsche,GF,
6,2,28,1:17.671,0,,26.849,0,26.643,0,24.179,0,181.9,54:23.902,11:39:23.902,0:26.849,0:26.643,0:24.179,274.9,Kevin Estre,,GTP,,Porsche Penske Motorsport,Porsche,GF,
6,2,29,1:16.842,0,,26.514,0,26.348,0,23.980,0,183.9,55:40.744,11:40:40.744,0:26.514,0:26.348,0:23.980,279.0,Kevin Estre,,GTP,,Porsche Penske Motorsport,Porsche,GF,
6,2,30,1:38.217,0,B,26.790,0,26.707,0,44.720,0,143.9,57:18.961,11:42:18.961,0:26.790,0:26.707,0:44.720,272.1,Kevin Estre,,GTP,,Porsche Penske Motorsport,Porsche,GF,
6,1,31,4:37.310,0,,3:44.289,0,27.995,0,25.026,0,51.0,1:01:56.271,11:46:56.271,3:44.289,0:27.995,0:25.026,254.2,Laurin Heinrich,0:03:46.691,GTP,,Porsche Penske Motorsport,Porsche,GF,
6,1,32,1:18.345,0,,27.000,0,26.966,0,24.379,0,180.4,1:03:14.616,11:48:14.616,0:27.000,0:26.966,0:24.379,276.0,Laurin Heinrich,,GTP,,Porsche Penske Motorsport,Porsche,GF,
6,1,33,1:17.207,0,,26.429,0,26.636,0,24.142,0,183.0,1:04:31.823,11:49:31.823,0:26.429,0:26.636,0:24.142,277.2,Laurin Heinrich,,GTP,,Porsche Penske Motorsport,Porsche,GF,
6,1,34,1:18.055,0,,27.273,0,26.748,0,24.034,0,181.0,1:05:49.878,11:50:49.878,0:27.273,0:26.748,0:24.034,274.9,Laurin Heinrich,,GTP,,Porsche Penske Motorsport,Porsche,GF,
6,1,35,1:16.795,0,,26.405,0,26.427,0,23.963,0,184.0,1:07:06.673,11:52:06.673,0:26.405,0:26.427,0:23.963,276.0,Laurin Heinrich,,GTP,,Porsche Penske Motorsport,Porsche,GF,
6,1,36,1:16.844,0,,26.446,0,26.476,0,23.922,0,183.9,1:08:23.517,11:53:23.517,0:26.446,0:26.476,0:23.922,278.4,Laurin Heinrich,,GTP,,Porsche Penske Motorsport,Porsche,GF,
6,1,37,1:18.341,0,,27.323,0,26.972,0,24.046,0,180.4,1:09:41.858,11:54:41.858,0:27.323,0:26.972,0:24.046,272.1,Laurin Heinrich,,GTP,,Porsche Penske Motorsport,Porsche,GF,
6,1,38,1:17.344,0,,26.789,0,26.496,0,24.059,0,182.7,1:10:59.202,11:55:59.202,0:26.789,0:26.496,0:24.059,277.8,Laurin Heinrich,,GTP,,Porsche Penske Motorsport,Porsche,GF,
6,1,39,1:17.640,0,,26.777,0,26.737,0,24.126,0,182.0,1:12:16.842,11:57:16.842,0:26.777,0:26.737,0:24.126,278.4,Laurin Heinrich,,GTP,,Porsche Penske Motorsport,Porsche,GF,
6,1,40,1:16.950,0,,26.647,0,26.412,0,23.891,0,183.6,1:13:33.792,11:58:33.792,0:26.647,0:26.412,0:23.891,277.2,Laurin Heinrich,,GTP,,Porsche Penske Motorsport,Porsche,GF,
6,1,41,1:18.044,0,,26.887,0,27.026,0,24.131,0,181.1,1:14:51.836,11:59:51.836,0:26.887,0:27.026,0:24.131,275.5,Laurin Heinrich,,GTP,,Porsche Penske Motorsport,Porsche,GF,
6,1,42,1:16.921,0,,26.475,0,26.469,0,23.977,0,183.7,1:16:08.757,12:01:08.757,0:26.475,0:26.469,0:23.977,279.6,Laurin Heinrich,,GTP,,Porsche Penske Motorsport,Porsche,GF,
6,1,43,1:16.910,0,,26.289,0,26.459,0,24.162,0,183.7,1:17:25.667,12:02:25.667,0:26.289,0:26.459,0:24.162,279.6,Laurin Heinrich,,GTP,,Porsche Penske Motorsport,Porsche,GF,
6,1,44,1:16.813,0,,26.417,0,26.517,0,23.879,1,184.0,1:18:42.480,12:03:42.480,0:26.417,0:26.517,0:23.879,279.0,Laurin Heinrich,,GTP,,Porsche Penske Motorsport,Porsche,GF,
6,1,45,1:16.960,0,,26.469,0,26.555,0,23.936,0,183.6,1:19:59.440,12:04:59.440,0:26.469,0:26.555,0:23.936,279.6,Laurin Heinrich,,GTP,,Porsche Penske Motorsport,Porsche,GF,
6,1,46,1:16.613,0,,26.270,1,26.428,0,23.915,0,184.4,1:21:16.053,12:06:16.053,0:26.270,0:26.428,0:23.915,278.4,Laurin Heinrich,,GTP,,Porsche Penske Motorsport,Porsche,GF,
6,1,47,1:17.591,0,,27.146,0,26.531,0,23.914,0,182.1,1:22:33.644,12:07:33.644,0:27.146,0:26.531,0:23.914,275.5,Laurin Heinrich,,GTP,,Porsche Penske Motorsport,Porsche,GF,
6,1,48,1:17.282,0,,26.670,0,26.515,0,24.097,0,182.8,1:23:50.926,12:08:50.926,0:26.670,0:26.515,0:24.097,277.2,Laurin Heinrich,,GTP,,Porsche Penske Motorsport,Porsche,GF,
6,1,49,1:17.645,0,,26.834,0,26.518,0,24.293,0,182.0,1:25:08.571,12:10:08.571,0:26.834,0:26.518,0:24.293,278.4,Laurin Heinrich,,GTP,,Porsche Penske Motorsport,Porsche,GF,
6,1,50,1:16.641,0,,26.415,0,26.301,1,23.925,0,184.4,1:26:25.212,12:11:25.212,0:26.415,0:26.301,0:23.925,277.8,Laurin Heinrich,,GTP,,Porsche Penske Motorsport,Porsche,GF,
6,1,51,1:17.701,0,,26.505,0,26.770,0,24.426,0,181.9,1:27:42.913,12:12:42.913,0:26.505,0:26.770,0:24.426,272.6,Laurin Heinrich,,GTP,,Porsche Penske Motorsport,Porsche,GF,
6,1,52,1:17.749,0,,26.987,0,26.707,0,24.055,0,181.7,1:29:00.662,12:14:00.662,0:26.987,0:26.707,0:24.055,274.3,Laurin Heinrich,,GTP,,Porsche Penske Motorsport,Porsche,GF,
6,1,53,1:18.077,0,,26.307,0,27.404,0,24.366,0,181.0,1:30:18.739,12:15:18.739,0:26.307,0:27.404,0:24.366,282.0,Laurin Heinrich,,GTP,,Porsche Penske Motorsport,Porsche,FF,
60,1,1,2:04.533,0,,1:05.431,0,32.127,0,26.975,0,113.5,2:04.533,10:47:04.533,1:05.431,0:32.127,0:26.975,212.0,Thomas Blomqvist,0:00:34.988,GTP,,Acura Meyer Shank Racing w/Curb Agajanian,Acura,GF,
60,1,2,1:21.399,0,,28.403,0,28.168,0,24.828,0,173.6,3:25.932,10:48:25.932,0:28.403,0:28.168,0:24.828,273.2,Thomas Blomqvist,,GTP,,Acura Meyer Shank Racing w/Curb Agajanian,Acura,GF,
60,1,3,1:19.123,0,,27.152,0,28.022,0,23.949,0,178.6,4:45.055,10:49:45.055,0:27.152,0:28.022,0:23.949,278.4,Thomas Blomqvist,,GTP,,Acura Meyer Shank Racing w/Curb Agajanian,Acura,GF,
60,1,4,1:17.982,0,,26.760,0,26.879,0,24.343,0,181.2,6:03.037,10:51:03.037,0:26.760,0:26.879,0:24.343,283.2,Thomas Blomqvist,,GTP,,Acura Meyer Shank Racing w/Curb Agajanian,Acura,GF,
60,1,5,1:16.940,0,,26.941,0,26.257,0,23.742,0,183.7,7:19.977,10:52:19.977,0:26.941,0:26.257,0:23.742,289.4,Thomas Blomqvist,,GTP,,Acura Meyer Shank Racing w/Curb Agajanian,Acura,GF,
60,1,6,1:16.575,0,,26.281,0,26.430,0,23.864,0,184.5,8:36.552,10:53:36.552,0:26.281,0:26.430,0:23.864,282.0,Thomas Blomqvist,,GTP,,Acura Meyer Shank Racing w/Curb Agajanian,Acura,GF,
60,1,7,1:52.505,0,B,32.265,0,27.067,0,53.173,0,125.6,10:29.057,10:55:29.057,0:32.265,0:27.067,0:53.173,264.4,Thomas Blomqvist,,GTP,,Acura Meyer Shank Racing w/Curb Agajanian,Acura,RF,
60,2,8,6:14.419,0,,5:22.274,0,27.816,0,24.329,0,37.7,16:43.476,11:01:43.476,5:22.274,0:27.816,0:24.329,229.8,Colin Braun,0:05:29.363,GTP,,Acura Meyer Shank Racing w/Curb Agajanian,Acura,GF,
60,2,9,1:18.988,0,,26.890,0,27.422,0,24.676,0,178.9,18:02.464,11:03:02.464,0:26.890,0:27.422,0:24.676,269.8,Colin Braun,,GTP,,Acura Meyer Shank Racing w/Curb Agajanian,Acura,GF,
60,2,10,1:17.415,0,,26.783,0,26.719,0,23.913,0,182.5,19:19.879,11:04:19.879,0:26.783,0:26.719,0:23.913,283.2,Colin Braun,,GTP,,Acura Meyer Shank Racing w/Curb Agajanian,Acura,GF,
60,2,11,1:18.207,0,,26.994,0,27.307,0,23.906,0,180.7,20:38.086,11:05:38.086,0:26.994,0:27.307,0:23.906,273.2,Colin Braun,,GTP,,Acura Meyer Shank Racing w/Curb Agajanian,Acura,GF,
60,2,12,1:16.949,0,,26.438,0,26.495,0,24.016,0,183.6,21:55.035,11:06:55.035,0:26.438,0:26.495,0:24.016,282.6,Colin Braun,,GTP,,Acura Meyer Shank Racing w/Curb Agajanian,Acura,GF,
60,2,13,1:16.847,0,,26.330,1,26.509,0,24.008,0,183.9,23:11.882,11:08:11.882,0:26.330,0:26.509,0:24.008,288.1,Colin Braun,,GTP,,Acura Meyer Shank Racing w/Curb Agajanian,Acura,GF,
60,2,14,1:17.950,0,,27.178,0,26.603,0,24.169,0,181.3,24:29.832,11:09:29.832,0:27.178,0:26.603,0:24.169,274.3,Colin Braun,,GTP,,Acura Meyer Shank Racing w/Curb Agajanian,Acura,GF,
60,2,15,1:18.447,0,,26.438,0,26.628,0,25.381,0,180.1,25:48.279,11:10:48.279,0:26.438,0:26.628,0:25.381,273.2,Colin Braun,,GTP,,Acura Meyer Shank Racing w/Curb Agajanian,Acura,GF,
60,2,16,1:17.314,0,,26.449,0,26.678,0,24.187,0,182.8,27:05.593,11:12:05.593,0:26.449,0:26.678,0:24.187,270.4,Colin Braun,,GTP,,Acura Meyer Shank Racing w/Curb Agajanian,Acura,GF,
60,2,17,1:18.468,0,,26.617,0,27.389,0,24.462,0,180.1,28:24.061,11:13:24.061,0:26.617,0:27.389,0:24.462,270.9,Colin Braun,,GTP,,Acura Meyer Shank Racing w/Curb Agajanian,Acura,GF,
60,2,18,1:18.329,0,,26.847,0,26.931,0,24.551,0,180.4,29:42.390,11:14:42.390,0:26.847,0:26.931,0:24.551,268.7,Colin Braun,,GTP,,Acura Meyer Shank Racing w/Curb Agajanian,Acura,GF,
60,2,19,1:38.534,0,B,26.439,0,26.671,0,45.424,0,143.4,31:20.924,11:16:20.924,0:26.439,0:26.671,0:45.424,272.1,Colin Braun,,GTP,,Acura Meyer Shank Racing w/Curb Agajanian,Acura,GF,
60,2,20,6:29.550,0,,5:37.414,0,26.956,0,25.180,0,36.3,37:50.474,11:22:50.474,5:37.414,0:26.956,0:25.180,274.9,Colin Braun,0:05:40.741,GTP,,Acura Meyer Shank Racing w/Curb Agajanian,Acura,GF,
60,2,21,1:18.562,0,,26.746,0,26.714,0,25.102,0,179.9,39:09.036,11:24:09.036,0:26.746,0:26.714,0:25.102,285.6,Colin Braun,,GTP,,Acura Meyer Shank Racing w/Curb Agajanian,Acura,GF,
60,2,22,1:16.895,0,,26.551,0,26.527,0,23.817,1,183.8,40:25.931,11:25:25.931,0:26.551,0:26.527,0:23.817,283.8,Colin Braun,,GTP,,Acura Meyer Shank Racing w/Curb Agajanian,Acura,GF,
60,2,23,1:16.710,0,,26.363,0,26.360,1,23.987,0,184.2,41:42.641,11:26:42.641,0:26.363,0:26.360,0:23.987,283.8,Colin Braun,,GTP,,Acura Meyer Shank Racing w/Curb Agajanian,Acura,GF,
60,2,24,1:17.856,0,,26.372,0,26.607,0,24.877,0,181.5,43:00.497,11:28:00.497,0:26.372,0:26.607,0:24.877,287.5,Colin Braun,,GTP,,Acura Meyer Shank Racing w/Curb Agajanian,Acura,GF,
60,2,25,1:18.461,0,,26.701,0,26.701,0,25.059,0,180.1,44:18.958,11:29:18.958,0:26.701,0:26.701,0:25.059,268.2,Colin Braun,,GTP,,Acura Meyer Shank Racing w/Curb Agajanian,Acura,GF,
60,2,26,1:18.358,0,,26.864,0,26.863,0,24.631,0,180.3,45:37.316,11:30:37.316,0:26.864,0:26.863,0:24.631,267.1,Colin Braun,,GTP,,Acura Meyer Shank Racing w/Curb Agajanian,Acura,GF,
60,2,27,1:19.313,0,,27.147,0,27.093,0,25.073,0,178.2,46:56.629,11:31:56.629,0:27.147,0:27.093,0:25.073,273.7,Colin Braun,,GTP,,Acura Meyer Shank Racing w/Curb Agajanian,Acura,GF,
60,2,28,1:46.558,0,B,33.015,0,27.971,0,45.572,0,132.6,48:43.187,11:33:43.187,0:33.015,0:27.971,0:45.572,236.0,Colin Braun,,GTP,,Acura Meyer Shank Racing w/Curb Agajanian,Acura,GF,
60,1,29,3:27.489,0,,2:35.889,0,27.294,0,24.306,0,68.1,52:10.676,11:37:10.676,2:35.889,0:27.294,0:24.306,260.7,Thomas Blomqvist,0:02:38.115,GTP,,Acura Meyer Shank Racing w/Curb Agajanian,Acura,GF,
60,1,30,1:17.785,0,,26.650,0,26.756,0,24.379,0,181.7,53:28.461,11:38:28.461,0:26.650,0:26.756,0:24.379,282.6,Thomas Blomqvist,,GTP,,Acura Meyer Shank Racing w/Curb Agajanian,Acura,GF,
60,1,31,1:18.376,0,,26.634,0,27.372,0,24.370,0,180.3,54:46.837,11:39:46.837,0:26.634,0:27.372,0:24.370,277.2,Thomas Blomqvist,,GTP,,Acura Meyer Shank Racing w/Curb Agajanian,Acura,GF,
60,1,32,1:19.759,0,,27.023,0,26.727,0,26.009,0,177.2,56:06.596,11:41:06.596,0:27.023,0:26.727,0:26.009,283.2,Thomas Blomqvist,,GTP,,Acura Meyer Shank Racing w/Curb Agajanian,Acura,GF,
60,1,33,1:16.766,0,,26.164,0,26.232,0,24.370,0,184.1,57:23.362,11:42:23.362,0:26.164,0:26.232,0:24.370,287.5,Thomas Blomqvist,,GTP,,Acura Meyer Shank Racing w/Curb Agajanian,Acura,GF,
60,1,34,1:16.991,0,,26.326,0,26.360,0,24.305,0,183.5,58:40.353,11:43:40.353,0:26.326,0:26.360,0:24.305,269.3,Thomas Blomqvist,,GTP,,Acura Meyer Shank Racing w/Curb Agajanian,Acura,GF,
60,1,35,1:16.232,0,,26.210,0,26.175,0,23.847,0,185.4,59:56.585,11:44:56.585,0:26.210,0:26.175,0:23.847,268.2,Thomas Blomqvist,,GTP,,Acura Meyer Shank Racing w/Curb Agajanian,Acura,GF,
60,1,36,1:16.366,0,,26.229,0,26.224,0,23.913,0,185.0,1:01:12.951,11:46:12.951,0:26.229,0:26.224,0:23.913,268.7,Thomas Blomqvist,,GTP,,Acura Meyer Shank Racing w/Curb Agajanian,Acura,GF,
60,1,37,1:40.270,0,B,28.476,0,26.758,0,45.036,0,140.9,1:02:53.221,11:47:53.221,0:28.476,0:26.758,0:45.036,272.6,Thomas Blomqvist,,GTP,,Acura Meyer Shank Racing w/Curb Agajanian,Acura,GF,
60,1,38,5:31.703,0,B,4:16.413,0,28.901,0,46.389,0,42.6,1:08:24.924,11:53:24.924,4:16.413,0:28.901,0:46.389,248.9,Thomas Blomqvist,0:04:14.823,GTP,,Acura Meyer Shank Racing w/Curb Agajanian,Acura,GF,
60,1,39,2:14.240,0,,1:16.535,0,31.257,0,26.448,0,105.3,1:10:39.164,11:55:39.164,1:16.535,0:31.257,0:26.448,247.0,Thomas Blomqvist,0:01:14.512,GTP,,Acura Meyer Shank Racing w/Curb Agajanian,Acura,GF,
60,1,40,1:20.661,0,,27.993,0,27.856,0,24.812,0,175.2,1:11:59.825,11:56:59.825,0:27.993,0:27.856,0:24.812,266.0,Thomas Blomqvist,,GTP,,Acura Meyer Shank Racing w/Curb Agajanian,Acura,GF,
60,1,41,1:17.688,0,,26.861,0,26.815,0,24.012,0,181.9,1:13:17.513,11:58:17.513,0:26.861,0:26.815,0:24.012,279.0,Thomas Blomqvist,,GTP,,Acura Meyer Shank Racing w/Curb Agajanian,Acura,GF,
60,1,42,1:17.474,0,,26.560,0,26.676,0,24.238,0,182.4,1:14:34.987,11:59:34.987,0:26.560,0:26.676,0:24.238,282.6,Thomas Blomqvist,,GTP,,Acura Meyer Shank Racing w/Curb Agajanian,Acura,GF,
60,1,43,1:18.208,0,,26.214,0,27.354,0,24.640,0,180.7,1:15:53.195,12:00:53.195,0:26.214,0:27.354,0:24.640,267.1,Thomas Blomqvist,,GTP,,Acura Meyer Shank Racing w/Curb Agajanian,Acura,GF,
60,1,44,1:15.597,0,,26.013,0,26.022,0,23.562,0,186.9,1:17:08.792,12:02:08.792,0:26.013,0:26.022,0:23.562,290.0,Thomas Blomqvist,,GTP,,Acura Meyer Shank Racing w/Curb Agajanian,Acura,GF,
60,1,45,1:15.398,4,,25.943,2,25.943,2,23.512,4,187.4,1:18:24.190,12:03:24.190,0:25.943,0:25.943,0:23.512,292.0,Thomas Blomqvist,,GTP,,Acura Meyer Shank Racing w/Curb Agajanian,Acura,GF,
60,1,46,1:37.183,0,B,26.139,0,26.157,0,44.887,0,145.4,1:20:01.373,12:05:01.373,0:26.139,0:26.157,0:44.887,292.6,Thomas Blomqvist,,GTP,,Acura Meyer Shank Racing w/Curb Agajanian,Acura,GF,
60,1,47,3:12.219,0,,2:21.973,0,26.436,0,23.810,0,73.5,1:23:13.592,12:08:13.592,2:21.973,0:26.436,0:23.810,286.2,Thomas Blomqvist,0:02:24.851,GTP,,Acura Meyer Shank Racing w/Curb Agajanian,Acura,GF,
60,1,48,1:16.313,0,,26.190,0,26.352,0,23.771,0,185.2,1:24:29.905,12:09:29.905,0:26.190,0:26.352,0:23.771,289.4,Thomas Blomqvist,,GTP,,Acura Meyer Shank Racing w/Curb Agajanian,Acura,GF,
60,1,49,1:17.106,0,,26.245,0,27.059,0,23.802,0,183.3,1:25:47.011,12:10:47.011,0:26.245,0:27.059,0:23.802,273.7,Thomas Blomqvist,,GTP,,Acura Meyer Shank Racing w/Curb Agajanian,Acura,GF,
60,1,50,1:17.141,0,,26.035,0,26.494,0,24.612,0,183.2,1:27:04.152,12:12:04.152,0:26.035,0:26.494,0:24.612,286.9,Thomas Blomqvist,,GTP,,Acura Meyer Shank Racing w/Curb Agajanian,Acura,GF,
60,1,51,1:16.711,0,,26.551,0,26.328,0,23.832,0,184.2,1:28:20.863,12:13:20.863,0:26.551,0:26.328,0:23.832,289.4,Thomas Blomqvist,,GTP,,Acura Meyer Shank Racing w/Curb Agajanian,Acura,GF,
60,1,52,1:50.939,0,B,28.979,0,34.740,0,47.220,0,127.4,1:30:11.802,12:15:11.802,0:28.979,0:34.740,0:47.220,154.2,Thomas Blomqvist,,GTP,,Acura Meyer Shank Racing w/Curb Agajanian,Acura,FF,
64,1,1,2:19.091,0,,1:19.336,0,32.076,0,27.679,0,101.6,2:19.091,10:47:19.091,1:19.336,0:32.076,0:27.679,203.8,Benjamin Barker,0:00:48.331,GTDPRO,,Ford Racing,Ford,GF,
64,1,2,1:27.754,0,,29.867,0,29.793,0,28.094,0,161.0,3:46.845,10:48:46.845,0:29.867,0:29.793,0:28.094,239.8,Benjamin Barker,,GTDPRO,,Ford Racing,Ford,GF,
64,1,3,1:25.448,0,,28.931,0,29.434,0,27.083,0,165.4,5:12.293,10:50:12.293,0:28.931,0:29.434,0:27.083,245.7,Benjamin Barker,,GTDPRO,,Ford Racing,Ford,GF,
64,1,4,1:25.903,0,,29.053,0,28.919,0,27.931,0,164.5,6:38.196,10:51:38.196,0:29.053,0:28.919,0:27.931,245.7,Benjamin Barker,,GTDPRO,,Ford Racing,Ford,GF,
64,1,5,1:24.328,0,,28.896,0,29.010,0,26.422,0,167.6,8:02.524,10:53:02.524,0:28.896,0:29.010,0:26.422,245.2,Benjamin Barker,,GTDPRO,,Ford Racing,Ford,GF,
64,1,6,1:24.154,0,,28.868,0,28.817,2,26.469,0,167.9,9:26.678,10:54:26.678,0:28.868,0:28.817,0:26.469,245.2,Benjamin Barker,,GTDPRO,,Ford Racing,Ford,GF,
64,1,7,1:56.945,0,B,34.530,0,33.606,0,48.809,0,120.8,11:23.623,10:56:23.623,0:34.530,0:33.606,0:48.809,176.3,Benjamin Barker,,GTDPRO,,Ford Racing,Ford,RF,
64,1,8,6:45.370,0,,5:46.622,0,30.837,0,27.911,0,34.9,18:08.993,11:03:08.993,5:46.622,0:30.837,0:27.911,226.2,Benjamin Barker,0:05:46.163,GTDPRO,,Ford Racing,Ford,GF,
64,1,9,1:26.366,0,,29.096,0,30.148,0,27.122,0,163.6,19:35.359,11:04:35.359,0:29.096,0:30.148,0:27.122,207.0,Benjamin Barker,,GTDPRO,,Ford Racing,Ford,GF,
64,1,10,1:24.141,0,,28.884,0,28.866,0,26.391,2,167.9,20:59.500,11:05:59.500,0:28.884,0:28.866,0:26.391,243.4,Benjamin Barker,,GTDPRO,,Ford Racing,Ford,GF,
64,1,11,1:24.024,2,,28.767,2,28.860,0,26.397,0,168.2,22:23.524,11:07:23.524,0:28.767,0:28.860,0:26.397,242.9,Benjamin Barker,,GTDPRO,,Ford Racing,Ford,GF,
64,1,12,1:24.314,0,,28.791,0,29.062,0,26.461,0,167.6,23:47.838,11:08:47.838,0:28.791,0:29.062,0:26.461,243.8,Benjamin Barker,,GTDPRO,,Ford Racing,Ford,GF,
64,1,13,1:44.550,0,B,28.841,0,28.932,0,46.777,0,135.2,25:32.388,11:10:32.388,0:28.841,0:28.932,0:46.777,244.3,Benjamin Barker,,GTDPRO,,Ford Racing,Ford,GF,
64,2,14,5:04.896,0,,4:07.465,0,30.766,0,26.665,0,46.3,30:37.284,11:15:37.284,4:07.465,0:30.766,0:26.665,225.9,Dennis Olsen,0:04:09.364,GTDPRO,,Ford Racing,Ford,GF,
64,2,15,1:25.438,0,,29.436,0,29.490,0,26.512,0,165.4,32:02.722,11:17:02.722,0:29.436,0:29.490,0:26.512,243.4,Dennis Olsen,,GTDPRO,,Ford Racing,Ford,GF,
64,2,16,1:25.323,0,,29.369,0,29.234,0,26.720,0,165.6,33:28.045,11:18:28.045,0:29.369,0:29.234,0:26.720,242.9,Dennis Olsen,,GTDPRO,,Ford Racing,Ford,GF,
64,2,17,1:25.296,0,,29.307,0,29.068,0,26.921,0,165.7,34:53.341,11:19:53.341,0:29.307,0:29.068,0:26.921,242.0,Dennis Olsen,,GTDPRO,,Ford Racing,Ford,GF,
64,2,18,1:46.085,0,B,29.066,1,29.926,0,47.093,0,133.2,36:39.426,11:21:39.426,0:29.066,0:29.926,0:47.093,242.0,Dennis Olsen,,GTDPRO,,Ford Racing,Ford,GF,
64,2,19,5:59.607,0,,5:03.105,0,29.648,0,26.854,0,39.3,42:39.033,11:27:39.033,5:03.105,0:29.648,0:26.854,240.7,Dennis Olsen,0:05:04.913,GTDPRO,,Ford Racing,Ford,GF,
64,2,20,1:25.562,0,,29.471,0,29.021,0,27.070,0,165.2,44:04.595,11:29:04.595,0:29.471,0:29.021,0:27.070,242.5,Dennis Olsen,,GTDPRO,,Ford Racing,Ford,GF,
64,2,21,1:25.321,0,,29.315,0,29.351,0,26.655,0,165.6,45:29.916,11:30:29.916,0:29.315,0:29.351,0:26.655,241.6,Dennis Olsen,,GTDPRO,,Ford Racing,Ford,GF,
64,2,22,1:26.253,0,,29.235,0,30.070,0,26.948,0,163.8,46:56.169,11:31:56.169,0:29.235,0:30.070,0:26.948,241.6,Dennis Olsen,,GTDPRO,,Ford Racing,Ford,GF,
64,2,23,1:45.259,0,B,29.207,0,29.265,0,46.787,0,134.2,48:41.428,11:33:41.428,0:29.207,0:29.265,0:46.787,233.9,Dennis Olsen,,GTDPRO,,Ford Racing,Ford,GF,
64,2,24,4:46.446,0,,3:50.314,0,29.369,0,26.763,0,49.3,53:27.874,11:38:27.874,3:50.314,0:29.369,0:26.763,244.3,Dennis Olsen,0:03:52.978,GTDPRO,,Ford Racing,Ford,GF,
64,2,25,1:25.491,0,,29.427,0,29.220,0,26.844,0,165.3,54:53.365,11:39:53.365,0:29.427,0:29.220,0:26.844,242.9,Dennis Olsen,,GTDPRO,,Ford Racing,Ford,GF,
64,2,26,1:24.856,0,,29.149,0,28.925,1,26.782,0,166.5,56:18.221,11:41:18.221,0:29.149,0:28.925,0:26.782,242.5,Dennis Olsen,,GTDPRO,,Ford Racing,Ford,GF,
64,2,27,1:45.960,0,B,29.409,0,29.826,0,46.725,0,133.4,58:04.181,11:43:04.181,0:29.409,0:29.826,0:46.725,231.4,Dennis Olsen,,GTDPRO,,Ford Racing,Ford,GF,
64,2,28,5:00.470,0,,4:04.359,0,29.319,0,26.792,0,47.0,1:03:04.651,11:48:04.651,4:04.359,0:29.319,0:26.792,242.9,Dennis Olsen,0:04:06.988,GTDPRO,,Ford Racing,Ford,GF,
64,2,29,1:25.123,0,,29.443,0,29.115,0,26.565,0,166.0,1:04:29.774,11:49:29.774,0:29.443,0:29.115,0:26.565,244.3,Dennis Olsen,,GTDPRO,,Ford Racing,Ford,GF,
64,2,30,1:24.930,0,,29.146,0,29.124,0,26.660,0,166.4,1:05:54.704,11:50:54.704,0:29.146,0:29.124,0:26.660,243.4,Dennis Olsen,,GTDPRO,,Ford Racing,Ford,GF,
64,2,31,1:24.774,0,,29.202,0,29.100,0,26.472,1,166.7,1:07:19.478,11:52:19.478,0:29.202,0:29.100,0:26.472,242.5,Dennis Olsen,,GTDPRO,,Ford Racing,Ford,GF,
64,2,32,1:24.943,0,,29.178,0,29.042,0,26.723,0,166.4,1:08:44.421,11:53:44.421,0:29.178,0:29.042,0:26.723,244.3,Dennis Olsen,,GTDPRO,,Ford Racing,Ford,GF,
64,2,33,1:24.789,0,,29.167,0,29.111,0,26.511,0,166.7,1:10:09.210,11:55:09.210,0:29.167,0:29.111,0:26.511,245.2,Dennis Olsen,,GTDPRO,,Ford Racing,Ford,GF,
64,2,34,1:45.007,0,B,29.178,0,29.208,0,46.621,0,134.6,1:11:54.217,11:56:54.217,0:29.178,0:29.208,0:46.621,227.8,Dennis Olsen,,GTDPRO,,Ford Racing,Ford,GF,
64,1,35,4:18.833,0,,3:22.975,0,29.336,0,26.522,0,54.6,1:16:13.050,12:01:13.050,3:22.975,0:29.336,0:26.522,240.3,Benjamin Barker,0:03:24.879,GTDPRO,,Ford Racing,Ford,GF,
64,1,36,1:24.929,0,,29.076,0,29.379,0,26.474,0,166.4,1:17:37.979,12:02:37.979,0:29.076,0:29.379,0:26.474,243.4,Benjamin Barker,,GTDPRO,,Ford Racing,Ford,GF,
64,1,37,1:24.910,0,,29.186,0,29.145,0,26.579,0,166.4,1:19:02.889,12:04:02.889,0:29.186,0:29.145,0:26.579,238.1,Benjamin Barker,,GTDPRO,,Ford Racing,Ford,GF,
64,1,38,1:26.067,0,,29.506,0,29.448,0,27.113,0,164.2,1:20:28.956,12:05:28.956,0:29.506,0:29.448,0:27.113,238.5,Benjamin Barker,,GTDPRO,,Ford Racing,Ford,GF,
64,1,39,1:25.870,0,,29.487,0,29.482,0,26.901,0,164.6,1:21:54.826,12:06:54.826,0:29.487,0:29.482,0:26.901,227.8,Benjamin Barker,,GTDPRO,,Ford Racing,Ford,GF,
64,1,40,1:26.949,0,,29.352,0,29.358,0,28.239,0,162.5,1:23:21.775,12:08:21.775,0:29.352,0:29.358,0:28.239,229.0,Benjamin Barker,,GTDPRO,,Ford Racing,Ford,GF,
64,1,41,1:25.613,0,,29.268,0,29.517,0,26.828,0,165.1,1:24:47.388,12:09:47.388,0:29.268,0:29.517,0:26.828,228.2,Benjamin Barker,,GTDPRO,,Ford Racing,Ford,GF,
64,1,42,1:25.319,0,,29.318,0,29.219,0,26.782,0,165.6,1:26:12.707,12:11:12.707,0:29.318,0:29.219,0:26.782,229.0,Benjamin Barker,,GTDPRO,,Ford Racing,Ford,GF,
64,1,43,1:49.786,0,B,33.423,0,29.326,0,47.037,0,128.7,1:28:02.493,12:13:02.493,0:33.423,0:29.326,0:47.037,230.6,Benjamin Barker,,GTDPRO,,Ford Racing,Ford,GF,
65,2,1,3:11.490,0,,2:12.485,0,31.648,0,27.357,0,73.8,3:11.490,10:48:11.490,2:12.485,0:31.648,0:27.357,209.7,Frederic Vervisch,0:01:44.295,GTDPRO,,Ford Racing,Ford,GF,
65,2,2,1:26.504,0,,29.747,0,30.043,0,26.714,0,163.4,4:37.994,10:49:37.994,0:29.747,0:30.043,0:26.714,243.4,Frederic Vervisch,,GTDPRO,,Ford Racing,Ford,GF,
65,2,3,1:24.259,0,,28.920,0,28.980,0,26.359,2,167.7,6:02.253,10:51:02.253,0:28.920,0:28.980,0:26.359,244.3,Frederic Vervisch,,GTDPRO,,Ford Racing,Ford,GF,
65,2,4,1:25.456,0,,29.541,0,29.377,0,26.538,0,165.4,7:27.709,10:52:27.709,0:29.541,0:29.377,0:26.538,236.8,Frederic Vervisch,,GTDPRO,,Ford Racing,Ford,GF,
65,2,5,1:26.683,0,,29.462,0,29.033,0,28.188,0,163.0,8:54.392,10:53:54.392,0:29.462,0:29.033,0:28.188,234.7,Frederic Vervisch,,GTDPRO,,Ford Racing,Ford,GF,
65,2,6,1:52.916,0,B,29.000,0,29.533,0,54.383,0,125.1,10:47.308,10:55:47.308,0:29.000,0:29.533,0:54.383,236.0,Frederic Vervisch,,GTDPRO,,Ford Racing,Ford,RF,
65,1,7,4:22.863,0,,3:25.594,0,29.446,0,27.823,0,53.8,15:10.171,11:00:10.171,3:25.594,0:29.446,0:27.823,242.0,Christopher Mies,0:03:29.381,GTDPRO,,Ford Racing,Ford,GF,
65,1,8,1:26.897,0,,28.988,0,29.194,0,28.715,0,162.6,16:37.068,11:01:37.068,0:28.988,0:29.194,0:28.715,244.3,Christopher Mies,,GTDPRO,,Ford Racing,Ford,GF,
65,1,9,1:24.761,0,,29.152,0,29.054,0,26.555,0,166.7,18:01.829,11:03:01.829,0:29.152,0:29.054,0:26.555,244.7,Christopher Mies,,GTDPRO,,Ford Racing,Ford,GF,
65,1,10,1:24.530,0,,29.121,0,28.953,0,26.456,0,167.2,19:26.359,11:04:26.359,0:29.121,0:28.953,0:26.456,245.2,Christopher Mies,,GTDPRO,,Ford Racing,Ford,GF,
65,1,11,1:24.537,0,,28.953,0,28.961,0,26.623,0,167.2,20:50.896,11:05:50.896,0:28.953,0:28.961,0:26.623,246.1,Christopher Mies,,GTDPRO,,Ford Racing,Ford,GF,
65,1,12,1:44.190,0,B,29.014,0,29.052,0,46.124,0,135.6,22:35.086,11:07:35.086,0:29.014,0:29.052,0:46.124,245.2,Christopher Mies,,GTDPRO,,Ford Racing,Ford,GF,
65,1,13,3:31.361,0,,2:34.469,0,30.164,0,26.728,0,66.9,26:06.447,11:11:06.447,2:34.469,0:30.164,0:26.728,236.4,Christopher Mies,0:02:35.304,GTDPRO,,Ford Racing,Ford,GF,
65,1,14,1:25.503,0,,28.943,0,29.061,0,27.499,0,165.3,27:31.950,11:12:31.950,0:28.943,0:29.061,0:27.499,242.0,Christopher Mies,,GTDPRO,,Ford Racing,Ford,GF,
65,1,15,1:24.632,0,,28.851,2,29.379,0,26.402,1,167.0,28:56.582,11:13:56.582,0:28.851,0:29.379,0:26.402,242.0,Christopher Mies,,GTDPRO,,Ford Racing,Ford,GF,
65,1,16,1:24.202,2,,28.906,0,28.857,2,26.439,0,167.8,30:20.784,11:15:20.784,0:28.906,0:28.857,0:26.439,242.9,Christopher Mies,,GTDPRO,,Ford Racing,Ford,GF,
65,1,17,1:26.143,0,,29.009,0,28.977,0,28.157,0,164.0,31:46.927,11:16:46.927,0:29.009,0:28.977,0:28.157,242.0,Christopher Mies,,GTDPRO,,Ford Racing,Ford,GF,
65,1,18,1:27.326,0,,28.888,0,29.340,0,29.098,0,161.8,33:14.253,11:18:14.253,0:28.888,0:29.340,0:29.098,241.6,Christopher Mies,,GTDPRO,,Ford Racing,Ford,GF,
65,1,19,1:24.549,0,,28.882,0,29.158,0,26.509,0,167.1,34:38.802,11:19:38.802,0:28.882,0:29.158,0:26.509,241.6,Christopher Mies,,GTDPRO,,Ford Racing,Ford,GF,
65,1,20,1:24.526,0,,28.949,0,29.049,0,26.528,0,167.2,36:03.328,11:21:03.328,0:28.949,0:29.049,0:26.528,240.3,Christopher Mies,,GTDPRO,,Ford Racing,Ford,GF,
65,1,21,1:44.756,0,B,29.124,0,29.414,0,46.218,0,134.9,37:48.084,11:22:48.084,0:29.124,0:29.414,0:46.218,239.8,Christopher Mies,,GTDPRO,,Ford Racing,Ford,GF,
65,2,22,4:33.169,0,,3:37.472,0,29.234,0,26.463,0,51.7,42:21.253,11:27:21.253,3:37.472,0:29.234,0:26.463,242.9,Frederic Vervisch,0:03:39.129,GTDPRO,,Ford Racing,Ford,GF,
65,2,23,1:24.854,0,,29.187,0,29.200,0,26.467,0,166.5,43:46.107,11:28:46.107,0:29.187,0:29.200,0:26.467,242.5,Frederic Vervisch,,GTDPRO,,Ford Racing,Ford,GF,
65,2,24,1:24.704,0,,29.045,0,29.109,0,26.550,0,166.8,45:10.811,11:30:10.811,0:29.045,0:29.109,0:26.550,242.5,Frederic Vervisch,,GTDPRO,,Ford Racing,Ford,GF,
65,2,25,1:24.857,0,,29.106,0,29.052,0,26.699,0,166.5,46:35.668,11:31:35.668,0:29.106,0:29.052,0:26.699,234.3,Frederic Vervisch,,GTDPRO,,Ford Racing,Ford,GF,
65,2,26,1:25.045,0,,29.157,0,29.305,0,26.583,0,166.2,48:00.713,11:33:00.713,0:29.157,0:29.305,0:26.583,231.0,Frederic Vervisch,,GTDPRO,,Ford Racing,Ford,GF,
65,2,27,1:25.443,0,,29.277,0,29.331,0,26.835,0,165.4,49:26.156,11:34:26.156,0:29.277,0:29.331,0:26.835,225.5,Frederic Vervisch,,GTDPRO,,Ford Racing,Ford,GF,
65,2,28,1:25.522,0,,29.237,0,29.524,0,26.761,0,165.2,50:51.678,11:35:51.678,0:29.237,0:29.524,0:26.761,223.6,Frederic Vervisch,,GTDPRO,,Ford Racing,Ford,GF,
65,2,29,1:25.090,0,,29.198,0,29.215,0,26.677,0,166.1,52:16.768,11:37:16.768,0:29.198,0:29.215,0:26.677,224.3,Frederic Vervisch,,GTDPRO,,Ford Racing,Ford,GF,
65,2,30,1:25.573,0,,29.121,0,29.415,0,27.037,0,165.1,53:42.341,11:38:42.341,0:29.121,0:29.415,0:27.037,225.5,Frederic Vervisch,,GTDPRO,,Ford Racing,Ford,GF,
65,2,31,1:25.246,0,,29.420,0,29.178,0,26.648,0,165.8,55:07.587,11:40:07.587,0:29.420,0:29.178,0:26.648,239.8,Frederic Vervisch,,GTDPRO,,Ford Racing,Ford,GF,
65,2,32,1:25.296,0,,29.174,0,29.239,0,26.883,0,165.7,56:32.883,11:41:32.883,0:29.174,0:29.239,0:26.883,238.5,Frederic Vervisch,,GTDPRO,,Ford Racing,Ford,GF,
65,2,33,1:25.728,0,,29.814,0,29.235,0,26.679,0,164.8,57:58.611,11:42:58.611,0:29.814,0:29.235,0:26.679,238.1,Frederic Vervisch,,GTDPRO,,Ford Racing,Ford,GF,
65,2,34,1:44.427,0,B,29.066,0,29.214,0,46.147,0,135.3,59:43.038,11:44:43.038,0:29.066,0:29.214,0:46.147,238.1,Frederic Vervisch,,GTDPRO,,Ford Racing,Ford,GF,
65,2,35,5:42.276,0,,4:46.561,0,29.141,0,26.574,0,41.3,1:05:25.314,11:50:25.314,4:46.561,0:29.141,0:26.574,244.3,Frederic Vervisch,0:04:48.675,GTDPRO,,Ford Racing,Ford,GF,
65,2,36,1:25.874,0,,28.879,1,29.848,0,27.147,0,164.6,1:06:51.188,11:51:51.188,0:28.879,0:29.848,0:27.147,244.3,Frederic Vervisch,,GTDPRO,,Ford Racing,Ford,GF,
65,2,37,1:24.385,0,,29.052,0,28.966,1,26.367,0,167.5,1:08:15.573,11:53:15.573,0:29.052,0:28.966,0:26.367,244.3,Frederic Vervisch,,GTDPRO,,Ford Racing,Ford,GF,
65,2,38,1:24.701,0,,29.155,0,28.967,0,26.579,0,166.8,1:09:40.274,11:54:40.274,0:29.155,0:28.967,0:26.579,244.3,Frederic Vervisch,,GTDPRO,,Ford Racing,Ford,GF,
65,2,39,1:44.592,0,B,29.058,0,29.409,0,46.125,0,135.1,1:11:24.866,11:56:24.866,0:29.058,0:29.409,0:46.125,244.3,Frederic Vervisch,,GTDPRO,,Ford Racing,Ford,GF,
65,2,40,5:22.845,0,,4:26.803,0,29.264,0,26.778,0,43.8,1:16:47.711,12:01:47.711,4:26.803,0:29.264,0:26.778,242.9,Frederic Vervisch,0:04:29.547,GTDPRO,,Ford Racing,Ford,GF,
65,2,41,1:24.710,0,,29.020,0,29.246,0,26.444,0,166.8,1:18:12.421,12:03:12.421,0:29.020,0:29.246,0:26.444,243.4,Frederic Vervisch,,GTDPRO,,Ford Racing,Ford,GF,
65,2,42,1:45.837,0,B,28.966,0,29.154,0,47.717,0,133.5,1:19:58.258,12:04:58.258,0:28.966,0:29.154,0:47.717,243.4,Frederic Vervisch,,GTDPRO,,Ford Racing,Ford,GF,
65,1,43,3:09.633,0,,2:13.363,0,29.324,0,26.946,0,74.5,1:23:07.891,12:08:07.891,2:13.363,0:29.324,0:26.946,243.4,Christopher Mies,0:02:15.980,GTDPRO,,Ford Racing,Ford,GF,
65,1,44,1:24.944,0,,29.088,0,29.182,0,26.674,0,166.4,1:24:32.835,12:09:32.835,0:29.088,0:29.182,0:26.674,242.9,Christopher Mies,,GTDPRO,,Ford Racing,Ford,GF,
65,1,45,1:24.928,0,,29.060,0,29.212,0,26.656,0,166.4,1:25:57.763,12:10:57.763,0:29.060,0:29.212,0:26.656,238.1,Christopher Mies,,GTDPRO,,Ford Racing,Ford,GF,
65,1,46,1:25.085,0,,29.081,0,29.214,0,26.790,0,166.1,1:27:22.848,12:12:22.848,0:29.081,0:29.214,0:26.790,238.5,Christopher Mies,,GTDPRO,,Ford Racing,Ford,GF,
65,1,47,1:25.255,0,,29.132,0,29.459,0,26.664,0,165.7,1:28:48.103,12:13:48.103,0:29.132,0:29.459,0:26.664,239.4,Christopher Mies,,GTDPRO,,Ford Racing,Ford,GF,
65,1,48,1:46.331,0,B,29.119,0,29.500,0,47.712,0,132.9,1:30:34.434,12:15:34.434,0:29.119,0:29.500,0:47.712,244.3,Christopher Mies,,GTDPRO,,Ford Racing,Ford,FF,
66,1,1,2:36.986,0,,1:38.171,0,31.344,0,27.471,0,90.0,2:36.986,10:47:36.986,1:38.171,0:31.344,0:27.471,230.2,Jake Walker,0:01:10.811,GTD,,Gradient Racing,Ford,GF,
66,1,2,1:27.212,0,,30.326,0,29.820,0,27.066,0,162.0,4:04.198,10:49:04.198,0:30.326,0:29.820,0:27.066,242.0,Jake Walker,,GTD,,Gradient Racing,Ford,GF,
66,1,3,1:26.043,0,,29.443,0,29.700,0,26.900,0,164.2,5:30.241,10:50:30.241,0:29.443,0:29.700,0:26.900,243.4,Jake Walker,,GTD,,Gradient Racing,Ford,GF,
66,1,4,1:26.900,0,,29.784,0,30.082,0,27.034,0,162.6,6:57.141,10:51:57.141,0:29.784,0:30.082,0:27.034,241.6,Jake Walker,,GTD,,Gradient Racing,Ford,GF,
66,1,5,2:23.048,0,B,29.462,0,29.663,0,1:23.923,0,98.8,9:20.189,10:54:20.189,0:29.462,0:29.663,1:23.923,242.5,Jake Walker,,GTD,,Gradient Racing,Ford,GF,
66,1,6,4:53.567,0,,3:56.737,0,29.656,0,27.174,0,48.1,14:13.756,10:59:13.756,3:56.737,0:29.656,0:27.174,240.7,Jake Walker,0:04:35.745,GTD,,Gradient Racing,Ford,GF,
66,1,7,2:56.969,0,B,30.050,0,29.569,0,1:57.350,0,79.8,17:10.725,11:02:10.725,0:30.050,0:29.569,1:57.350,242.0,Jake Walker,,GTD,,Gradient Racing,Ford,GF,
66,1,8,1:56.430,0,,54.729,0,32.470,0,29.231,0,121.4,19:07.155,11:04:07.155,0:54.729,0:32.470,0:29.231,222.8,Jake Walker,0:02:01.903,GTD,,Gradient Racing,Ford,GF,
66,1,9,1:30.782,0,,31.587,0,30.701,0,28.494,0,155.7,20:37.937,11:05:37.937,0:31.587,0:30.701,0:28.494,239.8,Jake Walker,,GTD,,Gradient Racing,Ford,GF,
66,1,10,1:25.194,0,,29.178,0,29.308,0,26.708,0,165.9,22:03.131,11:07:03.131,0:29.178,0:29.308,0:26.708,241.6,Jake Walker,,GTD,,Gradient Racing,Ford,GF,
66,1,11,1:24.897,0,,29.198,0,29.139,0,26.560,0,166.4,23:28.028,11:08:28.028,0:29.198,0:29.139,0:26.560,241.6,Jake Walker,,GTD,,Gradient Racing,Ford,GF,
66,1,12,1:24.539,2,,29.056,0,29.056,0,26.427,2,167.1,24:52.567,11:09:52.567,0:29.056,0:29.056,0:26.427,241.6,Jake Walker,,GTD,,Gradient Racing,Ford,GF,
66,1,13,1:24.626,0,,28.997,0,29.129,0,26.500,0,167.0,26:17.193,11:11:17.193,0:28.997,0:29.129,0:26.500,242.5,Jake Walker,,GTD,,Gradient Racing,Ford,GF,
66,1,14,5:22.691,0,B,28.952,2,29.053,2,4:24.686,0,43.8,31:39.884,11:16:39.884,0:28.952,0:29.053,4:24.686,242.5,Jake Walker,,GTD,,Gradient Racing,Ford,GF,
66,1,15,1:48.782,0,,52.920,0,29.315,0,26.547,0,129.9,33:28.666,11:18:28.666,0:52.920,0:29.315,0:26.547,244.3,Jake Walker,0:04:28.776,GTD,,Gradient Racing,Ford,GF,
66,1,16,1:25.576,0,,29.192,0,29.249,0,27.135,0,165.1,34:54.242,11:19:54.242,0:29.192,0:29.249,0:27.135,242.5,Jake Walker,,GTD,,Gradient Racing,Ford,GF,
66,1,17,1:25.504,0,,29.138,0,29.277,0,27.089,0,165.3,36:19.746,11:21:19.746,0:29.138,0:29.277,0:27.089,241.2,Jake Walker,,GTD,,Gradient Racing,Ford,GF,
66,1,18,1:24.853,0,,29.070,0,29.181,0,26.602,0,166.5,37:44.599,11:22:44.599,0:29.070,0:29.181,0:26.602,241.2,Jake Walker,,GTD,,Gradient Racing,Ford,GF,
66,1,19,1:24.992,0,,29.048,0,29.301,0,26.643,0,166.3,39:09.591,11:24:09.591,0:29.048,0:29.301,0:26.643,242.5,Jake Walker,,GTD,,Gradient Racing,Ford,GF,
66,1,20,3:12.491,0,B,29.570,0,29.574,0,2:13.347,0,73.4,42:22.082,11:27:22.082,0:29.570,0:29.574,2:13.347,240.3,Jake Walker,,GTD,,Gradient Racing,Ford,GF,
66,2,21,1:47.109,0,,50.757,0,29.465,0,26.887,0,131.9,44:09.191,11:29:09.191,0:50.757,0:29.465,0:26.887,236.8,Corey Lewis,0:02:18.238,GTD,,Gradient Racing,Ford,GF,
66,2,22,2:33.159,0,B,29.356,0,29.505,0,1:34.298,0,92.3,46:42.350,11:31:42.350,0:29.356,0:29.505,1:34.298,241.2,Corey Lewis,,GTD,,Gradient Racing,Ford,GF,
66,2,23,1:45.008,0,,48.887,0,29.235,0,26.886,0,134.6,48:27.358,11:33:27.358,0:48.887,0:29.235,0:26.886,241.2,Corey Lewis,0:01:38.985,GTD,,Gradient Racing,Ford,GF,
66,2,24,1:28.385,0,,31.542,0,30.088,0,26.755,0,159.9,49:55.743,11:34:55.743,0:31.542,0:30.088,0:26.755,241.6,Corey Lewis,,GTD,,Gradient Racing,Ford,GF,
66,2,25,4:09.365,0,B,29.597,0,29.353,0,3:10.415,0,56.7,54:05.108,11:39:05.108,0:29.597,0:29.353,3:10.415,241.6,Corey Lewis,,GTD,,Gradient Racing,Ford,GF,
66,2,26,1:46.447,0,,49.137,0,30.215,0,27.095,0,132.7,55:51.555,11:40:51.555,0:49.137,0:30.215,0:27.095,217.3,Corey Lewis,0:03:15.782,GTD,,Gradient Racing,Ford,GF,
66,2,27,1:25.295,0,,29.225,0,29.327,0,26.743,0,165.7,57:16.850,11:42:16.850,0:29.225,0:29.327,0:26.743,242.0,Corey Lewis,,GTD,,Gradient Racing,Ford,GF,
66,2,28,1:25.550,0,,29.347,0,29.271,0,26.932,0,165.2,58:42.400,11:43:42.400,0:29.347,0:29.271,0:26.932,241.6,Corey Lewis,,GTD,,Gradient Racing,Ford,GF,
66,2,29,6:24.174,0,B,29.221,0,29.350,0,5:25.603,0,36.8,1:05:06.574,11:50:06.574,0:29.221,0:29.350,5:25.603,240.7,Corey Lewis,,GTD,,Gradient Racing,Ford,GF,
66,2,30,1:49.145,0,,51.236,0,31.027,0,26.882,0,129.5,1:06:55.719,11:51:55.719,0:51.236,0:31.027,0:26.882,239.0,Corey Lewis,0:05:30.411,GTD,,Gradient Racing,Ford,GF,
66,2,31,1:25.266,0,,29.194,0,29.222,1,26.850,0,165.7,1:08:20.985,11:53:20.985,0:29.194,0:29.222,0:26.850,243.4,Corey Lewis,,GTD,,Gradient Racing,Ford,GF,
66,2,32,1:25.994,0,,29.733,0,29.479,0,26.782,0,164.3,1:09:46.979,11:54:46.979,0:29.733,0:29.479,0:26.782,242.5,Corey Lewis,,GTD,,Gradient Racing,Ford,GF,
66,2,33,1:25.140,0,,29.158,1,29.249,0,26.733,0,166.0,1:11:12.119,11:56:12.119,0:29.158,0:29.249,0:26.733,240.7,Corey Lewis,,GTD,,Gradient Racing,Ford,GF,
66,2,34,4:36.408,0,B,29.245,0,29.393,0,3:37.770,0,51.1,1:15:48.527,12:00:48.527,0:29.245,0:29.393,3:37.770,240.7,Corey Lewis,,GTD,,Gradient Racing,Ford,GF,
66,2,35,1:45.057,0,,49.126,0,29.299,0,26.632,1,134.5,1:17:33.584,12:02:33.584,0:49.126,0:29.299,0:26.632,242.5,Corey Lewis,0:03:42.625,GTD,,Gradient Racing,Ford,GF,
66,2,36,1:25.306,0,,29.200,0,29.356,0,26.750,0,165.6,1:18:58.890,12:03:58.890,0:29.200,0:29.356,0:26.750,241.6,Corey Lewis,,GTD,,Gradient Racing,Ford,GF,
66,2,37,1:45.419,0,B,29.189,0,29.295,0,46.935,0,134.0,1:20:44.309,12:05:44.309,0:29.189,0:29.295,0:46.935,242.9,Corey Lewis,,GTD,,Gradient Racing,Ford,GF,
66,2,38,3:04.392,0,B,50.875,0,29.691,0,1:43.826,0,76.6,1:23:48.701,12:08:48.701,0:50.875,0:29.691,1:43.826,242.9,Corey Lewis,0:00:51.802,GTD,,Gradient Racing,Ford,GF,
66,1,39,1:47.223,0,,50.461,0,29.672,0,27.090,0,131.8,1:25:35.924,12:10:35.924,0:50.461,0:29.672,0:27.090,240.3,Jake Walker,0:01:48.591,GTD,,Gradient Racing,Ford,GF,
66,1,40,1:26.304,0,,29.542,0,29.570,0,27.192,0,163.7,1:27:02.228,12:12:02.228,0:29.542,0:29.570,0:27.192,241.6,Jake Walker,,GTD,,Gradient Racing,Ford,GF,
66,1,41,1:26.608,0,,29.388,0,29.704,0,27.516,0,163.2,1:28:28.836,12:13:28.836,0:29.388,0:29.704,0:27.516,241.6,Jake Walker,,GTD,,Gradient Racing,Ford,GF,
66,1,42,1:30.506,0,,29.485,0,29.400,0,31.621,0,156.1,1:29:59.342,12:14:59.342,0:29.485,0:29.400,0:31.621,242.0,Jake Walker,,GTD,,Gradient Racing,Ford,GF,
68,2,1,2:31.289,0,,1:27.245,0,33.577,0,30.467,0,93.4,2:31.289,10:47:31.289,1:27.245,0:33.577,0:30.467,182.6,Marco Sorensen,0:00:58.797,GTDPRO,,Car Blanche,Aston Martin,GF,
68,2,2,2:52.891,0,B,31.582,0,33.126,0,1:48.183,0,81.7,5:24.180,10:50:24.180,0:31.582,0:33.126,1:48.183,183.9,Marco Sorensen,,GTDPRO,,Car Blanche,Aston Martin,GF,
68,2,3,1:49.250,0,,51.371,0,30.412,0,27.467,0,129.3,7:13.430,10:52:13.430,0:51.371,0:30.412,0:27.467,224.7,Marco Sorensen,0:01:51.315,GTDPRO,,Car Blanche,Aston Martin,GF,
68,2,4,1:26.809,0,,29.664,0,29.996,0,27.149,0,162.8,8:40.239,10:53:40.239,0:29.664,0:29.996,0:27.149,222.0,Marco Sorensen,,GTDPRO,,Car Blanche,Aston Martin,GF,
68,2,5,4:54.165,0,B,30.183,0,30.043,0,3:53.939,0,48.0,13:34.404,10:58:34.404,0:30.183,0:30.043,3:53.939,233.9,Marco Sorensen,,GTDPRO,,Car Blanche,Aston Martin,GF,
68,2,6,2:08.238,0,B,50.211,0,30.685,0,47.342,0,110.2,15:42.642,11:00:42.642,0:50.211,0:30.685,0:47.342,218.4,Marco Sorensen,0:03:54.088,GTDPRO,,Car Blanche,Aston Martin,GF,
68,2,7,1:47.231,0,,49.896,0,29.827,0,27.508,0,131.8,17:29.873,11:02:29.873,0:49.896,0:29.827,0:27.508,225.5,Marco Sorensen,0:00:51.317,GTDPRO,,Car Blanche,Aston Martin,GF,
68,2,8,1:24.462,0,,29.148,0,28.968,0,26.346,0,167.3,18:54.335,11:03:54.335,0:29.148,0:28.968,0:26.346,239.0,Marco Sorensen,,GTDPRO,,Car Blanche,Aston Martin,GF,
68,2,9,1:28.733,0,,30.217,0,29.721,0,28.795,0,159.2,20:23.068,11:05:23.068,0:30.217,0:29.721,0:28.795,219.8,Marco Sorensen,,GTDPRO,,Car Blanche,Aston Martin,GF,
68,2,10,1:24.154,2,,28.840,0,29.052,0,26.262,2,167.9,21:47.222,11:06:47.222,0:28.840,0:29.052,0:26.262,238.5,Marco Sorensen,,GTDPRO,,Car Blanche,Aston Martin,GF,
68,2,11,1:24.194,0,,28.818,2,28.966,0,26.410,0,167.8,23:11.416,11:08:11.416,0:28.818,0:28.966,0:26.410,239.8,Marco Sorensen,,GTDPRO,,Car Blanche,Aston Martin,GF,
68,2,12,1:24.364,0,,28.953,0,29.001,0,26.410,0,167.5,24:35.780,11:09:35.780,0:28.953,0:29.001,0:26.410,239.4,Marco Sorensen,,GTDPRO,,Car Blanche,Aston Martin,GF,
68,2,13,1:25.926,0,,29.070,0,29.318,0,27.538,0,164.5,26:01.706,11:11:01.706,0:29.070,0:29.318,0:27.538,240.7,Marco Sorensen,,GTDPRO,,Car Blanche,Aston Martin,GF,
68,2,14,1:24.395,0,,28.834,0,28.957,2,26.604,0,167.4,27:26.101,11:12:26.101,0:28.834,0:28.957,0:26.604,238.5,Marco Sorensen,,GTDPRO,,Car Blanche,Aston Martin,GF,
68,2,15,2:53.962,0,B,29.601,0,29.305,0,1:55.056,0,81.2,30:20.063,11:15:20.063,0:29.601,0:29.305,1:55.056,227.4,Marco Sorensen,,GTDPRO,,Car Blanche,Aston Martin,GF,
68,1,16,1:49.329,0,,51.061,0,31.120,0,27.148,0,129.2,32:09.392,11:17:09.392,0:51.061,0:31.120,0:27.148,239.8,Valentin Hasse Clot,0:01:58.800,GTDPRO,,Car Blanche,Aston Martin,GF,
68,1,17,1:25.746,0,,29.181,0,29.325,0,27.240,0,164.8,33:35.138,11:18:35.138,0:29.181,0:29.325,0:27.240,239.0,Valentin Hasse Clot,,GTDPRO,,Car Blanche,Aston Martin,GF,
68,1,18,1:25.211,0,,29.074,0,29.363,0,26.774,0,165.8,35:00.349,11:20:00.349,0:29.074,0:29.363,0:26.774,234.7,Valentin Hasse Clot,,GTDPRO,,Car Blanche,Aston Martin,GF,
68,1,19,1:25.539,0,,29.189,0,29.607,0,26.743,0,165.2,36:25.888,11:21:25.888,0:29.189,0:29.607,0:26.743,236.0,Valentin Hasse Clot,,GTDPRO,,Car Blanche,Aston Martin,GF,
68,1,20,1:24.799,0,,29.003,0,29.203,0,26.593,0,166.6,37:50.687,11:22:50.687,0:29.003,0:29.203,0:26.593,238.1,Valentin Hasse Clot,,GTDPRO,,Car Blanche,Aston Martin,GF,
68,1,21,1:24.881,0,,29.031,0,29.252,0,26.598,0,166.5,39:15.568,11:24:15.568,0:29.031,0:29.252,0:26.598,238.1,Valentin Hasse Clot,,GTDPRO,,Car Blanche,Aston Martin,GF,
68,1,22,1:24.688,0,,28.915,1,29.116,0,26.657,0,166.9,40:40.256,11:25:40.256,0:28.915,0:29.116,0:26.657,239.0,Valentin Hasse Clot,,GTDPRO,,Car Blanche,Aston Martin,GF,
68,1,23,6:38.673,0,B,29.090,0,30.092,0,5:39.491,0,35.4,47:18.929,11:32:18.929,0:29.090,0:30.092,5:39.491,236.0,Valentin Hasse Clot,,GTDPRO,,Car Blanche,Aston Martin,GF,
68,1,24,1:47.286,0,,50.154,0,30.416,0,26.716,0,131.7,49:06.215,11:34:06.215,0:50.154,0:30.416,0:26.716,220.2,Valentin Hasse Clot,0:05:44.656,GTDPRO,,Car Blanche,Aston Martin,GF,
68,1,25,1:25.216,0,,29.191,0,29.074,1,26.951,0,165.8,50:31.431,11:35:31.431,0:29.191,0:29.074,0:26.951,239.4,Valentin Hasse Clot,,GTDPRO,,Car Blanche,Aston Martin,GF,
68,1,26,1:25.020,0,,29.083,0,29.280,0,26.657,0,166.2,51:56.451,11:36:56.451,0:29.083,0:29.280,0:26.657,241.2,Valentin Hasse Clot,,GTDPRO,,Car Blanche,Aston Martin,GF,
68,1,27,1:24.920,0,,29.180,0,29.175,0,26.565,1,166.4,53:21.371,11:38:21.371,0:29.180,0:29.175,0:26.565,242.9,Valentin Hasse Clot,,GTDPRO,,Car Blanche,Aston Martin,GF,
68,1,28,1:25.376,0,,29.505,0,29.179,0,26.692,0,165.5,54:46.747,11:39:46.747,0:29.505,0:29.179,0:26.692,240.7,Valentin Hasse Clot,,GTDPRO,,Car Blanche,Aston Martin,GF,
68,1,29,1:28.002,0,,30.021,0,31.245,0,26.736,0,160.6,56:14.749,11:41:14.749,0:30.021,0:31.245,0:26.736,209.7,Valentin Hasse Clot,,GTDPRO,,Car Blanche,Aston Martin,GF,
68,1,30,1:25.013,0,,29.169,0,29.234,0,26.610,0,166.2,57:39.762,11:42:39.762,0:29.169,0:29.234,0:26.610,236.4,Valentin Hasse Clot,,GTDPRO,,Car Blanche,Aston Martin,GF,
68,1,31,1:25.183,0,,29.236,0,29.173,0,26.774,0,165.9,59:04.945,11:44:04.945,0:29.236,0:29.173,0:26.774,236.0,Valentin Hasse Clot,,GTDPRO,,Car Blanche,Aston Martin,GF,
68,1,32,1:25.505,0,,29.107,0,29.428,0,26.970,0,165.3,1:00:30.450,11:45:30.450,0:29.107,0:29.428,0:26.970,235.1,Valentin Hasse Clot,,GTDPRO,,Car Blanche,Aston Martin,GF,
68,1,33,5:28.725,0,B,29.330,0,31.265,0,4:28.130,0,43.0,1:05:59.175,11:50:59.175,0:29.330,0:31.265,4:28.130,210.7,Valentin Hasse Clot,,GTDPRO,,Car Blanche,Aston Martin,GF,
68,2,34,1:47.708,0,,50.437,0,30.049,0,27.222,0,131.2,1:07:46.883,11:52:46.883,0:50.437,0:30.049,0:27.222,223.9,Marco Sorensen,0:04:28.674,GTDPRO,,Car Blanche,Aston Martin,GF,
68,2,35,1:26.340,0,,29.674,0,29.711,0,26.955,0,163.7,1:09:13.223,11:54:13.223,0:29.674,0:29.711,0:26.955,238.1,Marco Sorensen,,GTDPRO,,Car Blanche,Aston Martin,GF,
68,2,36,1:26.186,0,,29.298,0,29.919,0,26.969,0,164.0,1:10:39.409,11:55:39.409,0:29.298,0:29.919,0:26.969,239.0,Marco Sorensen,,GTDPRO,,Car Blanche,Aston Martin,GF,
68,2,37,1:26.620,0,,29.756,0,29.364,0,27.500,0,163.1,1:12:06.029,11:57:06.029,0:29.756,0:29.364,0:27.500,238.5,Marco Sorensen,,GTDPRO,,Car Blanche,Aston Martin,GF,
68,2,38,1:25.075,0,,29.266,0,29.205,0,26.604,0,166.1,1:13:31.104,11:58:31.104,0:29.266,0:29.205,0:26.604,241.2,Marco Sorensen,,GTDPRO,,Car Blanche,Aston Martin,GF,
68,2,39,1:25.615,0,,29.420,0,29.282,0,26.913,0,165.0,1:14:56.719,11:59:56.719,0:29.420,0:29.282,0:26.913,237.2,Marco Sorensen,,GTDPRO,,Car Blanche,Aston Martin,GF,
68,2,40,1:26.617,0,,29.236,0,29.343,0,28.038,0,163.1,1:16:23.336,12:01:23.336,0:29.236,0:29.343,0:28.038,241.2,Marco Sorensen,,GTDPRO,,Car Blanche,Aston Martin,GF,
68,2,41,2:21.896,0,B,29.103,0,29.261,0,1:23.532,0,99.6,1:18:45.232,12:03:45.232,0:29.103,0:29.261,1:23.532,241.2,Marco Sorensen,,GTDPRO,,Car Blanche,Aston Martin,GF,
68,1,42,1:47.996,0,,50.955,0,29.964,0,27.077,0,130.8,1:20:33.228,12:05:33.228,0:50.955,0:29.964,0:27.077,240.3,Valentin Hasse Clot,0:01:28.167,GTDPRO,,Car Blanche,Aston Martin,GF,
68,1,43,1:25.529,0,,29.356,0,29.504,0,26.669,0,165.2,1:21:58.757,12:06:58.757,0:29.356,0:29.504,0:26.669,240.7,Valentin Hasse Clot,,GTDPRO,,Car Blanche,Aston Martin,GF,
68,1,44,1:25.129,0,,29.186,0,29.249,0,26.694,0,166.0,1:23:23.886,12:08:23.886,0:29.186,0:29.249,0:26.694,240.7,Valentin Hasse Clot,,GTDPRO,,Car Blanche,Aston Martin,GF,
68,1,45,1:25.300,0,,29.287,0,29.427,0,26.586,0,165.7,1:24:49.186,12:09:49.186,0:29.287,0:29.427,0:26.586,241.2,Valentin Hasse Clot,,GTDPRO,,Car Blanche,Aston Martin,GF,
68,1,46,1:25.727,0,,29.365,0,29.343,0,27.019,0,164.8,1:26:14.913,12:11:14.913,0:29.365,0:29.343,0:27.019,236.8,Valentin Hasse Clot,,GTDPRO,,Car Blanche,Aston Martin,GF,
68,1,47,1:25.675,0,,29.482,0,29.358,0,26.835,0,164.9,1:27:40.588,12:12:40.588,0:29.482,0:29.358,0:26.835,239.0,Valentin Hasse Clot,,GTDPRO,,Car Blanche,Aston Martin,GF,
68,1,48,1:25.134,0,,29.120,0,29.401,0,26.613,0,166.0,1:29:05.722,12:14:05.722,0:29.120,0:29.401,0:26.613,238.1,Valentin Hasse Clot,,GTDPRO,,Car Blanche,Aston Martin,GF,
7,2,1,2:09.054,0,,1:08.060,0,33.096,0,27.898,0,109.5,2:09.054,10:47:09.054,1:08.060,0:33.096,0:27.898,168.2,Julien Andlauer,0:00:37.273,GTP,,Porsche Penske Motorsport,Porsche,GF,
7,2,2,1:25.305,0,,30.599,0,29.183,0,25.523,0,165.6,3:34.359,10:48:34.359,0:30.599,0:29.183,0:25.523,212.7,Julien Andlauer,,GTP,,Porsche Penske Motorsport,Porsche,GF,
7,2,3,1:20.109,0,,27.357,0,27.323,0,25.429,0,176.4,4:54.468,10:49:54.468,0:27.357,0:27.323,0:25.429,273.7,Julien Andlauer,,GTP,,Porsche Penske Motorsport,Porsche,GF,
7,2,4,1:18.425,0,,26.263,0,27.641,0,24.521,0,180.2,6:12.893,10:51:12.893,0:26.263,0:27.641,0:24.521,280.8,Julien Andlauer,,GTP,,Porsche Penske Motorsport,Porsche,GF,
7,2,5,1:17.033,0,,26.264,0,26.493,0,24.276,0,183.4,7:29.926,10:52:29.926,0:26.264,0:26.493,0:24.276,282.6,Julien Andlauer,,GTP,,Porsche Penske Motorsport,Porsche,GF,
7,2,6,1:19.700,0,,26.570,0,26.535,0,26.595,0,177.3,8:49.626,10:53:49.626,0:26.570,0:26.535,0:26.595,285.6,Julien Andlauer,,GTP,,Porsche Penske Motorsport,Porsche,GF,
7,2,7,1:45.054,0,B,26.366,0,27.424,0,51.264,0,134.5,10:34.680,10:55:34.680,0:26.366,0:27.424,0:51.264,288.8,Julien Andlauer,,GTP,,Porsche Penske Motorsport,Porsche,RF,
7,2,8,4:48.265,0,,3:57.118,0,27.009,0,24.138,0,49.0,15:22.945,11:00:22.945,3:57.118,0:27.009,0:24.138,255.7,Julien Andlauer,0:04:00.462,GTP,,Porsche Penske Motorsport,Porsche,GF,
7,2,9,1:15.773,2,,26.169,0,26.063,0,23.541,2,186.5,16:38.718,11:01:38.718,0:26.169,0:26.063,0:23.541,283.8,Julien Andlauer,,GTP,,Porsche Penske Motorsport,Porsche,GF,
7,2,10,1:18.631,0,,26.220,0,27.122,0,25.289,0,179.7,17:57.349,11:02:57.349,0:26.220,0:27.122,0:25.289,277.8,Julien Andlauer,,GTP,,Porsche Penske Motorsport,Porsche,GF,
7,2,11,1:16.769,0,,26.215,0,26.269,0,24.285,0,184.1,19:14.118,11:04:14.118,0:26.215,0:26.269,0:24.285,286.9,Julien Andlauer,,GTP,,Porsche Penske Motorsport,Porsche,GF,
7,2,12,1:15.973,0,,26.037,0,26.042,2,23.894,0,186.0,20:30.091,11:05:30.091,0:26.037,0:26.042,0:23.894,287.5,Julien Andlauer,,GTP,,Porsche Penske Motorsport,Porsche,GF,
7,2,13,1:17.050,0,,25.909,2,26.259,0,24.882,0,183.4,21:47.141,11:06:47.141,0:25.909,0:26.259,0:24.882,288.8,Julien Andlauer,,GTP,,Porsche Penske Motorsport,Porsche,GF,
7,2,14,1:38.325,0,B,26.369,0,26.446,0,45.510,0,143.7,23:25.466,11:08:25.466,0:26.369,0:26.446,0:45.510,288.8,Julien Andlauer,,GTP,,Porsche Penske Motorsport,Porsche,GF,
7,2,15,10:03.220,0,,9:08.531,0,29.381,0,25.308,0,23.4,33:28.686,11:18:28.686,9:08.531,0:29.381,0:25.308,211.7,Julien Andlauer,0:09:08.822,GTP,,Porsche Penske Motorsport,Porsche,GF,
7,2,16,1:19.110,0,,27.612,0,26.862,0,24.636,0,178.6,34:47.796,11:19:47.796,0:27.612,0:26.862,0:24.636,277.8,Julien Andlauer,,GTP,,Porsche Penske Motorsport,Porsche,GF,
7,2,17,1:17.430,0,,26.422,0,26.795,0,24.213,0,182.5,36:05.226,11:21:05.226,0:26.422,0:26.795,0:24.213,280.8,Julien Andlauer,,GTP,,Porsche Penske Motorsport,Porsche,GF,
7,2,18,1:17.783,0,,26.814,0,26.832,0,24.137,0,181.7,37:23.009,11:22:23.009,0:26.814,0:26.832,0:24.137,278.4,Julien Andlauer,,GTP,,Porsche Penske Motorsport,Porsche,GF,
7,2,19,1:18.041,0,,26.891,0,26.571,0,24.579,0,181.1,38:41.050,11:23:41.050,0:26.891,0:26.571,0:24.579,281.4,Julien Andlauer,,GTP,,Porsche Penske Motorsport,Porsche,GF,
7,2,20,1:16.623,0,,26.274,0,26.343,0,24.006,0,184.4,39:57.673,11:24:57.673,0:26.274,0:26.343,0:24.006,284.4,Julien Andlauer,,GTP,,Porsche Penske Motorsport,Porsche,GF,
7,2,21,1:18.521,0,,27.252,0,27.179,0,24.090,0,180.0,41:16.194,11:26:16.194,0:27.252,0:27.179,0:24.090,278.4,Julien Andlauer,,GTP,,Porsche Penske Motorsport,Porsche,GF,
7,2,22,1:18.003,0,,27.206,0,26.672,0,24.125,0,181.2,42:34.197,11:27:34.197,0:27.206,0:26.672,0:24.125,283.2,Julien Andlauer,,GTP,,Porsche Penske Motorsport,Porsche,GF,
7,2,23,1:17.065,0,,26.257,0,26.387,0,24.421,0,183.4,43:51.262,11:28:51.262,0:26.257,0:26.387,0:24.421,283.8,Julien Andlauer,,GTP,,Porsche Penske Motorsport,Porsche,GF,
7,2,24,1:17.382,0,,26.231,0,26.599,0,24.552,0,182.6,45:08.644,11:30:08.644,0:26.231,0:26.599,0:24.552,282.6,Julien Andlauer,,GTP,,Porsche Penske Motorsport,Porsche,GF,
7,2,25,1:17.651,0,,26.823,0,26.815,0,24.013,0,182.0,46:26.295,11:31:26.295,0:26.823,0:26.815,0:24.013,277.8,Julien Andlauer,,GTP,,Porsche Penske Motorsport,Porsche,GF,
7,2,26,1:16.883,0,,26.278,0,26.545,0,24.060,0,183.8,47:43.178,11:32:43.178,0:26.278,0:26.545,0:24.060,282.0,Julien Andlauer,,GTP,,Porsche Penske Motorsport,Porsche,GF,
7,2,27,1:19.475,0,,26.907,0,27.647,0,24.921,0,177.8,49:02.653,11:34:02.653,0:26.907,0:27.647,0:24.921,268.2,Julien Andlauer,,GTP,,Porsche Penske Motorsport,Porsche,GF,
7,2,28,1:16.727,0,,26.336,0,26.415,0,23.976,0,184.2,50:19.380,11:35:19.380,0:26.336,0:26.415,0:23.976,283.8,Julien Andlauer,,GTP,,Porsche Penske Motorsport,Porsche,GF,
7,2,29,1:17.845,0,,26.731,0,26.784,0,24.330,0,181.5,51:37.225,11:36:37.225,0:26.731,0:26.784,0:24.330,278.4,Julien Andlauer,,GTP,,Porsche Penske Motorsport,Porsche,GF,
7,2,30,1:16.852,0,,26.316,0,26.456,0,24.080,0,183.9,52:54.077,11:37:54.077,0:26.316,0:26.456,0:24.080,279.6,Julien Andlauer,,GTP,,Porsche Penske Motorsport,Porsche,GF,
7,2,31,1:16.968,0,,26.300,0,26.625,0,24.043,0,183.6,54:11.045,11:39:11.045,0:26.300,0:26.625,0:24.043,280.8,Julien Andlauer,,GTP,,Porsche Penske Motorsport,Porsche,GF,
7,2,32,1:16.644,0,,26.289,0,26.288,0,24.067,0,184.4,55:27.689,11:40:27.689,0:26.289,0:26.288,0:24.067,280.8,Julien Andlauer,,GTP,,Porsche Penske Motorsport,Porsche,GF,
7,2,33,1:38.093,0,B,26.752,0,26.441,0,44.900,0,144.1,57:05.782,11:42:05.782,0:26.752,0:26.441,0:44.900,280.8,Julien Andlauer,,GTP,,Porsche Penske Motorsport,Porsche,GF,
7,1,34,2:36.472,0,,1:43.032,0,28.428,0,25.012,0,90.3,59:42.254,11:44:42.254,1:43.032,0:28.428,0:25.012,239.4,Felipe Nasr,0:01:44.889,GTP,,Porsche Penske Motorsport,Porsche,GF,
7,1,35,1:18.828,0,,27.136,0,27.412,0,24.280,0,179.3,1:01:01.082,11:46:01.082,0:27.136,0:27.412,0:24.280,262.3,Felipe Nasr,,GTP,,Porsche Penske Motorsport,Porsche,GF,
7,1,36,1:18.336,0,,27.032,0,26.970,0,24.334,0,180.4,1:02:19.418,11:47:19.418,0:27.032,0:26.970,0:24.334,274.9,Felipe Nasr,,GTP,,Porsche Penske Motorsport,Porsche,GF,
7,1,37,1:17.163,0,,26.413,0,26.665,0,24.085,0,183.1,1:03:36.581,11:48:36.581,0:26.413,0:26.665,0:24.085,281.4,Felipe Nasr,,GTP,,Porsche Penske Motorsport,Porsche,GF,
7,1,38,1:17.770,0,,26.700,0,26.939,0,24.131,0,181.7,1:04:54.351,11:49:54.351,0:26.700,0:26.939,0:24.131,274.9,Felipe Nasr,,GTP,,Porsche Penske Motorsport,Porsche,GF,
7,1,39,1:17.479,0,,26.710,0,26.624,0,24.145,0,182.4,1:06:11.830,11:51:11.830,0:26.710,0:26.624,0:24.145,277.2,Felipe Nasr,,GTP,,Porsche Penske Motorsport,Porsche,GF,
7,1,40,1:17.426,0,,26.603,0,26.748,0,24.075,0,182.5,1:07:29.256,11:52:29.256,0:26.603,0:26.748,0:24.075,274.3,Felipe Nasr,,GTP,,Porsche Penske Motorsport,Porsche,GF,
7,1,41,1:16.834,0,,26.430,0,26.469,0,23.935,1,183.9,1:08:46.090,11:53:46.090,0:26.430,0:26.469,0:23.935,280.8,Felipe Nasr,,GTP,,Porsche Penske Motorsport,Porsche,GF,
7,1,42,1:17.443,0,,26.746,0,26.609,0,24.088,0,182.5,1:10:03.533,11:55:03.533,0:26.746,0:26.609,0:24.088,279.0,Felipe Nasr,,GTP,,Porsche Penske Motorsport,Porsche,GF,
7,1,43,1:17.294,0,,26.441,0,26.611,0,24.242,0,182.8,1:11:20.827,11:56:20.827,0:26.441,0:26.611,0:24.242,279.6,Felipe Nasr,,GTP,,Porsche Penske Motorsport,Porsche,GF,
7,1,44,1:18.899,0,,27.013,0,27.677,0,24.209,0,179.1,1:12:39.726,11:57:39.726,0:27.013,0:27.677,0:24.209,249.4,Felipe Nasr,,GTP,,Porsche Penske Motorsport,Porsche,GF,
7,1,45,1:16.998,0,,26.409,0,26.524,0,24.065,0,183.5,1:13:56.724,11:58:56.724,0:26.409,0:26.524,0:24.065,282.6,Felipe Nasr,,GTP,,Porsche Penske Motorsport,Porsche,GF,
7,1,46,1:17.318,0,,26.488,0,26.744,0,24.086,0,182.8,1:15:14.042,12:00:14.042,0:26.488,0:26.744,0:24.086,282.6,Felipe Nasr,,GTP,,Porsche Penske Motorsport,Porsche,GF,
7,1,47,1:18.100,0,,26.870,0,27.063,0,24.167,0,180.9,1:16:32.142,12:01:32.142,0:26.870,0:27.063,0:24.167,274.3,Felipe Nasr,,GTP,,Porsche Penske Motorsport,Porsche,GF,
7,1,48,1:18.052,0,,26.844,0,27.052,0,24.156,0,181.0,1:17:50.194,12:02:50.194,0:26.844,0:27.052,0:24.156,269.3,Felipe Nasr,,GTP,,Porsche Penske Motorsport,Porsche,GF,
7,1,49,1:18.455,0,,26.917,0,27.419,0,24.119,0,180.1,1:19:08.649,12:04:08.649,0:26.917,0:27.419,0:24.119,279.0,Felipe Nasr,,GTP,,Porsche Penske Motorsport,Porsche,GF,
7,1,50,1:18.539,0,,26.826,0,27.078,0,24.635,0,179.9,1:20:27.188,12:05:27.188,0:26.826,0:27.078,0:24.635,278.4,Felipe Nasr,,GTP,,Porsche Penske Motorsport,Porsche,GF,
7,1,51,1:21.447,0,,26.732,0,26.740,0,27.975,0,173.5,1:21:48.635,12:06:48.635,0:26.732,0:26.740,0:27.975,284.4,Felipe Nasr,,GTP,,Porsche Penske Motorsport,Porsche,GF,
7,1,52,1:17.158,0,,26.349,1,26.599,0,24.210,0,183.1,1:23:05.793,12:08:05.793,0:26.349,0:26.599,0:24.210,286.2,Felipe Nasr,,GTP,,Porsche Penske Motorsport,Porsche,GF,
7,1,53,1:18.557,0,,27.493,0,26.934,0,24.130,0,179.9,1:24:24.350,12:09:24.350,0:27.493,0:26.934,0:24.130,277.8,Felipe Nasr,,GTP,,Porsche Penske Motorsport,Porsche,GF,
7,1,54,1:16.738,0,,26.352,0,26.387,1,23.999,0,184.1,1:25:41.088,12:10:41.088,0:26.352,0:26.387,0:23.999,281.4,Felipe Nasr,,GTP,,Porsche Penske Motorsport,Porsche,GF,
7,1,55,1:19.021,0,,27.361,0,26.962,0,24.698,0,178.8,1:27:00.109,12:12:00.109,0:27.361,0:26.962,0:24.698,277.2,Felipe Nasr,,GTP,,Porsche Penske Motorsport,Porsche,GF,
7,1,56,1:17.424,0,,26.540,0,26.394,0,24.490,0,182.5,1:28:17.533,12:13:17.533,0:26.540,0:26.394,0:24.490,285.0,Felipe Nasr,,GTP,,Porsche Penske Motorsport,Porsche,GF,
7,1,57,1:19.011,0,,26.663,0,27.476,0,24.872,0,178.8,1:29:36.544,12:14:36.544,0:26.663,0:27.476,0:24.872,272.1,Felipe Nasr,,GTP,,Porsche Penske Motorsport,Porsche,GF,
7,1,58,1:40.742,0,B,27.332,0,27.400,0,46.010,0,140.3,1:31:17.286,12:16:17.286,0:27.332,0:27.400,0:46.010,280.2,Felipe Nasr,,GTP,,Porsche Penske Motorsport,Porsche,FF,
70,2,1,3:16.964,0,B,1:33.290,0,33.361,0,1:10.313,0,71.7,3:16.964,10:48:16.964,1:33.290,0:33.361,1:10.313,187.0,Frederik Schandorff,0:01:04.518,GTD,B,Inception Racing,Ferrari,GF,
70,2,2,1:48.527,0,,50.924,0,30.596,0,27.007,0,130.2,5:05.491,10:50:05.491,0:50.924,0:30.596,0:27.007,234.3,Frederik Schandorff,0:01:13.305,GTD,B,Inception Racing,Ferrari,GF,
70,2,3,1:25.840,0,,29.565,0,29.546,0,26.729,0,164.6,6:31.331,10:51:31.331,0:29.565,0:29.546,0:26.729,236.8,Frederik Schandorff,,GTD,B,Inception Racing,Ferrari,GF,
70,2,4,1:24.263,2,,28.900,2,28.887,2,26.476,2,167.7,7:55.594,10:52:55.594,0:28.900,0:28.887,0:26.476,243.4,Frederik Schandorff,,GTD,B,Inception Racing,Ferrari,GF,
70,2,5,1:24.521,0,,28.926,0,29.041,0,26.554,0,167.2,9:20.115,10:54:20.115,0:28.926,0:29.041,0:26.554,242.9,Frederik Schandorff,,GTD,B,Inception Racing,Ferrari,GF,
70,2,6,4:32.582,0,B,29.595,0,29.774,0,3:33.213,0,51.8,13:52.697,10:58:52.697,0:29.595,0:29.774,3:33.213,242.9,Frederik Schandorff,,GTD,B,Inception Racing,Ferrari,GF,
70,1,7,1:54.720,0,,53.270,0,32.689,0,28.761,0,123.2,15:47.417,11:00:47.417,0:53.270,0:32.689,0:28.761,211.0,Brendan Iribe,0:03:37.896,GTD,B,Inception Racing,Ferrari,GF,
70,1,8,1:28.172,0,,30.234,0,30.867,0,27.071,0,160.3,17:15.589,11:02:15.589,0:30.234,0:30.867,0:27.071,217.6,Brendan Iribe,,GTD,B,Inception Racing,Ferrari,GF,
70,1,9,1:25.299,0,,29.373,0,29.177,0,26.749,0,165.7,18:40.888,11:03:40.888,0:29.373,0:29.177,0:26.749,241.6,Brendan Iribe,,GTD,B,Inception Racing,Ferrari,GF,
70,1,10,1:25.358,0,,29.254,0,29.295,0,26.809,0,165.5,20:06.246,11:05:06.246,0:29.254,0:29.295,0:26.809,241.2,Brendan Iribe,,GTD,B,Inception Racing,Ferrari,GF,
70,1,11,1:24.981,0,,29.057,0,29.191,0,26.733,0,166.3,21:31.227,11:06:31.227,0:29.057,0:29.191,0:26.733,242.0,Brendan Iribe,,GTD,B,Inception Racing,Ferrari,GF,
70,1,12,1:26.202,0,,29.105,0,30.231,0,26.866,0,163.9,22:57.429,11:07:57.429,0:29.105,0:30.231,0:26.866,241.6,Brendan Iribe,,GTD,B,Inception Racing,Ferrari,GF,
70,1,13,1:25.380,0,,29.174,0,29.090,1,27.116,0,165.5,24:22.809,11:09:22.809,0:29.174,0:29.090,0:27.116,241.6,Brendan Iribe,,GTD,B,Inception Racing,Ferrari,GF,
70,1,14,1:26.143,0,,29.204,0,29.797,0,27.142,0,164.0,25:48.952,11:10:48.952,0:29.204,0:29.797,0:27.142,242.9,Brendan Iribe,,GTD,B,Inception Racing,Ferrari,GF,
70,1,15,1:25.328,0,,28.918,1,29.125,0,27.285,0,165.6,27:14.280,11:12:14.280,0:28.918,0:29.125,0:27.285,242.5,Brendan Iribe,,GTD,B,Inception Racing,Ferrari,GF,
70,1,16,1:25.718,0,,29.531,0,29.366,0,26.821,0,164.9,28:39.998,11:13:39.998,0:29.531,0:29.366,0:26.821,240.7,Brendan Iribe,,GTD,B,Inception Racing,Ferrari,GF,
70,1,17,1:24.875,0,,29.053,0,29.157,0,26.665,1,166.5,30:04.873,11:15:04.873,0:29.053,0:29.157,0:26.665,241.2,Brendan Iribe,,GTD,B,Inception Racing,Ferrari,GF,
70,1,18,2:24.912,0,B,29.032,0,29.100,0,1:26.780,0,97.5,32:29.785,11:17:29.785,0:29.032,0:29.100,1:26.780,241.2,Brendan Iribe,,GTD,B,Inception Racing,Ferrari,GF,
70,2,19,1:45.790,0,,48.900,0,29.893,0,26.997,0,133.6,34:15.575,11:19:15.575,0:48.900,0:29.893,0:26.997,239.8,Frederik Schandorff,0:01:32.441,GTD,B,Inception Racing,Ferrari,GF,
70,2,20,1:25.028,0,,29.052,0,29.180,0,26.796,0,166.2,35:40.603,11:20:40.603,0:29.052,0:29.180,0:26.796,239.8,Frederik Schandorff,,GTD,B,Inception Racing,Ferrari,GF,
70,2,21,1:25.191,0,,28.919,0,29.419,0,26.853,0,165.9,37:05.794,11:22:05.794,0:28.919,0:29.419,0:26.853,241.6,Frederik Schandorff,,GTD,B,Inception Racing,Ferrari,GF,
70,2,22,1:24.902,0,,29.039,0,29.144,0,26.719,0,166.4,38:30.696,11:23:30.696,0:29.039,0:29.144,0:26.719,241.2,Frederik Schandorff,,GTD,B,Inception Racing,Ferrari,GF,
70,2,23,1:24.891,0,,29.048,0,29.191,0,26.652,0,166.5,39:55.587,11:24:55.587,0:29.048,0:29.191,0:26.652,240.7,Frederik Schandorff,,GTD,B,Inception Racing,Ferrari,GF,
70,2,24,1:25.604,0,,29.213,0,29.540,0,26.851,0,165.1,41:21.191,11:26:21.191,0:29.213,0:29.540,0:26.851,242.0,Frederik Schandorff,,GTD,B,Inception Racing,Ferrari,GF,
70,2,25,1:24.959,0,,28.983,0,29.230,0,26.746,0,166.3,42:46.150,11:27:46.150,0:28.983,0:29.230,0:26.746,242.0,Frederik Schandorff,,GTD,B,Inception Racing,Ferrari,GF,
70,2,26,5:37.806,0,B,29.956,0,31.125,0,4:36.725,0,41.8,48:23.956,11:33:23.956,0:29.956,0:31.125,4:36.725,242.5,Frederik Schandorff,,GTD,B,Inception Racing,Ferrari,GF,
70,2,27,1:49.968,0,,52.810,0,30.091,0,27.067,0,128.5,50:13.924,11:35:13.924,0:52.810,0:30.091,0:27.067,237.7,Frederik Schandorff,0:04:37.237,GTD,B,Inception Racing,Ferrari,GF,
70,2,28,1:25.992,0,,29.741,0,29.418,0,26.833,0,164.3,51:39.916,11:36:39.916,0:29.741,0:29.418,0:26.833,240.7,Frederik Schandorff,,GTD,B,Inception Racing,Ferrari,GF,
70,2,29,1:25.133,0,,29.233,0,29.207,0,26.693,0,166.0,53:05.049,11:38:05.049,0:29.233,0:29.207,0:26.693,242.5,Frederik Schandorff,,GTD,B,Inception Racing,Ferrari,GF,
70,2,30,1:25.703,0,,29.409,0,29.527,0,26.767,0,164.9,54:30.752,11:39:30.752,0:29.409,0:29.527,0:26.767,242.5,Frederik Schandorff,,GTD,B,Inception Racing,Ferrari,GF,
70,2,31,5:32.152,0,B,29.024,0,29.220,0,4:33.908,0,42.5,1:00:02.904,11:45:02.904,0:29.024,0:29.220,4:33.908,243.4,Frederik Schandorff,,GTD,B,Inception Racing,Ferrari,GF,
70,2,32,1:45.358,0,,49.007,0,29.449,0,26.902,0,134.1,1:01:48.262,11:46:48.262,0:49.007,0:29.449,0:26.902,241.2,Frederik Schandorff,0:04:38.163,GTD,B,Inception Racing,Ferrari,GF,
70,2,33,1:25.537,0,,29.140,0,29.722,0,26.675,0,165.2,1:03:13.799,11:48:13.799,0:29.140,0:29.722,0:26.675,241.2,Frederik Schandorff,,GTD,B,Inception Racing,Ferrari,GF,
70,2,34,1:24.901,0,,29.187,0,29.138,0,26.576,0,166.4,1:04:38.700,11:49:38.700,0:29.187,0:29.138,0:26.576,241.6,Frederik Schandorff,,GTD,B,Inception Racing,Ferrari,GF,
70,2,35,1:25.091,0,,28.985,0,29.161,0,26.945,0,166.1,1:06:03.791,11:51:03.791,0:28.985,0:29.161,0:26.945,242.9,Frederik Schandorff,,GTD,B,Inception Racing,Ferrari,GF,
70,2,36,1:25.633,0,,29.314,0,29.442,0,26.877,0,165.0,1:07:29.424,11:52:29.424,0:29.314,0:29.442,0:26.877,239.8,Frederik Schandorff,,GTD,B,Inception Racing,Ferrari,GF,
70,2,37,1:25.242,0,,29.278,0,29.200,0,26.764,0,165.8,1:08:54.666,11:53:54.666,0:29.278,0:29.200,0:26.764,239.8,Frederik Schandorff,,GTD,B,Inception Racing,Ferrari,GF,
70,2,38,1:25.108,0,,29.153,0,29.218,0,26.737,0,166.0,1:10:19.774,11:55:19.774,0:29.153,0:29.218,0:26.737,240.7,Frederik Schandorff,,GTD,B,Inception Racing,Ferrari,GF,
70,2,39,1:25.904,0,,29.210,0,29.811,0,26.883,0,164.5,1:11:45.678,11:56:45.678,0:29.210,0:29.811,0:26.883,241.2,Frederik Schandorff,,GTD,B,Inception Racing,Ferrari,GF,
70,2,40,5:52.974,0,B,29.102,0,29.324,0,4:54.548,0,40.0,1:17:38.652,12:02:38.652,0:29.102,0:29.324,4:54.548,242.9,Frederik Schandorff,,GTD,B,Inception Racing,Ferrari,GF,
70,1,41,1:48.957,0,,50.887,0,30.346,0,27.724,0,129.7,1:19:27.609,12:04:27.609,0:50.887,0:30.346,0:27.724,242.0,Brendan Iribe,0:04:58.764,GTD,B,Inception Racing,Ferrari,GF,
70,1,42,1:27.056,0,,29.730,0,30.249,0,27.077,0,162.3,1:20:54.665,12:05:54.665,0:29.730,0:30.249,0:27.077,241.6,Brendan Iribe,,GTD,B,Inception Racing,Ferrari,GF,
70,1,43,1:27.474,0,,30.368,0,29.852,0,27.254,0,161.5,1:22:22.139,12:07:22.139,0:30.368,0:29.852,0:27.254,242.5,Brendan Iribe,,GTD,B,Inception Racing,Ferrari,GF,
70,1,44,1:26.958,0,,29.719,0,30.084,0,27.155,0,162.5,1:23:49.097,12:08:49.097,0:29.719,0:30.084,0:27.155,242.5,Brendan Iribe,,GTD,B,Inception Racing,Ferrari,GF,
70,1,45,1:27.028,0,,29.942,0,30.006,0,27.080,0,162.4,1:25:16.125,12:10:16.125,0:29.942,0:30.006,0:27.080,242.0,Brendan Iribe,,GTD,B,Inception Racing,Ferrari,GF,
70,1,46,1:26.472,0,,29.694,0,29.675,0,27.103,0,163.4,1:26:42.597,12:11:42.597,0:29.694,0:29.675,0:27.103,240.3,Brendan Iribe,,GTD,B,Inception Racing,Ferrari,GF,
70,1,47,1:28.380,0,,29.492,0,30.756,0,28.132,0,159.9,1:28:10.977,12:13:10.977,0:29.492,0:30.756,0:28.132,240.7,Brendan Iribe,,GTD,B,Inception Racing,Ferrari,GF,
70,1,48,1:26.236,0,,29.537,0,29.705,0,26.994,0,163.9,1:29:37.213,12:14:37.213,0:29.537,0:29.705,0:26.994,242.9,Brendan Iribe,,GTD,B,Inception Racing,Ferrari,GF,
73,2,1,1:41.871,0,,39.513,0,34.024,0,28.334,0,138.7,1:41.871,10:46:41.871,0:39.513,0:34.024,0:28.334,200.4,Christopher Cumming,0:00:08.948,LMP2,,Pratt Miller Motorsports,Gibson,GF,
73,2,2,1:27.839,0,,30.976,0,30.535,0,26.328,0,160.9,3:09.710,10:48:09.710,0:30.976,0:30.535,0:26.328,248.9,Christopher Cumming,,LMP2,,Pratt Miller Motorsports,Gibson,GF,
73,2,3,1:23.035,0,,29.011,0,28.402,0,25.622,0,170.2,4:32.745,10:49:32.745,0:29.011,0:28.402,0:25.622,253.2,Christopher Cumming,,LMP2,,Pratt Miller Motorsports,Gibson,GF,
73,2,4,1:20.901,0,,28.019,0,27.976,0,24.906,1,174.7,5:53.646,10:50:53.646,0:28.019,0:27.976,0:24.906,253.7,Christopher Cumming,,LMP2,,Pratt Miller Motorsports,Gibson,GF,
73,2,5,1:21.092,0,,27.132,1,28.471,0,25.489,0,174.3,7:14.738,10:52:14.738,0:27.132,0:28.471,0:25.489,255.7,Christopher Cumming,,LMP2,,Pratt Miller Motorsports,Gibson,GF,
73,2,6,1:21.720,0,,28.701,0,27.854,0,25.165,0,172.9,8:36.458,10:53:36.458,0:28.701,0:27.854,0:25.165,255.7,Christopher Cumming,,LMP2,,Pratt Miller Motorsports,Gibson,GF,
73,2,7,9:45.757,0,B,27.476,0,27.977,0,8:50.304,0,24.1,18:22.215,11:03:22.215,0:27.476,0:27.977,8:50.304,257.7,Christopher Cumming,,LMP2,,Pratt Miller Motorsports,Gibson,GF,
73,2,8,1:48.924,0,,53.868,0,29.201,0,25.855,0,129.7,20:11.139,11:05:11.139,0:53.868,0:29.201,0:25.855,248.4,Christopher Cumming,0:08:53.264,LMP2,,Pratt Miller Motorsports,Gibson,GF,
73,2,9,1:21.692,0,,27.830,0,28.183,0,25.679,0,173.0,21:32.831,11:06:32.831,0:27.830,0:28.183,0:25.679,256.2,Christopher Cumming,,LMP2,,Pratt Miller Motorsports,Gibson,GF,
73,2,10,1:22.419,0,,28.337,0,28.412,0,25.670,0,171.4,22:55.250,11:07:55.250,0:28.337,0:28.412,0:25.670,257.2,Christopher Cumming,,LMP2,,Pratt Miller Motorsports,Gibson,GF,
73,2,11,1:23.741,0,,27.447,0,28.850,0,27.444,0,168.7,24:18.991,11:09:18.991,0:27.447,0:28.850,0:27.444,255.7,Christopher Cumming,,LMP2,,Pratt Miller Motorsports,Gibson,GF,
73,2,12,1:20.783,0,,27.545,0,27.938,0,25.300,0,174.9,25:39.774,11:10:39.774,0:27.545,0:27.938,0:25.300,254.2,Christopher Cumming,,LMP2,,Pratt Miller Motorsports,Gibson,GF,
73,2,13,1:20.619,0,,27.168,0,27.884,0,25.567,0,175.3,27:00.393,11:12:00.393,0:27.168,0:27.884,0:25.567,254.7,Christopher Cumming,,LMP2,,Pratt Miller Motorsports,Gibson,GF,
73,2,14,1:21.073,0,,27.433,0,28.203,0,25.437,0,174.3,28:21.466,11:13:21.466,0:27.433,0:28.203,0:25.437,254.2,Christopher Cumming,,LMP2,,Pratt Miller Motorsports,Gibson,GF,
73,2,15,1:21.070,0,,27.400,0,27.952,0,25.718,0,174.3,29:42.536,11:14:42.536,0:27.400,0:27.952,0:25.718,255.2,Christopher Cumming,,LMP2,,Pratt Miller Motorsports,Gibson,GF,
73,2,16,9:48.861,0,B,27.740,0,27.754,1,8:53.367,0,24.0,39:31.397,11:24:31.397,0:27.740,0:27.754,8:53.367,254.7,Christopher Cumming,,LMP2,,Pratt Miller Motorsports,Gibson,GF,
73,2,17,1:44.153,0,,49.858,0,29.004,0,25.291,0,135.7,41:15.550,11:26:15.550,0:49.858,0:29.004,0:25.291,244.3,Christopher Cumming,0:08:58.960,LMP2,,Pratt Miller Motorsports,Gibson,GF,
73,2,18,1:23.527,0,,28.877,0,28.244,0,26.406,0,169.2,42:39.077,11:27:39.077,0:28.877,0:28.244,0:26.406,253.7,Christopher Cumming,,LMP2,,Pratt Miller Motorsports,Gibson,GF,
73,2,19,1:20.890,0,,27.690,0,27.884,0,25.316,0,174.7,43:59.967,11:28:59.967,0:27.690,0:27.884,0:25.316,253.7,Christopher Cumming,,LMP2,,Pratt Miller Motorsports,Gibson,GF,
73,2,20,1:36.459,0,,42.689,0,28.553,0,25.217,0,146.5,45:36.426,11:30:36.426,0:42.689,0:28.553,0:25.217,248.4,Christopher Cumming,,LMP2,,Pratt Miller Motorsports,Gibson,GF,
73,2,21,1:21.796,0,,27.480,0,28.307,0,26.009,0,172.8,46:58.222,11:31:58.222,0:27.480,0:28.307,0:26.009,254.2,Christopher Cumming,,LMP2,,Pratt Miller Motorsports,Gibson,GF,
73,2,22,1:20.810,0,,27.572,0,28.048,0,25.190,0,174.9,48:19.032,11:33:19.032,0:27.572,0:28.048,0:25.190,253.7,Christopher Cumming,,LMP2,,Pratt Miller Motorsports,Gibson,GF,
73,2,23,6:32.763,0,B,28.674,0,28.815,0,5:35.274,0,36.0,54:51.795,11:39:51.795,0:28.674,0:28.815,5:35.274,247.5,Christopher Cumming,,LMP2,,Pratt Miller Motorsports,Gibson,GF,
73,1,24,1:41.127,0,,48.120,0,27.660,0,25.347,0,139.7,56:32.922,11:41:32.922,0:48.120,0:27.660,0:25.347,252.7,Pietro Fittipaldi,0:05:39.392,LMP2,,Pratt Miller Motorsports,Gibson,GF,
73,1,25,1:20.261,0,,28.053,0,27.375,0,24.833,0,176.1,57:53.183,11:42:53.183,0:28.053,0:27.375,0:24.833,254.2,Pietro Fittipaldi,,LMP2,,Pratt Miller Motorsports,Gibson,GF,
73,1,26,1:18.998,0,,26.850,0,26.948,0,25.200,0,178.9,59:12.181,11:44:12.181,0:26.850,0:26.948,0:25.200,256.7,Pietro Fittipaldi,,LMP2,,Pratt Miller Motorsports,Gibson,GF,
73,1,27,1:19.604,0,,27.160,0,27.331,0,25.113,0,177.5,1:00:31.785,11:45:31.785,0:27.160,0:27.331,0:25.113,257.7,Pietro Fittipaldi,,LMP2,,Pratt Miller Motorsports,Gibson,GF,
73,1,28,1:19.256,0,,27.102,0,27.295,0,24.859,0,178.3,1:01:51.041,11:46:51.041,0:27.102,0:27.295,0:24.859,258.2,Pietro Fittipaldi,,LMP2,,Pratt Miller Motorsports,Gibson,GF,
73,1,29,1:18.920,0,,26.923,0,27.315,0,24.682,0,179.1,1:03:09.961,11:48:09.961,0:26.923,0:27.315,0:24.682,258.7,Pietro Fittipaldi,,LMP2,,Pratt Miller Motorsports,Gibson,GF,
73,1,30,1:18.549,0,,26.763,0,26.748,0,25.038,0,179.9,1:04:28.510,11:49:28.510,0:26.763,0:26.748,0:25.038,259.2,Pietro Fittipaldi,,LMP2,,Pratt Miller Motorsports,Gibson,GF,
73,1,31,1:17.885,0,,26.707,0,26.637,2,24.541,0,181.4,1:05:46.395,11:50:46.395,0:26.707,0:26.637,0:24.541,258.2,Pietro Fittipaldi,,LMP2,,Pratt Miller Motorsports,Gibson,GF,
73,1,32,1:18.026,0,,26.719,0,26.637,0,24.670,0,181.1,1:07:04.421,11:52:04.421,0:26.719,0:26.637,0:24.670,258.2,Pietro Fittipaldi,,LMP2,,Pratt Miller Motorsports,Gibson,GF,
73,1,33,7:43.729,0,B,27.165,0,26.765,0,6:49.799,0,30.5,1:14:48.150,11:59:48.150,0:27.165,0:26.765,6:49.799,258.7,Pietro Fittipaldi,,LMP2,,Pratt Miller Motorsports,Gibson,GF,
73,1,34,1:39.842,0,,47.153,0,27.873,0,24.816,0,141.5,1:16:27.992,12:01:27.992,0:47.153,0:27.873,0:24.816,256.7,Pietro Fittipaldi,0:06:55.402,LMP2,,Pratt Miller Motorsports,Gibson,GF,
73,1,35,1:18.654,0,,26.758,0,26.880,0,25.016,0,179.7,1:17:46.646,12:02:46.646,0:26.758,0:26.880,0:25.016,258.2,Pietro Fittipaldi,,LMP2,,Pratt Miller Motorsports,Gibson,GF,
73,1,36,1:18.818,0,,27.437,0,26.820,0,24.561,0,179.3,1:19:05.464,12:04:05.464,0:27.437,0:26.820,0:24.561,259.2,Pietro Fittipaldi,,LMP2,,Pratt Miller Motorsports,Gibson,GF,
73,1,37,1:18.808,0,,27.031,0,27.135,0,24.642,0,179.3,1:20:24.272,12:05:24.272,0:27.031,0:27.135,0:24.642,256.2,Pietro Fittipaldi,,LMP2,,Pratt Miller Motorsports,Gibson,GF,
73,1,38,1:18.035,0,,26.664,0,26.849,0,24.522,2,181.1,1:21:42.307,12:06:42.307,0:26.664,0:26.849,0:24.522,258.7,Pietro Fittipaldi,,LMP2,,Pratt Miller Motorsports,Gibson,GF,
73,1,39,1:19.010,0,,26.787,0,27.560,0,24.663,0,178.8,1:23:01.317,12:08:01.317,0:26.787,0:27.560,0:24.663,257.2,Pietro Fittipaldi,,LMP2,,Pratt Miller Motorsports,Gibson,GF,
73,1,40,1:17.694,2,,26.505,2,26.644,0,24.545,0,181.9,1:24:19.011,12:09:19.011,0:26.505,0:26.644,0:24.545,259.2,Pietro Fittipaldi,,LMP2,,Pratt Miller Motorsports,Gibson,GF,
73,1,41,1:19.453,0,,26.958,0,26.985,0,25.510,0,177.8,1:25:38.464,12:10:38.464,0:26.958,0:26.985,0:25.510,257.7,Pietro Fittipaldi,,LMP2,,Pratt Miller Motorsports,Gibson,GF,
73,1,42,1:18.833,0,,27.114,0,27.039,0,24.680,0,179.2,1:26:57.297,12:11:57.297,0:27.114,0:27.039,0:24.680,255.7,Pietro Fittipaldi,,LMP2,,Pratt Miller Motorsports,Gibson,GF,
73,1,43,1:19.714,0,,26.683,0,26.907,0,26.124,0,177.3,1:28:17.011,12:13:17.011,0:26.683,0:26.907,0:26.124,260.2,Pietro Fittipaldi,,LMP2,,Pratt Miller Motorsports,Gibson,GF,
73,1,44,1:20.676,0,,27.686,0,27.593,0,25.397,0,175.2,1:29:37.687,12:14:37.687,0:27.686,0:27.593,0:25.397,258.7,Pietro Fittipaldi,,LMP2,,Pratt Miller Motorsports,Gibson,GF,
77,2,1,2:11.270,0,,1:10.164,0,32.727,0,28.379,0,107.6,2:11.270,10:47:11.270,1:10.164,0:32.727,0:28.379,215.9,Harry King,0:00:41.126,GTDPRO,,AO Racing,Porsche,GF,
77,2,2,1:26.082,0,,29.834,0,29.531,0,26.717,0,164.2,3:37.352,10:48:37.352,0:29.834,0:29.531,0:26.717,236.8,Harry King,,GTDPRO,,AO Racing,Porsche,GF,
77,2,3,1:25.168,0,,29.358,0,29.221,0,26.589,0,165.9,5:02.520,10:50:02.520,0:29.358,0:29.221,0:26.589,243.4,Harry King,,GTDPRO,,AO Racing,Porsche,GF,
77,2,4,1:24.603,0,,29.068,0,29.061,0,26.474,0,167.0,6:27.123,10:51:27.123,0:29.068,0:29.061,0:26.474,242.9,Harry King,,GTDPRO,,AO Racing,Porsche,GF,
77,2,5,1:24.375,0,,28.831,0,29.051,0,26.493,0,167.5,7:51.498,10:52:51.498,0:28.831,0:29.051,0:26.493,242.9,Harry King,,GTDPRO,,AO Racing,Porsche,GF,
77,2,6,1:24.137,2,,28.907,0,28.889,2,26.341,2,167.9,9:15.635,10:54:15.635,0:28.907,0:28.889,0:26.341,242.5,Harry King,,GTDPRO,,AO Racing,Porsche,GF,
77,2,7,1:47.183,0,B,30.167,0,30.716,0,46.300,0,131.8,11:02.818,10:56:02.818,0:30.167,0:30.716,0:46.300,225.9,Harry King,,GTDPRO,,AO Racing,Porsche,RF,
77,2,8,8:14.541,0,,7:14.355,0,30.999,0,29.187,0,28.6,19:17.359,11:04:17.359,7:14.355,0:30.999,0:29.187,235.1,Harry King,0:07:13.729,GTDPRO,,AO Racing,Porsche,GF,
77,2,9,1:25.727,0,,29.356,0,29.382,0,26.989,0,164.8,20:43.086,11:05:43.086,0:29.356,0:29.382,0:26.989,238.5,Harry King,,GTDPRO,,AO Racing,Porsche,GF,
77,2,10,1:24.661,0,,29.038,0,29.066,0,26.557,0,166.9,22:07.747,11:07:07.747,0:29.038,0:29.066,0:26.557,240.7,Harry King,,GTDPRO,,AO Racing,Porsche,GF,
77,2,11,1:24.177,0,,28.782,0,28.954,0,26.441,0,167.9,23:31.924,11:08:31.924,0:28.782,0:28.954,0:26.441,242.9,Harry King,,GTDPRO,,AO Racing,Porsche,GF,
77,2,12,1:24.220,0,,28.758,0,28.984,0,26.478,0,167.8,24:56.144,11:09:56.144,0:28.758,0:28.984,0:26.478,242.5,Harry King,,GTDPRO,,AO Racing,Porsche,GF,
77,2,13,1:24.323,0,,28.757,2,29.002,0,26.564,0,167.6,26:20.467,11:11:20.467,0:28.757,0:29.002,0:26.564,242.5,Harry King,,GTDPRO,,AO Racing,Porsche,GF,
77,2,14,1:24.290,0,,28.783,0,28.931,0,26.576,0,167.6,27:44.757,11:12:44.757,0:28.783,0:28.931,0:26.576,241.6,Harry King,,GTDPRO,,AO Racing,Porsche,GF,
77,2,15,1:24.609,0,,28.903,0,29.006,0,26.700,0,167.0,29:09.366,11:14:09.366,0:28.903,0:29.006,0:26.700,241.6,Harry King,,GTDPRO,,AO Racing,Porsche,GF,
77,2,16,1:24.482,0,,28.815,0,29.012,0,26.655,0,167.3,30:33.848,11:15:33.848,0:28.815,0:29.012,0:26.655,242.0,Harry King,,GTDPRO,,AO Racing,Porsche,GF,
77,2,17,1:24.997,0,,28.921,0,29.104,0,26.972,0,166.2,31:58.845,11:16:58.845,0:28.921,0:29.104,0:26.972,242.5,Harry King,,GTDPRO,,AO Racing,Porsche,GF,
77,2,18,1:25.114,0,,29.108,0,29.261,0,26.745,0,166.0,33:23.959,11:18:23.959,0:29.108,0:29.261,0:26.745,240.3,Harry King,,GTDPRO,,AO Racing,Porsche,GF,
77,2,19,1:24.919,0,,29.060,0,29.115,0,26.744,0,166.4,34:48.878,11:19:48.878,0:29.060,0:29.115,0:26.744,240.7,Harry King,,GTDPRO,,AO Racing,Porsche,GF,
77,2,20,1:25.377,0,,28.918,0,29.614,0,26.845,0,165.5,36:14.255,11:21:14.255,0:28.918,0:29.614,0:26.845,237.7,Harry King,,GTDPRO,,AO Racing,Porsche,GF,
77,2,21,1:26.887,0,,29.033,0,30.337,0,27.517,0,162.6,37:41.142,11:22:41.142,0:29.033,0:30.337,0:27.517,236.4,Harry King,,GTDPRO,,AO Racing,Porsche,GF,
77,2,22,1:45.064,0,B,28.894,0,29.271,0,46.899,0,134.5,39:26.206,11:24:26.206,0:28.894,0:29.271,0:46.899,234.3,Harry King,,GTDPRO,,AO Racing,Porsche,GF,
77,1,23,3:42.405,0,,2:45.591,0,29.822,0,26.992,0,63.5,43:08.611,11:28:08.611,2:45.591,0:29.822,0:26.992,237.7,Nicholas Tandy,0:02:47.515,GTDPRO,,AO Racing,Porsche,GF,
77,1,24,1:25.538,0,,29.332,0,29.348,0,26.858,0,165.2,44:34.149,11:29:34.149,0:29.332,0:29.348,0:26.858,241.2,Nicholas Tandy,,GTDPRO,,AO Racing,Porsche,GF,
77,1,25,1:25.904,0,,29.068,0,29.733,0,27.103,0,164.5,46:00.053,11:31:00.053,0:29.068,0:29.733,0:27.103,242.0,Nicholas Tandy,,GTDPRO,,AO Racing,Porsche,GF,
77,1,26,1:27.599,0,,30.233,0,29.989,0,27.377,0,161.3,47:27.652,11:32:27.652,0:30.233,0:29.989,0:27.377,225.1,Nicholas Tandy,,GTDPRO,,AO Racing,Porsche,GF,
77,1,27,1:25.293,0,,29.137,0,29.376,0,26.780,0,165.7,48:52.945,11:33:52.945,0:29.137,0:29.376,0:26.780,241.6,Nicholas Tandy,,GTDPRO,,AO Racing,Porsche,GF,
77,1,28,1:24.854,0,,28.996,0,29.213,0,26.645,1,166.5,50:17.799,11:35:17.799,0:28.996,0:29.213,0:26.645,241.6,Nicholas Tandy,,GTDPRO,,AO Racing,Porsche,GF,
77,1,29,1:26.112,0,,30.090,0,29.139,0,26.883,0,164.1,51:43.911,11:36:43.911,0:30.090,0:29.139,0:26.883,242.5,Nicholas Tandy,,GTDPRO,,AO Racing,Porsche,GF,
77,1,30,1:25.110,0,,29.012,0,29.222,0,26.876,0,166.0,53:09.021,11:38:09.021,0:29.012,0:29.222,0:26.876,242.9,Nicholas Tandy,,GTDPRO,,AO Racing,Porsche,GF,
77,1,31,1:25.024,0,,29.112,0,29.103,0,26.809,0,166.2,54:34.045,11:39:34.045,0:29.112,0:29.103,0:26.809,242.9,Nicholas Tandy,,GTDPRO,,AO Racing,Porsche,GF,
77,1,32,1:25.295,0,,29.314,0,29.181,0,26.800,0,165.7,55:59.340,11:40:59.340,0:29.314,0:29.181,0:26.800,243.8,Nicholas Tandy,,GTDPRO,,AO Racing,Porsche,GF,
77,1,33,1:25.121,0,,29.101,0,29.182,0,26.838,0,166.0,57:24.461,11:42:24.461,0:29.101,0:29.182,0:26.838,242.0,Nicholas Tandy,,GTDPRO,,AO Racing,Porsche,GF,
77,1,34,1:44.680,0,B,29.243,0,29.281,0,46.156,0,135.0,59:09.141,11:44:09.141,0:29.243,0:29.281,0:46.156,240.7,Nicholas Tandy,,GTDPRO,,AO Racing,Porsche,GF,
77,1,35,6:00.699,0,,5:03.762,0,29.500,0,27.437,0,39.2,1:05:09.840,11:50:09.840,5:03.762,0:29.500,0:27.437,242.5,Nicholas Tandy,0:05:04.281,GTDPRO,,AO Racing,Porsche,GF,
77,1,36,1:24.966,0,,29.184,0,29.080,0,26.702,0,166.3,1:06:34.806,11:51:34.806,0:29.184,0:29.080,0:26.702,241.6,Nicholas Tandy,,GTDPRO,,AO Racing,Porsche,GF,
77,1,37,1:25.517,0,,29.057,0,29.166,0,27.294,0,165.2,1:08:00.323,11:53:00.323,0:29.057,0:29.166,0:27.294,242.5,Nicholas Tandy,,GTDPRO,,AO Racing,Porsche,GF,
77,1,38,1:24.626,0,,28.939,1,29.036,0,26.651,0,167.0,1:09:24.949,11:54:24.949,0:28.939,0:29.036,0:26.651,242.9,Nicholas Tandy,,GTDPRO,,AO Racing,Porsche,GF,
77,1,39,1:25.559,0,,29.079,0,29.734,0,26.746,0,165.2,1:10:50.508,11:55:50.508,0:29.079,0:29.734,0:26.746,220.2,Nicholas Tandy,,GTDPRO,,AO Racing,Porsche,GF,
77,1,40,1:24.711,0,,29.032,0,28.996,1,26.683,0,166.8,1:12:15.219,11:57:15.219,0:29.032,0:28.996,0:26.683,242.5,Nicholas Tandy,,GTDPRO,,AO Racing,Porsche,GF,
77,1,41,1:25.150,0,,29.231,0,29.176,0,26.743,0,166.0,1:13:40.369,11:58:40.369,0:29.231,0:29.176,0:26.743,243.4,Nicholas Tandy,,GTDPRO,,AO Racing,Porsche,GF,
77,1,42,1:24.838,0,,29.097,0,29.032,0,26.709,0,166.6,1:15:05.207,12:00:05.207,0:29.097,0:29.032,0:26.709,242.9,Nicholas Tandy,,GTDPRO,,AO Racing,Porsche,GF,
77,1,43,1:25.349,0,,29.123,0,29.364,0,26.862,0,165.6,1:16:30.556,12:01:30.556,0:29.123,0:29.364,0:26.862,243.4,Nicholas Tandy,,GTDPRO,,AO Racing,Porsche,GF,
77,1,44,1:25.277,0,,29.193,0,29.154,0,26.930,0,165.7,1:17:55.833,12:02:55.833,0:29.193,0:29.154,0:26.930,245.2,Nicholas Tandy,,GTDPRO,,AO Racing,Porsche,GF,
77,1,45,1:25.231,0,,29.337,0,29.116,0,26.778,0,165.8,1:19:21.064,12:04:21.064,0:29.337,0:29.116,0:26.778,240.7,Nicholas Tandy,,GTDPRO,,AO Racing,Porsche,GF,
77,1,46,1:25.526,0,,29.345,0,29.348,0,26.833,0,165.2,1:20:46.590,12:05:46.590,0:29.345,0:29.348,0:26.833,244.7,Nicholas Tandy,,GTDPRO,,AO Racing,Porsche,GF,
77,1,47,1:25.139,0,,29.156,0,29.278,0,26.705,0,166.0,1:22:11.729,12:07:11.729,0:29.156,0:29.278,0:26.705,242.5,Nicholas Tandy,,GTDPRO,,AO Racing,Porsche,GF,
77,1,48,1:25.394,0,,29.255,0,29.188,0,26.951,0,165.5,1:23:37.123,12:08:37.123,0:29.255,0:29.188,0:26.951,243.8,Nicholas Tandy,,GTDPRO,,AO Racing,Porsche,GF,
77,1,49,1:44.391,0,B,29.045,0,29.321,0,46.025,0,135.4,1:25:21.514,12:10:21.514,0:29.045,0:29.321,0:46.025,243.8,Nicholas Tandy,,GTDPRO,,AO Racing,Porsche,GF,
77,1,50,2:38.200,0,,1:40.101,0,31.054,0,27.045,0,89.3,1:27:59.714,12:12:59.714,1:40.101,0:31.054,0:27.045,222.4,Nicholas Tandy,0:01:41.911,GTDPRO,,AO Racing,Porsche,GF,
77,1,51,1:45.293,0,B,29.460,0,29.784,0,46.049,0,134.2,1:29:45.007,12:14:45.007,0:29.460,0:29.784,0:46.049,242.9,Nicholas Tandy,,GTDPRO,,AO Racing,Porsche,GF,
8,1,1,2:32.813,0,,1:32.131,0,32.131,0,28.551,0,92.5,2:32.813,10:47:32.813,1:32.131,0:32.131,0:28.551,202.0,John Farano,0:01:02.421,LMP2,,Tower Motorsports,Gibson,GF,
8,1,2,1:25.708,0,,30.297,0,29.558,0,25.853,0,164.9,3:58.521,10:48:58.521,0:30.297,0:29.558,0:25.853,246.6,John Farano,,LMP2,,Tower Motorsports,Gibson,GF,
8,1,3,1:23.052,0,,28.579,0,28.650,0,25.823,0,170.1,5:21.573,10:50:21.573,0:28.579,0:28.650,0:25.823,254.2,John Farano,,LMP2,,Tower Motorsports,Gibson,GF,
8,1,4,1:21.263,0,,27.638,0,28.437,0,25.188,0,173.9,6:42.836,10:51:42.836,0:27.638,0:28.437,0:25.188,258.2,John Farano,,LMP2,,Tower Motorsports,Gibson,GF,
8,1,5,1:23.609,0,,28.330,0,29.805,0,25.474,0,169.0,8:06.445,10:53:06.445,0:28.330,0:29.805,0:25.474,257.2,John Farano,,LMP2,,Tower Motorsports,Gibson,GF,
8,1,6,1:20.831,0,,27.602,0,27.743,0,25.486,0,174.8,9:27.276,10:54:27.276,0:27.602,0:27.743,0:25.486,256.7,John Farano,,LMP2,,Tower Motorsports,Gibson,GF,
8,1,7,1:59.055,0,B,34.825,0,33.546,0,50.684,0,118.7,11:26.331,10:56:26.331,0:34.825,0:33.546,0:50.684,174.9,John Farano,,LMP2,,Tower Motorsports,Gibson,RF,
8,1,8,3:01.036,0,,2:03.927,0,30.053,0,27.056,0,78.1,14:27.367,10:59:27.367,2:03.927,0:30.053,0:27.056,225.1,John Farano,0:02:05.557,LMP2,,Tower Motorsports,Gibson,GF,
8,1,9,1:21.341,0,,27.883,0,27.993,0,25.465,0,173.7,15:48.708,11:00:48.708,0:27.883,0:27.993,0:25.465,256.7,John Farano,,LMP2,,Tower Motorsports,Gibson,GF,
8,1,10,1:23.682,0,,29.184,0,28.945,0,25.553,0,168.9,17:12.390,11:02:12.390,0:29.184,0:28.945,0:25.553,255.7,John Farano,,LMP2,,Tower Motorsports,Gibson,GF,
8,1,11,1:21.503,0,,28.078,0,28.019,0,25.406,0,173.4,18:33.893,11:03:33.893,0:28.078,0:28.019,0:25.406,257.7,John Farano,,LMP2,,Tower Motorsports,Gibson,GF,
8,1,12,1:22.403,0,,28.303,0,27.921,0,26.179,0,171.5,19:56.296,11:04:56.296,0:28.303,0:27.921,0:26.179,256.2,John Farano,,LMP2,,Tower Motorsports,Gibson,GF,
8,1,13,1:20.361,0,,27.465,0,27.764,0,25.132,1,175.8,21:16.657,11:06:16.657,0:27.465,0:27.764,0:25.132,257.2,John Farano,,LMP2,,Tower Motorsports,Gibson,GF,
8,1,14,1:20.241,0,,27.342,1,27.629,1,25.270,0,176.1,22:36.898,11:07:36.898,0:27.342,0:27.629,0:25.270,257.7,John Farano,,LMP2,,Tower Motorsports,Gibson,GF,
8,1,15,1:20.823,0,,27.684,0,27.808,0,25.331,0,174.8,23:57.721,11:08:57.721,0:27.684,0:27.808,0:25.331,257.2,John Farano,,LMP2,,Tower Motorsports,Gibson,GF,
8,1,16,3:45.340,0,B,28.145,0,29.867,0,2:47.328,0,62.7,27:43.061,11:12:43.061,0:28.145,0:29.867,2:47.328,249.4,John Farano,,LMP2,,Tower Motorsports,Gibson,GF,
8,2,17,1:39.606,0,,47.224,0,27.491,0,24.891,0,141.9,29:22.667,11:14:22.667,0:47.224,0:27.491,0:24.891,252.7,Tristan Vautier,0:02:49.806,LMP2,,Tower Motorsports,Gibson,GF,
8,2,18,1:18.715,0,,27.004,0,26.852,0,24.859,0,179.5,30:41.382,11:15:41.382,0:27.004,0:26.852,0:24.859,256.2,Tristan Vautier,,LMP2,,Tower Motorsports,Gibson,GF,
8,2,19,1:19.662,0,,26.987,0,27.354,0,25.321,0,177.4,32:01.044,11:17:01.044,0:26.987,0:27.354,0:25.321,258.2,Tristan Vautier,,LMP2,,Tower Motorsports,Gibson,GF,
8,2,20,1:19.383,0,,27.044,0,27.413,0,24.926,0,178.0,33:20.427,11:18:20.427,0:27.044,0:27.413,0:24.926,256.7,Tristan Vautier,,LMP2,,Tower Motorsports,Gibson,GF,
8,2,21,2:27.905,0,B,27.530,0,26.878,0,1:33.497,0,95.5,35:48.332,11:20:48.332,0:27.530,0:26.878,1:33.497,256.2,Tristan Vautier,,LMP2,,Tower Motorsports,Gibson,GF,
8,2,22,1:41.649,0,,48.865,0,27.582,0,25.202,0,139.0,37:29.981,11:22:29.981,0:48.865,0:27.582,0:25.202,250.3,Tristan Vautier,0:01:38.935,LMP2,,Tower Motorsports,Gibson,GF,
8,2,23,1:18.342,0,,26.934,0,26.786,0,24.622,0,180.4,38:48.323,11:23:48.323,0:26.934,0:26.786,0:24.622,258.2,Tristan Vautier,,LMP2,,Tower Motorsports,Gibson,GF,
8,2,24,1:21.606,0,,26.898,0,28.020,0,26.688,0,173.2,40:09.929,11:25:09.929,0:26.898,0:28.020,0:26.688,257.7,Tristan Vautier,,LMP2,,Tower Motorsports,Gibson,GF,
8,2,25,1:18.105,0,,26.678,0,26.776,0,24.651,0,180.9,41:28.034,11:26:28.034,0:26.678,0:26.776,0:24.651,258.2,Tristan Vautier,,LMP2,,Tower Motorsports,Gibson,GF,
8,2,26,6:31.346,0,B,26.998,0,26.996,0,5:37.352,0,36.1,47:59.380,11:32:59.380,0:26.998,0:26.996,5:37.352,257.7,Tristan Vautier,,LMP2,,Tower Motorsports,Gibson,GF,
8,2,27,1:39.395,0,,47.581,0,27.204,0,24.610,0,142.2,49:38.775,11:34:38.775,0:47.581,0:27.204,0:24.610,254.7,Tristan Vautier,0:05:43.218,LMP2,,Tower Motorsports,Gibson,GF,
8,2,28,1:19.733,0,,27.288,0,27.663,0,24.782,0,177.2,50:58.508,11:35:58.508,0:27.288,0:27.663,0:24.782,252.2,Tristan Vautier,,LMP2,,Tower Motorsports,Gibson,GF,
8,2,29,1:17.935,0,,26.577,0,26.569,0,24.789,0,181.3,52:16.443,11:37:16.443,0:26.577,0:26.569,0:24.789,259.2,Tristan Vautier,,LMP2,,Tower Motorsports,Gibson,GF,
8,2,30,1:17.550,0,,26.495,2,26.520,0,24.535,0,182.2,53:33.993,11:38:33.993,0:26.495,0:26.520,0:24.535,259.2,Tristan Vautier,,LMP2,,Tower Motorsports,Gibson,GF,
8,2,31,3:34.691,0,B,26.646,0,27.733,0,2:40.312,0,65.8,57:08.684,11:42:08.684,0:26.646,0:27.733,2:40.312,253.7,Tristan Vautier,,LMP2,,Tower Motorsports,Gibson,GF,
8,2,32,1:39.116,0,,46.596,0,27.493,0,25.027,0,142.6,58:47.800,11:43:47.800,0:46.596,0:27.493,0:25.027,256.7,Tristan Vautier,0:02:46.250,LMP2,,Tower Motorsports,Gibson,GF,
8,2,33,1:18.072,0,,26.586,0,26.746,0,24.740,0,181.0,1:00:05.872,11:45:05.872,0:26.586,0:26.746,0:24.740,257.2,Tristan Vautier,,LMP2,,Tower Motorsports,Gibson,GF,
8,2,34,1:27.979,0,,27.052,0,35.901,0,25.026,0,160.6,1:01:33.851,11:46:33.851,0:27.052,0:35.901,0:25.026,181.1,Tristan Vautier,,LMP2,,Tower Motorsports,Gibson,GF,
8,2,35,1:19.122,0,,27.510,0,26.999,0,24.613,0,178.6,1:02:52.973,11:47:52.973,0:27.510,0:26.999,0:24.613,255.2,Tristan Vautier,,LMP2,,Tower Motorsports,Gibson,GF,
8,2,36,1:17.912,0,,26.745,0,26.617,0,24.550,0,181.4,1:04:10.885,11:49:10.885,0:26.745,0:26.617,0:24.550,258.2,Tristan Vautier,,LMP2,,Tower Motorsports,Gibson,GF,
8,2,37,1:17.451,2,,26.504,0,26.450,2,24.497,2,182.4,1:05:28.336,11:50:28.336,0:26.504,0:26.450,0:24.497,258.7,Tristan Vautier,,LMP2,,Tower Motorsports,Gibson,GF,
8,2,38,4:13.003,0,B,26.818,0,28.030,0,3:18.155,0,55.9,1:09:41.339,11:54:41.339,0:26.818,0:28.030,3:18.155,256.2,Tristan Vautier,,LMP2,,Tower Motorsports,Gibson,GF,
8,2,39,1:38.754,0,,46.895,0,27.048,0,24.811,0,143.1,1:11:20.093,11:56:20.093,0:46.895,0:27.048,0:24.811,256.7,Tristan Vautier,0:03:24.409,LMP2,,Tower Motorsports,Gibson,GF,
8,2,40,1:22.111,0,,27.087,0,28.485,0,26.539,0,172.1,1:12:42.204,11:57:42.204,0:27.087,0:28.485,0:26.539,257.7,Tristan Vautier,,LMP2,,Tower Motorsports,Gibson,GF,
8,2,41,1:18.122,0,,26.781,0,26.719,0,24.622,0,180.9,1:14:00.326,11:59:00.326,0:26.781,0:26.719,0:24.622,258.7,Tristan Vautier,,LMP2,,Tower Motorsports,Gibson,GF,
8,2,42,4:17.124,0,B,27.167,0,28.378,0,3:21.579,0,55.0,1:18:17.450,12:03:17.450,0:27.167,0:28.378,3:21.579,241.6,Tristan Vautier,,LMP2,,Tower Motorsports,Gibson,GF,
8,1,43,1:46.050,0,,51.352,0,29.202,0,25.496,0,133.2,1:20:03.500,12:05:03.500,0:51.352,0:29.202,0:25.496,242.5,John Farano,0:03:27.643,LMP2,,Tower Motorsports,Gibson,GF,
8,1,44,1:21.269,0,,27.739,0,28.078,0,25.452,0,173.9,1:21:24.769,12:06:24.769,0:27.739,0:28.078,0:25.452,257.7,John Farano,,LMP2,,Tower Motorsports,Gibson,GF,
8,1,45,1:22.798,0,,28.526,0,28.446,0,25.826,0,170.7,1:22:47.567,12:07:47.567,0:28.526,0:28.446,0:25.826,253.7,John Farano,,LMP2,,Tower Motorsports,Gibson,GF,
8,1,46,1:21.788,0,,27.802,0,28.054,0,25.932,0,172.8,1:24:09.355,12:09:09.355,0:27.802,0:28.054,0:25.932,255.7,John Farano,,LMP2,,Tower Motorsports,Gibson,GF,
8,1,47,1:22.511,0,,28.340,0,28.448,0,25.723,0,171.3,1:25:31.866,12:10:31.866,0:28.340,0:28.448,0:25.723,255.2,John Farano,,LMP2,,Tower Motorsports,Gibson,GF,
8,1,48,1:21.486,0,,27.577,0,28.265,0,25.644,0,173.4,1:26:53.352,12:11:53.352,0:27.577,0:28.265,0:25.644,256.7,John Farano,,LMP2,,Tower Motorsports,Gibson,GF,
8,1,49,1:21.670,0,,28.203,0,28.241,0,25.226,0,173.0,1:28:15.022,12:13:15.022,0:28.203,0:28.241,0:25.226,254.2,John Farano,,LMP2,,Tower Motorsports,Gibson,GF,
8,1,50,1:25.632,0,,27.949,0,30.790,0,26.893,0,165.0,1:29:40.654,12:14:40.654,0:27.949,0:30.790,0:26.893,257.7,John Farano,,LMP2,,Tower Motorsports,Gibson,GF,
81,2,1,6:17.133,0,B,1:39.644,0,31.748,0,4:05.741,0,37.5,6:17.133,10:51:17.133,1:39.644,0:31.748,4:05.741,237.7,Casper Stevenson,0:01:09.493,GTD,,DragonSpeed,Chevrolet,GF,
81,2,2,1:52.292,0,,52.640,0,31.855,0,27.797,0,125.8,8:09.425,10:53:09.425,0:52.640,0:31.855,0:27.797,240.3,Casper Stevenson,0:04:09.418,GTD,,DragonSpeed,Chevrolet,GF,
81,2,3,1:27.287,0,,29.825,0,29.667,0,27.795,0,161.9,9:36.712,10:54:36.712,0:29.825,0:29.667,0:27.795,244.3,Casper Stevenson,,GTD,,DragonSpeed,Chevrolet,RF,
81,2,4,4:38.962,0,B,35.492,0,40.356,0,3:23.114,0,50.7,14:15.674,10:59:15.674,0:35.492,0:40.356,3:23.114,164.8,Casper Stevenson,,GTD,,DragonSpeed,Chevrolet,GF,
81,2,5,1:47.024,0,,50.099,0,29.898,0,27.027,0,132.0,16:02.698,11:01:02.698,0:50.099,0:29.898,0:27.027,240.7,Casper Stevenson,0:03:21.412,GTD,,DragonSpeed,Chevrolet,GF,
81,2,6,1:24.707,0,,28.910,0,29.158,0,26.639,0,166.8,17:27.405,11:02:27.405,0:28.910,0:29.158,0:26.639,244.7,Casper Stevenson,,GTD,,DragonSpeed,Chevrolet,GF,
81,2,7,1:24.130,0,,28.645,0,29.054,0,26.431,0,168.0,18:51.535,11:03:51.535,0:28.645,0:29.054,0:26.431,246.1,Casper Stevenson,,GTD,,DragonSpeed,Chevrolet,GF,
81,2,8,1:27.792,0,,28.733,0,28.878,0,30.181,0,161.0,20:19.327,11:05:19.327,0:28.733,0:28.878,0:30.181,247.0,Casper Stevenson,,GTD,,DragonSpeed,Chevrolet,GF,
81,2,9,1:26.191,0,,29.433,0,29.989,0,26.769,0,163.9,21:45.518,11:06:45.518,0:29.433,0:29.989,0:26.769,244.7,Casper Stevenson,,GTD,,DragonSpeed,Chevrolet,GF,
81,2,10,1:24.385,0,,28.914,0,29.070,0,26.401,0,167.5,23:09.903,11:08:09.903,0:28.914,0:29.070,0:26.401,245.7,Casper Stevenson,,GTD,,DragonSpeed,Chevrolet,GF,
81,2,11,1:24.716,0,,29.007,0,29.121,0,26.588,0,166.8,24:34.619,11:09:34.619,0:29.007,0:29.121,0:26.588,245.2,Casper Stevenson,,GTD,,DragonSpeed,Chevrolet,GF,
81,2,12,5:33.993,0,B,28.878,0,29.211,0,4:35.904,0,42.3,30:08.612,11:15:08.612,0:28.878,0:29.211,4:35.904,245.7,Casper Stevenson,,GTD,,DragonSpeed,Chevrolet,GF,
81,2,13,1:45.598,0,,49.504,0,29.189,0,26.905,0,133.8,31:54.210,11:16:54.210,0:49.504,0:29.189,0:26.905,244.7,Casper Stevenson,0:04:40.636,GTD,,DragonSpeed,Chevrolet,GF,
81,2,14,1:25.551,0,,29.029,0,29.599,0,26.923,0,165.2,33:19.761,11:18:19.761,0:29.029,0:29.599,0:26.923,245.2,Casper Stevenson,,GTD,,DragonSpeed,Chevrolet,GF,
81,2,15,1:24.514,0,,28.918,0,29.100,0,26.496,0,167.2,34:44.275,11:19:44.275,0:28.918,0:29.100,0:26.496,244.7,Casper Stevenson,,GTD,,DragonSpeed,Chevrolet,GF,
81,2,16,1:24.775,0,,28.833,0,29.468,0,26.474,0,166.7,36:09.050,11:21:09.050,0:28.833,0:29.468,0:26.474,243.8,Casper Stevenson,,GTD,,DragonSpeed,Chevrolet,GF,
81,2,17,3:53.551,0,B,29.574,0,29.528,0,2:54.449,0,60.5,40:02.601,11:25:02.601,0:29.574,0:29.528,2:54.449,245.2,Casper Stevenson,,GTD,,DragonSpeed,Chevrolet,GF,
81,1,18,1:49.440,0,,52.425,0,30.030,0,26.985,0,129.1,41:52.041,11:26:52.041,0:52.425,0:30.030,0:26.985,240.7,Giacomo Altoe,0:02:58.708,GTD,,DragonSpeed,Chevrolet,GF,
81,1,19,1:25.401,0,,29.345,0,29.387,0,26.669,0,165.5,43:17.442,11:28:17.442,0:29.345,0:29.387,0:26.669,243.4,Giacomo Altoe,,GTD,,DragonSpeed,Chevrolet,GF,
81,1,20,1:25.811,0,,29.434,0,29.634,0,26.743,0,164.7,44:43.253,11:29:43.253,0:29.434,0:29.634,0:26.743,241.2,Giacomo Altoe,,GTD,,DragonSpeed,Chevrolet,GF,
81,1,21,1:25.690,0,,29.704,0,29.182,0,26.804,0,164.9,46:08.943,11:31:08.943,0:29.704,0:29.182,0:26.804,245.2,Giacomo Altoe,,GTD,,DragonSpeed,Chevrolet,GF,
81,1,22,1:25.542,0,,29.169,0,29.670,0,26.703,0,165.2,47:34.485,11:32:34.485,0:29.169,0:29.670,0:26.703,239.0,Giacomo Altoe,,GTD,,DragonSpeed,Chevrolet,GF,
81,1,23,1:24.831,0,,29.130,0,29.155,1,26.546,1,166.6,48:59.316,11:33:59.316,0:29.130,0:29.155,0:26.546,244.7,Giacomo Altoe,,GTD,,DragonSpeed,Chevrolet,GF,
81,1,24,25:53.049,0,B,28.903,1,,0,,0,9.1,1:14:52.365,11:59:52.365,0:28.903,,,244.7,Giacomo Altoe,,GTD,,DragonSpeed,Chevrolet,GF,
81,1,25,1:50.315,0,,51.911,0,31.277,0,27.127,0,128.1,1:16:42.680,12:01:42.680,0:51.911,0:31.277,0:27.127,236.0,Giacomo Altoe,0:24:08.649,GTD,,DragonSpeed,Chevrolet,GF,
81,1,26,1:24.906,0,,29.082,0,29.240,0,26.584,0,166.4,1:18:07.586,12:03:07.586,0:29.082,0:29.240,0:26.584,245.2,Giacomo Altoe,,GTD,,DragonSpeed,Chevrolet,GF,
81,1,27,2:32.768,0,B,28.938,0,29.380,0,1:34.450,0,92.5,1:20:40.354,12:05:40.354,0:28.938,0:29.380,1:34.450,246.6,Giacomo Altoe,,GTD,,DragonSpeed,Chevrolet,GF,
81,2,28,1:50.441,0,,51.652,0,31.798,0,26.991,0,127.9,1:22:30.795,12:07:30.795,0:51.652,0:31.798,0:26.991,175.8,Casper Stevenson,0:01:39.602,GTD,,DragonSpeed,Chevrolet,GF,
81,2,29,1:25.106,0,,29.276,0,29.242,0,26.588,0,166.0,1:23:55.901,12:08:55.901,0:29.276,0:29.242,0:26.588,246.1,Casper Stevenson,,GTD,,DragonSpeed,Chevrolet,GF,
81,2,30,1:23.852,0,,28.610,0,29.022,0,26.220,2,168.5,1:25:19.753,12:10:19.753,0:28.610,0:29.022,0:26.220,245.7,Casper Stevenson,,GTD,,DragonSpeed,Chevrolet,GF,
81,2,31,1:23.619,2,,28.506,2,28.836,2,26.277,0,169.0,1:26:43.372,12:11:43.372,0:28.506,0:28.836,0:26.277,246.1,Casper Stevenson,,GTD,,DragonSpeed,Chevrolet,GF,
81,2,32,1:26.947,0,,28.916,0,29.792,0,28.239,0,162.5,1:28:10.319,12:13:10.319,0:28.916,0:29.792,0:28.239,244.7,Casper Stevenson,,GTD,,DragonSpeed,Chevrolet,GF,
81,2,33,1:24.409,0,,28.804,0,29.241,0,26.364,0,167.4,1:29:34.728,12:14:34.728,0:28.804,0:29.241,0:26.364,246.6,Casper Stevenson,,GTD,,DragonSpeed,Chevrolet,GF,
9,1,1,2:11.731,0,,1:09.852,0,32.989,0,28.890,0,107.3,2:11.731,10:47:11.731,1:09.852,0:32.989,0:28.890,208.3,Andrea Caldarelli,0:00:39.362,GTDPRO,,Pfaff Motorsports,Lamborghini,GF,
9,1,2,1:30.640,0,,29.942,0,29.753,0,30.945,0,155.9,3:42.371,10:48:42.371,0:29.942,0:29.753,0:30.945,242.0,Andrea Caldarelli,,GTDPRO,,Pfaff Motorsports,Lamborghini,GF,
9,1,3,1:26.071,0,,29.537,0,29.907,0,26.627,0,164.2,5:08.442,10:50:08.442,0:29.537,0:29.907,0:26.627,246.6,Andrea Caldarelli,,GTDPRO,,Pfaff Motorsports,Lamborghini,GF,
9,1,4,1:24.583,0,,28.940,0,29.132,0,26.511,0,167.1,6:33.025,10:51:33.025,0:28.940,0:29.132,0:26.511,245.2,Andrea Caldarelli,,GTDPRO,,Pfaff Motorsports,Lamborghini,GF,
9,1,5,1:24.184,0,,28.925,0,28.999,0,26.260,0,167.9,7:57.209,10:52:57.209,0:28.925,0:28.999,0:26.260,246.1,Andrea Caldarelli,,GTDPRO,,Pfaff Motorsports,Lamborghini,GF,
9,1,6,1:24.227,0,,28.933,0,28.954,0,26.340,0,167.8,9:21.436,10:54:21.436,0:28.933,0:28.954,0:26.340,246.6,Andrea Caldarelli,,GTDPRO,,Pfaff Motorsports,Lamborghini,GF,
9,1,7,1:47.588,0,B,30.600,0,30.327,0,46.661,0,131.3,11:09.024,10:56:09.024,0:30.600,0:30.327,0:46.661,207.4,Andrea Caldarelli,,GTDPRO,,Pfaff Motorsports,Lamborghini,RF,
9,1,8,7:34.137,0,,6:37.568,0,30.192,0,26.377,0,31.1,18:43.161,11:03:43.161,6:37.568,0:30.192,0:26.377,234.7,Andrea Caldarelli,0:06:37.294,GTDPRO,,Pfaff Motorsports,Lamborghini,GF,
9,1,9,1:24.412,0,,29.057,0,29.048,0,26.307,0,167.4,20:07.573,11:05:07.573,0:29.057,0:29.048,0:26.307,246.1,Andrea Caldarelli,,GTDPRO,,Pfaff Motorsports,Lamborghini,GF,
9,1,10,1:24.169,0,,28.893,0,28.918,0,26.358,0,167.9,21:31.742,11:06:31.742,0:28.893,0:28.918,0:26.358,246.6,Andrea Caldarelli,,GTDPRO,,Pfaff Motorsports,Lamborghini,GF,
9,1,11,1:56.920,0,B,38.592,0,30.018,0,48.310,0,120.9,23:28.662,11:08:28.662,0:38.592,0:30.018,0:48.310,239.4,Andrea Caldarelli,,GTDPRO,,Pfaff Motorsports,Lamborghini,GF,
9,1,12,8:41.259,0,,7:43.476,0,30.787,0,26.996,0,27.1,32:09.921,11:17:09.921,7:43.476,0:30.787,0:26.996,238.1,Andrea Caldarelli,0:07:40.665,GTDPRO,,Pfaff Motorsports,Lamborghini,GF,
9,1,13,1:27.416,0,,30.784,0,29.470,0,27.162,0,161.6,33:37.337,11:18:37.337,0:30.784,0:29.470,0:27.162,242.9,Andrea Caldarelli,,GTDPRO,,Pfaff Motorsports,Lamborghini,GF,
9,1,14,1:28.131,0,,28.754,0,32.486,0,26.891,0,160.3,35:05.468,11:20:05.468,0:28.754,0:32.486,0:26.891,243.8,Andrea Caldarelli,,GTDPRO,,Pfaff Motorsports,Lamborghini,GF,
9,1,15,1:23.772,0,,28.727,0,28.815,2,26.230,0,168.7,36:29.240,11:21:29.240,0:28.727,0:28.815,0:26.230,244.3,Andrea Caldarelli,,GTDPRO,,Pfaff Motorsports,Lamborghini,GF,
9,1,16,1:28.114,0,,30.777,0,30.908,0,26.429,0,160.4,37:57.354,11:22:57.354,0:30.777,0:30.908,0:26.429,211.7,Andrea Caldarelli,,GTDPRO,,Pfaff Motorsports,Lamborghini,GF,
9,1,17,1:23.707,2,,28.675,0,28.855,0,26.177,2,168.8,39:21.061,11:24:21.061,0:28.675,0:28.855,0:26.177,244.3,Andrea Caldarelli,,GTDPRO,,Pfaff Motorsports,Lamborghini,GF,
9,1,18,1:44.398,0,B,28.634,2,28.890,0,46.874,0,135.4,41:05.459,11:26:05.459,0:28.634,0:28.890,0:46.874,245.2,Andrea Caldarelli,,GTDPRO,,Pfaff Motorsports,Lamborghini,GF,
9,2,19,7:06.285,0,,6:08.880,0,29.869,0,27.536,0,33.1,48:11.744,11:33:11.744,6:08.880,0:29.869,0:27.536,243.8,Sandy Mitchell,0:06:10.380,GTDPRO,,Pfaff Motorsports,Lamborghini,GF,
9,2,20,1:25.060,0,,29.268,0,29.169,0,26.623,0,166.1,49:36.804,11:34:36.804,0:29.268,0:29.169,0:26.623,243.4,Sandy Mitchell,,GTDPRO,,Pfaff Motorsports,Lamborghini,GF,
9,2,21,1:25.089,0,,29.031,0,29.477,0,26.581,1,166.1,51:01.893,11:36:01.893,0:29.031,0:29.477,0:26.581,243.4,Sandy Mitchell,,GTDPRO,,Pfaff Motorsports,Lamborghini,GF,
9,2,22,1:25.490,0,,29.221,0,29.355,0,26.914,0,165.3,52:27.383,11:37:27.383,0:29.221,0:29.355,0:26.914,244.7,Sandy Mitchell,,GTDPRO,,Pfaff Motorsports,Lamborghini,GF,
9,2,23,1:26.119,0,,29.212,0,29.996,0,26.911,0,164.1,53:53.502,11:38:53.502,0:29.212,0:29.996,0:26.911,245.2,Sandy Mitchell,,GTDPRO,,Pfaff Motorsports,Lamborghini,GF,
9,2,24,1:25.535,0,,29.585,0,29.194,0,26.756,0,165.2,55:19.037,11:40:19.037,0:29.585,0:29.194,0:26.756,244.7,Sandy Mitchell,,GTDPRO,,Pfaff Motorsports,Lamborghini,GF,
9,2,25,1:26.585,0,,29.101,0,29.594,0,27.890,0,163.2,56:45.622,11:41:45.622,0:29.101,0:29.594,0:27.890,244.7,Sandy Mitchell,,GTDPRO,,Pfaff Motorsports,Lamborghini,GF,
9,2,26,1:44.967,0,B,29.155,0,29.282,0,46.530,0,134.6,58:30.589,11:43:30.589,0:29.155,0:29.282,0:46.530,244.7,Sandy Mitchell,,GTDPRO,,Pfaff Motorsports,Lamborghini,GF,
9,2,27,3:34.114,0,,2:35.618,0,29.208,0,29.288,0,66.0,1:02:04.703,11:47:04.703,2:35.618,0:29.208,0:29.288,244.7,Sandy Mitchell,0:02:37.334,GTDPRO,,Pfaff Motorsports,Lamborghini,GF,
9,2,28,1:25.006,0,,29.041,0,29.328,0,26.637,0,166.2,1:03:29.709,11:48:29.709,0:29.041,0:29.328,0:26.637,244.3,Sandy Mitchell,,GTDPRO,,Pfaff Motorsports,Lamborghini,GF,
9,2,29,1:24.724,0,,29.041,0,29.014,0,26.669,0,166.8,1:04:54.433,11:49:54.433,0:29.041,0:29.014,0:26.669,245.7,Sandy Mitchell,,GTDPRO,,Pfaff Motorsports,Lamborghini,GF,
9,2,30,1:25.205,0,,29.214,0,29.193,0,26.798,0,165.8,1:06:19.638,11:51:19.638,0:29.214,0:29.193,0:26.798,243.8,Sandy Mitchell,,GTDPRO,,Pfaff Motorsports,Lamborghini,GF,
9,2,31,1:25.074,0,,29.193,0,29.157,0,26.724,0,166.1,1:07:44.712,11:52:44.712,0:29.193,0:29.157,0:26.724,240.3,Sandy Mitchell,,GTDPRO,,Pfaff Motorsports,Lamborghini,GF,
9,2,32,1:25.697,0,,29.212,0,29.610,0,26.875,0,164.9,1:09:10.409,11:54:10.409,0:29.212,0:29.610,0:26.875,230.6,Sandy Mitchell,,GTDPRO,,Pfaff Motorsports,Lamborghini,GF,
9,2,33,1:26.095,0,,29.382,0,29.332,0,27.381,0,164.1,1:10:36.504,11:55:36.504,0:29.382,0:29.332,0:27.381,233.9,Sandy Mitchell,,GTDPRO,,Pfaff Motorsports,Lamborghini,GF,
9,2,34,1:26.551,0,,29.364,0,30.297,0,26.890,0,163.3,1:12:03.055,11:57:03.055,0:29.364,0:30.297,0:26.890,231.8,Sandy Mitchell,,GTDPRO,,Pfaff Motorsports,Lamborghini,GF,
9,2,35,1:25.831,0,,29.434,0,29.503,0,26.894,0,164.6,1:13:28.886,11:58:28.886,0:29.434,0:29.503,0:26.894,231.8,Sandy Mitchell,,GTDPRO,,Pfaff Motorsports,Lamborghini,GF,
9,2,36,1:25.456,0,,29.189,0,29.387,0,26.880,0,165.4,1:14:54.342,11:59:54.342,0:29.189,0:29.387,0:26.880,229.8,Sandy Mitchell,,GTDPRO,,Pfaff Motorsports,Lamborghini,GF,
9,2,37,1:26.270,0,,29.342,0,30.056,0,26.872,0,163.8,1:16:20.612,12:01:20.612,0:29.342,0:30.056,0:26.872,234.7,Sandy Mitchell,,GTDPRO,,Pfaff Motorsports,Lamborghini,GF,
9,2,38,1:25.244,0,,29.254,0,29.329,0,26.661,0,165.8,1:17:45.856,12:02:45.856,0:29.254,0:29.329,0:26.661,226.2,Sandy Mitchell,,GTDPRO,,Pfaff Motorsports,Lamborghini,GF,
9,2,39,1:25.709,0,,29.365,0,29.517,0,26.827,0,164.9,1:19:11.565,12:04:11.565,0:29.365,0:29.517,0:26.827,224.3,Sandy Mitchell,,GTDPRO,,Pfaff Motorsports,Lamborghini,GF,
9,2,40,1:26.166,0,,29.296,0,29.426,0,27.444,0,164.0,1:20:37.731,12:05:37.731,0:29.296,0:29.426,0:27.444,225.9,Sandy Mitchell,,GTDPRO,,Pfaff Motorsports,Lamborghini,GF,
9,2,41,1:25.930,0,,29.387,0,29.373,0,27.170,0,164.4,1:22:03.661,12:07:03.661,0:29.387,0:29.373,0:27.170,229.4,Sandy Mitchell,,GTDPRO,,Pfaff Motorsports,Lamborghini,GF,
9,2,42,1:25.752,0,,29.153,0,29.767,0,26.832,0,164.8,1:23:29.413,12:08:29.413,0:29.153,0:29.767,0:26.832,223.9,Sandy Mitchell,,GTDPRO,,Pfaff Motorsports,Lamborghini,GF,
9,2,43,1:24.922,0,,28.984,0,29.093,0,26.845,0,166.4,1:24:54.335,12:09:54.335,0:28.984,0:29.093,0:26.845,245.2,Sandy Mitchell,,GTDPRO,,Pfaff Motorsports,Lamborghini,GF,
9,2,44,1:24.911,0,,29.136,0,29.012,1,26.763,0,166.4,1:26:19.246,12:11:19.246,0:29.136,0:29.012,0:26.763,245.2,Sandy Mitchell,,GTDPRO,,Pfaff Motorsports,Lamborghini,GF,
9,2,45,1:24.864,0,,29.018,0,29.209,0,26.637,0,166.5,1:27:44.110,12:12:44.110,0:29.018,0:29.209,0:26.637,245.7,Sandy Mitchell,,GTDPRO,,Pfaff Motorsports,Lamborghini,GF,
9,2,46,1:25.012,0,,29.060,0,29.312,0,26.640,0,166.2,1:29:09.122,12:14:09.122,0:29.060,0:29.312,0:26.640,245.2,Sandy Mitchell,,GTDPRO,,Pfaff Motorsports,Lamborghini,GF,
9,2,47,1:26.231,0,,28.972,1,29.309,0,27.950,0,163.9,1:30:35.353,12:15:35.353,0:28.972,0:29.309,0:27.950,244.7,Sandy Mitchell,,GTDPRO,,Pfaff Motorsports,Lamborghini,FF,
93,2,1,2:05.038,0,,1:05.112,0,32.225,0,27.701,0,113.0,2:05.038,10:47:05.038,1:05.112,0:32.225,0:27.701,216.6,Nicholas Yelloly,0:00:33.842,GTP,,Acura Meyer Shank Racing w/Curb Agajanian,Acura,GF,
93,2,2,1:22.928,0,,28.270,0,28.068,0,26.590,0,170.4,3:27.966,10:48:27.966,0:28.270,0:28.068,0:26.590,261.3,Nicholas Yelloly,,GTP,,Acura Meyer Shank Racing w/Curb Agajanian,Acura,GF,
93,2,3,1:18.138,0,,26.605,0,27.048,0,24.485,0,180.8,4:46.104,10:49:46.104,0:26.605,0:27.048,0:24.485,278.4,Nicholas Yelloly,,GTP,,Acura Meyer Shank Racing w/Curb Agajanian,Acura,GF,
93,2,4,1:17.883,0,,26.923,0,26.923,0,24.037,0,181.4,6:03.987,10:51:03.987,0:26.923,0:26.923,0:24.037,277.8,Nicholas Yelloly,,GTP,,Acura Meyer Shank Racing w/Curb Agajanian,Acura,GF,
93,2,5,1:17.277,0,,27.054,0,26.431,0,23.792,0,182.9,7:21.264,10:52:21.264,0:27.054,0:26.431,0:23.792,285.0,Nicholas Yelloly,,GTP,,Acura Meyer Shank Racing w/Curb Agajanian,Acura,GF,
93,2,6,1:38.968,0,B,26.235,0,26.420,0,46.313,0,142.8,9:00.232,10:54:00.232,0:26.235,0:26.420,0:46.313,288.8,Nicholas Yelloly,,GTP,,Acura Meyer Shank Racing w/Curb Agajanian,Acura,GF,
93,2,7,5:50.056,0,,4:52.999,0,30.721,0,26.336,0,40.4,14:50.288,10:59:50.288,4:52.999,0:30.721,0:26.336,214.5,Nicholas Yelloly,0:04:52.306,GTP,,Acura Meyer Shank Racing w/Curb Agajanian,Acura,GF,
93,2,8,1:18.809,0,,27.375,0,27.050,0,24.384,0,179.3,16:09.097,11:01:09.097,0:27.375,0:27.050,0:24.384,263.9,Nicholas Yelloly,,GTP,,Acura Meyer Shank Racing w/Curb Agajanian,Acura,GF,
93,2,9,1:17.772,0,,26.364,0,26.517,0,24.891,0,181.7,17:26.869,11:02:26.869,0:26.364,0:26.517,0:24.891,280.2,Nicholas Yelloly,,GTP,,Acura Meyer Shank Racing w/Curb Agajanian,Acura,GF,
93,2,10,1:17.840,0,,26.787,0,27.154,0,23.899,0,181.5,18:44.709,11:03:44.709,0:26.787,0:27.154,0:23.899,272.1,Nicholas Yelloly,,GTP,,Acura Meyer Shank Racing w/Curb Agajanian,Acura,GF,
93,2,11,1:16.055,0,,26.247,0,25.936,0,23.872,0,185.8,20:00.764,11:05:00.764,0:26.247,0:25.936,0:23.872,288.1,Nicholas Yelloly,,GTP,,Acura Meyer Shank Racing w/Curb Agajanian,Acura,GF,
93,2,12,1:20.507,0,,26.918,0,27.931,0,25.658,0,175.5,21:21.271,11:06:21.271,0:26.918,0:27.931,0:25.658,272.6,Nicholas Yelloly,,GTP,,Acura Meyer Shank Racing w/Curb Agajanian,Acura,GF,
93,2,13,1:15.714,0,,26.023,2,25.890,0,23.801,0,186.6,22:36.985,11:07:36.985,0:26.023,0:25.890,0:23.801,288.1,Nicholas Yelloly,,GTP,,Acura Meyer Shank Racing w/Curb Agajanian,Acura,GF,
93,2,14,1:15.677,2,,26.110,0,25.873,4,23.694,2,186.7,23:52.662,11:08:52.662,0:26.110,0:25.873,0:23.694,288.8,Nicholas Yelloly,,GTP,,Acura Meyer Shank Racing w/Curb Agajanian,Acura,GF,
93,2,15,1:40.232,0,B,26.331,0,26.892,0,47.009,0,141.0,25:32.894,11:10:32.894,0:26.331,0:26.892,0:47.009,279.0,Nicholas Yelloly,,GTP,,Acura Meyer Shank Racing w/Curb Agajanian,Acura,GF,
93,1,16,5:25.554,0,,4:34.650,0,26.815,0,24.089,0,43.4,30:58.448,11:15:58.448,4:34.650,0:26.815,0:24.089,281.4,Renger van der Zande,0:04:39.173,GTP,,Acura Meyer Shank Racing w/Curb Agajanian,Acura,GF,
93,1,17,1:17.823,0,,26.598,0,27.065,0,24.160,0,181.6,32:16.271,11:17:16.271,0:26.598,0:27.065,0:24.160,249.4,Renger van der Zande,,GTP,,Acura Meyer Shank Racing w/Curb Agajanian,Acura,GF,
93,1,18,1:18.070,0,,26.494,0,27.145,0,24.431,0,181.0,33:34.341,11:18:34.341,0:26.494,0:27.145,0:24.431,274.9,Renger van der Zande,,GTP,,Acura Meyer Shank Racing w/Curb Agajanian,Acura,GF,
93,1,19,1:18.224,0,,26.682,0,26.899,0,24.643,0,180.6,34:52.565,11:19:52.565,0:26.682,0:26.899,0:24.643,268.7,Renger van der Zande,,GTP,,Acura Meyer Shank Racing w/Curb Agajanian,Acura,GF,
93,1,20,1:17.829,0,,26.502,0,27.160,0,24.167,0,181.6,36:10.394,11:21:10.394,0:26.502,0:27.160,0:24.167,269.8,Renger van der Zande,,GTP,,Acura Meyer Shank Racing w/Curb Agajanian,Acura,GF,
93,1,21,1:19.632,0,,27.141,0,26.625,0,25.866,0,177.4,37:30.026,11:22:30.026,0:27.141,0:26.625,0:25.866,271.5,Renger van der Zande,,GTP,,Acura Meyer Shank Racing w/Curb Agajanian,Acura,GF,
93,1,22,1:16.806,0,,26.320,0,26.429,0,24.057,0,184.0,38:46.832,11:23:46.832,0:26.320,0:26.429,0:24.057,273.2,Renger van der Zande,,GTP,,Acura Meyer Shank Racing w/Curb Agajanian,Acura,GF,
93,1,23,1:17.054,0,,26.655,0,26.438,0,23.961,1,183.4,40:03.886,11:25:03.886,0:26.655,0:26.438,0:23.961,274.9,Renger van der Zande,,GTP,,Acura Meyer Shank Racing w/Curb Agajanian,Acura,GF,
93,1,24,1:17.043,0,,26.329,0,26.573,0,24.141,0,183.4,41:20.929,11:26:20.929,0:26.329,0:26.573,0:24.141,274.3,Renger van der Zande,,GTP,,Acura Meyer Shank Racing w/Curb Agajanian,Acura,GF,
93,1,25,1:38.463,0,B,26.456,0,26.871,0,45.136,0,143.5,42:59.392,11:27:59.392,0:26.456,0:26.871,0:45.136,278.4,Renger van der Zande,,GTP,,Acura Meyer Shank Racing w/Curb Agajanian,Acura,GF,
93,1,26,5:08.349,0,,4:16.456,0,27.497,0,24.396,0,45.8,48:07.741,11:33:07.741,4:16.456,0:27.497,0:24.396,269.3,Renger van der Zande,0:04:20.990,GTP,,Acura Meyer Shank Racing w/Curb Agajanian,Acura,GF,
93,1,27,1:17.616,0,,26.412,0,26.638,0,24.566,0,182.1,49:25.357,11:34:25.357,0:26.412,0:26.638,0:24.566,272.6,Renger van der Zande,,GTP,,Acura Meyer Shank Racing w/Curb Agajanian,Acura,GF,
93,1,28,1:16.741,0,,26.244,1,26.415,0,24.082,0,184.1,50:42.098,11:35:42.098,0:26.244,0:26.415,0:24.082,276.6,Renger van der Zande,,GTP,,Acura Meyer Shank Racing w/Curb Agajanian,Acura,GF,
93,1,29,1:17.607,0,,26.632,0,26.870,0,24.105,0,182.1,51:59.705,11:36:59.705,0:26.632,0:26.870,0:24.105,275.5,Renger van der Zande,,GTP,,Acura Meyer Shank Racing w/Curb Agajanian,Acura,GF,
93,1,30,1:18.491,0,,26.554,0,27.237,0,24.700,0,180.0,53:18.196,11:38:18.196,0:26.554,0:27.237,0:24.700,274.9,Renger van der Zande,,GTP,,Acura Meyer Shank Racing w/Curb Agajanian,Acura,GF,
93,1,31,1:23.243,0,,27.312,0,30.138,0,25.793,0,169.8,54:41.439,11:39:41.439,0:27.312,0:30.138,0:25.793,260.2,Renger van der Zande,,GTP,,Acura Meyer Shank Racing w/Curb Agajanian,Acura,GF,
93,1,32,1:17.056,0,,26.537,0,26.427,0,24.092,0,183.4,55:58.495,11:40:58.495,0:26.537,0:26.427,0:24.092,278.4,Renger van der Zande,,GTP,,Acura Meyer Shank Racing w/Curb Agajanian,Acura,GF,
93,1,33,1:17.454,0,,26.479,0,26.562,0,24.413,0,182.4,57:15.949,11:42:15.949,0:26.479,0:26.562,0:24.413,286.2,Renger van der Zande,,GTP,,Acura Meyer Shank Racing w/Curb Agajanian,Acura,GF,
93,1,34,1:16.844,0,,26.441,0,26.258,1,24.145,0,183.9,58:32.793,11:43:32.793,0:26.441,0:26.258,0:24.145,286.2,Renger van der Zande,,GTP,,Acura Meyer Shank Racing w/Curb Agajanian,Acura,GF,
93,1,35,1:39.324,0,B,26.982,0,27.105,0,45.237,0,142.3,1:00:12.117,11:45:12.117,0:26.982,0:27.105,0:45.237,279.6,Renger van der Zande,,GTP,,Acura Meyer Shank Racing w/Curb Agajanian,Acura,GF,
93,2,36,9:10.849,0,B,7:49.371,0,33.556,0,47.922,0,25.7,1:09:22.966,11:54:22.966,7:49.371,0:33.556,0:47.922,196.5,Nicholas Yelloly,0:07:44.933,GTP,,Acura Meyer Shank Racing w/Curb Agajanian,Acura,GF,
93,2,37,2:04.269,0,,1:09.305,0,29.470,0,25.494,0,113.7,1:11:27.235,11:56:27.235,1:09.305,0:29.470,0:25.494,234.7,Nicholas Yelloly,0:01:06.452,GTP,,Acura Meyer Shank Racing w/Curb Agajanian,Acura,GF,
93,2,38,1:18.074,0,,27.100,0,26.729,0,24.245,0,181.0,1:12:45.309,11:57:45.309,0:27.100,0:26.729,0:24.245,280.2,Nicholas Yelloly,,GTP,,Acura Meyer Shank Racing w/Curb Agajanian,Acura,GF,
93,2,39,1:17.030,0,,26.380,0,26.466,0,24.184,0,183.4,1:14:02.339,11:59:02.339,0:26.380,0:26.466,0:24.184,286.2,Nicholas Yelloly,,GTP,,Acura Meyer Shank Racing w/Curb Agajanian,Acura,GF,
93,2,40,1:17.616,0,,26.165,0,26.549,0,24.902,0,182.1,1:15:19.955,12:00:19.955,0:26.165,0:26.549,0:24.902,280.8,Nicholas Yelloly,,GTP,,Acura Meyer Shank Racing w/Curb Agajanian,Acura,GF,
93,2,41,1:19.945,0,,26.140,0,28.395,0,25.410,0,176.8,1:16:39.900,12:01:39.900,0:26.140,0:28.395,0:25.410,276.6,Nicholas Yelloly,,GTP,,Acura Meyer Shank Racing w/Curb Agajanian,Acura,GF,
93,2,42,1:16.504,0,,26.168,0,26.169,0,24.167,0,184.7,1:17:56.404,12:02:56.404,0:26.168,0:26.169,0:24.167,289.4,Nicholas Yelloly,,GTP,,Acura Meyer Shank Racing w/Curb Agajanian,Acura,GF,
93,2,43,1:16.266,0,,26.117,0,26.223,0,23.926,0,185.3,1:19:12.670,12:04:12.670,0:26.117,0:26.223,0:23.926,289.4,Nicholas Yelloly,,GTP,,Acura Meyer Shank Racing w/Curb Agajanian,Acura,GF,
93,2,44,1:17.325,0,,26.166,0,27.110,0,24.049,0,182.7,1:20:29.995,12:05:29.995,0:26.166,0:27.110,0:24.049,292.6,Nicholas Yelloly,,GTP,,Acura Meyer Shank Racing w/Curb Agajanian,Acura,GF,
93,2,45,1:52.360,0,B,26.064,0,37.940,0,48.356,0,125.8,1:22:22.355,12:07:22.355,0:26.064,0:37.940,0:48.356,289.4,Nicholas Yelloly,,GTP,,Acura Meyer Shank Racing w/Curb Agajanian,Acura,GF,
93,1,46,4:13.816,0,B,2:59.929,0,28.213,0,45.674,0,55.7,1:26:36.171,12:11:36.171,2:59.929,0:28.213,0:45.674,257.7,Renger van der Zande,0:03:01.930,GTP,,Acura Meyer Shank Racing w/Curb Agajanian,Acura,GF,
93,1,47,2:38.950,0,,1:46.700,0,27.496,0,24.754,0,88.9,1:29:15.121,12:14:15.121,1:46.700,0:27.496,0:24.754,280.2,Renger van der Zande,0:01:49.607,GTP,,Acura Meyer Shank Racing w/Curb Agajanian,Acura,GF,
93,1,48,1:46.898,0,B,31.219,0,28.469,0,47.210,0,132.2,1:31:02.019,12:16:02.019,0:31.219,0:28.469,0:47.210,279.6,Renger van der Zande,,GTP,,Acura Meyer Shank Racing w/Curb Agajanian,Acura,FF,
96,1,1,3:19.641,0,,2:17.269,0,33.496,0,28.876,0,70.8,3:19.641,10:48:19.641,2:17.269,0:33.496,0:28.876,206.1,Patrick Gallagher,0:01:45.731,GTD,,Turner Motorsport,BMW,GF,
96,1,2,1:29.387,0,,31.077,0,31.335,0,26.975,0,158.1,4:49.028,10:49:49.028,0:31.077,0:31.335,0:26.975,238.5,Patrick Gallagher,,GTD,,Turner Motorsport,BMW,GF,
96,1,3,1:26.819,0,,29.210,0,30.545,0,27.064,0,162.8,6:15.847,10:51:15.847,0:29.210,0:30.545,0:27.064,242.0,Patrick Gallagher,,GTD,,Turner Motorsport,BMW,GF,
96,1,4,1:24.848,0,,28.950,0,29.366,0,26.532,0,166.5,7:40.695,10:52:40.695,0:28.950,0:29.366,0:26.532,242.9,Patrick Gallagher,,GTD,,Turner Motorsport,BMW,GF,
96,1,5,1:28.027,0,,29.111,0,31.489,0,27.427,0,160.5,9:08.722,10:54:08.722,0:29.111,0:31.489,0:27.427,199.2,Patrick Gallagher,,GTD,,Turner Motorsport,BMW,GF,
96,1,6,6:39.092,0,B,28.799,0,28.821,0,5:41.472,0,35.4,15:47.814,11:00:47.814,0:28.799,0:28.821,5:41.472,242.9,Patrick Gallagher,,GTD,,Turner Motorsport,BMW,GF,
96,1,7,1:46.536,0,,49.661,0,29.011,0,27.864,0,132.6,17:34.350,11:02:34.350,0:49.661,0:29.011,0:27.864,243.4,Patrick Gallagher,0:05:45.646,GTD,,Turner Motorsport,BMW,GF,
96,1,8,1:24.261,0,,28.640,2,29.265,0,26.356,2,167.7,18:58.611,11:03:58.611,0:28.640,0:29.265,0:26.356,243.4,Patrick Gallagher,,GTD,,Turner Motorsport,BMW,GF,
96,1,9,1:27.164,0,,29.874,0,29.633,0,27.657,0,162.1,20:25.775,11:05:25.775,0:29.874,0:29.633,0:27.657,238.5,Patrick Gallagher,,GTD,,Turner Motorsport,BMW,GF,
96,1,10,1:24.407,0,,28.724,0,29.310,0,26.373,0,167.4,21:50.182,11:06:50.182,0:28.724,0:29.310,0:26.373,243.8,Patrick Gallagher,,GTD,,Turner Motorsport,BMW,GF,
96,1,11,1:23.957,2,,28.689,0,28.812,2,26.456,0,168.3,23:14.139,11:08:14.139,0:28.689,0:28.812,0:26.456,244.3,Patrick Gallagher,,GTD,,Turner Motorsport,BMW,GF,
96,1,12,4:49.172,0,B,28.809,0,29.859,0,3:50.504,0,48.9,28:03.311,11:13:03.311,0:28.809,0:29.859,3:50.504,244.3,Patrick Gallagher,,GTD,,Turner Motorsport,BMW,GF,
96,1,13,1:47.819,0,,50.700,0,30.380,0,26.739,0,131.1,29:51.130,11:14:51.130,0:50.700,0:30.380,0:26.739,209.7,Patrick Gallagher,0:03:54.893,GTD,,Turner Motorsport,BMW,GF,
96,1,14,1:25.169,0,,29.075,0,29.530,0,26.564,0,165.9,31:16.299,11:16:16.299,0:29.075,0:29.530,0:26.564,229.4,Patrick Gallagher,,GTD,,Turner Motorsport,BMW,GF,
96,1,15,1:24.716,0,,28.948,0,29.169,0,26.599,0,166.8,32:41.015,11:17:41.015,0:28.948,0:29.169,0:26.599,241.6,Patrick Gallagher,,GTD,,Turner Motorsport,BMW,GF,
96,1,16,1:24.881,0,,28.989,0,29.257,0,26.635,0,166.5,34:05.896,11:19:05.896,0:28.989,0:29.257,0:26.635,242.0,Patrick Gallagher,,GTD,,Turner Motorsport,BMW,GF,
96,1,17,1:25.622,0,,29.230,0,29.326,0,27.066,0,165.0,35:31.518,11:20:31.518,0:29.230,0:29.326,0:27.066,235.1,Patrick Gallagher,,GTD,,Turner Motorsport,BMW,GF,
96,1,18,1:25.579,0,,29.212,0,29.500,0,26.867,0,165.1,36:57.097,11:21:57.097,0:29.212,0:29.500,0:26.867,234.3,Patrick Gallagher,,GTD,,Turner Motorsport,BMW,GF,
96,1,19,1:26.120,0,,29.193,0,29.970,0,26.957,0,164.1,38:23.217,11:23:23.217,0:29.193,0:29.970,0:26.957,242.0,Patrick Gallagher,,GTD,,Turner Motorsport,BMW,GF,
96,1,20,1:25.816,0,,29.315,0,29.518,0,26.983,0,164.7,39:49.033,11:24:49.033,0:29.315,0:29.518,0:26.983,236.8,Patrick Gallagher,,GTD,,Turner Motorsport,BMW,GF,
96,1,21,1:25.754,0,,29.321,0,29.629,0,26.804,0,164.8,41:14.787,11:26:14.787,0:29.321,0:29.629,0:26.804,229.4,Patrick Gallagher,,GTD,,Turner Motorsport,BMW,GF,
96,1,22,1:25.882,0,,29.382,0,29.439,0,27.061,0,164.5,42:40.669,11:27:40.669,0:29.382,0:29.439,0:27.061,242.9,Patrick Gallagher,,GTD,,Turner Motorsport,BMW,GF,
96,1,23,4:36.208,0,B,29.177,0,29.472,0,3:37.559,0,51.2,47:16.877,11:32:16.877,0:29.177,0:29.472,3:37.559,243.4,Patrick Gallagher,,GTD,,Turner Motorsport,BMW,GF,
96,2,24,1:48.369,0,,51.726,0,29.832,0,26.811,0,130.4,49:05.246,11:34:05.246,0:51.726,0:29.832,0:26.811,241.2,Robby Foley,0:03:42.061,GTD,,Turner Motorsport,BMW,GF,
96,2,25,1:24.836,0,,29.125,0,29.082,0,26.629,0,166.6,50:30.082,11:35:30.082,0:29.125,0:29.082,0:26.629,243.4,Robby Foley,,GTD,,Turner Motorsport,BMW,GF,
96,2,26,1:25.219,0,,29.358,0,29.186,0,26.675,0,165.8,51:55.301,11:36:55.301,0:29.358,0:29.186,0:26.675,242.5,Robby Foley,,GTD,,Turner Motorsport,BMW,GF,
96,2,27,1:24.843,0,,28.999,0,29.106,0,26.738,0,166.6,53:20.144,11:38:20.144,0:28.999,0:29.106,0:26.738,244.3,Robby Foley,,GTD,,Turner Motorsport,BMW,GF,
96,2,28,1:24.565,0,,28.901,1,29.029,0,26.635,0,167.1,54:44.709,11:39:44.709,0:28.901,0:29.029,0:26.635,244.7,Robby Foley,,GTD,,Turner Motorsport,BMW,GF,
96,2,29,4:44.246,0,B,29.006,0,29.200,0,3:46.040,0,49.7,59:28.955,11:44:28.955,0:29.006,0:29.200,3:46.040,244.7,Robby Foley,,GTD,,Turner Motorsport,BMW,GF,
96,2,30,1:44.508,0,,48.855,0,29.094,0,26.559,0,135.2,1:01:13.463,11:46:13.463,0:48.855,0:29.094,0:26.559,242.5,Robby Foley,0:03:47.160,GTD,,Turner Motorsport,BMW,GF,
96,2,31,1:24.511,0,,28.983,0,28.977,1,26.551,0,167.2,1:02:37.974,11:47:37.974,0:28.983,0:28.977,0:26.551,243.4,Robby Foley,,GTD,,Turner Motorsport,BMW,GF,
96,2,32,1:24.526,0,,28.954,0,29.009,0,26.563,0,167.2,1:04:02.500,11:49:02.500,0:28.954,0:29.009,0:26.563,243.4,Robby Foley,,GTD,,Turner Motorsport,BMW,GF,
96,2,33,1:25.439,0,,29.026,0,29.045,0,27.368,0,165.4,1:05:27.939,11:50:27.939,0:29.026,0:29.045,0:27.368,244.3,Robby Foley,,GTD,,Turner Motorsport,BMW,GF,
96,2,34,1:25.163,0,,29.391,0,29.194,0,26.578,0,165.9,1:06:53.102,11:51:53.102,0:29.391,0:29.194,0:26.578,239.8,Robby Foley,,GTD,,Turner Motorsport,BMW,GF,
96,2,35,1:26.292,0,,29.061,0,30.206,0,27.025,0,163.8,1:08:19.394,11:53:19.394,0:29.061,0:30.206,0:27.025,243.4,Robby Foley,,GTD,,Turner Motorsport,BMW,GF,
96,2,36,1:25.069,0,,28.959,0,29.523,0,26.587,0,166.1,1:09:44.463,11:54:44.463,0:28.959,0:29.523,0:26.587,231.4,Robby Foley,,GTD,,Turner Motorsport,BMW,GF,
96,2,37,1:24.904,0,,29.013,0,29.260,0,26.631,0,166.4,1:11:09.367,11:56:09.367,0:29.013,0:29.260,0:26.631,235.1,Robby Foley,,GTD,,Turner Motorsport,BMW,GF,
96,2,38,1:25.069,0,,29.087,0,29.319,0,26.663,0,166.1,1:12:34.436,11:57:34.436,0:29.087,0:29.319,0:26.663,233.9,Robby Foley,,GTD,,Turner Motorsport,BMW,GF,
96,2,39,3:17.074,0,B,29.073,0,29.213,0,2:18.788,0,71.7,1:15:51.510,12:00:51.510,0:29.073,0:29.213,2:18.788,242.0,Robby Foley,,GTD,,Turner Motorsport,BMW,GF,
96,2,40,1:49.163,0,,51.271,0,31.184,0,26.708,0,129.4,1:17:40.673,12:02:40.673,0:51.271,0:31.184,0:26.708,240.3,Robby Foley,0:02:22.973,GTD,,Turner Motorsport,BMW,GF,
96,2,41,1:24.448,0,,28.931,0,29.086,0,26.431,1,167.3,1:19:05.121,12:04:05.121,0:28.931,0:29.086,0:26.431,245.7,Robby Foley,,GTD,,Turner Motorsport,BMW,GF,
96,2,42,1:25.301,0,,29.169,0,29.424,0,26.708,0,165.7,1:20:30.422,12:05:30.422,0:29.169,0:29.424,0:26.708,246.6,Robby Foley,,GTD,,Turner Motorsport,BMW,GF,
99,1,1,1:47.065,0,,49.898,0,30.374,0,26.793,0,132.0,1:47.065,10:46:47.065,0:49.898,0:30.374,0:26.793,225.9,PJ Hyett,0:00:20.872,LMP2,,AO Racing,Gibson,GF,
99,1,2,1:24.193,0,,29.297,0,28.258,0,26.638,0,167.8,3:11.258,10:48:11.258,0:29.297,0:28.258,0:26.638,252.7,PJ Hyett,,LMP2,,AO Racing,Gibson,GF,
99,1,3,1:23.527,0,,28.357,0,27.707,0,27.463,0,169.2,4:34.785,10:49:34.785,0:28.357,0:27.707,0:27.463,255.7,PJ Hyett,,LMP2,,AO Racing,Gibson,GF,
99,1,4,1:19.171,0,,27.034,0,27.088,0,25.049,0,178.5,5:53.956,10:50:53.956,0:27.034,0:27.088,0:25.049,259.2,PJ Hyett,,LMP2,,AO Racing,Gibson,GF,
99,1,5,1:19.150,0,,27.139,0,27.376,0,24.635,0,178.5,7:13.106,10:52:13.106,0:27.139,0:27.376,0:24.635,261.3,PJ Hyett,,LMP2,,AO Racing,Gibson,GF,
99,1,6,1:17.594,0,,26.490,1,26.511,2,24.593,1,182.1,8:30.700,10:53:30.700,0:26.490,0:26.511,0:24.593,259.7,PJ Hyett,,LMP2,,AO Racing,Gibson,GF,
99,1,7,5:08.134,0,B,26.636,0,26.666,0,4:14.832,0,45.9,13:38.834,10:58:38.834,0:26.636,0:26.666,4:14.832,260.2,PJ Hyett,,LMP2,,AO Racing,Gibson,GF,
99,2,8,1:40.478,0,,47.173,0,28.466,0,24.839,0,140.6,15:19.312,11:00:19.312,0:47.173,0:28.466,0:24.839,256.2,Dane Cameron,0:04:18.135,LMP2,,AO Racing,Gibson,GF,
99,2,9,1:17.868,0,,26.554,0,26.711,0,24.603,0,181.5,16:37.180,11:01:37.180,0:26.554,0:26.711,0:24.603,257.2,Dane Cameron,,LMP2,,AO Racing,Gibson,GF,
99,2,10,1:17.337,2,,26.435,0,26.524,1,24.378,2,182.7,17:54.517,11:02:54.517,0:26.435,0:26.524,0:24.378,258.2,Dane Cameron,,LMP2,,AO Racing,Gibson,GF,
99,2,11,1:21.052,0,,28.249,0,27.967,0,24.836,0,174.3,19:15.569,11:04:15.569,0:28.249,0:27.967,0:24.836,259.2,Dane Cameron,,LMP2,,AO Racing,Gibson,GF,
99,2,12,1:25.258,0,,32.683,0,27.656,0,24.919,0,165.7,20:40.827,11:05:40.827,0:32.683,0:27.656,0:24.919,257.2,Dane Cameron,,LMP2,,AO Racing,Gibson,GF,
99,2,13,1:18.333,0,,26.594,0,26.709,0,25.030,0,180.4,21:59.160,11:06:59.160,0:26.594,0:26.709,0:25.030,259.2,Dane Cameron,,LMP2,,AO Racing,Gibson,GF,
99,2,14,1:18.275,0,,26.438,0,27.280,0,24.557,0,180.5,23:17.435,11:08:17.435,0:26.438,0:27.280,0:24.557,260.2,Dane Cameron,,LMP2,,AO Racing,Gibson,GF,
99,2,15,1:20.043,0,,26.568,0,28.103,0,25.372,0,176.5,24:37.478,11:09:37.478,0:26.568,0:28.103,0:25.372,260.2,Dane Cameron,,LMP2,,AO Racing,Gibson,GF,
99,2,16,1:19.646,0,,27.540,0,27.513,0,24.593,0,177.4,25:57.124,11:10:57.124,0:27.540,0:27.513,0:24.593,258.2,Dane Cameron,,LMP2,,AO Racing,Gibson,GF,
99,2,17,1:18.307,0,,26.428,2,26.913,0,24.966,0,180.5,27:15.431,11:12:15.431,0:26.428,0:26.913,0:24.966,258.2,Dane Cameron,,LMP2,,AO Racing,Gibson,GF,
99,2,18,1:18.681,0,,27.591,0,26.601,0,24.489,0,179.6,28:34.112,11:13:34.112,0:27.591,0:26.601,0:24.489,257.7,Dane Cameron,,LMP2,,AO Racing,Gibson,GF,
99,2,19,1:17.962,0,,26.440,0,26.880,0,24.642,0,181.3,29:52.074,11:14:52.074,0:26.440,0:26.880,0:24.642,259.7,Dane Cameron,,LMP2,,AO Racing,Gibson,GF,
99,2,20,12:01.240,0,B,27.354,0,27.144,0,11:06.742,0,19.6,41:53.314,11:26:53.314,0:27.354,0:27.144,11:06.742,259.7,Dane Cameron,,LMP2,,AO Racing,Gibson,GF,
99,2,21,1:40.549,0,,48.397,0,27.605,0,24.547,0,140.5,43:33.863,11:28:33.863,0:48.397,0:27.605,0:24.547,237.2,Dane Cameron,0:11:13.441,LMP2,,AO Racing,Gibson,GF,
99,2,22,1:18.737,0,,27.169,0,27.043,0,24.525,0,179.5,44:52.600,11:29:52.600,0:27.169,0:27.043,0:24.525,254.7,Dane Cameron,,LMP2,,AO Racing,Gibson,GF,
99,2,23,1:18.210,0,,26.768,0,26.958,0,24.484,0,180.7,46:10.810,11:31:10.810,0:26.768,0:26.958,0:24.484,256.7,Dane Cameron,,LMP2,,AO Racing,Gibson,GF,
99,2,24,1:18.789,0,,27.446,0,26.851,0,24.492,0,179.3,47:29.599,11:32:29.599,0:27.446,0:26.851,0:24.492,256.7,Dane Cameron,,LMP2,,AO Racing,Gibson,GF,
99,2,25,1:18.974,0,,27.339,0,27.097,0,24.538,0,178.9,48:48.573,11:33:48.573,0:27.339,0:27.097,0:24.538,254.7,Dane Cameron,,LMP2,,AO Racing,Gibson,GF,
99,2,26,1:18.589,0,,27.063,0,26.876,0,24.650,0,179.8,50:07.162,11:35:07.162,0:27.063,0:26.876,0:24.650,257.2,Dane Cameron,,LMP2,,AO Racing,Gibson,GF,
99,2,27,3:59.789,0,B,27.154,0,27.133,0,3:05.502,0,58.9,54:06.951,11:39:06.951,0:27.154,0:27.133,3:05.502,259.7,Dane Cameron,,LMP2,,AO Racing,Gibson,GF,
99,2,28,1:39.487,0,,47.478,0,27.335,0,24.674,0,142.0,55:46.438,11:40:46.438,0:47.478,0:27.335,0:24.674,256.7,Dane Cameron,0:03:11.538,LMP2,,AO Racing,Gibson,GF,
99,2,29,1:18.254,0,,26.817,0,26.766,0,24.671,0,180.6,57:04.692,11:42:04.692,0:26.817,0:26.766,0:24.671,256.2,Dane Cameron,,LMP2,,AO Racing,Gibson,GF,
99,2,30,1:18.218,0,,27.045,0,26.678,0,24.495,0,180.7,58:22.910,11:43:22.910,0:27.045,0:26.678,0:24.495,257.7,Dane Cameron,,LMP2,,AO Racing,Gibson,GF,
99,2,31,1:18.835,0,,26.589,0,27.568,0,24.678,0,179.2,59:41.745,11:44:41.745,0:26.589,0:27.568,0:24.678,258.7,Dane Cameron,,LMP2,,AO Racing,Gibson,GF,
99,2,32,1:18.279,0,,26.684,0,27.068,0,24.527,0,180.5,1:01:00.024,11:46:00.024,0:26.684,0:27.068,0:24.527,258.2,Dane Cameron,,LMP2,,AO Racing,Gibson,GF,
99,2,33,5:20.149,0,B,27.156,0,27.113,0,4:25.880,0,44.1,1:06:20.173,11:51:20.173,0:27.156,0:27.113,4:25.880,258.7,Dane Cameron,,LMP2,,AO Racing,Gibson,GF,
99,1,34,1:44.138,0,,49.752,0,28.984,0,25.402,0,135.7,1:08:04.311,11:53:04.311,0:49.752,0:28.984,0:25.402,240.3,PJ Hyett,0:04:32.518,LMP2,,AO Racing,Gibson,GF,
99,1,35,1:21.507,0,,28.140,0,27.998,0,25.369,0,173.4,1:09:25.818,11:54:25.818,0:28.140,0:27.998,0:25.369,255.2,PJ Hyett,,LMP2,,AO Racing,Gibson,GF,
99,1,36,1:22.903,0,,28.751,0,28.458,0,25.694,0,170.4,1:10:48.721,11:55:48.721,0:28.751,0:28.458,0:25.694,253.7,PJ Hyett,,LMP2,,AO Racing,Gibson,GF,
99,1,37,1:19.618,0,,27.186,0,27.359,0,25.073,0,177.5,1:12:08.339,11:57:08.339,0:27.186,0:27.359,0:25.073,257.7,PJ Hyett,,LMP2,,AO Racing,Gibson,GF,
99,1,38,1:20.206,0,,27.202,0,27.356,0,25.648,0,176.2,1:13:28.545,11:58:28.545,0:27.202,0:27.356,0:25.648,257.7,PJ Hyett,,LMP2,,AO Racing,Gibson,GF,
99,1,39,1:19.800,0,,27.624,0,27.163,0,25.013,0,177.1,1:14:48.345,11:59:48.345,0:27.624,0:27.163,0:25.013,257.7,PJ Hyett,,LMP2,,AO Racing,Gibson,GF,
99,1,40,1:20.004,0,,27.268,0,27.369,0,25.367,0,176.6,1:16:08.349,12:01:08.349,0:27.268,0:27.369,0:25.367,258.2,PJ Hyett,,LMP2,,AO Racing,Gibson,GF,
99,1,41,1:19.691,0,,27.413,0,27.270,0,25.008,0,177.3,1:17:28.040,12:02:28.040,0:27.413,0:27.270,0:25.008,259.7,PJ Hyett,,LMP2,,AO Racing,Gibson,GF,
99,1,42,1:21.058,0,,28.006,0,27.937,0,25.115,0,174.3,1:18:49.098,12:03:49.098,0:28.006,0:27.937,0:25.115,258.2,PJ Hyett,,LMP2,,AO Racing,Gibson,GF,
99,1,43,1:19.983,0,,27.550,0,27.422,0,25.011,0,176.7,1:20:09.081,12:05:09.081,0:27.550,0:27.422,0:25.011,258.7,PJ Hyett,,LMP2,,AO Racing,Gibson,GF,
99,1,44,1:19.866,0,,27.138,0,27.565,0,25.163,0,176.9,1:21:28.947,12:06:28.947,0:27.138,0:27.565,0:25.163,259.2,PJ Hyett,,LMP2,,AO Racing,Gibson,GF,
99,1,45,1:19.678,0,,27.308,0,27.354,0,25.016,0,177.3,1:22:48.625,12:07:48.625,0:27.308,0:27.354,0:25.016,258.7,PJ Hyett,,LMP2,,AO Racing,Gibson,GF,
99,1,46,1:20.814,0,,27.311,0,27.606,0,25.897,0,174.9,1:24:09.439,12:09:09.439,0:27.311,0:27.606,0:25.897,259.7,PJ Hyett,,LMP2,,AO Racing,Gibson,GF,
99,1,47,1:19.416,0,,27.242,0,27.273,0,24.901,0,177.9,1:25:28.855,12:10:28.855,0:27.242,0:27.273,0:24.901,257.2,PJ Hyett,,LMP2,,AO Racing,Gibson,GF,
99,1,48,1:19.391,0,,27.339,0,27.253,0,24.799,0,178.0,1:26:48.246,12:11:48.246,0:27.339,0:27.253,0:24.799,258.2,PJ Hyett,,LMP2,,AO Racing,Gibson,GF,
99,1,49,1:20.296,0,,27.066,0,27.577,0,25.653,0,176.0,1:28:08.542,12:13:08.542,0:27.066,0:27.577,0:25.653,261.3,PJ Hyett,,LMP2,,AO Racing,Gibson,GF,
99,1,50,1:19.825,0,,27.275,0,27.190,0,25.360,0,177.0,1:29:28.367,12:14:28.367,0:27.275,0:27.190,0:25.360,260.2,PJ Hyett,,LMP2,,AO Racing,Gibson,GF,
