NUMBER, DRIVER_NUMBER, LAP_NUMBER, LAP_TIME, LAP_IMPROVEMENT, CROSSING_FINISH_LINE_IN_PIT, S1, S1_IMPROVEMENT, S2, S2_IMPROVEMENT, S3, S3_IMPROVEMENT, KPH, ELAPSED, HOUR,S1_LARGE,S2_LARGE,S3_LARGE,TOP_SPEED,DRIVER_NAME,PIT_TIME,CLASS,GROUP,TEAM,MANUFACTURER,FLAG_AT_FL,S1_SECONDS,S2_SECONDS,S3_SECONDS,
10,1,1,2:49.036,0,,1:33.710,0,36.185,0,39.141,0,93.4,2:49.036,10:22:49.036,1:33.710,0:36.185,0:39.141,,Xavier LLOVERAS,0:01:02.576,LMP3,,Eurointernational,Ligier,GF,93.710,36.185,39.141,
10,1,2,1:38.189,2,,30.961,0,31.355,2,35.873,0,170.6,4:27.225,10:24:27.225,0:30.961,0:31.355,0:35.873,264.7,Xavier LLOVERAS,,LMP3,,Eurointernational,Ligier,GF,30.961,31.355,35.873,
10,1,3,1:43.476,0,,32.497,0,32.931,0,38.048,0,161.9,6:10.701,10:26:10.701,0:32.497,0:32.931,0:38.048,270.7,Xavier LLOVERAS,,LMP3,,Eurointernational,Ligier,GF,32.497,32.931,38.048,
10,1,4,1:38.207,0,,30.887,0,31.558,0,35.762,2,170.6,7:48.908,10:27:48.908,0:30.887,0:31.558,0:35.762,268.0,Xavier LLOVERAS,,LMP3,,Eurointernational,Ligier,GF,30.887,31.558,35.762,
10,1,5,1:38.217,0,,30.982,0,31.378,0,35.857,0,170.5,9:27.125,10:29:27.125,0:30.982,0:31.378,0:35.857,270.0,Xavier LLOVERAS,,LMP3,,Eurointernational,Ligier,GF,30.982,31.378,35.857,
10,1,6,1:38.311,0,,30.943,0,31.395,0,35.973,0,170.4,11:05.436,10:31:05.436,0:30.943,0:31.395,0:35.973,268.0,Xavier LLOVERAS,,LMP3,,Eurointernational,Ligier,GF,30.943,31.395,35.973,
10,1,7,1:38.310,0,,30.865,2,31.445,0,36.000,0,170.4,12:43.746,10:32:43.746,0:30.865,0:31.445,0:36.000,268.7,Xavier LLOVERAS,,LMP3,,Eurointernational,Ligier,GF,30.865,31.445,36.000,
10,1,8,1:46.030,0,B,31.509,0,32.062,0,42.459,0,158.0,14:29.776,10:34:29.776,0:31.509,0:32.062,0:42.459,269.3,Xavier LLOVERAS,,LMP3,,Eurointernational,Ligier,GF,31.509,32.062,42.459,
10,2,9,7:33.841,0,,6:21.651,0,34.590,0,37.600,0,36.9,22:03.617,10:42:03.617,6:21.651,0:34.590,0:37.600,,Miguel CRISTÓVÃO,0:05:49.805,LMP3,,Eurointernational,Ligier,GF,381.651,34.590,37.600,
10,2,10,1:42.139,0,,32.450,0,32.917,0,36.772,0,164.0,23:45.756,10:43:45.756,0:32.450,0:32.917,0:36.772,266.7,Miguel CRISTÓVÃO,,LMP3,,Eurointernational,Ligier,GF,32.450,32.917,36.772,
10,2,11,1:45.247,0,,33.048,0,34.949,0,37.250,0,159.2,25:31.003,10:45:31.003,0:33.048,0:34.949,0:37.250,266.7,Miguel CRISTÓVÃO,,LMP3,,Eurointernational,Ligier,GF,33.048,34.949,37.250,
10,2,12,1:41.064,0,,31.860,0,32.294,0,36.910,0,165.7,27:12.067,10:47:12.067,0:31.860,0:32.294,0:36.910,267.3,Miguel CRISTÓVÃO,,LMP3,,Eurointernational,Ligier,GF,31.860,32.294,36.910,
10,2,13,1:44.701,0,,31.639,0,32.780,0,40.282,0,160.0,28:56.768,10:48:56.768,0:31.639,0:32.780,0:40.282,266.7,Miguel CRISTÓVÃO,,LMP3,,Eurointernational,Ligier,GF,31.639,32.780,40.282,
10,2,14,1:48.298,0,,34.252,0,36.050,0,37.996,0,154.7,30:45.066,10:50:45.066,0:34.252,0:36.050,0:37.996,268.0,Miguel CRISTÓVÃO,,LMP3,,Eurointernational,Ligier,GF,34.252,36.050,37.996,
10,2,15,1:40.593,0,,31.993,0,32.189,1,36.411,0,166.5,32:25.659,10:52:25.659,0:31.993,0:32.189,0:36.411,267.3,Miguel CRISTÓVÃO,,LMP3,,Eurointernational,Ligier,GF,31.993,32.189,36.411,
10,2,16,1:40.668,0,,31.806,0,32.480,0,36.382,1,166.4,34:06.327,10:54:06.327,0:31.806,0:32.480,0:36.382,269.3,Miguel CRISTÓVÃO,,LMP3,,Eurointernational,Ligier,GF,31.806,32.480,36.382,
10,2,17,2:04.045,0,,31.422,1,52.028,0,40.595,0,135.0,36:10.372,10:56:10.372,0:31.422,0:52.028,0:40.595,268.0,Miguel CRISTÓVÃO,,LMP3,,Eurointernational,Ligier,GF,31.422,52.028,40.595,
10,2,18,1:40.157,0,,31.513,0,32.240,0,36.404,0,167.2,37:50.529,10:57:50.529,0:31.513,0:32.240,0:36.404,266.0,Miguel CRISTÓVÃO,,LMP3,,Eurointernational,Ligier,GF,31.513,32.240,36.404,
10,2,19,1:42.151,0,,31.542,0,32.274,0,38.335,0,164.0,39:32.680,10:59:32.680,0:31.542,0:32.274,0:38.335,268.7,Miguel CRISTÓVÃO,,LMP3,,Eurointernational,Ligier,GF,31.542,32.274,38.335,
10,2,20,2:00.914,0,B,32.017,0,36.536,0,52.361,0,138.5,41:33.594,11:01:33.594,0:32.017,0:36.536,0:52.361,260.9,Miguel CRISTÓVÃO,,LMP3,,Eurointernational,Ligier,GF,32.017,36.536,52.361,
10,1,21,18:06.575,0,,16:54.700,0,33.085,0,38.790,0,15.4,59:40.169,11:19:40.169,16:54.700,0:33.085,0:38.790,,Xavier LLOVERAS,0:16:24.291,LMP3,,Eurointernational,Ligier,GF,1014.700,33.085,38.790,
10,1,22,1:40.684,0,,31.712,0,32.383,0,36.589,0,166.4,1:01:20.853,11:21:20.853,0:31.712,0:32.383,0:36.589,266.7,Xavier LLOVERAS,,LMP3,,Eurointernational,Ligier,GF,31.712,32.383,36.589,
10,1,23,1:40.732,0,,32.059,0,32.082,0,36.591,0,166.3,1:03:01.585,11:23:01.585,0:32.059,0:32.082,0:36.591,269.3,Xavier LLOVERAS,,LMP3,,Eurointernational,Ligier,GF,32.059,32.082,36.591,
10,1,24,1:40.047,0,,31.484,0,31.891,0,36.672,0,167.4,1:04:41.632,11:24:41.632,0:31.484,0:31.891,0:36.672,266.7,Xavier LLOVERAS,,LMP3,,Eurointernational,Ligier,GF,31.484,31.891,36.672,
10,1,25,1:51.236,0,B,32.347,0,33.391,0,45.498,0,150.6,1:06:32.868,11:26:32.868,0:32.347,0:33.391,0:45.498,270.7,Xavier LLOVERAS,,LMP3,,Eurointernational,Ligier,GF,32.347,33.391,45.498,
11,1,1,4:14.585,0,,3:05.067,0,32.602,0,36.916,0,62.0,4:14.585,10:24:14.585,3:05.067,0:32.602,0:36.916,,Max KOEBOLT,0:02:34.228,LMP3,,Eurointernational,Ligier,GF,185.067,32.602,36.916,
11,1,2,1:39.226,0,,31.417,0,31.724,0,36.085,2,168.8,5:53.811,10:25:53.811,0:31.417,0:31.724,0:36.085,263.4,Max KOEBOLT,,LMP3,,Eurointernational,Ligier,GF,31.417,31.724,36.085,
11,1,3,1:38.850,0,,31.151,2,31.513,0,36.186,0,169.5,7:32.661,10:27:32.661,0:31.151,0:31.513,0:36.186,267.3,Max KOEBOLT,,LMP3,,Eurointernational,Ligier,GF,31.151,31.513,36.186,
11,1,4,1:38.588,2,,31.160,0,31.273,2,36.155,0,169.9,9:11.249,10:29:11.249,0:31.160,0:31.273,0:36.155,266.0,Max KOEBOLT,,LMP3,,Eurointernational,Ligier,GF,31.160,31.273,36.155,
11,1,5,1:44.529,0,,31.778,0,33.620,0,39.131,0,160.3,10:55.778,10:30:55.778,0:31.778,0:33.620,0:39.131,266.7,Max KOEBOLT,,LMP3,,Eurointernational,Ligier,GF,31.778,33.620,39.131,
11,1,6,1:38.981,0,,31.355,0,31.463,0,36.163,0,169.2,12:34.759,10:32:34.759,0:31.355,0:31.463,0:36.163,264.7,Max KOEBOLT,,LMP3,,Eurointernational,Ligier,GF,31.355,31.463,36.163,
11,1,7,1:39.286,0,,31.111,0,31.353,0,36.822,0,168.7,14:14.045,10:34:14.045,0:31.111,0:31.353,0:36.822,265.4,Max KOEBOLT,,LMP3,,Eurointernational,Ligier,GF,31.111,31.353,36.822,
11,1,8,1:39.807,0,,31.374,0,31.444,0,36.989,0,167.8,15:53.852,10:35:53.852,0:31.374,0:31.444,0:36.989,266.0,Max KOEBOLT,,LMP3,,Eurointernational,Ligier,GF,31.374,31.444,36.989,
11,1,9,1:44.615,0,B,31.433,0,31.388,0,41.794,0,160.1,17:38.467,10:37:38.467,0:31.433,0:31.388,0:41.794,268.7,Max KOEBOLT,,LMP3,,Eurointernational,Ligier,GF,31.433,31.388,41.794,
11,1,10,11:05.017,0,,9:55.760,0,32.444,0,36.813,0,25.2,28:43.484,10:48:43.484,9:55.760,0:32.444,0:36.813,,Max KOEBOLT,0:09:28.571,LMP3,,Eurointernational,Ligier,GF,595.760,32.444,36.813,
11,1,11,1:42.164,0,,32.463,0,32.838,0,36.863,0,164.0,30:25.648,10:50:25.648,0:32.463,0:32.838,0:36.863,269.3,Max KOEBOLT,,LMP3,,Eurointernational,Ligier,GF,32.463,32.838,36.863,
11,1,12,1:39.983,0,,31.502,0,32.002,0,36.479,0,167.5,32:05.631,10:52:05.631,0:31.502,0:32.002,0:36.479,266.7,Max KOEBOLT,,LMP3,,Eurointernational,Ligier,GF,31.502,32.002,36.479,
11,1,13,1:40.253,0,,31.461,0,31.568,0,37.224,0,167.1,33:45.884,10:53:45.884,0:31.461,0:31.568,0:37.224,267.3,Max KOEBOLT,,LMP3,,Eurointernational,Ligier,GF,31.461,31.568,37.224,
11,1,14,1:40.892,0,,31.475,0,31.762,0,37.655,0,166.0,35:26.776,10:55:26.776,0:31.475,0:31.762,0:37.655,268.7,Max KOEBOLT,,LMP3,,Eurointernational,Ligier,GF,31.475,31.762,37.655,
11,1,15,1:42.517,0,,32.670,0,32.329,0,37.518,0,163.4,37:09.293,10:57:09.293,0:32.670,0:32.329,0:37.518,269.3,Max KOEBOLT,,LMP3,,Eurointernational,Ligier,GF,32.670,32.329,37.518,
11,1,16,1:40.135,0,,31.614,0,31.874,0,36.647,0,167.3,38:49.428,10:58:49.428,0:31.614,0:31.874,0:36.647,266.0,Max KOEBOLT,,LMP3,,Eurointernational,Ligier,GF,31.614,31.874,36.647,
11,1,17,1:46.235,0,B,31.569,0,32.349,0,42.317,0,157.7,40:35.663,11:00:35.663,0:31.569,0:32.349,0:42.317,270.0,Max KOEBOLT,,LMP3,,Eurointernational,Ligier,GF,31.569,32.349,42.317,
11,2,18,3:41.631,0,,2:30.882,0,33.338,0,37.411,0,75.6,44:17.294,11:04:17.294,2:30.882,0:33.338,0:37.411,,Jérome DE SADELEER,0:02:02.973,LMP3,,Eurointernational,Ligier,GF,150.882,33.338,37.411,
11,2,19,1:41.481,0,,31.847,0,32.563,0,37.071,0,165.1,45:58.775,11:05:58.775,0:31.847,0:32.563,0:37.071,266.0,Jérome DE SADELEER,,LMP3,,Eurointernational,Ligier,GF,31.847,32.563,37.071,
11,2,20,1:43.665,0,,33.628,0,32.896,0,37.141,0,161.6,47:42.440,11:07:42.440,0:33.628,0:32.896,0:37.141,251.7,Jérome DE SADELEER,,LMP3,,Eurointernational,Ligier,GF,33.628,32.896,37.141,
11,2,21,1:42.730,0,,32.192,0,32.639,0,37.899,0,163.1,49:25.170,11:09:25.170,0:32.192,0:32.639,0:37.899,270.0,Jérome DE SADELEER,,LMP3,,Eurointernational,Ligier,GF,32.192,32.639,37.899,
11,2,22,1:42.452,0,,32.858,0,32.460,0,37.134,0,163.5,51:07.622,11:11:07.622,0:32.858,0:32.460,0:37.134,258.4,Jérome DE SADELEER,,LMP3,,Eurointernational,Ligier,GF,32.858,32.460,37.134,
11,2,23,1:41.645,0,,32.165,0,32.370,1,37.110,0,164.8,52:49.267,11:12:49.267,0:32.165,0:32.370,0:37.110,268.7,Jérome DE SADELEER,,LMP3,,Eurointernational,Ligier,GF,32.165,32.370,37.110,
11,2,24,1:41.609,0,,31.651,1,32.578,0,37.380,0,164.9,54:30.876,11:14:30.876,0:31.651,0:32.578,0:37.380,267.3,Jérome DE SADELEER,,LMP3,,Eurointernational,Ligier,GF,31.651,32.578,37.380,
11,2,25,1:42.765,0,,32.279,0,33.359,0,37.127,0,163.0,56:13.641,11:16:13.641,0:32.279,0:33.359,0:37.127,270.0,Jérome DE SADELEER,,LMP3,,Eurointernational,Ligier,GF,32.279,33.359,37.127,
11,2,26,1:41.236,0,,31.728,0,32.577,0,36.931,1,165.5,57:54.877,11:17:54.877,0:31.728,0:32.577,0:36.931,268.7,Jérome DE SADELEER,,LMP3,,Eurointernational,Ligier,GF,31.728,32.577,36.931,
11,2,27,1:47.325,0,B,31.722,0,32.434,0,43.169,0,156.1,59:42.202,11:19:42.202,0:31.722,0:32.434,0:43.169,270.0,Jérome DE SADELEER,,LMP3,,Eurointernational,Ligier,GF,31.722,32.434,43.169,
11,1,28,4:32.529,0,,3:22.997,0,32.520,0,37.012,0,61.5,1:04:14.731,11:24:14.731,3:22.997,0:32.520,0:37.012,,Max KOEBOLT,0:02:55.598,LMP3,,Eurointernational,Ligier,GF,202.997,32.520,37.012,
11,1,29,1:41.654,0,,32.091,0,32.712,0,36.851,0,164.8,1:05:56.385,11:25:56.385,0:32.091,0:32.712,0:36.851,264.7,Max KOEBOLT,,LMP3,,Eurointernational,Ligier,GF,32.091,32.712,36.851,
11,1,30,1:41.178,0,,31.765,0,32.083,0,37.330,0,165.6,1:07:37.563,11:27:37.563,0:31.765,0:32.083,0:37.330,265.4,Max KOEBOLT,,LMP3,,Eurointernational,Ligier,GF,31.765,32.083,37.330,
11,1,31,1:40.878,0,,31.820,0,32.228,0,36.830,0,166.1,1:09:18.441,11:29:18.441,0:31.820,0:32.228,0:36.830,265.4,Max KOEBOLT,,LMP3,,Eurointernational,Ligier,GF,31.820,32.228,36.830,
11,1,32,1:40.764,0,,31.754,0,32.135,0,36.875,0,166.2,1:10:59.205,11:30:59.205,0:31.754,0:32.135,0:36.875,266.7,Max KOEBOLT,,LMP3,,Eurointernational,Ligier,GF,31.754,32.135,36.875,
11,1,33,1:41.389,0,,31.836,0,32.400,0,37.153,0,165.2,1:12:40.594,11:32:40.594,0:31.836,0:32.400,0:37.153,269.3,Max KOEBOLT,,LMP3,,Eurointernational,Ligier,GF,31.836,32.400,37.153,
11,1,34,1:40.988,0,,31.913,0,32.052,0,37.023,0,165.9,1:14:21.582,11:34:21.582,0:31.913,0:32.052,0:37.023,265.4,Max KOEBOLT,,LMP3,,Eurointernational,Ligier,GF,31.913,32.052,37.023,
11,1,35,1:41.327,0,,31.750,0,32.117,0,37.460,0,165.3,1:16:02.909,11:36:02.909,0:31.750,0:32.117,0:37.460,267.3,Max KOEBOLT,,LMP3,,Eurointernational,Ligier,GF,31.750,32.117,37.460,
11,1,36,1:41.719,0,,32.048,0,32.421,0,37.250,0,164.7,1:17:44.628,11:37:44.628,0:32.048,0:32.421,0:37.250,266.0,Max KOEBOLT,,LMP3,,Eurointernational,Ligier,GF,32.048,32.421,37.250,
11,1,37,1:46.878,0,B,31.749,0,32.165,0,42.964,0,156.7,1:19:31.506,11:39:31.506,0:31.749,0:32.165,0:42.964,265.4,Max KOEBOLT,,LMP3,,Eurointernational,Ligier,GF,31.749,32.165,42.964,
13,3,1,3:05.294,0,,1:54.055,0,33.496,0,37.743,0,85.2,3:05.294,10:23:05.294,1:54.055,0:33.496,0:37.743,,Guilherme OLIVEIRA,0:01:22.732,LMP3,,Inter Europol Competition,Ligier,GF,114.055,33.496,37.743,
13,3,2,1:39.734,0,,32.079,0,31.399,0,36.256,0,168.0,4:45.028,10:24:45.028,0:32.079,0:31.399,0:36.256,266.7,Guilherme OLIVEIRA,,LMP3,,Inter Europol Competition,Ligier,GF,32.079,31.399,36.256,
13,3,3,1:37.704,2,,30.730,2,31.380,0,35.594,0,171.4,6:22.732,10:26:22.732,0:30.730,0:31.380,0:35.594,268.7,Guilherme OLIVEIRA,,LMP3,,Inter Europol Competition,Ligier,GF,30.730,31.380,35.594,
13,3,4,1:37.644,0,,30.698,0,31.346,2,35.600,0,171.5,8:00.376,10:28:00.376,0:30.698,0:31.346,0:35.600,270.0,Guilherme OLIVEIRA,,LMP3,,Inter Europol Competition,Ligier,GF,30.698,31.346,35.600,
13,3,5,1:38.448,0,,30.744,0,31.956,0,35.748,0,170.1,9:38.824,10:29:38.824,0:30.744,0:31.956,0:35.748,274.1,Guilherme OLIVEIRA,,LMP3,,Inter Europol Competition,Ligier,GF,30.744,31.956,35.748,
13,3,6,1:37.822,0,,30.880,0,31.419,0,35.523,2,171.2,11:16.646,10:31:16.646,0:30.880,0:31.419,0:35.523,268.7,Guilherme OLIVEIRA,,LMP3,,Inter Europol Competition,Ligier,GF,30.880,31.419,35.523,
13,3,7,1:45.519,0,B,30.885,0,31.669,0,42.965,0,158.7,13:02.165,10:33:02.165,0:30.885,0:31.669,0:42.965,271.4,Guilherme OLIVEIRA,,LMP3,,Inter Europol Competition,Ligier,GF,30.885,31.669,42.965,
13,3,8,9:07.747,0,,7:59.419,0,32.208,0,36.120,0,30.6,22:09.912,10:42:09.912,7:59.419,0:32.208,0:36.120,,Guilherme OLIVEIRA,0:07:33.737,LMP3,,Inter Europol Competition,Ligier,GF,479.419,32.208,36.120,
13,3,9,1:43.794,0,,32.870,0,33.944,0,36.980,0,161.4,23:53.706,10:43:53.706,0:32.870,0:33.944,0:36.980,268.0,Guilherme OLIVEIRA,,LMP3,,Inter Europol Competition,Ligier,GF,32.870,33.944,36.980,
13,3,10,1:40.017,0,,31.933,0,31.839,0,36.245,0,167.5,25:33.723,10:45:33.723,0:31.933,0:31.839,0:36.245,268.7,Guilherme OLIVEIRA,,LMP3,,Inter Europol Competition,Ligier,GF,31.933,31.839,36.245,
13,3,11,1:39.821,0,,31.358,0,32.097,0,36.366,0,167.8,27:13.544,10:47:13.544,0:31.358,0:32.097,0:36.366,268.0,Guilherme OLIVEIRA,,LMP3,,Inter Europol Competition,Ligier,GF,31.358,32.097,36.366,
13,3,12,1:41.033,0,,31.638,0,32.192,0,37.203,0,165.8,28:54.577,10:48:54.577,0:31.638,0:32.192,0:37.203,269.3,Guilherme OLIVEIRA,,LMP3,,Inter Europol Competition,Ligier,GF,31.638,32.192,37.203,
13,3,13,1:41.187,0,,32.677,0,32.252,0,36.258,0,165.5,30:35.764,10:50:35.764,0:32.677,0:32.252,0:36.258,270.7,Guilherme OLIVEIRA,,LMP3,,Inter Europol Competition,Ligier,GF,32.677,32.252,36.258,
13,3,14,1:40.660,0,,31.547,0,31.888,0,37.225,0,166.4,32:16.424,10:52:16.424,0:31.547,0:31.888,0:37.225,268.7,Guilherme OLIVEIRA,,LMP3,,Inter Europol Competition,Ligier,GF,31.547,31.888,37.225,
13,3,15,1:39.853,0,,31.542,0,32.047,0,36.264,0,167.8,33:56.277,10:53:56.277,0:31.542,0:32.047,0:36.264,266.7,Guilherme OLIVEIRA,,LMP3,,Inter Europol Competition,Ligier,GF,31.542,32.047,36.264,
13,3,16,1:45.992,0,B,31.538,0,32.395,0,42.059,0,158.0,35:42.269,10:55:42.269,0:31.538,0:32.395,0:42.059,268.7,Guilherme OLIVEIRA,,LMP3,,Inter Europol Competition,Ligier,GF,31.538,32.395,42.059,
13,1,17,5:20.781,0,,4:11.619,0,32.325,0,36.837,0,52.2,41:03.050,11:01:03.050,4:11.619,0:32.325,0:36.837,,Nicolas PINO,0:03:45.386,LMP3,,Inter Europol Competition,Ligier,GF,251.619,32.325,36.837,
13,1,18,1:40.559,0,,31.772,0,32.255,0,36.532,0,166.6,42:43.609,11:02:43.609,0:31.772,0:32.255,0:36.532,268.0,Nicolas PINO,,LMP3,,Inter Europol Competition,Ligier,GF,31.772,32.255,36.532,
13,1,19,1:40.007,0,,31.423,0,32.096,0,36.488,0,167.5,44:23.616,11:04:23.616,0:31.423,0:32.096,0:36.488,268.7,Nicolas PINO,,LMP3,,Inter Europol Competition,Ligier,GF,31.423,32.096,36.488,
13,1,20,1:39.720,0,,31.279,0,31.871,0,36.570,0,168.0,46:03.336,11:06:03.336,0:31.279,0:31.871,0:36.570,270.7,Nicolas PINO,,LMP3,,Inter Europol Competition,Ligier,GF,31.279,31.871,36.570,
13,1,21,1:39.820,0,,31.292,0,31.879,0,36.649,0,167.8,47:43.156,11:07:43.156,0:31.292,0:31.879,0:36.649,270.0,Nicolas PINO,,LMP3,,Inter Europol Competition,Ligier,GF,31.292,31.879,36.649,
13,1,22,1:42.133,0,,31.799,0,32.697,0,37.637,0,164.0,49:25.289,11:09:25.289,0:31.799,0:32.697,0:37.637,272.0,Nicolas PINO,,LMP3,,Inter Europol Competition,Ligier,GF,31.799,32.697,37.637,
13,1,23,1:39.812,0,,31.591,0,31.740,0,36.481,0,167.8,51:05.101,11:11:05.101,0:31.591,0:31.740,0:36.481,271.4,Nicolas PINO,,LMP3,,Inter Europol Competition,Ligier,GF,31.591,31.740,36.481,
13,1,24,1:39.141,0,,31.099,1,31.774,0,36.268,1,169.0,52:44.242,11:12:44.242,0:31.099,0:31.774,0:36.268,270.0,Nicolas PINO,,LMP3,,Inter Europol Competition,Ligier,GF,31.099,31.774,36.268,
13,1,25,1:49.387,0,B,31.535,0,32.413,0,45.439,0,153.1,54:33.629,11:14:33.629,0:31.535,0:32.413,0:45.439,271.4,Nicolas PINO,,LMP3,,Inter Europol Competition,Ligier,GF,31.535,32.413,45.439,
13,2,26,3:47.388,0,,2:37.703,0,32.993,0,36.692,0,73.7,58:21.017,11:18:21.017,2:37.703,0:32.993,0:36.692,,Charles CREWS,0:02:11.310,LMP3,,Inter Europol Competition,Ligier,GF,157.703,32.993,36.692,
13,2,27,1:42.956,0,,32.912,0,33.207,0,36.837,0,162.7,1:00:03.973,11:20:03.973,0:32.912,0:33.207,0:36.837,268.7,Charles CREWS,,LMP3,,Inter Europol Competition,Ligier,GF,32.912,33.207,36.837,
13,2,28,1:40.254,0,,31.444,0,32.269,1,36.541,0,167.1,1:01:44.227,11:21:44.227,0:31.444,0:32.269,0:36.541,268.0,Charles CREWS,,LMP3,,Inter Europol Competition,Ligier,GF,31.444,32.269,36.541,
13,2,29,1:40.382,0,,31.637,0,32.404,0,36.341,0,166.9,1:03:24.609,11:23:24.609,0:31.637,0:32.404,0:36.341,270.7,Charles CREWS,,LMP3,,Inter Europol Competition,Ligier,GF,31.637,32.404,36.341,
13,2,30,1:40.660,0,,31.577,0,32.518,0,36.565,0,166.4,1:05:05.269,11:25:05.269,0:31.577,0:32.518,0:36.565,270.0,Charles CREWS,,LMP3,,Inter Europol Competition,Ligier,GF,31.577,32.518,36.565,
13,2,31,1:41.462,0,,31.892,0,32.812,0,36.758,0,165.1,1:06:46.731,11:26:46.731,0:31.892,0:32.812,0:36.758,271.4,Charles CREWS,,LMP3,,Inter Europol Competition,Ligier,GF,31.892,32.812,36.758,
13,2,32,1:41.661,0,,31.975,0,32.707,0,36.979,0,164.8,1:08:28.392,11:28:28.392,0:31.975,0:32.707,0:36.979,270.7,Charles CREWS,,LMP3,,Inter Europol Competition,Ligier,GF,31.975,32.707,36.979,
13,2,33,1:40.911,0,,31.519,1,33.073,0,36.319,1,166.0,1:10:09.303,11:30:09.303,0:31.519,0:33.073,0:36.319,269.3,Charles CREWS,,LMP3,,Inter Europol Competition,Ligier,GF,31.519,33.073,36.319,
13,2,34,1:46.809,0,B,32.042,0,32.443,0,42.324,0,156.8,1:11:56.112,11:31:56.112,0:32.042,0:32.443,0:42.324,268.7,Charles CREWS,,LMP3,,Inter Europol Competition,Ligier,GF,32.042,32.443,42.324,
13,1,35,5:46.725,0,,4:36.170,0,32.156,0,38.399,0,48.3,1:17:42.837,11:37:42.837,4:36.170,0:32.156,0:38.399,,Nicolas PINO,0:04:10.204,LMP3,,Inter Europol Competition,Ligier,GF,276.170,32.156,38.399,
13,1,36,1:39.858,0,,31.716,0,31.792,0,36.350,0,167.7,1:19:22.695,11:39:22.695,0:31.716,0:31.792,0:36.350,262.1,Nicolas PINO,,LMP3,,Inter Europol Competition,Ligier,GF,31.716,31.792,36.350,
13,1,37,1:39.769,0,,31.458,0,31.790,0,36.521,0,167.9,1:21:02.464,11:41:02.464,0:31.458,0:31.790,0:36.521,269.3,Nicolas PINO,,LMP3,,Inter Europol Competition,Ligier,GF,31.458,31.790,36.521,
13,1,38,1:40.068,0,,31.524,0,31.893,0,36.651,0,167.4,1:22:42.532,11:42:42.532,0:31.524,0:31.893,0:36.651,270.7,Nicolas PINO,,LMP3,,Inter Europol Competition,Ligier,GF,31.524,31.893,36.651,
13,1,39,1:39.693,0,,31.356,0,31.753,0,36.584,0,168.0,1:24:22.225,11:44:22.225,0:31.356,0:31.753,0:36.584,269.3,Nicolas PINO,,LMP3,,Inter Europol Competition,Ligier,GF,31.356,31.753,36.584,
13,1,40,1:39.757,0,,31.412,0,31.766,0,36.579,0,167.9,1:26:01.982,11:46:01.982,0:31.412,0:31.766,0:36.579,272.0,Nicolas PINO,,LMP3,,Inter Europol Competition,Ligier,GF,31.412,31.766,36.579,
13,1,41,1:39.354,0,,31.286,0,31.600,1,36.468,0,168.6,1:27:41.336,11:47:41.336,0:31.286,0:31.600,0:36.468,270.0,Nicolas PINO,,LMP3,,Inter Europol Competition,Ligier,GF,31.286,31.600,36.468,
13,1,42,1:39.488,0,,31.200,0,31.786,0,36.502,0,168.4,1:29:20.824,11:49:20.824,0:31.200,0:31.786,0:36.502,270.7,Nicolas PINO,,LMP3,,Inter Europol Competition,Ligier,GF,31.200,31.786,36.502,
13,1,43,1:41.100,0,,32.692,0,31.877,0,36.531,0,165.7,1:31:01.924,11:51:01.924,0:32.692,0:31.877,0:36.531,269.3,Nicolas PINO,,LMP3,,Inter Europol Competition,Ligier,FF,32.692,31.877,36.531,
14,3,1,2:21.358,0,B,53.004,0,34.467,0,53.887,0,111.7,2:21.358,10:22:21.358,0:53.004,0:34.467,0:53.887,,Mateusz KAPRZYK,0:00:21.183,LMP3,,Inter Europol Competition,Ligier,GF,53.004,34.467,53.887,
14,3,2,4:25.433,0,,3:11.232,0,34.832,0,39.369,0,63.1,6:46.791,10:26:46.791,3:11.232,0:34.832,0:39.369,,Mateusz KAPRZYK,0:02:41.718,LMP3,,Inter Europol Competition,Ligier,GF,191.232,34.832,39.369,
14,3,3,1:45.396,0,,34.255,0,33.408,0,37.733,0,158.9,8:32.187,10:28:32.187,0:34.255,0:33.408,0:37.733,268.7,Mateusz KAPRZYK,,LMP3,,Inter Europol Competition,Ligier,GF,34.255,33.408,37.733,
14,3,4,1:39.397,0,,31.420,0,31.985,0,35.992,0,168.5,10:11.584,10:30:11.584,0:31.420,0:31.985,0:35.992,268.0,Mateusz KAPRZYK,,LMP3,,Inter Europol Competition,Ligier,GF,31.420,31.985,35.992,
14,3,5,1:38.665,0,,31.014,0,31.600,0,36.051,0,169.8,11:50.249,10:31:50.249,0:31.014,0:31.600,0:36.051,268.0,Mateusz KAPRZYK,,LMP3,,Inter Europol Competition,Ligier,GF,31.014,31.600,36.051,
14,3,6,1:38.382,2,,31.002,2,31.454,2,35.926,2,170.3,13:28.631,10:33:28.631,0:31.002,0:31.454,0:35.926,268.7,Mateusz KAPRZYK,,LMP3,,Inter Europol Competition,Ligier,GF,31.002,31.454,35.926,
14,3,7,1:45.472,0,,32.063,0,34.464,0,38.945,0,158.8,15:14.103,10:35:14.103,0:32.063,0:34.464,0:38.945,268.7,Mateusz KAPRZYK,,LMP3,,Inter Europol Competition,Ligier,GF,32.063,34.464,38.945,
14,3,8,1:38.622,0,,31.037,0,31.545,0,36.040,0,169.8,16:52.725,10:36:52.725,0:31.037,0:31.545,0:36.040,269.3,Mateusz KAPRZYK,,LMP3,,Inter Europol Competition,Ligier,GF,31.037,31.545,36.040,
14,3,9,1:47.326,0,B,32.118,0,32.396,0,42.812,0,156.1,18:40.051,10:38:40.051,0:32.118,0:32.396,0:42.812,269.3,Mateusz KAPRZYK,,LMP3,,Inter Europol Competition,Ligier,GF,32.118,32.396,42.812,
14,2,10,3:28.679,0,,2:18.847,0,32.767,0,37.065,0,80.3,22:08.730,10:42:08.730,2:18.847,0:32.767,0:37.065,,Noam ABRAMCZYK,0:01:50.896,LMP3,,Inter Europol Competition,Ligier,GF,138.847,32.767,37.065,
14,2,11,1:44.910,0,,33.370,0,32.596,0,38.944,0,159.7,23:53.640,10:43:53.640,0:33.370,0:32.596,0:38.944,266.0,Noam ABRAMCZYK,,LMP3,,Inter Europol Competition,Ligier,GF,33.370,32.596,38.944,
14,2,12,1:41.275,0,,32.330,0,32.107,0,36.838,0,165.4,25:34.915,10:45:34.915,0:32.330,0:32.107,0:36.838,264.7,Noam ABRAMCZYK,,LMP3,,Inter Europol Competition,Ligier,GF,32.330,32.107,36.838,
14,2,13,1:40.323,0,,31.650,0,32.250,0,36.423,1,167.0,27:15.238,10:47:15.238,0:31.650,0:32.250,0:36.423,268.0,Noam ABRAMCZYK,,LMP3,,Inter Europol Competition,Ligier,GF,31.650,32.250,36.423,
14,2,14,1:40.966,0,,31.408,1,32.092,0,37.466,0,165.9,28:56.204,10:48:56.204,0:31.408,0:32.092,0:37.466,268.7,Noam ABRAMCZYK,,LMP3,,Inter Europol Competition,Ligier,GF,31.408,32.092,37.466,
14,2,15,1:42.119,0,,32.892,0,32.021,0,37.206,0,164.0,30:38.323,10:50:38.323,0:32.892,0:32.021,0:37.206,268.7,Noam ABRAMCZYK,,LMP3,,Inter Europol Competition,Ligier,GF,32.892,32.021,37.206,
14,2,16,1:41.394,0,,31.900,0,32.180,0,37.314,0,165.2,32:19.717,10:52:19.717,0:31.900,0:32.180,0:37.314,263.4,Noam ABRAMCZYK,,LMP3,,Inter Europol Competition,Ligier,GF,31.900,32.180,37.314,
14,2,17,1:39.864,0,,31.446,0,31.845,1,36.573,0,167.7,33:59.581,10:53:59.581,0:31.446,0:31.845,0:36.573,268.0,Noam ABRAMCZYK,,LMP3,,Inter Europol Competition,Ligier,GF,31.446,31.845,36.573,
14,2,18,1:46.708,0,B,31.510,0,31.870,0,43.328,0,157.0,35:46.289,10:55:46.289,0:31.510,0:31.870,0:43.328,266.7,Noam ABRAMCZYK,,LMP3,,Inter Europol Competition,Ligier,GF,31.510,31.870,43.328,
14,1,19,3:36.638,0,,2:24.479,0,34.641,0,37.518,0,77.3,39:22.927,10:59:22.927,2:24.479,0:34.641,0:37.518,,James DAYSON,0:01:53.684,LMP3,,Inter Europol Competition,Ligier,GF,144.479,34.641,37.518,
14,1,20,1:42.983,0,,32.659,0,33.192,0,37.132,0,162.7,41:05.910,11:01:05.910,0:32.659,0:33.192,0:37.132,266.7,James DAYSON,,LMP3,,Inter Europol Competition,Ligier,GF,32.659,33.192,37.132,
14,1,21,1:44.122,0,,32.649,0,33.201,0,38.272,0,160.9,42:50.032,11:02:50.032,0:32.649,0:33.201,0:38.272,269.3,James DAYSON,,LMP3,,Inter Europol Competition,Ligier,GF,32.649,33.201,38.272,
14,1,22,1:43.714,0,,32.278,0,33.007,0,38.429,0,161.5,44:33.746,11:04:33.746,0:32.278,0:33.007,0:38.429,266.0,James DAYSON,,LMP3,,Inter Europol Competition,Ligier,GF,32.278,33.007,38.429,
14,1,23,1:42.410,0,,32.234,0,33.011,0,37.165,0,163.6,46:16.156,11:06:16.156,0:32.234,0:33.011,0:37.165,269.3,James DAYSON,,LMP3,,Inter Europol Competition,Ligier,GF,32.234,33.011,37.165,
14,1,24,1:42.751,0,,32.335,0,33.051,0,37.365,0,163.0,47:58.907,11:07:58.907,0:32.335,0:33.051,0:37.365,263.4,James DAYSON,,LMP3,,Inter Europol Competition,Ligier,GF,32.335,33.051,37.365,
14,1,25,1:42.853,0,,32.446,0,33.423,0,36.984,0,162.9,49:41.760,11:09:41.760,0:32.446,0:33.423,0:36.984,274.8,James DAYSON,,LMP3,,Inter Europol Competition,Ligier,GF,32.446,33.423,36.984,
14,1,26,1:41.597,0,,32.152,0,32.760,1,36.685,1,164.9,51:23.357,11:11:23.357,0:32.152,0:32.760,0:36.685,268.0,James DAYSON,,LMP3,,Inter Europol Competition,Ligier,GF,32.152,32.760,36.685,
14,1,27,1:41.842,0,,32.334,0,32.778,0,36.730,0,164.5,53:05.199,11:13:05.199,0:32.334,0:32.778,0:36.730,268.0,James DAYSON,,LMP3,,Inter Europol Competition,Ligier,GF,32.334,32.778,36.730,
14,1,28,1:42.686,0,,32.228,0,33.463,0,36.995,0,163.1,54:47.885,11:14:47.885,0:32.228,0:33.463,0:36.995,262.8,James DAYSON,,LMP3,,Inter Europol Competition,Ligier,GF,32.228,33.463,36.995,
14,1,29,1:42.228,0,,32.011,1,33.304,0,36.913,0,163.9,56:30.113,11:16:30.113,0:32.011,0:33.304,0:36.913,270.0,James DAYSON,,LMP3,,Inter Europol Competition,Ligier,GF,32.011,33.304,36.913,
14,1,30,1:47.977,0,B,32.090,0,32.850,0,43.037,0,155.1,58:18.090,11:18:18.090,0:32.090,0:32.850,0:43.037,266.0,James DAYSON,,LMP3,,Inter Europol Competition,Ligier,GF,32.090,32.850,43.037,
14,3,31,3:24.254,0,,2:13.311,0,34.052,0,36.891,0,82.0,1:01:42.344,11:21:42.344,2:13.311,0:34.052,0:36.891,,Mateusz KAPRZYK,0:01:44.048,LMP3,,Inter Europol Competition,Ligier,GF,133.311,34.052,36.891,
14,3,32,1:40.244,0,,31.497,0,32.031,0,36.716,0,167.1,1:03:22.588,11:23:22.588,0:31.497,0:32.031,0:36.716,275.5,Mateusz KAPRZYK,,LMP3,,Inter Europol Competition,Ligier,GF,31.497,32.031,36.716,
14,3,33,1:41.222,0,,32.222,0,32.080,0,36.920,0,165.5,1:05:03.810,11:25:03.810,0:32.222,0:32.080,0:36.920,272.0,Mateusz KAPRZYK,,LMP3,,Inter Europol Competition,Ligier,GF,32.222,32.080,36.920,
14,3,34,1:40.957,0,,31.595,0,32.301,0,37.061,0,165.9,1:06:44.767,11:26:44.767,0:31.595,0:32.301,0:37.061,266.7,Mateusz KAPRZYK,,LMP3,,Inter Europol Competition,Ligier,GF,31.595,32.301,37.061,
14,3,35,1:41.813,0,,31.407,0,33.674,0,36.732,0,164.5,1:08:26.580,11:28:26.580,0:31.407,0:33.674,0:36.732,265.4,Mateusz KAPRZYK,,LMP3,,Inter Europol Competition,Ligier,GF,31.407,33.674,36.732,
14,3,36,1:39.415,0,,31.251,0,31.819,0,36.345,0,168.5,1:10:05.995,11:30:05.995,0:31.251,0:31.819,0:36.345,270.0,Mateusz KAPRZYK,,LMP3,,Inter Europol Competition,Ligier,GF,31.251,31.819,36.345,
14,3,37,1:41.200,0,,32.070,0,31.991,0,37.139,0,165.5,1:11:47.195,11:31:47.195,0:32.070,0:31.991,0:37.139,269.3,Mateusz KAPRZYK,,LMP3,,Inter Europol Competition,Ligier,GF,32.070,31.991,37.139,
14,3,38,1:48.153,0,B,32.954,0,32.623,0,42.576,0,154.9,1:13:35.348,11:33:35.348,0:32.954,0:32.623,0:42.576,264.7,Mateusz KAPRZYK,,LMP3,,Inter Europol Competition,Ligier,GF,32.954,32.623,42.576,
14,2,39,3:34.269,0,,2:24.021,0,33.000,0,37.248,0,78.2,1:17:09.617,11:37:09.617,2:24.021,0:33.000,0:37.248,,Noam ABRAMCZYK,0:01:54.462,LMP3,,Inter Europol Competition,Ligier,GF,144.021,33.000,37.248,
14,2,40,1:41.764,0,,32.024,0,32.768,0,36.972,0,164.6,1:18:51.381,11:38:51.381,0:32.024,0:32.768,0:36.972,268.0,Noam ABRAMCZYK,,LMP3,,Inter Europol Competition,Ligier,GF,32.024,32.768,36.972,
14,2,41,1:40.664,0,,31.674,0,32.297,0,36.693,0,166.4,1:20:32.045,11:40:32.045,0:31.674,0:32.297,0:36.693,267.3,Noam ABRAMCZYK,,LMP3,,Inter Europol Competition,Ligier,GF,31.674,32.297,36.693,
14,2,42,1:40.607,0,,31.647,0,32.185,0,36.775,0,166.5,1:22:12.652,11:42:12.652,0:31.647,0:32.185,0:36.775,270.0,Noam ABRAMCZYK,,LMP3,,Inter Europol Competition,Ligier,GF,31.647,32.185,36.775,
14,2,43,1:40.728,0,,31.736,0,32.180,0,36.812,0,166.3,1:23:53.380,11:43:53.380,0:31.736,0:32.180,0:36.812,272.0,Noam ABRAMCZYK,,LMP3,,Inter Europol Competition,Ligier,GF,31.736,32.180,36.812,
14,2,44,1:40.755,0,,31.653,0,32.347,0,36.755,0,166.3,1:25:34.135,11:45:34.135,0:31.653,0:32.347,0:36.755,272.0,Noam ABRAMCZYK,,LMP3,,Inter Europol Competition,Ligier,GF,31.653,32.347,36.755,
14,2,45,1:41.538,0,,31.748,0,32.158,0,37.632,0,165.0,1:27:15.673,11:47:15.673,0:31.748,0:32.158,0:37.632,270.7,Noam ABRAMCZYK,,LMP3,,Inter Europol Competition,Ligier,GF,31.748,32.158,37.632,
14,2,46,1:41.240,0,,31.842,0,32.513,0,36.885,0,165.5,1:28:56.913,11:48:56.913,0:31.842,0:32.513,0:36.885,268.0,Noam ABRAMCZYK,,LMP3,,Inter Europol Competition,Ligier,GF,31.842,32.513,36.885,
14,2,47,1:41.343,0,,31.691,0,32.050,0,37.602,0,165.3,1:30:38.256,11:50:38.256,0:31.691,0:32.050,0:37.602,268.7,Noam ABRAMCZYK,,LMP3,,Inter Europol Competition,Ligier,FF,31.691,32.050,37.602,
15,3,1,7:22.112,0,,6:13.004,0,32.099,0,37.009,0,35.7,7:22.112,10:27:22.112,6:13.004,0:32.099,0:37.009,,Valentino CATALANO,0:05:39.267,LMP3,,RLR MSport,Ligier,GF,373.004,32.099,37.009,
15,3,2,1:40.406,0,,31.707,0,31.724,0,36.975,0,166.8,9:02.518,10:29:02.518,0:31.707,0:31.724,0:36.975,268.0,Valentino CATALANO,,LMP3,,RLR MSport,Ligier,GF,31.707,31.724,36.975,
15,3,3,1:38.439,0,,31.216,0,31.212,0,36.011,0,170.2,10:40.957,10:30:40.957,0:31.216,0:31.212,0:36.011,267.3,Valentino CATALANO,,LMP3,,RLR MSport,Ligier,GF,31.216,31.212,36.011,
15,3,4,1:37.878,2,,30.807,2,31.201,0,35.870,2,171.1,12:18.835,10:32:18.835,0:30.807,0:31.201,0:35.870,271.4,Valentino CATALANO,,LMP3,,RLR MSport,Ligier,GF,30.807,31.201,35.870,
15,3,5,1:42.834,0,,31.854,0,31.865,0,39.115,0,162.9,14:01.669,10:34:01.669,0:31.854,0:31.865,0:39.115,274.8,Valentino CATALANO,,LMP3,,RLR MSport,Ligier,GF,31.854,31.865,39.115,
15,3,6,1:38.507,0,,31.059,0,31.242,0,36.206,0,170.0,15:40.176,10:35:40.176,0:31.059,0:31.242,0:36.206,271.4,Valentino CATALANO,,LMP3,,RLR MSport,Ligier,GF,31.059,31.242,36.206,
15,3,7,1:37.998,0,,30.842,0,31.058,2,36.098,0,170.9,17:18.174,10:37:18.174,0:30.842,0:31.058,0:36.098,270.7,Valentino CATALANO,,LMP3,,RLR MSport,Ligier,GF,30.842,31.058,36.098,
15,3,8,1:55.491,0,B,34.560,0,33.784,0,47.147,0,145.0,19:13.665,10:39:13.665,0:34.560,0:33.784,0:47.147,240.5,Valentino CATALANO,,LMP3,,RLR MSport,Ligier,GF,34.560,33.784,47.147,
15,2,9,4:18.828,0,,3:09.136,0,32.526,0,37.166,0,64.7,23:32.493,10:43:32.493,3:09.136,0:32.526,0:37.166,,Austin MCCUSKER,0:02:41.447,LMP3,,RLR MSport,Ligier,GF,189.136,32.526,37.166,
15,2,10,1:40.509,0,,31.467,0,32.217,0,36.825,0,166.7,25:13.002,10:45:13.002,0:31.467,0:32.217,0:36.825,268.7,Austin MCCUSKER,,LMP3,,RLR MSport,Ligier,GF,31.467,32.217,36.825,
15,2,11,1:44.675,0,,32.546,0,32.140,0,39.989,0,160.0,26:57.677,10:46:57.677,0:32.546,0:32.140,0:39.989,268.0,Austin MCCUSKER,,LMP3,,RLR MSport,Ligier,GF,32.546,32.140,39.989,
15,2,12,1:39.574,0,,31.297,0,31.932,0,36.345,1,168.2,28:37.251,10:48:37.251,0:31.297,0:31.932,0:36.345,270.0,Austin MCCUSKER,,LMP3,,RLR MSport,Ligier,GF,31.297,31.932,36.345,
15,2,13,1:40.875,0,,31.694,0,32.623,0,36.558,0,166.1,30:18.126,10:50:18.126,0:31.694,0:32.623,0:36.558,270.0,Austin MCCUSKER,,LMP3,,RLR MSport,Ligier,GF,31.694,32.623,36.558,
15,2,14,1:40.059,0,,31.300,0,31.980,0,36.779,0,167.4,31:58.185,10:51:58.185,0:31.300,0:31.980,0:36.779,270.7,Austin MCCUSKER,,LMP3,,RLR MSport,Ligier,GF,31.300,31.980,36.779,
15,2,15,1:40.382,0,,31.271,0,32.040,0,37.071,0,166.9,33:38.567,10:53:38.567,0:31.271,0:32.040,0:37.071,271.4,Austin MCCUSKER,,LMP3,,RLR MSport,Ligier,GF,31.271,32.040,37.071,
15,2,16,1:39.870,0,,31.255,1,31.686,1,36.929,0,167.7,35:18.437,10:55:18.437,0:31.255,0:31.686,0:36.929,270.7,Austin MCCUSKER,,LMP3,,RLR MSport,Ligier,GF,31.255,31.686,36.929,
15,2,17,1:45.668,0,B,31.277,0,32.313,0,42.078,0,158.5,37:04.105,10:57:04.105,0:31.277,0:32.313,0:42.078,271.4,Austin MCCUSKER,,LMP3,,RLR MSport,Ligier,GF,31.277,32.313,42.078,
15,1,18,17:04.581,0,,15:53.576,0,33.572,0,37.433,0,16.3,54:08.686,11:14:08.686,15:53.576,0:33.572,0:37.433,,Horst FELBERMAYR JR,0:15:25.424,LMP3,,RLR MSport,Ligier,GF,953.576,33.572,37.433,
15,1,19,1:42.028,0,,32.222,0,32.658,0,37.148,0,164.2,55:50.714,11:15:50.714,0:32.222,0:32.658,0:37.148,264.7,Horst FELBERMAYR JR,,LMP3,,RLR MSport,Ligier,GF,32.222,32.658,37.148,
15,1,20,1:41.015,0,,31.460,1,32.314,0,37.241,0,165.8,57:31.729,11:17:31.729,0:31.460,0:32.314,0:37.241,267.3,Horst FELBERMAYR JR,,LMP3,,RLR MSport,Ligier,GF,31.460,32.314,37.241,
15,1,21,1:41.873,0,,31.777,0,32.600,0,37.496,0,164.4,59:13.602,11:19:13.602,0:31.777,0:32.600,0:37.496,270.7,Horst FELBERMAYR JR,,LMP3,,RLR MSport,Ligier,GF,31.777,32.600,37.496,
15,1,22,1:41.390,0,,31.649,0,32.352,0,37.389,0,165.2,1:00:54.992,11:20:54.992,0:31.649,0:32.352,0:37.389,268.7,Horst FELBERMAYR JR,,LMP3,,RLR MSport,Ligier,GF,31.649,32.352,37.389,
15,1,23,1:41.282,0,,31.663,0,32.697,0,36.922,0,165.4,1:02:36.274,11:22:36.274,0:31.663,0:32.697,0:36.922,270.0,Horst FELBERMAYR JR,,LMP3,,RLR MSport,Ligier,GF,31.663,32.697,36.922,
15,1,24,1:43.726,0,,32.572,0,33.615,0,37.539,0,161.5,1:04:20.000,11:24:20.000,0:32.572,0:33.615,0:37.539,269.3,Horst FELBERMAYR JR,,LMP3,,RLR MSport,Ligier,GF,32.572,33.615,37.539,
15,1,25,1:40.409,0,,31.620,0,32.235,1,36.554,1,166.8,1:06:00.409,11:26:00.409,0:31.620,0:32.235,0:36.554,270.0,Horst FELBERMAYR JR,,LMP3,,RLR MSport,Ligier,GF,31.620,32.235,36.554,
15,1,26,1:41.167,0,,31.899,0,32.438,0,36.830,0,165.6,1:07:41.576,11:27:41.576,0:31.899,0:32.438,0:36.830,270.7,Horst FELBERMAYR JR,,LMP3,,RLR MSport,Ligier,GF,31.899,32.438,36.830,
15,1,27,1:40.576,0,,31.463,0,32.437,0,36.676,0,166.5,1:09:22.152,11:29:22.152,0:31.463,0:32.437,0:36.676,270.0,Horst FELBERMAYR JR,,LMP3,,RLR MSport,Ligier,GF,31.463,32.437,36.676,
15,1,28,1:49.499,0,B,31.668,0,33.670,0,44.161,0,153.0,1:11:11.651,11:31:11.651,0:31.668,0:33.670,0:44.161,269.3,Horst FELBERMAYR JR,,LMP3,,RLR MSport,Ligier,GF,31.668,33.670,44.161,
15,3,29,5:02.172,0,,3:51.969,0,33.052,0,37.151,0,55.4,1:16:13.823,11:36:13.823,3:51.969,0:33.052,0:37.151,,Valentino CATALANO,0:03:26.037,LMP3,,RLR MSport,Ligier,GF,231.969,33.052,37.151,
15,3,30,1:41.732,0,,31.944,0,32.377,0,37.411,0,164.7,1:17:55.555,11:37:55.555,0:31.944,0:32.377,0:37.411,270.0,Valentino CATALANO,,LMP3,,RLR MSport,Ligier,GF,31.944,32.377,37.411,
15,3,31,1:41.750,0,,31.564,0,32.565,0,37.621,0,164.6,1:19:37.305,11:39:37.305,0:31.564,0:32.565,0:37.621,268.7,Valentino CATALANO,,LMP3,,RLR MSport,Ligier,GF,31.564,32.565,37.621,
15,3,32,1:40.702,0,,31.771,0,31.980,0,36.951,0,166.3,1:21:18.007,11:41:18.007,0:31.771,0:31.980,0:36.951,269.3,Valentino CATALANO,,LMP3,,RLR MSport,Ligier,GF,31.771,31.980,36.951,
15,3,33,1:40.350,0,,31.635,0,31.916,0,36.799,0,166.9,1:22:58.357,11:42:58.357,0:31.635,0:31.916,0:36.799,271.4,Valentino CATALANO,,LMP3,,RLR MSport,Ligier,GF,31.635,31.916,36.799,
15,3,34,1:40.163,0,,31.283,0,32.033,0,36.847,0,167.2,1:24:38.520,11:44:38.520,0:31.283,0:32.033,0:36.847,268.0,Valentino CATALANO,,LMP3,,RLR MSport,Ligier,GF,31.283,32.033,36.847,
15,3,35,1:40.148,0,,31.640,0,31.865,0,36.643,0,167.3,1:26:18.668,11:46:18.668,0:31.640,0:31.865,0:36.643,268.7,Valentino CATALANO,,LMP3,,RLR MSport,Ligier,GF,31.640,31.865,36.643,
15,3,36,1:39.597,0,,31.356,0,31.678,0,36.563,0,168.2,1:27:58.265,11:47:58.265,0:31.356,0:31.678,0:36.563,268.0,Valentino CATALANO,,LMP3,,RLR MSport,Ligier,GF,31.356,31.678,36.563,
15,3,37,1:40.538,0,,31.609,0,31.910,0,37.019,0,166.6,1:29:38.803,11:49:38.803,0:31.609,0:31.910,0:37.019,268.7,Valentino CATALANO,,LMP3,,RLR MSport,Ligier,GF,31.609,31.910,37.019,
15,3,38,1:48.452,0,B,31.894,0,32.830,0,43.728,0,154.5,1:31:27.255,11:51:27.255,0:31.894,0:32.830,0:43.728,268.7,Valentino CATALANO,,LMP3,,RLR MSport,Ligier,FF,31.894,32.830,43.728,
17,1,1,8:17.847,0,,7:05.932,0,32.246,0,39.669,0,31.7,8:17.847,10:28:17.847,7:05.932,0:32.246,0:39.669,,Malthe JAKOBSEN,0:06:34.643,LMP3,,COOL Racing,Ligier,GF,425.932,32.246,39.669,
17,1,2,1:40.168,0,,30.904,0,31.056,2,38.208,0,167.2,9:58.015,10:29:58.015,0:30.904,0:31.056,0:38.208,266.7,Malthe JAKOBSEN,,LMP3,,COOL Racing,Ligier,GF,30.904,31.056,38.208,
17,1,3,1:48.160,0,,30.688,0,31.310,0,46.162,0,154.9,11:46.175,10:31:46.175,0:30.688,0:31.310,0:46.162,268.7,Malthe JAKOBSEN,,LMP3,,COOL Racing,Ligier,GF,30.688,31.310,46.162,
17,1,4,1:37.723,2,,30.798,2,31.135,0,35.790,2,171.4,13:23.898,10:33:23.898,0:30.798,0:31.135,0:35.790,268.7,Malthe JAKOBSEN,,LMP3,,COOL Racing,Ligier,GF,30.798,31.135,35.790,
17,1,5,1:37.778,0,,30.879,0,31.109,0,35.790,0,171.3,15:01.676,10:35:01.676,0:30.879,0:31.109,0:35.790,268.7,Malthe JAKOBSEN,,LMP3,,COOL Racing,Ligier,GF,30.879,31.109,35.790,
17,1,6,1:44.146,0,B,30.757,0,31.399,0,41.990,0,160.8,16:45.822,10:36:45.822,0:30.757,0:31.399,0:41.990,270.0,Malthe JAKOBSEN,,LMP3,,COOL Racing,Ligier,GF,30.757,31.399,41.990,
17,3,7,13:28.684,0,,12:17.364,0,33.374,0,37.946,0,20.7,30:14.506,10:50:14.506,12:17.364,0:33.374,0:37.946,,Michael BENHAM,0:11:49.371,LMP3,,COOL Racing,Ligier,GF,737.364,33.374,37.946,
17,3,8,1:43.604,0,,33.119,0,33.002,0,37.483,0,161.7,31:58.110,10:51:58.110,0:33.119,0:33.002,0:37.483,264.1,Michael BENHAM,,LMP3,,COOL Racing,Ligier,GF,33.119,33.002,37.483,
17,3,9,1:42.691,0,,32.448,0,32.627,0,37.616,0,163.1,33:40.801,10:53:40.801,0:32.448,0:32.627,0:37.616,263.4,Michael BENHAM,,LMP3,,COOL Racing,Ligier,GF,32.448,32.627,37.616,
17,3,10,1:42.659,0,,32.276,0,33.036,0,37.347,0,163.2,35:23.460,10:55:23.460,0:32.276,0:33.036,0:37.347,267.3,Michael BENHAM,,LMP3,,COOL Racing,Ligier,GF,32.276,33.036,37.347,
17,3,11,1:41.811,0,,31.810,0,32.634,0,37.367,0,164.5,37:05.271,10:57:05.271,0:31.810,0:32.634,0:37.367,267.3,Michael BENHAM,,LMP3,,COOL Racing,Ligier,GF,31.810,32.634,37.367,
17,3,12,1:42.604,0,,32.984,0,32.473,0,37.147,0,163.3,38:47.875,10:58:47.875,0:32.984,0:32.473,0:37.147,266.0,Michael BENHAM,,LMP3,,COOL Racing,Ligier,GF,32.984,32.473,37.147,
17,3,13,1:41.786,0,,31.806,0,32.572,0,37.408,0,164.6,40:29.661,11:00:29.661,0:31.806,0:32.572,0:37.408,266.7,Michael BENHAM,,LMP3,,COOL Racing,Ligier,GF,31.806,32.572,37.408,
17,3,14,1:41.208,0,,31.887,0,32.343,0,36.978,0,165.5,42:10.869,11:02:10.869,0:31.887,0:32.343,0:36.978,267.3,Michael BENHAM,,LMP3,,COOL Racing,Ligier,GF,31.887,32.343,36.978,
17,3,15,1:43.646,0,,32.971,0,33.476,0,37.199,0,161.6,43:54.515,11:03:54.515,0:32.971,0:33.476,0:37.199,268.0,Michael BENHAM,,LMP3,,COOL Racing,Ligier,GF,32.971,33.476,37.199,
17,3,16,1:41.153,0,,31.719,0,32.476,0,36.958,0,165.6,45:35.668,11:05:35.668,0:31.719,0:32.476,0:36.958,268.0,Michael BENHAM,,LMP3,,COOL Racing,Ligier,GF,31.719,32.476,36.958,
17,3,17,1:40.702,0,,31.512,1,32.219,0,36.971,0,166.3,47:16.370,11:07:16.370,0:31.512,0:32.219,0:36.971,268.7,Michael BENHAM,,LMP3,,COOL Racing,Ligier,GF,31.512,32.219,36.971,
17,3,18,1:41.047,0,,31.550,0,32.370,0,37.127,0,165.8,48:57.417,11:08:57.417,0:31.550,0:32.370,0:37.127,269.3,Michael BENHAM,,LMP3,,COOL Racing,Ligier,GF,31.550,32.370,37.127,
17,3,19,1:40.701,0,,31.577,0,32.274,0,36.850,1,166.3,50:38.118,11:10:38.118,0:31.577,0:32.274,0:36.850,267.3,Michael BENHAM,,LMP3,,COOL Racing,Ligier,GF,31.577,32.274,36.850,
17,3,20,1:41.014,0,,31.597,0,32.322,0,37.095,0,165.8,52:19.132,11:12:19.132,0:31.597,0:32.322,0:37.095,268.7,Michael BENHAM,,LMP3,,COOL Racing,Ligier,GF,31.597,32.322,37.095,
17,3,21,1:40.617,0,,31.643,0,32.121,1,36.853,0,166.5,53:59.749,11:13:59.749,0:31.643,0:32.121,0:36.853,268.7,Michael BENHAM,,LMP3,,COOL Racing,Ligier,GF,31.643,32.121,36.853,
17,3,22,1:46.054,0,B,31.602,0,32.205,0,42.247,0,157.9,55:45.803,11:15:45.803,0:31.602,0:32.205,0:42.247,268.7,Michael BENHAM,,LMP3,,COOL Racing,Ligier,GF,31.602,32.205,42.247,
17,2,23,4:19.157,0,,3:07.569,0,33.827,0,37.761,0,64.6,1:00:04.960,11:20:04.960,3:07.569,0:33.827,0:37.761,,Maurice SMITH,0:02:39.511,LMP3,,COOL Racing,Ligier,GF,187.569,33.827,37.761,
17,2,24,1:42.551,0,,31.996,0,33.438,0,37.117,0,163.3,1:01:47.511,11:21:47.511,0:31.996,0:33.438,0:37.117,268.0,Maurice SMITH,,LMP3,,COOL Racing,Ligier,GF,31.996,33.438,37.117,
17,2,25,1:42.706,0,,31.873,0,32.867,0,37.966,0,163.1,1:03:30.217,11:23:30.217,0:31.873,0:32.867,0:37.966,269.3,Maurice SMITH,,LMP3,,COOL Racing,Ligier,GF,31.873,32.867,37.966,
17,2,26,1:42.372,0,,32.626,0,32.856,0,36.890,0,163.6,1:05:12.589,11:25:12.589,0:32.626,0:32.856,0:36.890,265.4,Maurice SMITH,,LMP3,,COOL Racing,Ligier,GF,32.626,32.856,36.890,
17,2,27,1:42.407,0,,32.463,0,32.875,0,37.069,0,163.6,1:06:54.996,11:26:54.996,0:32.463,0:32.875,0:37.069,273.4,Maurice SMITH,,LMP3,,COOL Racing,Ligier,GF,32.463,32.875,37.069,
17,2,28,1:42.430,0,,32.288,0,33.024,0,37.118,0,163.5,1:08:37.426,11:28:37.426,0:32.288,0:33.024,0:37.118,273.4,Maurice SMITH,,LMP3,,COOL Racing,Ligier,GF,32.288,33.024,37.118,
17,2,29,1:41.820,0,,32.325,0,32.664,0,36.831,0,164.5,1:10:19.246,11:30:19.246,0:32.325,0:32.664,0:36.831,272.7,Maurice SMITH,,LMP3,,COOL Racing,Ligier,GF,32.325,32.664,36.831,
17,2,30,1:42.440,0,,31.845,0,33.470,0,37.125,0,163.5,1:12:01.686,11:32:01.686,0:31.845,0:33.470,0:37.125,269.3,Maurice SMITH,,LMP3,,COOL Racing,Ligier,GF,31.845,33.470,37.125,
17,2,31,1:42.008,0,,31.906,0,33.132,0,36.970,0,164.2,1:13:43.694,11:33:43.694,0:31.906,0:33.132,0:36.970,268.7,Maurice SMITH,,LMP3,,COOL Racing,Ligier,GF,31.906,33.132,36.970,
17,2,32,1:40.878,0,,31.679,0,32.459,0,36.740,0,166.1,1:15:24.572,11:35:24.572,0:31.679,0:32.459,0:36.740,268.7,Maurice SMITH,,LMP3,,COOL Racing,Ligier,GF,31.679,32.459,36.740,
17,2,33,1:43.631,0,,32.716,0,33.118,0,37.797,0,161.6,1:17:08.203,11:37:08.203,0:32.716,0:33.118,0:37.797,269.3,Maurice SMITH,,LMP3,,COOL Racing,Ligier,GF,32.716,33.118,37.797,
17,2,34,1:41.374,0,,32.073,0,32.497,0,36.804,0,165.2,1:18:49.577,11:38:49.577,0:32.073,0:32.497,0:36.804,268.0,Maurice SMITH,,LMP3,,COOL Racing,Ligier,GF,32.073,32.497,36.804,
17,2,35,1:41.419,0,,31.667,0,32.888,0,36.864,0,165.2,1:20:30.996,11:40:30.996,0:31.667,0:32.888,0:36.864,268.0,Maurice SMITH,,LMP3,,COOL Racing,Ligier,GF,31.667,32.888,36.864,
17,2,36,1:40.796,0,,31.776,0,32.244,0,36.776,0,166.2,1:22:11.792,11:42:11.792,0:31.776,0:32.244,0:36.776,269.3,Maurice SMITH,,LMP3,,COOL Racing,Ligier,GF,31.776,32.244,36.776,
17,2,37,1:40.491,0,,31.756,0,32.215,1,36.520,1,166.7,1:23:52.283,11:43:52.283,0:31.756,0:32.215,0:36.520,268.0,Maurice SMITH,,LMP3,,COOL Racing,Ligier,GF,31.756,32.215,36.520,
17,2,38,1:40.843,0,,31.654,0,32.437,0,36.752,0,166.1,1:25:33.126,11:45:33.126,0:31.654,0:32.437,0:36.752,268.0,Maurice SMITH,,LMP3,,COOL Racing,Ligier,GF,31.654,32.437,36.752,
17,2,39,1:40.916,0,,31.549,1,32.751,0,36.616,0,166.0,1:27:14.042,11:47:14.042,0:31.549,0:32.751,0:36.616,268.7,Maurice SMITH,,LMP3,,COOL Racing,Ligier,GF,31.549,32.751,36.616,
17,2,40,1:47.191,0,B,31.755,0,32.473,0,42.963,0,156.3,1:29:01.233,11:49:01.233,0:31.755,0:32.473,0:42.963,269.3,Maurice SMITH,,LMP3,,COOL Racing,Ligier,GF,31.755,32.473,42.963,
18,2,1,2:34.462,0,,1:20.648,0,34.987,0,38.827,0,102.2,2:34.462,10:22:34.462,1:20.648,0:34.987,0:38.827,,Martin RUMP,0:00:48.412,LMGTE,,Absolute Racing,Porsche,GF,80.648,34.987,38.827,
18,2,2,1:43.115,0,,32.583,0,32.844,0,37.688,0,162.4,4:17.577,10:24:17.577,0:32.583,0:32.844,0:37.688,260.2,Martin RUMP,,LMGTE,,Absolute Racing,Porsche,GF,32.583,32.844,37.688,
18,2,3,1:41.805,0,,32.019,0,32.553,0,37.233,0,164.5,5:59.382,10:25:59.382,0:32.019,0:32.553,0:37.233,261.5,Martin RUMP,,LMGTE,,Absolute Racing,Porsche,GF,32.019,32.553,37.233,
18,2,4,1:41.686,0,,31.930,0,32.514,0,37.242,0,164.7,7:41.068,10:27:41.068,0:31.930,0:32.514,0:37.242,260.9,Martin RUMP,,LMGTE,,Absolute Racing,Porsche,GF,31.930,32.514,37.242,
18,2,5,1:41.438,2,,31.881,2,32.382,0,37.175,0,165.1,9:22.506,10:29:22.506,0:31.881,0:32.382,0:37.175,261.5,Martin RUMP,,LMGTE,,Absolute Racing,Porsche,GF,31.881,32.382,37.175,
18,2,6,1:41.664,0,,31.980,0,32.354,1,37.330,0,164.8,11:04.170,10:31:04.170,0:31.980,0:32.354,0:37.330,261.5,Martin RUMP,,LMGTE,,Absolute Racing,Porsche,GF,31.980,32.354,37.330,
18,2,7,1:42.872,0,,32.146,0,33.299,0,37.427,0,162.8,12:47.042,10:32:47.042,0:32.146,0:33.299,0:37.427,261.5,Martin RUMP,,LMGTE,,Absolute Racing,Porsche,GF,32.146,33.299,37.427,
18,2,8,1:41.933,0,,31.896,0,32.546,0,37.491,0,164.3,14:28.975,10:34:28.975,0:31.896,0:32.546,0:37.491,263.4,Martin RUMP,,LMGTE,,Absolute Racing,Porsche,GF,31.896,32.546,37.491,
18,2,9,1:41.555,0,,31.767,0,32.615,0,37.173,2,164.9,16:10.530,10:36:10.530,0:31.767,0:32.615,0:37.173,262.1,Martin RUMP,,LMGTE,,Absolute Racing,Porsche,GF,31.767,32.615,37.173,
18,2,10,1:48.113,0,B,31.916,0,32.575,0,43.622,0,154.9,17:58.643,10:37:58.643,0:31.916,0:32.575,0:43.622,262.8,Martin RUMP,,LMGTE,,Absolute Racing,Porsche,GF,31.916,32.575,43.622,
18,3,11,2:56.036,0,,1:44.221,0,34.014,0,37.801,0,95.2,20:54.679,10:40:54.679,1:44.221,0:34.014,0:37.801,,Alessio PICARIELLO,0:01:17.967,LMGTE,,Absolute Racing,Porsche,GF,104.221,34.014,37.801,
18,3,12,1:42.580,0,,32.799,0,32.463,0,37.318,0,163.3,22:37.259,10:42:37.259,0:32.799,0:32.463,0:37.318,260.9,Alessio PICARIELLO,,LMGTE,,Absolute Racing,Porsche,GF,32.799,32.463,37.318,
18,3,13,1:43.770,0,,32.068,0,33.670,0,38.032,0,161.4,24:21.029,10:44:21.029,0:32.068,0:33.670,0:38.032,261.5,Alessio PICARIELLO,,LMGTE,,Absolute Racing,Porsche,GF,32.068,33.670,38.032,
18,3,14,1:49.915,0,B,32.023,1,32.305,2,45.587,0,152.4,26:10.944,10:46:10.944,0:32.023,0:32.305,0:45.587,262.1,Alessio PICARIELLO,,LMGTE,,Absolute Racing,Porsche,GF,32.023,32.305,45.587,
18,3,15,3:22.972,0,,2:11.792,0,33.674,0,37.506,0,82.5,29:33.916,10:49:33.916,2:11.792,0:33.674,0:37.506,,Alessio PICARIELLO,0:01:44.620,LMGTE,,Absolute Racing,Porsche,GF,131.792,33.674,37.506,
18,3,16,1:41.760,0,,32.124,0,32.366,0,37.270,1,164.6,31:15.676,10:51:15.676,0:32.124,0:32.366,0:37.270,259.6,Alessio PICARIELLO,,LMGTE,,Absolute Racing,Porsche,GF,32.124,32.366,37.270,
18,3,17,1:41.777,0,,32.120,0,32.385,0,37.272,0,164.6,32:57.453,10:52:57.453,0:32.120,0:32.385,0:37.272,260.9,Alessio PICARIELLO,,LMGTE,,Absolute Racing,Porsche,GF,32.120,32.385,37.272,
18,3,18,1:42.148,0,,32.236,0,32.496,0,37.416,0,164.0,34:39.601,10:54:39.601,0:32.236,0:32.496,0:37.416,260.9,Alessio PICARIELLO,,LMGTE,,Absolute Racing,Porsche,GF,32.236,32.496,37.416,
18,3,19,1:41.894,0,,32.077,0,32.419,0,37.398,0,164.4,36:21.495,10:56:21.495,0:32.077,0:32.419,0:37.398,261.5,Alessio PICARIELLO,,LMGTE,,Absolute Racing,Porsche,GF,32.077,32.419,37.398,
18,3,20,1:42.165,0,,32.111,0,32.559,0,37.495,0,164.0,38:03.660,10:58:03.660,0:32.111,0:32.559,0:37.495,262.8,Alessio PICARIELLO,,LMGTE,,Absolute Racing,Porsche,GF,32.111,32.559,37.495,
18,3,21,1:44.200,0,,32.400,0,32.514,0,39.286,0,160.8,39:47.860,10:59:47.860,0:32.400,0:32.514,0:39.286,262.8,Alessio PICARIELLO,,LMGTE,,Absolute Racing,Porsche,GF,32.400,32.514,39.286,
18,3,22,1:42.327,0,,32.197,0,32.545,0,37.585,0,163.7,41:30.187,11:01:30.187,0:32.197,0:32.545,0:37.585,261.5,Alessio PICARIELLO,,LMGTE,,Absolute Racing,Porsche,GF,32.197,32.545,37.585,
18,3,23,1:42.293,0,,32.230,0,32.578,0,37.485,0,163.8,43:12.480,11:03:12.480,0:32.230,0:32.578,0:37.485,262.8,Alessio PICARIELLO,,LMGTE,,Absolute Racing,Porsche,GF,32.230,32.578,37.485,
18,3,24,1:43.706,0,,32.627,0,32.949,0,38.130,0,161.5,44:56.186,11:04:56.186,0:32.627,0:32.949,0:38.130,262.8,Alessio PICARIELLO,,LMGTE,,Absolute Racing,Porsche,GF,32.627,32.949,38.130,
18,3,25,1:42.092,0,,32.142,0,32.537,0,37.413,0,164.1,46:38.278,11:06:38.278,0:32.142,0:32.537,0:37.413,262.1,Alessio PICARIELLO,,LMGTE,,Absolute Racing,Porsche,GF,32.142,32.537,37.413,
18,3,26,1:49.113,0,B,32.447,0,32.668,0,43.998,0,153.5,48:27.391,11:08:27.391,0:32.447,0:32.668,0:43.998,262.1,Alessio PICARIELLO,,LMGTE,,Absolute Racing,Porsche,GF,32.447,32.668,43.998,
18,1,27,3:26.730,0,,2:12.620,0,34.224,0,39.886,0,81.0,51:54.121,11:11:54.121,2:12.620,0:34.224,0:39.886,,Andrew HARYANTO,0:01:42.896,LMGTE,,Absolute Racing,Porsche,GF,132.620,34.224,39.886,
18,1,28,1:46.814,0,,33.964,0,34.011,0,38.839,0,156.8,53:40.935,11:13:40.935,0:33.964,0:34.011,0:38.839,260.9,Andrew HARYANTO,,LMGTE,,Absolute Racing,Porsche,GF,33.964,34.011,38.839,
18,1,29,1:45.699,0,,33.669,0,33.689,0,38.341,0,158.5,55:26.634,11:15:26.634,0:33.669,0:33.689,0:38.341,261.5,Andrew HARYANTO,,LMGTE,,Absolute Racing,Porsche,GF,33.669,33.689,38.341,
18,1,30,1:45.258,0,,33.537,0,33.485,0,38.236,0,159.1,57:11.892,11:17:11.892,0:33.537,0:33.485,0:38.236,263.4,Andrew HARYANTO,,LMGTE,,Absolute Racing,Porsche,GF,33.537,33.485,38.236,
18,1,31,1:52.128,0,B,33.763,0,33.886,0,44.479,0,149.4,59:04.020,11:19:04.020,0:33.763,0:33.886,0:44.479,263.4,Andrew HARYANTO,,LMGTE,,Absolute Racing,Porsche,GF,33.763,33.886,44.479,
18,1,32,2:54.045,0,,1:41.346,0,34.431,0,38.268,0,96.2,1:01:58.065,11:21:58.065,1:41.346,0:34.431,0:38.268,,Andrew HARYANTO,0:01:14.600,LMGTE,,Absolute Racing,Porsche,GF,101.346,34.431,38.268,
18,1,33,1:47.361,0,,34.731,0,33.664,0,38.966,0,156.0,1:03:45.426,11:23:45.426,0:34.731,0:33.664,0:38.966,262.1,Andrew HARYANTO,,LMGTE,,Absolute Racing,Porsche,GF,34.731,33.664,38.966,
18,1,34,1:44.722,0,,33.002,0,33.634,0,38.086,0,160.0,1:05:30.148,11:25:30.148,0:33.002,0:33.634,0:38.086,262.8,Andrew HARYANTO,,LMGTE,,Absolute Racing,Porsche,GF,33.002,33.634,38.086,
18,1,35,1:45.436,0,,32.863,0,33.422,0,39.151,0,158.9,1:07:15.584,11:27:15.584,0:32.863,0:33.422,0:39.151,262.1,Andrew HARYANTO,,LMGTE,,Absolute Racing,Porsche,GF,32.863,33.422,39.151,
18,1,36,1:46.339,0,,33.248,0,33.806,0,39.285,0,157.5,1:09:01.923,11:29:01.923,0:33.248,0:33.806,0:39.285,258.4,Andrew HARYANTO,,LMGTE,,Absolute Racing,Porsche,GF,33.248,33.806,39.285,
18,1,37,1:50.831,0,B,33.109,0,33.644,0,44.078,0,151.1,1:10:52.754,11:30:52.754,0:33.109,0:33.644,0:44.078,259.6,Andrew HARYANTO,,LMGTE,,Absolute Racing,Porsche,GF,33.109,33.644,44.078,
18,1,38,7:29.383,0,,6:16.714,0,34.067,0,38.602,0,37.3,1:18:22.137,11:38:22.137,6:16.714,0:34.067,0:38.602,,Andrew HARYANTO,0:05:49.071,LMGTE,,Absolute Racing,Porsche,GF,376.714,34.067,38.602,
18,1,39,1:45.268,0,,32.917,0,33.740,0,38.611,0,159.1,1:20:07.405,11:40:07.405,0:32.917,0:33.740,0:38.611,260.2,Andrew HARYANTO,,LMGTE,,Absolute Racing,Porsche,GF,32.917,33.740,38.611,
18,1,40,1:43.461,0,,32.727,1,33.041,0,37.693,1,161.9,1:21:50.866,11:41:50.866,0:32.727,0:33.041,0:37.693,260.2,Andrew HARYANTO,,LMGTE,,Absolute Racing,Porsche,GF,32.727,33.041,37.693,
18,1,41,1:43.792,0,,32.407,0,32.862,1,38.523,0,161.4,1:23:34.658,11:43:34.658,0:32.407,0:32.862,0:38.523,262.8,Andrew HARYANTO,,LMGTE,,Absolute Racing,Porsche,GF,32.407,32.862,38.523,
18,1,42,1:50.767,0,,33.436,0,36.099,0,41.232,0,151.2,1:25:25.425,11:45:25.425,0:33.436,0:36.099,0:41.232,262.1,Andrew HARYANTO,,LMGTE,,Absolute Racing,Porsche,GF,33.436,36.099,41.232,
18,1,43,1:44.461,0,,32.755,0,33.149,0,38.557,0,160.4,1:27:09.886,11:47:09.886,0:32.755,0:33.149,0:38.557,262.1,Andrew HARYANTO,,LMGTE,,Absolute Racing,Porsche,GF,32.755,33.149,38.557,
18,1,44,1:52.759,0,,32.923,0,36.122,0,43.714,0,148.6,1:29:02.645,11:49:02.645,0:32.923,0:36.122,0:43.714,258.4,Andrew HARYANTO,,LMGTE,,Absolute Racing,Porsche,GF,32.923,36.122,43.714,
18,1,45,1:43.664,0,,32.591,0,32.863,0,38.210,0,161.6,1:30:46.309,11:50:46.309,0:32.591,0:32.863,0:38.210,262.1,Andrew HARYANTO,,LMGTE,,Absolute Racing,Porsche,FF,32.591,32.863,38.210,
19,1,1,3:32.485,0,,2:22.485,0,31.843,0,38.157,0,74.3,3:32.485,10:23:32.485,2:22.485,0:31.843,0:38.157,,Bent VISCAAL,0:01:50.402,LMP2,,Algarve Pro Racing,Oreca,GF,142.485,31.843,38.157,
19,1,2,1:33.759,0,,29.432,0,30.157,0,34.170,0,178.7,5:06.244,10:25:06.244,0:29.432,0:30.157,0:34.170,281.2,Bent VISCAAL,,LMP2,,Algarve Pro Racing,Oreca,GF,29.432,30.157,34.170,
19,1,3,1:36.324,0,,29.213,0,31.051,0,36.060,0,173.9,6:42.568,10:26:42.568,0:29.213,0:31.051,0:36.060,284.2,Bent VISCAAL,,LMP2,,Algarve Pro Racing,Oreca,GF,29.213,31.051,36.060,
19,1,4,1:33.149,2,,29.101,0,29.999,0,34.049,0,179.8,8:15.717,10:28:15.717,0:29.101,0:29.999,0:34.049,282.7,Bent VISCAAL,,LMP2,,Algarve Pro Racing,Oreca,GF,29.101,29.999,34.049,
19,1,5,1:43.009,0,B,29.042,2,29.836,2,44.131,0,162.6,9:58.726,10:29:58.726,0:29.042,0:29.836,0:44.131,283.5,Bent VISCAAL,,LMP2,,Algarve Pro Racing,Oreca,GF,29.042,29.836,44.131,
19,1,6,4:13.247,0,,3:07.825,0,30.674,0,34.748,0,66.1,14:11.973,10:34:11.973,3:07.825,0:30.674,0:34.748,,Bent VISCAAL,0:02:43.851,LMP2,,Algarve Pro Racing,Oreca,GF,187.825,30.674,34.748,
19,1,7,1:33.479,0,,29.323,0,30.121,0,34.035,2,179.2,15:45.452,10:35:45.452,0:29.323,0:30.121,0:34.035,285.0,Bent VISCAAL,,LMP2,,Algarve Pro Racing,Oreca,GF,29.323,30.121,34.035,
19,1,8,1:33.286,0,,29.150,0,29.972,0,34.164,0,179.6,17:18.738,10:37:18.738,0:29.150,0:29.972,0:34.164,282.7,Bent VISCAAL,,LMP2,,Algarve Pro Racing,Oreca,GF,29.150,29.972,34.164,
19,1,9,1:33.285,0,,29.177,0,29.869,0,34.239,0,179.6,18:52.023,10:38:52.023,0:29.177,0:29.869,0:34.239,283.5,Bent VISCAAL,,LMP2,,Algarve Pro Racing,Oreca,GF,29.177,29.869,34.239,
19,1,10,1:40.440,0,B,30.040,0,30.164,0,40.236,0,166.8,20:32.463,10:40:32.463,0:30.040,0:30.164,0:40.236,268.7,Bent VISCAAL,,LMP2,,Algarve Pro Racing,Oreca,GF,30.040,30.164,40.236,
19,2,11,3:14.980,0,,2:09.053,0,30.970,0,34.957,0,85.9,23:47.443,10:43:47.443,2:09.053,0:30.970,0:34.957,,Filip UGRAN,0:01:42.875,LMP2,,Algarve Pro Racing,Oreca,GF,129.053,30.970,34.957,
19,2,12,1:38.417,0,,30.782,0,31.112,0,36.523,0,170.2,25:25.860,10:45:25.860,0:30.782,0:31.112,0:36.523,285.0,Filip UGRAN,,LMP2,,Algarve Pro Racing,Oreca,GF,30.782,31.112,36.523,
19,2,13,1:38.004,0,,30.908,0,31.324,0,35.772,0,170.9,27:03.864,10:47:03.864,0:30.908,0:31.324,0:35.772,285.7,Filip UGRAN,,LMP2,,Algarve Pro Racing,Oreca,GF,30.908,31.324,35.772,
19,2,14,1:35.991,0,,30.126,0,31.062,0,34.803,0,174.5,28:39.855,10:48:39.855,0:30.126,0:31.062,0:34.803,282.7,Filip UGRAN,,LMP2,,Algarve Pro Racing,Oreca,GF,30.126,31.062,34.803,
19,2,15,1:35.538,0,,29.654,0,31.132,0,34.752,0,175.3,30:15.393,10:50:15.393,0:29.654,0:31.132,0:34.752,283.5,Filip UGRAN,,LMP2,,Algarve Pro Racing,Oreca,GF,29.654,31.132,34.752,
19,2,16,1:35.931,0,,30.339,0,30.554,0,35.038,0,174.6,31:51.324,10:51:51.324,0:30.339,0:30.554,0:35.038,283.5,Filip UGRAN,,LMP2,,Algarve Pro Racing,Oreca,GF,30.339,30.554,35.038,
19,2,17,1:34.878,0,,29.799,0,30.231,1,34.848,0,176.6,33:26.202,10:53:26.202,0:29.799,0:30.231,0:34.848,282.0,Filip UGRAN,,LMP2,,Algarve Pro Racing,Oreca,GF,29.799,30.231,34.848,
19,2,18,1:41.546,0,B,29.719,0,30.831,0,40.996,0,165.0,35:07.748,10:55:07.748,0:29.719,0:30.831,0:40.996,283.5,Filip UGRAN,,LMP2,,Algarve Pro Racing,Oreca,GF,29.719,30.831,40.996,
19,2,19,13:58.818,0,,12:51.329,0,31.631,0,35.858,0,20.0,49:06.566,11:09:06.566,12:51.329,0:31.631,0:35.858,,Filip UGRAN,0:12:24.738,LMP2,,Algarve Pro Racing,Oreca,GF,771.329,31.631,35.858,
19,2,20,1:35.384,0,,30.116,0,30.598,0,34.670,1,175.6,50:41.950,11:10:41.950,0:30.116,0:30.598,0:34.670,275.5,Filip UGRAN,,LMP2,,Algarve Pro Racing,Oreca,GF,30.116,30.598,34.670,
19,2,21,1:35.445,0,,29.722,0,30.743,0,34.980,0,175.5,52:17.395,11:12:17.395,0:29.722,0:30.743,0:34.980,282.7,Filip UGRAN,,LMP2,,Algarve Pro Racing,Oreca,GF,29.722,30.743,34.980,
19,2,22,1:34.667,0,,29.576,1,30.419,0,34.672,0,176.9,53:52.062,11:13:52.062,0:29.576,0:30.419,0:34.672,282.7,Filip UGRAN,,LMP2,,Algarve Pro Racing,Oreca,GF,29.576,30.419,34.672,
19,2,23,1:35.870,0,,29.582,0,31.406,0,34.882,0,174.7,55:27.932,11:15:27.932,0:29.582,0:31.406,0:34.882,283.5,Filip UGRAN,,LMP2,,Algarve Pro Racing,Oreca,GF,29.582,31.406,34.882,
19,2,24,1:36.267,0,,30.336,0,30.300,0,35.631,0,174.0,57:04.199,11:17:04.199,0:30.336,0:30.300,0:35.631,283.5,Filip UGRAN,,LMP2,,Algarve Pro Racing,Oreca,GF,30.336,30.300,35.631,
19,2,25,1:36.384,0,,30.527,0,30.620,0,35.237,0,173.8,58:40.583,11:18:40.583,0:30.527,0:30.620,0:35.237,285.7,Filip UGRAN,,LMP2,,Algarve Pro Racing,Oreca,GF,30.527,30.620,35.237,
19,2,26,1:36.097,0,,30.033,0,30.797,0,35.267,0,174.3,1:00:16.680,11:20:16.680,0:30.033,0:30.797,0:35.267,285.0,Filip UGRAN,,LMP2,,Algarve Pro Racing,Oreca,GF,30.033,30.797,35.267,
19,2,27,1:36.898,0,,30.879,0,30.858,0,35.161,0,172.9,1:01:53.578,11:21:53.578,0:30.879,0:30.858,0:35.161,283.5,Filip UGRAN,,LMP2,,Algarve Pro Racing,Oreca,GF,30.879,30.858,35.161,
19,2,28,1:35.835,0,,29.920,0,30.610,0,35.305,0,174.8,1:03:29.413,11:23:29.413,0:29.920,0:30.610,0:35.305,283.5,Filip UGRAN,,LMP2,,Algarve Pro Racing,Oreca,GF,29.920,30.610,35.305,
19,2,29,1:35.990,0,,30.260,0,30.717,0,35.013,0,174.5,1:05:05.403,11:25:05.403,0:30.260,0:30.717,0:35.013,281.2,Filip UGRAN,,LMP2,,Algarve Pro Racing,Oreca,GF,30.260,30.717,35.013,
19,2,30,1:43.884,0,B,30.651,0,31.470,0,41.763,0,161.2,1:06:49.287,11:26:49.287,0:30.651,0:31.470,0:41.763,285.7,Filip UGRAN,,LMP2,,Algarve Pro Racing,Oreca,GF,30.651,31.470,41.763,
19,1,31,3:17.333,0,,2:11.219,0,31.650,0,34.464,0,84.9,1:10:06.620,11:30:06.620,2:11.219,0:31.650,0:34.464,,Bent VISCAAL,0:01:45.374,LMP2,,Algarve Pro Racing,Oreca,GF,131.219,31.650,34.464,
19,1,32,1:35.197,0,,30.272,0,30.515,0,34.410,0,176.0,1:11:41.817,11:31:41.817,0:30.272,0:30.515,0:34.410,283.5,Bent VISCAAL,,LMP2,,Algarve Pro Racing,Oreca,GF,30.272,30.515,34.410,
19,1,33,1:34.451,0,,29.442,0,30.517,0,34.492,0,177.3,1:13:16.268,11:33:16.268,0:29.442,0:30.517,0:34.492,282.7,Bent VISCAAL,,LMP2,,Algarve Pro Racing,Oreca,GF,29.442,30.517,34.492,
19,1,34,1:34.993,0,,29.578,0,30.502,0,34.913,0,176.3,1:14:51.261,11:34:51.261,0:29.578,0:30.502,0:34.913,284.2,Bent VISCAAL,,LMP2,,Algarve Pro Racing,Oreca,GF,29.578,30.502,34.913,
19,1,35,1:34.468,0,,29.506,0,30.488,0,34.474,0,177.3,1:16:25.729,11:36:25.729,0:29.506,0:30.488,0:34.474,282.7,Bent VISCAAL,,LMP2,,Algarve Pro Racing,Oreca,GF,29.506,30.488,34.474,
19,1,36,1:35.586,0,,29.488,0,31.594,0,34.504,0,175.2,1:18:01.315,11:38:01.315,0:29.488,0:31.594,0:34.504,283.5,Bent VISCAAL,,LMP2,,Algarve Pro Racing,Oreca,GF,29.488,31.594,34.504,
19,1,37,1:35.591,0,,29.576,0,30.880,0,35.135,0,175.2,1:19:36.906,11:39:36.906,0:29.576,0:30.880,0:35.135,283.5,Bent VISCAAL,,LMP2,,Algarve Pro Racing,Oreca,GF,29.576,30.880,35.135,
19,1,38,1:35.096,0,,30.067,0,30.551,0,34.478,0,176.1,1:21:12.002,11:41:12.002,0:30.067,0:30.551,0:34.478,281.2,Bent VISCAAL,,LMP2,,Algarve Pro Racing,Oreca,GF,30.067,30.551,34.478,
19,1,39,1:35.149,0,,30.125,0,30.430,0,34.594,0,176.0,1:22:47.151,11:42:47.151,0:30.125,0:30.430,0:34.594,285.0,Bent VISCAAL,,LMP2,,Algarve Pro Racing,Oreca,GF,30.125,30.430,34.594,
19,1,40,1:35.020,0,,29.608,0,30.431,0,34.981,0,176.3,1:24:22.171,11:44:22.171,0:29.608,0:30.431,0:34.981,283.5,Bent VISCAAL,,LMP2,,Algarve Pro Racing,Oreca,GF,29.608,30.431,34.981,
19,1,41,1:35.216,0,,30.122,0,30.537,0,34.557,0,175.9,1:25:57.387,11:45:57.387,0:30.122,0:30.537,0:34.557,280.5,Bent VISCAAL,,LMP2,,Algarve Pro Racing,Oreca,GF,30.122,30.537,34.557,
19,1,42,1:40.498,0,B,29.959,0,30.533,0,40.006,0,166.7,1:27:37.885,11:47:37.885,0:29.959,0:30.533,0:40.006,284.2,Bent VISCAAL,,LMP2,,Algarve Pro Racing,Oreca,GF,29.959,30.533,40.006,
2,1,1,6:21.081,0,,5:08.681,0,33.571,0,38.829,0,41.4,6:21.081,10:26:21.081,5:08.681,0:33.571,0:38.829,,Bailey VOISIN,0:04:37.973,LMP3,,United Autosports,Ligier,GF,308.681,33.571,38.829,
2,1,2,1:38.841,0,,31.090,0,31.755,0,35.996,0,169.5,7:59.922,10:27:59.922,0:31.090,0:31.755,0:35.996,262.8,Bailey VOISIN,,LMP3,,United Autosports,Ligier,GF,31.090,31.755,35.996,
2,1,3,1:44.837,0,,31.745,0,35.178,0,37.914,0,159.8,9:44.759,10:29:44.759,0:31.745,0:35.178,0:37.914,266.7,Bailey VOISIN,,LMP3,,United Autosports,Ligier,GF,31.745,35.178,37.914,
2,1,4,1:39.236,0,,31.048,0,31.650,0,36.538,0,168.8,11:23.995,10:31:23.995,0:31.048,0:31.650,0:36.538,267.3,Bailey VOISIN,,LMP3,,United Autosports,Ligier,GF,31.048,31.650,36.538,
2,1,5,1:39.595,0,,31.019,0,32.281,0,36.295,0,168.2,13:03.590,10:33:03.590,0:31.019,0:32.281,0:36.295,265.4,Bailey VOISIN,,LMP3,,United Autosports,Ligier,GF,31.019,32.281,36.295,
2,1,6,1:38.217,2,,30.818,2,31.428,2,35.971,2,170.5,14:41.807,10:34:41.807,0:30.818,0:31.428,0:35.971,265.4,Bailey VOISIN,,LMP3,,United Autosports,Ligier,GF,30.818,31.428,35.971,
2,1,7,1:47.756,0,B,30.987,0,31.453,0,45.316,0,155.5,16:29.563,10:36:29.563,0:30.987,0:31.453,0:45.316,266.0,Bailey VOISIN,,LMP3,,United Autosports,Ligier,GF,30.987,31.453,45.316,
2,1,8,5:50.293,0,,4:42.112,0,31.800,0,36.381,0,47.8,22:19.856,10:42:19.856,4:42.112,0:31.800,0:36.381,,Bailey VOISIN,0:04:16.680,LMP3,,United Autosports,Ligier,GF,282.112,31.800,36.381,
2,1,9,1:39.841,0,,31.302,0,31.776,0,36.763,0,167.8,23:59.697,10:43:59.697,0:31.302,0:31.776,0:36.763,261.5,Bailey VOISIN,,LMP3,,United Autosports,Ligier,GF,31.302,31.776,36.763,
2,1,10,1:39.444,0,,31.195,0,31.695,0,36.554,0,168.4,25:39.141,10:45:39.141,0:31.195,0:31.695,0:36.554,263.4,Bailey VOISIN,,LMP3,,United Autosports,Ligier,GF,31.195,31.695,36.554,
2,1,11,1:40.679,0,,32.016,0,31.985,0,36.678,0,166.4,27:19.820,10:47:19.820,0:32.016,0:31.985,0:36.678,265.4,Bailey VOISIN,,LMP3,,United Autosports,Ligier,GF,32.016,31.985,36.678,
2,1,12,1:39.522,0,,31.340,0,31.695,0,36.487,0,168.3,28:59.342,10:48:59.342,0:31.340,0:31.695,0:36.487,269.3,Bailey VOISIN,,LMP3,,United Autosports,Ligier,GF,31.340,31.695,36.487,
2,1,13,1:39.934,0,,31.275,0,32.148,0,36.511,0,167.6,30:39.276,10:50:39.276,0:31.275,0:32.148,0:36.511,264.7,Bailey VOISIN,,LMP3,,United Autosports,Ligier,GF,31.275,32.148,36.511,
2,1,14,1:47.142,0,B,32.342,0,32.591,0,42.209,0,156.3,32:26.418,10:52:26.418,0:32.342,0:32.591,0:42.209,268.0,Bailey VOISIN,,LMP3,,United Autosports,Ligier,GF,32.342,32.591,42.209,
2,2,15,3:30.733,0,,2:18.560,0,34.758,0,37.415,0,79.5,35:57.151,10:55:57.151,2:18.560,0:34.758,0:37.415,,Finn GEHRSITZ,0:01:52.169,LMP3,,United Autosports,Ligier,GF,138.560,34.758,37.415,
2,2,16,1:40.271,0,,31.620,0,32.005,0,36.646,0,167.1,37:37.422,10:57:37.422,0:31.620,0:32.005,0:36.646,264.1,Finn GEHRSITZ,,LMP3,,United Autosports,Ligier,GF,31.620,32.005,36.646,
2,2,17,1:39.920,0,,31.649,0,31.780,0,36.491,1,167.6,39:17.342,10:59:17.342,0:31.649,0:31.780,0:36.491,264.1,Finn GEHRSITZ,,LMP3,,United Autosports,Ligier,GF,31.649,31.780,36.491,
2,2,18,1:41.582,0,,32.786,0,31.976,0,36.820,0,164.9,40:58.924,11:00:58.924,0:32.786,0:31.976,0:36.820,265.4,Finn GEHRSITZ,,LMP3,,United Autosports,Ligier,GF,32.786,31.976,36.820,
2,2,19,1:39.537,0,,31.443,0,31.498,1,36.596,0,168.3,42:38.461,11:02:38.461,0:31.443,0:31.498,0:36.596,264.7,Finn GEHRSITZ,,LMP3,,United Autosports,Ligier,GF,31.443,31.498,36.596,
2,2,20,1:40.954,0,,32.229,0,31.959,0,36.766,0,165.9,44:19.415,11:04:19.415,0:32.229,0:31.959,0:36.766,264.1,Finn GEHRSITZ,,LMP3,,United Autosports,Ligier,GF,32.229,31.959,36.766,
2,2,21,1:39.709,0,,31.230,1,31.664,0,36.815,0,168.0,45:59.124,11:05:59.124,0:31.230,0:31.664,0:36.815,266.7,Finn GEHRSITZ,,LMP3,,United Autosports,Ligier,GF,31.230,31.664,36.815,
2,2,22,1:42.753,0,,32.607,0,32.707,0,37.439,0,163.0,47:41.877,11:07:41.877,0:32.607,0:32.707,0:37.439,269.3,Finn GEHRSITZ,,LMP3,,United Autosports,Ligier,GF,32.607,32.707,37.439,
2,2,23,1:41.974,0,,31.903,0,32.179,0,37.892,0,164.3,49:23.851,11:09:23.851,0:31.903,0:32.179,0:37.892,263.4,Finn GEHRSITZ,,LMP3,,United Autosports,Ligier,GF,31.903,32.179,37.892,
2,2,24,1:45.990,0,B,31.667,0,32.093,0,42.230,0,158.0,51:09.841,11:11:09.841,0:31.667,0:32.093,0:42.230,262.1,Finn GEHRSITZ,,LMP3,,United Autosports,Ligier,GF,31.667,32.093,42.230,
2,3,25,3:30.474,0,,2:20.072,0,33.051,0,37.351,0,79.6,54:40.315,11:14:40.315,2:20.072,0:33.051,0:37.351,,Joshua CAYGILL,0:01:51.402,LMP3,,United Autosports,Ligier,GF,140.072,33.051,37.351,
2,3,26,1:46.057,0,,32.317,0,33.605,0,40.135,0,157.9,56:26.372,11:16:26.372,0:32.317,0:33.605,0:40.135,264.7,Joshua CAYGILL,,LMP3,,United Autosports,Ligier,GF,32.317,33.605,40.135,
2,3,27,1:43.028,0,,32.802,0,33.476,0,36.750,0,162.6,58:09.400,11:18:09.400,0:32.802,0:33.476,0:36.750,263.4,Joshua CAYGILL,,LMP3,,United Autosports,Ligier,GF,32.802,33.476,36.750,
2,3,28,1:41.345,0,,32.004,0,33.039,0,36.302,0,165.3,59:50.745,11:19:50.745,0:32.004,0:33.039,0:36.302,270.7,Joshua CAYGILL,,LMP3,,United Autosports,Ligier,GF,32.004,33.039,36.302,
2,3,29,1:40.964,0,,32.230,0,32.374,0,36.360,0,165.9,1:01:31.709,11:21:31.709,0:32.230,0:32.374,0:36.360,266.7,Joshua CAYGILL,,LMP3,,United Autosports,Ligier,GF,32.230,32.374,36.360,
2,3,30,1:41.361,0,,31.902,0,32.784,0,36.675,0,165.3,1:03:13.070,11:23:13.070,0:31.902,0:32.784,0:36.675,268.0,Joshua CAYGILL,,LMP3,,United Autosports,Ligier,GF,31.902,32.784,36.675,
2,3,31,1:40.907,0,,32.141,0,32.390,0,36.376,0,166.0,1:04:53.977,11:24:53.977,0:32.141,0:32.390,0:36.376,266.7,Joshua CAYGILL,,LMP3,,United Autosports,Ligier,GF,32.141,32.390,36.376,
2,3,32,1:40.117,0,,31.513,1,32.223,1,36.381,0,167.3,1:06:34.094,11:26:34.094,0:31.513,0:32.223,0:36.381,268.0,Joshua CAYGILL,,LMP3,,United Autosports,Ligier,GF,31.513,32.223,36.381,
2,3,33,1:40.107,0,,31.456,0,32.235,0,36.416,0,167.3,1:08:14.201,11:28:14.201,0:31.456,0:32.235,0:36.416,268.0,Joshua CAYGILL,,LMP3,,United Autosports,Ligier,GF,31.456,32.235,36.416,
2,3,34,1:40.297,0,,31.804,0,32.228,0,36.265,1,167.0,1:09:54.498,11:29:54.498,0:31.804,0:32.228,0:36.265,266.0,Joshua CAYGILL,,LMP3,,United Autosports,Ligier,GF,31.804,32.228,36.265,
2,3,35,1:49.003,0,B,31.715,0,32.733,0,44.555,0,153.7,1:11:43.501,11:31:43.501,0:31.715,0:32.733,0:44.555,266.0,Joshua CAYGILL,,LMP3,,United Autosports,Ligier,GF,31.715,32.733,44.555,
21,3,1,1:58.974,0,,45.511,0,32.688,0,40.775,0,132.7,1:58.974,10:21:58.974,0:45.511,0:32.688,0:40.775,,Ugo DE WILDE,0:00:14.537,LMP2,,Mühlner Motorsport,Oreca,GF,45.511,32.688,40.775,
21,3,2,1:34.334,0,,29.363,0,30.948,0,34.023,0,177.6,3:33.308,10:23:33.308,0:29.363,0:30.948,0:34.023,285.0,Ugo DE WILDE,,LMP2,,Mühlner Motorsport,Oreca,GF,29.363,30.948,34.023,
21,3,3,1:33.306,0,,29.388,0,29.982,0,33.936,2,179.5,5:06.614,10:25:06.614,0:29.388,0:29.982,0:33.936,286.5,Ugo DE WILDE,,LMP2,,Mühlner Motorsport,Oreca,GF,29.388,29.982,33.936,
21,3,4,1:46.798,0,,31.137,0,34.795,0,40.866,0,156.8,6:53.412,10:26:53.412,0:31.137,0:34.795,0:40.866,288.8,Ugo DE WILDE,,LMP2,,Mühlner Motorsport,Oreca,GF,31.137,34.795,40.866,
21,3,5,1:34.307,0,,29.197,0,30.869,0,34.241,0,177.6,8:27.719,10:28:27.719,0:29.197,0:30.869,0:34.241,286.5,Ugo DE WILDE,,LMP2,,Mühlner Motorsport,Oreca,GF,29.197,30.869,34.241,
21,3,6,1:33.088,2,,29.104,0,29.839,2,34.145,0,179.9,10:00.807,10:30:00.807,0:29.104,0:29.839,0:34.145,286.5,Ugo DE WILDE,,LMP2,,Mühlner Motorsport,Oreca,GF,29.104,29.839,34.145,
21,3,7,1:40.664,0,B,29.101,2,30.836,0,40.727,0,166.4,11:41.471,10:31:41.471,0:29.101,0:30.836,0:40.727,286.5,Ugo DE WILDE,,LMP2,,Mühlner Motorsport,Oreca,GF,29.101,30.836,40.727,
21,3,8,3:16.968,0,,2:12.243,0,30.498,0,34.227,0,85.0,14:58.439,10:34:58.439,2:12.243,0:30.498,0:34.227,,Ugo DE WILDE,0:01:47.607,LMP2,,Mühlner Motorsport,Oreca,GF,132.243,30.498,34.227,
21,3,9,1:33.880,0,,29.438,0,30.203,0,34.239,0,178.4,16:32.319,10:36:32.319,0:29.438,0:30.203,0:34.239,284.2,Ugo DE WILDE,,LMP2,,Mühlner Motorsport,Oreca,GF,29.438,30.203,34.239,
21,3,10,1:34.003,0,,29.616,0,30.215,0,34.172,0,178.2,18:06.322,10:38:06.322,0:29.616,0:30.215,0:34.172,283.5,Ugo DE WILDE,,LMP2,,Mühlner Motorsport,Oreca,GF,29.616,30.215,34.172,
21,3,11,1:35.258,0,,29.800,0,30.581,0,34.877,0,175.8,19:41.580,10:39:41.580,0:29.800,0:30.581,0:34.877,286.5,Ugo DE WILDE,,LMP2,,Mühlner Motorsport,Oreca,GF,29.800,30.581,34.877,
21,3,12,1:34.826,0,,30.103,0,30.272,0,34.451,0,176.6,21:16.406,10:41:16.406,0:30.103,0:30.272,0:34.451,282.0,Ugo DE WILDE,,LMP2,,Mühlner Motorsport,Oreca,GF,30.103,30.272,34.451,
21,3,13,1:40.001,0,B,29.513,0,30.523,0,39.965,0,167.5,22:56.407,10:42:56.407,0:29.513,0:30.523,0:39.965,285.0,Ugo DE WILDE,,LMP2,,Mühlner Motorsport,Oreca,GF,29.513,30.523,39.965,
21,1,14,3:21.687,0,,2:15.824,0,31.159,0,34.704,0,83.1,26:18.094,10:46:18.094,2:15.824,0:31.159,0:34.704,,Matthias KAISER,0:01:49.997,LMP2,,Mühlner Motorsport,Oreca,GF,135.824,31.159,34.704,
21,1,15,1:36.087,0,,29.925,0,31.638,0,34.524,0,174.3,27:54.181,10:47:54.181,0:29.925,0:31.638,0:34.524,284.2,Matthias KAISER,,LMP2,,Mühlner Motorsport,Oreca,GF,29.925,31.638,34.524,
21,1,16,1:36.143,0,,30.144,0,31.396,0,34.603,0,174.2,29:30.324,10:49:30.324,0:30.144,0:31.396,0:34.603,285.0,Matthias KAISER,,LMP2,,Mühlner Motorsport,Oreca,GF,30.144,31.396,34.603,
21,1,17,1:34.606,0,,29.754,0,30.333,1,34.519,0,177.1,31:04.930,10:51:04.930,0:29.754,0:30.333,0:34.519,284.2,Matthias KAISER,,LMP2,,Mühlner Motorsport,Oreca,GF,29.754,30.333,34.519,
21,1,18,1:35.468,0,,29.722,0,31.399,0,34.347,0,175.5,32:40.398,10:52:40.398,0:29.722,0:31.399,0:34.347,285.0,Matthias KAISER,,LMP2,,Mühlner Motorsport,Oreca,GF,29.722,31.399,34.347,
21,1,19,1:34.606,0,,29.778,0,30.461,0,34.367,0,177.1,34:15.004,10:54:15.004,0:29.778,0:30.461,0:34.367,284.2,Matthias KAISER,,LMP2,,Mühlner Motorsport,Oreca,GF,29.778,30.461,34.367,
21,1,20,1:36.865,0,,30.254,0,32.168,0,34.443,0,172.9,35:51.869,10:55:51.869,0:30.254,0:32.168,0:34.443,286.5,Matthias KAISER,,LMP2,,Mühlner Motorsport,Oreca,GF,30.254,32.168,34.443,
21,1,21,1:34.507,0,,29.588,0,30.555,0,34.364,0,177.2,37:26.376,10:57:26.376,0:29.588,0:30.555,0:34.364,285.0,Matthias KAISER,,LMP2,,Mühlner Motorsport,Oreca,GF,29.588,30.555,34.364,
21,1,22,1:34.695,0,,29.685,0,30.540,0,34.470,0,176.9,39:01.071,10:59:01.071,0:29.685,0:30.540,0:34.470,285.0,Matthias KAISER,,LMP2,,Mühlner Motorsport,Oreca,GF,29.685,30.540,34.470,
21,1,23,1:36.928,0,,29.665,1,31.610,0,35.653,0,172.8,40:37.999,11:00:37.999,0:29.665,0:31.610,0:35.653,285.7,Matthias KAISER,,LMP2,,Mühlner Motorsport,Oreca,GF,29.665,31.610,35.653,
21,1,24,1:34.914,0,,29.723,0,30.692,0,34.499,0,176.5,42:12.913,11:02:12.913,0:29.723,0:30.692,0:34.499,284.2,Matthias KAISER,,LMP2,,Mühlner Motorsport,Oreca,GF,29.723,30.692,34.499,
21,1,25,1:42.639,0,B,30.329,0,31.942,0,40.368,0,163.2,43:55.552,11:03:55.552,0:30.329,0:31.942,0:40.368,286.5,Matthias KAISER,,LMP2,,Mühlner Motorsport,Oreca,GF,30.329,31.942,40.368,
21,2,26,2:54.403,0,,1:49.558,0,30.593,0,34.252,0,96.0,46:49.955,11:06:49.955,1:49.558,0:30.593,0:34.252,,Thomas LAURENT,0:01:24.585,LMP2,,Mühlner Motorsport,Oreca,GF,109.558,30.593,34.252,
21,2,27,1:34.658,0,,29.708,0,30.410,0,34.540,0,177.0,48:24.613,11:08:24.613,0:29.708,0:30.410,0:34.540,287.2,Thomas LAURENT,,LMP2,,Mühlner Motorsport,Oreca,GF,29.708,30.410,34.540,
21,2,28,1:35.446,0,,29.387,0,30.576,0,35.483,0,175.5,50:00.059,11:10:00.059,0:29.387,0:30.576,0:35.483,286.5,Thomas LAURENT,,LMP2,,Mühlner Motorsport,Oreca,GF,29.387,30.576,35.483,
21,2,29,1:35.137,0,,30.617,0,30.433,0,34.087,1,176.1,51:35.196,11:11:35.196,0:30.617,0:30.433,0:34.087,283.5,Thomas LAURENT,,LMP2,,Mühlner Motorsport,Oreca,GF,30.617,30.433,34.087,
21,2,30,1:33.907,0,,29.403,1,30.298,1,34.206,0,178.4,53:09.103,11:13:09.103,0:29.403,0:30.298,0:34.206,286.5,Thomas LAURENT,,LMP2,,Mühlner Motorsport,Oreca,GF,29.403,30.298,34.206,
21,2,31,1:34.609,0,,29.295,0,30.832,0,34.482,0,177.1,54:43.712,11:14:43.712,0:29.295,0:30.832,0:34.482,285.0,Thomas LAURENT,,LMP2,,Mühlner Motorsport,Oreca,GF,29.295,30.832,34.482,
21,2,32,1:42.762,0,B,30.282,0,31.665,0,40.815,0,163.0,56:26.474,11:16:26.474,0:30.282,0:31.665,0:40.815,287.2,Thomas LAURENT,,LMP2,,Mühlner Motorsport,Oreca,GF,30.282,31.665,40.815,
21,2,33,8:56.787,0,,7:51.591,0,30.767,0,34.429,0,31.2,1:05:23.261,11:25:23.261,7:51.591,0:30.767,0:34.429,,Thomas LAURENT,0:07:26.942,LMP2,,Mühlner Motorsport,Oreca,GF,471.591,30.767,34.429,
21,2,34,1:35.763,0,,30.597,0,30.678,0,34.488,0,174.9,1:06:59.024,11:26:59.024,0:30.597,0:30.678,0:34.488,287.2,Thomas LAURENT,,LMP2,,Mühlner Motorsport,Oreca,GF,30.597,30.678,34.488,
21,2,35,1:35.544,0,,29.540,0,31.259,0,34.745,0,175.3,1:08:34.568,11:28:34.568,0:29.540,0:31.259,0:34.745,286.5,Thomas LAURENT,,LMP2,,Mühlner Motorsport,Oreca,GF,29.540,31.259,34.745,
21,2,36,1:35.726,0,,29.710,0,31.427,0,34.589,0,175.0,1:10:10.294,11:30:10.294,0:29.710,0:31.427,0:34.589,286.5,Thomas LAURENT,,LMP2,,Mühlner Motorsport,Oreca,GF,29.710,31.427,34.589,
21,2,37,1:35.618,0,,30.027,0,30.669,0,34.922,0,175.2,1:11:45.912,11:31:45.912,0:30.027,0:30.669,0:34.922,285.7,Thomas LAURENT,,LMP2,,Mühlner Motorsport,Oreca,GF,30.027,30.669,34.922,
21,2,38,1:34.659,0,,29.659,0,30.666,0,34.334,0,177.0,1:13:20.571,11:33:20.571,0:29.659,0:30.666,0:34.334,285.0,Thomas LAURENT,,LMP2,,Mühlner Motorsport,Oreca,GF,29.659,30.666,34.334,
21,2,39,1:34.320,0,,29.577,0,30.328,0,34.415,0,177.6,1:14:54.891,11:34:54.891,0:29.577,0:30.328,0:34.415,285.7,Thomas LAURENT,,LMP2,,Mühlner Motorsport,Oreca,GF,29.577,30.328,34.415,
21,2,40,1:40.731,0,B,30.198,0,30.507,0,40.026,0,166.3,1:16:35.622,11:36:35.622,0:30.198,0:30.507,0:40.026,286.5,Thomas LAURENT,,LMP2,,Mühlner Motorsport,Oreca,GF,30.198,30.507,40.026,
21,1,41,3:38.516,0,,2:32.316,0,31.074,0,35.126,0,76.7,1:20:14.138,11:40:14.138,2:32.316,0:31.074,0:35.126,,Matthias KAISER,0:02:07.111,LMP2,,Mühlner Motorsport,Oreca,GF,152.316,31.074,35.126,
21,1,42,1:36.191,0,,30.199,0,30.935,0,35.057,0,174.1,1:21:50.329,11:41:50.329,0:30.199,0:30.935,0:35.057,284.2,Matthias KAISER,,LMP2,,Mühlner Motorsport,Oreca,GF,30.199,30.935,35.057,
21,1,43,1:34.789,0,,29.770,0,30.620,0,34.399,0,176.7,1:23:25.118,11:43:25.118,0:29.770,0:30.620,0:34.399,282.7,Matthias KAISER,,LMP2,,Mühlner Motorsport,Oreca,GF,29.770,30.620,34.399,
21,1,44,1:34.468,0,,29.710,0,30.428,0,34.330,1,177.3,1:24:59.586,11:44:59.586,0:29.710,0:30.428,0:34.330,285.0,Matthias KAISER,,LMP2,,Mühlner Motorsport,Oreca,GF,29.710,30.428,34.330,
21,1,45,1:34.594,0,,29.683,0,30.522,0,34.389,0,177.1,1:26:34.180,11:46:34.180,0:29.683,0:30.522,0:34.389,285.0,Matthias KAISER,,LMP2,,Mühlner Motorsport,Oreca,GF,29.683,30.522,34.389,
21,1,46,1:35.196,0,,30.028,0,30.733,0,34.435,0,176.0,1:28:09.376,11:48:09.376,0:30.028,0:30.733,0:34.435,286.5,Matthias KAISER,,LMP2,,Mühlner Motorsport,Oreca,GF,30.028,30.733,34.435,
21,1,47,1:35.973,0,,30.459,0,31.066,0,34.448,0,174.5,1:29:45.349,11:49:45.349,0:30.459,0:31.066,0:34.448,288.8,Matthias KAISER,,LMP2,,Mühlner Motorsport,Oreca,GF,30.459,31.066,34.448,
21,1,48,1:34.859,0,,29.804,0,30.482,0,34.573,0,176.6,1:31:20.208,11:51:20.208,0:29.804,0:30.482,0:34.573,285.0,Matthias KAISER,,LMP2,,Mühlner Motorsport,Oreca,FF,29.804,30.482,34.573,
22,2,1,3:29.624,0,,2:19.085,0,34.198,0,36.341,0,75.3,3:29.624,10:23:29.624,2:19.085,0:34.198,0:36.341,,Tom GAMBLE,0:01:47.518,LMP2,,United Autosports,Oreca,GF,139.085,34.198,36.341,
22,2,2,1:33.024,2,,29.099,2,30.049,1,33.876,2,180.1,5:02.648,10:25:02.648,0:29.099,0:30.049,0:33.876,284.2,Tom GAMBLE,,LMP2,,United Autosports,Oreca,GF,29.099,30.049,33.876,
22,2,3,1:37.146,0,,28.976,0,30.241,0,37.929,0,172.4,6:39.794,10:26:39.794,0:28.976,0:30.241,0:37.929,285.7,Tom GAMBLE,,LMP2,,United Autosports,Oreca,GF,28.976,30.241,37.929,
22,2,4,1:33.053,0,,29.009,0,30.062,0,33.982,0,180.0,8:12.847,10:28:12.847,0:29.009,0:30.062,0:33.982,284.2,Tom GAMBLE,,LMP2,,United Autosports,Oreca,GF,29.009,30.062,33.982,
22,2,5,1:42.621,0,B,28.944,0,30.567,0,43.110,0,163.2,9:55.468,10:29:55.468,0:28.944,0:30.567,0:43.110,285.7,Tom GAMBLE,,LMP2,,United Autosports,Oreca,GF,28.944,30.567,43.110,
22,1,6,7:35.759,0,,6:28.739,0,30.971,0,36.049,0,36.8,17:31.227,10:37:31.227,6:28.739,0:30.971,0:36.049,,Philip HANSON,0:06:02.668,LMP2,,United Autosports,Oreca,GF,388.739,30.971,36.049,
22,1,7,1:34.019,0,,29.510,0,30.143,0,34.366,0,178.2,19:05.246,10:39:05.246,0:29.510,0:30.143,0:34.366,281.2,Philip HANSON,,LMP2,,United Autosports,Oreca,GF,29.510,30.143,34.366,
22,1,8,1:33.714,0,,29.398,1,30.138,0,34.178,1,178.7,20:38.960,10:40:38.960,0:29.398,0:30.138,0:34.178,282.0,Philip HANSON,,LMP2,,United Autosports,Oreca,GF,29.398,30.138,34.178,
22,1,9,1:33.975,0,,29.346,0,30.081,0,34.548,0,178.2,22:12.935,10:42:12.935,0:29.346,0:30.081,0:34.548,282.7,Philip HANSON,,LMP2,,United Autosports,Oreca,GF,29.346,30.081,34.548,
22,1,10,1:35.903,0,,30.046,0,31.175,0,34.682,0,174.7,23:48.838,10:43:48.838,0:30.046,0:31.175,0:34.682,282.0,Philip HANSON,,LMP2,,United Autosports,Oreca,GF,30.046,31.175,34.682,
22,1,11,1:36.817,0,,29.796,0,31.063,0,35.958,0,173.0,25:25.655,10:45:25.655,0:29.796,0:31.063,0:35.958,284.2,Philip HANSON,,LMP2,,United Autosports,Oreca,GF,29.796,31.063,35.958,
22,1,12,1:35.602,0,,30.472,0,30.484,0,34.646,0,175.2,27:01.257,10:47:01.257,0:30.472,0:30.484,0:34.646,285.0,Philip HANSON,,LMP2,,United Autosports,Oreca,GF,30.472,30.484,34.646,
22,1,13,1:36.294,0,,31.245,0,30.556,0,34.493,0,174.0,28:37.551,10:48:37.551,0:31.245,0:30.556,0:34.493,283.5,Philip HANSON,,LMP2,,United Autosports,Oreca,GF,31.245,30.556,34.493,
22,1,14,1:34.658,0,,29.865,0,30.180,0,34.613,0,177.0,30:12.209,10:50:12.209,0:29.865,0:30.180,0:34.613,284.2,Philip HANSON,,LMP2,,United Autosports,Oreca,GF,29.865,30.180,34.613,
22,1,15,1:37.339,0,,29.529,0,30.646,0,37.164,0,172.1,31:49.548,10:51:49.548,0:29.529,0:30.646,0:37.164,283.5,Philip HANSON,,LMP2,,United Autosports,Oreca,GF,29.529,30.646,37.164,
22,1,16,1:34.874,0,,29.784,0,30.094,0,34.996,0,176.6,33:24.422,10:53:24.422,0:29.784,0:30.094,0:34.996,283.5,Philip HANSON,,LMP2,,United Autosports,Oreca,GF,29.784,30.094,34.996,
22,1,17,1:41.323,0,B,29.529,0,30.828,0,40.966,0,165.3,35:05.745,10:55:05.745,0:29.529,0:30.828,0:40.966,283.5,Philip HANSON,,LMP2,,United Autosports,Oreca,GF,29.529,30.828,40.966,
22,3,18,4:08.449,0,,3:02.522,0,30.972,0,34.955,0,67.4,39:14.194,10:59:14.194,3:02.522,0:30.972,0:34.955,,Duncan TAPPY,0:02:36.489,LMP2,,United Autosports,Oreca,GF,182.522,30.972,34.955,
22,3,19,1:35.287,0,,30.031,0,30.638,0,34.618,0,175.8,40:49.481,11:00:49.481,0:30.031,0:30.638,0:34.618,281.2,Duncan TAPPY,,LMP2,,United Autosports,Oreca,GF,30.031,30.638,34.618,
22,3,20,1:34.987,0,,29.701,0,30.451,0,34.835,0,176.3,42:24.468,11:02:24.468,0:29.701,0:30.451,0:34.835,282.7,Duncan TAPPY,,LMP2,,United Autosports,Oreca,GF,29.701,30.451,34.835,
22,3,21,1:37.050,0,,31.626,0,30.761,0,34.663,0,172.6,44:01.518,11:04:01.518,0:31.626,0:30.761,0:34.663,284.2,Duncan TAPPY,,LMP2,,United Autosports,Oreca,GF,31.626,30.761,34.663,
22,3,22,1:35.920,0,,30.086,0,31.178,0,34.656,0,174.6,45:37.438,11:05:37.438,0:30.086,0:31.178,0:34.656,285.0,Duncan TAPPY,,LMP2,,United Autosports,Oreca,GF,30.086,31.178,34.656,
22,3,23,1:35.647,0,,29.628,0,30.682,0,35.337,0,175.1,47:13.085,11:07:13.085,0:29.628,0:30.682,0:35.337,284.2,Duncan TAPPY,,LMP2,,United Autosports,Oreca,GF,29.628,30.682,35.337,
22,3,24,1:34.549,0,,29.610,0,30.429,0,34.510,0,177.2,48:47.634,11:08:47.634,0:29.610,0:30.429,0:34.510,281.2,Duncan TAPPY,,LMP2,,United Autosports,Oreca,GF,29.610,30.429,34.510,
22,3,25,1:35.683,0,,29.592,0,30.479,0,35.612,0,175.1,50:23.317,11:10:23.317,0:29.592,0:30.479,0:35.612,283.5,Duncan TAPPY,,LMP2,,United Autosports,Oreca,GF,29.592,30.479,35.612,
22,3,26,1:35.668,0,,29.907,0,30.476,0,35.285,0,175.1,51:58.985,11:11:58.985,0:29.907,0:30.476,0:35.285,282.0,Duncan TAPPY,,LMP2,,United Autosports,Oreca,GF,29.907,30.476,35.285,
22,3,27,1:35.321,0,,29.703,0,30.570,0,35.048,0,175.7,53:34.306,11:13:34.306,0:29.703,0:30.570,0:35.048,283.5,Duncan TAPPY,,LMP2,,United Autosports,Oreca,GF,29.703,30.570,35.048,
22,3,28,1:36.015,0,,30.085,0,30.663,0,35.267,0,174.5,55:10.321,11:15:10.321,0:30.085,0:30.663,0:35.267,279.1,Duncan TAPPY,,LMP2,,United Autosports,Oreca,GF,30.085,30.663,35.267,
22,3,29,1:35.103,0,,29.792,0,30.433,0,34.878,0,176.1,56:45.424,11:16:45.424,0:29.792,0:30.433,0:34.878,284.2,Duncan TAPPY,,LMP2,,United Autosports,Oreca,GF,29.792,30.433,34.878,
22,3,30,1:35.886,0,,30.768,0,30.492,0,34.626,0,174.7,58:21.310,11:18:21.310,0:30.768,0:30.492,0:34.626,287.2,Duncan TAPPY,,LMP2,,United Autosports,Oreca,GF,30.768,30.492,34.626,
22,3,31,1:35.202,0,,30.314,0,30.413,0,34.475,0,176.0,59:56.512,11:19:56.512,0:30.314,0:30.413,0:34.475,286.5,Duncan TAPPY,,LMP2,,United Autosports,Oreca,GF,30.314,30.413,34.475,
22,3,32,1:35.203,0,,29.661,0,30.428,0,35.114,0,175.9,1:01:31.715,11:21:31.715,0:29.661,0:30.428,0:35.114,285.7,Duncan TAPPY,,LMP2,,United Autosports,Oreca,GF,29.661,30.428,35.114,
22,3,33,1:35.712,0,,29.816,0,30.907,0,34.989,0,175.0,1:03:07.427,11:23:07.427,0:29.816,0:30.907,0:34.989,282.0,Duncan TAPPY,,LMP2,,United Autosports,Oreca,GF,29.816,30.907,34.989,
22,3,34,1:33.964,0,,29.399,1,30.206,1,34.359,0,178.3,1:04:41.391,11:24:41.391,0:29.399,0:30.206,0:34.359,284.2,Duncan TAPPY,,LMP2,,United Autosports,Oreca,GF,29.399,30.206,34.359,
22,3,35,1:34.618,0,,29.876,0,30.390,0,34.352,0,177.0,1:06:16.009,11:26:16.009,0:29.876,0:30.390,0:34.352,285.0,Duncan TAPPY,,LMP2,,United Autosports,Oreca,GF,29.876,30.390,34.352,
22,3,36,1:34.114,0,,29.302,0,30.283,0,34.529,0,178.0,1:07:50.123,11:27:50.123,0:29.302,0:30.283,0:34.529,285.0,Duncan TAPPY,,LMP2,,United Autosports,Oreca,GF,29.302,30.283,34.529,
22,3,37,1:34.830,0,,29.475,0,30.881,0,34.474,0,176.6,1:09:24.953,11:29:24.953,0:29.475,0:30.881,0:34.474,284.2,Duncan TAPPY,,LMP2,,United Autosports,Oreca,GF,29.475,30.881,34.474,
22,3,38,1:34.482,0,,29.511,0,30.536,0,34.435,0,177.3,1:10:59.435,11:30:59.435,0:29.511,0:30.536,0:34.435,283.5,Duncan TAPPY,,LMP2,,United Autosports,Oreca,GF,29.511,30.536,34.435,
22,3,39,1:34.723,0,,30.051,0,30.446,0,34.226,1,176.8,1:12:34.158,11:32:34.158,0:30.051,0:30.446,0:34.226,285.7,Duncan TAPPY,,LMP2,,United Autosports,Oreca,GF,30.051,30.446,34.226,
22,3,40,1:34.367,0,,29.722,0,30.335,0,34.310,0,177.5,1:14:08.525,11:34:08.525,0:29.722,0:30.335,0:34.310,283.5,Duncan TAPPY,,LMP2,,United Autosports,Oreca,GF,29.722,30.335,34.310,
22,3,41,1:41.846,0,B,29.512,0,31.104,0,41.230,0,164.5,1:15:50.371,11:35:50.371,0:29.512,0:31.104,0:41.230,285.7,Duncan TAPPY,,LMP2,,United Autosports,Oreca,GF,29.512,31.104,41.230,
22,1,42,5:08.626,0,,4:00.103,0,31.190,0,37.333,0,54.3,1:20:58.997,11:40:58.997,4:00.103,0:31.190,0:37.333,,Philip HANSON,0:03:33.244,LMP2,,United Autosports,Oreca,GF,240.103,31.190,37.333,
22,1,43,1:33.968,0,,29.523,0,30.038,2,34.407,0,178.3,1:22:32.965,11:42:32.965,0:29.523,0:30.038,0:34.407,282.7,Philip HANSON,,LMP2,,United Autosports,Oreca,GF,29.523,30.038,34.407,
22,1,44,1:35.178,0,,29.707,0,30.834,0,34.637,0,176.0,1:24:08.143,11:44:08.143,0:29.707,0:30.834,0:34.637,284.2,Philip HANSON,,LMP2,,United Autosports,Oreca,GF,29.707,30.834,34.637,
22,1,45,1:34.780,0,,29.483,0,30.075,0,35.222,0,176.7,1:25:42.923,11:45:42.923,0:29.483,0:30.075,0:35.222,282.7,Philip HANSON,,LMP2,,United Autosports,Oreca,GF,29.483,30.075,35.222,
22,1,46,1:34.769,0,,29.855,0,30.424,0,34.490,0,176.8,1:27:17.692,11:47:17.692,0:29.855,0:30.424,0:34.490,281.2,Philip HANSON,,LMP2,,United Autosports,Oreca,GF,29.855,30.424,34.490,
22,1,47,1:35.990,0,,29.956,0,31.161,0,34.873,0,174.5,1:28:53.682,11:48:53.682,0:29.956,0:31.161,0:34.873,284.2,Philip HANSON,,LMP2,,United Autosports,Oreca,GF,29.956,31.161,34.873,
22,1,48,1:35.482,0,,29.529,0,31.379,0,34.574,0,175.4,1:30:29.164,11:50:29.164,0:29.529,0:31.379,0:34.574,282.7,Philip HANSON,,LMP2,,United Autosports,Oreca,FF,29.529,31.379,34.574,
24,3,1,1:43.722,0,,37.097,0,31.012,0,35.613,0,152.2,1:43.722,10:21:43.722,0:37.097,0:31.012,0:35.613,,Ben HANLEY,0:00:06.769,LMP2,P/A,Nielsen Racing,Oreca,GF,37.097,31.012,35.613,
24,3,2,1:33.870,2,,29.464,0,30.171,0,34.235,2,178.4,3:17.592,10:23:17.592,0:29.464,0:30.171,0:34.235,281.2,Ben HANLEY,,LMP2,P/A,Nielsen Racing,Oreca,GF,29.464,30.171,34.235,
24,3,3,1:33.844,0,,29.392,0,30.174,0,34.278,0,178.5,4:51.436,10:24:51.436,0:29.392,0:30.174,0:34.278,283.5,Ben HANLEY,,LMP2,P/A,Nielsen Racing,Oreca,GF,29.392,30.174,34.278,
24,3,4,1:43.714,0,B,29.434,2,31.661,0,42.619,0,161.5,6:35.150,10:26:35.150,0:29.434,0:31.661,0:42.619,285.0,Ben HANLEY,,LMP2,P/A,Nielsen Racing,Oreca,GF,29.434,31.661,42.619,
24,3,5,5:08.624,0,,4:00.828,0,32.596,0,35.200,0,54.3,11:43.774,10:31:43.774,4:00.828,0:32.596,0:35.200,,Ben HANLEY,0:03:34.607,LMP2,P/A,Nielsen Racing,Oreca,GF,240.828,32.596,35.200,
24,3,6,1:42.022,0,B,29.438,0,30.132,2,42.452,0,164.2,13:25.796,10:33:25.796,0:29.438,0:30.132,0:42.452,282.0,Ben HANLEY,,LMP2,P/A,Nielsen Racing,Oreca,GF,29.438,30.132,42.452,
24,1,7,13:26.491,0,,12:17.417,0,33.133,0,35.941,0,20.8,26:52.287,10:46:52.287,12:17.417,0:33.133,0:35.941,,Rodrigo SALES,0:11:50.002,LMP2,P/A,Nielsen Racing,Oreca,GF,737.417,33.133,35.941,
24,1,8,1:37.915,0,,30.866,0,31.574,0,35.475,0,171.1,28:30.202,10:48:30.202,0:30.866,0:31.574,0:35.475,279.8,Rodrigo SALES,,LMP2,P/A,Nielsen Racing,Oreca,GF,30.866,31.574,35.475,
24,1,9,1:38.462,0,,31.231,0,31.162,0,36.069,0,170.1,30:08.664,10:50:08.664,0:31.231,0:31.162,0:36.069,281.2,Rodrigo SALES,,LMP2,P/A,Nielsen Racing,Oreca,GF,31.231,31.162,36.069,
24,1,10,1:37.503,0,,30.382,0,31.576,0,35.545,0,171.8,31:46.167,10:51:46.167,0:30.382,0:31.576,0:35.545,280.5,Rodrigo SALES,,LMP2,P/A,Nielsen Racing,Oreca,GF,30.382,31.576,35.545,
24,1,11,1:36.929,0,,29.913,1,31.175,0,35.841,0,172.8,33:23.096,10:53:23.096,0:29.913,0:31.175,0:35.841,281.2,Rodrigo SALES,,LMP2,P/A,Nielsen Racing,Oreca,GF,29.913,31.175,35.841,
24,1,12,1:36.576,0,,30.258,0,31.048,0,35.270,0,173.4,34:59.672,10:54:59.672,0:30.258,0:31.048,0:35.270,281.2,Rodrigo SALES,,LMP2,P/A,Nielsen Racing,Oreca,GF,30.258,31.048,35.270,
24,1,13,1:37.290,0,,30.064,0,31.516,0,35.710,0,172.2,36:36.962,10:56:36.962,0:30.064,0:31.516,0:35.710,282.7,Rodrigo SALES,,LMP2,P/A,Nielsen Racing,Oreca,GF,30.064,31.516,35.710,
24,1,14,1:37.465,0,,30.298,0,31.436,0,35.731,0,171.9,38:14.427,10:58:14.427,0:30.298,0:31.436,0:35.731,285.0,Rodrigo SALES,,LMP2,P/A,Nielsen Racing,Oreca,GF,30.298,31.436,35.731,
24,1,15,1:36.516,0,,30.368,0,30.983,0,35.165,1,173.6,39:50.943,10:59:50.943,0:30.368,0:30.983,0:35.165,283.5,Rodrigo SALES,,LMP2,P/A,Nielsen Racing,Oreca,GF,30.368,30.983,35.165,
24,1,16,1:39.207,0,,30.694,0,31.191,0,37.322,0,168.8,41:30.150,11:01:30.150,0:30.694,0:31.191,0:37.322,285.0,Rodrigo SALES,,LMP2,P/A,Nielsen Racing,Oreca,GF,30.694,31.191,37.322,
24,1,17,1:37.789,0,,30.455,0,31.059,0,36.275,0,171.3,43:07.939,11:03:07.939,0:30.455,0:31.059,0:36.275,277.6,Rodrigo SALES,,LMP2,P/A,Nielsen Racing,Oreca,GF,30.455,31.059,36.275,
24,1,18,1:40.535,0,,30.482,0,30.957,0,39.096,0,166.6,44:48.474,11:04:48.474,0:30.482,0:30.957,0:39.096,281.2,Rodrigo SALES,,LMP2,P/A,Nielsen Racing,Oreca,GF,30.482,30.957,39.096,
24,1,19,1:41.316,0,,31.660,0,33.188,0,36.468,0,165.3,46:29.790,11:06:29.790,0:31.660,0:33.188,0:36.468,283.5,Rodrigo SALES,,LMP2,P/A,Nielsen Racing,Oreca,GF,31.660,33.188,36.468,
24,1,20,1:37.329,0,,30.656,0,30.955,1,35.718,0,172.1,48:07.119,11:08:07.119,0:30.656,0:30.955,0:35.718,278.4,Rodrigo SALES,,LMP2,P/A,Nielsen Racing,Oreca,GF,30.656,30.955,35.718,
24,1,21,1:45.802,0,B,30.350,0,31.192,0,44.260,0,158.3,49:52.921,11:09:52.921,0:30.350,0:31.192,0:44.260,279.8,Rodrigo SALES,,LMP2,P/A,Nielsen Racing,Oreca,GF,30.350,31.192,44.260,
24,2,22,12:38.776,0,B,11:26.677,0,30.800,0,41.299,0,22.1,1:02:31.697,11:22:31.697,11:26.677,0:30.800,0:41.299,,Matthew BELL,0:11:01.948,LMP2,P/A,Nielsen Racing,Oreca,GF,686.677,30.800,41.299,
24,2,23,7:06.872,0,,6:01.075,0,30.814,0,34.983,0,39.2,1:09:38.569,11:29:38.569,6:01.075,0:30.814,0:34.983,,Matthew BELL,0:05:36.228,LMP2,P/A,Nielsen Racing,Oreca,GF,361.075,30.814,34.983,
24,2,24,1:35.278,0,,29.992,0,30.515,0,34.771,0,175.8,1:11:13.847,11:31:13.847,0:29.992,0:30.515,0:34.771,282.7,Matthew BELL,,LMP2,P/A,Nielsen Racing,Oreca,GF,29.992,30.515,34.771,
24,2,25,1:38.879,0,,30.385,0,30.455,0,38.039,0,169.4,1:12:52.726,11:32:52.726,0:30.385,0:30.455,0:38.039,282.7,Matthew BELL,,LMP2,P/A,Nielsen Racing,Oreca,GF,30.385,30.455,38.039,
24,2,26,1:35.010,0,,29.798,0,30.419,0,34.793,0,176.3,1:14:27.736,11:34:27.736,0:29.798,0:30.419,0:34.793,282.7,Matthew BELL,,LMP2,P/A,Nielsen Racing,Oreca,GF,29.798,30.419,34.793,
24,2,27,1:35.920,0,,29.970,0,31.183,0,34.767,0,174.6,1:16:03.656,11:36:03.656,0:29.970,0:31.183,0:34.767,286.5,Matthew BELL,,LMP2,P/A,Nielsen Racing,Oreca,GF,29.970,31.183,34.767,
24,2,28,1:37.562,0,,30.482,0,30.996,0,36.084,0,171.7,1:17:41.218,11:37:41.218,0:30.482,0:30.996,0:36.084,285.0,Matthew BELL,,LMP2,P/A,Nielsen Racing,Oreca,GF,30.482,30.996,36.084,
24,2,29,1:37.072,0,,29.669,0,30.636,0,36.767,0,172.6,1:19:18.290,11:39:18.290,0:29.669,0:30.636,0:36.767,282.7,Matthew BELL,,LMP2,P/A,Nielsen Racing,Oreca,GF,29.669,30.636,36.767,
24,2,30,1:35.188,0,,30.160,0,30.360,0,34.668,0,176.0,1:20:53.478,11:40:53.478,0:30.160,0:30.360,0:34.668,282.7,Matthew BELL,,LMP2,P/A,Nielsen Racing,Oreca,GF,30.160,30.360,34.668,
24,2,31,1:34.896,0,,29.719,0,30.173,1,35.004,0,176.5,1:22:28.374,11:42:28.374,0:29.719,0:30.173,0:35.004,283.5,Matthew BELL,,LMP2,P/A,Nielsen Racing,Oreca,GF,29.719,30.173,35.004,
24,2,32,1:34.973,0,,29.653,0,30.694,0,34.626,1,176.4,1:24:03.347,11:44:03.347,0:29.653,0:30.694,0:34.626,282.7,Matthew BELL,,LMP2,P/A,Nielsen Racing,Oreca,GF,29.653,30.694,34.626,
24,2,33,1:35.390,0,,29.774,0,30.527,0,35.089,0,175.6,1:25:38.737,11:45:38.737,0:29.774,0:30.527,0:35.089,283.5,Matthew BELL,,LMP2,P/A,Nielsen Racing,Oreca,GF,29.774,30.527,35.089,
24,2,34,1:35.416,0,,29.505,1,30.586,0,35.325,0,175.6,1:27:14.153,11:47:14.153,0:29.505,0:30.586,0:35.325,282.7,Matthew BELL,,LMP2,P/A,Nielsen Racing,Oreca,GF,29.505,30.586,35.325,
24,2,35,1:36.606,0,,29.691,0,31.620,0,35.295,0,173.4,1:28:50.759,11:48:50.759,0:29.691,0:31.620,0:35.295,283.5,Matthew BELL,,LMP2,P/A,Nielsen Racing,Oreca,GF,29.691,31.620,35.295,
24,2,36,1:40.248,0,B,29.668,0,30.203,0,40.377,0,167.1,1:30:31.007,11:50:31.007,0:29.668,0:30.203,0:40.377,282.7,Matthew BELL,,LMP2,P/A,Nielsen Racing,Oreca,FF,29.668,30.203,40.377,
27,2,1,6:43.969,0,,5:27.324,0,35.483,0,41.162,0,39.1,6:43.969,10:26:43.969,5:27.324,0:35.483,0:41.162,,Antoine DOQUIN,0:04:54.545,LMP3,,COOL Racing,Ligier,GF,327.324,35.483,41.162,
27,2,2,1:39.277,0,,31.363,0,31.765,0,36.149,0,168.7,8:23.246,10:28:23.246,0:31.363,0:31.765,0:36.149,267.3,Antoine DOQUIN,,LMP3,,COOL Racing,Ligier,GF,31.363,31.765,36.149,
27,2,3,1:38.763,0,,31.090,0,31.515,0,36.158,0,169.6,10:02.009,10:30:02.009,0:31.090,0:31.515,0:36.158,269.3,Antoine DOQUIN,,LMP3,,COOL Racing,Ligier,GF,31.090,31.515,36.158,
27,2,4,1:37.962,2,,30.783,2,31.390,0,35.789,2,171.0,11:39.971,10:31:39.971,0:30.783,0:31.390,0:35.789,270.7,Antoine DOQUIN,,LMP3,,COOL Racing,Ligier,GF,30.783,31.390,35.789,
27,2,5,1:38.210,0,,30.874,0,31.365,2,35.971,0,170.6,13:18.181,10:33:18.181,0:30.874,0:31.365,0:35.971,269.3,Antoine DOQUIN,,LMP3,,COOL Racing,Ligier,GF,30.874,31.365,35.971,
27,2,6,1:47.536,0,B,30.882,0,31.870,0,44.784,0,155.8,15:05.717,10:35:05.717,0:30.882,0:31.870,0:44.784,270.7,Antoine DOQUIN,,LMP3,,COOL Racing,Ligier,GF,30.882,31.870,44.784,
27,1,7,3:26.494,0,,2:14.652,0,34.027,0,37.815,0,81.1,18:32.211,10:38:32.211,2:14.652,0:34.027,0:37.815,,Jean-Ludovic FOUBERT,0:01:47.526,LMP3,,COOL Racing,Ligier,GF,134.652,34.027,37.815,
27,1,8,1:44.309,0,,32.139,0,33.627,0,38.543,0,160.6,20:16.520,10:40:16.520,0:32.139,0:33.627,0:38.543,266.7,Jean-Ludovic FOUBERT,,LMP3,,COOL Racing,Ligier,GF,32.139,33.627,38.543,
27,1,9,1:44.388,0,,34.037,0,33.372,0,36.979,0,160.5,22:00.908,10:42:00.908,0:34.037,0:33.372,0:36.979,264.1,Jean-Ludovic FOUBERT,,LMP3,,COOL Racing,Ligier,GF,34.037,33.372,36.979,
27,1,10,1:41.999,0,,32.155,0,32.905,0,36.939,0,164.2,23:42.907,10:43:42.907,0:32.155,0:32.905,0:36.939,267.3,Jean-Ludovic FOUBERT,,LMP3,,COOL Racing,Ligier,GF,32.155,32.905,36.939,
27,1,11,1:42.043,0,,31.693,0,33.028,0,37.322,0,164.2,25:24.950,10:45:24.950,0:31.693,0:33.028,0:37.322,267.3,Jean-Ludovic FOUBERT,,LMP3,,COOL Racing,Ligier,GF,31.693,33.028,37.322,
27,1,12,1:42.875,0,,32.792,0,33.016,0,37.067,0,162.8,27:07.825,10:47:07.825,0:32.792,0:33.016,0:37.067,268.0,Jean-Ludovic FOUBERT,,LMP3,,COOL Racing,Ligier,GF,32.792,33.016,37.067,
27,1,13,1:42.011,0,,31.757,0,32.706,0,37.548,0,164.2,28:49.836,10:48:49.836,0:31.757,0:32.706,0:37.548,268.7,Jean-Ludovic FOUBERT,,LMP3,,COOL Racing,Ligier,GF,31.757,32.706,37.548,
27,1,14,1:49.954,0,B,32.688,0,32.713,0,44.553,0,152.3,30:39.790,10:50:39.790,0:32.688,0:32.713,0:44.553,271.4,Jean-Ludovic FOUBERT,,LMP3,,COOL Racing,Ligier,GF,32.688,32.713,44.553,
27,3,15,3:34.973,0,,2:25.674,0,32.599,0,36.700,0,77.9,34:14.763,10:54:14.763,2:25.674,0:32.599,0:36.700,,Nicolas MAULINI,0:01:58.597,LMP3,,COOL Racing,Ligier,GF,145.674,32.599,36.700,
27,3,16,1:43.610,0,,32.465,0,33.874,0,37.271,0,161.7,35:58.373,10:55:58.373,0:32.465,0:33.874,0:37.271,269.3,Nicolas MAULINI,,LMP3,,COOL Racing,Ligier,GF,32.465,33.874,37.271,
27,3,17,1:40.790,0,,31.766,0,32.293,0,36.731,0,166.2,37:39.163,10:57:39.163,0:31.766,0:32.293,0:36.731,270.7,Nicolas MAULINI,,LMP3,,COOL Racing,Ligier,GF,31.766,32.293,36.731,
27,3,18,1:41.340,0,,31.933,0,32.211,0,37.196,0,165.3,39:20.503,10:59:20.503,0:31.933,0:32.211,0:37.196,270.0,Nicolas MAULINI,,LMP3,,COOL Racing,Ligier,GF,31.933,32.211,37.196,
27,3,19,1:41.052,0,,31.636,0,32.713,0,36.703,0,165.8,41:01.555,11:01:01.555,0:31.636,0:32.713,0:36.703,269.3,Nicolas MAULINI,,LMP3,,COOL Racing,Ligier,GF,31.636,32.713,36.703,
27,3,20,1:40.440,0,,31.569,0,31.967,0,36.904,0,166.8,42:41.995,11:02:41.995,0:31.569,0:31.967,0:36.904,269.3,Nicolas MAULINI,,LMP3,,COOL Racing,Ligier,GF,31.569,31.967,36.904,
27,3,21,1:46.679,0,B,31.650,0,32.249,0,42.780,0,157.0,44:28.674,11:04:28.674,0:31.650,0:32.249,0:42.780,270.0,Nicolas MAULINI,,LMP3,,COOL Racing,Ligier,GF,31.650,32.249,42.780,
27,3,22,4:03.142,0,,2:53.095,0,32.473,0,37.574,0,68.9,48:31.816,11:08:31.816,2:53.095,0:32.473,0:37.574,,Nicolas MAULINI,0:02:24.132,LMP3,,COOL Racing,Ligier,GF,173.095,32.473,37.574,
27,3,23,1:41.802,0,,31.552,0,33.302,0,36.948,0,164.5,50:13.618,11:10:13.618,0:31.552,0:33.302,0:36.948,269.3,Nicolas MAULINI,,LMP3,,COOL Racing,Ligier,GF,31.552,33.302,36.948,
27,3,24,1:40.170,0,,31.454,0,31.905,0,36.811,0,167.2,51:53.788,11:11:53.788,0:31.454,0:31.905,0:36.811,269.3,Nicolas MAULINI,,LMP3,,COOL Racing,Ligier,GF,31.454,31.905,36.811,
27,3,25,1:40.608,0,,31.517,1,31.825,1,37.266,0,166.5,53:34.396,11:13:34.396,0:31.517,0:31.825,0:37.266,268.7,Nicolas MAULINI,,LMP3,,COOL Racing,Ligier,GF,31.517,31.825,37.266,
27,3,26,1:41.513,0,,31.457,0,33.281,0,36.775,0,165.0,55:15.909,11:15:15.909,0:31.457,0:33.281,0:36.775,266.7,Nicolas MAULINI,,LMP3,,COOL Racing,Ligier,GF,31.457,33.281,36.775,
27,3,27,1:40.589,0,,31.305,0,32.427,0,36.857,0,166.5,56:56.498,11:16:56.498,0:31.305,0:32.427,0:36.857,270.7,Nicolas MAULINI,,LMP3,,COOL Racing,Ligier,GF,31.305,32.427,36.857,
27,3,28,1:40.320,0,,31.679,0,32.038,0,36.603,0,167.0,58:36.818,11:18:36.818,0:31.679,0:32.038,0:36.603,268.7,Nicolas MAULINI,,LMP3,,COOL Racing,Ligier,GF,31.679,32.038,36.603,
27,3,29,1:40.006,0,,31.469,0,32.018,0,36.519,1,167.5,1:00:16.824,11:20:16.824,0:31.469,0:32.018,0:36.519,271.4,Nicolas MAULINI,,LMP3,,COOL Racing,Ligier,GF,31.469,32.018,36.519,
27,3,30,1:47.809,0,B,32.733,0,32.774,0,42.302,0,155.4,1:02:04.633,11:22:04.633,0:32.733,0:32.774,0:42.302,275.5,Nicolas MAULINI,,LMP3,,COOL Racing,Ligier,GF,32.733,32.774,42.302,
27,1,31,3:26.788,0,,2:16.903,0,32.904,0,36.981,0,81.0,1:05:31.421,11:25:31.421,2:16.903,0:32.904,0:36.981,,Jean-Ludovic FOUBERT,0:01:50.264,LMP3,,COOL Racing,Ligier,GF,136.903,32.904,36.981,
27,1,32,1:44.707,0,,32.248,0,33.202,0,39.257,0,160.0,1:07:16.128,11:27:16.128,0:32.248,0:33.202,0:39.257,270.0,Jean-Ludovic FOUBERT,,LMP3,,COOL Racing,Ligier,GF,32.248,33.202,39.257,
27,1,33,1:42.475,0,,32.853,0,32.840,0,36.782,1,163.5,1:08:58.603,11:28:58.603,0:32.853,0:32.840,0:36.782,268.0,Jean-Ludovic FOUBERT,,LMP3,,COOL Racing,Ligier,GF,32.853,32.840,36.782,
27,1,34,1:41.977,0,,31.626,0,33.244,0,37.107,0,164.3,1:10:40.580,11:30:40.580,0:31.626,0:33.244,0:37.107,270.0,Jean-Ludovic FOUBERT,,LMP3,,COOL Racing,Ligier,GF,31.626,33.244,37.107,
27,1,35,1:43.517,0,,33.386,0,32.740,0,37.391,0,161.8,1:12:24.097,11:32:24.097,0:33.386,0:32.740,0:37.391,268.7,Jean-Ludovic FOUBERT,,LMP3,,COOL Racing,Ligier,GF,33.386,32.740,37.391,
27,1,36,1:41.206,0,,31.498,1,32.819,0,36.889,0,165.5,1:14:05.303,11:34:05.303,0:31.498,0:32.819,0:36.889,269.3,Jean-Ludovic FOUBERT,,LMP3,,COOL Racing,Ligier,GF,31.498,32.819,36.889,
27,1,37,1:41.855,0,,31.678,0,32.774,0,37.403,0,164.5,1:15:47.158,11:35:47.158,0:31.678,0:32.774,0:37.403,270.7,Jean-Ludovic FOUBERT,,LMP3,,COOL Racing,Ligier,GF,31.678,32.774,37.403,
27,1,38,1:41.206,0,,31.573,0,32.434,1,37.199,0,165.5,1:17:28.364,11:37:28.364,0:31.573,0:32.434,0:37.199,270.0,Jean-Ludovic FOUBERT,,LMP3,,COOL Racing,Ligier,GF,31.573,32.434,37.199,
27,1,39,1:49.193,0,B,31.556,0,33.198,0,44.439,0,153.4,1:19:17.557,11:39:17.557,0:31.556,0:33.198,0:44.439,270.7,Jean-Ludovic FOUBERT,,LMP3,,COOL Racing,Ligier,GF,31.556,33.198,44.439,
27,2,40,3:29.456,0,,2:20.747,0,32.189,0,36.520,0,80.0,1:22:47.013,11:42:47.013,2:20.747,0:32.189,0:36.520,,Antoine DOQUIN,0:01:54.316,LMP3,,COOL Racing,Ligier,GF,140.747,32.189,36.520,
27,2,41,1:40.897,0,,31.615,0,32.358,0,36.924,0,166.0,1:24:27.910,11:44:27.910,0:31.615,0:32.358,0:36.924,269.3,Antoine DOQUIN,,LMP3,,COOL Racing,Ligier,GF,31.615,32.358,36.924,
27,2,42,1:40.046,0,,31.399,0,32.058,0,36.589,0,167.4,1:26:07.956,11:46:07.956,0:31.399,0:32.058,0:36.589,269.3,Antoine DOQUIN,,LMP3,,COOL Racing,Ligier,GF,31.399,32.058,36.589,
27,2,43,1:43.598,0,,31.250,0,33.288,0,39.060,0,161.7,1:27:51.554,11:47:51.554,0:31.250,0:33.288,0:39.060,268.7,Antoine DOQUIN,,LMP3,,COOL Racing,Ligier,GF,31.250,33.288,39.060,
27,2,44,1:40.217,0,,31.758,0,31.841,0,36.618,0,167.1,1:29:31.771,11:49:31.771,0:31.758,0:31.841,0:36.618,269.3,Antoine DOQUIN,,LMP3,,COOL Racing,Ligier,GF,31.758,31.841,36.618,
27,2,45,1:39.677,0,,31.316,0,31.746,0,36.615,0,168.1,1:31:11.448,11:51:11.448,0:31.316,0:31.746,0:36.615,269.3,Antoine DOQUIN,,LMP3,,COOL Racing,Ligier,FF,31.316,31.746,36.615,
28,2,1,2:02.737,0,,47.046,0,32.922,0,42.769,0,128.6,2:02.737,10:22:02.737,0:47.046,0:32.922,0:42.769,,Paul Loup CHATIN,0:00:16.524,LMP2,,IDEC Sport,Oreca,GF,47.046,32.922,42.769,
28,2,2,1:33.284,0,,29.297,0,30.014,2,33.973,0,179.6,3:36.021,10:23:36.021,0:29.297,0:30.014,0:33.973,283.5,Paul Loup CHATIN,,LMP2,,IDEC Sport,Oreca,GF,29.297,30.014,33.973,
28,2,3,1:37.834,0,,29.400,0,32.556,0,35.878,0,171.2,5:13.855,10:25:13.855,0:29.400,0:32.556,0:35.878,285.0,Paul Loup CHATIN,,LMP2,,IDEC Sport,Oreca,GF,29.400,32.556,35.878,
28,2,4,1:33.433,0,,29.251,0,30.260,0,33.922,2,179.3,6:47.288,10:26:47.288,0:29.251,0:30.260,0:33.922,285.7,Paul Loup CHATIN,,LMP2,,IDEC Sport,Oreca,GF,29.251,30.260,33.922,
28,2,5,1:44.444,0,B,31.059,0,31.976,0,41.409,0,160.4,8:31.732,10:28:31.732,0:31.059,0:31.976,0:41.409,288.8,Paul Loup CHATIN,,LMP2,,IDEC Sport,Oreca,GF,31.059,31.976,41.409,
28,2,6,3:52.510,0,,2:46.788,0,30.952,0,34.770,0,72.0,12:24.242,10:32:24.242,2:46.788,0:30.952,0:34.770,,Paul Loup CHATIN,0:02:22.210,LMP2,,IDEC Sport,Oreca,GF,166.788,30.952,34.770,
28,2,7,1:34.434,0,,29.445,0,30.740,0,34.249,0,177.4,13:58.676,10:33:58.676,0:29.445,0:30.740,0:34.249,282.7,Paul Loup CHATIN,,LMP2,,IDEC Sport,Oreca,GF,29.445,30.740,34.249,
28,2,8,1:33.541,0,,29.294,0,30.096,0,34.151,0,179.1,15:32.217,10:35:32.217,0:29.294,0:30.096,0:34.151,282.7,Paul Loup CHATIN,,LMP2,,IDEC Sport,Oreca,GF,29.294,30.096,34.151,
28,2,9,1:34.142,0,,29.227,0,30.383,0,34.532,0,177.9,17:06.359,10:37:06.359,0:29.227,0:30.383,0:34.532,283.5,Paul Loup CHATIN,,LMP2,,IDEC Sport,Oreca,GF,29.227,30.383,34.532,
28,2,10,1:33.880,0,,29.462,0,30.061,0,34.357,0,178.4,18:40.239,10:38:40.239,0:29.462,0:30.061,0:34.357,286.5,Paul Loup CHATIN,,LMP2,,IDEC Sport,Oreca,GF,29.462,30.061,34.357,
28,2,11,1:34.585,0,,29.299,0,30.501,0,34.785,0,177.1,20:14.824,10:40:14.824,0:29.299,0:30.501,0:34.785,284.2,Paul Loup CHATIN,,LMP2,,IDEC Sport,Oreca,GF,29.299,30.501,34.785,
28,2,12,1:33.841,0,,29.189,2,30.309,0,34.343,0,178.5,21:48.665,10:41:48.665,0:29.189,0:30.309,0:34.343,283.5,Paul Loup CHATIN,,LMP2,,IDEC Sport,Oreca,GF,29.189,30.309,34.343,
28,2,13,1:33.415,2,,29.203,0,30.059,0,34.153,0,179.3,23:22.080,10:43:22.080,0:29.203,0:30.059,0:34.153,283.5,Paul Loup CHATIN,,LMP2,,IDEC Sport,Oreca,GF,29.203,30.059,34.153,
28,2,14,1:34.347,0,,29.206,0,30.210,0,34.931,0,177.5,24:56.427,10:44:56.427,0:29.206,0:30.210,0:34.931,284.2,Paul Loup CHATIN,,LMP2,,IDEC Sport,Oreca,GF,29.206,30.210,34.931,
28,2,15,1:40.210,0,B,29.475,0,31.039,0,39.696,0,167.2,26:36.637,10:46:36.637,0:29.475,0:31.039,0:39.696,285.7,Paul Loup CHATIN,,LMP2,,IDEC Sport,Oreca,GF,29.475,31.039,39.696,
28,1,16,3:14.178,0,,2:07.053,0,32.025,0,35.100,0,86.3,29:50.815,10:49:50.815,2:07.053,0:32.025,0:35.100,,Paul LAFARGUE,0:01:40.440,LMP2,,IDEC Sport,Oreca,GF,127.053,32.025,35.100,
28,1,17,1:37.306,0,,30.898,0,31.320,0,35.088,0,172.1,31:28.121,10:51:28.121,0:30.898,0:31.320,0:35.088,282.0,Paul LAFARGUE,,LMP2,,IDEC Sport,Oreca,GF,30.898,31.320,35.088,
28,1,18,1:39.415,0,,30.659,0,32.603,0,36.153,0,168.5,33:07.536,10:53:07.536,0:30.659,0:32.603,0:36.153,288.0,Paul LAFARGUE,,LMP2,,IDEC Sport,Oreca,GF,30.659,32.603,36.153,
28,1,19,1:36.914,0,,30.386,0,31.669,0,34.859,0,172.8,34:44.450,10:54:44.450,0:30.386,0:31.669,0:34.859,282.7,Paul LAFARGUE,,LMP2,,IDEC Sport,Oreca,GF,30.386,31.669,34.859,
28,1,20,1:36.622,0,,30.230,0,31.176,0,35.216,0,173.4,36:21.072,10:56:21.072,0:30.230,0:31.176,0:35.216,282.7,Paul LAFARGUE,,LMP2,,IDEC Sport,Oreca,GF,30.230,31.176,35.216,
28,1,21,1:37.412,0,,30.372,0,31.225,0,35.815,0,172.0,37:58.484,10:57:58.484,0:30.372,0:31.225,0:35.815,282.0,Paul LAFARGUE,,LMP2,,IDEC Sport,Oreca,GF,30.372,31.225,35.815,
28,1,22,1:35.663,0,,30.178,0,30.857,0,34.628,0,175.1,39:34.147,10:59:34.147,0:30.178,0:30.857,0:34.628,283.5,Paul LAFARGUE,,LMP2,,IDEC Sport,Oreca,GF,30.178,30.857,34.628,
28,1,23,1:38.764,0,,31.996,0,31.982,0,34.786,0,169.6,41:12.911,11:01:12.911,0:31.996,0:31.982,0:34.786,286.5,Paul LAFARGUE,,LMP2,,IDEC Sport,Oreca,GF,31.996,31.982,34.786,
28,1,24,1:35.872,0,,29.959,0,30.949,0,34.964,0,174.7,42:48.783,11:02:48.783,0:29.959,0:30.949,0:34.964,284.2,Paul LAFARGUE,,LMP2,,IDEC Sport,Oreca,GF,29.959,30.949,34.964,
28,1,25,1:34.907,0,,29.740,1,30.584,0,34.583,1,176.5,44:23.690,11:04:23.690,0:29.740,0:30.584,0:34.583,283.5,Paul LAFARGUE,,LMP2,,IDEC Sport,Oreca,GF,29.740,30.584,34.583,
28,1,26,1:35.384,0,,29.744,0,30.582,1,35.058,0,175.6,45:59.074,11:05:59.074,0:29.744,0:30.582,0:35.058,285.7,Paul LAFARGUE,,LMP2,,IDEC Sport,Oreca,GF,29.744,30.582,35.058,
28,1,27,1:37.878,0,,31.441,0,30.810,0,35.627,0,171.1,47:36.952,11:07:36.952,0:31.441,0:30.810,0:35.627,283.5,Paul LAFARGUE,,LMP2,,IDEC Sport,Oreca,GF,31.441,30.810,35.627,
28,1,28,1:42.975,0,B,29.791,0,31.359,0,41.825,0,162.7,49:19.927,11:09:19.927,0:29.791,0:31.359,0:41.825,285.7,Paul LAFARGUE,,LMP2,,IDEC Sport,Oreca,GF,29.791,31.359,41.825,
28,3,29,4:48.991,0,,3:43.626,0,30.471,0,34.894,0,58.0,54:08.918,11:14:08.918,3:43.626,0:30.471,0:34.894,,Patrick PILET,0:03:18.960,LMP2,,IDEC Sport,Oreca,GF,223.626,30.471,34.894,
28,3,30,1:34.724,0,,29.549,0,30.654,0,34.521,0,176.8,55:43.642,11:15:43.642,0:29.549,0:30.654,0:34.521,283.5,Patrick PILET,,LMP2,,IDEC Sport,Oreca,GF,29.549,30.654,34.521,
28,3,31,1:34.046,0,,29.350,0,30.124,0,34.572,0,178.1,57:17.688,11:17:17.688,0:29.350,0:30.124,0:34.572,282.7,Patrick PILET,,LMP2,,IDEC Sport,Oreca,GF,29.350,30.124,34.572,
28,3,32,1:35.279,0,,29.521,0,31.019,0,34.739,0,175.8,58:52.967,11:18:52.967,0:29.521,0:31.019,0:34.739,284.2,Patrick PILET,,LMP2,,IDEC Sport,Oreca,GF,29.521,31.019,34.739,
28,3,33,1:35.166,0,,29.658,0,30.475,0,35.033,0,176.0,1:00:28.133,11:20:28.133,0:29.658,0:30.475,0:35.033,285.7,Patrick PILET,,LMP2,,IDEC Sport,Oreca,GF,29.658,30.475,35.033,
28,3,34,1:33.913,0,,29.368,1,30.164,0,34.381,0,178.4,1:02:02.046,11:22:02.046,0:29.368,0:30.164,0:34.381,285.0,Patrick PILET,,LMP2,,IDEC Sport,Oreca,GF,29.368,30.164,34.381,
28,3,35,1:36.228,0,,30.231,0,30.813,0,35.184,0,174.1,1:03:38.274,11:23:38.274,0:30.231,0:30.813,0:35.184,285.7,Patrick PILET,,LMP2,,IDEC Sport,Oreca,GF,30.231,30.813,35.184,
28,3,36,1:34.211,0,,29.414,0,30.065,1,34.732,0,177.8,1:05:12.485,11:25:12.485,0:29.414,0:30.065,0:34.732,285.7,Patrick PILET,,LMP2,,IDEC Sport,Oreca,GF,29.414,30.065,34.732,
28,3,37,1:35.082,0,,30.097,0,30.414,0,34.571,0,176.2,1:06:47.567,11:26:47.567,0:30.097,0:30.414,0:34.571,285.7,Patrick PILET,,LMP2,,IDEC Sport,Oreca,GF,30.097,30.414,34.571,
28,3,38,1:35.856,0,,30.198,0,31.421,0,34.237,0,174.7,1:08:23.423,11:28:23.423,0:30.198,0:31.421,0:34.237,286.5,Patrick PILET,,LMP2,,IDEC Sport,Oreca,GF,30.198,31.421,34.237,
28,3,39,1:33.607,0,,29.395,0,30.103,0,34.109,1,178.9,1:09:57.030,11:29:57.030,0:29.395,0:30.103,0:34.109,284.2,Patrick PILET,,LMP2,,IDEC Sport,Oreca,GF,29.395,30.103,34.109,
28,3,40,1:34.708,0,,29.518,0,30.768,0,34.422,0,176.9,1:11:31.738,11:31:31.738,0:29.518,0:30.768,0:34.422,284.2,Patrick PILET,,LMP2,,IDEC Sport,Oreca,GF,29.518,30.768,34.422,
28,3,41,1:34.089,0,,29.380,0,30.371,0,34.338,0,178.0,1:13:05.827,11:33:05.827,0:29.380,0:30.371,0:34.338,284.2,Patrick PILET,,LMP2,,IDEC Sport,Oreca,GF,29.380,30.371,34.338,
28,3,42,1:34.305,0,,29.522,0,30.250,0,34.533,0,177.6,1:14:40.132,11:34:40.132,0:29.522,0:30.250,0:34.533,284.2,Patrick PILET,,LMP2,,IDEC Sport,Oreca,GF,29.522,30.250,34.533,
28,3,43,1:40.301,0,B,29.979,0,30.465,0,39.857,0,167.0,1:16:20.433,11:36:20.433,0:29.979,0:30.465,0:39.857,288.0,Patrick PILET,,LMP2,,IDEC Sport,Oreca,GF,29.979,30.465,39.857,
28,3,44,7:20.554,0,,6:14.977,0,30.959,0,34.618,0,38.0,1:23:40.987,11:43:40.987,6:14.977,0:30.959,0:34.618,,Patrick PILET,0:05:49.432,LMP2,,IDEC Sport,Oreca,GF,374.977,30.959,34.618,
28,3,45,1:36.195,0,,30.641,0,30.625,0,34.929,0,174.1,1:25:17.182,11:45:17.182,0:30.641,0:30.625,0:34.929,283.5,Patrick PILET,,LMP2,,IDEC Sport,Oreca,GF,30.641,30.625,34.929,
28,3,46,1:40.775,0,B,29.491,0,30.292,0,40.992,0,166.2,1:26:57.957,11:46:57.957,0:29.491,0:30.292,0:40.992,282.0,Patrick PILET,,LMP2,,IDEC Sport,Oreca,GF,29.491,30.292,40.992,
3,2,1,6:58.160,0,,5:45.361,0,36.331,0,36.468,0,37.7,6:58.160,10:26:58.160,5:45.361,0:36.331,0:36.468,,Kay VAN BERLO,0:05:11.544,LMP3,,United Autosports,Ligier,GF,345.361,36.331,36.468,
3,2,2,1:37.495,0,,30.733,0,31.044,0,35.718,2,171.8,8:35.655,10:28:35.655,0:30.733,0:31.044,0:35.718,264.1,Kay VAN BERLO,,LMP3,,United Autosports,Ligier,GF,30.733,31.044,35.718,
3,2,3,1:39.926,0,,30.819,0,32.265,0,36.842,0,167.6,10:15.581,10:30:15.581,0:30.819,0:32.265,0:36.842,265.4,Kay VAN BERLO,,LMP3,,United Autosports,Ligier,GF,30.819,32.265,36.842,
3,2,4,1:37.759,2,,30.952,2,31.022,2,35.785,0,171.3,11:53.340,10:31:53.340,0:30.952,0:31.022,0:35.785,264.1,Kay VAN BERLO,,LMP3,,United Autosports,Ligier,GF,30.952,31.022,35.785,
3,2,5,1:48.129,0,B,32.592,0,32.930,0,42.607,0,154.9,13:41.469,10:33:41.469,0:32.592,0:32.930,0:42.607,266.0,Kay VAN BERLO,,LMP3,,United Autosports,Ligier,GF,32.592,32.930,42.607,
3,1,6,14:38.511,0,,13:22.375,0,36.047,0,40.089,0,19.1,28:19.980,10:48:19.980,13:22.375,0:36.047,0:40.089,,James MCGUIRE,0:12:51.680,LMP3,,United Autosports,Ligier,GF,802.375,36.047,40.089,
3,1,7,1:46.381,0,,33.849,0,34.180,0,38.352,0,157.5,30:06.361,10:50:06.361,0:33.849,0:34.180,0:38.352,259.6,James MCGUIRE,,LMP3,,United Autosports,Ligier,GF,33.849,34.180,38.352,
3,1,8,1:48.468,0,,32.698,0,33.992,0,41.778,0,154.4,31:54.829,10:51:54.829,0:32.698,0:33.992,0:41.778,261.5,James MCGUIRE,,LMP3,,United Autosports,Ligier,GF,32.698,33.992,41.778,
3,1,9,1:45.007,0,,32.745,0,33.524,0,38.738,0,159.5,33:39.836,10:53:39.836,0:32.745,0:33.524,0:38.738,257.1,James MCGUIRE,,LMP3,,United Autosports,Ligier,GF,32.745,33.524,38.738,
3,1,10,1:45.358,0,,33.041,0,33.882,0,38.435,0,159.0,35:25.194,10:55:25.194,0:33.041,0:33.882,0:38.435,263.4,James MCGUIRE,,LMP3,,United Autosports,Ligier,GF,33.041,33.882,38.435,
3,1,11,1:45.190,0,,32.344,1,33.768,0,39.078,0,159.2,37:10.384,10:57:10.384,0:32.344,0:33.768,0:39.078,265.4,James MCGUIRE,,LMP3,,United Autosports,Ligier,GF,32.344,33.768,39.078,
3,1,12,1:44.465,0,,32.660,0,33.483,0,38.322,0,160.3,38:54.849,10:58:54.849,0:32.660,0:33.483,0:38.322,264.7,James MCGUIRE,,LMP3,,United Autosports,Ligier,GF,32.660,33.483,38.322,
3,1,13,1:44.336,0,,32.553,0,33.259,1,38.524,0,160.5,40:39.185,11:00:39.185,0:32.553,0:33.259,0:38.524,262.8,James MCGUIRE,,LMP3,,United Autosports,Ligier,GF,32.553,33.259,38.524,
3,1,14,1:44.336,0,,32.646,0,33.769,0,37.921,1,160.5,42:23.521,11:02:23.521,0:32.646,0:33.769,0:37.921,264.7,James MCGUIRE,,LMP3,,United Autosports,Ligier,GF,32.646,33.769,37.921,
3,1,15,1:46.562,0,,34.626,0,33.589,0,38.347,0,157.2,44:10.083,11:04:10.083,0:34.626,0:33.589,0:38.347,264.1,James MCGUIRE,,LMP3,,United Autosports,Ligier,GF,34.626,33.589,38.347,
3,1,16,1:44.364,0,,32.506,0,33.686,0,38.172,0,160.5,45:54.447,11:05:54.447,0:32.506,0:33.686,0:38.172,263.4,James MCGUIRE,,LMP3,,United Autosports,Ligier,GF,32.506,33.686,38.172,
3,1,17,1:44.845,0,,32.920,0,33.430,0,38.495,0,159.8,47:39.292,11:07:39.292,0:32.920,0:33.430,0:38.495,264.7,James MCGUIRE,,LMP3,,United Autosports,Ligier,GF,32.920,33.430,38.495,
3,1,18,1:45.362,0,,32.722,0,33.670,0,38.970,0,159.0,49:24.654,11:09:24.654,0:32.722,0:33.670,0:38.970,266.0,James MCGUIRE,,LMP3,,United Autosports,Ligier,GF,32.722,33.670,38.970,
3,1,19,1:54.871,0,B,33.429,0,34.098,0,47.344,0,145.8,51:19.525,11:11:19.525,0:33.429,0:34.098,0:47.344,264.7,James MCGUIRE,,LMP3,,United Autosports,Ligier,GF,33.429,34.098,47.344,
3,3,20,3:27.039,0,,2:17.489,0,32.616,0,36.934,0,80.9,54:46.564,11:14:46.564,2:17.489,0:32.616,0:36.934,,Andrew BENTLEY,0:01:50.621,LMP3,,United Autosports,Ligier,GF,137.489,32.616,36.934,
3,3,21,1:40.971,0,,31.721,0,32.341,0,36.909,0,165.9,56:27.535,11:16:27.535,0:31.721,0:32.341,0:36.909,264.7,Andrew BENTLEY,,LMP3,,United Autosports,Ligier,GF,31.721,32.341,36.909,
3,3,22,1:41.011,0,,31.557,0,32.348,0,37.106,0,165.8,58:08.546,11:18:08.546,0:31.557,0:32.348,0:37.106,267.3,Andrew BENTLEY,,LMP3,,United Autosports,Ligier,GF,31.557,32.348,37.106,
3,3,23,1:40.387,0,,31.779,0,31.970,1,36.638,0,166.9,59:48.933,11:19:48.933,0:31.779,0:31.970,0:36.638,268.0,Andrew BENTLEY,,LMP3,,United Autosports,Ligier,GF,31.779,31.970,36.638,
3,3,24,1:40.191,0,,31.590,0,31.974,0,36.627,0,167.2,1:01:29.124,11:21:29.124,0:31.590,0:31.974,0:36.627,266.0,Andrew BENTLEY,,LMP3,,United Autosports,Ligier,GF,31.590,31.974,36.627,
3,3,25,1:40.681,0,,31.528,0,32.518,0,36.635,0,166.4,1:03:09.805,11:23:09.805,0:31.528,0:32.518,0:36.635,267.3,Andrew BENTLEY,,LMP3,,United Autosports,Ligier,GF,31.528,32.518,36.635,
3,3,26,1:41.425,0,,32.045,0,32.443,0,36.937,0,165.2,1:04:51.230,11:24:51.230,0:32.045,0:32.443,0:36.937,267.3,Andrew BENTLEY,,LMP3,,United Autosports,Ligier,GF,32.045,32.443,36.937,
3,3,27,1:41.351,0,,31.661,0,32.487,0,37.203,0,165.3,1:06:32.581,11:26:32.581,0:31.661,0:32.487,0:37.203,269.3,Andrew BENTLEY,,LMP3,,United Autosports,Ligier,GF,31.661,32.487,37.203,
3,3,28,1:40.284,0,,31.513,1,32.264,0,36.507,1,167.0,1:08:12.865,11:28:12.865,0:31.513,0:32.264,0:36.507,267.3,Andrew BENTLEY,,LMP3,,United Autosports,Ligier,GF,31.513,32.264,36.507,
3,3,29,1:46.466,0,B,31.689,0,32.082,0,42.695,0,157.3,1:09:59.331,11:29:59.331,0:31.689,0:32.082,0:42.695,266.0,Andrew BENTLEY,,LMP3,,United Autosports,Ligier,GF,31.689,32.082,42.695,
3,2,30,3:32.395,0,,2:21.687,0,32.097,0,38.611,0,78.9,1:13:31.726,11:33:31.726,2:21.687,0:32.097,0:38.611,,Kay VAN BERLO,0:01:54.036,LMP3,,United Autosports,Ligier,GF,141.687,32.097,38.611,
3,2,31,1:39.235,0,,31.335,0,31.477,0,36.423,0,168.8,1:15:10.961,11:35:10.961,0:31.335,0:31.477,0:36.423,265.4,Kay VAN BERLO,,LMP3,,United Autosports,Ligier,GF,31.335,31.477,36.423,
3,2,32,1:38.715,0,,31.075,0,31.479,0,36.161,0,169.7,1:16:49.676,11:36:49.676,0:31.075,0:31.479,0:36.161,266.0,Kay VAN BERLO,,LMP3,,United Autosports,Ligier,GF,31.075,31.479,36.161,
3,2,33,1:46.008,0,B,31.670,0,31.959,0,42.379,0,158.0,1:18:35.684,11:38:35.684,0:31.670,0:31.959,0:42.379,266.0,Kay VAN BERLO,,LMP3,,United Autosports,Ligier,GF,31.670,31.959,42.379,
3,2,34,3:38.892,0,,2:29.999,0,31.990,0,36.903,0,76.5,1:22:14.576,11:42:14.576,2:29.999,0:31.990,0:36.903,,Kay VAN BERLO,0:02:04.229,LMP3,,United Autosports,Ligier,GF,149.999,31.990,36.903,
3,2,35,1:40.267,0,,31.756,0,31.958,0,36.553,0,167.1,1:23:54.843,11:43:54.843,0:31.756,0:31.958,0:36.553,264.1,Kay VAN BERLO,,LMP3,,United Autosports,Ligier,GF,31.756,31.958,36.553,
3,2,36,1:40.135,0,,31.536,0,31.869,0,36.730,0,167.3,1:25:34.978,11:45:34.978,0:31.536,0:31.869,0:36.730,264.1,Kay VAN BERLO,,LMP3,,United Autosports,Ligier,GF,31.536,31.869,36.730,
3,2,37,1:41.844,0,,31.538,0,31.960,0,38.346,0,164.5,1:27:16.822,11:47:16.822,0:31.538,0:31.960,0:38.346,265.4,Kay VAN BERLO,,LMP3,,United Autosports,Ligier,GF,31.538,31.960,38.346,
3,2,38,1:47.223,0,B,31.588,0,31.917,0,43.718,0,156.2,1:29:04.045,11:49:04.045,0:31.588,0:31.917,0:43.718,265.4,Kay VAN BERLO,,LMP3,,United Autosports,Ligier,GF,31.588,31.917,43.718,
30,2,1,3:16.290,0,,2:07.527,0,32.515,0,36.248,0,80.4,3:16.290,10:23:16.290,2:07.527,0:32.515,0:36.248,,Richard BRADLEY,0:01:36.203,LMP2,,Duqueine Team,Oreca,GF,127.527,32.515,36.248,
30,2,2,1:34.349,0,,29.464,0,30.399,0,34.486,0,177.5,4:50.639,10:24:50.639,0:29.464,0:30.399,0:34.486,281.2,Richard BRADLEY,,LMP2,,Duqueine Team,Oreca,GF,29.464,30.399,34.486,
30,2,3,1:38.371,0,,29.370,0,30.874,0,38.127,0,170.3,6:29.010,10:26:29.010,0:29.370,0:30.874,0:38.127,282.7,Richard BRADLEY,,LMP2,,Duqueine Team,Oreca,GF,29.370,30.874,38.127,
30,2,4,1:34.502,0,,29.336,0,30.605,0,34.561,0,177.3,8:03.512,10:28:03.512,0:29.336,0:30.605,0:34.561,282.7,Richard BRADLEY,,LMP2,,Duqueine Team,Oreca,GF,29.336,30.605,34.561,
30,2,5,1:42.035,0,B,29.273,2,31.428,0,41.334,0,164.2,9:45.547,10:29:45.547,0:29.273,0:31.428,0:41.334,284.2,Richard BRADLEY,,LMP2,,Duqueine Team,Oreca,GF,29.273,31.428,41.334,
30,2,6,5:23.153,0,,4:17.343,0,31.314,0,34.496,0,51.8,15:08.700,10:35:08.700,4:17.343,0:31.314,0:34.496,,Richard BRADLEY,0:03:52.901,LMP2,,Duqueine Team,Oreca,GF,257.343,31.314,34.496,
30,2,7,1:34.801,0,,29.630,0,30.376,0,34.795,0,176.7,16:43.501,10:36:43.501,0:29.630,0:30.376,0:34.795,279.8,Richard BRADLEY,,LMP2,,Duqueine Team,Oreca,GF,29.630,30.376,34.795,
30,2,8,1:34.547,0,,29.785,0,30.377,0,34.385,2,177.2,18:18.048,10:38:18.048,0:29.785,0:30.377,0:34.385,281.2,Richard BRADLEY,,LMP2,,Duqueine Team,Oreca,GF,29.785,30.377,34.385,
30,2,9,1:34.252,2,,29.532,0,30.259,2,34.461,0,177.7,19:52.300,10:39:52.300,0:29.532,0:30.259,0:34.461,281.2,Richard BRADLEY,,LMP2,,Duqueine Team,Oreca,GF,29.532,30.259,34.461,
30,2,10,1:37.489,0,,31.113,0,30.792,0,35.584,0,171.8,21:29.789,10:41:29.789,0:31.113,0:30.792,0:35.584,282.0,Richard BRADLEY,,LMP2,,Duqueine Team,Oreca,GF,31.113,30.792,35.584,
30,2,11,1:35.334,0,,29.716,0,30.580,0,35.038,0,175.7,23:05.123,10:43:05.123,0:29.716,0:30.580,0:35.038,281.2,Richard BRADLEY,,LMP2,,Duqueine Team,Oreca,GF,29.716,30.580,35.038,
30,2,12,1:34.998,0,,29.619,0,30.671,0,34.708,0,176.3,24:40.121,10:44:40.121,0:29.619,0:30.671,0:34.708,282.0,Richard BRADLEY,,LMP2,,Duqueine Team,Oreca,GF,29.619,30.671,34.708,
30,2,13,1:40.378,0,B,29.695,0,30.429,0,40.254,0,166.9,26:20.499,10:46:20.499,0:29.695,0:30.429,0:40.254,281.2,Richard BRADLEY,,LMP2,,Duqueine Team,Oreca,GF,29.695,30.429,40.254,
30,1,14,4:18.053,0,,3:09.466,0,32.155,0,36.432,0,64.9,30:38.552,10:50:38.552,3:09.466,0:32.155,0:36.432,,Memo ROJAS,0:02:28.402,LMP2,,Duqueine Team,Oreca,GF,189.466,32.155,36.432,
30,1,15,1:37.215,0,,30.396,0,31.033,0,35.786,0,172.3,32:15.767,10:52:15.767,0:30.396,0:31.033,0:35.786,279.1,Memo ROJAS,,LMP2,,Duqueine Team,Oreca,GF,30.396,31.033,35.786,
30,1,16,1:35.540,0,,30.162,0,30.766,0,34.612,0,175.3,33:51.307,10:53:51.307,0:30.162,0:30.766,0:34.612,278.4,Memo ROJAS,,LMP2,,Duqueine Team,Oreca,GF,30.162,30.766,34.612,
30,1,17,1:36.257,0,,30.678,0,30.864,0,34.715,0,174.0,35:27.564,10:55:27.564,0:30.678,0:30.864,0:34.715,282.7,Memo ROJAS,,LMP2,,Duqueine Team,Oreca,GF,30.678,30.864,34.715,
30,1,18,1:37.728,0,,30.850,0,31.825,0,35.053,0,171.4,37:05.292,10:57:05.292,0:30.850,0:31.825,0:35.053,285.0,Memo ROJAS,,LMP2,,Duqueine Team,Oreca,GF,30.850,31.825,35.053,
30,1,19,1:35.620,0,,30.220,0,30.597,0,34.803,0,175.2,38:40.912,10:58:40.912,0:30.220,0:30.597,0:34.803,282.0,Memo ROJAS,,LMP2,,Duqueine Team,Oreca,GF,30.220,30.597,34.803,
30,1,20,1:35.540,0,,29.830,0,31.216,0,34.494,0,175.3,40:16.452,11:00:16.452,0:29.830,0:31.216,0:34.494,282.0,Memo ROJAS,,LMP2,,Duqueine Team,Oreca,GF,29.830,31.216,34.494,
30,1,21,1:35.129,0,,29.942,0,30.501,1,34.686,0,176.1,41:51.581,11:01:51.581,0:29.942,0:30.501,0:34.686,282.7,Memo ROJAS,,LMP2,,Duqueine Team,Oreca,GF,29.942,30.501,34.686,
30,1,22,1:36.106,0,,29.734,0,31.258,0,35.114,0,174.3,43:27.687,11:03:27.687,0:29.734,0:31.258,0:35.114,284.2,Memo ROJAS,,LMP2,,Duqueine Team,Oreca,GF,29.734,31.258,35.114,
30,1,23,1:42.754,0,B,30.107,0,31.559,0,41.088,0,163.0,45:10.441,11:05:10.441,0:30.107,0:31.559,0:41.088,285.0,Memo ROJAS,,LMP2,,Duqueine Team,Oreca,GF,30.107,31.559,41.088,
30,1,24,6:49.629,0,,5:43.566,0,31.109,0,34.954,0,40.9,52:00.070,11:12:00.070,5:43.566,0:31.109,0:34.954,,Memo ROJAS,0:05:17.628,LMP2,,Duqueine Team,Oreca,GF,343.566,31.109,34.954,
30,1,25,1:35.693,0,,29.856,0,31.171,0,34.666,0,175.0,53:35.763,11:13:35.763,0:29.856,0:31.171,0:34.666,282.7,Memo ROJAS,,LMP2,,Duqueine Team,Oreca,GF,29.856,31.171,34.666,
30,1,26,1:36.893,0,,30.631,0,31.649,0,34.613,0,172.9,55:12.656,11:15:12.656,0:30.631,0:31.649,0:34.613,282.7,Memo ROJAS,,LMP2,,Duqueine Team,Oreca,GF,30.631,31.649,34.613,
30,1,27,1:37.031,0,,31.662,0,30.716,0,34.653,0,172.6,56:49.687,11:16:49.687,0:31.662,0:30.716,0:34.653,286.5,Memo ROJAS,,LMP2,,Duqueine Team,Oreca,GF,31.662,30.716,34.653,
30,1,28,1:35.550,0,,29.851,0,30.817,0,34.882,0,175.3,58:25.237,11:18:25.237,0:29.851,0:30.817,0:34.882,285.0,Memo ROJAS,,LMP2,,Duqueine Team,Oreca,GF,29.851,30.817,34.882,
30,1,29,1:35.478,0,,29.636,1,31.353,0,34.489,1,175.4,1:00:00.715,11:20:00.715,0:29.636,0:31.353,0:34.489,287.2,Memo ROJAS,,LMP2,,Duqueine Team,Oreca,GF,29.636,31.353,34.489,
30,1,30,1:41.475,0,B,29.723,0,31.003,0,40.749,0,165.1,1:01:42.190,11:21:42.190,0:29.723,0:31.003,0:40.749,286.5,Memo ROJAS,,LMP2,,Duqueine Team,Oreca,GF,29.723,31.003,40.749,
30,3,31,3:04.006,0,,1:57.438,0,31.199,0,35.369,0,91.0,1:04:46.196,11:24:46.196,1:57.438,0:31.199,0:35.369,,Rui ANDRADE,0:01:31.646,LMP2,,Duqueine Team,Oreca,GF,117.438,31.199,35.369,
30,3,32,1:37.136,0,,30.434,0,31.214,0,35.488,0,172.4,1:06:23.332,11:26:23.332,0:30.434,0:31.214,0:35.488,282.7,Rui ANDRADE,,LMP2,,Duqueine Team,Oreca,GF,30.434,31.214,35.488,
30,3,33,1:36.954,0,,31.083,0,31.060,0,34.811,0,172.8,1:08:00.286,11:28:00.286,0:31.083,0:31.060,0:34.811,282.7,Rui ANDRADE,,LMP2,,Duqueine Team,Oreca,GF,31.083,31.060,34.811,
30,3,34,1:35.712,0,,30.148,0,30.759,0,34.805,0,175.0,1:09:35.998,11:29:35.998,0:30.148,0:30.759,0:34.805,285.0,Rui ANDRADE,,LMP2,,Duqueine Team,Oreca,GF,30.148,30.759,34.805,
30,3,35,1:35.497,0,,29.861,0,30.864,0,34.772,0,175.4,1:11:11.495,11:31:11.495,0:29.861,0:30.864,0:34.772,284.2,Rui ANDRADE,,LMP2,,Duqueine Team,Oreca,GF,29.861,30.864,34.772,
30,3,36,1:35.958,0,,30.549,0,30.709,0,34.700,0,174.6,1:12:47.453,11:32:47.453,0:30.549,0:30.709,0:34.700,285.7,Rui ANDRADE,,LMP2,,Duqueine Team,Oreca,GF,30.549,30.709,34.700,
30,3,37,1:37.769,0,,30.249,0,31.235,0,36.285,0,171.3,1:14:25.222,11:34:25.222,0:30.249,0:31.235,0:36.285,286.5,Rui ANDRADE,,LMP2,,Duqueine Team,Oreca,GF,30.249,31.235,36.285,
30,3,38,1:35.919,0,,29.987,0,30.720,0,35.212,0,174.6,1:16:01.141,11:36:01.141,0:29.987,0:30.720,0:35.212,282.0,Rui ANDRADE,,LMP2,,Duqueine Team,Oreca,GF,29.987,30.720,35.212,
30,3,39,1:38.924,0,,31.748,0,31.826,0,35.350,0,169.3,1:17:40.065,11:37:40.065,0:31.748,0:31.826,0:35.350,287.2,Rui ANDRADE,,LMP2,,Duqueine Team,Oreca,GF,31.748,31.826,35.350,
30,3,40,1:35.609,0,,30.014,0,30.947,0,34.648,0,175.2,1:19:15.674,11:39:15.674,0:30.014,0:30.947,0:34.648,284.2,Rui ANDRADE,,LMP2,,Duqueine Team,Oreca,GF,30.014,30.947,34.648,
30,3,41,1:34.860,0,,29.773,0,30.490,0,34.597,1,176.6,1:20:50.534,11:40:50.534,0:29.773,0:30.490,0:34.597,284.2,Rui ANDRADE,,LMP2,,Duqueine Team,Oreca,GF,29.773,30.490,34.597,
30,3,42,1:43.509,0,B,29.681,1,30.387,0,43.441,0,161.8,1:22:34.043,11:42:34.043,0:29.681,0:30.387,0:43.441,285.0,Rui ANDRADE,,LMP2,,Duqueine Team,Oreca,GF,29.681,30.387,43.441,
30,3,43,2:41.294,0,,1:34.400,0,31.150,0,35.744,0,103.9,1:25:15.337,11:45:15.337,1:34.400,0:31.150,0:35.744,,Rui ANDRADE,0:01:09.682,LMP2,,Duqueine Team,Oreca,GF,94.400,31.150,35.744,
30,3,44,1:35.660,0,,29.890,0,30.311,1,35.459,0,175.1,1:26:50.997,11:46:50.997,0:29.890,0:30.311,0:35.459,283.5,Rui ANDRADE,,LMP2,,Duqueine Team,Oreca,GF,29.890,30.311,35.459,
30,3,45,1:35.364,0,,30.275,0,30.446,0,34.643,0,175.7,1:28:26.361,11:48:26.361,0:30.275,0:30.446,0:34.643,285.0,Rui ANDRADE,,LMP2,,Duqueine Team,Oreca,GF,30.275,30.446,34.643,
30,3,46,1:34.615,0,,29.583,0,30.406,0,34.626,0,177.0,1:30:00.976,11:50:00.976,0:29.583,0:30.406,0:34.626,285.7,Rui ANDRADE,,LMP2,,Duqueine Team,Oreca,FF,29.583,30.406,34.626,
31,2,1,1:56.971,0,,45.132,0,32.450,0,39.389,0,134.9,1:56.971,10:21:56.971,0:45.132,0:32.450,0:39.389,,Mathias BECHE,0:00:13.533,LMP2,P/A,TDS Racing x Vaillante,Oreca,GF,45.132,32.450,39.389,
31,2,2,1:33.084,0,,29.170,0,30.038,0,33.876,0,180.0,3:30.055,10:23:30.055,0:29.170,0:30.038,0:33.876,284.2,Mathias BECHE,,LMP2,P/A,TDS Racing x Vaillante,Oreca,GF,29.170,30.038,33.876,
31,2,3,1:47.634,0,,35.984,0,32.941,0,38.709,0,155.6,5:17.689,10:25:17.689,0:35.984,0:32.941,0:38.709,286.5,Mathias BECHE,,LMP2,P/A,TDS Racing x Vaillante,Oreca,GF,35.984,32.941,38.709,
31,2,4,1:32.876,2,,29.030,2,29.995,0,33.851,2,180.4,6:50.565,10:26:50.565,0:29.030,0:29.995,0:33.851,283.5,Mathias BECHE,,LMP2,P/A,TDS Racing x Vaillante,Oreca,GF,29.030,29.995,33.851,
31,2,5,1:52.228,0,,36.399,0,34.066,0,41.763,0,149.3,8:42.793,10:28:42.793,0:36.399,0:34.066,0:41.763,216.9,Mathias BECHE,,LMP2,P/A,TDS Racing x Vaillante,Oreca,GF,36.399,34.066,41.763,
31,2,6,1:40.959,0,B,29.059,0,29.790,2,42.110,0,165.9,10:23.752,10:30:23.752,0:29.059,0:29.790,0:42.110,283.5,Mathias BECHE,,LMP2,P/A,TDS Racing x Vaillante,Oreca,GF,29.059,29.790,42.110,
31,1,7,3:24.862,0,,2:15.890,0,32.700,0,36.272,0,81.8,13:48.614,10:33:48.614,2:15.890,0:32.700,0:36.272,,Philippe CIMADOMO,0:01:48.060,LMP2,P/A,TDS Racing x Vaillante,Oreca,GF,135.890,32.700,36.272,
31,1,8,1:39.994,0,,31.129,0,32.067,0,36.798,0,167.5,15:28.608,10:35:28.608,0:31.129,0:32.067,0:36.798,280.5,Philippe CIMADOMO,,LMP2,P/A,TDS Racing x Vaillante,Oreca,GF,31.129,32.067,36.798,
31,1,9,1:39.621,0,,31.080,0,32.148,0,36.393,0,168.1,17:08.229,10:37:08.229,0:31.080,0:32.148,0:36.393,280.5,Philippe CIMADOMO,,LMP2,P/A,TDS Racing x Vaillante,Oreca,GF,31.080,32.148,36.393,
31,1,10,1:40.422,0,,31.459,0,32.927,0,36.036,0,166.8,18:48.651,10:38:48.651,0:31.459,0:32.927,0:36.036,282.7,Philippe CIMADOMO,,LMP2,P/A,TDS Racing x Vaillante,Oreca,GF,31.459,32.927,36.036,
31,1,11,1:38.004,0,,30.486,1,31.707,0,35.811,0,170.9,20:26.655,10:40:26.655,0:30.486,0:31.707,0:35.811,282.0,Philippe CIMADOMO,,LMP2,P/A,TDS Racing x Vaillante,Oreca,GF,30.486,31.707,35.811,
31,1,12,1:38.844,0,,31.202,0,31.939,0,35.703,1,169.5,22:05.499,10:42:05.499,0:31.202,0:31.939,0:35.703,281.2,Philippe CIMADOMO,,LMP2,P/A,TDS Racing x Vaillante,Oreca,GF,31.202,31.939,35.703,
31,1,13,1:40.399,0,,31.226,0,32.684,0,36.489,0,166.8,23:45.898,10:43:45.898,0:31.226,0:32.684,0:36.489,281.2,Philippe CIMADOMO,,LMP2,P/A,TDS Racing x Vaillante,Oreca,GF,31.226,32.684,36.489,
31,1,14,1:39.388,0,,30.612,0,32.542,0,36.234,0,168.5,25:25.286,10:45:25.286,0:30.612,0:32.542,0:36.234,279.8,Philippe CIMADOMO,,LMP2,P/A,TDS Racing x Vaillante,Oreca,GF,30.612,32.542,36.234,
31,1,15,1:40.240,0,,30.752,0,31.944,0,37.544,0,167.1,27:05.526,10:47:05.526,0:30.752,0:31.944,0:37.544,283.5,Philippe CIMADOMO,,LMP2,P/A,TDS Racing x Vaillante,Oreca,GF,30.752,31.944,37.544,
31,1,16,1:38.181,0,,30.681,0,31.655,1,35.845,0,170.6,28:43.707,10:48:43.707,0:30.681,0:31.655,0:35.845,282.7,Philippe CIMADOMO,,LMP2,P/A,TDS Racing x Vaillante,Oreca,GF,30.681,31.655,35.845,
31,1,17,1:47.643,0,B,31.670,0,31.769,0,44.204,0,155.6,30:31.350,10:50:31.350,0:31.670,0:31.769,0:44.204,280.5,Philippe CIMADOMO,,LMP2,P/A,TDS Racing x Vaillante,Oreca,GF,31.670,31.769,44.204,
31,3,18,3:09.290,0,,2:02.565,0,31.425,0,35.300,0,88.5,33:40.640,10:53:40.640,2:02.565,0:31.425,0:35.300,,Tijmen VAN DER HELM,0:01:37.091,LMP2,P/A,TDS Racing x Vaillante,Oreca,GF,122.565,31.425,35.300,
31,3,19,1:36.922,0,,30.803,0,30.697,0,35.422,0,172.8,35:17.562,10:55:17.562,0:30.803,0:30.697,0:35.422,282.7,Tijmen VAN DER HELM,,LMP2,P/A,TDS Racing x Vaillante,Oreca,GF,30.803,30.697,35.422,
31,3,20,1:34.978,0,,30.056,0,30.333,0,34.589,0,176.4,36:52.540,10:56:52.540,0:30.056,0:30.333,0:34.589,284.2,Tijmen VAN DER HELM,,LMP2,P/A,TDS Racing x Vaillante,Oreca,GF,30.056,30.333,34.589,
31,3,21,1:36.413,0,,30.800,0,30.563,0,35.050,0,173.7,38:28.953,10:58:28.953,0:30.800,0:30.563,0:35.050,284.2,Tijmen VAN DER HELM,,LMP2,P/A,TDS Racing x Vaillante,Oreca,GF,30.800,30.563,35.050,
31,3,22,1:34.044,0,,29.356,1,30.304,0,34.384,0,178.1,40:02.997,11:00:02.997,0:29.356,0:30.304,0:34.384,282.7,Tijmen VAN DER HELM,,LMP2,P/A,TDS Racing x Vaillante,Oreca,GF,29.356,30.304,34.384,
31,3,23,1:34.642,0,,29.896,0,30.244,0,34.502,0,177.0,41:37.639,11:01:37.639,0:29.896,0:30.244,0:34.502,285.7,Tijmen VAN DER HELM,,LMP2,P/A,TDS Racing x Vaillante,Oreca,GF,29.896,30.244,34.502,
31,3,24,1:36.390,0,,31.187,0,30.473,0,34.730,0,173.8,43:14.029,11:03:14.029,0:31.187,0:30.473,0:34.730,287.2,Tijmen VAN DER HELM,,LMP2,P/A,TDS Racing x Vaillante,Oreca,GF,31.187,30.473,34.730,
31,3,25,1:34.965,0,,29.755,0,30.495,0,34.715,0,176.4,44:48.994,11:04:48.994,0:29.755,0:30.495,0:34.715,285.7,Tijmen VAN DER HELM,,LMP2,P/A,TDS Racing x Vaillante,Oreca,GF,29.755,30.495,34.715,
31,3,26,1:36.022,0,,30.020,0,30.963,0,35.039,0,174.4,46:25.016,11:06:25.016,0:30.020,0:30.963,0:35.039,287.2,Tijmen VAN DER HELM,,LMP2,P/A,TDS Racing x Vaillante,Oreca,GF,30.020,30.963,35.039,
31,3,27,1:33.927,0,,29.497,0,30.029,1,34.401,0,178.3,47:58.943,11:07:58.943,0:29.497,0:30.029,0:34.401,280.5,Tijmen VAN DER HELM,,LMP2,P/A,TDS Racing x Vaillante,Oreca,GF,29.497,30.029,34.401,
31,3,28,1:34.572,0,,29.952,0,30.282,0,34.338,1,177.1,49:33.515,11:09:33.515,0:29.952,0:30.282,0:34.338,286.5,Tijmen VAN DER HELM,,LMP2,P/A,TDS Racing x Vaillante,Oreca,GF,29.952,30.282,34.338,
31,3,29,1:34.887,0,,29.370,0,30.309,0,35.208,0,176.5,51:08.402,11:11:08.402,0:29.370,0:30.309,0:35.208,285.7,Tijmen VAN DER HELM,,LMP2,P/A,TDS Racing x Vaillante,Oreca,GF,29.370,30.309,35.208,
31,3,30,1:43.233,0,B,30.354,0,30.257,0,42.622,0,162.3,52:51.635,11:12:51.635,0:30.354,0:30.257,0:42.622,287.2,Tijmen VAN DER HELM,,LMP2,P/A,TDS Racing x Vaillante,Oreca,GF,30.354,30.257,42.622,
31,2,31,3:31.850,0,,2:23.272,0,31.928,0,36.650,0,79.1,56:23.485,11:16:23.485,2:23.272,0:31.928,0:36.650,,Mathias BECHE,0:01:58.010,LMP2,P/A,TDS Racing x Vaillante,Oreca,GF,143.272,31.928,36.650,
31,2,32,1:35.506,0,,30.013,0,30.678,0,34.815,0,175.4,57:58.991,11:17:58.991,0:30.013,0:30.678,0:34.815,284.2,Mathias BECHE,,LMP2,P/A,TDS Racing x Vaillante,Oreca,GF,30.013,30.678,34.815,
31,2,33,1:35.605,0,,29.808,0,31.047,0,34.750,0,175.2,59:34.596,11:19:34.596,0:29.808,0:31.047,0:34.750,285.0,Mathias BECHE,,LMP2,P/A,TDS Racing x Vaillante,Oreca,GF,29.808,31.047,34.750,
31,2,34,1:34.445,0,,29.643,0,30.445,0,34.357,0,177.4,1:01:09.041,11:21:09.041,0:29.643,0:30.445,0:34.357,283.5,Mathias BECHE,,LMP2,P/A,TDS Racing x Vaillante,Oreca,GF,29.643,30.445,34.357,
31,2,35,1:34.374,0,,29.536,0,30.439,0,34.399,0,177.5,1:02:43.415,11:22:43.415,0:29.536,0:30.439,0:34.399,283.5,Mathias BECHE,,LMP2,P/A,TDS Racing x Vaillante,Oreca,GF,29.536,30.439,34.399,
31,2,36,1:34.972,0,,29.856,0,30.382,0,34.734,0,176.4,1:04:18.387,11:24:18.387,0:29.856,0:30.382,0:34.734,285.0,Mathias BECHE,,LMP2,P/A,TDS Racing x Vaillante,Oreca,GF,29.856,30.382,34.734,
31,2,37,1:34.732,0,,29.455,0,30.863,0,34.414,0,176.8,1:05:53.119,11:25:53.119,0:29.455,0:30.863,0:34.414,285.7,Mathias BECHE,,LMP2,P/A,TDS Racing x Vaillante,Oreca,GF,29.455,30.863,34.414,
31,2,38,1:35.176,0,,29.405,0,31.499,0,34.272,0,176.0,1:07:28.295,11:27:28.295,0:29.405,0:31.499,0:34.272,285.7,Mathias BECHE,,LMP2,P/A,TDS Racing x Vaillante,Oreca,GF,29.405,31.499,34.272,
31,2,39,1:34.986,0,,30.064,0,30.631,0,34.291,0,176.4,1:09:03.281,11:29:03.281,0:30.064,0:30.631,0:34.291,287.2,Mathias BECHE,,LMP2,P/A,TDS Racing x Vaillante,Oreca,GF,30.064,30.631,34.291,
31,2,40,1:35.401,0,,30.289,0,30.511,0,34.601,0,175.6,1:10:38.682,11:30:38.682,0:30.289,0:30.511,0:34.601,287.2,Mathias BECHE,,LMP2,P/A,TDS Racing x Vaillante,Oreca,GF,30.289,30.511,34.601,
31,2,41,1:34.353,0,,29.753,0,30.326,0,34.274,0,177.5,1:12:13.035,11:32:13.035,0:29.753,0:30.326,0:34.274,285.0,Mathias BECHE,,LMP2,P/A,TDS Racing x Vaillante,Oreca,GF,29.753,30.326,34.274,
31,2,42,1:40.213,0,B,29.385,0,30.406,0,40.422,0,167.2,1:13:53.248,11:33:53.248,0:29.385,0:30.406,0:40.422,285.0,Mathias BECHE,,LMP2,P/A,TDS Racing x Vaillante,Oreca,GF,29.385,30.406,40.422,
31,3,43,3:12.228,0,,2:05.293,0,31.813,0,35.122,0,87.1,1:17:05.476,11:37:05.476,2:05.293,0:31.813,0:35.122,,Tijmen VAN DER HELM,0:01:38.993,LMP2,P/A,TDS Racing x Vaillante,Oreca,GF,125.293,31.813,35.122,
31,3,44,1:34.918,0,,29.737,0,30.555,0,34.626,0,176.5,1:18:40.394,11:38:40.394,0:29.737,0:30.555,0:34.626,282.7,Tijmen VAN DER HELM,,LMP2,P/A,TDS Racing x Vaillante,Oreca,GF,29.737,30.555,34.626,
31,3,45,1:34.788,0,,29.576,0,30.460,0,34.752,0,176.7,1:20:15.182,11:40:15.182,0:29.576,0:30.460,0:34.752,284.2,Tijmen VAN DER HELM,,LMP2,P/A,TDS Racing x Vaillante,Oreca,GF,29.576,30.460,34.752,
31,3,46,1:44.806,0,,30.353,0,34.455,0,39.998,0,159.8,1:21:59.988,11:41:59.988,0:30.353,0:34.455,0:39.998,286.5,Tijmen VAN DER HELM,,LMP2,P/A,TDS Racing x Vaillante,Oreca,GF,30.353,34.455,39.998,
31,3,47,1:34.337,0,,29.505,0,30.314,0,34.518,0,177.6,1:23:34.325,11:43:34.325,0:29.505,0:30.314,0:34.518,284.2,Tijmen VAN DER HELM,,LMP2,P/A,TDS Racing x Vaillante,Oreca,GF,29.505,30.314,34.518,
31,3,48,1:35.119,0,,29.830,0,30.453,0,34.836,0,176.1,1:25:09.444,11:45:09.444,0:29.830,0:30.453,0:34.836,284.2,Tijmen VAN DER HELM,,LMP2,P/A,TDS Racing x Vaillante,Oreca,GF,29.830,30.453,34.836,
31,3,49,1:34.011,0,,29.502,0,30.066,0,34.443,0,178.2,1:26:43.455,11:46:43.455,0:29.502,0:30.066,0:34.443,283.5,Tijmen VAN DER HELM,,LMP2,P/A,TDS Racing x Vaillante,Oreca,GF,29.502,30.066,34.443,
31,3,50,1:34.304,0,,29.462,0,30.318,0,34.524,0,177.6,1:28:17.759,11:48:17.759,0:29.462,0:30.318,0:34.524,283.5,Tijmen VAN DER HELM,,LMP2,P/A,TDS Racing x Vaillante,Oreca,GF,29.462,30.318,34.524,
31,3,51,1:34.769,0,,29.964,0,30.213,0,34.592,0,176.8,1:29:52.528,11:49:52.528,0:29.964,0:30.213,0:34.592,284.2,Tijmen VAN DER HELM,,LMP2,P/A,TDS Racing x Vaillante,Oreca,GF,29.964,30.213,34.592,
31,3,52,1:44.066,0,B,30.128,0,30.783,0,43.155,0,161.0,1:31:36.594,11:51:36.594,0:30.128,0:30.783,0:43.155,285.7,Tijmen VAN DER HELM,,LMP2,P/A,TDS Racing x Vaillante,Oreca,FF,30.128,30.783,43.155,
32,1,1,5:24.898,0,,4:09.406,0,34.981,0,40.511,0,48.6,5:24.898,10:25:24.898,4:09.406,0:34.981,0:40.511,,Diego ALESSI,0:03:34.668,LMGTE,,Rinaldi Racing,Ferrari,GF,249.406,34.981,40.511,
32,1,2,1:43.820,0,,32.759,0,33.218,0,37.843,0,161.3,7:08.718,10:27:08.718,0:32.759,0:33.218,0:37.843,257.8,Diego ALESSI,,LMGTE,,Rinaldi Racing,Ferrari,GF,32.759,33.218,37.843,
32,1,3,1:43.545,0,,33.041,0,32.983,0,37.521,1,161.8,8:52.263,10:28:52.263,0:33.041,0:32.983,0:37.521,259.0,Diego ALESSI,,LMGTE,,Rinaldi Racing,Ferrari,GF,33.041,32.983,37.521,
32,1,4,1:42.908,0,,32.505,0,32.788,0,37.615,0,162.8,10:35.171,10:30:35.171,0:32.505,0:32.788,0:37.615,258.4,Diego ALESSI,,LMGTE,,Rinaldi Racing,Ferrari,GF,32.505,32.788,37.615,
32,1,5,1:43.082,0,,32.325,0,32.713,0,38.044,0,162.5,12:18.253,10:32:18.253,0:32.325,0:32.713,0:38.044,259.0,Diego ALESSI,,LMGTE,,Rinaldi Racing,Ferrari,GF,32.325,32.713,38.044,
32,1,6,1:53.401,0,B,32.401,0,37.838,0,43.162,0,147.7,14:11.654,10:34:11.654,0:32.401,0:37.838,0:43.162,258.4,Diego ALESSI,,LMGTE,,Rinaldi Racing,Ferrari,GF,32.401,37.838,43.162,
32,1,7,2:07.907,0,,56.615,0,32.954,0,38.338,0,131.0,16:19.561,10:36:19.561,0:56.615,0:32.954,0:38.338,,Diego ALESSI,0:00:28.456,LMGTE,,Rinaldi Racing,Ferrari,GF,56.615,32.954,38.338,
32,1,8,1:42.645,0,,32.262,0,32.745,0,37.638,0,163.2,18:02.206,10:38:02.206,0:32.262,0:32.745,0:37.638,259.6,Diego ALESSI,,LMGTE,,Rinaldi Racing,Ferrari,GF,32.262,32.745,37.638,
32,1,9,1:42.891,0,,32.312,0,32.859,0,37.720,0,162.8,19:45.097,10:39:45.097,0:32.312,0:32.859,0:37.720,259.0,Diego ALESSI,,LMGTE,,Rinaldi Racing,Ferrari,GF,32.312,32.859,37.720,
32,1,10,1:47.846,0,,33.608,0,33.616,0,40.622,0,155.3,21:32.943,10:41:32.943,0:33.608,0:33.616,0:40.622,261.5,Diego ALESSI,,LMGTE,,Rinaldi Racing,Ferrari,GF,33.608,33.616,40.622,
32,1,11,1:42.941,0,,32.337,0,32.842,0,37.762,0,162.7,23:15.884,10:43:15.884,0:32.337,0:32.842,0:37.762,260.9,Diego ALESSI,,LMGTE,,Rinaldi Racing,Ferrari,GF,32.337,32.842,37.762,
32,1,12,1:42.990,0,,32.303,0,32.610,1,38.077,0,162.6,24:58.874,10:44:58.874,0:32.303,0:32.610,0:38.077,259.0,Diego ALESSI,,LMGTE,,Rinaldi Racing,Ferrari,GF,32.303,32.610,38.077,
32,1,13,1:47.748,0,B,32.275,1,32.753,0,42.720,0,155.5,26:46.622,10:46:46.622,0:32.275,0:32.753,0:42.720,260.2,Diego ALESSI,,LMGTE,,Rinaldi Racing,Ferrari,GF,32.275,32.753,42.720,
32,2,14,4:40.821,0,,3:30.624,0,32.823,0,37.374,0,59.6,31:27.443,10:51:27.443,3:30.624,0:32.823,0:37.374,,Nicolas VARRONE,0:03:03.950,LMGTE,,Rinaldi Racing,Ferrari,GF,210.624,32.823,37.374,
32,2,15,1:42.636,0,,32.692,0,32.431,0,37.513,0,163.2,33:10.079,10:53:10.079,0:32.692,0:32.431,0:37.513,260.9,Nicolas VARRONE,,LMGTE,,Rinaldi Racing,Ferrari,GF,32.692,32.431,37.513,
32,2,16,1:46.701,0,,32.316,0,32.527,0,41.858,0,157.0,34:56.780,10:54:56.780,0:32.316,0:32.527,0:41.858,265.4,Nicolas VARRONE,,LMGTE,,Rinaldi Racing,Ferrari,GF,32.316,32.527,41.858,
32,2,17,1:42.411,0,,32.121,0,32.491,0,37.799,0,163.6,36:39.191,10:56:39.191,0:32.121,0:32.491,0:37.799,260.2,Nicolas VARRONE,,LMGTE,,Rinaldi Racing,Ferrari,GF,32.121,32.491,37.799,
32,2,18,1:41.956,0,,32.118,0,32.299,0,37.539,0,164.3,38:21.147,10:58:21.147,0:32.118,0:32.299,0:37.539,260.9,Nicolas VARRONE,,LMGTE,,Rinaldi Racing,Ferrari,GF,32.118,32.299,37.539,
32,2,19,1:41.804,0,,32.219,0,32.277,0,37.308,0,164.5,40:02.951,11:00:02.951,0:32.219,0:32.277,0:37.308,260.2,Nicolas VARRONE,,LMGTE,,Rinaldi Racing,Ferrari,GF,32.219,32.277,37.308,
32,2,20,1:43.120,0,,32.125,0,32.593,0,38.402,0,162.4,41:46.071,11:01:46.071,0:32.125,0:32.593,0:38.402,262.1,Nicolas VARRONE,,LMGTE,,Rinaldi Racing,Ferrari,GF,32.125,32.593,38.402,
32,2,21,1:45.349,0,,33.156,0,32.877,0,39.316,0,159.0,43:31.420,11:03:31.420,0:33.156,0:32.877,0:39.316,264.7,Nicolas VARRONE,,LMGTE,,Rinaldi Racing,Ferrari,GF,33.156,32.877,39.316,
32,2,22,1:41.564,0,,31.997,0,32.310,0,37.257,0,164.9,45:12.984,11:05:12.984,0:31.997,0:32.310,0:37.257,260.2,Nicolas VARRONE,,LMGTE,,Rinaldi Racing,Ferrari,GF,31.997,32.310,37.257,
32,2,23,1:46.642,0,,32.122,0,32.738,0,41.782,0,157.1,46:59.626,11:06:59.626,0:32.122,0:32.738,0:41.782,260.9,Nicolas VARRONE,,LMGTE,,Rinaldi Racing,Ferrari,GF,32.122,32.738,41.782,
32,2,24,1:41.552,2,,32.027,2,32.276,2,37.249,2,164.9,48:41.178,11:08:41.178,0:32.027,0:32.276,0:37.249,260.9,Nicolas VARRONE,,LMGTE,,Rinaldi Racing,Ferrari,GF,32.027,32.276,37.249,
32,2,25,1:47.005,0,B,32.127,0,32.319,0,42.559,0,156.5,50:28.183,11:10:28.183,0:32.127,0:32.319,0:42.559,260.2,Nicolas VARRONE,,LMGTE,,Rinaldi Racing,Ferrari,GF,32.127,32.319,42.559,
32,1,26,20:28.658,0,,19:17.470,0,33.321,0,37.867,0,13.6,1:10:56.841,11:30:56.841,19:17.470,0:33.321,0:37.867,,Diego ALESSI,0:18:40.647,LMGTE,,Rinaldi Racing,Ferrari,GF,1157.470,33.321,37.867,
32,1,27,1:43.709,0,,32.639,0,33.303,0,37.767,0,161.5,1:12:40.550,11:32:40.550,0:32.639,0:33.303,0:37.767,257.1,Diego ALESSI,,LMGTE,,Rinaldi Racing,Ferrari,GF,32.639,33.303,37.767,
32,1,28,1:44.383,0,,32.814,0,33.593,0,37.976,0,160.5,1:14:24.933,11:34:24.933,0:32.814,0:33.593,0:37.976,258.4,Diego ALESSI,,LMGTE,,Rinaldi Racing,Ferrari,GF,32.814,33.593,37.976,
32,1,29,1:44.024,0,,32.609,0,33.361,0,38.054,0,161.0,1:16:08.957,11:36:08.957,0:32.609,0:33.361,0:38.054,258.4,Diego ALESSI,,LMGTE,,Rinaldi Racing,Ferrari,GF,32.609,33.361,38.054,
32,1,30,1:45.253,0,,34.380,0,33.046,0,37.827,0,159.1,1:17:54.210,11:37:54.210,0:34.380,0:33.046,0:37.827,196.0,Diego ALESSI,,LMGTE,,Rinaldi Racing,Ferrari,GF,34.380,33.046,37.827,
32,1,31,1:42.888,0,,32.360,0,32.728,0,37.800,0,162.8,1:19:37.098,11:39:37.098,0:32.360,0:32.728,0:37.800,260.2,Diego ALESSI,,LMGTE,,Rinaldi Racing,Ferrari,GF,32.360,32.728,37.800,
32,1,32,1:43.639,0,,33.144,0,32.793,0,37.702,0,161.6,1:21:20.737,11:41:20.737,0:33.144,0:32.793,0:37.702,262.8,Diego ALESSI,,LMGTE,,Rinaldi Racing,Ferrari,GF,33.144,32.793,37.702,
32,1,33,1:43.488,0,,32.506,0,32.782,0,38.200,0,161.9,1:23:04.225,11:43:04.225,0:32.506,0:32.782,0:38.200,260.9,Diego ALESSI,,LMGTE,,Rinaldi Racing,Ferrari,GF,32.506,32.782,38.200,
32,1,34,1:44.044,0,,32.559,0,33.252,0,38.233,0,161.0,1:24:48.269,11:44:48.269,0:32.559,0:33.252,0:38.233,259.6,Diego ALESSI,,LMGTE,,Rinaldi Racing,Ferrari,GF,32.559,33.252,38.233,
32,1,35,1:43.669,0,,32.429,0,33.335,0,37.905,0,161.6,1:26:31.938,11:46:31.938,0:32.429,0:33.335,0:37.905,260.2,Diego ALESSI,,LMGTE,,Rinaldi Racing,Ferrari,GF,32.429,33.335,37.905,
32,1,36,1:48.591,0,B,32.567,0,33.063,0,42.961,0,154.3,1:28:20.529,11:48:20.529,0:32.567,0:33.063,0:42.961,260.2,Diego ALESSI,,LMGTE,,Rinaldi Racing,Ferrari,GF,32.567,33.063,42.961,
33,2,1,3:39.603,0,,2:26.443,0,34.241,0,38.919,0,71.9,3:39.603,10:23:39.603,2:26.443,0:34.241,0:38.919,,Fabrizio CRESTANI,0:01:53.506,LMGTE,,Rinaldi Racing,Ferrari,GF,146.443,34.241,38.919,
33,2,2,1:44.229,0,,32.727,0,32.814,0,38.688,0,160.7,5:23.832,10:25:23.832,0:32.727,0:32.814,0:38.688,255.3,Fabrizio CRESTANI,,LMGTE,,Rinaldi Racing,Ferrari,GF,32.727,32.814,38.688,
33,2,3,1:42.083,0,,32.158,0,32.621,0,37.304,0,164.1,7:05.915,10:27:05.915,0:32.158,0:32.621,0:37.304,257.8,Fabrizio CRESTANI,,LMGTE,,Rinaldi Racing,Ferrari,GF,32.158,32.621,37.304,
33,2,4,1:41.747,0,,32.177,0,32.456,0,37.114,2,164.6,8:47.662,10:28:47.662,0:32.177,0:32.456,0:37.114,259.0,Fabrizio CRESTANI,,LMGTE,,Rinaldi Racing,Ferrari,GF,32.177,32.456,37.114,
33,2,5,1:41.565,2,,32.026,2,32.393,0,37.146,0,164.9,10:29.227,10:30:29.227,0:32.026,0:32.393,0:37.146,255.9,Fabrizio CRESTANI,,LMGTE,,Rinaldi Racing,Ferrari,GF,32.026,32.393,37.146,
33,2,6,1:52.351,0,B,34.093,0,34.084,0,44.174,0,149.1,12:21.578,10:32:21.578,0:34.093,0:34.084,0:44.174,258.4,Fabrizio CRESTANI,,LMGTE,,Rinaldi Racing,Ferrari,GF,34.093,34.084,44.174,
33,2,7,3:02.120,0,,1:52.074,0,32.771,0,37.275,0,92.0,15:23.698,10:35:23.698,1:52.074,0:32.771,0:37.275,,Fabrizio CRESTANI,0:01:22.294,LMGTE,,Rinaldi Racing,Ferrari,GF,112.074,32.771,37.275,
33,2,8,1:41.852,0,,32.238,0,32.466,0,37.148,0,164.5,17:05.550,10:37:05.550,0:32.238,0:32.466,0:37.148,259.6,Fabrizio CRESTANI,,LMGTE,,Rinaldi Racing,Ferrari,GF,32.238,32.466,37.148,
33,2,9,1:45.358,0,,33.057,0,33.537,0,38.764,0,159.0,18:50.908,10:38:50.908,0:33.057,0:33.537,0:38.764,259.6,Fabrizio CRESTANI,,LMGTE,,Rinaldi Racing,Ferrari,GF,33.057,33.537,38.764,
33,2,10,1:42.201,0,,32.460,0,32.491,0,37.250,0,163.9,20:33.109,10:40:33.109,0:32.460,0:32.491,0:37.250,259.6,Fabrizio CRESTANI,,LMGTE,,Rinaldi Racing,Ferrari,GF,32.460,32.491,37.250,
33,2,11,1:43.451,0,,32.040,0,32.373,2,39.038,0,161.9,22:16.560,10:42:16.560,0:32.040,0:32.373,0:39.038,260.2,Fabrizio CRESTANI,,LMGTE,,Rinaldi Racing,Ferrari,GF,32.040,32.373,39.038,
33,2,12,1:50.676,0,B,32.057,0,33.537,0,45.082,0,151.3,24:07.236,10:44:07.236,0:32.057,0:33.537,0:45.082,259.0,Fabrizio CRESTANI,,LMGTE,,Rinaldi Racing,Ferrari,GF,32.057,33.537,45.082,
33,1,13,3:17.930,0,,2:04.084,0,34.955,0,38.891,0,84.6,27:25.166,10:47:25.166,2:04.084,0:34.955,0:38.891,,Christian HOOK,0:01:36.342,LMGTE,,Rinaldi Racing,Ferrari,GF,124.084,34.955,38.891,
33,1,14,1:47.362,0,,33.266,0,34.220,0,39.876,0,156.0,29:12.528,10:49:12.528,0:33.266,0:34.220,0:39.876,256.5,Christian HOOK,,LMGTE,,Rinaldi Racing,Ferrari,GF,33.266,34.220,39.876,
33,1,15,1:46.587,0,,33.125,0,34.207,0,39.255,0,157.2,30:59.115,10:50:59.115,0:33.125,0:34.207,0:39.255,257.8,Christian HOOK,,LMGTE,,Rinaldi Racing,Ferrari,GF,33.125,34.207,39.255,
33,1,16,1:45.849,0,,33.154,0,34.044,0,38.651,0,158.3,32:44.964,10:52:44.964,0:33.154,0:34.044,0:38.651,257.1,Christian HOOK,,LMGTE,,Rinaldi Racing,Ferrari,GF,33.154,34.044,38.651,
33,1,17,1:44.647,0,,32.840,0,33.369,0,38.438,0,160.1,34:29.611,10:54:29.611,0:32.840,0:33.369,0:38.438,258.4,Christian HOOK,,LMGTE,,Rinaldi Racing,Ferrari,GF,32.840,33.369,38.438,
33,1,18,1:48.540,0,,33.687,0,36.078,0,38.775,0,154.3,36:18.151,10:56:18.151,0:33.687,0:36.078,0:38.775,257.1,Christian HOOK,,LMGTE,,Rinaldi Racing,Ferrari,GF,33.687,36.078,38.775,
33,1,19,1:45.403,0,,32.918,0,33.738,0,38.747,0,158.9,38:03.554,10:58:03.554,0:32.918,0:33.738,0:38.747,258.4,Christian HOOK,,LMGTE,,Rinaldi Racing,Ferrari,GF,32.918,33.738,38.747,
33,1,20,1:46.595,0,,33.642,0,34.244,0,38.709,0,157.1,39:50.149,10:59:50.149,0:33.642,0:34.244,0:38.709,257.1,Christian HOOK,,LMGTE,,Rinaldi Racing,Ferrari,GF,33.642,34.244,38.709,
33,1,21,1:45.894,0,,33.388,0,33.950,0,38.556,0,158.2,41:36.043,11:01:36.043,0:33.388,0:33.950,0:38.556,258.4,Christian HOOK,,LMGTE,,Rinaldi Racing,Ferrari,GF,33.388,33.950,38.556,
33,1,22,1:53.072,0,B,33.187,0,33.692,0,46.193,0,148.1,43:29.115,11:03:29.115,0:33.187,0:33.692,0:46.193,259.0,Christian HOOK,,LMGTE,,Rinaldi Racing,Ferrari,GF,33.187,33.692,46.193,
33,1,23,3:01.968,0,,1:47.613,0,34.825,0,39.530,0,92.1,46:31.083,11:06:31.083,1:47.613,0:34.825,0:39.530,,Christian HOOK,0:01:19.341,LMGTE,,Rinaldi Racing,Ferrari,GF,107.613,34.825,39.530,
33,1,24,1:43.806,0,,32.670,0,33.222,0,37.914,0,161.4,48:14.889,11:08:14.889,0:32.670,0:33.222,0:37.914,257.1,Christian HOOK,,LMGTE,,Rinaldi Racing,Ferrari,GF,32.670,33.222,37.914,
33,1,25,1:44.218,0,,32.819,0,33.504,0,37.895,0,160.7,49:59.107,11:09:59.107,0:32.819,0:33.504,0:37.895,259.6,Christian HOOK,,LMGTE,,Rinaldi Racing,Ferrari,GF,32.819,33.504,37.895,
33,1,26,1:44.668,0,,33.170,0,33.549,0,37.949,0,160.0,51:43.775,11:11:43.775,0:33.170,0:33.549,0:37.949,259.0,Christian HOOK,,LMGTE,,Rinaldi Racing,Ferrari,GF,33.170,33.549,37.949,
33,1,27,1:43.475,0,,32.592,0,33.123,1,37.760,1,161.9,53:27.250,11:13:27.250,0:32.592,0:33.123,0:37.760,260.2,Christian HOOK,,LMGTE,,Rinaldi Racing,Ferrari,GF,32.592,33.123,37.760,
33,1,28,1:43.493,0,,32.421,1,33.182,0,37.890,0,161.9,55:10.743,11:15:10.743,0:32.421,0:33.182,0:37.890,259.6,Christian HOOK,,LMGTE,,Rinaldi Racing,Ferrari,GF,32.421,33.182,37.890,
33,1,29,1:51.485,0,B,33.005,0,33.676,0,44.804,0,150.3,57:02.228,11:17:02.228,0:33.005,0:33.676,0:44.804,259.6,Christian HOOK,,LMGTE,,Rinaldi Racing,Ferrari,GF,33.005,33.676,44.804,
33,3,30,3:38.013,0,,2:25.523,0,34.136,0,38.354,0,76.8,1:00:40.241,11:20:40.241,2:25.523,0:34.136,0:38.354,,Jeroen BLEEKEMOLEN,0:01:57.163,LMGTE,,Rinaldi Racing,Ferrari,GF,145.523,34.136,38.354,
33,3,31,1:42.922,0,,32.396,0,32.880,0,37.646,0,162.8,1:02:23.163,11:22:23.163,0:32.396,0:32.880,0:37.646,259.0,Jeroen BLEEKEMOLEN,,LMGTE,,Rinaldi Racing,Ferrari,GF,32.396,32.880,37.646,
33,3,32,1:43.177,0,,32.473,0,33.204,0,37.500,0,162.4,1:04:06.340,11:24:06.340,0:32.473,0:33.204,0:37.500,259.6,Jeroen BLEEKEMOLEN,,LMGTE,,Rinaldi Racing,Ferrari,GF,32.473,33.204,37.500,
33,3,33,1:42.558,0,,32.346,0,32.906,0,37.306,1,163.3,1:05:48.898,11:25:48.898,0:32.346,0:32.906,0:37.306,262.1,Jeroen BLEEKEMOLEN,,LMGTE,,Rinaldi Racing,Ferrari,GF,32.346,32.906,37.306,
33,3,34,1:44.038,0,,32.375,0,33.817,0,37.846,0,161.0,1:07:32.936,11:27:32.936,0:32.375,0:33.817,0:37.846,259.0,Jeroen BLEEKEMOLEN,,LMGTE,,Rinaldi Racing,Ferrari,GF,32.375,33.817,37.846,
33,3,35,1:42.663,0,,32.234,0,33.071,0,37.358,0,163.2,1:09:15.599,11:29:15.599,0:32.234,0:33.071,0:37.358,260.9,Jeroen BLEEKEMOLEN,,LMGTE,,Rinaldi Racing,Ferrari,GF,32.234,33.071,37.358,
33,3,36,1:42.421,0,,32.225,1,32.703,0,37.493,0,163.5,1:10:58.020,11:30:58.020,0:32.225,0:32.703,0:37.493,259.0,Jeroen BLEEKEMOLEN,,LMGTE,,Rinaldi Racing,Ferrari,GF,32.225,32.703,37.493,
33,3,37,1:46.113,0,,32.843,0,33.805,0,39.465,0,157.9,1:12:44.133,11:32:44.133,0:32.843,0:33.805,0:39.465,260.2,Jeroen BLEEKEMOLEN,,LMGTE,,Rinaldi Racing,Ferrari,GF,32.843,33.805,39.465,
33,3,38,1:42.962,0,,32.385,0,33.021,0,37.556,0,162.7,1:14:27.095,11:34:27.095,0:32.385,0:33.021,0:37.556,261.5,Jeroen BLEEKEMOLEN,,LMGTE,,Rinaldi Racing,Ferrari,GF,32.385,33.021,37.556,
33,3,39,1:42.609,0,,32.334,0,32.676,0,37.599,0,163.2,1:16:09.704,11:36:09.704,0:32.334,0:32.676,0:37.599,262.1,Jeroen BLEEKEMOLEN,,LMGTE,,Rinaldi Racing,Ferrari,GF,32.334,32.676,37.599,
33,3,40,1:42.686,0,,32.513,0,32.769,0,37.404,0,163.1,1:17:52.390,11:37:52.390,0:32.513,0:32.769,0:37.404,260.2,Jeroen BLEEKEMOLEN,,LMGTE,,Rinaldi Racing,Ferrari,GF,32.513,32.769,37.404,
33,3,41,1:42.641,0,,32.304,0,32.909,0,37.428,0,163.2,1:19:35.031,11:39:35.031,0:32.304,0:32.909,0:37.428,259.6,Jeroen BLEEKEMOLEN,,LMGTE,,Rinaldi Racing,Ferrari,GF,32.304,32.909,37.428,
33,3,42,1:42.653,0,,32.359,0,32.763,0,37.531,0,163.2,1:21:17.684,11:41:17.684,0:32.359,0:32.763,0:37.531,259.6,Jeroen BLEEKEMOLEN,,LMGTE,,Rinaldi Racing,Ferrari,GF,32.359,32.763,37.531,
33,3,43,1:43.307,0,,32.788,0,33.015,0,37.504,0,162.1,1:23:00.991,11:43:00.991,0:32.788,0:33.015,0:37.504,260.2,Jeroen BLEEKEMOLEN,,LMGTE,,Rinaldi Racing,Ferrari,GF,32.788,33.015,37.504,
33,3,44,1:42.679,0,,32.511,0,32.714,0,37.454,0,163.1,1:24:43.670,11:44:43.670,0:32.511,0:32.714,0:37.454,260.2,Jeroen BLEEKEMOLEN,,LMGTE,,Rinaldi Racing,Ferrari,GF,32.511,32.714,37.454,
33,3,45,1:43.265,0,,32.361,0,32.890,0,38.014,0,162.2,1:26:26.935,11:46:26.935,0:32.361,0:32.890,0:38.014,260.9,Jeroen BLEEKEMOLEN,,LMGTE,,Rinaldi Racing,Ferrari,GF,32.361,32.890,38.014,
33,3,46,1:42.529,0,,32.325,0,32.718,0,37.486,0,163.4,1:28:09.464,11:48:09.464,0:32.325,0:32.718,0:37.486,259.6,Jeroen BLEEKEMOLEN,,LMGTE,,Rinaldi Racing,Ferrari,GF,32.325,32.718,37.486,
33,3,47,1:42.477,0,,32.287,0,32.596,1,37.594,0,163.5,1:29:51.941,11:49:51.941,0:32.287,0:32.596,0:37.594,262.1,Jeroen BLEEKEMOLEN,,LMGTE,,Rinaldi Racing,Ferrari,GF,32.287,32.596,37.594,
33,3,48,1:42.804,0,,32.443,0,32.877,0,37.484,0,162.9,1:31:34.745,11:51:34.745,0:32.443,0:32.877,0:37.484,260.9,Jeroen BLEEKEMOLEN,,LMGTE,,Rinaldi Racing,Ferrari,FF,32.443,32.877,37.484,
34,1,1,1:52.076,0,,40.684,0,32.065,0,39.327,0,140.8,1:52.076,10:21:52.076,0:40.684,0:32.065,0:39.327,,Jack AITKEN,0:00:11.237,LMP2,P/A,Racing Team Turkey,Oreca,GF,40.684,32.065,39.327,
34,1,2,1:32.592,3,,28.949,2,29.940,0,33.703,3,180.9,3:24.668,10:23:24.668,0:28.949,0:29.940,0:33.703,284.2,Jack AITKEN,,LMP2,P/A,Racing Team Turkey,Oreca,GF,28.949,29.940,33.703,
34,1,3,1:32.821,0,,29.016,0,30.060,0,33.745,0,180.5,4:57.489,10:24:57.489,0:29.016,0:30.060,0:33.745,285.7,Jack AITKEN,,LMP2,P/A,Racing Team Turkey,Oreca,GF,29.016,30.060,33.745,
34,1,4,1:37.909,0,,29.299,0,32.929,0,35.681,0,171.1,6:35.398,10:26:35.398,0:29.299,0:32.929,0:35.681,286.5,Jack AITKEN,,LMP2,P/A,Racing Team Turkey,Oreca,GF,29.299,32.929,35.681,
34,1,5,1:32.434,0,,28.842,0,29.759,2,33.833,0,181.2,8:07.832,10:28:07.832,0:28.842,0:29.759,0:33.833,286.5,Jack AITKEN,,LMP2,P/A,Racing Team Turkey,Oreca,GF,28.842,29.759,33.833,
34,1,6,1:42.452,0,B,31.420,0,30.239,0,40.793,0,163.5,9:50.284,10:29:50.284,0:31.420,0:30.239,0:40.793,261.5,Jack AITKEN,,LMP2,P/A,Racing Team Turkey,Oreca,GF,31.420,30.239,40.793,
34,1,7,3:47.096,0,,2:42.825,0,30.209,0,34.062,0,73.8,13:37.380,10:33:37.380,2:42.825,0:30.209,0:34.062,,Jack AITKEN,0:02:19.027,LMP2,P/A,Racing Team Turkey,Oreca,GF,162.825,30.209,34.062,
34,1,8,1:33.710,0,,29.178,0,30.078,0,34.454,0,178.8,15:11.090,10:35:11.090,0:29.178,0:30.078,0:34.454,285.0,Jack AITKEN,,LMP2,P/A,Racing Team Turkey,Oreca,GF,29.178,30.078,34.454,
34,1,9,1:33.916,0,,29.512,0,30.257,0,34.147,0,178.4,16:45.006,10:36:45.006,0:29.512,0:30.257,0:34.147,289.5,Jack AITKEN,,LMP2,P/A,Racing Team Turkey,Oreca,GF,29.512,30.257,34.147,
34,1,10,1:34.241,0,,29.524,0,30.508,0,34.209,0,177.7,18:19.247,10:38:19.247,0:29.524,0:30.508,0:34.209,288.8,Jack AITKEN,,LMP2,P/A,Racing Team Turkey,Oreca,GF,29.524,30.508,34.209,
34,1,11,1:33.872,0,,29.411,0,30.407,0,34.054,0,178.4,19:53.119,10:39:53.119,0:29.411,0:30.407,0:34.054,287.2,Jack AITKEN,,LMP2,P/A,Racing Team Turkey,Oreca,GF,29.411,30.407,34.054,
34,1,12,1:34.280,0,,29.251,0,30.395,0,34.634,0,177.7,21:27.399,10:41:27.399,0:29.251,0:30.395,0:34.634,288.0,Jack AITKEN,,LMP2,P/A,Racing Team Turkey,Oreca,GF,29.251,30.395,34.634,
34,1,13,1:34.614,0,,29.929,0,30.454,0,34.231,0,177.0,23:02.013,10:43:02.013,0:29.929,0:30.454,0:34.231,288.0,Jack AITKEN,,LMP2,P/A,Racing Team Turkey,Oreca,GF,29.929,30.454,34.231,
34,1,14,1:39.543,0,B,29.415,0,30.408,0,39.720,0,168.3,24:41.556,10:44:41.556,0:29.415,0:30.408,0:39.720,287.2,Jack AITKEN,,LMP2,P/A,Racing Team Turkey,Oreca,GF,29.415,30.408,39.720,
34,3,15,5:17.943,0,,4:10.895,0,31.648,0,35.400,0,52.7,29:59.499,10:49:59.499,4:10.895,0:31.648,0:35.400,,Salih YOLUC,0:03:43.010,LMP2,P/A,Racing Team Turkey,Oreca,GF,250.895,31.648,35.400,
34,3,16,1:35.708,0,,30.011,0,30.685,0,35.012,0,175.0,31:35.207,10:51:35.207,0:30.011,0:30.685,0:35.012,284.2,Salih YOLUC,,LMP2,P/A,Racing Team Turkey,Oreca,GF,30.011,30.685,35.012,
34,3,17,1:35.472,0,,30.105,0,30.545,0,34.822,0,175.5,33:10.679,10:53:10.679,0:30.105,0:30.545,0:34.822,287.2,Salih YOLUC,,LMP2,P/A,Racing Team Turkey,Oreca,GF,30.105,30.545,34.822,
34,3,18,1:38.891,0,,30.609,0,31.276,0,37.006,0,169.4,34:49.570,10:54:49.570,0:30.609,0:31.276,0:37.006,289.5,Salih YOLUC,,LMP2,P/A,Racing Team Turkey,Oreca,GF,30.609,31.276,37.006,
34,3,19,1:39.933,0,,31.783,0,31.328,0,36.822,0,167.6,36:29.503,10:56:29.503,0:31.783,0:31.328,0:36.822,289.5,Salih YOLUC,,LMP2,P/A,Racing Team Turkey,Oreca,GF,31.783,31.328,36.822,
34,3,20,1:35.348,0,,29.813,0,30.649,0,34.886,0,175.7,38:04.851,10:58:04.851,0:29.813,0:30.649,0:34.886,287.2,Salih YOLUC,,LMP2,P/A,Racing Team Turkey,Oreca,GF,29.813,30.649,34.886,
34,3,21,1:39.211,0,,32.008,0,31.632,0,35.571,0,168.8,39:44.062,10:59:44.062,0:32.008,0:31.632,0:35.571,290.3,Salih YOLUC,,LMP2,P/A,Racing Team Turkey,Oreca,GF,32.008,31.632,35.571,
34,3,22,1:36.213,0,,29.643,0,30.450,0,36.120,0,174.1,41:20.275,11:01:20.275,0:29.643,0:30.450,0:36.120,285.0,Salih YOLUC,,LMP2,P/A,Racing Team Turkey,Oreca,GF,29.643,30.450,36.120,
34,3,23,1:35.516,0,,30.496,0,30.390,0,34.630,1,175.4,42:55.791,11:02:55.791,0:30.496,0:30.390,0:34.630,288.0,Salih YOLUC,,LMP2,P/A,Racing Team Turkey,Oreca,GF,30.496,30.390,34.630,
34,3,24,1:35.444,0,,29.617,0,30.754,0,35.073,0,175.5,44:31.235,11:04:31.235,0:29.617,0:30.754,0:35.073,285.7,Salih YOLUC,,LMP2,P/A,Racing Team Turkey,Oreca,GF,29.617,30.754,35.073,
34,3,25,1:34.595,0,,29.565,1,30.378,1,34.652,0,177.1,46:05.830,11:06:05.830,0:29.565,0:30.378,0:34.652,288.0,Salih YOLUC,,LMP2,P/A,Racing Team Turkey,Oreca,GF,29.565,30.378,34.652,
34,3,26,1:46.092,0,B,29.960,0,31.318,0,44.814,0,157.9,47:51.922,11:07:51.922,0:29.960,0:31.318,0:44.814,287.2,Salih YOLUC,,LMP2,P/A,Racing Team Turkey,Oreca,GF,29.960,31.318,44.814,
34,2,27,3:52.523,0,,2:46.452,0,31.042,0,35.029,0,72.0,51:44.445,11:11:44.445,2:46.452,0:31.042,0:35.029,,Charlie EASTWOOD,0:02:20.171,LMP2,P/A,Racing Team Turkey,Oreca,GF,166.452,31.042,35.029,
34,2,28,1:35.264,0,,29.867,0,30.596,0,34.801,0,175.8,53:19.709,11:13:19.709,0:29.867,0:30.596,0:34.801,286.5,Charlie EASTWOOD,,LMP2,P/A,Racing Team Turkey,Oreca,GF,29.867,30.596,34.801,
34,2,29,1:35.032,0,,29.596,0,31.004,0,34.432,0,176.3,54:54.741,11:14:54.741,0:29.596,0:31.004,0:34.432,283.5,Charlie EASTWOOD,,LMP2,P/A,Racing Team Turkey,Oreca,GF,29.596,31.004,34.432,
34,2,30,1:35.449,0,,30.316,0,30.306,0,34.827,0,175.5,56:30.190,11:16:30.190,0:30.316,0:30.306,0:34.827,287.2,Charlie EASTWOOD,,LMP2,P/A,Racing Team Turkey,Oreca,GF,30.316,30.306,34.827,
34,2,31,1:36.806,0,,29.785,0,32.091,0,34.930,0,173.0,58:06.996,11:18:06.996,0:29.785,0:32.091,0:34.930,288.0,Charlie EASTWOOD,,LMP2,P/A,Racing Team Turkey,Oreca,GF,29.785,32.091,34.930,
34,2,32,1:35.574,0,,29.882,0,30.517,0,35.175,0,175.3,59:42.570,11:19:42.570,0:29.882,0:30.517,0:35.175,286.5,Charlie EASTWOOD,,LMP2,P/A,Racing Team Turkey,Oreca,GF,29.882,30.517,35.175,
34,2,33,1:36.236,0,,29.785,0,31.236,0,35.215,0,174.1,1:01:18.806,11:21:18.806,0:29.785,0:31.236,0:35.215,288.8,Charlie EASTWOOD,,LMP2,P/A,Racing Team Turkey,Oreca,GF,29.785,31.236,35.215,
34,2,34,1:34.086,0,,29.563,0,30.211,0,34.312,0,178.0,1:02:52.892,11:22:52.892,0:29.563,0:30.211,0:34.312,284.2,Charlie EASTWOOD,,LMP2,P/A,Racing Team Turkey,Oreca,GF,29.563,30.211,34.312,
34,2,35,1:33.915,0,,29.422,1,30.185,0,34.308,0,178.4,1:04:26.807,11:24:26.807,0:29.422,0:30.185,0:34.308,287.2,Charlie EASTWOOD,,LMP2,P/A,Racing Team Turkey,Oreca,GF,29.422,30.185,34.308,
34,2,36,1:34.299,0,,29.901,0,30.154,1,34.244,1,177.6,1:06:01.106,11:26:01.106,0:29.901,0:30.154,0:34.244,279.8,Charlie EASTWOOD,,LMP2,P/A,Racing Team Turkey,Oreca,GF,29.901,30.154,34.244,
34,2,37,1:34.846,0,,30.074,0,30.236,0,34.536,0,176.6,1:07:35.952,11:27:35.952,0:30.074,0:30.236,0:34.536,281.2,Charlie EASTWOOD,,LMP2,P/A,Racing Team Turkey,Oreca,GF,30.074,30.236,34.536,
34,2,38,1:35.532,0,,29.625,0,30.734,0,35.173,0,175.3,1:09:11.484,11:29:11.484,0:29.625,0:30.734,0:35.173,288.8,Charlie EASTWOOD,,LMP2,P/A,Racing Team Turkey,Oreca,GF,29.625,30.734,35.173,
34,2,39,1:34.729,0,,29.557,0,30.265,0,34.907,0,176.8,1:10:46.213,11:30:46.213,0:29.557,0:30.265,0:34.907,282.7,Charlie EASTWOOD,,LMP2,P/A,Racing Team Turkey,Oreca,GF,29.557,30.265,34.907,
34,2,40,1:52.448,0,B,32.299,0,33.853,0,46.296,0,149.0,1:12:38.661,11:32:38.661,0:32.299,0:33.853,0:46.296,285.0,Charlie EASTWOOD,,LMP2,P/A,Racing Team Turkey,Oreca,GF,32.299,33.853,46.296,
34,2,41,11:44.890,0,,10:29.551,0,35.190,0,40.149,0,23.8,1:24:23.551,11:44:23.551,10:29.551,0:35.190,0:40.149,,Charlie EASTWOOD,0:09:54.468,LMP2,P/A,Racing Team Turkey,Oreca,GF,629.551,35.190,40.149,
34,2,42,1:41.956,0,,32.665,0,32.711,0,36.580,0,164.3,1:26:05.507,11:46:05.507,0:32.665,0:32.711,0:36.580,243.2,Charlie EASTWOOD,,LMP2,P/A,Racing Team Turkey,Oreca,GF,32.665,32.711,36.580,
34,2,43,1:38.323,0,,31.431,0,31.342,0,35.550,0,170.4,1:27:43.830,11:47:43.830,0:31.431,0:31.342,0:35.550,274.1,Charlie EASTWOOD,,LMP2,P/A,Racing Team Turkey,Oreca,GF,31.431,31.342,35.550,
34,2,44,1:53.988,0,B,30.789,0,35.162,0,48.037,0,147.0,1:29:37.818,11:49:37.818,0:30.789,0:35.162,0:48.037,281.2,Charlie EASTWOOD,,LMP2,P/A,Racing Team Turkey,Oreca,GF,30.789,35.162,48.037,
35,2,1,1:46.716,0,,39.915,0,31.489,0,35.312,0,147.9,1:46.716,10:21:46.716,0:39.915,0:31.489,0:35.312,,Sergio CAMPANA,0:00:09.947,LMP2,,BHK Motorsport,Oreca,GF,39.915,31.489,35.312,
35,2,2,1:34.973,0,,30.088,0,30.395,0,34.490,0,176.4,3:21.689,10:23:21.689,0:30.088,0:30.395,0:34.490,281.2,Sergio CAMPANA,,LMP2,,BHK Motorsport,Oreca,GF,30.088,30.395,34.490,
35,2,3,1:34.343,0,,29.574,0,30.369,0,34.400,2,177.6,4:56.032,10:24:56.032,0:29.574,0:30.369,0:34.400,285.7,Sergio CAMPANA,,LMP2,,BHK Motorsport,Oreca,GF,29.574,30.369,34.400,
35,2,4,1:35.887,0,,30.482,0,30.648,0,34.757,0,174.7,6:31.919,10:26:31.919,0:30.482,0:30.648,0:34.757,285.0,Sergio CAMPANA,,LMP2,,BHK Motorsport,Oreca,GF,30.482,30.648,34.757,
35,2,5,1:34.690,0,,29.615,0,30.175,2,34.900,0,176.9,8:06.609,10:28:06.609,0:29.615,0:30.175,0:34.900,285.0,Sergio CAMPANA,,LMP2,,BHK Motorsport,Oreca,GF,29.615,30.175,34.900,
35,2,6,1:35.366,0,,29.516,0,30.435,0,35.415,0,175.6,9:41.975,10:29:41.975,0:29.516,0:30.435,0:35.415,283.5,Sergio CAMPANA,,LMP2,,BHK Motorsport,Oreca,GF,29.516,30.435,35.415,
35,2,7,1:43.093,0,B,29.959,0,31.329,0,41.805,0,162.5,11:25.068,10:31:25.068,0:29.959,0:31.329,0:41.805,282.0,Sergio CAMPANA,,LMP2,,BHK Motorsport,Oreca,GF,29.959,31.329,41.805,
35,2,8,7:38.024,0,,6:32.491,0,30.669,0,34.864,0,36.6,19:03.092,10:39:03.092,6:32.491,0:30.669,0:34.864,,Sergio CAMPANA,0:06:07.560,LMP2,,BHK Motorsport,Oreca,GF,392.491,30.669,34.864,
35,2,9,1:34.209,2,,29.599,0,30.177,0,34.433,0,177.8,20:37.301,10:40:37.301,0:29.599,0:30.177,0:34.433,283.5,Sergio CAMPANA,,LMP2,,BHK Motorsport,Oreca,GF,29.599,30.177,34.433,
35,2,10,1:36.130,0,,29.389,2,30.364,0,36.377,0,174.3,22:13.431,10:42:13.431,0:29.389,0:30.364,0:36.377,285.0,Sergio CAMPANA,,LMP2,,BHK Motorsport,Oreca,GF,29.389,30.364,36.377,
35,2,11,1:44.210,0,B,30.050,0,31.641,0,42.519,0,160.7,23:57.641,10:43:57.641,0:30.050,0:31.641,0:42.519,286.5,Sergio CAMPANA,,LMP2,,BHK Motorsport,Oreca,GF,30.050,31.641,42.519,
35,1,12,5:52.885,0,,4:44.614,0,32.158,0,36.113,0,47.5,29:50.526,10:49:50.526,4:44.614,0:32.158,0:36.113,,Francesco DRACONE,0:04:17.112,LMP2,,BHK Motorsport,Oreca,GF,284.614,32.158,36.113,
35,1,13,1:37.211,0,,30.441,0,31.270,0,35.500,0,172.3,31:27.737,10:51:27.737,0:30.441,0:31.270,0:35.500,279.8,Francesco DRACONE,,LMP2,,BHK Motorsport,Oreca,GF,30.441,31.270,35.500,
35,1,14,1:41.291,0,,30.594,0,32.575,0,38.122,0,165.4,33:09.028,10:53:09.028,0:30.594,0:32.575,0:38.122,284.2,Francesco DRACONE,,LMP2,,BHK Motorsport,Oreca,GF,30.594,32.575,38.122,
35,1,15,1:40.142,0,,30.747,0,32.590,0,36.805,0,167.3,34:49.170,10:54:49.170,0:30.747,0:32.590,0:36.805,276.9,Francesco DRACONE,,LMP2,,BHK Motorsport,Oreca,GF,30.747,32.590,36.805,
35,1,16,1:38.441,0,,31.880,0,31.131,0,35.430,1,170.2,36:27.611,10:56:27.611,0:31.880,0:31.131,0:35.430,282.7,Francesco DRACONE,,LMP2,,BHK Motorsport,Oreca,GF,31.880,31.131,35.430,
35,1,17,1:36.615,0,,29.988,1,30.999,1,35.628,0,173.4,38:04.226,10:58:04.226,0:29.988,0:30.999,0:35.628,283.5,Francesco DRACONE,,LMP2,,BHK Motorsport,Oreca,GF,29.988,30.999,35.628,
35,1,18,1:53.916,0,B,33.910,0,34.011,0,45.995,0,147.0,39:58.142,10:59:58.142,0:33.910,0:34.011,0:45.995,285.7,Francesco DRACONE,,LMP2,,BHK Motorsport,Oreca,GF,33.910,34.011,45.995,
35,1,19,7:09.857,0,,6:01.514,0,32.228,0,36.115,0,39.0,47:07.999,11:07:07.999,6:01.514,0:32.228,0:36.115,,Francesco DRACONE,0:05:36.157,LMP2,,BHK Motorsport,Oreca,GF,361.514,32.228,36.115,
35,1,20,1:37.139,0,,30.482,0,31.099,0,35.558,0,172.4,48:45.138,11:08:45.138,0:30.482,0:31.099,0:35.558,280.5,Francesco DRACONE,,LMP2,,BHK Motorsport,Oreca,GF,30.482,31.099,35.558,
35,1,21,1:38.272,0,,30.630,0,31.154,0,36.488,0,170.5,50:23.410,11:10:23.410,0:30.630,0:31.154,0:36.488,283.5,Francesco DRACONE,,LMP2,,BHK Motorsport,Oreca,GF,30.630,31.154,36.488,
35,1,22,1:38.725,0,,31.600,0,31.652,0,35.473,0,169.7,52:02.135,11:12:02.135,0:31.600,0:31.652,0:35.473,278.4,Francesco DRACONE,,LMP2,,BHK Motorsport,Oreca,GF,31.600,31.652,35.473,
35,1,23,1:37.828,0,,30.332,0,31.298,0,36.198,0,171.2,53:39.963,11:13:39.963,0:30.332,0:31.298,0:36.198,286.5,Francesco DRACONE,,LMP2,,BHK Motorsport,Oreca,GF,30.332,31.298,36.198,
35,1,24,1:45.630,0,B,30.344,0,32.692,0,42.594,0,158.6,55:25.593,11:15:25.593,0:30.344,0:32.692,0:42.594,283.5,Francesco DRACONE,,LMP2,,BHK Motorsport,Oreca,GF,30.344,32.692,42.594,
35,3,25,3:42.948,0,,2:36.215,0,31.675,0,35.058,0,75.1,59:08.541,11:19:08.541,2:36.215,0:31.675,0:35.058,,Markus POMMER,0:02:06.816,LMP2,,BHK Motorsport,Oreca,GF,156.215,31.675,35.058,
35,3,26,1:37.467,0,,31.581,0,31.161,0,34.725,0,171.9,1:00:46.008,11:20:46.008,0:31.581,0:31.161,0:34.725,286.5,Markus POMMER,,LMP2,,BHK Motorsport,Oreca,GF,31.581,31.161,34.725,
35,3,27,1:38.417,0,,30.210,0,31.023,0,37.184,0,170.2,1:02:24.425,11:22:24.425,0:30.210,0:31.023,0:37.184,284.2,Markus POMMER,,LMP2,,BHK Motorsport,Oreca,GF,30.210,31.023,37.184,
35,3,28,1:36.662,0,,30.902,0,31.108,0,34.652,0,173.3,1:04:01.087,11:24:01.087,0:30.902,0:31.108,0:34.652,279.1,Markus POMMER,,LMP2,,BHK Motorsport,Oreca,GF,30.902,31.108,34.652,
35,3,29,1:35.616,0,,30.269,0,30.876,0,34.471,0,175.2,1:05:36.703,11:25:36.703,0:30.269,0:30.876,0:34.471,286.5,Markus POMMER,,LMP2,,BHK Motorsport,Oreca,GF,30.269,30.876,34.471,
35,3,30,1:38.797,0,,29.884,0,31.052,0,37.861,0,169.5,1:07:15.500,11:27:15.500,0:29.884,0:31.052,0:37.861,286.5,Markus POMMER,,LMP2,,BHK Motorsport,Oreca,GF,29.884,31.052,37.861,
35,3,31,1:35.487,0,,30.380,0,30.623,0,34.484,0,175.4,1:08:50.987,11:28:50.987,0:30.380,0:30.623,0:34.484,277.6,Markus POMMER,,LMP2,,BHK Motorsport,Oreca,GF,30.380,30.623,34.484,
35,3,32,1:35.115,0,,29.916,0,30.766,0,34.433,1,176.1,1:10:26.102,11:30:26.102,0:29.916,0:30.766,0:34.433,286.5,Markus POMMER,,LMP2,,BHK Motorsport,Oreca,GF,29.916,30.766,34.433,
35,3,33,1:36.889,0,,29.957,0,31.191,0,35.741,0,172.9,1:12:02.991,11:32:02.991,0:29.957,0:31.191,0:35.741,285.7,Markus POMMER,,LMP2,,BHK Motorsport,Oreca,GF,29.957,31.191,35.741,
35,3,34,1:37.252,0,,30.570,0,31.787,0,34.895,0,172.2,1:13:40.243,11:33:40.243,0:30.570,0:31.787,0:34.895,285.0,Markus POMMER,,LMP2,,BHK Motorsport,Oreca,GF,30.570,31.787,34.895,
35,3,35,1:35.002,0,,29.855,0,30.652,0,34.495,0,176.3,1:15:15.245,11:35:15.245,0:29.855,0:30.652,0:34.495,284.2,Markus POMMER,,LMP2,,BHK Motorsport,Oreca,GF,29.855,30.652,34.495,
35,3,36,1:34.646,0,,29.696,0,30.481,0,34.469,0,177.0,1:16:49.891,11:36:49.891,0:29.696,0:30.481,0:34.469,285.7,Markus POMMER,,LMP2,,BHK Motorsport,Oreca,GF,29.696,30.481,34.469,
35,3,37,1:35.550,0,,29.728,0,30.478,0,35.344,0,175.3,1:18:25.441,11:38:25.441,0:29.728,0:30.478,0:35.344,286.5,Markus POMMER,,LMP2,,BHK Motorsport,Oreca,GF,29.728,30.478,35.344,
35,3,38,1:39.059,0,,31.251,0,31.448,0,36.360,0,169.1,1:20:04.500,11:40:04.500,0:31.251,0:31.448,0:36.360,283.5,Markus POMMER,,LMP2,,BHK Motorsport,Oreca,GF,31.251,31.448,36.360,
35,3,39,1:34.613,0,,29.737,0,30.397,0,34.479,0,177.0,1:21:39.113,11:41:39.113,0:29.737,0:30.397,0:34.479,285.0,Markus POMMER,,LMP2,,BHK Motorsport,Oreca,GF,29.737,30.397,34.479,
35,3,40,1:34.436,0,,29.586,1,30.413,0,34.437,0,177.4,1:23:13.549,11:43:13.549,0:29.586,0:30.413,0:34.437,286.5,Markus POMMER,,LMP2,,BHK Motorsport,Oreca,GF,29.586,30.413,34.437,
35,3,41,1:34.545,0,,29.615,0,30.382,1,34.548,0,177.2,1:24:48.094,11:44:48.094,0:29.615,0:30.382,0:34.548,285.7,Markus POMMER,,LMP2,,BHK Motorsport,Oreca,GF,29.615,30.382,34.548,
35,3,42,1:37.522,0,,29.790,0,31.418,0,36.314,0,171.8,1:26:25.616,11:46:25.616,0:29.790,0:31.418,0:36.314,284.2,Markus POMMER,,LMP2,,BHK Motorsport,Oreca,GF,29.790,31.418,36.314,
35,3,43,1:36.639,0,,30.169,0,31.409,0,35.061,0,173.3,1:28:02.255,11:48:02.255,0:30.169,0:31.409,0:35.061,287.2,Markus POMMER,,LMP2,,BHK Motorsport,Oreca,GF,30.169,31.409,35.061,
35,3,44,1:37.052,0,,29.726,0,30.720,0,36.606,0,172.6,1:29:39.307,11:49:39.307,0:29.726,0:30.720,0:36.606,282.7,Markus POMMER,,LMP2,,BHK Motorsport,Oreca,GF,29.726,30.720,36.606,
35,3,45,1:39.404,0,,30.143,0,33.492,0,35.769,0,168.5,1:31:18.711,11:51:18.711,0:30.143,0:33.492,0:35.769,288.0,Markus POMMER,,LMP2,,BHK Motorsport,Oreca,FF,30.143,33.492,35.769,
37,1,1,11:07.615,0,,10:01.219,0,31.036,0,35.360,0,23.6,11:07.615,10:31:07.615,10:01.219,0:31.036,0:35.360,,Yifei YE,0:09:31.644,LMP2,,COOL Racing,Oreca,GF,601.219,31.036,35.360,
37,1,2,1:36.327,0,,29.441,0,30.960,0,35.926,0,173.9,12:43.942,10:32:43.942,0:29.441,0:30.960,0:35.926,279.8,Yifei YE,,LMP2,,COOL Racing,Oreca,GF,29.441,30.960,35.926,
37,1,3,1:36.441,0,,29.265,0,30.401,0,36.775,0,173.7,14:20.383,10:34:20.383,0:29.265,0:30.401,0:36.775,282.0,Yifei YE,,LMP2,,COOL Racing,Oreca,GF,29.265,30.401,36.775,
37,1,4,1:33.152,2,,29.223,2,29.948,2,33.981,2,179.8,15:53.535,10:35:53.535,0:29.223,0:29.948,0:33.981,281.2,Yifei YE,,LMP2,,COOL Racing,Oreca,GF,29.223,29.948,33.981,
37,1,5,1:35.728,0,,29.782,0,30.298,0,35.648,0,175.0,17:29.263,10:37:29.263,0:29.782,0:30.298,0:35.648,281.2,Yifei YE,,LMP2,,COOL Racing,Oreca,GF,29.782,30.298,35.648,
37,1,6,1:40.653,0,B,29.300,0,30.195,0,41.158,0,166.4,19:09.916,10:39:09.916,0:29.300,0:30.195,0:41.158,280.5,Yifei YE,,LMP2,,COOL Racing,Oreca,GF,29.300,30.195,41.158,
37,3,7,12:00.122,0,,10:40.913,0,36.509,0,42.700,0,23.3,31:10.038,10:51:10.038,10:40.913,0:36.509,0:42.700,,Nicolas LAPIERRE,0:10:15.525,LMP2,,COOL Racing,Oreca,GF,640.913,36.509,42.700,
37,3,8,1:34.670,0,,29.621,0,30.201,0,34.848,0,176.9,32:44.708,10:52:44.708,0:29.621,0:30.201,0:34.848,280.5,Nicolas LAPIERRE,,LMP2,,COOL Racing,Oreca,GF,29.621,30.201,34.848,
37,3,9,1:34.148,0,,29.635,0,30.215,0,34.298,0,177.9,34:18.856,10:54:18.856,0:29.635,0:30.215,0:34.298,280.5,Nicolas LAPIERRE,,LMP2,,COOL Racing,Oreca,GF,29.635,30.215,34.298,
37,3,10,1:35.987,0,,29.753,0,31.366,0,34.868,0,174.5,35:54.843,10:55:54.843,0:29.753,0:31.366,0:34.868,283.5,Nicolas LAPIERRE,,LMP2,,COOL Racing,Oreca,GF,29.753,31.366,34.868,
37,3,11,1:34.066,0,,29.514,0,30.254,0,34.298,0,178.1,37:28.909,10:57:28.909,0:29.514,0:30.254,0:34.298,282.7,Nicolas LAPIERRE,,LMP2,,COOL Racing,Oreca,GF,29.514,30.254,34.298,
37,3,12,1:33.880,0,,29.426,0,30.110,1,34.344,0,178.4,39:02.789,10:59:02.789,0:29.426,0:30.110,0:34.344,282.7,Nicolas LAPIERRE,,LMP2,,COOL Racing,Oreca,GF,29.426,30.110,34.344,
37,3,13,1:36.045,0,,29.474,0,30.582,0,35.989,0,174.4,40:38.834,11:00:38.834,0:29.474,0:30.582,0:35.989,283.5,Nicolas LAPIERRE,,LMP2,,COOL Racing,Oreca,GF,29.474,30.582,35.989,
37,3,14,1:34.661,0,,29.539,0,30.414,0,34.708,0,177.0,42:13.495,11:02:13.495,0:29.539,0:30.414,0:34.708,282.7,Nicolas LAPIERRE,,LMP2,,COOL Racing,Oreca,GF,29.539,30.414,34.708,
37,3,15,1:35.347,0,,30.064,0,30.746,0,34.537,0,175.7,43:48.842,11:03:48.842,0:30.064,0:30.746,0:34.537,286.5,Nicolas LAPIERRE,,LMP2,,COOL Racing,Oreca,GF,30.064,30.746,34.537,
37,3,16,1:33.956,0,,29.470,0,30.231,0,34.255,1,178.3,45:22.798,11:05:22.798,0:29.470,0:30.231,0:34.255,283.5,Nicolas LAPIERRE,,LMP2,,COOL Racing,Oreca,GF,29.470,30.231,34.255,
37,3,17,1:34.436,0,,29.498,0,30.469,0,34.469,0,177.4,46:57.234,11:06:57.234,0:29.498,0:30.469,0:34.469,285.0,Nicolas LAPIERRE,,LMP2,,COOL Racing,Oreca,GF,29.498,30.469,34.469,
37,3,18,1:42.218,0,B,29.326,1,30.258,0,42.634,0,163.9,48:39.452,11:08:39.452,0:29.326,0:30.258,0:42.634,285.0,Nicolas LAPIERRE,,LMP2,,COOL Racing,Oreca,GF,29.326,30.258,42.634,
37,2,19,5:54.850,0,,4:47.924,0,31.806,0,35.120,0,47.2,54:34.302,11:14:34.302,4:47.924,0:31.806,0:35.120,,Niklas KRUETTEN,0:04:19.832,LMP2,,COOL Racing,Oreca,GF,287.924,31.806,35.120,
37,2,20,1:35.881,0,,29.643,0,31.424,0,34.814,0,174.7,56:10.183,11:16:10.183,0:29.643,0:31.424,0:34.814,285.0,Niklas KRUETTEN,,LMP2,,COOL Racing,Oreca,GF,29.643,31.424,34.814,
37,2,21,1:34.685,0,,29.723,0,30.557,0,34.405,0,176.9,57:44.868,11:17:44.868,0:29.723,0:30.557,0:34.405,286.5,Niklas KRUETTEN,,LMP2,,COOL Racing,Oreca,GF,29.723,30.557,34.405,
37,2,22,1:34.160,0,,29.545,0,30.173,0,34.442,0,177.9,59:19.028,11:19:19.028,0:29.545,0:30.173,0:34.442,286.5,Niklas KRUETTEN,,LMP2,,COOL Racing,Oreca,GF,29.545,30.173,34.442,
37,2,23,1:34.869,0,,29.571,0,30.400,0,34.898,0,176.6,1:00:53.897,11:20:53.897,0:29.571,0:30.400,0:34.898,286.5,Niklas KRUETTEN,,LMP2,,COOL Racing,Oreca,GF,29.571,30.400,34.898,
37,2,24,1:34.447,0,,29.523,1,30.245,0,34.679,0,177.4,1:02:28.344,11:22:28.344,0:29.523,0:30.245,0:34.679,285.7,Niklas KRUETTEN,,LMP2,,COOL Racing,Oreca,GF,29.523,30.245,34.679,
37,2,25,1:34.790,0,,29.579,0,30.497,0,34.714,0,176.7,1:04:03.134,11:24:03.134,0:29.579,0:30.497,0:34.714,286.5,Niklas KRUETTEN,,LMP2,,COOL Racing,Oreca,GF,29.579,30.497,34.714,
37,2,26,1:34.965,0,,29.617,0,30.903,0,34.445,0,176.4,1:05:38.099,11:25:38.099,0:29.617,0:30.903,0:34.445,288.0,Niklas KRUETTEN,,LMP2,,COOL Racing,Oreca,GF,29.617,30.903,34.445,
37,2,27,1:35.109,0,,29.616,0,30.472,0,35.021,0,176.1,1:07:13.208,11:27:13.208,0:29.616,0:30.472,0:35.021,288.8,Niklas KRUETTEN,,LMP2,,COOL Racing,Oreca,GF,29.616,30.472,35.021,
37,2,28,1:33.951,0,,29.460,0,30.164,1,34.327,1,178.3,1:08:47.159,11:28:47.159,0:29.460,0:30.164,0:34.327,287.2,Niklas KRUETTEN,,LMP2,,COOL Racing,Oreca,GF,29.460,30.164,34.327,
37,2,29,1:34.799,0,,30.215,0,30.169,0,34.415,0,176.7,1:10:21.958,11:30:21.958,0:30.215,0:30.169,0:34.415,286.5,Niklas KRUETTEN,,LMP2,,COOL Racing,Oreca,GF,30.215,30.169,34.415,
37,2,30,1:42.451,0,B,30.120,0,31.412,0,40.919,0,163.5,1:12:04.409,11:32:04.409,0:30.120,0:31.412,0:40.919,288.8,Niklas KRUETTEN,,LMP2,,COOL Racing,Oreca,GF,30.120,31.412,40.919,
37,1,31,6:12.359,0,,5:01.591,0,30.783,0,39.985,0,45.0,1:18:16.768,11:38:16.768,5:01.591,0:30.783,0:39.985,,Yifei YE,0:04:36.719,LMP2,,COOL Racing,Oreca,GF,301.591,30.783,39.985,
37,1,32,1:34.715,0,,29.663,0,30.468,0,34.584,0,176.9,1:19:51.483,11:39:51.483,0:29.663,0:30.468,0:34.584,283.5,Yifei YE,,LMP2,,COOL Racing,Oreca,GF,29.663,30.468,34.584,
37,1,33,1:35.358,0,,29.691,0,31.077,0,34.590,0,175.7,1:21:26.841,11:41:26.841,0:29.691,0:31.077,0:34.590,285.7,Yifei YE,,LMP2,,COOL Racing,Oreca,GF,29.691,31.077,34.590,
37,1,34,1:34.749,0,,29.674,0,30.274,0,34.801,0,176.8,1:23:01.590,11:43:01.590,0:29.674,0:30.274,0:34.801,285.7,Yifei YE,,LMP2,,COOL Racing,Oreca,GF,29.674,30.274,34.801,
37,1,35,1:34.881,0,,29.574,0,30.497,0,34.810,0,176.5,1:24:36.471,11:44:36.471,0:29.574,0:30.497,0:34.810,288.8,Yifei YE,,LMP2,,COOL Racing,Oreca,GF,29.574,30.497,34.810,
37,1,36,1:34.515,0,,29.552,0,30.191,0,34.772,0,177.2,1:26:10.986,11:46:10.986,0:29.552,0:30.191,0:34.772,285.0,Yifei YE,,LMP2,,COOL Racing,Oreca,GF,29.552,30.191,34.772,
37,1,37,1:34.990,0,,29.695,0,30.693,0,34.602,0,176.3,1:27:45.976,11:47:45.976,0:29.695,0:30.693,0:34.602,285.0,Yifei YE,,LMP2,,COOL Racing,Oreca,GF,29.695,30.693,34.602,
37,1,38,1:35.569,0,,29.609,0,30.633,0,35.327,0,175.3,1:29:21.545,11:49:21.545,0:29.609,0:30.633,0:35.327,287.2,Yifei YE,,LMP2,,COOL Racing,Oreca,GF,29.609,30.633,35.327,
37,1,39,1:42.247,0,B,30.385,0,30.657,0,41.205,0,163.8,1:31:03.792,11:51:03.792,0:30.385,0:30.657,0:41.205,286.5,Yifei YE,,LMP2,,COOL Racing,Oreca,FF,30.385,30.657,41.205,
4,1,1,2:06.784,0,,49.076,0,34.243,0,43.465,0,124.5,2:06.784,10:22:06.784,0:49.076,0:34.243,0:43.465,,Sebastian ALVAREZ,0:00:18.903,LMP3,,DKR Engineering,Duqueine,GF,49.076,34.243,43.465,
4,1,2,1:41.820,0,,32.444,0,32.353,0,37.023,0,164.5,3:48.604,10:23:48.604,0:32.444,0:32.353,0:37.023,270.7,Sebastian ALVAREZ,,LMP3,,DKR Engineering,Duqueine,GF,32.444,32.353,37.023,
4,1,3,1:38.083,2,,30.875,0,31.290,0,35.918,2,170.8,5:26.687,10:25:26.687,0:30.875,0:31.290,0:35.918,269.3,Sebastian ALVAREZ,,LMP3,,DKR Engineering,Duqueine,GF,30.875,31.290,35.918,
4,1,4,1:39.165,0,,30.933,0,31.620,0,36.612,0,168.9,7:05.852,10:27:05.852,0:30.933,0:31.620,0:36.612,274.1,Sebastian ALVAREZ,,LMP3,,DKR Engineering,Duqueine,GF,30.933,31.620,36.612,
4,1,5,1:38.132,0,,30.950,0,31.243,0,35.939,0,170.7,8:43.984,10:28:43.984,0:30.950,0:31.243,0:35.939,270.0,Sebastian ALVAREZ,,LMP3,,DKR Engineering,Duqueine,GF,30.950,31.243,35.939,
4,1,6,1:44.173,0,B,30.900,0,31.395,0,41.878,0,160.8,10:28.157,10:30:28.157,0:30.900,0:31.395,0:41.878,272.7,Sebastian ALVAREZ,,LMP3,,DKR Engineering,Duqueine,GF,30.900,31.395,41.878,
4,1,7,4:37.744,0,,3:29.098,0,32.579,0,36.067,0,60.3,15:05.901,10:35:05.901,3:29.098,0:32.579,0:36.067,,Sebastian ALVAREZ,0:03:03.154,LMP3,,DKR Engineering,Duqueine,GF,209.098,32.579,36.067,
4,1,8,1:38.754,0,,30.816,2,31.226,2,36.712,0,169.6,16:44.655,10:36:44.655,0:30.816,0:31.226,0:36.712,270.7,Sebastian ALVAREZ,,LMP3,,DKR Engineering,Duqueine,GF,30.816,31.226,36.712,
4,1,9,1:45.364,0,,31.041,0,35.994,0,38.329,0,159.0,18:30.019,10:38:30.019,0:31.041,0:35.994,0:38.329,274.1,Sebastian ALVAREZ,,LMP3,,DKR Engineering,Duqueine,GF,31.041,35.994,38.329,
4,1,10,1:44.236,0,B,30.969,0,31.848,0,41.419,0,160.7,20:14.255,10:40:14.255,0:30.969,0:31.848,0:41.419,270.7,Sebastian ALVAREZ,,LMP3,,DKR Engineering,Duqueine,GF,30.969,31.848,41.419,
4,3,11,6:45.796,0,,5:34.235,0,34.137,0,37.424,0,41.3,27:00.051,10:47:00.051,5:34.235,0:34.137,0:37.424,,Tom VAN ROMPUY,0:05:04.440,LMP3,,DKR Engineering,Duqueine,GF,334.235,34.137,37.424,
4,3,12,1:42.943,0,,32.442,0,33.239,0,37.262,0,162.7,28:42.994,10:48:42.994,0:32.442,0:33.239,0:37.262,265.4,Tom VAN ROMPUY,,LMP3,,DKR Engineering,Duqueine,GF,32.442,33.239,37.262,
4,3,13,1:43.625,0,,32.452,0,33.107,0,38.066,0,161.6,30:26.619,10:50:26.619,0:32.452,0:33.107,0:38.066,268.0,Tom VAN ROMPUY,,LMP3,,DKR Engineering,Duqueine,GF,32.452,33.107,38.066,
4,3,14,1:41.445,0,,31.848,0,32.625,0,36.972,0,165.1,32:08.064,10:52:08.064,0:31.848,0:32.625,0:36.972,269.3,Tom VAN ROMPUY,,LMP3,,DKR Engineering,Duqueine,GF,31.848,32.625,36.972,
4,3,15,1:42.106,0,,31.614,0,32.660,0,37.832,0,164.1,33:50.170,10:53:50.170,0:31.614,0:32.660,0:37.832,270.0,Tom VAN ROMPUY,,LMP3,,DKR Engineering,Duqueine,GF,31.614,32.660,37.832,
4,3,16,1:42.047,0,,31.894,0,32.629,0,37.524,0,164.1,35:32.217,10:55:32.217,0:31.894,0:32.629,0:37.524,270.7,Tom VAN ROMPUY,,LMP3,,DKR Engineering,Duqueine,GF,31.894,32.629,37.524,
4,3,17,1:41.617,0,,31.939,0,32.706,0,36.972,0,164.8,37:13.834,10:57:13.834,0:31.939,0:32.706,0:36.972,272.0,Tom VAN ROMPUY,,LMP3,,DKR Engineering,Duqueine,GF,31.939,32.706,36.972,
4,3,18,1:42.060,0,,31.707,0,32.835,0,37.518,0,164.1,38:55.894,10:58:55.894,0:31.707,0:32.835,0:37.518,271.4,Tom VAN ROMPUY,,LMP3,,DKR Engineering,Duqueine,GF,31.707,32.835,37.518,
4,3,19,1:50.505,0,B,31.921,0,33.285,0,45.299,0,151.6,40:46.399,11:00:46.399,0:31.921,0:33.285,0:45.299,270.7,Tom VAN ROMPUY,,LMP3,,DKR Engineering,Duqueine,GF,31.921,33.285,45.299,
4,2,20,3:56.313,0,,2:44.612,0,33.934,0,37.767,0,70.9,44:42.712,11:04:42.712,2:44.612,0:33.934,0:37.767,,Alexander BUKHANTSOV,0:02:17.145,LMP3,,DKR Engineering,Duqueine,GF,164.612,33.934,37.767,
4,2,21,1:42.327,0,,32.609,0,32.374,0,37.344,0,163.7,46:25.039,11:06:25.039,0:32.609,0:32.374,0:37.344,266.0,Alexander BUKHANTSOV,,LMP3,,DKR Engineering,Duqueine,GF,32.609,32.374,37.344,
4,2,22,1:41.970,0,,31.758,0,32.422,0,37.790,0,164.3,48:07.009,11:08:07.009,0:31.758,0:32.422,0:37.790,269.3,Alexander BUKHANTSOV,,LMP3,,DKR Engineering,Duqueine,GF,31.758,32.422,37.790,
4,2,23,1:41.984,0,,32.100,0,32.681,0,37.203,1,164.2,49:48.993,11:09:48.993,0:32.100,0:32.681,0:37.203,270.0,Alexander BUKHANTSOV,,LMP3,,DKR Engineering,Duqueine,GF,32.100,32.681,37.203,
4,2,24,1:40.988,0,,31.734,0,31.992,1,37.262,0,165.9,51:29.981,11:11:29.981,0:31.734,0:31.992,0:37.262,271.4,Alexander BUKHANTSOV,,LMP3,,DKR Engineering,Duqueine,GF,31.734,31.992,37.262,
4,2,25,1:41.616,0,,31.793,0,32.389,0,37.434,0,164.8,53:11.597,11:13:11.597,0:31.793,0:32.389,0:37.434,268.7,Alexander BUKHANTSOV,,LMP3,,DKR Engineering,Duqueine,GF,31.793,32.389,37.434,
4,2,26,1:49.538,0,,34.083,0,36.691,0,38.764,0,152.9,55:01.135,11:15:01.135,0:34.083,0:36.691,0:38.764,270.7,Alexander BUKHANTSOV,,LMP3,,DKR Engineering,Duqueine,GF,34.083,36.691,38.764,
4,2,27,1:43.738,0,,33.000,0,32.802,0,37.936,0,161.5,56:44.873,11:16:44.873,0:33.000,0:32.802,0:37.936,266.7,Alexander BUKHANTSOV,,LMP3,,DKR Engineering,Duqueine,GF,33.000,32.802,37.936,
4,2,28,1:43.954,0,,32.182,0,34.058,0,37.714,0,161.1,58:28.827,11:18:28.827,0:32.182,0:34.058,0:37.714,273.4,Alexander BUKHANTSOV,,LMP3,,DKR Engineering,Duqueine,GF,32.182,34.058,37.714,
4,2,29,1:41.644,0,,31.656,1,32.428,0,37.560,0,164.8,1:00:10.471,11:20:10.471,0:31.656,0:32.428,0:37.560,271.4,Alexander BUKHANTSOV,,LMP3,,DKR Engineering,Duqueine,GF,31.656,32.428,37.560,
4,2,30,1:46.843,0,B,31.773,0,32.307,0,42.763,0,156.8,1:01:57.314,11:21:57.314,0:31.773,0:32.307,0:42.763,268.7,Alexander BUKHANTSOV,,LMP3,,DKR Engineering,Duqueine,GF,31.773,32.307,42.763,
4,3,31,4:25.728,0,,3:15.576,0,33.340,0,36.812,0,63.0,1:06:23.042,11:26:23.042,3:15.576,0:33.340,0:36.812,,Tom VAN ROMPUY,0:02:46.186,LMP3,,DKR Engineering,Duqueine,GF,195.576,33.340,36.812,
4,3,32,1:43.058,0,,33.070,0,32.953,0,37.035,0,162.5,1:08:06.100,11:28:06.100,0:33.070,0:32.953,0:37.035,268.7,Tom VAN ROMPUY,,LMP3,,DKR Engineering,Duqueine,GF,33.070,32.953,37.035,
4,3,33,1:41.641,0,,31.953,0,32.829,0,36.859,0,164.8,1:09:47.741,11:29:47.741,0:31.953,0:32.829,0:36.859,272.7,Tom VAN ROMPUY,,LMP3,,DKR Engineering,Duqueine,GF,31.953,32.829,36.859,
4,3,34,1:40.857,0,,31.763,0,32.599,0,36.495,1,166.1,1:11:28.598,11:31:28.598,0:31.763,0:32.599,0:36.495,270.7,Tom VAN ROMPUY,,LMP3,,DKR Engineering,Duqueine,GF,31.763,32.599,36.495,
4,3,35,1:41.541,0,,31.595,1,33.136,0,36.810,0,165.0,1:13:10.139,11:33:10.139,0:31.595,0:33.136,0:36.810,270.7,Tom VAN ROMPUY,,LMP3,,DKR Engineering,Duqueine,GF,31.595,33.136,36.810,
4,3,36,1:49.017,0,B,32.010,0,32.592,1,44.415,0,153.7,1:14:59.156,11:34:59.156,0:32.010,0:32.592,0:44.415,270.0,Tom VAN ROMPUY,,LMP3,,DKR Engineering,Duqueine,GF,32.010,32.592,44.415,
4,1,37,4:21.779,0,,3:06.210,0,37.346,0,38.223,0,64.0,1:19:20.935,11:39:20.935,3:06.210,0:37.346,0:38.223,,Sebastian ALVAREZ,0:02:37.398,LMP3,,DKR Engineering,Duqueine,GF,186.210,37.346,38.223,
4,1,38,1:40.920,0,,31.465,0,32.567,0,36.888,0,166.0,1:21:01.855,11:41:01.855,0:31.465,0:32.567,0:36.888,269.3,Sebastian ALVAREZ,,LMP3,,DKR Engineering,Duqueine,GF,31.465,32.567,36.888,
4,1,39,1:39.930,0,,31.499,0,32.011,0,36.420,0,167.6,1:22:41.785,11:42:41.785,0:31.499,0:32.011,0:36.420,270.7,Sebastian ALVAREZ,,LMP3,,DKR Engineering,Duqueine,GF,31.499,32.011,36.420,
4,1,40,1:39.392,0,,31.024,0,31.866,0,36.502,0,168.5,1:24:21.177,11:44:21.177,0:31.024,0:31.866,0:36.502,271.4,Sebastian ALVAREZ,,LMP3,,DKR Engineering,Duqueine,GF,31.024,31.866,36.502,
4,1,41,1:39.438,0,,31.105,0,31.945,0,36.388,0,168.5,1:26:00.615,11:46:00.615,0:31.105,0:31.945,0:36.388,271.4,Sebastian ALVAREZ,,LMP3,,DKR Engineering,Duqueine,GF,31.105,31.945,36.388,
4,1,42,1:39.128,0,,31.144,0,31.704,0,36.280,0,169.0,1:27:39.743,11:47:39.743,0:31.144,0:31.704,0:36.280,272.0,Sebastian ALVAREZ,,LMP3,,DKR Engineering,Duqueine,GF,31.144,31.704,36.280,
4,1,43,1:39.301,0,,31.451,0,31.645,0,36.205,0,168.7,1:29:19.044,11:49:19.044,0:31.451,0:31.645,0:36.205,272.7,Sebastian ALVAREZ,,LMP3,,DKR Engineering,Duqueine,GF,31.451,31.645,36.205,
4,1,44,1:39.100,0,,31.015,0,31.638,0,36.447,0,169.0,1:30:58.144,11:50:58.144,0:31.015,0:31.638,0:36.447,270.0,Sebastian ALVAREZ,,LMP3,,DKR Engineering,Duqueine,FF,31.015,31.638,36.447,
43,3,1,2:04.514,0,,47.988,0,32.515,0,44.011,0,126.8,2:04.514,10:22:04.514,0:47.988,0:32.515,0:44.011,,Pietro FITTIPALDI,0:00:17.506,LMP2,,Inter Europol Competition,Oreca,GF,47.988,32.515,44.011,
43,3,2,1:41.461,0,,33.614,0,32.458,0,35.389,0,165.1,3:45.975,10:23:45.975,0:33.614,0:32.458,0:35.389,288.0,Pietro FITTIPALDI,,LMP2,,Inter Europol Competition,Oreca,GF,33.614,32.458,35.389,
43,3,3,1:35.280,0,,28.948,0,30.168,0,36.164,0,175.8,5:21.255,10:25:21.255,0:28.948,0:30.168,0:36.164,288.0,Pietro FITTIPALDI,,LMP2,,Inter Europol Competition,Oreca,GF,28.948,30.168,36.164,
43,3,4,1:32.829,2,,28.860,3,29.991,2,33.978,2,180.4,6:54.084,10:26:54.084,0:28.860,0:29.991,0:33.978,289.5,Pietro FITTIPALDI,,LMP2,,Inter Europol Competition,Oreca,GF,28.860,29.991,33.978,
43,3,5,1:43.127,0,B,30.972,0,30.750,0,41.405,0,162.4,8:37.211,10:28:37.211,0:30.972,0:30.750,0:41.405,288.8,Pietro FITTIPALDI,,LMP2,,Inter Europol Competition,Oreca,GF,30.972,30.750,41.405,
43,2,6,3:23.927,0,,2:18.540,0,30.900,0,34.487,0,82.1,12:01.138,10:32:01.138,2:18.540,0:30.900,0:34.487,,Fabio SCHERER,0:01:53.591,LMP2,,Inter Europol Competition,Oreca,GF,138.540,30.900,34.487,
43,2,7,1:34.457,0,,29.674,0,30.390,0,34.393,1,177.3,13:35.595,10:33:35.595,0:29.674,0:30.390,0:34.393,285.7,Fabio SCHERER,,LMP2,,Inter Europol Competition,Oreca,GF,29.674,30.390,34.393,
43,2,8,1:35.328,0,,29.939,0,30.632,0,34.757,0,175.7,15:10.923,10:35:10.923,0:29.939,0:30.632,0:34.757,285.7,Fabio SCHERER,,LMP2,,Inter Europol Competition,Oreca,GF,29.939,30.632,34.757,
43,2,9,1:35.333,0,,29.586,0,31.265,0,34.482,0,175.7,16:46.256,10:36:46.256,0:29.586,0:31.265,0:34.482,288.0,Fabio SCHERER,,LMP2,,Inter Europol Competition,Oreca,GF,29.586,31.265,34.482,
43,2,10,1:35.716,0,,30.017,0,30.781,0,34.918,0,175.0,18:21.972,10:38:21.972,0:30.017,0:30.781,0:34.918,288.8,Fabio SCHERER,,LMP2,,Inter Europol Competition,Oreca,GF,30.017,30.781,34.918,
43,2,11,1:34.680,0,,29.702,0,30.480,0,34.498,0,176.9,19:56.652,10:39:56.652,0:29.702,0:30.480,0:34.498,286.5,Fabio SCHERER,,LMP2,,Inter Europol Competition,Oreca,GF,29.702,30.480,34.498,
43,2,12,1:34.717,0,,29.596,0,30.321,0,34.800,0,176.9,21:31.369,10:41:31.369,0:29.596,0:30.321,0:34.800,288.0,Fabio SCHERER,,LMP2,,Inter Europol Competition,Oreca,GF,29.596,30.321,34.800,
43,2,13,1:34.860,0,,29.579,0,30.375,0,34.906,0,176.6,23:06.229,10:43:06.229,0:29.579,0:30.375,0:34.906,288.8,Fabio SCHERER,,LMP2,,Inter Europol Competition,Oreca,GF,29.579,30.375,34.906,
43,2,14,1:35.487,0,,29.557,0,30.677,0,35.253,0,175.4,24:41.716,10:44:41.716,0:29.557,0:30.677,0:35.253,288.0,Fabio SCHERER,,LMP2,,Inter Europol Competition,Oreca,GF,29.557,30.677,35.253,
43,2,15,1:34.577,0,,29.697,0,30.245,1,34.635,0,177.1,26:16.293,10:46:16.293,0:29.697,0:30.245,0:34.635,288.0,Fabio SCHERER,,LMP2,,Inter Europol Competition,Oreca,GF,29.697,30.245,34.635,
43,2,16,1:34.593,0,,29.554,1,30.469,0,34.570,0,177.1,27:50.886,10:47:50.886,0:29.554,0:30.469,0:34.570,288.0,Fabio SCHERER,,LMP2,,Inter Europol Competition,Oreca,GF,29.554,30.469,34.570,
43,2,17,2:09.712,0,,1:01.617,0,32.610,0,35.485,0,129.1,30:00.598,10:50:00.598,1:01.617,0:32.610,0:35.485,288.0,Fabio SCHERER,,LMP2,,Inter Europol Competition,Oreca,GF,61.617,32.610,35.485,
43,2,18,1:36.098,0,,30.105,0,30.959,0,35.034,0,174.3,31:36.696,10:51:36.696,0:30.105,0:30.959,0:35.034,285.0,Fabio SCHERER,,LMP2,,Inter Europol Competition,Oreca,GF,30.105,30.959,35.034,
43,2,19,1:44.867,0,B,30.391,0,30.704,0,43.772,0,159.7,33:21.563,10:53:21.563,0:30.391,0:30.704,0:43.772,286.5,Fabio SCHERER,,LMP2,,Inter Europol Competition,Oreca,GF,30.391,30.704,43.772,
47,3,1,3:14.368,0,,1:54.993,0,42.039,0,37.336,0,81.2,3:14.368,10:23:14.368,1:54.993,0:42.039,0:37.336,,James ALLEN,0:01:19.264,LMP2,P/A,Algarve Pro Racing,Oreca,GF,114.993,42.039,37.336,
47,3,2,1:34.996,0,,29.855,0,30.309,0,34.832,0,176.3,4:49.364,10:24:49.364,0:29.855,0:30.309,0:34.832,283.5,James ALLEN,,LMP2,P/A,Algarve Pro Racing,Oreca,GF,29.855,30.309,34.832,
47,3,3,1:36.097,0,,29.389,0,,0,,0,174.3,6:25.461,10:26:25.461,0:29.389,,,284.2,James ALLEN,,LMP2,P/A,Algarve Pro Racing,Oreca,GF,29.389,,,
47,3,4,1:34.650,0,,29.423,0,30.512,0,34.715,0,177.0,8:00.111,10:28:00.111,0:29.423,0:30.512,0:34.715,283.5,James ALLEN,,LMP2,P/A,Algarve Pro Racing,Oreca,GF,29.423,30.512,34.715,
47,3,5,1:34.721,0,,29.609,0,30.464,0,34.648,0,176.8,9:34.832,10:29:34.832,0:29.609,0:30.464,0:34.648,283.5,James ALLEN,,LMP2,P/A,Algarve Pro Racing,Oreca,GF,29.609,30.464,34.648,
47,3,6,1:41.078,0,B,29.351,2,30.761,0,40.966,0,165.7,11:15.910,10:31:15.910,0:29.351,0:30.761,0:40.966,284.2,James ALLEN,,LMP2,P/A,Algarve Pro Racing,Oreca,GF,29.351,30.761,40.966,
47,1,7,12:40.314,0,,11:21.595,0,33.513,0,45.206,0,22.0,23:56.224,10:43:56.224,11:21.595,0:33.513,0:45.206,,John FALB,0:10:51.795,LMP2,P/A,Algarve Pro Racing,Oreca,GF,681.595,33.513,45.206,
47,1,8,1:38.897,0,,30.758,0,31.696,0,36.443,0,169.4,25:35.121,10:45:35.121,0:30.758,0:31.696,0:36.443,277.6,John FALB,,LMP2,P/A,Algarve Pro Racing,Oreca,GF,30.758,31.696,36.443,
47,1,9,1:38.436,0,,30.682,0,31.698,0,36.056,0,170.2,27:13.557,10:47:13.557,0:30.682,0:31.698,0:36.056,279.8,John FALB,,LMP2,P/A,Algarve Pro Racing,Oreca,GF,30.682,31.698,36.056,
47,1,10,1:39.981,0,,30.521,0,32.822,0,36.638,0,167.5,28:53.538,10:48:53.538,0:30.521,0:32.822,0:36.638,279.1,John FALB,,LMP2,P/A,Algarve Pro Racing,Oreca,GF,30.521,32.822,36.638,
47,1,11,1:38.038,0,,30.154,0,31.776,0,36.108,0,170.9,30:31.576,10:50:31.576,0:30.154,0:31.776,0:36.108,280.5,John FALB,,LMP2,P/A,Algarve Pro Racing,Oreca,GF,30.154,31.776,36.108,
47,1,12,1:36.472,0,,30.299,0,31.101,0,35.072,0,173.6,32:08.048,10:52:08.048,0:30.299,0:31.101,0:35.072,279.1,John FALB,,LMP2,P/A,Algarve Pro Racing,Oreca,GF,30.299,31.101,35.072,
47,1,13,1:36.431,0,,30.043,0,31.231,0,35.157,0,173.7,33:44.479,10:53:44.479,0:30.043,0:31.231,0:35.157,279.8,John FALB,,LMP2,P/A,Algarve Pro Racing,Oreca,GF,30.043,31.231,35.157,
47,1,14,1:38.761,0,,29.965,0,32.683,0,36.113,0,169.6,35:23.240,10:55:23.240,0:29.965,0:32.683,0:36.113,281.2,John FALB,,LMP2,P/A,Algarve Pro Racing,Oreca,GF,29.965,32.683,36.113,
47,1,15,1:37.280,0,,30.156,0,31.374,0,35.750,0,172.2,37:00.520,10:57:00.520,0:30.156,0:31.374,0:35.750,280.5,John FALB,,LMP2,P/A,Algarve Pro Racing,Oreca,GF,30.156,31.374,35.750,
47,1,16,1:35.937,0,,29.966,0,30.882,0,35.089,0,174.6,38:36.457,10:58:36.457,0:29.966,0:30.882,0:35.089,282.0,John FALB,,LMP2,P/A,Algarve Pro Racing,Oreca,GF,29.966,30.882,35.089,
47,1,17,1:35.606,0,,29.886,1,30.817,0,34.903,1,175.2,40:12.063,11:00:12.063,0:29.886,0:30.817,0:34.903,280.5,John FALB,,LMP2,P/A,Algarve Pro Racing,Oreca,GF,29.886,30.817,34.903,
47,1,18,1:36.096,0,,30.321,0,30.760,1,35.015,0,174.3,41:48.159,11:01:48.159,0:30.321,0:30.760,0:35.015,280.5,John FALB,,LMP2,P/A,Algarve Pro Racing,Oreca,GF,30.321,30.760,35.015,
47,1,19,1:39.098,0,,31.809,0,31.937,0,35.352,0,169.0,43:27.257,11:03:27.257,0:31.809,0:31.937,0:35.352,285.7,John FALB,,LMP2,P/A,Algarve Pro Racing,Oreca,GF,31.809,31.937,35.352,
47,1,20,1:41.376,0,B,30.262,0,30.874,0,40.240,0,165.2,45:08.633,11:05:08.633,0:30.262,0:30.874,0:40.240,282.0,John FALB,,LMP2,P/A,Algarve Pro Racing,Oreca,GF,30.262,30.874,40.240,
47,2,21,14:16.620,0,,13:10.351,0,31.528,0,34.741,0,19.6,59:25.253,11:19:25.253,13:10.351,0:31.528,0:34.741,,Alexander PERONI,0:12:45.062,LMP2,P/A,Algarve Pro Racing,Oreca,GF,790.351,31.528,34.741,
47,2,22,1:35.113,0,,29.856,0,30.722,0,34.535,0,176.1,1:01:00.366,11:21:00.366,0:29.856,0:30.722,0:34.535,283.5,Alexander PERONI,,LMP2,P/A,Algarve Pro Racing,Oreca,GF,29.856,30.722,34.535,
47,2,23,1:37.489,0,,29.890,0,30.525,0,37.074,0,171.8,1:02:37.855,11:22:37.855,0:29.890,0:30.525,0:37.074,284.2,Alexander PERONI,,LMP2,P/A,Algarve Pro Racing,Oreca,GF,29.890,30.525,37.074,
47,2,24,1:43.652,0,B,32.744,0,30.984,0,39.924,0,161.6,1:04:21.507,11:24:21.507,0:32.744,0:30.984,0:39.924,200.0,Alexander PERONI,,LMP2,P/A,Algarve Pro Racing,Oreca,GF,32.744,30.984,39.924,
47,2,25,3:05.049,0,,1:59.878,0,30.651,0,34.520,1,90.5,1:07:26.556,11:27:26.556,1:59.878,0:30.651,0:34.520,,Alexander PERONI,0:01:35.659,LMP2,P/A,Algarve Pro Racing,Oreca,GF,119.878,30.651,34.520,
47,2,26,1:35.178,0,,29.671,0,30.421,0,35.086,0,176.0,1:09:01.734,11:29:01.734,0:29.671,0:30.421,0:35.086,283.5,Alexander PERONI,,LMP2,P/A,Algarve Pro Racing,Oreca,GF,29.671,30.421,35.086,
47,2,27,1:37.279,0,,29.773,0,30.940,0,36.566,0,172.2,1:10:39.013,11:30:39.013,0:29.773,0:30.940,0:36.566,278.4,Alexander PERONI,,LMP2,P/A,Algarve Pro Racing,Oreca,GF,29.773,30.940,36.566,
47,2,28,1:39.504,0,,34.063,0,30.612,0,34.829,0,168.3,1:12:18.517,11:32:18.517,0:34.063,0:30.612,0:34.829,199.6,Alexander PERONI,,LMP2,P/A,Algarve Pro Racing,Oreca,GF,34.063,30.612,34.829,
47,2,29,1:34.256,0,,29.426,0,30.307,1,34.523,0,177.7,1:13:52.773,11:33:52.773,0:29.426,0:30.307,0:34.523,284.2,Alexander PERONI,,LMP2,P/A,Algarve Pro Racing,Oreca,GF,29.426,30.307,34.523,
47,2,30,1:37.688,0,,29.932,0,32.269,0,35.487,0,171.5,1:15:30.461,11:35:30.461,0:29.932,0:32.269,0:35.487,287.2,Alexander PERONI,,LMP2,P/A,Algarve Pro Racing,Oreca,GF,29.932,32.269,35.487,
47,2,31,1:36.194,0,,29.830,0,31.442,0,34.922,0,174.1,1:17:06.655,11:37:06.655,0:29.830,0:31.442,0:34.922,282.0,Alexander PERONI,,LMP2,P/A,Algarve Pro Racing,Oreca,GF,29.830,31.442,34.922,
47,2,32,1:34.291,0,,29.419,1,30.309,0,34.563,0,177.7,1:18:40.946,11:38:40.946,0:29.419,0:30.309,0:34.563,285.0,Alexander PERONI,,LMP2,P/A,Algarve Pro Racing,Oreca,GF,29.419,30.309,34.563,
47,2,33,1:40.328,0,B,29.636,0,30.514,0,40.178,0,167.0,1:20:21.274,11:40:21.274,0:29.636,0:30.514,0:40.178,286.5,Alexander PERONI,,LMP2,P/A,Algarve Pro Racing,Oreca,GF,29.636,30.514,40.178,
47,3,34,3:21.850,0,,2:16.867,0,30.626,0,34.357,2,83.0,1:23:43.124,11:43:43.124,2:16.867,0:30.626,0:34.357,,James ALLEN,0:01:52.367,LMP2,P/A,Algarve Pro Racing,Oreca,GF,136.867,30.626,34.357,
47,3,35,1:35.571,0,,29.706,0,31.014,0,34.851,0,175.3,1:25:18.695,11:45:18.695,0:29.706,0:31.014,0:34.851,282.7,James ALLEN,,LMP2,P/A,Algarve Pro Racing,Oreca,GF,29.706,31.014,34.851,
47,3,36,1:33.918,2,,29.451,0,30.070,2,34.397,0,178.4,1:26:52.613,11:46:52.613,0:29.451,0:30.070,0:34.397,283.5,James ALLEN,,LMP2,P/A,Algarve Pro Racing,Oreca,GF,29.451,30.070,34.397,
47,3,37,1:34.710,0,,29.802,0,30.545,0,34.363,0,176.9,1:28:27.323,11:48:27.323,0:29.802,0:30.545,0:34.363,285.0,James ALLEN,,LMP2,P/A,Algarve Pro Racing,Oreca,GF,29.802,30.545,34.363,
47,3,38,1:34.361,0,,29.437,0,30.407,0,34.517,0,177.5,1:30:01.684,11:50:01.684,0:29.437,0:30.407,0:34.517,285.7,James ALLEN,,LMP2,P/A,Algarve Pro Racing,Oreca,FF,29.437,30.407,34.517,
5,1,1,4:47.820,0,,3:39.194,0,32.120,0,36.506,0,54.8,4:47.820,10:24:47.820,3:39.194,0:32.120,0:36.506,,Alex KAPADIA,0:03:06.788,LMP3,,RLR MSport,Ligier,GF,219.194,32.120,36.506,
5,1,2,1:38.489,0,,30.994,0,31.320,0,36.175,0,170.1,6:26.309,10:26:26.309,0:30.994,0:31.320,0:36.175,266.0,Alex KAPADIA,,LMP3,,RLR MSport,Ligier,GF,30.994,31.320,36.175,
5,1,3,1:40.379,0,,30.885,2,32.890,0,36.604,0,166.9,8:06.688,10:28:06.688,0:30.885,0:32.890,0:36.604,269.3,Alex KAPADIA,,LMP3,,RLR MSport,Ligier,GF,30.885,32.890,36.604,
5,1,4,2:00.358,0,B,31.034,0,31.500,0,57.824,0,139.2,10:07.046,10:30:07.046,0:31.034,0:31.500,0:57.824,269.3,Alex KAPADIA,,LMP3,,RLR MSport,Ligier,GF,31.034,31.500,57.824,
5,1,5,2:05.368,0,,54.020,0,32.086,0,39.262,0,133.6,12:12.414,10:32:12.414,0:54.020,0:32.086,0:39.262,,Alex KAPADIA,0:00:28.701,LMP3,,RLR MSport,Ligier,GF,54.020,32.086,39.262,
5,1,6,1:38.173,2,,30.991,0,31.292,0,35.890,2,170.6,13:50.587,10:33:50.587,0:30.991,0:31.292,0:35.890,268.0,Alex KAPADIA,,LMP3,,RLR MSport,Ligier,GF,30.991,31.292,35.890,
5,1,7,1:46.125,0,B,30.937,0,31.163,2,44.025,0,157.8,15:36.712,10:35:36.712,0:30.937,0:31.163,0:44.025,269.3,Alex KAPADIA,,LMP3,,RLR MSport,Ligier,GF,30.937,31.163,44.025,
5,1,8,4:04.922,0,,2:56.358,0,31.874,0,36.690,0,68.4,19:41.634,10:39:41.634,2:56.358,0:31.874,0:36.690,,Alex KAPADIA,0:02:30.734,LMP3,,RLR MSport,Ligier,GF,176.358,31.874,36.690,
5,1,9,1:40.941,0,,31.873,0,32.180,0,36.888,0,165.9,21:22.575,10:41:22.575,0:31.873,0:32.180,0:36.888,268.7,Alex KAPADIA,,LMP3,,RLR MSport,Ligier,GF,31.873,32.180,36.888,
5,1,10,1:39.390,0,,31.295,0,31.541,0,36.554,0,168.5,23:01.965,10:43:01.965,0:31.295,0:31.541,0:36.554,269.3,Alex KAPADIA,,LMP3,,RLR MSport,Ligier,GF,31.295,31.541,36.554,
5,1,11,1:49.044,0,B,31.685,0,32.397,0,44.962,0,153.6,24:51.009,10:44:51.009,0:31.685,0:32.397,0:44.962,267.3,Alex KAPADIA,,LMP3,,RLR MSport,Ligier,GF,31.685,32.397,44.962,
5,3,12,3:50.802,0,B,2:32.183,0,34.335,0,44.284,0,72.6,28:41.811,10:48:41.811,2:32.183,0:34.335,0:44.284,,Michael JENSEN,0:02:03.710,LMP3,,RLR MSport,Ligier,GF,152.183,34.335,44.284,
5,3,13,12:23.388,0,,11:09.311,0,35.351,0,38.726,0,22.5,41:05.199,11:01:05.199,11:09.311,0:35.351,0:38.726,,Michael JENSEN,0:10:40.533,LMP3,,RLR MSport,Ligier,GF,669.311,35.351,38.726,
5,3,14,1:43.745,0,,32.871,0,33.158,0,37.716,0,161.5,42:48.944,11:02:48.944,0:32.871,0:33.158,0:37.716,261.5,Michael JENSEN,,LMP3,,RLR MSport,Ligier,GF,32.871,33.158,37.716,
5,3,15,1:44.296,0,,32.654,0,33.165,0,38.477,0,160.6,44:33.240,11:04:33.240,0:32.654,0:33.165,0:38.477,264.7,Michael JENSEN,,LMP3,,RLR MSport,Ligier,GF,32.654,33.165,38.477,
5,3,16,1:42.457,0,,32.166,0,32.893,0,37.398,0,163.5,46:15.697,11:06:15.697,0:32.166,0:32.893,0:37.398,266.7,Michael JENSEN,,LMP3,,RLR MSport,Ligier,GF,32.166,32.893,37.398,
5,3,17,1:42.680,0,,32.345,0,32.966,0,37.369,0,163.1,47:58.377,11:07:58.377,0:32.345,0:32.966,0:37.369,264.7,Michael JENSEN,,LMP3,,RLR MSport,Ligier,GF,32.345,32.966,37.369,
5,3,18,1:52.344,0,B,32.693,0,34.698,0,44.953,0,149.1,49:50.721,11:09:50.721,0:32.693,0:34.698,0:44.953,265.4,Michael JENSEN,,LMP3,,RLR MSport,Ligier,GF,32.693,34.698,44.953,
5,2,19,6:56.620,0,,5:44.217,0,33.488,0,38.915,0,40.2,56:47.341,11:16:47.341,5:44.217,0:33.488,0:38.915,,Nick ADCOCK,0:05:16.288,LMP3,,RLR MSport,Ligier,GF,344.217,33.488,38.915,
5,2,20,1:44.855,0,,33.694,0,32.923,0,38.238,0,159.8,58:32.196,11:18:32.196,0:33.694,0:32.923,0:38.238,264.1,Nick ADCOCK,,LMP3,,RLR MSport,Ligier,GF,33.694,32.923,38.238,
5,2,21,1:43.167,0,,32.064,0,33.100,0,38.003,0,162.4,1:00:15.363,11:20:15.363,0:32.064,0:33.100,0:38.003,270.7,Nick ADCOCK,,LMP3,,RLR MSport,Ligier,GF,32.064,33.100,38.003,
5,2,22,1:42.763,0,,32.284,0,32.701,0,37.778,0,163.0,1:01:58.126,11:21:58.126,0:32.284,0:32.701,0:37.778,262.8,Nick ADCOCK,,LMP3,,RLR MSport,Ligier,GF,32.284,32.701,37.778,
5,2,23,1:42.591,0,,32.102,0,32.612,0,37.877,0,163.3,1:03:40.717,11:23:40.717,0:32.102,0:32.612,0:37.877,264.7,Nick ADCOCK,,LMP3,,RLR MSport,Ligier,GF,32.102,32.612,37.877,
5,2,24,1:41.857,0,,32.002,1,32.437,1,37.418,1,164.5,1:05:22.574,11:25:22.574,0:32.002,0:32.437,0:37.418,267.3,Nick ADCOCK,,LMP3,,RLR MSport,Ligier,GF,32.002,32.437,37.418,
5,2,25,1:49.667,0,B,32.629,0,32.925,0,44.113,0,152.7,1:07:12.241,11:27:12.241,0:32.629,0:32.925,0:44.113,267.3,Nick ADCOCK,,LMP3,,RLR MSport,Ligier,GF,32.629,32.925,44.113,
5,3,26,3:25.053,0,,2:14.397,0,33.282,0,37.374,0,81.7,1:10:37.294,11:30:37.294,2:14.397,0:33.282,0:37.374,,Michael JENSEN,0:01:47.152,LMP3,,RLR MSport,Ligier,GF,134.397,33.282,37.374,
5,3,27,1:44.468,0,,32.561,0,34.153,0,37.754,0,160.3,1:12:21.762,11:32:21.762,0:32.561,0:34.153,0:37.754,265.4,Michael JENSEN,,LMP3,,RLR MSport,Ligier,GF,32.561,34.153,37.754,
5,3,28,1:41.956,0,,31.983,0,32.801,0,37.172,0,164.3,1:14:03.718,11:34:03.718,0:31.983,0:32.801,0:37.172,266.7,Michael JENSEN,,LMP3,,RLR MSport,Ligier,GF,31.983,32.801,37.172,
5,3,29,1:41.667,0,,31.979,0,32.587,1,37.101,1,164.8,1:15:45.385,11:35:45.385,0:31.979,0:32.587,0:37.101,268.0,Michael JENSEN,,LMP3,,RLR MSport,Ligier,GF,31.979,32.587,37.101,
5,3,30,1:41.817,0,,31.846,1,32.626,0,37.345,0,164.5,1:17:27.202,11:37:27.202,0:31.846,0:32.626,0:37.345,266.7,Michael JENSEN,,LMP3,,RLR MSport,Ligier,GF,31.846,32.626,37.345,
5,3,31,1:47.951,0,B,31.948,0,32.689,0,43.314,0,155.2,1:19:15.153,11:39:15.153,0:31.948,0:32.689,0:43.314,267.3,Michael JENSEN,,LMP3,,RLR MSport,Ligier,GF,31.948,32.689,43.314,
51,3,1,1:52.031,0,,40.332,0,34.188,0,37.511,0,140.9,1:52.031,10:21:52.031,0:40.332,0:34.188,0:37.511,,Gabriel AUBRY,0:00:10.527,LMP2,P/A,Team Virage,Oreca,GF,40.332,34.188,37.511,
51,3,2,1:34.107,0,,29.771,0,30.136,2,34.200,0,178.0,3:26.138,10:23:26.138,0:29.771,0:30.136,0:34.200,282.7,Gabriel AUBRY,,LMP2,P/A,Team Virage,Oreca,GF,29.771,30.136,34.200,
51,3,3,1:33.527,2,,29.179,2,30.280,0,34.068,2,179.1,4:59.665,10:24:59.665,0:29.179,0:30.280,0:34.068,283.5,Gabriel AUBRY,,LMP2,P/A,Team Virage,Oreca,GF,29.179,30.280,34.068,
51,3,4,1:45.585,0,B,29.939,0,31.388,0,44.258,0,158.6,6:45.250,10:26:45.250,0:29.939,0:31.388,0:44.258,284.2,Gabriel AUBRY,,LMP2,P/A,Team Virage,Oreca,GF,29.939,31.388,44.258,
51,2,5,4:03.150,0,,2:57.059,0,31.197,0,34.894,0,68.9,10:48.400,10:30:48.400,2:57.059,0:31.197,0:34.894,,Ian RODRIGUEZ,0:02:30.069,LMP2,P/A,Team Virage,Oreca,GF,177.059,31.197,34.894,
51,2,6,1:36.802,0,,30.399,0,31.741,0,34.662,0,173.0,12:25.202,10:32:25.202,0:30.399,0:31.741,0:34.662,283.5,Ian RODRIGUEZ,,LMP2,P/A,Team Virage,Oreca,GF,30.399,31.741,34.662,
51,2,7,1:34.689,0,,29.649,0,30.570,0,34.470,0,176.9,13:59.891,10:33:59.891,0:29.649,0:30.570,0:34.470,284.2,Ian RODRIGUEZ,,LMP2,P/A,Team Virage,Oreca,GF,29.649,30.570,34.470,
51,2,8,1:34.032,0,,29.442,1,30.324,0,34.266,1,178.1,15:33.923,10:35:33.923,0:29.442,0:30.324,0:34.266,284.2,Ian RODRIGUEZ,,LMP2,P/A,Team Virage,Oreca,GF,29.442,30.324,34.266,
51,2,9,1:34.564,0,,29.491,0,30.213,1,34.860,0,177.1,17:08.487,10:37:08.487,0:29.491,0:30.213,0:34.860,284.2,Ian RODRIGUEZ,,LMP2,P/A,Team Virage,Oreca,GF,29.491,30.213,34.860,
51,2,10,1:36.673,0,,31.154,0,31.074,0,34.445,0,173.3,18:45.160,10:38:45.160,0:31.154,0:31.074,0:34.445,286.5,Ian RODRIGUEZ,,LMP2,P/A,Team Virage,Oreca,GF,31.154,31.074,34.445,
51,2,11,1:40.509,0,B,29.509,0,30.838,0,40.162,0,166.7,20:25.669,10:40:25.669,0:29.509,0:30.838,0:40.162,284.2,Ian RODRIGUEZ,,LMP2,P/A,Team Virage,Oreca,GF,29.509,30.838,40.162,
51,2,12,3:38.651,0,,2:33.705,0,30.431,0,34.515,0,76.6,24:04.320,10:44:04.320,2:33.705,0:30.431,0:34.515,,Ian RODRIGUEZ,0:02:09.014,LMP2,P/A,Team Virage,Oreca,GF,153.705,30.431,34.515,
51,2,13,1:35.347,0,,29.804,0,30.802,0,34.741,0,175.7,25:39.667,10:45:39.667,0:29.804,0:30.802,0:34.741,283.5,Ian RODRIGUEZ,,LMP2,P/A,Team Virage,Oreca,GF,29.804,30.802,34.741,
51,2,14,1:35.767,0,,30.781,0,30.597,0,34.389,0,174.9,27:15.434,10:47:15.434,0:30.781,0:30.597,0:34.389,286.5,Ian RODRIGUEZ,,LMP2,P/A,Team Virage,Oreca,GF,30.781,30.597,34.389,
51,2,15,1:35.678,0,,29.641,0,31.216,0,34.821,0,175.1,28:51.112,10:48:51.112,0:29.641,0:31.216,0:34.821,285.0,Ian RODRIGUEZ,,LMP2,P/A,Team Virage,Oreca,GF,29.641,31.216,34.821,
51,2,16,1:35.450,0,,30.405,0,30.586,0,34.459,0,175.5,30:26.562,10:50:26.562,0:30.405,0:30.586,0:34.459,284.2,Ian RODRIGUEZ,,LMP2,P/A,Team Virage,Oreca,GF,30.405,30.586,34.459,
51,2,17,1:40.633,0,B,30.447,0,30.488,0,39.698,0,166.5,32:07.195,10:52:07.195,0:30.447,0:30.488,0:39.698,284.2,Ian RODRIGUEZ,,LMP2,P/A,Team Virage,Oreca,GF,30.447,30.488,39.698,
51,1,18,3:04.550,0,,1:56.707,0,31.947,0,35.896,0,90.8,35:11.745,10:55:11.745,1:56.707,0:31.947,0:35.896,,Rob HODES,0:01:29.022,LMP2,P/A,Team Virage,Oreca,GF,116.707,31.947,35.896,
51,1,19,1:38.540,0,,31.664,0,31.433,0,35.443,0,170.0,36:50.285,10:56:50.285,0:31.664,0:31.433,0:35.443,280.5,Rob HODES,,LMP2,P/A,Team Virage,Oreca,GF,31.664,31.433,35.443,
51,1,20,1:39.912,0,,31.496,0,31.692,0,36.724,0,167.7,38:30.197,10:58:30.197,0:31.496,0:31.692,0:36.724,283.5,Rob HODES,,LMP2,P/A,Team Virage,Oreca,GF,31.496,31.692,36.724,
51,1,21,1:37.904,0,,30.903,0,31.561,0,35.440,1,171.1,40:08.101,11:00:08.101,0:30.903,0:31.561,0:35.440,282.7,Rob HODES,,LMP2,P/A,Team Virage,Oreca,GF,30.903,31.561,35.440,
51,1,22,1:37.904,0,,30.867,0,31.420,0,35.617,0,171.1,41:46.005,11:01:46.005,0:30.867,0:31.420,0:35.617,282.0,Rob HODES,,LMP2,P/A,Team Virage,Oreca,GF,30.867,31.420,35.617,
51,1,23,1:39.368,0,,31.782,0,31.754,0,35.832,0,168.6,43:25.373,11:03:25.373,0:31.782,0:31.754,0:35.832,282.7,Rob HODES,,LMP2,P/A,Team Virage,Oreca,GF,31.782,31.754,35.832,
51,1,24,1:37.734,0,,30.759,0,31.115,1,35.860,0,171.4,45:03.107,11:05:03.107,0:30.759,0:31.115,0:35.860,281.2,Rob HODES,,LMP2,P/A,Team Virage,Oreca,GF,30.759,31.115,35.860,
51,1,25,1:39.189,0,,31.077,0,32.192,0,35.920,0,168.9,46:42.296,11:06:42.296,0:31.077,0:32.192,0:35.920,283.5,Rob HODES,,LMP2,P/A,Team Virage,Oreca,GF,31.077,32.192,35.920,
51,1,26,1:38.027,0,,30.697,0,31.325,0,36.005,0,170.9,48:20.323,11:08:20.323,0:30.697,0:31.325,0:36.005,281.2,Rob HODES,,LMP2,P/A,Team Virage,Oreca,GF,30.697,31.325,36.005,
51,1,27,1:39.659,0,,31.550,0,31.851,0,36.258,0,168.1,49:59.982,11:09:59.982,0:31.550,0:31.851,0:36.258,284.2,Rob HODES,,LMP2,P/A,Team Virage,Oreca,GF,31.550,31.851,36.258,
51,1,28,1:39.372,0,,32.168,0,31.378,0,35.826,0,168.6,51:39.354,11:11:39.354,0:32.168,0:31.378,0:35.826,280.5,Rob HODES,,LMP2,P/A,Team Virage,Oreca,GF,32.168,31.378,35.826,
51,1,29,1:46.589,0,B,30.922,0,32.955,0,42.712,0,157.2,53:25.943,11:13:25.943,0:30.922,0:32.955,0:42.712,282.7,Rob HODES,,LMP2,P/A,Team Virage,Oreca,GF,30.922,32.955,42.712,
51,3,30,4:11.040,0,,3:05.036,0,30.955,0,35.049,0,66.7,57:36.983,11:17:36.983,3:05.036,0:30.955,0:35.049,,Gabriel AUBRY,0:02:40.537,LMP2,P/A,Team Virage,Oreca,GF,185.036,30.955,35.049,
51,3,31,1:35.593,0,,29.869,0,30.796,0,34.928,0,175.2,59:12.576,11:19:12.576,0:29.869,0:30.796,0:34.928,282.7,Gabriel AUBRY,,LMP2,P/A,Team Virage,Oreca,GF,29.869,30.796,34.928,
51,3,32,1:34.863,0,,29.772,0,30.570,0,34.521,0,176.6,1:00:47.439,11:20:47.439,0:29.772,0:30.570,0:34.521,279.8,Gabriel AUBRY,,LMP2,P/A,Team Virage,Oreca,GF,29.772,30.570,34.521,
51,3,33,1:35.683,0,,29.667,0,30.687,0,35.329,0,175.1,1:02:23.122,11:22:23.122,0:29.667,0:30.687,0:35.329,284.2,Gabriel AUBRY,,LMP2,P/A,Team Virage,Oreca,GF,29.667,30.687,35.329,
51,3,34,1:40.945,0,B,29.489,0,30.457,0,40.999,0,165.9,1:04:04.067,11:24:04.067,0:29.489,0:30.457,0:40.999,282.7,Gabriel AUBRY,,LMP2,P/A,Team Virage,Oreca,GF,29.489,30.457,40.999,
51,3,35,3:26.634,0,,2:20.743,0,30.894,0,34.997,0,81.1,1:07:30.701,11:27:30.701,2:20.743,0:30.894,0:34.997,,Gabriel AUBRY,0:01:55.384,LMP2,P/A,Team Virage,Oreca,GF,140.743,30.894,34.997,
51,3,36,1:35.021,0,,29.609,0,30.759,0,34.653,0,176.3,1:09:05.722,11:29:05.722,0:29.609,0:30.759,0:34.653,283.5,Gabriel AUBRY,,LMP2,P/A,Team Virage,Oreca,GF,29.609,30.759,34.653,
51,3,37,1:35.485,0,,29.827,0,30.972,0,34.686,0,175.4,1:10:41.207,11:30:41.207,0:29.827,0:30.972,0:34.686,284.2,Gabriel AUBRY,,LMP2,P/A,Team Virage,Oreca,GF,29.827,30.972,34.686,
51,3,38,1:36.021,0,,30.272,0,31.078,0,34.671,0,174.4,1:12:17.228,11:32:17.228,0:30.272,0:31.078,0:34.671,285.0,Gabriel AUBRY,,LMP2,P/A,Team Virage,Oreca,GF,30.272,31.078,34.671,
51,3,39,1:34.321,0,,29.496,0,30.326,0,34.499,0,177.6,1:13:51.549,11:33:51.549,0:29.496,0:30.326,0:34.499,284.2,Gabriel AUBRY,,LMP2,P/A,Team Virage,Oreca,GF,29.496,30.326,34.499,
51,3,40,1:43.331,0,B,31.017,0,31.144,0,41.170,0,162.1,1:15:34.880,11:35:34.880,0:31.017,0:31.144,0:41.170,285.7,Gabriel AUBRY,,LMP2,P/A,Team Virage,Oreca,GF,31.017,31.144,41.170,
51,1,41,3:01.006,0,,1:53.927,0,31.544,0,35.535,0,92.5,1:18:35.886,11:38:35.886,1:53.927,0:31.544,0:35.535,,Rob HODES,0:01:26.693,LMP2,P/A,Team Virage,Oreca,GF,113.927,31.544,35.535,
51,1,42,1:38.159,0,,30.588,0,31.317,0,36.254,0,170.6,1:20:14.045,11:40:14.045,0:30.588,0:31.317,0:36.254,281.2,Rob HODES,,LMP2,P/A,Team Virage,Oreca,GF,30.588,31.317,36.254,
51,1,43,1:39.329,0,,31.069,0,31.722,0,36.538,0,168.6,1:21:53.374,11:41:53.374,0:31.069,0:31.722,0:36.538,280.5,Rob HODES,,LMP2,P/A,Team Virage,Oreca,GF,31.069,31.722,36.538,
51,1,44,1:39.718,0,,30.942,0,32.132,0,36.644,0,168.0,1:23:33.092,11:43:33.092,0:30.942,0:32.132,0:36.644,279.8,Rob HODES,,LMP2,P/A,Team Virage,Oreca,GF,30.942,32.132,36.644,
51,1,45,1:39.764,0,,30.716,0,32.814,0,36.234,0,167.9,1:25:12.856,11:45:12.856,0:30.716,0:32.814,0:36.234,279.8,Rob HODES,,LMP2,P/A,Team Virage,Oreca,GF,30.716,32.814,36.234,
51,1,46,1:37.842,0,,30.687,1,31.351,0,35.804,0,171.2,1:26:50.698,11:46:50.698,0:30.687,0:31.351,0:35.804,281.2,Rob HODES,,LMP2,P/A,Team Virage,Oreca,GF,30.687,31.351,35.804,
51,1,47,1:40.493,0,,31.703,0,32.065,0,36.725,0,166.7,1:28:31.191,11:48:31.191,0:31.703,0:32.065,0:36.725,280.5,Rob HODES,,LMP2,P/A,Team Virage,Oreca,GF,31.703,32.065,36.725,
51,1,48,1:38.104,0,,30.896,0,31.179,0,36.029,0,170.7,1:30:09.295,11:50:09.295,0:30.896,0:31.179,0:36.029,276.9,Rob HODES,,LMP2,P/A,Team Virage,Oreca,FF,30.896,31.179,36.029,
57,3,1,3:53.154,0,,2:39.640,0,34.824,0,38.690,0,67.7,3:53.154,10:23:53.154,2:39.640,0:34.824,0:38.690,,Mikkel JENSEN,0:02:05.066,LMGTE,,Kessel Racing,Ferrari,GF,159.640,34.824,38.690,
57,3,2,1:43.927,0,,33.260,0,33.086,0,37.581,0,161.2,5:37.081,10:25:37.081,0:33.260,0:33.086,0:37.581,255.3,Mikkel JENSEN,,LMGTE,,Kessel Racing,Ferrari,GF,33.260,33.086,37.581,
57,3,3,1:44.916,0,,32.749,0,32.907,0,39.260,0,159.7,7:21.997,10:27:21.997,0:32.749,0:32.907,0:39.260,260.2,Mikkel JENSEN,,LMGTE,,Kessel Racing,Ferrari,GF,32.749,32.907,39.260,
57,3,4,1:42.366,0,,32.524,0,32.634,0,37.208,0,163.6,9:04.363,10:29:04.363,0:32.524,0:32.634,0:37.208,260.9,Mikkel JENSEN,,LMGTE,,Kessel Racing,Ferrari,GF,32.524,32.634,37.208,
57,3,5,1:41.720,2,,32.082,0,32.483,2,37.155,2,164.7,10:46.083,10:30:46.083,0:32.082,0:32.483,0:37.155,262.1,Mikkel JENSEN,,LMGTE,,Kessel Racing,Ferrari,GF,32.082,32.483,37.155,
57,3,6,1:42.667,0,,32.138,0,33.209,0,37.320,0,163.2,12:28.750,10:32:28.750,0:32.138,0:33.209,0:37.320,260.9,Mikkel JENSEN,,LMGTE,,Kessel Racing,Ferrari,GF,32.138,33.209,37.320,
57,3,7,1:42.556,0,,32.665,0,32.574,0,37.317,0,163.3,14:11.306,10:34:11.306,0:32.665,0:32.574,0:37.317,260.9,Mikkel JENSEN,,LMGTE,,Kessel Racing,Ferrari,GF,32.665,32.574,37.317,
57,3,8,1:42.312,0,,32.375,0,32.495,0,37.442,0,163.7,15:53.618,10:35:53.618,0:32.375,0:32.495,0:37.442,259.6,Mikkel JENSEN,,LMGTE,,Kessel Racing,Ferrari,GF,32.375,32.495,37.442,
57,3,9,1:42.471,0,,32.615,0,32.601,0,37.255,0,163.5,17:36.089,10:37:36.089,0:32.615,0:32.601,0:37.255,254.1,Mikkel JENSEN,,LMGTE,,Kessel Racing,Ferrari,GF,32.615,32.601,37.255,
57,3,10,1:42.487,0,,32.421,0,32.723,0,37.343,0,163.4,19:18.576,10:39:18.576,0:32.421,0:32.723,0:37.343,259.6,Mikkel JENSEN,,LMGTE,,Kessel Racing,Ferrari,GF,32.421,32.723,37.343,
57,3,11,1:42.357,0,,32.377,0,32.591,0,37.389,0,163.7,21:00.933,10:41:00.933,0:32.377,0:32.591,0:37.389,259.6,Mikkel JENSEN,,LMGTE,,Kessel Racing,Ferrari,GF,32.377,32.591,37.389,
57,3,12,1:41.907,0,,32.076,2,32.565,0,37.266,0,164.4,22:42.840,10:42:42.840,0:32.076,0:32.565,0:37.266,260.2,Mikkel JENSEN,,LMGTE,,Kessel Racing,Ferrari,GF,32.076,32.565,37.266,
57,3,13,1:47.503,0,B,32.318,0,32.710,0,42.475,0,155.8,24:30.343,10:44:30.343,0:32.318,0:32.710,0:42.475,260.2,Mikkel JENSEN,,LMGTE,,Kessel Racing,Ferrari,GF,32.318,32.710,42.475,
57,1,14,2:59.074,0,,1:45.117,0,35.029,0,38.928,0,93.5,27:29.417,10:47:29.417,1:45.117,0:35.029,0:38.928,,Takeshi KIMURA,0:01:15.202,LMGTE,,Kessel Racing,Ferrari,GF,105.117,35.029,38.928,
57,1,15,1:45.682,0,,33.466,0,33.576,0,38.640,0,158.5,29:15.099,10:49:15.099,0:33.466,0:33.576,0:38.640,257.1,Takeshi KIMURA,,LMGTE,,Kessel Racing,Ferrari,GF,33.466,33.576,38.640,
57,1,16,1:44.439,0,,32.543,1,33.416,0,38.480,0,160.4,30:59.538,10:50:59.538,0:32.543,0:33.416,0:38.480,259.0,Takeshi KIMURA,,LMGTE,,Kessel Racing,Ferrari,GF,32.543,33.416,38.480,
57,1,17,1:45.948,0,,33.092,0,34.284,0,38.572,0,158.1,32:45.486,10:52:45.486,0:33.092,0:34.284,0:38.572,260.9,Takeshi KIMURA,,LMGTE,,Kessel Racing,Ferrari,GF,33.092,34.284,38.572,
57,1,18,1:44.701,0,,32.629,0,33.396,0,38.676,0,160.0,34:30.187,10:54:30.187,0:32.629,0:33.396,0:38.676,260.2,Takeshi KIMURA,,LMGTE,,Kessel Racing,Ferrari,GF,32.629,33.396,38.676,
57,1,19,1:44.911,0,,33.191,0,33.657,0,38.063,0,159.7,36:15.098,10:56:15.098,0:33.191,0:33.657,0:38.063,260.2,Takeshi KIMURA,,LMGTE,,Kessel Racing,Ferrari,GF,33.191,33.657,38.063,
57,1,20,1:45.131,0,,33.459,0,33.424,0,38.248,0,159.3,38:00.229,10:58:00.229,0:33.459,0:33.424,0:38.248,259.0,Takeshi KIMURA,,LMGTE,,Kessel Racing,Ferrari,GF,33.459,33.424,38.248,
57,1,21,1:44.314,0,,32.777,0,33.327,0,38.210,0,160.6,39:44.543,10:59:44.543,0:32.777,0:33.327,0:38.210,258.4,Takeshi KIMURA,,LMGTE,,Kessel Racing,Ferrari,GF,32.777,33.327,38.210,
57,1,22,1:45.628,0,,33.304,0,33.779,0,38.545,0,158.6,41:30.171,11:01:30.171,0:33.304,0:33.779,0:38.545,259.0,Takeshi KIMURA,,LMGTE,,Kessel Racing,Ferrari,GF,33.304,33.779,38.545,
57,1,23,1:44.728,0,,32.892,0,33.361,0,38.475,0,159.9,43:14.899,11:03:14.899,0:32.892,0:33.361,0:38.475,247.7,Takeshi KIMURA,,LMGTE,,Kessel Racing,Ferrari,GF,32.892,33.361,38.475,
57,1,24,1:46.315,0,,34.079,0,33.828,0,38.408,0,157.6,45:01.214,11:05:01.214,0:34.079,0:33.828,0:38.408,257.8,Takeshi KIMURA,,LMGTE,,Kessel Racing,Ferrari,GF,34.079,33.828,38.408,
57,1,25,1:45.405,0,,33.108,0,33.885,0,38.412,0,158.9,46:46.619,11:06:46.619,0:33.108,0:33.885,0:38.412,259.6,Takeshi KIMURA,,LMGTE,,Kessel Racing,Ferrari,GF,33.108,33.885,38.412,
57,1,26,1:54.186,0,B,33.413,0,33.773,0,47.000,0,146.7,48:40.805,11:08:40.805,0:33.413,0:33.773,0:47.000,259.6,Takeshi KIMURA,,LMGTE,,Kessel Racing,Ferrari,GF,33.413,33.773,47.000,
57,2,27,2:46.569,0,B,1:29.638,0,33.564,0,43.367,0,100.6,51:27.374,11:11:27.374,1:29.638,0:33.564,0:43.367,,Frederik SCHANDORFF,0:01:03.470,LMGTE,,Kessel Racing,Ferrari,GF,89.638,33.564,43.367,
57,2,28,2:10.716,0,B,54.707,0,32.901,0,43.108,0,128.1,53:38.090,11:13:38.090,0:54.707,0:32.901,0:43.108,,Frederik SCHANDORFF,0:00:28.488,LMGTE,,Kessel Racing,Ferrari,GF,54.707,32.901,43.108,
57,2,29,2:47.904,0,,1:36.310,0,33.133,0,38.461,0,99.8,56:25.994,11:16:25.994,1:36.310,0:33.133,0:38.461,,Frederik SCHANDORFF,0:01:10.036,LMGTE,,Kessel Racing,Ferrari,GF,96.310,33.133,38.461,
57,2,30,1:42.416,0,,32.051,0,32.813,0,37.552,0,163.6,58:08.410,11:18:08.410,0:32.051,0:32.813,0:37.552,264.1,Frederik SCHANDORFF,,LMGTE,,Kessel Racing,Ferrari,GF,32.051,32.813,37.552,
57,2,31,1:47.698,0,,32.649,0,34.696,0,40.353,0,155.5,59:56.108,11:19:56.108,0:32.649,0:34.696,0:40.353,262.1,Frederik SCHANDORFF,,LMGTE,,Kessel Racing,Ferrari,GF,32.649,34.696,40.353,
57,2,32,1:43.121,0,,32.262,0,33.048,0,37.811,0,162.4,1:01:39.229,11:21:39.229,0:32.262,0:33.048,0:37.811,261.5,Frederik SCHANDORFF,,LMGTE,,Kessel Racing,Ferrari,GF,32.262,33.048,37.811,
57,2,33,1:42.443,0,,32.233,0,32.754,0,37.456,0,163.5,1:03:21.672,11:23:21.672,0:32.233,0:32.754,0:37.456,262.1,Frederik SCHANDORFF,,LMGTE,,Kessel Racing,Ferrari,GF,32.233,32.754,37.456,
57,2,34,1:42.135,0,,32.078,1,32.681,1,37.376,1,164.0,1:05:03.807,11:25:03.807,0:32.078,0:32.681,0:37.376,262.1,Frederik SCHANDORFF,,LMGTE,,Kessel Racing,Ferrari,GF,32.078,32.681,37.376,
57,2,35,1:45.194,0,,32.461,0,33.035,0,39.698,0,159.2,1:06:49.001,11:26:49.001,0:32.461,0:33.035,0:39.698,262.8,Frederik SCHANDORFF,,LMGTE,,Kessel Racing,Ferrari,GF,32.461,33.035,39.698,
57,2,36,1:42.513,0,,32.252,0,32.774,0,37.487,0,163.4,1:08:31.514,11:28:31.514,0:32.252,0:32.774,0:37.487,261.5,Frederik SCHANDORFF,,LMGTE,,Kessel Racing,Ferrari,GF,32.252,32.774,37.487,
57,2,37,1:49.459,0,B,32.199,0,33.510,0,43.750,0,153.0,1:10:20.973,11:30:20.973,0:32.199,0:33.510,0:43.750,262.8,Frederik SCHANDORFF,,LMGTE,,Kessel Racing,Ferrari,GF,32.199,33.510,43.750,
57,1,38,6:19.697,0,,5:07.575,0,33.967,0,38.155,0,44.1,1:16:40.670,11:36:40.670,5:07.575,0:33.967,0:38.155,,Takeshi KIMURA,0:04:38.189,LMGTE,,Kessel Racing,Ferrari,GF,307.575,33.967,38.155,
57,1,39,1:44.154,0,,32.721,0,33.481,0,37.952,0,160.8,1:18:24.824,11:38:24.824,0:32.721,0:33.481,0:37.952,256.5,Takeshi KIMURA,,LMGTE,,Kessel Racing,Ferrari,GF,32.721,33.481,37.952,
57,1,40,1:44.549,0,,33.417,0,33.200,1,37.932,1,160.2,1:20:09.373,11:40:09.373,0:33.417,0:33.200,0:37.932,259.6,Takeshi KIMURA,,LMGTE,,Kessel Racing,Ferrari,GF,33.417,33.200,37.932,
57,1,41,1:45.333,0,,32.649,0,33.500,0,39.184,0,159.0,1:21:54.706,11:41:54.706,0:32.649,0:33.500,0:39.184,259.6,Takeshi KIMURA,,LMGTE,,Kessel Racing,Ferrari,GF,32.649,33.500,39.184,
57,1,42,1:44.354,0,,32.628,0,33.215,0,38.511,0,160.5,1:23:39.060,11:43:39.060,0:32.628,0:33.215,0:38.511,257.1,Takeshi KIMURA,,LMGTE,,Kessel Racing,Ferrari,GF,32.628,33.215,38.511,
57,1,43,1:45.091,0,,32.905,0,33.453,0,38.733,0,159.4,1:25:24.151,11:45:24.151,0:32.905,0:33.453,0:38.733,259.0,Takeshi KIMURA,,LMGTE,,Kessel Racing,Ferrari,GF,32.905,33.453,38.733,
57,1,44,1:44.676,0,,33.075,0,33.572,0,38.029,0,160.0,1:27:08.827,11:47:08.827,0:33.075,0:33.572,0:38.029,255.9,Takeshi KIMURA,,LMGTE,,Kessel Racing,Ferrari,GF,33.075,33.572,38.029,
57,1,45,1:44.746,0,,32.797,0,33.380,0,38.569,0,159.9,1:28:53.573,11:48:53.573,0:32.797,0:33.380,0:38.569,258.4,Takeshi KIMURA,,LMGTE,,Kessel Racing,Ferrari,GF,32.797,33.380,38.569,
57,1,46,1:44.586,0,,32.864,0,33.464,0,38.258,0,160.2,1:30:38.159,11:50:38.159,0:32.864,0:33.464,0:38.258,260.2,Takeshi KIMURA,,LMGTE,,Kessel Racing,Ferrari,FF,32.864,33.464,38.258,
6,2,1,5:50.514,0,,4:37.272,0,33.852,0,39.390,0,45.0,5:50.514,10:25:50.514,4:37.272,0:33.852,0:39.390,,Ross KAISER,0:04:07.151,LMP3,,360 Racing,Ligier,GF,277.272,33.852,39.390,
6,2,2,1:38.925,0,,31.223,0,31.639,0,36.063,2,169.3,7:29.439,10:27:29.439,0:31.223,0:31.639,0:36.063,262.1,Ross KAISER,,LMP3,,360 Racing,Ligier,GF,31.223,31.639,36.063,
6,2,3,1:38.482,2,,30.946,2,31.381,0,36.155,0,170.1,9:07.921,10:29:07.921,0:30.946,0:31.381,0:36.155,266.0,Ross KAISER,,LMP3,,360 Racing,Ligier,GF,30.946,31.381,36.155,
6,2,4,1:44.903,0,B,31.092,0,31.304,2,42.507,0,159.7,10:52.824,10:30:52.824,0:31.092,0:31.304,0:42.507,268.7,Ross KAISER,,LMP3,,360 Racing,Ligier,GF,31.092,31.304,42.507,
6,2,5,3:38.953,0,,2:29.503,0,31.874,0,37.576,0,76.5,14:31.777,10:34:31.777,2:29.503,0:31.874,0:37.576,,Ross KAISER,0:02:03.786,LMP3,,360 Racing,Ligier,GF,149.503,31.874,37.576,
6,2,6,1:40.374,0,,31.383,0,31.883,0,37.108,0,166.9,16:12.151,10:36:12.151,0:31.383,0:31.883,0:37.108,264.1,Ross KAISER,,LMP3,,360 Racing,Ligier,GF,31.383,31.883,37.108,
6,2,7,1:40.601,0,,31.575,0,31.826,0,37.200,0,166.5,17:52.752,10:37:52.752,0:31.575,0:31.826,0:37.200,263.4,Ross KAISER,,LMP3,,360 Racing,Ligier,GF,31.575,31.826,37.200,
6,2,8,1:40.066,0,,31.440,0,31.891,0,36.735,0,167.4,19:32.818,10:39:32.818,0:31.440,0:31.891,0:36.735,262.1,Ross KAISER,,LMP3,,360 Racing,Ligier,GF,31.440,31.891,36.735,
6,2,9,1:44.445,0,,31.424,0,32.050,0,40.971,0,160.4,21:17.263,10:41:17.263,0:31.424,0:32.050,0:40.971,265.4,Ross KAISER,,LMP3,,360 Racing,Ligier,GF,31.424,32.050,40.971,
6,2,10,1:40.219,0,,31.342,0,31.914,0,36.963,0,167.1,22:57.482,10:42:57.482,0:31.342,0:31.914,0:36.963,263.4,Ross KAISER,,LMP3,,360 Racing,Ligier,GF,31.342,31.914,36.963,
6,2,11,1:47.317,0,B,31.511,0,32.206,0,43.600,0,156.1,24:44.799,10:44:44.799,0:31.511,0:32.206,0:43.600,262.8,Ross KAISER,,LMP3,,360 Racing,Ligier,GF,31.511,32.206,43.600,
6,1,12,3:13.732,0,,2:01.432,0,34.676,0,37.624,0,86.5,27:58.531,10:47:58.531,2:01.432,0:34.676,0:37.624,,Terrence WOODWARD,0:01:33.782,LMP3,,360 Racing,Ligier,GF,121.432,34.676,37.624,
6,1,13,1:42.016,0,,32.379,0,32.724,0,36.913,0,164.2,29:40.547,10:49:40.547,0:32.379,0:32.724,0:36.913,264.1,Terrence WOODWARD,,LMP3,,360 Racing,Ligier,GF,32.379,32.724,36.913,
6,1,14,1:43.237,0,,33.014,0,32.881,0,37.342,0,162.3,31:23.784,10:51:23.784,0:33.014,0:32.881,0:37.342,265.4,Terrence WOODWARD,,LMP3,,360 Racing,Ligier,GF,33.014,32.881,37.342,
6,1,15,1:43.604,0,,32.013,0,32.852,0,38.739,0,161.7,33:07.388,10:53:07.388,0:32.013,0:32.852,0:38.739,265.4,Terrence WOODWARD,,LMP3,,360 Racing,Ligier,GF,32.013,32.852,38.739,
6,1,16,1:41.575,0,,32.023,0,32.554,0,36.998,0,164.9,34:48.963,10:54:48.963,0:32.023,0:32.554,0:36.998,263.4,Terrence WOODWARD,,LMP3,,360 Racing,Ligier,GF,32.023,32.554,36.998,
6,1,17,1:43.875,0,,33.280,0,33.100,0,37.495,0,161.3,36:32.838,10:56:32.838,0:33.280,0:33.100,0:37.495,269.3,Terrence WOODWARD,,LMP3,,360 Racing,Ligier,GF,33.280,33.100,37.495,
6,1,18,1:41.080,0,,31.833,0,32.366,0,36.881,0,165.7,38:13.918,10:58:13.918,0:31.833,0:32.366,0:36.881,264.1,Terrence WOODWARD,,LMP3,,360 Racing,Ligier,GF,31.833,32.366,36.881,
6,1,19,1:41.733,0,,32.388,0,32.404,0,36.941,0,164.7,39:55.651,10:59:55.651,0:32.388,0:32.404,0:36.941,264.1,Terrence WOODWARD,,LMP3,,360 Racing,Ligier,GF,32.388,32.404,36.941,
6,1,20,1:40.912,0,,31.693,0,32.318,0,36.901,0,166.0,41:36.563,11:01:36.563,0:31.693,0:32.318,0:36.901,264.7,Terrence WOODWARD,,LMP3,,360 Racing,Ligier,GF,31.693,32.318,36.901,
6,1,21,2:15.530,0,,1:01.869,0,34.672,0,38.989,0,123.6,43:52.093,11:03:52.093,1:01.869,0:34.672,0:38.989,270.0,Terrence WOODWARD,,LMP3,,360 Racing,Ligier,GF,61.869,34.672,38.989,
6,1,22,1:40.611,0,,31.819,0,32.122,1,36.670,0,166.5,45:32.704,11:05:32.704,0:31.819,0:32.122,0:36.670,264.7,Terrence WOODWARD,,LMP3,,360 Racing,Ligier,GF,31.819,32.122,36.670,
6,1,23,1:40.486,0,,31.664,1,32.313,0,36.509,1,166.7,47:13.190,11:07:13.190,0:31.664,0:32.313,0:36.509,265.4,Terrence WOODWARD,,LMP3,,360 Racing,Ligier,GF,31.664,32.313,36.509,
6,1,24,1:52.458,0,B,35.513,0,33.033,0,43.912,0,149.0,49:05.648,11:09:05.648,0:35.513,0:33.033,0:43.912,268.7,Terrence WOODWARD,,LMP3,,360 Racing,Ligier,GF,35.513,33.033,43.912,
6,3,25,5:35.226,0,,4:24.957,0,32.716,0,37.553,0,50.0,54:40.874,11:14:40.874,4:24.957,0:32.716,0:37.553,,Santiago Concepcion SERRANO,0:03:57.391,LMP3,,360 Racing,Ligier,GF,264.957,32.716,37.553,
6,3,26,1:43.736,0,,32.124,0,33.507,0,38.105,0,161.5,56:24.610,11:16:24.610,0:32.124,0:33.507,0:38.105,267.3,Santiago Concepcion SERRANO,,LMP3,,360 Racing,Ligier,GF,32.124,33.507,38.105,
6,3,27,1:41.416,0,,31.521,0,32.889,0,37.006,0,165.2,58:06.026,11:18:06.026,0:31.521,0:32.889,0:37.006,266.7,Santiago Concepcion SERRANO,,LMP3,,360 Racing,Ligier,GF,31.521,32.889,37.006,
6,3,28,1:40.758,0,,31.727,0,32.267,0,36.764,0,166.2,59:46.784,11:19:46.784,0:31.727,0:32.267,0:36.764,268.0,Santiago Concepcion SERRANO,,LMP3,,360 Racing,Ligier,GF,31.727,32.267,36.764,
6,3,29,1:40.959,0,,31.739,0,32.287,0,36.933,0,165.9,1:01:27.743,11:21:27.743,0:31.739,0:32.287,0:36.933,270.7,Santiago Concepcion SERRANO,,LMP3,,360 Racing,Ligier,GF,31.739,32.287,36.933,
6,3,30,1:41.012,0,,31.746,0,32.248,1,37.018,0,165.8,1:03:08.755,11:23:08.755,0:31.746,0:32.248,0:37.018,265.4,Santiago Concepcion SERRANO,,LMP3,,360 Racing,Ligier,GF,31.746,32.248,37.018,
6,3,31,1:42.055,0,,31.959,0,32.611,0,37.485,0,164.1,1:04:50.810,11:24:50.810,0:31.959,0:32.611,0:37.485,268.7,Santiago Concepcion SERRANO,,LMP3,,360 Racing,Ligier,GF,31.959,32.611,37.485,
6,3,32,1:40.110,0,,31.431,0,32.344,0,36.335,1,167.3,1:06:30.920,11:26:30.920,0:31.431,0:32.344,0:36.335,268.7,Santiago Concepcion SERRANO,,LMP3,,360 Racing,Ligier,GF,31.431,32.344,36.335,
6,3,33,1:40.191,0,,31.176,1,32.410,0,36.605,0,167.2,1:08:11.111,11:28:11.111,0:31.176,0:32.410,0:36.605,270.0,Santiago Concepcion SERRANO,,LMP3,,360 Racing,Ligier,GF,31.176,32.410,36.605,
6,3,34,1:46.657,0,B,32.098,0,32.371,0,42.188,0,157.1,1:09:57.768,11:29:57.768,0:32.098,0:32.371,0:42.188,267.3,Santiago Concepcion SERRANO,,LMP3,,360 Racing,Ligier,GF,32.098,32.371,42.188,
6,2,35,3:26.324,0,,2:17.357,0,32.493,0,36.474,0,81.2,1:13:24.092,11:33:24.092,2:17.357,0:32.493,0:36.474,,Ross KAISER,0:01:51.322,LMP3,,360 Racing,Ligier,GF,137.357,32.493,36.474,
6,2,36,1:40.030,0,,31.388,0,32.190,0,36.452,0,167.5,1:15:04.122,11:35:04.122,0:31.388,0:32.190,0:36.452,267.3,Ross KAISER,,LMP3,,360 Racing,Ligier,GF,31.388,32.190,36.452,
6,2,37,1:39.427,0,,31.235,0,31.809,0,36.383,0,168.5,1:16:43.549,11:36:43.549,0:31.235,0:31.809,0:36.383,268.0,Ross KAISER,,LMP3,,360 Racing,Ligier,GF,31.235,31.809,36.383,
6,2,38,1:47.457,0,B,31.244,0,32.483,0,43.730,0,155.9,1:18:31.006,11:38:31.006,0:31.244,0:32.483,0:43.730,267.3,Ross KAISER,,LMP3,,360 Racing,Ligier,GF,31.244,32.483,43.730,
60,1,1,2:16.851,0,,1:05.834,0,33.210,0,37.807,0,115.3,2:16.851,10:22:16.851,1:05.834,0:33.210,0:37.807,,Matteo CRESSONI,0:00:33.776,LMGTE,,Iron Lynx,Ferrari,GF,65.834,33.210,37.807,
60,1,2,1:42.367,0,,32.439,0,32.463,0,37.465,0,163.6,3:59.218,10:23:59.218,0:32.439,0:32.463,0:37.465,259.0,Matteo CRESSONI,,LMGTE,,Iron Lynx,Ferrari,GF,32.439,32.463,37.465,
60,1,3,1:41.829,0,,32.047,0,32.417,0,37.365,0,164.5,5:41.047,10:25:41.047,0:32.047,0:32.417,0:37.365,261.5,Matteo CRESSONI,,LMGTE,,Iron Lynx,Ferrari,GF,32.047,32.417,37.365,
60,1,4,1:43.443,0,,32.622,0,33.038,0,37.783,0,161.9,7:24.490,10:27:24.490,0:32.622,0:33.038,0:37.783,261.5,Matteo CRESSONI,,LMGTE,,Iron Lynx,Ferrari,GF,32.622,33.038,37.783,
60,1,5,1:48.034,0,B,32.124,0,32.399,2,43.511,0,155.1,9:12.524,10:29:12.524,0:32.124,0:32.399,0:43.511,262.1,Matteo CRESSONI,,LMGTE,,Iron Lynx,Ferrari,GF,32.124,32.399,43.511,
60,1,6,3:28.183,0,,2:15.117,0,34.689,0,38.377,0,80.5,12:40.707,10:32:40.707,2:15.117,0:34.689,0:38.377,,Matteo CRESSONI,0:01:47.500,LMGTE,,Iron Lynx,Ferrari,GF,135.117,34.689,38.377,
60,1,7,1:42.181,0,,32.256,0,32.450,0,37.475,0,163.9,14:22.888,10:34:22.888,0:32.256,0:32.450,0:37.475,259.0,Matteo CRESSONI,,LMGTE,,Iron Lynx,Ferrari,GF,32.256,32.450,37.475,
60,1,8,1:42.211,0,,32.360,0,32.420,0,37.431,0,163.9,16:05.099,10:36:05.099,0:32.360,0:32.420,0:37.431,259.6,Matteo CRESSONI,,LMGTE,,Iron Lynx,Ferrari,GF,32.360,32.420,37.431,
60,1,9,1:42.010,0,,32.083,0,32.411,0,37.516,0,164.2,17:47.109,10:37:47.109,0:32.083,0:32.411,0:37.516,261.5,Matteo CRESSONI,,LMGTE,,Iron Lynx,Ferrari,GF,32.083,32.411,37.516,
60,1,10,1:42.832,0,,32.189,0,32.779,0,37.864,0,162.9,19:29.941,10:39:29.941,0:32.189,0:32.779,0:37.864,262.1,Matteo CRESSONI,,LMGTE,,Iron Lynx,Ferrari,GF,32.189,32.779,37.864,
60,1,11,1:50.336,0,B,32.610,0,32.938,0,44.788,0,151.8,21:20.277,10:41:20.277,0:32.610,0:32.938,0:44.788,260.9,Matteo CRESSONI,,LMGTE,,Iron Lynx,Ferrari,GF,32.610,32.938,44.788,
60,1,12,4:24.591,0,,3:13.776,0,32.984,0,37.831,0,63.3,25:44.868,10:45:44.868,3:13.776,0:32.984,0:37.831,,Matteo CRESSONI,0:02:47.360,LMGTE,,Iron Lynx,Ferrari,GF,193.776,32.984,37.831,
60,1,13,1:42.175,0,,32.224,1,32.567,0,37.384,0,163.9,27:27.043,10:47:27.043,0:32.224,0:32.567,0:37.384,260.9,Matteo CRESSONI,,LMGTE,,Iron Lynx,Ferrari,GF,32.224,32.567,37.384,
60,1,14,1:44.506,0,,32.287,0,33.693,0,38.526,0,160.3,29:11.549,10:49:11.549,0:32.287,0:33.693,0:38.526,262.1,Matteo CRESSONI,,LMGTE,,Iron Lynx,Ferrari,GF,32.287,33.693,38.526,
60,1,15,1:42.131,0,,32.285,0,32.484,0,37.362,1,164.0,30:53.680,10:50:53.680,0:32.285,0:32.484,0:37.362,260.2,Matteo CRESSONI,,LMGTE,,Iron Lynx,Ferrari,GF,32.285,32.484,37.362,
60,1,16,1:48.088,0,B,32.415,0,32.884,0,42.789,0,155.0,32:41.768,10:52:41.768,0:32.415,0:32.884,0:42.789,260.9,Matteo CRESSONI,,LMGTE,,Iron Lynx,Ferrari,GF,32.415,32.884,42.789,
60,3,17,4:07.160,0,,2:54.474,0,33.815,0,38.871,0,67.8,36:48.928,10:56:48.928,2:54.474,0:33.815,0:38.871,,Claudio SCHIAVONI,0:02:26.319,LMGTE,,Iron Lynx,Ferrari,GF,174.474,33.815,38.871,
60,3,18,1:48.121,0,,35.360,0,34.066,0,38.695,0,154.9,38:37.049,10:58:37.049,0:35.360,0:34.066,0:38.695,257.1,Claudio SCHIAVONI,,LMGTE,,Iron Lynx,Ferrari,GF,35.360,34.066,38.695,
60,3,19,1:45.793,0,,33.290,0,34.044,0,38.459,0,158.3,40:22.842,11:00:22.842,0:33.290,0:34.044,0:38.459,257.8,Claudio SCHIAVONI,,LMGTE,,Iron Lynx,Ferrari,GF,33.290,34.044,38.459,
60,3,20,1:44.698,0,,33.062,0,33.292,0,38.344,0,160.0,42:07.540,11:02:07.540,0:33.062,0:33.292,0:38.344,258.4,Claudio SCHIAVONI,,LMGTE,,Iron Lynx,Ferrari,GF,33.062,33.292,38.344,
60,3,21,1:51.392,0,,35.488,0,35.734,0,40.170,0,150.4,43:58.932,11:03:58.932,0:35.488,0:35.734,0:40.170,259.0,Claudio SCHIAVONI,,LMGTE,,Iron Lynx,Ferrari,GF,35.488,35.734,40.170,
60,3,22,1:44.892,0,,33.133,0,33.558,0,38.201,0,159.7,45:43.824,11:05:43.824,0:33.133,0:33.558,0:38.201,259.6,Claudio SCHIAVONI,,LMGTE,,Iron Lynx,Ferrari,GF,33.133,33.558,38.201,
60,3,23,1:44.707,0,,32.981,0,33.104,1,38.622,0,160.0,47:28.531,11:07:28.531,0:32.981,0:33.104,0:38.622,260.2,Claudio SCHIAVONI,,LMGTE,,Iron Lynx,Ferrari,GF,32.981,33.104,38.622,
60,3,24,1:44.429,0,,32.956,0,33.282,0,38.191,0,160.4,49:12.960,11:09:12.960,0:32.956,0:33.282,0:38.191,260.2,Claudio SCHIAVONI,,LMGTE,,Iron Lynx,Ferrari,GF,32.956,33.282,38.191,
60,3,25,1:44.314,0,,32.851,1,33.379,0,38.084,1,160.6,50:57.274,11:10:57.274,0:32.851,0:33.379,0:38.084,259.6,Claudio SCHIAVONI,,LMGTE,,Iron Lynx,Ferrari,GF,32.851,33.379,38.084,
60,3,26,1:52.592,0,B,32.769,0,33.289,0,46.534,0,148.8,52:49.866,11:12:49.866,0:32.769,0:33.289,0:46.534,259.6,Claudio SCHIAVONI,,LMGTE,,Iron Lynx,Ferrari,GF,32.769,33.289,46.534,
60,3,27,3:53.776,0,,2:42.105,0,33.457,0,38.214,0,71.7,56:43.642,11:16:43.642,2:42.105,0:33.457,0:38.214,,Claudio SCHIAVONI,0:02:14.723,LMGTE,,Iron Lynx,Ferrari,GF,162.105,33.457,38.214,
60,3,28,1:46.982,0,,32.868,0,33.897,0,40.217,0,156.6,58:30.624,11:18:30.624,0:32.868,0:33.897,0:40.217,260.2,Claudio SCHIAVONI,,LMGTE,,Iron Lynx,Ferrari,GF,32.868,33.897,40.217,
60,3,29,1:44.654,0,,33.022,0,33.258,0,38.374,0,160.1,1:00:15.278,11:20:15.278,0:33.022,0:33.258,0:38.374,259.6,Claudio SCHIAVONI,,LMGTE,,Iron Lynx,Ferrari,GF,33.022,33.258,38.374,
60,3,30,1:46.964,0,,34.430,0,34.133,0,38.401,0,156.6,1:02:02.242,11:22:02.242,0:34.430,0:34.133,0:38.401,259.6,Claudio SCHIAVONI,,LMGTE,,Iron Lynx,Ferrari,GF,34.430,34.133,38.401,
60,3,31,1:44.492,0,,32.850,0,33.215,0,38.427,0,160.3,1:03:46.734,11:23:46.734,0:32.850,0:33.215,0:38.427,262.1,Claudio SCHIAVONI,,LMGTE,,Iron Lynx,Ferrari,GF,32.850,33.215,38.427,
60,3,32,1:44.551,0,,33.006,0,33.147,0,38.398,0,160.2,1:05:31.285,11:25:31.285,0:33.006,0:33.147,0:38.398,260.9,Claudio SCHIAVONI,,LMGTE,,Iron Lynx,Ferrari,GF,33.006,33.147,38.398,
60,3,33,1:46.356,0,,33.567,0,34.109,0,38.680,0,157.5,1:07:17.641,11:27:17.641,0:33.567,0:34.109,0:38.680,262.1,Claudio SCHIAVONI,,LMGTE,,Iron Lynx,Ferrari,GF,33.567,34.109,38.680,
60,3,34,1:44.441,0,,32.753,0,33.207,0,38.481,0,160.4,1:09:02.082,11:29:02.082,0:32.753,0:33.207,0:38.481,262.1,Claudio SCHIAVONI,,LMGTE,,Iron Lynx,Ferrari,GF,32.753,33.207,38.481,
60,3,35,1:56.588,0,B,35.731,0,33.856,0,47.001,0,143.7,1:10:58.670,11:30:58.670,0:35.731,0:33.856,0:47.001,257.1,Claudio SCHIAVONI,,LMGTE,,Iron Lynx,Ferrari,GF,35.731,33.856,47.001,
60,2,36,3:19.134,0,,2:05.585,0,33.119,0,40.430,0,84.1,1:14:17.804,11:34:17.804,2:05.585,0:33.119,0:40.430,,Davide RIGON,0:01:38.837,LMGTE,,Iron Lynx,Ferrari,GF,125.585,33.119,40.430,
60,2,37,1:42.365,0,,32.221,0,32.646,1,37.498,0,163.6,1:16:00.169,11:36:00.169,0:32.221,0:32.646,0:37.498,261.5,Davide RIGON,,LMGTE,,Iron Lynx,Ferrari,GF,32.221,32.646,37.498,
60,2,38,1:46.430,0,,33.413,0,33.237,0,39.780,0,157.4,1:17:46.599,11:37:46.599,0:33.413,0:33.237,0:39.780,262.1,Davide RIGON,,LMGTE,,Iron Lynx,Ferrari,GF,33.413,33.237,39.780,
60,2,39,1:42.536,0,,32.311,0,32.901,0,37.324,0,163.4,1:19:29.135,11:39:29.135,0:32.311,0:32.901,0:37.324,260.9,Davide RIGON,,LMGTE,,Iron Lynx,Ferrari,GF,32.311,32.901,37.324,
60,2,40,1:42.107,2,,32.156,0,32.705,0,37.246,2,164.1,1:21:11.242,11:41:11.242,0:32.156,0:32.705,0:37.246,262.1,Davide RIGON,,LMGTE,,Iron Lynx,Ferrari,GF,32.156,32.705,37.246,
60,2,41,1:49.008,0,B,32.516,0,32.846,0,43.646,0,153.7,1:23:00.250,11:43:00.250,0:32.516,0:32.846,0:43.646,261.5,Davide RIGON,,LMGTE,,Iron Lynx,Ferrari,GF,32.516,32.846,43.646,
60,2,42,3:24.863,0,,2:14.685,0,32.707,0,37.471,0,81.8,1:26:25.113,11:46:25.113,2:14.685,0:32.707,0:37.471,,Davide RIGON,0:01:48.381,LMGTE,,Iron Lynx,Ferrari,GF,134.685,32.707,37.471,
60,2,43,1:42.652,0,,32.469,0,32.773,0,37.410,0,163.2,1:28:07.765,11:48:07.765,0:32.469,0:32.773,0:37.410,262.8,Davide RIGON,,LMGTE,,Iron Lynx,Ferrari,GF,32.469,32.773,37.410,
60,2,44,1:42.791,0,,32.265,0,33.027,0,37.499,0,163.0,1:29:50.556,11:49:50.556,0:32.265,0:33.027,0:37.499,263.4,Davide RIGON,,LMGTE,,Iron Lynx,Ferrari,GF,32.265,33.027,37.499,
60,2,45,1:42.406,0,,32.115,2,32.824,0,37.467,0,163.6,1:31:32.962,11:51:32.962,0:32.115,0:32.824,0:37.467,262.8,Davide RIGON,,LMGTE,,Iron Lynx,Ferrari,FF,32.115,32.824,37.467,
65,2,1,3:41.300,0,,2:32.876,0,31.642,0,36.782,0,71.3,3:41.300,10:23:41.300,2:32.876,0:31.642,0:36.782,,Job VAN UITERT,0:02:00.576,LMP2,,Panis Racing,Oreca,GF,152.876,31.642,36.782,
65,2,2,1:33.089,0,,29.508,0,29.682,0,33.899,2,179.9,5:14.389,10:25:14.389,0:29.508,0:29.682,0:33.899,282.7,Job VAN UITERT,,LMP2,,Panis Racing,Oreca,GF,29.508,29.682,33.899,
65,2,3,1:35.598,0,,29.155,0,30.093,0,36.350,0,175.2,6:49.987,10:26:49.987,0:29.155,0:30.093,0:36.350,286.5,Job VAN UITERT,,LMP2,,Panis Racing,Oreca,GF,29.155,30.093,36.350,
65,2,4,1:33.424,2,,29.317,0,30.143,0,33.964,0,179.3,8:23.411,10:28:23.411,0:29.317,0:30.143,0:33.964,284.2,Job VAN UITERT,,LMP2,,Panis Racing,Oreca,GF,29.317,30.143,33.964,
65,2,5,1:32.835,0,,29.186,0,29.681,3,33.968,0,180.4,9:56.246,10:29:56.246,0:29.186,0:29.681,0:33.968,285.0,Job VAN UITERT,,LMP2,,Panis Racing,Oreca,GF,29.186,29.681,33.968,
65,2,6,1:39.205,0,B,29.097,2,29.884,0,40.224,0,168.9,11:35.451,10:31:35.451,0:29.097,0:29.884,0:40.224,285.7,Job VAN UITERT,,LMP2,,Panis Racing,Oreca,GF,29.097,29.884,40.224,
65,3,7,4:41.617,0,,3:34.570,0,31.687,0,35.360,0,59.5,16:17.068,10:36:17.068,3:34.570,0:31.687,0:35.360,,Julien CANAL,0:03:09.393,LMP2,,Panis Racing,Oreca,GF,214.570,31.687,35.360,
65,3,8,1:37.743,0,,30.747,0,31.616,0,35.380,0,171.4,17:54.811,10:37:54.811,0:30.747,0:31.616,0:35.380,282.7,Julien CANAL,,LMP2,,Panis Racing,Oreca,GF,30.747,31.616,35.380,
65,3,9,1:36.220,0,,30.032,0,31.051,0,35.137,0,174.1,19:31.031,10:39:31.031,0:30.032,0:31.051,0:35.137,282.7,Julien CANAL,,LMP2,,Panis Racing,Oreca,GF,30.032,31.051,35.137,
65,3,10,1:37.833,0,,30.916,0,32.022,0,34.895,0,171.2,21:08.864,10:41:08.864,0:30.916,0:32.022,0:34.895,285.0,Julien CANAL,,LMP2,,Panis Racing,Oreca,GF,30.916,32.022,34.895,
65,3,11,1:35.134,0,,29.856,0,30.734,0,34.544,0,176.1,22:43.998,10:42:43.998,0:29.856,0:30.734,0:34.544,281.2,Julien CANAL,,LMP2,,Panis Racing,Oreca,GF,29.856,30.734,34.544,
65,3,12,1:36.955,0,,30.421,0,30.916,0,35.618,0,172.8,24:20.953,10:44:20.953,0:30.421,0:30.916,0:35.618,283.5,Julien CANAL,,LMP2,,Panis Racing,Oreca,GF,30.421,30.916,35.618,
65,3,13,1:34.797,0,,29.725,0,30.502,0,34.570,0,176.7,25:55.750,10:45:55.750,0:29.725,0:30.502,0:34.570,279.8,Julien CANAL,,LMP2,,Panis Racing,Oreca,GF,29.725,30.502,34.570,
65,3,14,1:34.476,0,,29.597,0,30.466,1,34.413,0,177.3,27:30.226,10:47:30.226,0:29.597,0:30.466,0:34.413,282.7,Julien CANAL,,LMP2,,Panis Racing,Oreca,GF,29.597,30.466,34.413,
65,3,15,1:35.932,0,,29.991,0,31.155,0,34.786,0,174.6,29:06.158,10:49:06.158,0:29.991,0:31.155,0:34.786,286.5,Julien CANAL,,LMP2,,Panis Racing,Oreca,GF,29.991,31.155,34.786,
65,3,16,1:35.298,0,,29.678,0,30.682,0,34.938,0,175.8,30:41.456,10:50:41.456,0:29.678,0:30.682,0:34.938,282.7,Julien CANAL,,LMP2,,Panis Racing,Oreca,GF,29.678,30.682,34.938,
65,3,17,1:36.416,0,,30.126,0,31.266,0,35.024,0,173.7,32:17.872,10:52:17.872,0:30.126,0:31.266,0:35.024,285.0,Julien CANAL,,LMP2,,Panis Racing,Oreca,GF,30.126,31.266,35.024,
65,3,18,1:35.799,0,,30.018,0,30.899,0,34.882,0,174.9,33:53.671,10:53:53.671,0:30.018,0:30.899,0:34.882,283.5,Julien CANAL,,LMP2,,Panis Racing,Oreca,GF,30.018,30.899,34.882,
65,3,19,1:36.804,0,,30.277,0,31.025,0,35.502,0,173.0,35:30.475,10:55:30.475,0:30.277,0:31.025,0:35.502,282.7,Julien CANAL,,LMP2,,Panis Racing,Oreca,GF,30.277,31.025,35.502,
65,3,20,1:36.344,0,,29.645,0,31.515,0,35.184,0,173.9,37:06.819,10:57:06.819,0:29.645,0:31.515,0:35.184,283.5,Julien CANAL,,LMP2,,Panis Racing,Oreca,GF,29.645,31.515,35.184,
65,3,21,1:35.932,0,,30.525,0,30.651,0,34.756,0,174.6,38:42.751,10:58:42.751,0:30.525,0:30.651,0:34.756,285.0,Julien CANAL,,LMP2,,Panis Racing,Oreca,GF,30.525,30.651,34.756,
65,3,22,1:35.222,0,,29.657,0,30.986,0,34.579,0,175.9,40:17.973,11:00:17.973,0:29.657,0:30.986,0:34.579,285.0,Julien CANAL,,LMP2,,Panis Racing,Oreca,GF,29.657,30.986,34.579,
65,3,23,1:34.759,0,,29.660,0,30.504,0,34.595,0,176.8,41:52.732,11:01:52.732,0:29.660,0:30.504,0:34.595,284.2,Julien CANAL,,LMP2,,Panis Racing,Oreca,GF,29.660,30.504,34.595,
65,3,24,1:35.356,0,,29.663,0,30.611,0,35.082,0,175.7,43:28.088,11:03:28.088,0:29.663,0:30.611,0:35.082,285.7,Julien CANAL,,LMP2,,Panis Racing,Oreca,GF,29.663,30.611,35.082,
65,3,25,1:36.174,0,,30.165,0,30.967,0,35.042,0,174.2,45:04.262,11:05:04.262,0:30.165,0:30.967,0:35.042,287.2,Julien CANAL,,LMP2,,Panis Racing,Oreca,GF,30.165,30.967,35.042,
65,3,26,1:35.479,0,,29.886,0,30.784,0,34.809,0,175.4,46:39.741,11:06:39.741,0:29.886,0:30.784,0:34.809,285.7,Julien CANAL,,LMP2,,Panis Racing,Oreca,GF,29.886,30.784,34.809,
65,3,27,1:35.198,0,,29.782,0,30.575,0,34.841,0,176.0,48:14.939,11:08:14.939,0:29.782,0:30.575,0:34.841,285.0,Julien CANAL,,LMP2,,Panis Racing,Oreca,GF,29.782,30.575,34.841,
65,3,28,1:34.464,0,,29.516,1,30.592,0,34.356,1,177.3,49:49.403,11:09:49.403,0:29.516,0:30.592,0:34.356,285.0,Julien CANAL,,LMP2,,Panis Racing,Oreca,GF,29.516,30.592,34.356,
65,3,29,1:34.620,0,,29.794,0,30.470,0,34.356,0,177.0,51:24.023,11:11:24.023,0:29.794,0:30.470,0:34.356,287.2,Julien CANAL,,LMP2,,Panis Racing,Oreca,GF,29.794,30.470,34.356,
65,3,30,1:41.522,0,B,30.811,0,30.884,0,39.827,0,165.0,53:05.545,11:13:05.545,0:30.811,0:30.884,0:39.827,286.5,Julien CANAL,,LMP2,,Panis Racing,Oreca,GF,30.811,30.884,39.827,
65,1,31,3:42.141,0,,2:36.546,0,30.805,0,34.790,0,75.4,56:47.686,11:16:47.686,2:36.546,0:30.805,0:34.790,,Nicolas JAMIN,0:02:11.437,LMP2,,Panis Racing,Oreca,GF,156.546,30.805,34.790,
65,1,32,1:36.279,0,,29.924,0,31.805,0,34.550,0,174.0,58:23.965,11:18:23.965,0:29.924,0:31.805,0:34.550,284.2,Nicolas JAMIN,,LMP2,,Panis Racing,Oreca,GF,29.924,31.805,34.550,
65,1,33,1:35.557,0,,29.792,0,31.332,0,34.433,0,175.3,59:59.522,11:19:59.522,0:29.792,0:31.332,0:34.433,285.7,Nicolas JAMIN,,LMP2,,Panis Racing,Oreca,GF,29.792,31.332,34.433,
65,1,34,1:35.651,0,,30.497,0,30.684,0,34.470,0,175.1,1:01:35.173,11:21:35.173,0:30.497,0:30.684,0:34.470,285.7,Nicolas JAMIN,,LMP2,,Panis Racing,Oreca,GF,30.497,30.684,34.470,
65,1,35,1:35.226,0,,29.560,0,31.070,0,34.596,0,175.9,1:03:10.399,11:23:10.399,0:29.560,0:31.070,0:34.596,285.7,Nicolas JAMIN,,LMP2,,Panis Racing,Oreca,GF,29.560,31.070,34.596,
65,1,36,1:37.053,0,,31.363,0,31.113,0,34.577,0,172.6,1:04:47.452,11:24:47.452,0:31.363,0:31.113,0:34.577,286.5,Nicolas JAMIN,,LMP2,,Panis Racing,Oreca,GF,31.363,31.113,34.577,
65,1,37,1:35.897,0,,29.606,0,31.032,0,35.259,0,174.7,1:06:23.349,11:26:23.349,0:29.606,0:31.032,0:35.259,286.5,Nicolas JAMIN,,LMP2,,Panis Racing,Oreca,GF,29.606,31.032,35.259,
65,1,38,1:35.304,0,,30.372,0,30.649,0,34.283,1,175.8,1:07:58.653,11:27:58.653,0:30.372,0:30.649,0:34.283,285.0,Nicolas JAMIN,,LMP2,,Panis Racing,Oreca,GF,30.372,30.649,34.283,
65,1,39,1:35.167,0,,29.777,0,30.550,0,34.840,0,176.0,1:09:33.820,11:29:33.820,0:29.777,0:30.550,0:34.840,285.7,Nicolas JAMIN,,LMP2,,Panis Racing,Oreca,GF,29.777,30.550,34.840,
65,1,40,1:35.485,0,,29.859,0,30.462,0,35.164,0,175.4,1:11:09.305,11:31:09.305,0:29.859,0:30.462,0:35.164,281.2,Nicolas JAMIN,,LMP2,,Panis Racing,Oreca,GF,29.859,30.462,35.164,
65,1,41,1:35.002,0,,29.893,0,30.638,0,34.471,0,176.3,1:12:44.307,11:32:44.307,0:29.893,0:30.638,0:34.471,285.0,Nicolas JAMIN,,LMP2,,Panis Racing,Oreca,GF,29.893,30.638,34.471,
65,1,42,1:37.380,0,,29.840,0,32.026,0,35.514,0,172.0,1:14:21.687,11:34:21.687,0:29.840,0:32.026,0:35.514,285.7,Nicolas JAMIN,,LMP2,,Panis Racing,Oreca,GF,29.840,32.026,35.514,
65,1,43,1:34.781,0,,29.763,0,30.650,0,34.368,0,176.7,1:15:56.468,11:35:56.468,0:29.763,0:30.650,0:34.368,282.7,Nicolas JAMIN,,LMP2,,Panis Racing,Oreca,GF,29.763,30.650,34.368,
65,1,44,1:34.108,0,,29.520,1,30.293,1,34.295,0,178.0,1:17:30.576,11:37:30.576,0:29.520,0:30.293,0:34.295,284.2,Nicolas JAMIN,,LMP2,,Panis Racing,Oreca,GF,29.520,30.293,34.295,
65,1,45,1:41.402,0,B,29.846,0,31.135,0,40.421,0,165.2,1:19:11.978,11:39:11.978,0:29.846,0:31.135,0:40.421,285.0,Nicolas JAMIN,,LMP2,,Panis Racing,Oreca,GF,29.846,31.135,40.421,
65,2,46,2:48.938,0,,1:37.633,0,31.344,0,39.961,0,99.2,1:22:00.916,11:42:00.916,1:37.633,0:31.344,0:39.961,,Job VAN UITERT,0:01:11.635,LMP2,,Panis Racing,Oreca,GF,97.633,31.344,39.961,
65,2,47,1:34.886,0,,29.588,0,30.363,0,34.935,0,176.5,1:23:35.802,11:43:35.802,0:29.588,0:30.363,0:34.935,283.5,Job VAN UITERT,,LMP2,,Panis Racing,Oreca,GF,29.588,30.363,34.935,
65,2,48,1:36.317,0,,30.562,0,30.536,0,35.219,0,173.9,1:25:12.119,11:45:12.119,0:30.562,0:30.536,0:35.219,285.0,Job VAN UITERT,,LMP2,,Panis Racing,Oreca,GF,30.562,30.536,35.219,
65,2,49,1:33.961,0,,29.509,0,30.159,0,34.293,0,178.3,1:26:46.080,11:46:46.080,0:29.509,0:30.159,0:34.293,282.7,Job VAN UITERT,,LMP2,,Panis Racing,Oreca,GF,29.509,30.159,34.293,
65,2,50,1:34.338,0,,29.406,0,30.057,0,34.875,0,177.6,1:28:20.418,11:48:20.418,0:29.406,0:30.057,0:34.875,282.7,Job VAN UITERT,,LMP2,,Panis Racing,Oreca,GF,29.406,30.057,34.875,
65,2,51,1:33.950,0,,29.454,0,30.210,0,34.286,0,178.3,1:29:54.368,11:49:54.368,0:29.454,0:30.210,0:34.286,284.2,Job VAN UITERT,,LMP2,,Panis Racing,Oreca,GF,29.454,30.210,34.286,
65,2,52,1:34.923,0,,30.107,0,30.342,0,34.474,0,176.5,1:31:29.291,11:51:29.291,0:30.107,0:30.342,0:34.474,286.5,Job VAN UITERT,,LMP2,,Panis Racing,Oreca,FF,30.107,30.342,34.474,
66,2,1,2:15.420,0,B,44.329,0,36.310,0,54.781,0,116.5,2:15.420,10:22:15.420,0:44.329,0:36.310,0:54.781,,Matthew PAYNE,0:00:11.924,LMGTE,,JMW Motorsport,Ferrari,GF,44.329,36.310,54.781,
66,2,2,2:10.073,0,,55.702,0,35.584,0,38.787,0,128.8,4:25.493,10:24:25.493,0:55.702,0:35.584,0:38.787,,Matthew PAYNE,0:00:28.450,LMGTE,,JMW Motorsport,Ferrari,GF,55.702,35.584,38.787,
66,2,3,1:48.137,0,,33.643,0,33.966,0,40.528,0,154.9,6:13.630,10:26:13.630,0:33.643,0:33.966,0:40.528,251.7,Matthew PAYNE,,LMGTE,,JMW Motorsport,Ferrari,GF,33.643,33.966,40.528,
66,2,4,1:44.037,0,,32.980,0,33.202,0,37.855,0,161.0,7:57.667,10:27:57.667,0:32.980,0:33.202,0:37.855,252.9,Matthew PAYNE,,LMGTE,,JMW Motorsport,Ferrari,GF,32.980,33.202,37.855,
66,2,5,1:44.613,0,,32.588,0,33.257,0,38.768,0,160.1,9:42.280,10:29:42.280,0:32.588,0:33.257,0:38.768,257.1,Matthew PAYNE,,LMGTE,,JMW Motorsport,Ferrari,GF,32.588,33.257,38.768,
66,2,6,1:43.534,0,,32.525,0,33.082,0,37.927,0,161.8,11:25.814,10:31:25.814,0:32.525,0:33.082,0:37.927,257.8,Matthew PAYNE,,LMGTE,,JMW Motorsport,Ferrari,GF,32.525,33.082,37.927,
66,2,7,1:42.554,0,,32.338,0,32.597,0,37.619,0,163.3,13:08.368,10:33:08.368,0:32.338,0:32.597,0:37.619,258.4,Matthew PAYNE,,LMGTE,,JMW Motorsport,Ferrari,GF,32.338,32.597,37.619,
66,2,8,1:42.380,0,,32.225,0,32.577,0,37.578,0,163.6,14:50.748,10:34:50.748,0:32.225,0:32.577,0:37.578,259.0,Matthew PAYNE,,LMGTE,,JMW Motorsport,Ferrari,GF,32.225,32.577,37.578,
66,2,9,1:42.270,2,,32.292,2,32.570,2,37.408,2,163.8,16:33.018,10:36:33.018,0:32.292,0:32.570,0:37.408,257.1,Matthew PAYNE,,LMGTE,,JMW Motorsport,Ferrari,GF,32.292,32.570,37.408,
66,2,10,2:01.396,0,B,36.014,0,36.759,0,48.623,0,138.0,18:34.414,10:38:34.414,0:36.014,0:36.759,0:48.623,223.1,Matthew PAYNE,,LMGTE,,JMW Motorsport,Ferrari,GF,36.014,36.759,48.623,
66,1,11,5:48.002,0,,4:34.417,0,35.141,0,38.444,0,48.1,24:22.416,10:44:22.416,4:34.417,0:35.141,0:38.444,,Giacomo PETROBELLI,0:04:07.250,LMGTE,,JMW Motorsport,Ferrari,GF,274.417,35.141,38.444,
66,1,12,1:44.565,0,,33.142,0,33.108,0,38.315,0,160.2,26:06.981,10:46:06.981,0:33.142,0:33.108,0:38.315,257.1,Giacomo PETROBELLI,,LMGTE,,JMW Motorsport,Ferrari,GF,33.142,33.108,38.315,
66,1,13,1:43.998,0,,32.760,0,33.285,0,37.953,0,161.1,27:50.979,10:47:50.979,0:32.760,0:33.285,0:37.953,255.9,Giacomo PETROBELLI,,LMGTE,,JMW Motorsport,Ferrari,GF,32.760,33.285,37.953,
66,1,14,1:44.785,0,,33.291,0,33.386,0,38.108,0,159.9,29:35.764,10:49:35.764,0:33.291,0:33.386,0:38.108,257.8,Giacomo PETROBELLI,,LMGTE,,JMW Motorsport,Ferrari,GF,33.291,33.386,38.108,
66,1,15,1:43.790,0,,32.719,0,33.126,0,37.945,0,161.4,31:19.554,10:51:19.554,0:32.719,0:33.126,0:37.945,257.1,Giacomo PETROBELLI,,LMGTE,,JMW Motorsport,Ferrari,GF,32.719,33.126,37.945,
66,1,16,1:43.616,0,,32.690,1,33.049,0,37.877,1,161.7,33:03.170,10:53:03.170,0:32.690,0:33.049,0:37.877,257.1,Giacomo PETROBELLI,,LMGTE,,JMW Motorsport,Ferrari,GF,32.690,33.049,37.877,
66,1,17,1:44.955,0,,32.930,0,33.889,0,38.136,0,159.6,34:48.125,10:54:48.125,0:32.930,0:33.889,0:38.136,258.4,Giacomo PETROBELLI,,LMGTE,,JMW Motorsport,Ferrari,GF,32.930,33.889,38.136,
66,1,18,1:44.619,0,,33.244,0,33.435,0,37.940,0,160.1,36:32.744,10:56:32.744,0:33.244,0:33.435,0:37.940,257.8,Giacomo PETROBELLI,,LMGTE,,JMW Motorsport,Ferrari,GF,33.244,33.435,37.940,
66,1,19,1:44.390,0,,33.021,0,33.045,0,38.324,0,160.5,38:17.134,10:58:17.134,0:33.021,0:33.045,0:38.324,257.1,Giacomo PETROBELLI,,LMGTE,,JMW Motorsport,Ferrari,GF,33.021,33.045,38.324,
66,1,20,1:44.049,0,,32.780,0,33.241,0,38.028,0,161.0,40:01.183,11:00:01.183,0:32.780,0:33.241,0:38.028,257.1,Giacomo PETROBELLI,,LMGTE,,JMW Motorsport,Ferrari,GF,32.780,33.241,38.028,
66,1,21,1:44.719,0,,33.125,0,33.067,0,38.527,0,160.0,41:45.902,11:01:45.902,0:33.125,0:33.067,0:38.527,257.8,Giacomo PETROBELLI,,LMGTE,,JMW Motorsport,Ferrari,GF,33.125,33.067,38.527,
66,1,22,1:46.227,0,,33.722,0,33.626,0,38.879,0,157.7,43:32.129,11:03:32.129,0:33.722,0:33.626,0:38.879,259.6,Giacomo PETROBELLI,,LMGTE,,JMW Motorsport,Ferrari,GF,33.722,33.626,38.879,
66,1,23,1:48.372,0,B,32.762,0,32.928,1,42.682,0,154.6,45:20.501,11:05:20.501,0:32.762,0:32.928,0:42.682,260.2,Giacomo PETROBELLI,,LMGTE,,JMW Motorsport,Ferrari,GF,32.762,32.928,42.682,
66,3,24,2:58.818,0,,1:46.282,0,34.480,0,38.056,0,93.7,48:19.319,11:08:19.319,1:46.282,0:34.480,0:38.056,,Sean HUDSPETH,0:01:18.994,LMGTE,,JMW Motorsport,Ferrari,GF,106.282,34.480,38.056,
66,3,25,1:45.646,0,,33.697,0,33.803,0,38.146,0,158.6,50:04.965,11:10:04.965,0:33.697,0:33.803,0:38.146,258.4,Sean HUDSPETH,,LMGTE,,JMW Motorsport,Ferrari,GF,33.697,33.803,38.146,
66,3,26,1:44.783,0,,32.941,0,33.805,0,38.037,0,159.9,51:49.748,11:11:49.748,0:32.941,0:33.805,0:38.037,259.6,Sean HUDSPETH,,LMGTE,,JMW Motorsport,Ferrari,GF,32.941,33.805,38.037,
66,3,27,1:44.781,0,,33.167,0,33.565,0,38.049,0,159.9,53:34.529,11:13:34.529,0:33.167,0:33.565,0:38.049,257.8,Sean HUDSPETH,,LMGTE,,JMW Motorsport,Ferrari,GF,33.167,33.565,38.049,
66,3,28,1:44.356,0,,32.993,0,33.331,0,38.032,0,160.5,55:18.885,11:15:18.885,0:32.993,0:33.331,0:38.032,262.1,Sean HUDSPETH,,LMGTE,,JMW Motorsport,Ferrari,GF,32.993,33.331,38.032,
66,3,29,1:43.984,0,,32.604,0,33.325,0,38.055,0,161.1,57:02.869,11:17:02.869,0:32.604,0:33.325,0:38.055,259.0,Sean HUDSPETH,,LMGTE,,JMW Motorsport,Ferrari,GF,32.604,33.325,38.055,
66,3,30,1:44.082,0,,32.813,0,33.328,0,37.941,0,160.9,58:46.951,11:18:46.951,0:32.813,0:33.328,0:37.941,259.6,Sean HUDSPETH,,LMGTE,,JMW Motorsport,Ferrari,GF,32.813,33.328,37.941,
66,3,31,1:43.909,0,,32.540,1,33.135,1,38.234,0,161.2,1:00:30.860,11:20:30.860,0:32.540,0:33.135,0:38.234,259.0,Sean HUDSPETH,,LMGTE,,JMW Motorsport,Ferrari,GF,32.540,33.135,38.234,
66,3,32,1:43.889,0,,32.658,0,33.239,0,37.992,0,161.2,1:02:14.749,11:22:14.749,0:32.658,0:33.239,0:37.992,259.0,Sean HUDSPETH,,LMGTE,,JMW Motorsport,Ferrari,GF,32.658,33.239,37.992,
66,3,33,1:43.831,0,,32.622,0,33.265,0,37.944,0,161.3,1:03:58.580,11:23:58.580,0:32.622,0:33.265,0:37.944,259.6,Sean HUDSPETH,,LMGTE,,JMW Motorsport,Ferrari,GF,32.622,33.265,37.944,
66,3,34,1:44.260,0,,32.770,0,33.297,0,38.193,0,160.7,1:05:42.840,11:25:42.840,0:32.770,0:33.297,0:38.193,259.0,Sean HUDSPETH,,LMGTE,,JMW Motorsport,Ferrari,GF,32.770,33.297,38.193,
66,3,35,1:44.093,0,,32.903,0,33.394,0,37.796,1,160.9,1:07:26.933,11:27:26.933,0:32.903,0:33.394,0:37.796,259.0,Sean HUDSPETH,,LMGTE,,JMW Motorsport,Ferrari,GF,32.903,33.394,37.796,
66,3,36,1:50.581,0,B,32.793,0,33.883,0,43.905,0,151.5,1:09:17.514,11:29:17.514,0:32.793,0:33.883,0:43.905,260.2,Sean HUDSPETH,,LMGTE,,JMW Motorsport,Ferrari,GF,32.793,33.883,43.905,
66,2,37,2:48.992,0,,1:37.844,0,33.494,0,37.654,0,99.1,1:12:06.506,11:32:06.506,1:37.844,0:33.494,0:37.654,,Matthew PAYNE,0:01:09.621,LMGTE,,JMW Motorsport,Ferrari,GF,97.844,33.494,37.654,
66,2,38,1:43.226,0,,32.424,0,32.880,0,37.922,0,162.3,1:13:49.732,11:33:49.732,0:32.424,0:32.880,0:37.922,257.8,Matthew PAYNE,,LMGTE,,JMW Motorsport,Ferrari,GF,32.424,32.880,37.922,
66,2,39,1:44.519,0,,33.149,0,33.688,0,37.682,0,160.3,1:15:34.251,11:35:34.251,0:33.149,0:33.688,0:37.682,260.9,Matthew PAYNE,,LMGTE,,JMW Motorsport,Ferrari,GF,33.149,33.688,37.682,
66,2,40,1:42.819,0,,32.329,0,32.897,0,37.593,0,162.9,1:17:17.070,11:37:17.070,0:32.329,0:32.897,0:37.593,259.6,Matthew PAYNE,,LMGTE,,JMW Motorsport,Ferrari,GF,32.329,32.897,37.593,
66,2,41,1:42.666,0,,32.380,0,32.779,0,37.507,0,163.2,1:18:59.736,11:38:59.736,0:32.380,0:32.779,0:37.507,260.2,Matthew PAYNE,,LMGTE,,JMW Motorsport,Ferrari,GF,32.380,32.779,37.507,
66,2,42,1:42.841,0,,32.402,0,32.960,0,37.479,0,162.9,1:20:42.577,11:40:42.577,0:32.402,0:32.960,0:37.479,260.9,Matthew PAYNE,,LMGTE,,JMW Motorsport,Ferrari,GF,32.402,32.960,37.479,
66,2,43,1:42.785,0,,32.407,0,32.806,0,37.572,0,163.0,1:22:25.362,11:42:25.362,0:32.407,0:32.806,0:37.572,260.2,Matthew PAYNE,,LMGTE,,JMW Motorsport,Ferrari,GF,32.407,32.806,37.572,
66,2,44,1:42.748,0,,32.332,0,32.897,0,37.519,0,163.0,1:24:08.110,11:44:08.110,0:32.332,0:32.897,0:37.519,257.8,Matthew PAYNE,,LMGTE,,JMW Motorsport,Ferrari,GF,32.332,32.897,37.519,
66,2,45,1:48.534,0,B,32.488,0,32.862,0,43.184,0,154.3,1:25:56.644,11:45:56.644,0:32.488,0:32.862,0:43.184,258.4,Matthew PAYNE,,LMGTE,,JMW Motorsport,Ferrari,GF,32.488,32.862,43.184,
69,3,1,2:11.740,0,,56.874,0,35.371,0,39.495,0,119.8,2:11.740,10:22:11.740,0:56.874,0:35.371,0:39.495,,Marco SORENSEN,0:00:23.631,LMGTE,,Oman Racing with TF Sport,Aston Martin,GF,56.874,35.371,39.495,
69,3,2,1:45.430,0,,32.705,0,32.801,0,39.924,0,158.9,3:57.170,10:23:57.170,0:32.705,0:32.801,0:39.924,255.9,Marco SORENSEN,,LMGTE,,Oman Racing with TF Sport,Aston Martin,GF,32.705,32.801,39.924,
69,3,3,1:41.410,0,,31.955,0,32.299,2,37.156,2,165.2,5:38.580,10:25:38.580,0:31.955,0:32.299,0:37.156,259.0,Marco SORENSEN,,LMGTE,,Oman Racing with TF Sport,Aston Martin,GF,31.955,32.299,37.156,
69,3,4,1:42.083,0,,32.172,0,32.551,0,37.360,0,164.1,7:20.663,10:27:20.663,0:32.172,0:32.551,0:37.360,261.5,Marco SORENSEN,,LMGTE,,Oman Racing with TF Sport,Aston Martin,GF,32.172,32.551,37.360,
69,3,5,1:41.832,2,,32.161,1,32.452,0,37.219,0,164.5,9:02.495,10:29:02.495,0:32.161,0:32.452,0:37.219,260.2,Marco SORENSEN,,LMGTE,,Oman Racing with TF Sport,Aston Martin,GF,32.161,32.452,37.219,
69,3,6,1:42.137,0,,32.389,0,32.473,0,37.275,0,164.0,10:44.632,10:30:44.632,0:32.389,0:32.473,0:37.275,259.6,Marco SORENSEN,,LMGTE,,Oman Racing with TF Sport,Aston Martin,GF,32.389,32.473,37.275,
69,3,7,1:47.929,0,B,31.934,0,32.390,0,43.605,0,155.2,12:32.561,10:32:32.561,0:31.934,0:32.390,0:43.605,260.9,Marco SORENSEN,,LMGTE,,Oman Racing with TF Sport,Aston Martin,GF,31.934,32.390,43.605,
69,2,8,3:29.966,0,,2:17.405,0,34.052,0,38.509,0,79.8,16:02.527,10:36:02.527,2:17.405,0:34.052,0:38.509,,Samuel DE HAAN,0:01:48.331,LMGTE,,Oman Racing with TF Sport,Aston Martin,GF,137.405,34.052,38.509,
69,2,9,1:43.482,0,,32.396,0,33.082,0,38.004,1,161.9,17:46.009,10:37:46.009,0:32.396,0:33.082,0:38.004,259.6,Samuel DE HAAN,,LMGTE,,Oman Racing with TF Sport,Aston Martin,GF,32.396,33.082,38.004,
69,2,10,1:42.954,0,,32.270,0,32.926,0,37.758,0,162.7,19:28.963,10:39:28.963,0:32.270,0:32.926,0:37.758,260.2,Samuel DE HAAN,,LMGTE,,Oman Racing with TF Sport,Aston Martin,GF,32.270,32.926,37.758,
69,2,11,1:43.724,0,,32.233,0,33.248,0,38.243,0,161.5,21:12.687,10:41:12.687,0:32.233,0:33.248,0:38.243,260.9,Samuel DE HAAN,,LMGTE,,Oman Racing with TF Sport,Aston Martin,GF,32.233,33.248,38.243,
69,2,12,1:46.461,0,,32.311,0,33.300,0,40.850,0,157.3,22:59.148,10:42:59.148,0:32.311,0:33.300,0:40.850,260.2,Samuel DE HAAN,,LMGTE,,Oman Racing with TF Sport,Aston Martin,GF,32.311,33.300,40.850,
69,2,13,1:47.963,0,,32.257,1,33.375,0,42.331,0,155.2,24:47.111,10:44:47.111,0:32.257,0:33.375,0:42.331,258.4,Samuel DE HAAN,,LMGTE,,Oman Racing with TF Sport,Aston Martin,GF,32.257,33.375,42.331,
69,2,14,1:42.987,0,,32.383,0,32.705,0,37.899,0,162.6,26:30.098,10:46:30.098,0:32.383,0:32.705,0:37.899,259.0,Samuel DE HAAN,,LMGTE,,Oman Racing with TF Sport,Aston Martin,GF,32.383,32.705,37.899,
69,2,15,1:49.233,0,B,33.058,0,33.251,0,42.924,0,153.3,28:19.331,10:48:19.331,0:33.058,0:33.251,0:42.924,260.2,Samuel DE HAAN,,LMGTE,,Oman Racing with TF Sport,Aston Martin,GF,33.058,33.251,42.924,
69,1,16,3:14.641,0,,2:02.257,0,34.151,0,38.233,0,86.1,31:33.972,10:51:33.972,2:02.257,0:34.151,0:38.233,,Ahmad AL HARTHY,0:01:33.008,LMGTE,,Oman Racing with TF Sport,Aston Martin,GF,122.257,34.151,38.233,
69,1,17,1:54.914,0,,35.487,0,36.103,0,43.324,0,145.8,33:28.886,10:53:28.886,0:35.487,0:36.103,0:43.324,259.6,Ahmad AL HARTHY,,LMGTE,,Oman Racing with TF Sport,Aston Martin,GF,35.487,36.103,43.324,
69,1,18,1:42.624,0,,32.363,0,32.835,0,37.426,1,163.2,35:11.510,10:55:11.510,0:32.363,0:32.835,0:37.426,261.5,Ahmad AL HARTHY,,LMGTE,,Oman Racing with TF Sport,Aston Martin,GF,32.363,32.835,37.426,
69,1,19,2:00.387,0,,33.944,0,39.509,0,46.934,0,139.1,37:11.897,10:57:11.897,0:33.944,0:39.509,0:46.934,262.8,Ahmad AL HARTHY,,LMGTE,,Oman Racing with TF Sport,Aston Martin,GF,33.944,39.509,46.934,
69,1,20,1:45.681,0,,32.413,0,32.914,0,40.354,0,158.5,38:57.578,10:58:57.578,0:32.413,0:32.914,0:40.354,262.1,Ahmad AL HARTHY,,LMGTE,,Oman Racing with TF Sport,Aston Martin,GF,32.413,32.914,40.354,
69,1,21,1:45.506,0,,32.236,0,33.445,0,39.825,0,158.8,40:43.084,11:00:43.084,0:32.236,0:33.445,0:39.825,262.8,Ahmad AL HARTHY,,LMGTE,,Oman Racing with TF Sport,Aston Martin,GF,32.236,33.445,39.825,
69,1,22,1:42.859,0,,32.135,2,32.806,0,37.918,0,162.9,42:25.943,11:02:25.943,0:32.135,0:32.806,0:37.918,264.1,Ahmad AL HARTHY,,LMGTE,,Oman Racing with TF Sport,Aston Martin,GF,32.135,32.806,37.918,
69,1,23,1:51.003,0,B,32.465,0,33.865,0,44.673,0,150.9,44:16.946,11:04:16.946,0:32.465,0:33.865,0:44.673,262.8,Ahmad AL HARTHY,,LMGTE,,Oman Racing with TF Sport,Aston Martin,GF,32.465,33.865,44.673,
69,2,24,3:16.002,0,,2:03.773,0,33.654,0,38.575,0,85.5,47:32.948,11:07:32.948,2:03.773,0:33.654,0:38.575,,Samuel DE HAAN,0:01:34.495,LMGTE,,Oman Racing with TF Sport,Aston Martin,GF,123.773,33.654,38.575,
69,2,25,1:43.240,0,,32.389,0,32.536,0,38.315,0,162.3,49:16.188,11:09:16.188,0:32.389,0:32.536,0:38.315,259.6,Samuel DE HAAN,,LMGTE,,Oman Racing with TF Sport,Aston Martin,GF,32.389,32.536,38.315,
69,2,26,1:42.685,0,,32.283,0,32.579,0,37.823,0,163.1,50:58.873,11:10:58.873,0:32.283,0:32.579,0:37.823,259.6,Samuel DE HAAN,,LMGTE,,Oman Racing with TF Sport,Aston Martin,GF,32.283,32.579,37.823,
69,2,27,1:43.069,0,,32.239,0,32.802,0,38.028,0,162.5,52:41.942,11:12:41.942,0:32.239,0:32.802,0:38.028,261.5,Samuel DE HAAN,,LMGTE,,Oman Racing with TF Sport,Aston Martin,GF,32.239,32.802,38.028,
69,2,28,1:42.639,0,,32.244,0,32.632,0,37.763,0,163.2,54:24.581,11:14:24.581,0:32.244,0:32.632,0:37.763,259.6,Samuel DE HAAN,,LMGTE,,Oman Racing with TF Sport,Aston Martin,GF,32.244,32.632,37.763,
69,2,29,1:43.282,0,,32.278,0,32.566,0,38.438,0,162.2,56:07.863,11:16:07.863,0:32.278,0:32.566,0:38.438,260.2,Samuel DE HAAN,,LMGTE,,Oman Racing with TF Sport,Aston Martin,GF,32.278,32.566,38.438,
69,2,30,1:44.366,0,,32.312,0,32.817,0,39.237,0,160.5,57:52.229,11:17:52.229,0:32.312,0:32.817,0:39.237,260.9,Samuel DE HAAN,,LMGTE,,Oman Racing with TF Sport,Aston Martin,GF,32.312,32.817,39.237,
69,2,31,1:42.780,0,,32.408,0,32.530,1,37.842,0,163.0,59:35.009,11:19:35.009,0:32.408,0:32.530,0:37.842,260.2,Samuel DE HAAN,,LMGTE,,Oman Racing with TF Sport,Aston Martin,GF,32.408,32.530,37.842,
69,2,32,1:44.269,0,,32.305,0,32.719,0,39.245,0,160.6,1:01:19.278,11:21:19.278,0:32.305,0:32.719,0:39.245,262.1,Samuel DE HAAN,,LMGTE,,Oman Racing with TF Sport,Aston Martin,GF,32.305,32.719,39.245,
69,2,33,1:53.017,0,B,33.297,0,34.273,0,45.447,0,148.2,1:03:12.295,11:23:12.295,0:33.297,0:34.273,0:45.447,260.9,Samuel DE HAAN,,LMGTE,,Oman Racing with TF Sport,Aston Martin,GF,33.297,34.273,45.447,
69,2,34,7:26.689,0,B,6:07.083,0,35.671,0,43.935,0,37.5,1:10:38.984,11:30:38.984,6:07.083,0:35.671,0:43.935,,Samuel DE HAAN,0:05:38.572,LMGTE,,Oman Racing with TF Sport,Aston Martin,GF,367.083,35.671,43.935,
69,1,35,3:08.255,0,,1:53.439,0,33.918,0,40.898,0,89.0,1:13:47.239,11:33:47.239,1:53.439,0:33.918,0:40.898,,Ahmad AL HARTHY,0:01:24.194,LMGTE,,Oman Racing with TF Sport,Aston Martin,GF,113.439,33.918,40.898,
69,1,36,1:43.733,0,,32.488,0,32.772,0,38.473,0,161.5,1:15:30.972,11:35:30.972,0:32.488,0:32.772,0:38.473,264.1,Ahmad AL HARTHY,,LMGTE,,Oman Racing with TF Sport,Aston Martin,GF,32.488,32.772,38.473,
69,1,37,1:44.278,0,,32.685,0,33.668,0,37.925,0,160.6,1:17:15.250,11:37:15.250,0:32.685,0:33.668,0:37.925,264.1,Ahmad AL HARTHY,,LMGTE,,Oman Racing with TF Sport,Aston Martin,GF,32.685,33.668,37.925,
69,1,38,1:43.064,0,,32.405,0,32.887,0,37.772,0,162.5,1:18:58.314,11:38:58.314,0:32.405,0:32.887,0:37.772,263.4,Ahmad AL HARTHY,,LMGTE,,Oman Racing with TF Sport,Aston Martin,GF,32.405,32.887,37.772,
69,1,39,1:42.425,0,,32.228,0,32.556,1,37.641,0,163.5,1:20:40.739,11:40:40.739,0:32.228,0:32.556,0:37.641,262.8,Ahmad AL HARTHY,,LMGTE,,Oman Racing with TF Sport,Aston Martin,GF,32.228,32.556,37.641,
69,1,40,1:48.276,0,,32.433,0,32.933,0,42.910,0,154.7,1:22:29.015,11:42:29.015,0:32.433,0:32.933,0:42.910,262.8,Ahmad AL HARTHY,,LMGTE,,Oman Racing with TF Sport,Aston Martin,GF,32.433,32.933,42.910,
69,1,41,1:43.838,0,,32.323,0,33.508,0,38.007,0,161.3,1:24:12.853,11:44:12.853,0:32.323,0:33.508,0:38.007,262.8,Ahmad AL HARTHY,,LMGTE,,Oman Racing with TF Sport,Aston Martin,GF,32.323,33.508,38.007,
69,1,42,1:43.070,0,,32.395,0,32.927,0,37.748,0,162.5,1:25:55.923,11:45:55.923,0:32.395,0:32.927,0:37.748,262.1,Ahmad AL HARTHY,,LMGTE,,Oman Racing with TF Sport,Aston Martin,GF,32.395,32.927,37.748,
69,1,43,1:43.446,0,,32.690,0,33.227,0,37.529,0,161.9,1:27:39.369,11:47:39.369,0:32.690,0:33.227,0:37.529,261.5,Ahmad AL HARTHY,,LMGTE,,Oman Racing with TF Sport,Aston Martin,GF,32.690,33.227,37.529,
69,1,44,1:45.026,0,,33.407,0,33.300,0,38.319,0,159.5,1:29:24.395,11:49:24.395,0:33.407,0:33.300,0:38.319,261.5,Ahmad AL HARTHY,,LMGTE,,Oman Racing with TF Sport,Aston Martin,GF,33.407,33.300,38.319,
69,1,45,1:43.243,0,,32.478,0,32.933,0,37.832,0,162.2,1:31:07.638,11:51:07.638,0:32.478,0:32.933,0:37.832,261.5,Ahmad AL HARTHY,,LMGTE,,Oman Racing with TF Sport,Aston Martin,FF,32.478,32.933,37.832,
7,2,1,2:20.429,0,B,49.453,0,36.696,0,54.280,0,112.4,2:20.429,10:22:20.429,0:49.453,0:36.696,0:54.280,,James LITTLEJOHN,0:00:15.622,LMP3,,Nielsen Racing,Ligier,GF,49.453,36.696,54.280,
7,2,2,4:25.553,0,,3:11.267,0,34.469,0,39.817,0,63.1,6:45.982,10:26:45.982,3:11.267,0:34.469,0:39.817,,James LITTLEJOHN,0:02:39.798,LMP3,,Nielsen Racing,Ligier,GF,191.267,34.469,39.817,
7,2,3,1:43.817,0,,32.690,0,33.161,0,37.966,0,161.3,8:29.799,10:28:29.799,0:32.690,0:33.161,0:37.966,260.2,James LITTLEJOHN,,LMP3,,Nielsen Racing,Ligier,GF,32.690,33.161,37.966,
7,2,4,1:48.859,0,,34.470,0,35.714,0,38.675,0,153.9,10:18.658,10:30:18.658,0:34.470,0:35.714,0:38.675,260.9,James LITTLEJOHN,,LMP3,,Nielsen Racing,Ligier,GF,34.470,35.714,38.675,
7,2,5,1:57.294,0,B,35.287,0,36.133,0,45.874,0,142.8,12:15.952,10:32:15.952,0:35.287,0:36.133,0:45.874,244.9,James LITTLEJOHN,,LMP3,,Nielsen Racing,Ligier,GF,35.287,36.133,45.874,
7,2,6,4:44.760,0,,3:35.580,0,32.244,0,36.936,0,58.8,17:00.712,10:37:00.712,3:35.580,0:32.244,0:36.936,,James LITTLEJOHN,0:03:09.202,LMP3,,Nielsen Racing,Ligier,GF,215.580,32.244,36.936,
7,2,7,1:39.776,2,,31.465,0,31.790,0,36.521,2,167.9,18:40.488,10:38:40.488,0:31.465,0:31.790,0:36.521,264.1,James LITTLEJOHN,,LMP3,,Nielsen Racing,Ligier,GF,31.465,31.790,36.521,
7,2,8,1:40.066,0,,31.368,0,32.002,0,36.696,0,167.4,20:20.554,10:40:20.554,0:31.368,0:32.002,0:36.696,268.0,James LITTLEJOHN,,LMP3,,Nielsen Racing,Ligier,GF,31.368,32.002,36.696,
7,2,9,1:41.876,0,,31.764,0,32.363,0,37.749,0,164.4,22:02.430,10:42:02.430,0:31.764,0:32.363,0:37.749,264.7,James LITTLEJOHN,,LMP3,,Nielsen Racing,Ligier,GF,31.764,32.363,37.749,
7,2,10,1:41.561,0,,32.575,0,32.159,0,36.827,0,164.9,23:43.991,10:43:43.991,0:32.575,0:32.159,0:36.827,266.7,James LITTLEJOHN,,LMP3,,Nielsen Racing,Ligier,GF,32.575,32.159,36.827,
7,2,11,1:44.710,0,,31.333,2,33.792,0,39.585,0,160.0,25:28.701,10:45:28.701,0:31.333,0:33.792,0:39.585,267.3,James LITTLEJOHN,,LMP3,,Nielsen Racing,Ligier,GF,31.333,33.792,39.585,
7,2,12,1:40.147,0,,31.616,0,31.786,2,36.745,0,167.3,27:08.848,10:47:08.848,0:31.616,0:31.786,0:36.745,268.7,James LITTLEJOHN,,LMP3,,Nielsen Racing,Ligier,GF,31.616,31.786,36.745,
7,2,13,1:40.562,0,,31.385,0,32.064,0,37.113,0,166.6,28:49.410,10:48:49.410,0:31.385,0:32.064,0:37.113,269.3,James LITTLEJOHN,,LMP3,,Nielsen Racing,Ligier,GF,31.385,32.064,37.113,
7,2,14,1:48.177,0,B,31.756,0,33.097,0,43.324,0,154.8,30:37.587,10:50:37.587,0:31.756,0:33.097,0:43.324,266.0,James LITTLEJOHN,,LMP3,,Nielsen Racing,Ligier,GF,31.756,33.097,43.324,
7,1,15,4:58.424,0,,3:47.681,0,33.102,0,37.641,0,56.1,35:36.011,10:55:36.011,3:47.681,0:33.102,0:37.641,,Anthony WELLS,0:03:20.053,LMP3,,Nielsen Racing,Ligier,GF,227.681,33.102,37.641,
7,1,16,1:55.576,0,B,35.053,0,34.105,0,46.418,0,144.9,37:31.587,10:57:31.587,0:35.053,0:34.105,0:46.418,267.3,Anthony WELLS,,LMP3,,Nielsen Racing,Ligier,GF,35.053,34.105,46.418,
7,1,17,7:46.753,0,,6:35.196,0,32.884,0,38.673,0,35.9,45:18.340,11:05:18.340,6:35.196,0:32.884,0:38.673,,Anthony WELLS,0:06:07.498,LMP3,,Nielsen Racing,Ligier,GF,395.196,32.884,38.673,
7,1,18,1:42.693,0,,32.302,0,32.989,0,37.402,0,163.1,47:01.033,11:07:01.033,0:32.302,0:32.989,0:37.402,267.3,Anthony WELLS,,LMP3,,Nielsen Racing,Ligier,GF,32.302,32.989,37.402,
7,1,19,1:41.903,0,,31.643,1,32.695,0,37.565,0,164.4,48:42.936,11:08:42.936,0:31.643,0:32.695,0:37.565,269.3,Anthony WELLS,,LMP3,,Nielsen Racing,Ligier,GF,31.643,32.695,37.565,
7,1,20,1:54.340,0,B,36.195,0,33.388,0,44.757,0,146.5,50:37.276,11:10:37.276,0:36.195,0:33.388,0:44.757,270.0,Anthony WELLS,,LMP3,,Nielsen Racing,Ligier,GF,36.195,33.388,44.757,
7,1,21,5:11.091,0,,3:59.769,0,33.388,0,37.934,0,53.8,55:48.367,11:15:48.367,3:59.769,0:33.388,0:37.934,,Anthony WELLS,0:03:33.027,LMP3,,Nielsen Racing,Ligier,GF,239.769,33.388,37.934,
7,1,22,1:42.230,0,,31.999,0,32.671,0,37.560,0,163.9,57:30.597,11:17:30.597,0:31.999,0:32.671,0:37.560,268.0,Anthony WELLS,,LMP3,,Nielsen Racing,Ligier,GF,31.999,32.671,37.560,
7,1,23,1:52.988,0,B,32.474,0,35.659,0,44.855,0,148.3,59:23.585,11:19:23.585,0:32.474,0:35.659,0:44.855,268.0,Anthony WELLS,,LMP3,,Nielsen Racing,Ligier,GF,32.474,35.659,44.855,
7,1,24,8:23.056,0,,7:12.665,0,32.775,0,37.616,0,33.3,1:07:46.641,11:27:46.641,7:12.665,0:32.775,0:37.616,,Anthony WELLS,0:06:45.693,LMP3,,Nielsen Racing,Ligier,GF,432.665,32.775,37.616,
7,1,25,1:41.684,0,,31.903,0,32.484,1,37.297,1,164.7,1:09:28.325,11:29:28.325,0:31.903,0:32.484,0:37.297,268.0,Anthony WELLS,,LMP3,,Nielsen Racing,Ligier,GF,31.903,32.484,37.297,
7,1,26,1:49.682,0,B,31.847,0,32.773,0,45.062,0,152.7,1:11:18.007,11:31:18.007,0:31.847,0:32.773,0:45.062,267.3,Anthony WELLS,,LMP3,,Nielsen Racing,Ligier,GF,31.847,32.773,45.062,
7,2,27,4:14.780,0,,3:04.265,0,33.106,0,37.409,0,65.7,1:15:32.787,11:35:32.787,3:04.265,0:33.106,0:37.409,,James LITTLEJOHN,0:02:34.537,LMP3,,Nielsen Racing,Ligier,GF,184.265,33.106,37.409,
7,2,28,1:41.496,0,,31.837,0,32.496,0,37.163,0,165.0,1:17:14.283,11:37:14.283,0:31.837,0:32.496,0:37.163,268.0,James LITTLEJOHN,,LMP3,,Nielsen Racing,Ligier,GF,31.837,32.496,37.163,
7,2,29,1:40.535,0,,31.570,0,32.035,0,36.930,0,166.6,1:18:54.818,11:38:54.818,0:31.570,0:32.035,0:36.930,267.3,James LITTLEJOHN,,LMP3,,Nielsen Racing,Ligier,GF,31.570,32.035,36.930,
7,2,30,1:41.840,0,,32.672,0,32.109,0,37.059,0,164.5,1:20:36.658,11:40:36.658,0:32.672,0:32.109,0:37.059,270.7,James LITTLEJOHN,,LMP3,,Nielsen Racing,Ligier,GF,32.672,32.109,37.059,
7,2,31,1:41.012,0,,31.580,0,32.550,0,36.882,0,165.8,1:22:17.670,11:42:17.670,0:31.580,0:32.550,0:36.882,268.7,James LITTLEJOHN,,LMP3,,Nielsen Racing,Ligier,GF,31.580,32.550,36.882,
7,2,32,1:41.375,0,,31.849,0,32.544,0,36.982,0,165.2,1:23:59.045,11:43:59.045,0:31.849,0:32.544,0:36.982,270.0,James LITTLEJOHN,,LMP3,,Nielsen Racing,Ligier,GF,31.849,32.544,36.982,
7,2,33,1:40.745,0,,31.622,0,31.976,0,37.147,0,166.3,1:25:39.790,11:45:39.790,0:31.622,0:31.976,0:37.147,267.3,James LITTLEJOHN,,LMP3,,Nielsen Racing,Ligier,GF,31.622,31.976,37.147,
7,2,34,1:41.204,0,,31.515,0,32.765,0,36.924,0,165.5,1:27:20.994,11:47:20.994,0:31.515,0:32.765,0:36.924,268.0,James LITTLEJOHN,,LMP3,,Nielsen Racing,Ligier,GF,31.515,32.765,36.924,
7,2,35,1:40.332,0,,31.571,0,31.945,0,36.816,0,167.0,1:29:01.326,11:49:01.326,0:31.571,0:31.945,0:36.816,268.7,James LITTLEJOHN,,LMP3,,Nielsen Racing,Ligier,GF,31.571,31.945,36.816,
7,2,36,1:40.152,0,,31.478,0,31.991,0,36.683,0,167.3,1:30:41.478,11:50:41.478,0:31.478,0:31.991,0:36.683,269.3,James LITTLEJOHN,,LMP3,,Nielsen Racing,Ligier,FF,31.478,31.991,36.683,
77,2,1,2:58.451,0,,1:46.790,0,33.789,0,37.872,0,88.4,2:58.451,10:22:58.451,1:46.790,0:33.789,0:37.872,,Lorenzo FERRARI,0:01:15.104,LMGTE,,Proton Competition,Porsche,GF,106.790,33.789,37.872,
77,2,2,1:42.671,0,,32.107,0,32.914,0,37.650,0,163.2,4:41.122,10:24:41.122,0:32.107,0:32.914,0:37.650,259.6,Lorenzo FERRARI,,LMGTE,,Proton Competition,Porsche,GF,32.107,32.914,37.650,
77,2,3,1:42.699,0,,32.076,0,32.818,0,37.805,0,163.1,6:23.821,10:26:23.821,0:32.076,0:32.818,0:37.805,260.9,Lorenzo FERRARI,,LMGTE,,Proton Competition,Porsche,GF,32.076,32.818,37.805,
77,2,4,1:43.060,0,,32.355,0,32.878,0,37.827,0,162.5,8:06.881,10:28:06.881,0:32.355,0:32.878,0:37.827,261.5,Lorenzo FERRARI,,LMGTE,,Proton Competition,Porsche,GF,32.355,32.878,37.827,
77,2,5,1:44.025,0,,32.649,0,33.096,0,38.280,0,161.0,9:50.906,10:29:50.906,0:32.649,0:33.096,0:38.280,260.9,Lorenzo FERRARI,,LMGTE,,Proton Competition,Porsche,GF,32.649,33.096,38.280,
77,2,6,1:42.596,0,,32.105,0,32.943,0,37.548,0,163.3,11:33.502,10:31:33.502,0:32.105,0:32.943,0:37.548,260.9,Lorenzo FERRARI,,LMGTE,,Proton Competition,Porsche,GF,32.105,32.943,37.548,
77,2,7,1:42.234,0,,32.165,0,32.582,1,37.487,1,163.8,13:15.736,10:33:15.736,0:32.165,0:32.582,0:37.487,260.9,Lorenzo FERRARI,,LMGTE,,Proton Competition,Porsche,GF,32.165,32.582,37.487,
77,2,8,1:42.395,0,,32.098,1,32.753,0,37.544,0,163.6,14:58.131,10:34:58.131,0:32.098,0:32.753,0:37.544,261.5,Lorenzo FERRARI,,LMGTE,,Proton Competition,Porsche,GF,32.098,32.753,37.544,
77,2,9,1:43.228,0,,32.200,0,32.658,0,38.370,0,162.3,16:41.359,10:36:41.359,0:32.200,0:32.658,0:38.370,261.5,Lorenzo FERRARI,,LMGTE,,Proton Competition,Porsche,GF,32.200,32.658,38.370,
77,2,10,1:43.981,0,,32.251,0,33.452,0,38.278,0,161.1,18:25.340,10:38:25.340,0:32.251,0:33.452,0:38.278,260.2,Lorenzo FERRARI,,LMGTE,,Proton Competition,Porsche,GF,32.251,33.452,38.278,
77,2,11,1:42.701,0,,32.236,0,32.786,0,37.679,0,163.1,20:08.041,10:40:08.041,0:32.236,0:32.786,0:37.679,261.5,Lorenzo FERRARI,,LMGTE,,Proton Competition,Porsche,GF,32.236,32.786,37.679,
77,2,12,1:43.292,0,,32.247,0,33.106,0,37.939,0,162.2,21:51.333,10:41:51.333,0:32.247,0:33.106,0:37.939,260.2,Lorenzo FERRARI,,LMGTE,,Proton Competition,Porsche,GF,32.247,33.106,37.939,
77,2,13,1:42.961,0,,32.262,0,32.929,0,37.770,0,162.7,23:34.294,10:43:34.294,0:32.262,0:32.929,0:37.770,260.9,Lorenzo FERRARI,,LMGTE,,Proton Competition,Porsche,GF,32.262,32.929,37.770,
77,2,14,1:42.564,0,,32.155,0,32.702,0,37.707,0,163.3,25:16.858,10:45:16.858,0:32.155,0:32.702,0:37.707,261.5,Lorenzo FERRARI,,LMGTE,,Proton Competition,Porsche,GF,32.155,32.702,37.707,
77,2,15,1:53.208,0,,32.337,0,33.762,0,47.109,0,148.0,27:10.066,10:47:10.066,0:32.337,0:33.762,0:47.109,262.1,Lorenzo FERRARI,,LMGTE,,Proton Competition,Porsche,GF,32.337,33.762,47.109,
77,2,16,1:43.862,0,,32.271,0,33.200,0,38.391,0,161.3,28:53.928,10:48:53.928,0:32.271,0:33.200,0:38.391,262.1,Lorenzo FERRARI,,LMGTE,,Proton Competition,Porsche,GF,32.271,33.200,38.391,
77,2,17,1:44.320,0,,32.524,0,33.963,0,37.833,0,160.6,30:38.248,10:50:38.248,0:32.524,0:33.963,0:37.833,262.1,Lorenzo FERRARI,,LMGTE,,Proton Competition,Porsche,GF,32.524,33.963,37.833,
77,2,18,1:51.558,0,B,35.096,0,32.981,0,43.481,0,150.2,32:29.806,10:52:29.806,0:35.096,0:32.981,0:43.481,261.5,Lorenzo FERRARI,,LMGTE,,Proton Competition,Porsche,GF,35.096,32.981,43.481,
77,1,19,3:31.571,0,,2:19.354,0,33.462,0,38.755,0,79.2,36:01.377,10:56:01.377,2:19.354,0:33.462,0:38.755,,Christian RIED,0:01:52.958,LMGTE,,Proton Competition,Porsche,GF,139.354,33.462,38.755,
77,1,20,1:45.658,0,,32.999,0,33.922,0,38.737,0,158.5,37:47.035,10:57:47.035,0:32.999,0:33.922,0:38.737,260.9,Christian RIED,,LMGTE,,Proton Competition,Porsche,GF,32.999,33.922,38.737,
77,1,21,1:45.963,0,,32.980,0,33.583,0,39.400,0,158.1,39:32.998,10:59:32.998,0:32.980,0:33.583,0:39.400,260.9,Christian RIED,,LMGTE,,Proton Competition,Porsche,GF,32.980,33.583,39.400,
77,1,22,1:46.576,0,,33.460,0,34.509,0,38.607,0,157.2,41:19.574,11:01:19.574,0:33.460,0:34.509,0:38.607,262.1,Christian RIED,,LMGTE,,Proton Competition,Porsche,GF,33.460,34.509,38.607,
77,1,23,1:43.698,0,,32.774,0,33.173,0,37.751,1,161.5,43:03.272,11:03:03.272,0:32.774,0:33.173,0:37.751,260.9,Christian RIED,,LMGTE,,Proton Competition,Porsche,GF,32.774,33.173,37.751,
77,1,24,1:43.650,0,,32.536,0,33.163,0,37.951,0,161.6,44:46.922,11:04:46.922,0:32.536,0:33.163,0:37.951,262.1,Christian RIED,,LMGTE,,Proton Competition,Porsche,GF,32.536,33.163,37.951,
77,1,25,1:45.094,0,,32.453,0,33.500,0,39.141,0,159.4,46:32.016,11:06:32.016,0:32.453,0:33.500,0:39.141,262.8,Christian RIED,,LMGTE,,Proton Competition,Porsche,GF,32.453,33.500,39.141,
77,1,26,1:44.568,0,,32.896,0,33.521,0,38.151,0,160.2,48:16.584,11:08:16.584,0:32.896,0:33.521,0:38.151,264.7,Christian RIED,,LMGTE,,Proton Competition,Porsche,GF,32.896,33.521,38.151,
77,1,27,1:43.679,0,,32.519,1,32.937,0,38.223,0,161.6,50:00.263,11:10:00.263,0:32.519,0:32.937,0:38.223,263.4,Christian RIED,,LMGTE,,Proton Competition,Porsche,GF,32.519,32.937,38.223,
77,1,28,1:44.291,0,,32.687,0,33.475,0,38.129,0,160.6,51:44.554,11:11:44.554,0:32.687,0:33.475,0:38.129,265.4,Christian RIED,,LMGTE,,Proton Competition,Porsche,GF,32.687,33.475,38.129,
77,1,29,1:43.683,0,,32.615,0,33.005,0,38.063,0,161.6,53:28.237,11:13:28.237,0:32.615,0:33.005,0:38.063,265.4,Christian RIED,,LMGTE,,Proton Competition,Porsche,GF,32.615,33.005,38.063,
77,1,30,1:43.618,0,,32.534,0,32.924,0,38.160,0,161.7,55:11.855,11:15:11.855,0:32.534,0:32.924,0:38.160,264.1,Christian RIED,,LMGTE,,Proton Competition,Porsche,GF,32.534,32.924,38.160,
77,1,31,1:44.635,0,,32.809,0,33.208,0,38.618,0,160.1,56:56.490,11:16:56.490,0:32.809,0:33.208,0:38.618,263.4,Christian RIED,,LMGTE,,Proton Competition,Porsche,GF,32.809,33.208,38.618,
77,1,32,1:43.585,0,,32.651,0,32.913,1,38.021,0,161.7,58:40.075,11:18:40.075,0:32.651,0:32.913,0:38.021,262.8,Christian RIED,,LMGTE,,Proton Competition,Porsche,GF,32.651,32.913,38.021,
77,1,33,1:50.420,0,B,32.688,0,33.192,0,44.540,0,151.7,1:00:30.495,11:20:30.495,0:32.688,0:33.192,0:44.540,264.1,Christian RIED,,LMGTE,,Proton Competition,Porsche,GF,32.688,33.192,44.540,
77,3,34,2:57.167,0,,1:46.548,0,33.023,0,37.596,0,94.5,1:03:27.662,11:23:27.662,1:46.548,0:33.023,0:37.596,,Gianmaria BRUNI,0:01:18.503,LMGTE,,Proton Competition,Porsche,GF,106.548,33.023,37.596,
77,3,35,1:42.571,0,,32.230,0,32.614,0,37.727,0,163.3,1:05:10.233,11:25:10.233,0:32.230,0:32.614,0:37.727,261.5,Gianmaria BRUNI,,LMGTE,,Proton Competition,Porsche,GF,32.230,32.614,37.727,
77,3,36,1:42.087,0,,32.104,0,32.428,0,37.555,0,164.1,1:06:52.320,11:26:52.320,0:32.104,0:32.428,0:37.555,262.8,Gianmaria BRUNI,,LMGTE,,Proton Competition,Porsche,GF,32.104,32.428,37.555,
77,3,37,1:42.031,2,,32.093,0,32.601,0,37.337,2,164.2,1:08:34.351,11:28:34.351,0:32.093,0:32.601,0:37.337,262.1,Gianmaria BRUNI,,LMGTE,,Proton Competition,Porsche,GF,32.093,32.601,37.337,
77,3,38,1:42.207,0,,32.127,0,32.648,0,37.432,0,163.9,1:10:16.558,11:30:16.558,0:32.127,0:32.648,0:37.432,263.4,Gianmaria BRUNI,,LMGTE,,Proton Competition,Porsche,GF,32.127,32.648,37.432,
77,3,39,1:42.384,0,,32.162,0,32.552,0,37.670,0,163.6,1:11:58.942,11:31:58.942,0:32.162,0:32.552,0:37.670,262.1,Gianmaria BRUNI,,LMGTE,,Proton Competition,Porsche,GF,32.162,32.552,37.670,
77,3,40,1:42.637,0,,32.338,0,32.424,2,37.875,0,163.2,1:13:41.579,11:33:41.579,0:32.338,0:32.424,0:37.875,261.5,Gianmaria BRUNI,,LMGTE,,Proton Competition,Porsche,GF,32.338,32.424,37.875,
77,3,41,1:42.132,0,,32.165,0,32.510,0,37.457,0,164.0,1:15:23.711,11:35:23.711,0:32.165,0:32.510,0:37.457,262.1,Gianmaria BRUNI,,LMGTE,,Proton Competition,Porsche,GF,32.165,32.510,37.457,
77,3,42,1:45.503,0,,33.166,0,32.854,0,39.483,0,158.8,1:17:09.214,11:37:09.214,0:33.166,0:32.854,0:39.483,261.5,Gianmaria BRUNI,,LMGTE,,Proton Competition,Porsche,GF,33.166,32.854,39.483,
77,3,43,1:43.393,0,,32.255,0,33.363,0,37.775,0,162.0,1:18:52.607,11:38:52.607,0:32.255,0:33.363,0:37.775,262.1,Gianmaria BRUNI,,LMGTE,,Proton Competition,Porsche,GF,32.255,33.363,37.775,
77,3,44,1:42.265,0,,32.076,2,32.513,0,37.676,0,163.8,1:20:34.872,11:40:34.872,0:32.076,0:32.513,0:37.676,263.4,Gianmaria BRUNI,,LMGTE,,Proton Competition,Porsche,GF,32.076,32.513,37.676,
77,3,45,1:42.372,0,,32.207,0,32.603,0,37.562,0,163.6,1:22:17.244,11:42:17.244,0:32.207,0:32.603,0:37.562,262.1,Gianmaria BRUNI,,LMGTE,,Proton Competition,Porsche,GF,32.207,32.603,37.562,
77,3,46,1:43.328,0,,32.077,0,33.241,0,38.010,0,162.1,1:24:00.572,11:44:00.572,0:32.077,0:33.241,0:38.010,262.1,Gianmaria BRUNI,,LMGTE,,Proton Competition,Porsche,GF,32.077,33.241,38.010,
77,3,47,1:42.755,0,,32.093,0,32.811,0,37.851,0,163.0,1:25:43.327,11:45:43.327,0:32.093,0:32.811,0:37.851,262.1,Gianmaria BRUNI,,LMGTE,,Proton Competition,Porsche,GF,32.093,32.811,37.851,
77,3,48,1:42.921,0,,32.648,0,32.806,0,37.467,0,162.8,1:27:26.248,11:47:26.248,0:32.648,0:32.806,0:37.467,262.8,Gianmaria BRUNI,,LMGTE,,Proton Competition,Porsche,GF,32.648,32.806,37.467,
77,3,49,1:42.385,0,,32.386,0,32.451,0,37.548,0,163.6,1:29:08.633,11:49:08.633,0:32.386,0:32.451,0:37.548,261.5,Gianmaria BRUNI,,LMGTE,,Proton Competition,Porsche,GF,32.386,32.451,37.548,
77,3,50,1:42.503,0,,32.163,0,32.607,0,37.733,0,163.4,1:30:51.136,11:50:51.136,0:32.163,0:32.607,0:37.733,261.5,Gianmaria BRUNI,,LMGTE,,Proton Competition,Porsche,FF,32.163,32.607,37.733,
83,1,1,2:42.826,0,,1:30.597,0,33.744,0,38.485,0,96.9,2:42.826,10:22:42.826,1:30.597,0:33.744,0:38.485,,Sarah BOVY,0:00:58.507,LMGTE,,Iron Lynx,Ferrari,GF,90.597,33.744,38.485,
83,1,2,1:43.644,0,,32.662,0,32.975,0,38.007,0,161.6,4:26.470,10:24:26.470,0:32.662,0:32.975,0:38.007,257.8,Sarah BOVY,,LMGTE,,Iron Lynx,Ferrari,GF,32.662,32.975,38.007,
83,1,3,1:46.091,0,,34.322,0,33.300,0,38.469,0,157.9,6:12.561,10:26:12.561,0:34.322,0:33.300,0:38.469,259.6,Sarah BOVY,,LMGTE,,Iron Lynx,Ferrari,GF,34.322,33.300,38.469,
83,1,4,1:42.971,0,,32.417,0,32.725,1,37.829,1,162.7,7:55.532,10:27:55.532,0:32.417,0:32.725,0:37.829,258.4,Sarah BOVY,,LMGTE,,Iron Lynx,Ferrari,GF,32.417,32.725,37.829,
83,1,5,1:43.258,0,,32.468,0,32.920,0,37.870,0,162.2,9:38.790,10:29:38.790,0:32.468,0:32.920,0:37.870,258.4,Sarah BOVY,,LMGTE,,Iron Lynx,Ferrari,GF,32.468,32.920,37.870,
83,1,6,1:43.121,0,,32.350,1,32.803,0,37.968,0,162.4,11:21.911,10:31:21.911,0:32.350,0:32.803,0:37.968,258.4,Sarah BOVY,,LMGTE,,Iron Lynx,Ferrari,GF,32.350,32.803,37.968,
83,1,7,1:43.492,0,,32.517,0,32.939,0,38.036,0,161.9,13:05.403,10:33:05.403,0:32.517,0:32.939,0:38.036,257.8,Sarah BOVY,,LMGTE,,Iron Lynx,Ferrari,GF,32.517,32.939,38.036,
83,1,8,1:49.191,0,B,32.524,0,32.924,0,43.743,0,153.4,14:54.594,10:34:54.594,0:32.524,0:32.924,0:43.743,259.0,Sarah BOVY,,LMGTE,,Iron Lynx,Ferrari,GF,32.524,32.924,43.743,
83,3,9,3:02.612,0,,1:51.530,0,32.789,0,38.293,0,91.7,17:57.206,10:37:57.206,1:51.530,0:32.789,0:38.293,,Doriane PIN,0:01:24.896,LMGTE,,Iron Lynx,Ferrari,GF,111.530,32.789,38.293,
83,3,10,1:42.459,0,,32.367,0,32.555,0,37.537,0,163.5,19:39.665,10:39:39.665,0:32.367,0:32.555,0:37.537,259.0,Doriane PIN,,LMGTE,,Iron Lynx,Ferrari,GF,32.367,32.555,37.537,
83,3,11,1:44.443,0,,32.998,0,32.803,0,38.642,0,160.4,21:24.108,10:41:24.108,0:32.998,0:32.803,0:38.642,259.6,Doriane PIN,,LMGTE,,Iron Lynx,Ferrari,GF,32.998,32.803,38.642,
83,3,12,1:43.744,0,,32.427,0,33.006,0,38.311,0,161.5,23:07.852,10:43:07.852,0:32.427,0:33.006,0:38.311,259.6,Doriane PIN,,LMGTE,,Iron Lynx,Ferrari,GF,32.427,33.006,38.311,
83,3,13,1:42.445,0,,32.350,0,32.399,2,37.696,0,163.5,24:50.297,10:44:50.297,0:32.350,0:32.399,0:37.696,260.2,Doriane PIN,,LMGTE,,Iron Lynx,Ferrari,GF,32.350,32.399,37.696,
83,3,14,1:42.858,0,,32.455,0,32.505,0,37.898,0,162.9,26:33.155,10:46:33.155,0:32.455,0:32.505,0:37.898,260.2,Doriane PIN,,LMGTE,,Iron Lynx,Ferrari,GF,32.455,32.505,37.898,
83,3,15,1:49.906,0,B,32.352,0,33.548,0,44.006,0,152.4,28:23.061,10:48:23.061,0:32.352,0:33.548,0:44.006,259.6,Doriane PIN,,LMGTE,,Iron Lynx,Ferrari,GF,32.352,33.548,44.006,
83,2,16,3:02.538,0,,1:51.618,0,33.044,0,37.876,0,91.8,31:25.599,10:51:25.599,1:51.618,0:33.044,0:37.876,,Michelle GATTING,0:01:24.797,LMGTE,,Iron Lynx,Ferrari,GF,111.618,33.044,37.876,
83,2,17,1:43.493,0,,32.244,2,32.561,0,38.688,0,161.9,33:09.092,10:53:09.092,0:32.244,0:32.561,0:38.688,259.6,Michelle GATTING,,LMGTE,,Iron Lynx,Ferrari,GF,32.244,32.561,38.688,
83,2,18,1:43.210,0,,32.415,0,32.821,0,37.974,0,162.3,34:52.302,10:54:52.302,0:32.415,0:32.821,0:37.974,258.4,Michelle GATTING,,LMGTE,,Iron Lynx,Ferrari,GF,32.415,32.821,37.974,
83,2,19,1:42.635,0,,32.340,0,32.487,0,37.808,0,163.2,36:34.937,10:56:34.937,0:32.340,0:32.487,0:37.808,260.2,Michelle GATTING,,LMGTE,,Iron Lynx,Ferrari,GF,32.340,32.487,37.808,
83,2,20,1:43.068,0,,32.189,0,33.058,0,37.821,0,162.5,38:18.005,10:58:18.005,0:32.189,0:33.058,0:37.821,260.9,Michelle GATTING,,LMGTE,,Iron Lynx,Ferrari,GF,32.189,33.058,37.821,
83,2,21,1:49.374,0,B,32.572,0,32.866,0,43.936,0,153.2,40:07.379,11:00:07.379,0:32.572,0:32.866,0:43.936,260.9,Michelle GATTING,,LMGTE,,Iron Lynx,Ferrari,GF,32.572,32.866,43.936,
83,2,22,3:50.873,0,,2:39.752,0,32.909,0,38.212,0,72.6,43:58.252,11:03:58.252,2:39.752,0:32.909,0:38.212,,Michelle GATTING,0:02:11.122,LMGTE,,Iron Lynx,Ferrari,GF,159.752,32.909,38.212,
83,2,23,1:42.709,0,,32.315,0,32.700,0,37.694,0,163.1,45:40.961,11:05:40.961,0:32.315,0:32.700,0:37.694,258.4,Michelle GATTING,,LMGTE,,Iron Lynx,Ferrari,GF,32.315,32.700,37.694,
83,2,24,1:42.527,0,,32.318,0,32.558,0,37.651,0,163.4,47:23.488,11:07:23.488,0:32.318,0:32.558,0:37.651,259.6,Michelle GATTING,,LMGTE,,Iron Lynx,Ferrari,GF,32.318,32.558,37.651,
83,2,25,1:48.776,0,B,32.292,0,32.875,0,43.609,0,154.0,49:12.264,11:09:12.264,0:32.292,0:32.875,0:43.609,259.6,Michelle GATTING,,LMGTE,,Iron Lynx,Ferrari,GF,32.292,32.875,43.609,
83,2,26,6:13.678,0,,4:53.385,0,38.745,0,41.548,0,44.8,55:25.942,11:15:25.942,4:53.385,0:38.745,0:41.548,,Michelle GATTING,0:04:25.364,LMGTE,,Iron Lynx,Ferrari,GF,293.385,38.745,41.548,
83,2,27,1:42.491,0,,32.532,0,32.461,0,37.498,2,163.4,57:08.433,11:17:08.433,0:32.532,0:32.461,0:37.498,255.9,Michelle GATTING,,LMGTE,,Iron Lynx,Ferrari,GF,32.532,32.461,37.498,
83,2,28,1:42.212,0,,32.191,0,32.490,0,37.531,0,163.9,58:50.645,11:18:50.645,0:32.191,0:32.490,0:37.531,260.9,Michelle GATTING,,LMGTE,,Iron Lynx,Ferrari,GF,32.191,32.490,37.531,
83,2,29,1:48.016,0,B,32.413,0,32.528,0,43.075,0,155.1,1:00:38.661,11:20:38.661,0:32.413,0:32.528,0:43.075,260.2,Michelle GATTING,,LMGTE,,Iron Lynx,Ferrari,GF,32.413,32.528,43.075,
83,2,30,3:46.866,0,,2:36.135,0,32.800,0,37.931,0,73.8,1:04:25.527,11:24:25.527,2:36.135,0:32.800,0:37.931,,Michelle GATTING,0:02:07.636,LMGTE,,Iron Lynx,Ferrari,GF,156.135,32.800,37.931,
83,2,31,1:42.578,0,,32.421,0,32.459,1,37.698,0,163.3,1:06:08.105,11:26:08.105,0:32.421,0:32.459,0:37.698,259.6,Michelle GATTING,,LMGTE,,Iron Lynx,Ferrari,GF,32.421,32.459,37.698,
83,2,32,1:42.661,0,,32.306,0,32.637,0,37.718,0,163.2,1:07:50.766,11:27:50.766,0:32.306,0:32.637,0:37.718,259.6,Michelle GATTING,,LMGTE,,Iron Lynx,Ferrari,GF,32.306,32.637,37.718,
83,2,33,1:48.911,0,B,32.412,0,32.831,0,43.668,0,153.8,1:09:39.677,11:29:39.677,0:32.412,0:32.831,0:43.668,260.9,Michelle GATTING,,LMGTE,,Iron Lynx,Ferrari,GF,32.412,32.831,43.668,
83,3,34,3:16.436,0,,2:05.015,0,33.147,0,38.274,0,85.3,1:12:56.113,11:32:56.113,2:05.015,0:33.147,0:38.274,,Doriane PIN,0:01:34.971,LMGTE,,Iron Lynx,Ferrari,GF,125.015,33.147,38.274,
83,3,35,1:43.185,0,,32.715,0,32.784,0,37.686,0,162.3,1:14:39.298,11:34:39.298,0:32.715,0:32.784,0:37.686,259.6,Doriane PIN,,LMGTE,,Iron Lynx,Ferrari,GF,32.715,32.784,37.686,
83,3,36,1:42.972,0,,32.669,0,32.623,0,37.680,0,162.7,1:16:22.270,11:36:22.270,0:32.669,0:32.623,0:37.680,260.9,Doriane PIN,,LMGTE,,Iron Lynx,Ferrari,GF,32.669,32.623,37.680,
83,3,37,1:43.262,0,,32.329,0,33.250,0,37.683,0,162.2,1:18:05.532,11:38:05.532,0:32.329,0:33.250,0:37.683,260.9,Doriane PIN,,LMGTE,,Iron Lynx,Ferrari,GF,32.329,33.250,37.683,
83,3,38,1:42.437,2,,32.340,0,32.594,0,37.503,1,163.5,1:19:47.969,11:39:47.969,0:32.340,0:32.594,0:37.503,260.2,Doriane PIN,,LMGTE,,Iron Lynx,Ferrari,GF,32.340,32.594,37.503,
83,3,39,1:42.566,0,,32.318,1,32.629,0,37.619,0,163.3,1:21:30.535,11:41:30.535,0:32.318,0:32.629,0:37.619,260.2,Doriane PIN,,LMGTE,,Iron Lynx,Ferrari,GF,32.318,32.629,37.619,
83,3,40,1:48.734,0,B,32.342,0,32.596,0,43.796,0,154.1,1:23:19.269,11:43:19.269,0:32.342,0:32.596,0:43.796,260.2,Doriane PIN,,LMGTE,,Iron Lynx,Ferrari,GF,32.342,32.596,43.796,
83,1,41,3:03.192,0,,1:52.079,0,32.784,0,38.329,0,91.4,1:26:22.461,11:46:22.461,1:52.079,0:32.784,0:38.329,,Sarah BOVY,0:01:24.208,LMGTE,,Iron Lynx,Ferrari,GF,112.079,32.784,38.329,
83,1,42,1:44.305,0,,33.031,0,33.227,0,38.047,0,160.6,1:28:06.766,11:48:06.766,0:33.031,0:33.227,0:38.047,257.8,Sarah BOVY,,LMGTE,,Iron Lynx,Ferrari,GF,33.031,33.227,38.047,
83,1,43,1:46.285,0,,32.652,0,33.436,0,40.197,0,157.6,1:29:53.051,11:49:53.051,0:32.652,0:33.436,0:40.197,257.8,Sarah BOVY,,LMGTE,,Iron Lynx,Ferrari,GF,32.652,33.436,40.197,
83,1,44,1:43.432,0,,32.636,0,32.726,0,38.070,0,161.9,1:31:36.483,11:51:36.483,0:32.636,0:32.726,0:38.070,260.9,Sarah BOVY,,LMGTE,,Iron Lynx,Ferrari,FF,32.636,32.726,38.070,
88,2,1,3:13.037,0,,2:06.000,0,32.066,0,34.971,0,81.8,3:13.037,10:23:13.037,2:06.000,0:32.066,0:34.971,,Alessio ROVERA,0:01:35.495,LMP2,P/A,AF Corse,Oreca,GF,126.000,32.066,34.971,
88,2,2,1:58.030,0,,29.270,0,31.323,0,57.437,0,141.9,5:11.067,10:25:11.067,0:29.270,0:31.323,0:57.437,282.7,Alessio ROVERA,,LMP2,P/A,AF Corse,Oreca,GF,29.270,31.323,57.437,
88,2,3,1:34.191,0,,29.338,0,30.062,0,34.791,0,177.8,6:45.258,10:26:45.258,0:29.338,0:30.062,0:34.791,284.2,Alessio ROVERA,,LMP2,P/A,AF Corse,Oreca,GF,29.338,30.062,34.791,
88,2,4,1:36.109,0,,30.037,0,30.825,0,35.247,0,174.3,8:21.367,10:28:21.367,0:30.037,0:30.825,0:35.247,282.7,Alessio ROVERA,,LMP2,P/A,AF Corse,Oreca,GF,30.037,30.825,35.247,
88,2,5,1:33.231,2,,29.065,0,30.008,2,34.158,2,179.7,9:54.598,10:29:54.598,0:29.065,0:30.008,0:34.158,285.7,Alessio ROVERA,,LMP2,P/A,AF Corse,Oreca,GF,29.065,30.008,34.158,
88,2,6,1:40.234,0,B,29.050,2,30.726,0,40.458,0,167.1,11:34.832,10:31:34.832,0:29.050,0:30.726,0:40.458,285.7,Alessio ROVERA,,LMP2,P/A,AF Corse,Oreca,GF,29.050,30.726,40.458,
88,1,7,6:03.781,0,,4:57.728,0,30.964,0,35.089,0,46.0,17:38.613,10:37:38.613,4:57.728,0:30.964,0:35.089,,François PERRODO,0:04:32.850,LMP2,P/A,AF Corse,Oreca,GF,297.728,30.964,35.089,
88,1,8,1:36.099,0,,29.884,0,31.145,0,35.070,0,174.3,19:14.712,10:39:14.712,0:29.884,0:31.145,0:35.070,282.7,François PERRODO,,LMP2,P/A,AF Corse,Oreca,GF,29.884,31.145,35.070,
88,1,9,1:36.751,0,,30.126,0,31.295,0,35.330,0,173.1,20:51.463,10:40:51.463,0:30.126,0:31.295,0:35.330,282.7,François PERRODO,,LMP2,P/A,AF Corse,Oreca,GF,30.126,31.295,35.330,
88,1,10,1:35.740,0,,29.901,0,30.589,0,35.250,0,175.0,22:27.203,10:42:27.203,0:29.901,0:30.589,0:35.250,282.0,François PERRODO,,LMP2,P/A,AF Corse,Oreca,GF,29.901,30.589,35.250,
88,1,11,1:35.357,0,,29.847,0,30.497,0,35.013,0,175.7,24:02.560,10:44:02.560,0:29.847,0:30.497,0:35.013,282.0,François PERRODO,,LMP2,P/A,AF Corse,Oreca,GF,29.847,30.497,35.013,
88,1,12,1:36.804,0,,31.117,0,30.714,0,34.973,0,173.0,25:39.364,10:45:39.364,0:31.117,0:30.714,0:34.973,284.2,François PERRODO,,LMP2,P/A,AF Corse,Oreca,GF,31.117,30.714,34.973,
88,1,13,1:37.746,0,,31.428,0,31.296,0,35.022,0,171.4,27:17.110,10:47:17.110,0:31.428,0:31.296,0:35.022,285.0,François PERRODO,,LMP2,P/A,AF Corse,Oreca,GF,31.428,31.296,35.022,
88,1,14,1:37.935,0,,30.149,0,31.798,0,35.988,0,171.0,28:55.045,10:48:55.045,0:30.149,0:31.798,0:35.988,287.2,François PERRODO,,LMP2,P/A,AF Corse,Oreca,GF,30.149,31.798,35.988,
88,1,15,1:38.472,0,,31.177,0,30.866,0,36.429,0,170.1,30:33.517,10:50:33.517,0:31.177,0:30.866,0:36.429,287.2,François PERRODO,,LMP2,P/A,AF Corse,Oreca,GF,31.177,30.866,36.429,
88,1,16,1:36.583,0,,30.992,0,30.672,0,34.919,1,173.4,32:10.100,10:52:10.100,0:30.992,0:30.672,0:34.919,279.8,François PERRODO,,LMP2,P/A,AF Corse,Oreca,GF,30.992,30.672,34.919,
88,1,17,1:37.934,0,,29.986,0,32.498,0,35.450,0,171.0,33:48.034,10:53:48.034,0:29.986,0:32.498,0:35.450,285.7,François PERRODO,,LMP2,P/A,AF Corse,Oreca,GF,29.986,32.498,35.450,
88,1,18,1:37.100,0,,29.959,0,31.441,0,35.700,0,172.5,35:25.134,10:55:25.134,0:29.959,0:31.441,0:35.700,285.0,François PERRODO,,LMP2,P/A,AF Corse,Oreca,GF,29.959,31.441,35.700,
88,1,19,1:36.259,0,,29.983,0,31.034,0,35.242,0,174.0,37:01.393,10:57:01.393,0:29.983,0:31.034,0:35.242,284.2,François PERRODO,,LMP2,P/A,AF Corse,Oreca,GF,29.983,31.034,35.242,
88,1,20,1:36.032,0,,29.874,0,31.044,0,35.114,0,174.4,38:37.425,10:58:37.425,0:29.874,0:31.044,0:35.114,286.5,François PERRODO,,LMP2,P/A,AF Corse,Oreca,GF,29.874,31.044,35.114,
88,1,21,1:35.687,0,,30.301,0,30.435,1,34.951,0,175.1,40:13.112,11:00:13.112,0:30.301,0:30.435,0:34.951,285.7,François PERRODO,,LMP2,P/A,AF Corse,Oreca,GF,30.301,30.435,34.951,
88,1,22,1:42.419,0,,29.824,1,30.639,0,41.956,0,163.6,41:55.531,11:01:55.531,0:29.824,0:30.639,0:41.956,286.5,François PERRODO,,LMP2,P/A,AF Corse,Oreca,GF,29.824,30.639,41.956,
88,1,23,1:36.500,0,,29.754,0,30.539,0,36.207,0,173.6,43:32.031,11:03:32.031,0:29.754,0:30.539,0:36.207,285.7,François PERRODO,,LMP2,P/A,AF Corse,Oreca,GF,29.754,30.539,36.207,
88,1,24,1:43.199,0,B,31.070,0,30.678,0,41.451,0,162.3,45:15.230,11:05:15.230,0:31.070,0:30.678,0:41.451,276.9,François PERRODO,,LMP2,P/A,AF Corse,Oreca,GF,31.070,30.678,41.451,
88,3,25,2:50.262,0,,1:44.340,0,30.674,0,35.248,0,98.4,48:05.492,11:08:05.492,1:44.340,0:30.674,0:35.248,,Nicklas NIELSEN,0:01:20.113,LMP2,P/A,AF Corse,Oreca,GF,104.340,30.674,35.248,
88,3,26,1:36.645,0,,29.633,0,30.878,0,36.134,0,173.3,49:42.137,11:09:42.137,0:29.633,0:30.878,0:36.134,285.0,Nicklas NIELSEN,,LMP2,P/A,AF Corse,Oreca,GF,29.633,30.878,36.134,
88,3,27,1:35.511,0,,29.720,0,31.208,0,34.583,0,175.4,51:17.648,11:11:17.648,0:29.720,0:31.208,0:34.583,287.2,Nicklas NIELSEN,,LMP2,P/A,AF Corse,Oreca,GF,29.720,31.208,34.583,
88,3,28,1:36.370,0,,29.622,0,30.578,0,36.170,0,173.8,52:54.018,11:12:54.018,0:29.622,0:30.578,0:36.170,288.0,Nicklas NIELSEN,,LMP2,P/A,AF Corse,Oreca,GF,29.622,30.578,36.170,
88,3,29,1:35.656,0,,29.415,0,30.986,0,35.255,0,175.1,54:29.674,11:14:29.674,0:29.415,0:30.986,0:35.255,286.5,Nicklas NIELSEN,,LMP2,P/A,AF Corse,Oreca,GF,29.415,30.986,35.255,
88,3,30,1:34.648,0,,29.374,0,30.396,0,34.878,0,177.0,56:04.322,11:16:04.322,0:29.374,0:30.396,0:34.878,286.5,Nicklas NIELSEN,,LMP2,P/A,AF Corse,Oreca,GF,29.374,30.396,34.878,
88,3,31,1:34.421,0,,29.476,0,30.509,0,34.436,0,177.4,57:38.743,11:17:38.743,0:29.476,0:30.509,0:34.436,285.7,Nicklas NIELSEN,,LMP2,P/A,AF Corse,Oreca,GF,29.476,30.509,34.436,
88,3,32,1:44.079,0,,29.530,0,37.008,0,37.541,0,160.9,59:22.822,11:19:22.822,0:29.530,0:37.008,0:37.541,288.0,Nicklas NIELSEN,,LMP2,P/A,AF Corse,Oreca,GF,29.530,37.008,37.541,
88,3,33,1:34.427,0,,29.682,0,30.343,0,34.402,0,177.4,1:00:57.249,11:20:57.249,0:29.682,0:30.343,0:34.402,286.5,Nicklas NIELSEN,,LMP2,P/A,AF Corse,Oreca,GF,29.682,30.343,34.402,
88,3,34,1:34.708,0,,29.518,0,30.695,0,34.495,0,176.9,1:02:31.957,11:22:31.957,0:29.518,0:30.695,0:34.495,287.2,Nicklas NIELSEN,,LMP2,P/A,AF Corse,Oreca,GF,29.518,30.695,34.495,
88,3,35,1:34.336,0,,29.583,0,30.247,0,34.506,0,177.6,1:04:06.293,11:24:06.293,0:29.583,0:30.247,0:34.506,287.2,Nicklas NIELSEN,,LMP2,P/A,AF Corse,Oreca,GF,29.583,30.247,34.506,
88,3,36,1:40.425,0,B,29.568,0,30.476,0,40.381,0,166.8,1:05:46.718,11:25:46.718,0:29.568,0:30.476,0:40.381,288.8,Nicklas NIELSEN,,LMP2,P/A,AF Corse,Oreca,GF,29.568,30.476,40.381,
88,3,37,3:44.980,0,,2:39.353,0,30.545,0,35.082,0,74.5,1:09:31.698,11:29:31.698,2:39.353,0:30.545,0:35.082,,Nicklas NIELSEN,0:02:14.688,LMP2,P/A,AF Corse,Oreca,GF,159.353,30.545,35.082,
88,3,38,1:35.154,0,,29.625,0,31.090,0,34.439,0,176.0,1:11:06.852,11:31:06.852,0:29.625,0:31.090,0:34.439,285.0,Nicklas NIELSEN,,LMP2,P/A,AF Corse,Oreca,GF,29.625,31.090,34.439,
88,3,39,1:34.344,0,,29.529,0,30.151,0,34.664,0,177.6,1:12:41.196,11:32:41.196,0:29.529,0:30.151,0:34.664,285.7,Nicklas NIELSEN,,LMP2,P/A,AF Corse,Oreca,GF,29.529,30.151,34.664,
88,3,40,1:34.324,0,,29.529,0,30.250,0,34.545,0,177.6,1:14:15.520,11:34:15.520,0:29.529,0:30.250,0:34.545,288.0,Nicklas NIELSEN,,LMP2,P/A,AF Corse,Oreca,GF,29.529,30.250,34.545,
88,3,41,1:33.746,0,,29.313,1,30.144,1,34.289,1,178.7,1:15:49.266,11:35:49.266,0:29.313,0:30.144,0:34.289,285.7,Nicklas NIELSEN,,LMP2,P/A,AF Corse,Oreca,GF,29.313,30.144,34.289,
88,3,42,1:41.060,0,B,29.595,0,30.901,0,40.564,0,165.8,1:17:30.326,11:37:30.326,0:29.595,0:30.901,0:40.564,285.7,Nicklas NIELSEN,,LMP2,P/A,AF Corse,Oreca,GF,29.595,30.901,40.564,
88,2,43,2:56.842,0,,1:51.317,0,31.044,0,34.481,0,94.7,1:20:27.168,11:40:27.168,1:51.317,0:31.044,0:34.481,,Alessio ROVERA,0:01:26.476,LMP2,P/A,AF Corse,Oreca,GF,111.317,31.044,34.481,
88,2,44,1:34.250,0,,29.457,0,30.245,0,34.548,0,177.7,1:22:01.418,11:42:01.418,0:29.457,0:30.245,0:34.548,285.0,Alessio ROVERA,,LMP2,P/A,AF Corse,Oreca,GF,29.457,30.245,34.548,
88,2,45,1:38.551,0,,31.728,0,32.203,0,34.620,0,170.0,1:23:39.969,11:43:39.969,0:31.728,0:32.203,0:34.620,288.0,Alessio ROVERA,,LMP2,P/A,AF Corse,Oreca,GF,31.728,32.203,34.620,
88,2,46,1:41.093,0,,31.593,0,31.619,0,37.881,0,165.7,1:25:21.062,11:45:21.062,0:31.593,0:31.619,0:37.881,287.2,Alessio ROVERA,,LMP2,P/A,AF Corse,Oreca,GF,31.593,31.619,37.881,
88,2,47,1:34.126,0,,29.536,0,30.170,0,34.420,0,178.0,1:26:55.188,11:46:55.188,0:29.536,0:30.170,0:34.420,285.0,Alessio ROVERA,,LMP2,P/A,AF Corse,Oreca,GF,29.536,30.170,34.420,
88,2,48,1:42.580,0,B,29.279,0,30.397,0,42.904,0,163.3,1:28:37.768,11:48:37.768,0:29.279,0:30.397,0:42.904,285.0,Alessio ROVERA,,LMP2,P/A,AF Corse,Oreca,GF,29.279,30.397,42.904,
9,2,1,5:05.263,0,,3:54.555,0,35.498,0,35.210,0,51.7,5:05.263,10:25:05.263,3:54.555,0:35.498,0:35.210,,Louis DELETRAZ,0:03:23.762,LMP2,,Prema Racing,Oreca,GF,234.555,35.498,35.210,
9,2,2,1:35.481,0,,29.114,0,30.641,0,35.726,0,175.4,6:40.744,10:26:40.744,0:29.114,0:30.641,0:35.726,285.0,Louis DELETRAZ,,LMP2,,Prema Racing,Oreca,GF,29.114,30.641,35.726,
9,2,3,1:33.050,2,,29.032,0,30.205,0,33.813,2,180.0,8:13.794,10:28:13.794,0:29.032,0:30.205,0:33.813,285.7,Louis DELETRAZ,,LMP2,,Prema Racing,Oreca,GF,29.032,30.205,33.813,
9,2,4,1:33.371,0,,28.890,2,30.064,0,34.417,0,179.4,9:47.165,10:29:47.165,0:28.890,0:30.064,0:34.417,287.2,Louis DELETRAZ,,LMP2,,Prema Racing,Oreca,GF,28.890,30.064,34.417,
9,2,5,1:41.300,0,B,29.215,0,31.454,0,40.631,0,165.4,11:28.465,10:31:28.465,0:29.215,0:31.454,0:40.631,285.7,Louis DELETRAZ,,LMP2,,Prema Racing,Oreca,GF,29.215,31.454,40.631,
9,2,6,3:34.974,0,,2:29.765,0,31.009,0,34.200,0,77.9,15:03.439,10:35:03.439,2:29.765,0:31.009,0:34.200,,Louis DELETRAZ,0:02:05.495,LMP2,,Prema Racing,Oreca,GF,149.765,31.009,34.200,
9,2,7,1:34.924,0,,29.483,0,30.628,0,34.813,0,176.5,16:38.363,10:36:38.363,0:29.483,0:30.628,0:34.813,284.2,Louis DELETRAZ,,LMP2,,Prema Racing,Oreca,GF,29.483,30.628,34.813,
9,2,8,1:34.049,0,,29.550,0,30.262,0,34.237,0,178.1,18:12.412,10:38:12.412,0:29.550,0:30.262,0:34.237,283.5,Louis DELETRAZ,,LMP2,,Prema Racing,Oreca,GF,29.550,30.262,34.237,
9,2,9,1:34.117,0,,29.576,0,30.158,0,34.383,0,178.0,19:46.529,10:39:46.529,0:29.576,0:30.158,0:34.383,284.2,Louis DELETRAZ,,LMP2,,Prema Racing,Oreca,GF,29.576,30.158,34.383,
9,2,10,1:35.919,0,,30.674,0,30.254,0,34.991,0,174.6,21:22.448,10:41:22.448,0:30.674,0:30.254,0:34.991,287.2,Louis DELETRAZ,,LMP2,,Prema Racing,Oreca,GF,30.674,30.254,34.991,
9,2,11,1:33.856,0,,29.323,0,29.923,2,34.610,0,178.5,22:56.304,10:42:56.304,0:29.323,0:29.923,0:34.610,284.2,Louis DELETRAZ,,LMP2,,Prema Racing,Oreca,GF,29.323,29.923,34.610,
9,2,12,1:33.661,0,,29.424,0,30.063,0,34.174,0,178.8,24:29.965,10:44:29.965,0:29.424,0:30.063,0:34.174,283.5,Louis DELETRAZ,,LMP2,,Prema Racing,Oreca,GF,29.424,30.063,34.174,
9,2,13,1:41.505,0,B,29.256,0,30.529,0,41.720,0,165.0,26:11.470,10:46:11.470,0:29.256,0:30.529,0:41.720,285.0,Louis DELETRAZ,,LMP2,,Prema Racing,Oreca,GF,29.256,30.529,41.720,
9,3,14,3:07.309,0,,2:02.391,0,30.464,0,34.454,0,89.4,29:18.779,10:49:18.779,2:02.391,0:30.464,0:34.454,,Ferdinand HABSBURG,0:01:37.284,LMP2,,Prema Racing,Oreca,GF,122.391,30.464,34.454,
9,3,15,1:34.907,0,,29.751,0,30.623,0,34.533,0,176.5,30:53.686,10:50:53.686,0:29.751,0:30.623,0:34.533,285.0,Ferdinand HABSBURG,,LMP2,,Prema Racing,Oreca,GF,29.751,30.623,34.533,
9,3,16,1:34.759,0,,29.757,0,30.492,0,34.510,0,176.8,32:28.445,10:52:28.445,0:29.757,0:30.492,0:34.510,288.0,Ferdinand HABSBURG,,LMP2,,Prema Racing,Oreca,GF,29.757,30.492,34.510,
9,3,17,1:35.230,0,,29.748,0,31.117,0,34.365,0,175.9,34:03.675,10:54:03.675,0:29.748,0:31.117,0:34.365,285.7,Ferdinand HABSBURG,,LMP2,,Prema Racing,Oreca,GF,29.748,31.117,34.365,
9,3,18,1:35.172,0,,29.555,0,30.447,0,35.170,0,176.0,35:38.847,10:55:38.847,0:29.555,0:30.447,0:35.170,285.0,Ferdinand HABSBURG,,LMP2,,Prema Racing,Oreca,GF,29.555,30.447,35.170,
9,3,19,1:34.887,0,,29.626,0,30.305,0,34.956,0,176.5,37:13.734,10:57:13.734,0:29.626,0:30.305,0:34.956,285.0,Ferdinand HABSBURG,,LMP2,,Prema Racing,Oreca,GF,29.626,30.305,34.956,
9,3,20,1:35.473,0,,30.197,0,30.518,0,34.758,0,175.5,38:49.207,10:58:49.207,0:30.197,0:30.518,0:34.758,283.5,Ferdinand HABSBURG,,LMP2,,Prema Racing,Oreca,GF,30.197,30.518,34.758,
9,3,21,1:39.923,0,B,30.167,0,30.613,0,39.143,0,167.6,40:29.130,11:00:29.130,0:30.167,0:30.613,0:39.143,284.2,Ferdinand HABSBURG,,LMP2,,Prema Racing,Oreca,GF,30.167,30.613,39.143,
9,3,22,6:25.322,0,,5:19.980,0,30.902,0,34.440,0,43.5,46:54.452,11:06:54.452,5:19.980,0:30.902,0:34.440,,Ferdinand HABSBURG,0:04:52.681,LMP2,,Prema Racing,Oreca,GF,319.980,30.902,34.440,
9,3,23,1:35.317,0,,29.762,0,30.392,0,35.163,0,175.7,48:29.769,11:08:29.769,0:29.762,0:30.392,0:35.163,284.2,Ferdinand HABSBURG,,LMP2,,Prema Racing,Oreca,GF,29.762,30.392,35.163,
9,3,24,1:34.727,0,,29.667,0,30.066,1,34.994,0,176.8,50:04.496,11:10:04.496,0:29.667,0:30.066,0:34.994,285.7,Ferdinand HABSBURG,,LMP2,,Prema Racing,Oreca,GF,29.667,30.066,34.994,
9,3,25,1:36.595,0,,30.955,0,30.689,0,34.951,0,173.4,51:41.091,11:11:41.091,0:30.955,0:30.689,0:34.951,282.7,Ferdinand HABSBURG,,LMP2,,Prema Racing,Oreca,GF,30.955,30.689,34.951,
9,3,26,1:34.704,0,,29.601,0,30.875,0,34.228,0,176.9,53:15.795,11:13:15.795,0:29.601,0:30.875,0:34.228,287.2,Ferdinand HABSBURG,,LMP2,,Prema Racing,Oreca,GF,29.601,30.875,34.228,
9,3,27,1:33.794,0,,29.472,0,30.153,0,34.169,1,178.6,54:49.589,11:14:49.589,0:29.472,0:30.153,0:34.169,285.7,Ferdinand HABSBURG,,LMP2,,Prema Racing,Oreca,GF,29.472,30.153,34.169,
9,3,28,1:36.267,0,,30.137,0,30.674,0,35.456,0,174.0,56:25.856,11:16:25.856,0:30.137,0:30.674,0:35.456,288.0,Ferdinand HABSBURG,,LMP2,,Prema Racing,Oreca,GF,30.137,30.674,35.456,
9,3,29,1:34.792,0,,30.085,0,30.346,0,34.361,0,176.7,58:00.648,11:18:00.648,0:30.085,0:30.346,0:34.361,283.5,Ferdinand HABSBURG,,LMP2,,Prema Racing,Oreca,GF,30.085,30.346,34.361,
9,3,30,1:40.019,0,B,29.433,1,30.470,0,40.116,0,167.5,59:40.667,11:19:40.667,0:29.433,0:30.470,0:40.116,288.0,Ferdinand HABSBURG,,LMP2,,Prema Racing,Oreca,GF,29.433,30.470,40.116,
9,1,31,5:14.323,0,,4:06.850,0,32.117,0,35.356,0,53.3,1:04:54.990,11:24:54.990,4:06.850,0:32.117,0:35.356,,Juan Manuel CORREA,0:03:40.305,LMP2,,Prema Racing,Oreca,GF,246.850,32.117,35.356,
9,1,32,1:36.644,0,,30.505,0,31.104,0,35.035,0,173.3,1:06:31.634,11:26:31.634,0:30.505,0:31.104,0:35.035,286.5,Juan Manuel CORREA,,LMP2,,Prema Racing,Oreca,GF,30.505,31.104,35.035,
9,1,33,1:35.848,0,,30.411,0,30.830,0,34.607,0,174.8,1:08:07.482,11:28:07.482,0:30.411,0:30.830,0:34.607,286.5,Juan Manuel CORREA,,LMP2,,Prema Racing,Oreca,GF,30.411,30.830,34.607,
9,1,34,1:35.576,0,,30.384,0,30.677,0,34.515,1,175.3,1:09:43.058,11:29:43.058,0:30.384,0:30.677,0:34.515,287.2,Juan Manuel CORREA,,LMP2,,Prema Racing,Oreca,GF,30.384,30.677,34.515,
9,1,35,1:34.740,0,,29.670,0,30.469,0,34.601,0,176.8,1:11:17.798,11:31:17.798,0:29.670,0:30.469,0:34.601,285.0,Juan Manuel CORREA,,LMP2,,Prema Racing,Oreca,GF,29.670,30.469,34.601,
9,1,36,1:35.627,0,,29.687,0,30.750,0,35.190,0,175.2,1:12:53.425,11:32:53.425,0:29.687,0:30.750,0:35.190,285.7,Juan Manuel CORREA,,LMP2,,Prema Racing,Oreca,GF,29.687,30.750,35.190,
9,1,37,1:41.054,0,B,29.875,0,30.653,0,40.526,0,165.8,1:14:34.479,11:34:34.479,0:29.875,0:30.653,0:40.526,287.2,Juan Manuel CORREA,,LMP2,,Prema Racing,Oreca,GF,29.875,30.653,40.526,
9,1,38,4:49.080,0,,3:42.851,0,31.216,0,35.013,0,57.9,1:19:23.559,11:39:23.559,3:42.851,0:31.216,0:35.013,,Juan Manuel CORREA,0:03:18.811,LMP2,,Prema Racing,Oreca,GF,222.851,31.216,35.013,
9,1,39,1:35.974,0,,29.949,0,31.202,0,34.823,0,174.5,1:20:59.533,11:40:59.533,0:29.949,0:31.202,0:34.823,285.7,Juan Manuel CORREA,,LMP2,,Prema Racing,Oreca,GF,29.949,31.202,34.823,
9,1,40,1:34.595,0,,29.647,1,30.393,0,34.555,0,177.1,1:22:34.128,11:42:34.128,0:29.647,0:30.393,0:34.555,286.5,Juan Manuel CORREA,,LMP2,,Prema Racing,Oreca,GF,29.647,30.393,34.555,
9,1,41,1:35.120,0,,29.805,0,30.638,0,34.677,0,176.1,1:24:09.248,11:44:09.248,0:29.805,0:30.638,0:34.677,287.2,Juan Manuel CORREA,,LMP2,,Prema Racing,Oreca,GF,29.805,30.638,34.677,
9,1,42,1:35.736,0,,30.225,0,30.122,1,35.389,0,175.0,1:25:44.984,11:45:44.984,0:30.225,0:30.122,0:35.389,287.2,Juan Manuel CORREA,,LMP2,,Prema Racing,Oreca,GF,30.225,30.122,35.389,
9,1,43,1:35.856,0,,29.807,0,30.374,0,35.675,0,174.7,1:27:20.840,11:47:20.840,0:29.807,0:30.374,0:35.675,285.7,Juan Manuel CORREA,,LMP2,,Prema Racing,Oreca,GF,29.807,30.374,35.675,
9,1,44,1:36.034,0,,29.762,0,30.615,0,35.657,0,174.4,1:28:56.874,11:48:56.874,0:29.762,0:30.615,0:35.657,281.2,Juan Manuel CORREA,,LMP2,,Prema Racing,Oreca,GF,29.762,30.615,35.657,
9,1,45,1:36.092,0,,29.808,0,30.837,0,35.447,0,174.3,1:30:32.966,11:50:32.966,0:29.808,0:30.837,0:35.447,279.8,Juan Manuel CORREA,,LMP2,,Prema Racing,Oreca,FF,29.808,30.837,35.447,
93,2,1,3:07.585,0,,1:54.271,0,34.801,0,38.513,0,84.1,3:07.585,10:23:07.585,1:54.271,0:34.801,0:38.513,,Zacharie ROBICHON,0:01:20.381,LMGTE,,Proton Competition,Porsche,GF,114.271,34.801,38.513,
93,2,2,1:51.731,0,B,32.900,0,33.882,0,44.949,0,149.9,4:59.316,10:24:59.316,0:32.900,0:33.882,0:44.949,259.0,Zacharie ROBICHON,,LMGTE,,Proton Competition,Porsche,GF,32.900,33.882,44.949,
93,2,3,2:47.969,0,,1:34.534,0,33.112,0,40.323,0,99.7,7:47.285,10:27:47.285,1:34.534,0:33.112,0:40.323,,Zacharie ROBICHON,0:01:07.606,LMGTE,,Proton Competition,Porsche,GF,94.534,33.112,40.323,
93,2,4,1:42.906,0,,32.298,0,33.188,0,37.420,0,162.8,9:30.191,10:29:30.191,0:32.298,0:33.188,0:37.420,260.2,Zacharie ROBICHON,,LMGTE,,Proton Competition,Porsche,GF,32.298,33.188,37.420,
93,2,5,1:43.800,0,,32.105,0,32.505,1,39.190,0,161.4,11:13.991,10:31:13.991,0:32.105,0:32.505,0:39.190,260.9,Zacharie ROBICHON,,LMGTE,,Proton Competition,Porsche,GF,32.105,32.505,39.190,
93,2,6,1:42.371,0,,32.168,0,32.706,0,37.497,0,163.6,12:56.362,10:32:56.362,0:32.168,0:32.706,0:37.497,261.5,Zacharie ROBICHON,,LMGTE,,Proton Competition,Porsche,GF,32.168,32.706,37.497,
93,2,7,1:42.449,0,,32.168,0,32.804,0,37.477,0,163.5,14:38.811,10:34:38.811,0:32.168,0:32.804,0:37.477,262.1,Zacharie ROBICHON,,LMGTE,,Proton Competition,Porsche,GF,32.168,32.804,37.477,
93,2,8,1:43.410,0,,32.216,0,32.784,0,38.410,0,162.0,16:22.221,10:36:22.221,0:32.216,0:32.784,0:38.410,261.5,Zacharie ROBICHON,,LMGTE,,Proton Competition,Porsche,GF,32.216,32.784,38.410,
93,2,9,1:42.649,0,,32.334,0,32.739,0,37.576,0,163.2,18:04.870,10:38:04.870,0:32.334,0:32.739,0:37.576,258.4,Zacharie ROBICHON,,LMGTE,,Proton Competition,Porsche,GF,32.334,32.739,37.576,
93,2,10,1:43.258,0,,32.726,0,32.758,0,37.774,0,162.2,19:48.128,10:39:48.128,0:32.726,0:32.758,0:37.774,262.1,Zacharie ROBICHON,,LMGTE,,Proton Competition,Porsche,GF,32.726,32.758,37.774,
93,2,11,1:43.036,0,,32.256,0,32.903,0,37.877,0,162.6,21:31.164,10:41:31.164,0:32.256,0:32.903,0:37.877,262.8,Zacharie ROBICHON,,LMGTE,,Proton Competition,Porsche,GF,32.256,32.903,37.877,
93,2,12,1:48.347,0,B,32.217,0,32.982,0,43.148,0,154.6,23:19.511,10:43:19.511,0:32.217,0:32.982,0:43.148,262.1,Zacharie ROBICHON,,LMGTE,,Proton Competition,Porsche,GF,32.217,32.982,43.148,
93,3,13,3:25.295,0,,2:14.363,0,33.174,0,37.758,0,81.6,26:44.806,10:46:44.806,2:14.363,0:33.174,0:37.758,,Richard LIETZ,0:01:46.716,LMGTE,,Proton Competition,Porsche,GF,134.363,33.174,37.758,
93,3,14,1:42.071,0,,32.204,0,32.583,0,37.284,2,164.1,28:26.877,10:48:26.877,0:32.204,0:32.583,0:37.284,260.9,Richard LIETZ,,LMGTE,,Proton Competition,Porsche,GF,32.204,32.583,37.284,
93,3,15,1:41.890,2,,32.098,0,32.472,2,37.320,0,164.4,30:08.767,10:50:08.767,0:32.098,0:32.472,0:37.320,261.5,Richard LIETZ,,LMGTE,,Proton Competition,Porsche,GF,32.098,32.472,37.320,
93,3,16,1:42.976,0,,32.176,0,33.036,0,37.764,0,162.7,31:51.743,10:51:51.743,0:32.176,0:33.036,0:37.764,262.8,Richard LIETZ,,LMGTE,,Proton Competition,Porsche,GF,32.176,33.036,37.764,
93,3,17,1:41.949,0,,31.975,2,32.579,0,37.395,0,164.3,33:33.692,10:53:33.692,0:31.975,0:32.579,0:37.395,263.4,Richard LIETZ,,LMGTE,,Proton Competition,Porsche,GF,31.975,32.579,37.395,
93,3,18,1:42.035,0,,32.101,0,32.528,0,37.406,0,164.2,35:15.727,10:55:15.727,0:32.101,0:32.528,0:37.406,262.1,Richard LIETZ,,LMGTE,,Proton Competition,Porsche,GF,32.101,32.528,37.406,
93,3,19,1:42.581,0,,32.248,0,32.781,0,37.552,0,163.3,36:58.308,10:56:58.308,0:32.248,0:32.781,0:37.552,262.8,Richard LIETZ,,LMGTE,,Proton Competition,Porsche,GF,32.248,32.781,37.552,
93,3,20,1:42.865,0,,32.126,0,33.137,0,37.602,0,162.8,38:41.173,10:58:41.173,0:32.126,0:33.137,0:37.602,261.5,Richard LIETZ,,LMGTE,,Proton Competition,Porsche,GF,32.126,33.137,37.602,
93,3,21,1:42.306,0,,32.262,0,32.654,0,37.390,0,163.7,40:23.479,11:00:23.479,0:32.262,0:32.654,0:37.390,262.8,Richard LIETZ,,LMGTE,,Proton Competition,Porsche,GF,32.262,32.654,37.390,
93,3,22,1:50.567,0,B,33.216,0,33.520,0,43.831,0,151.5,42:14.046,11:02:14.046,0:33.216,0:33.520,0:43.831,263.4,Richard LIETZ,,LMGTE,,Proton Competition,Porsche,GF,33.216,33.520,43.831,
93,2,23,3:44.354,0,,2:33.191,0,33.372,0,37.791,0,74.7,45:58.400,11:05:58.400,2:33.191,0:33.372,0:37.791,,Zacharie ROBICHON,0:02:06.722,LMGTE,,Proton Competition,Porsche,GF,153.191,33.372,37.791,
93,2,24,1:43.544,0,,32.583,0,33.223,0,37.738,0,161.8,47:41.944,11:07:41.944,0:32.583,0:33.223,0:37.738,262.1,Zacharie ROBICHON,,LMGTE,,Proton Competition,Porsche,GF,32.583,33.223,37.738,
93,2,25,1:46.345,0,,32.779,0,33.979,0,39.587,0,157.5,49:28.289,11:09:28.289,0:32.779,0:33.979,0:39.587,262.8,Zacharie ROBICHON,,LMGTE,,Proton Competition,Porsche,GF,32.779,33.979,39.587,
93,2,26,1:42.868,0,,32.149,0,32.792,0,37.927,0,162.8,51:11.157,11:11:11.157,0:32.149,0:32.792,0:37.927,263.4,Zacharie ROBICHON,,LMGTE,,Proton Competition,Porsche,GF,32.149,32.792,37.927,
93,2,27,1:42.565,0,,32.317,0,32.944,0,37.304,1,163.3,52:53.722,11:12:53.722,0:32.317,0:32.944,0:37.304,262.8,Zacharie ROBICHON,,LMGTE,,Proton Competition,Porsche,GF,32.317,32.944,37.304,
93,2,28,1:43.484,0,,32.356,0,32.946,0,38.182,0,161.9,54:37.206,11:14:37.206,0:32.356,0:32.946,0:38.182,262.8,Zacharie ROBICHON,,LMGTE,,Proton Competition,Porsche,GF,32.356,32.946,38.182,
93,2,29,1:42.419,0,,32.151,0,32.939,0,37.329,0,163.6,56:19.625,11:16:19.625,0:32.151,0:32.939,0:37.329,262.8,Zacharie ROBICHON,,LMGTE,,Proton Competition,Porsche,GF,32.151,32.939,37.329,
93,2,30,1:42.566,0,,32.007,1,32.875,0,37.684,0,163.3,58:02.191,11:18:02.191,0:32.007,0:32.875,0:37.684,264.7,Zacharie ROBICHON,,LMGTE,,Proton Competition,Porsche,GF,32.007,32.875,37.684,
93,2,31,1:43.003,0,,32.107,0,32.791,0,38.105,0,162.6,59:45.194,11:19:45.194,0:32.107,0:32.791,0:38.105,264.1,Zacharie ROBICHON,,LMGTE,,Proton Competition,Porsche,GF,32.107,32.791,38.105,
93,2,32,1:47.923,0,B,32.215,0,32.830,0,42.878,0,155.2,1:01:33.117,11:21:33.117,0:32.215,0:32.830,0:42.878,262.8,Zacharie ROBICHON,,LMGTE,,Proton Competition,Porsche,GF,32.215,32.830,42.878,
93,1,33,3:24.892,0,,2:12.202,0,33.859,0,38.831,0,81.8,1:04:58.009,11:24:58.009,2:12.202,0:33.859,0:38.831,,Michael FASSBENDER,0:01:42.575,LMGTE,,Proton Competition,Porsche,GF,132.202,33.859,38.831,
93,1,34,1:45.109,0,,33.253,0,33.629,0,38.227,0,159.4,1:06:43.118,11:26:43.118,0:33.253,0:33.629,0:38.227,260.2,Michael FASSBENDER,,LMGTE,,Proton Competition,Porsche,GF,33.253,33.629,38.227,
93,1,35,1:46.860,0,,32.691,0,35.222,0,38.947,0,156.8,1:08:29.978,11:28:29.978,0:32.691,0:35.222,0:38.947,260.9,Michael FASSBENDER,,LMGTE,,Proton Competition,Porsche,GF,32.691,35.222,38.947,
93,1,36,1:45.502,0,,32.855,0,33.998,0,38.649,0,158.8,1:10:15.480,11:30:15.480,0:32.855,0:33.998,0:38.649,262.1,Michael FASSBENDER,,LMGTE,,Proton Competition,Porsche,GF,32.855,33.998,38.649,
93,1,37,1:52.826,0,B,33.312,0,34.085,0,45.429,0,148.5,1:12:08.306,11:32:08.306,0:33.312,0:34.085,0:45.429,257.8,Michael FASSBENDER,,LMGTE,,Proton Competition,Porsche,GF,33.312,34.085,45.429,
93,1,38,4:05.223,0,,2:54.035,0,33.039,0,38.149,0,68.3,1:16:13.529,11:36:13.529,2:54.035,0:33.039,0:38.149,,Michael FASSBENDER,0:02:26.787,LMGTE,,Proton Competition,Porsche,GF,174.035,33.039,38.149,
93,1,39,1:44.242,0,,33.188,0,33.297,0,37.757,1,160.7,1:17:57.771,11:37:57.771,0:33.188,0:33.297,0:37.757,262.1,Michael FASSBENDER,,LMGTE,,Proton Competition,Porsche,GF,33.188,33.297,37.757,
93,1,40,1:43.203,0,,32.487,0,32.907,1,37.809,0,162.3,1:19:40.974,11:39:40.974,0:32.487,0:32.907,0:37.809,262.1,Michael FASSBENDER,,LMGTE,,Proton Competition,Porsche,GF,32.487,32.907,37.809,
93,1,41,1:50.596,0,B,32.314,1,33.013,0,45.269,0,151.5,1:21:31.570,11:41:31.570,0:32.314,0:33.013,0:45.269,262.1,Michael FASSBENDER,,LMGTE,,Proton Competition,Porsche,GF,32.314,33.013,45.269,
93,1,42,7:17.353,0,,6:05.846,0,33.593,0,37.914,0,38.3,1:28:48.923,11:48:48.923,6:05.846,0:33.593,0:37.914,,Michael FASSBENDER,0:05:39.439,LMGTE,,Proton Competition,Porsche,GF,365.846,33.593,37.914,
93,1,43,1:44.585,0,,32.836,0,33.758,0,37.991,0,160.2,1:30:33.508,11:50:33.508,0:32.836,0:33.758,0:37.991,259.6,Michael FASSBENDER,,LMGTE,,Proton Competition,Porsche,FF,32.836,33.758,37.991,
95,3,1,2:40.690,0,,1:29.209,0,33.700,0,37.781,0,98.2,2:40.690,10:22:40.690,1:29.209,0:33.700,0:37.781,,Jonathan ADAM,0:00:57.731,LMGTE,,Oman Racing with TF Sport,Aston Martin,GF,89.209,33.700,37.781,
95,3,2,1:41.951,0,,32.169,0,32.565,0,37.217,0,164.3,4:22.641,10:24:22.641,0:32.169,0:32.565,0:37.217,259.0,Jonathan ADAM,,LMGTE,,Oman Racing with TF Sport,Aston Martin,GF,32.169,32.565,37.217,
95,3,3,1:41.352,2,,31.962,0,32.356,2,37.034,2,165.3,6:03.993,10:26:03.993,0:31.962,0:32.356,0:37.034,260.9,Jonathan ADAM,,LMGTE,,Oman Racing with TF Sport,Aston Martin,GF,31.962,32.356,37.034,
95,3,4,1:41.599,0,,31.893,2,32.511,0,37.195,0,164.9,7:45.592,10:27:45.592,0:31.893,0:32.511,0:37.195,262.1,Jonathan ADAM,,LMGTE,,Oman Racing with TF Sport,Aston Martin,GF,31.893,32.511,37.195,
95,3,5,1:41.491,0,,31.897,0,32.374,0,37.220,0,165.0,9:27.083,10:29:27.083,0:31.897,0:32.374,0:37.220,262.1,Jonathan ADAM,,LMGTE,,Oman Racing with TF Sport,Aston Martin,GF,31.897,32.374,37.220,
95,3,6,1:42.398,0,,32.165,0,32.507,0,37.726,0,163.6,11:09.481,10:31:09.481,0:32.165,0:32.507,0:37.726,262.1,Jonathan ADAM,,LMGTE,,Oman Racing with TF Sport,Aston Martin,GF,32.165,32.507,37.726,
95,3,7,1:41.767,0,,32.046,0,32.474,0,37.247,0,164.6,12:51.248,10:32:51.248,0:32.046,0:32.474,0:37.247,261.5,Jonathan ADAM,,LMGTE,,Oman Racing with TF Sport,Aston Martin,GF,32.046,32.474,37.247,
95,3,8,1:42.211,0,,32.207,0,32.668,0,37.336,0,163.9,14:33.459,10:34:33.459,0:32.207,0:32.668,0:37.336,262.1,Jonathan ADAM,,LMGTE,,Oman Racing with TF Sport,Aston Martin,GF,32.207,32.668,37.336,
95,3,9,1:41.796,0,,32.081,0,32.408,0,37.307,0,164.6,16:15.255,10:36:15.255,0:32.081,0:32.408,0:37.307,262.1,Jonathan ADAM,,LMGTE,,Oman Racing with TF Sport,Aston Martin,GF,32.081,32.408,37.307,
95,3,10,1:42.355,0,,32.151,0,32.900,0,37.304,0,163.7,17:57.610,10:37:57.610,0:32.151,0:32.900,0:37.304,262.8,Jonathan ADAM,,LMGTE,,Oman Racing with TF Sport,Aston Martin,GF,32.151,32.900,37.304,
95,3,11,1:45.814,0,,32.365,0,32.725,0,40.724,0,158.3,19:43.424,10:39:43.424,0:32.365,0:32.725,0:40.724,264.7,Jonathan ADAM,,LMGTE,,Oman Racing with TF Sport,Aston Martin,GF,32.365,32.725,40.724,
95,3,12,1:42.248,0,,32.105,0,32.633,0,37.510,0,163.8,21:25.672,10:41:25.672,0:32.105,0:32.633,0:37.510,263.4,Jonathan ADAM,,LMGTE,,Oman Racing with TF Sport,Aston Martin,GF,32.105,32.633,37.510,
95,3,13,1:42.933,0,,32.113,0,32.953,0,37.867,0,162.7,23:08.605,10:43:08.605,0:32.113,0:32.953,0:37.867,263.4,Jonathan ADAM,,LMGTE,,Oman Racing with TF Sport,Aston Martin,GF,32.113,32.953,37.867,
95,3,14,1:44.186,0,,32.103,0,32.758,0,39.325,0,160.8,24:52.791,10:44:52.791,0:32.103,0:32.758,0:39.325,263.4,Jonathan ADAM,,LMGTE,,Oman Racing with TF Sport,Aston Martin,GF,32.103,32.758,39.325,
95,3,15,1:42.293,0,,32.054,0,32.758,0,37.481,0,163.8,26:35.084,10:46:35.084,0:32.054,0:32.758,0:37.481,263.4,Jonathan ADAM,,LMGTE,,Oman Racing with TF Sport,Aston Martin,GF,32.054,32.758,37.481,
95,3,16,1:48.698,0,B,32.176,0,33.155,0,43.367,0,154.1,28:23.782,10:48:23.782,0:32.176,0:33.155,0:43.367,263.4,Jonathan ADAM,,LMGTE,,Oman Racing with TF Sport,Aston Martin,GF,32.176,33.155,43.367,
95,1,17,4:00.008,0,,2:43.991,0,36.071,0,39.946,0,69.8,32:23.790,10:52:23.790,2:43.991,0:36.071,0:39.946,,John HARTSHORNE,0:02:13.052,LMGTE,,Oman Racing with TF Sport,Aston Martin,GF,163.991,36.071,39.946,
95,1,18,1:47.507,0,,33.922,0,34.728,0,38.857,0,155.8,34:11.297,10:54:11.297,0:33.922,0:34.728,0:38.857,257.8,John HARTSHORNE,,LMGTE,,Oman Racing with TF Sport,Aston Martin,GF,33.922,34.728,38.857,
95,1,19,1:49.336,0,,33.546,0,36.440,0,39.350,0,153.2,36:00.633,10:56:00.633,0:33.546,0:36.440,0:39.350,257.8,John HARTSHORNE,,LMGTE,,Oman Racing with TF Sport,Aston Martin,GF,33.546,36.440,39.350,
95,1,20,1:45.889,0,,33.279,0,33.916,0,38.694,0,158.2,37:46.522,10:57:46.522,0:33.279,0:33.916,0:38.694,259.0,John HARTSHORNE,,LMGTE,,Oman Racing with TF Sport,Aston Martin,GF,33.279,33.916,38.694,
95,1,21,1:46.281,0,,33.009,0,33.783,0,39.489,0,157.6,39:32.803,10:59:32.803,0:33.009,0:33.783,0:39.489,259.0,John HARTSHORNE,,LMGTE,,Oman Racing with TF Sport,Aston Martin,GF,33.009,33.783,39.489,
95,1,22,1:50.265,0,,35.112,0,34.583,0,40.570,0,151.9,41:23.068,11:01:23.068,0:35.112,0:34.583,0:40.570,254.1,John HARTSHORNE,,LMGTE,,Oman Racing with TF Sport,Aston Martin,GF,35.112,34.583,40.570,
95,1,23,1:47.183,0,,33.863,0,33.757,0,39.563,0,156.3,43:10.251,11:03:10.251,0:33.863,0:33.757,0:39.563,255.3,John HARTSHORNE,,LMGTE,,Oman Racing with TF Sport,Aston Martin,GF,33.863,33.757,39.563,
95,1,24,1:47.370,0,,33.388,0,34.172,0,39.810,0,156.0,44:57.621,11:04:57.621,0:33.388,0:34.172,0:39.810,259.0,John HARTSHORNE,,LMGTE,,Oman Racing with TF Sport,Aston Martin,GF,33.388,34.172,39.810,
95,1,25,1:46.177,0,,33.073,0,33.688,0,39.416,0,157.8,46:43.798,11:06:43.798,0:33.073,0:33.688,0:39.416,260.2,John HARTSHORNE,,LMGTE,,Oman Racing with TF Sport,Aston Martin,GF,33.073,33.688,39.416,
95,1,26,1:45.939,0,,33.078,0,33.938,0,38.923,0,158.1,48:29.737,11:08:29.737,0:33.078,0:33.938,0:38.923,259.6,John HARTSHORNE,,LMGTE,,Oman Racing with TF Sport,Aston Martin,GF,33.078,33.938,38.923,
95,1,27,1:45.935,0,,33.090,0,34.202,0,38.643,0,158.1,50:15.672,11:10:15.672,0:33.090,0:34.202,0:38.643,260.2,John HARTSHORNE,,LMGTE,,Oman Racing with TF Sport,Aston Martin,GF,33.090,34.202,38.643,
95,1,28,1:45.858,0,,32.876,0,33.872,0,39.110,0,158.2,52:01.530,11:12:01.530,0:32.876,0:33.872,0:39.110,260.9,John HARTSHORNE,,LMGTE,,Oman Racing with TF Sport,Aston Martin,GF,32.876,33.872,39.110,
95,1,29,1:45.568,0,,33.321,0,33.761,0,38.486,1,158.7,53:47.098,11:13:47.098,0:33.321,0:33.761,0:38.486,260.9,John HARTSHORNE,,LMGTE,,Oman Racing with TF Sport,Aston Martin,GF,33.321,33.761,38.486,
95,1,30,1:45.737,0,,33.052,0,33.986,0,38.699,0,158.4,55:32.835,11:15:32.835,0:33.052,0:33.986,0:38.699,260.2,John HARTSHORNE,,LMGTE,,Oman Racing with TF Sport,Aston Martin,GF,33.052,33.986,38.699,
95,1,31,1:44.886,0,,32.807,1,33.590,1,38.489,0,159.7,57:17.721,11:17:17.721,0:32.807,0:33.590,0:38.489,260.9,John HARTSHORNE,,LMGTE,,Oman Racing with TF Sport,Aston Martin,GF,32.807,33.590,38.489,
95,1,32,1:52.163,0,B,33.115,0,34.154,0,44.894,0,149.3,59:09.884,11:19:09.884,0:33.115,0:34.154,0:44.894,262.8,John HARTSHORNE,,LMGTE,,Oman Racing with TF Sport,Aston Martin,GF,33.115,34.154,44.894,
95,2,33,4:19.435,0,,3:08.354,0,33.296,0,37.785,0,64.6,1:03:29.319,11:23:29.319,3:08.354,0:33.296,0:37.785,,Henrique CHAVES,0:02:41.927,LMGTE,,Oman Racing with TF Sport,Aston Martin,GF,188.354,33.296,37.785,
95,2,34,1:42.518,0,,32.344,0,32.756,0,37.418,0,163.4,1:05:11.837,11:25:11.837,0:32.344,0:32.756,0:37.418,264.1,Henrique CHAVES,,LMGTE,,Oman Racing with TF Sport,Aston Martin,GF,32.344,32.756,37.418,
95,2,35,1:42.837,0,,32.569,0,32.853,0,37.415,0,162.9,1:06:54.674,11:26:54.674,0:32.569,0:32.853,0:37.415,265.4,Henrique CHAVES,,LMGTE,,Oman Racing with TF Sport,Aston Martin,GF,32.569,32.853,37.415,
95,2,36,1:42.576,0,,32.167,0,32.674,0,37.735,0,163.3,1:08:37.250,11:28:37.250,0:32.167,0:32.674,0:37.735,264.7,Henrique CHAVES,,LMGTE,,Oman Racing with TF Sport,Aston Martin,GF,32.167,32.674,37.735,
95,2,37,1:43.414,0,,32.942,0,33.004,0,37.468,0,162.0,1:10:20.664,11:30:20.664,0:32.942,0:33.004,0:37.468,263.4,Henrique CHAVES,,LMGTE,,Oman Racing with TF Sport,Aston Martin,GF,32.942,33.004,37.468,
95,2,38,1:43.390,0,,32.624,0,33.052,0,37.714,0,162.0,1:12:04.054,11:32:04.054,0:32.624,0:33.052,0:37.714,262.8,Henrique CHAVES,,LMGTE,,Oman Racing with TF Sport,Aston Martin,GF,32.624,33.052,37.714,
95,2,39,1:42.133,0,,32.150,0,32.653,0,37.330,1,164.0,1:13:46.187,11:33:46.187,0:32.150,0:32.653,0:37.330,264.1,Henrique CHAVES,,LMGTE,,Oman Racing with TF Sport,Aston Martin,GF,32.150,32.653,37.330,
95,2,40,1:42.182,0,,32.089,1,32.565,1,37.528,0,163.9,1:15:28.369,11:35:28.369,0:32.089,0:32.565,0:37.528,264.7,Henrique CHAVES,,LMGTE,,Oman Racing with TF Sport,Aston Martin,GF,32.089,32.565,37.528,
95,2,41,1:42.731,0,,32.256,0,32.981,0,37.494,0,163.1,1:17:11.100,11:37:11.100,0:32.256,0:32.981,0:37.494,264.1,Henrique CHAVES,,LMGTE,,Oman Racing with TF Sport,Aston Martin,GF,32.256,32.981,37.494,
95,2,42,1:42.456,0,,32.280,0,32.731,0,37.445,0,163.5,1:18:53.556,11:38:53.556,0:32.280,0:32.731,0:37.445,264.1,Henrique CHAVES,,LMGTE,,Oman Racing with TF Sport,Aston Martin,GF,32.280,32.731,37.445,
95,2,43,1:47.493,0,B,32.220,0,32.731,0,42.542,0,155.8,1:20:41.049,11:40:41.049,0:32.220,0:32.731,0:42.542,264.7,Henrique CHAVES,,LMGTE,,Oman Racing with TF Sport,Aston Martin,GF,32.220,32.731,42.542,
95,2,44,7:40.834,0,,6:29.628,0,32.978,0,38.228,0,36.3,1:28:21.883,11:48:21.883,6:29.628,0:32.978,0:38.228,,Henrique CHAVES,0:06:02.969,LMGTE,,Oman Racing with TF Sport,Aston Martin,GF,389.628,32.978,38.228,
95,2,45,1:42.720,0,,32.332,0,32.693,0,37.695,0,163.1,1:30:04.603,11:50:04.603,0:32.332,0:32.693,0:37.695,261.5,Henrique CHAVES,,LMGTE,,Oman Racing with TF Sport,Aston Martin,FF,32.332,32.693,37.695,
