NUMBER, DRIVER_NUMBER, LAP_NUMBER, LAP_TIME, LAP_IMPROVEMENT, CROSSING_FINISH_LINE_IN_PIT, S1, S1_IMPROVEMENT, S2, S2_IMPROVEMENT, S3, S3_IMPROVEMENT, KPH, ELAPSED, HOUR,S1_LARGE,S2_LARGE,S3_LARGE,TOP_SPEED,DRIVER_NAME,PIT_TIME,CLASS,GROUP,TEAM,MANUFACTURER,FLAG_AT_FL,S1_SECONDS,S2_SECONDS,S3_SECONDS,
10,3,1,1:58.945,0,,34.858,0,35.759,0,48.328,0,142.0,1:58.945,10:16:58.945,0:34.858,0:35.759,0:48.328,135.7,Pietro FITTIPALDI,0:00:07.608,LMP2,,Vector Sport,Oreca,GF,34.858,35.759,48.328,
10,3,2,1:40.315,0,,22.591,0,32.074,0,45.650,0,176.2,3:39.260,10:18:39.260,0:22.591,0:32.074,0:45.650,270.0,Pietro FITTIPALDI,,LMP2,,Vector Sport,Oreca,GF,22.591,32.074,45.650,
10,3,3,1:40.437,0,,20.118,0,32.119,0,48.200,0,176.0,5:19.697,10:20:19.697,0:20.118,0:32.119,0:48.200,292.7,Pietro FITTIPALDI,,LMP2,,Vector Sport,Oreca,GF,20.118,32.119,48.200,
10,3,4,1:33.034,0,,19.388,0,29.876,2,43.770,0,190.0,6:52.731,10:21:52.731,0:19.388,0:29.876,0:43.770,294.3,Pietro FITTIPALDI,,LMP2,,Vector Sport,Oreca,GF,19.388,29.876,43.770,
10,3,5,1:37.287,0,,19.484,0,30.292,0,47.511,0,181.7,8:30.018,10:23:30.018,0:19.484,0:30.292,0:47.511,296.7,Pietro FITTIPALDI,,LMP2,,Vector Sport,Oreca,GF,19.484,30.292,47.511,
10,3,6,1:32.459,2,,19.202,0,29.933,0,43.324,2,191.1,10:02.477,10:25:02.477,0:19.202,0:29.933,0:43.324,295.9,Pietro FITTIPALDI,,LMP2,,Vector Sport,Oreca,GF,19.202,29.933,43.324,
10,3,7,1:33.379,0,,19.157,2,29.881,0,44.341,0,189.3,11:35.856,10:26:35.856,0:19.157,0:29.881,0:44.341,296.7,Pietro FITTIPALDI,,LMP2,,Vector Sport,Oreca,GF,19.157,29.881,44.341,
10,3,8,1:50.378,0,B,19.317,0,30.131,0,1:00.930,0,160.1,13:26.234,10:28:26.234,0:19.317,0:30.131,1:00.930,295.9,Pietro FITTIPALDI,,LMP2,,Vector Sport,Oreca,GF,19.317,30.131,60.930,
10,2,9,8:09.085,0,,6:52.578,0,31.905,0,44.602,0,36.1,21:35.319,10:36:35.319,6:52.578,0:31.905,0:44.602,196.7,Vladislav LOMKO,0:06:50.004,LMP2,,Vector Sport,Oreca,GF,412.578,31.905,44.602,
10,2,10,1:35.254,0,,19.782,0,31.176,0,44.296,0,185.5,23:10.573,10:38:10.573,0:19.782,0:31.176,0:44.296,292.7,Vladislav LOMKO,,LMP2,,Vector Sport,Oreca,GF,19.782,31.176,44.296,
10,2,11,1:39.759,0,,19.745,0,32.876,0,47.138,0,177.2,24:50.332,10:39:50.332,0:19.745,0:32.876,0:47.138,295.9,Vladislav LOMKO,,LMP2,,Vector Sport,Oreca,GF,19.745,32.876,47.138,
10,2,12,1:33.834,0,,19.766,0,30.364,0,43.704,0,188.3,26:24.166,10:41:24.166,0:19.766,0:30.364,0:43.704,297.5,Vladislav LOMKO,,LMP2,,Vector Sport,Oreca,GF,19.766,30.364,43.704,
10,2,13,1:33.823,0,,19.476,0,30.242,0,44.105,0,188.4,27:57.989,10:42:57.989,0:19.476,0:30.242,0:44.105,294.3,Vladislav LOMKO,,LMP2,,Vector Sport,Oreca,GF,19.476,30.242,44.105,
10,2,14,1:34.710,0,,19.376,0,30.392,0,44.942,0,186.6,29:32.699,10:44:32.699,0:19.376,0:30.392,0:44.942,295.1,Vladislav LOMKO,,LMP2,,Vector Sport,Oreca,GF,19.376,30.392,44.942,
10,2,15,1:34.236,0,,19.430,0,30.183,1,44.623,0,187.5,31:06.935,10:46:06.935,0:19.430,0:30.183,0:44.623,294.3,Vladislav LOMKO,,LMP2,,Vector Sport,Oreca,GF,19.430,30.183,44.623,
10,2,16,1:34.392,0,,19.470,0,30.999,0,43.923,0,187.2,32:41.327,10:47:41.327,0:19.470,0:30.999,0:43.923,295.1,Vladislav LOMKO,,LMP2,,Vector Sport,Oreca,GF,19.470,30.999,43.923,
10,2,17,1:36.076,0,,19.317,1,30.684,0,46.075,0,183.9,34:17.403,10:49:17.403,0:19.317,0:30.684,0:46.075,296.7,Vladislav LOMKO,,LMP2,,Vector Sport,Oreca,GF,19.317,30.684,46.075,
10,2,18,1:35.448,0,,20.277,0,31.134,0,44.037,0,185.2,35:52.851,10:50:52.851,0:20.277,0:31.134,0:44.037,295.9,Vladislav LOMKO,,LMP2,,Vector Sport,Oreca,GF,20.277,31.134,44.037,
10,2,19,1:35.954,0,,19.487,0,30.834,0,45.633,0,184.2,37:28.805,10:52:28.805,0:19.487,0:30.834,0:45.633,296.7,Vladislav LOMKO,,LMP2,,Vector Sport,Oreca,GF,19.487,30.834,45.633,
10,2,20,1:34.835,0,,19.687,0,30.591,0,44.557,0,186.3,39:03.640,10:54:03.640,0:19.687,0:30.591,0:44.557,295.9,Vladislav LOMKO,,LMP2,,Vector Sport,Oreca,GF,19.687,30.591,44.557,
10,2,21,1:33.307,0,,19.418,0,30.278,0,43.611,1,189.4,40:36.947,10:55:36.947,0:19.418,0:30.278,0:43.611,295.9,Vladislav LOMKO,,LMP2,,Vector Sport,Oreca,GF,19.418,30.278,43.611,
10,2,22,1:33.559,0,,19.362,0,30.553,0,43.644,0,188.9,42:10.506,10:57:10.506,0:19.362,0:30.553,0:43.644,296.7,Vladislav LOMKO,,LMP2,,Vector Sport,Oreca,GF,19.362,30.553,43.644,
10,2,23,1:36.246,0,,19.357,0,30.624,0,46.265,0,183.6,43:46.752,10:58:46.752,0:19.357,0:30.624,0:46.265,295.1,Vladislav LOMKO,,LMP2,,Vector Sport,Oreca,GF,19.357,30.624,46.265,
10,2,24,1:33.857,0,,19.451,0,30.632,0,43.774,0,188.3,45:20.609,11:00:20.609,0:19.451,0:30.632,0:43.774,295.9,Vladislav LOMKO,,LMP2,,Vector Sport,Oreca,GF,19.451,30.632,43.774,
10,2,25,1:53.078,0,B,21.151,0,30.632,0,1:01.295,0,156.3,47:13.687,11:02:13.687,0:21.151,0:30.632,1:01.295,295.9,Vladislav LOMKO,,LMP2,,Vector Sport,Oreca,GF,21.151,30.632,61.295,
10,1,26,3:08.776,0,,1:50.149,0,32.659,0,45.968,0,93.6,50:22.463,11:05:22.463,1:50.149,0:32.659,0:45.968,198.5,Ryan CULLEN,0:01:48.002,LMP2,,Vector Sport,Oreca,GF,110.149,32.659,45.968,
10,1,27,1:38.756,0,,20.657,0,33.106,0,44.993,0,179.0,52:01.219,11:07:01.219,0:20.657,0:33.106,0:44.993,294.3,Ryan CULLEN,,LMP2,,Vector Sport,Oreca,GF,20.657,33.106,44.993,
10,1,28,2:59.012,0,,20.417,0,59.058,0,1:39.537,0,98.7,55:00.231,11:10:00.231,0:20.417,0:59.058,1:39.537,292.7,Ryan CULLEN,,LMP2,,Vector Sport,Oreca,FCY,20.417,59.058,99.537,
10,1,29,3:04.966,0,,55.662,0,1:09.383,0,59.921,0,95.5,58:05.197,11:13:05.197,0:55.662,1:09.383,0:59.921,80.5,Ryan CULLEN,,LMP2,,Vector Sport,Oreca,GF,55.662,69.383,59.921,
10,1,30,1:37.825,0,,20.843,0,31.905,0,45.077,0,180.7,59:43.022,11:14:43.022,0:20.843,0:31.905,0:45.077,292.7,Ryan CULLEN,,LMP2,,Vector Sport,Oreca,GF,20.843,31.905,45.077,
10,1,31,1:36.717,0,,19.779,0,31.409,0,45.529,0,182.7,1:01:19.739,11:16:19.739,0:19.779,0:31.409,0:45.529,292.7,Ryan CULLEN,,LMP2,,Vector Sport,Oreca,GF,19.779,31.409,45.529,
10,1,32,1:36.684,0,,20.339,0,31.643,0,44.702,0,182.8,1:02:56.423,11:17:56.423,0:20.339,0:31.643,0:44.702,294.3,Ryan CULLEN,,LMP2,,Vector Sport,Oreca,GF,20.339,31.643,44.702,
10,1,33,1:35.882,0,,19.781,0,31.302,0,44.799,0,184.3,1:04:32.305,11:19:32.305,0:19.781,0:31.302,0:44.799,295.1,Ryan CULLEN,,LMP2,,Vector Sport,Oreca,GF,19.781,31.302,44.799,
10,1,34,1:36.140,0,,19.636,0,31.601,0,44.903,0,183.8,1:06:08.445,11:21:08.445,0:19.636,0:31.601,0:44.903,295.1,Ryan CULLEN,,LMP2,,Vector Sport,Oreca,GF,19.636,31.601,44.903,
10,1,35,1:37.103,0,,20.110,0,31.572,0,45.421,0,182.0,1:07:45.548,11:22:45.548,0:20.110,0:31.572,0:45.421,297.5,Ryan CULLEN,,LMP2,,Vector Sport,Oreca,GF,20.110,31.572,45.421,
10,1,36,1:35.466,0,,19.855,0,31.047,1,44.564,0,185.1,1:09:21.014,11:24:21.014,0:19.855,0:31.047,0:44.564,295.1,Ryan CULLEN,,LMP2,,Vector Sport,Oreca,GF,19.855,31.047,44.564,
10,1,37,1:37.700,0,,20.392,0,31.837,0,45.471,0,180.9,1:10:58.714,11:25:58.714,0:20.392,0:31.837,0:45.471,294.3,Ryan CULLEN,,LMP2,,Vector Sport,Oreca,GF,20.392,31.837,45.471,
10,1,38,1:35.991,0,,19.722,0,31.572,0,44.697,0,184.1,1:12:34.705,11:27:34.705,0:19.722,0:31.572,0:44.697,295.9,Ryan CULLEN,,LMP2,,Vector Sport,Oreca,GF,19.722,31.572,44.697,
10,1,39,1:36.303,0,,19.630,0,31.326,0,45.347,0,183.5,1:14:11.008,11:29:11.008,0:19.630,0:31.326,0:45.347,295.1,Ryan CULLEN,,LMP2,,Vector Sport,Oreca,GF,19.630,31.326,45.347,
10,1,40,1:35.144,0,,19.587,1,31.084,0,44.473,1,185.7,1:15:46.152,11:30:46.152,0:19.587,0:31.084,0:44.473,294.3,Ryan CULLEN,,LMP2,,Vector Sport,Oreca,GF,19.587,31.084,44.473,
10,1,41,1:56.789,0,B,20.446,0,32.849,0,1:03.494,0,151.3,1:17:42.941,11:32:42.941,0:20.446,0:32.849,1:03.494,295.1,Ryan CULLEN,,LMP2,,Vector Sport,Oreca,GF,20.446,32.849,63.494,
10,3,42,2:33.709,0,,1:17.538,0,31.564,0,44.607,0,115.0,1:20:16.650,11:35:16.650,1:17.538,0:31.564,0:44.607,203.0,Pietro FITTIPALDI,0:01:16.192,LMP2,,Vector Sport,Oreca,GF,77.538,31.564,44.607,
10,3,43,1:34.168,0,,19.586,0,30.598,0,43.984,0,187.7,1:21:50.818,11:36:50.818,0:19.586,0:30.598,0:43.984,295.1,Pietro FITTIPALDI,,LMP2,,Vector Sport,Oreca,GF,19.586,30.598,43.984,
10,3,44,1:36.517,0,,19.568,0,32.203,0,44.746,0,183.1,1:23:27.335,11:38:27.335,0:19.568,0:32.203,0:44.746,295.1,Pietro FITTIPALDI,,LMP2,,Vector Sport,Oreca,GF,19.568,32.203,44.746,
10,3,45,1:33.854,0,,19.451,0,30.474,0,43.929,0,188.3,1:25:01.189,11:40:01.189,0:19.451,0:30.474,0:43.929,295.9,Pietro FITTIPALDI,,LMP2,,Vector Sport,Oreca,GF,19.451,30.474,43.929,
10,3,46,1:34.882,0,,19.874,0,30.824,0,44.184,0,186.3,1:26:36.071,11:41:36.071,0:19.874,0:30.824,0:44.184,291.1,Pietro FITTIPALDI,,LMP2,,Vector Sport,Oreca,GF,19.874,30.824,44.184,
10,3,47,1:35.416,0,,20.203,0,30.650,0,44.563,0,185.2,1:28:11.487,11:43:11.487,0:20.203,0:30.650,0:44.563,297.5,Pietro FITTIPALDI,,LMP2,,Vector Sport,Oreca,GF,20.203,30.650,44.563,
10,3,48,1:33.502,0,,19.341,0,30.260,0,43.901,0,189.0,1:29:44.989,11:44:44.989,0:19.341,0:30.260,0:43.901,295.9,Pietro FITTIPALDI,,LMP2,,Vector Sport,Oreca,GF,19.341,30.260,43.901,
10,3,49,1:35.986,0,,19.555,0,30.526,0,45.905,0,184.1,1:31:20.975,11:46:20.975,0:19.555,0:30.526,0:45.905,297.5,Pietro FITTIPALDI,,LMP2,,Vector Sport,Oreca,FF,19.555,30.526,45.905,
11,2,1,3:08.222,0,,1:29.578,0,42.357,0,56.287,0,89.7,3:08.222,10:18:08.222,1:29.578,0:42.357,0:56.287,159.1,Ian AGUILERA,0:01:00.746,LMP3,,Eurointernational,Ligier,GF,89.578,42.357,56.287,
11,2,2,1:55.329,0,,22.451,0,38.165,0,54.713,0,153.2,5:03.551,10:20:03.551,0:22.451,0:38.165,0:54.713,265.4,Ian AGUILERA,,LMP3,,Eurointernational,Ligier,GF,22.451,38.165,54.713,
11,2,3,1:41.165,0,,21.283,0,32.939,0,46.943,0,174.7,6:44.716,10:21:44.716,0:21.283,0:32.939,0:46.943,268.0,Ian AGUILERA,,LMP3,,Eurointernational,Ligier,GF,21.283,32.939,46.943,
11,2,4,1:59.605,0,B,21.640,0,32.941,0,1:05.024,0,147.8,8:44.321,10:23:44.321,0:21.640,0:32.941,1:05.024,272.0,Ian AGUILERA,,LMP3,,Eurointernational,Ligier,GF,21.640,32.941,65.024,
11,2,5,1:57.388,0,,35.603,0,33.584,0,48.201,0,150.5,10:41.709,10:25:41.709,0:35.603,0:33.584,0:48.201,183.7,Ian AGUILERA,0:00:33.135,LMP3,,Eurointernational,Ligier,GF,35.603,33.584,48.201,
11,2,6,1:42.169,0,,21.044,0,32.824,0,48.301,0,173.0,12:23.878,10:27:23.878,0:21.044,0:32.824,0:48.301,270.7,Ian AGUILERA,,LMP3,,Eurointernational,Ligier,GF,21.044,32.824,48.301,
11,2,7,1:40.680,0,,21.113,0,32.693,0,46.874,0,175.5,14:04.558,10:29:04.558,0:21.113,0:32.693,0:46.874,270.7,Ian AGUILERA,,LMP3,,Eurointernational,Ligier,GF,21.113,32.693,46.874,
11,2,8,1:40.356,2,,20.979,0,32.713,0,46.664,2,176.1,15:44.914,10:30:44.914,0:20.979,0:32.713,0:46.664,270.7,Ian AGUILERA,,LMP3,,Eurointernational,Ligier,GF,20.979,32.713,46.664,
11,2,9,1:40.585,0,,20.925,2,32.565,2,47.095,0,175.7,17:25.499,10:32:25.499,0:20.925,0:32.565,0:47.095,270.0,Ian AGUILERA,,LMP3,,Eurointernational,Ligier,GF,20.925,32.565,47.095,
11,2,10,1:58.764,0,B,21.062,0,33.718,0,1:03.984,0,148.8,19:24.263,10:34:24.263,0:21.062,0:33.718,1:03.984,272.0,Ian AGUILERA,,LMP3,,Eurointernational,Ligier,GF,21.062,33.718,63.984,
11,1,11,8:23.183,0,,6:58.437,0,35.774,0,48.972,0,35.1,27:47.446,10:42:47.446,6:58.437,0:35.774,0:48.972,178.2,Fabien MICHAL,0:06:54.131,LMP3,,Eurointernational,Ligier,GF,418.437,35.774,48.972,
11,1,12,1:45.925,0,,22.477,0,34.192,0,49.256,0,166.8,29:33.371,10:44:33.371,0:22.477,0:34.192,0:49.256,259.6,Fabien MICHAL,,LMP3,,Eurointernational,Ligier,GF,22.477,34.192,49.256,
11,1,13,1:44.362,0,,21.793,0,34.087,0,48.482,0,169.3,31:17.733,10:46:17.733,0:21.793,0:34.087,0:48.482,264.7,Fabien MICHAL,,LMP3,,Eurointernational,Ligier,GF,21.793,34.087,48.482,
11,1,14,1:43.188,0,,21.827,0,33.617,0,47.744,1,171.3,33:00.921,10:48:00.921,0:21.827,0:33.617,0:47.744,266.7,Fabien MICHAL,,LMP3,,Eurointernational,Ligier,GF,21.827,33.617,47.744,
11,1,15,1:50.395,0,,22.029,0,39.191,0,49.175,0,160.1,34:51.316,10:49:51.316,0:22.029,0:39.191,0:49.175,268.7,Fabien MICHAL,,LMP3,,Eurointernational,Ligier,GF,22.029,39.191,49.175,
11,1,16,1:45.651,0,,21.669,0,35.042,0,48.940,0,167.3,36:36.967,10:51:36.967,0:21.669,0:35.042,0:48.940,270.7,Fabien MICHAL,,LMP3,,Eurointernational,Ligier,GF,21.669,35.042,48.940,
11,1,17,1:43.451,0,,21.949,0,33.659,0,47.843,0,170.8,38:20.418,10:53:20.418,0:21.949,0:33.659,0:47.843,267.3,Fabien MICHAL,,LMP3,,Eurointernational,Ligier,GF,21.949,33.659,47.843,
11,1,18,1:45.839,0,,21.519,0,33.196,1,51.124,0,167.0,40:06.257,10:55:06.257,0:21.519,0:33.196,0:51.124,268.7,Fabien MICHAL,,LMP3,,Eurointernational,Ligier,GF,21.519,33.196,51.124,
11,1,19,1:59.606,0,B,21.391,1,33.590,0,1:04.625,0,147.8,42:05.863,10:57:05.863,0:21.391,0:33.590,1:04.625,269.3,Fabien MICHAL,,LMP3,,Eurointernational,Ligier,GF,21.391,33.590,64.625,
11,1,20,5:03.108,0,B,3:24.359,0,34.494,0,1:04.255,0,58.3,47:08.971,11:02:08.971,3:24.359,0:34.494,1:04.255,183.1,Fabien MICHAL,0:03:20.963,LMP3,,Eurointernational,Ligier,GF,204.359,34.494,64.255,
11,1,21,3:38.791,0,B,1:59.895,0,34.568,0,1:04.328,0,80.8,50:47.762,11:05:47.762,1:59.895,0:34.568,1:04.328,182.7,Fabien MICHAL,0:01:57.061,LMP3,,Eurointernational,Ligier,GF,119.895,34.568,64.328,
12,3,1,3:57.707,0,,2:23.347,0,40.470,0,53.890,0,71.0,3:57.707,10:18:57.707,2:23.347,0:40.470,0:53.890,160.5,Griffin PEEBLES,0:01:54.568,LMP3,,WTM by Rinaldi Racing,Duqueine,GF,143.347,40.470,53.890,
12,3,2,1:47.642,0,,22.918,0,35.410,0,49.314,0,164.2,5:45.349,10:20:45.349,0:22.918,0:35.410,0:49.314,266.0,Griffin PEEBLES,,LMP3,,WTM by Rinaldi Racing,Duqueine,GF,22.918,35.410,49.314,
12,3,3,1:46.189,0,,21.664,0,33.032,0,51.493,0,166.4,7:31.538,10:22:31.538,0:21.664,0:33.032,0:51.493,268.7,Griffin PEEBLES,,LMP3,,WTM by Rinaldi Racing,Duqueine,GF,21.664,33.032,51.493,
12,3,4,1:42.000,0,,21.210,0,32.942,0,47.848,0,173.3,9:13.538,10:24:13.538,0:21.210,0:32.942,0:47.848,268.7,Griffin PEEBLES,,LMP3,,WTM by Rinaldi Racing,Duqueine,GF,21.210,32.942,47.848,
12,3,5,1:42.125,0,,21.034,0,33.339,0,47.752,0,173.0,10:55.663,10:25:55.663,0:21.034,0:33.339,0:47.752,269.3,Griffin PEEBLES,,LMP3,,WTM by Rinaldi Racing,Duqueine,GF,21.034,33.339,47.752,
12,3,6,1:39.787,2,,20.892,0,32.466,0,46.429,2,177.1,12:35.450,10:27:35.450,0:20.892,0:32.466,0:46.429,270.7,Griffin PEEBLES,,LMP3,,WTM by Rinaldi Racing,Duqueine,GF,20.892,32.466,46.429,
12,3,7,1:39.889,0,,21.051,0,32.370,2,46.468,0,176.9,14:15.339,10:29:15.339,0:21.051,0:32.370,0:46.468,268.7,Griffin PEEBLES,,LMP3,,WTM by Rinaldi Racing,Duqueine,GF,21.051,32.370,46.468,
12,3,8,1:40.494,0,,20.887,2,32.486,0,47.121,0,175.9,15:55.833,10:30:55.833,0:20.887,0:32.486,0:47.121,268.0,Griffin PEEBLES,,LMP3,,WTM by Rinaldi Racing,Duqueine,GF,20.887,32.486,47.121,
15,3,1,2:31.945,0,,1:05.643,0,36.430,0,49.872,0,111.1,2:31.945,10:17:31.945,1:05.643,0:36.430,0:49.872,162.7,Gillian HENRION,0:00:39.412,LMP3,,RLR M Sport,Ligier,GF,65.643,36.430,49.872,
15,3,2,1:43.705,0,,21.942,0,33.797,0,47.966,0,170.4,4:15.650,10:19:15.650,0:21.942,0:33.797,0:47.966,266.0,Gillian HENRION,,LMP3,,RLR M Sport,Ligier,GF,21.942,33.797,47.966,
15,3,3,1:41.939,0,,21.510,0,33.149,0,47.280,0,173.4,5:57.589,10:20:57.589,0:21.510,0:33.149,0:47.280,270.0,Gillian HENRION,,LMP3,,RLR M Sport,Ligier,GF,21.510,33.149,47.280,
15,3,4,1:42.678,0,,21.377,0,33.264,0,48.037,0,172.1,7:40.267,10:22:40.267,0:21.377,0:33.264,0:48.037,270.7,Gillian HENRION,,LMP3,,RLR M Sport,Ligier,GF,21.377,33.264,48.037,
15,3,5,1:41.697,0,,21.180,0,33.017,0,47.500,0,173.8,9:21.964,10:24:21.964,0:21.180,0:33.017,0:47.500,269.3,Gillian HENRION,,LMP3,,RLR M Sport,Ligier,GF,21.180,33.017,47.500,
15,3,6,1:40.871,0,,21.073,0,32.821,0,46.977,0,175.2,11:02.835,10:26:02.835,0:21.073,0:32.821,0:46.977,269.3,Gillian HENRION,,LMP3,,RLR M Sport,Ligier,GF,21.073,32.821,46.977,
15,3,7,1:41.039,0,,21.014,2,32.859,0,47.166,0,174.9,12:43.874,10:27:43.874,0:21.014,0:32.859,0:47.166,270.0,Gillian HENRION,,LMP3,,RLR M Sport,Ligier,GF,21.014,32.859,47.166,
15,3,8,1:40.963,0,,21.072,0,32.754,2,47.137,0,175.0,14:24.837,10:29:24.837,0:21.072,0:32.754,0:47.137,272.0,Gillian HENRION,,LMP3,,RLR M Sport,Ligier,GF,21.072,32.754,47.137,
15,3,9,1:40.529,2,,21.015,0,32.755,0,46.759,2,175.8,16:05.366,10:31:05.366,0:21.015,0:32.755,0:46.759,270.7,Gillian HENRION,,LMP3,,RLR M Sport,Ligier,GF,21.015,32.755,46.759,
15,3,10,1:58.737,0,B,21.458,0,33.355,0,1:03.924,0,148.8,18:04.103,10:33:04.103,0:21.458,0:33.355,1:03.924,270.7,Gillian HENRION,,LMP3,,RLR M Sport,Ligier,GF,21.458,33.355,63.924,
15,2,11,3:16.399,0,,1:52.251,0,35.042,0,49.106,0,90.0,21:20.502,10:36:20.502,1:52.251,0:35.042,0:49.106,184.9,Nick ADCOCK,0:01:48.796,LMP3,,RLR M Sport,Ligier,GF,112.251,35.042,49.106,
15,2,12,1:45.829,0,,22.079,0,34.737,0,49.013,0,167.0,23:06.331,10:38:06.331,0:22.079,0:34.737,0:49.013,268.0,Nick ADCOCK,,LMP3,,RLR M Sport,Ligier,GF,22.079,34.737,49.013,
15,2,13,1:46.563,0,,22.035,0,34.422,0,50.106,0,165.8,24:52.894,10:39:52.894,0:22.035,0:34.422,0:50.106,266.7,Nick ADCOCK,,LMP3,,RLR M Sport,Ligier,GF,22.035,34.422,50.106,
15,2,14,1:45.155,0,,21.746,1,34.267,0,49.142,0,168.1,26:38.049,10:41:38.049,0:21.746,0:34.267,0:49.142,269.3,Nick ADCOCK,,LMP3,,RLR M Sport,Ligier,GF,21.746,34.267,49.142,
15,2,15,1:44.462,0,,21.860,0,34.097,0,48.505,1,169.2,28:22.511,10:43:22.511,0:21.860,0:34.097,0:48.505,270.0,Nick ADCOCK,,LMP3,,RLR M Sport,Ligier,GF,21.860,34.097,48.505,
15,2,16,1:44.324,0,,21.816,0,33.987,1,48.521,0,169.4,30:06.835,10:45:06.835,0:21.816,0:33.987,0:48.521,267.3,Nick ADCOCK,,LMP3,,RLR M Sport,Ligier,GF,21.816,33.987,48.521,
15,2,17,1:45.518,0,,22.231,0,34.556,0,48.731,0,167.5,31:52.353,10:46:52.353,0:22.231,0:34.556,0:48.731,268.7,Nick ADCOCK,,LMP3,,RLR M Sport,Ligier,GF,22.231,34.556,48.731,
15,2,18,2:02.254,0,B,22.157,0,34.364,0,1:05.733,0,144.6,33:54.607,10:48:54.607,0:22.157,0:34.364,1:05.733,268.7,Nick ADCOCK,,LMP3,,RLR M Sport,Ligier,GF,22.157,34.364,65.733,
15,1,19,3:26.470,0,,2:00.718,0,36.020,0,49.732,0,85.6,37:21.077,10:52:21.077,2:00.718,0:36.020,0:49.732,182.4,Michael JENSEN,0:01:56.349,LMP3,,RLR M Sport,Ligier,GF,120.718,36.020,49.732,
15,1,20,1:47.181,0,,22.225,0,34.884,0,50.072,0,164.9,39:08.258,10:54:08.258,0:22.225,0:34.884,0:50.072,268.0,Michael JENSEN,,LMP3,,RLR M Sport,Ligier,GF,22.225,34.884,50.072,
15,1,21,1:47.657,0,,22.462,0,35.810,0,49.385,0,164.2,40:55.915,10:55:55.915,0:22.462,0:35.810,0:49.385,268.7,Michael JENSEN,,LMP3,,RLR M Sport,Ligier,GF,22.462,35.810,49.385,
15,1,22,1:47.791,0,,22.414,0,35.902,0,49.475,0,164.0,42:43.706,10:57:43.706,0:22.414,0:35.902,0:49.475,270.0,Michael JENSEN,,LMP3,,RLR M Sport,Ligier,GF,22.414,35.902,49.475,
15,1,23,1:45.429,0,,22.053,0,34.418,0,48.958,0,167.6,44:29.135,10:59:29.135,0:22.053,0:34.418,0:48.958,266.7,Michael JENSEN,,LMP3,,RLR M Sport,Ligier,GF,22.053,34.418,48.958,
15,1,24,1:45.863,0,,21.995,0,35.167,0,48.701,0,166.9,46:14.998,11:01:14.998,0:21.995,0:35.167,0:48.701,267.3,Michael JENSEN,,LMP3,,RLR M Sport,Ligier,GF,21.995,35.167,48.701,
15,1,25,1:45.231,0,,21.974,0,34.324,0,48.933,0,167.9,48:00.229,11:03:00.229,0:21.974,0:34.324,0:48.933,268.7,Michael JENSEN,,LMP3,,RLR M Sport,Ligier,GF,21.974,34.324,48.933,
15,1,26,1:47.041,0,,21.951,0,35.240,0,49.850,0,165.1,49:47.270,11:04:47.270,0:21.951,0:35.240,0:49.850,268.7,Michael JENSEN,,LMP3,,RLR M Sport,Ligier,GF,21.951,35.240,49.850,
15,1,27,2:04.024,0,B,22.036,0,35.723,0,1:06.265,0,142.5,51:51.294,11:06:51.294,0:22.036,0:35.723,1:06.265,269.3,Michael JENSEN,,LMP3,,RLR M Sport,Ligier,GF,22.036,35.723,66.265,
15,2,28,6:33.246,0,,4:36.664,0,1:06.435,0,50.147,0,44.9,58:24.540,11:13:24.540,4:36.664,1:06.435,0:50.147,81.6,Nick ADCOCK,0:04:11.379,LMP3,,RLR M Sport,Ligier,GF,276.664,66.435,50.147,
15,2,29,1:46.131,0,,22.222,0,34.655,0,49.254,0,166.5,1:00:10.671,11:15:10.671,0:22.222,0:34.655,0:49.254,262.8,Nick ADCOCK,,LMP3,,RLR M Sport,Ligier,GF,22.222,34.655,49.254,
15,2,30,1:45.007,0,,21.940,0,34.283,0,48.784,0,168.3,1:01:55.678,11:16:55.678,0:21.940,0:34.283,0:48.784,264.1,Nick ADCOCK,,LMP3,,RLR M Sport,Ligier,GF,21.940,34.283,48.784,
15,2,31,1:45.267,0,,21.856,0,34.459,0,48.952,0,167.9,1:03:40.945,11:18:40.945,0:21.856,0:34.459,0:48.952,267.3,Nick ADCOCK,,LMP3,,RLR M Sport,Ligier,GF,21.856,34.459,48.952,
15,2,32,1:45.022,0,,21.950,0,34.369,0,48.703,0,168.3,1:05:25.967,11:20:25.967,0:21.950,0:34.369,0:48.703,268.0,Nick ADCOCK,,LMP3,,RLR M Sport,Ligier,GF,21.950,34.369,48.703,
15,2,33,1:45.142,0,,21.829,0,34.338,0,48.975,0,168.1,1:07:11.109,11:22:11.109,0:21.829,0:34.338,0:48.975,267.3,Nick ADCOCK,,LMP3,,RLR M Sport,Ligier,GF,21.829,34.338,48.975,
15,2,34,2:02.835,0,B,22.074,0,34.314,0,1:06.447,0,143.9,1:09:13.944,11:24:13.944,0:22.074,0:34.314,1:06.447,267.3,Nick ADCOCK,,LMP3,,RLR M Sport,Ligier,GF,22.074,34.314,66.447,
15,3,35,3:24.321,0,,2:00.580,0,34.738,0,49.003,0,86.5,1:12:38.265,11:27:38.265,2:00.580,0:34.738,0:49.003,180.3,Gillian HENRION,0:01:56.643,LMP3,,RLR M Sport,Ligier,GF,120.580,34.738,49.003,
15,3,36,1:43.118,0,,21.519,0,33.685,0,47.914,0,171.4,1:14:21.383,11:29:21.383,0:21.519,0:33.685,0:47.914,267.3,Gillian HENRION,,LMP3,,RLR M Sport,Ligier,GF,21.519,33.685,47.914,
15,3,37,1:42.594,0,,21.330,0,33.811,0,47.453,0,172.3,1:16:03.977,11:31:03.977,0:21.330,0:33.811,0:47.453,270.7,Gillian HENRION,,LMP3,,RLR M Sport,Ligier,GF,21.330,33.811,47.453,
15,3,38,1:42.469,0,,21.341,0,33.675,0,47.453,0,172.5,1:17:46.446,11:32:46.446,0:21.341,0:33.675,0:47.453,270.0,Gillian HENRION,,LMP3,,RLR M Sport,Ligier,GF,21.341,33.675,47.453,
15,3,39,2:01.197,0,B,21.535,0,33.547,0,1:06.115,0,145.8,1:19:47.643,11:34:47.643,0:21.535,0:33.547,1:06.115,270.7,Gillian HENRION,,LMP3,,RLR M Sport,Ligier,GF,21.535,33.547,66.115,
15,1,40,3:24.838,0,,2:00.568,0,35.349,0,48.921,0,86.3,1:23:12.481,11:38:12.481,2:00.568,0:35.349,0:48.921,164.1,Michael JENSEN,0:01:56.193,LMP3,,RLR M Sport,Ligier,GF,120.568,35.349,48.921,
15,1,41,1:46.897,0,,22.170,0,35.149,0,49.578,0,165.3,1:24:59.378,11:39:59.378,0:22.170,0:35.149,0:49.578,266.7,Michael JENSEN,,LMP3,,RLR M Sport,Ligier,GF,22.170,35.149,49.578,
15,1,42,1:44.823,0,,21.919,1,34.252,1,48.652,1,168.6,1:26:44.201,11:41:44.201,0:21.919,0:34.252,0:48.652,268.7,Michael JENSEN,,LMP3,,RLR M Sport,Ligier,GF,21.919,34.252,48.652,
15,1,43,1:45.605,0,,22.104,0,34.623,0,48.878,0,167.3,1:28:29.806,11:43:29.806,0:22.104,0:34.623,0:48.878,269.3,Michael JENSEN,,LMP3,,RLR M Sport,Ligier,GF,22.104,34.623,48.878,
15,1,44,1:47.001,0,,22.148,0,34.711,0,50.142,0,165.2,1:30:16.807,11:45:16.807,0:22.148,0:34.711,0:50.142,268.0,Michael JENSEN,,LMP3,,RLR M Sport,Ligier,FF,22.148,34.711,50.142,
17,3,1,10:58.812,0,,9:33.757,0,35.726,0,49.329,0,25.6,10:58.812,10:25:58.812,9:33.757,0:35.726,0:49.329,153.0,Theodor JENSEN,0:09:05.896,LMP3,,CLX Motorsport,Ligier,GF,573.757,35.726,49.329,
17,3,2,1:42.785,0,,21.539,0,33.186,0,48.060,0,171.9,12:41.597,10:27:41.597,0:21.539,0:33.186,0:48.060,265.4,Theodor JENSEN,,LMP3,,CLX Motorsport,Ligier,GF,21.539,33.186,48.060,
17,3,3,1:41.022,0,,21.187,0,32.712,0,47.123,0,174.9,14:22.619,10:29:22.619,0:21.187,0:32.712,0:47.123,266.0,Theodor JENSEN,,LMP3,,CLX Motorsport,Ligier,GF,21.187,32.712,47.123,
17,3,4,1:40.279,0,,21.091,0,32.490,0,46.698,0,176.2,16:02.898,10:31:02.898,0:21.091,0:32.490,0:46.698,267.3,Theodor JENSEN,,LMP3,,CLX Motorsport,Ligier,GF,21.091,32.490,46.698,
17,3,5,1:41.352,0,,21.914,0,32.536,0,46.902,0,174.4,17:44.250,10:32:44.250,0:21.914,0:32.536,0:46.902,268.0,Theodor JENSEN,,LMP3,,CLX Motorsport,Ligier,GF,21.914,32.536,46.902,
17,3,6,1:40.073,0,,21.035,0,32.513,0,46.525,2,176.6,19:24.323,10:34:24.323,0:21.035,0:32.513,0:46.525,268.7,Theodor JENSEN,,LMP3,,CLX Motorsport,Ligier,GF,21.035,32.513,46.525,
17,3,7,1:39.851,2,,20.934,0,32.353,2,46.564,0,177.0,21:04.174,10:36:04.174,0:20.934,0:32.353,0:46.564,268.0,Theodor JENSEN,,LMP3,,CLX Motorsport,Ligier,GF,20.934,32.353,46.564,
17,3,8,7:47.127,0,B,20.830,2,32.584,0,6:53.713,0,37.8,28:51.301,10:43:51.301,0:20.830,0:32.584,6:53.713,268.0,Theodor JENSEN,,LMP3,,CLX Motorsport,Ligier,GF,20.830,32.584,413.713,
17,2,9,1:59.297,0,,36.868,0,34.414,0,48.015,0,148.1,30:50.598,10:45:50.598,0:36.868,0:34.414,0:48.015,172.2,Adrien CLOSMENIL,0:06:23.544,LMP3,,CLX Motorsport,Ligier,GF,36.868,34.414,48.015,
17,2,10,1:42.394,0,,21.438,0,33.636,0,47.320,0,172.6,32:32.992,10:47:32.992,0:21.438,0:33.636,0:47.320,265.4,Adrien CLOSMENIL,,LMP3,,CLX Motorsport,Ligier,GF,21.438,33.636,47.320,
17,2,11,1:43.269,0,,21.273,0,33.245,0,48.751,0,171.1,34:16.261,10:49:16.261,0:21.273,0:33.245,0:48.751,270.0,Adrien CLOSMENIL,,LMP3,,CLX Motorsport,Ligier,GF,21.273,33.245,48.751,
17,2,12,1:42.427,0,,21.579,0,33.927,0,46.921,1,172.5,35:58.688,10:50:58.688,0:21.579,0:33.927,0:46.921,267.3,Adrien CLOSMENIL,,LMP3,,CLX Motorsport,Ligier,GF,21.579,33.927,46.921,
17,2,13,1:41.470,0,,21.583,0,32.796,1,47.091,0,174.2,37:40.158,10:52:40.158,0:21.583,0:32.796,0:47.091,268.0,Adrien CLOSMENIL,,LMP3,,CLX Motorsport,Ligier,GF,21.583,32.796,47.091,
17,2,14,1:41.980,0,,21.635,0,33.402,0,46.943,0,173.3,39:22.138,10:54:22.138,0:21.635,0:33.402,0:46.943,270.0,Adrien CLOSMENIL,,LMP3,,CLX Motorsport,Ligier,GF,21.635,33.402,46.943,
17,2,15,1:42.639,0,,21.093,1,33.505,0,48.041,0,172.2,41:04.777,10:56:04.777,0:21.093,0:33.505,0:48.041,268.7,Adrien CLOSMENIL,,LMP3,,CLX Motorsport,Ligier,GF,21.093,33.505,48.041,
17,2,16,1:42.277,0,,21.786,0,33.202,0,47.289,0,172.8,42:47.054,10:57:47.054,0:21.786,0:33.202,0:47.289,269.3,Adrien CLOSMENIL,,LMP3,,CLX Motorsport,Ligier,GF,21.786,33.202,47.289,
17,2,17,1:42.333,0,,21.126,0,33.088,0,48.119,0,172.7,44:29.387,10:59:29.387,0:21.126,0:33.088,0:48.119,270.0,Adrien CLOSMENIL,,LMP3,,CLX Motorsport,Ligier,GF,21.126,33.088,48.119,
17,2,18,1:43.006,0,,21.910,0,34.088,0,47.008,0,171.6,46:12.393,11:01:12.393,0:21.910,0:34.088,0:47.008,272.0,Adrien CLOSMENIL,,LMP3,,CLX Motorsport,Ligier,GF,21.910,34.088,47.008,
17,2,19,1:41.767,0,,21.191,0,33.372,0,47.204,0,173.7,47:54.160,11:02:54.160,0:21.191,0:33.372,0:47.204,268.7,Adrien CLOSMENIL,,LMP3,,CLX Motorsport,Ligier,GF,21.191,33.372,47.204,
17,2,20,3:54.495,0,B,21.347,0,34.062,0,2:59.086,0,75.4,51:48.655,11:06:48.655,0:21.347,0:34.062,2:59.086,268.7,Adrien CLOSMENIL,,LMP3,,CLX Motorsport,Ligier,GF,21.347,34.062,179.086,
17,1,21,3:20.007,0,,36.852,0,1:04.663,0,1:38.492,0,88.4,55:08.662,11:10:08.662,0:36.852,1:04.663,1:38.492,183.7,Paul LANCHERE,0:02:26.943,LMP3,,CLX Motorsport,Ligier,FCY,36.852,64.663,98.492,
17,1,22,3:04.228,0,,54.772,0,1:08.177,0,1:01.279,0,95.9,58:12.890,11:13:12.890,0:54.772,1:08.177,1:01.279,81.1,Paul LANCHERE,,LMP3,,CLX Motorsport,Ligier,GF,54.772,68.177,61.279,
17,1,23,1:45.249,0,,22.533,0,34.273,0,48.443,0,167.9,59:58.139,11:14:58.139,0:22.533,0:34.273,0:48.443,262.8,Paul LANCHERE,,LMP3,,CLX Motorsport,Ligier,GF,22.533,34.273,48.443,
17,1,24,1:43.779,0,,21.809,0,33.948,0,48.022,0,170.3,1:01:41.918,11:16:41.918,0:21.809,0:33.948,0:48.022,264.7,Paul LANCHERE,,LMP3,,CLX Motorsport,Ligier,GF,21.809,33.948,48.022,
17,1,25,1:43.784,0,,21.554,0,33.784,0,48.446,0,170.3,1:03:25.702,11:18:25.702,0:21.554,0:33.784,0:48.446,268.0,Paul LANCHERE,,LMP3,,CLX Motorsport,Ligier,GF,21.554,33.784,48.446,
17,1,26,1:44.593,0,,21.419,0,33.912,0,49.262,0,169.0,1:05:10.295,11:20:10.295,0:21.419,0:33.912,0:49.262,270.0,Paul LANCHERE,,LMP3,,CLX Motorsport,Ligier,GF,21.419,33.912,49.262,
17,1,27,1:45.613,0,,21.702,0,35.035,0,48.876,0,167.3,1:06:55.908,11:21:55.908,0:21.702,0:35.035,0:48.876,266.7,Paul LANCHERE,,LMP3,,CLX Motorsport,Ligier,GF,21.702,35.035,48.876,
17,1,28,1:44.089,0,,21.429,0,33.968,0,48.692,0,169.8,1:08:39.997,11:23:39.997,0:21.429,0:33.968,0:48.692,269.3,Paul LANCHERE,,LMP3,,CLX Motorsport,Ligier,GF,21.429,33.968,48.692,
17,1,29,1:43.041,0,,21.419,0,33.701,0,47.921,0,171.5,1:10:23.038,11:25:23.038,0:21.419,0:33.701,0:47.921,268.7,Paul LANCHERE,,LMP3,,CLX Motorsport,Ligier,GF,21.419,33.701,47.921,
17,1,30,1:43.185,0,,21.513,0,33.653,0,48.019,0,171.3,1:12:06.223,11:27:06.223,0:21.513,0:33.653,0:48.019,268.7,Paul LANCHERE,,LMP3,,CLX Motorsport,Ligier,GF,21.513,33.653,48.019,
17,1,31,5:26.740,0,B,21.656,0,34.095,0,4:30.989,0,54.1,1:17:32.963,11:32:32.963,0:21.656,0:34.095,4:30.989,268.7,Paul LANCHERE,,LMP3,,CLX Motorsport,Ligier,GF,21.656,34.095,270.989,
17,1,32,1:58.466,0,,35.844,0,34.099,0,48.523,0,149.2,1:19:31.429,11:34:31.429,0:35.844,0:34.099,0:48.523,184.3,Paul LANCHERE,0:03:58.612,LMP3,,CLX Motorsport,Ligier,GF,35.844,34.099,48.523,
17,1,33,1:42.745,0,,21.371,0,33.605,1,47.769,1,172.0,1:21:14.174,11:36:14.174,0:21.371,0:33.605,0:47.769,265.4,Paul LANCHERE,,LMP3,,CLX Motorsport,Ligier,GF,21.371,33.605,47.769,
17,1,34,1:45.097,0,,21.235,1,33.954,0,49.908,0,168.2,1:22:59.271,11:37:59.271,0:21.235,0:33.954,0:49.908,266.0,Paul LANCHERE,,LMP3,,CLX Motorsport,Ligier,GF,21.235,33.954,49.908,
17,1,35,1:43.697,0,,21.782,0,34.031,0,47.884,0,170.4,1:24:42.968,11:39:42.968,0:21.782,0:34.031,0:47.884,269.3,Paul LANCHERE,,LMP3,,CLX Motorsport,Ligier,GF,21.782,34.031,47.884,
17,1,36,1:44.715,0,,21.452,0,33.767,0,49.496,0,168.8,1:26:27.683,11:41:27.683,0:21.452,0:33.767,0:49.496,269.3,Paul LANCHERE,,LMP3,,CLX Motorsport,Ligier,GF,21.452,33.767,49.496,
18,3,1,1:57.256,0,,33.326,0,35.400,0,48.530,0,144.0,1:57.256,10:16:57.256,0:33.326,0:35.400,0:48.530,137.1,Daniel JUNCADELLA,0:00:05.168,LMP2,,IDEC Sport,Oreca,GF,33.326,35.400,48.530,
18,3,2,1:39.936,0,,21.464,0,33.023,0,45.449,0,176.8,3:37.192,10:18:37.192,0:21.464,0:33.023,0:45.449,283.5,Daniel JUNCADELLA,,LMP2,,IDEC Sport,Oreca,GF,21.464,33.023,45.449,
18,3,3,1:40.353,0,,19.933,0,33.721,0,46.699,0,176.1,5:17.545,10:20:17.545,0:19.933,0:33.721,0:46.699,294.3,Daniel JUNCADELLA,,LMP2,,IDEC Sport,Oreca,GF,19.933,33.721,46.699,
18,3,4,1:32.658,2,,19.253,0,29.971,2,43.434,2,190.7,6:50.203,10:21:50.203,0:19.253,0:29.971,0:43.434,295.1,Daniel JUNCADELLA,,LMP2,,IDEC Sport,Oreca,GF,19.253,29.971,43.434,
18,3,5,1:35.562,0,,19.085,0,30.471,0,46.006,0,184.9,8:25.765,10:23:25.765,0:19.085,0:30.471,0:46.006,297.5,Daniel JUNCADELLA,,LMP2,,IDEC Sport,Oreca,GF,19.085,30.471,46.006,
18,3,6,1:34.734,0,,19.028,3,30.913,0,44.793,0,186.5,10:00.499,10:25:00.499,0:19.028,0:30.913,0:44.793,296.7,Daniel JUNCADELLA,,LMP2,,IDEC Sport,Oreca,GF,19.028,30.913,44.793,
18,3,7,1:54.287,0,B,19.263,0,31.125,0,1:03.899,0,154.6,11:54.786,10:26:54.786,0:19.263,0:31.125,1:03.899,295.9,Daniel JUNCADELLA,,LMP2,,IDEC Sport,Oreca,GF,19.263,31.125,63.899,
18,1,8,3:29.708,0,,2:10.404,0,33.279,0,46.025,0,84.3,15:24.494,10:30:24.494,2:10.404,0:33.279,0:46.025,199.3,Jamie CHADWICK,0:02:07.991,LMP2,,IDEC Sport,Oreca,GF,130.404,33.279,46.025,
18,1,9,1:37.198,0,,19.952,0,31.675,0,45.571,0,181.8,17:01.692,10:32:01.692,0:19.952,0:31.675,0:45.571,295.1,Jamie CHADWICK,,LMP2,,IDEC Sport,Oreca,GF,19.952,31.675,45.571,
18,1,10,1:34.494,0,,19.728,0,30.629,0,44.137,0,187.0,18:36.186,10:33:36.186,0:19.728,0:30.629,0:44.137,292.7,Jamie CHADWICK,,LMP2,,IDEC Sport,Oreca,GF,19.728,30.629,44.137,
18,1,11,1:34.778,0,,19.653,0,30.483,0,44.642,0,186.5,20:10.964,10:35:10.964,0:19.653,0:30.483,0:44.642,295.1,Jamie CHADWICK,,LMP2,,IDEC Sport,Oreca,GF,19.653,30.483,44.642,
18,1,12,1:33.840,0,,19.533,0,30.520,0,43.787,1,188.3,21:44.804,10:36:44.804,0:19.533,0:30.520,0:43.787,295.1,Jamie CHADWICK,,LMP2,,IDEC Sport,Oreca,GF,19.533,30.520,43.787,
18,1,13,1:33.924,0,,19.509,0,30.586,0,43.829,0,188.2,23:18.728,10:38:18.728,0:19.509,0:30.586,0:43.829,294.3,Jamie CHADWICK,,LMP2,,IDEC Sport,Oreca,GF,19.509,30.586,43.829,
18,1,14,1:36.214,0,,19.437,0,31.898,0,44.879,0,183.7,24:54.942,10:39:54.942,0:19.437,0:31.898,0:44.879,295.9,Jamie CHADWICK,,LMP2,,IDEC Sport,Oreca,GF,19.437,31.898,44.879,
18,1,15,1:39.184,0,,20.069,0,31.652,0,47.463,0,178.2,26:34.126,10:41:34.126,0:20.069,0:31.652,0:47.463,296.7,Jamie CHADWICK,,LMP2,,IDEC Sport,Oreca,GF,20.069,31.652,47.463,
18,1,16,1:34.711,0,,19.509,0,30.675,0,44.527,0,186.6,28:08.837,10:43:08.837,0:19.509,0:30.675,0:44.527,295.1,Jamie CHADWICK,,LMP2,,IDEC Sport,Oreca,GF,19.509,30.675,44.527,
18,1,17,1:35.735,0,,20.105,0,31.486,0,44.144,0,184.6,29:44.572,10:44:44.572,0:20.105,0:31.486,0:44.144,295.9,Jamie CHADWICK,,LMP2,,IDEC Sport,Oreca,GF,20.105,31.486,44.144,
18,1,18,1:33.871,0,,19.348,1,30.429,1,44.094,0,188.3,31:18.443,10:46:18.443,0:19.348,0:30.429,0:44.094,295.1,Jamie CHADWICK,,LMP2,,IDEC Sport,Oreca,GF,19.348,30.429,44.094,
18,1,19,1:37.049,0,,19.789,0,32.159,0,45.101,0,182.1,32:55.492,10:47:55.492,0:19.789,0:32.159,0:45.101,296.7,Jamie CHADWICK,,LMP2,,IDEC Sport,Oreca,GF,19.789,32.159,45.101,
18,1,20,1:36.356,0,,19.579,0,32.211,0,44.566,0,183.4,34:31.848,10:49:31.848,0:19.579,0:32.211,0:44.566,290.3,Jamie CHADWICK,,LMP2,,IDEC Sport,Oreca,GF,19.579,32.211,44.566,
18,1,21,1:54.063,0,B,19.361,0,30.547,0,1:04.155,0,154.9,36:25.911,10:51:25.911,0:19.361,0:30.547,1:04.155,296.7,Jamie CHADWICK,,LMP2,,IDEC Sport,Oreca,GF,19.361,30.547,64.155,
18,3,22,2:35.491,0,,1:18.287,0,31.991,0,45.213,0,113.7,39:01.402,10:54:01.402,1:18.287,0:31.991,0:45.213,194.9,Daniel JUNCADELLA,0:01:15.567,LMP2,,IDEC Sport,Oreca,GF,78.287,31.991,45.213,
18,3,23,1:34.758,0,,19.363,0,30.412,0,44.983,0,186.5,40:36.160,10:55:36.160,0:19.363,0:30.412,0:44.983,295.1,Daniel JUNCADELLA,,LMP2,,IDEC Sport,Oreca,GF,19.363,30.412,44.983,
18,3,24,1:33.231,0,,19.186,0,30.380,0,43.665,0,189.6,42:09.391,10:57:09.391,0:19.186,0:30.380,0:43.665,295.1,Daniel JUNCADELLA,,LMP2,,IDEC Sport,Oreca,GF,19.186,30.380,43.665,
18,3,25,1:34.903,0,,19.198,0,30.906,0,44.799,0,186.2,43:44.294,10:58:44.294,0:19.198,0:30.906,0:44.799,295.1,Daniel JUNCADELLA,,LMP2,,IDEC Sport,Oreca,GF,19.198,30.906,44.799,
18,3,26,1:33.684,0,,19.179,0,30.925,0,43.580,0,188.6,45:17.978,11:00:17.978,0:19.179,0:30.925,0:43.580,295.1,Daniel JUNCADELLA,,LMP2,,IDEC Sport,Oreca,GF,19.179,30.925,43.580,
18,3,27,1:34.222,0,,19.270,0,30.427,0,44.525,0,187.6,46:52.200,11:01:52.200,0:19.270,0:30.427,0:44.525,295.1,Daniel JUNCADELLA,,LMP2,,IDEC Sport,Oreca,GF,19.270,30.427,44.525,
18,3,28,1:33.493,0,,19.307,0,30.369,0,43.817,0,189.0,48:25.693,11:03:25.693,0:19.307,0:30.369,0:43.817,295.1,Daniel JUNCADELLA,,LMP2,,IDEC Sport,Oreca,GF,19.307,30.369,43.817,
18,3,29,1:34.757,0,,20.094,0,30.622,0,44.041,0,186.5,50:00.450,11:05:00.450,0:20.094,0:30.622,0:44.041,296.7,Daniel JUNCADELLA,,LMP2,,IDEC Sport,Oreca,GF,20.094,30.622,44.041,
18,3,30,1:37.318,0,,19.492,0,32.773,0,45.053,0,181.6,51:37.768,11:06:37.768,0:19.492,0:32.773,0:45.053,294.3,Daniel JUNCADELLA,,LMP2,,IDEC Sport,Oreca,GF,19.492,32.773,45.053,
18,3,31,2:29.885,0,,19.341,0,33.047,0,1:37.497,0,117.9,54:07.653,11:09:07.653,0:19.341,0:33.047,1:37.497,295.9,Daniel JUNCADELLA,,LMP2,,IDEC Sport,Oreca,FCY,19.341,33.047,97.497,
18,3,32,3:31.780,0,,54.477,0,1:08.483,0,1:28.820,0,83.4,57:39.433,11:12:39.433,0:54.477,1:08.483,1:28.820,81.5,Daniel JUNCADELLA,,LMP2,,IDEC Sport,Oreca,GF,54.477,68.483,88.820,
18,3,33,1:53.654,0,B,20.864,0,32.255,0,1:00.535,0,155.5,59:33.087,11:14:33.087,0:20.864,0:32.255,1:00.535,280.5,Daniel JUNCADELLA,,LMP2,,IDEC Sport,Oreca,GF,20.864,32.255,60.535,
18,2,34,3:27.968,0,,2:10.509,0,31.960,0,45.499,0,85.0,1:03:01.055,11:18:01.055,2:10.509,0:31.960,0:45.499,197.4,Mathys JAUBERT,0:02:08.289,LMP2,,IDEC Sport,Oreca,GF,130.509,31.960,45.499,
18,2,35,1:34.958,0,,19.586,0,31.016,0,44.356,0,186.1,1:04:36.013,11:19:36.013,0:19.586,0:31.016,0:44.356,293.5,Mathys JAUBERT,,LMP2,,IDEC Sport,Oreca,GF,19.586,31.016,44.356,
18,2,36,1:34.782,0,,19.640,0,30.783,0,44.359,0,186.5,1:06:10.795,11:21:10.795,0:19.640,0:30.783,0:44.359,295.9,Mathys JAUBERT,,LMP2,,IDEC Sport,Oreca,GF,19.640,30.783,44.359,
18,2,37,1:35.316,0,,19.580,0,30.990,0,44.746,0,185.4,1:07:46.111,11:22:46.111,0:19.580,0:30.990,0:44.746,295.9,Mathys JAUBERT,,LMP2,,IDEC Sport,Oreca,GF,19.580,30.990,44.746,
18,2,38,1:35.221,0,,19.672,0,31.207,0,44.342,0,185.6,1:09:21.332,11:24:21.332,0:19.672,0:31.207,0:44.342,297.5,Mathys JAUBERT,,LMP2,,IDEC Sport,Oreca,GF,19.672,31.207,44.342,
18,2,39,1:35.197,0,,20.262,0,31.006,0,43.929,0,185.6,1:10:56.529,11:25:56.529,0:20.262,0:31.006,0:43.929,295.9,Mathys JAUBERT,,LMP2,,IDEC Sport,Oreca,GF,20.262,31.006,43.929,
18,2,40,1:34.109,0,,19.456,0,30.902,0,43.751,0,187.8,1:12:30.638,11:27:30.638,0:19.456,0:30.902,0:43.751,295.9,Mathys JAUBERT,,LMP2,,IDEC Sport,Oreca,GF,19.456,30.902,43.751,
18,2,41,1:34.166,0,,19.481,0,30.658,0,44.027,0,187.7,1:14:04.804,11:29:04.804,0:19.481,0:30.658,0:44.027,295.9,Mathys JAUBERT,,LMP2,,IDEC Sport,Oreca,GF,19.481,30.658,44.027,
18,2,42,1:50.644,0,B,19.272,1,30.630,0,1:00.742,0,159.7,1:15:55.448,11:30:55.448,0:19.272,0:30.630,1:00.742,295.9,Mathys JAUBERT,,LMP2,,IDEC Sport,Oreca,GF,19.272,30.630,60.742,
18,2,43,5:21.920,0,,4:05.871,0,31.360,0,44.689,0,54.9,1:21:17.368,11:36:17.368,4:05.871,0:31.360,0:44.689,197.4,Mathys JAUBERT,0:04:03.723,LMP2,,IDEC Sport,Oreca,GF,245.871,31.360,44.689,
18,2,44,1:36.854,0,,19.840,0,32.339,0,44.675,0,182.5,1:22:54.222,11:37:54.222,0:19.840,0:32.339,0:44.675,294.3,Mathys JAUBERT,,LMP2,,IDEC Sport,Oreca,GF,19.840,32.339,44.675,
18,2,45,1:33.694,0,,19.452,0,30.649,0,43.593,0,188.6,1:24:27.916,11:39:27.916,0:19.452,0:30.649,0:43.593,295.9,Mathys JAUBERT,,LMP2,,IDEC Sport,Oreca,GF,19.452,30.649,43.593,
18,2,46,1:35.762,0,,20.198,0,31.666,0,43.898,0,184.5,1:26:03.678,11:41:03.678,0:20.198,0:31.666,0:43.898,297.5,Mathys JAUBERT,,LMP2,,IDEC Sport,Oreca,GF,20.198,31.666,43.898,
18,2,47,1:34.234,0,,19.647,0,30.568,0,44.019,0,187.5,1:27:37.912,11:42:37.912,0:19.647,0:30.568,0:44.019,295.9,Mathys JAUBERT,,LMP2,,IDEC Sport,Oreca,GF,19.647,30.568,44.019,
18,2,48,1:35.277,0,,19.304,0,30.521,1,45.452,0,185.5,1:29:13.189,11:44:13.189,0:19.304,0:30.521,0:45.452,294.3,Mathys JAUBERT,,LMP2,,IDEC Sport,Oreca,GF,19.304,30.521,45.452,
18,2,49,1:33.482,0,,19.333,0,30.652,0,43.497,1,189.0,1:30:46.671,11:45:46.671,0:19.333,0:30.652,0:43.497,293.5,Mathys JAUBERT,,LMP2,,IDEC Sport,Oreca,FF,19.333,30.652,43.497,
20,2,1,2:16.649,0,,53.556,0,35.050,0,48.043,0,123.6,2:16.649,10:17:16.649,0:53.556,0:35.050,0:48.043,189.5,Alexander QUINN,0:00:29.016,LMP2 Pro/Am,,Algarve Pro Racing,Oreca,GF,53.556,35.050,48.043,
20,2,2,1:45.310,0,,22.257,0,32.198,0,50.855,0,167.8,4:01.959,10:19:01.959,0:22.257,0:32.198,0:50.855,286.5,Alexander QUINN,,LMP2 Pro/Am,,Algarve Pro Racing,Oreca,GF,22.257,32.198,50.855,
20,2,3,1:41.398,0,,19.543,0,31.406,0,50.449,0,174.3,5:43.357,10:20:43.357,0:19.543,0:31.406,0:50.449,295.9,Alexander QUINN,,LMP2 Pro/Am,,Algarve Pro Racing,Oreca,GF,19.543,31.406,50.449,
20,2,4,1:39.055,0,,20.262,0,30.420,0,48.373,0,178.4,7:22.412,10:22:22.412,0:20.262,0:30.420,0:48.373,296.7,Alexander QUINN,,LMP2 Pro/Am,,Algarve Pro Racing,Oreca,GF,20.262,30.420,48.373,
20,2,5,1:47.790,0,,19.245,0,30.224,0,58.321,0,164.0,9:10.202,10:24:10.202,0:19.245,0:30.224,0:58.321,295.9,Alexander QUINN,,LMP2 Pro/Am,,Algarve Pro Racing,Oreca,GF,19.245,30.224,58.321,
20,2,6,1:37.623,0,,20.890,0,30.772,0,45.961,0,181.0,10:47.825,10:25:47.825,0:20.890,0:30.772,0:45.961,297.5,Alexander QUINN,,LMP2 Pro/Am,,Algarve Pro Racing,Oreca,GF,20.890,30.772,45.961,
20,2,7,1:32.861,2,,19.145,0,30.048,0,43.668,2,190.3,12:20.686,10:27:20.686,0:19.145,0:30.048,0:43.668,296.7,Alexander QUINN,,LMP2 Pro/Am,,Algarve Pro Racing,Oreca,GF,19.145,30.048,43.668,
20,2,8,3:40.777,0,B,19.133,2,29.876,2,2:51.768,0,80.0,16:01.463,10:31:01.463,0:19.133,0:29.876,2:51.768,295.9,Alexander QUINN,,LMP2 Pro/Am,,Algarve Pro Racing,Oreca,GF,19.133,29.876,171.768,
20,1,9,1:57.644,0,,35.875,0,34.086,0,47.683,0,150.2,17:59.107,10:32:59.107,0:35.875,0:34.086,0:47.683,199.3,Kriton LENTOUDIS,0:02:25.102,LMP2 Pro/Am,,Algarve Pro Racing,Oreca,GF,35.875,34.086,47.683,
20,1,10,1:46.170,0,,22.038,0,34.244,0,49.888,0,166.5,19:45.277,10:34:45.277,0:22.038,0:34.244,0:49.888,246.6,Kriton LENTOUDIS,,LMP2 Pro/Am,,Algarve Pro Racing,Oreca,GF,22.038,34.244,49.888,
20,1,11,1:40.123,0,,20.952,0,33.035,0,46.136,0,176.5,21:25.400,10:36:25.400,0:20.952,0:33.035,0:46.136,292.7,Kriton LENTOUDIS,,LMP2 Pro/Am,,Algarve Pro Racing,Oreca,GF,20.952,33.035,46.136,
20,1,12,1:41.515,0,,20.820,0,33.417,0,47.278,0,174.1,23:06.915,10:38:06.915,0:20.820,0:33.417,0:47.278,293.5,Kriton LENTOUDIS,,LMP2 Pro/Am,,Algarve Pro Racing,Oreca,GF,20.820,33.417,47.278,
20,1,13,1:43.228,0,,21.866,0,34.366,0,46.996,0,171.2,24:50.143,10:39:50.143,0:21.866,0:34.366,0:46.996,282.7,Kriton LENTOUDIS,,LMP2 Pro/Am,,Algarve Pro Racing,Oreca,GF,21.866,34.366,46.996,
20,1,14,1:39.416,0,,20.939,0,32.569,0,45.908,0,177.8,26:29.559,10:41:29.559,0:20.939,0:32.569,0:45.908,294.3,Kriton LENTOUDIS,,LMP2 Pro/Am,,Algarve Pro Racing,Oreca,GF,20.939,32.569,45.908,
20,1,15,1:38.551,0,,20.543,0,32.391,0,45.617,0,179.3,28:08.110,10:43:08.110,0:20.543,0:32.391,0:45.617,294.3,Kriton LENTOUDIS,,LMP2 Pro/Am,,Algarve Pro Racing,Oreca,GF,20.543,32.391,45.617,
20,1,16,1:38.942,0,,20.632,0,32.524,0,45.786,0,178.6,29:47.052,10:44:47.052,0:20.632,0:32.524,0:45.786,293.5,Kriton LENTOUDIS,,LMP2 Pro/Am,,Algarve Pro Racing,Oreca,GF,20.632,32.524,45.786,
20,1,17,1:40.208,0,,20.437,0,32.958,0,46.813,0,176.4,31:27.260,10:46:27.260,0:20.437,0:32.958,0:46.813,294.3,Kriton LENTOUDIS,,LMP2 Pro/Am,,Algarve Pro Racing,Oreca,GF,20.437,32.958,46.813,
20,1,18,1:45.024,0,,21.135,0,34.472,0,49.417,0,168.3,33:12.284,10:48:12.284,0:21.135,0:34.472,0:49.417,295.1,Kriton LENTOUDIS,,LMP2 Pro/Am,,Algarve Pro Racing,Oreca,GF,21.135,34.472,49.417,
20,1,19,1:41.320,0,,20.676,0,32.571,0,48.073,0,174.4,34:53.604,10:49:53.604,0:20.676,0:32.571,0:48.073,296.7,Kriton LENTOUDIS,,LMP2 Pro/Am,,Algarve Pro Racing,Oreca,GF,20.676,32.571,48.073,
20,1,20,1:43.117,0,,20.709,0,34.653,0,47.755,0,171.4,36:36.721,10:51:36.721,0:20.709,0:34.653,0:47.755,295.9,Kriton LENTOUDIS,,LMP2 Pro/Am,,Algarve Pro Racing,Oreca,GF,20.709,34.653,47.755,
20,1,21,1:38.467,0,,20.659,0,32.279,0,45.529,1,179.5,38:15.188,10:53:15.188,0:20.659,0:32.279,0:45.529,294.3,Kriton LENTOUDIS,,LMP2 Pro/Am,,Algarve Pro Racing,Oreca,GF,20.659,32.279,45.529,
20,1,22,1:38.124,0,,20.337,1,32.102,1,45.685,0,180.1,39:53.312,10:54:53.312,0:20.337,0:32.102,0:45.685,294.3,Kriton LENTOUDIS,,LMP2 Pro/Am,,Algarve Pro Racing,Oreca,GF,20.337,32.102,45.685,
20,1,23,1:39.005,0,,20.454,0,32.545,0,46.006,0,178.5,41:32.317,10:56:32.317,0:20.454,0:32.545,0:46.006,292.7,Kriton LENTOUDIS,,LMP2 Pro/Am,,Algarve Pro Racing,Oreca,GF,20.454,32.545,46.006,
20,1,24,3:42.739,0,B,20.697,0,32.402,0,2:49.640,0,79.3,45:15.056,11:00:15.056,0:20.697,0:32.402,2:49.640,295.1,Kriton LENTOUDIS,,LMP2 Pro/Am,,Algarve Pro Racing,Oreca,GF,20.697,32.402,169.640,
20,3,25,1:54.514,0,,36.050,0,33.090,0,45.374,0,154.3,47:09.570,11:02:09.570,0:36.050,0:33.090,0:45.374,196.7,Olli CALDWELL,0:02:15.560,LMP2 Pro/Am,,Algarve Pro Racing,Oreca,GF,36.050,33.090,45.374,
20,3,26,1:35.985,0,,20.124,0,31.195,0,44.666,0,184.1,48:45.555,11:03:45.555,0:20.124,0:31.195,0:44.666,294.3,Olli CALDWELL,,LMP2 Pro/Am,,Algarve Pro Racing,Oreca,GF,20.124,31.195,44.666,
20,3,27,1:36.011,0,,19.816,0,31.435,0,44.760,0,184.1,50:21.566,11:05:21.566,0:19.816,0:31.435,0:44.760,293.5,Olli CALDWELL,,LMP2 Pro/Am,,Algarve Pro Racing,Oreca,GF,19.816,31.435,44.760,
20,3,28,7:36.535,0,B,19.803,0,31.396,0,6:45.336,0,38.7,57:58.101,11:12:58.101,0:19.803,0:31.396,6:45.336,295.1,Olli CALDWELL,,LMP2 Pro/Am,,Algarve Pro Racing,Oreca,GF,19.803,31.396,405.336,
20,3,29,1:52.802,0,,35.868,0,31.554,0,45.380,0,156.7,59:50.903,11:14:50.903,0:35.868,0:31.554,0:45.380,192.5,Olli CALDWELL,0:06:17.526,LMP2 Pro/Am,,Algarve Pro Racing,Oreca,GF,35.868,31.554,45.380,
20,3,30,1:36.187,0,,19.888,0,31.149,0,45.150,0,183.7,1:01:27.090,11:16:27.090,0:19.888,0:31.149,0:45.150,293.5,Olli CALDWELL,,LMP2 Pro/Am,,Algarve Pro Racing,Oreca,GF,19.888,31.149,45.150,
20,3,31,1:38.347,0,,20.784,0,31.524,0,46.039,0,179.7,1:03:05.437,11:18:05.437,0:20.784,0:31.524,0:46.039,298.3,Olli CALDWELL,,LMP2 Pro/Am,,Algarve Pro Racing,Oreca,GF,20.784,31.524,46.039,
20,3,32,1:36.744,0,,20.283,0,31.491,0,44.970,0,182.7,1:04:42.181,11:19:42.181,0:20.283,0:31.491,0:44.970,296.7,Olli CALDWELL,,LMP2 Pro/Am,,Algarve Pro Racing,Oreca,GF,20.283,31.491,44.970,
20,3,33,1:35.847,0,,19.707,0,31.440,0,44.700,0,184.4,1:06:18.028,11:21:18.028,0:19.707,0:31.440,0:44.700,297.5,Olli CALDWELL,,LMP2 Pro/Am,,Algarve Pro Racing,Oreca,GF,19.707,31.440,44.700,
20,3,34,1:44.608,0,,20.213,0,30.980,0,53.415,0,168.9,1:08:02.636,11:23:02.636,0:20.213,0:30.980,0:53.415,298.3,Olli CALDWELL,,LMP2 Pro/Am,,Algarve Pro Racing,Oreca,GF,20.213,30.980,53.415,
20,3,35,1:34.521,0,,19.483,0,30.745,1,44.293,0,187.0,1:09:37.157,11:24:37.157,0:19.483,0:30.745,0:44.293,295.9,Olli CALDWELL,,LMP2 Pro/Am,,Algarve Pro Racing,Oreca,GF,19.483,30.745,44.293,
20,3,36,1:36.752,0,,21.086,0,31.004,0,44.662,0,182.7,1:11:13.909,11:26:13.909,0:21.086,0:31.004,0:44.662,297.5,Olli CALDWELL,,LMP2 Pro/Am,,Algarve Pro Racing,Oreca,GF,21.086,31.004,44.662,
20,3,37,1:34.415,0,,19.459,0,30.917,0,44.039,1,187.2,1:12:48.324,11:27:48.324,0:19.459,0:30.917,0:44.039,294.3,Olli CALDWELL,,LMP2 Pro/Am,,Algarve Pro Racing,Oreca,GF,19.459,30.917,44.039,
20,3,38,2:45.365,0,B,19.452,1,30.915,0,1:54.998,0,106.9,1:15:33.689,11:30:33.689,0:19.452,0:30.915,1:54.998,294.3,Olli CALDWELL,,LMP2 Pro/Am,,Algarve Pro Racing,Oreca,GF,19.452,30.915,114.998,
20,2,39,1:51.801,0,,34.835,0,31.775,0,45.191,0,158.1,1:17:25.490,11:32:25.490,0:34.835,0:31.775,0:45.191,200.7,Alexander QUINN,0:01:27.891,LMP2 Pro/Am,,Algarve Pro Racing,Oreca,GF,34.835,31.775,45.191,
20,2,40,1:36.187,0,,20.536,0,31.282,0,44.369,0,183.7,1:19:01.677,11:34:01.677,0:20.536,0:31.282,0:44.369,292.7,Alexander QUINN,,LMP2 Pro/Am,,Algarve Pro Racing,Oreca,GF,20.536,31.282,44.369,
20,2,41,1:35.116,0,,19.392,0,31.101,0,44.623,0,185.8,1:20:36.793,11:35:36.793,0:19.392,0:31.101,0:44.623,295.1,Alexander QUINN,,LMP2 Pro/Am,,Algarve Pro Racing,Oreca,GF,19.392,31.101,44.623,
20,2,42,1:35.512,0,,19.670,0,30.877,0,44.965,0,185.0,1:22:12.305,11:37:12.305,0:19.670,0:30.877,0:44.965,295.9,Alexander QUINN,,LMP2 Pro/Am,,Algarve Pro Racing,Oreca,GF,19.670,30.877,44.965,
20,2,43,1:34.076,0,,19.399,0,30.757,0,43.920,0,187.9,1:23:46.381,11:38:46.381,0:19.399,0:30.757,0:43.920,295.9,Alexander QUINN,,LMP2 Pro/Am,,Algarve Pro Racing,Oreca,GF,19.399,30.757,43.920,
20,2,44,1:34.304,0,,19.404,0,30.866,0,44.034,0,187.4,1:25:20.685,11:40:20.685,0:19.404,0:30.866,0:44.034,296.7,Alexander QUINN,,LMP2 Pro/Am,,Algarve Pro Racing,Oreca,GF,19.404,30.866,44.034,
20,2,45,1:34.960,0,,19.410,0,31.040,0,44.510,0,186.1,1:26:55.645,11:41:55.645,0:19.410,0:31.040,0:44.510,297.5,Alexander QUINN,,LMP2 Pro/Am,,Algarve Pro Racing,Oreca,GF,19.410,31.040,44.510,
21,3,1,2:10.180,0,,46.358,0,35.363,0,48.459,0,129.7,2:10.180,10:17:10.180,0:46.358,0:35.363,0:48.459,150.2,Oliver JARVIS,0:00:19.324,LMP2 Pro/Am,,United Autosports,Oreca,GF,46.358,35.363,48.459,
21,3,2,1:44.111,0,,21.107,0,31.965,0,51.039,0,169.7,3:54.291,10:18:54.291,0:21.107,0:31.965,0:51.039,280.5,Oliver JARVIS,,LMP2 Pro/Am,,United Autosports,Oreca,GF,21.107,31.965,51.039,
21,3,3,1:36.307,0,,19.904,0,30.783,0,45.620,0,183.5,5:30.598,10:20:30.598,0:19.904,0:30.783,0:45.620,293.5,Oliver JARVIS,,LMP2 Pro/Am,,United Autosports,Oreca,GF,19.904,30.783,45.620,
21,3,4,1:34.559,0,,19.792,0,30.780,0,43.987,0,186.9,7:05.157,10:22:05.157,0:19.792,0:30.780,0:43.987,295.9,Oliver JARVIS,,LMP2 Pro/Am,,United Autosports,Oreca,GF,19.792,30.780,43.987,
21,3,5,1:33.478,0,,19.489,0,30.329,2,43.660,0,189.1,8:38.635,10:23:38.635,0:19.489,0:30.329,0:43.660,295.9,Oliver JARVIS,,LMP2 Pro/Am,,United Autosports,Oreca,GF,19.489,30.329,43.660,
21,3,6,1:34.910,0,,19.420,0,31.192,0,44.298,0,186.2,10:13.545,10:25:13.545,0:19.420,0:31.192,0:44.298,296.7,Oliver JARVIS,,LMP2 Pro/Am,,United Autosports,Oreca,GF,19.420,31.192,44.298,
21,3,7,1:33.861,0,,19.452,0,30.702,0,43.707,0,188.3,11:47.406,10:26:47.406,0:19.452,0:30.702,0:43.707,297.5,Oliver JARVIS,,LMP2 Pro/Am,,United Autosports,Oreca,GF,19.452,30.702,43.707,
21,3,8,1:34.066,0,,19.731,0,30.571,0,43.764,0,187.9,13:21.472,10:28:21.472,0:19.731,0:30.571,0:43.764,295.1,Oliver JARVIS,,LMP2 Pro/Am,,United Autosports,Oreca,GF,19.731,30.571,43.764,
21,3,9,1:33.942,0,,19.309,0,30.442,0,44.191,0,188.1,14:55.414,10:29:55.414,0:19.309,0:30.442,0:44.191,294.3,Oliver JARVIS,,LMP2 Pro/Am,,United Autosports,Oreca,GF,19.309,30.442,44.191,
21,3,10,1:33.278,2,,19.287,2,30.368,0,43.623,2,189.5,16:28.692,10:31:28.692,0:19.287,0:30.368,0:43.623,295.1,Oliver JARVIS,,LMP2 Pro/Am,,United Autosports,Oreca,GF,19.287,30.368,43.623,
21,3,11,1:35.842,0,,20.855,0,30.794,0,44.193,0,184.4,18:04.534,10:33:04.534,0:20.855,0:30.794,0:44.193,295.9,Oliver JARVIS,,LMP2 Pro/Am,,United Autosports,Oreca,GF,20.855,30.794,44.193,
21,3,12,1:35.818,0,,19.458,0,31.616,0,44.744,0,184.4,19:40.352,10:34:40.352,0:19.458,0:31.616,0:44.744,296.7,Oliver JARVIS,,LMP2 Pro/Am,,United Autosports,Oreca,GF,19.458,31.616,44.744,
21,3,13,16:22.516,0,B,19.600,0,31.698,0,15:31.218,0,18.0,36:02.868,10:51:02.868,0:19.600,0:31.698,15:31.218,296.7,Oliver JARVIS,,LMP2 Pro/Am,,United Autosports,Oreca,GF,19.600,31.698,931.218,
21,1,14,2:01.570,0,,39.153,0,34.836,0,47.581,0,145.4,38:04.438,10:53:04.438,0:39.153,0:34.836,0:47.581,174.8,Daniel SCHNEIDER,0:15:02.540,LMP2 Pro/Am,,United Autosports,Oreca,GF,39.153,34.836,47.581,
21,1,15,1:39.962,0,,20.723,0,32.522,0,46.717,0,176.8,39:44.400,10:54:44.400,0:20.723,0:32.522,0:46.717,291.1,Daniel SCHNEIDER,,LMP2 Pro/Am,,United Autosports,Oreca,GF,20.723,32.522,46.717,
21,1,16,1:38.009,0,,20.483,0,32.059,0,45.467,0,180.3,41:22.409,10:56:22.409,0:20.483,0:32.059,0:45.467,291.1,Daniel SCHNEIDER,,LMP2 Pro/Am,,United Autosports,Oreca,GF,20.483,32.059,45.467,
21,1,17,1:38.466,0,,20.417,0,32.189,0,45.860,0,179.5,43:00.875,10:58:00.875,0:20.417,0:32.189,0:45.860,290.3,Daniel SCHNEIDER,,LMP2 Pro/Am,,United Autosports,Oreca,GF,20.417,32.189,45.860,
21,1,18,1:39.749,0,,20.630,0,33.020,0,46.099,0,177.2,44:40.624,10:59:40.624,0:20.630,0:33.020,0:46.099,292.7,Daniel SCHNEIDER,,LMP2 Pro/Am,,United Autosports,Oreca,GF,20.630,33.020,46.099,
21,1,19,1:41.896,0,,21.061,0,33.049,0,47.786,0,173.4,46:22.520,11:01:22.520,0:21.061,0:33.049,0:47.786,282.0,Daniel SCHNEIDER,,LMP2 Pro/Am,,United Autosports,Oreca,GF,21.061,33.049,47.786,
21,1,20,1:39.999,0,,20.754,0,32.985,0,46.260,0,176.7,48:02.519,11:03:02.519,0:20.754,0:32.985,0:46.260,293.5,Daniel SCHNEIDER,,LMP2 Pro/Am,,United Autosports,Oreca,GF,20.754,32.985,46.260,
21,1,21,1:39.392,0,,20.409,0,33.403,0,45.580,0,177.8,49:41.911,11:04:41.911,0:20.409,0:33.403,0:45.580,292.7,Daniel SCHNEIDER,,LMP2 Pro/Am,,United Autosports,Oreca,GF,20.409,33.403,45.580,
21,1,22,1:39.837,0,,20.424,0,32.453,0,46.960,0,177.0,51:21.748,11:06:21.748,0:20.424,0:32.453,0:46.960,292.7,Daniel SCHNEIDER,,LMP2 Pro/Am,,United Autosports,Oreca,GF,20.424,32.453,46.960,
21,1,23,2:19.580,0,,21.084,0,33.562,0,1:24.934,0,126.6,53:41.328,11:08:41.328,0:21.084,0:33.562,1:24.934,261.5,Daniel SCHNEIDER,,LMP2 Pro/Am,,United Autosports,Oreca,FCY,21.084,33.562,84.934,
21,1,24,3:40.736,0,,54.556,0,1:08.244,0,1:37.936,0,80.1,57:22.064,11:12:22.064,0:54.556,1:08.244,1:37.936,81.6,Daniel SCHNEIDER,,LMP2 Pro/Am,,United Autosports,Oreca,FCY,54.556,68.244,97.936,
21,1,25,1:50.966,0,,31.626,0,33.165,0,46.175,0,159.3,59:13.030,11:14:13.030,0:31.626,0:33.165,0:46.175,207.7,Daniel SCHNEIDER,,LMP2 Pro/Am,,United Autosports,Oreca,GF,31.626,33.165,46.175,
21,1,26,1:37.140,0,,20.369,0,31.647,0,45.124,1,181.9,1:00:50.170,11:15:50.170,0:20.369,0:31.647,0:45.124,292.7,Daniel SCHNEIDER,,LMP2 Pro/Am,,United Autosports,Oreca,GF,20.369,31.647,45.124,
21,1,27,1:40.281,0,,20.232,0,33.328,0,46.721,0,176.2,1:02:30.451,11:17:30.451,0:20.232,0:33.328,0:46.721,294.3,Daniel SCHNEIDER,,LMP2 Pro/Am,,United Autosports,Oreca,GF,20.232,33.328,46.721,
21,1,28,1:37.256,0,,20.449,0,31.537,1,45.270,0,181.7,1:04:07.707,11:19:07.707,0:20.449,0:31.537,0:45.270,294.3,Daniel SCHNEIDER,,LMP2 Pro/Am,,United Autosports,Oreca,GF,20.449,31.537,45.270,
21,1,29,4:00.975,0,B,20.053,1,31.860,0,3:09.062,0,73.3,1:08:08.682,11:23:08.682,0:20.053,0:31.860,3:09.062,295.9,Daniel SCHNEIDER,,LMP2 Pro/Am,,United Autosports,Oreca,GF,20.053,31.860,189.062,
21,2,30,1:51.742,0,,36.057,0,31.246,0,44.439,0,158.2,1:10:00.424,11:25:00.424,0:36.057,0:31.246,0:44.439,189.1,Marino SATO,0:02:38.589,LMP2 Pro/Am,,United Autosports,Oreca,GF,36.057,31.246,44.439,
21,2,31,1:36.204,0,,20.938,0,30.758,0,44.508,0,183.7,1:11:36.628,11:26:36.628,0:20.938,0:30.758,0:44.508,294.3,Marino SATO,,LMP2 Pro/Am,,United Autosports,Oreca,GF,20.938,30.758,44.508,
21,2,32,1:36.483,0,,21.575,0,30.861,0,44.047,0,183.2,1:13:13.111,11:28:13.111,0:21.575,0:30.861,0:44.047,295.9,Marino SATO,,LMP2 Pro/Am,,United Autosports,Oreca,GF,21.575,30.861,44.047,
21,2,33,1:35.278,0,,19.618,0,30.927,0,44.733,0,185.5,1:14:48.389,11:29:48.389,0:19.618,0:30.927,0:44.733,295.9,Marino SATO,,LMP2 Pro/Am,,United Autosports,Oreca,GF,19.618,30.927,44.733,
21,2,34,1:37.333,0,,20.319,0,33.154,0,43.860,1,181.6,1:16:25.722,11:31:25.722,0:20.319,0:33.154,0:43.860,296.7,Marino SATO,,LMP2 Pro/Am,,United Autosports,Oreca,GF,20.319,33.154,43.860,
21,2,35,1:49.295,0,,19.427,0,30.533,0,59.335,0,161.7,1:18:15.017,11:33:15.017,0:19.427,0:30.533,0:59.335,295.1,Marino SATO,,LMP2 Pro/Am,,United Autosports,Oreca,GF,19.427,30.533,59.335,
21,2,36,1:36.896,0,,19.747,0,31.678,0,45.471,0,182.4,1:19:51.913,11:34:51.913,0:19.747,0:31.678,0:45.471,296.7,Marino SATO,,LMP2 Pro/Am,,United Autosports,Oreca,GF,19.747,31.678,45.471,
21,2,37,1:40.230,0,,19.331,1,31.811,0,49.088,0,176.3,1:21:32.143,11:36:32.143,0:19.331,0:31.811,0:49.088,296.7,Marino SATO,,LMP2 Pro/Am,,United Autosports,Oreca,GF,19.331,31.811,49.088,
21,2,38,1:34.784,0,,19.446,0,31.362,0,43.976,0,186.4,1:23:06.927,11:38:06.927,0:19.446,0:31.362,0:43.976,296.7,Marino SATO,,LMP2 Pro/Am,,United Autosports,Oreca,GF,19.446,31.362,43.976,
21,2,39,1:34.088,0,,19.434,0,30.519,1,44.135,0,187.8,1:24:41.015,11:39:41.015,0:19.434,0:30.519,0:44.135,296.7,Marino SATO,,LMP2 Pro/Am,,United Autosports,Oreca,GF,19.434,30.519,44.135,
21,2,40,1:35.217,0,,19.582,0,31.672,0,43.963,0,185.6,1:26:16.232,11:41:16.232,0:19.582,0:31.672,0:43.963,297.5,Marino SATO,,LMP2 Pro/Am,,United Autosports,Oreca,GF,19.582,31.672,43.963,
21,2,41,1:37.041,0,,19.543,0,32.642,0,44.856,0,182.1,1:27:53.273,11:42:53.273,0:19.543,0:32.642,0:44.856,298.3,Marino SATO,,LMP2 Pro/Am,,United Autosports,Oreca,GF,19.543,32.642,44.856,
21,2,42,1:35.179,0,,19.439,0,31.551,0,44.189,0,185.7,1:29:28.452,11:44:28.452,0:19.439,0:31.551,0:44.189,300.8,Marino SATO,,LMP2 Pro/Am,,United Autosports,Oreca,GF,19.439,31.551,44.189,
22,3,1,2:07.699,0,,44.923,0,34.711,0,48.065,0,132.2,2:07.699,10:17:07.699,0:44.923,0:34.711,0:48.065,138.1,Benjamin HANLEY,0:00:17.194,LMP2,,United Autosports,Oreca,GF,44.923,34.711,48.065,
22,3,2,1:45.482,0,,21.313,0,31.881,0,52.288,0,167.5,3:53.181,10:18:53.181,0:21.313,0:31.881,0:52.288,272.0,Benjamin HANLEY,,LMP2,,United Autosports,Oreca,GF,21.313,31.881,52.288,
22,3,3,1:35.647,0,,19.567,0,30.139,0,45.941,0,184.8,5:28.828,10:20:28.828,0:19.567,0:30.139,0:45.941,295.1,Benjamin HANLEY,,LMP2,,United Autosports,Oreca,GF,19.567,30.139,45.941,
22,3,4,1:32.299,0,,19.272,0,29.796,0,43.231,0,191.5,7:01.127,10:22:01.127,0:19.272,0:29.796,0:43.231,296.7,Benjamin HANLEY,,LMP2,,United Autosports,Oreca,GF,19.272,29.796,43.231,
22,3,5,1:35.916,0,,19.130,0,29.871,0,46.915,0,184.2,8:37.043,10:23:37.043,0:19.130,0:29.871,0:46.915,296.7,Benjamin HANLEY,,LMP2,,United Autosports,Oreca,GF,19.130,29.871,46.915,
22,3,6,1:31.878,3,,19.052,2,29.655,3,43.171,2,192.3,10:08.921,10:25:08.921,0:19.052,0:29.655,0:43.171,296.7,Benjamin HANLEY,,LMP2,,United Autosports,Oreca,GF,19.052,29.655,43.171,
22,3,7,5:34.616,0,B,19.511,0,31.038,0,4:44.067,0,52.8,15:43.537,10:30:43.537,0:19.511,0:31.038,4:44.067,296.7,Benjamin HANLEY,,LMP2,,United Autosports,Oreca,GF,19.511,31.038,284.067,
22,2,8,1:51.919,0,,35.449,0,31.501,0,44.969,0,157.9,17:35.456,10:32:35.456,0:35.449,0:31.501,0:44.969,198.5,Grégoire SAUCY,0:04:15.230,LMP2,,United Autosports,Oreca,GF,35.449,31.501,44.969,
22,2,9,1:35.489,0,,19.684,0,31.203,0,44.602,0,185.1,19:10.945,10:34:10.945,0:19.684,0:31.203,0:44.602,293.5,Grégoire SAUCY,,LMP2,,United Autosports,Oreca,GF,19.684,31.203,44.602,
22,2,10,1:34.879,0,,19.570,0,30.701,0,44.608,0,186.3,20:45.824,10:35:45.824,0:19.570,0:30.701,0:44.608,295.9,Grégoire SAUCY,,LMP2,,United Autosports,Oreca,GF,19.570,30.701,44.608,
22,2,11,1:35.353,0,,19.453,0,30.910,0,44.990,0,185.3,22:21.177,10:37:21.177,0:19.453,0:30.910,0:44.990,296.7,Grégoire SAUCY,,LMP2,,United Autosports,Oreca,GF,19.453,30.910,44.990,
22,2,12,1:36.734,0,,19.877,0,31.526,0,45.331,0,182.7,23:57.911,10:38:57.911,0:19.877,0:31.526,0:45.331,291.9,Grégoire SAUCY,,LMP2,,United Autosports,Oreca,GF,19.877,31.526,45.331,
22,2,13,1:37.393,0,,19.487,0,31.488,0,46.418,0,181.5,25:35.304,10:40:35.304,0:19.487,0:31.488,0:46.418,296.7,Grégoire SAUCY,,LMP2,,United Autosports,Oreca,GF,19.487,31.488,46.418,
22,2,14,1:33.826,0,,19.746,0,30.271,1,43.809,0,188.4,27:09.130,10:42:09.130,0:19.746,0:30.271,0:43.809,295.1,Grégoire SAUCY,,LMP2,,United Autosports,Oreca,GF,19.746,30.271,43.809,
22,2,15,1:36.371,0,,19.461,0,31.649,0,45.261,0,183.4,28:45.501,10:43:45.501,0:19.461,0:31.649,0:45.261,295.9,Grégoire SAUCY,,LMP2,,United Autosports,Oreca,GF,19.461,31.649,45.261,
22,2,16,1:38.997,0,,19.967,0,30.908,0,48.122,0,178.5,30:24.498,10:45:24.498,0:19.967,0:30.908,0:48.122,296.7,Grégoire SAUCY,,LMP2,,United Autosports,Oreca,GF,19.967,30.908,48.122,
22,2,17,1:44.457,0,,21.484,0,30.500,0,52.473,0,169.2,32:08.955,10:47:08.955,0:21.484,0:30.500,0:52.473,294.3,Grégoire SAUCY,,LMP2,,United Autosports,Oreca,GF,21.484,30.500,52.473,
22,2,18,1:33.227,0,,19.297,0,30.371,0,43.559,1,189.6,33:42.182,10:48:42.182,0:19.297,0:30.371,0:43.559,295.1,Grégoire SAUCY,,LMP2,,United Autosports,Oreca,GF,19.297,30.371,43.559,
22,2,19,1:35.109,0,,20.806,0,30.480,0,43.823,0,185.8,35:17.291,10:50:17.291,0:20.806,0:30.480,0:43.823,298.3,Grégoire SAUCY,,LMP2,,United Autosports,Oreca,GF,20.806,30.480,43.823,
22,2,20,1:33.842,0,,19.293,1,30.787,0,43.762,0,188.3,36:51.133,10:51:51.133,0:19.293,0:30.787,0:43.762,296.7,Grégoire SAUCY,,LMP2,,United Autosports,Oreca,GF,19.293,30.787,43.762,
22,2,21,1:34.661,0,,19.311,0,30.592,0,44.758,0,186.7,38:25.794,10:53:25.794,0:19.311,0:30.592,0:44.758,298.3,Grégoire SAUCY,,LMP2,,United Autosports,Oreca,GF,19.311,30.592,44.758,
22,2,22,1:34.366,0,,19.707,0,30.636,0,44.023,0,187.3,40:00.160,10:55:00.160,0:19.707,0:30.636,0:44.023,298.3,Grégoire SAUCY,,LMP2,,United Autosports,Oreca,GF,19.707,30.636,44.023,
22,2,23,1:35.303,0,,19.339,0,31.491,0,44.473,0,185.4,41:35.463,10:56:35.463,0:19.339,0:31.491,0:44.473,297.5,Grégoire SAUCY,,LMP2,,United Autosports,Oreca,GF,19.339,31.491,44.473,
22,2,24,1:35.339,0,,19.464,0,30.808,0,45.067,0,185.4,43:10.802,10:58:10.802,0:19.464,0:30.808,0:45.067,299.2,Grégoire SAUCY,,LMP2,,United Autosports,Oreca,GF,19.464,30.808,45.067,
22,2,25,6:56.599,0,B,19.415,0,30.518,0,6:06.666,0,42.4,50:07.401,11:05:07.401,0:19.415,0:30.518,6:06.666,295.9,Grégoire SAUCY,,LMP2,,United Autosports,Oreca,GF,19.415,30.518,366.666,
22,1,26,1:56.488,0,,35.627,0,34.729,0,46.132,0,151.7,52:03.889,11:07:03.889,0:35.627,0:34.729,0:46.132,197.8,Manuel MALDONADO,0:05:37.697,LMP2,,United Autosports,Oreca,GF,35.627,34.729,46.132,
22,1,27,3:03.707,0,,21.589,0,1:03.971,0,1:38.147,0,96.2,55:07.596,11:10:07.596,0:21.589,1:03.971,1:38.147,294.3,Manuel MALDONADO,,LMP2,,United Autosports,Oreca,FCY,21.589,63.971,98.147,
22,1,28,3:01.598,0,,54.628,0,1:08.563,0,58.407,0,97.3,58:09.194,11:13:09.194,0:54.628,1:08.563,0:58.407,81.4,Manuel MALDONADO,,LMP2,,United Autosports,Oreca,GF,54.628,68.563,58.407,
22,1,29,1:38.814,0,,20.157,0,32.853,0,45.804,0,178.8,59:48.008,11:14:48.008,0:20.157,0:32.853,0:45.804,291.1,Manuel MALDONADO,,LMP2,,United Autosports,Oreca,GF,20.157,32.853,45.804,
22,1,30,1:38.542,0,,20.284,0,32.579,0,45.679,0,179.3,1:01:26.550,11:16:26.550,0:20.284,0:32.579,0:45.679,292.7,Manuel MALDONADO,,LMP2,,United Autosports,Oreca,GF,20.284,32.579,45.679,
22,1,31,1:38.608,0,,20.780,0,31.246,0,46.582,0,179.2,1:03:05.158,11:18:05.158,0:20.780,0:31.246,0:46.582,296.7,Manuel MALDONADO,,LMP2,,United Autosports,Oreca,GF,20.780,31.246,46.582,
22,1,32,1:36.662,0,,20.429,0,31.140,0,45.093,0,182.8,1:04:41.820,11:19:41.820,0:20.429,0:31.140,0:45.093,297.5,Manuel MALDONADO,,LMP2,,United Autosports,Oreca,GF,20.429,31.140,45.093,
22,1,33,1:35.766,0,,19.591,0,31.693,0,44.482,0,184.5,1:06:17.586,11:21:17.586,0:19.591,0:31.693,0:44.482,295.1,Manuel MALDONADO,,LMP2,,United Autosports,Oreca,GF,19.591,31.693,44.482,
22,1,34,1:36.537,0,,19.985,0,30.832,0,45.720,0,183.1,1:07:54.123,11:22:54.123,0:19.985,0:30.832,0:45.720,295.1,Manuel MALDONADO,,LMP2,,United Autosports,Oreca,GF,19.985,30.832,45.720,
22,1,35,1:36.263,0,,19.663,0,31.421,0,45.179,0,183.6,1:09:30.386,11:24:30.386,0:19.663,0:31.421,0:45.179,295.9,Manuel MALDONADO,,LMP2,,United Autosports,Oreca,GF,19.663,31.421,45.179,
22,1,36,1:35.458,0,,19.543,0,31.341,0,44.574,0,185.1,1:11:05.844,11:26:05.844,0:19.543,0:31.341,0:44.574,295.1,Manuel MALDONADO,,LMP2,,United Autosports,Oreca,GF,19.543,31.341,44.574,
22,1,37,1:35.043,0,,19.456,0,30.582,1,45.005,0,185.9,1:12:40.887,11:27:40.887,0:19.456,0:30.582,0:45.005,295.1,Manuel MALDONADO,,LMP2,,United Autosports,Oreca,GF,19.456,30.582,45.005,
22,1,38,1:38.958,0,,19.415,1,34.243,0,45.300,0,178.6,1:14:19.845,11:29:19.845,0:19.415,0:34.243,0:45.300,295.1,Manuel MALDONADO,,LMP2,,United Autosports,Oreca,GF,19.415,34.243,45.300,
22,1,39,1:37.865,0,,20.666,0,32.444,0,44.755,0,180.6,1:15:57.710,11:30:57.710,0:20.666,0:32.444,0:44.755,295.9,Manuel MALDONADO,,LMP2,,United Autosports,Oreca,GF,20.666,32.444,44.755,
22,1,40,1:34.578,0,,19.584,0,30.819,0,44.175,1,186.9,1:17:32.288,11:32:32.288,0:19.584,0:30.819,0:44.175,295.1,Manuel MALDONADO,,LMP2,,United Autosports,Oreca,GF,19.584,30.819,44.175,
22,1,41,2:56.445,0,B,19.666,0,32.377,0,2:04.402,0,100.2,1:20:28.733,11:35:28.733,0:19.666,0:32.377,2:04.402,296.7,Manuel MALDONADO,,LMP2,,United Autosports,Oreca,GF,19.666,32.377,124.402,
22,3,42,1:51.771,0,,35.147,0,31.902,0,44.722,0,158.1,1:22:20.504,11:37:20.504,0:35.147,0:31.902,0:44.722,197.8,Benjamin HANLEY,0:01:34.310,LMP2,,United Autosports,Oreca,GF,35.147,31.902,44.722,
22,3,43,1:36.614,0,,19.834,0,31.525,0,45.255,0,182.9,1:23:57.118,11:38:57.118,0:19.834,0:31.525,0:45.255,295.9,Benjamin HANLEY,,LMP2,,United Autosports,Oreca,GF,19.834,31.525,45.255,
22,3,44,1:35.041,0,,19.640,0,30.808,0,44.593,0,185.9,1:25:32.159,11:40:32.159,0:19.640,0:30.808,0:44.593,295.1,Benjamin HANLEY,,LMP2,,United Autosports,Oreca,GF,19.640,30.808,44.593,
22,3,45,1:34.301,0,,19.428,0,30.705,0,44.168,0,187.4,1:27:06.460,11:42:06.460,0:19.428,0:30.705,0:44.168,294.3,Benjamin HANLEY,,LMP2,,United Autosports,Oreca,GF,19.428,30.705,44.168,
22,3,46,1:35.415,0,,19.512,0,31.099,0,44.804,0,185.2,1:28:41.875,11:43:41.875,0:19.512,0:31.099,0:44.804,295.1,Benjamin HANLEY,,LMP2,,United Autosports,Oreca,GF,19.512,31.099,44.804,
22,3,47,1:35.546,0,,19.566,0,31.561,0,44.419,0,185.0,1:30:17.421,11:45:17.421,0:19.566,0:31.561,0:44.419,295.9,Benjamin HANLEY,,LMP2,,United Autosports,Oreca,FF,19.566,31.561,44.419,
23,2,1,2:17.072,0,,48.087,0,37.567,0,51.418,0,123.2,2:17.072,10:17:17.072,0:48.087,0:37.567,0:51.418,146.5,Garnet PATTERSON,0:00:20.540,LMGT3,,United Autosports,McLaren,GF,48.087,37.567,51.418,
23,2,2,1:48.358,0,,23.426,0,34.487,0,50.445,0,163.1,4:05.430,10:19:05.430,0:23.426,0:34.487,0:50.445,256.5,Garnet PATTERSON,,LMGT3,,United Autosports,McLaren,GF,23.426,34.487,50.445,
23,2,3,1:43.279,0,,21.638,0,33.766,0,47.875,0,171.1,5:48.709,10:20:48.709,0:21.638,0:33.766,0:47.875,259.0,Garnet PATTERSON,,LMGT3,,United Autosports,McLaren,GF,21.638,33.766,47.875,
23,2,4,1:43.549,0,,21.606,0,33.902,0,48.041,0,170.7,7:32.258,10:22:32.258,0:21.606,0:33.902,0:48.041,260.2,Garnet PATTERSON,,LMGT3,,United Autosports,McLaren,GF,21.606,33.902,48.041,
23,2,5,1:44.572,0,,21.555,0,34.831,0,48.186,0,169.0,9:16.830,10:24:16.830,0:21.555,0:34.831,0:48.186,260.9,Garnet PATTERSON,,LMGT3,,United Autosports,McLaren,GF,21.555,34.831,48.186,
23,2,6,1:43.682,0,,21.755,0,33.850,0,48.077,0,170.4,11:00.512,10:26:00.512,0:21.755,0:33.850,0:48.077,260.9,Garnet PATTERSON,,LMGT3,,United Autosports,McLaren,GF,21.755,33.850,48.077,
23,2,7,1:43.288,0,,21.651,0,33.757,2,47.880,0,171.1,12:43.800,10:27:43.800,0:21.651,0:33.757,0:47.880,260.2,Garnet PATTERSON,,LMGT3,,United Autosports,McLaren,GF,21.651,33.757,47.880,
23,2,8,1:43.898,0,,21.798,0,34.170,0,47.930,0,170.1,14:27.698,10:29:27.698,0:21.798,0:34.170,0:47.930,259.0,Garnet PATTERSON,,LMGT3,,United Autosports,McLaren,GF,21.798,34.170,47.930,
23,2,9,1:43.054,2,,21.524,2,33.786,0,47.744,2,171.5,16:10.752,10:31:10.752,0:21.524,0:33.786,0:47.744,259.6,Garnet PATTERSON,,LMGT3,,United Autosports,McLaren,GF,21.524,33.786,47.744,
23,2,10,1:43.706,0,,21.715,0,33.941,0,48.050,0,170.4,17:54.458,10:32:54.458,0:21.715,0:33.941,0:48.050,259.0,Garnet PATTERSON,,LMGT3,,United Autosports,McLaren,GF,21.715,33.941,48.050,
23,2,11,1:43.840,0,,21.572,0,34.085,0,48.183,0,170.2,19:38.298,10:34:38.298,0:21.572,0:34.085,0:48.183,260.2,Garnet PATTERSON,,LMGT3,,United Autosports,McLaren,GF,21.572,34.085,48.183,
23,2,12,1:44.754,0,,21.827,0,34.507,0,48.420,0,168.7,21:23.052,10:36:23.052,0:21.827,0:34.507,0:48.420,260.2,Garnet PATTERSON,,LMGT3,,United Autosports,McLaren,GF,21.827,34.507,48.420,
23,2,13,1:52.643,0,,21.847,0,34.312,0,56.484,0,156.9,23:15.695,10:38:15.695,0:21.847,0:34.312,0:56.484,264.1,Garnet PATTERSON,,LMGT3,,United Autosports,McLaren,GF,21.847,34.312,56.484,
23,2,14,3:27.654,0,B,21.852,0,34.996,0,2:30.806,0,85.1,26:43.349,10:41:43.349,0:21.852,0:34.996,2:30.806,260.2,Garnet PATTERSON,,LMGT3,,United Autosports,McLaren,GF,21.852,34.996,150.806,
23,1,15,2:08.006,0,,39.671,0,36.634,0,51.701,0,138.1,28:51.355,10:43:51.355,0:39.671,0:36.634,0:51.701,168.5,Michael BIRCH,0:01:58.587,LMGT3,,United Autosports,McLaren,GF,39.671,36.634,51.701,
23,1,16,1:48.005,0,,22.208,0,35.794,0,50.003,0,163.6,30:39.360,10:45:39.360,0:22.208,0:35.794,0:50.003,260.2,Michael BIRCH,,LMGT3,,United Autosports,McLaren,GF,22.208,35.794,50.003,
23,1,17,1:48.904,0,,22.484,0,35.671,0,50.749,0,162.3,32:28.264,10:47:28.264,0:22.484,0:35.671,0:50.749,258.4,Michael BIRCH,,LMGT3,,United Autosports,McLaren,GF,22.484,35.671,50.749,
23,1,18,1:49.944,0,,22.217,0,36.161,0,51.566,0,160.7,34:18.208,10:49:18.208,0:22.217,0:36.161,0:51.566,259.6,Michael BIRCH,,LMGT3,,United Autosports,McLaren,GF,22.217,36.161,51.566,
23,1,19,1:49.028,0,,22.395,0,35.719,0,50.914,0,162.1,36:07.236,10:51:07.236,0:22.395,0:35.719,0:50.914,260.9,Michael BIRCH,,LMGT3,,United Autosports,McLaren,GF,22.395,35.719,50.914,
23,1,20,1:48.272,0,,22.204,0,35.527,0,50.541,0,163.2,37:55.508,10:52:55.508,0:22.204,0:35.527,0:50.541,259.6,Michael BIRCH,,LMGT3,,United Autosports,McLaren,GF,22.204,35.527,50.541,
23,1,21,1:48.437,0,,22.360,0,35.761,0,50.316,0,163.0,39:43.945,10:54:43.945,0:22.360,0:35.761,0:50.316,260.9,Michael BIRCH,,LMGT3,,United Autosports,McLaren,GF,22.360,35.761,50.316,
23,1,22,1:49.120,0,,22.916,0,35.922,0,50.282,0,162.0,41:33.065,10:56:33.065,0:22.916,0:35.922,0:50.282,254.1,Michael BIRCH,,LMGT3,,United Autosports,McLaren,GF,22.916,35.922,50.282,
23,1,23,2:06.028,0,,22.054,1,35.231,1,1:08.743,0,140.2,43:39.093,10:58:39.093,0:22.054,0:35.231,1:08.743,260.2,Michael BIRCH,,LMGT3,,United Autosports,McLaren,GF,22.054,35.231,68.743,
23,1,24,1:48.870,0,,22.388,0,35.833,0,50.649,0,162.3,45:27.963,11:00:27.963,0:22.388,0:35.833,0:50.649,259.0,Michael BIRCH,,LMGT3,,United Autosports,McLaren,GF,22.388,35.833,50.649,
23,1,25,1:49.735,0,,22.740,0,36.219,0,50.776,0,161.0,47:17.698,11:02:17.698,0:22.740,0:36.219,0:50.776,258.4,Michael BIRCH,,LMGT3,,United Autosports,McLaren,GF,22.740,36.219,50.776,
23,1,26,1:49.438,0,,22.260,0,35.953,0,51.225,0,161.5,49:07.136,11:04:07.136,0:22.260,0:35.953,0:51.225,260.2,Michael BIRCH,,LMGT3,,United Autosports,McLaren,GF,22.260,35.953,51.225,
23,1,27,1:49.454,0,,23.600,0,35.917,0,49.937,1,161.5,50:56.590,11:05:56.590,0:23.600,0:35.917,0:49.937,260.9,Michael BIRCH,,LMGT3,,United Autosports,McLaren,GF,23.600,35.917,49.937,
23,1,28,3:15.895,0,B,22.910,0,36.285,0,2:16.700,0,90.2,54:12.485,11:09:12.485,0:22.910,0:36.285,2:16.700,259.6,Michael BIRCH,,LMGT3,,United Autosports,McLaren,FCY,22.910,36.285,136.700,
23,3,29,3:33.563,0,,58.802,0,1:08.116,0,1:26.645,0,82.8,57:46.048,11:12:46.048,0:58.802,1:08.116,1:26.645,81.4,Wayne BOYD,0:01:33.944,LMGT3,,United Autosports,McLaren,GF,58.802,68.116,86.645,
23,3,30,1:47.522,0,,22.934,0,34.734,0,49.854,0,164.4,59:33.570,11:14:33.570,0:22.934,0:34.734,0:49.854,256.5,Wayne BOYD,,LMGT3,,United Autosports,McLaren,GF,22.934,34.734,49.854,
23,3,31,1:45.010,0,,21.881,0,34.400,0,48.729,0,168.3,1:01:18.580,11:16:18.580,0:21.881,0:34.400,0:48.729,260.2,Wayne BOYD,,LMGT3,,United Autosports,McLaren,GF,21.881,34.400,48.729,
23,3,32,1:52.257,0,,21.714,0,35.473,0,55.070,0,157.4,1:03:10.837,11:18:10.837,0:21.714,0:35.473,0:55.070,262.8,Wayne BOYD,,LMGT3,,United Autosports,McLaren,GF,21.714,35.473,55.070,
23,3,33,1:44.805,0,,21.767,0,34.328,0,48.710,0,168.6,1:04:55.642,11:19:55.642,0:21.767,0:34.328,0:48.710,262.1,Wayne BOYD,,LMGT3,,United Autosports,McLaren,GF,21.767,34.328,48.710,
23,3,34,4:53.072,0,B,21.713,0,34.428,0,3:56.931,0,60.3,1:09:48.714,11:24:48.714,0:21.713,0:34.428,3:56.931,262.1,Wayne BOYD,,LMGT3,,United Autosports,McLaren,GF,21.713,34.428,236.931,
23,3,35,2:04.682,0,,36.795,0,34.760,0,53.127,0,141.7,1:11:53.396,11:26:53.396,0:36.795,0:34.760,0:53.127,179.1,Wayne BOYD,0:03:24.788,LMGT3,,United Autosports,McLaren,GF,36.795,34.760,53.127,
23,3,36,1:45.121,0,,21.842,0,34.623,0,48.656,0,168.1,1:13:38.517,11:28:38.517,0:21.842,0:34.623,0:48.656,259.6,Wayne BOYD,,LMGT3,,United Autosports,McLaren,GF,21.842,34.623,48.656,
23,3,37,1:44.131,0,,21.765,0,34.281,0,48.085,0,169.7,1:15:22.648,11:30:22.648,0:21.765,0:34.281,0:48.085,260.2,Wayne BOYD,,LMGT3,,United Autosports,McLaren,GF,21.765,34.281,48.085,
23,3,38,1:44.716,0,,21.732,0,34.456,0,48.528,0,168.8,1:17:07.364,11:32:07.364,0:21.732,0:34.456,0:48.528,259.6,Wayne BOYD,,LMGT3,,United Autosports,McLaren,GF,21.732,34.456,48.528,
23,3,39,1:44.902,0,,22.150,0,34.434,0,48.318,0,168.5,1:18:52.266,11:33:52.266,0:22.150,0:34.434,0:48.318,259.0,Wayne BOYD,,LMGT3,,United Autosports,McLaren,GF,22.150,34.434,48.318,
23,3,40,2:14.276,0,B,21.928,0,34.570,0,1:17.778,0,131.6,1:21:06.542,11:36:06.542,0:21.928,0:34.570,1:17.778,260.9,Wayne BOYD,,LMGT3,,United Autosports,McLaren,GF,21.928,34.570,77.778,
23,3,41,1:59.844,0,,36.946,0,34.476,0,48.422,0,147.5,1:23:06.386,11:38:06.386,0:36.946,0:34.476,0:48.422,178.2,Wayne BOYD,0:00:45.876,LMGT3,,United Autosports,McLaren,GF,36.946,34.476,48.422,
23,3,42,1:43.886,0,,21.766,0,33.999,0,48.121,0,170.1,1:24:50.272,11:39:50.272,0:21.766,0:33.999,0:48.121,259.6,Wayne BOYD,,LMGT3,,United Autosports,McLaren,GF,21.766,33.999,48.121,
23,3,43,1:44.582,0,,21.744,0,33.965,1,48.873,0,169.0,1:26:34.854,11:41:34.854,0:21.744,0:33.965,0:48.873,261.5,Wayne BOYD,,LMGT3,,United Autosports,McLaren,GF,21.744,33.965,48.873,
23,3,44,1:44.101,0,,21.661,0,34.382,0,48.058,1,169.8,1:28:18.955,11:43:18.955,0:21.661,0:34.382,0:48.058,260.2,Wayne BOYD,,LMGT3,,United Autosports,McLaren,GF,21.661,34.382,48.058,
23,3,45,1:43.959,0,,21.632,1,34.107,0,48.220,0,170.0,1:30:02.914,11:45:02.914,0:21.632,0:34.107,0:48.220,261.5,Wayne BOYD,,LMGT3,,United Autosports,McLaren,FF,21.632,34.107,48.220,
24,3,1,2:06.931,0,,42.860,0,36.129,0,47.942,0,133.0,2:06.931,10:17:06.931,0:42.860,0:36.129,0:47.942,150.0,Filipe ALBUQUERQUE,0:00:14.363,LMP2,,Nielsen Racing,Oreca,GF,42.860,36.129,47.942,
24,3,2,1:44.675,0,,21.049,0,32.059,0,51.567,0,168.8,3:51.606,10:18:51.606,0:21.049,0:32.059,0:51.567,287.2,Filipe ALBUQUERQUE,,LMP2,,Nielsen Racing,Oreca,GF,21.049,32.059,51.567,
24,3,3,1:38.567,0,,19.831,0,30.487,0,48.249,0,179.3,5:30.173,10:20:30.173,0:19.831,0:30.487,0:48.249,292.7,Filipe ALBUQUERQUE,,LMP2,,Nielsen Racing,Oreca,GF,19.831,30.487,48.249,
24,3,4,1:33.027,0,,19.521,0,30.118,0,43.388,2,190.0,7:03.200,10:22:03.200,0:19.521,0:30.118,0:43.388,294.3,Filipe ALBUQUERQUE,,LMP2,,Nielsen Racing,Oreca,GF,19.521,30.118,43.388,
24,3,5,1:34.732,0,,19.333,0,30.026,0,45.373,0,186.6,8:37.932,10:23:37.932,0:19.333,0:30.026,0:45.373,295.9,Filipe ALBUQUERQUE,,LMP2,,Nielsen Racing,Oreca,GF,19.333,30.026,45.373,
24,3,6,1:35.142,0,,19.639,0,31.004,0,44.499,0,185.7,10:13.074,10:25:13.074,0:19.639,0:31.004,0:44.499,295.9,Filipe ALBUQUERQUE,,LMP2,,Nielsen Racing,Oreca,GF,19.639,31.004,44.499,
24,3,7,1:33.692,0,,19.320,0,30.007,0,44.365,0,188.6,11:46.766,10:26:46.766,0:19.320,0:30.007,0:44.365,295.9,Filipe ALBUQUERQUE,,LMP2,,Nielsen Racing,Oreca,GF,19.320,30.007,44.365,
24,3,8,1:32.822,2,,19.316,0,29.948,2,43.558,0,190.4,13:19.588,10:28:19.588,0:19.316,0:29.948,0:43.558,295.9,Filipe ALBUQUERQUE,,LMP2,,Nielsen Racing,Oreca,GF,19.316,29.948,43.558,
24,3,9,1:32.917,0,,19.290,0,30.126,0,43.501,0,190.2,14:52.505,10:29:52.505,0:19.290,0:30.126,0:43.501,295.1,Filipe ALBUQUERQUE,,LMP2,,Nielsen Racing,Oreca,GF,19.290,30.126,43.501,
24,3,10,6:25.020,0,B,19.286,2,29.956,0,5:35.778,0,45.9,21:17.525,10:36:17.525,0:19.286,0:29.956,5:35.778,295.1,Filipe ALBUQUERQUE,,LMP2,,Nielsen Racing,Oreca,GF,19.286,29.956,335.778,
24,1,11,1:52.484,0,,35.777,0,31.466,0,45.241,0,157.1,23:10.009,10:38:10.009,0:35.777,0:31.466,0:45.241,194.9,Cem BÖLÜKBASI,0:05:05.709,LMP2,,Nielsen Racing,Oreca,GF,35.777,31.466,45.241,
24,1,12,1:35.937,0,,19.788,0,31.944,0,44.205,0,184.2,24:45.946,10:39:45.946,0:19.788,0:31.944,0:44.205,292.7,Cem BÖLÜKBASI,,LMP2,,Nielsen Racing,Oreca,GF,19.788,31.944,44.205,
24,1,13,1:34.480,0,,19.706,0,30.632,0,44.142,0,187.0,26:20.426,10:41:20.426,0:19.706,0:30.632,0:44.142,291.1,Cem BÖLÜKBASI,,LMP2,,Nielsen Racing,Oreca,GF,19.706,30.632,44.142,
24,1,14,1:34.020,0,,19.536,0,30.478,1,44.006,1,188.0,27:54.446,10:42:54.446,0:19.536,0:30.478,0:44.006,292.7,Cem BÖLÜKBASI,,LMP2,,Nielsen Racing,Oreca,GF,19.536,30.478,44.006,
24,1,15,1:34.926,0,,19.857,0,30.790,0,44.279,0,186.2,29:29.372,10:44:29.372,0:19.857,0:30.790,0:44.279,294.3,Cem BÖLÜKBASI,,LMP2,,Nielsen Racing,Oreca,GF,19.857,30.790,44.279,
24,1,16,3:17.976,0,B,19.545,0,31.027,0,2:27.404,0,89.3,32:47.348,10:47:47.348,0:19.545,0:31.027,2:27.404,294.3,Cem BÖLÜKBASI,,LMP2,,Nielsen Racing,Oreca,GF,19.545,31.027,147.404,
24,2,17,1:51.613,0,,35.425,0,31.685,0,44.503,0,158.3,34:38.961,10:49:38.961,0:35.425,0:31.685,0:44.503,198.5,Ferdinand HABSBURG,0:01:59.634,LMP2,,Nielsen Racing,Oreca,GF,35.425,31.685,44.503,
24,2,18,1:35.713,0,,20.173,0,31.627,0,43.913,0,184.6,36:14.674,10:51:14.674,0:20.173,0:31.627,0:43.913,295.1,Ferdinand HABSBURG,,LMP2,,Nielsen Racing,Oreca,GF,20.173,31.627,43.913,
24,2,19,1:35.655,0,,19.488,0,31.345,0,44.822,0,184.8,37:50.329,10:52:50.329,0:19.488,0:31.345,0:44.822,295.9,Ferdinand HABSBURG,,LMP2,,Nielsen Racing,Oreca,GF,19.488,31.345,44.822,
24,2,20,1:35.113,0,,19.458,1,31.100,0,44.555,0,185.8,39:25.442,10:54:25.442,0:19.458,0:31.100,0:44.555,295.9,Ferdinand HABSBURG,,LMP2,,Nielsen Racing,Oreca,GF,19.458,31.100,44.555,
24,2,21,1:36.104,0,,19.482,0,31.887,0,44.735,0,183.9,41:01.546,10:56:01.546,0:19.482,0:31.887,0:44.735,295.9,Ferdinand HABSBURG,,LMP2,,Nielsen Racing,Oreca,GF,19.482,31.887,44.735,
24,2,22,9:11.778,0,B,20.968,0,32.636,0,8:18.174,0,32.0,50:13.324,11:05:13.324,0:20.968,0:32.636,8:18.174,280.5,Ferdinand HABSBURG,,LMP2,,Nielsen Racing,Oreca,GF,20.968,32.636,498.174,
24,1,23,1:53.598,0,,35.220,0,33.389,0,44.989,0,155.6,52:06.922,11:07:06.922,0:35.220,0:33.389,0:44.989,196.0,Cem BÖLÜKBASI,0:07:49.726,LMP2,,Nielsen Racing,Oreca,GF,35.220,33.389,44.989,
24,1,24,3:02.200,0,,19.808,0,1:04.010,0,1:38.382,0,97.0,55:09.122,11:10:09.122,0:19.808,1:04.010,1:38.382,292.7,Cem BÖLÜKBASI,,LMP2,,Nielsen Racing,Oreca,FCY,19.808,64.010,98.382,
24,1,25,3:00.451,0,,54.872,0,1:08.771,0,56.808,0,97.9,58:09.573,11:13:09.573,0:54.872,1:08.771,0:56.808,81.6,Cem BÖLÜKBASI,,LMP2,,Nielsen Racing,Oreca,GF,54.872,68.771,56.808,
24,1,26,1:36.682,0,,19.869,0,31.816,0,44.997,0,182.8,59:46.255,11:14:46.255,0:19.869,0:31.816,0:44.997,293.5,Cem BÖLÜKBASI,,LMP2,,Nielsen Racing,Oreca,GF,19.869,31.816,44.997,
24,1,27,1:35.725,0,,19.519,0,30.829,0,45.377,0,184.6,1:01:21.980,11:16:21.980,0:19.519,0:30.829,0:45.377,291.9,Cem BÖLÜKBASI,,LMP2,,Nielsen Racing,Oreca,GF,19.519,30.829,45.377,
24,1,28,1:35.734,0,,19.504,1,31.741,0,44.489,0,184.6,1:02:57.714,11:17:57.714,0:19.504,0:31.741,0:44.489,294.3,Cem BÖLÜKBASI,,LMP2,,Nielsen Racing,Oreca,GF,19.504,31.741,44.489,
24,1,29,9:10.607,0,B,19.511,0,30.828,0,8:20.268,0,32.1,1:12:08.321,11:27:08.321,0:19.511,0:30.828,8:20.268,295.1,Cem BÖLÜKBASI,,LMP2,,Nielsen Racing,Oreca,GF,19.511,30.828,500.268,
24,2,30,1:50.853,0,,34.587,0,31.026,0,45.240,0,159.4,1:13:59.174,11:28:59.174,0:34.587,0:31.026,0:45.240,198.5,Ferdinand HABSBURG,0:07:51.970,LMP2,,Nielsen Racing,Oreca,GF,34.587,31.026,45.240,
24,2,31,1:34.028,0,,19.531,0,30.692,0,43.805,1,187.9,1:15:33.202,11:30:33.202,0:19.531,0:30.692,0:43.805,293.5,Ferdinand HABSBURG,,LMP2,,Nielsen Racing,Oreca,GF,19.531,30.692,43.805,
24,2,32,1:35.179,0,,20.251,0,30.767,0,44.161,0,185.7,1:17:08.381,11:32:08.381,0:20.251,0:30.767,0:44.161,295.1,Ferdinand HABSBURG,,LMP2,,Nielsen Racing,Oreca,GF,20.251,30.767,44.161,
24,2,33,1:36.282,0,,19.994,0,31.964,0,44.324,0,183.5,1:18:44.663,11:33:44.663,0:19.994,0:31.964,0:44.324,295.9,Ferdinand HABSBURG,,LMP2,,Nielsen Racing,Oreca,GF,19.994,31.964,44.324,
24,2,34,1:38.771,0,,19.791,0,31.982,0,46.998,0,178.9,1:20:23.434,11:35:23.434,0:19.791,0:31.982,0:46.998,294.3,Ferdinand HABSBURG,,LMP2,,Nielsen Racing,Oreca,GF,19.791,31.982,46.998,
24,2,35,3:00.180,0,B,19.567,0,30.529,1,2:10.084,0,98.1,1:23:23.614,11:38:23.614,0:19.567,0:30.529,2:10.084,294.3,Ferdinand HABSBURG,,LMP2,,Nielsen Racing,Oreca,GF,19.567,30.529,130.084,
24,1,36,1:54.996,0,,36.425,0,32.762,0,45.809,0,153.7,1:25:18.610,11:40:18.610,0:36.425,0:32.762,0:45.809,194.9,Cem BÖLÜKBASI,0:01:41.603,LMP2,,Nielsen Racing,Oreca,GF,36.425,32.762,45.809,
24,1,37,1:35.930,0,,19.823,0,31.577,0,44.530,0,184.2,1:26:54.540,11:41:54.540,0:19.823,0:31.577,0:44.530,294.3,Cem BÖLÜKBASI,,LMP2,,Nielsen Racing,Oreca,GF,19.823,31.577,44.530,
24,1,38,1:36.610,0,,19.868,0,31.388,0,45.354,0,182.9,1:28:31.150,11:43:31.150,0:19.868,0:31.388,0:45.354,294.3,Cem BÖLÜKBASI,,LMP2,,Nielsen Racing,Oreca,GF,19.868,31.388,45.354,
24,1,39,1:36.372,0,,20.668,0,31.118,0,44.586,0,183.4,1:30:07.522,11:45:07.522,0:20.668,0:31.118,0:44.586,294.3,Cem BÖLÜKBASI,,LMP2,,Nielsen Racing,Oreca,FF,20.668,31.118,44.586,
25,3,1,2:15.328,0,,52.096,0,35.166,0,48.066,0,124.8,2:15.328,10:17:15.328,0:52.096,0:35.166,0:48.066,182.4,Théo POURCHAIRE,0:00:27.436,LMP2,,Algarve Pro Racing,Oreca,GF,52.096,35.166,48.066,
25,3,2,1:44.247,0,,21.889,0,33.200,0,49.158,0,169.5,3:59.575,10:18:59.575,0:21.889,0:33.200,0:49.158,286.5,Théo POURCHAIRE,,LMP2,,Algarve Pro Racing,Oreca,GF,21.889,33.200,49.158,
25,3,3,1:38.052,0,,20.167,0,31.016,0,46.869,0,180.2,5:37.627,10:20:37.627,0:20.167,0:31.016,0:46.869,295.9,Théo POURCHAIRE,,LMP2,,Algarve Pro Racing,Oreca,GF,20.167,31.016,46.869,
25,3,4,1:32.703,0,,19.342,0,30.272,0,43.089,0,190.6,7:10.330,10:22:10.330,0:19.342,0:30.272,0:43.089,295.9,Théo POURCHAIRE,,LMP2,,Algarve Pro Racing,Oreca,GF,19.342,30.272,43.089,
25,3,5,1:32.180,0,,19.219,0,29.943,2,43.018,3,191.7,8:42.510,10:23:42.510,0:19.219,0:29.943,0:43.018,296.7,Théo POURCHAIRE,,LMP2,,Algarve Pro Racing,Oreca,GF,19.219,29.943,43.018,
25,3,6,1:36.318,0,,19.163,0,31.936,0,45.219,0,183.5,10:18.828,10:25:18.828,0:19.163,0:31.936,0:45.219,296.7,Théo POURCHAIRE,,LMP2,,Algarve Pro Racing,Oreca,GF,19.163,31.936,45.219,
25,3,7,1:32.144,2,,19.064,2,29.953,0,43.127,0,191.8,11:50.972,10:26:50.972,0:19.064,0:29.953,0:43.127,296.7,Théo POURCHAIRE,,LMP2,,Algarve Pro Racing,Oreca,GF,19.064,29.953,43.127,
25,3,8,3:41.634,0,B,19.155,0,30.468,0,2:52.011,0,79.7,15:32.606,10:30:32.606,0:19.155,0:30.468,2:52.011,295.9,Théo POURCHAIRE,,LMP2,,Algarve Pro Racing,Oreca,GF,19.155,30.468,172.011,
25,1,9,1:51.249,0,,34.834,0,31.245,0,45.170,0,158.9,17:23.855,10:32:23.855,0:34.834,0:31.245,0:45.170,199.6,Matthias KAISER,0:02:24.588,LMP2,,Algarve Pro Racing,Oreca,GF,34.834,31.245,45.170,
25,1,10,1:34.886,0,,19.994,0,30.684,0,44.208,0,186.2,18:58.741,10:33:58.741,0:19.994,0:30.684,0:44.208,294.3,Matthias KAISER,,LMP2,,Algarve Pro Racing,Oreca,GF,19.994,30.684,44.208,
25,1,11,1:35.192,0,,19.633,0,30.699,0,44.860,0,185.7,20:33.933,10:35:33.933,0:19.633,0:30.699,0:44.860,295.1,Matthias KAISER,,LMP2,,Algarve Pro Racing,Oreca,GF,19.633,30.699,44.860,
25,1,12,1:36.051,0,,20.630,0,30.863,0,44.558,0,184.0,22:09.984,10:37:09.984,0:20.630,0:30.863,0:44.558,295.1,Matthias KAISER,,LMP2,,Algarve Pro Racing,Oreca,GF,20.630,30.863,44.558,
25,1,13,1:34.059,0,,19.505,0,30.448,0,44.106,0,187.9,23:44.043,10:38:44.043,0:19.505,0:30.448,0:44.106,293.5,Matthias KAISER,,LMP2,,Algarve Pro Racing,Oreca,GF,19.505,30.448,44.106,
25,1,14,1:38.717,0,,21.296,0,32.082,0,45.339,0,179.0,25:22.760,10:40:22.760,0:21.296,0:32.082,0:45.339,295.9,Matthias KAISER,,LMP2,,Algarve Pro Racing,Oreca,GF,21.296,32.082,45.339,
25,1,15,1:36.168,0,,19.953,0,31.829,0,44.386,0,183.8,26:58.928,10:41:58.928,0:19.953,0:31.829,0:44.386,295.1,Matthias KAISER,,LMP2,,Algarve Pro Racing,Oreca,GF,19.953,31.829,44.386,
25,1,16,1:34.887,0,,19.869,0,30.597,0,44.421,0,186.2,28:33.815,10:43:33.815,0:19.869,0:30.597,0:44.421,295.1,Matthias KAISER,,LMP2,,Algarve Pro Racing,Oreca,GF,19.869,30.597,44.421,
25,1,17,1:34.064,0,,19.476,0,30.615,0,43.973,0,187.9,30:07.879,10:45:07.879,0:19.476,0:30.615,0:43.973,294.3,Matthias KAISER,,LMP2,,Algarve Pro Racing,Oreca,GF,19.476,30.615,43.973,
25,1,18,1:35.425,0,,21.018,0,30.505,0,43.902,0,185.2,31:43.304,10:46:43.304,0:21.018,0:30.505,0:43.902,295.1,Matthias KAISER,,LMP2,,Algarve Pro Racing,Oreca,GF,21.018,30.505,43.902,
25,1,19,1:33.675,0,,19.404,1,30.440,1,43.831,1,188.7,33:16.979,10:48:16.979,0:19.404,0:30.440,0:43.831,294.3,Matthias KAISER,,LMP2,,Algarve Pro Racing,Oreca,GF,19.404,30.440,43.831,
25,1,20,1:35.933,0,,19.483,0,30.568,0,45.882,0,184.2,34:52.912,10:49:52.912,0:19.483,0:30.568,0:45.882,295.1,Matthias KAISER,,LMP2,,Algarve Pro Racing,Oreca,GF,19.483,30.568,45.882,
25,1,21,1:36.126,0,,19.860,0,32.060,0,44.206,0,183.8,36:29.038,10:51:29.038,0:19.860,0:32.060,0:44.206,296.7,Matthias KAISER,,LMP2,,Algarve Pro Racing,Oreca,GF,19.860,32.060,44.206,
25,1,22,1:37.237,0,,19.433,0,31.354,0,46.450,0,181.7,38:06.275,10:53:06.275,0:19.433,0:31.354,0:46.450,296.7,Matthias KAISER,,LMP2,,Algarve Pro Racing,Oreca,GF,19.433,31.354,46.450,
25,1,23,1:36.786,0,,19.967,0,31.686,0,45.133,0,182.6,39:43.061,10:54:43.061,0:19.967,0:31.686,0:45.133,296.7,Matthias KAISER,,LMP2,,Algarve Pro Racing,Oreca,GF,19.967,31.686,45.133,
25,1,24,1:33.809,0,,19.469,0,30.450,0,43.890,0,188.4,41:16.870,10:56:16.870,0:19.469,0:30.450,0:43.890,295.1,Matthias KAISER,,LMP2,,Algarve Pro Racing,Oreca,GF,19.469,30.450,43.890,
25,1,25,3:35.712,0,B,19.966,0,31.428,0,2:44.318,0,81.9,44:52.582,10:59:52.582,0:19.966,0:31.428,2:44.318,296.7,Matthias KAISER,,LMP2,,Algarve Pro Racing,Oreca,GF,19.966,31.428,164.318,
25,2,26,1:52.002,0,,35.178,0,32.075,0,44.749,0,157.8,46:44.584,11:01:44.584,0:35.178,0:32.075,0:44.749,198.2,Lorenzo FLUXA,0:02:15.058,LMP2,,Algarve Pro Racing,Oreca,GF,35.178,32.075,44.749,
25,2,27,1:35.534,0,,19.715,0,30.815,0,45.004,0,185.0,48:20.118,11:03:20.118,0:19.715,0:30.815,0:45.004,292.7,Lorenzo FLUXA,,LMP2,,Algarve Pro Racing,Oreca,GF,19.715,30.815,45.004,
25,2,28,1:36.091,0,,20.354,0,31.620,0,44.117,0,183.9,49:56.209,11:04:56.209,0:20.354,0:31.620,0:44.117,293.5,Lorenzo FLUXA,,LMP2,,Algarve Pro Racing,Oreca,GF,20.354,31.620,44.117,
25,2,29,7:39.836,0,B,20.151,0,31.437,0,6:48.248,0,38.4,57:36.045,11:12:36.045,0:20.151,0:31.437,6:48.248,293.5,Lorenzo FLUXA,,LMP2,,Algarve Pro Racing,Oreca,GF,20.151,31.437,408.248,
25,2,30,1:52.502,0,,35.021,0,32.322,0,45.159,0,157.1,59:28.547,11:14:28.547,0:35.021,0:32.322,0:45.159,199.3,Lorenzo FLUXA,0:06:16.826,LMP2,,Algarve Pro Racing,Oreca,GF,35.021,32.322,45.159,
25,2,31,1:35.321,0,,19.748,0,31.318,0,44.255,0,185.4,1:01:03.868,11:16:03.868,0:19.748,0:31.318,0:44.255,291.9,Lorenzo FLUXA,,LMP2,,Algarve Pro Racing,Oreca,GF,19.748,31.318,44.255,
25,2,32,1:34.344,0,,19.474,0,30.793,0,44.077,0,187.3,1:02:38.212,11:17:38.212,0:19.474,0:30.793,0:44.077,292.7,Lorenzo FLUXA,,LMP2,,Algarve Pro Racing,Oreca,GF,19.474,30.793,44.077,
25,2,33,1:34.851,0,,19.432,0,30.863,0,44.556,0,186.3,1:04:13.063,11:19:13.063,0:19.432,0:30.863,0:44.556,293.5,Lorenzo FLUXA,,LMP2,,Algarve Pro Racing,Oreca,GF,19.432,30.863,44.556,
25,2,34,1:36.830,0,,21.717,0,30.835,0,44.278,0,182.5,1:05:49.893,11:20:49.893,0:21.717,0:30.835,0:44.278,295.9,Lorenzo FLUXA,,LMP2,,Algarve Pro Racing,Oreca,GF,21.717,30.835,44.278,
25,2,35,1:34.161,0,,19.478,0,30.708,0,43.975,1,187.7,1:07:24.054,11:22:24.054,0:19.478,0:30.708,0:43.975,293.5,Lorenzo FLUXA,,LMP2,,Algarve Pro Racing,Oreca,GF,19.478,30.708,43.975,
25,2,36,1:34.688,0,,19.491,0,30.679,1,44.518,0,186.6,1:08:58.742,11:23:58.742,0:19.491,0:30.679,0:44.518,293.5,Lorenzo FLUXA,,LMP2,,Algarve Pro Racing,Oreca,GF,19.491,30.679,44.518,
25,2,37,1:34.772,0,,19.474,0,31.195,0,44.103,0,186.5,1:10:33.514,11:25:33.514,0:19.474,0:31.195,0:44.103,293.5,Lorenzo FLUXA,,LMP2,,Algarve Pro Racing,Oreca,GF,19.474,31.195,44.103,
25,2,38,1:34.842,0,,19.397,1,31.145,0,44.300,0,186.3,1:12:08.356,11:27:08.356,0:19.397,0:31.145,0:44.300,294.3,Lorenzo FLUXA,,LMP2,,Algarve Pro Racing,Oreca,GF,19.397,31.145,44.300,
25,2,39,1:36.546,0,,19.595,0,32.439,0,44.512,0,183.0,1:13:44.902,11:28:44.902,0:19.595,0:32.439,0:44.512,293.5,Lorenzo FLUXA,,LMP2,,Algarve Pro Racing,Oreca,GF,19.595,32.439,44.512,
25,2,40,3:17.554,0,B,19.481,0,31.140,0,2:26.933,0,89.5,1:17:02.456,11:32:02.456,0:19.481,0:31.140,2:26.933,294.3,Lorenzo FLUXA,,LMP2,,Algarve Pro Racing,Oreca,GF,19.481,31.140,146.933,
25,3,41,1:52.883,0,,35.445,0,32.307,0,45.131,0,156.6,1:18:55.339,11:33:55.339,0:35.445,0:32.307,0:45.131,198.2,Théo POURCHAIRE,0:01:59.193,LMP2,,Algarve Pro Racing,Oreca,GF,35.445,32.307,45.131,
25,3,42,1:35.545,0,,19.706,0,31.450,0,44.389,0,185.0,1:20:30.884,11:35:30.884,0:19.706,0:31.450,0:44.389,294.3,Théo POURCHAIRE,,LMP2,,Algarve Pro Racing,Oreca,GF,19.706,31.450,44.389,
25,3,43,1:37.061,0,,20.734,0,31.874,0,44.453,0,182.1,1:22:07.945,11:37:07.945,0:20.734,0:31.874,0:44.453,295.9,Théo POURCHAIRE,,LMP2,,Algarve Pro Racing,Oreca,GF,20.734,31.874,44.453,
25,3,44,1:35.449,0,,19.448,0,31.160,0,44.841,0,185.2,1:23:43.394,11:38:43.394,0:19.448,0:31.160,0:44.841,295.1,Théo POURCHAIRE,,LMP2,,Algarve Pro Racing,Oreca,GF,19.448,31.160,44.841,
25,3,45,1:34.332,0,,19.460,0,30.816,0,44.056,0,187.3,1:25:17.726,11:40:17.726,0:19.460,0:30.816,0:44.056,295.1,Théo POURCHAIRE,,LMP2,,Algarve Pro Racing,Oreca,GF,19.460,30.816,44.056,
25,3,46,1:34.521,0,,19.487,0,31.163,0,43.871,0,187.0,1:26:52.247,11:41:52.247,0:19.487,0:31.163,0:43.871,297.5,Théo POURCHAIRE,,LMP2,,Algarve Pro Racing,Oreca,GF,19.487,31.163,43.871,
25,3,47,1:35.649,0,,19.526,0,31.888,0,44.235,0,184.8,1:28:27.896,11:43:27.896,0:19.526,0:31.888,0:44.235,295.9,Théo POURCHAIRE,,LMP2,,Algarve Pro Racing,Oreca,GF,19.526,31.888,44.235,
25,3,48,1:34.421,0,,19.510,0,30.613,0,44.298,0,187.2,1:30:02.317,11:45:02.317,0:19.510,0:30.613,0:44.298,295.1,Théo POURCHAIRE,,LMP2,,Algarve Pro Racing,Oreca,FF,19.510,30.613,44.298,
27,3,1,2:28.850,0,,1:02.585,0,37.543,0,48.722,0,113.5,2:28.850,10:17:28.850,1:02.585,0:37.543,0:48.722,168.0,Sergio SETTE CAMARA,0:00:36.280,LMP2 Pro/Am,,Nielsen Racing,Oreca,GF,62.585,37.543,48.722,
27,3,2,1:39.307,0,,20.694,0,32.522,0,46.091,0,178.0,4:08.157,10:19:08.157,0:20.694,0:32.522,0:46.091,292.7,Sergio SETTE CAMARA,,LMP2 Pro/Am,,Nielsen Racing,Oreca,GF,20.694,32.522,46.091,
27,3,3,1:39.887,0,,21.198,0,32.866,0,45.823,0,176.9,5:48.044,10:20:48.044,0:21.198,0:32.866,0:45.823,288.0,Sergio SETTE CAMARA,,LMP2 Pro/Am,,Nielsen Racing,Oreca,GF,21.198,32.866,45.823,
27,3,4,1:37.817,0,,19.836,0,32.560,0,45.421,0,180.7,7:25.861,10:22:25.861,0:19.836,0:32.560,0:45.421,294.3,Sergio SETTE CAMARA,,LMP2 Pro/Am,,Nielsen Racing,Oreca,GF,19.836,32.560,45.421,
27,3,5,1:35.136,0,,19.695,0,30.632,0,44.809,0,185.8,9:00.997,10:24:00.997,0:19.695,0:30.632,0:44.809,295.9,Sergio SETTE CAMARA,,LMP2 Pro/Am,,Nielsen Racing,Oreca,GF,19.695,30.632,44.809,
27,3,6,1:34.452,0,,19.547,0,30.947,0,43.958,0,187.1,10:35.449,10:25:35.449,0:19.547,0:30.947,0:43.958,295.9,Sergio SETTE CAMARA,,LMP2 Pro/Am,,Nielsen Racing,Oreca,GF,19.547,30.947,43.958,
27,3,7,1:33.865,0,,19.449,0,30.372,2,44.044,0,188.3,12:09.314,10:27:09.314,0:19.449,0:30.372,0:44.044,295.1,Sergio SETTE CAMARA,,LMP2 Pro/Am,,Nielsen Racing,Oreca,GF,19.449,30.372,44.044,
27,3,8,1:33.935,0,,19.495,0,30.666,0,43.774,0,188.1,13:43.249,10:28:43.249,0:19.495,0:30.666,0:43.774,293.5,Sergio SETTE CAMARA,,LMP2 Pro/Am,,Nielsen Racing,Oreca,GF,19.495,30.666,43.774,
27,3,9,1:52.180,0,,22.828,0,38.023,0,51.329,0,157.5,15:35.429,10:30:35.429,0:22.828,0:38.023,0:51.329,217.3,Sergio SETTE CAMARA,,LMP2 Pro/Am,,Nielsen Racing,Oreca,GF,22.828,38.023,51.329,
27,3,10,1:45.362,0,,19.543,0,31.185,0,54.634,0,167.7,17:20.791,10:32:20.791,0:19.543,0:31.185,0:54.634,292.7,Sergio SETTE CAMARA,,LMP2 Pro/Am,,Nielsen Racing,Oreca,GF,19.543,31.185,54.634,
27,3,11,1:33.507,2,,19.357,0,30.463,0,43.687,2,189.0,18:54.298,10:33:54.298,0:19.357,0:30.463,0:43.687,293.5,Sergio SETTE CAMARA,,LMP2 Pro/Am,,Nielsen Racing,Oreca,GF,19.357,30.463,43.687,
27,3,12,5:45.248,0,B,19.300,2,31.234,0,4:54.714,0,51.2,24:39.546,10:39:39.546,0:19.300,0:31.234,4:54.714,295.9,Sergio SETTE CAMARA,,LMP2 Pro/Am,,Nielsen Racing,Oreca,GF,19.300,31.234,294.714,
27,1,13,1:58.761,0,,37.137,0,34.387,0,47.237,0,148.8,26:38.307,10:41:38.307,0:37.137,0:34.387,0:47.237,190.8,Anthony WELLS,0:04:28.050,LMP2 Pro/Am,,Nielsen Racing,Oreca,GF,37.137,34.387,47.237,
27,1,14,1:37.779,0,,20.348,0,31.831,0,45.600,0,180.7,28:16.086,10:43:16.086,0:20.348,0:31.831,0:45.600,292.7,Anthony WELLS,,LMP2 Pro/Am,,Nielsen Racing,Oreca,GF,20.348,31.831,45.600,
27,1,15,1:38.088,0,,20.088,0,31.903,0,46.097,0,180.2,29:54.174,10:44:54.174,0:20.088,0:31.903,0:46.097,293.5,Anthony WELLS,,LMP2 Pro/Am,,Nielsen Racing,Oreca,GF,20.088,31.903,46.097,
27,1,16,1:38.926,0,,20.468,0,32.229,0,46.229,0,178.6,31:33.100,10:46:33.100,0:20.468,0:32.229,0:46.229,279.8,Anthony WELLS,,LMP2 Pro/Am,,Nielsen Racing,Oreca,GF,20.468,32.229,46.229,
27,1,17,1:38.402,0,,20.177,0,31.970,0,46.255,0,179.6,33:11.502,10:48:11.502,0:20.177,0:31.970,0:46.255,294.3,Anthony WELLS,,LMP2 Pro/Am,,Nielsen Racing,Oreca,GF,20.177,31.970,46.255,
27,1,18,1:38.230,0,,20.149,0,32.195,0,45.886,0,179.9,34:49.732,10:49:49.732,0:20.149,0:32.195,0:45.886,295.1,Anthony WELLS,,LMP2 Pro/Am,,Nielsen Racing,Oreca,GF,20.149,32.195,45.886,
27,1,19,1:37.303,0,,20.369,0,31.733,0,45.201,1,181.6,36:27.035,10:51:27.035,0:20.369,0:31.733,0:45.201,290.3,Anthony WELLS,,LMP2 Pro/Am,,Nielsen Racing,Oreca,GF,20.369,31.733,45.201,
27,1,20,1:38.655,0,,20.071,0,31.982,0,46.602,0,179.1,38:05.690,10:53:05.690,0:20.071,0:31.982,0:46.602,296.7,Anthony WELLS,,LMP2 Pro/Am,,Nielsen Racing,Oreca,GF,20.071,31.982,46.602,
27,1,21,1:39.050,0,,20.410,0,32.557,0,46.083,0,178.4,39:44.740,10:54:44.740,0:20.410,0:32.557,0:46.083,295.1,Anthony WELLS,,LMP2 Pro/Am,,Nielsen Racing,Oreca,GF,20.410,32.557,46.083,
27,1,22,1:40.954,0,,20.731,0,31.990,0,48.233,0,175.1,41:25.694,10:56:25.694,0:20.731,0:31.990,0:48.233,286.5,Anthony WELLS,,LMP2 Pro/Am,,Nielsen Racing,Oreca,GF,20.731,31.990,48.233,
27,1,23,1:39.009,0,,21.733,0,32.033,0,45.243,0,178.5,43:04.703,10:58:04.703,0:21.733,0:32.033,0:45.243,291.9,Anthony WELLS,,LMP2 Pro/Am,,Nielsen Racing,Oreca,GF,21.733,32.033,45.243,
27,1,24,1:39.546,0,,19.911,1,32.384,0,47.251,0,177.5,44:44.249,10:59:44.249,0:19.911,0:32.384,0:47.251,294.3,Anthony WELLS,,LMP2 Pro/Am,,Nielsen Racing,Oreca,GF,19.911,32.384,47.251,
27,1,25,3:13.877,0,B,20.231,0,31.710,0,2:21.936,0,91.2,47:58.126,11:02:58.126,0:20.231,0:31.710,2:21.936,294.3,Anthony WELLS,,LMP2 Pro/Am,,Nielsen Racing,Oreca,GF,20.231,31.710,141.936,
27,3,26,1:53.495,0,,35.698,0,32.814,0,44.983,0,155.7,49:51.621,11:04:51.621,0:35.698,0:32.814,0:44.983,189.1,Sergio SETTE CAMARA,0:01:49.617,LMP2 Pro/Am,,Nielsen Racing,Oreca,GF,35.698,32.814,44.983,
27,3,27,1:35.482,0,,19.733,0,31.234,0,44.515,0,185.1,51:27.103,11:06:27.103,0:19.733,0:31.234,0:44.515,295.1,Sergio SETTE CAMARA,,LMP2 Pro/Am,,Nielsen Racing,Oreca,GF,19.733,31.234,44.515,
27,3,28,2:37.092,0,,24.234,0,36.942,0,1:35.916,0,112.5,54:04.195,11:09:04.195,0:24.234,0:36.942,1:35.916,295.9,Sergio SETTE CAMARA,,LMP2 Pro/Am,,Nielsen Racing,Oreca,FCY,24.234,36.942,95.916,
27,3,29,3:34.238,0,,54.606,0,1:08.452,0,1:31.180,0,82.5,57:38.433,11:12:38.433,0:54.606,1:08.452,1:31.180,81.7,Sergio SETTE CAMARA,,LMP2 Pro/Am,,Nielsen Racing,Oreca,GF,54.606,68.452,91.180,
27,3,30,1:40.249,0,,21.639,0,33.862,0,44.748,0,176.3,59:18.682,11:14:18.682,0:21.639,0:33.862,0:44.748,274.8,Sergio SETTE CAMARA,,LMP2 Pro/Am,,Nielsen Racing,Oreca,GF,21.639,33.862,44.748,
27,3,31,1:35.242,0,,19.608,0,31.455,0,44.179,0,185.6,1:00:53.924,11:15:53.924,0:19.608,0:31.455,0:44.179,291.9,Sergio SETTE CAMARA,,LMP2 Pro/Am,,Nielsen Racing,Oreca,GF,19.608,31.455,44.179,
27,3,32,1:35.122,0,,19.629,0,30.914,0,44.579,0,185.8,1:02:29.046,11:17:29.046,0:19.629,0:30.914,0:44.579,293.5,Sergio SETTE CAMARA,,LMP2 Pro/Am,,Nielsen Racing,Oreca,GF,19.629,30.914,44.579,
27,3,33,5:36.722,0,B,19.612,0,30.942,0,4:46.168,0,52.5,1:08:05.768,11:23:05.768,0:19.612,0:30.942,4:46.168,295.9,Sergio SETTE CAMARA,,LMP2 Pro/Am,,Nielsen Racing,Oreca,GF,19.612,30.942,286.168,
27,1,34,1:58.270,0,,39.189,0,33.287,0,45.794,0,149.4,1:10:04.038,11:25:04.038,0:39.189,0:33.287,0:45.794,170.6,Anthony WELLS,0:04:19.335,LMP2 Pro/Am,,Nielsen Racing,Oreca,GF,39.189,33.287,45.794,
27,1,35,1:38.195,0,,20.431,0,32.186,0,45.578,0,180.0,1:11:42.233,11:26:42.233,0:20.431,0:32.186,0:45.578,291.9,Anthony WELLS,,LMP2 Pro/Am,,Nielsen Racing,Oreca,GF,20.431,32.186,45.578,
27,1,36,1:40.096,0,,20.203,0,33.292,0,46.601,0,176.6,1:13:22.329,11:28:22.329,0:20.203,0:33.292,0:46.601,291.9,Anthony WELLS,,LMP2 Pro/Am,,Nielsen Racing,Oreca,GF,20.203,33.292,46.601,
27,1,37,1:39.603,0,,20.323,0,31.665,1,47.615,0,177.4,1:15:01.932,11:30:01.932,0:20.323,0:31.665,0:47.615,291.1,Anthony WELLS,,LMP2 Pro/Am,,Nielsen Racing,Oreca,GF,20.323,31.665,47.615,
27,1,38,1:37.839,0,,20.276,0,31.814,0,45.749,0,180.6,1:16:39.771,11:31:39.771,0:20.276,0:31.814,0:45.749,291.9,Anthony WELLS,,LMP2 Pro/Am,,Nielsen Racing,Oreca,GF,20.276,31.814,45.749,
27,1,39,1:40.884,0,,20.257,0,33.577,0,47.050,0,175.2,1:18:20.655,11:33:20.655,0:20.257,0:33.577,0:47.050,293.5,Anthony WELLS,,LMP2 Pro/Am,,Nielsen Racing,Oreca,GF,20.257,33.577,47.050,
27,1,40,1:39.945,0,,20.370,0,32.788,0,46.787,0,176.8,1:20:00.600,11:35:00.600,0:20.370,0:32.788,0:46.787,291.1,Anthony WELLS,,LMP2 Pro/Am,,Nielsen Racing,Oreca,GF,20.370,32.788,46.787,
27,1,41,2:45.435,0,B,20.338,0,31.871,0,1:53.226,0,106.8,1:22:46.035,11:37:46.035,0:20.338,0:31.871,1:53.226,292.7,Anthony WELLS,,LMP2 Pro/Am,,Nielsen Racing,Oreca,GF,20.338,31.871,113.226,
27,2,42,1:51.536,0,,34.910,0,31.671,0,44.955,0,158.4,1:24:37.571,11:39:37.571,0:34.910,0:31.671,0:44.955,201.1,James ALLEN,0:01:22.971,LMP2 Pro/Am,,Nielsen Racing,Oreca,GF,34.910,31.671,44.955,
27,2,43,1:35.405,0,,19.732,0,31.262,0,44.411,0,185.2,1:26:12.976,11:41:12.976,0:19.732,0:31.262,0:44.411,296.7,James ALLEN,,LMP2 Pro/Am,,Nielsen Racing,Oreca,GF,19.732,31.262,44.411,
27,2,44,1:36.610,0,,21.078,0,31.202,0,44.330,1,182.9,1:27:49.586,11:42:49.586,0:21.078,0:31.202,0:44.330,241.1,James ALLEN,,LMP2 Pro/Am,,Nielsen Racing,Oreca,GF,21.078,31.202,44.330,
27,2,45,1:35.110,0,,19.690,0,30.718,1,44.702,0,185.8,1:29:24.696,11:44:24.696,0:19.690,0:30.718,0:44.702,295.1,James ALLEN,,LMP2 Pro/Am,,Nielsen Racing,Oreca,GF,19.690,30.718,44.702,
27,2,46,1:35.437,0,,19.530,1,30.775,0,45.132,0,185.2,1:31:00.133,11:46:00.133,0:19.530,0:30.775,0:45.132,296.7,James ALLEN,,LMP2 Pro/Am,,Nielsen Racing,Oreca,FF,19.530,30.775,45.132,
28,2,1,2:14.336,0,B,34.014,0,35.203,0,1:05.119,0,125.7,2:14.336,10:17:14.336,0:34.014,0:35.203,1:05.119,144.2,Job VAN UITERT,0:00:06.303,LMP2,,IDEC Sport,Oreca,GF,34.014,35.203,65.119,
28,2,2,5:09.542,0,,3:50.231,0,32.787,0,46.524,0,57.1,7:23.878,10:22:23.878,3:50.231,0:32.787,0:46.524,190.1,Job VAN UITERT,0:03:46.488,LMP2,,IDEC Sport,Oreca,GF,230.231,32.787,46.524,
28,2,3,1:36.195,0,,19.597,0,30.737,0,45.861,0,183.7,9:00.073,10:24:00.073,0:19.597,0:30.737,0:45.861,291.9,Job VAN UITERT,,LMP2,,IDEC Sport,Oreca,GF,19.597,30.737,45.861,
28,2,4,1:33.011,0,,19.725,0,29.987,0,43.299,0,190.0,10:33.084,10:25:33.084,0:19.725,0:29.987,0:43.299,292.7,Job VAN UITERT,,LMP2,,IDEC Sport,Oreca,GF,19.725,29.987,43.299,
28,2,5,1:32.801,0,,19.264,0,29.835,2,43.702,0,190.4,12:05.885,10:27:05.885,0:19.264,0:29.835,0:43.702,293.5,Job VAN UITERT,,LMP2,,IDEC Sport,Oreca,GF,19.264,29.835,43.702,
28,2,6,1:40.926,0,,19.340,0,32.609,0,48.977,0,175.1,13:46.811,10:28:46.811,0:19.340,0:32.609,0:48.977,295.9,Job VAN UITERT,,LMP2,,IDEC Sport,Oreca,GF,19.340,32.609,48.977,
28,2,7,1:34.001,0,,19.220,0,30.936,0,43.845,0,188.0,15:20.812,10:30:20.812,0:19.220,0:30.936,0:43.845,294.3,Job VAN UITERT,,LMP2,,IDEC Sport,Oreca,GF,19.220,30.936,43.845,
28,2,8,1:38.036,0,,19.127,0,29.921,0,48.988,0,180.3,16:58.848,10:31:58.848,0:19.127,0:29.921,0:48.988,294.3,Job VAN UITERT,,LMP2,,IDEC Sport,Oreca,GF,19.127,29.921,48.988,
28,2,9,1:33.003,0,,19.105,0,29.887,0,44.011,0,190.0,18:31.851,10:33:31.851,0:19.105,0:29.887,0:44.011,293.5,Job VAN UITERT,,LMP2,,IDEC Sport,Oreca,GF,19.105,29.887,44.011,
28,2,10,1:32.786,2,,19.099,2,30.402,0,43.285,2,190.5,20:04.637,10:35:04.637,0:19.099,0:30.402,0:43.285,294.3,Job VAN UITERT,,LMP2,,IDEC Sport,Oreca,GF,19.099,30.402,43.285,
28,2,11,1:50.835,0,B,19.208,0,30.649,0,1:00.978,0,159.4,21:55.472,10:36:55.472,0:19.208,0:30.649,1:00.978,294.3,Job VAN UITERT,,LMP2,,IDEC Sport,Oreca,GF,19.208,30.649,60.978,
28,1,12,4:15.509,0,,2:55.041,0,33.868,0,46.600,0,69.2,26:10.981,10:41:10.981,2:55.041,0:33.868,0:46.600,187.5,Paul LAFARGUE,0:02:51.594,LMP2,,IDEC Sport,Oreca,GF,175.041,33.868,46.600,
28,1,13,1:37.061,0,,20.301,0,31.737,0,45.023,0,182.1,27:48.042,10:42:48.042,0:20.301,0:31.737,0:45.023,291.1,Paul LAFARGUE,,LMP2,,IDEC Sport,Oreca,GF,20.301,31.737,45.023,
28,1,14,1:37.008,0,,20.263,0,31.390,0,45.355,0,182.2,29:25.050,10:44:25.050,0:20.263,0:31.390,0:45.355,269.3,Paul LAFARGUE,,LMP2,,IDEC Sport,Oreca,GF,20.263,31.390,45.355,
28,1,15,1:36.813,0,,20.039,0,31.294,0,45.480,0,182.5,31:01.863,10:46:01.863,0:20.039,0:31.294,0:45.480,292.7,Paul LAFARGUE,,LMP2,,IDEC Sport,Oreca,GF,20.039,31.294,45.480,
28,1,16,1:38.282,0,,19.650,0,32.218,0,46.414,0,179.8,32:40.145,10:47:40.145,0:19.650,0:32.218,0:46.414,292.7,Paul LAFARGUE,,LMP2,,IDEC Sport,Oreca,GF,19.650,32.218,46.414,
28,1,17,1:37.213,0,,19.661,0,31.155,0,46.397,0,181.8,34:17.358,10:49:17.358,0:19.661,0:31.155,0:46.397,293.5,Paul LAFARGUE,,LMP2,,IDEC Sport,Oreca,GF,19.661,31.155,46.397,
28,1,18,1:38.304,0,,20.765,0,32.750,0,44.789,0,179.8,35:55.662,10:50:55.662,0:20.765,0:32.750,0:44.789,276.2,Paul LAFARGUE,,LMP2,,IDEC Sport,Oreca,GF,20.765,32.750,44.789,
28,1,19,1:36.311,0,,19.599,0,31.419,0,45.293,0,183.5,37:31.973,10:52:31.973,0:19.599,0:31.419,0:45.293,295.9,Paul LAFARGUE,,LMP2,,IDEC Sport,Oreca,GF,19.599,31.419,45.293,
28,1,20,1:37.152,0,,19.701,0,32.628,0,44.823,0,181.9,39:09.125,10:54:09.125,0:19.701,0:32.628,0:44.823,295.1,Paul LAFARGUE,,LMP2,,IDEC Sport,Oreca,GF,19.701,32.628,44.823,
28,1,21,1:37.944,0,,21.567,0,31.337,0,45.040,0,180.4,40:47.069,10:55:47.069,0:21.567,0:31.337,0:45.040,295.9,Paul LAFARGUE,,LMP2,,IDEC Sport,Oreca,GF,21.567,31.337,45.040,
28,1,22,1:34.862,0,,19.633,0,30.884,1,44.345,0,186.3,42:21.931,10:57:21.931,0:19.633,0:30.884,0:44.345,293.5,Paul LAFARGUE,,LMP2,,IDEC Sport,Oreca,GF,19.633,30.884,44.345,
28,1,23,1:34.849,0,,19.585,0,30.994,0,44.270,1,186.3,43:56.780,10:58:56.780,0:19.585,0:30.994,0:44.270,292.7,Paul LAFARGUE,,LMP2,,IDEC Sport,Oreca,GF,19.585,30.994,44.270,
28,1,24,1:36.983,0,,19.378,1,31.381,0,46.224,0,182.2,45:33.763,11:00:33.763,0:19.378,0:31.381,0:46.224,294.3,Paul LAFARGUE,,LMP2,,IDEC Sport,Oreca,GF,19.378,31.381,46.224,
28,1,25,1:54.472,0,B,19.703,0,31.877,0,1:02.892,0,154.4,47:28.235,11:02:28.235,0:19.703,0:31.877,1:02.892,294.3,Paul LAFARGUE,,LMP2,,IDEC Sport,Oreca,GF,19.703,31.877,62.892,
28,3,26,4:27.679,0,,3:10.199,0,32.623,0,44.857,0,66.0,51:55.914,11:06:55.914,3:10.199,0:32.623,0:44.857,198.2,Paul-Loup CHATIN,0:03:08.412,LMP2,,IDEC Sport,Oreca,GF,190.199,32.623,44.857,
28,3,27,2:50.934,0,,19.662,0,53.146,0,1:38.126,0,103.4,54:46.848,11:09:46.848,0:19.662,0:53.146,1:38.126,294.3,Paul-Loup CHATIN,,LMP2,,IDEC Sport,Oreca,FCY,19.662,53.146,98.126,
28,3,28,3:10.749,0,,54.610,0,1:08.567,0,1:07.572,0,92.6,57:57.597,11:12:57.597,0:54.610,1:08.567,1:07.572,81.4,Paul-Loup CHATIN,,LMP2,,IDEC Sport,Oreca,GF,54.610,68.567,67.572,
28,3,29,1:35.225,0,,19.401,0,31.058,0,44.766,0,185.6,59:32.822,11:14:32.822,0:19.401,0:31.058,0:44.766,291.1,Paul-Loup CHATIN,,LMP2,,IDEC Sport,Oreca,GF,19.401,31.058,44.766,
28,3,30,1:36.576,0,,20.218,0,31.367,0,44.991,0,183.0,1:01:09.398,11:16:09.398,0:20.218,0:31.367,0:44.991,294.3,Paul-Loup CHATIN,,LMP2,,IDEC Sport,Oreca,GF,20.218,31.367,44.991,
28,3,31,1:34.554,0,,19.379,0,30.854,0,44.321,0,186.9,1:02:43.952,11:17:43.952,0:19.379,0:30.854,0:44.321,294.3,Paul-Loup CHATIN,,LMP2,,IDEC Sport,Oreca,GF,19.379,30.854,44.321,
28,3,32,1:34.276,0,,19.398,0,30.630,0,44.248,0,187.5,1:04:18.228,11:19:18.228,0:19.398,0:30.630,0:44.248,296.7,Paul-Loup CHATIN,,LMP2,,IDEC Sport,Oreca,GF,19.398,30.630,44.248,
28,3,33,1:41.002,0,,19.631,0,32.452,0,48.919,0,175.0,1:05:59.230,11:20:59.230,0:19.631,0:32.452,0:48.919,296.7,Paul-Loup CHATIN,,LMP2,,IDEC Sport,Oreca,GF,19.631,32.452,48.919,
28,3,34,1:33.800,0,,19.239,1,30.750,0,43.811,0,188.4,1:07:33.030,11:22:33.030,0:19.239,0:30.750,0:43.811,295.1,Paul-Loup CHATIN,,LMP2,,IDEC Sport,Oreca,GF,19.239,30.750,43.811,
28,3,35,1:33.681,0,,19.302,0,30.624,0,43.755,1,188.6,1:09:06.711,11:24:06.711,0:19.302,0:30.624,0:43.755,295.9,Paul-Loup CHATIN,,LMP2,,IDEC Sport,Oreca,GF,19.302,30.624,43.755,
28,3,36,1:51.992,0,B,19.434,0,30.575,1,1:01.983,0,157.8,1:10:58.703,11:25:58.703,0:19.434,0:30.575,1:01.983,295.9,Paul-Loup CHATIN,,LMP2,,IDEC Sport,Oreca,GF,19.434,30.575,61.983,
28,2,37,10:01.141,0,,8:43.308,0,32.941,0,44.892,0,29.4,1:20:59.844,11:35:59.844,8:43.308,0:32.941,0:44.892,196.0,Job VAN UITERT,0:08:40.612,LMP2,,IDEC Sport,Oreca,GF,523.308,32.941,44.892,
28,2,38,1:36.795,0,,19.956,0,32.110,0,44.729,0,182.6,1:22:36.639,11:37:36.639,0:19.956,0:32.110,0:44.729,292.7,Job VAN UITERT,,LMP2,,IDEC Sport,Oreca,GF,19.956,32.110,44.729,
28,2,39,1:35.895,0,,19.599,0,32.005,0,44.291,0,184.3,1:24:12.534,11:39:12.534,0:19.599,0:32.005,0:44.291,291.9,Job VAN UITERT,,LMP2,,IDEC Sport,Oreca,GF,19.599,32.005,44.291,
28,2,40,1:35.136,0,,20.282,0,30.851,0,44.003,0,185.8,1:25:47.670,11:40:47.670,0:20.282,0:30.851,0:44.003,295.1,Job VAN UITERT,,LMP2,,IDEC Sport,Oreca,GF,20.282,30.851,44.003,
28,2,41,1:36.352,0,,20.079,0,31.540,0,44.733,0,183.4,1:27:24.022,11:42:24.022,0:20.079,0:31.540,0:44.733,295.9,Job VAN UITERT,,LMP2,,IDEC Sport,Oreca,GF,20.079,31.540,44.733,
28,2,42,1:33.959,0,,19.421,0,30.511,0,44.027,0,188.1,1:28:57.981,11:43:57.981,0:19.421,0:30.511,0:44.027,294.3,Job VAN UITERT,,LMP2,,IDEC Sport,Oreca,GF,19.421,30.511,44.027,
28,2,43,1:34.245,0,,19.328,0,30.616,0,44.301,0,187.5,1:30:32.226,11:45:32.226,0:19.328,0:30.616,0:44.301,293.5,Job VAN UITERT,,LMP2,,IDEC Sport,Oreca,FF,19.328,30.616,44.301,
29,2,1,2:03.714,0,,39.985,0,34.841,0,48.888,0,136.5,2:03.714,10:17:03.714,0:39.985,0:34.841,0:48.888,145.9,Mathias BECHE,0:00:12.349,LMP2 Pro/Am,,TDS Racing,Oreca,GF,39.985,34.841,48.888,
29,2,2,1:45.153,0,,20.722,0,32.958,0,51.473,0,168.1,3:48.867,10:18:48.867,0:20.722,0:32.958,0:51.473,278.4,Mathias BECHE,,LMP2 Pro/Am,,TDS Racing,Oreca,GF,20.722,32.958,51.473,
29,2,3,1:35.094,0,,19.929,0,30.814,0,44.351,0,185.8,5:23.961,10:20:23.961,0:19.929,0:30.814,0:44.351,295.9,Mathias BECHE,,LMP2 Pro/Am,,TDS Racing,Oreca,GF,19.929,30.814,44.351,
29,2,4,1:33.035,0,,19.294,0,30.231,0,43.510,0,190.0,6:56.996,10:21:56.996,0:19.294,0:30.231,0:43.510,296.7,Mathias BECHE,,LMP2 Pro/Am,,TDS Racing,Oreca,GF,19.294,30.231,43.510,
29,2,5,1:36.731,0,,19.329,0,30.239,0,47.163,0,182.7,8:33.727,10:23:33.727,0:19.329,0:30.239,0:47.163,295.9,Mathias BECHE,,LMP2 Pro/Am,,TDS Racing,Oreca,GF,19.329,30.239,47.163,
29,2,6,1:33.346,0,,19.094,0,29.871,2,44.381,0,189.3,10:07.073,10:25:07.073,0:19.094,0:29.871,0:44.381,296.7,Mathias BECHE,,LMP2 Pro/Am,,TDS Racing,Oreca,GF,19.094,29.871,44.381,
29,2,7,1:32.692,0,,19.084,0,30.157,0,43.451,0,190.7,11:39.765,10:26:39.765,0:19.084,0:30.157,0:43.451,297.5,Mathias BECHE,,LMP2 Pro/Am,,TDS Racing,Oreca,GF,19.084,30.157,43.451,
29,2,8,1:34.709,0,,19.751,0,30.735,0,44.223,0,186.6,13:14.474,10:28:14.474,0:19.751,0:30.735,0:44.223,291.9,Mathias BECHE,,LMP2 Pro/Am,,TDS Racing,Oreca,GF,19.751,30.735,44.223,
29,2,9,1:33.040,0,,19.256,0,30.058,0,43.726,0,189.9,14:47.514,10:29:47.514,0:19.256,0:30.058,0:43.726,297.5,Mathias BECHE,,LMP2 Pro/Am,,TDS Racing,Oreca,GF,19.256,30.058,43.726,
29,2,10,1:32.491,2,,19.050,2,30.379,0,43.062,2,191.1,16:20.005,10:31:20.005,0:19.050,0:30.379,0:43.062,295.9,Mathias BECHE,,LMP2 Pro/Am,,TDS Racing,Oreca,GF,19.050,30.379,43.062,
29,2,11,2:45.916,0,B,19.089,0,30.092,0,1:56.735,0,106.5,19:05.921,10:34:05.921,0:19.089,0:30.092,1:56.735,296.7,Mathias BECHE,,LMP2 Pro/Am,,TDS Racing,Oreca,GF,19.089,30.092,116.735,
29,1,12,1:53.356,0,,36.033,0,32.104,0,45.219,0,155.9,20:59.277,10:35:59.277,0:36.033,0:32.104,0:45.219,200.7,Rodrigo SALES,0:01:28.028,LMP2 Pro/Am,,TDS Racing,Oreca,GF,36.033,32.104,45.219,
29,1,13,1:39.086,0,,20.244,0,33.333,0,45.509,0,178.4,22:38.363,10:37:38.363,0:20.244,0:33.333,0:45.509,297.5,Rodrigo SALES,,LMP2 Pro/Am,,TDS Racing,Oreca,GF,20.244,33.333,45.509,
29,1,14,1:36.126,0,,19.953,0,31.271,0,44.902,0,183.8,24:14.489,10:39:14.489,0:19.953,0:31.271,0:44.902,295.9,Rodrigo SALES,,LMP2 Pro/Am,,TDS Racing,Oreca,GF,19.953,31.271,44.902,
29,1,15,1:36.073,0,,19.684,0,31.391,0,44.998,0,183.9,25:50.562,10:40:50.562,0:19.684,0:31.391,0:44.998,295.9,Rodrigo SALES,,LMP2 Pro/Am,,TDS Racing,Oreca,GF,19.684,31.391,44.998,
29,1,16,1:36.841,0,,19.712,0,32.077,0,45.052,0,182.5,27:27.403,10:42:27.403,0:19.712,0:32.077,0:45.052,295.9,Rodrigo SALES,,LMP2 Pro/Am,,TDS Racing,Oreca,GF,19.712,32.077,45.052,
29,1,17,1:40.421,0,,22.976,0,32.623,0,44.822,0,176.0,29:07.824,10:44:07.824,0:22.976,0:32.623,0:44.822,295.9,Rodrigo SALES,,LMP2 Pro/Am,,TDS Racing,Oreca,GF,22.976,32.623,44.822,
29,1,18,1:36.333,0,,20.149,0,31.730,0,44.454,0,183.5,30:44.157,10:45:44.157,0:20.149,0:31.730,0:44.454,295.1,Rodrigo SALES,,LMP2 Pro/Am,,TDS Racing,Oreca,GF,20.149,31.730,44.454,
29,1,19,1:35.706,0,,19.621,0,31.439,0,44.646,0,184.7,32:19.863,10:47:19.863,0:19.621,0:31.439,0:44.646,295.1,Rodrigo SALES,,LMP2 Pro/Am,,TDS Racing,Oreca,GF,19.621,31.439,44.646,
29,1,20,1:35.869,0,,19.902,0,31.520,0,44.447,0,184.3,33:55.732,10:48:55.732,0:19.902,0:31.520,0:44.447,295.1,Rodrigo SALES,,LMP2 Pro/Am,,TDS Racing,Oreca,GF,19.902,31.520,44.447,
29,1,21,1:34.346,0,,19.400,1,30.731,1,44.215,0,187.3,35:30.078,10:50:30.078,0:19.400,0:30.731,0:44.215,295.1,Rodrigo SALES,,LMP2 Pro/Am,,TDS Racing,Oreca,GF,19.400,30.731,44.215,
29,1,22,1:34.809,0,,19.605,0,31.096,0,44.108,1,186.4,37:04.887,10:52:04.887,0:19.605,0:31.096,0:44.108,295.9,Rodrigo SALES,,LMP2 Pro/Am,,TDS Racing,Oreca,GF,19.605,31.096,44.108,
29,1,23,1:34.808,0,,19.617,0,30.951,0,44.240,0,186.4,38:39.695,10:53:39.695,0:19.617,0:30.951,0:44.240,297.5,Rodrigo SALES,,LMP2 Pro/Am,,TDS Racing,Oreca,GF,19.617,30.951,44.240,
29,1,24,4:21.664,0,B,19.861,0,31.763,0,3:30.040,0,67.5,43:01.359,10:58:01.359,0:19.861,0:31.763,3:30.040,297.5,Rodrigo SALES,,LMP2 Pro/Am,,TDS Racing,Oreca,GF,19.861,31.763,210.040,
29,3,25,1:51.276,0,,35.638,0,31.174,0,44.464,0,158.8,44:52.635,10:59:52.635,0:35.638,0:31.174,0:44.464,198.5,Clément NOVALAK,0:03:00.702,LMP2 Pro/Am,,TDS Racing,Oreca,GF,35.638,31.174,44.464,
29,3,26,1:36.258,0,,19.488,0,32.144,0,44.626,0,183.6,46:28.893,11:01:28.893,0:19.488,0:32.144,0:44.626,297.5,Clément NOVALAK,,LMP2 Pro/Am,,TDS Racing,Oreca,GF,19.488,32.144,44.626,
29,3,27,1:34.189,0,,19.542,0,30.459,1,44.188,0,187.6,48:03.082,11:03:03.082,0:19.542,0:30.459,0:44.188,297.5,Clément NOVALAK,,LMP2 Pro/Am,,TDS Racing,Oreca,GF,19.542,30.459,44.188,
29,3,28,1:35.723,0,,19.990,0,31.843,0,43.890,0,184.6,49:38.805,11:04:38.805,0:19.990,0:31.843,0:43.890,296.7,Clément NOVALAK,,LMP2 Pro/Am,,TDS Racing,Oreca,GF,19.990,31.843,43.890,
29,3,29,1:35.050,0,,19.999,0,30.600,0,44.451,0,185.9,51:13.855,11:06:13.855,0:19.999,0:30.600,0:44.451,295.9,Clément NOVALAK,,LMP2 Pro/Am,,TDS Racing,Oreca,GF,19.999,30.600,44.451,
29,3,30,4:46.413,0,B,19.531,0,30.956,0,3:55.926,0,61.7,56:00.268,11:11:00.268,0:19.531,0:30.956,3:55.926,296.7,Clément NOVALAK,,LMP2 Pro/Am,,TDS Racing,Oreca,FCY,19.531,30.956,235.926,
29,3,31,2:32.835,0,,58.830,0,49.021,0,44.984,0,115.6,58:33.103,11:13:33.103,0:58.830,0:49.021,0:44.984,81.7,Clément NOVALAK,0:03:17.226,LMP2 Pro/Am,,TDS Racing,Oreca,GF,58.830,49.021,44.984,
29,3,32,1:35.824,0,,19.506,0,31.148,0,45.170,0,184.4,1:00:08.927,11:15:08.927,0:19.506,0:31.148,0:45.170,295.9,Clément NOVALAK,,LMP2 Pro/Am,,TDS Racing,Oreca,GF,19.506,31.148,45.170,
29,3,33,1:34.789,0,,19.427,1,31.471,0,43.891,0,186.4,1:01:43.716,11:16:43.716,0:19.427,0:31.471,0:43.891,295.1,Clément NOVALAK,,LMP2 Pro/Am,,TDS Racing,Oreca,GF,19.427,31.471,43.891,
29,3,34,1:38.657,0,,19.617,0,34.244,0,44.796,0,179.1,1:03:22.373,11:18:22.373,0:19.617,0:34.244,0:44.796,295.9,Clément NOVALAK,,LMP2 Pro/Am,,TDS Racing,Oreca,GF,19.617,34.244,44.796,
29,3,35,1:35.063,0,,19.510,0,31.689,0,43.864,1,185.9,1:04:57.436,11:19:57.436,0:19.510,0:31.689,0:43.864,296.7,Clément NOVALAK,,LMP2 Pro/Am,,TDS Racing,Oreca,GF,19.510,31.689,43.864,
29,3,36,1:36.219,0,,19.684,0,31.407,0,45.128,0,183.7,1:06:33.655,11:21:33.655,0:19.684,0:31.407,0:45.128,295.1,Clément NOVALAK,,LMP2 Pro/Am,,TDS Racing,Oreca,GF,19.684,31.407,45.128,
29,3,37,1:33.911,0,,19.432,0,30.569,0,43.910,0,188.2,1:08:07.566,11:23:07.566,0:19.432,0:30.569,0:43.910,295.9,Clément NOVALAK,,LMP2 Pro/Am,,TDS Racing,Oreca,GF,19.432,30.569,43.910,
29,3,38,2:55.864,0,B,20.469,0,31.056,0,2:04.339,0,100.5,1:11:03.430,11:26:03.430,0:20.469,0:31.056,2:04.339,295.1,Clément NOVALAK,,LMP2 Pro/Am,,TDS Racing,Oreca,GF,20.469,31.056,124.339,
29,2,39,1:55.674,0,,35.306,0,32.891,0,47.477,0,152.8,1:12:59.104,11:27:59.104,0:35.306,0:32.891,0:47.477,202.6,Mathias BECHE,0:01:36.186,LMP2 Pro/Am,,TDS Racing,Oreca,GF,35.306,32.891,47.477,
29,2,40,1:34.716,0,,19.661,0,31.204,0,43.851,0,186.6,1:14:33.820,11:29:33.820,0:19.661,0:31.204,0:43.851,298.3,Mathias BECHE,,LMP2 Pro/Am,,TDS Racing,Oreca,GF,19.661,31.204,43.851,
29,2,41,1:33.531,0,,19.494,0,30.475,0,43.562,0,188.9,1:16:07.351,11:31:07.351,0:19.494,0:30.475,0:43.562,298.3,Mathias BECHE,,LMP2 Pro/Am,,TDS Racing,Oreca,GF,19.494,30.475,43.562,
29,2,42,2:03.485,0,B,19.233,0,30.537,0,1:13.715,0,143.1,1:18:10.836,11:33:10.836,0:19.233,0:30.537,1:13.715,298.3,Mathias BECHE,,LMP2 Pro/Am,,TDS Racing,Oreca,GF,19.233,30.537,73.715,
29,2,43,1:53.385,0,,34.688,0,31.342,0,47.355,0,155.9,1:20:04.221,11:35:04.221,0:34.688,0:31.342,0:47.355,202.2,Mathias BECHE,0:00:46.839,LMP2 Pro/Am,,TDS Racing,Oreca,GF,34.688,31.342,47.355,
29,2,44,1:39.847,0,,19.999,0,31.265,0,48.583,0,177.0,1:21:44.068,11:36:44.068,0:19.999,0:31.265,0:48.583,294.3,Mathias BECHE,,LMP2 Pro/Am,,TDS Racing,Oreca,GF,19.999,31.265,48.583,
29,2,45,1:33.799,0,,19.152,0,30.381,0,44.266,0,188.4,1:23:17.867,11:38:17.867,0:19.152,0:30.381,0:44.266,297.5,Mathias BECHE,,LMP2 Pro/Am,,TDS Racing,Oreca,GF,19.152,30.381,44.266,
29,2,46,1:40.025,0,,19.129,0,31.763,0,49.133,0,176.7,1:24:57.892,11:39:57.892,0:19.129,0:31.763,0:49.133,295.1,Mathias BECHE,,LMP2 Pro/Am,,TDS Racing,Oreca,GF,19.129,31.763,49.133,
29,2,47,1:33.659,0,,19.210,0,30.496,0,43.953,0,188.7,1:26:31.551,11:41:31.551,0:19.210,0:30.496,0:43.953,294.3,Mathias BECHE,,LMP2 Pro/Am,,TDS Racing,Oreca,GF,19.210,30.496,43.953,
29,2,48,1:33.572,0,,19.161,0,31.031,0,43.380,0,188.9,1:28:05.123,11:43:05.123,0:19.161,0:31.031,0:43.380,297.5,Mathias BECHE,,LMP2 Pro/Am,,TDS Racing,Oreca,GF,19.161,31.031,43.380,
3,3,1,2:36.321,0,,1:13.295,0,35.074,0,47.952,0,108.0,2:36.321,10:17:36.321,1:13.295,0:35.074,0:47.952,135.2,Thomas LAURENT,0:00:46.691,LMP2 Pro/Am,,DKR Engineering,Oreca,GF,73.295,35.074,47.952,
3,3,2,1:37.635,0,,20.798,0,31.701,0,45.136,0,181.0,4:13.956,10:19:13.956,0:20.798,0:31.701,0:45.136,291.1,Thomas LAURENT,,LMP2 Pro/Am,,DKR Engineering,Oreca,GF,20.798,31.701,45.136,
3,3,3,1:37.471,0,,20.175,0,32.032,0,45.264,0,181.3,5:51.427,10:20:51.427,0:20.175,0:32.032,0:45.264,295.9,Thomas LAURENT,,LMP2 Pro/Am,,DKR Engineering,Oreca,GF,20.175,32.032,45.264,
3,3,4,1:36.992,0,,19.993,0,31.473,0,45.526,0,182.2,7:28.419,10:22:28.419,0:19.993,0:31.473,0:45.526,295.9,Thomas LAURENT,,LMP2 Pro/Am,,DKR Engineering,Oreca,GF,19.993,31.473,45.526,
3,3,5,1:37.523,0,,19.888,0,32.153,0,45.482,0,181.2,9:05.942,10:24:05.942,0:19.888,0:32.153,0:45.482,295.9,Thomas LAURENT,,LMP2 Pro/Am,,DKR Engineering,Oreca,GF,19.888,32.153,45.482,
3,3,6,1:34.056,0,,19.573,0,30.634,0,43.849,0,187.9,10:39.998,10:25:39.998,0:19.573,0:30.634,0:43.849,294.3,Thomas LAURENT,,LMP2 Pro/Am,,DKR Engineering,Oreca,GF,19.573,30.634,43.849,
3,3,7,1:33.891,0,,19.643,0,30.686,0,43.562,2,188.2,12:13.889,10:27:13.889,0:19.643,0:30.686,0:43.562,293.5,Thomas LAURENT,,LMP2 Pro/Am,,DKR Engineering,Oreca,GF,19.643,30.686,43.562,
3,3,8,1:33.843,2,,19.580,0,30.482,2,43.781,0,188.3,13:47.732,10:28:47.732,0:19.580,0:30.482,0:43.781,293.5,Thomas LAURENT,,LMP2 Pro/Am,,DKR Engineering,Oreca,GF,19.580,30.482,43.781,
3,3,9,1:35.779,0,,19.360,2,31.656,0,44.763,0,184.5,15:23.511,10:30:23.511,0:19.360,0:31.656,0:44.763,295.1,Thomas LAURENT,,LMP2 Pro/Am,,DKR Engineering,Oreca,GF,19.360,31.656,44.763,
3,3,10,1:36.300,0,,19.843,0,30.819,0,45.638,0,183.5,16:59.811,10:31:59.811,0:19.843,0:30.819,0:45.638,293.5,Thomas LAURENT,,LMP2 Pro/Am,,DKR Engineering,Oreca,GF,19.843,30.819,45.638,
3,3,11,3:10.758,0,B,19.677,0,30.545,0,2:20.536,0,92.6,20:10.569,10:35:10.569,0:19.677,0:30.545,2:20.536,296.7,Thomas LAURENT,,LMP2 Pro/Am,,DKR Engineering,Oreca,GF,19.677,30.545,140.536,
3,1,12,1:55.385,0,,37.099,0,32.435,0,45.851,0,153.2,22:05.954,10:37:05.954,0:37.099,0:32.435,0:45.851,176.5,Georgios KOLOVOS,0:01:53.193,LMP2 Pro/Am,,DKR Engineering,Oreca,GF,37.099,32.435,45.851,
3,1,13,1:37.102,0,,20.090,0,31.879,0,45.133,0,182.0,23:43.056,10:38:43.056,0:20.090,0:31.879,0:45.133,295.1,Georgios KOLOVOS,,LMP2 Pro/Am,,DKR Engineering,Oreca,GF,20.090,31.879,45.133,
3,1,14,1:39.448,0,,22.146,0,31.958,0,45.344,0,177.7,25:22.504,10:40:22.504,0:22.146,0:31.958,0:45.344,295.9,Georgios KOLOVOS,,LMP2 Pro/Am,,DKR Engineering,Oreca,GF,22.146,31.958,45.344,
3,1,15,1:38.473,0,,19.945,0,33.176,0,45.352,0,179.5,27:00.977,10:42:00.977,0:19.945,0:33.176,0:45.352,295.1,Georgios KOLOVOS,,LMP2 Pro/Am,,DKR Engineering,Oreca,GF,19.945,33.176,45.352,
3,1,16,1:38.247,0,,20.936,0,32.154,0,45.157,0,179.9,28:39.224,10:43:39.224,0:20.936,0:32.154,0:45.157,298.3,Georgios KOLOVOS,,LMP2 Pro/Am,,DKR Engineering,Oreca,GF,20.936,32.154,45.157,
3,1,17,1:36.561,0,,20.068,0,31.363,1,45.130,0,183.0,30:15.785,10:45:15.785,0:20.068,0:31.363,0:45.130,295.9,Georgios KOLOVOS,,LMP2 Pro/Am,,DKR Engineering,Oreca,GF,20.068,31.363,45.130,
3,1,18,1:37.135,0,,20.155,0,31.755,0,45.225,0,181.9,31:52.920,10:46:52.920,0:20.155,0:31.755,0:45.225,293.5,Georgios KOLOVOS,,LMP2 Pro/Am,,DKR Engineering,Oreca,GF,20.155,31.755,45.225,
3,1,19,5:36.759,0,B,20.087,0,31.369,0,4:45.303,0,52.5,37:29.679,10:52:29.679,0:20.087,0:31.369,4:45.303,288.8,Georgios KOLOVOS,,LMP2 Pro/Am,,DKR Engineering,Oreca,GF,20.087,31.369,285.303,
3,1,20,1:54.682,0,,35.703,0,32.631,0,46.348,0,154.1,39:24.361,10:54:24.361,0:35.703,0:32.631,0:46.348,198.5,Georgios KOLOVOS,0:04:14.733,LMP2 Pro/Am,,DKR Engineering,Oreca,GF,35.703,32.631,46.348,
3,1,21,1:36.773,0,,19.914,0,31.828,0,45.031,0,182.6,41:01.134,10:56:01.134,0:19.914,0:31.828,0:45.031,296.7,Georgios KOLOVOS,,LMP2 Pro/Am,,DKR Engineering,Oreca,GF,19.914,31.828,45.031,
3,1,22,1:38.865,0,,20.490,0,33.186,0,45.189,0,178.8,42:39.999,10:57:39.999,0:20.490,0:33.186,0:45.189,280.5,Georgios KOLOVOS,,LMP2 Pro/Am,,DKR Engineering,Oreca,GF,20.490,33.186,45.189,
3,1,23,1:37.439,0,,19.910,0,31.558,0,45.971,0,181.4,44:17.438,10:59:17.438,0:19.910,0:31.558,0:45.971,295.1,Georgios KOLOVOS,,LMP2 Pro/Am,,DKR Engineering,Oreca,GF,19.910,31.558,45.971,
3,1,24,1:37.131,0,,20.371,0,31.593,0,45.167,0,181.9,45:54.569,11:00:54.569,0:20.371,0:31.593,0:45.167,294.3,Georgios KOLOVOS,,LMP2 Pro/Am,,DKR Engineering,Oreca,GF,20.371,31.593,45.167,
3,1,25,1:36.150,0,,19.810,0,31.576,0,44.764,1,183.8,47:30.719,11:02:30.719,0:19.810,0:31.576,0:44.764,296.7,Georgios KOLOVOS,,LMP2 Pro/Am,,DKR Engineering,Oreca,GF,19.810,31.576,44.764,
3,1,26,3:47.264,0,B,19.746,1,31.398,0,2:56.120,0,77.8,51:17.983,11:06:17.983,0:19.746,0:31.398,2:56.120,297.5,Georgios KOLOVOS,,LMP2 Pro/Am,,DKR Engineering,Oreca,GF,19.746,31.398,176.120,
3,2,27,2:42.952,0,,35.136,0,33.302,0,1:34.514,0,108.5,54:00.935,11:09:00.935,0:35.136,0:33.302,1:34.514,200.4,Laurents HÖRR,0:02:26.338,LMP2 Pro/Am,,DKR Engineering,Oreca,FCY,35.136,33.302,94.514,
3,2,28,3:36.726,0,,55.419,0,1:08.566,0,1:32.741,0,81.5,57:37.661,11:12:37.661,0:55.419,1:08.566,1:32.741,80.2,Laurents HÖRR,,LMP2 Pro/Am,,DKR Engineering,Oreca,GF,55.419,68.566,92.741,
3,2,29,1:38.028,0,,21.097,0,31.976,0,44.955,0,180.3,59:15.689,11:14:15.689,0:21.097,0:31.976,0:44.955,273.4,Laurents HÖRR,,LMP2 Pro/Am,,DKR Engineering,Oreca,GF,21.097,31.976,44.955,
3,2,30,1:35.404,0,,19.622,0,31.025,0,44.757,0,185.2,1:00:51.093,11:15:51.093,0:19.622,0:31.025,0:44.757,294.3,Laurents HÖRR,,LMP2 Pro/Am,,DKR Engineering,Oreca,GF,19.622,31.025,44.757,
3,2,31,1:35.621,0,,19.555,0,31.706,0,44.360,0,184.8,1:02:26.714,11:17:26.714,0:19.555,0:31.706,0:44.360,296.7,Laurents HÖRR,,LMP2 Pro/Am,,DKR Engineering,Oreca,GF,19.555,31.706,44.360,
3,2,32,1:34.847,0,,19.622,0,30.729,1,44.496,0,186.3,1:04:01.561,11:19:01.561,0:19.622,0:30.729,0:44.496,297.5,Laurents HÖRR,,LMP2 Pro/Am,,DKR Engineering,Oreca,GF,19.622,30.729,44.496,
3,2,33,1:34.819,0,,19.732,0,30.745,0,44.342,0,186.4,1:05:36.380,11:20:36.380,0:19.732,0:30.745,0:44.342,296.7,Laurents HÖRR,,LMP2 Pro/Am,,DKR Engineering,Oreca,GF,19.732,30.745,44.342,
3,2,34,1:35.454,0,,19.683,0,31.437,0,44.334,1,185.1,1:07:11.834,11:22:11.834,0:19.683,0:31.437,0:44.334,297.5,Laurents HÖRR,,LMP2 Pro/Am,,DKR Engineering,Oreca,GF,19.683,31.437,44.334,
3,2,35,1:34.944,0,,19.445,1,30.829,0,44.670,0,186.1,1:08:46.778,11:23:46.778,0:19.445,0:30.829,0:44.670,298.3,Laurents HÖRR,,LMP2 Pro/Am,,DKR Engineering,Oreca,GF,19.445,30.829,44.670,
3,2,36,2:50.531,0,B,19.709,0,31.168,0,1:59.654,0,103.6,1:11:37.309,11:26:37.309,0:19.709,0:31.168,1:59.654,294.3,Laurents HÖRR,,LMP2 Pro/Am,,DKR Engineering,Oreca,GF,19.709,31.168,119.654,
3,3,37,1:52.162,0,,34.585,0,33.090,0,44.487,0,157.6,1:13:29.471,11:28:29.471,0:34.585,0:33.090,0:44.487,199.6,Thomas LAURENT,0:01:31.469,LMP2 Pro/Am,,DKR Engineering,Oreca,GF,34.585,33.090,44.487,
3,3,38,1:35.856,0,,19.804,0,31.996,0,44.056,0,184.4,1:15:05.327,11:30:05.327,0:19.804,0:31.996,0:44.056,296.7,Thomas LAURENT,,LMP2 Pro/Am,,DKR Engineering,Oreca,GF,19.804,31.996,44.056,
3,3,39,1:34.947,0,,19.651,0,30.892,0,44.404,0,186.1,1:16:40.274,11:31:40.274,0:19.651,0:30.892,0:44.404,295.9,Thomas LAURENT,,LMP2 Pro/Am,,DKR Engineering,Oreca,GF,19.651,30.892,44.404,
3,3,40,1:37.561,0,,20.082,0,32.173,0,45.306,0,181.1,1:18:17.835,11:33:17.835,0:20.082,0:32.173,0:45.306,296.7,Thomas LAURENT,,LMP2 Pro/Am,,DKR Engineering,Oreca,GF,20.082,32.173,45.306,
3,3,41,1:34.562,0,,19.596,0,30.834,0,44.132,0,186.9,1:19:52.397,11:34:52.397,0:19.596,0:30.834,0:44.132,295.1,Thomas LAURENT,,LMP2 Pro/Am,,DKR Engineering,Oreca,GF,19.596,30.834,44.132,
3,3,42,3:26.113,0,B,19.742,0,31.204,0,2:35.167,0,85.7,1:23:18.510,11:38:18.510,0:19.742,0:31.204,2:35.167,296.7,Thomas LAURENT,,LMP2 Pro/Am,,DKR Engineering,Oreca,GF,19.742,31.204,155.167,
3,3,43,1:50.071,0,,34.622,0,31.283,0,44.166,0,160.6,1:25:08.581,11:40:08.581,0:34.622,0:31.283,0:44.166,200.4,Thomas LAURENT,0:02:07.157,LMP2 Pro/Am,,DKR Engineering,Oreca,GF,34.622,31.283,44.166,
3,3,44,1:35.122,0,,19.615,0,30.882,0,44.625,0,185.8,1:26:43.703,11:41:43.703,0:19.615,0:30.882,0:44.625,296.7,Thomas LAURENT,,LMP2 Pro/Am,,DKR Engineering,Oreca,GF,19.615,30.882,44.625,
3,3,45,1:34.688,0,,19.647,0,30.949,0,44.092,0,186.6,1:28:18.391,11:43:18.391,0:19.647,0:30.949,0:44.092,295.9,Thomas LAURENT,,LMP2 Pro/Am,,DKR Engineering,Oreca,GF,19.647,30.949,44.092,
3,3,46,1:37.872,0,,19.723,0,30.996,0,47.153,0,180.6,1:29:56.263,11:44:56.263,0:19.723,0:30.996,0:47.153,295.1,Thomas LAURENT,,LMP2 Pro/Am,,DKR Engineering,Oreca,GF,19.723,30.996,47.153,
3,3,47,1:35.431,0,,19.762,0,30.969,0,44.700,0,185.2,1:31:31.694,11:46:31.694,0:19.762,0:30.969,0:44.700,293.5,Thomas LAURENT,,LMP2 Pro/Am,,DKR Engineering,Oreca,FF,19.762,30.969,44.700,
30,3,1,2:12.099,0,,47.745,0,35.052,0,49.302,0,127.8,2:12.099,10:17:12.099,0:47.745,0:35.052,0:49.302,166.4,Reshad DE GÉRUS,0:00:21.951,LMP2,,Duqueine Team,Oreca,GF,47.745,35.052,49.302,
30,3,2,1:43.964,0,,20.732,0,31.701,0,51.531,0,170.0,3:56.063,10:18:56.063,0:20.732,0:31.701,0:51.531,290.3,Reshad DE GÉRUS,,LMP2,,Duqueine Team,Oreca,GF,20.732,31.701,51.531,
30,3,3,1:36.850,0,,19.509,0,30.315,0,47.026,0,182.5,5:32.913,10:20:32.913,0:19.509,0:30.315,0:47.026,295.1,Reshad DE GÉRUS,,LMP2,,Duqueine Team,Oreca,GF,19.509,30.315,47.026,
30,3,4,1:32.914,0,,19.259,0,30.078,0,43.577,0,190.2,7:05.827,10:22:05.827,0:19.259,0:30.078,0:43.577,295.1,Reshad DE GÉRUS,,LMP2,,Duqueine Team,Oreca,GF,19.259,30.078,43.577,
30,3,5,1:50.719,0,,19.351,0,35.155,0,56.213,0,159.6,8:56.546,10:23:56.546,0:19.351,0:35.155,0:56.213,297.5,Reshad DE GÉRUS,,LMP2,,Duqueine Team,Oreca,GF,19.351,35.155,56.213,
30,3,6,1:32.509,2,,19.365,0,29.960,0,43.184,2,191.0,10:29.055,10:25:29.055,0:19.365,0:29.960,0:43.184,295.1,Reshad DE GÉRUS,,LMP2,,Duqueine Team,Oreca,GF,19.365,29.960,43.184,
30,3,7,1:36.242,0,,19.263,0,30.017,0,46.962,0,183.6,12:05.297,10:27:05.297,0:19.263,0:30.017,0:46.962,295.1,Reshad DE GÉRUS,,LMP2,,Duqueine Team,Oreca,GF,19.263,30.017,46.962,
30,3,8,1:33.131,0,,19.231,2,29.946,2,43.954,0,189.8,13:38.428,10:28:38.428,0:19.231,0:29.946,0:43.954,295.9,Reshad DE GÉRUS,,LMP2,,Duqueine Team,Oreca,GF,19.231,29.946,43.954,
30,3,9,3:38.776,0,B,19.540,0,30.551,0,2:48.685,0,80.8,17:17.204,10:32:17.204,0:19.540,0:30.551,2:48.685,297.5,Reshad DE GÉRUS,,LMP2,,Duqueine Team,Oreca,GF,19.540,30.551,168.685,
30,2,10,1:52.998,0,,35.509,0,32.269,0,45.220,0,156.4,19:10.202,10:34:10.202,0:35.509,0:32.269,0:45.220,196.4,Roy NISSANY,0:02:19.657,LMP2,,Duqueine Team,Oreca,GF,35.509,32.269,45.220,
30,2,11,1:34.859,0,,19.654,0,30.753,0,44.452,0,186.3,20:45.061,10:35:45.061,0:19.654,0:30.753,0:44.452,294.3,Roy NISSANY,,LMP2,,Duqueine Team,Oreca,GF,19.654,30.753,44.452,
30,2,12,1:35.080,0,,19.526,1,30.752,0,44.802,0,185.9,22:20.141,10:37:20.141,0:19.526,0:30.752,0:44.802,294.3,Roy NISSANY,,LMP2,,Duqueine Team,Oreca,GF,19.526,30.752,44.802,
30,2,13,1:37.233,0,,20.592,0,31.209,0,45.432,0,181.8,23:57.374,10:38:57.374,0:20.592,0:31.209,0:45.432,296.7,Roy NISSANY,,LMP2,,Duqueine Team,Oreca,GF,20.592,31.209,45.432,
30,2,14,1:35.540,0,,19.745,0,31.303,0,44.492,0,185.0,25:32.914,10:40:32.914,0:19.745,0:31.303,0:44.492,294.3,Roy NISSANY,,LMP2,,Duqueine Team,Oreca,GF,19.745,31.303,44.492,
30,2,15,1:34.613,0,,19.618,0,30.659,1,44.336,0,186.8,27:07.527,10:42:07.527,0:19.618,0:30.659,0:44.336,293.5,Roy NISSANY,,LMP2,,Duqueine Team,Oreca,GF,19.618,30.659,44.336,
30,2,16,1:36.277,0,,19.844,0,31.877,0,44.556,0,183.6,28:43.804,10:43:43.804,0:19.844,0:31.877,0:44.556,295.1,Roy NISSANY,,LMP2,,Duqueine Team,Oreca,GF,19.844,31.877,44.556,
30,2,17,1:35.353,0,,20.293,0,30.835,0,44.225,0,185.3,30:19.157,10:45:19.157,0:20.293,0:30.835,0:44.225,295.1,Roy NISSANY,,LMP2,,Duqueine Team,Oreca,GF,20.293,30.835,44.225,
30,2,18,1:35.405,0,,19.687,0,31.125,0,44.593,0,185.2,31:54.562,10:46:54.562,0:19.687,0:31.125,0:44.593,290.3,Roy NISSANY,,LMP2,,Duqueine Team,Oreca,GF,19.687,31.125,44.593,
30,2,19,1:35.624,0,,19.819,0,31.121,0,44.684,0,184.8,33:30.186,10:48:30.186,0:19.819,0:31.121,0:44.684,295.9,Roy NISSANY,,LMP2,,Duqueine Team,Oreca,GF,19.819,31.121,44.684,
30,2,20,1:35.291,0,,19.615,0,31.501,0,44.175,0,185.5,35:05.477,10:50:05.477,0:19.615,0:31.501,0:44.175,294.3,Roy NISSANY,,LMP2,,Duqueine Team,Oreca,GF,19.615,31.501,44.175,
30,2,21,1:34.698,0,,19.528,0,31.144,0,44.026,1,186.6,36:40.175,10:51:40.175,0:19.528,0:31.144,0:44.026,295.1,Roy NISSANY,,LMP2,,Duqueine Team,Oreca,GF,19.528,31.144,44.026,
30,2,22,2:57.518,0,B,20.456,0,31.623,0,2:05.439,0,99.6,39:37.693,10:54:37.693,0:20.456,0:31.623,2:05.439,295.1,Roy NISSANY,,LMP2,,Duqueine Team,Oreca,GF,20.456,31.623,125.439,
30,1,23,1:52.223,0,,35.254,0,32.202,0,44.767,0,157.5,41:29.916,10:56:29.916,0:35.254,0:32.202,0:44.767,190.5,Francesco SIMONAZZI,0:01:37.393,LMP2,,Duqueine Team,Oreca,GF,35.254,32.202,44.767,
30,1,24,1:36.087,0,,19.791,0,31.446,0,44.850,0,183.9,43:06.003,10:58:06.003,0:19.791,0:31.446,0:44.850,294.3,Francesco SIMONAZZI,,LMP2,,Duqueine Team,Oreca,GF,19.791,31.446,44.850,
30,1,25,1:37.628,0,,19.711,0,31.736,0,46.181,0,181.0,44:43.631,10:59:43.631,0:19.711,0:31.736,0:46.181,294.3,Francesco SIMONAZZI,,LMP2,,Duqueine Team,Oreca,GF,19.711,31.736,46.181,
30,1,26,1:37.542,0,,19.702,0,31.738,0,46.102,0,181.2,46:21.173,11:01:21.173,0:19.702,0:31.738,0:46.102,292.7,Francesco SIMONAZZI,,LMP2,,Duqueine Team,Oreca,GF,19.702,31.738,46.102,
30,1,27,1:36.596,0,,19.669,0,32.085,0,44.842,0,183.0,47:57.769,11:02:57.769,0:19.669,0:32.085,0:44.842,293.5,Francesco SIMONAZZI,,LMP2,,Duqueine Team,Oreca,GF,19.669,32.085,44.842,
30,1,28,1:37.034,0,,19.612,0,31.984,0,45.438,0,182.1,49:34.803,11:04:34.803,0:19.612,0:31.984,0:45.438,293.5,Francesco SIMONAZZI,,LMP2,,Duqueine Team,Oreca,GF,19.612,31.984,45.438,
30,1,29,1:35.681,0,,19.733,0,31.175,0,44.773,0,184.7,51:10.484,11:06:10.484,0:19.733,0:31.175,0:44.773,294.3,Francesco SIMONAZZI,,LMP2,,Duqueine Team,Oreca,GF,19.733,31.175,44.773,
30,1,30,3:46.450,0,B,19.538,1,31.207,0,2:55.705,0,78.0,54:56.934,11:09:56.934,0:19.538,0:31.207,2:55.705,293.5,Francesco SIMONAZZI,,LMP2,,Duqueine Team,Oreca,FCY,19.538,31.207,175.705,
30,1,31,3:06.809,0,,58.191,0,1:08.441,0,1:00.177,0,94.6,58:03.743,11:13:03.743,0:58.191,1:08.441,1:00.177,81.6,Francesco SIMONAZZI,0:02:17.463,LMP2,,Duqueine Team,Oreca,GF,58.191,68.441,60.177,
30,1,32,1:36.979,0,,21.118,0,31.301,0,44.560,0,182.2,59:40.722,11:14:40.722,0:21.118,0:31.301,0:44.560,292.7,Francesco SIMONAZZI,,LMP2,,Duqueine Team,Oreca,GF,21.118,31.301,44.560,
30,1,33,1:36.404,0,,19.654,0,31.304,0,45.446,0,183.3,1:01:17.126,11:16:17.126,0:19.654,0:31.304,0:45.446,291.1,Francesco SIMONAZZI,,LMP2,,Duqueine Team,Oreca,GF,19.654,31.304,45.446,
30,1,34,1:35.817,0,,20.201,0,31.052,1,44.564,0,184.4,1:02:52.943,11:17:52.943,0:20.201,0:31.052,0:44.564,292.7,Francesco SIMONAZZI,,LMP2,,Duqueine Team,Oreca,GF,20.201,31.052,44.564,
30,1,35,1:35.110,0,,19.836,0,31.064,0,44.210,1,185.8,1:04:28.053,11:19:28.053,0:19.836,0:31.064,0:44.210,293.5,Francesco SIMONAZZI,,LMP2,,Duqueine Team,Oreca,GF,19.836,31.064,44.210,
30,1,36,2:51.094,0,B,19.538,0,31.054,0,2:00.502,0,103.3,1:07:19.147,11:22:19.147,0:19.538,0:31.054,2:00.502,293.5,Francesco SIMONAZZI,,LMP2,,Duqueine Team,Oreca,GF,19.538,31.054,120.502,
30,3,37,1:51.826,0,,35.313,0,31.406,0,45.107,0,158.0,1:09:10.973,11:24:10.973,0:35.313,0:31.406,0:45.107,197.8,Reshad DE GÉRUS,0:01:31.349,LMP2,,Duqueine Team,Oreca,GF,35.313,31.406,45.107,
30,3,38,1:35.111,0,,19.788,0,30.832,0,44.491,0,185.8,1:10:46.084,11:25:46.084,0:19.788,0:30.832,0:44.491,292.7,Reshad DE GÉRUS,,LMP2,,Duqueine Team,Oreca,GF,19.788,30.832,44.491,
30,3,39,1:35.322,0,,19.649,0,31.017,0,44.656,0,185.4,1:12:21.406,11:27:21.406,0:19.649,0:31.017,0:44.656,293.5,Reshad DE GÉRUS,,LMP2,,Duqueine Team,Oreca,GF,19.649,31.017,44.656,
30,3,40,1:34.954,0,,19.726,0,30.785,0,44.443,0,186.1,1:13:56.360,11:28:56.360,0:19.726,0:30.785,0:44.443,291.9,Reshad DE GÉRUS,,LMP2,,Duqueine Team,Oreca,GF,19.726,30.785,44.443,
30,3,41,1:35.777,0,,19.786,0,31.310,0,44.681,0,184.5,1:15:32.137,11:30:32.137,0:19.786,0:31.310,0:44.681,295.1,Reshad DE GÉRUS,,LMP2,,Duqueine Team,Oreca,GF,19.786,31.310,44.681,
30,3,42,1:35.683,0,,19.843,0,31.439,0,44.401,0,184.7,1:17:07.820,11:32:07.820,0:19.843,0:31.439,0:44.401,293.5,Reshad DE GÉRUS,,LMP2,,Duqueine Team,Oreca,GF,19.843,31.439,44.401,
30,3,43,1:35.762,0,,19.839,0,30.732,0,45.191,0,184.5,1:18:43.582,11:33:43.582,0:19.839,0:30.732,0:45.191,293.5,Reshad DE GÉRUS,,LMP2,,Duqueine Team,Oreca,GF,19.839,30.732,45.191,
30,3,44,1:37.094,0,,20.699,0,31.503,0,44.892,0,182.0,1:20:20.676,11:35:20.676,0:20.699,0:31.503,0:44.892,294.3,Reshad DE GÉRUS,,LMP2,,Duqueine Team,Oreca,GF,20.699,31.503,44.892,
30,3,45,1:37.618,0,,19.833,0,32.404,0,45.381,0,181.0,1:21:58.294,11:36:58.294,0:19.833,0:32.404,0:45.381,293.5,Reshad DE GÉRUS,,LMP2,,Duqueine Team,Oreca,GF,19.833,32.404,45.381,
30,3,46,1:34.744,0,,19.682,0,30.817,0,44.245,0,186.5,1:23:33.038,11:38:33.038,0:19.682,0:30.817,0:44.245,291.9,Reshad DE GÉRUS,,LMP2,,Duqueine Team,Oreca,GF,19.682,30.817,44.245,
30,3,47,1:36.932,0,,20.798,0,31.271,0,44.863,0,182.3,1:25:09.970,11:40:09.970,0:20.798,0:31.271,0:44.863,296.7,Reshad DE GÉRUS,,LMP2,,Duqueine Team,Oreca,GF,20.798,31.271,44.863,
30,3,48,1:34.877,0,,19.676,0,30.871,0,44.330,0,186.3,1:26:44.847,11:41:44.847,0:19.676,0:30.871,0:44.330,295.9,Reshad DE GÉRUS,,LMP2,,Duqueine Team,Oreca,GF,19.676,30.871,44.330,
31,3,1,22:44.452,0,,21:15.419,0,37.959,0,51.074,0,12.4,22:44.452,10:37:44.452,21:15.419,0:37.959,0:51.074,177.9,Marius FOSSARD,0:20:49.784,LMP3,,Racing Spirit of Leman,Ligier,GF,1275.419,37.959,51.074,
31,3,2,1:44.685,0,,23.026,0,33.715,0,47.944,0,168.8,24:29.137,10:39:29.137,0:23.026,0:33.715,0:47.944,262.1,Marius FOSSARD,,LMP3,,Racing Spirit of Leman,Ligier,GF,23.026,33.715,47.944,
31,3,3,1:44.018,0,,22.188,0,34.260,0,47.570,0,169.9,26:13.155,10:41:13.155,0:22.188,0:34.260,0:47.570,264.1,Marius FOSSARD,,LMP3,,Racing Spirit of Leman,Ligier,GF,22.188,34.260,47.570,
31,3,4,1:40.568,2,,21.235,0,32.649,2,46.684,2,175.7,27:53.723,10:42:53.723,0:21.235,0:32.649,0:46.684,267.3,Marius FOSSARD,,LMP3,,Racing Spirit of Leman,Ligier,GF,21.235,32.649,46.684,
31,3,5,1:41.234,0,,21.351,0,32.846,0,47.037,0,174.6,29:34.957,10:44:34.957,0:21.351,0:32.846,0:47.037,266.7,Marius FOSSARD,,LMP3,,Racing Spirit of Leman,Ligier,GF,21.351,32.846,47.037,
31,3,6,1:40.906,0,,21.024,0,32.968,0,46.914,0,175.1,31:15.863,10:46:15.863,0:21.024,0:32.968,0:46.914,268.7,Marius FOSSARD,,LMP3,,Racing Spirit of Leman,Ligier,GF,21.024,32.968,46.914,
31,3,7,1:42.125,0,,21.099,0,33.189,0,47.837,0,173.0,32:57.988,10:47:57.988,0:21.099,0:33.189,0:47.837,270.7,Marius FOSSARD,,LMP3,,Racing Spirit of Leman,Ligier,GF,21.099,33.189,47.837,
31,3,8,1:41.108,0,,20.907,2,32.940,0,47.261,0,174.8,34:39.096,10:49:39.096,0:20.907,0:32.940,0:47.261,268.7,Marius FOSSARD,,LMP3,,Racing Spirit of Leman,Ligier,GF,20.907,32.940,47.261,
31,3,9,1:44.575,0,,22.335,0,34.392,0,47.848,0,169.0,36:23.671,10:51:23.671,0:22.335,0:34.392,0:47.848,270.0,Marius FOSSARD,,LMP3,,Racing Spirit of Leman,Ligier,GF,22.335,34.392,47.848,
31,3,10,5:55.402,0,B,20.948,0,33.943,0,5:00.511,0,49.7,42:19.073,10:57:19.073,0:20.948,0:33.943,5:00.511,270.0,Marius FOSSARD,,LMP3,,Racing Spirit of Leman,Ligier,GF,20.948,33.943,300.511,
31,1,11,2:02.670,0,,37.310,0,34.815,0,50.545,0,144.1,44:21.743,10:59:21.743,0:37.310,0:34.815,0:50.545,181.2,Jacques WOLFF,0:04:28.124,LMP3,,Racing Spirit of Leman,Ligier,GF,37.310,34.815,50.545,
31,1,12,1:46.037,0,,22.367,0,34.517,0,49.153,0,166.7,46:07.780,11:01:07.780,0:22.367,0:34.517,0:49.153,266.0,Jacques WOLFF,,LMP3,,Racing Spirit of Leman,Ligier,GF,22.367,34.517,49.153,
31,1,13,1:45.157,0,,22.224,0,34.293,0,48.640,0,168.1,47:52.937,11:02:52.937,0:22.224,0:34.293,0:48.640,265.4,Jacques WOLFF,,LMP3,,Racing Spirit of Leman,Ligier,GF,22.224,34.293,48.640,
31,1,14,1:44.929,0,,22.048,0,34.086,0,48.795,0,168.4,49:37.866,11:04:37.866,0:22.048,0:34.086,0:48.795,264.7,Jacques WOLFF,,LMP3,,Racing Spirit of Leman,Ligier,GF,22.048,34.086,48.795,
31,1,15,1:46.570,0,,22.534,0,34.070,0,49.966,0,165.8,51:24.436,11:06:24.436,0:22.534,0:34.070,0:49.966,266.7,Jacques WOLFF,,LMP3,,Racing Spirit of Leman,Ligier,GF,22.534,34.070,49.966,
31,1,16,2:27.083,0,,22.367,0,34.617,0,1:30.099,0,120.2,53:51.519,11:08:51.519,0:22.367,0:34.617,1:30.099,260.9,Jacques WOLFF,,LMP3,,Racing Spirit of Leman,Ligier,FCY,22.367,34.617,90.099,
31,1,17,3:40.599,0,,54.754,0,1:08.106,0,1:37.739,0,80.1,57:32.118,11:12:32.118,0:54.754,1:08.106,1:37.739,81.1,Jacques WOLFF,,LMP3,,Racing Spirit of Leman,Ligier,GF,54.754,68.106,97.739,
31,1,18,1:48.922,0,,25.273,0,34.642,0,49.007,0,162.2,59:21.040,11:14:21.040,0:25.273,0:34.642,0:49.007,226.9,Jacques WOLFF,,LMP3,,Racing Spirit of Leman,Ligier,GF,25.273,34.642,49.007,
31,1,19,1:44.921,0,,22.171,0,34.360,0,48.390,1,168.4,1:01:05.961,11:16:05.961,0:22.171,0:34.360,0:48.390,261.5,Jacques WOLFF,,LMP3,,Racing Spirit of Leman,Ligier,GF,22.171,34.360,48.390,
31,1,20,1:44.954,0,,21.968,0,34.366,0,48.620,0,168.4,1:02:50.915,11:17:50.915,0:21.968,0:34.366,0:48.620,264.1,Jacques WOLFF,,LMP3,,Racing Spirit of Leman,Ligier,GF,21.968,34.366,48.620,
31,1,21,1:45.482,0,,22.059,0,34.148,0,49.275,0,167.5,1:04:36.397,11:19:36.397,0:22.059,0:34.148,0:49.275,265.4,Jacques WOLFF,,LMP3,,Racing Spirit of Leman,Ligier,GF,22.059,34.148,49.275,
31,1,22,1:46.177,0,,22.276,0,34.963,0,48.938,0,166.4,1:06:22.574,11:21:22.574,0:22.276,0:34.963,0:48.938,268.7,Jacques WOLFF,,LMP3,,Racing Spirit of Leman,Ligier,GF,22.276,34.963,48.938,
31,1,23,3:22.405,0,B,21.796,1,34.042,1,2:26.567,0,87.3,1:09:44.979,11:24:44.979,0:21.796,0:34.042,2:26.567,267.3,Jacques WOLFF,,LMP3,,Racing Spirit of Leman,Ligier,GF,21.796,34.042,146.567,
31,2,24,2:04.079,0,,38.569,0,35.826,0,49.684,0,142.4,1:11:49.058,11:26:49.058,0:38.569,0:35.826,0:49.684,184.0,Jean-Ludovic FOUBERT,0:01:54.897,LMP3,,Racing Spirit of Leman,Ligier,GF,38.569,35.826,49.684,
31,2,25,1:45.342,0,,22.361,0,34.728,0,48.253,0,167.8,1:13:34.400,11:28:34.400,0:22.361,0:34.728,0:48.253,266.7,Jean-Ludovic FOUBERT,,LMP3,,Racing Spirit of Leman,Ligier,GF,22.361,34.728,48.253,
31,2,26,1:43.543,0,,21.730,0,33.705,0,48.108,0,170.7,1:15:17.943,11:30:17.943,0:21.730,0:33.705,0:48.108,266.7,Jean-Ludovic FOUBERT,,LMP3,,Racing Spirit of Leman,Ligier,GF,21.730,33.705,48.108,
31,2,27,1:42.706,0,,21.521,1,33.274,1,47.911,1,172.1,1:17:00.649,11:32:00.649,0:21.521,0:33.274,0:47.911,266.7,Jean-Ludovic FOUBERT,,LMP3,,Racing Spirit of Leman,Ligier,GF,21.521,33.274,47.911,
31,2,28,1:44.474,0,,21.867,0,34.044,0,48.563,0,169.2,1:18:45.123,11:33:45.123,0:21.867,0:34.044,0:48.563,267.3,Jean-Ludovic FOUBERT,,LMP3,,Racing Spirit of Leman,Ligier,GF,21.867,34.044,48.563,
31,2,29,1:44.933,0,,21.619,0,34.424,0,48.890,0,168.4,1:20:30.056,11:35:30.056,0:21.619,0:34.424,0:48.890,272.0,Jean-Ludovic FOUBERT,,LMP3,,Racing Spirit of Leman,Ligier,GF,21.619,34.424,48.890,
31,2,30,1:44.509,0,,21.687,0,33.666,0,49.156,0,169.1,1:22:14.565,11:37:14.565,0:21.687,0:33.666,0:49.156,270.0,Jean-Ludovic FOUBERT,,LMP3,,Racing Spirit of Leman,Ligier,GF,21.687,33.666,49.156,
34,3,1,2:42.412,0,,1:14.844,0,37.926,0,49.642,0,104.0,2:42.412,10:17:42.412,1:14.844,0:37.926,0:49.642,140.6,Luca GHIOTTO,0:00:47.746,LMP2,,Inter Europol Competition,Oreca,GF,74.844,37.926,49.642,
34,3,2,1:47.612,0,,21.566,0,33.364,0,52.682,0,164.2,4:30.024,10:19:30.024,0:21.566,0:33.364,0:52.682,279.1,Luca GHIOTTO,,LMP2,,Inter Europol Competition,Oreca,GF,21.566,33.364,52.682,
34,3,3,1:34.241,0,,19.770,0,30.378,0,44.093,0,187.5,6:04.265,10:21:04.265,0:19.770,0:30.378,0:44.093,291.9,Luca GHIOTTO,,LMP2,,Inter Europol Competition,Oreca,GF,19.770,30.378,44.093,
34,3,4,1:33.381,0,,19.397,0,30.525,0,43.459,0,189.3,7:37.646,10:22:37.646,0:19.397,0:30.525,0:43.459,295.1,Luca GHIOTTO,,LMP2,,Inter Europol Competition,Oreca,GF,19.397,30.525,43.459,
34,3,5,1:35.487,0,,19.175,0,31.118,0,45.194,0,185.1,9:13.133,10:24:13.133,0:19.175,0:31.118,0:45.194,295.1,Luca GHIOTTO,,LMP2,,Inter Europol Competition,Oreca,GF,19.175,31.118,45.194,
34,3,6,1:36.078,0,,20.231,0,31.645,0,44.202,0,183.9,10:49.211,10:25:49.211,0:20.231,0:31.645,0:44.202,296.7,Luca GHIOTTO,,LMP2,,Inter Europol Competition,Oreca,GF,20.231,31.645,44.202,
34,3,7,1:33.369,0,,19.241,0,30.031,2,44.097,0,189.3,12:22.580,10:27:22.580,0:19.241,0:30.031,0:44.097,295.9,Luca GHIOTTO,,LMP2,,Inter Europol Competition,Oreca,GF,19.241,30.031,44.097,
34,3,8,1:36.642,0,,19.747,0,31.279,0,45.616,0,182.9,13:59.222,10:28:59.222,0:19.747,0:31.279,0:45.616,297.5,Luca GHIOTTO,,LMP2,,Inter Europol Competition,Oreca,GF,19.747,31.279,45.616,
34,3,9,1:32.570,2,,19.141,2,30.113,0,43.316,2,190.9,15:31.792,10:30:31.792,0:19.141,0:30.113,0:43.316,295.1,Luca GHIOTTO,,LMP2,,Inter Europol Competition,Oreca,GF,19.141,30.113,43.316,
34,3,10,6:13.464,0,B,19.874,0,31.800,0,5:21.790,0,47.3,21:45.256,10:36:45.256,0:19.874,0:31.800,5:21.790,294.3,Luca GHIOTTO,,LMP2,,Inter Europol Competition,Oreca,GF,19.874,31.800,321.790,
34,3,11,1:50.861,0,,34.998,0,31.484,0,44.379,0,159.4,23:36.117,10:38:36.117,0:34.998,0:31.484,0:44.379,198.5,Luca GHIOTTO,0:04:49.491,LMP2,,Inter Europol Competition,Oreca,GF,34.998,31.484,44.379,
34,3,12,1:34.179,0,,19.544,0,30.478,0,44.157,0,187.6,25:10.296,10:40:10.296,0:19.544,0:30.478,0:44.157,291.9,Luca GHIOTTO,,LMP2,,Inter Europol Competition,Oreca,GF,19.544,30.478,44.157,
34,3,13,1:35.807,0,,20.650,0,31.414,0,43.743,0,184.5,26:46.103,10:41:46.103,0:20.650,0:31.414,0:43.743,292.7,Luca GHIOTTO,,LMP2,,Inter Europol Competition,Oreca,GF,20.650,31.414,43.743,
34,3,14,1:33.731,0,,19.428,0,30.271,0,44.032,0,188.5,28:19.834,10:43:19.834,0:19.428,0:30.271,0:44.032,294.3,Luca GHIOTTO,,LMP2,,Inter Europol Competition,Oreca,GF,19.428,30.271,44.032,
34,3,15,1:34.177,0,,19.279,0,30.674,0,44.224,0,187.7,29:54.011,10:44:54.011,0:19.279,0:30.674,0:44.224,293.5,Luca GHIOTTO,,LMP2,,Inter Europol Competition,Oreca,GF,19.279,30.674,44.224,
34,3,16,1:33.704,0,,19.299,0,30.279,0,44.126,0,188.6,31:27.715,10:46:27.715,0:19.299,0:30.279,0:44.126,292.7,Luca GHIOTTO,,LMP2,,Inter Europol Competition,Oreca,GF,19.299,30.279,44.126,
34,3,17,1:37.554,0,,21.199,0,31.955,0,44.400,0,181.2,33:05.269,10:48:05.269,0:21.199,0:31.955,0:44.400,295.9,Luca GHIOTTO,,LMP2,,Inter Europol Competition,Oreca,GF,21.199,31.955,44.400,
34,3,18,1:35.062,0,,19.348,0,31.820,0,43.894,0,185.9,34:40.331,10:49:40.331,0:19.348,0:31.820,0:43.894,294.3,Luca GHIOTTO,,LMP2,,Inter Europol Competition,Oreca,GF,19.348,31.820,43.894,
34,3,19,1:36.145,0,,21.063,0,31.074,0,44.008,0,183.8,36:16.476,10:51:16.476,0:21.063,0:31.074,0:44.008,295.9,Luca GHIOTTO,,LMP2,,Inter Europol Competition,Oreca,GF,21.063,31.074,44.008,
34,3,20,1:35.274,0,,19.455,0,31.088,0,44.731,0,185.5,37:51.750,10:52:51.750,0:19.455,0:31.088,0:44.731,295.9,Luca GHIOTTO,,LMP2,,Inter Europol Competition,Oreca,GF,19.455,31.088,44.731,
34,3,21,1:35.087,0,,19.376,0,31.476,0,44.235,0,185.9,39:26.837,10:54:26.837,0:19.376,0:31.476,0:44.235,295.1,Luca GHIOTTO,,LMP2,,Inter Europol Competition,Oreca,GF,19.376,31.476,44.235,
34,3,22,1:35.246,0,,19.327,0,31.064,0,44.855,0,185.5,41:02.083,10:56:02.083,0:19.327,0:31.064,0:44.855,295.1,Luca GHIOTTO,,LMP2,,Inter Europol Competition,Oreca,GF,19.327,31.064,44.855,
34,3,23,1:38.907,0,,20.631,0,32.762,0,45.514,0,178.7,42:40.990,10:57:40.990,0:20.631,0:32.762,0:45.514,290.3,Luca GHIOTTO,,LMP2,,Inter Europol Competition,Oreca,GF,20.631,32.762,45.514,
34,3,24,1:36.525,0,,19.445,0,31.237,0,45.843,0,183.1,44:17.515,10:59:17.515,0:19.445,0:31.237,0:45.843,294.3,Luca GHIOTTO,,LMP2,,Inter Europol Competition,Oreca,GF,19.445,31.237,45.843,
34,3,25,1:35.187,0,,19.638,0,30.689,0,44.860,0,185.7,45:52.702,11:00:52.702,0:19.638,0:30.689,0:44.860,297.5,Luca GHIOTTO,,LMP2,,Inter Europol Competition,Oreca,GF,19.638,30.689,44.860,
34,3,26,4:50.264,0,B,19.414,0,30.651,0,4:00.199,0,60.9,50:42.966,11:05:42.966,0:19.414,0:30.651,4:00.199,295.1,Luca GHIOTTO,,LMP2,,Inter Europol Competition,Oreca,GF,19.414,30.651,240.199,
34,2,27,2:08.226,0,,35.409,0,32.853,0,59.964,0,137.8,52:51.192,11:07:51.192,0:35.409,0:32.853,0:59.964,196.0,Jean-Baptiste SIMMENAUER,0:03:31.659,LMP2,,Inter Europol Competition,Oreca,FCY,35.409,32.853,59.964,
34,2,28,3:42.910,0,,55.075,0,1:08.934,0,1:38.901,0,79.3,56:34.102,11:11:34.102,0:55.075,1:08.934,1:38.901,80.7,Jean-Baptiste SIMMENAUER,,LMP2,,Inter Europol Competition,Oreca,FCY,55.075,68.934,98.901,
34,2,29,2:14.985,0,,55.702,0,33.931,0,45.352,0,130.9,58:49.087,11:13:49.087,0:55.702,0:33.931,0:45.352,80.0,Jean-Baptiste SIMMENAUER,,LMP2,,Inter Europol Competition,Oreca,GF,55.702,33.931,45.352,
34,2,30,1:37.267,0,,19.879,0,31.641,0,45.747,0,181.7,1:00:26.354,11:15:26.354,0:19.879,0:31.641,0:45.747,291.1,Jean-Baptiste SIMMENAUER,,LMP2,,Inter Europol Competition,Oreca,GF,19.879,31.641,45.747,
34,2,31,1:37.776,0,,20.235,0,31.283,0,46.258,0,180.7,1:02:04.130,11:17:04.130,0:20.235,0:31.283,0:46.258,281.2,Jean-Baptiste SIMMENAUER,,LMP2,,Inter Europol Competition,Oreca,GF,20.235,31.283,46.258,
34,2,32,1:36.307,0,,19.808,0,31.155,0,45.344,0,183.5,1:03:40.437,11:18:40.437,0:19.808,0:31.155,0:45.344,288.0,Jean-Baptiste SIMMENAUER,,LMP2,,Inter Europol Competition,Oreca,GF,19.808,31.155,45.344,
34,2,33,1:35.242,0,,19.642,0,31.130,0,44.470,0,185.6,1:05:15.679,11:20:15.679,0:19.642,0:31.130,0:44.470,293.5,Jean-Baptiste SIMMENAUER,,LMP2,,Inter Europol Competition,Oreca,GF,19.642,31.130,44.470,
34,2,34,1:39.872,0,,19.601,1,33.575,0,46.696,0,177.0,1:06:55.551,11:21:55.551,0:19.601,0:33.575,0:46.696,294.3,Jean-Baptiste SIMMENAUER,,LMP2,,Inter Europol Competition,Oreca,GF,19.601,33.575,46.696,
34,2,35,1:35.728,0,,19.797,0,30.964,1,44.967,0,184.6,1:08:31.279,11:23:31.279,0:19.797,0:30.964,0:44.967,289.5,Jean-Baptiste SIMMENAUER,,LMP2,,Inter Europol Competition,Oreca,GF,19.797,30.964,44.967,
34,2,36,1:35.948,0,,19.673,0,31.683,0,44.592,0,184.2,1:10:07.227,11:25:07.227,0:19.673,0:31.683,0:44.592,293.5,Jean-Baptiste SIMMENAUER,,LMP2,,Inter Europol Competition,Oreca,GF,19.673,31.683,44.592,
34,2,37,1:35.727,0,,19.678,0,31.734,0,44.315,1,184.6,1:11:42.954,11:26:42.954,0:19.678,0:31.734,0:44.315,288.8,Jean-Baptiste SIMMENAUER,,LMP2,,Inter Europol Competition,Oreca,GF,19.678,31.734,44.315,
34,2,38,3:06.787,0,B,19.884,0,31.764,0,2:15.139,0,94.6,1:14:49.741,11:29:49.741,0:19.884,0:31.764,2:15.139,288.0,Jean-Baptiste SIMMENAUER,,LMP2,,Inter Europol Competition,Oreca,GF,19.884,31.764,135.139,
34,1,39,1:56.320,0,,38.213,0,32.836,0,45.271,0,151.9,1:16:46.061,11:31:46.061,0:38.213,0:32.836,0:45.271,188.5,Pedro PERINO,0:01:44.939,LMP2,,Inter Europol Competition,Oreca,GF,38.213,32.836,45.271,
34,1,40,1:37.279,0,,20.508,0,31.491,0,45.280,0,181.7,1:18:23.340,11:33:23.340,0:20.508,0:31.491,0:45.280,287.2,Pedro PERINO,,LMP2,,Inter Europol Competition,Oreca,GF,20.508,31.491,45.280,
34,1,41,1:37.517,0,,20.194,0,31.537,0,45.786,0,181.2,1:20:00.857,11:35:00.857,0:20.194,0:31.537,0:45.786,294.3,Pedro PERINO,,LMP2,,Inter Europol Competition,Oreca,GF,20.194,31.537,45.786,
34,1,42,1:37.939,0,,20.402,0,32.121,0,45.416,0,180.4,1:21:38.796,11:36:38.796,0:20.402,0:32.121,0:45.416,294.3,Pedro PERINO,,LMP2,,Inter Europol Competition,Oreca,GF,20.402,32.121,45.416,
34,1,43,1:35.001,0,,19.597,0,31.076,0,44.328,0,186.0,1:23:13.797,11:38:13.797,0:19.597,0:31.076,0:44.328,293.5,Pedro PERINO,,LMP2,,Inter Europol Competition,Oreca,GF,19.597,31.076,44.328,
34,1,44,1:36.360,0,,20.793,0,31.351,0,44.216,0,183.4,1:24:50.157,11:39:50.157,0:20.793,0:31.351,0:44.216,295.9,Pedro PERINO,,LMP2,,Inter Europol Competition,Oreca,GF,20.793,31.351,44.216,
34,1,45,1:35.679,0,,19.696,0,30.858,1,45.125,0,184.7,1:26:25.836,11:41:25.836,0:19.696,0:30.858,0:45.125,295.9,Pedro PERINO,,LMP2,,Inter Europol Competition,Oreca,GF,19.696,30.858,45.125,
34,1,46,1:37.511,0,,21.029,0,32.226,0,44.256,0,181.2,1:28:03.347,11:43:03.347,0:21.029,0:32.226,0:44.256,296.7,Pedro PERINO,,LMP2,,Inter Europol Competition,Oreca,GF,21.029,32.226,44.256,
34,1,47,1:36.083,0,,19.604,0,31.901,0,44.578,0,183.9,1:29:39.430,11:44:39.430,0:19.604,0:31.901,0:44.578,296.7,Pedro PERINO,,LMP2,,Inter Europol Competition,Oreca,GF,19.604,31.901,44.578,
34,1,48,1:35.098,0,,19.592,1,31.331,0,44.175,1,185.8,1:31:14.528,11:46:14.528,0:19.592,0:31.331,0:44.175,295.1,Pedro PERINO,,LMP2,,Inter Europol Competition,Oreca,FF,19.592,31.331,44.175,
35,2,1,2:14.194,0,,46.437,0,37.466,0,50.291,0,125.8,2:14.194,10:17:14.194,0:46.437,0:37.466,0:50.291,141.7,Jean-Baptiste LAHAYE,0:00:18.049,LMP3,,Ultimate,Ligier,GF,46.437,37.466,50.291,
35,2,2,1:48.976,0,,23.042,0,35.095,0,50.839,0,162.2,4:03.170,10:19:03.170,0:23.042,0:35.095,0:50.839,266.0,Jean-Baptiste LAHAYE,,LMP3,,Ultimate,Ligier,GF,23.042,35.095,50.839,
35,2,3,1:42.860,0,,21.316,0,33.253,0,48.291,0,171.8,5:46.030,10:20:46.030,0:21.316,0:33.253,0:48.291,268.0,Jean-Baptiste LAHAYE,,LMP3,,Ultimate,Ligier,GF,21.316,33.253,48.291,
35,2,4,1:45.035,0,,21.261,0,34.791,0,48.983,0,168.3,7:31.065,10:22:31.065,0:21.261,0:34.791,0:48.983,270.7,Jean-Baptiste LAHAYE,,LMP3,,Ultimate,Ligier,GF,21.261,34.791,48.983,
35,2,5,1:41.146,0,,21.162,0,32.892,0,47.092,0,174.7,9:12.211,10:24:12.211,0:21.162,0:32.892,0:47.092,269.3,Jean-Baptiste LAHAYE,,LMP3,,Ultimate,Ligier,GF,21.162,32.892,47.092,
35,2,6,1:41.130,2,,21.278,0,33.018,0,46.834,2,174.7,10:53.341,10:25:53.341,0:21.278,0:33.018,0:46.834,270.7,Jean-Baptiste LAHAYE,,LMP3,,Ultimate,Ligier,GF,21.278,33.018,46.834,
35,2,7,5:56.277,0,B,20.931,2,32.867,2,5:02.479,0,49.6,16:49.618,10:31:49.618,0:20.931,0:32.867,5:02.479,269.3,Jean-Baptiste LAHAYE,,LMP3,,Ultimate,Ligier,GF,20.931,32.867,302.479,
35,2,8,1:59.266,0,,37.289,0,34.206,0,47.771,0,148.2,18:48.884,10:33:48.884,0:37.289,0:34.206,0:47.771,184.0,Jean-Baptiste LAHAYE,0:04:20.158,LMP3,,Ultimate,Ligier,GF,37.289,34.206,47.771,
35,2,9,1:42.098,0,,21.125,0,33.464,0,47.509,0,173.1,20:30.982,10:35:30.982,0:21.125,0:33.464,0:47.509,271.4,Jean-Baptiste LAHAYE,,LMP3,,Ultimate,Ligier,GF,21.125,33.464,47.509,
35,2,10,1:42.077,0,,21.348,0,33.320,0,47.409,0,173.1,22:13.059,10:37:13.059,0:21.348,0:33.320,0:47.409,268.0,Jean-Baptiste LAHAYE,,LMP3,,Ultimate,Ligier,GF,21.348,33.320,47.409,
35,2,11,1:41.298,0,,21.128,0,33.087,0,47.083,0,174.5,23:54.357,10:38:54.357,0:21.128,0:33.087,0:47.083,269.3,Jean-Baptiste LAHAYE,,LMP3,,Ultimate,Ligier,GF,21.128,33.087,47.083,
35,2,12,1:42.163,0,,21.117,0,33.152,0,47.894,0,173.0,25:36.520,10:40:36.520,0:21.117,0:33.152,0:47.894,269.3,Jean-Baptiste LAHAYE,,LMP3,,Ultimate,Ligier,GF,21.117,33.152,47.894,
35,2,13,3:21.970,0,B,21.501,0,33.480,0,2:26.989,0,87.5,28:58.490,10:43:58.490,0:21.501,0:33.480,2:26.989,272.0,Jean-Baptiste LAHAYE,,LMP3,,Ultimate,Ligier,GF,21.501,33.480,146.989,
35,1,14,2:04.043,0,,37.255,0,37.141,0,49.647,0,142.5,31:02.533,10:46:02.533,0:37.255,0:37.141,0:49.647,182.4,Louis STERN,0:01:55.913,LMP3,,Ultimate,Ligier,GF,37.255,37.141,49.647,
35,1,15,1:47.486,0,,22.367,0,35.858,0,49.261,0,164.4,32:50.019,10:47:50.019,0:22.367,0:35.858,0:49.261,267.3,Louis STERN,,LMP3,,Ultimate,Ligier,GF,22.367,35.858,49.261,
35,1,16,1:47.208,0,,22.240,0,35.200,0,49.768,0,164.8,34:37.227,10:49:37.227,0:22.240,0:35.200,0:49.768,267.3,Louis STERN,,LMP3,,Ultimate,Ligier,GF,22.240,35.200,49.768,
35,1,17,1:46.532,0,,22.033,0,35.404,0,49.095,0,165.9,36:23.759,10:51:23.759,0:22.033,0:35.404,0:49.095,268.7,Louis STERN,,LMP3,,Ultimate,Ligier,GF,22.033,35.404,49.095,
35,1,18,1:45.965,0,,22.129,0,34.737,0,49.099,0,166.8,38:09.724,10:53:09.724,0:22.129,0:34.737,0:49.099,259.0,Louis STERN,,LMP3,,Ultimate,Ligier,GF,22.129,34.737,49.099,
35,1,19,1:46.964,0,,22.425,0,35.088,0,49.451,0,165.2,39:56.688,10:54:56.688,0:22.425,0:35.088,0:49.451,270.7,Louis STERN,,LMP3,,Ultimate,Ligier,GF,22.425,35.088,49.451,
35,1,20,1:46.188,0,,22.318,0,34.830,0,49.040,0,166.4,41:42.876,10:56:42.876,0:22.318,0:34.830,0:49.040,269.3,Louis STERN,,LMP3,,Ultimate,Ligier,GF,22.318,34.830,49.040,
35,1,21,1:47.020,0,,22.176,0,35.012,0,49.832,0,165.1,43:29.896,10:58:29.896,0:22.176,0:35.012,0:49.832,267.3,Louis STERN,,LMP3,,Ultimate,Ligier,GF,22.176,35.012,49.832,
35,1,22,1:45.359,0,,21.799,1,34.741,0,48.819,0,167.7,45:15.255,11:00:15.255,0:21.799,0:34.741,0:48.819,268.0,Louis STERN,,LMP3,,Ultimate,Ligier,GF,21.799,34.741,48.819,
35,1,23,1:45.504,0,,22.051,0,34.672,0,48.781,0,167.5,47:00.759,11:02:00.759,0:22.051,0:34.672,0:48.781,268.0,Louis STERN,,LMP3,,Ultimate,Ligier,GF,22.051,34.672,48.781,
35,1,24,1:45.051,0,,22.046,0,34.491,0,48.514,1,168.2,48:45.810,11:03:45.810,0:22.046,0:34.491,0:48.514,268.0,Louis STERN,,LMP3,,Ultimate,Ligier,GF,22.046,34.491,48.514,
35,1,25,1:44.896,0,,21.995,0,34.213,1,48.688,0,168.5,50:30.706,11:05:30.706,0:21.995,0:34.213,0:48.688,270.0,Louis STERN,,LMP3,,Ultimate,Ligier,GF,21.995,34.213,48.688,
35,1,26,1:49.333,0,,22.744,0,36.420,0,50.169,0,161.6,52:20.039,11:07:20.039,0:22.744,0:36.420,0:50.169,270.0,Louis STERN,,LMP3,,Ultimate,Ligier,GF,22.744,36.420,50.169,
35,1,27,4:49.326,0,B,35.658,0,1:07.290,0,3:06.378,0,61.1,57:09.365,11:12:09.365,0:35.658,1:07.290,3:06.378,242.2,Louis STERN,,LMP3,,Ultimate,Ligier,FCY,35.658,67.290,186.378,
35,3,28,2:06.348,0,,41.415,0,35.600,0,49.333,0,139.9,59:15.713,11:14:15.713,0:41.415,0:35.600,0:49.333,114.5,Matthieu LAHAYE,0:01:55.629,LMP3,,Ultimate,Ligier,GF,41.415,35.600,49.333,
35,3,29,1:44.567,0,,22.037,0,34.482,0,48.048,0,169.0,1:01:00.280,11:16:00.280,0:22.037,0:34.482,0:48.048,264.7,Matthieu LAHAYE,,LMP3,,Ultimate,Ligier,GF,22.037,34.482,48.048,
35,3,30,1:43.338,0,,21.615,0,33.734,0,47.989,0,171.0,1:02:43.618,11:17:43.618,0:21.615,0:33.734,0:47.989,268.0,Matthieu LAHAYE,,LMP3,,Ultimate,Ligier,GF,21.615,33.734,47.989,
35,3,31,1:43.960,0,,21.507,0,33.893,0,48.560,0,170.0,1:04:27.578,11:19:27.578,0:21.507,0:33.893,0:48.560,267.3,Matthieu LAHAYE,,LMP3,,Ultimate,Ligier,GF,21.507,33.893,48.560,
35,3,32,1:43.535,0,,21.788,0,33.794,0,47.953,0,170.7,1:06:11.113,11:21:11.113,0:21.788,0:33.794,0:47.953,266.7,Matthieu LAHAYE,,LMP3,,Ultimate,Ligier,GF,21.788,33.794,47.953,
35,3,33,1:44.098,0,,21.601,0,33.725,0,48.772,0,169.8,1:07:55.211,11:22:55.211,0:21.601,0:33.725,0:48.772,270.7,Matthieu LAHAYE,,LMP3,,Ultimate,Ligier,GF,21.601,33.725,48.772,
35,3,34,1:42.238,0,,21.405,0,33.338,1,47.495,1,172.9,1:09:37.449,11:24:37.449,0:21.405,0:33.338,0:47.495,270.7,Matthieu LAHAYE,,LMP3,,Ultimate,Ligier,GF,21.405,33.338,47.495,
35,3,35,1:44.074,0,,21.759,0,33.959,0,48.356,0,169.8,1:11:21.523,11:26:21.523,0:21.759,0:33.959,0:48.356,271.4,Matthieu LAHAYE,,LMP3,,Ultimate,Ligier,GF,21.759,33.959,48.356,
35,3,36,1:42.840,0,,21.389,1,33.953,0,47.498,0,171.8,1:13:04.363,11:28:04.363,0:21.389,0:33.953,0:47.498,270.7,Matthieu LAHAYE,,LMP3,,Ultimate,Ligier,GF,21.389,33.953,47.498,
37,3,1,2:04.548,0,,41.368,0,34.942,0,48.238,0,135.6,2:04.548,10:17:04.548,0:41.368,0:34.942,0:48.238,159.1,Tom BLOMQVIST,0:00:13.318,LMP2,,CLX - Pure Rxcing,Oreca,GF,41.368,34.942,48.238,
37,3,2,1:45.349,0,,20.736,0,32.764,0,51.849,0,167.8,3:49.897,10:18:49.897,0:20.736,0:32.764,0:51.849,288.8,Tom BLOMQVIST,,LMP2,,CLX - Pure Rxcing,Oreca,GF,20.736,32.764,51.849,
37,3,3,1:35.090,0,,19.998,0,30.851,0,44.241,0,185.8,5:24.987,10:20:24.987,0:19.998,0:30.851,0:44.241,293.5,Tom BLOMQVIST,,LMP2,,CLX - Pure Rxcing,Oreca,GF,19.998,30.851,44.241,
37,3,4,1:33.785,0,,19.587,0,30.328,0,43.870,0,188.4,6:58.772,10:21:58.772,0:19.587,0:30.328,0:43.870,295.1,Tom BLOMQVIST,,LMP2,,CLX - Pure Rxcing,Oreca,GF,19.587,30.328,43.870,
37,3,5,1:36.283,0,,19.319,0,30.098,0,46.866,0,183.5,8:35.055,10:23:35.055,0:19.319,0:30.098,0:46.866,295.9,Tom BLOMQVIST,,LMP2,,CLX - Pure Rxcing,Oreca,GF,19.319,30.098,46.866,
37,3,6,1:33.381,0,,19.324,0,30.072,2,43.985,0,189.3,10:08.436,10:25:08.436,0:19.324,0:30.072,0:43.985,296.7,Tom BLOMQVIST,,LMP2,,CLX - Pure Rxcing,Oreca,GF,19.324,30.072,43.985,
37,3,7,1:33.231,2,,19.346,0,30.482,0,43.403,2,189.6,11:41.667,10:26:41.667,0:19.346,0:30.482,0:43.403,296.7,Tom BLOMQVIST,,LMP2,,CLX - Pure Rxcing,Oreca,GF,19.346,30.482,43.403,
37,3,8,1:33.604,0,,19.275,0,30.708,0,43.621,0,188.8,13:15.271,10:28:15.271,0:19.275,0:30.708,0:43.621,296.7,Tom BLOMQVIST,,LMP2,,CLX - Pure Rxcing,Oreca,GF,19.275,30.708,43.621,
37,3,9,1:34.220,0,,19.393,0,31.060,0,43.767,0,187.6,14:49.491,10:29:49.491,0:19.393,0:31.060,0:43.767,296.7,Tom BLOMQVIST,,LMP2,,CLX - Pure Rxcing,Oreca,GF,19.393,31.060,43.767,
37,3,10,1:35.976,0,,19.311,0,30.663,0,46.002,0,184.1,16:25.467,10:31:25.467,0:19.311,0:30.663,0:46.002,295.1,Tom BLOMQVIST,,LMP2,,CLX - Pure Rxcing,Oreca,GF,19.311,30.663,46.002,
37,3,11,1:33.552,0,,19.245,2,30.097,0,44.210,0,188.9,17:59.019,10:32:59.019,0:19.245,0:30.097,0:44.210,295.1,Tom BLOMQVIST,,LMP2,,CLX - Pure Rxcing,Oreca,GF,19.245,30.097,44.210,
37,3,12,5:00.261,0,B,20.869,0,35.086,0,4:04.306,0,58.9,22:59.280,10:37:59.280,0:20.869,0:35.086,4:04.306,271.4,Tom BLOMQVIST,,LMP2,,CLX - Pure Rxcing,Oreca,GF,20.869,35.086,244.306,
37,1,13,1:57.708,0,,37.780,0,34.022,0,45.906,0,150.1,24:56.988,10:39:56.988,0:37.780,0:34.022,0:45.906,168.0,Aliaksandr MALYKHIN,0:03:32.537,LMP2,,CLX - Pure Rxcing,Oreca,GF,37.780,34.022,45.906,
37,1,14,1:40.428,0,,20.643,0,32.903,0,46.882,0,176.0,26:37.416,10:41:37.416,0:20.643,0:32.903,0:46.882,291.1,Aliaksandr MALYKHIN,,LMP2,,CLX - Pure Rxcing,Oreca,GF,20.643,32.903,46.882,
37,1,15,1:36.480,0,,20.097,0,31.445,0,44.938,0,183.2,28:13.896,10:43:13.896,0:20.097,0:31.445,0:44.938,292.7,Aliaksandr MALYKHIN,,LMP2,,CLX - Pure Rxcing,Oreca,GF,20.097,31.445,44.938,
37,1,16,1:35.538,0,,19.860,0,31.244,0,44.434,0,185.0,29:49.434,10:44:49.434,0:19.860,0:31.244,0:44.434,294.3,Aliaksandr MALYKHIN,,LMP2,,CLX - Pure Rxcing,Oreca,GF,19.860,31.244,44.434,
37,1,17,1:37.977,0,,19.945,0,31.425,0,46.607,0,180.4,31:27.411,10:46:27.411,0:19.945,0:31.425,0:46.607,295.1,Aliaksandr MALYKHIN,,LMP2,,CLX - Pure Rxcing,Oreca,GF,19.945,31.425,46.607,
37,1,18,1:40.462,0,,21.414,0,33.300,0,45.748,0,175.9,33:07.873,10:48:07.873,0:21.414,0:33.300,0:45.748,294.3,Aliaksandr MALYKHIN,,LMP2,,CLX - Pure Rxcing,Oreca,GF,21.414,33.300,45.748,
37,1,19,1:36.661,0,,19.798,0,32.099,0,44.764,0,182.8,34:44.534,10:49:44.534,0:19.798,0:32.099,0:44.764,295.9,Aliaksandr MALYKHIN,,LMP2,,CLX - Pure Rxcing,Oreca,GF,19.798,32.099,44.764,
37,1,20,1:36.564,0,,19.703,0,31.876,0,44.985,0,183.0,36:21.098,10:51:21.098,0:19.703,0:31.876,0:44.985,295.9,Aliaksandr MALYKHIN,,LMP2,,CLX - Pure Rxcing,Oreca,GF,19.703,31.876,44.985,
37,1,21,1:36.383,0,,20.307,0,31.414,0,44.662,0,183.4,37:57.481,10:52:57.481,0:20.307,0:31.414,0:44.662,296.7,Aliaksandr MALYKHIN,,LMP2,,CLX - Pure Rxcing,Oreca,GF,20.307,31.414,44.662,
37,1,22,1:34.764,0,,20.027,0,30.890,0,43.847,1,186.5,39:32.245,10:54:32.245,0:20.027,0:30.890,0:43.847,294.3,Aliaksandr MALYKHIN,,LMP2,,CLX - Pure Rxcing,Oreca,GF,20.027,30.890,43.847,
37,1,23,1:36.422,0,,19.776,0,32.295,0,44.351,0,183.3,41:08.667,10:56:08.667,0:19.776,0:32.295,0:44.351,295.9,Aliaksandr MALYKHIN,,LMP2,,CLX - Pure Rxcing,Oreca,GF,19.776,32.295,44.351,
37,1,24,1:36.886,0,,19.655,1,31.836,0,45.395,0,182.4,42:45.553,10:57:45.553,0:19.655,0:31.836,0:45.395,292.7,Aliaksandr MALYKHIN,,LMP2,,CLX - Pure Rxcing,Oreca,GF,19.655,31.836,45.395,
37,1,25,1:35.899,0,,20.056,0,31.195,0,44.648,0,184.3,44:21.452,10:59:21.452,0:20.056,0:31.195,0:44.648,291.1,Aliaksandr MALYKHIN,,LMP2,,CLX - Pure Rxcing,Oreca,GF,20.056,31.195,44.648,
37,1,26,6:41.595,0,B,19.685,0,31.204,0,5:50.706,0,44.0,51:03.047,11:06:03.047,0:19.685,0:31.204,5:50.706,292.7,Aliaksandr MALYKHIN,,LMP2,,CLX - Pure Rxcing,Oreca,GF,19.685,31.204,350.706,
37,2,27,2:33.480,0,,35.524,0,35.075,0,1:22.881,0,115.1,53:36.527,11:08:36.527,0:35.524,0:35.075,1:22.881,196.0,Tristan VAUTIER,0:05:21.580,LMP2,,CLX - Pure Rxcing,Oreca,FCY,35.524,35.075,82.881,
37,2,28,3:41.108,0,,54.529,0,1:08.474,0,1:38.105,0,79.9,57:17.635,11:12:17.635,0:54.529,1:08.474,1:38.105,81.4,Tristan VAUTIER,,LMP2,,CLX - Pure Rxcing,Oreca,FCY,54.529,68.474,98.105,
37,2,29,1:50.788,0,,33.425,0,32.631,0,44.732,0,159.5,59:08.423,11:14:08.423,0:33.425,0:32.631,0:44.732,176.8,Tristan VAUTIER,,LMP2,,CLX - Pure Rxcing,Oreca,GF,33.425,32.631,44.732,
37,2,30,1:35.685,0,,20.052,0,31.068,0,44.565,0,184.7,1:00:44.108,11:15:44.108,0:20.052,0:31.068,0:44.565,290.3,Tristan VAUTIER,,LMP2,,CLX - Pure Rxcing,Oreca,GF,20.052,31.068,44.565,
37,2,31,1:35.837,0,,19.735,0,31.222,0,44.880,0,184.4,1:02:19.945,11:17:19.945,0:19.735,0:31.222,0:44.880,292.7,Tristan VAUTIER,,LMP2,,CLX - Pure Rxcing,Oreca,GF,19.735,31.222,44.880,
37,2,32,1:35.715,0,,19.610,0,31.435,0,44.670,0,184.6,1:03:55.660,11:18:55.660,0:19.610,0:31.435,0:44.670,293.5,Tristan VAUTIER,,LMP2,,CLX - Pure Rxcing,Oreca,GF,19.610,31.435,44.670,
37,2,33,1:34.503,0,,19.478,1,31.033,0,43.992,1,187.0,1:05:30.163,11:20:30.163,0:19.478,0:31.033,0:43.992,295.9,Tristan VAUTIER,,LMP2,,CLX - Pure Rxcing,Oreca,GF,19.478,31.033,43.992,
37,2,34,1:34.166,0,,19.562,0,30.547,1,44.057,0,187.7,1:07:04.329,11:22:04.329,0:19.562,0:30.547,0:44.057,295.9,Tristan VAUTIER,,LMP2,,CLX - Pure Rxcing,Oreca,GF,19.562,30.547,44.057,
37,2,35,1:35.778,0,,19.541,0,31.745,0,44.492,0,184.5,1:08:40.107,11:23:40.107,0:19.541,0:31.745,0:44.492,295.9,Tristan VAUTIER,,LMP2,,CLX - Pure Rxcing,Oreca,GF,19.541,31.745,44.492,
37,2,36,1:35.610,0,,19.541,0,30.558,0,45.511,0,184.8,1:10:15.717,11:25:15.717,0:19.541,0:30.558,0:45.511,295.1,Tristan VAUTIER,,LMP2,,CLX - Pure Rxcing,Oreca,GF,19.541,30.558,45.511,
37,2,37,1:35.786,0,,19.501,0,31.500,0,44.785,0,184.5,1:11:51.503,11:26:51.503,0:19.501,0:31.500,0:44.785,295.1,Tristan VAUTIER,,LMP2,,CLX - Pure Rxcing,Oreca,GF,19.501,31.500,44.785,
37,2,38,1:34.824,0,,19.679,0,30.961,0,44.184,0,186.4,1:13:26.327,11:28:26.327,0:19.679,0:30.961,0:44.184,294.3,Tristan VAUTIER,,LMP2,,CLX - Pure Rxcing,Oreca,GF,19.679,30.961,44.184,
37,2,39,4:18.802,0,B,19.550,0,30.559,0,3:28.693,0,68.3,1:17:45.129,11:32:45.129,0:19.550,0:30.559,3:28.693,293.5,Tristan VAUTIER,,LMP2,,CLX - Pure Rxcing,Oreca,GF,19.550,30.559,208.693,
37,1,40,1:55.131,0,,35.604,0,32.316,0,47.211,0,153.5,1:19:40.260,11:34:40.260,0:35.604,0:32.316,0:47.211,200.4,Aliaksandr MALYKHIN,0:03:00.610,LMP2,,CLX - Pure Rxcing,Oreca,GF,35.604,32.316,47.211,
37,1,41,1:36.686,0,,20.202,0,31.529,0,44.955,0,182.8,1:21:16.946,11:36:16.946,0:20.202,0:31.529,0:44.955,291.9,Aliaksandr MALYKHIN,,LMP2,,CLX - Pure Rxcing,Oreca,GF,20.202,31.529,44.955,
37,1,42,1:40.784,0,,20.020,0,33.362,0,47.402,0,175.3,1:22:57.730,11:37:57.730,0:20.020,0:33.362,0:47.402,293.5,Aliaksandr MALYKHIN,,LMP2,,CLX - Pure Rxcing,Oreca,GF,20.020,33.362,47.402,
37,1,43,1:36.266,0,,19.949,0,31.555,0,44.762,0,183.6,1:24:33.996,11:39:33.996,0:19.949,0:31.555,0:44.762,295.9,Aliaksandr MALYKHIN,,LMP2,,CLX - Pure Rxcing,Oreca,GF,19.949,31.555,44.762,
37,1,44,1:36.569,0,,19.739,0,31.378,0,45.452,0,183.0,1:26:10.565,11:41:10.565,0:19.739,0:31.378,0:45.452,296.7,Aliaksandr MALYKHIN,,LMP2,,CLX - Pure Rxcing,Oreca,GF,19.739,31.378,45.452,
37,1,45,1:35.992,0,,19.817,0,31.373,0,44.802,0,184.1,1:27:46.557,11:42:46.557,0:19.817,0:31.373,0:44.802,295.9,Aliaksandr MALYKHIN,,LMP2,,CLX - Pure Rxcing,Oreca,GF,19.817,31.373,44.802,
37,1,46,1:36.213,0,,19.729,0,31.351,0,45.133,0,183.7,1:29:22.770,11:44:22.770,0:19.729,0:31.351,0:45.133,295.9,Aliaksandr MALYKHIN,,LMP2,,CLX - Pure Rxcing,Oreca,GF,19.729,31.351,45.133,
37,1,47,1:34.506,0,,19.691,0,30.645,1,44.170,0,187.0,1:30:57.276,11:45:57.276,0:19.691,0:30.645,0:44.170,291.1,Aliaksandr MALYKHIN,,LMP2,,CLX - Pure Rxcing,Oreca,FF,19.691,30.645,44.170,
4,3,1,2:46.046,0,,1:16.292,0,38.481,0,51.273,0,101.7,2:46.046,10:17:46.046,1:16.292,0:38.481,0:51.273,170.3,Mikkel Gaarde PEDERSEN,0:00:48.786,LMP3,,DKR Engineering,Ginetta,GF,76.292,38.481,51.273,
4,3,2,1:46.329,0,,22.821,0,34.467,0,49.041,0,166.2,4:32.375,10:19:32.375,0:22.821,0:34.467,0:49.041,257.8,Mikkel Gaarde PEDERSEN,,LMP3,,DKR Engineering,Ginetta,GF,22.821,34.467,49.041,
4,3,3,1:42.202,0,,21.496,0,33.407,0,47.299,0,172.9,6:14.577,10:21:14.577,0:21.496,0:33.407,0:47.299,264.7,Mikkel Gaarde PEDERSEN,,LMP3,,DKR Engineering,Ginetta,GF,21.496,33.407,47.299,
4,3,4,1:41.035,2,,21.210,0,32.987,0,46.838,2,174.9,7:55.612,10:22:55.612,0:21.210,0:32.987,0:46.838,267.3,Mikkel Gaarde PEDERSEN,,LMP3,,DKR Engineering,Ginetta,GF,21.210,32.987,46.838,
4,3,5,1:44.437,0,,21.084,2,33.183,0,50.170,0,169.2,9:40.049,10:24:40.049,0:21.084,0:33.183,0:50.170,268.7,Mikkel Gaarde PEDERSEN,,LMP3,,DKR Engineering,Ginetta,GF,21.084,33.183,50.170,
4,3,6,1:41.229,0,,21.210,0,32.857,2,47.162,0,174.6,11:21.278,10:26:21.278,0:21.210,0:32.857,0:47.162,268.7,Mikkel Gaarde PEDERSEN,,LMP3,,DKR Engineering,Ginetta,GF,21.210,32.857,47.162,
4,3,7,1:41.168,0,,21.151,0,32.927,0,47.090,0,174.7,13:02.446,10:28:02.446,0:21.151,0:32.927,0:47.090,268.7,Mikkel Gaarde PEDERSEN,,LMP3,,DKR Engineering,Ginetta,GF,21.151,32.927,47.090,
4,3,8,14:02.080,0,B,23.507,0,34.566,0,13:04.007,0,21.0,27:04.526,10:42:04.526,0:23.507,0:34.566,13:04.007,270.0,Mikkel Gaarde PEDERSEN,,LMP3,,DKR Engineering,Ginetta,GF,23.507,34.566,784.007,
4,3,9,1:59.519,0,,36.755,0,34.592,0,48.172,0,147.9,29:04.045,10:44:04.045,0:36.755,0:34.592,0:48.172,180.3,Mikkel Gaarde PEDERSEN,0:12:28.654,LMP3,,DKR Engineering,Ginetta,GF,36.755,34.592,48.172,
4,3,10,1:44.532,0,,21.780,0,34.982,0,47.770,0,169.1,30:48.577,10:45:48.577,0:21.780,0:34.982,0:47.770,262.1,Mikkel Gaarde PEDERSEN,,LMP3,,DKR Engineering,Ginetta,GF,21.780,34.982,47.770,
4,3,11,1:43.169,0,,21.598,0,33.851,0,47.720,0,171.3,32:31.746,10:47:31.746,0:21.598,0:33.851,0:47.720,262.8,Mikkel Gaarde PEDERSEN,,LMP3,,DKR Engineering,Ginetta,GF,21.598,33.851,47.720,
4,3,12,1:43.339,0,,21.349,0,34.109,0,47.881,0,171.0,34:15.085,10:49:15.085,0:21.349,0:34.109,0:47.881,267.3,Mikkel Gaarde PEDERSEN,,LMP3,,DKR Engineering,Ginetta,GF,21.349,34.109,47.881,
4,3,13,1:47.917,0,,21.816,0,37.249,0,48.852,0,163.8,36:03.002,10:51:03.002,0:21.816,0:37.249,0:48.852,267.3,Mikkel Gaarde PEDERSEN,,LMP3,,DKR Engineering,Ginetta,GF,21.816,37.249,48.852,
4,3,14,9:28.271,0,B,21.424,0,33.492,0,8:33.355,0,31.1,45:31.273,11:00:31.273,0:21.424,0:33.492,8:33.355,268.7,Mikkel Gaarde PEDERSEN,,LMP3,,DKR Engineering,Ginetta,GF,21.424,33.492,513.355,
4,2,15,2:01.907,0,,36.687,0,35.508,0,49.712,0,145.0,47:33.180,11:02:33.180,0:36.687,0:35.508,0:49.712,182.1,Wyatt BRICHACEK,0:08:02.622,LMP3,,DKR Engineering,Ginetta,GF,36.687,35.508,49.712,
4,2,16,1:43.587,0,,21.924,0,33.729,0,47.934,0,170.6,49:16.767,11:04:16.767,0:21.924,0:33.729,0:47.934,261.5,Wyatt BRICHACEK,,LMP3,,DKR Engineering,Ginetta,GF,21.924,33.729,47.934,
4,2,17,1:43.272,0,,21.623,0,33.684,0,47.965,0,171.1,51:00.039,11:06:00.039,0:21.623,0:33.684,0:47.965,264.1,Wyatt BRICHACEK,,LMP3,,DKR Engineering,Ginetta,GF,21.623,33.684,47.965,
4,2,18,5:57.326,0,B,21.542,0,34.555,0,5:01.229,0,49.5,56:57.365,11:11:57.365,0:21.542,0:34.555,5:01.229,265.4,Wyatt BRICHACEK,,LMP3,,DKR Engineering,Ginetta,FCY,21.542,34.555,301.229,
4,2,19,2:08.303,0,,45.741,0,34.470,0,48.092,0,137.7,59:05.668,11:14:05.668,0:45.741,0:34.470,0:48.092,81.3,Wyatt BRICHACEK,0:04:20.194,LMP3,,DKR Engineering,Ginetta,GF,45.741,34.470,48.092,
4,2,20,1:42.940,0,,21.634,0,33.624,0,47.682,1,171.7,1:00:48.608,11:15:48.608,0:21.634,0:33.624,0:47.682,261.5,Wyatt BRICHACEK,,LMP3,,DKR Engineering,Ginetta,GF,21.634,33.624,47.682,
4,2,21,1:44.351,0,,21.335,1,34.772,0,48.244,0,169.4,1:02:32.959,11:17:32.959,0:21.335,0:34.772,0:48.244,265.4,Wyatt BRICHACEK,,LMP3,,DKR Engineering,Ginetta,GF,21.335,34.772,48.244,
4,2,22,1:44.440,0,,21.362,0,33.819,0,49.259,0,169.2,1:04:17.399,11:19:17.399,0:21.362,0:33.819,0:49.259,266.7,Wyatt BRICHACEK,,LMP3,,DKR Engineering,Ginetta,GF,21.362,33.819,49.259,
4,2,23,1:47.063,0,,22.354,0,33.994,0,50.715,0,165.1,1:06:04.462,11:21:04.462,0:22.354,0:33.994,0:50.715,268.7,Wyatt BRICHACEK,,LMP3,,DKR Engineering,Ginetta,GF,22.354,33.994,50.715,
4,2,24,1:44.716,0,,21.349,0,33.532,1,49.835,0,168.8,1:07:49.178,11:22:49.178,0:21.349,0:33.532,0:49.835,269.3,Wyatt BRICHACEK,,LMP3,,DKR Engineering,Ginetta,GF,21.349,33.532,49.835,
4,2,25,3:29.012,0,B,21.800,0,33.844,0,2:33.368,0,84.6,1:11:18.190,11:26:18.190,0:21.800,0:33.844,2:33.368,270.7,Wyatt BRICHACEK,,LMP3,,DKR Engineering,Ginetta,GF,21.800,33.844,153.368,
4,1,26,2:08.693,0,,40.763,0,38.887,0,49.043,0,137.3,1:13:26.883,11:28:26.883,0:40.763,0:38.887,0:49.043,153.6,Antti RAMMO,0:02:01.584,LMP3,,DKR Engineering,Ginetta,GF,40.763,38.887,49.043,
4,1,27,1:46.183,0,,22.133,0,35.096,0,48.954,0,166.4,1:15:13.066,11:30:13.066,0:22.133,0:35.096,0:48.954,271.4,Antti RAMMO,,LMP3,,DKR Engineering,Ginetta,GF,22.133,35.096,48.954,
4,1,28,1:44.337,0,,21.683,1,34.513,0,48.141,0,169.4,1:16:57.403,11:31:57.403,0:21.683,0:34.513,0:48.141,266.0,Antti RAMMO,,LMP3,,DKR Engineering,Ginetta,GF,21.683,34.513,48.141,
4,1,29,1:45.206,0,,22.171,0,34.930,0,48.105,1,168.0,1:18:42.609,11:33:42.609,0:22.171,0:34.930,0:48.105,267.3,Antti RAMMO,,LMP3,,DKR Engineering,Ginetta,GF,22.171,34.930,48.105,
4,1,30,1:44.708,0,,21.818,0,34.656,0,48.234,0,168.8,1:20:27.317,11:35:27.317,0:21.818,0:34.656,0:48.234,265.4,Antti RAMMO,,LMP3,,DKR Engineering,Ginetta,GF,21.818,34.656,48.234,
4,1,31,1:49.869,0,,21.907,0,35.486,0,52.476,0,160.8,1:22:17.186,11:37:17.186,0:21.907,0:35.486,0:52.476,267.3,Antti RAMMO,,LMP3,,DKR Engineering,Ginetta,GF,21.907,35.486,52.476,
4,1,32,1:44.314,0,,21.895,0,34.160,0,48.259,0,169.4,1:24:01.500,11:39:01.500,0:21.895,0:34.160,0:48.259,268.7,Antti RAMMO,,LMP3,,DKR Engineering,Ginetta,GF,21.895,34.160,48.259,
4,1,33,1:44.185,0,,21.694,0,34.270,0,48.221,0,169.6,1:25:45.685,11:40:45.685,0:21.694,0:34.270,0:48.221,266.7,Antti RAMMO,,LMP3,,DKR Engineering,Ginetta,GF,21.694,34.270,48.221,
4,1,34,1:45.988,0,,21.738,0,34.568,0,49.682,0,166.7,1:27:31.673,11:42:31.673,0:21.738,0:34.568,0:49.682,268.7,Antti RAMMO,,LMP3,,DKR Engineering,Ginetta,GF,21.738,34.568,49.682,
4,1,35,1:44.087,0,,21.696,0,34.107,1,48.284,0,169.8,1:29:15.760,11:44:15.760,0:21.696,0:34.107,0:48.284,270.0,Antti RAMMO,,LMP3,,DKR Engineering,Ginetta,GF,21.696,34.107,48.284,
4,1,36,1:44.140,0,,21.777,0,34.180,0,48.183,0,169.7,1:30:59.900,11:45:59.900,0:21.777,0:34.180,0:48.183,268.7,Antti RAMMO,,LMP3,,DKR Engineering,Ginetta,FF,21.777,34.180,48.183,
43,3,1,2:19.197,0,,56.382,0,35.121,0,47.694,0,121.3,2:19.197,10:17:19.197,0:56.382,0:35.121,0:47.694,185.6,Nicholas YELLOLY,0:00:30.748,LMP2,,Inter Europol Competition,Oreca,GF,56.382,35.121,47.694,
43,3,2,1:40.817,0,,21.058,0,32.386,0,47.373,0,175.3,4:00.014,10:19:00.014,0:21.058,0:32.386,0:47.373,288.0,Nicholas YELLOLY,,LMP2,,Inter Europol Competition,Oreca,GF,21.058,32.386,47.373,
43,3,3,1:39.666,0,,20.247,0,31.571,0,47.848,0,177.3,5:39.680,10:20:39.680,0:20.247,0:31.571,0:47.848,292.7,Nicholas YELLOLY,,LMP2,,Inter Europol Competition,Oreca,GF,20.247,31.571,47.848,
43,3,4,1:32.656,0,,19.411,0,30.203,0,43.042,2,190.7,7:12.336,10:22:12.336,0:19.411,0:30.203,0:43.042,294.3,Nicholas YELLOLY,,LMP2,,Inter Europol Competition,Oreca,GF,19.411,30.203,43.042,
43,3,5,1:39.151,0,,19.251,0,29.803,2,50.097,0,178.2,8:51.487,10:23:51.487,0:19.251,0:29.803,0:50.097,295.9,Nicholas YELLOLY,,LMP2,,Inter Europol Competition,Oreca,GF,19.251,29.803,50.097,
43,3,6,1:32.247,2,,19.240,0,29.877,0,43.130,0,191.6,10:23.734,10:25:23.734,0:19.240,0:29.877,0:43.130,295.1,Nicholas YELLOLY,,LMP2,,Inter Europol Competition,Oreca,GF,19.240,29.877,43.130,
43,3,7,1:35.401,0,,19.121,2,30.119,0,46.161,0,185.2,11:59.135,10:26:59.135,0:19.121,0:30.119,0:46.161,295.9,Nicholas YELLOLY,,LMP2,,Inter Europol Competition,Oreca,GF,19.121,30.119,46.161,
43,3,8,4:21.663,0,B,19.424,0,31.439,0,3:30.800,0,67.5,16:20.798,10:31:20.798,0:19.424,0:31.439,3:30.800,296.7,Nicholas YELLOLY,,LMP2,,Inter Europol Competition,Oreca,GF,19.424,31.439,210.800,
43,3,9,1:51.875,0,,34.766,0,31.457,0,45.652,0,158.0,18:12.673,10:33:12.673,0:34.766,0:31.457,0:45.652,200.0,Nicholas YELLOLY,0:03:01.878,LMP2,,Inter Europol Competition,Oreca,GF,34.766,31.457,45.652,
43,3,10,1:34.115,0,,19.698,0,30.487,0,43.930,0,187.8,19:46.788,10:34:46.788,0:19.698,0:30.487,0:43.930,292.7,Nicholas YELLOLY,,LMP2,,Inter Europol Competition,Oreca,GF,19.698,30.487,43.930,
43,3,11,1:35.377,0,,19.669,0,31.431,0,44.277,0,185.3,21:22.165,10:36:22.165,0:19.669,0:31.431,0:44.277,294.3,Nicholas YELLOLY,,LMP2,,Inter Europol Competition,Oreca,GF,19.669,31.431,44.277,
43,3,12,1:34.565,0,,20.285,0,30.526,0,43.754,0,186.9,22:56.730,10:37:56.730,0:20.285,0:30.526,0:43.754,293.5,Nicholas YELLOLY,,LMP2,,Inter Europol Competition,Oreca,GF,20.285,30.526,43.754,
43,3,13,1:37.404,0,,19.370,0,30.677,0,47.357,0,181.4,24:34.134,10:39:34.134,0:19.370,0:30.677,0:47.357,295.1,Nicholas YELLOLY,,LMP2,,Inter Europol Competition,Oreca,GF,19.370,30.677,47.357,
43,3,14,1:35.481,0,,19.501,0,31.691,0,44.289,0,185.1,26:09.615,10:41:09.615,0:19.501,0:31.691,0:44.289,295.1,Nicholas YELLOLY,,LMP2,,Inter Europol Competition,Oreca,GF,19.501,31.691,44.289,
43,3,15,1:33.975,0,,19.609,0,30.707,0,43.659,0,188.1,27:43.590,10:42:43.590,0:19.609,0:30.707,0:43.659,295.1,Nicholas YELLOLY,,LMP2,,Inter Europol Competition,Oreca,GF,19.609,30.707,43.659,
43,3,16,1:34.521,0,,19.363,0,30.569,0,44.589,0,187.0,29:18.111,10:44:18.111,0:19.363,0:30.569,0:44.589,295.9,Nicholas YELLOLY,,LMP2,,Inter Europol Competition,Oreca,GF,19.363,30.569,44.589,
43,3,17,1:36.269,0,,19.343,0,32.157,0,44.769,0,183.6,30:54.380,10:45:54.380,0:19.343,0:32.157,0:44.769,295.9,Nicholas YELLOLY,,LMP2,,Inter Europol Competition,Oreca,GF,19.343,32.157,44.769,
43,3,18,1:34.308,0,,19.331,0,30.845,0,44.132,0,187.4,32:28.688,10:47:28.688,0:19.331,0:30.845,0:44.132,295.1,Nicholas YELLOLY,,LMP2,,Inter Europol Competition,Oreca,GF,19.331,30.845,44.132,
43,3,19,1:33.715,0,,19.391,0,30.417,0,43.907,0,188.6,34:02.403,10:49:02.403,0:19.391,0:30.417,0:43.907,297.5,Nicholas YELLOLY,,LMP2,,Inter Europol Competition,Oreca,GF,19.391,30.417,43.907,
43,3,20,1:34.691,0,,19.550,0,31.339,0,43.802,0,186.6,35:37.094,10:50:37.094,0:19.550,0:31.339,0:43.802,292.7,Nicholas YELLOLY,,LMP2,,Inter Europol Competition,Oreca,GF,19.550,31.339,43.802,
43,3,21,1:33.596,0,,19.277,0,30.910,0,43.409,0,188.8,37:10.690,10:52:10.690,0:19.277,0:30.910,0:43.409,296.7,Nicholas YELLOLY,,LMP2,,Inter Europol Competition,Oreca,GF,19.277,30.910,43.409,
43,3,22,1:32.903,0,,19.231,0,30.299,0,43.373,0,190.2,38:43.593,10:53:43.593,0:19.231,0:30.299,0:43.373,295.9,Nicholas YELLOLY,,LMP2,,Inter Europol Competition,Oreca,GF,19.231,30.299,43.373,
43,3,23,1:33.363,0,,19.256,0,30.335,0,43.772,0,189.3,40:16.956,10:55:16.956,0:19.256,0:30.335,0:43.772,296.7,Nicholas YELLOLY,,LMP2,,Inter Europol Competition,Oreca,GF,19.256,30.335,43.772,
43,3,24,1:34.379,0,,19.561,0,30.881,0,43.937,0,187.2,41:51.335,10:56:51.335,0:19.561,0:30.881,0:43.937,295.9,Nicholas YELLOLY,,LMP2,,Inter Europol Competition,Oreca,GF,19.561,30.881,43.937,
43,3,25,1:36.713,0,,19.425,0,30.638,0,46.650,0,182.7,43:28.048,10:58:28.048,0:19.425,0:30.638,0:46.650,295.1,Nicholas YELLOLY,,LMP2,,Inter Europol Competition,Oreca,GF,19.425,30.638,46.650,
43,3,26,1:34.313,0,,19.325,0,30.639,0,44.349,0,187.4,45:02.361,11:00:02.361,0:19.325,0:30.639,0:44.349,295.9,Nicholas YELLOLY,,LMP2,,Inter Europol Competition,Oreca,GF,19.325,30.639,44.349,
43,3,27,3:09.566,0,B,19.235,0,30.457,0,2:19.874,0,93.2,48:11.927,11:03:11.927,0:19.235,0:30.457,2:19.874,295.1,Nicholas YELLOLY,,LMP2,,Inter Europol Competition,Oreca,GF,19.235,30.457,139.874,
43,1,28,1:52.924,0,,35.546,0,32.126,0,45.252,0,156.5,50:04.851,11:05:04.851,0:35.546,0:32.126,0:45.252,198.9,Jakub SMIECHOWSKI,0:01:50.843,LMP2,,Inter Europol Competition,Oreca,GF,35.546,32.126,45.252,
43,1,29,1:37.642,0,,20.081,0,32.613,0,44.948,0,181.0,51:42.493,11:06:42.493,0:20.081,0:32.613,0:44.948,294.3,Jakub SMIECHOWSKI,,LMP2,,Inter Europol Competition,Oreca,GF,20.081,32.613,44.948,
43,1,30,2:35.936,0,,19.846,0,37.898,0,1:38.192,0,113.3,54:18.429,11:09:18.429,0:19.846,0:37.898,1:38.192,295.1,Jakub SMIECHOWSKI,,LMP2,,Inter Europol Competition,Oreca,FCY,19.846,37.898,98.192,
43,1,31,3:27.060,0,,54.874,0,1:08.666,0,1:23.520,0,85.3,57:45.489,11:12:45.489,0:54.874,1:08.666,1:23.520,80.7,Jakub SMIECHOWSKI,,LMP2,,Inter Europol Competition,Oreca,GF,54.874,68.666,83.520,
43,1,32,1:37.770,0,,20.411,0,31.954,0,45.405,0,180.8,59:23.259,11:14:23.259,0:20.411,0:31.954,0:45.405,291.9,Jakub SMIECHOWSKI,,LMP2,,Inter Europol Competition,Oreca,GF,20.411,31.954,45.405,
43,1,33,1:36.616,0,,19.888,0,31.916,0,44.812,0,182.9,1:00:59.875,11:15:59.875,0:19.888,0:31.916,0:44.812,293.5,Jakub SMIECHOWSKI,,LMP2,,Inter Europol Competition,Oreca,GF,19.888,31.916,44.812,
43,1,34,1:34.994,0,,19.829,0,31.004,0,44.161,1,186.0,1:02:34.869,11:17:34.869,0:19.829,0:31.004,0:44.161,293.5,Jakub SMIECHOWSKI,,LMP2,,Inter Europol Competition,Oreca,GF,19.829,31.004,44.161,
43,1,35,1:35.757,0,,19.756,0,31.629,0,44.372,0,184.6,1:04:10.626,11:19:10.626,0:19.756,0:31.629,0:44.372,295.9,Jakub SMIECHOWSKI,,LMP2,,Inter Europol Competition,Oreca,GF,19.756,31.629,44.372,
43,1,36,1:51.122,0,,19.518,1,31.084,0,1:00.520,0,159.0,1:06:01.748,11:21:01.748,0:19.518,0:31.084,1:00.520,295.9,Jakub SMIECHOWSKI,,LMP2,,Inter Europol Competition,Oreca,GF,19.518,31.084,60.520,
43,1,37,1:36.404,0,,19.768,0,31.941,0,44.695,0,183.3,1:07:38.152,11:22:38.152,0:19.768,0:31.941,0:44.695,295.1,Jakub SMIECHOWSKI,,LMP2,,Inter Europol Competition,Oreca,GF,19.768,31.941,44.695,
43,1,38,1:34.988,0,,19.696,0,30.969,0,44.323,0,186.0,1:09:13.140,11:24:13.140,0:19.696,0:30.969,0:44.323,295.9,Jakub SMIECHOWSKI,,LMP2,,Inter Europol Competition,Oreca,GF,19.696,30.969,44.323,
43,1,39,1:35.013,0,,19.632,0,30.960,1,44.421,0,186.0,1:10:48.153,11:25:48.153,0:19.632,0:30.960,0:44.421,295.9,Jakub SMIECHOWSKI,,LMP2,,Inter Europol Competition,Oreca,GF,19.632,30.960,44.421,
43,1,40,1:36.412,0,,20.484,0,31.006,0,44.922,0,183.3,1:12:24.565,11:27:24.565,0:20.484,0:31.006,0:44.922,295.1,Jakub SMIECHOWSKI,,LMP2,,Inter Europol Competition,Oreca,GF,20.484,31.006,44.922,
43,1,41,2:59.968,0,B,19.635,0,31.214,0,2:09.119,0,98.2,1:15:24.533,11:30:24.533,0:19.635,0:31.214,2:09.119,294.3,Jakub SMIECHOWSKI,,LMP2,,Inter Europol Competition,Oreca,GF,19.635,31.214,129.119,
43,2,42,1:51.356,0,,34.804,0,31.667,0,44.885,0,158.7,1:17:15.889,11:32:15.889,0:34.804,0:31.667,0:44.885,199.6,Tom DILLMANN,0:01:40.427,LMP2,,Inter Europol Competition,Oreca,GF,34.804,31.667,44.885,
43,2,43,1:36.706,0,,19.899,0,31.207,0,45.600,0,182.7,1:18:52.595,11:33:52.595,0:19.899,0:31.207,0:45.600,294.3,Tom DILLMANN,,LMP2,,Inter Europol Competition,Oreca,GF,19.899,31.207,45.600,
43,2,44,1:35.824,0,,19.748,0,31.204,0,44.872,0,184.4,1:20:28.419,11:35:28.419,0:19.748,0:31.204,0:44.872,295.1,Tom DILLMANN,,LMP2,,Inter Europol Competition,Oreca,GF,19.748,31.204,44.872,
43,2,45,1:35.125,0,,20.537,0,30.762,0,43.826,1,185.8,1:22:03.544,11:37:03.544,0:20.537,0:30.762,0:43.826,295.1,Tom DILLMANN,,LMP2,,Inter Europol Competition,Oreca,GF,20.537,30.762,43.826,
43,2,46,1:35.182,0,,20.167,0,30.818,0,44.197,0,185.7,1:23:38.726,11:38:38.726,0:20.167,0:30.818,0:44.197,291.1,Tom DILLMANN,,LMP2,,Inter Europol Competition,Oreca,GF,20.167,30.818,44.197,
43,2,47,1:36.039,0,,20.953,0,30.827,0,44.259,0,184.0,1:25:14.765,11:40:14.765,0:20.953,0:30.827,0:44.259,296.7,Tom DILLMANN,,LMP2,,Inter Europol Competition,Oreca,GF,20.953,30.827,44.259,
43,2,48,1:34.046,0,,19.538,0,30.553,1,43.955,0,187.9,1:26:48.811,11:41:48.811,0:19.538,0:30.553,0:43.955,295.1,Tom DILLMANN,,LMP2,,Inter Europol Competition,Oreca,GF,19.538,30.553,43.955,
43,2,49,1:34.373,0,,19.593,0,30.846,0,43.934,0,187.3,1:28:23.184,11:43:23.184,0:19.593,0:30.846,0:43.934,297.5,Tom DILLMANN,,LMP2,,Inter Europol Competition,Oreca,GF,19.593,30.846,43.934,
43,2,50,1:35.079,0,,19.582,0,30.737,0,44.760,0,185.9,1:29:58.263,11:44:58.263,0:19.582,0:30.737,0:44.760,295.9,Tom DILLMANN,,LMP2,,Inter Europol Competition,Oreca,GF,19.582,30.737,44.760,
43,2,51,1:34.561,0,,19.510,1,30.600,0,44.451,0,186.9,1:31:32.824,11:46:32.824,0:19.510,0:30.600,0:44.451,293.5,Tom DILLMANN,,LMP2,,Inter Europol Competition,Oreca,FF,19.510,30.600,44.451,
47,2,1,2:49.632,0,,1:21.327,0,37.501,0,50.804,0,99.6,2:49.632,10:17:49.632,1:21.327,0:37.501,0:50.804,136.7,Enzo FITTIPALDI,0:00:52.614,LMP2,,CLX Motorsport,Oreca,GF,81.327,37.501,50.804,
47,2,2,1:46.093,0,,22.952,0,33.691,0,49.450,0,166.6,4:35.725,10:19:35.725,0:22.952,0:33.691,0:49.450,239.5,Enzo FITTIPALDI,,LMP2,,CLX Motorsport,Oreca,GF,22.952,33.691,49.450,
47,2,3,1:33.785,0,,19.778,0,30.571,0,43.436,2,188.4,6:09.510,10:21:09.510,0:19.778,0:30.571,0:43.436,293.5,Enzo FITTIPALDI,,LMP2,,CLX Motorsport,Oreca,GF,19.778,30.571,43.436,
47,2,4,1:35.374,0,,19.343,0,31.564,0,44.467,0,185.3,7:44.884,10:22:44.884,0:19.343,0:31.564,0:44.467,293.5,Enzo FITTIPALDI,,LMP2,,CLX Motorsport,Oreca,GF,19.343,31.564,44.467,
47,2,5,1:34.565,0,,19.215,2,30.604,0,44.746,0,186.9,9:19.449,10:24:19.449,0:19.215,0:30.604,0:44.746,295.9,Enzo FITTIPALDI,,LMP2,,CLX Motorsport,Oreca,GF,19.215,30.604,44.746,
47,2,6,1:35.764,0,,19.486,0,31.954,0,44.324,0,184.5,10:55.213,10:25:55.213,0:19.486,0:31.954,0:44.324,294.3,Enzo FITTIPALDI,,LMP2,,CLX Motorsport,Oreca,GF,19.486,31.954,44.324,
47,2,7,1:33.419,0,,19.264,0,30.632,0,43.523,0,189.2,12:28.632,10:27:28.632,0:19.264,0:30.632,0:43.523,293.5,Enzo FITTIPALDI,,LMP2,,CLX Motorsport,Oreca,GF,19.264,30.632,43.523,
47,2,8,1:32.899,2,,19.323,0,30.049,2,43.527,0,190.2,14:01.531,10:29:01.531,0:19.323,0:30.049,0:43.527,293.5,Enzo FITTIPALDI,,LMP2,,CLX Motorsport,Oreca,GF,19.323,30.049,43.527,
47,2,9,12:10.499,0,B,19.698,0,30.843,0,11:19.958,0,24.2,26:12.030,10:41:12.030,0:19.698,0:30.843,11:19.958,294.3,Enzo FITTIPALDI,,LMP2,,CLX Motorsport,Oreca,GF,19.698,30.843,679.958,
47,1,10,1:53.342,0,,36.443,0,32.366,0,44.533,0,155.9,28:05.372,10:43:05.372,0:36.443,0:32.366,0:44.533,196.7,Manuel ESPIRITO SANTO,0:10:51.222,LMP2,,CLX Motorsport,Oreca,GF,36.443,32.366,44.533,
47,1,11,1:33.908,0,,19.726,0,30.416,0,43.766,0,188.2,29:39.280,10:44:39.280,0:19.726,0:30.416,0:43.766,289.5,Manuel ESPIRITO SANTO,,LMP2,,CLX Motorsport,Oreca,GF,19.726,30.416,43.766,
47,1,12,1:36.225,0,,19.557,0,30.710,0,45.958,0,183.7,31:15.505,10:46:15.505,0:19.557,0:30.710,0:45.958,292.7,Manuel ESPIRITO SANTO,,LMP2,,CLX Motorsport,Oreca,GF,19.557,30.710,45.958,
47,1,13,1:34.332,0,,19.582,0,30.831,0,43.919,0,187.3,32:49.837,10:47:49.837,0:19.582,0:30.831,0:43.919,294.3,Manuel ESPIRITO SANTO,,LMP2,,CLX Motorsport,Oreca,GF,19.582,30.831,43.919,
47,1,14,1:34.159,0,,20.022,0,30.516,0,43.621,1,187.7,34:23.996,10:49:23.996,0:20.022,0:30.516,0:43.621,293.5,Manuel ESPIRITO SANTO,,LMP2,,CLX Motorsport,Oreca,GF,20.022,30.516,43.621,
47,1,15,1:35.501,0,,19.658,0,31.378,0,44.465,0,185.0,35:59.497,10:50:59.497,0:19.658,0:31.378,0:44.465,295.1,Manuel ESPIRITO SANTO,,LMP2,,CLX Motorsport,Oreca,GF,19.658,31.378,44.465,
47,1,16,1:35.329,0,,19.465,0,31.193,0,44.671,0,185.4,37:34.826,10:52:34.826,0:19.465,0:31.193,0:44.671,295.9,Manuel ESPIRITO SANTO,,LMP2,,CLX Motorsport,Oreca,GF,19.465,31.193,44.671,
47,1,17,1:35.276,0,,19.569,0,30.977,0,44.730,0,185.5,39:10.102,10:54:10.102,0:19.569,0:30.977,0:44.730,294.3,Manuel ESPIRITO SANTO,,LMP2,,CLX Motorsport,Oreca,GF,19.569,30.977,44.730,
47,1,18,1:37.310,0,,20.802,0,31.875,0,44.633,0,181.6,40:47.412,10:55:47.412,0:20.802,0:31.875,0:44.633,296.7,Manuel ESPIRITO SANTO,,LMP2,,CLX Motorsport,Oreca,GF,20.802,31.875,44.633,
47,1,19,1:37.222,0,,19.457,0,32.742,0,45.023,0,181.8,42:24.634,10:57:24.634,0:19.457,0:32.742,0:45.023,295.9,Manuel ESPIRITO SANTO,,LMP2,,CLX Motorsport,Oreca,GF,19.457,32.742,45.023,
47,1,20,1:34.100,0,,19.347,1,30.428,0,44.325,0,187.8,43:58.734,10:58:58.734,0:19.347,0:30.428,0:44.325,294.3,Manuel ESPIRITO SANTO,,LMP2,,CLX Motorsport,Oreca,GF,19.347,30.428,44.325,
47,1,21,1:34.412,0,,19.383,0,30.326,1,44.703,0,187.2,45:33.146,11:00:33.146,0:19.383,0:30.326,0:44.703,292.7,Manuel ESPIRITO SANTO,,LMP2,,CLX Motorsport,Oreca,GF,19.383,30.326,44.703,
47,1,22,4:20.287,0,B,19.383,0,31.821,0,3:29.083,0,67.9,49:53.433,11:04:53.433,0:19.383,0:31.821,3:29.083,295.1,Manuel ESPIRITO SANTO,,LMP2,,CLX Motorsport,Oreca,GF,19.383,31.821,209.083,
47,3,23,1:54.948,0,,35.573,0,33.371,0,46.004,0,153.7,51:48.381,11:06:48.381,0:35.573,0:33.371,0:46.004,199.3,Luis Felipe DERANI,0:03:00.281,LMP2,,CLX Motorsport,Oreca,GF,35.573,33.371,46.004,
47,3,24,2:45.006,0,,21.463,0,45.549,0,1:37.994,0,107.1,54:33.387,11:09:33.387,0:21.463,0:45.549,1:37.994,285.7,Luis Felipe DERANI,,LMP2,,CLX Motorsport,Oreca,FCY,21.463,45.549,97.994,
47,3,25,3:19.077,0,,54.463,0,1:08.299,0,1:16.315,0,88.8,57:52.464,11:12:52.464,0:54.463,1:08.299,1:16.315,81.7,Luis Felipe DERANI,,LMP2,,CLX Motorsport,Oreca,GF,54.463,68.299,76.315,
47,3,26,1:38.538,0,,19.974,0,31.649,0,46.915,0,179.3,59:31.002,11:14:31.002,0:19.974,0:31.649,0:46.915,291.9,Luis Felipe DERANI,,LMP2,,CLX Motorsport,Oreca,GF,19.974,31.649,46.915,
47,3,27,1:36.285,0,,19.794,0,31.940,0,44.551,0,183.5,1:01:07.287,11:16:07.287,0:19.794,0:31.940,0:44.551,293.5,Luis Felipe DERANI,,LMP2,,CLX Motorsport,Oreca,GF,19.794,31.940,44.551,
47,3,28,1:35.846,0,,20.457,0,30.701,0,44.688,0,184.4,1:02:43.133,11:17:43.133,0:20.457,0:30.701,0:44.688,295.1,Luis Felipe DERANI,,LMP2,,CLX Motorsport,Oreca,GF,20.457,30.701,44.688,
47,3,29,1:34.104,0,,19.602,0,30.485,1,44.017,0,187.8,1:04:17.237,11:19:17.237,0:19.602,0:30.485,0:44.017,295.1,Luis Felipe DERANI,,LMP2,,CLX Motorsport,Oreca,GF,19.602,30.485,44.017,
47,3,30,1:38.502,0,,19.531,0,31.823,0,47.148,0,179.4,1:05:55.739,11:20:55.739,0:19.531,0:31.823,0:47.148,296.7,Luis Felipe DERANI,,LMP2,,CLX Motorsport,Oreca,GF,19.531,31.823,47.148,
47,3,31,1:35.982,0,,19.478,0,31.777,0,44.727,0,184.1,1:07:31.721,11:22:31.721,0:19.478,0:31.777,0:44.727,296.7,Luis Felipe DERANI,,LMP2,,CLX Motorsport,Oreca,GF,19.478,31.777,44.727,
47,3,32,1:33.885,0,,19.460,0,30.532,0,43.893,1,188.2,1:09:05.606,11:24:05.606,0:19.460,0:30.532,0:43.893,295.9,Luis Felipe DERANI,,LMP2,,CLX Motorsport,Oreca,GF,19.460,30.532,43.893,
47,3,33,1:34.932,0,,19.425,1,30.779,0,44.728,0,186.2,1:10:40.538,11:25:40.538,0:19.425,0:30.779,0:44.728,295.9,Luis Felipe DERANI,,LMP2,,CLX Motorsport,Oreca,GF,19.425,30.779,44.728,
47,3,34,1:34.488,0,,19.717,0,30.713,0,44.058,0,187.0,1:12:15.026,11:27:15.026,0:19.717,0:30.713,0:44.058,294.3,Luis Felipe DERANI,,LMP2,,CLX Motorsport,Oreca,GF,19.717,30.713,44.058,
47,3,35,4:04.363,0,B,20.105,0,31.273,0,3:12.985,0,72.3,1:16:19.389,11:31:19.389,0:20.105,0:31.273,3:12.985,295.1,Luis Felipe DERANI,,LMP2,,CLX Motorsport,Oreca,GF,20.105,31.273,192.985,
47,2,36,1:54.894,0,,36.478,0,32.727,0,45.689,0,153.8,1:18:14.283,11:33:14.283,0:36.478,0:32.727,0:45.689,193.5,Enzo FITTIPALDI,0:02:43.957,LMP2,,CLX Motorsport,Oreca,GF,36.478,32.727,45.689,
47,2,37,1:35.326,0,,19.679,0,31.266,0,44.381,0,185.4,1:19:49.609,11:34:49.609,0:19.679,0:31.266,0:44.381,292.7,Enzo FITTIPALDI,,LMP2,,CLX Motorsport,Oreca,GF,19.679,31.266,44.381,
47,2,38,1:35.613,0,,19.613,0,31.171,0,44.829,0,184.8,1:21:25.222,11:36:25.222,0:19.613,0:31.171,0:44.829,295.1,Enzo FITTIPALDI,,LMP2,,CLX Motorsport,Oreca,GF,19.613,31.171,44.829,
47,2,39,1:34.857,0,,19.592,0,31.227,0,44.038,0,186.3,1:23:00.079,11:38:00.079,0:19.592,0:31.227,0:44.038,295.9,Enzo FITTIPALDI,,LMP2,,CLX Motorsport,Oreca,GF,19.592,31.227,44.038,
47,2,40,1:35.312,0,,19.824,0,30.678,0,44.810,0,185.4,1:24:35.391,11:39:35.391,0:19.824,0:30.678,0:44.810,294.3,Enzo FITTIPALDI,,LMP2,,CLX Motorsport,Oreca,GF,19.824,30.678,44.810,
47,2,41,1:36.199,0,,19.642,0,31.000,0,45.557,0,183.7,1:26:11.590,11:41:11.590,0:19.642,0:31.000,0:45.557,295.1,Enzo FITTIPALDI,,LMP2,,CLX Motorsport,Oreca,GF,19.642,31.000,45.557,
47,2,42,1:36.578,0,,20.499,0,30.943,0,45.136,0,183.0,1:27:48.168,11:42:48.168,0:20.499,0:30.943,0:45.136,293.5,Enzo FITTIPALDI,,LMP2,,CLX Motorsport,Oreca,GF,20.499,30.943,45.136,
47,2,43,1:35.240,0,,19.519,0,30.628,0,45.093,0,185.6,1:29:23.408,11:44:23.408,0:19.519,0:30.628,0:45.093,293.5,Enzo FITTIPALDI,,LMP2,,CLX Motorsport,Oreca,GF,19.519,30.628,45.093,
48,3,1,2:00.917,0,,35.752,0,35.943,0,49.222,0,139.7,2:00.917,10:17:00.917,0:35.752,0:35.943,0:49.222,152.8,Esteban MASSON,0:00:09.523,LMP2,,VDS Panis Racing,Oreca,GF,35.752,35.943,49.222,
48,3,2,1:45.332,0,,21.660,0,33.063,0,50.609,0,167.8,3:46.249,10:18:46.249,0:21.660,0:33.063,0:50.609,292.7,Esteban MASSON,,LMP2,,VDS Panis Racing,Oreca,GF,21.660,33.063,50.609,
48,3,3,1:36.887,0,,19.372,0,30.133,0,47.382,0,182.4,5:23.136,10:20:23.136,0:19.372,0:30.133,0:47.382,295.9,Esteban MASSON,,LMP2,,VDS Panis Racing,Oreca,GF,19.372,30.133,47.382,
48,3,4,1:32.451,2,,19.058,2,29.836,2,43.557,0,191.2,6:55.587,10:21:55.587,0:19.058,0:29.836,0:43.557,295.9,Esteban MASSON,,LMP2,,VDS Panis Racing,Oreca,GF,19.058,29.836,43.557,
48,3,5,1:36.148,0,,19.227,0,30.547,0,46.374,0,183.8,8:31.735,10:23:31.735,0:19.227,0:30.547,0:46.374,297.5,Esteban MASSON,,LMP2,,VDS Panis Racing,Oreca,GF,19.227,30.547,46.374,
48,3,6,1:32.563,0,,19.115,0,29.858,0,43.590,0,190.9,10:04.298,10:25:04.298,0:19.115,0:29.858,0:43.590,295.9,Esteban MASSON,,LMP2,,VDS Panis Racing,Oreca,GF,19.115,29.858,43.590,
48,3,7,1:34.142,0,,19.778,0,30.887,0,43.477,1,187.7,11:38.440,10:26:38.440,0:19.778,0:30.887,0:43.477,295.9,Esteban MASSON,,LMP2,,VDS Panis Racing,Oreca,GF,19.778,30.887,43.477,
48,3,8,1:51.817,0,B,19.155,0,30.087,0,1:02.575,0,158.0,13:30.257,10:28:30.257,0:19.155,0:30.087,1:02.575,295.1,Esteban MASSON,,LMP2,,VDS Panis Racing,Oreca,GF,19.155,30.087,62.575,
48,2,9,4:33.392,0,,3:18.083,0,31.306,0,44.003,0,64.6,18:03.649,10:33:03.649,3:18.083,0:31.306,0:44.003,200.7,Charles MILESI,0:03:17.244,LMP2,,VDS Panis Racing,Oreca,GF,198.083,31.306,44.003,
48,2,10,1:35.087,0,,19.332,0,31.778,0,43.977,0,185.9,19:38.736,10:34:38.736,0:19.332,0:31.778,0:43.977,296.7,Charles MILESI,,LMP2,,VDS Panis Racing,Oreca,GF,19.332,31.778,43.977,
48,2,11,1:33.905,0,,19.690,0,30.681,0,43.534,0,188.2,21:12.641,10:36:12.641,0:19.690,0:30.681,0:43.534,294.3,Charles MILESI,,LMP2,,VDS Panis Racing,Oreca,GF,19.690,30.681,43.534,
48,2,12,1:32.863,0,,19.153,1,30.264,1,43.446,0,190.3,22:45.504,10:37:45.504,0:19.153,0:30.264,0:43.446,295.9,Charles MILESI,,LMP2,,VDS Panis Racing,Oreca,GF,19.153,30.264,43.446,
48,2,13,1:34.400,0,,19.808,0,30.386,0,44.206,0,187.2,24:19.904,10:39:19.904,0:19.808,0:30.386,0:44.206,292.7,Charles MILESI,,LMP2,,VDS Panis Racing,Oreca,GF,19.808,30.386,44.206,
48,2,14,1:45.269,0,,19.650,0,37.477,0,48.142,0,167.9,26:05.173,10:41:05.173,0:19.650,0:37.477,0:48.142,296.7,Charles MILESI,,LMP2,,VDS Panis Racing,Oreca,GF,19.650,37.477,48.142,
48,2,15,1:33.245,0,,19.232,0,30.532,0,43.481,0,189.5,27:38.418,10:42:38.418,0:19.232,0:30.532,0:43.481,295.9,Charles MILESI,,LMP2,,VDS Panis Racing,Oreca,GF,19.232,30.532,43.481,
48,2,16,1:36.151,0,,20.192,0,30.992,0,44.967,0,183.8,29:14.569,10:44:14.569,0:20.192,0:30.992,0:44.967,295.9,Charles MILESI,,LMP2,,VDS Panis Racing,Oreca,GF,20.192,30.992,44.967,
48,2,17,1:35.532,0,,20.910,0,30.636,0,43.986,0,185.0,30:50.101,10:45:50.101,0:20.910,0:30.636,0:43.986,295.9,Charles MILESI,,LMP2,,VDS Panis Racing,Oreca,GF,20.910,30.636,43.986,
48,2,18,1:34.325,0,,19.849,0,30.509,0,43.967,0,187.4,32:24.426,10:47:24.426,0:19.849,0:30.509,0:43.967,296.7,Charles MILESI,,LMP2,,VDS Panis Racing,Oreca,GF,19.849,30.509,43.967,
48,2,19,1:34.162,0,,19.264,0,30.442,0,44.456,0,187.7,33:58.588,10:48:58.588,0:19.264,0:30.442,0:44.456,296.7,Charles MILESI,,LMP2,,VDS Panis Racing,Oreca,GF,19.264,30.442,44.456,
48,2,20,1:34.440,0,,19.786,0,31.240,0,43.414,2,187.1,35:33.028,10:50:33.028,0:19.786,0:31.240,0:43.414,296.7,Charles MILESI,,LMP2,,VDS Panis Racing,Oreca,GF,19.786,31.240,43.414,
48,2,21,1:33.625,0,,19.370,0,30.287,0,43.968,0,188.8,37:06.653,10:52:06.653,0:19.370,0:30.287,0:43.968,296.7,Charles MILESI,,LMP2,,VDS Panis Racing,Oreca,GF,19.370,30.287,43.968,
48,2,22,1:33.482,0,,19.248,0,30.475,0,43.759,0,189.0,38:40.135,10:53:40.135,0:19.248,0:30.475,0:43.759,296.7,Charles MILESI,,LMP2,,VDS Panis Racing,Oreca,GF,19.248,30.475,43.759,
48,2,23,1:33.830,0,,19.412,0,30.591,0,43.827,0,188.3,40:13.965,10:55:13.965,0:19.412,0:30.591,0:43.827,294.3,Charles MILESI,,LMP2,,VDS Panis Racing,Oreca,GF,19.412,30.591,43.827,
48,2,24,1:35.323,0,,19.670,0,30.746,0,44.907,0,185.4,41:49.288,10:56:49.288,0:19.670,0:30.746,0:44.907,283.5,Charles MILESI,,LMP2,,VDS Panis Racing,Oreca,GF,19.670,30.746,44.907,
48,2,25,1:54.130,0,B,19.985,0,31.486,0,1:02.659,0,154.8,43:43.418,10:58:43.418,0:19.985,0:31.486,1:02.659,290.3,Charles MILESI,,LMP2,,VDS Panis Racing,Oreca,GF,19.985,31.486,62.659,
48,1,26,3:40.677,0,,2:24.343,0,31.627,0,44.707,0,80.1,47:24.095,11:02:24.095,2:24.343,0:31.627,0:44.707,199.3,Oliver GRAY,0:02:22.079,LMP2,,VDS Panis Racing,Oreca,GF,144.343,31.627,44.707,
48,1,27,1:35.401,0,,19.396,0,31.812,0,44.193,0,185.2,48:59.496,11:03:59.496,0:19.396,0:31.812,0:44.193,295.9,Oliver GRAY,,LMP2,,VDS Panis Racing,Oreca,GF,19.396,31.812,44.193,
48,1,28,1:34.945,0,,19.405,0,30.952,0,44.588,0,186.1,50:34.441,11:05:34.441,0:19.405,0:30.952,0:44.588,295.9,Oliver GRAY,,LMP2,,VDS Panis Racing,Oreca,GF,19.405,30.952,44.588,
48,1,29,1:36.389,0,,19.435,0,32.752,0,44.202,0,183.3,52:10.830,11:07:10.830,0:19.435,0:32.752,0:44.202,297.5,Oliver GRAY,,LMP2,,VDS Panis Racing,Oreca,GF,19.435,32.752,44.202,
48,1,30,3:05.654,0,,19.623,0,1:08.065,0,1:37.966,0,95.2,55:16.484,11:10:16.484,0:19.623,1:08.065,1:37.966,297.5,Oliver GRAY,,LMP2,,VDS Panis Racing,Oreca,FCY,19.623,68.065,97.966,
48,1,31,2:55.737,0,,54.546,0,1:08.558,0,52.633,0,100.6,58:12.221,11:13:12.221,0:54.546,1:08.558,0:52.633,81.5,Oliver GRAY,,LMP2,,VDS Panis Racing,Oreca,GF,54.546,68.558,52.633,
48,1,32,1:36.055,0,,19.570,0,31.550,0,44.935,0,184.0,59:48.276,11:14:48.276,0:19.570,0:31.550,0:44.935,295.1,Oliver GRAY,,LMP2,,VDS Panis Racing,Oreca,GF,19.570,31.550,44.935,
48,1,33,1:38.047,0,,20.164,0,32.050,0,45.833,0,180.2,1:01:26.323,11:16:26.323,0:20.164,0:32.050,0:45.833,295.9,Oliver GRAY,,LMP2,,VDS Panis Racing,Oreca,GF,20.164,32.050,45.833,
48,1,34,1:36.730,0,,19.561,0,30.834,0,46.335,0,182.7,1:03:03.053,11:18:03.053,0:19.561,0:30.834,0:46.335,296.7,Oliver GRAY,,LMP2,,VDS Panis Racing,Oreca,GF,19.561,30.834,46.335,
48,1,35,1:34.183,0,,19.433,0,30.691,1,44.059,0,187.6,1:04:37.236,11:19:37.236,0:19.433,0:30.691,0:44.059,296.7,Oliver GRAY,,LMP2,,VDS Panis Racing,Oreca,GF,19.433,30.691,44.059,
48,1,36,1:34.613,0,,19.682,0,30.864,0,44.067,0,186.8,1:06:11.849,11:21:11.849,0:19.682,0:30.864,0:44.067,296.7,Oliver GRAY,,LMP2,,VDS Panis Racing,Oreca,GF,19.682,30.864,44.067,
48,1,37,1:35.990,0,,19.737,0,31.067,0,45.186,0,184.1,1:07:47.839,11:22:47.839,0:19.737,0:31.067,0:45.186,297.5,Oliver GRAY,,LMP2,,VDS Panis Racing,Oreca,GF,19.737,31.067,45.186,
48,1,38,1:36.049,0,,21.053,0,31.046,0,43.950,1,184.0,1:09:23.888,11:24:23.888,0:21.053,0:31.046,0:43.950,298.3,Oliver GRAY,,LMP2,,VDS Panis Racing,Oreca,GF,21.053,31.046,43.950,
48,1,39,1:36.632,0,,19.702,0,30.745,0,46.185,0,182.9,1:11:00.520,11:26:00.520,0:19.702,0:30.745,0:46.185,297.5,Oliver GRAY,,LMP2,,VDS Panis Racing,Oreca,GF,19.702,30.745,46.185,
48,1,40,1:55.446,0,B,19.238,1,30.786,0,1:05.422,0,153.1,1:12:55.966,11:27:55.966,0:19.238,0:30.786,1:05.422,297.5,Oliver GRAY,,LMP2,,VDS Panis Racing,Oreca,GF,19.238,30.786,65.422,
48,3,41,3:37.082,0,,2:20.196,0,31.807,0,45.079,0,81.4,1:16:33.048,11:31:33.048,2:20.196,0:31.807,0:45.079,198.9,Esteban MASSON,0:02:18.919,LMP2,,VDS Panis Racing,Oreca,GF,140.196,31.807,45.079,
48,3,42,1:35.389,0,,20.564,0,30.905,0,43.920,0,185.3,1:18:08.437,11:33:08.437,0:20.564,0:30.905,0:43.920,255.9,Esteban MASSON,,LMP2,,VDS Panis Racing,Oreca,GF,20.564,30.905,43.920,
48,3,43,1:34.201,0,,19.329,0,30.590,0,44.282,0,187.6,1:19:42.638,11:34:42.638,0:19.329,0:30.590,0:44.282,295.1,Esteban MASSON,,LMP2,,VDS Panis Racing,Oreca,GF,19.329,30.590,44.282,
48,3,44,1:35.497,0,,20.288,0,31.153,0,44.056,0,185.1,1:21:18.135,11:36:18.135,0:20.288,0:31.153,0:44.056,294.3,Esteban MASSON,,LMP2,,VDS Panis Racing,Oreca,GF,20.288,31.153,44.056,
48,3,45,1:38.603,0,,19.477,0,32.233,0,46.893,0,179.2,1:22:56.738,11:37:56.738,0:19.477,0:32.233,0:46.893,289.5,Esteban MASSON,,LMP2,,VDS Panis Racing,Oreca,GF,19.477,32.233,46.893,
48,3,46,1:33.570,0,,19.356,0,30.654,0,43.560,0,188.9,1:24:30.308,11:39:30.308,0:19.356,0:30.654,0:43.560,295.1,Esteban MASSON,,LMP2,,VDS Panis Racing,Oreca,GF,19.356,30.654,43.560,
48,3,47,1:35.023,0,,19.421,0,31.644,0,43.958,0,186.0,1:26:05.331,11:41:05.331,0:19.421,0:31.644,0:43.958,295.1,Esteban MASSON,,LMP2,,VDS Panis Racing,Oreca,GF,19.421,31.644,43.958,
48,3,48,1:34.590,0,,20.094,0,30.743,0,43.753,0,186.8,1:27:39.921,11:42:39.921,0:20.094,0:30.743,0:43.753,279.8,Esteban MASSON,,LMP2,,VDS Panis Racing,Oreca,GF,20.094,30.743,43.753,
48,3,49,1:33.832,0,,19.541,0,30.450,0,43.841,0,188.3,1:29:13.753,11:44:13.753,0:19.541,0:30.450,0:43.841,294.3,Esteban MASSON,,LMP2,,VDS Panis Racing,Oreca,GF,19.541,30.450,43.841,
48,3,50,1:34.523,0,,19.387,0,30.968,0,44.168,0,187.0,1:30:48.276,11:45:48.276,0:19.387,0:30.968,0:44.168,293.5,Esteban MASSON,,LMP2,,VDS Panis Racing,Oreca,FF,19.387,30.968,44.168,
50,3,1,3:04.495,0,,1:33.841,0,39.108,0,51.546,0,91.5,3:04.495,10:18:04.495,1:33.841,0:39.108,0:51.546,128.9,Riccardo AGOSTINI,0:01:04.100,LMGT3,,Richard Mille AF Corse,Ferrari,GF,93.841,39.108,51.546,
50,3,2,1:46.797,0,,22.078,0,34.372,0,50.347,0,165.5,4:51.292,10:19:51.292,0:22.078,0:34.372,0:50.347,257.8,Riccardo AGOSTINI,,LMGT3,,Richard Mille AF Corse,Ferrari,GF,22.078,34.372,50.347,
50,3,3,1:43.794,0,,21.799,0,34.095,0,47.900,2,170.3,6:35.086,10:21:35.086,0:21.799,0:34.095,0:47.900,257.8,Riccardo AGOSTINI,,LMGT3,,Richard Mille AF Corse,Ferrari,GF,21.799,34.095,47.900,
50,3,4,1:43.722,2,,21.599,2,33.794,2,48.329,0,170.4,8:18.808,10:23:18.808,0:21.599,0:33.794,0:48.329,258.4,Riccardo AGOSTINI,,LMGT3,,Richard Mille AF Corse,Ferrari,GF,21.599,33.794,48.329,
50,3,5,1:43.872,0,,21.709,0,33.998,0,48.165,0,170.1,10:02.680,10:25:02.680,0:21.709,0:33.998,0:48.165,258.4,Riccardo AGOSTINI,,LMGT3,,Richard Mille AF Corse,Ferrari,GF,21.709,33.998,48.165,
50,3,6,1:44.621,0,,21.698,0,34.432,0,48.491,0,168.9,11:47.301,10:26:47.301,0:21.698,0:34.432,0:48.491,259.6,Riccardo AGOSTINI,,LMGT3,,Richard Mille AF Corse,Ferrari,GF,21.698,34.432,48.491,
50,3,7,1:44.420,0,,21.875,0,34.162,0,48.383,0,169.2,13:31.721,10:28:31.721,0:21.875,0:34.162,0:48.383,259.0,Riccardo AGOSTINI,,LMGT3,,Richard Mille AF Corse,Ferrari,GF,21.875,34.162,48.383,
50,3,8,1:45.422,0,,21.903,0,34.657,0,48.862,0,167.6,15:17.143,10:30:17.143,0:21.903,0:34.657,0:48.862,257.1,Riccardo AGOSTINI,,LMGT3,,Richard Mille AF Corse,Ferrari,GF,21.903,34.657,48.862,
50,3,9,1:46.713,0,,21.773,0,34.168,0,50.772,0,165.6,17:03.856,10:32:03.856,0:21.773,0:34.168,0:50.772,257.8,Riccardo AGOSTINI,,LMGT3,,Richard Mille AF Corse,Ferrari,GF,21.773,34.168,50.772,
50,3,10,1:44.884,0,,22.413,0,34.280,0,48.191,0,168.5,18:48.740,10:33:48.740,0:22.413,0:34.280,0:48.191,259.0,Riccardo AGOSTINI,,LMGT3,,Richard Mille AF Corse,Ferrari,GF,22.413,34.280,48.191,
50,3,11,1:45.234,0,,22.116,0,34.363,0,48.755,0,167.9,20:33.974,10:35:33.974,0:22.116,0:34.363,0:48.755,258.4,Riccardo AGOSTINI,,LMGT3,,Richard Mille AF Corse,Ferrari,GF,22.116,34.363,48.755,
50,3,12,1:45.022,0,,22.289,0,34.414,0,48.319,0,168.3,22:18.996,10:37:18.996,0:22.289,0:34.414,0:48.319,258.4,Riccardo AGOSTINI,,LMGT3,,Richard Mille AF Corse,Ferrari,GF,22.289,34.414,48.319,
50,3,13,1:47.193,0,,22.046,0,34.767,0,50.380,0,164.9,24:06.189,10:39:06.189,0:22.046,0:34.767,0:50.380,259.6,Riccardo AGOSTINI,,LMGT3,,Richard Mille AF Corse,Ferrari,GF,22.046,34.767,50.380,
50,3,14,8:27.017,0,B,22.319,0,34.489,0,7:30.209,0,34.9,32:33.206,10:47:33.206,0:22.319,0:34.489,7:30.209,258.4,Riccardo AGOSTINI,,LMGT3,,Richard Mille AF Corse,Ferrari,GF,22.319,34.489,450.209,
50,2,15,2:01.290,0,,37.083,0,34.714,0,49.493,0,145.7,34:34.496,10:49:34.496,0:37.083,0:34.714,0:49.493,172.5,Lilou WADOUX,0:06:59.200,LMGT3,,Richard Mille AF Corse,Ferrari,GF,37.083,34.714,49.493,
50,2,16,1:46.018,0,,21.955,0,34.834,0,49.229,0,166.7,36:20.514,10:51:20.514,0:21.955,0:34.834,0:49.229,259.0,Lilou WADOUX,,LMGT3,,Richard Mille AF Corse,Ferrari,GF,21.955,34.834,49.229,
50,2,17,1:46.806,0,,22.206,0,35.116,0,49.484,0,165.5,38:07.320,10:53:07.320,0:22.206,0:35.116,0:49.484,260.2,Lilou WADOUX,,LMGT3,,Richard Mille AF Corse,Ferrari,GF,22.206,35.116,49.484,
50,2,18,1:45.497,0,,22.070,0,34.588,0,48.839,0,167.5,39:52.817,10:54:52.817,0:22.070,0:34.588,0:48.839,260.9,Lilou WADOUX,,LMGT3,,Richard Mille AF Corse,Ferrari,GF,22.070,34.588,48.839,
50,2,19,1:45.532,0,,22.052,0,34.610,0,48.870,0,167.5,41:38.349,10:56:38.349,0:22.052,0:34.610,0:48.870,260.2,Lilou WADOUX,,LMGT3,,Richard Mille AF Corse,Ferrari,GF,22.052,34.610,48.870,
50,2,20,1:45.127,0,,21.889,0,34.485,0,48.753,0,168.1,43:23.476,10:58:23.476,0:21.889,0:34.485,0:48.753,260.2,Lilou WADOUX,,LMGT3,,Richard Mille AF Corse,Ferrari,GF,21.889,34.485,48.753,
50,2,21,1:45.616,0,,22.010,0,34.854,0,48.752,0,167.3,45:09.092,11:00:09.092,0:22.010,0:34.854,0:48.752,258.4,Lilou WADOUX,,LMGT3,,Richard Mille AF Corse,Ferrari,GF,22.010,34.854,48.752,
50,2,22,2:50.429,0,B,22.415,0,34.628,0,1:53.386,0,103.7,47:59.521,11:02:59.521,0:22.415,0:34.628,1:53.386,259.6,Lilou WADOUX,,LMGT3,,Richard Mille AF Corse,Ferrari,GF,22.415,34.628,113.386,
50,2,23,2:07.534,0,,38.689,0,36.848,0,51.997,0,138.6,50:07.055,11:05:07.055,0:38.689,0:36.848,0:51.997,172.2,Lilou WADOUX,0:01:21.825,LMGT3,,Richard Mille AF Corse,Ferrari,GF,38.689,36.848,51.997,
50,2,24,1:48.003,0,,22.921,0,35.506,0,49.576,0,163.6,51:55.058,11:06:55.058,0:22.921,0:35.506,0:49.576,255.9,Lilou WADOUX,,LMGT3,,Richard Mille AF Corse,Ferrari,GF,22.921,35.506,49.576,
50,2,25,2:57.382,0,,22.083,0,57.269,0,1:38.030,0,99.6,54:52.440,11:09:52.440,0:22.083,0:57.269,1:38.030,259.0,Lilou WADOUX,,LMGT3,,Richard Mille AF Corse,Ferrari,FCY,22.083,57.269,98.030,
50,2,26,3:10.361,0,,54.843,0,1:08.317,0,1:07.201,0,92.8,58:02.801,11:13:02.801,0:54.843,1:08.317,1:07.201,81.3,Lilou WADOUX,,LMGT3,,Richard Mille AF Corse,Ferrari,GF,54.843,68.317,67.201,
50,2,27,1:47.361,0,,23.502,0,34.670,0,49.189,0,164.6,59:50.162,11:14:50.162,0:23.502,0:34.670,0:49.189,257.1,Lilou WADOUX,,LMGT3,,Richard Mille AF Corse,Ferrari,GF,23.502,34.670,49.189,
50,2,28,1:45.153,0,,21.887,0,34.268,0,48.998,0,168.1,1:01:35.315,11:16:35.315,0:21.887,0:34.268,0:48.998,262.1,Lilou WADOUX,,LMGT3,,Richard Mille AF Corse,Ferrari,GF,21.887,34.268,48.998,
50,2,29,1:44.514,0,,21.739,0,34.430,0,48.345,0,169.1,1:03:19.829,11:18:19.829,0:21.739,0:34.430,0:48.345,259.6,Lilou WADOUX,,LMGT3,,Richard Mille AF Corse,Ferrari,GF,21.739,34.430,48.345,
50,2,30,1:44.302,0,,21.689,1,34.328,0,48.285,1,169.4,1:05:04.131,11:20:04.131,0:21.689,0:34.328,0:48.285,260.2,Lilou WADOUX,,LMGT3,,Richard Mille AF Corse,Ferrari,GF,21.689,34.328,48.285,
50,2,31,1:44.625,0,,21.835,0,34.234,1,48.556,0,168.9,1:06:48.756,11:21:48.756,0:21.835,0:34.234,0:48.556,259.0,Lilou WADOUX,,LMGT3,,Richard Mille AF Corse,Ferrari,GF,21.835,34.234,48.556,
50,2,32,4:44.372,0,B,21.776,0,34.353,0,3:48.243,0,62.1,1:11:33.128,11:26:33.128,0:21.776,0:34.353,3:48.243,259.0,Lilou WADOUX,,LMGT3,,Richard Mille AF Corse,Ferrari,GF,21.776,34.353,228.243,
50,1,33,2:08.929,0,,37.978,0,37.736,0,53.215,0,137.1,1:13:42.057,11:28:42.057,0:37.978,0:37.736,0:53.215,176.5,Custodio TOLEDO,0:03:16.825,LMGT3,,Richard Mille AF Corse,Ferrari,GF,37.978,37.736,53.215,
50,1,34,1:46.886,0,,22.346,0,35.071,0,49.469,0,165.3,1:15:28.943,11:30:28.943,0:22.346,0:35.071,0:49.469,259.6,Custodio TOLEDO,,LMGT3,,Richard Mille AF Corse,Ferrari,GF,22.346,35.071,49.469,
50,1,35,1:47.863,0,,22.278,0,35.343,0,50.242,0,163.8,1:17:16.806,11:32:16.806,0:22.278,0:35.343,0:50.242,259.0,Custodio TOLEDO,,LMGT3,,Richard Mille AF Corse,Ferrari,GF,22.278,35.343,50.242,
50,1,36,1:47.194,0,,22.400,0,35.160,0,49.634,0,164.9,1:19:04.000,11:34:04.000,0:22.400,0:35.160,0:49.634,260.9,Custodio TOLEDO,,LMGT3,,Richard Mille AF Corse,Ferrari,GF,22.400,35.160,49.634,
50,1,37,1:46.560,0,,22.198,0,34.921,0,49.441,0,165.8,1:20:50.560,11:35:50.560,0:22.198,0:34.921,0:49.441,259.0,Custodio TOLEDO,,LMGT3,,Richard Mille AF Corse,Ferrari,GF,22.198,34.921,49.441,
50,1,38,1:46.636,0,,22.162,0,34.935,0,49.539,0,165.7,1:22:37.196,11:37:37.196,0:22.162,0:34.935,0:49.539,259.6,Custodio TOLEDO,,LMGT3,,Richard Mille AF Corse,Ferrari,GF,22.162,34.935,49.539,
50,1,39,1:46.244,0,,22.075,0,35.040,0,49.129,1,166.3,1:24:23.440,11:39:23.440,0:22.075,0:35.040,0:49.129,260.2,Custodio TOLEDO,,LMGT3,,Richard Mille AF Corse,Ferrari,GF,22.075,35.040,49.129,
50,1,40,1:46.678,0,,21.991,0,34.778,1,49.909,0,165.7,1:26:10.118,11:41:10.118,0:21.991,0:34.778,0:49.909,260.2,Custodio TOLEDO,,LMGT3,,Richard Mille AF Corse,Ferrari,GF,21.991,34.778,49.909,
50,1,41,1:46.837,0,,22.301,0,34.946,0,49.590,0,165.4,1:27:56.955,11:42:56.955,0:22.301,0:34.946,0:49.590,259.6,Custodio TOLEDO,,LMGT3,,Richard Mille AF Corse,Ferrari,GF,22.301,34.946,49.590,
50,1,42,1:47.190,0,,21.973,1,35.170,0,50.047,0,164.9,1:29:44.145,11:44:44.145,0:21.973,0:35.170,0:50.047,259.6,Custodio TOLEDO,,LMGT3,,Richard Mille AF Corse,Ferrari,GF,21.973,35.170,50.047,
50,1,43,1:46.425,0,,22.274,0,34.799,0,49.352,0,166.1,1:31:30.570,11:46:30.570,0:22.274,0:34.799,0:49.352,259.6,Custodio TOLEDO,,LMGT3,,Richard Mille AF Corse,Ferrari,FF,22.274,34.799,49.352,
51,3,1,2:56.348,0,,1:22.514,0,37.262,0,56.572,0,95.8,2:56.348,10:17:56.348,1:22.514,0:37.262,0:56.572,151.7,Davide RIGON,0:00:54.946,LMGT3,,AF Corse,Ferrari,GF,82.514,37.262,56.572,
51,3,2,1:46.132,0,,22.561,0,34.256,0,49.315,0,166.5,4:42.480,10:19:42.480,0:22.561,0:34.256,0:49.315,258.4,Davide RIGON,,LMGT3,,AF Corse,Ferrari,GF,22.561,34.256,49.315,
51,3,3,1:43.300,0,,21.727,0,33.672,2,47.901,0,171.1,6:25.780,10:21:25.780,0:21.727,0:33.672,0:47.901,260.2,Davide RIGON,,LMGT3,,AF Corse,Ferrari,GF,21.727,33.672,47.901,
51,3,4,1:43.014,2,,21.682,0,33.687,0,47.645,2,171.6,8:08.794,10:23:08.794,0:21.682,0:33.687,0:47.645,260.2,Davide RIGON,,LMGT3,,AF Corse,Ferrari,GF,21.682,33.687,47.645,
51,3,5,1:45.965,0,,21.782,0,33.931,0,50.252,0,166.8,9:54.759,10:24:54.759,0:21.782,0:33.931,0:50.252,260.2,Davide RIGON,,LMGT3,,AF Corse,Ferrari,GF,21.782,33.931,50.252,
51,3,6,1:43.465,0,,21.682,0,33.809,0,47.974,0,170.8,11:38.224,10:26:38.224,0:21.682,0:33.809,0:47.974,260.9,Davide RIGON,,LMGT3,,AF Corse,Ferrari,GF,21.682,33.809,47.974,
51,3,7,1:43.840,0,,21.667,0,34.235,0,47.938,0,170.2,13:22.064,10:28:22.064,0:21.667,0:34.235,0:47.938,260.9,Davide RIGON,,LMGT3,,AF Corse,Ferrari,GF,21.667,34.235,47.938,
51,3,8,1:43.567,0,,21.626,2,33.910,0,48.031,0,170.6,15:05.631,10:30:05.631,0:21.626,0:33.910,0:48.031,261.5,Davide RIGON,,LMGT3,,AF Corse,Ferrari,GF,21.626,33.910,48.031,
51,3,9,1:43.538,0,,21.662,0,33.876,0,48.000,0,170.7,16:49.169,10:31:49.169,0:21.662,0:33.876,0:48.000,259.6,Davide RIGON,,LMGT3,,AF Corse,Ferrari,GF,21.662,33.876,48.000,
51,3,10,3:22.601,0,B,21.690,0,33.999,0,2:26.912,0,87.2,20:11.770,10:35:11.770,0:21.690,0:33.999,2:26.912,259.0,Davide RIGON,,LMGT3,,AF Corse,Ferrari,GF,21.690,33.999,146.912,
51,2,11,2:03.047,0,,36.906,0,34.994,0,51.147,0,143.6,22:14.817,10:37:14.817,0:36.906,0:34.994,0:51.147,176.8,Conrad LAURSEN,0:01:55.964,LMGT3,,AF Corse,Ferrari,GF,36.906,34.994,51.147,
51,2,12,1:45.014,0,,21.886,0,34.463,0,48.665,0,168.3,23:59.831,10:38:59.831,0:21.886,0:34.463,0:48.665,260.2,Conrad LAURSEN,,LMGT3,,AF Corse,Ferrari,GF,21.886,34.463,48.665,
51,2,13,1:44.357,0,,21.773,0,34.479,0,48.105,1,169.3,25:44.188,10:40:44.188,0:21.773,0:34.479,0:48.105,259.6,Conrad LAURSEN,,LMGT3,,AF Corse,Ferrari,GF,21.773,34.479,48.105,
51,2,14,1:45.374,0,,22.501,0,34.484,0,48.389,0,167.7,27:29.562,10:42:29.562,0:22.501,0:34.484,0:48.389,259.6,Conrad LAURSEN,,LMGT3,,AF Corse,Ferrari,GF,22.501,34.484,48.389,
51,2,15,7:18.903,0,B,21.824,0,34.918,0,6:22.161,0,40.3,34:48.465,10:49:48.465,0:21.824,0:34.918,6:22.161,260.2,Conrad LAURSEN,,LMGT3,,AF Corse,Ferrari,GF,21.824,34.918,382.161,
51,2,16,2:00.199,0,,36.500,0,35.185,0,48.514,0,147.0,36:48.664,10:51:48.664,0:36.500,0:35.185,0:48.514,177.0,Conrad LAURSEN,0:05:50.692,LMGT3,,AF Corse,Ferrari,GF,36.500,35.185,48.514,
51,2,17,1:44.763,0,,21.663,1,34.567,0,48.533,0,168.7,38:33.427,10:53:33.427,0:21.663,0:34.567,0:48.533,260.2,Conrad LAURSEN,,LMGT3,,AF Corse,Ferrari,GF,21.663,34.567,48.533,
51,2,18,1:44.540,0,,21.770,0,34.329,1,48.441,0,169.0,40:17.967,10:55:17.967,0:21.770,0:34.329,0:48.441,260.9,Conrad LAURSEN,,LMGT3,,AF Corse,Ferrari,GF,21.770,34.329,48.441,
51,2,19,1:44.521,0,,21.724,0,34.400,0,48.397,0,169.1,42:02.488,10:57:02.488,0:21.724,0:34.400,0:48.397,262.1,Conrad LAURSEN,,LMGT3,,AF Corse,Ferrari,GF,21.724,34.400,48.397,
51,2,20,1:45.821,0,,21.708,0,35.024,0,49.089,0,167.0,43:48.309,10:58:48.309,0:21.708,0:35.024,0:49.089,261.5,Conrad LAURSEN,,LMGT3,,AF Corse,Ferrari,GF,21.708,35.024,49.089,
51,2,21,1:44.667,0,,21.889,0,34.583,0,48.195,0,168.8,45:32.976,11:00:32.976,0:21.889,0:34.583,0:48.195,262.1,Conrad LAURSEN,,LMGT3,,AF Corse,Ferrari,GF,21.889,34.583,48.195,
51,2,22,1:44.975,0,,22.022,0,34.515,0,48.438,0,168.3,47:17.951,11:02:17.951,0:22.022,0:34.515,0:48.438,259.6,Conrad LAURSEN,,LMGT3,,AF Corse,Ferrari,GF,22.022,34.515,48.438,
51,2,23,1:47.296,0,,22.264,0,35.843,0,49.189,0,164.7,49:05.247,11:04:05.247,0:22.264,0:35.843,0:49.189,262.1,Conrad LAURSEN,,LMGT3,,AF Corse,Ferrari,GF,22.264,35.843,49.189,
51,2,24,1:44.948,0,,21.762,0,34.790,0,48.396,0,168.4,50:50.195,11:05:50.195,0:21.762,0:34.790,0:48.396,260.9,Conrad LAURSEN,,LMGT3,,AF Corse,Ferrari,GF,21.762,34.790,48.396,
51,2,25,6:40.433,0,B,21.886,0,34.847,0,5:43.700,0,44.1,57:30.628,11:12:30.628,0:21.886,0:34.847,5:43.700,261.5,Conrad LAURSEN,,LMGT3,,AF Corse,Ferrari,GF,21.886,34.847,343.700,
51,1,26,2:07.019,0,,39.193,0,36.986,0,50.840,0,139.1,59:37.647,11:14:37.647,0:39.193,0:36.986,0:50.840,176.2,Charles-Henri SAMANI,0:05:12.065,LMGT3,,AF Corse,Ferrari,GF,39.193,36.986,50.840,
51,1,27,1:49.684,0,,22.638,0,36.092,0,50.954,0,161.1,1:01:27.331,11:16:27.331,0:22.638,0:36.092,0:50.954,259.0,Charles-Henri SAMANI,,LMGT3,,AF Corse,Ferrari,GF,22.638,36.092,50.954,
51,1,28,1:49.782,0,,23.112,0,36.162,0,50.508,0,161.0,1:03:17.113,11:18:17.113,0:23.112,0:36.162,0:50.508,263.4,Charles-Henri SAMANI,,LMGT3,,AF Corse,Ferrari,GF,23.112,36.162,50.508,
51,1,29,1:50.413,0,,23.343,0,36.579,0,50.491,0,160.1,1:05:07.526,11:20:07.526,0:23.343,0:36.579,0:50.491,260.2,Charles-Henri SAMANI,,LMGT3,,AF Corse,Ferrari,GF,23.343,36.579,50.491,
51,1,30,1:53.135,0,,23.167,0,38.030,0,51.938,0,156.2,1:07:00.661,11:22:00.661,0:23.167,0:38.030,0:51.938,260.9,Charles-Henri SAMANI,,LMGT3,,AF Corse,Ferrari,GF,23.167,38.030,51.938,
51,1,31,1:49.969,0,,22.820,0,36.255,0,50.894,0,160.7,1:08:50.630,11:23:50.630,0:22.820,0:36.255,0:50.894,261.5,Charles-Henri SAMANI,,LMGT3,,AF Corse,Ferrari,GF,22.820,36.255,50.894,
51,1,32,2:51.825,0,B,23.044,0,36.508,0,1:52.273,0,102.9,1:11:42.455,11:26:42.455,0:23.044,0:36.508,1:52.273,260.9,Charles-Henri SAMANI,,LMGT3,,AF Corse,Ferrari,GF,23.044,36.508,112.273,
51,1,33,2:05.416,0,,38.916,0,36.268,0,50.232,0,140.9,1:13:47.871,11:28:47.871,0:38.916,0:36.268,0:50.232,175.0,Charles-Henri SAMANI,0:01:17.959,LMGT3,,AF Corse,Ferrari,GF,38.916,36.268,50.232,
51,1,34,1:47.989,0,,22.567,0,35.301,0,50.121,0,163.7,1:15:35.860,11:30:35.860,0:22.567,0:35.301,0:50.121,260.9,Charles-Henri SAMANI,,LMGT3,,AF Corse,Ferrari,GF,22.567,35.301,50.121,
51,1,35,1:46.520,0,,22.593,0,34.918,0,49.009,0,165.9,1:17:22.380,11:32:22.380,0:22.593,0:34.918,0:49.009,260.2,Charles-Henri SAMANI,,LMGT3,,AF Corse,Ferrari,GF,22.593,34.918,49.009,
51,1,36,1:46.022,0,,22.410,0,34.470,0,49.142,0,166.7,1:19:08.402,11:34:08.402,0:22.410,0:34.470,0:49.142,259.6,Charles-Henri SAMANI,,LMGT3,,AF Corse,Ferrari,GF,22.410,34.470,49.142,
51,1,37,1:46.296,0,,22.310,0,35.046,0,48.940,0,166.3,1:20:54.698,11:35:54.698,0:22.310,0:35.046,0:48.940,260.2,Charles-Henri SAMANI,,LMGT3,,AF Corse,Ferrari,GF,22.310,35.046,48.940,
51,1,38,1:45.841,0,,22.284,0,34.547,0,49.010,0,167.0,1:22:40.539,11:37:40.539,0:22.284,0:34.547,0:49.010,259.6,Charles-Henri SAMANI,,LMGT3,,AF Corse,Ferrari,GF,22.284,34.547,49.010,
51,1,39,1:45.483,0,,22.280,0,34.459,1,48.744,1,167.5,1:24:26.022,11:39:26.022,0:22.280,0:34.459,0:48.744,260.2,Charles-Henri SAMANI,,LMGT3,,AF Corse,Ferrari,GF,22.280,34.459,48.744,
51,1,40,1:45.332,0,,21.930,1,34.541,0,48.861,0,167.8,1:26:11.354,11:41:11.354,0:21.930,0:34.541,0:48.861,261.5,Charles-Henri SAMANI,,LMGT3,,AF Corse,Ferrari,GF,21.930,34.541,48.861,
55,3,1,9:41.501,0,,8:14.983,0,36.428,0,50.090,0,29.0,9:41.501,10:24:41.501,8:14.983,0:36.428,0:50.090,160.2,Matthew GRIFFIN,0:07:49.986,LMGT3,,Spirit of Race,Ferrari,GF,494.983,36.428,50.090,
55,3,2,1:45.711,0,,22.423,0,34.387,0,48.901,0,167.2,11:27.212,10:26:27.212,0:22.423,0:34.387,0:48.901,259.0,Matthew GRIFFIN,,LMGT3,,Spirit of Race,Ferrari,GF,22.423,34.387,48.901,
55,3,3,1:44.929,0,,22.049,0,34.245,0,48.635,0,168.4,13:12.141,10:28:12.141,0:22.049,0:34.245,0:48.635,259.0,Matthew GRIFFIN,,LMGT3,,Spirit of Race,Ferrari,GF,22.049,34.245,48.635,
55,3,4,1:45.322,0,,21.926,0,34.229,0,49.167,0,167.8,14:57.463,10:29:57.463,0:21.926,0:34.229,0:49.167,258.4,Matthew GRIFFIN,,LMGT3,,Spirit of Race,Ferrari,GF,21.926,34.229,49.167,
55,3,5,1:44.589,0,,21.959,0,34.064,2,48.566,0,169.0,16:42.052,10:31:42.052,0:21.959,0:34.064,0:48.566,258.4,Matthew GRIFFIN,,LMGT3,,Spirit of Race,Ferrari,GF,21.959,34.064,48.566,
55,3,6,1:46.929,0,,21.916,0,34.202,0,50.811,0,165.3,18:28.981,10:33:28.981,0:21.916,0:34.202,0:50.811,257.8,Matthew GRIFFIN,,LMGT3,,Spirit of Race,Ferrari,GF,21.916,34.202,50.811,
55,3,7,1:45.137,0,,21.858,0,34.390,0,48.889,0,168.1,20:14.118,10:35:14.118,0:21.858,0:34.390,0:48.889,260.9,Matthew GRIFFIN,,LMGT3,,Spirit of Race,Ferrari,GF,21.858,34.390,48.889,
55,3,8,1:44.361,0,,21.826,0,34.146,0,48.389,0,169.3,21:58.479,10:36:58.479,0:21.826,0:34.146,0:48.389,260.2,Matthew GRIFFIN,,LMGT3,,Spirit of Race,Ferrari,GF,21.826,34.146,48.389,
55,3,9,2:57.396,0,B,22.073,0,34.266,0,2:01.057,0,99.6,24:55.875,10:39:55.875,0:22.073,0:34.266,2:01.057,259.0,Matthew GRIFFIN,,LMGT3,,Spirit of Race,Ferrari,GF,22.073,34.266,121.057,
55,2,10,2:02.851,0,,38.237,0,34.907,0,49.707,0,143.9,26:58.726,10:41:58.726,0:38.237,0:34.907,0:49.707,138.5,David PEREL,0:01:29.505,LMGT3,,Spirit of Race,Ferrari,GF,38.237,34.907,49.707,
55,2,11,1:45.065,0,,22.098,0,34.393,0,48.574,0,168.2,28:43.791,10:43:43.791,0:22.098,0:34.393,0:48.574,260.2,David PEREL,,LMGT3,,Spirit of Race,Ferrari,GF,22.098,34.393,48.574,
55,2,12,1:45.096,0,,22.000,0,34.451,0,48.645,0,168.2,30:28.887,10:45:28.887,0:22.000,0:34.451,0:48.645,259.6,David PEREL,,LMGT3,,Spirit of Race,Ferrari,GF,22.000,34.451,48.645,
55,2,13,1:44.742,0,,22.050,0,34.260,1,48.432,0,168.7,32:13.629,10:47:13.629,0:22.050,0:34.260,0:48.432,258.4,David PEREL,,LMGT3,,Spirit of Race,Ferrari,GF,22.050,34.260,48.432,
55,2,14,1:46.137,0,,21.951,0,35.276,0,48.910,0,166.5,33:59.766,10:48:59.766,0:21.951,0:35.276,0:48.910,260.2,David PEREL,,LMGT3,,Spirit of Race,Ferrari,GF,21.951,35.276,48.910,
55,2,15,1:44.895,0,,22.005,0,34.446,0,48.444,0,168.5,35:44.661,10:50:44.661,0:22.005,0:34.446,0:48.444,259.6,David PEREL,,LMGT3,,Spirit of Race,Ferrari,GF,22.005,34.446,48.444,
55,2,16,1:44.592,0,,21.932,1,34.311,0,48.349,1,169.0,37:29.253,10:52:29.253,0:21.932,0:34.311,0:48.349,259.6,David PEREL,,LMGT3,,Spirit of Race,Ferrari,GF,21.932,34.311,48.349,
55,2,17,3:16.844,0,B,22.457,0,38.424,0,2:15.963,0,89.8,40:46.097,10:55:46.097,0:22.457,0:38.424,2:15.963,260.2,David PEREL,,LMGT3,,Spirit of Race,Ferrari,GF,22.457,38.424,135.963,
55,1,18,2:08.702,0,,40.631,0,37.106,0,50.965,0,137.3,42:54.799,10:57:54.799,0:40.631,0:37.106,0:50.965,101.5,Duncan CAMERON,0:01:44.735,LMGT3,,Spirit of Race,Ferrari,GF,40.631,37.106,50.965,
55,1,19,1:51.963,0,,23.415,0,36.533,0,52.015,0,157.8,44:46.762,10:59:46.762,0:23.415,0:36.533,0:52.015,257.1,Duncan CAMERON,,LMGT3,,Spirit of Race,Ferrari,GF,23.415,36.533,52.015,
55,1,20,1:48.974,0,,23.482,0,35.460,0,50.032,0,162.2,46:35.736,11:01:35.736,0:23.482,0:35.460,0:50.032,255.9,Duncan CAMERON,,LMGT3,,Spirit of Race,Ferrari,GF,23.482,35.460,50.032,
55,1,21,1:47.748,0,,22.612,0,35.171,0,49.965,0,164.0,48:23.484,11:03:23.484,0:22.612,0:35.171,0:49.965,260.2,Duncan CAMERON,,LMGT3,,Spirit of Race,Ferrari,GF,22.612,35.171,49.965,
55,1,22,1:48.414,0,,22.653,0,35.555,0,50.206,0,163.0,50:11.898,11:05:11.898,0:22.653,0:35.555,0:50.206,258.4,Duncan CAMERON,,LMGT3,,Spirit of Race,Ferrari,GF,22.653,35.555,50.206,
55,1,23,1:48.422,0,,22.641,0,35.813,0,49.968,0,163.0,52:00.320,11:07:00.320,0:22.641,0:35.813,0:49.968,259.6,Duncan CAMERON,,LMGT3,,Spirit of Race,Ferrari,GF,22.641,35.813,49.968,
55,1,24,3:04.610,0,,23.426,0,1:03.026,0,1:38.158,0,95.7,55:04.930,11:10:04.930,0:23.426,1:03.026,1:38.158,260.2,Duncan CAMERON,,LMGT3,,Spirit of Race,Ferrari,FCY,23.426,63.026,98.158,
55,1,25,3:07.999,0,,54.589,0,1:08.110,0,1:05.300,0,94.0,58:12.929,11:13:12.929,0:54.589,1:08.110,1:05.300,81.7,Duncan CAMERON,,LMGT3,,Spirit of Race,Ferrari,GF,54.589,68.110,65.300,
55,1,26,1:49.157,0,,23.397,0,35.919,0,49.841,0,161.9,1:00:02.086,11:15:02.086,0:23.397,0:35.919,0:49.841,246.0,Duncan CAMERON,,LMGT3,,Spirit of Race,Ferrari,GF,23.397,35.919,49.841,
55,1,27,1:48.016,0,,22.533,0,35.887,0,49.596,0,163.6,1:01:50.102,11:16:50.102,0:22.533,0:35.887,0:49.596,259.0,Duncan CAMERON,,LMGT3,,Spirit of Race,Ferrari,GF,22.533,35.887,49.596,
55,1,28,1:47.405,0,,22.468,0,35.302,0,49.635,0,164.5,1:03:37.507,11:18:37.507,0:22.468,0:35.302,0:49.635,259.6,Duncan CAMERON,,LMGT3,,Spirit of Race,Ferrari,GF,22.468,35.302,49.635,
55,1,29,2:49.671,0,B,22.515,0,35.545,0,1:51.611,0,104.2,1:06:27.178,11:21:27.178,0:22.515,0:35.545,1:51.611,259.6,Duncan CAMERON,,LMGT3,,Spirit of Race,Ferrari,GF,22.515,35.545,111.611,
55,1,30,2:04.998,0,,38.246,0,36.277,0,50.475,0,141.4,1:08:32.176,11:23:32.176,0:38.246,0:36.277,0:50.475,173.4,Duncan CAMERON,0:01:18.192,LMGT3,,Spirit of Race,Ferrari,GF,38.246,36.277,50.475,
55,1,31,1:46.936,0,,22.511,0,35.141,0,49.284,0,165.3,1:10:19.112,11:25:19.112,0:22.511,0:35.141,0:49.284,259.6,Duncan CAMERON,,LMGT3,,Spirit of Race,Ferrari,GF,22.511,35.141,49.284,
55,1,32,1:46.368,0,,22.334,0,34.857,1,49.177,0,166.1,1:12:05.480,11:27:05.480,0:22.334,0:34.857,0:49.177,259.6,Duncan CAMERON,,LMGT3,,Spirit of Race,Ferrari,GF,22.334,34.857,49.177,
55,1,33,1:48.133,0,,22.316,0,36.695,0,49.122,0,163.4,1:13:53.613,11:28:53.613,0:22.316,0:36.695,0:49.122,259.6,Duncan CAMERON,,LMGT3,,Spirit of Race,Ferrari,GF,22.316,36.695,49.122,
55,1,34,1:48.239,0,,22.378,0,36.799,0,49.062,1,163.3,1:15:41.852,11:30:41.852,0:22.378,0:36.799,0:49.062,259.6,Duncan CAMERON,,LMGT3,,Spirit of Race,Ferrari,GF,22.378,36.799,49.062,
55,1,35,1:47.430,0,,22.344,0,35.477,0,49.609,0,164.5,1:17:29.282,11:32:29.282,0:22.344,0:35.477,0:49.609,260.9,Duncan CAMERON,,LMGT3,,Spirit of Race,Ferrari,GF,22.344,35.477,49.609,
55,1,36,1:48.312,0,,22.309,1,35.337,0,50.666,0,163.2,1:19:17.594,11:34:17.594,0:22.309,0:35.337,0:50.666,259.0,Duncan CAMERON,,LMGT3,,Spirit of Race,Ferrari,GF,22.309,35.337,50.666,
55,1,37,3:01.533,0,B,22.732,0,37.317,0,2:01.484,0,97.4,1:22:19.127,11:37:19.127,0:22.732,0:37.317,2:01.484,259.0,Duncan CAMERON,,LMGT3,,Spirit of Race,Ferrari,GF,22.732,37.317,121.484,
55,3,38,2:00.411,0,,36.899,0,35.101,0,48.411,0,146.8,1:24:19.538,11:39:19.538,0:36.899,0:35.101,0:48.411,175.6,Matthew GRIFFIN,0:01:29.654,LMGT3,,Spirit of Race,Ferrari,GF,36.899,35.101,48.411,
55,3,39,1:44.329,2,,21.967,0,34.101,0,48.261,2,169.4,1:26:03.867,11:41:03.867,0:21.967,0:34.101,0:48.261,260.9,Matthew GRIFFIN,,LMGT3,,Spirit of Race,Ferrari,GF,21.967,34.101,48.261,
55,3,40,1:45.235,0,,22.058,0,34.517,0,48.660,0,167.9,1:27:49.102,11:42:49.102,0:22.058,0:34.517,0:48.660,262.8,Matthew GRIFFIN,,LMGT3,,Spirit of Race,Ferrari,GF,22.058,34.517,48.660,
55,3,41,1:46.026,0,,22.116,0,35.515,0,48.395,0,166.7,1:29:35.128,11:44:35.128,0:22.116,0:35.515,0:48.395,260.9,Matthew GRIFFIN,,LMGT3,,Spirit of Race,Ferrari,GF,22.116,35.515,48.395,
55,3,42,1:44.730,0,,21.781,2,34.432,0,48.517,0,168.7,1:31:19.858,11:46:19.858,0:21.781,0:34.432,0:48.517,260.9,Matthew GRIFFIN,,LMGT3,,Spirit of Race,Ferrari,FF,21.781,34.432,48.517,
57,3,1,2:47.192,0,,1:17.240,0,38.235,0,51.717,0,101.0,2:47.192,10:17:47.192,1:17.240,0:38.235,0:51.717,125.9,Daniel SERRA,0:00:45.544,LMGT3,,Kessel Racing,Ferrari,GF,77.240,38.235,51.717,
57,3,2,1:49.275,0,,22.759,0,35.567,0,50.949,0,161.7,4:36.467,10:19:36.467,0:22.759,0:35.567,0:50.949,257.1,Daniel SERRA,,LMGT3,,Kessel Racing,Ferrari,GF,22.759,35.567,50.949,
57,3,3,1:43.963,0,,21.691,0,34.065,0,48.207,0,170.0,6:20.430,10:21:20.430,0:21.691,0:34.065,0:48.207,261.5,Daniel SERRA,,LMGT3,,Kessel Racing,Ferrari,GF,21.691,34.065,48.207,
57,3,4,1:43.445,0,,21.590,0,33.742,0,48.113,0,170.8,8:03.875,10:23:03.875,0:21.590,0:33.742,0:48.113,260.2,Daniel SERRA,,LMGT3,,Kessel Racing,Ferrari,GF,21.590,33.742,48.113,
57,3,5,1:43.021,2,,21.586,0,33.590,2,47.845,2,171.5,9:46.896,10:24:46.896,0:21.586,0:33.590,0:47.845,259.6,Daniel SERRA,,LMGT3,,Kessel Racing,Ferrari,GF,21.586,33.590,47.845,
57,3,6,1:43.220,0,,21.592,0,33.763,0,47.865,0,171.2,11:30.116,10:26:30.116,0:21.592,0:33.763,0:47.865,259.6,Daniel SERRA,,LMGT3,,Kessel Racing,Ferrari,GF,21.592,33.763,47.865,
57,3,7,1:45.256,0,,21.514,2,33.855,0,49.887,0,167.9,13:15.372,10:28:15.372,0:21.514,0:33.855,0:49.887,260.2,Daniel SERRA,,LMGT3,,Kessel Racing,Ferrari,GF,21.514,33.855,49.887,
57,3,8,1:43.329,0,,21.594,0,33.890,0,47.845,0,171.0,14:58.701,10:29:58.701,0:21.594,0:33.890,0:47.845,260.9,Daniel SERRA,,LMGT3,,Kessel Racing,Ferrari,GF,21.594,33.890,47.845,
57,3,9,1:45.885,0,,21.553,0,33.724,0,50.608,0,166.9,16:44.586,10:31:44.586,0:21.553,0:33.724,0:50.608,262.1,Daniel SERRA,,LMGT3,,Kessel Racing,Ferrari,GF,21.553,33.724,50.608,
57,3,10,1:43.295,0,,21.564,0,33.715,0,48.016,0,171.1,18:27.881,10:33:27.881,0:21.564,0:33.715,0:48.016,260.2,Daniel SERRA,,LMGT3,,Kessel Racing,Ferrari,GF,21.564,33.715,48.016,
57,3,11,1:43.903,0,,21.601,0,34.018,0,48.284,0,170.1,20:11.784,10:35:11.784,0:21.601,0:34.018,0:48.284,259.6,Daniel SERRA,,LMGT3,,Kessel Racing,Ferrari,GF,21.601,34.018,48.284,
57,3,12,1:43.606,0,,21.721,0,33.911,0,47.974,0,170.6,21:55.390,10:36:55.390,0:21.721,0:33.911,0:47.974,260.9,Daniel SERRA,,LMGT3,,Kessel Racing,Ferrari,GF,21.721,33.911,47.974,
57,3,13,1:43.868,0,,21.625,0,33.909,0,48.334,0,170.1,23:39.258,10:38:39.258,0:21.625,0:33.909,0:48.334,259.0,Daniel SERRA,,LMGT3,,Kessel Racing,Ferrari,GF,21.625,33.909,48.334,
57,3,14,1:43.600,0,,21.585,0,34.166,0,47.849,0,170.6,25:22.858,10:40:22.858,0:21.585,0:34.166,0:47.849,259.6,Daniel SERRA,,LMGT3,,Kessel Racing,Ferrari,GF,21.585,34.166,47.849,
57,3,15,2:00.798,0,B,21.809,0,34.173,0,1:04.816,0,146.3,27:23.656,10:42:23.656,0:21.809,0:34.173,1:04.816,260.2,Daniel SERRA,,LMGT3,,Kessel Racing,Ferrari,GF,21.809,34.173,64.816,
57,2,16,2:59.169,0,B,1:18.426,0,35.206,0,1:05.537,0,98.6,30:22.825,10:45:22.825,1:18.426,0:35.206,1:05.537,175.0,Ben TUCK,0:01:15.207,LMGT3,,Kessel Racing,Ferrari,GF,78.426,35.206,65.537,
57,2,17,2:45.758,0,,1:22.679,0,34.492,0,48.587,0,106.6,33:08.583,10:48:08.583,1:22.679,0:34.492,0:48.587,174.5,Ben TUCK,0:01:19.251,LMGT3,,Kessel Racing,Ferrari,GF,82.679,34.492,48.587,
57,2,18,1:45.306,0,,21.864,0,34.648,0,48.794,0,167.8,34:53.889,10:49:53.889,0:21.864,0:34.648,0:48.794,261.5,Ben TUCK,,LMGT3,,Kessel Racing,Ferrari,GF,21.864,34.648,48.794,
57,2,19,1:45.162,0,,21.670,0,34.157,0,49.335,0,168.0,36:39.051,10:51:39.051,0:21.670,0:34.157,0:49.335,262.1,Ben TUCK,,LMGT3,,Kessel Racing,Ferrari,GF,21.670,34.157,49.335,
57,2,20,1:44.967,0,,21.806,0,34.393,0,48.768,0,168.4,38:24.018,10:53:24.018,0:21.806,0:34.393,0:48.768,263.4,Ben TUCK,,LMGT3,,Kessel Racing,Ferrari,GF,21.806,34.393,48.768,
57,2,21,2:00.435,0,B,21.676,0,34.483,0,1:04.276,0,146.7,40:24.453,10:55:24.453,0:21.676,0:34.483,1:04.276,260.9,Ben TUCK,,LMGT3,,Kessel Racing,Ferrari,GF,21.676,34.483,64.276,
57,2,22,2:34.496,0,,1:11.627,0,34.551,0,48.318,0,114.4,42:58.949,10:57:58.949,1:11.627,0:34.551,0:48.318,175.9,Ben TUCK,0:01:08.707,LMGT3,,Kessel Racing,Ferrari,GF,71.627,34.551,48.318,
57,2,23,1:45.531,0,,21.678,0,34.595,0,49.258,0,167.5,44:44.480,10:59:44.480,0:21.678,0:34.595,0:49.258,260.9,Ben TUCK,,LMGT3,,Kessel Racing,Ferrari,GF,21.678,34.595,49.258,
57,2,24,1:44.207,0,,21.722,0,34.299,0,48.186,1,169.6,46:28.687,11:01:28.687,0:21.722,0:34.299,0:48.186,263.4,Ben TUCK,,LMGT3,,Kessel Racing,Ferrari,GF,21.722,34.299,48.186,
57,2,25,2:00.439,0,B,21.822,0,34.365,0,1:04.252,0,146.7,48:29.126,11:03:29.126,0:21.822,0:34.365,1:04.252,260.9,Ben TUCK,,LMGT3,,Kessel Racing,Ferrari,GF,21.822,34.365,64.252,
57,2,26,2:54.991,0,,1:29.576,0,35.206,0,50.209,0,101.0,51:24.117,11:06:24.117,1:29.576,0:35.206,0:50.209,174.8,Ben TUCK,0:01:25.361,LMGT3,,Kessel Racing,Ferrari,GF,89.576,35.206,50.209,
57,2,27,2:31.829,0,B,21.849,0,35.060,0,1:34.920,0,116.4,53:55.946,11:08:55.946,0:21.849,0:35.060,1:34.920,260.9,Ben TUCK,,LMGT3,,Kessel Racing,Ferrari,FCY,21.849,35.060,94.920,
57,2,28,3:40.866,0,,58.745,0,1:08.106,0,1:34.015,0,80.0,57:36.812,11:12:36.812,0:58.745,1:08.106,1:34.015,80.1,Ben TUCK,0:00:33.163,LMGT3,,Kessel Racing,Ferrari,GF,58.745,68.106,94.015,
57,2,29,1:48.924,0,,23.568,0,35.281,0,50.075,0,162.2,59:25.736,11:14:25.736,0:23.568,0:35.281,0:50.075,234.8,Ben TUCK,,LMGT3,,Kessel Racing,Ferrari,GF,23.568,35.281,50.075,
57,2,30,1:45.535,0,,21.815,0,34.497,0,49.223,0,167.5,1:01:11.271,11:16:11.271,0:21.815,0:34.497,0:49.223,259.6,Ben TUCK,,LMGT3,,Kessel Racing,Ferrari,GF,21.815,34.497,49.223,
57,2,31,1:59.605,0,B,21.599,1,34.082,1,1:03.924,0,147.8,1:03:10.876,11:18:10.876,0:21.599,0:34.082,1:03.924,260.2,Ben TUCK,,LMGT3,,Kessel Racing,Ferrari,GF,21.599,34.082,63.924,
57,1,32,2:55.338,0,,1:25.524,0,36.646,0,53.168,0,100.8,1:06:06.214,11:21:06.214,1:25.524,0:36.646,0:53.168,159.3,Takeshi KIMURA,0:01:18.490,LMGT3,,Kessel Racing,Ferrari,GF,85.524,36.646,53.168,
57,1,33,1:48.849,0,,22.910,0,36.138,0,49.801,0,162.4,1:07:55.063,11:22:55.063,0:22.910,0:36.138,0:49.801,260.9,Takeshi KIMURA,,LMGT3,,Kessel Racing,Ferrari,GF,22.910,36.138,49.801,
57,1,34,1:46.289,0,,22.431,0,34.737,0,49.121,0,166.3,1:09:41.352,11:24:41.352,0:22.431,0:34.737,0:49.121,261.5,Takeshi KIMURA,,LMGT3,,Kessel Racing,Ferrari,GF,22.431,34.737,49.121,
57,1,35,1:53.666,0,,23.317,0,35.866,0,54.483,0,155.5,1:11:35.018,11:26:35.018,0:23.317,0:35.866,0:54.483,260.9,Takeshi KIMURA,,LMGT3,,Kessel Racing,Ferrari,GF,23.317,35.866,54.483,
57,1,36,1:51.198,0,,23.136,0,37.100,0,50.962,0,158.9,1:13:26.216,11:28:26.216,0:23.136,0:37.100,0:50.962,260.2,Takeshi KIMURA,,LMGT3,,Kessel Racing,Ferrari,GF,23.136,37.100,50.962,
57,1,37,2:05.103,0,B,22.262,0,35.030,0,1:07.811,0,141.3,1:15:31.319,11:30:31.319,0:22.262,0:35.030,1:07.811,259.6,Takeshi KIMURA,,LMGT3,,Kessel Racing,Ferrari,GF,22.262,35.030,67.811,
57,1,38,3:24.602,0,,1:56.817,0,37.350,0,50.435,0,86.4,1:18:55.921,11:33:55.921,1:56.817,0:37.350,0:50.435,175.6,Takeshi KIMURA,0:01:52.517,LMGT3,,Kessel Racing,Ferrari,GF,116.817,37.350,50.435,
57,1,39,1:45.513,0,,21.933,0,34.627,0,48.953,0,167.5,1:20:41.434,11:35:41.434,0:21.933,0:34.627,0:48.953,260.9,Takeshi KIMURA,,LMGT3,,Kessel Racing,Ferrari,GF,21.933,34.627,48.953,
57,1,40,1:44.593,0,,21.922,0,34.257,1,48.414,1,169.0,1:22:26.027,11:37:26.027,0:21.922,0:34.257,0:48.414,260.2,Takeshi KIMURA,,LMGT3,,Kessel Racing,Ferrari,GF,21.922,34.257,48.414,
57,1,41,1:45.097,0,,21.851,1,34.523,0,48.723,0,168.2,1:24:11.124,11:39:11.124,0:21.851,0:34.523,0:48.723,260.9,Takeshi KIMURA,,LMGT3,,Kessel Racing,Ferrari,GF,21.851,34.523,48.723,
57,1,42,1:44.914,0,,21.882,0,34.410,0,48.622,0,168.4,1:25:56.038,11:40:56.038,0:21.882,0:34.410,0:48.622,260.9,Takeshi KIMURA,,LMGT3,,Kessel Racing,Ferrari,GF,21.882,34.410,48.622,
57,1,43,1:44.833,0,,21.935,0,34.275,0,48.623,0,168.6,1:27:40.871,11:42:40.871,0:21.935,0:34.275,0:48.623,261.5,Takeshi KIMURA,,LMGT3,,Kessel Racing,Ferrari,GF,21.935,34.275,48.623,
57,1,44,1:46.866,0,,21.915,0,34.669,0,50.282,0,165.4,1:29:27.737,11:44:27.737,0:21.915,0:34.669,0:50.282,260.9,Takeshi KIMURA,,LMGT3,,Kessel Racing,Ferrari,GF,21.915,34.669,50.282,
57,1,45,1:47.632,0,,22.080,0,34.591,0,50.961,0,164.2,1:31:15.369,11:46:15.369,0:22.080,0:34.591,0:50.961,262.1,Takeshi KIMURA,,LMGT3,,Kessel Racing,Ferrari,FF,22.080,34.591,50.961,
59,2,1,2:33.506,0,,1:06.610,0,36.440,0,50.456,0,110.0,2:33.506,10:17:33.506,1:06.610,0:36.440,0:50.456,170.1,Erwan BASTARD,0:00:40.768,LMGT3,,Racing Spirit of Leman,Aston Martin,GF,66.610,36.440,50.456,
59,2,2,1:45.115,0,,22.188,0,34.511,0,48.416,0,168.1,4:18.621,10:19:18.621,0:22.188,0:34.511,0:48.416,258.4,Erwan BASTARD,,LMGT3,,Racing Spirit of Leman,Aston Martin,GF,22.188,34.511,48.416,
59,2,3,1:45.744,0,,22.055,0,34.035,0,49.654,0,167.1,6:04.365,10:21:04.365,0:22.055,0:34.035,0:49.654,259.6,Erwan BASTARD,,LMGT3,,Racing Spirit of Leman,Aston Martin,GF,22.055,34.035,49.654,
59,2,4,1:43.586,0,,21.846,0,33.721,2,48.019,0,170.6,7:47.951,10:22:47.951,0:21.846,0:33.721,0:48.019,260.2,Erwan BASTARD,,LMGT3,,Racing Spirit of Leman,Aston Martin,GF,21.846,33.721,48.019,
59,2,5,1:44.101,0,,21.789,0,33.927,0,48.385,0,169.8,9:32.052,10:24:32.052,0:21.789,0:33.927,0:48.385,260.2,Erwan BASTARD,,LMGT3,,Racing Spirit of Leman,Aston Martin,GF,21.789,33.927,48.385,
59,2,6,1:43.678,0,,21.958,0,33.877,0,47.843,1,170.5,11:15.730,10:26:15.730,0:21.958,0:33.877,0:47.843,260.9,Erwan BASTARD,,LMGT3,,Racing Spirit of Leman,Aston Martin,GF,21.958,33.877,47.843,
59,2,7,1:43.703,0,,21.828,0,33.744,0,48.131,0,170.4,12:59.433,10:27:59.433,0:21.828,0:33.744,0:48.131,260.9,Erwan BASTARD,,LMGT3,,Racing Spirit of Leman,Aston Martin,GF,21.828,33.744,48.131,
59,2,8,1:43.889,0,,21.830,0,33.876,0,48.183,0,170.1,14:43.322,10:29:43.322,0:21.830,0:33.876,0:48.183,259.6,Erwan BASTARD,,LMGT3,,Racing Spirit of Leman,Aston Martin,GF,21.830,33.876,48.183,
59,2,9,1:44.202,0,,21.844,0,33.997,0,48.361,0,169.6,16:27.524,10:31:27.524,0:21.844,0:33.997,0:48.361,259.0,Erwan BASTARD,,LMGT3,,Racing Spirit of Leman,Aston Martin,GF,21.844,33.997,48.361,
59,2,10,1:45.096,0,,22.194,0,34.206,0,48.696,0,168.2,18:12.620,10:33:12.620,0:22.194,0:34.206,0:48.696,260.2,Erwan BASTARD,,LMGT3,,Racing Spirit of Leman,Aston Martin,GF,22.194,34.206,48.696,
59,2,11,1:43.789,0,,21.752,1,33.934,0,48.103,0,170.3,19:56.409,10:34:56.409,0:21.752,0:33.934,0:48.103,260.9,Erwan BASTARD,,LMGT3,,Racing Spirit of Leman,Aston Martin,GF,21.752,33.934,48.103,
59,2,12,1:44.327,0,,21.829,0,33.976,0,48.522,0,169.4,21:40.736,10:36:40.736,0:21.829,0:33.976,0:48.522,260.2,Erwan BASTARD,,LMGT3,,Racing Spirit of Leman,Aston Martin,GF,21.829,33.976,48.522,
59,2,13,3:47.366,0,B,21.856,0,34.196,0,2:51.314,0,77.7,25:28.102,10:40:28.102,0:21.856,0:34.196,2:51.314,259.0,Erwan BASTARD,,LMGT3,,Racing Spirit of Leman,Aston Martin,GF,21.856,34.196,171.314,
59,1,14,2:05.787,0,,38.640,0,36.984,0,50.163,0,140.5,27:33.889,10:42:33.889,0:38.640,0:36.984,0:50.163,175.3,Clément MATEU,0:02:19.955,LMGT3,,Racing Spirit of Leman,Aston Martin,GF,38.640,36.984,50.163,
59,1,15,1:48.383,0,,22.763,0,35.283,0,50.337,0,163.1,29:22.272,10:44:22.272,0:22.763,0:35.283,0:50.337,259.6,Clément MATEU,,LMGT3,,Racing Spirit of Leman,Aston Martin,GF,22.763,35.283,50.337,
59,1,16,1:50.251,0,,22.853,0,35.287,0,52.111,0,160.3,31:12.523,10:46:12.523,0:22.853,0:35.287,0:52.111,259.0,Clément MATEU,,LMGT3,,Racing Spirit of Leman,Aston Martin,GF,22.853,35.287,52.111,
59,1,17,1:48.306,0,,22.586,0,35.854,0,49.866,0,163.2,33:00.829,10:48:00.829,0:22.586,0:35.854,0:49.866,259.0,Clément MATEU,,LMGT3,,Racing Spirit of Leman,Aston Martin,GF,22.586,35.854,49.866,
59,1,18,1:48.989,0,,23.500,0,35.716,0,49.773,0,162.1,34:49.818,10:49:49.818,0:23.500,0:35.716,0:49.773,237.9,Clément MATEU,,LMGT3,,Racing Spirit of Leman,Aston Martin,GF,23.500,35.716,49.773,
59,1,19,1:50.255,0,,22.620,0,36.168,0,51.467,0,160.3,36:40.073,10:51:40.073,0:22.620,0:36.168,0:51.467,262.8,Clément MATEU,,LMGT3,,Racing Spirit of Leman,Aston Martin,GF,22.620,36.168,51.467,
59,1,20,1:46.689,0,,22.424,0,34.909,0,49.356,0,165.6,38:26.762,10:53:26.762,0:22.424,0:34.909,0:49.356,264.7,Clément MATEU,,LMGT3,,Racing Spirit of Leman,Aston Martin,GF,22.424,34.909,49.356,
59,1,21,1:46.587,0,,22.424,0,34.781,0,49.382,0,165.8,40:13.349,10:55:13.349,0:22.424,0:34.781,0:49.382,264.1,Clément MATEU,,LMGT3,,Racing Spirit of Leman,Aston Martin,GF,22.424,34.781,49.382,
59,1,22,1:46.682,0,,22.318,0,34.857,0,49.507,0,165.7,42:00.031,10:57:00.031,0:22.318,0:34.857,0:49.507,260.2,Clément MATEU,,LMGT3,,Racing Spirit of Leman,Aston Martin,GF,22.318,34.857,49.507,
59,1,23,1:47.672,0,,22.499,0,35.401,0,49.772,0,164.1,43:47.703,10:58:47.703,0:22.499,0:35.401,0:49.772,259.0,Clément MATEU,,LMGT3,,Racing Spirit of Leman,Aston Martin,GF,22.499,35.401,49.772,
59,1,24,1:48.358,0,,22.425,0,35.826,0,50.107,0,163.1,45:36.061,11:00:36.061,0:22.425,0:35.826,0:50.107,261.5,Clément MATEU,,LMGT3,,Racing Spirit of Leman,Aston Martin,GF,22.425,35.826,50.107,
59,1,25,2:59.483,0,B,22.304,0,35.110,0,2:02.069,0,98.5,48:35.544,11:03:35.544,0:22.304,0:35.110,2:02.069,261.5,Clément MATEU,,LMGT3,,Racing Spirit of Leman,Aston Martin,GF,22.304,35.110,122.069,
59,3,26,2:02.089,0,,37.486,0,34.811,0,49.792,0,144.8,50:37.633,11:05:37.633,0:37.486,0:34.811,0:49.792,179.4,Valentin HASSE CLOT,0:01:29.971,LMGT3,,Racing Spirit of Leman,Aston Martin,GF,37.486,34.811,49.792,
59,3,27,1:43.639,0,,21.668,0,34.066,0,47.905,0,170.5,52:21.272,11:07:21.272,0:21.668,0:34.066,0:47.905,260.2,Valentin HASSE CLOT,,LMGT3,,Racing Spirit of Leman,Aston Martin,GF,21.668,34.066,47.905,
59,3,28,3:24.823,0,,38.341,0,1:08.294,0,1:38.188,0,86.3,55:46.095,11:10:46.095,0:38.341,1:08.294,1:38.188,243.8,Valentin HASSE CLOT,,LMGT3,,Racing Spirit of Leman,Aston Martin,FCY,38.341,68.294,98.188,
59,3,29,2:44.461,0,,54.933,0,59.724,0,49.804,0,107.5,58:30.556,11:13:30.556,0:54.933,0:59.724,0:49.804,80.8,Valentin HASSE CLOT,,LMGT3,,Racing Spirit of Leman,Aston Martin,GF,54.933,59.724,49.804,
59,3,30,1:46.360,0,,21.763,0,36.187,0,48.410,0,166.2,1:00:16.916,11:15:16.916,0:21.763,0:36.187,0:48.410,259.0,Valentin HASSE CLOT,,LMGT3,,Racing Spirit of Leman,Aston Martin,GF,21.763,36.187,48.410,
59,3,31,1:46.821,0,,21.806,0,33.953,0,51.062,0,165.4,1:02:03.737,11:17:03.737,0:21.806,0:33.953,0:51.062,259.6,Valentin HASSE CLOT,,LMGT3,,Racing Spirit of Leman,Aston Martin,GF,21.806,33.953,51.062,
59,3,32,1:43.408,0,,21.649,0,34.036,0,47.723,2,170.9,1:03:47.145,11:18:47.145,0:21.649,0:34.036,0:47.723,260.9,Valentin HASSE CLOT,,LMGT3,,Racing Spirit of Leman,Aston Martin,GF,21.649,34.036,47.723,
59,3,33,1:43.341,2,,21.570,2,33.929,0,47.842,0,171.0,1:05:30.486,11:20:30.486,0:21.570,0:33.929,0:47.842,261.5,Valentin HASSE CLOT,,LMGT3,,Racing Spirit of Leman,Aston Martin,GF,21.570,33.929,47.842,
59,3,34,3:32.645,0,B,21.827,0,34.250,0,2:36.568,0,83.1,1:09:03.131,11:24:03.131,0:21.827,0:34.250,2:36.568,263.4,Valentin HASSE CLOT,,LMGT3,,Racing Spirit of Leman,Aston Martin,GF,21.827,34.250,156.568,
59,1,35,2:11.633,0,,41.295,0,38.605,0,51.733,0,134.3,1:11:14.764,11:26:14.764,0:41.295,0:38.605,0:51.733,178.2,Clément MATEU,0:02:05.225,LMGT3,,Racing Spirit of Leman,Aston Martin,GF,41.295,38.605,51.733,
59,1,36,1:46.382,0,,22.292,0,34.863,0,49.227,0,166.1,1:13:01.146,11:28:01.146,0:22.292,0:34.863,0:49.227,260.2,Clément MATEU,,LMGT3,,Racing Spirit of Leman,Aston Martin,GF,22.292,34.863,49.227,
59,1,37,1:45.543,0,,22.252,0,34.599,0,48.692,0,167.4,1:14:46.689,11:29:46.689,0:22.252,0:34.599,0:48.692,260.9,Clément MATEU,,LMGT3,,Racing Spirit of Leman,Aston Martin,GF,22.252,34.599,48.692,
59,1,38,1:57.710,0,,22.173,0,38.088,0,57.449,0,150.1,1:16:44.399,11:31:44.399,0:22.173,0:38.088,0:57.449,260.9,Clément MATEU,,LMGT3,,Racing Spirit of Leman,Aston Martin,GF,22.173,38.088,57.449,
59,1,39,1:46.038,0,,22.408,0,34.492,0,49.138,0,166.7,1:18:30.437,11:33:30.437,0:22.408,0:34.492,0:49.138,259.0,Clément MATEU,,LMGT3,,Racing Spirit of Leman,Aston Martin,GF,22.408,34.492,49.138,
59,1,40,1:45.613,0,,22.296,0,34.669,0,48.648,0,167.3,1:20:16.050,11:35:16.050,0:22.296,0:34.669,0:48.648,259.6,Clément MATEU,,LMGT3,,Racing Spirit of Leman,Aston Martin,GF,22.296,34.669,48.648,
59,1,41,1:45.906,0,,22.100,1,34.573,0,49.233,0,166.9,1:22:01.956,11:37:01.956,0:22.100,0:34.573,0:49.233,259.6,Clément MATEU,,LMGT3,,Racing Spirit of Leman,Aston Martin,GF,22.100,34.573,49.233,
59,1,42,1:44.955,0,,22.155,0,34.212,1,48.588,1,168.4,1:23:46.911,11:38:46.911,0:22.155,0:34.212,0:48.588,260.9,Clément MATEU,,LMGT3,,Racing Spirit of Leman,Aston Martin,GF,22.155,34.212,48.588,
59,1,43,3:01.540,0,B,22.117,0,34.539,0,2:04.884,0,97.3,1:26:48.451,11:41:48.451,0:22.117,0:34.539,2:04.884,262.1,Clément MATEU,,LMGT3,,Racing Spirit of Leman,Aston Martin,GF,22.117,34.539,124.884,
59,3,44,2:00.081,0,,36.527,0,34.697,0,48.857,0,147.2,1:28:48.532,11:43:48.532,0:36.527,0:34.697,0:48.857,179.1,Valentin HASSE CLOT,0:01:32.481,LMGT3,,Racing Spirit of Leman,Aston Martin,GF,36.527,34.697,48.857,
59,3,45,1:43.562,0,,21.620,0,33.790,1,48.152,0,170.6,1:30:32.094,11:45:32.094,0:21.620,0:33.790,0:48.152,260.2,Valentin HASSE CLOT,,LMGT3,,Racing Spirit of Leman,Aston Martin,FF,21.620,33.790,48.152,
60,3,1,2:52.185,0,,1:22.942,0,37.389,0,51.854,0,98.1,2:52.185,10:17:52.185,1:22.942,0:37.389,0:51.854,163.6,Alessio PICARIELLO,0:00:57.214,LMGT3,,Proton Competition,Porsche,GF,82.942,37.389,51.854,
60,3,2,1:46.989,0,,22.771,0,34.836,0,49.382,0,165.2,4:39.174,10:19:39.174,0:22.771,0:34.836,0:49.382,262.1,Alessio PICARIELLO,,LMGT3,,Proton Competition,Porsche,GF,22.771,34.836,49.382,
60,3,3,1:44.390,0,,21.818,0,34.340,0,48.232,0,169.3,6:23.564,10:21:23.564,0:21.818,0:34.340,0:48.232,260.9,Alessio PICARIELLO,,LMGT3,,Proton Competition,Porsche,GF,21.818,34.340,48.232,
60,3,4,1:44.049,0,,21.663,0,34.023,2,48.363,0,169.8,8:07.613,10:23:07.613,0:21.663,0:34.023,0:48.363,262.1,Alessio PICARIELLO,,LMGT3,,Proton Competition,Porsche,GF,21.663,34.023,48.363,
60,3,5,1:43.869,2,,21.692,0,34.095,0,48.082,0,170.1,9:51.482,10:24:51.482,0:21.692,0:34.095,0:48.082,260.2,Alessio PICARIELLO,,LMGT3,,Proton Competition,Porsche,GF,21.692,34.095,48.082,
60,3,6,1:44.228,0,,21.895,0,34.264,0,48.069,0,169.6,11:35.710,10:26:35.710,0:21.895,0:34.264,0:48.069,260.9,Alessio PICARIELLO,,LMGT3,,Proton Competition,Porsche,GF,21.895,34.264,48.069,
60,3,7,3:37.715,0,B,21.717,0,34.561,0,2:41.437,0,81.2,15:13.425,10:30:13.425,0:21.717,0:34.561,2:41.437,260.9,Alessio PICARIELLO,,LMGT3,,Proton Competition,Porsche,GF,21.717,34.561,161.437,
60,3,8,1:59.528,0,,36.113,0,34.945,0,48.470,0,147.9,17:12.953,10:32:12.953,0:36.113,0:34.945,0:48.470,176.8,Alessio PICARIELLO,0:02:10.440,LMGT3,,Proton Competition,Porsche,GF,36.113,34.945,48.470,
60,3,9,1:44.018,0,,21.701,0,34.159,0,48.158,0,169.9,18:56.971,10:33:56.971,0:21.701,0:34.159,0:48.158,261.5,Alessio PICARIELLO,,LMGT3,,Proton Competition,Porsche,GF,21.701,34.159,48.158,
60,3,10,7:12.122,0,B,21.657,2,34.201,0,6:16.264,0,40.9,26:09.093,10:41:09.093,0:21.657,0:34.201,6:16.264,261.5,Alessio PICARIELLO,,LMGT3,,Proton Competition,Porsche,GF,21.657,34.201,376.264,
60,3,11,2:05.236,0,,37.214,0,35.000,0,53.022,0,141.1,28:14.329,10:43:14.329,0:37.214,0:35.000,0:53.022,164.4,Alessio PICARIELLO,0:05:45.362,LMGT3,,Proton Competition,Porsche,GF,37.214,35.000,53.022,
60,3,12,1:44.938,0,,21.786,0,34.922,0,48.230,0,168.4,29:59.267,10:44:59.267,0:21.786,0:34.922,0:48.230,261.5,Alessio PICARIELLO,,LMGT3,,Proton Competition,Porsche,GF,21.786,34.922,48.230,
60,3,13,1:43.920,0,,21.708,0,34.136,0,48.076,0,170.1,31:43.187,10:46:43.187,0:21.708,0:34.136,0:48.076,260.2,Alessio PICARIELLO,,LMGT3,,Proton Competition,Porsche,GF,21.708,34.136,48.076,
60,3,14,1:44.296,0,,21.855,0,34.327,0,48.114,0,169.4,33:27.483,10:48:27.483,0:21.855,0:34.327,0:48.114,261.5,Alessio PICARIELLO,,LMGT3,,Proton Competition,Porsche,GF,21.855,34.327,48.114,
60,3,15,1:44.078,0,,21.732,0,34.338,0,48.008,2,169.8,35:11.561,10:50:11.561,0:21.732,0:34.338,0:48.008,260.9,Alessio PICARIELLO,,LMGT3,,Proton Competition,Porsche,GF,21.732,34.338,48.008,
60,3,16,1:44.484,0,,21.786,0,34.359,0,48.339,0,169.1,36:56.045,10:51:56.045,0:21.786,0:34.359,0:48.339,261.5,Alessio PICARIELLO,,LMGT3,,Proton Competition,Porsche,GF,21.786,34.359,48.339,
60,3,17,4:14.388,0,B,21.716,0,34.620,0,3:18.052,0,69.5,41:10.433,10:56:10.433,0:21.716,0:34.620,3:18.052,262.8,Alessio PICARIELLO,,LMGT3,,Proton Competition,Porsche,GF,21.716,34.620,198.052,
60,1,18,2:03.745,0,,37.193,0,35.746,1,50.806,0,142.8,43:14.178,10:58:14.178,0:37.193,0:35.746,0:50.806,177.3,Christian RIED,0:02:46.784,LMGT3,,Proton Competition,Porsche,GF,37.193,35.746,50.806,
60,1,19,1:49.371,0,,23.169,0,35.865,0,50.337,0,161.6,45:03.549,11:00:03.549,0:23.169,0:35.865,0:50.337,260.9,Christian RIED,,LMGT3,,Proton Competition,Porsche,GF,23.169,35.865,50.337,
60,1,20,1:48.409,0,,22.708,0,35.831,0,49.870,1,163.0,46:51.958,11:01:51.958,0:22.708,0:35.831,0:49.870,260.9,Christian RIED,,LMGT3,,Proton Competition,Porsche,GF,22.708,35.831,49.870,
60,1,21,1:48.707,0,,22.497,1,36.111,0,50.099,0,162.6,48:40.665,11:03:40.665,0:22.497,0:36.111,0:50.099,260.2,Christian RIED,,LMGT3,,Proton Competition,Porsche,GF,22.497,36.111,50.099,
60,1,22,1:49.001,0,,22.679,0,36.138,0,50.184,0,162.1,50:29.666,11:05:29.666,0:22.679,0:36.138,0:50.184,259.6,Christian RIED,,LMGT3,,Proton Competition,Porsche,GF,22.679,36.138,50.184,
60,1,23,1:49.936,0,,22.741,0,36.743,0,50.452,0,160.8,52:19.602,11:07:19.602,0:22.741,0:36.743,0:50.452,260.2,Christian RIED,,LMGT3,,Proton Competition,Porsche,GF,22.741,36.743,50.452,
60,1,24,5:27.973,0,B,34.925,0,1:07.696,0,3:45.352,0,53.9,57:47.575,11:12:47.575,0:34.925,1:07.696,3:45.352,259.6,Christian RIED,,LMGT3,,Proton Competition,Porsche,GF,34.925,67.696,225.352,
60,2,25,2:06.879,0,,39.444,0,36.860,0,50.575,0,139.3,59:54.454,11:14:54.454,0:39.444,0:36.860,0:50.575,174.8,Matteo CRESSONI,0:02:35.712,LMGT3,,Proton Competition,Porsche,GF,39.444,36.860,50.575,
60,2,26,1:44.518,0,,21.946,0,34.300,0,48.272,0,169.1,1:01:38.972,11:16:38.972,0:21.946,0:34.300,0:48.272,259.6,Matteo CRESSONI,,LMGT3,,Proton Competition,Porsche,GF,21.946,34.300,48.272,
60,2,27,1:44.172,0,,21.786,0,34.252,0,48.134,1,169.6,1:03:23.144,11:18:23.144,0:21.786,0:34.252,0:48.134,261.5,Matteo CRESSONI,,LMGT3,,Proton Competition,Porsche,GF,21.786,34.252,48.134,
60,2,28,1:45.335,0,,22.136,0,34.254,0,48.945,0,167.8,1:05:08.479,11:20:08.479,0:22.136,0:34.254,0:48.945,263.4,Matteo CRESSONI,,LMGT3,,Proton Competition,Porsche,GF,22.136,34.254,48.945,
60,2,29,1:46.468,0,,22.937,0,35.253,0,48.278,0,166.0,1:06:54.947,11:21:54.947,0:22.937,0:35.253,0:48.278,264.1,Matteo CRESSONI,,LMGT3,,Proton Competition,Porsche,GF,22.937,35.253,48.278,
60,2,30,1:44.879,0,,21.945,0,34.117,0,48.817,0,168.5,1:08:39.826,11:23:39.826,0:21.945,0:34.117,0:48.817,260.2,Matteo CRESSONI,,LMGT3,,Proton Competition,Porsche,GF,21.945,34.117,48.817,
60,2,31,1:44.828,0,,22.409,0,34.204,0,48.215,0,168.6,1:10:24.654,11:25:24.654,0:22.409,0:34.204,0:48.215,252.9,Matteo CRESSONI,,LMGT3,,Proton Competition,Porsche,GF,22.409,34.204,48.215,
60,2,32,1:44.376,0,,21.749,0,34.339,0,48.288,0,169.3,1:12:09.030,11:27:09.030,0:21.749,0:34.339,0:48.288,262.1,Matteo CRESSONI,,LMGT3,,Proton Competition,Porsche,GF,21.749,34.339,48.288,
60,2,33,1:44.982,0,,21.804,0,34.083,1,49.095,0,168.3,1:13:54.012,11:28:54.012,0:21.804,0:34.083,0:49.095,262.1,Matteo CRESSONI,,LMGT3,,Proton Competition,Porsche,GF,21.804,34.083,49.095,
60,2,34,1:45.431,0,,22.257,0,34.803,0,48.371,0,167.6,1:15:39.443,11:30:39.443,0:22.257,0:34.803,0:48.371,264.1,Matteo CRESSONI,,LMGT3,,Proton Competition,Porsche,GF,22.257,34.803,48.371,
60,2,35,1:45.072,0,,21.803,0,34.578,0,48.691,0,168.2,1:17:24.515,11:32:24.515,0:21.803,0:34.578,0:48.691,261.5,Matteo CRESSONI,,LMGT3,,Proton Competition,Porsche,GF,21.803,34.578,48.691,
60,2,36,1:44.894,0,,21.983,0,34.448,0,48.463,0,168.5,1:19:09.409,11:34:09.409,0:21.983,0:34.448,0:48.463,262.1,Matteo CRESSONI,,LMGT3,,Proton Competition,Porsche,GF,21.983,34.448,48.463,
60,2,37,1:48.884,0,,21.711,1,34.883,0,52.290,0,162.3,1:20:58.293,11:35:58.293,0:21.711,0:34.883,0:52.290,263.4,Matteo CRESSONI,,LMGT3,,Proton Competition,Porsche,GF,21.711,34.883,52.290,
60,2,38,1:44.870,0,,21.836,0,34.512,0,48.522,0,168.5,1:22:43.163,11:37:43.163,0:21.836,0:34.512,0:48.522,262.1,Matteo CRESSONI,,LMGT3,,Proton Competition,Porsche,GF,21.836,34.512,48.522,
60,2,39,1:44.403,0,,21.810,0,34.361,0,48.232,0,169.3,1:24:27.566,11:39:27.566,0:21.810,0:34.361,0:48.232,264.1,Matteo CRESSONI,,LMGT3,,Proton Competition,Porsche,GF,21.810,34.361,48.232,
60,2,40,1:45.655,0,,22.168,0,34.997,0,48.490,0,167.3,1:26:13.221,11:41:13.221,0:22.168,0:34.997,0:48.490,264.7,Matteo CRESSONI,,LMGT3,,Proton Competition,Porsche,GF,22.168,34.997,48.490,
60,2,41,1:47.450,0,,22.094,0,35.748,0,49.608,0,164.5,1:28:00.671,11:43:00.671,0:22.094,0:35.748,0:49.608,260.9,Matteo CRESSONI,,LMGT3,,Proton Competition,Porsche,GF,22.094,35.748,49.608,
60,2,42,1:45.048,0,,21.772,0,34.732,0,48.544,0,168.2,1:29:45.719,11:44:45.719,0:21.772,0:34.732,0:48.544,265.4,Matteo CRESSONI,,LMGT3,,Proton Competition,Porsche,GF,21.772,34.732,48.544,
63,2,1,14:44.130,0,B,1:20.962,0,37.043,0,12:46.125,0,19.1,14:44.130,10:29:44.130,1:20.962,0:37.043,12:46.125,144.0,Lorcan HANAFIN,0:00:53.306,LMGT3,,Iron Lynx,Mercedes,GF,80.962,37.043,766.125,
63,2,2,10:09.044,0,B,38.302,0,40.771,0,8:49.971,0,29.0,24:53.174,10:39:53.174,0:38.302,0:40.771,8:49.971,170.1,Lorcan HANAFIN,0:12:09.287,LMGT3,,Iron Lynx,Mercedes,GF,38.302,40.771,529.971,
63,2,3,2:03.614,0,,38.217,0,36.309,0,49.088,0,143.0,26:56.788,10:41:56.788,0:38.217,0:36.309,0:49.088,171.7,Lorcan HANAFIN,0:07:58.250,LMGT3,,Iron Lynx,Mercedes,GF,38.217,36.309,49.088,
63,2,4,1:45.594,0,,22.405,0,34.475,0,48.714,1,167.4,28:42.382,10:43:42.382,0:22.405,0:34.475,0:48.714,252.9,Lorcan HANAFIN,,LMGT3,,Iron Lynx,Mercedes,GF,22.405,34.475,48.714,
63,2,5,5:17.804,0,B,22.162,1,34.149,2,4:21.493,0,55.6,34:00.186,10:49:00.186,0:22.162,0:34.149,4:21.493,254.1,Lorcan HANAFIN,,LMGT3,,Iron Lynx,Mercedes,GF,22.162,34.149,261.493,
63,2,6,2:07.474,0,,36.345,0,38.383,0,52.746,0,138.6,36:07.660,10:51:07.660,0:36.345,0:38.383,0:52.746,172.8,Lorcan HANAFIN,0:03:50.091,LMGT3,,Iron Lynx,Mercedes,GF,36.345,38.383,52.746,
63,2,7,13:33.119,0,B,22.224,0,35.494,0,12:35.401,0,21.7,49:40.779,11:04:40.779,0:22.224,0:35.494,12:35.401,262.1,Lorcan HANAFIN,,LMGT3,,Iron Lynx,Mercedes,GF,22.224,35.494,755.401,
63,1,8,2:06.494,0,,38.507,0,37.276,0,50.711,0,139.7,51:47.273,11:06:47.273,0:38.507,0:37.276,0:50.711,171.7,Martin BERRY,0:11:59.274,LMGT3,,Iron Lynx,Mercedes,GF,38.507,37.276,50.711,
63,1,9,2:56.214,0,,22.942,0,53.610,0,1:39.662,0,100.3,54:43.487,11:09:43.487,0:22.942,0:53.610,1:39.662,256.5,Martin BERRY,,LMGT3,,Iron Lynx,Mercedes,FCY,22.942,53.610,99.662,
63,1,10,3:16.821,0,,55.105,0,1:08.576,0,1:13.140,0,89.8,58:00.308,11:13:00.308,0:55.105,1:08.576,1:13.140,80.6,Martin BERRY,,LMGT3,,Iron Lynx,Mercedes,GF,55.105,68.576,73.140,
63,1,11,1:48.075,0,,22.764,0,35.318,0,49.993,0,163.5,59:48.383,11:14:48.383,0:22.764,0:35.318,0:49.993,253.5,Martin BERRY,,LMGT3,,Iron Lynx,Mercedes,GF,22.764,35.318,49.993,
63,1,12,1:46.935,0,,22.445,0,34.973,0,49.517,0,165.3,1:01:35.318,11:16:35.318,0:22.445,0:34.973,0:49.517,259.6,Martin BERRY,,LMGT3,,Iron Lynx,Mercedes,GF,22.445,34.973,49.517,
63,1,13,1:47.005,0,,22.842,0,34.949,0,49.214,0,165.2,1:03:22.323,11:18:22.323,0:22.842,0:34.949,0:49.214,254.7,Martin BERRY,,LMGT3,,Iron Lynx,Mercedes,GF,22.842,34.949,49.214,
63,1,14,1:45.844,0,,22.138,0,34.701,0,49.005,0,167.0,1:05:08.167,11:20:08.167,0:22.138,0:34.701,0:49.005,260.9,Martin BERRY,,LMGT3,,Iron Lynx,Mercedes,GF,22.138,34.701,49.005,
63,1,15,1:49.111,0,,23.115,0,35.155,0,50.841,0,162.0,1:06:57.278,11:21:57.278,0:23.115,0:35.155,0:50.841,262.1,Martin BERRY,,LMGT3,,Iron Lynx,Mercedes,GF,23.115,35.155,50.841,
63,1,16,1:45.435,0,,22.102,0,34.490,1,48.843,0,167.6,1:08:42.713,11:23:42.713,0:22.102,0:34.490,0:48.843,260.9,Martin BERRY,,LMGT3,,Iron Lynx,Mercedes,GF,22.102,34.490,48.843,
63,1,17,1:45.255,2,,22.067,0,34.533,0,48.655,2,167.9,1:10:27.968,11:25:27.968,0:22.067,0:34.533,0:48.655,260.9,Martin BERRY,,LMGT3,,Iron Lynx,Mercedes,GF,22.067,34.533,48.655,
63,1,18,1:45.392,0,,22.003,2,34.510,0,48.879,0,167.7,1:12:13.360,11:27:13.360,0:22.003,0:34.510,0:48.879,259.6,Martin BERRY,,LMGT3,,Iron Lynx,Mercedes,GF,22.003,34.510,48.879,
63,1,19,1:58.538,0,,22.113,0,45.824,0,50.601,0,149.1,1:14:11.898,11:29:11.898,0:22.113,0:45.824,0:50.601,259.6,Martin BERRY,,LMGT3,,Iron Lynx,Mercedes,GF,22.113,45.824,50.601,
63,1,20,1:45.570,0,,22.019,0,34.685,0,48.866,0,167.4,1:15:57.468,11:30:57.468,0:22.019,0:34.685,0:48.866,260.2,Martin BERRY,,LMGT3,,Iron Lynx,Mercedes,GF,22.019,34.685,48.866,
63,1,21,1:46.427,0,,22.121,0,35.029,0,49.277,0,166.1,1:17:43.895,11:32:43.895,0:22.121,0:35.029,0:49.277,259.0,Martin BERRY,,LMGT3,,Iron Lynx,Mercedes,GF,22.121,35.029,49.277,
63,1,22,1:59.921,0,,22.223,0,34.610,0,1:03.088,0,147.4,1:19:43.816,11:34:43.816,0:22.223,0:34.610,1:03.088,258.4,Martin BERRY,,LMGT3,,Iron Lynx,Mercedes,GF,22.223,34.610,63.088,
63,1,23,4:17.211,0,B,22.143,0,34.938,0,3:20.130,0,68.7,1:24:01.027,11:39:01.027,0:22.143,0:34.938,3:20.130,259.0,Martin BERRY,,LMGT3,,Iron Lynx,Mercedes,GF,22.143,34.938,200.130,
63,1,24,2:01.715,0,,37.288,0,35.090,0,49.337,0,145.2,1:26:02.742,11:41:02.742,0:37.288,0:35.090,0:49.337,173.9,Martin BERRY,0:02:46.473,LMGT3,,Iron Lynx,Mercedes,GF,37.288,35.090,49.337,
63,1,25,1:47.608,0,,22.545,0,35.787,0,49.276,0,164.2,1:27:50.350,11:42:50.350,0:22.545,0:35.787,0:49.276,260.2,Martin BERRY,,LMGT3,,Iron Lynx,Mercedes,GF,22.545,35.787,49.276,
63,1,26,1:46.731,0,,22.074,0,35.054,0,49.603,0,165.6,1:29:37.081,11:44:37.081,0:22.074,0:35.054,0:49.603,263.4,Martin BERRY,,LMGT3,,Iron Lynx,Mercedes,GF,22.074,35.054,49.603,
63,1,27,1:46.258,0,,22.035,0,34.586,0,49.637,0,166.3,1:31:23.339,11:46:23.339,0:22.035,0:34.586,0:49.637,262.1,Martin BERRY,,LMGT3,,Iron Lynx,Mercedes,FF,22.035,34.586,49.637,
66,2,1,3:00.163,0,,1:27.257,0,39.309,0,53.597,0,93.7,3:00.163,10:18:00.163,1:27.257,0:39.309,0:53.597,149.0,Jason HART,0:00:59.027,LMGT3,,JMW Motorsport,Ferrari,GF,87.257,39.309,53.597,
66,2,2,1:52.785,0,,23.556,0,36.572,0,52.657,0,156.7,4:52.948,10:19:52.948,0:23.556,0:36.572,0:52.657,257.8,Jason HART,,LMGT3,,JMW Motorsport,Ferrari,GF,23.556,36.572,52.657,
66,2,3,1:45.527,0,,21.974,0,34.425,0,49.128,0,167.5,6:38.475,10:21:38.475,0:21.974,0:34.425,0:49.128,260.2,Jason HART,,LMGT3,,JMW Motorsport,Ferrari,GF,21.974,34.425,49.128,
66,2,4,1:46.747,0,,22.347,0,35.613,0,48.787,0,165.6,8:25.222,10:23:25.222,0:22.347,0:35.613,0:48.787,260.9,Jason HART,,LMGT3,,JMW Motorsport,Ferrari,GF,22.347,35.613,48.787,
66,2,5,1:44.086,0,,21.913,0,34.132,0,48.041,1,169.8,10:09.308,10:25:09.308,0:21.913,0:34.132,0:48.041,260.2,Jason HART,,LMGT3,,JMW Motorsport,Ferrari,GF,21.913,34.132,48.041,
66,2,6,1:44.078,0,,21.704,0,34.164,0,48.210,0,169.8,11:53.386,10:26:53.386,0:21.704,0:34.164,0:48.210,262.1,Jason HART,,LMGT3,,JMW Motorsport,Ferrari,GF,21.704,34.164,48.210,
66,2,7,1:44.019,0,,21.790,0,34.058,0,48.171,0,169.9,13:37.405,10:28:37.405,0:21.790,0:34.058,0:48.171,261.5,Jason HART,,LMGT3,,JMW Motorsport,Ferrari,GF,21.790,34.058,48.171,
66,2,8,1:44.260,0,,22.125,0,33.983,0,48.152,0,169.5,15:21.665,10:30:21.665,0:22.125,0:33.983,0:48.152,260.2,Jason HART,,LMGT3,,JMW Motorsport,Ferrari,GF,22.125,33.983,48.152,
66,2,9,1:45.462,0,,21.718,0,34.594,0,49.150,0,167.6,17:07.127,10:32:07.127,0:21.718,0:34.594,0:49.150,260.9,Jason HART,,LMGT3,,JMW Motorsport,Ferrari,GF,21.718,34.594,49.150,
66,2,10,1:43.968,0,,21.814,0,33.982,2,48.172,0,170.0,18:51.095,10:33:51.095,0:21.814,0:33.982,0:48.172,260.9,Jason HART,,LMGT3,,JMW Motorsport,Ferrari,GF,21.814,33.982,48.172,
66,2,11,1:46.041,0,,21.714,0,35.025,0,49.302,0,166.7,20:37.136,10:35:37.136,0:21.714,0:35.025,0:49.302,262.8,Jason HART,,LMGT3,,JMW Motorsport,Ferrari,GF,21.714,35.025,49.302,
66,2,12,1:44.924,0,,21.779,0,34.178,0,48.967,0,168.4,22:22.060,10:37:22.060,0:21.779,0:34.178,0:48.967,261.5,Jason HART,,LMGT3,,JMW Motorsport,Ferrari,GF,21.779,34.178,48.967,
66,2,13,1:44.245,0,,21.675,1,34.013,0,48.557,0,169.5,24:06.305,10:39:06.305,0:21.675,0:34.013,0:48.557,264.7,Jason HART,,LMGT3,,JMW Motorsport,Ferrari,GF,21.675,34.013,48.557,
66,2,14,1:44.432,0,,21.835,0,34.128,0,48.469,0,169.2,25:50.737,10:40:50.737,0:21.835,0:34.128,0:48.469,264.1,Jason HART,,LMGT3,,JMW Motorsport,Ferrari,GF,21.835,34.128,48.469,
66,2,15,1:46.440,0,,21.843,0,35.402,0,49.195,0,166.0,27:37.177,10:42:37.177,0:21.843,0:35.402,0:49.195,261.5,Jason HART,,LMGT3,,JMW Motorsport,Ferrari,GF,21.843,35.402,49.195,
66,2,16,3:14.711,0,B,21.788,0,34.354,0,2:18.569,0,90.8,30:51.888,10:45:51.888,0:21.788,0:34.354,2:18.569,261.5,Jason HART,,LMGT3,,JMW Motorsport,Ferrari,GF,21.788,34.354,138.569,
66,1,17,2:07.611,0,,39.387,0,37.130,0,51.094,0,138.5,32:59.499,10:47:59.499,0:39.387,0:37.130,0:51.094,154.1,Anthony NOBLE,0:01:46.746,LMGT3,,JMW Motorsport,Ferrari,GF,39.387,37.130,51.094,
66,1,18,1:49.367,0,,22.490,0,36.879,0,49.998,0,161.6,34:48.866,10:49:48.866,0:22.490,0:36.879,0:49.998,260.2,Anthony NOBLE,,LMGT3,,JMW Motorsport,Ferrari,GF,22.490,36.879,49.998,
66,1,19,1:48.102,0,,22.817,0,35.328,0,49.957,0,163.5,36:36.968,10:51:36.968,0:22.817,0:35.328,0:49.957,260.9,Anthony NOBLE,,LMGT3,,JMW Motorsport,Ferrari,GF,22.817,35.328,49.957,
66,1,20,1:48.285,0,,22.569,0,35.236,0,50.480,0,163.2,38:25.253,10:53:25.253,0:22.569,0:35.236,0:50.480,258.4,Anthony NOBLE,,LMGT3,,JMW Motorsport,Ferrari,GF,22.569,35.236,50.480,
66,1,21,1:49.651,0,,24.408,0,35.175,0,50.068,0,161.2,40:14.904,10:55:14.904,0:24.408,0:35.175,0:50.068,261.5,Anthony NOBLE,,LMGT3,,JMW Motorsport,Ferrari,GF,24.408,35.175,50.068,
66,1,22,1:46.990,0,,21.971,0,35.263,0,49.756,0,165.2,42:01.894,10:57:01.894,0:21.971,0:35.263,0:49.756,262.1,Anthony NOBLE,,LMGT3,,JMW Motorsport,Ferrari,GF,21.971,35.263,49.756,
66,1,23,1:48.101,0,,22.108,0,36.112,0,49.881,0,163.5,43:49.995,10:58:49.995,0:22.108,0:36.112,0:49.881,261.5,Anthony NOBLE,,LMGT3,,JMW Motorsport,Ferrari,GF,22.108,36.112,49.881,
66,1,24,1:47.142,0,,22.157,0,35.029,0,49.956,0,164.9,45:37.137,11:00:37.137,0:22.157,0:35.029,0:49.956,262.1,Anthony NOBLE,,LMGT3,,JMW Motorsport,Ferrari,GF,22.157,35.029,49.956,
66,1,25,3:25.433,0,B,22.093,0,34.891,0,2:28.449,0,86.0,49:02.570,11:04:02.570,0:22.093,0:34.891,2:28.449,262.1,Anthony NOBLE,,LMGT3,,JMW Motorsport,Ferrari,GF,22.093,34.891,148.449,
66,1,26,2:10.357,0,,39.666,0,38.603,0,52.088,0,135.6,51:12.927,11:06:12.927,0:39.666,0:38.603,0:52.088,173.1,Anthony NOBLE,0:01:55.235,LMGT3,,JMW Motorsport,Ferrari,GF,39.666,38.603,52.088,
66,1,27,2:26.755,0,,22.929,0,37.356,0,1:26.470,0,120.4,53:39.682,11:08:39.682,0:22.929,0:37.356,1:26.470,259.6,Anthony NOBLE,,LMGT3,,JMW Motorsport,Ferrari,FCY,22.929,37.356,86.470,
66,1,28,3:41.601,0,,54.882,0,1:08.327,0,1:38.392,0,79.7,57:21.283,11:12:21.283,0:54.882,1:08.327,1:38.392,81.0,Anthony NOBLE,,LMGT3,,JMW Motorsport,Ferrari,FCY,54.882,68.327,98.392,
66,1,29,2:06.706,0,,34.128,0,39.843,0,52.735,0,139.5,59:27.989,11:14:27.989,0:34.128,0:39.843,0:52.735,183.7,Anthony NOBLE,,LMGT3,,JMW Motorsport,Ferrari,GF,34.128,39.843,52.735,
66,1,30,1:48.061,0,,22.169,0,35.781,0,50.111,0,163.5,1:01:16.050,11:16:16.050,0:22.169,0:35.781,0:50.111,259.0,Anthony NOBLE,,LMGT3,,JMW Motorsport,Ferrari,GF,22.169,35.781,50.111,
66,1,31,1:47.975,0,,22.871,0,34.690,0,50.414,0,163.7,1:03:04.025,11:18:04.025,0:22.871,0:34.690,0:50.414,259.6,Anthony NOBLE,,LMGT3,,JMW Motorsport,Ferrari,GF,22.871,34.690,50.414,
66,1,32,1:49.930,0,,24.745,0,35.453,0,49.732,0,160.8,1:04:53.955,11:19:53.955,0:24.745,0:35.453,0:49.732,261.5,Anthony NOBLE,,LMGT3,,JMW Motorsport,Ferrari,GF,24.745,35.453,49.732,
66,1,33,1:45.998,0,,21.977,0,34.877,0,49.144,1,166.7,1:06:39.953,11:21:39.953,0:21.977,0:34.877,0:49.144,260.9,Anthony NOBLE,,LMGT3,,JMW Motorsport,Ferrari,GF,21.977,34.877,49.144,
66,1,34,1:45.899,0,,21.946,1,34.570,1,49.383,0,166.9,1:08:25.852,11:23:25.852,0:21.946,0:34.570,0:49.383,261.5,Anthony NOBLE,,LMGT3,,JMW Motorsport,Ferrari,GF,21.946,34.570,49.383,
66,1,35,1:46.348,0,,22.186,0,34.947,0,49.215,0,166.2,1:10:12.200,11:25:12.200,0:22.186,0:34.947,0:49.215,261.5,Anthony NOBLE,,LMGT3,,JMW Motorsport,Ferrari,GF,22.186,34.947,49.215,
66,1,36,4:17.374,0,B,21.980,0,34.959,0,3:20.435,0,68.7,1:14:29.574,11:29:29.574,0:21.980,0:34.959,3:20.435,261.5,Anthony NOBLE,,LMGT3,,JMW Motorsport,Ferrari,GF,21.980,34.959,200.435,
66,3,37,2:02.856,0,,38.458,0,35.355,0,49.043,0,143.8,1:16:32.430,11:31:32.430,0:38.458,0:35.355,0:49.043,174.5,Gianmaria BRUNI,0:02:48.813,LMGT3,,JMW Motorsport,Ferrari,GF,38.458,35.355,49.043,
66,3,38,1:45.234,0,,22.529,0,34.362,0,48.343,0,167.9,1:18:17.664,11:33:17.664,0:22.529,0:34.362,0:48.343,260.2,Gianmaria BRUNI,,LMGT3,,JMW Motorsport,Ferrari,GF,22.529,34.362,48.343,
66,3,39,1:44.835,0,,21.734,0,34.086,1,49.015,0,168.6,1:20:02.499,11:35:02.499,0:21.734,0:34.086,0:49.015,261.5,Gianmaria BRUNI,,LMGT3,,JMW Motorsport,Ferrari,GF,21.734,34.086,49.015,
66,3,40,1:44.510,0,,22.083,0,34.547,0,47.880,2,169.1,1:21:47.009,11:36:47.009,0:22.083,0:34.547,0:47.880,260.9,Gianmaria BRUNI,,LMGT3,,JMW Motorsport,Ferrari,GF,22.083,34.547,47.880,
66,3,41,1:44.021,0,,21.651,0,34.210,0,48.160,0,169.9,1:23:31.030,11:38:31.030,0:21.651,0:34.210,0:48.160,262.8,Gianmaria BRUNI,,LMGT3,,JMW Motorsport,Ferrari,GF,21.651,34.210,48.160,
66,3,42,1:43.961,0,,21.743,0,34.288,0,47.930,0,170.0,1:25:14.991,11:40:14.991,0:21.743,0:34.288,0:47.930,261.5,Gianmaria BRUNI,,LMGT3,,JMW Motorsport,Ferrari,GF,21.743,34.288,47.930,
66,3,43,1:43.775,2,,21.582,2,34.216,0,47.977,0,170.3,1:26:58.766,11:41:58.766,0:21.582,0:34.216,0:47.977,262.8,Gianmaria BRUNI,,LMGT3,,JMW Motorsport,Ferrari,GF,21.582,34.216,47.977,
66,3,44,1:45.766,0,,21.821,0,34.843,0,49.102,0,167.1,1:28:44.532,11:43:44.532,0:21.821,0:34.843,0:49.102,261.5,Gianmaria BRUNI,,LMGT3,,JMW Motorsport,Ferrari,GF,21.821,34.843,49.102,
66,3,45,1:48.466,0,,21.728,0,34.358,0,52.380,0,162.9,1:30:32.998,11:45:32.998,0:21.728,0:34.358,0:52.380,261.5,Gianmaria BRUNI,,LMGT3,,JMW Motorsport,Ferrari,FF,21.728,34.358,52.380,
68,2,1,4:06.924,0,,2:41.282,0,36.529,0,49.113,0,68.4,4:06.924,10:19:06.924,2:41.282,0:36.529,0:49.113,174.2,Quentin ANTONEL,0:02:12.374,LMP3,,M Racing,Ligier,GF,161.282,36.529,49.113,
68,2,2,1:44.968,0,,22.321,0,34.712,0,47.935,0,168.4,5:51.892,10:20:51.892,0:22.321,0:34.712,0:47.935,262.1,Quentin ANTONEL,,LMP3,,M Racing,Ligier,GF,22.321,34.712,47.935,
68,2,3,1:41.395,0,,21.368,0,32.944,0,47.083,0,174.3,7:33.287,10:22:33.287,0:21.368,0:32.944,0:47.083,268.7,Quentin ANTONEL,,LMP3,,M Racing,Ligier,GF,21.368,32.944,47.083,
68,2,4,1:42.634,0,,21.192,0,33.223,0,48.219,0,172.2,9:15.921,10:24:15.921,0:21.192,0:33.223,0:48.219,267.3,Quentin ANTONEL,,LMP3,,M Racing,Ligier,GF,21.192,33.223,48.219,
68,2,5,1:41.554,0,,21.077,0,32.837,0,47.640,0,174.0,10:57.475,10:25:57.475,0:21.077,0:32.837,0:47.640,268.0,Quentin ANTONEL,,LMP3,,M Racing,Ligier,GF,21.077,32.837,47.640,
68,2,6,1:40.285,0,,20.951,0,32.704,0,46.630,0,176.2,12:37.760,10:27:37.760,0:20.951,0:32.704,0:46.630,268.0,Quentin ANTONEL,,LMP3,,M Racing,Ligier,GF,20.951,32.704,46.630,
68,2,7,1:40.410,0,,21.061,0,32.648,0,46.701,0,176.0,14:18.170,10:29:18.170,0:21.061,0:32.648,0:46.701,267.3,Quentin ANTONEL,,LMP3,,M Racing,Ligier,GF,21.061,32.648,46.701,
68,2,8,1:39.851,2,,20.871,2,32.621,2,46.359,2,177.0,15:58.021,10:30:58.021,0:20.871,0:32.621,0:46.359,266.7,Quentin ANTONEL,,LMP3,,M Racing,Ligier,GF,20.871,32.621,46.359,
68,2,9,1:43.204,0,,21.493,0,33.439,0,48.272,0,171.2,17:41.225,10:32:41.225,0:21.493,0:33.439,0:48.272,268.0,Quentin ANTONEL,,LMP3,,M Racing,Ligier,GF,21.493,33.439,48.272,
68,2,10,12:36.791,0,B,21.076,0,32.625,0,11:43.090,0,23.4,30:18.016,10:45:18.016,0:21.076,0:32.625,11:43.090,266.0,Quentin ANTONEL,,LMP3,,M Racing,Ligier,GF,21.076,32.625,703.090,
68,2,11,1:56.682,0,,35.793,0,33.361,0,47.528,0,151.5,32:14.698,10:47:14.698,0:35.793,0:33.361,0:47.528,181.8,Quentin ANTONEL,0:11:10.843,LMP3,,M Racing,Ligier,GF,35.793,33.361,47.528,
68,2,12,1:43.189,0,,21.289,0,34.212,0,47.688,0,171.3,33:57.887,10:48:57.887,0:21.289,0:34.212,0:47.688,267.3,Quentin ANTONEL,,LMP3,,M Racing,Ligier,GF,21.289,34.212,47.688,
68,2,13,1:42.208,0,,21.503,0,33.267,0,47.438,0,172.9,35:40.095,10:50:40.095,0:21.503,0:33.267,0:47.438,264.7,Quentin ANTONEL,,LMP3,,M Racing,Ligier,GF,21.503,33.267,47.438,
68,2,14,1:42.570,0,,21.076,0,33.587,0,47.907,0,172.3,37:22.665,10:52:22.665,0:21.076,0:33.587,0:47.907,265.4,Quentin ANTONEL,,LMP3,,M Racing,Ligier,GF,21.076,33.587,47.907,
68,2,15,1:44.000,0,,21.508,0,34.311,0,48.181,0,169.9,39:06.665,10:54:06.665,0:21.508,0:34.311,0:48.181,266.0,Quentin ANTONEL,,LMP3,,M Racing,Ligier,GF,21.508,34.311,48.181,
68,2,16,1:42.455,0,,21.232,0,33.411,0,47.812,0,172.5,40:49.120,10:55:49.120,0:21.232,0:33.411,0:47.812,266.7,Quentin ANTONEL,,LMP3,,M Racing,Ligier,GF,21.232,33.411,47.812,
68,2,17,1:42.743,0,,21.400,0,33.447,0,47.896,0,172.0,42:31.863,10:57:31.863,0:21.400,0:33.447,0:47.896,266.7,Quentin ANTONEL,,LMP3,,M Racing,Ligier,GF,21.400,33.447,47.896,
68,2,18,1:41.681,0,,21.121,0,33.438,0,47.122,0,173.8,44:13.544,10:59:13.544,0:21.121,0:33.438,0:47.122,264.7,Quentin ANTONEL,,LMP3,,M Racing,Ligier,GF,21.121,33.438,47.122,
68,2,19,14:12.163,0,B,21.144,0,34.697,0,13:16.322,0,20.7,58:25.707,11:13:25.707,0:21.144,0:34.697,13:16.322,264.7,Quentin ANTONEL,,LMP3,,M Racing,Ligier,GF,21.144,34.697,796.322,
68,2,20,1:59.465,0,,36.423,0,34.777,0,48.265,0,147.9,1:00:25.172,11:15:25.172,0:36.423,0:34.777,0:48.265,181.5,Quentin ANTONEL,0:12:39.714,LMP3,,M Racing,Ligier,GF,36.423,34.777,48.265,
68,2,21,1:43.528,0,,21.543,0,33.784,0,48.201,0,170.7,1:02:08.700,11:17:08.700,0:21.543,0:33.784,0:48.201,260.2,Quentin ANTONEL,,LMP3,,M Racing,Ligier,GF,21.543,33.784,48.201,
68,2,22,1:42.794,0,,21.581,0,33.359,0,47.854,0,171.9,1:03:51.494,11:18:51.494,0:21.581,0:33.359,0:47.854,262.8,Quentin ANTONEL,,LMP3,,M Racing,Ligier,GF,21.581,33.359,47.854,
68,2,23,1:42.482,0,,21.438,0,33.433,0,47.611,0,172.4,1:05:33.976,11:20:33.976,0:21.438,0:33.433,0:47.611,264.1,Quentin ANTONEL,,LMP3,,M Racing,Ligier,GF,21.438,33.433,47.611,
68,2,24,1:42.876,0,,21.416,0,33.702,0,47.758,0,171.8,1:07:16.852,11:22:16.852,0:21.416,0:33.702,0:47.758,264.7,Quentin ANTONEL,,LMP3,,M Racing,Ligier,GF,21.416,33.702,47.758,
68,2,25,1:42.438,0,,21.294,0,33.390,0,47.754,0,172.5,1:08:59.290,11:23:59.290,0:21.294,0:33.390,0:47.754,264.7,Quentin ANTONEL,,LMP3,,M Racing,Ligier,GF,21.294,33.390,47.754,
68,2,26,1:42.886,0,,21.484,0,33.239,0,48.163,0,171.8,1:10:42.176,11:25:42.176,0:21.484,0:33.239,0:48.163,263.4,Quentin ANTONEL,,LMP3,,M Racing,Ligier,GF,21.484,33.239,48.163,
68,2,27,1:42.726,0,,21.396,0,33.405,0,47.925,0,172.0,1:12:24.902,11:27:24.902,0:21.396,0:33.405,0:47.925,263.4,Quentin ANTONEL,,LMP3,,M Racing,Ligier,GF,21.396,33.405,47.925,
68,2,28,4:18.734,0,B,21.356,0,33.670,0,3:23.708,0,68.3,1:16:43.636,11:31:43.636,0:21.356,0:33.670,3:23.708,263.4,Quentin ANTONEL,,LMP3,,M Racing,Ligier,GF,21.356,33.670,203.708,
68,1,29,2:03.714,0,,37.282,0,36.313,0,50.119,0,142.8,1:18:47.350,11:33:47.350,0:37.282,0:36.313,0:50.119,179.7,Stéphane TRIBAUDINI,0:02:48.405,LMP3,,M Racing,Ligier,GF,37.282,36.313,50.119,
68,1,30,1:47.517,0,,22.242,0,34.450,0,50.825,0,164.4,1:20:34.867,11:35:34.867,0:22.242,0:34.450,0:50.825,262.1,Stéphane TRIBAUDINI,,LMP3,,M Racing,Ligier,GF,22.242,34.450,50.825,
68,1,31,1:43.852,0,,21.881,0,33.900,0,48.071,0,170.2,1:22:18.719,11:37:18.719,0:21.881,0:33.900,0:48.071,264.1,Stéphane TRIBAUDINI,,LMP3,,M Racing,Ligier,GF,21.881,33.900,48.071,
68,1,32,1:43.910,0,,21.776,0,33.835,0,48.299,0,170.1,1:24:02.629,11:39:02.629,0:21.776,0:33.835,0:48.299,264.7,Stéphane TRIBAUDINI,,LMP3,,M Racing,Ligier,GF,21.776,33.835,48.299,
68,1,33,1:43.501,0,,21.884,0,33.648,0,47.969,0,170.7,1:25:46.130,11:40:46.130,0:21.884,0:33.648,0:47.969,264.7,Stéphane TRIBAUDINI,,LMP3,,M Racing,Ligier,GF,21.884,33.648,47.969,
68,1,34,1:44.542,0,,21.737,0,34.388,0,48.417,0,169.0,1:27:30.672,11:42:30.672,0:21.737,0:34.388,0:48.417,264.7,Stéphane TRIBAUDINI,,LMP3,,M Racing,Ligier,GF,21.737,34.388,48.417,
68,1,35,1:42.972,0,,21.558,0,33.493,0,47.921,0,171.6,1:29:13.644,11:44:13.644,0:21.558,0:33.493,0:47.921,264.1,Stéphane TRIBAUDINI,,LMP3,,M Racing,Ligier,GF,21.558,33.493,47.921,
68,1,36,1:42.666,0,,21.522,1,33.376,1,47.768,1,172.1,1:30:56.310,11:45:56.310,0:21.522,0:33.376,0:47.768,265.4,Stéphane TRIBAUDINI,,LMP3,,M Racing,Ligier,FF,21.522,33.376,47.768,
74,2,1,4:11.620,0,,2:45.531,0,35.694,0,50.395,0,67.1,4:11.620,10:19:11.620,2:45.531,0:35.694,0:50.395,105.9,Fran RUEDA,0:02:15.170,LMGT3,,Kessel Racing,Ferrari,GF,165.531,35.694,50.395,
74,2,2,1:47.354,0,,22.273,0,35.031,0,50.050,0,164.6,5:58.974,10:20:58.974,0:22.273,0:35.031,0:50.050,259.6,Fran RUEDA,,LMGT3,,Kessel Racing,Ferrari,GF,22.273,35.031,50.050,
74,2,3,1:45.094,0,,21.987,0,34.448,0,48.659,0,168.2,7:44.068,10:22:44.068,0:21.987,0:34.448,0:48.659,260.9,Fran RUEDA,,LMGT3,,Kessel Racing,Ferrari,GF,21.987,34.448,48.659,
74,2,4,1:44.354,0,,21.933,0,33.945,0,48.476,0,169.4,9:28.422,10:24:28.422,0:21.933,0:33.945,0:48.476,259.6,Fran RUEDA,,LMGT3,,Kessel Racing,Ferrari,GF,21.933,33.945,48.476,
74,2,5,1:44.506,0,,21.904,0,33.975,0,48.627,0,169.1,11:12.928,10:26:12.928,0:21.904,0:33.975,0:48.627,259.6,Fran RUEDA,,LMGT3,,Kessel Racing,Ferrari,GF,21.904,33.975,48.627,
74,2,6,1:44.548,0,,21.877,0,33.951,0,48.720,0,169.0,12:57.476,10:27:57.476,0:21.877,0:33.951,0:48.720,259.6,Fran RUEDA,,LMGT3,,Kessel Racing,Ferrari,GF,21.877,33.951,48.720,
74,2,7,2:06.680,0,B,22.033,0,34.697,0,1:09.950,0,139.5,15:04.156,10:30:04.156,0:22.033,0:34.697,1:09.950,259.0,Fran RUEDA,,LMGT3,,Kessel Racing,Ferrari,GF,22.033,34.697,69.950,
74,2,8,2:47.737,0,,1:20.804,0,36.495,0,50.438,0,105.4,17:51.893,10:32:51.893,1:20.804,0:36.495,0:50.438,173.1,Fran RUEDA,0:01:16.566,LMGT3,,Kessel Racing,Ferrari,GF,80.804,36.495,50.438,
74,2,9,1:45.766,0,,22.259,0,34.536,0,48.971,0,167.1,19:37.659,10:34:37.659,0:22.259,0:34.536,0:48.971,257.1,Fran RUEDA,,LMGT3,,Kessel Racing,Ferrari,GF,22.259,34.536,48.971,
74,2,10,1:45.046,0,,22.172,0,34.120,0,48.754,0,168.2,21:22.705,10:36:22.705,0:22.172,0:34.120,0:48.754,257.8,Fran RUEDA,,LMGT3,,Kessel Racing,Ferrari,GF,22.172,34.120,48.754,
74,2,11,1:44.366,0,,21.836,0,33.765,2,48.765,0,169.3,23:07.071,10:38:07.071,0:21.836,0:33.765,0:48.765,259.0,Fran RUEDA,,LMGT3,,Kessel Racing,Ferrari,GF,21.836,33.765,48.765,
74,2,12,1:52.492,0,,22.594,0,38.655,0,51.243,0,157.1,24:59.563,10:39:59.563,0:22.594,0:38.655,0:51.243,260.9,Fran RUEDA,,LMGT3,,Kessel Racing,Ferrari,GF,22.594,38.655,51.243,
74,2,13,1:44.451,0,,22.109,0,33.899,0,48.443,1,169.2,26:44.014,10:41:44.014,0:22.109,0:33.899,0:48.443,259.0,Fran RUEDA,,LMGT3,,Kessel Racing,Ferrari,GF,22.109,33.899,48.443,
74,2,14,1:44.222,0,,21.778,0,33.933,0,48.511,0,169.6,28:28.236,10:43:28.236,0:21.778,0:33.933,0:48.511,259.0,Fran RUEDA,,LMGT3,,Kessel Racing,Ferrari,GF,21.778,33.933,48.511,
74,2,15,1:44.678,0,,21.846,0,34.174,0,48.658,0,168.8,30:12.914,10:45:12.914,0:21.846,0:34.174,0:48.658,258.4,Fran RUEDA,,LMGT3,,Kessel Racing,Ferrari,GF,21.846,34.174,48.658,
74,2,16,2:02.007,0,B,21.957,0,34.504,0,1:05.546,0,144.8,32:14.921,10:47:14.921,0:21.957,0:34.504,1:05.546,258.4,Fran RUEDA,,LMGT3,,Kessel Racing,Ferrari,GF,21.957,34.504,65.546,
74,1,17,3:37.720,0,,2:12.126,0,35.622,0,49.972,0,81.2,35:52.641,10:50:52.641,2:12.126,0:35.622,0:49.972,145.7,Andrew GILBERT,0:02:05.775,LMGT3,,Kessel Racing,Ferrari,GF,132.126,35.622,49.972,
74,1,18,1:47.533,0,,22.682,0,35.186,0,49.665,0,164.3,37:40.174,10:52:40.174,0:22.682,0:35.186,0:49.665,259.6,Andrew GILBERT,,LMGT3,,Kessel Racing,Ferrari,GF,22.682,35.186,49.665,
74,1,19,1:47.931,0,,22.382,0,34.826,0,50.723,0,163.7,39:28.105,10:54:28.105,0:22.382,0:34.826,0:50.723,259.0,Andrew GILBERT,,LMGT3,,Kessel Racing,Ferrari,GF,22.382,34.826,50.723,
74,1,20,1:46.975,0,,22.630,0,34.797,0,49.548,0,165.2,41:15.080,10:56:15.080,0:22.630,0:34.797,0:49.548,259.6,Andrew GILBERT,,LMGT3,,Kessel Racing,Ferrari,GF,22.630,34.797,49.548,
74,1,21,1:45.338,0,,22.097,1,34.460,0,48.781,1,167.8,43:00.418,10:58:00.418,0:22.097,0:34.460,0:48.781,259.6,Andrew GILBERT,,LMGT3,,Kessel Racing,Ferrari,GF,22.097,34.460,48.781,
74,1,22,1:46.469,0,,22.188,0,34.579,0,49.702,0,166.0,44:46.887,10:59:46.887,0:22.188,0:34.579,0:49.702,259.6,Andrew GILBERT,,LMGT3,,Kessel Racing,Ferrari,GF,22.188,34.579,49.702,
74,1,23,1:46.166,0,,22.552,0,34.578,0,49.036,0,166.5,46:33.053,11:01:33.053,0:22.552,0:34.578,0:49.036,260.2,Andrew GILBERT,,LMGT3,,Kessel Racing,Ferrari,GF,22.552,34.578,49.036,
74,1,24,1:45.411,0,,22.105,0,34.385,1,48.921,0,167.7,48:18.464,11:03:18.464,0:22.105,0:34.385,0:48.921,260.2,Andrew GILBERT,,LMGT3,,Kessel Racing,Ferrari,GF,22.105,34.385,48.921,
74,1,25,1:47.076,0,,22.303,0,34.716,0,50.057,0,165.0,50:05.540,11:05:05.540,0:22.303,0:34.716,0:50.057,258.4,Andrew GILBERT,,LMGT3,,Kessel Racing,Ferrari,GF,22.303,34.716,50.057,
74,1,26,2:07.028,0,B,22.265,0,36.965,0,1:07.798,0,139.1,52:12.568,11:07:12.568,0:22.265,0:36.965,1:07.798,259.6,Andrew GILBERT,,LMGT3,,Kessel Racing,Ferrari,GF,22.265,36.965,67.798,
74,3,27,6:01.434,0,,3:55.153,0,1:08.076,0,58.205,0,48.9,58:14.002,11:13:14.002,3:55.153,1:08.076,0:58.205,81.1,Miguel MOLINA,0:03:30.475,LMGT3,,Kessel Racing,Ferrari,GF,235.153,68.076,58.205,
74,3,28,1:45.566,0,,22.379,0,34.495,0,48.692,0,167.4,59:59.568,11:14:59.568,0:22.379,0:34.495,0:48.692,259.6,Miguel MOLINA,,LMGT3,,Kessel Racing,Ferrari,GF,22.379,34.495,48.692,
74,3,29,1:44.224,0,,21.927,0,34.040,0,48.257,0,169.6,1:01:43.792,11:16:43.792,0:21.927,0:34.040,0:48.257,258.4,Miguel MOLINA,,LMGT3,,Kessel Racing,Ferrari,GF,21.927,34.040,48.257,
74,3,30,1:45.295,0,,21.725,0,34.244,0,49.326,0,167.8,1:03:29.087,11:18:29.087,0:21.725,0:34.244,0:49.326,260.2,Miguel MOLINA,,LMGT3,,Kessel Racing,Ferrari,GF,21.725,34.244,49.326,
74,3,31,1:43.430,2,,21.639,2,33.864,0,47.927,2,170.9,1:05:12.517,11:20:12.517,0:21.639,0:33.864,0:47.927,260.2,Miguel MOLINA,,LMGT3,,Kessel Racing,Ferrari,GF,21.639,33.864,47.927,
74,3,32,2:03.673,0,B,22.000,0,34.842,0,1:06.831,0,142.9,1:07:16.190,11:22:16.190,0:22.000,0:34.842,1:06.831,261.5,Miguel MOLINA,,LMGT3,,Kessel Racing,Ferrari,GF,22.000,34.842,66.831,
74,3,33,3:00.515,0,,1:33.626,0,36.326,0,50.563,0,97.9,1:10:16.705,11:25:16.705,1:33.626,0:36.326,0:50.563,170.6,Miguel MOLINA,0:01:29.248,LMGT3,,Kessel Racing,Ferrari,GF,93.626,36.326,50.563,
74,3,34,1:46.814,0,,22.616,0,35.039,0,49.159,0,165.5,1:12:03.519,11:27:03.519,0:22.616,0:35.039,0:49.159,257.8,Miguel MOLINA,,LMGT3,,Kessel Racing,Ferrari,GF,22.616,35.039,49.159,
74,3,35,1:44.456,0,,21.922,0,34.005,0,48.529,0,169.2,1:13:47.975,11:28:47.975,0:21.922,0:34.005,0:48.529,257.1,Miguel MOLINA,,LMGT3,,Kessel Racing,Ferrari,GF,21.922,34.005,48.529,
74,3,36,1:44.096,0,,22.151,0,34.008,0,47.937,0,169.8,1:15:32.071,11:30:32.071,0:22.151,0:34.008,0:47.937,262.8,Miguel MOLINA,,LMGT3,,Kessel Racing,Ferrari,GF,22.151,34.008,47.937,
74,3,37,1:43.598,0,,21.751,0,33.773,1,48.074,0,170.6,1:17:15.669,11:32:15.669,0:21.751,0:33.773,0:48.074,259.6,Miguel MOLINA,,LMGT3,,Kessel Racing,Ferrari,GF,21.751,33.773,48.074,
74,3,38,2:02.758,0,B,21.805,0,35.141,0,1:05.812,0,144.0,1:19:18.427,11:34:18.427,0:21.805,0:35.141,1:05.812,259.0,Miguel MOLINA,,LMGT3,,Kessel Racing,Ferrari,GF,21.805,35.141,65.812,
74,2,39,3:24.102,0,,2:00.557,0,34.969,0,48.576,0,86.6,1:22:42.529,11:37:42.529,2:00.557,0:34.969,0:48.576,128.9,Fran RUEDA,0:01:55.506,LMGT3,,Kessel Racing,Ferrari,GF,120.557,34.969,48.576,
74,2,40,1:44.116,0,,21.752,0,33.903,0,48.461,0,169.7,1:24:26.645,11:39:26.645,0:21.752,0:33.903,0:48.461,260.9,Fran RUEDA,,LMGT3,,Kessel Racing,Ferrari,GF,21.752,33.903,48.461,
74,2,41,1:45.916,0,,21.755,0,34.534,0,49.627,0,166.9,1:26:12.561,11:41:12.561,0:21.755,0:34.534,0:49.627,262.8,Fran RUEDA,,LMGT3,,Kessel Racing,Ferrari,GF,21.755,34.534,49.627,
74,2,42,1:47.429,0,,21.771,0,36.550,0,49.108,0,164.5,1:27:59.990,11:42:59.990,0:21.771,0:36.550,0:49.108,262.1,Fran RUEDA,,LMGT3,,Kessel Racing,Ferrari,GF,21.771,36.550,49.108,
74,2,43,1:45.372,0,,21.796,0,34.423,0,49.153,0,167.7,1:29:45.362,11:44:45.362,0:21.796,0:34.423,0:49.153,260.9,Fran RUEDA,,LMGT3,,Kessel Racing,Ferrari,GF,21.796,34.423,49.153,
74,2,44,1:47.335,0,,21.717,1,34.709,0,50.909,0,164.6,1:31:32.697,11:46:32.697,0:21.717,0:34.709,0:50.909,260.9,Fran RUEDA,,LMGT3,,Kessel Racing,Ferrari,FF,21.717,34.709,50.909,
77,3,1,3:36.001,0,,2:16.475,0,33.574,0,45.952,0,78.2,3:36.001,10:18:36.001,2:16.475,0:33.574,0:45.952,189.1,Bent VISCAAL,0:01:52.510,LMP2 Pro/Am,,Proton Competition,Oreca,GF,136.475,33.574,45.952,
77,3,2,1:34.882,0,,20.093,0,30.819,0,43.970,0,186.3,5:10.883,10:20:10.883,0:20.093,0:30.819,0:43.970,290.3,Bent VISCAAL,,LMP2 Pro/Am,,Proton Competition,Oreca,GF,20.093,30.819,43.970,
77,3,3,1:33.418,0,,19.632,0,30.133,0,43.653,0,189.2,6:44.301,10:21:44.301,0:19.632,0:30.133,0:43.653,293.5,Bent VISCAAL,,LMP2 Pro/Am,,Proton Competition,Oreca,GF,19.632,30.133,43.653,
77,3,4,1:34.839,0,,19.295,0,31.951,0,43.593,0,186.3,8:19.140,10:23:19.140,0:19.295,0:31.951,0:43.593,295.9,Bent VISCAAL,,LMP2 Pro/Am,,Proton Competition,Oreca,GF,19.295,31.951,43.593,
77,3,5,1:32.736,2,,19.314,0,30.022,2,43.400,0,190.6,9:51.876,10:24:51.876,0:19.314,0:30.022,0:43.400,294.3,Bent VISCAAL,,LMP2 Pro/Am,,Proton Competition,Oreca,GF,19.314,30.022,43.400,
77,3,6,1:34.410,0,,19.331,0,30.783,0,44.296,0,187.2,11:26.286,10:26:26.286,0:19.331,0:30.783,0:44.296,295.9,Bent VISCAAL,,LMP2 Pro/Am,,Proton Competition,Oreca,GF,19.331,30.783,44.296,
77,3,7,1:33.561,0,,19.183,2,30.149,0,44.229,0,188.9,12:59.847,10:27:59.847,0:19.183,0:30.149,0:44.229,295.9,Bent VISCAAL,,LMP2 Pro/Am,,Proton Competition,Oreca,GF,19.183,30.149,44.229,
77,3,8,1:33.083,0,,19.458,0,30.187,0,43.438,0,189.9,14:32.930,10:29:32.930,0:19.458,0:30.187,0:43.438,296.7,Bent VISCAAL,,LMP2 Pro/Am,,Proton Competition,Oreca,GF,19.458,30.187,43.438,
77,3,9,1:33.059,0,,19.278,0,30.417,0,43.364,2,189.9,16:05.989,10:31:05.989,0:19.278,0:30.417,0:43.364,295.9,Bent VISCAAL,,LMP2 Pro/Am,,Proton Competition,Oreca,GF,19.278,30.417,43.364,
77,3,10,3:22.245,0,B,19.434,0,32.163,0,2:30.648,0,87.4,19:28.234,10:34:28.234,0:19.434,0:32.163,2:30.648,297.5,Bent VISCAAL,,LMP2 Pro/Am,,Proton Competition,Oreca,GF,19.434,32.163,150.648,
77,2,11,1:52.561,0,,35.656,0,32.003,0,44.902,0,157.0,21:20.795,10:36:20.795,0:35.656,0:32.003,0:44.902,198.2,Rene BINDER,0:02:02.909,LMP2 Pro/Am,,Proton Competition,Oreca,GF,35.656,32.003,44.902,
77,2,12,1:35.206,0,,19.868,0,30.931,0,44.407,0,185.6,22:56.001,10:37:56.001,0:19.868,0:30.931,0:44.407,294.3,Rene BINDER,,LMP2 Pro/Am,,Proton Competition,Oreca,GF,19.868,30.931,44.407,
77,2,13,1:34.524,0,,19.570,0,30.905,0,44.049,0,187.0,24:30.525,10:39:30.525,0:19.570,0:30.905,0:44.049,295.1,Rene BINDER,,LMP2 Pro/Am,,Proton Competition,Oreca,GF,19.570,30.905,44.049,
77,2,14,1:36.256,0,,20.656,0,31.333,0,44.267,0,183.6,26:06.781,10:41:06.781,0:20.656,0:31.333,0:44.267,296.7,Rene BINDER,,LMP2 Pro/Am,,Proton Competition,Oreca,GF,20.656,31.333,44.267,
77,2,15,1:34.653,0,,19.449,0,31.292,0,43.912,0,186.7,27:41.434,10:42:41.434,0:19.449,0:31.292,0:43.912,296.7,Rene BINDER,,LMP2 Pro/Am,,Proton Competition,Oreca,GF,19.449,31.292,43.912,
77,2,16,1:35.567,0,,19.460,0,31.236,0,44.871,0,184.9,29:17.001,10:44:17.001,0:19.460,0:31.236,0:44.871,296.7,Rene BINDER,,LMP2 Pro/Am,,Proton Competition,Oreca,GF,19.460,31.236,44.871,
77,2,17,1:36.014,0,,19.408,0,32.696,0,43.910,1,184.1,30:53.015,10:45:53.015,0:19.408,0:32.696,0:43.910,296.7,Rene BINDER,,LMP2 Pro/Am,,Proton Competition,Oreca,GF,19.408,32.696,43.910,
77,2,18,1:34.784,0,,19.433,0,31.335,0,44.016,0,186.4,32:27.799,10:47:27.799,0:19.433,0:31.335,0:44.016,296.7,Rene BINDER,,LMP2 Pro/Am,,Proton Competition,Oreca,GF,19.433,31.335,44.016,
77,2,19,1:34.239,0,,19.393,1,30.571,1,44.275,0,187.5,34:02.038,10:49:02.038,0:19.393,0:30.571,0:44.275,296.7,Rene BINDER,,LMP2 Pro/Am,,Proton Competition,Oreca,GF,19.393,30.571,44.275,
77,2,20,3:12.780,0,B,19.483,0,30.899,0,2:22.398,0,91.7,37:14.818,10:52:14.818,0:19.483,0:30.899,2:22.398,298.3,Rene BINDER,,LMP2 Pro/Am,,Proton Competition,Oreca,GF,19.483,30.899,142.398,
77,1,21,1:55.151,0,,36.223,0,32.750,0,46.178,0,153.5,39:09.969,10:54:09.969,0:36.223,0:32.750,0:46.178,195.3,Giorgio RODA,0:01:53.964,LMP2 Pro/Am,,Proton Competition,Oreca,GF,36.223,32.750,46.178,
77,1,22,1:39.686,0,,21.159,0,33.140,0,45.387,0,177.3,40:49.655,10:55:49.655,0:21.159,0:33.140,0:45.387,296.7,Giorgio RODA,,LMP2 Pro/Am,,Proton Competition,Oreca,GF,21.159,33.140,45.387,
77,1,23,1:35.906,0,,19.922,0,31.465,0,44.519,0,184.3,42:25.561,10:57:25.561,0:19.922,0:31.465,0:44.519,294.3,Giorgio RODA,,LMP2 Pro/Am,,Proton Competition,Oreca,GF,19.922,31.465,44.519,
77,1,24,1:35.217,0,,19.905,0,30.992,1,44.320,1,185.6,44:00.778,10:59:00.778,0:19.905,0:30.992,0:44.320,296.7,Giorgio RODA,,LMP2 Pro/Am,,Proton Competition,Oreca,GF,19.905,30.992,44.320,
77,1,25,3:29.585,0,B,19.710,1,31.341,0,2:38.534,0,84.3,47:30.363,11:02:30.363,0:19.710,0:31.341,2:38.534,295.9,Giorgio RODA,,LMP2 Pro/Am,,Proton Competition,Oreca,GF,19.710,31.341,158.534,
77,1,26,1:54.278,0,,36.185,0,32.286,0,45.807,0,154.6,49:24.641,11:04:24.641,0:36.185,0:32.286,0:45.807,193.2,Giorgio RODA,0:02:08.914,LMP2 Pro/Am,,Proton Competition,Oreca,GF,36.185,32.286,45.807,
77,1,27,1:36.626,0,,20.075,0,31.574,0,44.977,0,182.9,51:01.267,11:06:01.267,0:20.075,0:31.574,0:44.977,291.9,Giorgio RODA,,LMP2 Pro/Am,,Proton Competition,Oreca,GF,20.075,31.574,44.977,
77,1,28,1:51.538,0,,20.153,0,32.012,0,59.373,0,158.4,52:52.805,11:07:52.805,0:20.153,0:32.012,0:59.373,295.1,Giorgio RODA,,LMP2 Pro/Am,,Proton Competition,Oreca,FCY,20.153,32.012,59.373,
77,1,29,3:42.169,0,,54.604,0,1:09.119,0,1:38.446,0,79.5,56:34.974,11:11:34.974,0:54.604,1:09.119,1:38.446,81.6,Giorgio RODA,,LMP2 Pro/Am,,Proton Competition,Oreca,FCY,54.604,69.119,98.446,
77,1,30,2:17.072,0,,55.812,0,35.238,0,46.022,0,128.9,58:52.046,11:13:52.046,0:55.812,0:35.238,0:46.022,78.3,Giorgio RODA,,LMP2 Pro/Am,,Proton Competition,Oreca,GF,55.812,35.238,46.022,
77,1,31,1:36.667,0,,20.006,0,31.651,0,45.010,0,182.8,1:00:28.713,11:15:28.713,0:20.006,0:31.651,0:45.010,292.7,Giorgio RODA,,LMP2 Pro/Am,,Proton Competition,Oreca,GF,20.006,31.651,45.010,
77,1,32,1:36.576,0,,20.116,0,31.464,0,44.996,0,183.0,1:02:05.289,11:17:05.289,0:20.116,0:31.464,0:44.996,294.3,Giorgio RODA,,LMP2 Pro/Am,,Proton Competition,Oreca,GF,20.116,31.464,44.996,
77,1,33,1:35.895,0,,19.985,0,31.224,0,44.686,0,184.3,1:03:41.184,11:18:41.184,0:19.985,0:31.224,0:44.686,295.9,Giorgio RODA,,LMP2 Pro/Am,,Proton Competition,Oreca,GF,19.985,31.224,44.686,
77,1,34,1:36.064,0,,19.743,0,31.682,0,44.639,0,184.0,1:05:17.248,11:20:17.248,0:19.743,0:31.682,0:44.639,297.5,Giorgio RODA,,LMP2 Pro/Am,,Proton Competition,Oreca,GF,19.743,31.682,44.639,
77,1,35,2:37.670,0,B,19.841,0,32.055,0,1:45.774,0,112.1,1:07:54.918,11:22:54.918,0:19.841,0:32.055,1:45.774,296.7,Giorgio RODA,,LMP2 Pro/Am,,Proton Competition,Oreca,GF,19.841,32.055,105.774,
77,2,36,1:53.847,0,,35.513,0,32.992,0,45.342,0,155.2,1:09:48.765,11:24:48.765,0:35.513,0:32.992,0:45.342,198.2,Rene BINDER,0:01:13.337,LMP2 Pro/Am,,Proton Competition,Oreca,GF,35.513,32.992,45.342,
77,2,37,1:35.982,0,,19.755,0,31.719,0,44.508,0,184.1,1:11:24.747,11:26:24.747,0:19.755,0:31.719,0:44.508,294.3,Rene BINDER,,LMP2 Pro/Am,,Proton Competition,Oreca,GF,19.755,31.719,44.508,
77,2,38,1:35.559,0,,19.620,0,31.302,0,44.637,0,184.9,1:13:00.306,11:28:00.306,0:19.620,0:31.302,0:44.637,295.9,Rene BINDER,,LMP2 Pro/Am,,Proton Competition,Oreca,GF,19.620,31.302,44.637,
77,2,39,1:35.248,0,,19.558,0,31.222,0,44.468,0,185.5,1:14:35.554,11:29:35.554,0:19.558,0:31.222,0:44.468,295.1,Rene BINDER,,LMP2 Pro/Am,,Proton Competition,Oreca,GF,19.558,31.222,44.468,
77,2,40,2:29.289,0,B,19.458,0,30.649,0,1:39.182,0,118.4,1:17:04.843,11:32:04.843,0:19.458,0:30.649,1:39.182,296.7,Rene BINDER,,LMP2 Pro/Am,,Proton Competition,Oreca,GF,19.458,30.649,99.182,
77,2,41,1:52.170,0,,34.923,0,32.440,0,44.807,0,157.6,1:18:57.013,11:33:57.013,0:34.923,0:32.440,0:44.807,200.4,Rene BINDER,0:01:10.728,LMP2 Pro/Am,,Proton Competition,Oreca,GF,34.923,32.440,44.807,
77,2,42,1:37.554,0,,20.560,0,32.153,0,44.841,0,181.2,1:20:34.567,11:35:34.567,0:20.560,0:32.153,0:44.841,297.5,Rene BINDER,,LMP2 Pro/Am,,Proton Competition,Oreca,GF,20.560,32.153,44.841,
77,2,43,2:21.764,0,B,19.623,0,31.508,0,1:30.633,0,124.7,1:22:56.331,11:37:56.331,0:19.623,0:31.508,1:30.633,296.7,Rene BINDER,,LMP2 Pro/Am,,Proton Competition,Oreca,GF,19.623,31.508,90.633,
77,2,44,1:50.810,0,,34.723,0,31.441,0,44.646,0,159.5,1:24:47.141,11:39:47.141,0:34.723,0:31.441,0:44.646,198.9,Rene BINDER,0:01:01.651,LMP2 Pro/Am,,Proton Competition,Oreca,GF,34.723,31.441,44.646,
77,2,45,1:35.059,0,,19.597,0,31.259,0,44.203,0,185.9,1:26:22.200,11:41:22.200,0:19.597,0:31.259,0:44.203,296.7,Rene BINDER,,LMP2 Pro/Am,,Proton Competition,Oreca,GF,19.597,31.259,44.203,
77,2,46,1:35.414,0,,19.731,0,30.899,0,44.784,0,185.2,1:27:57.614,11:42:57.614,0:19.731,0:30.899,0:44.784,296.7,Rene BINDER,,LMP2 Pro/Am,,Proton Competition,Oreca,GF,19.731,30.899,44.784,
77,2,47,1:34.845,0,,19.491,0,30.853,0,44.501,0,186.3,1:29:32.459,11:44:32.459,0:19.491,0:30.853,0:44.501,295.9,Rene BINDER,,LMP2 Pro/Am,,Proton Competition,Oreca,GF,19.491,30.853,44.501,
8,2,1,3:55.698,0,,2:16.971,0,39.290,0,59.437,0,71.6,3:55.698,10:18:55.698,2:16.971,0:39.290,0:59.437,164.4,Daniel NOGALES,0:01:49.486,LMP3,,Team Virage,Ligier,GF,136.971,39.290,59.437,
8,2,2,1:49.264,0,,22.449,0,34.025,0,52.790,0,161.7,5:44.962,10:20:44.962,0:22.449,0:34.025,0:52.790,260.2,Daniel NOGALES,,LMP3,,Team Virage,Ligier,GF,22.449,34.025,52.790,
8,2,3,1:41.451,0,,21.335,0,32.724,0,47.392,0,174.2,7:26.413,10:22:26.413,0:21.335,0:32.724,0:47.392,266.0,Daniel NOGALES,,LMP3,,Team Virage,Ligier,GF,21.335,32.724,47.392,
8,2,4,1:41.137,0,,21.231,0,32.529,2,47.377,0,174.7,9:07.550,10:24:07.550,0:21.231,0:32.529,0:47.377,268.0,Daniel NOGALES,,LMP3,,Team Virage,Ligier,GF,21.231,32.529,47.377,
8,2,5,1:41.585,0,,21.315,0,32.712,0,47.558,0,174.0,10:49.135,10:25:49.135,0:21.315,0:32.712,0:47.558,268.7,Daniel NOGALES,,LMP3,,Team Virage,Ligier,GF,21.315,32.712,47.558,
8,2,6,1:40.784,0,,21.121,0,32.618,0,47.045,0,175.3,12:29.919,10:27:29.919,0:21.121,0:32.618,0:47.045,268.7,Daniel NOGALES,,LMP3,,Team Virage,Ligier,GF,21.121,32.618,47.045,
8,2,7,1:40.724,0,,21.177,0,32.660,0,46.887,0,175.5,14:10.643,10:29:10.643,0:21.177,0:32.660,0:46.887,268.0,Daniel NOGALES,,LMP3,,Team Virage,Ligier,GF,21.177,32.660,46.887,
8,2,8,1:41.069,0,,21.206,0,32.880,0,46.983,0,174.9,15:51.712,10:30:51.712,0:21.206,0:32.880,0:46.983,266.0,Daniel NOGALES,,LMP3,,Team Virage,Ligier,GF,21.206,32.880,46.983,
8,2,9,1:40.462,2,,21.103,1,32.579,0,46.780,2,175.9,17:32.174,10:32:32.174,0:21.103,0:32.579,0:46.780,267.3,Daniel NOGALES,,LMP3,,Team Virage,Ligier,GF,21.103,32.579,46.780,
8,2,10,4:00.914,0,B,21.217,0,33.268,0,3:06.429,0,73.4,21:33.088,10:36:33.088,0:21.217,0:33.268,3:06.429,268.0,Daniel NOGALES,,LMP3,,Team Virage,Ligier,GF,21.217,33.268,186.429,
8,3,11,1:57.716,0,,36.314,0,33.609,0,47.793,0,150.1,23:30.804,10:38:30.804,0:36.314,0:33.609,0:47.793,183.7,Rik KOEN,0:02:35.535,LMP3,,Team Virage,Ligier,GF,36.314,33.609,47.793,
8,3,12,1:41.700,0,,21.318,0,33.066,0,47.316,0,173.8,25:12.504,10:40:12.504,0:21.318,0:33.066,0:47.316,266.0,Rik KOEN,,LMP3,,Team Virage,Ligier,GF,21.318,33.066,47.316,
8,3,13,1:41.831,0,,21.187,0,33.219,0,47.425,0,173.5,26:54.335,10:41:54.335,0:21.187,0:33.219,0:47.425,268.7,Rik KOEN,,LMP3,,Team Virage,Ligier,GF,21.187,33.219,47.425,
8,3,14,1:41.191,0,,21.173,0,32.879,1,47.139,0,174.6,28:35.526,10:43:35.526,0:21.173,0:32.879,0:47.139,266.7,Rik KOEN,,LMP3,,Team Virage,Ligier,GF,21.173,32.879,47.139,
8,3,15,1:41.369,0,,21.130,0,33.043,0,47.196,0,174.3,30:16.895,10:45:16.895,0:21.130,0:33.043,0:47.196,268.7,Rik KOEN,,LMP3,,Team Virage,Ligier,GF,21.130,33.043,47.196,
8,3,16,1:41.686,0,,21.089,2,33.217,0,47.380,0,173.8,31:58.581,10:46:58.581,0:21.089,0:33.217,0:47.380,269.3,Rik KOEN,,LMP3,,Team Virage,Ligier,GF,21.089,33.217,47.380,
8,3,17,1:42.777,0,,21.196,0,32.968,0,48.613,0,171.9,33:41.358,10:48:41.358,0:21.196,0:32.968,0:48.613,266.7,Rik KOEN,,LMP3,,Team Virage,Ligier,GF,21.196,32.968,48.613,
8,3,18,1:42.323,0,,21.627,0,33.643,0,47.053,1,172.7,35:23.681,10:50:23.681,0:21.627,0:33.643,0:47.053,267.3,Rik KOEN,,LMP3,,Team Virage,Ligier,GF,21.627,33.643,47.053,
8,3,19,3:25.948,0,B,21.635,0,33.411,0,2:30.902,0,85.8,38:49.629,10:53:49.629,0:21.635,0:33.411,2:30.902,269.3,Rik KOEN,,LMP3,,Team Virage,Ligier,GF,21.635,33.411,150.902,
8,1,20,2:05.623,0,,38.147,0,36.934,0,50.542,0,140.7,40:55.252,10:55:55.252,0:38.147,0:36.934,0:50.542,165.4,Jacek ZIELONKA,0:01:59.546,LMP3,,Team Virage,Ligier,GF,38.147,36.934,50.542,
8,1,21,1:50.130,0,,22.971,0,38.044,0,49.115,0,160.5,42:45.382,10:57:45.382,0:22.971,0:38.044,0:49.115,264.1,Jacek ZIELONKA,,LMP3,,Team Virage,Ligier,GF,22.971,38.044,49.115,
8,1,22,1:47.709,0,,22.108,0,37.073,0,48.528,1,164.1,44:33.091,10:59:33.091,0:22.108,0:37.073,0:48.528,264.1,Jacek ZIELONKA,,LMP3,,Team Virage,Ligier,GF,22.108,37.073,48.528,
8,1,23,1:45.049,0,,21.942,0,34.519,1,48.588,0,168.2,46:18.140,11:01:18.140,0:21.942,0:34.519,0:48.588,265.4,Jacek ZIELONKA,,LMP3,,Team Virage,Ligier,GF,21.942,34.519,48.588,
8,1,24,1:47.755,0,,22.430,0,35.216,0,50.109,0,164.0,48:05.895,11:03:05.895,0:22.430,0:35.216,0:50.109,264.7,Jacek ZIELONKA,,LMP3,,Team Virage,Ligier,GF,22.430,35.216,50.109,
8,1,25,1:45.678,0,,22.459,0,34.532,0,48.687,0,167.2,49:51.573,11:04:51.573,0:22.459,0:34.532,0:48.687,252.3,Jacek ZIELONKA,,LMP3,,Team Virage,Ligier,GF,22.459,34.532,48.687,
8,1,26,16:10.282,0,B,22.101,0,6:16.213,0,9:31.968,0,18.2,1:06:01.855,11:21:01.855,0:22.101,6:16.213,9:31.968,262.1,Jacek ZIELONKA,,LMP3,,Team Virage,Ligier,GF,22.101,376.213,571.968,
8,1,27,2:04.012,0,,39.094,0,35.625,0,49.293,0,142.5,1:08:05.867,11:23:05.867,0:39.094,0:35.625,0:49.293,170.6,Jacek ZIELONKA,0:08:12.735,LMP3,,Team Virage,Ligier,GF,39.094,35.625,49.293,
8,1,28,1:45.848,0,,22.435,0,34.582,0,48.831,0,167.0,1:09:51.715,11:24:51.715,0:22.435,0:34.582,0:48.831,262.8,Jacek ZIELONKA,,LMP3,,Team Virage,Ligier,GF,22.435,34.582,48.831,
8,1,29,1:45.462,0,,21.872,0,34.542,0,49.048,0,167.6,1:11:37.177,11:26:37.177,0:21.872,0:34.542,0:49.048,264.1,Jacek ZIELONKA,,LMP3,,Team Virage,Ligier,GF,21.872,34.542,49.048,
8,1,30,2:53.977,0,B,21.743,1,35.405,0,1:56.829,0,101.6,1:14:31.154,11:29:31.154,0:21.743,0:35.405,1:56.829,266.7,Jacek ZIELONKA,,LMP3,,Team Virage,Ligier,GF,21.743,35.405,116.829,
8,2,31,2:01.796,0,,37.201,0,35.899,0,48.696,0,145.1,1:16:32.950,11:31:32.950,0:37.201,0:35.899,0:48.696,182.1,Daniel NOGALES,0:01:23.244,LMP3,,Team Virage,Ligier,GF,37.201,35.899,48.696,
8,2,32,1:45.237,0,,23.306,0,33.751,0,48.180,0,167.9,1:18:18.187,11:33:18.187,0:23.306,0:33.751,0:48.180,238.4,Daniel NOGALES,,LMP3,,Team Virage,Ligier,GF,23.306,33.751,48.180,
8,2,33,1:44.519,0,,21.608,0,34.523,0,48.388,0,169.1,1:20:02.706,11:35:02.706,0:21.608,0:34.523,0:48.388,270.0,Daniel NOGALES,,LMP3,,Team Virage,Ligier,GF,21.608,34.523,48.388,
8,2,34,1:42.818,0,,21.382,0,33.433,0,48.003,0,171.9,1:21:45.524,11:36:45.524,0:21.382,0:33.433,0:48.003,270.0,Daniel NOGALES,,LMP3,,Team Virage,Ligier,GF,21.382,33.433,48.003,
8,2,35,4:48.798,0,B,21.275,0,33.269,0,3:54.254,0,61.2,1:26:34.322,11:41:34.322,0:21.275,0:33.269,3:54.254,268.0,Daniel NOGALES,,LMP3,,Team Virage,Ligier,GF,21.275,33.269,234.254,
8,2,36,1:58.271,0,,36.009,0,33.627,0,48.635,0,149.4,1:28:32.593,11:43:32.593,0:36.009,0:33.627,0:48.635,183.1,Daniel NOGALES,0:03:24.116,LMP3,,Team Virage,Ligier,GF,36.009,33.627,48.635,
8,2,37,1:42.402,0,,21.342,0,33.350,0,47.710,0,172.6,1:30:14.995,11:45:14.995,0:21.342,0:33.350,0:47.710,268.7,Daniel NOGALES,,LMP3,,Team Virage,Ligier,FF,21.342,33.350,47.710,
82,3,1,2:21.332,0,,50.689,0,38.423,0,52.220,0,119.5,2:21.332,10:17:21.332,0:50.689,0:38.423,0:52.220,168.0,Charlie EASTWOOD,0:00:23.576,LMGT3,,TF Sport,Corvette,GF,50.689,38.423,52.220,
82,3,2,1:49.030,0,,22.855,0,34.824,0,51.351,0,162.1,4:10.362,10:19:10.362,0:22.855,0:34.824,0:51.351,256.5,Charlie EASTWOOD,,LMGT3,,TF Sport,Corvette,GF,22.855,34.824,51.351,
82,3,3,1:45.891,0,,22.062,0,34.052,0,49.777,0,166.9,5:56.253,10:20:56.253,0:22.062,0:34.052,0:49.777,260.9,Charlie EASTWOOD,,LMGT3,,TF Sport,Corvette,GF,22.062,34.052,49.777,
82,3,4,1:44.926,0,,21.786,0,33.731,0,49.409,0,168.4,7:41.179,10:22:41.179,0:21.786,0:33.731,0:49.409,261.5,Charlie EASTWOOD,,LMGT3,,TF Sport,Corvette,GF,21.786,33.731,49.409,
82,3,5,1:43.316,0,,21.695,0,33.675,0,47.946,0,171.1,9:24.495,10:24:24.495,0:21.695,0:33.675,0:47.946,261.5,Charlie EASTWOOD,,LMGT3,,TF Sport,Corvette,GF,21.695,33.675,47.946,
82,3,6,1:43.228,0,,21.657,0,33.729,0,47.842,0,171.2,11:07.723,10:26:07.723,0:21.657,0:33.729,0:47.842,261.5,Charlie EASTWOOD,,LMGT3,,TF Sport,Corvette,GF,21.657,33.729,47.842,
82,3,7,1:42.827,2,,21.641,0,33.611,2,47.575,2,171.9,12:50.550,10:27:50.550,0:21.641,0:33.611,0:47.575,260.9,Charlie EASTWOOD,,LMGT3,,TF Sport,Corvette,GF,21.641,33.611,47.575,
82,3,8,3:56.848,0,B,21.743,0,33.989,0,3:01.116,0,74.6,16:47.398,10:31:47.398,0:21.743,0:33.989,3:01.116,262.1,Charlie EASTWOOD,,LMGT3,,TF Sport,Corvette,GF,21.743,33.989,181.116,
82,3,9,2:00.255,0,,37.012,0,34.533,0,48.710,0,147.0,18:47.653,10:33:47.653,0:37.012,0:34.533,0:48.710,176.2,Charlie EASTWOOD,0:02:28.046,LMGT3,,TF Sport,Corvette,GF,37.012,34.533,48.710,
82,3,10,1:45.311,0,,21.616,1,34.818,0,48.877,0,167.8,20:32.964,10:35:32.964,0:21.616,0:34.818,0:48.877,260.9,Charlie EASTWOOD,,LMGT3,,TF Sport,Corvette,GF,21.616,34.818,48.877,
82,3,11,1:43.690,0,,21.818,0,33.872,0,48.000,0,170.4,22:16.654,10:37:16.654,0:21.818,0:33.872,0:48.000,262.1,Charlie EASTWOOD,,LMGT3,,TF Sport,Corvette,GF,21.818,33.872,48.000,
82,3,12,2:47.813,0,B,21.675,0,33.872,0,1:52.266,0,105.3,25:04.467,10:40:04.467,0:21.675,0:33.872,1:52.266,263.4,Charlie EASTWOOD,,LMGT3,,TF Sport,Corvette,GF,21.675,33.872,112.266,
82,2,13,2:00.016,0,,36.438,0,34.889,0,48.689,0,147.3,27:04.483,10:42:04.483,0:36.438,0:34.889,0:48.689,179.4,Rui ANDRADE,0:01:20.897,LMGT3,,TF Sport,Corvette,GF,36.438,34.889,48.689,
82,2,14,1:45.813,0,,22.190,0,34.631,0,48.992,0,167.0,28:50.296,10:43:50.296,0:22.190,0:34.631,0:48.992,266.0,Rui ANDRADE,,LMGT3,,TF Sport,Corvette,GF,22.190,34.631,48.992,
82,2,15,1:43.731,0,,21.694,0,33.983,0,48.054,0,170.4,30:34.027,10:45:34.027,0:21.694,0:33.983,0:48.054,262.1,Rui ANDRADE,,LMGT3,,TF Sport,Corvette,GF,21.694,33.983,48.054,
82,2,16,1:44.087,0,,21.717,0,34.179,0,48.191,0,169.8,32:18.114,10:47:18.114,0:21.717,0:34.179,0:48.191,262.8,Rui ANDRADE,,LMGT3,,TF Sport,Corvette,GF,21.717,34.179,48.191,
82,2,17,1:44.667,0,,21.670,0,34.573,0,48.424,0,168.8,34:02.781,10:49:02.781,0:21.670,0:34.573,0:48.424,264.1,Rui ANDRADE,,LMGT3,,TF Sport,Corvette,GF,21.670,34.573,48.424,
82,2,18,1:44.121,0,,21.996,0,34.287,0,47.838,0,169.7,35:46.902,10:50:46.902,0:21.996,0:34.287,0:47.838,262.8,Rui ANDRADE,,LMGT3,,TF Sport,Corvette,GF,21.996,34.287,47.838,
82,2,19,1:45.835,0,,21.603,0,33.987,0,50.245,0,167.0,37:32.737,10:52:32.737,0:21.603,0:33.987,0:50.245,264.1,Rui ANDRADE,,LMGT3,,TF Sport,Corvette,GF,21.603,33.987,50.245,
82,2,20,1:43.923,0,,21.640,0,34.338,0,47.945,0,170.1,39:16.660,10:54:16.660,0:21.640,0:34.338,0:47.945,264.7,Rui ANDRADE,,LMGT3,,TF Sport,Corvette,GF,21.640,34.338,47.945,
82,2,21,1:43.975,0,,21.632,0,34.089,0,48.254,0,170.0,41:00.635,10:56:00.635,0:21.632,0:34.089,0:48.254,263.4,Rui ANDRADE,,LMGT3,,TF Sport,Corvette,GF,21.632,34.089,48.254,
82,2,22,4:04.146,0,B,22.241,0,34.414,0,3:07.491,0,72.4,45:04.781,11:00:04.781,0:22.241,0:34.414,3:07.491,263.4,Rui ANDRADE,,LMGT3,,TF Sport,Corvette,GF,22.241,34.414,187.491,
82,1,23,2:03.129,0,,38.570,0,35.190,0,49.369,0,143.5,47:07.910,11:02:07.910,0:38.570,0:35.190,0:49.369,179.4,Hiroshi KOIZUMI,0:02:35.631,LMGT3,,TF Sport,Corvette,GF,38.570,35.190,49.369,
82,1,24,1:45.630,0,,21.991,0,34.653,0,48.986,0,167.3,48:53.540,11:03:53.540,0:21.991,0:34.653,0:48.986,262.8,Hiroshi KOIZUMI,,LMGT3,,TF Sport,Corvette,GF,21.991,34.653,48.986,
82,1,25,1:51.928,0,,22.145,0,40.194,0,49.589,0,157.9,50:45.468,11:05:45.468,0:22.145,0:40.194,0:49.589,262.1,Hiroshi KOIZUMI,,LMGT3,,TF Sport,Corvette,GF,22.145,40.194,49.589,
82,1,26,1:49.108,0,,21.993,0,35.508,0,51.607,0,162.0,52:34.576,11:07:34.576,0:21.993,0:35.508,0:51.607,262.1,Hiroshi KOIZUMI,,LMGT3,,TF Sport,Corvette,FCY,21.993,35.508,51.607,
82,1,27,4:49.367,0,B,54.502,0,1:07.832,0,2:47.033,0,61.1,57:23.943,11:12:23.943,0:54.502,1:07.832,2:47.033,81.6,Hiroshi KOIZUMI,,LMGT3,,TF Sport,Corvette,FCY,54.502,67.832,167.033,
82,1,28,2:06.853,0,,39.720,0,36.559,0,50.574,0,139.3,59:30.796,11:14:30.796,0:39.720,0:36.559,0:50.574,164.6,Hiroshi KOIZUMI,0:01:36.874,LMGT3,,TF Sport,Corvette,GF,39.720,36.559,50.574,
82,1,29,1:47.180,0,,22.522,0,35.164,0,49.494,0,164.9,1:01:17.976,11:16:17.976,0:22.522,0:35.164,0:49.494,260.9,Hiroshi KOIZUMI,,LMGT3,,TF Sport,Corvette,GF,22.522,35.164,49.494,
82,1,30,1:46.717,0,,22.104,0,35.158,0,49.455,0,165.6,1:03:04.693,11:18:04.693,0:22.104,0:35.158,0:49.455,262.1,Hiroshi KOIZUMI,,LMGT3,,TF Sport,Corvette,GF,22.104,35.158,49.455,
82,1,31,1:47.090,0,,22.767,0,34.890,0,49.433,0,165.0,1:04:51.783,11:19:51.783,0:22.767,0:34.890,0:49.433,263.4,Hiroshi KOIZUMI,,LMGT3,,TF Sport,Corvette,GF,22.767,34.890,49.433,
82,1,32,1:45.486,0,,21.963,0,34.480,0,49.043,0,167.5,1:06:37.269,11:21:37.269,0:21.963,0:34.480,0:49.043,262.1,Hiroshi KOIZUMI,,LMGT3,,TF Sport,Corvette,GF,21.963,34.480,49.043,
82,1,33,1:45.637,0,,22.017,0,34.551,0,49.069,0,167.3,1:08:22.906,11:23:22.906,0:22.017,0:34.551,0:49.069,262.1,Hiroshi KOIZUMI,,LMGT3,,TF Sport,Corvette,GF,22.017,34.551,49.069,
82,1,34,1:46.882,0,,23.090,0,34.802,0,48.990,0,165.3,1:10:09.788,11:25:09.788,0:23.090,0:34.802,0:48.990,261.5,Hiroshi KOIZUMI,,LMGT3,,TF Sport,Corvette,GF,23.090,34.802,48.990,
82,1,35,1:45.465,0,,21.951,0,34.557,0,48.957,1,167.6,1:11:55.253,11:26:55.253,0:21.951,0:34.557,0:48.957,262.1,Hiroshi KOIZUMI,,LMGT3,,TF Sport,Corvette,GF,21.951,34.557,48.957,
82,1,36,1:46.091,0,,21.904,1,34.431,1,49.756,0,166.6,1:13:41.344,11:28:41.344,0:21.904,0:34.431,0:49.756,262.8,Hiroshi KOIZUMI,,LMGT3,,TF Sport,Corvette,GF,21.904,34.431,49.756,
82,1,37,2:59.661,0,B,21.982,0,34.505,0,2:03.174,0,98.4,1:16:41.005,11:31:41.005,0:21.982,0:34.505,2:03.174,262.8,Hiroshi KOIZUMI,,LMGT3,,TF Sport,Corvette,GF,21.982,34.505,123.174,
82,2,38,2:03.299,0,,38.085,0,36.269,0,48.945,0,143.3,1:18:44.304,11:33:44.304,0:38.085,0:36.269,0:48.945,176.8,Rui ANDRADE,0:01:31.035,LMGT3,,TF Sport,Corvette,GF,38.085,36.269,48.945,
82,2,39,1:44.751,0,,21.999,0,34.548,0,48.204,0,168.7,1:20:29.055,11:35:29.055,0:21.999,0:34.548,0:48.204,260.9,Rui ANDRADE,,LMGT3,,TF Sport,Corvette,GF,21.999,34.548,48.204,
82,2,40,1:45.461,0,,21.754,0,34.129,0,49.578,0,167.6,1:22:14.516,11:37:14.516,0:21.754,0:34.129,0:49.578,262.1,Rui ANDRADE,,LMGT3,,TF Sport,Corvette,GF,21.754,34.129,49.578,
82,2,41,1:44.258,0,,22.150,0,34.092,0,48.016,0,169.5,1:23:58.774,11:38:58.774,0:22.150,0:34.092,0:48.016,262.1,Rui ANDRADE,,LMGT3,,TF Sport,Corvette,GF,22.150,34.092,48.016,
82,2,42,1:42.979,0,,21.592,2,33.667,1,47.720,0,171.6,1:25:41.753,11:40:41.753,0:21.592,0:33.667,0:47.720,262.8,Rui ANDRADE,,LMGT3,,TF Sport,Corvette,GF,21.592,33.667,47.720,
82,2,43,1:42.991,0,,21.595,0,33.727,0,47.669,1,171.6,1:27:24.744,11:42:24.744,0:21.595,0:33.727,0:47.669,262.1,Rui ANDRADE,,LMGT3,,TF Sport,Corvette,GF,21.595,33.727,47.669,
82,2,44,1:43.510,0,,21.665,0,34.015,0,47.830,0,170.7,1:29:08.254,11:44:08.254,0:21.665,0:34.015,0:47.830,262.8,Rui ANDRADE,,LMGT3,,TF Sport,Corvette,GF,21.665,34.015,47.830,
82,2,45,1:43.360,0,,21.634,0,33.910,0,47.816,0,171.0,1:30:51.614,11:45:51.614,0:21.634,0:33.910,0:47.816,262.1,Rui ANDRADE,,LMGT3,,TF Sport,Corvette,FF,21.634,33.910,47.816,
83,1,1,2:30.029,0,,1:03.843,0,36.895,0,49.291,0,112.6,2:30.029,10:17:30.029,1:03.843,0:36.895,0:49.291,173.9,François PERRODO,0:00:37.377,LMP2 Pro/Am,,AF Corse,Oreca,GF,63.843,36.895,49.291,
83,1,2,1:40.864,0,,21.119,0,33.029,0,46.716,0,175.2,4:10.893,10:19:10.893,0:21.119,0:33.029,0:46.716,288.8,François PERRODO,,LMP2 Pro/Am,,AF Corse,Oreca,GF,21.119,33.029,46.716,
83,1,3,1:39.807,0,,20.358,0,33.065,0,46.384,0,177.1,5:50.700,10:20:50.700,0:20.358,0:33.065,0:46.384,291.9,François PERRODO,,LMP2 Pro/Am,,AF Corse,Oreca,GF,20.358,33.065,46.384,
83,1,4,1:37.112,0,,20.258,0,31.646,0,45.208,0,182.0,7:27.812,10:22:27.812,0:20.258,0:31.646,0:45.208,293.5,François PERRODO,,LMP2 Pro/Am,,AF Corse,Oreca,GF,20.258,31.646,45.208,
83,1,5,1:39.572,0,,20.076,0,32.952,0,46.544,0,177.5,9:07.384,10:24:07.384,0:20.076,0:32.952,0:46.544,292.7,François PERRODO,,LMP2 Pro/Am,,AF Corse,Oreca,GF,20.076,32.952,46.544,
83,1,6,1:36.748,0,,20.113,0,31.579,0,45.056,0,182.7,10:44.132,10:25:44.132,0:20.113,0:31.579,0:45.056,292.7,François PERRODO,,LMP2 Pro/Am,,AF Corse,Oreca,GF,20.113,31.579,45.056,
83,1,7,1:38.176,0,,19.972,0,31.775,0,46.429,0,180.0,12:22.308,10:27:22.308,0:19.972,0:31.775,0:46.429,291.9,François PERRODO,,LMP2 Pro/Am,,AF Corse,Oreca,GF,19.972,31.775,46.429,
83,1,8,1:38.560,0,,19.900,0,31.061,1,47.599,0,179.3,14:00.868,10:29:00.868,0:19.900,0:31.061,0:47.599,292.7,François PERRODO,,LMP2 Pro/Am,,AF Corse,Oreca,GF,19.900,31.061,47.599,
83,1,9,1:35.518,0,,19.751,1,31.066,0,44.701,1,185.0,15:36.386,10:30:36.386,0:19.751,0:31.066,0:44.701,292.7,François PERRODO,,LMP2 Pro/Am,,AF Corse,Oreca,GF,19.751,31.066,44.701,
83,1,10,1:36.248,0,,19.878,0,31.113,0,45.257,0,183.6,17:12.634,10:32:12.634,0:19.878,0:31.113,0:45.257,293.5,François PERRODO,,LMP2 Pro/Am,,AF Corse,Oreca,GF,19.878,31.113,45.257,
83,1,11,4:06.340,0,B,20.063,0,31.448,0,3:14.829,0,71.7,21:18.974,10:36:18.974,0:20.063,0:31.448,3:14.829,292.7,François PERRODO,,LMP2 Pro/Am,,AF Corse,Oreca,GF,20.063,31.448,194.829,
83,1,12,1:54.025,0,,35.413,0,33.053,0,45.559,0,155.0,23:12.999,10:38:12.999,0:35.413,0:33.053,0:45.559,199.6,François PERRODO,0:02:44.391,LMP2 Pro/Am,,AF Corse,Oreca,GF,35.413,33.053,45.559,
83,1,13,1:38.319,0,,20.165,0,31.920,0,46.234,0,179.7,24:51.318,10:39:51.318,0:20.165,0:31.920,0:46.234,290.3,François PERRODO,,LMP2 Pro/Am,,AF Corse,Oreca,GF,20.165,31.920,46.234,
83,1,14,1:38.492,0,,20.256,0,32.385,0,45.851,0,179.4,26:29.810,10:41:29.810,0:20.256,0:32.385,0:45.851,291.9,François PERRODO,,LMP2 Pro/Am,,AF Corse,Oreca,GF,20.256,32.385,45.851,
83,1,15,1:40.728,0,,20.698,0,32.630,0,47.400,0,175.4,28:10.538,10:43:10.538,0:20.698,0:32.630,0:47.400,294.3,François PERRODO,,LMP2 Pro/Am,,AF Corse,Oreca,GF,20.698,32.630,47.400,
83,1,16,1:36.857,0,,19.962,0,31.568,0,45.327,0,182.5,29:47.395,10:44:47.395,0:19.962,0:31.568,0:45.327,291.1,François PERRODO,,LMP2 Pro/Am,,AF Corse,Oreca,GF,19.962,31.568,45.327,
83,1,17,1:36.721,0,,20.502,0,31.494,0,44.725,0,182.7,31:24.116,10:46:24.116,0:20.502,0:31.494,0:44.725,293.5,François PERRODO,,LMP2 Pro/Am,,AF Corse,Oreca,GF,20.502,31.494,44.725,
83,1,18,1:36.298,0,,19.951,0,31.168,0,45.179,0,183.5,33:00.414,10:48:00.414,0:19.951,0:31.168,0:45.179,291.9,François PERRODO,,LMP2 Pro/Am,,AF Corse,Oreca,GF,19.951,31.168,45.179,
83,1,19,3:42.955,0,B,20.041,0,31.788,0,2:51.126,0,79.3,36:43.369,10:51:43.369,0:20.041,0:31.788,2:51.126,294.3,François PERRODO,,LMP2 Pro/Am,,AF Corse,Oreca,GF,20.041,31.788,171.126,
83,2,20,1:52.625,0,,35.461,0,31.902,0,45.262,0,156.9,38:35.994,10:53:35.994,0:35.461,0:31.902,0:45.262,198.9,Matthieu VAXIVIERE,0:02:21.427,LMP2 Pro/Am,,AF Corse,Oreca,GF,35.461,31.902,45.262,
83,2,21,1:36.550,0,,19.525,0,31.776,0,45.249,0,183.0,40:12.544,10:55:12.544,0:19.525,0:31.776,0:45.249,294.3,Matthieu VAXIVIERE,,LMP2 Pro/Am,,AF Corse,Oreca,GF,19.525,31.776,45.249,
83,2,22,1:36.169,0,,19.674,0,30.553,0,45.942,0,183.8,41:48.713,10:56:48.713,0:19.674,0:30.553,0:45.942,293.5,Matthieu VAXIVIERE,,LMP2 Pro/Am,,AF Corse,Oreca,GF,19.674,30.553,45.942,
83,2,23,1:35.124,0,,19.497,0,31.300,0,44.327,0,185.8,43:23.837,10:58:23.837,0:19.497,0:31.300,0:44.327,293.5,Matthieu VAXIVIERE,,LMP2 Pro/Am,,AF Corse,Oreca,GF,19.497,31.300,44.327,
83,2,24,1:34.316,0,,19.482,0,30.465,0,44.369,0,187.4,44:58.153,10:59:58.153,0:19.482,0:30.465,0:44.369,294.3,Matthieu VAXIVIERE,,LMP2 Pro/Am,,AF Corse,Oreca,GF,19.482,30.465,44.369,
83,2,25,1:34.705,0,,19.391,0,30.449,0,44.865,0,186.6,46:32.858,11:01:32.858,0:19.391,0:30.449,0:44.865,294.3,Matthieu VAXIVIERE,,LMP2 Pro/Am,,AF Corse,Oreca,GF,19.391,30.449,44.865,
83,2,26,1:33.776,0,,19.477,0,30.538,0,43.761,0,188.5,48:06.634,11:03:06.634,0:19.477,0:30.538,0:43.761,295.1,Matthieu VAXIVIERE,,LMP2 Pro/Am,,AF Corse,Oreca,GF,19.477,30.538,43.761,
83,2,27,1:39.211,0,,19.733,0,31.325,0,48.153,0,178.1,49:45.845,11:04:45.845,0:19.733,0:31.325,0:48.153,291.1,Matthieu VAXIVIERE,,LMP2 Pro/Am,,AF Corse,Oreca,GF,19.733,31.325,48.153,
83,2,28,1:36.137,0,,19.431,0,30.427,0,46.279,0,183.8,51:21.982,11:06:21.982,0:19.431,0:30.427,0:46.279,294.3,Matthieu VAXIVIERE,,LMP2 Pro/Am,,AF Corse,Oreca,GF,19.431,30.427,46.279,
83,2,29,8:10.680,0,B,19.349,0,33.908,0,7:17.423,0,36.0,59:32.662,11:14:32.662,0:19.349,0:33.908,7:17.423,297.5,Matthieu VAXIVIERE,,LMP2 Pro/Am,,AF Corse,Oreca,GF,19.349,33.908,437.423,
83,2,30,1:51.617,0,,35.229,0,31.248,0,45.140,0,158.3,1:01:24.279,11:16:24.279,0:35.229,0:31.248,0:45.140,199.6,Matthieu VAXIVIERE,0:06:19.857,LMP2 Pro/Am,,AF Corse,Oreca,GF,35.229,31.248,45.140,
83,2,31,1:46.124,0,,25.657,0,33.772,0,46.695,0,166.5,1:03:10.403,11:18:10.403,0:25.657,0:33.772,0:46.695,293.5,Matthieu VAXIVIERE,,LMP2 Pro/Am,,AF Corse,Oreca,GF,25.657,33.772,46.695,
83,2,32,1:39.281,0,,19.623,0,32.160,0,47.498,0,178.0,1:04:49.684,11:19:49.684,0:19.623,0:32.160,0:47.498,295.9,Matthieu VAXIVIERE,,LMP2 Pro/Am,,AF Corse,Oreca,GF,19.623,32.160,47.498,
83,2,33,1:38.625,0,,19.503,0,30.393,0,48.729,0,179.2,1:06:28.309,11:21:28.309,0:19.503,0:30.393,0:48.729,294.3,Matthieu VAXIVIERE,,LMP2 Pro/Am,,AF Corse,Oreca,GF,19.503,30.393,48.729,
83,2,34,1:37.220,0,,19.428,0,30.933,0,46.859,0,181.8,1:08:05.529,11:23:05.529,0:19.428,0:30.933,0:46.859,295.1,Matthieu VAXIVIERE,,LMP2 Pro/Am,,AF Corse,Oreca,GF,19.428,30.933,46.859,
83,2,35,1:33.529,0,,19.511,0,30.360,2,43.658,0,189.0,1:09:39.058,11:24:39.058,0:19.511,0:30.360,0:43.658,294.3,Matthieu VAXIVIERE,,LMP2 Pro/Am,,AF Corse,Oreca,GF,19.511,30.360,43.658,
83,2,36,1:40.516,0,,19.923,0,31.461,0,49.132,0,175.8,1:11:19.574,11:26:19.574,0:19.923,0:31.461,0:49.132,296.7,Matthieu VAXIVIERE,,LMP2 Pro/Am,,AF Corse,Oreca,GF,19.923,31.461,49.132,
83,2,37,1:38.987,0,,19.362,0,31.847,0,47.778,0,178.5,1:12:58.561,11:27:58.561,0:19.362,0:31.847,0:47.778,295.1,Matthieu VAXIVIERE,,LMP2 Pro/Am,,AF Corse,Oreca,GF,19.362,31.847,47.778,
83,2,38,1:33.199,0,,19.197,1,30.552,0,43.450,2,189.6,1:14:31.760,11:29:31.760,0:19.197,0:30.552,0:43.450,295.1,Matthieu VAXIVIERE,,LMP2 Pro/Am,,AF Corse,Oreca,GF,19.197,30.552,43.450,
83,2,39,3:27.239,0,B,19.221,0,30.364,0,2:37.654,0,85.3,1:17:58.999,11:32:58.999,0:19.221,0:30.364,2:37.654,295.1,Matthieu VAXIVIERE,,LMP2 Pro/Am,,AF Corse,Oreca,GF,19.221,30.364,157.654,
83,3,40,1:49.329,0,,34.031,0,31.545,0,43.753,0,161.6,1:19:48.328,11:34:48.328,0:34.031,0:31.545,0:43.753,201.5,Alessio ROVERA,0:02:10.417,LMP2 Pro/Am,,AF Corse,Oreca,GF,34.031,31.545,43.753,
83,3,41,1:35.743,0,,19.601,0,31.109,0,45.033,0,184.6,1:21:24.071,11:36:24.071,0:19.601,0:31.109,0:45.033,294.3,Alessio ROVERA,,LMP2 Pro/Am,,AF Corse,Oreca,GF,19.601,31.109,45.033,
83,3,42,1:34.790,0,,19.297,0,30.571,0,44.922,0,186.4,1:22:58.861,11:37:58.861,0:19.297,0:30.571,0:44.922,294.3,Alessio ROVERA,,LMP2 Pro/Am,,AF Corse,Oreca,GF,19.297,30.571,44.922,
83,3,43,1:35.611,0,,19.404,0,31.307,0,44.900,0,184.8,1:24:34.472,11:39:34.472,0:19.404,0:31.307,0:44.900,295.1,Alessio ROVERA,,LMP2 Pro/Am,,AF Corse,Oreca,GF,19.404,31.307,44.900,
83,3,44,1:40.859,0,,19.575,0,32.816,0,48.468,0,175.2,1:26:15.331,11:41:15.331,0:19.575,0:32.816,0:48.468,298.3,Alessio ROVERA,,LMP2 Pro/Am,,AF Corse,Oreca,GF,19.575,32.816,48.468,
83,3,45,1:37.446,0,,19.698,0,32.882,0,44.866,0,181.4,1:27:52.777,11:42:52.777,0:19.698,0:32.882,0:44.866,299.2,Alessio ROVERA,,LMP2 Pro/Am,,AF Corse,Oreca,GF,19.698,32.882,44.866,
83,3,46,1:34.717,0,,19.411,0,30.827,0,44.479,0,186.6,1:29:27.494,11:44:27.494,0:19.411,0:30.827,0:44.479,297.5,Alessio ROVERA,,LMP2 Pro/Am,,AF Corse,Oreca,GF,19.411,30.827,44.479,
83,3,47,1:33.172,2,,19.179,2,30.412,1,43.581,1,189.7,1:31:00.666,11:46:00.666,0:19.179,0:30.412,0:43.581,295.9,Alessio ROVERA,,LMP2 Pro/Am,,AF Corse,Oreca,FF,19.179,30.412,43.581,
85,3,1,8:38.103,0,,7:02.137,0,40.103,0,55.863,0,32.6,8:38.103,10:23:38.103,7:02.137,0:40.103,0:55.863,173.1,Michelle GATTING,0:06:35.732,LMGT3,,Iron Dames,Porsche,GF,422.137,40.103,55.863,
85,3,2,1:46.590,0,,22.948,0,35.045,0,48.597,0,165.8,10:24.693,10:25:24.693,0:22.948,0:35.045,0:48.597,255.3,Michelle GATTING,,LMGT3,,Iron Dames,Porsche,GF,22.948,35.045,48.597,
85,3,3,1:44.726,0,,21.890,0,34.256,0,48.580,0,168.7,12:09.419,10:27:09.419,0:21.890,0:34.256,0:48.580,260.2,Michelle GATTING,,LMGT3,,Iron Dames,Porsche,GF,21.890,34.256,48.580,
85,3,4,1:44.589,0,,21.929,0,34.163,0,48.497,0,169.0,13:54.008,10:28:54.008,0:21.929,0:34.163,0:48.497,260.2,Michelle GATTING,,LMGT3,,Iron Dames,Porsche,GF,21.929,34.163,48.497,
85,3,5,1:44.415,2,,21.916,0,34.157,0,48.342,0,169.3,15:38.423,10:30:38.423,0:21.916,0:34.157,0:48.342,259.0,Michelle GATTING,,LMGT3,,Iron Dames,Porsche,GF,21.916,34.157,48.342,
85,3,6,1:44.588,0,,21.852,0,34.212,0,48.524,0,169.0,17:23.011,10:32:23.011,0:21.852,0:34.212,0:48.524,259.6,Michelle GATTING,,LMGT3,,Iron Dames,Porsche,GF,21.852,34.212,48.524,
85,3,7,1:47.455,0,,22.422,0,34.691,0,50.342,0,164.5,19:10.466,10:34:10.466,0:22.422,0:34.691,0:50.342,258.4,Michelle GATTING,,LMGT3,,Iron Dames,Porsche,GF,22.422,34.691,50.342,
85,3,8,1:44.710,0,,22.063,0,34.138,2,48.509,0,168.8,20:55.176,10:35:55.176,0:22.063,0:34.138,0:48.509,259.0,Michelle GATTING,,LMGT3,,Iron Dames,Porsche,GF,22.063,34.138,48.509,
85,3,9,3:48.163,0,B,21.904,0,34.606,0,2:51.653,0,77.5,24:43.339,10:39:43.339,0:21.904,0:34.606,2:51.653,259.0,Michelle GATTING,,LMGT3,,Iron Dames,Porsche,GF,21.904,34.606,171.653,
85,3,10,2:20.742,0,,41.279,0,38.828,0,1:00.635,0,125.6,27:04.081,10:42:04.081,0:41.279,0:38.828,1:00.635,156.7,Michelle GATTING,0:02:20.104,LMGT3,,Iron Dames,Porsche,GF,41.279,38.828,60.635,
85,3,11,1:53.226,0,,24.118,0,37.613,0,51.495,0,156.1,28:57.307,10:43:57.307,0:24.118,0:37.613,0:51.495,257.1,Michelle GATTING,,LMGT3,,Iron Dames,Porsche,GF,24.118,37.613,51.495,
85,3,12,1:44.567,0,,21.946,0,34.286,0,48.335,1,169.0,30:41.874,10:45:41.874,0:21.946,0:34.286,0:48.335,256.5,Michelle GATTING,,LMGT3,,Iron Dames,Porsche,GF,21.946,34.286,48.335,
85,3,13,1:46.801,0,,21.992,0,34.625,0,50.184,0,165.5,32:28.675,10:47:28.675,0:21.992,0:34.625,0:50.184,257.8,Michelle GATTING,,LMGT3,,Iron Dames,Porsche,GF,21.992,34.625,50.184,
85,3,14,1:58.538,0,,22.273,0,37.440,0,58.825,0,149.1,34:27.213,10:49:27.213,0:22.273,0:37.440,0:58.825,259.0,Michelle GATTING,,LMGT3,,Iron Dames,Porsche,GF,22.273,37.440,58.825,
85,3,15,1:44.466,0,,21.902,0,34.200,0,48.364,0,169.2,36:11.679,10:51:11.679,0:21.902,0:34.200,0:48.364,258.4,Michelle GATTING,,LMGT3,,Iron Dames,Porsche,GF,21.902,34.200,48.364,
85,3,16,1:51.970,0,,21.729,2,34.765,0,55.476,0,157.8,38:03.649,10:53:03.649,0:21.729,0:34.765,0:55.476,260.2,Michelle GATTING,,LMGT3,,Iron Dames,Porsche,GF,21.729,34.765,55.476,
85,3,17,1:47.000,0,,22.452,0,35.269,0,49.279,0,165.2,39:50.649,10:54:50.649,0:22.452,0:35.269,0:49.279,257.1,Michelle GATTING,,LMGT3,,Iron Dames,Porsche,GF,22.452,35.269,49.279,
85,3,18,1:44.862,0,,21.824,0,34.569,0,48.469,0,168.5,41:35.511,10:56:35.511,0:21.824,0:34.569,0:48.469,259.0,Michelle GATTING,,LMGT3,,Iron Dames,Porsche,GF,21.824,34.569,48.469,
85,3,19,3:34.913,0,B,21.928,0,34.352,0,2:38.633,0,82.2,45:10.424,11:00:10.424,0:21.928,0:34.352,2:38.633,260.2,Michelle GATTING,,LMGT3,,Iron Dames,Porsche,GF,21.928,34.352,158.633,
85,2,20,2:06.012,0,,37.829,0,36.698,0,51.485,0,140.2,47:16.436,11:02:16.436,0:37.829,0:36.698,0:51.485,175.9,Sarah BOVY,0:02:07.584,LMGT3,,Iron Dames,Porsche,GF,37.829,36.698,51.485,
85,2,21,1:45.882,0,,22.276,0,34.693,0,48.913,0,166.9,49:02.318,11:04:02.318,0:22.276,0:34.693,0:48.913,257.8,Sarah BOVY,,LMGT3,,Iron Dames,Porsche,GF,22.276,34.693,48.913,
85,2,22,1:45.449,0,,22.040,0,34.651,0,48.758,0,167.6,50:47.767,11:05:47.767,0:22.040,0:34.651,0:48.758,259.0,Sarah BOVY,,LMGT3,,Iron Dames,Porsche,GF,22.040,34.651,48.758,
85,2,23,1:48.452,0,,21.928,0,34.773,0,51.751,0,163.0,52:36.219,11:07:36.219,0:21.928,0:34.773,0:51.751,259.6,Sarah BOVY,,LMGT3,,Iron Dames,Porsche,FCY,21.928,34.773,51.751,
85,2,24,3:39.053,0,,54.015,0,1:07.186,0,1:37.852,0,80.7,56:15.272,11:11:15.272,0:54.015,1:07.186,1:37.852,82.3,Sarah BOVY,,LMGT3,,Iron Dames,Porsche,FCY,54.015,67.186,97.852,
85,2,25,2:29.264,0,,54.502,0,45.549,0,49.213,0,118.4,58:44.536,11:13:44.536,0:54.502,0:45.549,0:49.213,81.5,Sarah BOVY,,LMGT3,,Iron Dames,Porsche,GF,54.502,45.549,49.213,
85,2,26,1:44.888,0,,21.843,1,34.777,0,48.268,2,168.5,1:00:29.424,11:15:29.424,0:21.843,0:34.777,0:48.268,259.0,Sarah BOVY,,LMGT3,,Iron Dames,Porsche,GF,21.843,34.777,48.268,
85,2,27,1:45.119,0,,21.970,0,34.566,1,48.583,0,168.1,1:02:14.543,11:17:14.543,0:21.970,0:34.566,0:48.583,260.9,Sarah BOVY,,LMGT3,,Iron Dames,Porsche,GF,21.970,34.566,48.583,
85,2,28,1:49.345,0,,21.883,0,34.769,0,52.693,0,161.6,1:04:03.888,11:19:03.888,0:21.883,0:34.769,0:52.693,259.6,Sarah BOVY,,LMGT3,,Iron Dames,Porsche,GF,21.883,34.769,52.693,
85,2,29,1:45.457,0,,21.941,0,34.770,0,48.746,0,167.6,1:05:49.345,11:20:49.345,0:21.941,0:34.770,0:48.746,259.0,Sarah BOVY,,LMGT3,,Iron Dames,Porsche,GF,21.941,34.770,48.746,
85,2,30,1:46.782,0,,22.085,0,35.062,0,49.635,0,165.5,1:07:36.127,11:22:36.127,0:22.085,0:35.062,0:49.635,258.4,Sarah BOVY,,LMGT3,,Iron Dames,Porsche,GF,22.085,35.062,49.635,
85,2,31,1:45.573,0,,22.118,0,34.686,0,48.769,0,167.4,1:09:21.700,11:24:21.700,0:22.118,0:34.686,0:48.769,259.0,Sarah BOVY,,LMGT3,,Iron Dames,Porsche,GF,22.118,34.686,48.769,
85,2,32,1:46.249,0,,22.434,0,34.726,0,49.089,0,166.3,1:11:07.949,11:26:07.949,0:22.434,0:34.726,0:49.089,260.2,Sarah BOVY,,LMGT3,,Iron Dames,Porsche,GF,22.434,34.726,49.089,
85,2,33,1:45.576,0,,22.237,0,34.615,0,48.724,0,167.4,1:12:53.525,11:27:53.525,0:22.237,0:34.615,0:48.724,259.0,Sarah BOVY,,LMGT3,,Iron Dames,Porsche,GF,22.237,34.615,48.724,
85,2,34,4:16.686,0,B,22.150,0,34.938,0,3:19.598,0,68.8,1:17:10.211,11:32:10.211,0:22.150,0:34.938,3:19.598,259.0,Sarah BOVY,,LMGT3,,Iron Dames,Porsche,GF,22.150,34.938,199.598,
85,1,35,2:07.068,0,,38.982,0,37.230,0,50.856,0,139.1,1:19:17.279,11:34:17.279,0:38.982,0:37.230,0:50.856,175.6,Célia MARTIN,0:02:47.079,LMGT3,,Iron Dames,Porsche,GF,38.982,37.230,50.856,
85,1,36,1:47.995,0,,22.442,0,35.475,0,50.078,0,163.6,1:21:05.274,11:36:05.274,0:22.442,0:35.475,0:50.078,257.8,Célia MARTIN,,LMGT3,,Iron Dames,Porsche,GF,22.442,35.475,50.078,
85,1,37,1:46.650,0,,22.340,0,35.061,0,49.249,0,165.7,1:22:51.924,11:37:51.924,0:22.340,0:35.061,0:49.249,259.6,Célia MARTIN,,LMGT3,,Iron Dames,Porsche,GF,22.340,35.061,49.249,
85,1,38,1:46.365,0,,22.095,0,34.834,0,49.436,0,166.1,1:24:38.289,11:39:38.289,0:22.095,0:34.834,0:49.436,260.2,Célia MARTIN,,LMGT3,,Iron Dames,Porsche,GF,22.095,34.834,49.436,
85,1,39,1:46.553,0,,22.133,0,35.003,0,49.417,0,165.9,1:26:24.842,11:41:24.842,0:22.133,0:35.003,0:49.417,261.5,Célia MARTIN,,LMGT3,,Iron Dames,Porsche,GF,22.133,35.003,49.417,
85,1,40,1:47.712,0,,22.253,0,35.370,0,50.089,0,164.1,1:28:12.554,11:43:12.554,0:22.253,0:35.370,0:50.089,261.5,Célia MARTIN,,LMGT3,,Iron Dames,Porsche,GF,22.253,35.370,50.089,
85,1,41,1:46.604,0,,22.086,0,34.767,1,49.751,0,165.8,1:29:59.158,11:44:59.158,0:22.086,0:34.767,0:49.751,261.5,Célia MARTIN,,LMGT3,,Iron Dames,Porsche,GF,22.086,34.767,49.751,
85,1,42,1:45.989,0,,21.970,1,35.022,0,48.997,1,166.7,1:31:45.147,11:46:45.147,0:21.970,0:35.022,0:48.997,260.2,Célia MARTIN,,LMGT3,,Iron Dames,Porsche,FF,21.970,35.022,48.997,
86,2,1,2:36.636,0,,1:07.519,0,36.291,0,52.826,0,107.8,2:36.636,10:17:36.636,1:07.519,0:36.291,0:52.826,157.4,Riccardo PERA,0:00:42.180,LMGT3,,GR Racing,Ferrari,GF,67.519,36.291,52.826,
86,2,2,1:44.034,0,,22.066,0,34.039,0,47.929,0,169.9,4:20.670,10:19:20.670,0:22.066,0:34.039,0:47.929,259.6,Riccardo PERA,,LMGT3,,GR Racing,Ferrari,GF,22.066,34.039,47.929,
86,2,3,1:46.062,0,,21.723,0,33.826,2,50.513,0,166.6,6:06.732,10:21:06.732,0:21.723,0:33.826,0:50.513,260.9,Riccardo PERA,,LMGT3,,GR Racing,Ferrari,GF,21.723,33.826,50.513,
86,2,4,1:43.435,2,,21.641,0,33.992,0,47.802,2,170.9,7:50.167,10:22:50.167,0:21.641,0:33.992,0:47.802,260.9,Riccardo PERA,,LMGT3,,GR Racing,Ferrari,GF,21.641,33.992,47.802,
86,2,5,1:43.656,0,,21.537,2,33.894,0,48.225,0,170.5,9:33.823,10:24:33.823,0:21.537,0:33.894,0:48.225,260.9,Riccardo PERA,,LMGT3,,GR Racing,Ferrari,GF,21.537,33.894,48.225,
86,2,6,1:43.527,0,,21.691,0,33.891,0,47.945,0,170.7,11:17.350,10:26:17.350,0:21.691,0:33.891,0:47.945,260.9,Riccardo PERA,,LMGT3,,GR Racing,Ferrari,GF,21.691,33.891,47.945,
86,2,7,1:43.539,0,,21.617,0,33.902,0,48.020,0,170.7,13:00.889,10:28:00.889,0:21.617,0:33.902,0:48.020,260.9,Riccardo PERA,,LMGT3,,GR Racing,Ferrari,GF,21.617,33.902,48.020,
86,2,8,1:44.031,0,,21.624,0,34.049,0,48.358,0,169.9,14:44.920,10:29:44.920,0:21.624,0:34.049,0:48.358,260.9,Riccardo PERA,,LMGT3,,GR Racing,Ferrari,GF,21.624,34.049,48.358,
86,2,9,1:44.190,0,,21.761,0,34.179,0,48.250,0,169.6,16:29.110,10:31:29.110,0:21.761,0:34.179,0:48.250,260.2,Riccardo PERA,,LMGT3,,GR Racing,Ferrari,GF,21.761,34.179,48.250,
86,2,10,1:44.235,0,,21.791,0,34.281,0,48.163,0,169.5,18:13.345,10:33:13.345,0:21.791,0:34.281,0:48.163,260.9,Riccardo PERA,,LMGT3,,GR Racing,Ferrari,GF,21.791,34.281,48.163,
86,2,11,1:44.232,0,,21.737,0,34.193,0,48.302,0,169.5,19:57.577,10:34:57.577,0:21.737,0:34.193,0:48.302,261.5,Riccardo PERA,,LMGT3,,GR Racing,Ferrari,GF,21.737,34.193,48.302,
86,2,12,3:29.696,0,B,22.026,0,34.334,0,2:33.336,0,84.3,23:27.273,10:38:27.273,0:22.026,0:34.334,2:33.336,261.5,Riccardo PERA,,LMGT3,,GR Racing,Ferrari,GF,22.026,34.334,153.336,
86,1,13,2:05.447,0,,38.288,0,36.329,0,50.830,0,140.9,25:32.720,10:40:32.720,0:38.288,0:36.329,0:50.830,172.2,Michael WAINWRIGHT,0:02:01.028,LMGT3,,GR Racing,Ferrari,GF,38.288,36.329,50.830,
86,1,14,1:52.037,0,,22.716,0,35.579,0,53.742,0,157.7,27:24.757,10:42:24.757,0:22.716,0:35.579,0:53.742,259.6,Michael WAINWRIGHT,,LMGT3,,GR Racing,Ferrari,GF,22.716,35.579,53.742,
86,1,15,2:44.042,0,B,26.505,0,37.793,0,1:39.744,0,107.7,30:08.799,10:45:08.799,0:26.505,0:37.793,1:39.744,226.4,Michael WAINWRIGHT,,LMGT3,,GR Racing,Ferrari,GF,26.505,37.793,99.744,
86,1,16,2:03.804,0,,37.721,0,35.997,0,50.086,0,142.7,32:12.603,10:47:12.603,0:37.721,0:35.997,0:50.086,173.9,Michael WAINWRIGHT,0:01:04.325,LMGT3,,GR Racing,Ferrari,GF,37.721,35.997,50.086,
86,1,17,1:50.050,0,,22.561,0,36.584,0,50.905,0,160.6,34:02.653,10:49:02.653,0:22.561,0:36.584,0:50.905,259.6,Michael WAINWRIGHT,,LMGT3,,GR Racing,Ferrari,GF,22.561,36.584,50.905,
86,1,18,1:49.239,0,,22.794,0,35.106,0,51.339,0,161.8,35:51.892,10:50:51.892,0:22.794,0:35.106,0:51.339,259.0,Michael WAINWRIGHT,,LMGT3,,GR Racing,Ferrari,GF,22.794,35.106,51.339,
86,1,19,1:47.617,0,,22.654,0,35.332,0,49.631,0,164.2,37:39.509,10:52:39.509,0:22.654,0:35.332,0:49.631,259.0,Michael WAINWRIGHT,,LMGT3,,GR Racing,Ferrari,GF,22.654,35.332,49.631,
86,1,20,1:48.401,0,,22.273,0,35.351,0,50.777,0,163.0,39:27.910,10:54:27.910,0:22.273,0:35.351,0:50.777,261.5,Michael WAINWRIGHT,,LMGT3,,GR Racing,Ferrari,GF,22.273,35.351,50.777,
86,1,21,2:45.969,0,B,22.267,0,36.784,0,1:46.918,0,106.5,42:13.879,10:57:13.879,0:22.267,0:36.784,1:46.918,262.8,Michael WAINWRIGHT,,LMGT3,,GR Racing,Ferrari,GF,22.267,36.784,106.918,
86,3,22,2:04.039,0,,37.804,0,36.322,0,49.913,0,142.5,44:17.918,10:59:17.918,0:37.804,0:36.322,0:49.913,173.9,Tom FLEMING,0:01:13.226,LMGT3,,GR Racing,Ferrari,GF,37.804,36.322,49.913,
86,3,23,1:44.780,0,,21.852,0,34.471,0,48.457,0,168.7,46:02.698,11:01:02.698,0:21.852,0:34.471,0:48.457,263.4,Tom FLEMING,,LMGT3,,GR Racing,Ferrari,GF,21.852,34.471,48.457,
86,3,24,1:44.599,0,,21.970,0,34.307,0,48.322,0,169.0,47:47.297,11:02:47.297,0:21.970,0:34.307,0:48.322,261.5,Tom FLEMING,,LMGT3,,GR Racing,Ferrari,GF,21.970,34.307,48.322,
86,3,25,1:44.344,0,,21.871,0,34.304,1,48.169,1,169.4,49:31.641,11:04:31.641,0:21.871,0:34.304,0:48.169,260.2,Tom FLEMING,,LMGT3,,GR Racing,Ferrari,GF,21.871,34.304,48.169,
86,3,26,1:44.696,0,,21.756,1,34.457,0,48.483,0,168.8,51:16.337,11:06:16.337,0:21.756,0:34.457,0:48.483,260.9,Tom FLEMING,,LMGT3,,GR Racing,Ferrari,GF,21.756,34.457,48.483,
86,3,27,2:24.581,0,,21.881,0,36.365,0,1:26.335,0,122.2,53:40.918,11:08:40.918,0:21.881,0:36.365,1:26.335,262.8,Tom FLEMING,,LMGT3,,GR Racing,Ferrari,FCY,21.881,36.365,86.335,
86,3,28,4:47.221,0,B,54.412,0,1:08.222,0,2:44.587,0,61.5,58:28.139,11:13:28.139,0:54.412,1:08.222,2:44.587,81.6,Tom FLEMING,,LMGT3,,GR Racing,Ferrari,GF,54.412,68.222,164.587,
86,1,29,2:08.867,0,,41.121,0,37.076,0,50.670,0,137.1,1:00:37.006,11:15:37.006,0:41.121,0:37.076,0:50.670,146.7,Michael WAINWRIGHT,0:01:34.042,LMGT3,,GR Racing,Ferrari,GF,41.121,37.076,50.670,
86,1,30,1:47.499,0,,22.523,0,35.255,0,49.721,0,164.4,1:02:24.505,11:17:24.505,0:22.523,0:35.255,0:49.721,258.4,Michael WAINWRIGHT,,LMGT3,,GR Racing,Ferrari,GF,22.523,35.255,49.721,
86,1,31,1:47.361,0,,22.209,1,35.064,0,50.088,0,164.6,1:04:11.866,11:19:11.866,0:22.209,0:35.064,0:50.088,259.0,Michael WAINWRIGHT,,LMGT3,,GR Racing,Ferrari,GF,22.209,35.064,50.088,
86,1,32,1:49.507,0,,23.283,0,36.027,0,50.197,0,161.4,1:06:01.373,11:21:01.373,0:23.283,0:36.027,0:50.197,259.6,Michael WAINWRIGHT,,LMGT3,,GR Racing,Ferrari,GF,23.283,36.027,50.197,
86,1,33,1:47.313,0,,22.436,0,34.896,0,49.981,0,164.7,1:07:48.686,11:22:48.686,0:22.436,0:34.896,0:49.981,260.2,Michael WAINWRIGHT,,LMGT3,,GR Racing,Ferrari,GF,22.436,34.896,49.981,
86,1,34,1:47.292,0,,22.309,0,35.419,0,49.564,0,164.7,1:09:35.978,11:24:35.978,0:22.309,0:35.419,0:49.564,261.5,Michael WAINWRIGHT,,LMGT3,,GR Racing,Ferrari,GF,22.309,35.419,49.564,
86,1,35,1:48.679,0,,23.170,0,35.763,0,49.746,0,162.6,1:11:24.657,11:26:24.657,0:23.170,0:35.763,0:49.746,259.6,Michael WAINWRIGHT,,LMGT3,,GR Racing,Ferrari,GF,23.170,35.763,49.746,
86,1,36,2:37.537,0,B,22.265,0,35.340,0,1:39.932,0,112.2,1:14:02.194,11:29:02.194,0:22.265,0:35.340,1:39.932,261.5,Michael WAINWRIGHT,,LMGT3,,GR Racing,Ferrari,GF,22.265,35.340,99.932,
86,1,37,2:05.637,0,,38.516,0,36.586,0,50.535,0,140.7,1:16:07.831,11:31:07.831,0:38.516,0:36.586,0:50.535,172.5,Michael WAINWRIGHT,0:01:06.387,LMGT3,,GR Racing,Ferrari,GF,38.516,36.586,50.535,
86,1,38,1:46.374,0,,22.363,0,34.816,0,49.195,0,166.1,1:17:54.205,11:32:54.205,0:22.363,0:34.816,0:49.195,259.0,Michael WAINWRIGHT,,LMGT3,,GR Racing,Ferrari,GF,22.363,34.816,49.195,
86,1,39,1:46.809,0,,22.535,0,34.637,1,49.637,0,165.5,1:19:41.014,11:34:41.014,0:22.535,0:34.637,0:49.637,260.2,Michael WAINWRIGHT,,LMGT3,,GR Racing,Ferrari,GF,22.535,34.637,49.637,
86,1,40,1:47.153,0,,22.617,0,34.817,0,49.719,0,164.9,1:21:28.167,11:36:28.167,0:22.617,0:34.817,0:49.719,259.6,Michael WAINWRIGHT,,LMGT3,,GR Racing,Ferrari,GF,22.617,34.817,49.719,
86,1,41,1:46.191,0,,22.389,0,34.762,0,49.040,1,166.4,1:23:14.358,11:38:14.358,0:22.389,0:34.762,0:49.040,260.2,Michael WAINWRIGHT,,LMGT3,,GR Racing,Ferrari,GF,22.389,34.762,49.040,
86,1,42,1:46.285,0,,22.357,0,34.825,0,49.103,0,166.3,1:25:00.643,11:40:00.643,0:22.357,0:34.825,0:49.103,262.1,Michael WAINWRIGHT,,LMGT3,,GR Racing,Ferrari,GF,22.357,34.825,49.103,
86,1,43,1:48.086,0,,22.354,0,34.904,0,50.828,0,163.5,1:26:48.729,11:41:48.729,0:22.354,0:34.904,0:50.828,260.9,Michael WAINWRIGHT,,LMGT3,,GR Racing,Ferrari,GF,22.354,34.904,50.828,
86,1,44,1:50.136,0,,22.810,0,37.434,0,49.892,0,160.5,1:28:38.865,11:43:38.865,0:22.810,0:37.434,0:49.892,257.8,Michael WAINWRIGHT,,LMGT3,,GR Racing,Ferrari,GF,22.810,37.434,49.892,
86,1,45,1:49.025,0,,22.292,0,34.880,0,51.853,0,162.1,1:30:27.890,11:45:27.890,0:22.292,0:34.880,0:51.853,260.2,Michael WAINWRIGHT,,LMGT3,,GR Racing,Ferrari,FF,22.292,34.880,51.853,
88,3,1,3:22.689,0,,1:44.729,0,40.646,0,57.314,0,83.3,3:22.689,10:18:22.689,1:44.729,0:40.646,0:57.314,150.6,Reece GOLD,0:01:15.208,LMP3,,Inter Europol Competition,Ligier,GF,104.729,40.646,57.314,
88,3,2,1:47.781,0,,23.731,0,35.611,0,48.439,0,164.0,5:10.470,10:20:10.470,0:23.731,0:35.611,0:48.439,254.1,Reece GOLD,,LMP3,,Inter Europol Competition,Ligier,GF,23.731,35.611,48.439,
88,3,3,1:41.508,0,,21.526,0,32.905,0,47.077,0,174.1,6:51.978,10:21:51.978,0:21.526,0:32.905,0:47.077,262.8,Reece GOLD,,LMP3,,Inter Europol Competition,Ligier,GF,21.526,32.905,47.077,
88,3,4,1:44.446,0,,21.380,0,33.534,0,49.532,0,169.2,8:36.424,10:23:36.424,0:21.380,0:33.534,0:49.532,266.0,Reece GOLD,,LMP3,,Inter Europol Competition,Ligier,GF,21.380,33.534,49.532,
88,3,5,1:42.352,0,,21.308,0,33.417,0,47.627,0,172.7,10:18.776,10:25:18.776,0:21.308,0:33.417,0:47.627,267.3,Reece GOLD,,LMP3,,Inter Europol Competition,Ligier,GF,21.308,33.417,47.627,
88,3,6,1:40.010,2,,20.979,0,32.536,0,46.495,2,176.7,11:58.786,10:26:58.786,0:20.979,0:32.536,0:46.495,267.3,Reece GOLD,,LMP3,,Inter Europol Competition,Ligier,GF,20.979,32.536,46.495,
88,3,7,1:43.113,0,,21.016,0,32.389,2,49.708,0,171.4,13:41.899,10:28:41.899,0:21.016,0:32.389,0:49.708,268.7,Reece GOLD,,LMP3,,Inter Europol Competition,Ligier,GF,21.016,32.389,49.708,
88,3,8,1:40.437,0,,20.944,2,32.488,0,47.005,0,176.0,15:22.336,10:30:22.336,0:20.944,0:32.488,0:47.005,268.0,Reece GOLD,,LMP3,,Inter Europol Competition,Ligier,GF,20.944,32.488,47.005,
88,3,9,4:55.995,0,B,21.235,0,33.642,0,4:01.118,0,59.7,20:18.331,10:35:18.331,0:21.235,0:33.642,4:01.118,270.7,Reece GOLD,,LMP3,,Inter Europol Competition,Ligier,GF,21.235,33.642,241.118,
88,2,10,2:02.298,0,,39.343,0,34.907,0,48.048,0,144.5,22:20.629,10:37:20.629,0:39.343,0:34.907,0:48.048,181.8,Douwe DEDECKER,0:03:30.013,LMP3,,Inter Europol Competition,Ligier,GF,39.343,34.907,48.048,
88,2,11,1:44.000,0,,21.668,0,33.761,0,48.571,0,169.9,24:04.629,10:39:04.629,0:21.668,0:33.761,0:48.571,267.3,Douwe DEDECKER,,LMP3,,Inter Europol Competition,Ligier,GF,21.668,33.761,48.571,
88,2,12,1:42.162,0,,21.561,0,33.216,0,47.385,0,173.0,25:46.791,10:40:46.791,0:21.561,0:33.216,0:47.385,265.4,Douwe DEDECKER,,LMP3,,Inter Europol Competition,Ligier,GF,21.561,33.216,47.385,
88,2,13,1:44.565,0,,21.251,0,34.383,0,48.931,0,169.0,27:31.356,10:42:31.356,0:21.251,0:34.383,0:48.931,268.0,Douwe DEDECKER,,LMP3,,Inter Europol Competition,Ligier,GF,21.251,34.383,48.931,
88,2,14,1:43.506,0,,21.301,0,34.219,0,47.986,0,170.7,29:14.862,10:44:14.862,0:21.301,0:34.219,0:47.986,267.3,Douwe DEDECKER,,LMP3,,Inter Europol Competition,Ligier,GF,21.301,34.219,47.986,
88,2,15,1:44.007,0,,21.354,0,35.027,0,47.626,0,169.9,30:58.869,10:45:58.869,0:21.354,0:35.027,0:47.626,268.0,Douwe DEDECKER,,LMP3,,Inter Europol Competition,Ligier,GF,21.354,35.027,47.626,
88,2,16,1:42.825,0,,21.390,0,33.674,0,47.761,0,171.9,32:41.694,10:47:41.694,0:21.390,0:33.674,0:47.761,266.0,Douwe DEDECKER,,LMP3,,Inter Europol Competition,Ligier,GF,21.390,33.674,47.761,
88,2,17,1:41.602,0,,21.175,0,32.989,0,47.438,0,173.9,34:23.296,10:49:23.296,0:21.175,0:32.989,0:47.438,268.7,Douwe DEDECKER,,LMP3,,Inter Europol Competition,Ligier,GF,21.175,32.989,47.438,
88,2,18,1:43.713,0,,21.481,0,33.564,0,48.668,0,170.4,36:07.009,10:51:07.009,0:21.481,0:33.564,0:48.668,268.0,Douwe DEDECKER,,LMP3,,Inter Europol Competition,Ligier,GF,21.481,33.564,48.668,
88,2,19,1:41.266,0,,21.264,0,32.966,1,47.036,1,174.5,37:48.275,10:52:48.275,0:21.264,0:32.966,0:47.036,268.7,Douwe DEDECKER,,LMP3,,Inter Europol Competition,Ligier,GF,21.264,32.966,47.036,
88,2,20,1:42.243,0,,21.217,0,33.399,0,47.627,0,172.8,39:30.518,10:54:30.518,0:21.217,0:33.399,0:47.627,268.7,Douwe DEDECKER,,LMP3,,Inter Europol Competition,Ligier,GF,21.217,33.399,47.627,
88,2,21,1:43.121,0,,21.184,0,34.042,0,47.895,0,171.4,41:13.639,10:56:13.639,0:21.184,0:34.042,0:47.895,269.3,Douwe DEDECKER,,LMP3,,Inter Europol Competition,Ligier,GF,21.184,34.042,47.895,
88,2,22,1:41.694,0,,21.285,0,33.037,0,47.372,0,173.8,42:55.333,10:57:55.333,0:21.285,0:33.037,0:47.372,268.0,Douwe DEDECKER,,LMP3,,Inter Europol Competition,Ligier,GF,21.285,33.037,47.372,
88,2,23,1:44.457,0,,22.849,0,34.057,0,47.551,0,169.2,44:39.790,10:59:39.790,0:22.849,0:34.057,0:47.551,270.7,Douwe DEDECKER,,LMP3,,Inter Europol Competition,Ligier,GF,22.849,34.057,47.551,
88,2,24,1:41.678,0,,21.243,0,33.211,0,47.224,0,173.8,46:21.468,11:01:21.468,0:21.243,0:33.211,0:47.224,267.3,Douwe DEDECKER,,LMP3,,Inter Europol Competition,Ligier,GF,21.243,33.211,47.224,
88,2,25,1:44.560,0,,21.171,1,33.958,0,49.431,0,169.0,48:06.028,11:03:06.028,0:21.171,0:33.958,0:49.431,270.0,Douwe DEDECKER,,LMP3,,Inter Europol Competition,Ligier,GF,21.171,33.958,49.431,
88,2,26,1:42.061,0,,21.339,0,33.359,0,47.363,0,173.2,49:48.089,11:04:48.089,0:21.339,0:33.359,0:47.363,271.4,Douwe DEDECKER,,LMP3,,Inter Europol Competition,Ligier,GF,21.339,33.359,47.363,
88,2,27,1:43.275,0,,21.345,0,34.372,0,47.558,0,171.1,51:31.364,11:06:31.364,0:21.345,0:34.372,0:47.558,270.0,Douwe DEDECKER,,LMP3,,Inter Europol Competition,Ligier,GF,21.345,34.372,47.558,
88,2,28,4:22.898,0,B,21.743,0,36.700,0,3:24.455,0,67.2,55:54.262,11:10:54.262,0:21.743,0:36.700,3:24.455,269.3,Douwe DEDECKER,,LMP3,,Inter Europol Competition,Ligier,FCY,21.743,36.700,204.455,
88,1,29,2:44.980,0,,58.192,0,56.454,0,50.334,0,107.1,58:39.242,11:13:39.242,0:58.192,0:56.454,0:50.334,81.0,Timothy CRESWICK,0:02:14.277,LMP3,,Inter Europol Competition,Ligier,GF,58.192,56.454,50.334,
88,1,30,1:47.593,0,,22.353,0,36.241,0,48.999,0,164.3,1:00:26.835,11:15:26.835,0:22.353,0:36.241,0:48.999,260.9,Timothy CRESWICK,,LMP3,,Inter Europol Competition,Ligier,GF,22.353,36.241,48.999,
88,1,31,1:46.501,0,,22.179,0,34.739,0,49.583,0,165.9,1:02:13.336,11:17:13.336,0:22.179,0:34.739,0:49.583,264.1,Timothy CRESWICK,,LMP3,,Inter Europol Competition,Ligier,GF,22.179,34.739,49.583,
88,1,32,1:46.253,0,,22.314,0,34.736,0,49.203,0,166.3,1:03:59.589,11:18:59.589,0:22.314,0:34.736,0:49.203,264.1,Timothy CRESWICK,,LMP3,,Inter Europol Competition,Ligier,GF,22.314,34.736,49.203,
88,1,33,1:45.733,0,,21.975,0,34.821,0,48.937,0,167.1,1:05:45.322,11:20:45.322,0:21.975,0:34.821,0:48.937,266.0,Timothy CRESWICK,,LMP3,,Inter Europol Competition,Ligier,GF,21.975,34.821,48.937,
88,1,34,1:59.556,0,,21.927,0,46.804,0,50.825,0,147.8,1:07:44.878,11:22:44.878,0:21.927,0:46.804,0:50.825,265.4,Timothy CRESWICK,,LMP3,,Inter Europol Competition,Ligier,GF,21.927,46.804,50.825,
88,1,35,1:47.838,0,,24.150,0,34.720,0,48.968,0,163.9,1:09:32.716,11:24:32.716,0:24.150,0:34.720,0:48.968,217.7,Timothy CRESWICK,,LMP3,,Inter Europol Competition,Ligier,GF,24.150,34.720,48.968,
88,1,36,1:48.596,0,,22.076,0,34.902,0,51.618,0,162.7,1:11:21.312,11:26:21.312,0:22.076,0:34.902,0:51.618,266.0,Timothy CRESWICK,,LMP3,,Inter Europol Competition,Ligier,GF,22.076,34.902,51.618,
88,1,37,1:45.379,0,,22.375,0,34.588,0,48.416,1,167.7,1:13:06.691,11:28:06.691,0:22.375,0:34.588,0:48.416,240.0,Timothy CRESWICK,,LMP3,,Inter Europol Competition,Ligier,GF,22.375,34.588,48.416,
88,1,38,1:45.365,0,,21.875,0,34.431,0,49.059,0,167.7,1:14:52.056,11:29:52.056,0:21.875,0:34.431,0:49.059,267.3,Timothy CRESWICK,,LMP3,,Inter Europol Competition,Ligier,GF,21.875,34.431,49.059,
88,1,39,1:44.886,0,,21.794,0,34.436,0,48.656,0,168.5,1:16:36.942,11:31:36.942,0:21.794,0:34.436,0:48.656,267.3,Timothy CRESWICK,,LMP3,,Inter Europol Competition,Ligier,GF,21.794,34.436,48.656,
88,1,40,1:45.797,0,,21.632,1,34.313,1,49.852,0,167.0,1:18:22.739,11:33:22.739,0:21.632,0:34.313,0:49.852,268.0,Timothy CRESWICK,,LMP3,,Inter Europol Competition,Ligier,GF,21.632,34.313,49.852,
9,2,1,2:21.174,0,,57.057,0,35.866,0,48.251,0,119.6,2:21.174,10:17:21.174,0:57.057,0:35.866,0:48.251,183.1,Maceo CAPIETTO,0:00:31.678,LMP2,,Iron Lynx - Proton,Oreca,GF,57.057,35.866,48.251,
9,2,2,1:42.289,0,,20.816,0,33.330,0,48.143,0,172.8,4:03.463,10:19:03.463,0:20.816,0:33.330,0:48.143,283.5,Maceo CAPIETTO,,LMP2,,Iron Lynx - Proton,Oreca,GF,20.816,33.330,48.143,
9,2,3,1:38.267,0,,19.591,0,30.579,0,48.097,0,179.8,5:41.730,10:20:41.730,0:19.591,0:30.579,0:48.097,295.1,Maceo CAPIETTO,,LMP2,,Iron Lynx - Proton,Oreca,GF,19.591,30.579,48.097,
9,2,4,1:32.552,0,,19.435,0,30.048,0,43.069,2,190.9,7:14.282,10:22:14.282,0:19.435,0:30.048,0:43.069,295.1,Maceo CAPIETTO,,LMP2,,Iron Lynx - Proton,Oreca,GF,19.435,30.048,43.069,
9,2,5,1:33.523,0,,19.241,0,29.784,2,44.498,0,189.0,8:47.805,10:23:47.805,0:19.241,0:29.784,0:44.498,295.1,Maceo CAPIETTO,,LMP2,,Iron Lynx - Proton,Oreca,GF,19.241,29.784,44.498,
9,2,6,1:32.407,2,,19.266,0,29.848,0,43.293,0,191.2,10:20.212,10:25:20.212,0:19.266,0:29.848,0:43.293,293.5,Maceo CAPIETTO,,LMP2,,Iron Lynx - Proton,Oreca,GF,19.266,29.848,43.293,
9,2,7,1:42.662,0,,21.098,0,32.804,0,48.760,0,172.1,12:02.874,10:27:02.874,0:21.098,0:32.804,0:48.760,293.5,Maceo CAPIETTO,,LMP2,,Iron Lynx - Proton,Oreca,GF,21.098,32.804,48.760,
9,2,8,1:34.499,0,,19.663,0,30.672,0,44.164,0,187.0,13:37.373,10:28:37.373,0:19.663,0:30.672,0:44.164,294.3,Maceo CAPIETTO,,LMP2,,Iron Lynx - Proton,Oreca,GF,19.663,30.672,44.164,
9,2,9,1:35.996,0,,19.213,0,30.077,0,46.706,0,184.1,15:13.369,10:30:13.369,0:19.213,0:30.077,0:46.706,295.1,Maceo CAPIETTO,,LMP2,,Iron Lynx - Proton,Oreca,GF,19.213,30.077,46.706,
9,2,10,4:04.522,0,B,19.083,2,30.361,0,3:15.078,0,72.3,19:17.891,10:34:17.891,0:19.083,0:30.361,3:15.078,295.9,Maceo CAPIETTO,,LMP2,,Iron Lynx - Proton,Oreca,GF,19.083,30.361,195.078,
9,1,11,1:51.616,0,,34.996,0,31.588,0,45.032,0,158.3,21:09.507,10:36:09.507,0:34.996,0:31.588,0:45.032,198.9,Jonas RIED,0:02:43.228,LMP2,,Iron Lynx - Proton,Oreca,GF,34.996,31.588,45.032,
9,1,12,1:35.347,0,,19.964,0,30.898,0,44.485,0,185.3,22:44.854,10:37:44.854,0:19.964,0:30.898,0:44.485,295.1,Jonas RIED,,LMP2,,Iron Lynx - Proton,Oreca,GF,19.964,30.898,44.485,
9,1,13,1:34.687,0,,19.738,0,30.541,0,44.408,0,186.6,24:19.541,10:39:19.541,0:19.738,0:30.541,0:44.408,294.3,Jonas RIED,,LMP2,,Iron Lynx - Proton,Oreca,GF,19.738,30.541,44.408,
9,1,14,1:34.632,0,,19.704,0,30.649,0,44.279,0,186.7,25:54.173,10:40:54.173,0:19.704,0:30.649,0:44.279,295.9,Jonas RIED,,LMP2,,Iron Lynx - Proton,Oreca,GF,19.704,30.649,44.279,
9,1,15,1:35.286,0,,19.657,0,30.897,0,44.732,0,185.5,27:29.459,10:42:29.459,0:19.657,0:30.897,0:44.732,296.7,Jonas RIED,,LMP2,,Iron Lynx - Proton,Oreca,GF,19.657,30.897,44.732,
9,1,16,1:36.435,0,,20.966,0,31.334,0,44.135,0,183.3,29:05.894,10:44:05.894,0:20.966,0:31.334,0:44.135,296.7,Jonas RIED,,LMP2,,Iron Lynx - Proton,Oreca,GF,20.966,31.334,44.135,
9,1,17,1:35.032,0,,19.928,0,30.905,0,44.199,0,186.0,30:40.926,10:45:40.926,0:19.928,0:30.905,0:44.199,295.9,Jonas RIED,,LMP2,,Iron Lynx - Proton,Oreca,GF,19.928,30.905,44.199,
9,1,18,1:36.414,0,,20.701,0,30.860,0,44.853,0,183.3,32:17.340,10:47:17.340,0:20.701,0:30.860,0:44.853,296.7,Jonas RIED,,LMP2,,Iron Lynx - Proton,Oreca,GF,20.701,30.860,44.853,
9,1,19,1:35.559,0,,19.721,0,31.711,0,44.127,0,184.9,33:52.899,10:48:52.899,0:19.721,0:31.711,0:44.127,296.7,Jonas RIED,,LMP2,,Iron Lynx - Proton,Oreca,GF,19.721,31.711,44.127,
9,1,20,1:34.050,0,,19.594,0,30.476,1,43.980,0,187.9,35:26.949,10:50:26.949,0:19.594,0:30.476,0:43.980,295.1,Jonas RIED,,LMP2,,Iron Lynx - Proton,Oreca,GF,19.594,30.476,43.980,
9,1,21,1:34.459,0,,19.588,1,30.931,0,43.940,1,187.1,37:01.408,10:52:01.408,0:19.588,0:30.931,0:43.940,296.7,Jonas RIED,,LMP2,,Iron Lynx - Proton,Oreca,GF,19.588,30.931,43.940,
9,1,22,1:34.929,0,,19.669,0,31.038,0,44.222,0,186.2,38:36.337,10:53:36.337,0:19.669,0:31.038,0:44.222,297.5,Jonas RIED,,LMP2,,Iron Lynx - Proton,Oreca,GF,19.669,31.038,44.222,
9,1,23,1:36.565,0,,19.896,0,31.474,0,45.195,0,183.0,40:12.902,10:55:12.902,0:19.896,0:31.474,0:45.195,295.9,Jonas RIED,,LMP2,,Iron Lynx - Proton,Oreca,GF,19.896,31.474,45.195,
9,1,24,1:36.102,0,,19.828,0,31.001,0,45.273,0,183.9,41:49.004,10:56:49.004,0:19.828,0:31.001,0:45.273,295.9,Jonas RIED,,LMP2,,Iron Lynx - Proton,Oreca,GF,19.828,31.001,45.273,
9,1,25,1:36.661,0,,19.979,0,31.323,0,45.359,0,182.8,43:25.665,10:58:25.665,0:19.979,0:31.323,0:45.359,292.7,Jonas RIED,,LMP2,,Iron Lynx - Proton,Oreca,GF,19.979,31.323,45.359,
9,1,26,1:34.873,0,,19.647,0,30.877,0,44.349,0,186.3,45:00.538,11:00:00.538,0:19.647,0:30.877,0:44.349,296.7,Jonas RIED,,LMP2,,Iron Lynx - Proton,Oreca,GF,19.647,30.877,44.349,
9,1,27,3:42.754,0,B,19.630,0,30.781,0,2:52.343,0,79.3,48:43.292,11:03:43.292,0:19.630,0:30.781,2:52.343,296.7,Jonas RIED,,LMP2,,Iron Lynx - Proton,Oreca,GF,19.630,30.781,172.343,
9,3,28,1:50.153,0,,34.166,0,31.558,0,44.429,0,160.4,50:33.445,11:05:33.445,0:34.166,0:31.558,0:44.429,200.7,Matteo CAIROLI,0:02:22.758,LMP2,,Iron Lynx - Proton,Oreca,GF,34.166,31.558,44.429,
9,3,29,1:35.793,0,,19.662,0,32.093,0,44.038,0,184.5,52:09.238,11:07:09.238,0:19.662,0:32.093,0:44.038,295.9,Matteo CAIROLI,,LMP2,,Iron Lynx - Proton,Oreca,GF,19.662,32.093,44.038,
9,3,30,3:01.560,0,,19.589,0,1:03.956,0,1:38.015,0,97.3,55:10.798,11:10:10.798,0:19.589,1:03.956,1:38.015,296.7,Matteo CAIROLI,,LMP2,,Iron Lynx - Proton,Oreca,FCY,19.589,63.956,98.015,
9,3,31,2:59.452,0,,54.563,0,1:08.269,0,56.620,0,98.5,58:10.250,11:13:10.250,0:54.563,1:08.269,0:56.620,81.6,Matteo CAIROLI,,LMP2,,Iron Lynx - Proton,Oreca,GF,54.563,68.269,56.620,
9,3,32,1:37.032,0,,19.670,0,31.754,0,45.608,0,182.1,59:47.282,11:14:47.282,0:19.670,0:31.754,0:45.608,295.1,Matteo CAIROLI,,LMP2,,Iron Lynx - Proton,Oreca,GF,19.670,31.754,45.608,
9,3,33,1:37.086,0,,20.798,0,31.413,0,44.875,0,182.0,1:01:24.368,11:16:24.368,0:20.798,0:31.413,0:44.875,294.3,Matteo CAIROLI,,LMP2,,Iron Lynx - Proton,Oreca,GF,20.798,31.413,44.875,
9,3,34,1:37.157,0,,20.505,0,31.286,0,45.366,0,181.9,1:03:01.525,11:18:01.525,0:20.505,0:31.286,0:45.366,294.3,Matteo CAIROLI,,LMP2,,Iron Lynx - Proton,Oreca,GF,20.505,31.286,45.366,
9,3,35,1:34.853,0,,19.545,0,30.821,0,44.487,0,186.3,1:04:36.378,11:19:36.378,0:19.545,0:30.821,0:44.487,296.7,Matteo CAIROLI,,LMP2,,Iron Lynx - Proton,Oreca,GF,19.545,30.821,44.487,
9,3,36,1:34.799,0,,19.542,0,31.101,0,44.156,0,186.4,1:06:11.177,11:21:11.177,0:19.542,0:31.101,0:44.156,296.7,Matteo CAIROLI,,LMP2,,Iron Lynx - Proton,Oreca,GF,19.542,31.101,44.156,
9,3,37,1:35.281,0,,19.595,0,30.992,0,44.694,0,185.5,1:07:46.458,11:22:46.458,0:19.595,0:30.992,0:44.694,296.7,Matteo CAIROLI,,LMP2,,Iron Lynx - Proton,Oreca,GF,19.595,30.992,44.694,
9,3,38,1:35.258,0,,19.653,0,31.114,0,44.491,0,185.5,1:09:21.716,11:24:21.716,0:19.653,0:31.114,0:44.491,296.7,Matteo CAIROLI,,LMP2,,Iron Lynx - Proton,Oreca,GF,19.653,31.114,44.491,
9,3,39,1:35.774,0,,20.570,0,31.161,0,44.043,0,184.5,1:10:57.490,11:25:57.490,0:20.570,0:31.161,0:44.043,297.5,Matteo CAIROLI,,LMP2,,Iron Lynx - Proton,Oreca,GF,20.570,31.161,44.043,
9,3,40,1:34.743,0,,19.339,1,31.636,0,43.768,1,186.5,1:12:32.233,11:27:32.233,0:19.339,0:31.636,0:43.768,297.5,Matteo CAIROLI,,LMP2,,Iron Lynx - Proton,Oreca,GF,19.339,31.636,43.768,
9,3,41,1:34.142,0,,19.390,0,30.567,1,44.185,0,187.7,1:14:06.375,11:29:06.375,0:19.390,0:30.567,0:44.185,294.3,Matteo CAIROLI,,LMP2,,Iron Lynx - Proton,Oreca,GF,19.390,30.567,44.185,
9,3,42,4:07.664,0,B,19.445,0,31.318,0,3:16.901,0,71.4,1:18:14.039,11:33:14.039,0:19.445,0:31.318,3:16.901,296.7,Matteo CAIROLI,,LMP2,,Iron Lynx - Proton,Oreca,GF,19.445,31.318,196.901,
9,2,43,1:50.907,0,,34.862,0,31.240,0,44.805,0,159.3,1:20:04.946,11:35:04.946,0:34.862,0:31.240,0:44.805,200.0,Maceo CAPIETTO,0:02:48.794,LMP2,,Iron Lynx - Proton,Oreca,GF,34.862,31.240,44.805,
9,2,44,1:35.568,0,,19.632,0,31.667,0,44.269,0,184.9,1:21:40.514,11:36:40.514,0:19.632,0:31.667,0:44.269,294.3,Maceo CAPIETTO,,LMP2,,Iron Lynx - Proton,Oreca,GF,19.632,31.667,44.269,
9,2,45,1:34.225,0,,19.455,0,30.608,0,44.162,0,187.6,1:23:14.739,11:38:14.739,0:19.455,0:30.608,0:44.162,293.5,Maceo CAPIETTO,,LMP2,,Iron Lynx - Proton,Oreca,GF,19.455,30.608,44.162,
9,2,46,1:35.918,0,,19.927,0,31.802,0,44.189,0,184.2,1:24:50.657,11:39:50.657,0:19.927,0:31.802,0:44.189,295.1,Maceo CAPIETTO,,LMP2,,Iron Lynx - Proton,Oreca,GF,19.927,31.802,44.189,
9,2,47,1:35.690,0,,19.668,0,30.830,0,45.192,0,184.7,1:26:26.347,11:41:26.347,0:19.668,0:30.830,0:45.192,293.5,Maceo CAPIETTO,,LMP2,,Iron Lynx - Proton,Oreca,GF,19.668,30.830,45.192,
9,2,48,1:35.718,0,,20.598,0,31.117,0,44.003,0,184.6,1:28:02.065,11:43:02.065,0:20.598,0:31.117,0:44.003,296.7,Maceo CAPIETTO,,LMP2,,Iron Lynx - Proton,Oreca,GF,20.598,31.117,44.003,
9,2,49,1:35.243,0,,20.025,0,31.539,0,43.679,0,185.6,1:29:37.308,11:44:37.308,0:20.025,0:31.539,0:43.679,293.5,Maceo CAPIETTO,,LMP2,,Iron Lynx - Proton,Oreca,GF,20.025,31.539,43.679,
9,2,50,1:35.699,0,,19.309,0,30.291,0,46.099,0,184.7,1:31:13.007,11:46:13.007,0:19.309,0:30.291,0:46.099,295.9,Maceo CAPIETTO,,LMP2,,Iron Lynx - Proton,Oreca,FF,19.309,30.291,46.099,
99,3,1,2:14.787,0,,50.448,0,35.768,0,48.571,0,125.3,2:14.787,10:17:14.787,0:50.448,0:35.768,0:48.571,188.2,Dane CAMERON,0:00:25.413,LMP2 Pro/Am,,AO by TF,Oreca,GF,50.448,35.768,48.571,
99,3,2,1:42.237,0,,22.148,0,32.051,0,48.038,0,172.9,3:57.024,10:18:57.024,0:22.148,0:32.051,0:48.038,286.5,Dane CAMERON,,LMP2 Pro/Am,,AO by TF,Oreca,GF,22.148,32.051,48.038,
99,3,3,1:36.344,0,,20.952,0,31.229,0,44.163,0,183.4,5:33.368,10:20:33.368,0:20.952,0:31.229,0:44.163,292.7,Dane CAMERON,,LMP2 Pro/Am,,AO by TF,Oreca,GF,20.952,31.229,44.163,
99,3,4,1:33.712,0,,19.582,0,30.577,0,43.553,0,188.6,7:07.080,10:22:07.080,0:19.582,0:30.577,0:43.553,295.1,Dane CAMERON,,LMP2 Pro/Am,,AO by TF,Oreca,GF,19.582,30.577,43.553,
99,3,5,1:33.226,0,,19.417,0,30.302,2,43.507,2,189.6,8:40.306,10:23:40.306,0:19.417,0:30.302,0:43.507,295.1,Dane CAMERON,,LMP2 Pro/Am,,AO by TF,Oreca,GF,19.417,30.302,43.507,
99,3,6,1:35.970,0,,20.191,0,31.238,0,44.541,0,184.1,10:16.276,10:25:16.276,0:20.191,0:31.238,0:44.541,295.9,Dane CAMERON,,LMP2 Pro/Am,,AO by TF,Oreca,GF,20.191,31.238,44.541,
99,3,7,3:41.230,0,B,19.621,0,30.609,0,2:51.000,0,79.9,13:57.506,10:28:57.506,0:19.621,0:30.609,2:51.000,294.3,Dane CAMERON,,LMP2 Pro/Am,,AO by TF,Oreca,GF,19.621,30.609,171.000,
99,3,8,1:50.288,0,,34.724,0,31.541,0,44.023,0,160.2,15:47.794,10:30:47.794,0:34.724,0:31.541,0:44.023,200.7,Dane CAMERON,0:02:21.045,LMP2 Pro/Am,,AO by TF,Oreca,GF,34.724,31.541,44.023,
99,3,9,1:42.187,0,,20.048,0,33.323,0,48.816,0,172.9,17:29.981,10:32:29.981,0:20.048,0:33.323,0:48.816,293.5,Dane CAMERON,,LMP2 Pro/Am,,AO by TF,Oreca,GF,20.048,33.323,48.816,
99,3,10,1:36.556,0,,19.461,0,31.299,0,45.796,0,183.0,19:06.537,10:34:06.537,0:19.461,0:31.299,0:45.796,293.5,Dane CAMERON,,LMP2 Pro/Am,,AO by TF,Oreca,GF,19.461,31.299,45.796,
99,3,11,5:04.924,0,B,19.316,1,30.375,0,4:15.233,0,58.0,24:11.461,10:39:11.461,0:19.316,0:30.375,4:15.233,293.5,Dane CAMERON,,LMP2 Pro/Am,,AO by TF,Oreca,GF,19.316,30.375,255.233,
99,1,12,1:56.436,0,,36.679,0,33.143,0,46.614,0,151.8,26:07.897,10:41:07.897,0:36.679,0:33.143,0:46.614,193.9,PJ HYETT,0:03:46.631,LMP2 Pro/Am,,AO by TF,Oreca,GF,36.679,33.143,46.614,
99,1,13,1:38.958,0,,20.695,0,32.625,0,45.638,0,178.6,27:46.855,10:42:46.855,0:20.695,0:32.625,0:45.638,292.7,PJ HYETT,,LMP2 Pro/Am,,AO by TF,Oreca,GF,20.695,32.625,45.638,
99,1,14,1:36.288,0,,20.200,0,31.236,0,44.852,0,183.5,29:23.143,10:44:23.143,0:20.200,0:31.236,0:44.852,293.5,PJ HYETT,,LMP2 Pro/Am,,AO by TF,Oreca,GF,20.200,31.236,44.852,
99,1,15,1:36.595,0,,20.524,0,31.199,0,44.872,0,183.0,30:59.738,10:45:59.738,0:20.524,0:31.199,0:44.872,295.1,PJ HYETT,,LMP2 Pro/Am,,AO by TF,Oreca,GF,20.524,31.199,44.872,
99,1,16,1:37.596,0,,20.747,0,32.203,0,44.646,0,181.1,32:37.334,10:47:37.334,0:20.747,0:32.203,0:44.646,285.7,PJ HYETT,,LMP2 Pro/Am,,AO by TF,Oreca,GF,20.747,32.203,44.646,
99,1,17,1:37.569,0,,19.986,0,31.512,0,46.071,0,181.1,34:14.903,10:49:14.903,0:19.986,0:31.512,0:46.071,295.1,PJ HYETT,,LMP2 Pro/Am,,AO by TF,Oreca,GF,19.986,31.512,46.071,
99,1,18,1:36.724,0,,20.072,0,31.030,0,45.622,0,182.7,35:51.627,10:50:51.627,0:20.072,0:31.030,0:45.622,295.1,PJ HYETT,,LMP2 Pro/Am,,AO by TF,Oreca,GF,20.072,31.030,45.622,
99,1,19,1:38.634,0,,19.821,0,31.397,0,47.416,0,179.2,37:30.261,10:52:30.261,0:19.821,0:31.397,0:47.416,295.1,PJ HYETT,,LMP2 Pro/Am,,AO by TF,Oreca,GF,19.821,31.397,47.416,
99,1,20,1:41.736,0,,21.002,0,33.536,0,47.198,0,173.7,39:11.997,10:54:11.997,0:21.002,0:33.536,0:47.198,272.0,PJ HYETT,,LMP2 Pro/Am,,AO by TF,Oreca,GF,21.002,33.536,47.198,
99,1,21,1:39.778,0,,19.990,0,33.100,0,46.688,0,177.1,40:51.775,10:55:51.775,0:19.990,0:33.100,0:46.688,298.3,PJ HYETT,,LMP2 Pro/Am,,AO by TF,Oreca,GF,19.990,33.100,46.688,
99,1,22,1:36.615,0,,19.899,0,31.734,0,44.982,0,182.9,42:28.390,10:57:28.390,0:19.899,0:31.734,0:44.982,295.9,PJ HYETT,,LMP2 Pro/Am,,AO by TF,Oreca,GF,19.899,31.734,44.982,
99,1,23,1:35.195,0,,19.941,0,30.993,0,44.261,1,185.6,44:03.585,10:59:03.585,0:19.941,0:30.993,0:44.261,295.1,PJ HYETT,,LMP2 Pro/Am,,AO by TF,Oreca,GF,19.941,30.993,44.261,
99,1,24,1:46.126,0,,19.622,1,30.979,1,55.525,0,166.5,45:49.711,11:00:49.711,0:19.622,0:30.979,0:55.525,295.9,PJ HYETT,,LMP2 Pro/Am,,AO by TF,Oreca,GF,19.622,30.979,55.525,
99,1,25,3:21.305,0,B,19.950,0,31.664,0,2:29.691,0,87.8,49:11.016,11:04:11.016,0:19.950,0:31.664,2:29.691,294.3,PJ HYETT,,LMP2 Pro/Am,,AO by TF,Oreca,GF,19.950,31.664,149.691,
99,2,26,1:54.549,0,,35.539,0,32.023,0,46.987,0,154.3,51:05.565,11:06:05.565,0:35.539,0:32.023,0:46.987,168.5,Louis DELÉTRAZ,0:02:01.142,LMP2 Pro/Am,,AO by TF,Oreca,GF,35.539,32.023,46.987,
99,2,27,4:10.391,0,B,19.681,0,31.771,0,3:18.939,0,70.6,55:15.956,11:10:15.956,0:19.681,0:31.771,3:18.939,295.1,Louis DELÉTRAZ,,LMP2 Pro/Am,,AO by TF,Oreca,FCY,19.681,31.771,198.939,
99,2,28,2:57.125,0,,58.109,0,1:08.292,0,50.724,0,99.8,58:13.081,11:13:13.081,0:58.109,1:08.292,0:50.724,81.7,Louis DELÉTRAZ,0:02:40.351,LMP2 Pro/Am,,AO by TF,Oreca,GF,58.109,68.292,50.724,
99,2,29,1:36.143,0,,20.252,0,31.001,0,44.890,0,183.8,59:49.224,11:14:49.224,0:20.252,0:31.001,0:44.890,288.0,Louis DELÉTRAZ,,LMP2 Pro/Am,,AO by TF,Oreca,GF,20.252,31.001,44.890,
99,2,30,1:37.447,0,,19.631,0,32.334,0,45.482,0,181.4,1:01:26.671,11:16:26.671,0:19.631,0:32.334,0:45.482,296.7,Louis DELÉTRAZ,,LMP2 Pro/Am,,AO by TF,Oreca,GF,19.631,32.334,45.482,
99,2,31,1:37.850,0,,20.984,0,31.425,0,45.441,0,180.6,1:03:04.521,11:18:04.521,0:20.984,0:31.425,0:45.441,290.3,Louis DELÉTRAZ,,LMP2 Pro/Am,,AO by TF,Oreca,GF,20.984,31.425,45.441,
99,2,32,1:33.526,0,,19.295,0,30.600,0,43.631,0,189.0,1:04:38.047,11:19:38.047,0:19.295,0:30.600,0:43.631,296.7,Louis DELÉTRAZ,,LMP2 Pro/Am,,AO by TF,Oreca,GF,19.295,30.600,43.631,
99,2,33,1:35.025,0,,20.429,0,30.884,0,43.712,0,186.0,1:06:13.072,11:21:13.072,0:20.429,0:30.884,0:43.712,297.5,Louis DELÉTRAZ,,LMP2 Pro/Am,,AO by TF,Oreca,GF,20.429,30.884,43.712,
99,2,34,5:07.203,0,B,19.439,0,31.859,0,4:15.905,0,57.5,1:11:20.275,11:26:20.275,0:19.439,0:31.859,4:15.905,297.5,Louis DELÉTRAZ,,LMP2 Pro/Am,,AO by TF,Oreca,GF,19.439,31.859,255.905,
99,2,35,1:51.864,0,,34.589,0,31.081,0,46.194,0,158.0,1:13:12.139,11:28:12.139,0:34.589,0:31.081,0:46.194,201.5,Louis DELÉTRAZ,0:03:48.134,LMP2 Pro/Am,,AO by TF,Oreca,GF,34.589,31.081,46.194,
99,2,36,1:34.108,0,,19.324,0,30.957,0,43.827,0,187.8,1:14:46.247,11:29:46.247,0:19.324,0:30.957,0:43.827,295.1,Louis DELÉTRAZ,,LMP2 Pro/Am,,AO by TF,Oreca,GF,19.324,30.957,43.827,
99,2,37,1:34.404,0,,20.144,0,30.498,0,43.762,0,187.2,1:16:20.651,11:31:20.651,0:20.144,0:30.498,0:43.762,295.9,Louis DELÉTRAZ,,LMP2 Pro/Am,,AO by TF,Oreca,GF,20.144,30.498,43.762,
99,2,38,1:33.196,2,,19.225,2,30.438,1,43.533,1,189.6,1:17:53.847,11:32:53.847,0:19.225,0:30.438,0:43.533,295.1,Louis DELÉTRAZ,,LMP2 Pro/Am,,AO by TF,Oreca,GF,19.225,30.438,43.533,
99,2,39,1:34.260,0,,19.402,0,30.681,0,44.177,0,187.5,1:19:28.107,11:34:28.107,0:19.402,0:30.681,0:44.177,295.9,Louis DELÉTRAZ,,LMP2 Pro/Am,,AO by TF,Oreca,GF,19.402,30.681,44.177,
99,2,40,1:34.128,0,,19.247,0,30.815,0,44.066,0,187.7,1:21:02.235,11:36:02.235,0:19.247,0:30.815,0:44.066,295.9,Louis DELÉTRAZ,,LMP2 Pro/Am,,AO by TF,Oreca,GF,19.247,30.815,44.066,
99,2,41,3:01.324,0,B,19.361,0,31.349,0,2:10.614,0,97.5,1:24:03.559,11:39:03.559,0:19.361,0:31.349,2:10.614,296.7,Louis DELÉTRAZ,,LMP2 Pro/Am,,AO by TF,Oreca,GF,19.361,31.349,130.614,
99,2,42,1:49.859,0,,34.287,0,31.185,0,44.387,0,160.9,1:25:53.418,11:40:53.418,0:34.287,0:31.185,0:44.387,202.6,Louis DELÉTRAZ,0:01:42.417,LMP2 Pro/Am,,AO by TF,Oreca,GF,34.287,31.185,44.387,
99,2,43,1:33.849,0,,19.287,0,30.603,0,43.959,0,188.3,1:27:27.267,11:42:27.267,0:19.287,0:30.603,0:43.959,296.7,Louis DELÉTRAZ,,LMP2 Pro/Am,,AO by TF,Oreca,GF,19.287,30.603,43.959,
99,2,44,1:35.202,0,,19.508,0,31.000,0,44.694,0,185.6,1:29:02.469,11:44:02.469,0:19.508,0:31.000,0:44.694,297.5,Louis DELÉTRAZ,,LMP2 Pro/Am,,AO by TF,Oreca,GF,19.508,31.000,44.694,
99,2,45,1:33.517,0,,19.287,0,30.531,0,43.699,0,189.0,1:30:35.986,11:45:35.986,0:19.287,0:30.531,0:43.699,296.7,Louis DELÉTRAZ,,LMP2 Pro/Am,,AO by TF,Oreca,FF,19.287,30.531,43.699,
