TIME_UTC_SECONDS,TIME_UTC_STR,AIR_TEMP,TRACK_TEMP,HUMIDITY,PRESSURE,WIND_SPEED,WIND_DIRECTION,RAIN,
1724508919,8/24/2024 2:15:19 PM,75.50006,73.00004,63,30.27425852,0,265,-1,
1724508979,8/24/2024 2:16:19 PM,75.79994,73.00004,63,30.275144423,0.6,277,-1,
1724509039,8/24/2024 2:17:19 PM,76.1,73.00004,62,30.275144423,0.6,351,-1,
1724509099,8/24/2024 2:18:19 PM,76.29998,73.00004,62,30.27425852,0.6,288,-1,
1724509164,8/24/2024 2:19:24 PM,76.29998,73.00004,63,30.275144423,0.6,288,-1,
1724509229,8/24/2024 2:20:29 PM,76.20008,73.00004,62,30.273077316,0,286,-1,
1724509289,8/24/2024 2:21:29 PM,76.20008,73.00004,62,30.273077316,0.6,120,-1,
1724509349,8/24/2024 2:22:29 PM,76.29998,73.00004,62,30.273077316,1.9,57,-1,
